Date,Open,High,Low,Close,Adj Close,Volume
20/05/2015,1.7,1.7,1.7,1.7,1.7,0
21/05/2015,2.8,2.87,2.41,2.57,2.57,123039000
22/05/2015,2.61,3.11,2.6,2.83,2.83,28412000
26/05/2015,2.98,3.03,2.91,2.96,2.96,8202000
27/05/2015,3.07,3.08,2.7,2.75,2.75,7976000
28/05/2015,2.76,2.77,2.65,2.74,2.74,4000000
29/05/2015,2.72,2.74,2.69,2.72,2.72,2554000
01/06/2015,2.72,2.74,2.66,2.73,2.73,2569000
02/06/2015,2.75,2.75,2.66,2.69,2.69,3798000
03/06/2015,2.68,2.75,2.65,2.74,2.74,3024000
04/06/2015,2.74,2.75,2.55,2.68,2.68,3226000
05/06/2015,2.67,2.74,2.61,2.74,2.74,1294000
08/06/2015,2.69,2.75,2.68,2.7,2.7,2809000
09/06/2015,2.66,2.85,2.66,2.83,2.83,3375000
10/06/2015,2.85,2.89,2.8,2.81,2.81,2734000
11/06/2015,2.85,3.07,2.85,3.07,3.07,4606000
12/06/2015,3.13,3.37,3.12,3.36,3.36,8474000
15/06/2015,3.4,3.81,3.29,3.55,3.55,16943000
16/06/2015,3.61,3.84,3.58,3.81,3.81,11095000
17/06/2015,3.96,4.21,3.8,3.86,3.86,15952000
18/06/2015,3.84,3.89,3.43,3.56,3.56,11482000
19/06/2015,3.63,3.67,3.26,3.55,3.55,9797000
22/06/2015,3.68,3.85,3.61,3.69,3.69,7922000
23/06/2015,3.78,3.81,3.52,3.54,3.54,2939000
24/06/2015,3.51,3.74,3.41,3.6,3.6,5644000
25/06/2015,3.63,3.65,3.48,3.48,3.48,2082000
26/06/2015,3.49,3.53,3.26,3.35,3.35,3465000
29/06/2015,3.25,3.35,3.12,3.13,3.13,3155000
30/06/2015,3.15,3.44,3.15,3.39,3.39,4733000
01/07/2015,3.4,3.5,2.99,3.11,3.11,10126000
02/07/2015,3.15,3.17,3.06,3.13,3.13,3032000
06/07/2015,3.11,3.17,3.04,3.05,3.05,1493000
07/07/2015,3.05,3.08,2.85,3.08,3.08,3489000
08/07/2015,3.0,3.04,2.9,2.92,2.92,1869000
09/07/2015,2.97,3.04,2.88,2.91,2.91,2491000
10/07/2015,2.93,3.03,2.91,2.96,2.96,2805000
13/07/2015,2.98,3.1,2.98,3.04,3.04,2201000
14/07/2015,3.08,3.13,3.05,3.09,3.09,1455000
15/07/2015,3.09,3.1,2.89,2.93,2.93,3570000
16/07/2015,2.91,2.99,2.89,2.94,2.94,1482000
17/07/2015,2.93,3.23,2.91,3.23,3.23,16198000
20/07/2015,3.24,3.39,3.16,3.38,3.38,4140000
21/07/2015,3.39,3.47,3.21,3.32,3.32,4148000
22/07/2015,3.3,3.35,3.14,3.21,3.21,2556000
23/07/2015,3.26,3.44,3.26,3.31,3.31,2655000
24/07/2015,3.35,3.47,3.32,3.36,3.36,3577000
27/07/2015,3.34,3.39,3.2,3.29,3.29,2005000
28/07/2015,3.35,3.45,3.28,3.41,3.41,1746000
29/07/2015,3.41,3.48,3.32,3.42,3.42,2008000
30/07/2015,3.87,4.03,3.7,3.81,3.81,11622000
31/07/2015,3.81,3.83,3.63,3.74,3.74,5258000
03/08/2015,3.75,4.05,3.66,4.04,4.04,5351000
04/08/2015,4.01,4.11,3.81,3.84,3.84,5725000
05/08/2015,3.9,4.0,3.82,3.85,3.85,2911000
06/08/2015,3.84,3.88,3.52,3.63,3.63,3827000
07/08/2015,3.63,3.63,3.42,3.52,3.52,3215000
10/08/2015,3.53,3.61,3.29,3.35,3.35,4799000
11/08/2015,3.37,3.56,3.3,3.51,3.51,2693000
12/08/2015,3.48,3.52,3.38,3.47,3.47,2369000
13/08/2015,3.48,3.65,3.45,3.53,3.53,2259000
14/08/2015,3.5,3.58,3.41,3.46,3.46,1437000
17/08/2015,3.48,3.5,3.33,3.44,3.44,1623000
18/08/2015,3.42,3.42,3.25,3.26,3.26,1870000
19/08/2015,3.24,3.25,3.06,3.11,3.11,4447000
20/08/2015,3.08,3.11,2.91,2.92,2.92,2696000
21/08/2015,2.88,3.0,2.73,2.78,2.78,4042000
24/08/2015,2.55,2.85,2.27,2.63,2.63,4271000
25/08/2015,2.83,2.98,2.68,2.69,2.69,3043000
26/08/2015,2.85,2.86,2.63,2.82,2.82,3901000
27/08/2015,2.89,2.96,2.78,2.85,2.85,2682000
28/08/2015,2.84,2.9,2.77,2.8,2.8,1370000
31/08/2015,2.81,2.88,2.71,2.75,2.75,1305000
01/09/2015,2.73,2.73,2.64,2.66,2.66,1301000
02/09/2015,2.67,2.75,2.61,2.67,2.67,1670000
03/09/2015,2.66,2.8,2.65,2.71,2.71,1325000
04/09/2015,2.7,2.72,2.64,2.68,2.68,1291000
08/09/2015,2.7,2.76,2.67,2.71,2.71,1074000
09/09/2015,2.79,2.85,2.59,2.6,2.6,3204000
10/09/2015,2.61,2.65,2.56,2.58,2.58,1391000
11/09/2015,2.56,2.65,2.56,2.64,2.64,1874000
14/09/2015,2.63,2.73,2.6,2.72,2.72,2209000
15/09/2015,2.71,2.85,2.71,2.81,2.81,2511000
16/09/2015,2.81,2.93,2.8,2.89,2.89,1331000
17/09/2015,2.99,3.8,2.98,3.56,3.56,21123000
18/09/2015,3.57,3.75,3.45,3.57,3.57,7867000
21/09/2015,3.57,3.7,3.47,3.48,3.48,3935000
22/09/2015,3.45,3.45,3.28,3.37,3.37,3327000
23/09/2015,3.35,3.47,3.28,3.35,3.35,3400000
24/09/2015,3.3,3.41,3.21,3.35,3.35,2446000
25/09/2015,3.38,3.56,3.31,3.39,3.39,3552000
28/09/2015,3.36,3.4,3.25,3.31,3.31,2049000
29/09/2015,3.24,3.4,3.24,3.36,3.36,2213000
30/09/2015,3.57,3.58,3.37,3.52,3.52,2999000
01/10/2015,3.54,3.58,3.37,3.51,3.51,2480000
02/10/2015,3.46,3.61,3.42,3.58,3.58,2366000
05/10/2015,3.61,3.93,3.61,3.68,3.68,6644000
06/10/2015,3.67,3.74,3.5,3.62,3.62,2809000
07/10/2015,3.6,3.74,3.59,3.73,3.73,2363000
08/10/2015,3.72,3.9,3.64,3.82,3.82,4720000
09/10/2015,3.84,3.89,3.66,3.7,3.7,1640000
12/10/2015,3.7,3.73,3.05,3.43,3.43,8194000
13/10/2015,3.5,3.56,3.31,3.31,3.31,1912000
14/10/2015,3.35,3.45,3.22,3.36,3.36,2947000
15/10/2015,3.36,3.44,3.32,3.41,3.41,2626000
16/10/2015,3.45,3.46,3.34,3.43,3.43,2690000
19/10/2015,3.43,3.49,3.31,3.34,3.34,2958000
20/10/2015,3.34,3.35,3.12,3.15,3.15,2847000
21/10/2015,3.15,3.25,3.13,3.19,3.19,1534000
22/10/2015,3.23,3.24,3.17,3.2,3.2,2293000
23/10/2015,3.2,3.24,3.11,3.17,3.17,1998000
26/10/2015,3.17,3.17,3.08,3.11,3.11,1080000
27/10/2015,3.07,3.1,2.97,3.1,3.1,2962000
28/10/2015,3.06,3.12,3.03,3.11,3.11,1091000
29/10/2015,3.08,3.2,3.01,3.16,3.16,1715000
30/10/2015,3.15,3.25,3.1,3.22,3.22,2607000
02/11/2015,3.24,3.36,3.09,3.1,3.1,3020000
03/11/2015,3.11,3.17,2.96,3.14,3.14,5540000
04/11/2015,3.37,3.39,2.96,3.17,3.17,9637000
05/11/2015,3.25,3.35,3.13,3.16,3.16,5636000
06/11/2015,3.16,3.24,3.15,3.15,3.15,4018000
09/11/2015,3.16,3.16,2.97,3.02,3.02,2992000
10/11/2015,3.01,3.05,2.82,2.86,2.86,3445000
11/11/2015,2.88,2.9,2.77,2.82,2.82,3108000
12/11/2015,2.8,2.99,2.76,2.89,2.89,5408000
13/11/2015,2.89,3.0,2.82,2.83,2.83,3688000
16/11/2015,2.83,2.86,2.64,2.73,2.73,7292000
17/11/2015,2.65,2.7,2.55,2.64,2.64,26041000
18/11/2015,2.69,2.8,2.65,2.8,2.8,19074000
19/11/2015,2.8,2.97,2.78,2.94,2.94,12337000
20/11/2015,2.95,2.96,2.77,2.82,2.82,8842000
23/11/2015,2.82,2.9,2.79,2.89,2.89,3863000
24/11/2015,2.85,2.85,2.68,2.69,2.69,11926000
25/11/2015,2.72,2.77,2.63,2.64,2.64,9340000
27/11/2015,2.68,2.7,2.63,2.67,2.67,3141000
30/11/2015,2.69,2.7,2.62,2.63,2.63,5098000
01/12/2015,2.62,2.67,2.62,2.63,2.63,4330000
02/12/2015,2.63,2.66,2.58,2.64,2.64,3855000
03/12/2015,2.65,2.69,2.61,2.68,2.68,6137000
04/12/2015,2.68,2.74,2.65,2.71,2.71,6293000
07/12/2015,2.66,2.71,2.65,2.69,2.69,6162000
08/12/2015,2.64,2.68,2.6,2.65,2.65,4732000
09/12/2015,2.63,2.63,2.44,2.48,2.48,9383000
10/12/2015,2.48,2.52,2.45,2.5,2.5,5648000
11/12/2015,2.46,2.53,2.45,2.48,2.48,1912000
14/12/2015,2.46,2.5,2.42,2.46,2.46,2902000
15/12/2015,2.45,2.56,2.44,2.54,2.54,5266000
16/12/2015,2.55,2.64,2.53,2.62,2.62,6101000
17/12/2015,2.63,2.68,2.62,2.65,2.65,3737000
18/12/2015,2.62,2.64,2.53,2.53,2.53,3531000
21/12/2015,2.55,2.57,2.41,2.44,2.44,2729000
22/12/2015,2.45,2.48,2.42,2.47,2.47,1838000
23/12/2015,2.47,2.53,2.46,2.49,2.49,1418000
24/12/2015,2.49,2.55,2.49,2.53,2.53,1039000
28/12/2015,2.53,2.55,2.48,2.48,2.48,1125000
29/12/2015,2.5,2.57,2.49,2.52,2.52,1846000
30/12/2015,2.51,2.66,2.51,2.6,2.6,2429000
31/12/2015,2.59,2.62,2.52,2.58,2.58,2349000
04/01/2016,2.54,2.58,2.45,2.57,2.57,6018000
05/01/2016,2.55,2.65,2.53,2.53,2.53,4182000
06/01/2016,2.49,2.53,2.42,2.53,2.53,2566000
07/01/2016,2.5,2.56,2.46,2.47,2.47,4160000
08/01/2016,2.5,2.54,2.47,2.49,2.49,1374000
11/01/2016,2.49,2.5,2.35,2.39,2.39,2945000
12/01/2016,2.41,2.47,2.34,2.37,2.37,3698000
13/01/2016,2.37,2.39,2.12,2.14,2.14,5105000
14/01/2016,2.14,2.14,1.99,2.06,2.06,8137000
15/01/2016,2.02,2.02,1.85,1.99,1.99,9212000
19/01/2016,2.14,2.15,2.02,2.03,2.03,8835000
20/01/2016,2.0,2.1,1.86,2.05,2.05,5026000
21/01/2016,2.09,2.34,2.06,2.28,2.28,11028000
22/01/2016,2.35,2.37,2.26,2.31,2.31,7820000
25/01/2016,2.31,2.37,2.27,2.31,2.31,3380000
26/01/2016,2.34,2.35,2.24,2.31,2.31,1756000
27/01/2016,2.29,2.32,2.2,2.2,2.2,2890000
28/01/2016,2.23,2.29,2.2,2.25,2.25,3153000
29/01/2016,2.25,2.33,2.24,2.32,2.32,5384000
01/02/2016,2.33,2.37,2.29,2.35,2.35,3734000
02/02/2016,2.33,2.35,2.22,2.26,2.26,5387000
03/02/2016,2.29,2.3,2.17,2.3,2.3,5558000
04/02/2016,2.29,2.38,2.28,2.35,2.35,3637000
05/02/2016,2.33,2.34,2.13,2.19,2.19,13918000
08/02/2016,2.15,2.17,1.99,2.04,2.04,6237000
09/02/2016,2.03,2.1,1.97,1.99,1.99,3927000
10/02/2016,2.0,2.06,1.98,2.0,2.0,1602000
11/02/2016,1.95,2.0,1.89,1.94,1.94,2126000
12/02/2016,1.94,1.99,1.86,1.93,1.93,4952000
16/02/2016,2.05,2.14,1.98,2.05,2.05,11851000
17/02/2016,2.43,2.48,2.16,2.24,2.24,34914000
18/02/2016,2.3,2.32,2.06,2.06,2.06,14585000
19/02/2016,2.02,2.08,1.98,2.06,2.06,6386000
22/02/2016,2.08,2.14,2.06,2.12,2.12,7640000
23/02/2016,2.11,2.14,1.95,2.0,2.0,13058000
24/02/2016,1.98,2.12,1.97,2.1,2.1,9715000
25/02/2016,2.13,2.18,2.08,2.17,2.17,12715000
26/02/2016,2.17,2.21,2.13,2.2,2.2,11062000
29/02/2016,2.2,2.29,2.19,2.24,2.24,6481000
01/03/2016,2.27,2.29,2.2,2.27,2.27,6927000
02/03/2016,2.26,2.44,2.25,2.44,2.44,14958000
03/03/2016,2.44,2.57,2.37,2.43,2.43,12105000
04/03/2016,2.45,2.55,2.44,2.52,2.52,8772000
07/03/2016,2.5,2.59,2.48,2.59,2.59,8619000
08/03/2016,2.62,2.7,2.6,2.68,2.68,13482000
09/03/2016,2.69,2.69,2.6,2.61,2.61,9499000
10/03/2016,2.64,2.64,2.53,2.54,2.54,4906000
11/03/2016,2.58,2.68,2.56,2.67,2.67,6347000
14/03/2016,2.69,2.7,2.62,2.66,2.66,2150000
15/03/2016,2.63,2.65,2.57,2.58,2.58,2693000
16/03/2016,2.58,2.69,2.56,2.68,2.68,4010000
17/03/2016,2.69,2.72,2.66,2.71,2.71,5608000
18/03/2016,2.81,2.88,2.75,2.85,2.85,14563000
21/03/2016,2.85,2.86,2.77,2.8,2.8,4082000
22/03/2016,2.78,2.81,2.71,2.75,2.75,6682000
23/03/2016,2.73,2.76,2.61,2.62,2.62,3816000
24/03/2016,2.75,2.78,2.61,2.7,2.7,6823000
28/03/2016,2.77,2.78,2.69,2.76,2.76,5444000
29/03/2016,2.75,2.81,2.73,2.8,2.8,4030000
30/03/2016,2.83,2.86,2.77,2.78,2.78,5441000
31/03/2016,2.8,2.86,2.8,2.82,2.82,5311000
01/04/2016,2.79,2.87,2.76,2.85,2.85,6528000
04/04/2016,2.9,3.0,2.88,2.93,2.93,16197000
05/04/2016,2.92,2.92,2.86,2.88,2.88,5587000
06/04/2016,2.88,2.97,2.88,2.95,2.95,4938000
07/04/2016,2.95,2.97,2.89,2.92,2.92,3203000
08/04/2016,2.94,3.0,2.92,2.95,2.95,4434000
11/04/2016,2.99,3.0,2.95,2.95,2.95,5686000
12/04/2016,2.95,3.01,2.93,2.98,2.98,4080000
13/04/2016,3.0,3.03,2.97,2.98,2.98,4949000
14/04/2016,3.03,3.1,2.98,3.1,3.1,6278000
15/04/2016,3.1,3.11,3.06,3.1,3.1,2904000
18/04/2016,3.11,3.19,3.02,3.15,3.15,6208000
19/04/2016,3.19,3.24,3.15,3.2,3.2,4838000
20/04/2016,3.23,3.23,3.15,3.15,3.15,4421000
21/04/2016,3.16,3.2,3.13,3.15,3.15,2629000
22/04/2016,3.15,3.2,3.12,3.18,3.18,2242000
25/04/2016,3.19,3.2,3.08,3.11,3.11,3258000
26/04/2016,3.14,3.16,3.09,3.15,3.15,2167000
27/04/2016,3.15,3.2,3.12,3.18,3.18,2407000
28/04/2016,3.21,3.21,3.15,3.17,3.17,2825000
29/04/2016,3.19,3.23,3.16,3.18,3.18,3652000
02/05/2016,3.19,3.19,3.08,3.14,3.14,5063000
03/05/2016,3.1,3.13,3.07,3.07,3.07,4248000
04/05/2016,3.07,3.11,2.81,2.96,2.96,18391000
05/05/2016,2.95,2.98,2.81,2.85,2.85,10546000
06/05/2016,2.84,2.84,2.74,2.77,2.77,7288000
09/05/2016,2.74,2.75,2.57,2.65,2.65,16236000
10/05/2016,2.66,2.67,2.62,2.66,2.66,5851000
11/05/2016,2.66,2.66,2.6,2.63,2.63,4103000
12/05/2016,2.63,2.71,2.63,2.69,2.69,6330000
13/05/2016,2.69,2.72,2.5,2.63,2.63,3966000
16/05/2016,2.64,2.66,2.6,2.62,2.62,5208000
17/05/2016,2.62,2.69,2.6,2.68,2.68,6887000
18/05/2016,2.66,2.75,2.62,2.63,2.63,6253000
19/05/2016,2.61,2.63,2.57,2.6,2.6,7604000
20/05/2016,2.6,2.64,2.6,2.61,2.61,3666000
23/05/2016,2.62,2.73,2.61,2.68,2.68,7127000
24/05/2016,2.67,2.74,2.64,2.71,2.71,8433000
25/05/2016,2.71,2.83,2.7,2.82,2.82,9241000
26/05/2016,2.84,2.84,2.76,2.78,2.78,3638000
27/05/2016,2.77,2.87,2.76,2.86,2.86,3978000
31/05/2016,2.88,2.94,2.86,2.93,2.93,8526000
01/06/2016,3.02,3.13,2.99,3.11,3.11,27180000
02/06/2016,3.03,3.09,2.98,2.98,2.98,12774000
03/06/2016,3.0,3.02,2.93,2.96,2.96,4965000
06/06/2016,2.97,3.01,2.94,3.0,3.0,9872000
07/06/2016,2.99,3.01,2.96,2.99,2.99,10184000
08/06/2016,2.99,3.04,2.98,3.01,3.01,6773000
09/06/2016,2.99,3.01,2.93,2.94,2.94,4979000
10/06/2016,2.9,2.92,2.81,2.83,2.83,6365000
13/06/2016,2.82,2.84,2.78,2.8,2.8,3260000
14/06/2016,2.79,2.91,2.78,2.9,2.9,4150000
15/06/2016,2.9,2.95,2.86,2.87,2.87,3754000
16/06/2016,2.86,2.86,2.78,2.84,2.84,2870000
17/06/2016,2.85,2.91,2.82,2.89,2.89,3440000
20/06/2016,2.93,3.01,2.89,2.98,2.98,9537000
21/06/2016,2.97,3.0,2.95,2.99,2.99,6177000
22/06/2016,2.98,3.02,2.95,2.98,2.98,3830000
23/06/2016,3.01,3.15,2.97,3.12,3.12,9708000
24/06/2016,2.91,3.01,2.84,2.91,2.91,5882000
27/06/2016,2.86,2.9,2.63,2.72,2.72,8878000
28/06/2016,2.78,2.85,2.72,2.85,2.85,6409000
29/06/2016,2.92,3.04,2.91,3.03,3.03,6408000
30/06/2016,3.04,3.11,3.0,3.08,3.08,9006000
01/07/2016,3.08,3.1,3.07,3.08,3.08,5491000
05/07/2016,3.1,3.1,3.03,3.06,3.06,6592000
06/07/2016,3.03,3.07,3.0,3.07,3.07,3821000
07/07/2016,3.06,3.08,3.03,3.04,3.04,3052000
08/07/2016,3.06,3.11,3.05,3.1,3.1,8898000
11/07/2016,3.1,3.2,3.09,3.18,3.18,10497000
12/07/2016,3.2,3.33,3.19,3.25,3.25,14486000
13/07/2016,3.28,3.3,3.18,3.2,3.2,5939000
14/07/2016,3.24,3.25,3.19,3.21,3.21,6116000
15/07/2016,3.22,3.25,3.18,3.23,3.23,11509000
18/07/2016,3.28,3.29,3.19,3.22,3.22,7799000
19/07/2016,3.23,3.34,3.23,3.33,3.33,15701000
20/07/2016,3.28,3.36,3.27,3.31,3.31,12392000
21/07/2016,3.32,3.35,3.22,3.27,3.27,9941000
22/07/2016,3.29,3.35,3.25,3.29,3.29,16370000
25/07/2016,3.3,3.31,3.25,3.26,3.26,5406000
26/07/2016,3.25,3.27,3.18,3.26,3.26,8020000
27/07/2016,3.3,3.35,3.28,3.32,3.32,8569000
28/07/2016,3.35,3.46,3.34,3.43,3.43,10469000
29/07/2016,3.43,3.48,3.35,3.43,3.43,6709000
01/08/2016,3.44,3.45,3.31,3.4,3.4,7298000
02/08/2016,3.42,3.45,3.29,3.35,3.35,12036000
03/08/2016,3.5,3.71,3.32,3.68,3.68,33537000
04/08/2016,3.59,3.69,3.56,3.68,3.68,15616000
05/08/2016,3.71,3.74,3.64,3.7,3.7,9321000
08/08/2016,3.75,3.87,3.73,3.83,3.83,12033000
09/08/2016,3.83,3.92,3.8,3.88,3.88,13568000
10/08/2016,3.91,3.97,3.91,3.93,3.93,10585000
11/08/2016,3.95,4.09,3.95,3.99,3.99,21464000
12/08/2016,3.99,4.05,3.9,3.94,3.94,9704000
15/08/2016,3.99,3.99,3.89,3.91,3.91,11992000
16/08/2016,3.8,3.95,3.7,3.84,3.84,19243000
17/08/2016,3.89,3.96,3.86,3.87,3.87,58113000
18/08/2016,3.87,4.07,3.87,4.03,4.03,21969000
19/08/2016,4.04,4.28,4.03,4.24,4.24,17385000
22/08/2016,4.27,4.27,4.14,4.25,4.25,10158000
23/08/2016,4.3,4.36,4.17,4.18,4.18,17028000
24/08/2016,4.19,4.26,4.07,4.09,4.09,7926000
25/08/2016,4.08,4.11,4.02,4.06,4.06,9425000
26/08/2016,4.08,4.2,4.08,4.15,4.15,5864000
29/08/2016,4.15,4.18,4.11,4.14,4.14,3897000
30/08/2016,4.14,4.16,4.09,4.13,4.13,3927000
31/08/2016,4.11,4.14,4.08,4.14,4.14,6719000
01/09/2016,4.12,4.14,3.99,4.07,4.07,9715000
02/09/2016,4.09,4.38,4.09,4.24,4.24,14498000
06/09/2016,4.28,4.36,4.25,4.32,4.32,8102000
07/09/2016,4.34,4.37,4.23,4.28,4.28,5234000
08/09/2016,4.27,4.35,4.24,4.32,4.32,6511000
09/09/2016,4.26,4.28,4.07,4.1,4.1,9506000
12/09/2016,4.01,4.23,3.98,4.16,4.16,10295000
13/09/2016,4.12,4.15,3.99,4.06,4.06,5907000
14/09/2016,4.07,4.17,4.06,4.09,4.09,5796000
15/09/2016,4.12,4.21,4.08,4.18,4.18,5237000
16/09/2016,4.19,4.19,4.08,4.15,4.15,6893000
19/09/2016,4.2,4.49,4.18,4.3,4.3,16824000
20/09/2016,4.31,4.33,4.15,4.25,4.25,9732000
21/09/2016,4.29,4.47,4.28,4.45,4.45,10570000
22/09/2016,4.5,4.52,4.36,4.39,4.39,10216000
23/09/2016,4.39,4.4,4.29,4.34,4.34,6278000
26/09/2016,4.31,4.35,4.29,4.32,4.32,4230000
27/09/2016,4.32,4.4,4.3,4.39,4.39,4647000
28/09/2016,4.27,4.32,4.07,4.28,4.28,14682000
29/09/2016,4.3,4.41,4.26,4.3,4.3,6659000
30/09/2016,4.3,4.34,4.28,4.29,4.29,3848000
03/10/2016,4.32,4.38,4.23,4.3,4.3,5830000
04/10/2016,4.37,4.41,4.31,4.34,4.34,5605000
05/10/2016,4.38,4.43,4.33,4.38,4.38,4930000
06/10/2016,4.39,4.39,4.32,4.37,4.37,3130000
07/10/2016,4.41,4.45,4.35,4.44,4.44,7354000
10/10/2016,4.49,4.5,4.35,4.37,4.37,4308000
11/10/2016,4.44,4.44,4.19,4.23,4.23,5561000
12/10/2016,4.21,4.27,4.17,4.24,4.24,3380000
13/10/2016,4.2,4.23,4.01,4.21,4.21,9196000
14/10/2016,4.25,4.36,4.22,4.28,4.28,5013000
17/10/2016,4.22,4.28,4.17,4.2,4.2,4450000
18/10/2016,4.26,4.26,4.21,4.25,4.25,2303000
19/10/2016,4.25,4.42,4.24,4.34,4.34,5021000
20/10/2016,4.34,4.35,4.28,4.32,4.32,2481000
21/10/2016,4.27,4.37,4.27,4.35,4.35,3306000
24/10/2016,4.38,4.42,4.36,4.39,4.39,3313000
25/10/2016,4.42,4.42,4.32,4.35,4.35,4567000
26/10/2016,4.33,4.37,4.29,4.3,4.3,6838000
27/10/2016,4.31,4.36,4.13,4.14,4.14,6026000
28/10/2016,4.13,4.16,4.08,4.08,4.08,8142000
31/10/2016,4.1,4.18,4.09,4.14,4.14,6557000
01/11/2016,4.13,4.19,4.07,4.08,4.08,9371000
02/11/2016,4.2,4.52,4.18,4.36,4.36,21497000
03/11/2016,4.3,4.34,3.88,4.04,4.04,25536000
04/11/2016,4.02,4.07,3.9,3.91,3.91,9357000
07/11/2016,4.05,4.05,3.95,4.01,4.01,8248000
08/11/2016,4.01,4.16,3.98,4.14,4.14,8012000
09/11/2016,3.98,4.11,3.95,4.06,4.06,10861000
10/11/2016,4.07,4.15,3.95,4.01,4.01,9394000
11/11/2016,3.99,4.01,3.89,3.97,3.97,8914000
14/11/2016,3.99,3.99,3.77,3.79,3.79,11787000
15/11/2016,3.8,4.04,3.79,3.99,3.99,9415000
16/11/2016,3.99,4.07,3.94,4.04,4.04,5642000
17/11/2016,4.11,4.23,4.04,4.2,4.2,11615000
18/11/2016,4.25,4.42,4.21,4.41,4.41,14245000
21/11/2016,4.4,4.55,4.38,4.49,4.49,12720000
22/11/2016,4.48,4.52,4.26,4.3,4.3,16993000
23/11/2016,4.29,4.34,4.26,4.3,4.3,7846000
25/11/2016,4.35,4.37,4.3,4.33,4.33,2071000
28/11/2016,4.37,4.38,4.23,4.25,4.25,5004000
29/11/2016,4.29,4.32,4.24,4.26,4.26,4452000
30/11/2016,4.31,4.32,4.16,4.17,4.17,8209000
01/12/2016,4.18,4.21,3.96,3.97,3.97,11168000
02/12/2016,3.97,4.04,3.87,3.9,3.9,12778000
05/12/2016,3.95,4.12,3.95,4.06,4.06,8899000
06/12/2016,4.09,4.14,4.02,4.09,4.09,3946000
07/12/2016,4.12,4.12,4.01,4.07,4.07,5352000
08/12/2016,4.11,4.3,4.05,4.26,4.26,11154000
09/12/2016,4.3,4.37,4.18,4.22,4.22,7131000
12/12/2016,4.28,4.29,4.19,4.2,4.2,5056000
13/12/2016,4.2,4.27,4.19,4.23,4.23,5479000
14/12/2016,4.23,4.25,4.14,4.18,4.18,5343000
15/12/2016,4.16,4.28,4.14,4.24,4.24,7037000
16/12/2016,4.25,4.26,4.19,4.2,4.2,4460000
19/12/2016,4.24,4.29,4.18,4.19,4.19,5218000
20/12/2016,4.19,4.2,4.11,4.14,4.14,5156000
21/12/2016,4.15,4.15,4.06,4.08,4.08,6495000
22/12/2016,4.08,4.09,3.99,4.02,4.02,5026000
23/12/2016,4.0,4.14,4.0,4.13,4.13,6398000
27/12/2016,4.15,4.38,4.15,4.36,4.36,7513000
28/12/2016,4.35,4.42,4.28,4.32,4.32,8692000
29/12/2016,4.34,4.39,4.25,4.31,4.31,5326000
30/12/2016,4.33,4.35,4.26,4.29,4.29,4069000
03/01/2017,4.33,4.35,4.21,4.28,4.28,7054000
04/01/2017,4.33,4.44,4.28,4.41,4.41,8481000
05/01/2017,4.45,4.79,4.43,4.77,4.77,50702000
06/01/2017,4.74,4.76,4.57,4.69,4.69,20613000
09/01/2017,4.71,4.75,4.67,4.72,4.72,9211000
10/01/2017,4.7,4.91,4.7,4.79,4.79,16009000
11/01/2017,4.79,4.87,4.73,4.83,4.83,9476000
12/01/2017,4.86,4.89,4.76,4.86,4.86,9289000
13/01/2017,4.86,4.94,4.8,4.81,4.81,10542000
17/01/2017,4.88,4.97,4.83,4.95,4.95,13060000
18/01/2017,4.97,5.0,4.9,5.0,5.0,8457000
19/01/2017,5.01,5.11,4.99,5.07,5.07,10003000
20/01/2017,5.08,5.14,4.99,5.01,5.01,9163000
23/01/2017,5.01,5.03,4.93,4.94,4.94,8716000
24/01/2017,4.99,5.0,4.89,4.94,4.94,8523000
25/01/2017,5.01,5.2,5.0,5.14,5.14,11162000
26/01/2017,5.18,5.2,5.07,5.1,5.1,8371000
27/01/2017,5.1,5.16,5.1,5.15,5.15,5323000
30/01/2017,5.16,5.17,5.0,5.07,5.07,9377000
31/01/2017,5.03,5.09,5.02,5.08,5.08,7043000
01/02/2017,5.16,5.17,5.06,5.12,5.12,5519000
02/02/2017,5.12,5.26,5.1,5.23,5.23,9548000
03/02/2017,5.26,5.26,5.14,5.21,5.21,7689000
06/02/2017,5.22,5.27,5.15,5.27,5.27,4210000
07/02/2017,5.3,5.37,5.26,5.31,5.31,6809000
08/02/2017,5.36,5.36,5.27,5.34,5.34,7043000
09/02/2017,5.38,5.5,5.38,5.46,5.46,9000000
10/02/2017,5.52,5.62,5.49,5.52,5.52,17852000
13/02/2017,5.6,5.72,5.53,5.61,5.61,25408000
14/02/2017,5.63,5.63,5.51,5.61,5.61,19666000
15/02/2017,5.49,6.15,5.43,6.06,6.06,56969000
16/02/2017,6.12,6.25,5.96,6.1,6.1,21866000
17/02/2017,6.08,6.17,6.0,6.15,6.15,11943000
21/02/2017,6.22,6.39,6.19,6.31,6.31,19515000
22/02/2017,6.3,6.38,6.18,6.36,6.36,11984000
23/02/2017,6.42,6.44,6.18,6.27,6.27,14697000
24/02/2017,6.2,6.23,6.06,6.18,6.18,11684000
27/02/2017,6.18,6.19,5.98,5.99,5.99,15343000
28/02/2017,5.95,6.08,5.91,5.92,5.92,11342000
01/03/2017,6.02,6.02,5.9,5.97,5.97,11018000
02/03/2017,5.97,6.07,5.95,5.97,5.97,9641000
03/03/2017,5.96,6.04,5.91,6.03,6.03,9893000
06/03/2017,5.99,6.03,5.86,5.93,5.93,6985000
07/03/2017,5.93,6.07,5.92,6.01,6.01,10834000
08/03/2017,6.03,6.15,6.01,6.09,6.09,8751000
09/03/2017,6.11,6.25,6.07,6.24,6.24,9959000
10/03/2017,6.34,6.43,6.25,6.41,6.41,12180000
13/03/2017,6.44,6.52,6.4,6.49,6.49,10032000
14/03/2017,6.46,6.47,6.35,6.38,6.38,7018000
15/03/2017,6.4,6.5,6.31,6.48,6.48,8823000
16/03/2017,6.5,6.53,6.46,6.5,6.5,5410000
17/03/2017,6.55,6.74,6.53,6.7,6.7,14946000
20/03/2017,6.74,6.89,6.72,6.89,6.89,18059000
21/03/2017,6.99,7.16,6.68,6.72,6.72,36304000
22/03/2017,6.7,6.75,6.47,6.67,6.67,14458000
23/03/2017,6.68,6.83,6.67,6.76,6.76,13076000
24/03/2017,6.8,7.01,6.77,6.9,6.9,14625000
27/03/2017,6.83,7.07,6.73,7.04,7.04,16209000
28/03/2017,7.07,7.3,7.06,7.24,7.24,17408000
29/03/2017,7.28,7.3,7.08,7.27,7.27,15654000
30/03/2017,7.27,7.29,6.87,6.91,6.91,30925000
31/03/2017,6.79,6.94,6.7,6.81,6.81,26642000
03/04/2017,6.82,6.93,6.72,6.92,6.92,13879000
04/04/2017,6.92,7.0,6.82,6.85,6.85,10136000
05/04/2017,6.89,6.96,6.77,6.79,6.79,10137000
06/04/2017,6.79,6.89,6.79,6.85,6.85,8402000
07/04/2017,6.86,6.9,6.83,6.87,6.87,4750000
10/04/2017,6.91,7.01,6.88,6.93,6.93,9961000
11/04/2017,6.91,6.97,6.74,6.91,6.91,9659000
12/04/2017,6.9,7.01,6.89,6.93,6.93,7615000
13/04/2017,6.93,7.19,6.91,7.06,7.06,16430000
17/04/2017,7.15,7.23,7.08,7.17,7.17,10189000
18/04/2017,7.17,7.22,7.09,7.16,7.16,8249000
19/04/2017,7.19,7.35,7.17,7.26,7.26,12155000
20/04/2017,7.34,7.62,7.33,7.61,7.61,16679000
21/04/2017,7.76,7.78,7.5,7.64,7.64,17774000
24/04/2017,7.79,7.82,7.52,7.58,7.58,15648000
25/04/2017,7.6,7.68,7.45,7.66,7.66,17650000
26/04/2017,7.5,7.52,7.23,7.41,7.41,20132000
27/04/2017,7.34,7.44,7.13,7.31,7.31,17546000
28/04/2017,7.33,7.6,7.32,7.59,7.59,19031000
01/05/2017,7.57,7.78,7.48,7.73,7.73,25134000
02/05/2017,8.04,8.46,7.76,8.3,8.3,61484000
03/05/2017,8.18,8.36,8.07,8.17,8.17,21848000
04/05/2017,8.29,8.29,8.1,8.14,8.14,13981000
05/05/2017,8.17,8.58,8.17,8.55,8.55,18621000
08/05/2017,8.7,8.73,8.56,8.68,8.68,20348000
09/05/2017,8.73,9.11,8.69,8.91,8.91,25194000
10/05/2017,8.95,9.35,8.95,9.31,9.31,22642000
11/05/2017,9.32,9.36,8.88,9.2,9.2,28575000
12/05/2017,9.19,9.49,9.1,9.36,9.36,18141000
15/05/2017,9.44,9.59,9.35,9.42,9.42,23272000
16/05/2017,9.5,9.59,9.26,9.49,9.49,22767000
17/05/2017,9.31,9.32,8.96,8.98,8.98,33530000
18/05/2017,8.32,9.3,8.1,9.21,9.21,79796000
19/05/2017,9.06,9.19,8.75,8.89,8.89,78909000
22/05/2017,8.99,9.09,8.86,8.96,8.96,17962000
23/05/2017,9.09,9.12,8.96,9.0,9.0,19913000
24/05/2017,9.02,9.15,9.01,9.08,9.08,12431000
25/05/2017,9.14,9.19,8.94,9.02,9.02,14955000
26/05/2017,9.03,9.11,9.0,9.07,9.07,10990000
30/05/2017,9.11,9.32,8.97,9.06,9.06,19703000
31/05/2017,9.09,9.23,8.89,9.19,9.19,24887000
01/06/2017,9.25,9.37,9.05,9.34,9.34,18318000
02/06/2017,9.37,9.78,9.35,9.75,9.75,31666000
05/06/2017,9.84,9.94,9.61,9.75,9.75,21283000
06/06/2017,9.7,9.98,9.64,9.86,9.86,19487000
07/06/2017,9.89,9.96,9.65,9.7,9.7,18351000
08/06/2017,9.73,9.89,9.56,9.88,9.88,14012000
09/06/2017,9.87,10.08,8.93,9.15,9.15,46563000
12/06/2017,9.0,9.03,8.25,8.89,8.89,52444000
13/06/2017,8.74,9.06,8.45,8.69,8.69,39555000
14/06/2017,8.75,8.82,8.44,8.54,8.54,21236000
15/06/2017,8.19,8.55,8.15,8.55,8.55,28961000
16/06/2017,8.7,8.82,8.57,8.69,8.69,24992000
19/06/2017,8.83,9.08,8.78,9.06,9.06,21835000
20/06/2017,9.11,9.19,8.86,8.89,8.89,15489000
21/06/2017,8.92,9.18,8.92,9.12,9.12,14974000
22/06/2017,9.13,9.21,9.03,9.14,9.14,10133000
23/06/2017,9.1,9.52,9.05,9.45,9.45,14627000
26/06/2017,9.51,9.7,9.03,9.2,9.2,19538000
27/06/2017,9.12,9.22,8.68,8.7,8.7,21759000
28/06/2017,8.78,8.96,8.55,8.95,8.95,20482000
29/06/2017,8.9,8.9,8.32,8.64,8.64,27203000
30/06/2017,8.59,8.8,8.56,8.69,8.69,16975000
03/07/2017,8.72,8.79,8.48,8.6,8.6,8872000
05/07/2017,8.56,8.95,8.56,8.81,8.81,17838000
06/07/2017,8.66,8.78,8.58,8.62,8.62,12130000
07/07/2017,8.72,8.92,8.7,8.9,8.9,10222000
10/07/2017,8.91,9.15,8.83,9.1,9.1,12844000
11/07/2017,9.08,9.26,9.02,9.13,9.13,12597000
12/07/2017,9.22,9.52,9.2,9.47,9.47,17601000
13/07/2017,9.57,9.68,9.25,9.3,9.3,17900000
14/07/2017,9.38,9.39,9.17,9.24,9.24,10217000
17/07/2017,9.22,9.33,8.96,9.05,9.05,15206000
18/07/2017,9.13,9.39,9.01,9.32,9.32,14324000
19/07/2017,9.37,9.45,9.13,9.19,9.19,13943000
20/07/2017,9.24,9.28,9.02,9.09,9.09,9615000
21/07/2017,9.05,9.13,8.93,8.94,8.94,14008000
24/07/2017,8.99,9.36,8.95,9.36,9.36,14665000
25/07/2017,9.36,9.36,9.07,9.22,9.22,11975000
26/07/2017,9.3,9.5,9.28,9.39,9.39,11638000
27/07/2017,9.47,9.55,8.86,9.04,9.04,22210000
28/07/2017,8.95,9.34,8.83,9.3,9.3,14141000
31/07/2017,9.37,9.45,9.14,9.24,9.24,24977000
01/08/2017,10.39,10.58,9.86,10.41,10.41,96723000
02/08/2017,10.45,10.45,9.73,9.84,9.84,45078000
03/08/2017,9.95,9.99,9.66,9.72,9.72,22855000
04/08/2017,9.73,9.84,9.6,9.63,9.63,14792000
07/08/2017,9.65,9.91,9.64,9.78,9.78,10776000
08/08/2017,9.79,9.89,9.6,9.65,9.65,14674000
09/08/2017,9.52,9.65,9.42,9.52,9.52,17507000
10/08/2017,9.45,9.45,8.82,8.84,8.84,33966000
11/08/2017,8.85,9.3,8.85,9.17,9.17,19511000
14/08/2017,9.33,9.55,9.32,9.41,9.41,16806000
15/08/2017,9.43,9.46,9.28,9.31,9.31,8071000
16/08/2017,9.36,9.49,9.3,9.46,9.46,7500000
17/08/2017,9.44,9.57,9.35,9.35,9.35,13984000
18/08/2017,9.36,9.51,9.3,9.46,9.46,9886000
21/08/2017,9.46,9.65,9.45,9.63,9.63,11275000
22/08/2017,9.69,9.89,9.66,9.86,9.86,13577000
23/08/2017,9.78,10.28,9.71,10.25,10.25,23743000
24/08/2017,10.29,10.69,10.27,10.65,10.65,33778000
25/08/2017,10.68,10.7,10.27,10.37,10.37,17228000
28/08/2017,10.4,10.49,10.16,10.38,10.38,11124000
29/08/2017,10.17,10.5,10.13,10.44,10.44,11372000
30/08/2017,10.48,10.88,10.46,10.84,10.84,15385000
31/08/2017,10.93,11.16,10.83,11.09,11.09,16043000
01/09/2017,11.18,11.2,10.99,11.09,11.09,10222000
05/09/2017,11.0,11.2,10.8,11.07,11.07,15632000
06/09/2017,11.09,11.19,10.88,11.02,11.02,11403000
07/09/2017,11.05,11.35,11.01,11.35,11.35,11385000
08/09/2017,11.33,11.49,11.24,11.36,11.36,9245000
11/09/2017,11.54,11.86,11.49,11.8,11.8,14288000
12/09/2017,11.89,12.08,11.69,12.05,12.05,17705000
13/09/2017,12.05,12.25,11.79,11.92,11.92,20060000
14/09/2017,11.93,12.1,11.66,12.02,12.02,10664000
15/09/2017,12.0,12.12,11.94,12.03,12.03,8479000
18/09/2017,12.08,12.39,12.07,12.24,12.24,13739000
19/09/2017,12.33,12.39,12.21,12.29,12.29,7852000
20/09/2017,12.28,12.36,11.74,11.93,11.93,18284000
21/09/2017,11.89,12.08,11.63,12.02,12.02,12902000
22/09/2017,11.97,12.15,11.85,12.03,12.03,7601000
25/09/2017,11.98,11.99,11.35,11.45,11.45,23170000
26/09/2017,11.61,11.77,11.19,11.34,11.34,18070000
27/09/2017,11.49,11.87,11.41,11.74,11.74,15800000
28/09/2017,11.75,11.77,11.51,11.65,11.65,8891000
29/09/2017,11.66,11.78,11.53,11.65,11.65,8671000
02/10/2017,11.7,11.97,11.67,11.9,11.9,11167000
03/10/2017,11.99,12.07,11.63,11.68,11.68,16883000
04/10/2017,11.68,11.69,10.07,10.33,10.33,208959000
05/10/2017,9.75,10.34,9.33,10.04,10.04,197807000
06/10/2017,9.8,10.02,9.56,9.79,9.79,77797000
09/10/2017,9.65,9.85,9.6,9.74,9.74,29680000
10/10/2017,9.73,9.9,8.94,9.26,9.26,113732000
11/10/2017,9.19,9.67,9.19,9.5,9.5,62150000
12/10/2017,9.63,9.73,9.41,9.44,9.44,35172000
13/10/2017,9.44,9.52,9.37,9.42,9.42,17605000
16/10/2017,9.45,9.72,9.33,9.7,9.7,29524000
17/10/2017,9.7,9.75,9.54,9.62,9.62,24754000
18/10/2017,9.61,9.97,9.59,9.89,9.89,24964000
19/10/2017,9.82,9.85,9.62,9.82,9.82,19860000
20/10/2017,9.86,10.25,9.85,10.21,10.21,32930000
23/10/2017,10.31,10.41,10.14,10.29,10.29,24292000
24/10/2017,10.29,10.75,10.29,10.64,10.64,28782000
25/10/2017,10.73,10.85,10.07,10.3,10.3,41405000
26/10/2017,10.3,10.55,10.27,10.41,10.41,15668000
27/10/2017,10.67,10.8,10.52,10.73,10.73,23418000
30/10/2017,10.83,10.94,10.52,10.94,10.94,32497000
31/10/2017,10.14,10.48,9.45,9.95,9.95,129271000
01/11/2017,9.97,10.05,9.5,9.62,9.62,55051000
02/11/2017,9.51,10.08,9.5,9.99,9.99,26799000
03/11/2017,10.08,10.19,9.85,9.87,9.87,19696000
06/11/2017,10.0,10.08,9.9,9.98,9.98,13843000
07/11/2017,9.91,10.05,9.83,9.97,9.97,10894000
08/11/2017,9.9,10.0,9.85,9.94,9.94,8626000
09/11/2017,9.84,9.86,9.56,9.7,9.7,16803000
10/11/2017,9.68,10.09,9.65,10.0,10.0,17549000
13/11/2017,9.9,9.93,9.78,9.88,9.88,10460000
14/11/2017,9.76,10.0,9.75,9.9,9.9,8506000
15/11/2017,9.72,9.94,9.72,9.8,9.8,9224000
16/11/2017,9.87,10.48,9.85,10.39,10.39,27658000
17/11/2017,10.41,10.57,10.32,10.49,10.49,12308000
20/11/2017,10.5,10.9,10.49,10.86,10.86,20986000
21/11/2017,11.0,11.24,10.97,11.02,11.02,19055000
22/11/2017,11.05,11.15,10.76,11.04,11.04,9970000
24/11/2017,11.11,11.26,11.06,11.18,11.18,6499000
27/11/2017,11.45,11.71,11.32,11.34,11.34,23319000
28/11/2017,11.41,11.41,11.05,11.21,11.21,13929000
29/11/2017,11.16,11.19,10.06,10.37,10.37,38300000
30/11/2017,10.56,10.58,10.31,10.38,10.38,11601000
01/12/2017,10.39,10.48,10.01,10.33,10.33,14158000
04/12/2017,10.53,10.53,9.62,9.66,9.66,27408000
05/12/2017,9.67,9.86,9.24,9.53,9.53,24545000
06/12/2017,9.49,9.66,9.38,9.58,9.58,14044000
07/12/2017,9.65,10.0,9.61,9.98,9.98,15992000
08/12/2017,10.21,10.3,9.99,10.08,10.08,13157000
11/12/2017,10.13,10.51,10.13,10.41,10.41,13937000
12/12/2017,10.15,10.4,10.05,10.14,10.14,10837000
13/12/2017,10.19,10.42,10.19,10.32,10.32,9329000
14/12/2017,10.36,10.47,10.28,10.32,10.32,6170000
15/12/2017,10.36,10.64,10.28,10.52,10.52,12464000
18/12/2017,10.64,10.8,10.63,10.76,10.76,12542000
19/12/2017,10.76,10.76,10.56,10.57,10.57,8311000
20/12/2017,10.67,10.68,10.36,10.52,10.52,6409000
21/12/2017,10.58,10.66,10.46,10.48,10.48,4782000
22/12/2017,10.41,10.45,10.21,10.39,10.39,5901000
26/12/2017,10.24,10.54,10.15,10.48,10.48,4037000
27/12/2017,10.48,10.52,10.33,10.45,10.45,4782000
28/12/2017,10.48,10.52,10.16,10.24,10.24,6626000
29/12/2017,10.25,10.26,10.04,10.1,10.1,7758000
02/01/2018,10.16,10.57,10.1,10.55,10.55,13945000
03/01/2018,10.64,10.81,10.62,10.77,10.77,11627000
04/01/2018,10.83,11.01,10.72,10.99,10.99,11610000
05/01/2018,11.06,11.18,10.9,11.06,11.06,7710000
08/01/2018,11.0,11.27,11.0,11.23,11.23,7487000
09/01/2018,11.23,11.37,10.97,11.07,11.07,7441000
10/01/2018,10.97,11.15,10.9,11.1,11.1,6678000
11/01/2018,11.11,11.18,11.05,11.11,11.11,6395000
12/01/2018,11.13,11.45,11.11,11.28,11.28,8460000
16/01/2018,11.47,11.47,11.12,11.19,11.19,11755000
17/01/2018,11.26,11.58,11.15,11.49,11.49,12265000
18/01/2018,11.45,11.67,11.41,11.48,11.48,6976000
19/01/2018,11.51,11.58,11.46,11.55,11.55,6929000
22/01/2018,11.54,11.97,11.54,11.94,11.94,11804000
23/01/2018,11.97,12.01,11.58,11.87,11.87,11350000
24/01/2018,11.98,12.19,11.82,11.97,11.97,10238000
25/01/2018,12.1,12.62,12.03,12.49,12.49,19406000
26/01/2018,12.64,13.05,12.4,12.91,12.91,20374000
29/01/2018,12.97,13.0,12.52,12.73,12.73,17215000
30/01/2018,12.17,12.58,11.91,12.42,12.42,17379000
31/01/2018,12.61,12.86,12.56,12.79,12.79,12175000
01/02/2018,12.7,13.12,12.57,12.63,12.63,11681000
02/02/2018,12.55,12.87,12.38,12.51,12.51,13712000
05/02/2018,12.06,12.73,11.83,11.83,11.83,23242000
06/02/2018,11.38,12.27,11.21,12.21,12.21,27059000
07/02/2018,12.27,12.77,12.14,12.33,12.33,16960000
08/02/2018,12.45,12.71,11.85,11.85,11.85,21023000
09/02/2018,12.07,12.39,11.42,11.95,11.95,28825000
12/02/2018,12.33,12.9,12.22,12.79,12.79,27029000
13/02/2018,12.77,13.04,12.51,12.61,12.61,19878000
14/02/2018,12.51,13.82,12.5,13.76,13.76,42368000
15/02/2018,13.5,14.07,13.03,13.8,13.8,57765000
16/02/2018,13.55,13.87,13.41,13.75,13.75,22309000
20/02/2018,13.68,14.61,13.66,14.28,14.28,27146000
21/02/2018,13.68,13.73,13.28,13.29,13.29,53612000
22/02/2018,13.4,13.65,13.32,13.42,13.42,24104000
23/02/2018,13.55,13.7,13.31,13.7,13.7,16227000
26/02/2018,13.75,13.83,13.51,13.63,13.63,14626000
27/02/2018,13.66,13.94,13.56,13.77,13.77,14833000
28/02/2018,13.93,14.05,13.79,13.82,13.82,13950000
01/03/2018,13.7,13.91,13.33,13.69,13.69,18025000
02/03/2018,13.5,13.75,13.45,13.68,13.68,11782000
05/03/2018,13.52,13.98,13.4,13.93,13.93,20270000
06/03/2018,14.02,14.34,13.97,14.15,14.15,13524000
07/03/2018,13.99,14.44,13.9,14.37,14.37,14863000
08/03/2018,14.46,14.8,14.46,14.74,14.74,19252000
09/03/2018,14.94,15.05,14.76,14.92,14.92,14187000
12/03/2018,14.97,15.02,14.74,14.81,14.81,7909000
13/03/2018,14.86,14.88,14.45,14.53,14.53,11156000
14/03/2018,14.56,14.81,14.39,14.62,14.62,9715000
15/03/2018,14.77,14.9,14.62,14.74,14.74,8660000
16/03/2018,14.72,14.81,14.54,14.72,14.72,6396000
19/03/2018,14.59,14.82,14.29,14.56,14.56,10176000
20/03/2018,14.54,15.48,14.5,15.31,15.31,19044000
21/03/2018,15.35,15.4,14.83,14.94,14.94,16502000
22/03/2018,14.75,15.28,14.53,14.55,14.55,18129000
23/03/2018,14.6,14.77,14.1,14.17,14.17,18567000
26/03/2018,14.53,14.78,13.05,13.67,13.67,52498000
27/03/2018,13.62,13.91,12.72,12.88,12.88,28333000
28/03/2018,12.75,12.77,12.07,12.16,12.16,36575000
29/03/2018,12.09,12.63,11.86,12.46,12.46,29666000
02/04/2018,12.47,12.75,12.03,12.21,12.21,18434000
03/04/2018,12.4,12.55,11.78,11.94,11.94,18240000
04/04/2018,11.41,12.14,11.25,12.07,12.07,14867000
05/04/2018,12.38,12.55,11.96,12.01,12.01,12399000
06/04/2018,11.88,12.08,11.6,11.74,11.74,10899000
09/04/2018,11.91,12.37,11.81,11.9,11.9,17886000
10/04/2018,12.24,12.35,11.9,12.29,12.29,16074000
11/04/2018,12.2,12.42,11.94,11.95,11.95,12032000
12/04/2018,12.06,12.12,11.91,12.07,12.07,19978000
13/04/2018,12.2,12.22,11.62,11.75,11.75,45783000
16/04/2018,11.78,11.8,11.37,11.69,11.69,21087000
17/04/2018,11.8,12.73,11.79,12.6,12.6,27068000
18/04/2018,12.63,12.83,12.33,12.76,12.76,17710000
19/04/2018,12.61,12.96,12.56,12.67,12.67,13566000
20/04/2018,12.65,12.76,12.53,12.68,12.68,16703000
23/04/2018,12.72,12.72,12.11,12.29,12.29,20395000
24/04/2018,12.39,12.69,12.15,12.31,12.31,19212000
25/04/2018,12.3,12.33,11.85,12.0,12.0,12154000
26/04/2018,12.2,12.55,12.2,12.41,12.41,13762000
27/04/2018,12.68,12.71,12.42,12.66,12.66,17039000
30/04/2018,12.8,13.44,12.7,13.36,13.36,38404000
01/05/2018,12.51,12.81,11.88,12.77,12.77,73565000
02/05/2018,12.69,12.97,12.25,12.48,12.48,29645000
03/05/2018,12.48,13.55,12.43,13.52,13.52,33165000
04/05/2018,13.48,13.83,13.26,13.61,13.61,19340000
07/05/2018,13.78,13.9,13.66,13.86,13.86,13642000
08/05/2018,13.95,14.6,13.86,14.33,14.33,23102000
09/05/2018,14.4,14.65,14.3,14.61,14.61,15342000
10/05/2018,14.64,14.7,14.57,14.62,14.62,11622000
11/05/2018,14.63,14.67,14.27,14.45,14.45,11616000
14/05/2018,14.53,14.83,14.22,14.26,14.26,14795000
15/05/2018,14.53,14.53,13.76,14.25,14.25,11407000
16/05/2018,14.3,14.46,14.21,14.23,14.23,7133000
17/05/2018,14.22,14.66,14.19,14.61,14.61,14402000
18/05/2018,14.53,14.77,14.47,14.71,14.71,10334000
21/05/2018,14.87,15.1,14.34,14.45,14.45,15640000
22/05/2018,14.07,14.3,13.73,13.88,13.88,27605000
23/05/2018,13.8,14.12,13.75,14.08,14.08,9972000
24/05/2018,14.05,14.37,14.02,14.31,14.31,9094000
25/05/2018,14.31,14.47,14.27,14.36,14.36,6542000
29/05/2018,14.33,14.53,14.18,14.33,14.33,8574000
30/05/2018,14.4,14.68,14.37,14.58,14.58,7657000
31/05/2018,14.61,15.0,14.55,14.81,14.81,14316000
01/06/2018,14.95,15.17,14.75,15.08,15.08,13078000
04/06/2018,15.19,15.79,15.18,15.69,15.69,16224000
05/06/2018,15.71,16.2,15.68,16.11,16.11,13944000
06/06/2018,16.2,16.58,16.03,16.54,16.54,13996000
07/06/2018,16.6,16.6,15.89,16.13,16.13,17388000
08/06/2018,15.95,16.38,15.85,16.28,16.28,10569000
11/06/2018,16.32,16.49,16.0,16.02,16.02,10794000
12/06/2018,16.03,16.59,16.01,16.52,16.52,13781000
13/06/2018,16.5,17.11,16.38,16.51,16.51,21560000
14/06/2018,16.62,16.89,16.6,16.79,16.79,11252000
15/06/2018,16.67,16.94,16.47,16.84,16.84,8417000
18/06/2018,16.7,17.29,16.68,17.28,17.28,12613000
19/06/2018,16.98,17.25,16.71,17.06,17.06,10927000
20/06/2018,17.37,17.51,17.22,17.23,17.23,9653000
21/06/2018,17.35,17.38,16.43,16.45,16.45,17643000
22/06/2018,16.65,16.67,16.01,16.25,16.25,12329000
25/06/2018,16.0,16.0,15.1,15.32,15.32,21808000
26/06/2018,15.57,15.87,15.41,15.5,15.5,18155000
27/06/2018,15.55,15.62,14.43,14.47,14.47,32484000
28/06/2018,14.32,14.78,14.04,14.65,14.65,18810000
29/06/2018,14.78,14.99,14.53,14.59,14.59,12050000
02/07/2018,14.27,14.96,14.14,14.94,14.94,8808000
03/07/2018,14.92,15.19,14.73,15.05,15.05,10608000
05/07/2018,15.31,15.38,15.0,15.27,15.27,9149000
06/07/2018,15.29,15.73,15.2,15.68,15.68,10738000
09/07/2018,15.88,16.04,15.42,15.85,15.85,9970000
10/07/2018,15.86,16.04,15.78,15.9,15.9,7765000
11/07/2018,15.75,16.2,15.63,16.1,16.1,7455000
12/07/2018,16.26,16.82,16.21,16.75,16.75,9958000
13/07/2018,16.77,16.81,16.37,16.62,16.62,8771000
16/07/2018,16.61,16.94,16.48,16.53,16.53,12623000
17/07/2018,16.17,17.03,16.1,16.9,16.9,12006000
18/07/2018,16.92,17.15,16.7,17.05,17.05,8516000
19/07/2018,17.0,17.21,16.82,17.17,17.17,8291000
20/07/2018,17.2,17.53,17.13,17.17,17.17,12778000
23/07/2018,17.19,17.41,16.9,17.33,17.33,8397000
24/07/2018,17.48,17.66,16.66,16.83,16.83,15415000
25/07/2018,16.79,17.4,16.56,17.38,17.38,12559000
26/07/2018,16.93,17.22,16.86,17.03,17.03,11585000
27/07/2018,17.24,17.24,15.93,16.01,16.01,21020000
30/07/2018,15.98,16.05,14.73,14.81,14.81,27451000
31/07/2018,13.85,14.38,13.33,13.82,13.82,79206000
01/08/2018,13.87,14.02,13.49,13.64,13.64,24052000
02/08/2018,13.46,14.42,13.26,14.39,14.39,27249000
03/08/2018,14.5,14.55,14.08,14.19,14.19,16174000
06/08/2018,14.19,14.24,13.8,14.2,14.2,11964000
07/08/2018,14.31,14.66,14.12,14.17,14.17,10130000
08/08/2018,14.27,14.41,14.09,14.27,14.27,8175000
09/08/2018,14.22,14.71,14.22,14.64,14.64,8752000
10/08/2018,14.51,15.12,14.41,14.92,14.92,13216000
13/08/2018,14.94,15.1,14.24,14.29,14.29,12800000
14/08/2018,14.42,14.57,14.15,14.44,14.44,12284000
15/08/2018,14.26,14.46,13.71,13.89,13.89,18203000
16/08/2018,14.08,14.21,13.89,13.92,13.92,9210000
17/08/2018,13.89,14.02,13.58,13.72,13.72,12589000
20/08/2018,13.8,13.83,13.28,13.6,13.6,15171000
21/08/2018,13.51,13.78,13.33,13.34,13.34,14254000
22/08/2018,13.23,13.85,13.23,13.76,13.76,12652000
23/08/2018,13.8,14.09,13.7,13.75,13.75,10420000
24/08/2018,13.96,14.15,13.85,14.06,14.06,12131000
27/08/2018,14.19,14.48,13.9,14.4,14.4,13864000
28/08/2018,14.56,14.6,14.27,14.5,14.5,12895000
29/08/2018,14.54,14.65,14.38,14.52,14.52,9367000
30/08/2018,14.46,14.65,14.33,14.48,14.48,8123000
31/08/2018,14.39,14.63,14.34,14.57,14.57,6691000
04/09/2018,14.61,14.69,14.36,14.63,14.63,9121000
05/09/2018,14.37,14.41,13.65,14.0,14.0,23623000
06/09/2018,13.97,14.05,13.23,13.41,13.41,18254000
07/09/2018,13.13,14.12,13.06,14.06,14.06,20395000
10/09/2018,14.13,14.26,13.9,14.21,14.21,10623000
11/09/2018,14.15,14.8,14.04,14.78,14.78,13205000
12/09/2018,14.78,15.38,14.62,15.31,15.31,17112000
13/09/2018,15.4,15.85,15.4,15.55,15.55,12598000
14/09/2018,15.7,15.89,15.36,15.48,15.48,12470000
17/09/2018,15.79,15.94,15.35,15.36,15.36,16542000
18/09/2018,15.45,16.42,15.45,16.23,16.23,17066000
19/09/2018,16.4,16.65,16.15,16.46,16.46,16378000
20/09/2018,16.54,16.9,16.45,16.72,16.72,13783000
21/09/2018,16.67,16.82,16.06,16.15,16.15,21464000
24/09/2018,15.96,16.53,15.74,16.22,16.22,8926000
25/09/2018,16.34,16.51,15.9,16.11,16.11,15798000
26/09/2018,16.25,16.48,15.99,16.2,16.2,8605000
27/09/2018,16.23,16.47,16.2,16.44,16.44,6043000
28/09/2018,16.42,16.78,16.31,16.45,16.45,7894000
01/10/2018,16.64,16.69,16.25,16.34,16.34,8684000
02/10/2018,16.25,16.4,15.6,15.66,15.66,15665000
03/10/2018,15.75,16.24,15.72,16.02,16.02,9095000
04/10/2018,15.95,16.02,14.78,14.89,14.89,19299000
05/10/2018,14.91,15.14,14.11,14.56,14.56,16913000
08/10/2018,14.32,14.55,13.81,14.05,14.05,12420000
09/10/2018,14.04,14.32,13.88,14.02,14.02,10555000
10/10/2018,13.96,14.0,12.8,13.01,13.01,26863000
11/10/2018,12.67,13.4,12.67,12.84,12.84,20703000
12/10/2018,13.52,13.7,13.02,13.52,13.52,20346000
15/10/2018,13.5,13.7,13.21,13.57,13.57,11142000
16/10/2018,13.87,14.61,13.84,14.58,14.58,13911000
17/10/2018,14.6,14.65,13.39,13.74,13.74,31490000
18/10/2018,13.68,14.01,13.36,13.48,13.48,15930000
19/10/2018,13.57,13.74,12.62,12.71,12.71,22296000
22/10/2018,12.84,13.56,12.56,13.44,13.44,23562000
23/10/2018,12.83,13.32,12.67,13.22,13.22,23669000
24/10/2018,13.31,13.46,12.2,12.23,12.23,23152000
25/10/2018,13.14,13.83,12.85,13.7,13.7,44847000
26/10/2018,12.96,13.83,12.85,13.3,13.3,28309000
29/10/2018,13.68,13.77,12.51,12.85,12.85,21561000
30/10/2018,12.53,13.24,12.28,12.91,12.91,30291000
31/10/2018,13.25,13.86,13.05,13.81,13.81,21188000
01/11/2018,13.88,14.51,13.57,14.44,14.44,17965000
02/11/2018,14.44,14.89,14.23,14.56,14.56,19476000
05/11/2018,14.4,14.5,13.98,14.1,14.1,12225000
06/11/2018,14.18,14.38,13.9,14.09,14.09,8319000
07/11/2018,14.41,14.95,14.31,14.82,14.82,15287000
08/11/2018,14.82,15.08,14.64,14.95,14.95,12999000
09/11/2018,14.73,14.73,13.86,14.09,14.09,17267000
12/11/2018,13.93,13.93,13.09,13.55,13.55,16870000
13/11/2018,13.65,14.05,13.42,13.88,13.88,14045000
14/11/2018,14.09,14.45,13.96,14.28,14.28,13594000
15/11/2018,14.25,15.13,14.15,15.01,15.01,18683000
16/11/2018,14.67,15.15,14.51,15.1,15.1,12185000
19/11/2018,15.03,15.12,13.36,13.38,13.38,22485000
20/11/2018,12.25,13.64,12.2,13.44,13.44,21957000
21/11/2018,13.9,14.01,13.25,13.26,13.26,12529000
23/11/2018,13.13,13.62,12.96,13.48,13.48,6731000
26/11/2018,13.79,14.45,13.75,14.44,14.44,15814000
27/11/2018,14.2,14.69,14.18,14.45,14.45,10561000
28/11/2018,14.64,15.0,14.5,15.0,15.0,12554000
29/11/2018,15.0,15.15,14.63,14.9,14.9,11335000
30/11/2018,14.9,15.29,14.78,15.27,15.27,10713000
03/12/2018,15.66,15.91,15.4,15.64,15.64,14962000
04/12/2018,15.5,15.91,14.94,15.02,15.02,14810000
06/12/2018,14.31,15.73,14.23,15.69,15.69,16399000
07/12/2018,15.7,15.99,14.52,14.69,14.69,16364000
10/12/2018,14.61,15.16,14.39,15.15,15.15,12475000
11/12/2018,15.5,15.88,15.31,15.47,15.47,15308000
12/12/2018,15.8,16.38,15.74,16.01,16.01,14118000
13/12/2018,16.1,16.41,15.95,16.11,16.11,12387000
14/12/2018,14.8,14.9,14.0,14.02,14.02,63741000
17/12/2018,13.99,13.99,12.88,12.97,12.97,50159000
18/12/2018,13.36,13.62,13.16,13.44,13.44,25750000
19/12/2018,13.5,14.05,13.17,13.32,13.32,26905000
20/12/2018,13.12,13.5,12.15,12.77,12.77,34294000
21/12/2018,12.83,12.86,12.19,12.24,12.24,24832000
24/12/2018,11.9,12.29,11.76,11.91,11.91,13060000
26/12/2018,12.14,13.06,12.14,13.02,13.02,16273000
27/12/2018,12.64,13.26,12.5,13.24,13.24,14611000
28/12/2018,13.41,13.61,12.94,13.35,13.35,13765000
31/12/2018,13.6,14.05,13.51,13.85,13.85,16842000
02/01/2019,13.4,13.91,13.12,13.76,13.76,12326000
03/01/2019,13.48,13.63,12.95,12.98,12.98,12195000
04/01/2019,13.45,13.95,13.32,13.81,13.81,13661000
07/01/2019,13.97,14.59,13.87,14.44,14.44,12600000
08/01/2019,14.76,14.98,14.4,14.54,14.54,13677000
09/01/2019,14.65,15.03,14.44,14.86,14.86,12757000
10/01/2019,14.63,15.0,14.46,14.83,14.83,9652000
11/01/2019,14.73,15.0,14.67,14.94,14.94,6853000
14/01/2019,14.73,14.99,14.47,14.91,14.91,14552000
15/01/2019,14.96,15.55,14.96,15.43,15.43,16382000
16/01/2019,15.57,15.86,15.33,15.82,15.82,21420000
17/01/2019,15.66,16.0,15.58,15.77,15.77,12425000
18/01/2019,16.0,16.02,15.77,15.84,15.84,11429000
22/01/2019,15.72,15.86,15.41,15.63,15.63,10364000
23/01/2019,15.82,16.02,15.45,15.66,15.66,7935000
24/01/2019,15.65,15.94,15.62,15.84,15.84,6552000
25/01/2019,16.0,16.36,15.98,16.28,16.28,9803000
28/01/2019,15.97,16.12,15.84,15.94,15.94,8072000
29/01/2019,16.0,16.05,15.45,15.71,15.71,10409000
30/01/2019,16.0,16.3,15.8,16.24,16.24,7124000
31/01/2019,16.25,16.96,16.19,16.85,16.85,16616000
01/02/2019,16.84,17.1,16.75,17.06,17.06,12484000
04/02/2019,17.06,17.47,17.03,17.35,17.35,11720000
05/02/2019,17.36,17.69,17.34,17.36,17.36,9695000
06/02/2019,17.24,17.45,17.07,17.36,17.36,7363000
07/02/2019,17.13,17.42,17.11,17.18,17.18,14082000
08/02/2019,17.02,17.7,16.96,17.59,17.59,9795000
11/02/2019,17.81,18.0,17.29,17.32,17.32,22201000
12/02/2019,16.36,17.59,16.06,17.56,17.56,59280000
13/02/2019,17.82,18.0,17.1,17.2,17.2,29827000
14/02/2019,17.11,17.72,16.96,17.65,17.65,16076000
15/02/2019,17.71,17.87,17.37,17.82,17.82,11292000
19/02/2019,17.7,18.51,17.7,18.13,18.13,22828000
20/02/2019,18.17,18.42,17.75,17.92,17.92,13306000
21/02/2019,17.96,18.04,17.72,17.85,17.85,9744000
22/02/2019,18.0,18.37,17.94,18.36,18.36,10176000
25/02/2019,18.58,18.88,18.45,18.75,18.75,12716000
26/02/2019,18.61,18.79,18.39,18.5,18.5,10451000
27/02/2019,18.52,18.93,18.48,18.92,18.92,9082000
28/02/2019,18.83,19.11,18.75,18.92,18.92,8654000
01/03/2019,19.08,19.28,18.93,19.15,19.15,11262000
04/03/2019,19.24,19.48,18.24,18.65,18.65,16062000
05/03/2019,18.66,18.92,18.43,18.75,18.75,10058000
06/03/2019,18.75,18.88,18.41,18.74,18.74,7238000
07/03/2019,18.65,19.04,18.48,18.69,18.69,7349000
08/03/2019,18.22,19.0,18.1,18.98,18.98,12627000
11/03/2019,19.1,20.07,19.1,20.04,20.04,20585000
12/03/2019,20.1,20.38,19.7,20.25,20.25,13287000
13/03/2019,20.35,20.69,20.24,20.55,20.55,11775000
14/03/2019,20.43,20.96,20.34,20.82,20.82,12190000
15/03/2019,20.89,20.94,20.36,20.6,20.6,23373000
18/03/2019,20.45,20.59,20.15,20.58,20.58,12488000
19/03/2019,20.77,20.8,19.77,20.21,20.21,22154000
20/03/2019,20.05,20.31,19.87,20.13,20.13,14016000
21/03/2019,20.03,20.52,19.88,20.5,20.5,17210000
22/03/2019,20.44,20.47,19.86,19.88,19.88,15301000
25/03/2019,19.81,20.27,19.65,20.15,20.15,12575000
26/03/2019,20.36,20.74,20.27,20.44,20.44,11659000
27/03/2019,20.57,20.57,19.66,20.01,20.01,10204000
28/03/2019,20.08,20.38,19.7,20.34,20.34,11140000
29/03/2019,20.59,20.75,20.32,20.66,20.66,8101000
01/04/2019,20.84,21.01,20.31,20.6,20.6,11032000
02/04/2019,20.56,20.6,19.84,20.15,20.15,24549000
03/04/2019,20.2,20.58,19.89,20.51,20.51,20110000
04/04/2019,20.45,20.5,19.04,19.48,19.48,47621000
05/04/2019,19.56,19.8,19.49,19.67,19.67,14899000
08/04/2019,19.67,20.09,19.53,20.02,20.02,12913000
09/04/2019,19.83,20.42,19.73,20.4,20.4,12482000
10/04/2019,20.44,20.74,20.25,20.65,20.65,8803000
11/04/2019,20.76,21.15,20.63,21.1,21.1,13347000
12/04/2019,21.28,21.49,21.21,21.48,21.48,11970000
15/04/2019,21.48,21.99,21.36,21.8,21.8,17595000
16/04/2019,21.98,22.18,21.36,21.54,21.54,13382000
17/04/2019,21.68,21.83,21.13,21.7,21.7,10640000
18/04/2019,21.71,22.08,21.31,22.07,22.07,12877000
22/04/2019,22.0,22.6,21.92,22.43,22.43,13165000
23/04/2019,22.65,22.74,22.21,22.34,22.34,18813000
24/04/2019,22.46,22.46,21.86,21.98,21.98,20231000
25/04/2019,22.07,22.22,21.66,21.9,21.9,16673000
26/04/2019,21.9,22.52,21.9,22.23,22.23,13886000
29/04/2019,22.53,22.87,22.35,22.58,22.58,19403000
30/04/2019,22.64,24.75,22.64,24.35,24.35,62234000
01/05/2019,24.28,25.23,23.74,24.52,24.52,31843000
02/05/2019,24.59,26.08,24.55,25.55,25.55,40542000
03/05/2019,25.9,26.64,25.48,26.4,26.4,33499000
06/05/2019,25.72,26.67,25.51,26.55,26.55,29169000
07/05/2019,26.44,26.65,25.47,25.87,25.87,25894000
08/05/2019,25.87,26.46,25.75,26.15,26.15,18475000
09/05/2019,25.89,26.14,25.41,26.06,26.06,18310000
10/05/2019,26.04,26.3,25.26,25.88,25.88,16749000
13/05/2019,24.79,25.31,24.56,25.08,25.08,19388000
14/05/2019,24.5,25.4,24.22,25.32,25.32,20971000
15/05/2019,25.06,26.54,25.0,26.42,26.42,19316000
16/05/2019,26.54,27.95,26.51,27.8,27.8,29757000
17/05/2019,27.67,27.94,27.16,27.35,27.35,16672000
20/05/2019,27.0,27.3,26.47,26.72,26.72,18561000
21/05/2019,27.2,27.36,26.95,27.28,27.28,11104000
22/05/2019,27.17,28.09,27.14,27.9,27.9,12520000
23/05/2019,27.5,27.8,26.8,27.16,27.16,15303000
24/05/2019,27.45,27.89,27.25,27.58,27.58,11634000
28/05/2019,27.83,28.6,27.83,28.24,28.24,15389000
29/05/2019,28.0,28.03,27.05,27.27,27.27,16738000
30/05/2019,27.51,27.78,27.08,27.7,27.7,12909000
31/05/2019,27.34,27.9,27.22,27.49,27.49,10878000
03/06/2019,27.43,27.75,26.22,26.5,26.5,25358000
04/06/2019,26.85,27.41,26.41,27.4,27.4,16030000
05/06/2019,27.72,29.29,27.71,29.25,29.25,23421000
06/06/2019,29.18,29.91,28.9,29.71,29.71,18673000
07/06/2019,29.87,30.94,29.84,30.5,30.5,23447000
10/06/2019,30.92,31.56,30.44,30.67,30.67,17161000
11/06/2019,30.96,31.15,29.86,30.67,30.67,18478000
12/06/2019,30.45,31.27,30.2,31.01,31.01,11246000
13/06/2019,31.29,31.41,30.56,30.7,30.7,10434000
14/06/2019,30.54,30.64,30.19,30.51,30.51,7510000
17/06/2019,30.44,30.79,30.31,30.58,30.58,7035000
18/06/2019,31.0,31.14,30.37,30.42,30.42,11049000
19/06/2019,30.55,32.77,30.24,32.7,32.7,29802000
20/06/2019,33.15,33.89,32.6,32.8,32.8,31088000
21/06/2019,32.8,33.14,32.41,32.69,32.69,14460000
24/06/2019,32.33,32.45,31.1,31.18,31.18,21796000
25/06/2019,30.7,30.96,28.17,28.4,28.4,49530000
26/06/2019,28.9,29.55,28.17,28.9,28.9,23340000
27/06/2019,29.05,30.24,28.95,30.1,30.1,18145000
28/06/2019,30.33,30.43,29.23,30.01,30.01,15009000
01/07/2019,30.86,30.88,30.03,30.47,30.47,13440000
02/07/2019,30.54,31.47,30.5,31.2,31.2,12988000
03/07/2019,31.09,31.83,31.03,31.33,31.33,9664000
05/07/2019,31.1,31.39,30.34,31.37,31.37,13183000
08/07/2019,31.44,32.98,31.3,32.1,32.1,25487000
09/07/2019,32.24,32.44,31.95,32.2,32.2,17407000
10/07/2019,32.45,32.7,31.85,31.9,31.9,12757000
11/07/2019,31.9,31.98,31.42,31.5,31.5,12383000
12/07/2019,31.5,31.58,30.26,31.0,31.0,20248000
15/07/2019,30.99,32.43,30.6,32.4,32.4,18413000
16/07/2019,32.37,32.48,31.59,31.74,31.74,13369000
17/07/2019,31.93,33.69,31.9,32.53,32.53,37482000
18/07/2019,32.58,33.33,32.26,33.12,33.12,16785000
19/07/2019,33.31,33.9,32.97,33.0,33.0,14789000
22/07/2019,33.19,34.08,33.15,33.52,33.52,18709000
23/07/2019,33.7,33.9,32.86,33.02,33.02,16641000
24/07/2019,33.05,33.18,32.41,32.96,32.96,18889000
25/07/2019,33.09,33.87,32.77,33.33,33.33,14984000
26/07/2019,33.29,33.9,33.23,33.65,33.65,11202000
29/07/2019,33.63,33.7,31.35,31.97,31.97,22234000
30/07/2019,31.4,32.23,31.04,31.43,31.43,17761000
31/07/2019,31.65,32.1,31.04,31.79,31.79,18363000
01/08/2019,33.4,35.08,32.8,34.14,34.14,46128000
02/08/2019,34.12,34.12,32.27,33.22,33.22,19806000
05/08/2019,31.39,32.75,31.34,32.14,32.14,23913000
06/08/2019,32.74,33.34,32.44,33.27,33.27,17726000
07/08/2019,33.01,34.28,32.85,34.13,34.13,17679000
08/08/2019,34.4,35.86,34.23,35.78,35.78,18852000
09/08/2019,35.45,37.16,35.42,36.99,36.99,23614000
12/08/2019,36.7,37.24,36.12,36.67,36.67,17058000
13/08/2019,36.4,37.07,35.53,36.92,36.92,19219000
14/08/2019,36.04,36.69,34.76,35.28,35.28,23977000
15/08/2019,35.5,35.95,34.77,35.11,35.11,15822000
16/08/2019,35.61,36.11,35.15,35.87,35.87,13206000
19/08/2019,36.37,36.59,35.91,36.18,36.18,12007000
20/08/2019,36.15,37.63,35.93,37.5,37.5,20717000
21/08/2019,38.14,39.15,37.75,38.98,38.98,24212000
22/08/2019,39.19,39.28,38.0,38.85,38.85,20848000
23/08/2019,38.8,40.12,38.12,38.28,38.28,29024000
26/08/2019,38.86,39.8,38.41,39.6,39.6,19962000
27/08/2019,40.27,40.96,39.85,40.7,40.7,27919000
28/08/2019,40.64,40.79,39.08,39.48,39.48,27436000
29/08/2019,40.22,40.3,39.17,39.17,39.17,24074000
30/08/2019,39.36,39.44,37.17,38.54,38.54,29226000
03/09/2019,38.4,39.28,38.02,38.39,38.39,19655000
04/09/2019,38.97,39.15,38.25,38.65,38.65,13399000
05/09/2019,38.77,39.3,38.04,39.27,39.27,22185000
06/09/2019,39.35,39.58,38.01,38.04,38.04,17237000
09/09/2019,38.4,38.4,35.03,35.87,35.87,45181000
10/09/2019,35.25,35.53,33.51,33.72,33.72,52546000
11/09/2019,33.84,35.07,33.61,34.75,34.75,32152000
12/09/2019,35.5,36.08,35.11,35.66,35.66,30800000
13/09/2019,35.65,35.75,33.76,33.83,33.83,26766000
16/09/2019,32.85,34.35,32.45,33.79,33.79,28553000
17/09/2019,32.46,33.47,32.34,32.88,32.88,55335000
18/09/2019,33.11,33.19,31.75,32.58,32.58,27011000
19/09/2019,32.83,33.19,32.12,32.5,32.5,17669000
20/09/2019,32.5,33.09,31.2,31.88,31.88,27832000
23/09/2019,31.78,32.55,31.07,31.33,31.33,24693000
24/09/2019,31.36,31.58,28.76,29.55,29.55,52634000
25/09/2019,29.2,31.58,28.61,31.46,31.46,54844000
26/09/2019,31.48,31.62,30.24,31.31,31.31,29359000
27/09/2019,31.4,31.64,30.17,30.57,30.57,21812000
30/09/2019,30.47,31.65,30.2,31.17,31.17,20602000
01/10/2019,31.17,32.0,30.88,31.32,31.32,20107000
02/10/2019,30.96,31.12,30.07,31.04,31.04,22062000
03/10/2019,31.14,32.66,30.42,32.56,32.56,31372000
04/10/2019,32.75,33.04,32.01,32.72,32.72,27540000
07/10/2019,32.68,33.16,32.22,32.63,32.63,14006000
08/10/2019,32.25,32.57,31.08,31.1,31.1,19673000
09/10/2019,31.35,31.67,31.17,31.39,31.39,14488000
10/10/2019,31.45,32.93,31.1,32.45,32.45,21758000
11/10/2019,33.09,33.73,32.45,32.93,32.93,22612000
14/10/2019,32.9,34.6,32.87,34.43,34.43,21224000
15/10/2019,34.71,34.94,34.37,34.61,34.61,20334000
16/10/2019,34.2,34.37,32.22,32.36,32.36,24892000
17/10/2019,32.65,33.39,32.4,33.13,33.13,16843000
18/10/2019,33.2,33.5,31.21,31.43,31.43,26576000
21/10/2019,31.7,32.66,31.16,31.97,31.97,17972000
22/10/2019,32.35,32.68,29.53,29.97,29.97,30904000
23/10/2019,29.82,30.98,29.11,29.71,29.71,23660000
24/10/2019,30.2,32.42,30.1,32.33,32.33,31335000
25/10/2019,31.67,32.14,30.91,31.75,31.75,22416000
28/10/2019,32.25,32.92,31.28,32.49,32.49,28425000
29/10/2019,30.6,32.19,29.86,31.25,31.25,53518000
30/10/2019,31.33,31.99,30.85,31.91,31.91,20418000
31/10/2019,31.64,31.99,30.87,31.36,31.36,17894000
01/11/2019,31.62,32.21,31.29,31.68,31.68,16005000
04/11/2019,31.84,32.1,30.38,30.79,30.79,26226000
05/11/2019,30.81,30.91,29.45,29.55,29.55,28060000
06/11/2019,29.69,30.07,29.15,29.5,29.5,16359000
07/11/2019,29.56,29.75,28.24,28.58,28.58,24489000
08/11/2019,28.21,29.88,28.21,29.76,29.76,24672000
11/11/2019,29.6,30.52,29.35,30.33,30.33,17478000
12/11/2019,30.18,31.07,30.18,30.56,30.56,16772000
13/11/2019,30.5,31.48,30.26,31.43,31.43,19642000
14/11/2019,31.43,31.99,30.94,31.25,31.25,16535000
15/11/2019,31.49,31.53,30.97,31.24,31.24,10205000
18/11/2019,31.27,32.58,31.03,32.3,32.3,17435000
19/11/2019,32.32,32.58,31.45,31.63,31.63,14284000
20/11/2019,31.44,32.51,31.2,31.7,31.7,16569000
21/11/2019,31.75,32.2,31.42,31.61,31.61,13531000
22/11/2019,31.88,32.0,30.97,31.45,31.45,11163000
25/11/2019,31.51,31.87,31.23,31.71,31.71,13718000
26/11/2019,31.79,33.72,31.71,33.62,33.62,28766000
27/11/2019,33.75,34.26,33.01,34.1,34.1,24136000
29/11/2019,33.99,34.4,33.55,33.67,33.67,12067000
02/12/2019,33.6,33.6,31.15,33.08,33.08,29702000
03/12/2019,32.1,35.13,32.0,35.07,35.07,32698000
04/12/2019,35.0,37.69,34.95,37.2,37.2,56008000
05/12/2019,37.1,37.66,36.03,36.36,36.36,32422000
06/12/2019,36.78,37.23,36.08,36.46,36.46,21987000
09/12/2019,36.52,38.11,36.4,36.98,36.98,40746000
10/12/2019,37.35,37.4,36.45,36.8,36.8,15147000
11/12/2019,36.84,37.45,36.55,37.31,37.31,18379000
12/12/2019,37.2,37.63,36.49,37.21,37.21,21714000
13/12/2019,37.04,39.2,37.04,38.56,38.56,32570000
16/12/2019,38.97,39.67,38.3,39.36,39.36,26217000
17/12/2019,39.3,39.7,38.06,38.79,38.79,24641000
18/12/2019,39.1,40.48,39.05,39.69,39.69,30707000
19/12/2019,39.56,40.2,39.13,39.31,39.31,19410000
20/12/2019,39.31,39.87,38.75,39.01,39.01,16842000
23/12/2019,39.29,39.87,38.8,38.91,38.91,14290000
24/12/2019,38.98,40.06,38.61,39.94,39.94,15273000
26/12/2019,40.28,41.66,40.24,40.88,40.88,23498000
27/12/2019,41.15,41.58,40.31,40.8,40.8,19133000
30/12/2019,40.84,40.93,39.21,39.64,39.64,18269000
31/12/2019,39.5,40.39,39.1,39.76,39.76,11222000
02/01/2020,40.4,40.82,39.84,40.78,40.78,13967000
03/01/2020,40.16,40.84,39.7,40.43,40.43,10317000
06/01/2020,39.86,41.35,39.54,41.33,41.33,16860000
07/01/2020,41.58,42.25,41.01,41.45,41.45,15529000
08/01/2020,41.39,42.25,41.19,41.81,41.81,15501000
09/01/2020,42.31,43.17,42.18,43.02,43.02,17844000
10/01/2020,43.25,43.86,42.77,42.92,42.92,18041000
13/01/2020,43.5,44.67,43.38,44.03,44.03,19998000
14/01/2020,44.28,44.59,43.05,44.12,44.12,15055000
15/01/2020,44.19,45.3,44.12,44.85,44.85,16329000
16/01/2020,45.27,45.38,44.66,45.13,45.13,14669000
17/01/2020,45.27,45.89,45.2,45.49,45.49,18692000
21/01/2020,45.5,47.29,45.41,46.54,46.54,21393000
22/01/2020,47.0,47.68,46.32,46.48,46.48,23584000
23/01/2020,46.48,47.3,46.0,46.92,46.92,24450000
24/01/2020,47.4,47.65,45.78,46.55,46.55,21411000
27/01/2020,44.76,45.99,43.67,45.11,45.11,22474000
28/01/2020,45.35,46.87,45.11,46.77,46.77,15361000
29/01/2020,47.34,48.0,47.04,47.17,47.17,18085000
30/01/2020,47.05,47.81,46.47,47.69,47.69,15071000
31/01/2020,48.06,48.29,46.3,46.57,46.57,21802000
03/02/2020,46.83,47.49,45.72,46.94,46.94,18507000
04/02/2020,47.64,48.77,47.18,48.55,48.55,17798000
05/02/2020,49.35,49.5,46.8,47.56,47.56,21317000
06/02/2020,47.32,47.57,46.25,47.3,47.3,16732000
07/02/2020,47.2,48.17,46.68,47.87,47.87,11944000
10/02/2020,47.91,49.17,47.65,49.17,49.17,18650000
11/02/2020,49.41,49.99,48.91,49.28,49.28,26930000
12/02/2020,56.89,59.39,52.9,53.12,53.12,97794000
13/02/2020,53.3,55.48,53.07,53.3,53.3,45225000
14/02/2020,54.1,54.22,52.33,53.12,53.12,22082000
18/02/2020,53.4,54.89,53.2,53.64,53.64,24464000
19/02/2020,54.4,54.97,53.86,54.32,54.32,17858000
20/02/2020,54.27,54.72,50.74,53.56,53.56,24669000
21/02/2020,53.12,53.46,51.16,52.07,52.07,19258000
24/02/2020,48.2,50.4,47.6,49.1,49.1,32880000
25/02/2020,50.0,50.24,45.65,46.65,46.65,34084000
26/02/2020,45.92,48.4,45.9,47.12,47.12,25320000
27/02/2020,45.23,46.79,42.79,43.84,43.84,37168000
28/02/2020,42.26,46.33,42.05,46.33,46.33,34554000
02/03/2020,48.32,48.88,46.16,48.84,48.84,32555000
03/03/2020,50.15,50.3,46.75,47.69,47.69,31572000
04/03/2020,48.9,51.4,48.6,51.22,51.22,26945000
05/03/2020,49.5,51.24,49.12,49.82,49.82,24602000
06/03/2020,48.0,49.12,45.91,47.21,47.21,29135000
09/03/2020,43.08,44.61,41.65,41.83,41.83,29866000
10/03/2020,44.5,45.05,42.06,45.03,45.03,28641000
11/03/2020,43.53,44.2,40.63,42.23,42.23,28126000
12/03/2020,37.1,40.36,36.61,37.78,37.78,44194000
13/03/2020,40.4,40.64,36.3,39.09,39.09,33144000
16/03/2020,33.9,36.2,32.15,32.23,32.23,41799000
17/03/2020,33.0,35.8,30.77,35.51,35.51,42408000
18/03/2020,32.63,35.86,30.53,33.68,33.68,35224000
19/03/2020,33.62,34.57,31.6,33.25,33.25,32472000
20/03/2020,34.5,37.25,34.2,34.61,34.61,42957000
23/03/2020,34.65,38.42,33.51,37.54,37.54,36509000
24/03/2020,41.28,43.3,40.67,43.0,43.0,35047000
25/03/2020,43.59,47.06,43.21,44.66,44.66,35632000
26/03/2020,45.44,47.05,43.53,44.74,44.74,30938000
27/03/2020,42.76,43.34,41.2,42.16,42.16,25693000
30/03/2020,42.35,43.49,41.2,43.04,43.04,15988000
31/03/2020,42.81,43.96,41.4,41.69,41.69,19501000
01/04/2020,40.3,40.6,38.15,38.47,38.47,22727000
02/04/2020,35.0,36.59,33.46,34.63,34.63,52055000
03/04/2020,35.8,36.38,34.5,35.76,35.76,26159000
06/04/2020,38.0,39.36,36.93,39.26,39.26,27666000
07/04/2020,40.9,40.9,37.4,37.85,37.85,32142000
08/04/2020,38.3,41.76,38.13,41.45,41.45,33532000
09/04/2020,42.25,43.9,41.3,41.77,41.77,29354000
13/04/2020,42.37,45.34,41.78,44.74,44.74,31202000
14/04/2020,46.7,50.15,46.13,49.61,49.61,37466000
15/04/2020,48.11,50.04,47.71,49.72,49.72,26843000
16/04/2020,50.85,52.91,50.2,52.64,52.64,37049000
17/04/2020,54.05,59.18,53.9,59.04,59.04,61417000
20/04/2020,58.5,64.5,58.4,62.99,62.99,68305000
21/04/2020,64.7,66.57,55.6,58.5,58.5,110507000
22/04/2020,61.6,63.5,60.32,62.66,62.66,50241000
23/04/2020,63.13,63.98,61.04,62.05,62.05,43839000
24/04/2020,62.4,65.2,60.56,64.32,64.32,54456000
27/04/2020,66.26,66.26,62.3,62.86,62.86,40300000
28/04/2020,63.4,63.98,61.01,63.37,63.37,36857000
29/04/2020,63.7,64.56,62.11,64.0,64.0,24039000
30/04/2020,62.5,64.6,62.3,63.23,63.23,24460000
01/05/2020,61.5,62.79,59.5,61.36,61.36,25212000
04/05/2020,62.06,65.89,61.7,65.89,65.89,27598000
05/05/2020,67.0,70.47,66.2,68.61,68.61,51437000
06/05/2020,67.29,73.92,66.9,73.35,73.35,69252000
07/05/2020,71.99,73.87,71.5,72.28,72.28,46034000
08/05/2020,70.56,72.1,70.3,70.9,70.9,40787000
11/05/2020,70.7,75.25,70.38,75.03,75.03,36738000
12/05/2020,76.9,77.1,73.39,74.23,74.23,36961000
13/05/2020,75.0,76.86,71.73,75.44,75.44,43696000
14/05/2020,74.99,75.81,73.3,75.43,75.43,28475000
15/05/2020,75.43,77.48,75.12,76.7,76.7,30235000
18/05/2020,77.0,77.07,73.3,73.8,73.8,36674000
19/05/2020,74.54,76.5,71.32,75.3,75.3,52644000
20/05/2020,76.8,77.8,75.17,77.8,77.8,32390000
21/05/2020,79.19,80.99,78.21,80.24,80.24,41365000
22/05/2020,80.46,82.64,79.36,82.52,82.52,27736000
26/05/2020,84.2,84.4,74.24,76.79,76.79,64651000
27/05/2020,75.5,75.7,68.5,75.0,75.0,68596000
28/05/2020,72.8,77.04,72.78,74.44,74.44,37530000
29/05/2020,75.61,76.94,73.8,75.78,75.78,33026000
01/06/2020,75.47,75.93,73.95,75.8,75.8,18433000
02/06/2020,76.44,78.43,74.4,77.95,77.95,26644000
03/06/2020,77.79,77.91,75.84,76.2,76.2,18920000
04/06/2020,76.39,77.72,72.6,73.52,73.52,27672000
05/06/2020,72.11,74.09,70.2,72.78,72.78,24773000
08/06/2020,71.5,73.11,70.8,73.07,73.07,18895000
09/06/2020,74.39,75.48,73.32,74.17,74.17,15170000
10/06/2020,75.7,75.85,73.25,74.36,74.36,14921000
11/06/2020,73.33,76.55,72.4,72.51,72.51,22880000
12/06/2020,73.93,74.5,71.32,74.26,74.26,21233000
15/06/2020,77.7,80.74,76.99,80.55,80.55,40607000
16/06/2020,80.9,81.68,78.75,80.58,80.58,26388000
17/06/2020,81.3,82.75,81.06,81.74,81.74,18431000
18/06/2020,83.25,86.97,83.05,86.36,86.36,30858000
19/06/2020,87.6,89.56,86.6,88.1,88.1,40203000
22/06/2020,89.51,90.99,89.21,90.48,90.48,23956000
23/06/2020,91.92,92.8,90.73,91.13,91.13,24304000
24/06/2020,91.0,92.4,86.8,89.7,89.7,34200000
25/06/2020,88.66,91.76,87.32,91.63,91.63,24192000
26/06/2020,91.6,92.7,89.4,91.0,91.0,27208000
29/06/2020,91.4,92.3,87.64,92.24,92.24,27405000
30/06/2020,92.55,95.88,92.2,94.92,94.92,27491000
01/07/2020,94.8,101.79,94.8,101.66,101.66,34483000
02/07/2020,103.5,105.94,102.2,103.0,103.0,34594000
06/07/2020,105.25,105.9,98.36,98.68,98.68,43507000
07/07/2020,98.5,104.0,97.3,101.4,101.4,32909000
08/07/2020,102.73,103.53,100.25,101.73,101.73,20572000
09/07/2020,102.5,105.22,101.29,104.0,104.0,28653000
10/07/2020,104.0,104.49,101.81,103.19,103.19,17084000
13/07/2020,104.3,107.5,93.51,96.88,96.88,39009000
14/07/2020,97.0,99.8,90.17,97.44,97.44,35915000
15/07/2020,97.4,98.0,93.4,95.94,95.94,23385000
16/07/2020,94.2,95.28,91.54,92.55,92.55,20861000
17/07/2020,93.22,94.1,90.61,92.81,92.81,20398000
20/07/2020,92.9,101.18,91.82,100.94,100.94,31615000
21/07/2020,102.22,102.5,94.82,95.28,95.28,30326000
22/07/2020,96.47,98.06,94.0,95.73,95.73,21821000
23/07/2020,96.68,98.0,91.11,92.84,92.84,30173000
24/07/2020,90.6,94.18,88.32,92.98,92.98,24188000
27/07/2020,94.76,97.75,93.51,97.64,97.64,26899000
28/07/2020,100.71,101.49,97.52,98.5,98.5,38474000
29/07/2020,110.74,110.79,103.8,105.36,105.36,64923000
30/07/2020,104.83,106.21,100.3,104.88,104.88,27839000
31/07/2020,106.5,106.77,101.21,102.4,102.4,23325000
03/08/2020,103.2,108.93,102.9,108.31,108.31,26466000
04/08/2020,107.4,108.29,105.4,108.0,108.0,16184000
05/08/2020,107.9,110.5,107.01,109.46,109.46,15516000
06/08/2020,109.33,109.97,106.88,108.81,108.81,12872000
07/08/2020,108.0,109.29,103.03,105.31,105.31,16345000
10/08/2020,105.5,106.4,98.74,100.56,100.56,24052000
11/08/2020,99.96,101.5,96.47,97.2,97.2,22709000
12/08/2020,98.39,100.79,98.0,99.1,99.1,17039000
13/08/2020,100.5,102.4,98.7,99.99,99.99,14018000
14/08/2020,100.23,100.7,97.85,98.79,98.79,15991000
17/08/2020,99.9,101.96,99.55,101.3,101.3,12691000
18/08/2020,102.1,102.7,99.32,102.47,102.47,12876000
19/08/2020,102.2,104.3,100.3,100.91,100.91,12322000
20/08/2020,100.41,104.36,99.92,103.96,103.96,13324000
21/08/2020,103.6,104.7,101.5,102.11,102.11,12874000
24/08/2020,103.2,103.38,98.89,99.93,99.93,18207000
25/08/2020,99.1,103.88,99.1,103.72,103.72,16919000
26/08/2020,104.9,111.6,104.62,108.93,108.93,28068000
27/08/2020,108.18,108.93,104.93,105.35,105.35,15537000
28/08/2020,106.71,107.9,103.94,104.21,104.21,13375000
31/08/2020,104.85,107.39,103.5,106.64,106.64,11264000
01/09/2020,107.5,114.69,107.39,113.43,113.43,20827000
02/09/2020,114.2,114.5,106.25,107.46,107.46,27065000
03/09/2020,104.44,105.87,99.39,101.57,101.57,29317000
04/09/2020,99.62,101.9,89.65,97.3,97.3,34701000
08/09/2020,92.09,95.4,90.64,91.74,91.74,21049000
09/09/2020,95.5,97.0,93.2,94.93,94.93,18105000
10/09/2020,97.0,97.5,92.54,93.42,93.42,17211000
11/09/2020,94.8,94.8,89.75,91.45,91.45,16423000
14/09/2020,92.77,94.69,91.91,93.18,93.18,16620000
15/09/2020,93.18,95.3,92.3,92.94,92.94,18332000
16/09/2020,93.8,93.9,88.45,88.52,88.52,36321000
17/09/2020,85.89,87.47,83.94,87.08,87.08,37588000
18/09/2020,88.4,90.84,86.68,90.13,90.13,24375000
21/09/2020,88.31,92.91,88.1,92.79,92.79,22292000
22/09/2020,94.04,95.69,90.47,95.43,95.43,24901000
23/09/2020,94.7,95.4,91.07,91.88,91.88,18302000
24/09/2020,90.96,92.7,89.42,90.86,90.86,16441000
25/09/2020,91.97,96.12,91.12,96.09,96.09,19808000
28/09/2020,97.0,98.37,95.1,96.65,96.65,18709000
29/09/2020,96.96,103.0,96.14,102.57,102.57,31176000
30/09/2020,103.77,104.3,101.43,102.3,102.3,19313000
01/10/2020,103.06,106.34,102.61,105.44,105.44,17544000
02/10/2020,102.05,105.4,101.7,102.9,102.9,13282000
05/10/2020,103.6,106.59,101.44,106.55,106.55,15686000
06/10/2020,106.8,108.2,103.0,104.12,104.12,14524000
07/10/2020,105.92,107.79,104.82,107.34,107.34,12525000
08/10/2020,108.11,108.68,105.62,106.92,106.92,10788000
09/10/2020,107.26,109.89,107.0,109.6,109.6,11277000
12/10/2020,110.51,113.0,108.53,109.0,109.0,13238000
13/10/2020,109.6,110.99,108.64,110.66,110.66,11218000
14/10/2020,111.1,111.43,106.66,108.21,108.21,11995000
15/10/2020,105.8,108.28,104.4,107.83,107.83,10577000
16/10/2020,108.6,110.35,106.38,106.72,106.72,10615000
19/10/2020,107.08,109.02,105.48,106.9,106.9,9751000
20/10/2020,106.8,107.84,104.6,105.65,105.65,8932000
21/10/2020,105.49,106.9,101.8,102.2,102.2,9944000
22/10/2020,102.68,103.39,99.05,100.71,100.71,9814000
23/10/2020,100.15,102.7,99.63,102.62,102.62,10336000
26/10/2020,101.9,104.44,100.81,103.81,103.81,14135000
27/10/2020,106.69,108.8,105.74,108.29,108.29,16831000
28/10/2020,105.82,106.71,101.68,102.67,102.67,16774000
29/10/2020,105.26,105.46,97.5,97.7,97.7,34668000
30/10/2020,97.39,98.73,90.62,92.54,92.54,26758000
02/11/2020,93.46,95.43,89.89,91.5,91.5,15234000
03/11/2020,92.3,95.29,91.05,94.17,94.17,11108000
04/11/2020,97.6,100.27,95.5,99.6,99.6,15923000
05/11/2020,102.7,103.88,100.3,103.65,103.65,12611000
06/11/2020,103.1,104.51,100.31,104.5,104.5,11536000
09/11/2020,99.0,99.17,90.0,90.26,90.26,39158000
10/11/2020,91.2,92.4,87.5,88.58,88.58,29365000
11/11/2020,90.4,94.82,89.86,94.72,94.72,17331000
12/11/2020,94.6,95.48,92.17,92.58,92.58,12230000
13/11/2020,93.45,93.69,90.84,91.83,91.83,8678000
16/11/2020,89.01,91.94,88.0,91.92,91.92,15217000
17/11/2020,92.5,92.98,90.52,91.4,91.4,7602000
18/11/2020,91.5,93.6,90.51,93.14,93.14,10000000
19/11/2020,94.6,98.15,93.73,96.68,96.68,18982000
20/11/2020,97.6,99.8,97.3,98.85,98.85,16837000
23/11/2020,98.85,98.97,96.32,98.0,98.0,12007000
24/11/2020,97.8,98.01,96.3,97.12,97.12,8597000
25/11/2020,97.64,102.11,97.5,101.95,101.95,15917000
27/11/2020,102.82,104.4,100.93,103.44,103.44,11854000
30/11/2020,104.5,109.47,103.5,109.04,109.04,26049000
01/12/2020,108.04,108.77,105.1,106.91,106.91,17298000
02/12/2020,105.1,108.34,103.6,107.94,107.94,12523000
03/12/2020,108.2,111.24,106.13,106.27,106.27,15156000
04/12/2020,106.8,107.93,105.11,105.39,105.39,8527000
07/12/2020,105.8,108.8,105.6,108.44,108.44,9347000
08/12/2020,108.9,110.7,108.3,110.21,110.21,10871000
09/12/2020,110.0,110.29,102.84,103.82,103.82,14300000
10/12/2020,101.75,107.3,101.7,106.74,106.74,9805000
11/12/2020,106.5,107.5,103.8,105.79,105.79,7389000
14/12/2020,105.0,107.93,103.92,105.92,105.92,11319000
15/12/2020,105.42,108.62,105.07,107.41,107.41,8042000
16/12/2020,107.26,116.42,107.17,115.73,115.73,30927000
17/12/2020,116.3,120.69,115.04,118.0,118.0,22951000
18/12/2020,118.18,118.42,116.11,117.1,117.1,11146000
21/12/2020,116.5,120.52,114.5,119.73,119.73,15173000
22/12/2020,120.39,128.52,120.02,127.71,127.71,24992000
23/12/2020,127.5,127.62,119.74,119.8,119.8,21284000
24/12/2020,121.6,123.9,120.95,122.55,122.55,9255000
28/12/2020,122.99,123.15,113.72,114.71,114.71,18963000
29/12/2020,116.8,120.05,114.63,117.16,117.16,14220000
30/12/2020,117.81,118.06,114.28,116.3,116.3,7909000
31/12/2020,116.35,116.35,112.82,113.19,113.19,8184000
04/01/2021,113.8,114.29,107.79,109.24,109.24,16449000
05/01/2021,109.44,111.87,108.56,111.87,111.87,9055000
06/01/2021,109.75,110.9,107.61,108.73,108.73,12687000
07/01/2021,110.2,116.17,110.2,115.95,115.95,13765000
08/01/2021,117.2,119.49,115.15,118.89,118.89,13781000
11/01/2021,117.05,121.77,116.0,117.76,117.76,11108000
12/01/2021,118.8,120.58,116.54,118.82,118.82,9022000
13/01/2021,119.2,120.2,116.95,119.98,119.98,6938000
14/01/2021,122.9,123.01,117.07,117.89,117.89,11838000
15/01/2021,119.02,119.3,114.7,117.05,117.05,8933000
19/01/2021,118.69,119.07,115.02,117.4,117.4,7765000
20/01/2021,118.07,121.63,117.53,120.1,120.1,8119000
21/01/2021,121.4,121.62,118.1,119.82,119.82,7011000
22/01/2021,118.75,120.16,117.72,119.67,119.67,6247000
25/01/2021,120.62,124.75,116.55,120.59,120.59,14883000
26/01/2021,120.82,121.61,115.74,115.98,115.98,9855000
27/01/2021,114.99,114.99,108.1,109.21,109.21,16102000
28/01/2021,111.02,113.87,109.06,112.06,112.06,7744000
29/01/2021,112.0,112.48,108.1,109.86,109.86,10061000
01/02/2021,110.6,114.9,109.97,114.49,114.49,10833000
02/02/2021,116.65,123.83,116.12,123.54,123.54,17418000
03/02/2021,123.54,124.6,119.52,122.42,122.42,11629000
04/02/2021,124.13,128.16,123.34,126.09,126.09,14237000
05/02/2021,126.15,129.68,125.26,128.77,128.77,10475000
08/02/2021,130.39,134.83,129.3,134.51,134.51,12466000
09/02/2021,136.55,145.35,135.6,143.3,143.3,21341000
10/02/2021,144.8,149.98,140.82,146.24,146.24,20917000
11/02/2021,147.56,148.2,143.8,146.33,146.33,9224000
12/02/2021,145.7,147.3,143.14,145.55,145.55,10125000
16/02/2021,146.85,149.23,142.8,147.4,147.4,15742000
17/02/2021,138.42,145.96,134.5,142.5,142.5,36524000
18/02/2021,139.31,141.5,137.52,138.46,138.46,12521000
19/02/2021,139.7,143.86,137.65,143.5,143.5,13248000
22/02/2021,139.78,141.48,136.06,138.13,138.13,13880000
23/02/2021,126.98,132.21,120.54,130.02,130.02,34488000
24/02/2021,130.53,132.0,126.35,130.12,130.12,11156000
25/02/2021,130.14,132.12,122.62,124.51,124.51,18641000
26/02/2021,125.47,129.8,123.7,128.1,128.1,13237000
01/03/2021,131.5,133.0,128.1,130.99,130.99,12698000
02/03/2021,131.78,131.78,125.5,130.91,130.91,12761000
03/03/2021,128.83,130.0,121.83,122.03,122.03,11563000
04/03/2021,119.99,122.03,111.36,114.94,114.94,27452000
05/03/2021,115.5,115.5,102.16,113.1,113.1,39430000
08/03/2021,112.6,116.4,107.08,107.24,107.24,24598000
09/03/2021,112.37,114.79,110.15,113.07,113.07,18584000
10/03/2021,116.96,117.0,107.95,108.79,108.79,20534000
11/03/2021,111.95,115.82,108.69,114.22,114.22,16604000
12/03/2021,112.2,114.63,109.3,114.06,114.06,10884000
15/03/2021,113.72,115.91,111.0,115.9,115.9,7090000
16/03/2021,118.31,119.0,112.4,114.32,114.32,10698000
17/03/2021,112.23,117.86,109.8,116.92,116.92,9168000
18/03/2021,114.5,114.8,110.63,111.71,111.71,10418000
19/03/2021,111.9,113.74,110.44,112.1,112.1,8113000
22/03/2021,112.31,116.08,112.04,116.0,116.0,9041000
23/03/2021,116.5,116.85,114.23,116.2,116.2,8967000
24/03/2021,117.68,118.5,110.24,110.6,110.6,10708000
25/03/2021,109.01,110.4,105.12,106.17,106.17,17682000
26/03/2021,105.26,108.5,100.51,106.52,106.52,28402000
29/03/2021,105.36,107.58,102.86,103.99,103.99,10552000
30/03/2021,102.85,107.42,101.28,104.87,104.87,15133000
31/03/2021,106.8,111.95,106.5,110.65,110.65,13838000
01/04/2021,115.0,117.9,113.7,115.54,115.54,11602000
05/04/2021,117.51,117.8,113.59,114.6,114.6,7347000
06/04/2021,114.4,117.97,114.4,115.61,115.61,7102000
07/04/2021,115.0,117.5,114.38,115.95,115.95,6646000
08/04/2021,118.25,122.45,118.0,122.27,122.27,15816000
09/04/2021,121.2,123.45,119.02,122.73,122.73,12388000
12/04/2021,122.0,122.6,118.74,120.2,120.2,10305000
13/04/2021,121.5,124.82,121.5,124.15,124.15,10923000
14/04/2021,124.8,125.0,117.6,117.99,117.99,13165000
15/04/2021,120.0,122.2,118.7,120.83,120.83,9545000
16/04/2021,121.1,121.92,118.78,120.78,120.78,7345000
19/04/2021,119.2,120.23,114.32,114.58,114.58,9309000
20/04/2021,113.8,115.82,110.72,112.3,112.3,8610000
21/04/2021,111.61,114.98,111.0,114.21,114.21,6237000
22/04/2021,115.72,115.72,109.2,109.66,109.66,10819000
23/04/2021,110.39,110.96,108.73,109.9,109.9,11936000
26/04/2021,111.17,116.6,110.73,116.6,116.6,14914000
27/04/2021,116.6,116.91,113.44,115.69,115.69,12861000
28/04/2021,121.68,130.16,119.28,128.88,128.88,39021000
29/04/2021,129.95,130.0,122.81,123.31,123.31,16526000
30/04/2021,121.58,122.74,117.56,118.25,118.25,15854000
03/05/2021,118.67,119.44,111.92,112.2,112.2,13983000
04/05/2021,111.5,114.4,107.2,114.29,114.29,20933000
05/05/2021,115.1,115.78,110.99,112.04,112.04,12660000
06/05/2021,111.3,112.58,106.72,109.09,109.09,22406000
07/05/2021,111.82,112.86,109.31,110.86,110.86,15599000
10/05/2021,109.9,110.24,106.0,108.02,108.02,13905000
11/05/2021,104.0,112.16,103.18,111.02,111.02,19243000
12/05/2021,108.3,110.59,105.57,108.39,108.39,13861000
13/05/2021,110.23,110.9,102.51,104.78,104.78,15549000
14/05/2021,106.7,108.81,104.4,108.5,108.5,10558000
17/05/2021,107.65,111.46,107.01,109.64,109.64,10860000
18/05/2021,110.5,115.26,109.14,113.34,113.34,19158000
19/05/2021,110.6,117.26,110.2,117.04,117.04,19420000
20/05/2021,118.0,122.42,117.0,121.49,121.49,15517000
21/05/2021,122.4,124.6,119.2,122.41,122.41,16825000
24/05/2021,122.48,127.83,121.6,126.14,126.14,13985000
25/05/2021,126.7,128.1,123.2,124.0,124.0,14564000
26/05/2021,124.85,126.8,123.2,123.88,123.88,11206000
27/05/2021,123.19,125.72,121.46,124.08,124.08,10401000
28/05/2021,124.84,127.18,124.17,124.29,124.29,8817000
01/06/2021,125.42,127.89,124.46,125.16,125.16,11748000
02/06/2021,125.8,126.58,121.8,122.96,122.96,9914000
03/06/2021,122.3,122.82,119.55,119.9,119.9,8098000
04/06/2021,121.0,122.44,120.22,120.57,120.57,6260000
07/06/2021,120.91,123.12,118.25,123.06,123.06,6860000
08/06/2021,124.4,125.22,121.0,123.07,123.07,7119000
09/06/2021,122.75,124.28,121.5,121.56,121.56,5163000
10/06/2021,121.5,123.71,119.81,123.11,123.11,9893000
11/06/2021,123.82,125.0,122.8,124.7,124.7,8850000
14/06/2021,124.7,131.09,124.53,130.66,130.66,14477000
15/06/2021,130.9,135.0,128.6,132.11,132.11,17222000
16/06/2021,132.43,137.7,131.83,136.63,136.63,23230000
17/06/2021,135.23,146.1,135.1,144.93,144.93,31473000
18/06/2021,143.5,148.55,143.45,146.69,146.69,25490000
21/06/2021,147.33,155.22,145.25,148.02,148.02,32540000
22/06/2021,148.0,151.64,146.7,150.84,150.84,21680000
23/06/2021,151.09,153.5,149.43,150.05,150.05,13716000
24/06/2021,151.34,152.98,147.37,147.9,147.9,13401000
25/06/2021,148.99,148.99,142.9,147.35,147.35,18024000
28/06/2021,148.38,152.31,147.8,149.5,149.5,12812000
29/06/2021,149.71,151.3,147.32,148.3,148.3,10581000
30/06/2021,147.86,149.18,145.4,146.1,146.1,10441000
01/07/2021,146.1,146.95,144.2,145.8,145.8,7634000
02/07/2021,147.0,149.8,144.9,146.48,146.48,10431000
06/07/2021,146.81,154.1,146.76,153.8,153.8,19334000
07/07/2021,155.1,158.77,150.84,152.02,152.02,16647000
08/07/2021,147.5,149.95,145.23,146.33,146.33,16595000
09/07/2021,147.25,149.69,145.79,149.5,149.5,12576000
12/07/2021,150.29,153.02,147.6,149.47,149.47,11842000
13/07/2021,149.26,153.23,149.07,151.65,151.65,11928000
14/07/2021,153.5,155.0,145.9,146.3,146.3,14591000
15/07/2021,147.6,148.11,142.0,144.15,144.15,11672000
16/07/2021,145.43,146.38,142.6,144.26,144.26,9597000
19/07/2021,141.52,147.54,139.3,147.2,147.2,14301000
20/07/2021,147.74,153.35,145.82,152.48,152.48,12863000
21/07/2021,151.75,156.94,151.56,156.94,156.94,13495000
22/07/2021,156.43,160.26,156.43,159.41,159.41,18516000
23/07/2021,160.8,165.0,159.59,164.33,164.33,14018000
26/07/2021,164.92,165.0,157.67,158.23,158.23,14330000
27/07/2021,158.2,160.24,151.3,155.51,155.51,17331000
28/07/2021,157.7,158.32,149.7,153.8,153.8,22118000
29/07/2021,152.81,156.02,151.0,152.5,152.5,17606000
30/07/2021,149.99,152.99,149.02,149.99,149.99,10310000
02/08/2021,150.38,155.5,149.31,153.87,153.87,14319000
03/08/2021,154.21,155.98,149.9,152.26,152.26,16119000
04/08/2021,152.41,155.82,151.7,155.55,155.55,6691000
05/08/2021,155.32,157.6,153.38,154.55,154.55,8228000
06/08/2021,153.29,155.1,150.13,152.51,152.51,6929000
09/08/2021,152.58,155.2,151.01,155.0,155.0,10938000
10/08/2021,155.7,158.34,151.44,152.59,152.59,12075000
11/08/2021,153.62,153.74,148.08,148.52,148.52,9219000
12/08/2021,148.25,151.4,145.59,150.32,150.32,10821000
13/08/2021,150.0,150.5,147.5,149.8,149.8,6226000
16/08/2021,149.15,153.46,146.87,148.9,148.9,12804000
17/08/2021,148.57,149.33,145.81,148.19,148.19,11452000
18/08/2021,147.46,151.4,147.12,148.92,148.92,8204000
19/08/2021,147.2,149.96,146.31,146.61,146.61,6250000
20/08/2021,147.76,148.58,143.75,145.07,145.07,7835000
23/08/2021,145.62,148.82,145.31,148.14,148.14,8694000
24/08/2021,151.0,156.2,151.0,153.85,153.85,13568000
25/08/2021,154.15,155.6,151.16,155.22,155.22,8031000
26/08/2021,154.9,155.69,151.42,151.56,151.56,6271000
27/08/2021,151.7,153.9,151.11,153.14,153.14,5210000
30/08/2021,154.09,156.0,152.8,154.9,154.9,6600000
31/08/2021,155.42,155.42,152.13,152.48,152.48,5201000
01/09/2021,152.76,155.22,152.33,153.9,153.9,5750000
02/09/2021,154.24,158.8,153.84,154.26,154.26,9417000
03/09/2021,154.5,156.8,154.1,155.43,155.43,6015000
07/09/2021,155.47,156.38,152.69,153.67,153.67,6118000
08/09/2021,153.7,153.79,147.57,147.78,147.78,10681000
09/09/2021,149.1,151.93,148.59,150.41,150.41,6623000
10/09/2021,151.5,151.77,147.95,148.41,148.41,5024000
13/09/2021,149.2,149.54,143.24,147.69,147.69,9754000
14/09/2021,147.54,149.14,144.3,145.13,145.13,7795000
15/09/2021,145.5,147.76,143.31,147.49,147.49,6501000
16/09/2021,146.9,147.93,145.1,147.6,147.6,7566000
17/09/2021,146.67,148.75,145.22,148.63,148.63,5468000
20/09/2021,144.0,146.48,140.11,143.45,143.45,12677000
21/09/2021,144.5,144.87,142.34,143.71,143.71,7709000
22/09/2021,144.5,147.47,142.9,146.59,146.59,5932000
23/09/2021,147.4,148.5,145.6,147.66,147.66,6196000
24/09/2021,147.34,147.6,142.8,144.4,144.4,8684000
27/09/2021,143.6,145.17,141.43,144.38,144.38,7652000
28/09/2021,142.0,142.55,135.9,136.93,136.93,13280000
29/09/2021,138.1,139.3,134.11,134.65,134.65,10059000
30/09/2021,134.7,137.7,134.7,135.58,135.58,7658000
01/10/2021,136.25,136.98,133.93,135.08,135.08,7294000
04/10/2021,132.63,133.9,128.59,131.49,131.49,11739000
05/10/2021,131.25,135.6,131.25,131.81,131.81,7878000
06/10/2021,131.17,135.9,130.54,134.99,134.99,8602000
07/10/2021,137.3,140.65,136.52,139.85,139.85,11086000
08/10/2021,141.78,142.9,137.24,137.8,137.8,8904000
11/10/2021,136.9,138.55,135.3,135.7,135.7,6229000
12/10/2021,136.99,137.9,135.1,135.72,135.72,5998000
13/10/2021,137.7,139.95,136.87,139.9,139.9,6402000
14/10/2021,141.32,142.7,140.17,140.68,140.68,6224000
15/10/2021,141.48,142.99,139.71,142.46,142.46,7320000
18/10/2021,142.5,146.6,141.8,146.51,146.51,8406000
19/10/2021,147.99,150.2,147.0,148.57,148.57,7261000
20/10/2021,149.79,150.23,146.2,148.75,148.75,7125000
21/10/2021,147.22,150.67,147.22,149.67,149.67,6267000
22/10/2021,147.0,147.29,140.45,142.59,142.59,15291000
25/10/2021,142.89,143.9,139.5,142.52,142.52,8001000
26/10/2021,142.8,143.01,135.77,136.37,136.37,12910000
27/10/2021,136.4,137.92,133.61,136.11,136.11,14520000
28/10/2021,135.0,150.47,132.85,145.7,145.7,37595000
29/10/2021,143.5,148.82,141.98,146.67,146.67,12632000
01/11/2021,146.51,153.18,146.0,152.76,152.76,15488000
02/11/2021,152.3,153.4,147.1,147.66,147.66,9064000
03/11/2021,149.53,149.72,145.21,149.53,149.53,7089000
04/11/2021,151.53,154.92,149.55,154.06,154.06,9932000
05/11/2021,153.5,155.0,151.02,152.81,152.81,6538000
08/11/2021,154.0,156.43,152.2,153.38,153.38,7644000
09/11/2021,154.6,156.31,151.98,155.49,155.49,5945000
10/11/2021,153.74,154.49,147.0,147.4,147.4,6922000
11/11/2021,150.05,151.2,149.0,149.03,149.03,5458000
12/11/2021,152.1,167.48,151.0,166.95,166.95,28396000
15/11/2021,165.34,170.44,163.25,165.65,165.65,14730000
16/11/2021,163.0,171.45,162.85,167.53,167.53,9160000
17/11/2021,165.81,167.68,163.57,163.78,163.78,6078000
18/11/2021,164.6,169.76,163.72,168.13,168.13,9685000
19/11/2021,171.8,176.29,168.51,169.06,169.06,15061000
22/11/2021,170.1,170.35,158.05,159.5,159.5,13559000
23/11/2021,158.8,161.36,153.21,157.31,157.31,10588000
24/11/2021,155.54,164.2,154.12,162.87,162.87,9714000
26/11/2021,165.0,166.13,157.62,157.67,157.67,7558000
29/11/2021,157.73,158.35,152.47,156.7,156.7,11188000
30/11/2021,160.05,162.99,151.66,152.18,152.18,16144000
01/12/2021,154.66,155.8,145.8,145.97,145.97,14490000
02/12/2021,145.75,148.48,143.1,144.71,144.71,11223000
03/12/2021,146.6,146.75,135.7,141.0,141.0,14152000
06/12/2021,137.31,143.09,134.0,142.81,142.81,12083000
07/12/2021,147.14,153.6,146.66,152.05,152.05,14649000
08/12/2021,150.86,153.49,149.2,152.03,152.03,7767000
09/12/2021,151.5,153.4,148.21,149.49,149.49,7961000
10/12/2021,150.85,153.15,144.21,146.16,146.16,7941000
13/12/2021,144.76,147.04,137.1,139.71,139.71,12730000
14/12/2021,136.8,140.26,132.9,135.43,135.43,12079000
15/12/2021,135.2,137.64,128.89,136.81,136.81,15768000
16/12/2021,142.8,142.8,129.79,132.69,132.69,14065000
17/12/2021,130.54,135.21,128.0,132.34,132.34,12093000
20/12/2021,130.74,132.0,127.19,128.22,128.22,10738000
21/12/2021,131.25,137.13,130.47,137.01,137.01,12592000
22/12/2021,135.95,139.24,135.14,138.56,138.56,8331000
23/12/2021,139.0,144.36,138.08,143.93,143.93,10960000
27/12/2021,144.36,145.7,139.62,140.06,140.06,7207000
28/12/2021,140.82,141.5,136.42,137.56,137.56,5830000
29/12/2021,136.9,140.08,135.14,139.21,139.21,6410000
30/12/2021,138.81,143.29,138.81,139.82,139.82,5688000
31/12/2021,139.99,140.37,137.7,137.74,137.74,4713000
03/01/2022,139.19,139.37,133.42,136.31,136.31,7156000
04/01/2022,135.65,137.0,121.12,122.19,122.19,29443000
05/01/2022,121.35,122.88,117.38,119.0,119.0,21152000
06/01/2022,117.24,119.78,113.86,116.89,116.89,18043000
07/01/2022,116.9,118.24,112.14,114.45,114.45,12887000
10/01/2022,111.7,113.32,106.4,113.12,113.12,21126000
11/01/2022,109.7,116.6,108.6,115.73,115.73,12626000
12/01/2022,118.52,119.12,115.7,116.88,116.88,11329000
13/01/2022,117.0,117.81,106.15,106.44,106.44,22801000
14/01/2022,105.3,111.2,104.86,110.29,110.29,22203000
18/01/2022,108.72,108.83,102.91,105.47,105.47,21871000
19/01/2022,106.82,112.25,103.02,103.1,103.1,19601000
20/01/2022,105.0,108.44,102.27,102.39,102.39,14176000
21/01/2022,100.47,101.36,86.88,88.21,88.21,53351000
24/01/2022,83.4,96.4,78.0,93.85,93.85,77556000
25/01/2022,91.0,93.9,84.1,89.24,89.24,46759000
26/01/2022,93.7,95.0,85.23,86.89,86.89,33160000
27/01/2022,90.47,90.67,81.31,81.58,81.58,21541000
28/01/2022,82.5,87.43,79.25,87.22,87.22,26570000
31/01/2022,88.19,96.82,87.5,96.42,96.42,25004000
01/02/2022,98.43,98.85,93.79,98.42,98.42,17521000
02/02/2022,98.35,98.51,86.49,88.59,88.59,31831000
03/02/2022,83.0,85.74,80.6,80.94,80.94,30260000
04/02/2022,83.0,89.26,81.09,87.6,87.6,29425000
07/02/2022,88.16,90.8,85.55,86.69,86.69,16540000
08/02/2022,85.9,88.05,85.2,87.8,87.8,11550000
09/02/2022,90.52,92.56,88.4,92.5,92.5,14855000
10/02/2022,90.0,93.25,88.5,89.33,89.33,19135000
11/02/2022,89.21,90.6,83.5,85.4,85.4,13525000
14/02/2022,84.64,87.11,83.55,84.75,84.75,15799000
15/02/2022,86.44,89.13,84.31,88.95,88.95,17269000
16/02/2022,79.99,80.0,72.0,74.68,74.68,99250000
17/02/2022,72.71,73.22,65.5,66.0,66.0,70505000
18/02/2022,66.28,68.35,64.04,65.69,65.69,39739000
22/02/2022,63.2,66.2,62.43,62.62,62.62,31565000
23/02/2022,63.48,65.99,62.5,62.66,62.66,24329000
24/02/2022,58.5,66.88,58.5,66.4,66.4,35520000
25/02/2022,67.73,68.46,64.3,67.69,67.69,22754000
28/02/2022,68.98,70.41,66.75,69.43,69.43,17032000
01/03/2022,68.89,71.12,67.06,67.34,67.34,16118000
02/03/2022,67.14,67.8,63.54,65.98,65.98,22121000
03/03/2022,66.49,66.63,63.22,64.07,64.07,15530000
04/03/2022,64.1,65.09,59.15,60.08,60.08,28135000
07/03/2022,59.9,60.61,55.74,56.08,56.08,27626000
08/03/2022,55.26,55.5,51.12,51.49,51.49,52423000
09/03/2022,54.5,59.49,53.41,58.76,58.76,39836000
10/03/2022,56.72,57.2,54.53,55.32,55.32,29826000
11/03/2022,56.9,58.05,54.22,54.44,54.44,27361000
14/03/2022,54.14,55.32,51.0,51.26,51.26,24949000
15/03/2022,51.86,56.3,51.37,55.34,55.34,26554000
16/03/2022,57.46,62.39,56.7,62.24,62.24,31596000
17/03/2022,61.22,65.78,60.46,65.74,65.74,30356000
18/03/2022,64.99,78.0,64.73,78.0,78.0,46309000
21/03/2022,69.9,71.31,65.3,68.35,68.35,66699000
22/03/2022,68.92,73.38,67.1,72.7,72.7,44498000
23/03/2022,71.5,73.95,69.5,70.36,70.36,33973000
24/03/2022,71.03,71.18,68.04,70.5,70.5,24119000
25/03/2022,70.5,70.68,66.6,67.95,67.95,22331000
28/03/2022,68.5,71.66,67.07,70.16,70.16,24524000
29/03/2022,71.68,75.88,70.24,74.4,74.4,29475000
30/03/2022,72.57,73.78,69.2,70.56,70.56,31929000
31/03/2022,70.85,70.86,67.52,67.6,67.6,22227000
01/04/2022,68.76,71.69,67.85,69.3,69.3,29412000
04/04/2022,69.64,73.09,69.2,72.73,72.73,19590000
05/04/2022,72.9,74.13,69.2,70.29,70.29,23784000
06/04/2022,68.46,68.54,63.84,65.66,65.66,33372000
07/04/2022,65.6,66.9,62.04,64.4,64.4,29001000
08/04/2022,63.93,64.17,60.01,60.32,60.32,41833000
11/04/2022,61.45,62.9,59.37,61.74,61.74,39027000
12/04/2022,62.76,64.44,59.02,59.11,59.11,36801000
13/04/2022,59.1,62.2,57.9,60.48,60.48,28847000
14/04/2022,60.24,60.7,57.9,57.95,57.95,22825000
18/04/2022,57.5,58.69,55.6,58.1,58.1,23199000
19/04/2022,57.75,61.4,57.6,60.56,60.56,21425000
20/04/2022,59.3,59.4,52.5,52.5,52.5,51187000
21/04/2022,53.5,53.77,47.26,48.1,48.1,59355000
22/04/2022,48.0,49.27,45.4,46.0,46.0,44860000
25/04/2022,46.2,47.58,45.34,45.92,45.92,40069000
26/04/2022,45.51,45.85,42.8,42.81,42.81,37412000
27/04/2022,42.4,44.0,41.33,41.62,41.62,31913000
28/04/2022,42.88,45.21,41.12,44.33,44.33,41856000
29/04/2022,42.2,46.34,42.15,42.68,42.68,39769000
02/05/2022,42.12,45.41,42.12,45.3,45.3,33719000
03/05/2022,45.17,47.53,44.94,46.52,46.52,37363000
04/05/2022,45.77,48.8,43.91,48.55,48.55,44708000
05/05/2022,40.76,42.49,39.59,41.31,41.31,113608000
06/05/2022,40.11,40.15,35.51,37.75,37.75,102696000
09/05/2022,36.2,37.17,33.73,34.0,34.0,64127000
10/05/2022,35.49,36.61,31.8,33.54,33.54,60862000
11/05/2022,33.19,34.6,31.52,31.86,31.86,63287000
12/05/2022,31.36,38.5,30.81,35.35,35.35,94274000
13/05/2022,37.22,40.86,37.22,40.25,40.25,61514000
16/05/2022,39.78,39.82,35.69,35.99,35.99,54134000
17/05/2022,37.4,38.5,34.64,37.26,37.26,47196000
18/05/2022,36.31,37.97,35.5,36.06,36.06,42404000
19/05/2022,36.22,41.37,36.05,39.13,39.13,76018000
20/05/2022,40.07,40.4,34.0,36.38,36.38,56643000
23/05/2022,36.2,36.88,34.2,36.85,36.85,40429000
24/05/2022,35.64,35.64,31.9,32.48,32.48,44375000
25/05/2022,32.95,33.67,31.8,33.31,33.31,37994000
26/05/2022,32.97,35.71,32.53,35.13,35.13,30734000
27/05/2022,35.68,37.18,35.56,36.9,36.9,31135000
31/05/2022,37.44,38.74,36.22,37.51,37.51,36062000
01/06/2022,37.96,39.29,35.19,36.15,36.15,38709000
02/06/2022,36.25,40.1,36.2,39.89,39.89,40150000
03/06/2022,37.99,38.55,34.83,35.37,35.37,50216000
06/06/2022,36.7,37.46,35.45,36.06,36.06,37865000
07/06/2022,35.41,38.13,35.0,38.07,38.07,47707000
08/06/2022,38.1,39.6,37.71,39.15,39.15,35180000
09/06/2022,38.52,39.75,37.1,37.14,37.14,33993000
10/06/2022,35.5,36.28,33.93,34.84,34.84,40240000
13/06/2022,33.14,34.01,31.16,31.29,31.29,40666000
14/06/2022,31.66,32.08,29.76,30.35,30.35,38194000
15/06/2022,30.57,33.1,30.48,32.6,32.6,47767000
16/06/2022,31.48,31.93,29.96,30.52,30.52,40943000
17/06/2022,30.69,32.59,30.63,31.69,31.69,37008000
21/06/2022,32.4,33.68,32.16,32.83,32.83,31601000
22/06/2022,32.44,34.83,32.25,33.85,33.85,34586000
23/06/2022,33.85,36.53,33.21,36.38,36.38,43753000
24/06/2022,36.45,38.79,36.38,38.52,38.52,46653000
27/06/2022,39.25,39.5,35.83,37.32,37.32,58165000
28/06/2022,37.13,38.05,34.66,35.03,35.03,44122000
29/06/2022,34.4,34.98,32.47,33.05,33.05,30879400
30/06/2022,32.65,33.34,30.86,31.24,31.24,26019600
01/07/2022,32.08,33.06,30.7,31.41,31.41,20371600
05/07/2022,30.84,34.28,29.72,34.0,34.0,29111300
06/07/2022,34.14,35.31,32.75,33.04,33.04,25782300
07/07/2022,32.84,35.48,32.3,35.33,35.33,23042300
08/07/2022,34.25,36.75,34.1,35.57,35.57,22067200
11/07/2022,34.76,35.1,32.04,32.32,32.32,22534000
12/07/2022,32.57,33.48,31.7,32.38,32.38,21445000
13/07/2022,31.35,33.21,30.28,32.15,32.15,26325800
14/07/2022,31.84,32.25,30.38,30.67,30.67,24247400
15/07/2022,31.29,31.84,30.02,31.27,31.27,22398700
18/07/2022,31.92,34.2,31.83,32.54,32.54,28950700
19/07/2022,34.02,34.38,32.04,34.37,34.37,27254900
20/07/2022,34.19,38.84,33.95,38.49,38.49,42330800
21/07/2022,37.97,40.68,37.85,40.4,40.4,39578500
22/07/2022,39.4,39.86,36.76,37.35,37.35,28254400
25/07/2022,37.05,37.43,35.71,36.71,36.71,19770500
26/07/2022,31.81,31.95,30.55,31.55,31.55,65071900
27/07/2022,31.46,35.48,31.31,35.24,35.24,79941500
28/07/2022,34.7,36.16,33.6,35.91,35.91,33198400
29/07/2022,35.21,36.65,33.75,34.83,34.83,31716800
01/08/2022,34.9,37.42,34.05,36.44,36.44,26421500
02/08/2022,35.7,38.98,35.55,37.74,37.74,29707000
03/08/2022,38.3,42.15,38.3,41.93,41.93,38072800
04/08/2022,41.95,42.59,40.17,41.02,41.02,31569700
05/08/2022,39.27,42.55,39.04,40.81,40.81,28771500
08/08/2022,41.41,42.45,39.27,39.77,39.77,29845900
09/08/2022,38.75,38.84,36.31,36.75,36.75,34712100
10/08/2022,39.44,40.87,37.97,40.61,40.61,39813100
11/08/2022,42.82,45.43,39.66,40.42,40.42,55567200
12/08/2022,41.3,41.53,39.61,40.76,40.76,29889600
15/08/2022,40.14,41.1,38.86,39.84,39.84,28841600
16/08/2022,39.93,40.39,37.63,39.58,39.58,30792100
17/08/2022,38.75,39.01,37.1,37.3,37.3,29058800
18/08/2022,37.29,37.38,36.01,36.86,36.86,20334700
19/08/2022,36.09,36.44,34.11,34.2,34.2,28335200
22/08/2022,33.39,33.98,32.57,33.18,33.18,23788800
23/08/2022,33.05,33.8,32.38,32.47,32.47,20640400
24/08/2022,32.68,34.26,32.41,33.29,33.29,23435800
25/08/2022,33.74,34.71,33.29,34.34,34.34,23870600
26/08/2022,34.37,34.59,31.8,32.42,32.42,30300000
29/08/2022,31.76,33.2,31.76,31.94,31.94,21041800
30/08/2022,32.47,32.91,30.53,31.36,31.36,33550300
31/08/2022,31.98,33.35,31.34,31.65,31.65,26208600
01/09/2022,30.94,31.36,29.82,31.27,31.27,28553500
02/09/2022,31.8,31.99,29.86,30.11,30.11,31478500
06/09/2022,30.15,30.36,29.07,29.84,29.84,25659500
07/09/2022,29.96,31.1,29.37,30.98,30.98,22289300
08/09/2022,30.42,32.03,29.89,31.94,31.94,30419400
09/09/2022,32.44,34.9,32.34,34.81,34.81,40584300
12/09/2022,34.75,35.81,34.6,35.16,35.16,24260600
13/09/2022,32.75,33.52,32.4,32.7,32.7,29833300
14/09/2022,32.58,33.73,31.89,33.69,33.69,22981700
15/09/2022,33.16,34.73,32.94,33.85,33.85,23235200
16/09/2022,32.43,32.83,31.22,31.73,31.73,31975500
19/09/2022,31.17,33.03,31.14,32.94,32.94,25049700
20/09/2022,32.31,32.39,30.79,30.95,30.95,26104100
21/09/2022,31.04,32.43,30.5,30.55,30.55,28911800
22/09/2022,30.21,30.57,28.32,28.57,28.57,34457100
23/09/2022,28.41,28.91,27.65,28.76,28.76,27542900
26/09/2022,28.67,29.94,28.24,28.25,28.25,25033100
27/09/2022,29.03,29.4,27.66,27.85,27.85,23308500
28/09/2022,27.94,29.37,27.66,29.24,29.24,24820600
29/09/2022,28.32,28.6,26.51,26.77,26.77,32086900
30/09/2022,26.57,28.14,26.38,26.94,26.94,24803900
03/10/2022,27.3,28.22,26.48,27.76,27.76,26422900
04/10/2022,29.08,31.84,29.0,31.53,31.53,43031000
05/10/2022,30.42,31.25,30.12,30.83,30.83,24091900
06/10/2022,30.55,31.08,29.78,30.06,30.06,36022000
07/10/2022,29.08,29.19,27.01,27.21,27.21,29793400
10/10/2022,27.28,27.28,26.01,26.45,26.45,21516600
11/10/2022,26.4,26.58,24.95,25.67,25.67,32098000
12/10/2022,25.66,26.45,25.25,25.99,25.99,20772500
13/10/2022,24.11,26.56,23.63,26.24,26.24,34677500
14/10/2022,26.99,27.39,25.98,26.06,26.06,30443800
17/10/2022,27.45,28.0,27.07,27.76,27.76,22387300
18/10/2022,29.25,29.72,28.33,28.73,28.73,22754300
19/10/2022,28.45,28.63,27.84,28.35,28.35,22677700
20/10/2022,28.5,30.82,28.38,29.73,29.73,37547100
21/10/2022,29.03,29.75,28.03,29.75,29.75,32835900
24/10/2022,29.32,29.39,27.83,28.75,28.75,24463900
25/10/2022,29.16,30.16,29.15,29.83,29.83,19598800
26/10/2022,29.2,30.87,28.55,29.06,29.06,29275000
27/10/2022,31.03,34.6,30.9,34.1,34.1,85884000
28/10/2022,33.84,34.78,32.58,34.19,34.19,39189500
31/10/2022,34.07,36.16,33.9,34.23,34.23,46021100
01/11/2022,35.38,36.4,34.72,34.79,34.79,32527700
02/11/2022,34.93,36.06,33.51,33.51,33.51,34905000
03/11/2022,32.92,35.16,32.83,33.74,33.74,23395000
04/11/2022,34.73,35.0,31.33,32.15,32.15,30310900
07/11/2022,32.61,32.93,31.46,32.24,32.24,16129000
08/11/2022,32.57,33.25,31.66,32.8,32.8,18576000
09/11/2022,32.03,32.39,30.44,30.9,30.9,17640800
10/11/2022,33.9,36.6,33.45,36.51,36.51,32449100
11/11/2022,36.61,40.92,36.13,39.44,39.44,39173400
14/11/2022,39.05,39.31,37.92,38.4,38.4,17931100
15/11/2022,40.41,41.73,39.96,40.02,40.02,26589100
16/11/2022,39.07,39.78,37.86,38.51,38.51,17334200
17/11/2022,37.48,38.27,36.84,37.72,37.72,16916600
18/11/2022,38.29,38.37,36.08,36.59,36.59,14746300
21/11/2022,35.77,36.09,34.66,35.21,35.21,15565600
22/11/2022,35.12,35.38,34.38,35.28,35.28,12669100
23/11/2022,35.37,37.04,35.15,36.77,36.77,15970700
25/11/2022,36.73,37.01,36.04,36.79,36.79,9401500
28/11/2022,38.8,40.15,37.54,38.03,38.03,42560300
29/11/2022,38.48,39.96,36.73,37.15,37.15,29118200
30/11/2022,37.42,40.9,37.09,40.88,40.88,30671800
01/12/2022,41.45,43.74,41.3,43.4,43.4,33691900
02/12/2022,42.15,45.06,42.01,43.06,43.06,30820900
05/12/2022,42.77,43.7,40.41,40.79,40.79,22014000
06/12/2022,40.57,40.85,38.57,38.97,38.97,19295200
07/12/2022,38.08,38.99,37.72,38.49,38.49,23536600
08/12/2022,38.07,39.15,36.56,38.64,38.64,24816600
09/12/2022,38.45,40.35,38.33,38.38,38.38,21469400
12/12/2022,37.92,38.68,37.49,38.38,38.38,20040700
13/12/2022,41.81,42.7,38.57,38.78,38.78,26830000
14/12/2022,38.4,39.45,37.69,38.24,38.24,21245500
15/12/2022,37.29,37.8,36.05,36.39,36.39,17448200
16/12/2022,36.09,37.11,35.65,36.09,36.09,16908800
19/12/2022,36.1,36.3,35.22,35.5,35.5,14397600
20/12/2022,34.9,37.1,34.78,35.99,35.99,16742400
21/12/2022,36.18,36.94,35.29,36.19,36.19,13260500
22/12/2022,35.6,35.6,33.39,34.68,34.68,16498400
23/12/2022,34.2,34.55,33.1,33.71,33.71,13112800
27/12/2022,33.06,33.63,32.35,33.39,33.39,12400900
28/12/2022,33.21,33.7,32.4,32.64,32.64,13332100
29/12/2022,33.18,35.38,32.93,35.1,35.1,17645700
30/12/2022,34.32,35.15,34.15,34.71,34.71,13272900
03/01/2023,35.69,36.48,34.65,35.68,35.68,18847000
04/01/2023,36.29,37.77,35.71,37.54,37.54,20072500
05/01/2023,36.55,36.79,35.36,35.95,35.95,16462100
06/01/2023,36.11,37.25,34.97,36.85,36.85,15951900
09/01/2023,37.7,38.49,37.16,37.19,37.19,17446600
10/01/2023,36.97,37.4,36.04,36.5,36.5,20460400
11/01/2023,36.64,37.35,35.78,36.44,36.44,19921800
12/01/2023,37.29,37.4,35.6,36.76,36.76,19977600
13/01/2023,35.8,39.07,35.67,38.89,38.89,24097400
17/01/2023,39.19,40.3,38.05,39.98,39.98,20077200
18/01/2023,40.38,41.03,39.1,39.17,39.17,19447800
19/01/2023,38.42,39.47,37.91,38.06,38.06,15311900
20/01/2023,38.58,40.48,38.14,40.48,40.48,15073100
23/01/2023,42.11,44.11,41.9,44.04,44.04,29496300
24/01/2023,45.5,45.5,42.0,42.69,42.69,16032500
25/01/2023,44.96,48.27,44.34,47.33,47.33,59097900
26/01/2023,48.7,49.08,46.44,48.33,48.33,28958200
27/01/2023,47.75,50.17,47.62,50.08,50.08,24480200
30/01/2023,49.58,49.65,47.05,47.19,47.19,18872900
31/01/2023,47.88,49.74,47.73,49.27,49.27,21531600
01/02/2023,49.37,50.84,48.28,50.26,50.26,26964600
02/02/2023,52.74,54.49,52.33,53.63,53.63,26663500
03/02/2023,51.27,54.67,51.0,52.93,52.93,21572000
06/02/2023,51.67,52.89,51.4,51.57,51.57,13585900
07/02/2023,51.61,51.8,49.34,51.35,51.35,20441200
08/02/2023,51.11,51.72,49.76,49.8,49.8,13116400
09/02/2023,50.72,51.26,49.4,49.64,49.64,17396400
10/02/2023,48.86,49.15,47.33,48.3,48.3,14714100
13/02/2023,48.38,49.12,47.92,48.7,48.7,11358400
14/02/2023,48.75,50.73,47.94,50.11,50.11,18465400
15/02/2023,51.0,53.7,50.21,53.39,53.39,36098100
16/02/2023,45.54,46.92,44.31,44.91,44.91,66831900
17/02/2023,44.14,45.03,42.92,43.61,43.61,26415300
21/02/2023,42.13,42.85,41.14,41.42,41.42,24483300
22/02/2023,42.03,42.92,41.02,42.03,42.03,20094700
23/02/2023,42.69,42.82,40.94,42.38,42.38,20430900
24/02/2023,40.45,41.09,39.87,40.75,40.75,20981600
27/02/2023,40.94,41.05,39.74,40.48,40.48,18491800
28/02/2023,40.51,41.36,40.41,41.14,41.14,13054900
01/03/2023,41.14,41.45,40.0,40.1,40.1,13484800
02/03/2023,39.12,41.41,39.02,41.18,41.18,16917000
03/03/2023,41.31,43.49,41.22,43.4,43.4,16948500
06/03/2023,43.71,44.06,43.17,43.48,43.48,14875100
07/03/2023,43.12,43.68,42.22,42.46,42.46,13295700
08/03/2023,42.38,43.82,42.03,43.7,43.7,13779400
09/03/2023,43.73,45.98,42.74,43.0,43.0,24116800
10/03/2023,42.14,42.63,40.52,41.46,41.46,22080900
13/03/2023,40.52,42.76,39.79,41.78,41.78,18922300
14/03/2023,42.96,44.21,42.86,43.8,43.8,16867700
15/03/2023,42.63,43.56,42.09,43.54,43.54,17052200
16/03/2023,43.49,44.85,42.02,44.67,44.67,15374500
17/03/2023,44.23,45.38,43.75,44.68,44.68,17938000
20/03/2023,44.11,44.24,42.78,43.88,43.88,15361600
21/03/2023,44.1,46.05,44.1,45.74,45.74,14747400
22/03/2023,45.71,47.32,44.72,44.96,44.96,17080900
23/03/2023,45.82,46.94,45.12,45.79,45.79,15348800
24/03/2023,45.2,45.58,44.24,44.98,44.98,11154500
27/03/2023,45.36,45.88,44.25,45.07,45.07,10729600
28/03/2023,44.98,45.39,44.0,44.31,44.31,8872500
29/03/2023,44.75,46.73,44.75,46.7,46.7,14238100
30/03/2023,47.24,47.32,46.02,46.51,46.51,12119100
31/03/2023,46.49,48.13,45.95,47.94,47.94,13503600
03/04/2023,47.25,47.76,46.58,47.68,47.68,10349800
04/04/2023,47.78,48.26,47.32,47.59,47.59,11378400
05/04/2023,47.34,47.42,45.18,45.19,45.19,12283100
06/04/2023,44.68,45.63,43.5,45.35,45.35,11908500
10/04/2023,44.69,45.61,44.05,45.35,45.35,9589600
11/04/2023,45.09,45.55,44.18,44.78,44.78,9268300
12/04/2023,47.14,48.75,45.22,45.3,45.3,30890300
13/04/2023,45.75,46.72,45.63,45.73,45.73,12856300
14/04/2023,45.51,46.47,45.11,46.39,46.39,9819500
17/04/2023,46.11,48.82,45.91,48.52,48.52,17277700
18/04/2023,48.97,49.86,48.63,49.2,49.2,13933400
19/04/2023,48.42,49.4,48.31,49.05,49.05,10237300
20/04/2023,48.4,48.74,47.64,48.0,48.0,12161900
21/04/2023,48.23,48.99,47.85,48.94,48.94,12149000
24/04/2023,48.85,49.46,47.54,48.02,48.02,10039700
25/04/2023,47.5,47.5,46.28,46.46,46.46,9376800
26/04/2023,47.23,47.42,46.17,46.37,46.37,8126500
27/04/2023,47.43,47.62,46.34,47.59,47.59,11479500
28/04/2023,46.94,48.87,46.92,48.45,48.45,10411800
01/05/2023,48.13,48.92,47.13,47.28,47.28,9577300
02/05/2023,46.87,47.63,46.08,46.78,46.78,11255000
03/05/2023,46.8,47.97,46.19,46.27,46.27,15472700
04/05/2023,54.87,59.82,53.88,57.3,57.3,88927300
05/05/2023,57.3,62.54,57.02,62.03,62.03,43079500
08/05/2023,61.6,65.13,61.29,64.38,64.38,37097600
09/05/2023,63.48,63.93,62.36,63.89,63.89,20442800
10/05/2023,64.31,65.54,63.16,63.17,63.17,17461200
11/05/2023,62.4,63.09,61.58,62.9,62.9,15715100
12/05/2023,62.4,62.71,61.01,61.33,61.33,13654600
15/05/2023,60.76,62.32,60.7,61.58,61.58,10652900
16/05/2023,61.2,62.0,60.12,60.12,60.12,11089600
17/05/2023,60.48,61.08,59.42,60.76,60.76,10665600
18/05/2023,60.79,61.98,60.01,60.85,60.85,12967300
19/05/2023,60.7,61.05,59.79,60.2,60.2,11249200
22/05/2023,60.21,64.05,60.17,62.06,62.06,17253600
23/05/2023,61.28,62.04,57.97,58.33,58.33,20317600
24/05/2023,57.75,59.84,57.01,58.97,58.97,17906400
25/05/2023,59.47,59.58,57.43,57.71,57.71,11529500
26/05/2023,58.0,59.92,57.79,59.26,59.26,13636000
30/05/2023,60.6,61.49,57.74,58.19,58.19,12758600
31/05/2023,58.16,59.11,56.73,57.19,57.19,13151600
01/06/2023,56.42,58.59,55.42,57.94,57.94,17356600
02/06/2023,59.03,59.78,57.93,58.29,58.29,12240200
05/06/2023,58.04,60.85,57.94,59.92,59.92,14562400
06/06/2023,61.9,64.06,60.72,63.66,63.66,29211000
07/06/2023,64.01,64.82,59.33,59.56,59.56,18023900
08/06/2023,59.28,61.12,58.08,59.28,59.28,13235100
09/06/2023,59.8,62.3,59.6,61.36,61.36,12933200
12/06/2023,62.1,65.62,61.93,65.01,65.01,23168300
13/06/2023,66.0,66.5,63.3,63.84,63.84,16201900
14/06/2023,63.98,66.56,63.85,65.88,65.88,16711900
15/06/2023,65.33,66.34,63.82,66.1,66.1,11963300
16/06/2023,66.99,67.36,64.51,64.71,64.71,13552000
20/06/2023,65.0,66.57,63.32,64.26,64.26,12884400
21/06/2023,64.16,64.85,61.85,63.17,63.17,12508600
22/06/2023,62.65,64.06,62.05,63.48,63.48,11134600
23/06/2023,62.03,63.92,61.58,63.79,63.79,8603100
26/06/2023,63.37,64.94,63.12,63.25,63.25,8599300
27/06/2023,63.45,64.54,62.78,63.8,63.8,9592500
28/06/2023,63.8,66.31,63.29,64.62,64.62,10721700
29/06/2023,64.78,64.81,63.17,63.76,63.76,8527900
30/06/2023,64.47,65.35,64.2,64.6,64.6,10873300
03/07/2023,65.04,66.42,64.37,64.85,64.85,7509500
05/07/2023,64.63,64.73,63.07,64.44,64.44,12541100
06/07/2023,63.05,63.3,61.44,61.83,61.83,13301200
07/07/2023,62.11,63.33,61.6,61.67,61.67,7961300
10/07/2023,61.25,62.04,60.51,61.89,61.89,8457600
11/07/2023,62.25,63.28,62.11,63.15,63.15,8330100
12/07/2023,64.37,65.95,63.7,65.94,65.94,14865500
13/07/2023,67.02,70.5,66.81,70.37,70.37,22978300
14/07/2023,70.61,71.43,68.42,68.45,68.45,12088500
17/07/2023,68.6,69.89,67.87,68.68,68.68,9671300
18/07/2023,68.46,68.46,65.25,67.26,67.26,14982000
19/07/2023,67.88,69.13,67.41,68.23,68.23,9139300
20/07/2023,67.27,68.27,65.03,65.44,65.44,10732300
21/07/2023,66.26,66.64,65.19,65.57,65.57,7394600
24/07/2023,67.0,67.7,65.51,66.17,66.17,10457300
25/07/2023,65.91,66.48,64.85,64.99,64.99,8531200
26/07/2023,64.5,65.9,63.91,64.68,64.68,8663000
27/07/2023,66.32,67.79,63.53,63.96,63.96,12823800
28/07/2023,65.01,66.26,64.87,66.04,66.04,7783200
31/07/2023,66.95,68.31,66.76,67.58,67.58,9079000
01/08/2023,66.77,67.64,65.59,67.45,67.45,9900400
02/08/2023,65.64,66.18,61.99,62.43,62.43,25987400
03/08/2023,61.88,64.25,58.33,59.04,59.04,35450300
04/08/2023,60.25,61.18,57.67,57.93,57.93,17041900
07/08/2023,57.61,58.06,56.51,57.57,57.57,10887400
08/08/2023,56.45,57.31,55.73,56.19,56.19,12202300
09/08/2023,56.1,57.06,55.09,55.2,55.2,9709000
10/08/2023,56.3,57.2,55.38,56.47,56.47,11696400
11/08/2023,55.59,55.94,54.71,55.27,55.27,8671900
14/08/2023,54.54,55.99,54.38,55.98,55.98,6531000
15/08/2023,55.69,56.2,54.77,55.34,55.34,9741000
16/08/2023,55.16,55.94,54.35,55.34,55.34,8530700
17/08/2023,55.69,55.97,52.78,53.22,53.22,13873200
18/08/2023,51.47,53.25,51.2,53.14,53.14,12142800
21/08/2023,53.41,54.27,52.9,53.93,53.93,7606800
22/08/2023,54.7,55.08,53.84,53.96,53.96,6627500
23/08/2023,54.19,57.01,54.11,56.73,56.73,13232000
24/08/2023,57.1,57.17,54.93,55.46,55.46,8956200
25/08/2023,55.43,56.64,54.07,55.54,55.54,8956000
28/08/2023,56.24,56.72,55.75,56.31,56.31,7511900
29/08/2023,56.28,59.15,56.01,58.8,58.8,9897800
30/08/2023,58.59,60.03,58.37,60.01,60.01,7972400
31/08/2023,64.71,66.85,63.28,66.49,66.49,30505800
01/09/2023,66.68,67.6,65.89,66.71,66.71,13840600
05/09/2023,66.24,66.49,65.27,65.8,65.8,8858400
06/09/2023,65.04,66.26,65.0,65.82,65.82,8222700
07/09/2023,64.76,65.71,63.57,64.78,64.78,8711900
08/09/2023,64.34,64.82,62.78,63.01,63.01,9043500
11/09/2023,63.39,64.76,62.81,64.56,64.56,7924300
12/09/2023,63.73,64.92,62.91,62.93,62.93,7179900
13/09/2023,62.34,63.26,61.72,62.62,62.62,6920300
14/09/2023,63.08,63.84,62.65,63.4,63.4,7116800
15/09/2023,63.31,63.49,61.92,62.38,62.38,8571100
18/09/2023,62.04,62.42,59.37,59.5,59.5,11516400
19/09/2023,59.17,59.23,56.88,58.33,58.33,13471600
20/09/2023,58.62,58.7,56.83,56.97,56.97,8228600
21/09/2023,55.37,55.99,53.68,53.7,53.7,11303200
22/09/2023,54.74,55.27,52.89,53.08,53.08,9870000
25/09/2023,52.71,53.62,52.3,53.58,53.58,8314700
26/09/2023,52.9,53.63,51.37,51.51,51.51,10456000
27/09/2023,51.88,52.49,51.03,51.85,51.85,9041700
28/09/2023,51.25,53.88,50.59,53.2,53.2,13608000
29/09/2023,54.26,55.59,54.1,54.57,54.57,13696200
02/10/2023,54.22,55.21,53.51,54.0,54.0,8265300
03/10/2023,53.0,53.68,51.02,51.38,51.38,11280200
04/10/2023,52.16,52.75,51.15,52.58,52.58,10956700
05/10/2023,52.01,52.55,51.11,52.19,52.19,9268600
06/10/2023,51.43,53.91,51.2,53.65,53.65,12442400
09/10/2023,52.41,53.93,52.06,53.51,53.51,9709400
10/10/2023,53.73,55.59,53.56,55.08,55.08,9834000
11/10/2023,55.51,55.64,53.71,54.24,54.24,8505700
12/10/2023,54.5,55.03,52.92,53.33,53.33,10730800
13/10/2023,53.4,54.19,50.69,51.55,51.55,14373400
16/10/2023,51.92,53.59,51.05,53.28,53.28,10339500
17/10/2023,52.59,54.46,52.49,54.17,54.17,7962000
18/10/2023,54.58,56.2,52.43,52.84,52.84,15420800
19/10/2023,53.13,53.32,51.54,51.83,51.83,10438100
20/10/2023,51.57,52.45,50.62,51.14,51.14,8373000
23/10/2023,50.53,51.98,49.64,51.0,51.0,8851700
24/10/2023,51.5,52.88,51.26,52.35,52.35,7618800
25/10/2023,50.85,51.08,48.35,48.49,48.49,12658800
26/10/2023,48.84,49.36,45.81,46.69,46.69,17931300
27/10/2023,48.13,48.18,46.06,46.4,46.4,12207700
30/10/2023,47.09,47.85,46.25,46.92,46.92,10496200
31/10/2023,46.65,47.62,45.5,47.19,47.19,12046900
01/11/2023,47.55,48.86,47.16,48.79,48.79,19173700
02/11/2023,57.64,60.15,55.51,59.7,59.7,43602900
03/11/2023,59.86,61.84,58.95,61.47,61.47,22370000
06/11/2023,61.59,61.78,59.71,60.43,60.43,13284900
07/11/2023,60.7,62.34,60.03,61.69,61.69,11180400
08/11/2023,61.87,63.09,60.7,62.74,62.74,11987600
09/11/2023,62.52,63.34,60.33,60.37,60.37,13118300
10/11/2023,60.27,61.63,59.89,61.34,61.34,9322100
13/11/2023,61.23,62.41,60.24,62.34,62.34,8784100
14/11/2023,64.26,66.17,63.98,65.52,65.52,13168400
15/11/2023,65.82,68.35,65.76,67.85,67.85,13514500
16/11/2023,67.06,68.25,66.69,67.28,67.28,9160900
17/11/2023,66.93,68.89,66.8,68.34,68.34,9331700
20/11/2023,67.73,70.16,67.73,69.51,69.51,10277000
21/11/2023,69.0,69.91,68.16,69.73,69.73,8209100
22/11/2023,70.26,71.58,69.15,70.96,70.96,10215200
24/11/2023,70.5,71.21,70.23,70.35,70.35,5062800
27/11/2023,71.81,74.47,71.08,73.79,73.79,24288900
28/11/2023,72.42,74.22,72.2,73.51,73.51,12632000
29/11/2023,74.34,75.06,73.0,73.33,73.33,9815600
30/11/2023,73.36,73.84,72.12,72.82,72.82,7322300
01/12/2023,72.5,73.99,71.74,73.86,73.86,8839800
04/12/2023,73.0,73.66,71.37,72.52,72.52,9569200
05/12/2023,71.8,75.47,71.15,74.72,74.72,15768000
06/12/2023,73.77,74.18,71.07,71.14,71.14,13428600
07/12/2023,70.86,72.28,70.04,71.86,71.86,8471200
08/12/2023,71.26,73.02,71.24,72.52,72.52,7456600
11/12/2023,72.43,73.62,72.18,72.81,72.81,7101400
12/12/2023,72.0,72.62,71.07,72.5,72.5,6415900
13/12/2023,72.53,74.09,71.15,73.86,73.86,10910200
14/12/2023,75.31,77.64,74.85,77.54,77.54,13242200
15/12/2023,77.71,77.95,76.35,76.82,76.82,10416900
18/12/2023,75.75,77.47,75.63,77.13,77.13,9501600
19/12/2023,77.2,79.99,77.18,78.35,78.35,12464500
20/12/2023,78.1,78.7,75.15,75.42,75.42,9983300
21/12/2023,76.7,77.3,75.5,76.14,76.14,7496300
22/12/2023,76.45,77.17,76.15,76.83,76.83,6076700
26/12/2023,76.83,78.46,76.44,78.21,78.21,5251800
27/12/2023,78.19,78.68,77.34,78.34,78.34,6050200
28/12/2023,78.29,79.2,77.48,79.11,79.11,7608400
29/12/2023,79.12,79.73,77.25,77.9,77.9,9518700
02/01/2024,76.44,76.63,72.91,73.83,73.83,13134800
03/01/2024,72.08,72.99,71.18,71.82,71.82,9649900
04/01/2024,71.63,74.02,70.61,73.42,73.42,11927400
05/01/2024,73.32,75.95,73.0,74.51,74.51,9830200
08/01/2024,74.78,77.9,74.72,77.69,77.69,8232000
09/01/2024,77.25,80.24,76.92,80.11,80.11,10835000
10/01/2024,80.69,81.3,79.37,81.1,81.1,9866700
11/01/2024,81.15,82.65,79.13,81.3,81.3,10641200
12/01/2024,81.11,83.19,81.0,81.4,81.4,9252600
16/01/2024,80.28,82.14,79.62,81.32,81.32,11659700
17/01/2024,80.03,80.44,77.53,80.32,80.32,15898400
18/01/2024,80.0,81.01,77.21,77.52,77.52,11221200
19/01/2024,77.31,80.18,76.31,80.01,80.01,10241200
22/01/2024,80.91,82.83,79.69,80.26,80.26,9011700
23/01/2024,80.7,81.62,79.53,81.14,81.14,5700500
24/01/2024,82.28,83.36,80.67,80.73,80.73,7675800
25/01/2024,81.27,81.7,79.14,80.49,80.49,6926800
26/01/2024,80.51,82.84,80.47,81.55,81.55,6839200
29/01/2024,81.74,83.57,81.47,83.54,83.54,6479000
30/01/2024,82.78,83.25,81.68,82.33,82.33,5529000
31/01/2024,81.3,82.22,79.96,80.07,80.07,6749700
01/02/2024,79.37,79.58,75.82,76.72,76.72,14190000
02/02/2024,81.0,83.03,79.33,82.93,82.93,17644900
05/02/2024,82.44,82.8,80.03,81.4,81.4,8558300
06/02/2024,81.4,82.04,79.77,81.56,81.56,5548000
07/02/2024,82.1,85.46,81.8,85.17,85.17,13242600
08/02/2024,85.03,91.44,84.9,87.87,87.87,20834800
09/02/2024,90.0,91.21,88.92,90.72,90.72,11356900
12/02/2024,91.4,91.57,88.98,89.12,89.12,17188800
13/02/2024,77.8,83.49,77.01,77.18,77.18,40164900
14/02/2024,79.11,80.7,77.48,80.67,80.67,18016700
15/02/2024,80.24,84.05,79.6,84.0,84.0,15483200
16/02/2024,82.25,83.67,80.35,81.29,81.29,13691800
20/02/2024,79.95,80.58,77.72,78.62,78.62,10349300
21/02/2024,77.0,78.06,74.67,75.59,75.59,10553400
22/02/2024,78.28,78.83,74.87,75.03,75.03,11326800
23/02/2024,75.05,76.8,73.85,76.24,76.24,10235600
26/02/2024,76.31,78.25,76.21,77.56,77.56,8935200
27/02/2024,77.56,77.63,75.9,76.63,76.63,7449300
28/02/2024,75.56,76.19,74.73,75.56,75.56,5208500
29/02/2024,76.27,77.14,75.03,76.37,76.37,6693400
01/03/2024,77.11,78.66,76.31,76.59,76.59,7791000
04/03/2024,76.47,76.53,73.99,75.77,75.77,7395000
05/03/2024,74.8,74.93,72.64,73.47,73.47,8691200
06/03/2024,74.18,74.85,72.92,74.01,74.01,5757300
07/03/2024,74.26,75.96,73.2,75.33,75.33,7592500
08/03/2024,76.08,79.58,76.08,76.16,76.16,10437000
11/03/2024,75.6,76.29,74.44,74.97,74.97,5191200
12/03/2024,75.95,76.69,74.58,76.36,76.36,5667100
13/03/2024,76.19,79.4,76.1,78.68,78.68,10975300
14/03/2024,78.53,79.8,77.36,78.42,78.42,7244200
15/03/2024,78.23,79.07,76.76,77.15,77.15,5818900
18/03/2024,78.0,78.0,76.26,77.52,77.52,5440700
19/03/2024,76.73,78.53,75.3,77.53,77.53,5736500
20/03/2024,77.53,81.62,77.29,81.33,81.33,6793700
21/03/2024,81.66,83.39,79.56,79.59,79.59,11345900
22/03/2024,78.89,80.37,78.38,78.72,78.72,4559100
25/03/2024,78.1,79.56,77.74,78.42,78.42,4596000
26/03/2024,79.04,79.75,77.75,78.53,78.53,4442200
27/03/2024,79.35,79.38,77.46,78.62,78.62,4399700
28/03/2024,78.8,79.19,77.0,77.17,77.17,4261000
01/04/2024,77.35,78.63,76.28,78.19,78.19,6588400
02/04/2024,76.61,78.6,75.95,78.12,78.12,6692400
03/04/2024,78.28,79.29,75.13,75.64,75.64,9874100
04/04/2024,75.61,77.07,74.56,74.81,74.81,8530700
05/04/2024,74.6,75.99,73.69,75.28,75.28,6587200
08/04/2024,75.21,75.46,73.32,74.38,74.38,7051900
09/04/2024,74.36,75.08,73.5,74.92,74.92,4362300
10/04/2024,72.8,73.12,71.59,71.98,71.98,8018300
11/04/2024,71.98,72.27,70.49,71.57,71.57,11728000
12/04/2024,70.89,71.19,69.19,70.0,70.0,11013500
15/04/2024,70.0,70.41,68.39,68.57,68.57,8733200
16/04/2024,68.47,69.34,68.01,68.7,68.7,9249200
17/04/2024,69.5,71.0,68.97,69.41,69.41,8373200
18/04/2024,69.33,70.95,68.15,69.51,69.51,7360500
19/04/2024,71.0,71.63,68.79,69.67,69.67,10289300
22/04/2024,70.05,71.27,69.32,70.55,70.55,5908200
23/04/2024,71.28,74.59,71.22,74.01,74.01,9517500
24/04/2024,74.4,74.72,71.65,72.26,72.26,6086500
25/04/2024,70.43,71.36,69.57,70.55,70.55,6770500
26/04/2024,71.32,71.83,70.74,71.33,71.33,4611800
29/04/2024,73.81,74.04,71.38,72.48,72.48,9918000
30/04/2024,72.4,74.48,70.18,70.2,70.2,8246200
01/05/2024,70.21,72.08,68.88,70.4,70.4,7432900
02/05/2024,71.99,72.72,70.23,72.0,72.0,5387100
03/05/2024,73.78,74.88,73.06,74.46,74.46,7346400
06/05/2024,75.0,77.8,74.42,77.37,77.37,11042600
07/05/2024,76.53,77.82,75.29,77.05,77.05,11383800
08/05/2024,63.67,64.2,60.64,62.73,62.73,58311600
09/05/2024,63.57,63.8,61.61,62.45,62.45,19819700
10/05/2024,62.72,62.74,58.65,58.94,58.94,30675600
13/05/2024,59.07,59.48,58.26,58.78,58.78,12847600
14/05/2024,58.66,58.77,56.92,58.03,58.03,20334800
15/05/2024,59.17,59.67,58.35,58.77,58.77,11174300
16/05/2024,58.65,58.99,57.78,57.81,57.81,9636000
17/05/2024,57.95,58.59,57.04,58.53,58.53,12303900
20/05/2024,58.87,59.21,58.3,58.91,58.91,7786100
21/05/2024,58.5,58.62,57.01,57.02,57.02,13778700
22/05/2024,58.88,60.11,58.21,58.7,58.7,18624500
23/05/2024,58.61,59.08,57.48,57.64,57.64,11415500
24/05/2024,57.11,58.06,56.91,56.97,56.97,8507100
28/05/2024,57.01,58.22,56.31,58.19,58.19,10785200
29/05/2024,57.55,58.57,57.26,58.37,58.37,7784000
30/05/2024,58.41,58.78,57.91,58.54,58.54,9829800
31/05/2024,58.8,59.23,57.75,59.15,59.15,12261100
03/06/2024,59.41,59.94,58.38,59.7,59.7,8640300
04/06/2024,59.46,60.69,59.21,60.68,60.68,11589700
05/06/2024,61.18,61.7,60.28,61.25,61.25,11092500
06/06/2024,60.15,61.48,60.15,61.46,61.46,7391300
07/06/2024,61.28,61.94,60.66,61.59,61.59,7099200
10/06/2024,61.38,63.74,61.27,63.01,63.01,10629100
11/06/2024,63.87,64.69,63.23,63.82,63.82,11760200
12/06/2024,64.62,66.51,64.22,65.47,65.47,13945200
13/06/2024,65.6,65.79,64.13,64.69,64.69,9163400
14/06/2024,65.86,68.21,65.43,67.66,67.66,17915800
17/06/2024,67.25,67.33,64.75,66.52,66.52,12112100
18/06/2024,65.9,66.11,63.97,64.25,64.25,11280600
20/06/2024,64.38,64.87,63.15,63.88,63.88,7405100
21/06/2024,63.81,65.19,63.41,65.03,65.03,8199700
24/06/2024,65.62,65.82,63.41,64.31,64.31,10464500
25/06/2024,64.48,65.49,64.06,64.78,64.78,6484600
26/06/2024,65.2,65.53,64.44,65.45,65.45,6978900
27/06/2024,65.29,66.84,65.16,66.37,66.37,7716300
28/06/2024,66.6,67.18,65.46,66.05,66.05,6650600
01/07/2024,65.96,65.97,63.05,64.63,64.63,8395400
02/07/2024,64.88,66.13,64.34,66.06,66.06,6762900
03/07/2024,66.26,67.22,66.26,66.73,66.73,3931000
05/07/2024,66.94,68.04,66.36,67.63,67.63,6441500
08/07/2024,67.53,67.79,66.94,67.34,67.34,4606000
09/07/2024,67.04,67.52,65.72,66.13,66.13,6523000
10/07/2024,66.3,66.33,64.61,65.61,65.61,7121000
11/07/2024,65.65,66.17,64.79,65.31,65.31,7238500
12/07/2024,65.85,65.99,64.63,64.89,64.89,7778500
15/07/2024,65.03,65.23,63.93,64.21,64.21,7073300
16/07/2024,67.26,70.04,66.83,69.72,69.72,21416800
17/07/2024,68.17,68.4,63.7,64.81,64.81,14176000
18/07/2024,65.9,66.09,62.72,63.11,63.11,7904800
19/07/2024,62.51,64.18,62.45,63.16,63.16,6686100
22/07/2024,63.46,63.78,61.44,62.69,62.69,9143800
23/07/2024,63.0,63.64,62.65,62.66,62.66,5392700
24/07/2024,62.1,62.52,59.16,59.27,59.27,8255600
25/07/2024,59.27,60.97,58.04,59.44,59.44,6873300
26/07/2024,61.42,61.52,59.81,59.94,59.94,5256400
29/07/2024,60.15,60.57,59.52,59.87,59.87,5046000
30/07/2024,59.83,61.02,58.93,59.2,59.2,6669800
31/07/2024,60.32,61.88,60.13,61.2,61.2,8649400
01/08/2024,61.6,62.0,57.25,58.17,58.17,9598300
02/08/2024,54.61,55.18,52.54,54.43,54.43,18357900
05/08/2024,48.59,53.36,48.56,52.26,52.26,16525200
06/08/2024,53.14,54.89,52.34,54.22,54.22,18567200
07/08/2024,64.5,67.78,63.55,63.89,63.89,49976600
08/08/2024,64.24,68.78,63.91,68.55,68.55,19891500
09/08/2024,68.16,69.32,67.42,69.3,69.3,10931200
12/08/2024,69.09,70.73,68.05,68.31,68.31,11134000
13/08/2024,68.84,70.07,68.68,69.9,69.9,10545500
14/08/2024,70.34,71.76,69.94,71.59,71.59,9032300
15/08/2024,73.02,74.91,73.01,74.85,74.85,10849700
16/08/2024,74.33,75.36,74.11,74.55,74.55,5403600
19/08/2024,74.55,75.17,73.92,75.16,75.16,6246700
20/08/2024,75.0,75.68,74.16,74.87,74.87,8513000
21/08/2024,75.0,76.2,74.87,76.14,76.14,5760500
22/08/2024,76.04,76.3,74.23,74.3,74.3,4772900
23/08/2024,75.0,76.44,74.69,76.14,76.14,5405600
26/08/2024,76.11,76.83,74.92,74.95,74.95,4047000
27/08/2024,74.47,74.87,72.86,74.53,74.53,4389800
28/08/2024,74.23,74.37,71.76,72.53,72.53,5551700
29/08/2024,72.9,74.34,72.87,73.27,73.27,3620100
30/08/2024,73.55,74.33,73.12,74.07,74.07,3019300
03/09/2024,73.15,73.22,70.82,71.26,71.26,5773600
04/09/2024,70.86,71.75,69.62,70.22,70.22,4612800
05/09/2024,70.0,70.93,69.31,70.11,70.11,3296200
06/09/2024,70.38,70.56,65.86,67.01,67.01,7380400
09/09/2024,68.48,69.49,67.14,68.13,68.13,4298600
10/09/2024,68.79,68.9,66.95,68.17,68.17,4530300
11/09/2024,68.55,71.76,68.1,71.52,71.52,7063300
12/09/2024,70.72,71.98,69.63,71.31,71.31,6187700
13/09/2024,71.83,73.44,71.76,72.45,72.45,5655600
16/09/2024,72.1,73.7,71.47,73.58,73.58,4184700
17/09/2024,75.5,75.76,73.66,74.45,74.45,8177400
