Date,Open,High,Low,Close,Adj Close,Volume
17/06/2015,22.75,22.75,22.75,22.75,22.75,100
18/06/2015,22.75,22.75,22.75,22.75,22.75,100
19/06/2015,22.75,22.75,22.75,22.75,22.75,0
22/06/2015,22.75,22.75,22.75,22.75,22.75,200
23/06/2015,22.75,22.75,22.75,22.75,22.75,0
24/06/2015,25.9,25.9,25.9,25.9,25.9,300
25/06/2015,25.9,25.9,25.9,25.9,25.9,100
26/06/2015,25.9,25.9,25.9,25.9,25.9,100
29/06/2015,25.94,26.01,25.9,26.0,26.0,2800
30/06/2015,26.95,30.4,26.6,29.0,29.0,5558800
01/07/2015,27.95,29.22,26.67,27.0,27.0,5140200
02/07/2015,27.9,28.41,27.48,27.81,27.81,1957700
06/07/2015,27.75,28.99,27.5,28.99,28.99,1297800
07/07/2015,28.41,29.02,27.76,28.14,28.14,1289500
08/07/2015,27.13,27.89,26.92,27.1,27.1,1619900
09/07/2015,27.0,27.45,26.86,26.95,26.95,2155800
10/07/2015,27.02,29.12,27.0,28.79,28.79,1641800
13/07/2015,28.5,29.97,28.11,29.57,29.57,1772100
14/07/2015,29.04,30.28,29.0,30.1,30.1,1225700
15/07/2015,29.92,29.99,28.64,29.19,29.19,1427100
16/07/2015,29.01,29.58,28.96,29.34,29.34,1721000
17/07/2015,29.04,31.43,28.77,31.11,31.11,1401900
20/07/2015,31.67,33.0,30.93,31.44,31.44,1514300
21/07/2015,30.74,31.53,29.88,31.13,31.13,1264600
22/07/2015,31.12,31.52,30.12,30.88,30.88,1007700
23/07/2015,31.0,31.0,30.25,30.61,30.61,456300
24/07/2015,30.53,30.64,29.8,30.33,30.33,435500
27/07/2015,30.36,30.86,30.14,30.23,30.23,462400
28/07/2015,29.91,30.85,28.81,30.0,30.0,933700
29/07/2015,30.14,30.22,29.13,29.3,29.3,538900
30/07/2015,29.3,29.3,28.79,29.09,29.09,643000
31/07/2015,28.94,29.08,28.56,28.76,28.76,690900
03/08/2015,28.21,29.35,28.21,29.25,29.25,697500
04/08/2015,28.97,29.44,28.3,28.83,28.83,501300
05/08/2015,28.5,29.51,28.5,28.7,28.7,753500
06/08/2015,28.46,28.9,28.46,28.78,28.78,543600
07/08/2015,28.88,28.92,28.07,28.5,28.5,265700
10/08/2015,28.48,30.04,28.48,28.97,28.97,730900
11/08/2015,29.0,30.03,28.53,29.77,29.77,905100
12/08/2015,29.47,29.69,28.89,29.62,29.62,287900
13/08/2015,29.56,30.28,29.29,30.06,30.06,663700
14/08/2015,30.06,30.4,29.64,30.35,30.35,308000
17/08/2015,30.08,32.22,29.81,31.88,31.88,558300
18/08/2015,32.15,33.88,32.09,32.32,32.32,974600
19/08/2015,32.01,32.7,32.01,32.57,32.57,568900
20/08/2015,32.39,33.72,32.22,32.71,32.71,345700
21/08/2015,32.59,32.65,31.74,31.98,31.98,757000
24/08/2015,29.9,32.16,29.8,30.63,30.63,343300
25/08/2015,31.55,31.55,30.2,30.35,30.35,749400
26/08/2015,30.84,30.97,29.87,30.64,30.64,275400
27/08/2015,31.0,31.12,29.73,30.27,30.27,587200
28/08/2015,30.36,31.6,30.36,31.51,31.51,362700
31/08/2015,31.47,31.87,30.98,31.72,31.72,349500
01/09/2015,31.56,32.05,31.26,31.98,31.98,428400
02/09/2015,31.97,33.54,31.97,33.05,33.05,666900
03/09/2015,33.12,33.86,32.91,33.32,33.32,397800
04/09/2015,32.92,33.55,32.39,33.43,33.43,356100
08/09/2015,33.5,34.71,33.35,34.02,34.02,505400
09/09/2015,34.3,35.09,34.02,34.17,34.17,374000
10/09/2015,34.0,34.64,33.73,34.34,34.34,477100
11/09/2015,34.27,35.03,34.17,34.83,34.83,323800
14/09/2015,34.83,35.93,34.79,35.41,35.41,805000
15/09/2015,35.61,36.36,34.17,34.25,34.25,666700
16/09/2015,34.54,35.36,33.81,34.92,34.92,533200
17/09/2015,34.82,36.15,34.43,35.65,35.65,623700
18/09/2015,34.85,35.47,33.67,34.75,34.75,4561300
21/09/2015,35.16,35.35,32.74,32.82,32.82,478700
22/09/2015,32.69,32.69,30.82,31.51,31.51,565400
23/09/2015,31.6,31.99,31.31,31.62,31.62,268300
24/09/2015,31.36,31.73,30.35,31.65,31.65,408500
25/09/2015,31.89,32.56,31.47,32.19,32.19,378200
28/09/2015,32.04,32.04,30.01,30.83,30.83,464300
29/09/2015,30.91,31.23,29.55,30.0,30.0,515800
30/09/2015,30.21,31.14,30.0,30.97,30.97,325000
01/10/2015,31.1,31.39,29.8,30.5,30.5,563600
02/10/2015,30.3,31.12,30.01,30.96,30.96,280700
05/10/2015,31.12,33.18,31.12,32.9,32.9,370300
06/10/2015,32.86,33.12,31.67,32.08,32.08,425200
07/10/2015,32.29,32.92,32.05,32.89,32.89,407900
08/10/2015,32.89,33.33,32.32,32.76,32.76,212600
09/10/2015,32.89,32.93,32.11,32.44,32.44,222200
12/10/2015,32.57,32.92,31.56,31.59,31.59,189100
13/10/2015,31.5,32.23,30.5,31.32,31.32,194200
14/10/2015,31.38,31.38,29.59,29.8,29.8,486200
15/10/2015,29.96,30.0,28.27,29.57,29.57,501000
16/10/2015,29.65,29.83,28.53,29.27,29.27,406200
19/10/2015,29.6,30.07,28.74,29.95,29.95,589200
20/10/2015,30.05,31.04,29.69,30.91,30.91,322200
21/10/2015,31.05,31.29,30.36,30.42,30.42,229000
22/10/2015,30.46,31.1,28.9,30.98,30.98,441100
23/10/2015,31.0,31.13,29.91,30.25,30.25,229900
26/10/2015,30.28,30.8,29.3,29.5,29.5,220500
27/10/2015,29.5,29.52,28.51,28.79,28.79,229200
28/10/2015,28.97,28.97,27.9,28.53,28.53,697600
29/10/2015,28.48,28.61,27.58,27.79,27.79,254500
30/10/2015,27.82,28.64,27.69,28.13,28.13,497100
02/11/2015,28.1,28.38,27.74,27.84,27.84,482700
03/11/2015,28.15,31.8,27.6,30.8,30.8,831100
04/11/2015,30.78,32.11,30.78,31.04,31.04,394000
05/11/2015,30.89,31.08,29.32,29.55,29.55,272500
06/11/2015,29.5,29.79,28.85,29.37,29.37,306100
09/11/2015,29.42,30.17,28.94,29.29,29.29,622500
10/11/2015,29.27,29.48,28.29,29.21,29.21,431600
11/11/2015,29.19,29.31,28.69,28.98,28.98,353800
12/11/2015,28.59,28.93,28.1,28.65,28.65,199200
13/11/2015,28.64,28.86,28.01,28.42,28.42,198900
16/11/2015,28.37,28.99,28.19,28.59,28.59,223100
17/11/2015,28.57,28.98,28.27,28.51,28.51,378400
18/11/2015,28.5,28.76,28.18,28.5,28.5,210900
19/11/2015,28.75,29.02,28.35,28.35,28.35,252800
20/11/2015,28.49,28.79,28.03,28.16,28.16,226000
23/11/2015,28.16,28.54,28.06,28.21,28.21,669000
24/11/2015,28.07,29.73,28.07,29.55,29.55,769500
25/11/2015,29.57,31.31,29.47,30.85,30.85,433600
27/11/2015,30.82,30.89,30.14,30.52,30.52,89200
30/11/2015,30.61,30.88,30.37,30.46,30.46,282100
01/12/2015,30.54,31.39,30.43,30.94,30.94,224000
02/12/2015,30.93,31.11,30.37,30.5,30.5,381000
03/12/2015,30.68,30.72,30.41,30.5,30.5,472700
04/12/2015,30.53,31.23,30.19,30.51,30.51,407200
07/12/2015,30.23,30.6,29.82,30.56,30.56,318500
08/12/2015,30.22,30.64,30.11,30.36,30.36,397800
09/12/2015,30.41,30.77,29.25,29.5,29.5,469600
10/12/2015,29.47,29.57,28.89,29.42,29.42,372900
11/12/2015,29.01,29.57,29.01,29.41,29.41,373700
14/12/2015,29.28,29.75,29.19,29.34,29.34,434500
15/12/2015,29.54,29.87,28.75,29.0,29.0,563000
16/12/2015,29.0,30.24,28.89,30.0,30.0,525100
17/12/2015,30.1,30.32,28.88,29.15,29.15,617300
18/12/2015,29.02,29.53,28.27,29.16,29.16,3363500
21/12/2015,29.19,30.28,28.98,30.22,30.22,481400
22/12/2015,30.09,30.8,30.03,30.77,30.77,350900
23/12/2015,30.93,31.16,30.73,30.81,30.81,182300
24/12/2015,30.75,31.0,30.75,30.79,30.79,45100
28/12/2015,30.68,30.75,30.1,30.49,30.49,255700
29/12/2015,30.58,30.96,30.58,30.95,30.95,129100
30/12/2015,30.9,31.27,30.66,30.78,30.78,95100
31/12/2015,30.66,31.14,30.35,30.77,30.77,165100
04/01/2016,30.47,30.65,29.65,29.87,29.87,326200
05/01/2016,30.05,30.32,29.51,29.61,29.61,207800
06/01/2016,29.5,29.51,28.83,29.13,29.13,384100
07/01/2016,28.6,28.84,26.87,27.36,27.36,422700
08/01/2016,27.41,27.57,26.49,26.69,26.69,551400
11/01/2016,26.95,27.22,26.36,26.73,26.73,465800
12/01/2016,27.02,27.27,25.98,26.14,26.14,379600
13/01/2016,26.32,26.66,25.66,25.73,25.73,472200
14/01/2016,25.57,25.96,24.63,24.75,24.75,633400
15/01/2016,24.06,25.18,23.89,24.89,24.89,423100
19/01/2016,25.02,25.28,23.99,24.47,24.47,562300
20/01/2016,24.08,25.59,23.49,25.15,25.15,468000
21/01/2016,25.13,26.01,24.6,25.16,25.16,510500
22/01/2016,25.41,26.96,25.41,26.8,26.8,428100
25/01/2016,26.65,26.72,25.67,25.79,25.79,273200
26/01/2016,25.88,27.04,25.19,26.95,26.95,333500
27/01/2016,26.09,26.83,25.39,26.15,26.15,446000
28/01/2016,26.37,26.69,25.68,25.78,25.78,230500
29/01/2016,25.88,26.81,25.88,26.78,26.78,254700
01/02/2016,26.57,26.98,26.1,26.68,26.68,241800
02/02/2016,26.37,26.91,25.54,25.69,25.69,370900
03/02/2016,26.0,26.59,25.3,26.51,26.51,247400
04/02/2016,26.45,27.39,26.41,26.65,26.65,233900
05/02/2016,26.6,26.79,25.83,25.89,25.89,255800
08/02/2016,25.75,25.75,23.9,24.5,24.5,422400
09/02/2016,24.12,24.96,23.51,24.08,24.08,324000
10/02/2016,24.34,24.7,23.84,23.97,23.97,280900
11/02/2016,23.47,24.27,23.02,23.28,23.28,208600
12/02/2016,23.6,23.97,23.18,23.72,23.72,230100
16/02/2016,24.01,24.58,23.65,24.29,24.29,548500
17/02/2016,24.46,25.17,24.45,24.74,24.74,590600
18/02/2016,24.78,24.78,24.26,24.3,24.3,293100
19/02/2016,24.13,25.35,24.06,24.95,24.95,198600
22/02/2016,25.3,26.5,24.99,26.3,26.3,323300
23/02/2016,26.17,26.31,26.05,26.13,26.13,140100
24/02/2016,25.82,27.04,25.58,26.95,26.95,162500
25/02/2016,26.91,27.6,26.64,27.59,27.59,270800
26/02/2016,27.75,27.83,26.7,26.83,26.83,184400
29/02/2016,27.03,27.32,26.87,26.98,26.98,194900
01/03/2016,27.36,28.48,27.17,28.45,28.45,241900
02/03/2016,28.33,28.95,28.3,28.5,28.5,328300
03/03/2016,28.57,30.38,28.16,28.46,28.46,408700
04/03/2016,28.49,28.76,27.87,28.7,28.7,413000
07/03/2016,28.52,29.01,28.23,28.59,28.59,401400
08/03/2016,28.42,28.77,27.86,28.0,28.0,231200
09/03/2016,28.15,29.17,28.15,28.81,28.81,458700
10/03/2016,28.99,28.99,28.36,28.51,28.51,268900
11/03/2016,28.78,29.31,28.49,29.2,29.2,266200
14/03/2016,29.04,29.16,28.62,28.99,28.99,235200
15/03/2016,28.8,28.8,28.05,28.28,28.28,187800
16/03/2016,28.32,28.41,27.84,28.37,28.37,255600
17/03/2016,28.27,28.5,28.2,28.45,28.45,237800
18/03/2016,28.5,29.63,28.39,29.35,29.35,816200
21/03/2016,29.31,29.59,28.89,29.4,29.4,258300
22/03/2016,29.1,29.76,29.04,29.52,29.52,216900
23/03/2016,29.39,29.42,28.77,28.9,28.9,197200
24/03/2016,28.74,29.32,28.6,29.29,29.29,191500
28/03/2016,29.35,29.39,29.01,29.14,29.14,120700
29/03/2016,29.11,29.72,29.11,29.56,29.56,286900
30/03/2016,29.75,29.75,29.25,29.28,29.28,256000
31/03/2016,29.18,29.8,29.15,29.74,29.74,239300
01/04/2016,29.41,29.72,29.23,29.61,29.61,261900
04/04/2016,29.51,29.76,29.29,29.71,29.71,205000
05/04/2016,29.46,30.3,29.39,30.15,30.15,199500
06/04/2016,30.26,31.92,30.16,31.36,31.36,521500
07/04/2016,31.24,31.59,31.09,31.4,31.4,594900
08/04/2016,31.8,31.8,31.39,31.53,31.53,236300
11/04/2016,31.6,31.8,31.09,31.16,31.16,267500
12/04/2016,31.2,31.62,30.79,30.8,30.8,176400
13/04/2016,31.08,31.11,30.69,30.81,30.81,378600
14/04/2016,30.94,30.95,30.51,30.77,30.77,210200
15/04/2016,30.63,31.14,30.57,31.12,31.12,143100
18/04/2016,30.9,32.02,30.83,31.76,31.76,494400
19/04/2016,31.78,32.29,31.0,32.07,32.07,360600
20/04/2016,32.01,32.01,31.36,31.66,31.66,149200
21/04/2016,31.66,31.93,30.96,31.22,31.22,177900
22/04/2016,31.18,31.7,31.18,31.64,31.64,212100
25/04/2016,31.69,31.85,31.39,31.76,31.76,226300
26/04/2016,31.83,32.11,31.53,31.8,31.8,162900
27/04/2016,31.88,32.1,31.6,31.98,31.98,118900
28/04/2016,31.87,31.9,31.03,31.15,31.15,152600
29/04/2016,31.14,31.26,30.25,31.22,31.22,286500
02/05/2016,31.4,31.87,31.12,31.83,31.83,115000
03/05/2016,31.56,31.89,30.91,31.54,31.54,170300
04/05/2016,31.27,31.47,31.04,31.17,31.17,168400
05/05/2016,31.4,32.66,31.21,32.18,32.18,663500
06/05/2016,32.11,33.38,32.05,33.38,33.38,410500
09/05/2016,33.38,33.72,31.89,32.45,32.45,457500
10/05/2016,32.63,32.8,31.85,32.6,32.6,452500
11/05/2016,35.0,35.84,32.82,33.46,33.46,926300
12/05/2016,33.59,33.76,33.18,33.46,33.46,320500
13/05/2016,33.43,34.48,33.43,34.32,34.32,753100
16/05/2016,34.49,35.16,34.19,34.59,34.59,231600
17/05/2016,34.52,35.1,34.4,34.71,34.71,376500
18/05/2016,34.79,35.04,34.34,34.47,34.47,319500
19/05/2016,34.25,34.64,33.68,34.14,34.14,265800
20/05/2016,34.23,35.19,34.23,34.88,34.88,533900
23/05/2016,34.92,35.1,34.26,34.45,34.45,290200
24/05/2016,34.72,36.4,34.67,36.07,36.07,594800
25/05/2016,36.28,36.39,35.29,35.41,35.41,469700
26/05/2016,35.64,36.17,35.51,35.68,35.68,244700
27/05/2016,35.77,36.83,35.77,36.36,36.36,260600
31/05/2016,36.31,36.38,35.81,36.14,36.14,270700
01/06/2016,36.24,36.57,36.1,36.35,36.35,306900
02/06/2016,36.31,36.31,35.15,35.83,35.83,335600
03/06/2016,35.93,35.93,35.05,35.67,35.67,279500
06/06/2016,35.7,36.19,35.47,36.0,36.0,538800
07/06/2016,36.16,36.43,35.73,36.1,36.1,394600
08/06/2016,36.13,38.05,36.13,37.4,37.4,441500
09/06/2016,36.99,37.57,36.99,37.41,37.41,301300
10/06/2016,36.89,36.99,36.33,36.47,36.47,209300
13/06/2016,36.12,36.49,35.15,35.36,35.36,460300
14/06/2016,35.43,35.71,34.9,35.19,35.19,283600
15/06/2016,35.22,35.67,35.05,35.33,35.33,436700
16/06/2016,35.26,35.49,34.83,35.35,35.35,405200
17/06/2016,35.52,36.13,35.17,36.03,36.03,479700
20/06/2016,36.2,37.25,36.2,36.99,36.99,485300
21/06/2016,37.17,37.42,36.84,37.19,37.19,340900
22/06/2016,37.26,37.95,37.11,37.67,37.67,362900
23/06/2016,38.04,38.04,37.17,37.2,37.2,367800
24/06/2016,35.77,36.7,35.08,35.83,35.83,3682500
27/06/2016,35.5,35.6,34.07,34.16,34.16,631100
28/06/2016,34.54,35.23,34.29,35.0,35.0,486300
29/06/2016,35.58,36.1,35.3,36.04,36.04,521800
30/06/2016,36.0,36.24,35.5,36.2,36.2,370600
01/07/2016,36.25,36.77,35.59,35.99,35.99,332000
05/07/2016,35.9,35.98,35.6,35.88,35.88,261700
06/07/2016,35.68,36.44,35.63,36.39,36.39,231300
07/07/2016,36.5,36.85,36.03,36.6,36.6,326600
08/07/2016,36.8,37.73,36.8,37.54,37.54,365800
11/07/2016,37.8,38.2,37.62,37.75,37.75,313300
12/07/2016,37.9,37.9,37.45,37.57,37.57,257500
13/07/2016,38.43,38.43,37.34,38.0,38.0,453100
14/07/2016,38.0,38.38,37.13,37.28,37.28,217000
15/07/2016,37.46,37.98,36.89,37.93,37.93,338800
18/07/2016,38.03,38.41,37.93,38.01,38.01,238100
19/07/2016,38.04,38.26,37.59,37.68,37.68,195700
20/07/2016,37.99,38.12,37.62,38.0,38.0,117800
21/07/2016,37.86,38.0,37.37,37.8,37.8,264400
22/07/2016,37.8,37.87,37.43,37.81,37.81,149000
25/07/2016,37.55,38.34,37.55,38.29,38.29,144900
26/07/2016,38.31,38.94,38.31,38.65,38.65,189300
27/07/2016,38.9,38.9,37.84,38.0,38.0,243900
28/07/2016,38.0,38.12,37.84,38.0,38.0,241400
29/07/2016,38.06,38.06,37.2,37.76,37.76,263700
01/08/2016,37.62,38.05,37.53,37.81,37.81,201600
02/08/2016,37.77,37.9,37.26,37.69,37.69,406000
03/08/2016,37.75,38.09,37.51,37.92,37.92,393600
04/08/2016,36.8,36.91,34.0,35.1,35.1,885100
05/08/2016,35.15,35.51,34.61,34.95,34.95,557600
08/08/2016,34.89,35.23,34.8,35.13,35.13,339700
09/08/2016,34.98,35.13,34.78,34.96,34.96,336400
10/08/2016,34.96,34.96,34.41,34.56,34.56,215400
11/08/2016,34.63,34.81,34.19,34.25,34.25,202700
12/08/2016,34.18,34.27,33.34,33.83,33.83,236900
15/08/2016,33.8,34.44,33.8,34.25,34.25,176700
16/08/2016,34.1,34.31,33.96,34.16,34.16,215100
17/08/2016,34.07,34.3,33.67,33.75,33.75,296900
18/08/2016,33.65,34.24,33.65,33.85,33.85,183600
19/08/2016,33.79,34.01,33.17,33.23,33.23,331300
22/08/2016,33.32,33.65,33.1,33.46,33.46,181500
23/08/2016,33.5,34.49,33.5,34.31,34.31,267800
24/08/2016,34.19,34.24,33.79,34.03,34.03,278200
25/08/2016,33.99,34.25,33.93,34.08,34.08,205000
26/08/2016,34.06,34.38,33.79,33.96,33.96,232300
29/08/2016,34.09,34.38,33.88,33.93,33.93,180400
30/08/2016,33.93,34.24,33.64,34.03,34.03,129100
31/08/2016,33.95,34.25,33.8,34.12,34.12,178200
01/09/2016,34.03,34.6,34.0,34.57,34.57,240100
02/09/2016,34.6,35.04,34.41,34.7,34.7,170200
06/09/2016,34.7,34.71,34.23,34.6,34.6,116500
07/09/2016,34.41,34.89,34.17,34.69,34.69,312900
08/09/2016,34.49,34.66,34.26,34.5,34.5,168700
09/09/2016,34.17,34.19,33.17,33.18,33.18,271000
12/09/2016,33.07,33.34,32.72,33.34,33.34,317200
13/09/2016,33.08,33.08,32.5,32.9,32.9,307100
14/09/2016,33.04,33.2,32.63,32.91,32.91,167400
15/09/2016,32.82,33.21,32.82,33.0,33.0,358200
16/09/2016,32.98,33.03,32.03,32.16,32.16,648100
19/09/2016,32.36,33.42,32.2,33.41,33.41,229500
20/09/2016,33.5,33.5,32.21,32.56,32.56,249400
21/09/2016,32.83,32.97,32.16,32.93,32.93,213500
22/09/2016,33.25,33.74,33.19,33.72,33.72,159400
23/09/2016,33.49,33.83,33.35,33.76,33.76,295000
26/09/2016,33.52,34.14,33.43,33.75,33.75,344900
27/09/2016,33.61,33.99,33.52,33.81,33.81,455200
28/09/2016,33.92,33.98,33.61,33.9,33.9,469900
29/09/2016,33.72,33.82,33.13,33.26,33.26,208500
30/09/2016,33.51,33.51,33.03,33.2,33.2,315200
03/10/2016,33.14,33.36,32.81,33.08,33.08,167300
04/10/2016,33.1,33.46,32.76,32.94,32.94,105500
05/10/2016,33.21,33.66,32.98,33.41,33.41,292100
06/10/2016,33.3,33.68,33.28,33.55,33.55,167200
07/10/2016,33.5,33.71,33.06,33.21,33.21,312000
10/10/2016,33.43,33.96,33.43,33.64,33.64,155000
11/10/2016,33.43,33.62,32.79,32.93,32.93,226200
12/10/2016,33.08,33.38,32.79,33.25,33.25,116400
13/10/2016,33.01,33.2,32.51,32.57,32.57,236200
14/10/2016,32.63,32.91,31.97,32.01,32.01,213900
17/10/2016,31.91,32.33,31.91,32.17,32.17,92500
18/10/2016,32.52,32.52,31.8,31.82,31.82,227200
19/10/2016,31.7,32.05,31.32,31.71,31.71,262700
20/10/2016,31.59,31.59,30.59,30.6,30.6,331400
21/10/2016,30.45,30.79,30.23,30.59,30.59,157100
24/10/2016,30.88,31.25,30.81,30.86,30.86,133300
25/10/2016,30.71,30.71,29.56,29.85,29.85,446500
26/10/2016,29.77,31.02,29.77,30.45,30.45,404400
27/10/2016,30.65,30.65,29.36,29.54,29.54,264000
28/10/2016,29.48,30.31,29.48,29.86,29.86,135200
31/10/2016,29.98,30.39,29.88,30.13,30.13,204600
01/11/2016,30.09,30.31,29.73,29.79,29.79,240200
02/11/2016,29.8,30.09,29.5,29.52,29.52,160100
03/11/2016,29.33,29.76,28.81,29.6,29.6,260200
04/11/2016,29.65,31.0,29.55,30.56,30.56,510400
07/11/2016,31.2,31.28,30.83,31.08,31.08,230600
08/11/2016,30.9,31.36,30.62,31.1,31.1,177600
09/11/2016,30.94,33.16,30.64,32.67,32.67,545300
10/11/2016,32.96,34.48,32.51,34.19,34.19,578300
11/11/2016,34.34,35.21,34.27,35.05,35.05,504800
14/11/2016,35.43,36.19,35.11,35.88,35.88,773300
15/11/2016,35.76,36.24,35.67,36.2,36.2,304900
16/11/2016,36.2,36.2,35.73,35.82,35.82,302300
17/11/2016,35.82,36.99,35.82,36.66,36.66,398400
18/11/2016,36.82,37.19,36.82,37.02,37.02,244000
21/11/2016,37.01,37.39,36.53,36.97,36.97,164400
22/11/2016,37.16,37.29,36.87,37.21,37.21,140900
23/11/2016,37.14,37.43,37.06,37.16,37.16,182900
25/11/2016,37.31,37.5,37.17,37.5,37.5,67100
28/11/2016,37.35,37.35,36.81,36.96,36.96,170200
29/11/2016,37.0,37.35,36.88,37.06,37.06,171000
30/11/2016,37.42,37.42,36.21,36.29,36.29,168700
01/12/2016,36.52,37.01,36.37,36.68,36.68,250400
02/12/2016,36.55,37.02,36.55,36.74,36.74,148400
05/12/2016,37.0,37.44,36.8,37.03,37.03,154000
06/12/2016,37.36,37.78,36.95,37.58,37.58,152800
07/12/2016,37.5,38.59,37.35,38.49,38.49,119800
08/12/2016,38.7,39.5,38.53,39.42,39.42,205400
09/12/2016,39.5,39.51,38.84,39.04,39.04,269100
12/12/2016,38.68,38.69,38.09,38.27,38.27,364300
13/12/2016,38.44,38.68,37.61,37.92,37.92,267200
14/12/2016,37.82,38.24,37.21,37.23,37.23,218500
15/12/2016,37.25,37.94,35.93,36.29,36.29,351000
16/12/2016,36.29,37.13,36.14,36.41,36.41,1022300
19/12/2016,36.59,37.14,36.45,36.47,36.47,273000
20/12/2016,36.66,36.92,36.44,36.7,36.7,187600
21/12/2016,36.54,36.72,36.34,36.4,36.4,142000
22/12/2016,36.52,36.69,35.92,35.98,35.98,172200
23/12/2016,35.94,36.08,35.6,36.02,36.02,159400
27/12/2016,36.1,36.56,36.0,36.4,36.4,165900
28/12/2016,36.57,36.57,35.62,35.75,35.75,121300
29/12/2016,35.88,36.48,35.79,35.94,35.94,87300
30/12/2016,35.92,36.02,35.31,35.6,35.6,192300
03/01/2017,36.09,36.55,35.76,36.45,36.45,180300
04/01/2017,36.74,37.61,36.33,37.54,37.54,244000
05/01/2017,38.76,38.76,37.22,37.73,37.73,177600
06/01/2017,37.75,37.75,36.97,37.01,37.01,117900
09/01/2017,36.8,37.03,36.5,36.77,36.77,253700
10/01/2017,36.8,37.56,36.71,37.24,37.24,236700
11/01/2017,37.39,37.56,37.04,37.53,37.53,135800
12/01/2017,37.67,37.69,36.43,37.09,37.09,131800
13/01/2017,37.34,37.86,37.0,37.62,37.62,125100
17/01/2017,37.26,37.45,36.64,36.67,36.67,119900
18/01/2017,36.9,37.09,36.36,36.69,36.69,146200
19/01/2017,36.61,36.95,36.09,36.14,36.14,92600
20/01/2017,36.1,36.88,36.1,36.82,36.82,290900
23/01/2017,36.8,37.31,36.63,36.89,36.89,142600
24/01/2017,37.15,37.95,37.15,37.86,37.86,230300
25/01/2017,38.2,38.82,38.13,38.26,38.26,249400
26/01/2017,38.39,38.7,37.87,37.92,37.92,188600
27/01/2017,38.0,38.2,37.24,37.55,37.55,81100
30/01/2017,37.3,37.3,36.69,37.15,37.15,120400
31/01/2017,37.18,37.3,36.85,37.11,37.11,178700
01/02/2017,37.32,37.55,37.0,37.33,37.33,121000
02/02/2017,37.29,37.9,37.09,37.72,37.72,149400
03/02/2017,38.12,38.24,37.51,38.24,38.24,235900
06/02/2017,38.03,38.44,37.78,38.04,38.04,206800
07/02/2017,38.18,38.18,37.57,37.61,37.61,149500
08/02/2017,37.5,37.52,37.19,37.43,37.43,123000
09/02/2017,37.45,37.81,36.73,37.76,37.76,118900
10/02/2017,37.84,38.5,37.58,38.48,38.48,103100
13/02/2017,38.55,38.75,38.08,38.22,38.22,111600
14/02/2017,38.29,38.29,37.64,37.99,37.99,162400
15/02/2017,37.81,38.6,37.73,38.16,38.16,131000
16/02/2017,38.16,38.46,37.72,38.14,38.14,116500
17/02/2017,38.1,38.1,37.5,37.92,37.92,146600
21/02/2017,38.01,38.66,38.01,38.39,38.39,206100
22/02/2017,38.41,39.06,37.96,38.62,38.62,212000
23/02/2017,38.8,38.83,38.27,38.55,38.55,142200
24/02/2017,38.17,38.85,37.89,38.7,38.7,111100
27/02/2017,38.7,40.8,38.7,40.8,40.8,465400
28/02/2017,43.73,43.73,39.89,41.98,41.98,487400
01/03/2017,42.9,44.42,42.8,44.15,44.15,546400
02/03/2017,44.3,44.5,43.77,43.84,43.84,402400
03/03/2017,43.81,44.2,43.7,43.94,43.94,231900
06/03/2017,43.83,44.09,43.39,43.9,43.9,194100
07/03/2017,43.84,44.38,43.84,43.98,43.98,241300
08/03/2017,44.22,44.35,43.5,43.62,43.62,254100
09/03/2017,43.83,44.39,43.51,43.79,43.79,255800
10/03/2017,44.2,44.71,44.1,44.48,44.48,333700
13/03/2017,44.48,44.96,44.4,44.89,44.89,247400
14/03/2017,44.55,44.64,44.02,44.63,44.63,222000
15/03/2017,44.85,46.32,44.78,46.04,46.04,308900
16/03/2017,46.6,48.33,45.88,47.24,47.24,771200
17/03/2017,47.15,47.76,46.95,47.49,47.49,563700
20/03/2017,46.81,47.47,46.2,46.4,46.4,382600
21/03/2017,46.53,46.53,45.52,45.59,45.59,268900
22/03/2017,45.56,45.67,44.81,45.24,45.24,358100
23/03/2017,45.31,46.0,44.96,45.69,45.69,232100
24/03/2017,45.91,46.16,45.58,45.74,45.74,246500
27/03/2017,45.0,45.96,44.82,45.66,45.66,197700
28/03/2017,45.33,46.65,45.33,46.43,46.43,195400
29/03/2017,46.42,46.88,46.06,46.7,46.7,133200
30/03/2017,46.8,47.09,46.42,46.74,46.74,216900
31/03/2017,46.67,47.29,46.67,47.0,47.0,228000
03/04/2017,46.96,47.47,46.31,46.7,46.7,259600
04/04/2017,46.54,46.99,46.46,46.65,46.65,196200
05/04/2017,46.54,47.3,46.54,46.62,46.62,347000
06/04/2017,46.87,46.94,46.44,46.82,46.82,239600
07/04/2017,46.73,46.97,46.43,46.55,46.55,314200
10/04/2017,46.58,47.07,45.99,46.11,46.11,207000
11/04/2017,45.94,47.78,45.89,47.44,47.44,662200
12/04/2017,47.04,47.04,46.27,46.35,46.35,230300
13/04/2017,46.19,46.86,45.89,45.98,45.98,230900
17/04/2017,46.32,46.52,46.1,46.39,46.39,237200
18/04/2017,46.28,47.1,46.11,46.79,46.79,364500
19/04/2017,46.9,47.28,46.83,46.98,46.98,558200
20/04/2017,47.6,49.02,46.79,48.99,48.99,813600
21/04/2017,48.91,49.91,48.61,49.68,49.68,336300
24/04/2017,50.2,50.49,48.8,49.51,49.51,553300
25/04/2017,49.83,50.36,49.34,50.13,50.13,311500
26/04/2017,50.23,51.59,50.18,51.45,51.45,228400
27/04/2017,51.7,51.77,51.24,51.4,51.4,266900
28/04/2017,51.56,51.56,51.03,51.19,51.19,308400
01/05/2017,51.17,51.51,50.97,51.47,51.47,219900
02/05/2017,51.8,51.8,51.13,51.33,51.33,266100
03/05/2017,51.25,51.37,50.91,51.34,51.34,180700
04/05/2017,51.47,51.77,50.98,51.62,51.62,138500
05/05/2017,51.69,51.76,50.86,51.6,51.6,219500
08/05/2017,51.61,51.99,50.85,51.12,51.12,299300
09/05/2017,53.53,54.43,51.21,53.7,53.7,552500
10/05/2017,53.7,53.73,51.71,52.25,52.25,344000
11/05/2017,52.15,52.43,51.11,52.21,52.21,271800
12/05/2017,52.06,52.15,51.51,51.87,51.87,166500
15/05/2017,51.98,52.26,51.77,52.14,52.14,154600
16/05/2017,52.36,53.03,51.15,51.76,51.76,288200
17/05/2017,51.76,51.76,49.85,49.87,49.87,388300
18/05/2017,49.81,51.43,49.61,51.05,51.05,403700
19/05/2017,51.12,51.83,50.73,51.64,51.64,450300
22/05/2017,51.77,51.94,51.16,51.81,51.81,179900
23/05/2017,52.09,52.25,51.51,52.06,52.06,225700
24/05/2017,51.97,52.36,51.56,52.01,52.01,217200
25/05/2017,52.1,52.98,52.1,52.89,52.89,320600
26/05/2017,53.07,54.19,52.9,53.73,53.73,497900
30/05/2017,53.75,53.91,52.99,53.6,53.6,307200
31/05/2017,53.69,53.84,52.7,53.55,53.55,405100
01/06/2017,53.52,53.82,52.83,53.78,53.78,386800
02/06/2017,53.9,54.78,53.75,54.42,54.42,414000
05/06/2017,54.55,54.55,52.44,52.49,52.49,191600
06/06/2017,52.2,52.9,51.67,52.62,52.62,267600
07/06/2017,52.85,53.08,52.25,52.47,52.47,254100
08/06/2017,52.39,53.28,52.16,52.91,52.91,153900
09/06/2017,53.1,53.59,52.27,52.62,52.62,275000
12/06/2017,52.57,53.08,52.26,52.9,52.9,236200
13/06/2017,53.03,53.52,52.67,53.31,53.31,154800
14/06/2017,53.47,54.72,52.81,54.12,54.12,236000
15/06/2017,53.49,53.9,52.65,52.84,52.84,118900
16/06/2017,52.35,52.71,52.12,52.56,52.56,508000
19/06/2017,52.82,53.48,52.53,52.96,52.96,193300
20/06/2017,52.95,53.52,52.67,53.37,53.37,192600
21/06/2017,53.45,54.23,53.4,53.48,53.48,175500
22/06/2017,53.48,53.62,52.95,53.03,53.03,127200
23/06/2017,52.97,53.54,52.74,53.38,53.38,628100
26/06/2017,53.53,53.99,52.99,53.91,53.91,224500
27/06/2017,53.91,54.0,53.53,53.59,53.59,222500
28/06/2017,53.92,55.2,53.63,55.19,55.19,353900
29/06/2017,55.22,55.3,52.73,52.76,52.76,358000
30/06/2017,52.81,53.67,52.81,53.07,53.07,303600
03/07/2017,53.32,53.32,52.39,52.39,52.39,68900
05/07/2017,52.48,53.47,52.29,53.35,53.35,205700
06/07/2017,52.97,53.24,52.31,52.78,52.78,249600
07/07/2017,52.94,54.33,52.72,53.97,53.97,246100
10/07/2017,53.94,54.37,53.65,53.8,53.8,185000
11/07/2017,53.73,53.97,52.71,53.26,53.26,191900
12/07/2017,53.68,54.13,53.14,53.26,53.26,107700
13/07/2017,53.25,53.53,52.61,53.23,53.23,123800
14/07/2017,53.06,53.25,52.67,53.0,53.0,147500
17/07/2017,52.9,53.03,52.62,52.76,52.76,145400
18/07/2017,52.5,52.84,51.72,52.27,52.27,214800
19/07/2017,52.26,53.11,52.26,52.81,52.81,216400
20/07/2017,52.99,53.24,52.56,52.86,52.86,160100
21/07/2017,53.29,53.43,52.16,52.49,52.49,169300
24/07/2017,52.5,52.78,52.23,52.55,52.55,184500
25/07/2017,52.85,53.04,52.38,52.53,52.53,347600
26/07/2017,52.61,52.71,51.98,52.47,52.47,260900
27/07/2017,52.59,53.41,52.28,52.39,52.39,435900
28/07/2017,52.31,52.88,51.64,52.37,52.37,143200
31/07/2017,52.55,53.1,52.45,52.78,52.78,203300
01/08/2017,53.09,53.2,52.76,52.88,52.88,355000
02/08/2017,52.89,53.13,52.48,53.03,53.03,174900
03/08/2017,53.04,53.17,52.21,52.54,52.54,120000
04/08/2017,52.55,55.52,52.55,55.48,55.48,309600
07/08/2017,55.48,56.46,55.03,56.06,56.06,353600
08/08/2017,56.0,59.34,55.11,58.46,58.46,406800
09/08/2017,59.0,59.0,57.75,58.66,58.66,326400
10/08/2017,58.39,58.39,57.72,57.98,57.98,222500
11/08/2017,57.46,58.73,57.05,58.16,58.16,245300
14/08/2017,58.38,59.0,58.25,58.83,58.83,190800
15/08/2017,58.87,59.08,58.08,58.32,58.32,234800
16/08/2017,58.65,58.65,57.52,58.34,58.34,286300
17/08/2017,58.13,58.39,57.22,57.25,57.25,192300
18/08/2017,56.81,57.29,56.46,56.59,56.59,256700
21/08/2017,56.48,56.92,56.27,56.78,56.78,107200
22/08/2017,57.04,57.13,55.7,56.64,56.64,209300
23/08/2017,56.36,56.36,55.07,55.17,55.17,236600
24/08/2017,55.0,55.39,54.74,54.87,54.87,145700
25/08/2017,55.25,55.25,54.52,54.79,54.79,124900
28/08/2017,54.97,55.52,54.71,55.48,55.48,328100
29/08/2017,55.42,56.39,55.25,56.13,56.13,265200
30/08/2017,56.13,57.23,56.13,57.05,57.05,270800
31/08/2017,57.37,59.59,57.28,59.35,59.35,345500
01/09/2017,59.46,59.46,58.37,59.05,59.05,225700
05/09/2017,59.05,59.23,56.62,56.76,56.76,377600
06/09/2017,57.15,58.99,56.95,58.66,58.66,271300
07/09/2017,58.88,59.46,58.52,59.17,59.17,282700
08/09/2017,59.12,59.64,58.71,59.1,59.1,337900
11/09/2017,59.89,60.0,58.12,58.3,58.3,296100
12/09/2017,58.41,59.47,57.97,59.4,59.4,323400
13/09/2017,59.35,59.35,58.24,58.3,58.3,172500
14/09/2017,58.1,58.9,57.82,58.31,58.31,235800
15/09/2017,58.43,59.06,57.85,58.82,58.82,630800
18/09/2017,59.24,59.44,58.72,58.99,58.99,361700
19/09/2017,59.0,61.05,59.0,60.84,60.84,335500
20/09/2017,60.76,60.94,60.41,60.7,60.7,203800
21/09/2017,60.58,61.72,60.58,61.35,61.35,117000
22/09/2017,61.37,61.88,61.21,61.48,61.48,87700
25/09/2017,61.4,61.45,60.11,60.72,60.72,213600
26/09/2017,60.81,61.96,60.43,61.62,61.62,182300
27/09/2017,62.13,64.03,62.02,63.87,63.87,267900
28/09/2017,63.74,64.78,62.66,64.35,64.35,237500
29/09/2017,64.42,65.44,63.9,65.17,65.17,295300
02/10/2017,65.08,65.29,64.45,65.09,65.09,250000
03/10/2017,65.4,66.97,64.26,66.8,66.8,348400
04/10/2017,66.8,67.27,65.32,65.61,65.61,219400
05/10/2017,66.02,66.17,64.52,64.9,64.9,183100
06/10/2017,64.98,65.94,64.66,64.94,64.94,138800
09/10/2017,64.94,64.94,64.07,64.11,64.11,229800
10/10/2017,64.26,64.75,63.64,64.24,64.24,162800
11/10/2017,64.2,64.39,63.85,63.95,63.95,145000
12/10/2017,63.81,64.11,63.45,63.55,63.55,199800
13/10/2017,63.8,63.8,62.87,62.98,62.98,256500
16/10/2017,63.25,63.76,62.93,63.15,63.15,190400
17/10/2017,62.92,64.4,62.92,64.05,64.05,272400
18/10/2017,64.45,64.48,63.54,63.93,63.93,230200
19/10/2017,63.42,64.49,62.83,64.47,64.47,180100
20/10/2017,65.0,65.52,64.62,65.3,65.3,121900
23/10/2017,65.35,65.35,63.92,64.36,64.36,159700
24/10/2017,64.32,65.24,63.96,64.87,64.87,158500
25/10/2017,64.86,64.91,62.83,63.39,63.39,203100
26/10/2017,63.66,64.44,63.3,64.32,64.32,184400
27/10/2017,64.36,64.82,63.81,64.71,64.71,175500
30/10/2017,64.57,65.0,63.22,63.63,63.63,243900
31/10/2017,63.73,66.57,63.73,65.99,65.99,307200
01/11/2017,66.96,66.96,65.18,65.77,65.77,304800
02/11/2017,66.1,66.8,63.64,63.76,63.76,253100
03/11/2017,63.79,64.89,63.41,63.94,63.94,264300
06/11/2017,63.99,64.69,63.41,64.4,64.4,241100
07/11/2017,64.37,64.65,60.32,63.0,63.0,512800
08/11/2017,62.44,63.02,61.17,63.0,63.0,189400
09/11/2017,62.5,63.09,61.67,62.57,62.57,145800
10/11/2017,62.96,65.11,62.61,64.12,64.12,172300
13/11/2017,63.55,64.46,62.89,63.15,63.15,141500
14/11/2017,62.91,64.88,62.87,64.5,64.5,152600
15/11/2017,63.99,64.01,63.07,63.51,63.51,134500
16/11/2017,63.88,63.88,62.88,63.04,63.04,321500
17/11/2017,62.72,64.53,62.5,64.0,64.0,138500
20/11/2017,64.16,64.63,64.04,64.34,64.34,285700
21/11/2017,64.77,65.4,64.63,65.33,65.33,260500
22/11/2017,65.48,65.77,64.75,65.6,65.6,138300
24/11/2017,65.87,65.9,64.77,65.84,65.84,79400
27/11/2017,65.93,65.93,65.19,65.52,65.52,194400
28/11/2017,65.82,68.0,65.79,67.81,67.81,240900
29/11/2017,68.18,69.33,67.95,68.92,68.92,395500
30/11/2017,69.34,69.34,67.67,67.99,67.99,205900
01/12/2017,67.92,67.92,64.78,67.73,67.73,293800
04/12/2017,68.18,69.1,67.62,68.05,68.05,476900
05/12/2017,68.48,68.48,65.93,66.12,66.12,371900
06/12/2017,65.93,66.47,65.39,65.66,65.66,239700
07/12/2017,65.69,65.9,64.97,65.07,65.07,228100
08/12/2017,65.34,65.87,64.77,65.19,65.19,173700
11/12/2017,65.05,65.7,64.26,64.55,64.55,174200
12/12/2017,66.65,66.65,64.68,65.24,65.24,274700
13/12/2017,65.24,65.87,64.96,65.28,65.28,229700
14/12/2017,65.32,68.1,65.01,67.11,67.11,329000
15/12/2017,67.68,69.08,67.15,68.74,68.74,794500
18/12/2017,69.5,74.72,69.45,74.3,74.3,782600
19/12/2017,74.62,75.06,71.37,71.51,71.51,407200
20/12/2017,72.24,73.66,71.56,73.54,73.54,196100
21/12/2017,74.0,75.4,73.68,75.2,75.2,180900
22/12/2017,75.03,75.03,73.35,73.97,73.97,184500
26/12/2017,74.0,75.39,73.6,75.25,75.25,294000
27/12/2017,75.31,76.4,75.12,75.46,75.46,201700
28/12/2017,75.67,75.97,74.69,75.81,75.81,186700
29/12/2017,75.82,76.0,74.92,75.74,75.74,277300
02/01/2018,75.92,75.94,74.11,74.99,74.99,495500
03/01/2018,74.88,76.6,74.78,75.84,75.84,213000
04/01/2018,76.28,76.72,75.58,76.12,76.12,268800
05/01/2018,76.43,77.57,75.83,77.51,77.51,211000
08/01/2018,76.96,77.7,75.71,76.43,76.43,244900
09/01/2018,76.35,77.37,76.31,76.99,76.99,168400
10/01/2018,76.68,77.21,76.0,77.02,77.02,351700
11/01/2018,77.11,77.53,76.42,76.55,76.55,254200
12/01/2018,77.44,77.44,76.51,76.89,76.89,200000
16/01/2018,77.54,78.39,74.64,74.74,74.74,380700
17/01/2018,76.17,76.68,74.97,76.32,76.32,191200
18/01/2018,76.35,77.67,75.73,76.58,76.58,145000
19/01/2018,76.77,77.69,76.35,77.28,77.28,180700
22/01/2018,77.48,77.48,75.78,77.21,77.21,128800
23/01/2018,77.02,77.57,75.94,77.5,77.5,183500
24/01/2018,77.59,78.38,76.51,77.42,77.42,128200
25/01/2018,77.97,78.01,75.69,77.08,77.08,175800
26/01/2018,77.47,78.49,76.75,78.4,78.4,174800
29/01/2018,78.36,78.64,76.3,76.36,76.36,241100
30/01/2018,75.63,77.12,74.32,76.96,76.96,257200
31/01/2018,77.64,78.56,76.47,76.54,76.54,287900
01/02/2018,76.63,77.96,75.88,76.63,76.63,181100
02/02/2018,76.21,76.73,73.85,74.16,74.16,263300
05/02/2018,73.43,74.03,71.26,71.28,71.28,352400
06/02/2018,70.06,73.24,69.3,72.93,72.93,348100
07/02/2018,72.61,73.98,72.02,72.59,72.59,194700
08/02/2018,72.3,72.6,68.63,68.68,68.68,294400
09/02/2018,69.76,71.35,68.58,70.49,70.49,275600
12/02/2018,71.09,72.0,69.06,71.36,71.36,368000
13/02/2018,71.21,71.36,70.48,70.53,70.53,256800
14/02/2018,70.19,71.56,69.7,71.1,71.1,236500
15/02/2018,72.0,72.27,70.68,72.21,72.21,145500
16/02/2018,72.0,74.82,72.0,74.5,74.5,178300
20/02/2018,74.14,74.43,71.53,71.73,71.73,205900
21/02/2018,72.03,74.3,71.75,72.5,72.5,146000
22/02/2018,72.79,73.68,71.87,72.76,72.76,188000
23/02/2018,72.4,72.42,71.13,71.96,71.96,246500
26/02/2018,72.15,73.36,72.07,73.34,73.34,195500
27/02/2018,72.42,77.83,71.1,72.09,72.09,714300
28/02/2018,72.56,73.03,68.88,69.64,69.64,532200
01/03/2018,69.46,70.23,67.31,68.0,68.0,352400
02/03/2018,69.19,72.79,68.35,72.48,72.48,648700
05/03/2018,71.82,74.45,71.8,74.27,74.27,268600
06/03/2018,74.71,76.04,73.15,75.93,75.93,424400
07/03/2018,75.06,76.44,74.72,76.26,76.26,240800
08/03/2018,76.34,76.34,74.61,75.31,75.31,199600
09/03/2018,76.01,77.65,75.18,77.51,77.51,235300
12/03/2018,77.69,79.57,77.64,79.38,79.38,289700
13/03/2018,80.14,81.17,79.31,80.08,80.08,322600
14/03/2018,80.56,81.48,79.97,81.28,81.28,350600
15/03/2018,81.5,81.74,80.05,80.4,80.4,186100
16/03/2018,80.34,82.0,79.49,81.81,81.81,507100
19/03/2018,81.33,81.75,80.33,81.22,81.22,374700
20/03/2018,81.31,81.89,79.2,80.24,80.24,315100
21/03/2018,80.41,82.26,80.24,81.27,81.27,155800
22/03/2018,80.26,81.74,79.19,79.35,79.35,245900
23/03/2018,79.58,80.3,77.55,77.55,77.55,297300
26/03/2018,78.95,79.3,77.32,78.49,78.49,215900
27/03/2018,78.64,78.64,75.63,76.33,76.33,297100
28/03/2018,76.61,77.97,75.7,76.58,76.58,294800
29/03/2018,76.96,77.59,75.99,76.52,76.52,168900
02/04/2018,76.35,76.94,71.9,72.9,72.9,351400
03/04/2018,73.24,74.17,72.16,73.57,73.57,305700
04/04/2018,72.44,76.98,72.44,76.69,76.69,328400
05/04/2018,77.13,78.93,77.13,78.38,78.38,362600
06/04/2018,77.77,78.5,76.56,77.71,77.71,285600
09/04/2018,78.28,79.14,77.28,77.35,77.35,215000
10/04/2018,78.6,78.6,76.63,77.23,77.23,251100
11/04/2018,76.28,77.82,76.28,76.93,76.93,344100
12/04/2018,77.32,78.1,74.94,75.46,75.46,373200
13/04/2018,75.8,76.0,74.8,75.01,75.01,353900
16/04/2018,75.83,76.96,75.42,76.79,76.79,126900
17/04/2018,77.63,77.8,76.72,77.57,77.57,162400
18/04/2018,77.69,79.35,77.28,79.28,79.28,239000
19/04/2018,78.88,79.29,76.81,78.38,78.38,465200
20/04/2018,77.95,78.6,76.8,77.26,77.26,341200
23/04/2018,77.46,79.25,76.74,79.01,79.01,174700
24/04/2018,79.43,80.35,78.46,78.86,78.86,704900
25/04/2018,78.87,79.65,78.2,79.02,79.02,487900
26/04/2018,79.43,80.76,79.06,80.07,80.07,213800
27/04/2018,80.16,80.3,78.77,80.15,80.15,335500
30/04/2018,80.26,80.91,79.45,79.7,79.7,386600
01/05/2018,79.4,79.79,77.7,79.0,79.0,340500
02/05/2018,78.97,78.97,75.31,75.55,75.55,389400
03/05/2018,75.0,75.51,72.09,74.91,74.91,556400
04/05/2018,74.64,76.8,74.0,76.49,76.49,213000
07/05/2018,76.63,77.9,75.93,77.73,77.73,392600
08/05/2018,79.75,82.38,78.05,78.34,78.34,434800
09/05/2018,79.24,81.38,77.02,81.01,81.01,501000
10/05/2018,81.54,82.84,81.36,82.83,82.83,347700
11/05/2018,82.78,84.03,82.2,82.52,82.52,311100
14/05/2018,82.85,82.85,80.99,81.34,81.34,212300
15/05/2018,80.49,81.0,77.92,78.36,78.36,349500
16/05/2018,78.32,80.08,77.74,79.77,79.77,335800
17/05/2018,79.98,80.8,79.58,80.33,80.33,196000
18/05/2018,80.64,82.83,80.5,82.39,82.39,186600
21/05/2018,82.9,83.64,82.17,82.99,82.99,224200
22/05/2018,82.72,83.22,81.61,82.97,82.97,281300
23/05/2018,82.45,84.52,82.45,84.37,84.37,293800
24/05/2018,84.22,85.2,83.87,84.45,84.45,220300
25/05/2018,84.66,85.9,84.35,84.87,84.87,189300
29/05/2018,84.0,85.12,83.56,84.94,84.94,265200
30/05/2018,85.78,85.8,84.35,84.45,84.45,351200
31/05/2018,84.71,85.13,83.74,83.95,83.95,218500
01/06/2018,85.06,85.06,83.41,83.74,83.74,259700
04/06/2018,84.3,85.39,83.85,84.79,84.79,229400
05/06/2018,84.62,85.2,83.76,84.69,84.69,278600
06/06/2018,84.86,85.04,83.5,84.55,84.55,174500
07/06/2018,84.81,85.33,83.45,84.36,84.36,299600
08/06/2018,84.35,87.14,84.3,86.89,86.89,240300
11/06/2018,86.9,86.99,85.26,85.67,85.67,141800
12/06/2018,85.67,87.21,85.06,87.01,87.01,205900
13/06/2018,87.09,87.09,82.56,83.15,83.15,271700
14/06/2018,83.36,83.66,82.53,83.49,83.49,399000
15/06/2018,82.81,83.99,82.81,83.45,83.45,368600
18/06/2018,82.84,84.31,82.54,83.05,83.05,105700
19/06/2018,82.5,83.56,81.69,83.38,83.38,220100
20/06/2018,83.53,84.1,81.99,83.5,83.5,172500
21/06/2018,83.51,83.51,81.58,81.93,81.93,138500
22/06/2018,82.08,82.08,78.0,78.17,78.17,615700
25/06/2018,77.76,79.39,77.11,79.06,79.06,368500
26/06/2018,79.9,80.99,79.57,80.37,80.37,248200
27/06/2018,80.38,80.38,77.34,77.36,77.36,268100
28/06/2018,78.11,80.13,76.4,79.69,79.69,531200
29/06/2018,80.13,80.7,78.29,78.34,78.34,230800
02/07/2018,77.94,78.54,77.01,78.48,78.48,165400
03/07/2018,78.8,79.56,78.55,78.87,78.87,85000
05/07/2018,79.35,79.96,78.42,79.93,79.93,114500
06/07/2018,79.96,81.83,79.96,80.51,80.51,189400
09/07/2018,81.0,82.0,80.64,80.66,80.66,205700
10/07/2018,80.78,80.86,79.11,79.81,79.81,290800
11/07/2018,79.25,79.82,78.94,79.2,79.2,132200
12/07/2018,79.59,80.1,77.98,79.37,79.37,111300
13/07/2018,79.22,80.4,79.22,80.13,80.13,129800
16/07/2018,80.23,80.61,79.59,80.5,80.5,195100
17/07/2018,80.68,82.47,80.68,82.34,82.34,265100
18/07/2018,82.34,82.34,80.93,81.96,81.96,119100
19/07/2018,82.16,84.1,81.82,83.96,83.96,221400
20/07/2018,84.28,84.56,82.88,83.18,83.18,184800
23/07/2018,83.09,83.18,81.46,81.55,81.55,159200
24/07/2018,81.51,81.51,77.65,77.75,77.75,274600
25/07/2018,77.67,77.72,72.41,75.17,75.17,680800
26/07/2018,75.68,75.91,74.55,75.4,75.4,181600
27/07/2018,75.42,75.58,73.84,74.53,74.53,206000
30/07/2018,74.6,76.11,74.47,74.56,74.56,207500
31/07/2018,74.0,75.79,73.75,74.28,74.28,316300
01/08/2018,74.34,75.62,73.69,75.09,75.09,662200
02/08/2018,74.49,75.42,73.42,73.81,73.81,385300
03/08/2018,73.42,73.46,72.01,73.18,73.18,309600
06/08/2018,73.18,76.31,72.81,75.8,75.8,364800
07/08/2018,79.5,80.98,77.47,80.24,80.24,527700
08/08/2018,80.52,80.52,75.39,75.49,75.49,280500
09/08/2018,75.56,78.54,75.45,78.08,78.08,282600
10/08/2018,78.08,78.93,75.73,76.43,76.43,406700
13/08/2018,76.31,76.31,72.17,72.6,72.6,341900
14/08/2018,72.69,74.0,71.65,73.85,73.85,652800
15/08/2018,73.8,74.29,72.73,73.28,73.28,483700
16/08/2018,73.55,74.43,73.0,73.77,73.77,198200
17/08/2018,73.57,75.62,73.24,73.94,73.94,187600
20/08/2018,73.86,73.86,68.89,68.91,68.91,694600
21/08/2018,69.65,71.06,69.65,70.81,70.81,461900
22/08/2018,70.58,71.37,69.76,70.31,70.31,315200
23/08/2018,70.21,70.21,69.53,69.88,69.88,474100
24/08/2018,69.89,70.43,68.85,68.89,68.89,213800
27/08/2018,68.62,69.92,68.44,69.16,69.16,247600
28/08/2018,68.87,69.03,66.79,66.93,66.93,313800
29/08/2018,66.98,66.98,64.59,65.1,65.1,1193800
30/08/2018,64.8,65.53,61.74,62.02,62.02,1107700
31/08/2018,61.97,62.69,61.15,62.28,62.28,465600
04/09/2018,62.16,62.69,61.21,61.99,61.99,357700
05/09/2018,61.69,63.47,61.36,63.01,63.01,425500
06/09/2018,61.76,63.37,61.49,62.09,62.09,446300
07/09/2018,61.61,62.09,60.99,61.38,61.38,348800
10/09/2018,61.71,62.72,61.46,62.51,62.51,241400
11/09/2018,62.36,64.82,62.12,63.93,63.93,399700
12/09/2018,64.04,65.17,63.94,64.82,64.82,457600
13/09/2018,64.96,64.96,62.5,63.54,63.54,347900
14/09/2018,63.26,63.9,62.26,63.5,63.5,268200
17/09/2018,63.5,63.68,61.67,61.99,61.99,335800
18/09/2018,61.9,62.59,61.55,62.0,62.0,161500
19/09/2018,62.34,64.21,62.34,64.19,64.19,455100
20/09/2018,64.53,64.61,61.35,62.31,62.31,410800
21/09/2018,62.35,62.35,60.8,61.83,61.83,563700
24/09/2018,61.51,61.72,60.33,61.51,61.51,326600
25/09/2018,61.9,62.05,60.88,61.62,61.62,221500
26/09/2018,61.96,61.96,58.11,58.24,58.24,440100
27/09/2018,58.22,58.91,57.1,57.55,57.55,362700
28/09/2018,57.45,58.7,56.16,56.82,56.82,667000
01/10/2018,56.51,57.16,55.39,56.42,56.42,412200
02/10/2018,56.21,56.8,55.09,55.12,55.12,233100
03/10/2018,55.32,55.32,54.4,54.82,54.82,283100
04/10/2018,54.66,55.12,53.77,54.43,54.43,232200
05/10/2018,54.09,54.09,51.22,53.42,53.42,438600
08/10/2018,53.04,54.99,53.03,54.75,54.75,314000
09/10/2018,54.41,54.87,52.37,52.52,52.52,285800
10/10/2018,52.43,53.96,51.73,52.41,52.41,359800
11/10/2018,52.22,53.88,51.95,51.98,51.98,334800
12/10/2018,52.91,52.98,50.67,50.92,50.92,289400
15/10/2018,50.45,51.21,49.18,50.39,50.39,357100
16/10/2018,50.86,52.81,50.0,52.4,52.4,354600
17/10/2018,52.13,52.13,49.44,50.02,50.02,260900
18/10/2018,49.4,49.4,44.85,45.08,45.08,913800
19/10/2018,45.07,45.75,43.94,44.0,44.0,480700
22/10/2018,44.22,45.2,43.86,44.73,44.73,382500
23/10/2018,43.98,46.39,43.98,45.79,45.79,439600
24/10/2018,45.64,47.14,44.18,44.26,44.26,457900
25/10/2018,44.68,45.7,44.55,45.19,45.19,296700
26/10/2018,44.4,45.09,42.87,44.11,44.11,431100
29/10/2018,44.75,45.53,42.44,43.02,43.02,340500
30/10/2018,42.37,45.66,42.18,45.48,45.48,414500
31/10/2018,45.97,46.58,45.44,45.62,45.62,780200
01/11/2018,45.57,50.73,44.96,49.32,49.32,697500
02/11/2018,49.44,49.64,48.14,49.32,49.32,299600
05/11/2018,49.51,49.73,48.28,49.45,49.45,318700
06/11/2018,55.98,55.98,50.06,52.09,52.09,731000
07/11/2018,52.0,54.21,50.69,53.33,53.33,596300
08/11/2018,53.08,54.76,51.4,53.13,53.13,534700
09/11/2018,52.84,53.78,50.65,51.31,51.31,673700
12/11/2018,50.85,51.87,50.15,50.57,50.57,336100
13/11/2018,50.97,52.21,50.08,50.09,50.09,265300
14/11/2018,50.82,52.05,49.24,49.73,49.73,253600
15/11/2018,49.02,49.02,46.65,47.64,47.64,502300
16/11/2018,47.56,48.73,46.72,48.52,48.52,625000
19/11/2018,48.46,48.55,47.19,47.79,47.79,231800
20/11/2018,46.85,49.31,46.85,48.41,48.41,355800
21/11/2018,48.73,51.83,48.73,50.68,50.68,279800
23/11/2018,50.44,50.91,49.99,50.14,50.14,95100
26/11/2018,50.91,51.48,49.5,50.23,50.23,379100
27/11/2018,49.83,51.45,49.83,50.83,50.83,184200
28/11/2018,50.41,53.13,48.88,52.75,52.75,308700
29/11/2018,52.61,52.93,50.83,50.96,50.96,243800
30/11/2018,50.91,51.42,50.51,50.95,50.95,319500
03/12/2018,51.63,51.75,48.75,50.5,50.5,369700
04/12/2018,49.77,50.63,47.14,47.16,47.16,405500
06/12/2018,46.43,48.39,46.2,48.17,48.17,238900
07/12/2018,48.18,49.33,47.13,47.17,47.17,277800
10/12/2018,47.19,47.5,45.61,47.13,47.13,295100
11/12/2018,48.0,48.37,46.45,46.74,46.74,303300
12/12/2018,47.42,48.55,46.78,47.76,47.76,258600
13/12/2018,47.91,48.21,46.19,46.46,46.46,260300
14/12/2018,45.78,47.03,45.13,45.4,45.4,189700
17/12/2018,44.85,45.89,44.43,44.65,44.65,264100
18/12/2018,44.86,46.09,44.59,44.87,44.87,402600
19/12/2018,44.88,46.64,43.98,44.0,44.0,399700
20/12/2018,43.67,44.69,43.13,43.81,43.81,395000
21/12/2018,43.89,45.32,43.34,44.34,44.34,1456500
24/12/2018,43.97,44.15,41.32,42.3,42.3,240300
26/12/2018,42.47,44.38,41.27,44.28,44.28,260200
27/12/2018,43.36,44.82,43.17,44.8,44.8,258300
28/12/2018,45.04,45.89,44.2,44.9,44.9,193200
31/12/2018,45.07,45.68,44.2,45.0,45.0,264400
02/01/2019,44.31,46.16,43.71,45.34,45.34,209000
03/01/2019,44.83,45.97,44.35,45.52,45.52,262600
04/01/2019,46.33,48.43,46.06,48.16,48.16,223100
07/01/2019,47.58,49.4,46.75,48.73,48.73,203200
08/01/2019,49.18,49.38,48.31,49.13,49.13,292800
09/01/2019,49.29,51.11,47.98,51.0,51.0,344600
10/01/2019,51.0,51.49,50.19,50.68,50.68,192900
11/01/2019,50.2,51.01,49.54,50.04,50.04,235100
14/01/2019,49.65,50.16,48.92,48.99,48.99,244000
15/01/2019,47.75,48.48,46.57,48.15,48.15,236900
16/01/2019,48.21,48.83,47.58,47.95,47.95,176900
17/01/2019,47.86,48.74,47.73,48.31,48.31,236600
18/01/2019,48.47,49.38,47.48,48.49,48.49,354000
22/01/2019,48.0,49.36,47.28,48.2,48.2,284800
23/01/2019,48.42,49.76,48.03,48.92,48.92,322600
24/01/2019,48.92,49.85,48.56,49.51,49.51,216400
25/01/2019,50.13,51.14,48.57,48.88,48.88,259100
28/01/2019,48.42,50.23,48.42,49.17,49.17,167000
29/01/2019,48.95,50.17,47.7,49.72,49.72,215600
30/01/2019,49.94,50.16,48.35,49.98,49.98,288100
31/01/2019,50.17,53.07,49.56,52.81,52.81,637700
01/02/2019,53.05,54.8,52.83,53.2,53.2,503500
04/02/2019,53.25,53.86,52.61,53.81,53.81,128700
05/02/2019,53.94,54.93,53.82,54.86,54.86,231500
06/02/2019,54.85,55.18,52.65,52.8,52.8,168000
07/02/2019,53.04,53.72,52.31,53.05,53.05,168000
08/02/2019,52.8,53.11,52.16,52.84,52.84,99300
11/02/2019,53.06,53.68,52.47,53.32,53.32,213900
12/02/2019,53.78,56.91,53.78,56.29,56.29,367000
13/02/2019,56.38,56.46,54.61,56.07,56.07,235800
14/02/2019,55.69,56.9,55.69,56.52,56.52,310000
15/02/2019,56.97,58.34,56.27,58.08,58.08,290700
19/02/2019,57.91,58.92,57.77,57.87,57.87,231600
20/02/2019,57.83,58.35,56.81,57.28,57.28,291500
21/02/2019,56.94,57.86,56.29,57.8,57.8,203800
22/02/2019,58.02,58.26,57.21,58.08,58.08,201100
25/02/2019,58.93,59.51,58.38,58.7,58.7,315400
26/02/2019,58.01,61.0,56.88,59.62,59.62,663500
27/02/2019,59.92,60.47,57.71,59.68,59.68,325700
28/02/2019,59.18,59.96,57.56,59.5,59.5,401500
01/03/2019,59.91,60.25,58.38,60.06,60.06,300900
04/03/2019,60.24,61.95,59.73,61.4,61.4,465400
05/03/2019,61.66,62.21,61.4,61.67,61.67,451200
06/03/2019,61.58,62.07,60.67,61.3,61.3,437100
07/03/2019,62.58,64.27,61.94,63.0,63.0,481400
08/03/2019,62.76,64.54,62.74,63.72,63.72,396600
11/03/2019,63.84,65.08,63.45,64.92,64.92,402000
12/03/2019,65.02,65.43,64.26,64.57,64.57,402300
13/03/2019,64.77,65.38,63.03,63.39,63.39,272900
14/03/2019,63.24,63.72,62.72,63.53,63.53,272600
15/03/2019,63.6,65.24,63.56,63.79,63.79,663400
18/03/2019,63.37,64.05,62.28,63.91,63.91,356100
19/03/2019,63.65,64.93,63.09,63.25,63.25,312400
20/03/2019,63.0,64.16,61.55,62.89,62.89,351400
21/03/2019,62.68,65.28,62.68,64.38,64.38,209200
22/03/2019,63.79,65.64,63.23,63.49,63.49,271600
25/03/2019,63.37,66.16,63.37,65.88,65.88,258700
26/03/2019,66.11,66.31,63.97,65.03,65.03,370200
27/03/2019,65.41,66.99,64.77,65.95,65.95,355600
28/03/2019,66.18,66.45,64.27,65.18,65.18,214200
29/03/2019,65.56,66.4,64.53,64.82,64.82,224700
01/04/2019,65.47,65.8,64.05,65.27,65.27,215900
02/04/2019,65.18,65.26,64.05,64.98,64.98,178300
03/04/2019,65.47,65.86,64.63,64.95,64.95,182400
04/04/2019,64.89,67.47,64.77,67.41,67.41,212100
05/04/2019,67.49,68.7,67.26,67.96,67.96,207100
08/04/2019,67.88,68.13,66.87,67.9,67.9,181200
09/04/2019,68.01,68.66,67.49,67.7,67.7,230300
10/04/2019,68.16,70.28,68.06,69.73,69.73,265700
11/04/2019,69.72,71.29,69.59,70.67,70.67,212600
12/04/2019,71.38,71.94,71.07,71.81,71.81,242300
15/04/2019,72.14,72.61,71.42,72.25,72.25,201000
16/04/2019,72.56,72.65,71.82,72.18,72.18,438300
17/04/2019,72.63,73.0,71.62,72.05,72.05,223500
18/04/2019,72.31,73.93,71.65,73.71,73.71,263800
22/04/2019,73.44,73.44,69.57,70.06,70.06,423400
23/04/2019,70.26,72.57,70.23,71.4,71.4,364400
24/04/2019,71.45,72.23,71.0,71.55,71.55,217100
25/04/2019,71.23,71.38,68.23,69.6,69.6,314000
26/04/2019,69.73,70.34,68.83,69.68,69.68,328400
29/04/2019,69.75,70.71,69.29,70.39,70.39,170800
30/04/2019,70.24,71.72,70.24,71.23,71.23,261300
01/05/2019,71.57,72.81,70.95,71.2,71.2,457100
02/05/2019,71.26,73.23,71.26,72.55,72.55,313900
03/05/2019,73.01,74.52,72.35,74.32,74.32,343600
06/05/2019,73.03,73.93,72.99,73.8,73.8,245300
07/05/2019,77.92,81.97,77.92,80.38,80.38,648300
08/05/2019,80.67,81.0,77.75,79.52,79.52,334300
09/05/2019,79.15,82.26,79.01,81.88,81.88,319000
10/05/2019,81.71,84.15,81.58,83.56,83.56,439500
13/05/2019,83.53,85.21,82.75,84.58,84.58,421100
14/05/2019,84.61,85.85,83.12,85.75,85.75,365400
15/05/2019,85.13,86.96,85.07,86.34,86.34,186900
16/05/2019,84.4,85.5,83.48,83.67,83.67,255800
17/05/2019,83.16,83.37,81.03,82.05,82.05,712200
20/05/2019,82.04,83.21,79.71,80.87,80.87,409300
21/05/2019,80.5,81.99,80.45,81.22,81.22,336900
22/05/2019,80.55,81.93,80.09,81.22,81.22,320600
23/05/2019,80.89,81.3,78.04,78.34,78.34,362700
24/05/2019,78.89,79.95,78.74,79.7,79.7,392500
28/05/2019,80.0,80.0,77.5,78.4,78.4,473100
29/05/2019,77.99,78.45,76.66,77.11,77.11,459200
30/05/2019,77.59,78.46,76.94,78.26,78.26,187100
31/05/2019,77.47,79.44,77.18,79.27,79.27,295400
03/06/2019,79.63,80.97,79.15,79.99,79.99,314200
04/06/2019,80.4,81.72,79.92,81.62,81.62,392600
05/06/2019,81.96,82.68,80.71,81.44,81.44,253100
06/06/2019,81.17,81.62,79.93,80.05,80.05,223700
07/06/2019,80.69,82.95,80.43,82.72,82.72,236100
10/06/2019,82.74,84.38,81.3,81.99,81.99,212000
11/06/2019,82.29,82.53,79.62,80.73,80.73,359000
12/06/2019,81.02,81.6,80.08,80.63,80.63,248000
13/06/2019,81.22,82.54,80.68,82.21,82.21,411500
14/06/2019,82.08,82.19,80.74,81.14,81.14,289500
17/06/2019,81.05,81.1,78.4,79.38,79.38,378500
18/06/2019,79.86,80.33,78.05,78.44,78.44,348100
19/06/2019,78.1,78.1,75.89,78.01,78.01,393500
20/06/2019,78.44,79.57,77.64,78.9,78.9,466800
21/06/2019,78.28,78.64,76.5,77.67,77.67,441900
24/06/2019,78.06,79.99,77.22,78.61,78.61,359900
25/06/2019,79.09,79.54,77.25,78.11,78.11,430400
26/06/2019,78.09,78.39,76.78,77.66,77.66,230200
27/06/2019,77.89,80.56,77.89,80.55,80.55,183600
28/06/2019,80.46,83.47,80.36,82.76,82.76,414100
01/07/2019,83.45,83.66,80.64,81.02,81.02,299200
02/07/2019,81.0,81.35,80.44,81.19,81.19,218400
03/07/2019,81.46,82.54,81.05,82.12,82.12,165400
05/07/2019,81.79,82.09,80.11,81.5,81.5,141100
08/07/2019,81.15,82.29,80.7,81.92,81.92,372200
09/07/2019,81.74,82.62,81.05,81.75,81.75,121300
10/07/2019,82.14,82.4,81.38,81.67,81.67,394000
11/07/2019,81.75,82.25,80.42,82.25,82.25,189800
12/07/2019,82.59,86.5,82.3,83.94,83.94,421300
15/07/2019,84.33,85.13,82.05,82.81,82.81,127000
16/07/2019,82.89,84.0,82.29,82.83,82.83,159700
17/07/2019,83.24,83.34,80.72,80.75,80.75,205500
18/07/2019,81.41,81.95,80.18,81.63,81.63,235800
19/07/2019,81.83,82.18,79.88,79.9,79.9,240900
22/07/2019,80.22,80.86,79.63,79.92,79.92,211500
23/07/2019,80.27,80.62,78.26,79.32,79.32,243600
24/07/2019,79.24,81.35,78.91,81.17,81.17,156700
25/07/2019,81.56,83.13,81.56,82.2,82.2,326300
26/07/2019,82.17,83.26,80.46,81.1,81.1,206800
29/07/2019,81.08,81.62,78.88,79.44,79.44,305900
30/07/2019,79.11,82.9,79.11,82.06,82.06,320200
31/07/2019,81.99,83.44,80.97,81.13,81.13,437400
01/08/2019,82.28,89.87,82.28,85.78,85.78,1470600
02/08/2019,86.38,89.96,85.51,89.48,89.48,590900
05/08/2019,89.04,90.05,86.15,87.85,87.85,522100
06/08/2019,88.63,91.49,87.68,88.34,88.34,476800
07/08/2019,87.57,91.24,86.07,90.97,90.97,323000
08/08/2019,91.22,92.07,88.84,90.56,90.56,314100
09/08/2019,90.25,90.85,89.65,89.92,89.92,185100
12/08/2019,89.75,90.82,87.94,89.41,89.41,120400
13/08/2019,89.35,92.04,89.35,91.69,91.69,176600
14/08/2019,90.94,90.96,88.9,89.39,89.39,170300
15/08/2019,89.3,90.31,88.67,89.77,89.77,208300
16/08/2019,90.15,90.98,89.16,90.3,90.3,278200
19/08/2019,91.0,93.44,90.9,92.55,92.55,203900
20/08/2019,92.81,93.59,91.8,91.92,91.92,289600
21/08/2019,92.58,93.44,91.11,92.71,92.71,201400
22/08/2019,92.9,93.45,91.69,92.34,92.34,189200
23/08/2019,92.05,92.96,88.57,88.71,88.71,263000
26/08/2019,88.97,90.05,88.49,89.55,89.55,292600
27/08/2019,89.97,90.72,88.12,88.14,88.14,219300
28/08/2019,87.87,91.11,86.53,90.81,90.81,295300
29/08/2019,91.6,93.28,91.48,91.51,91.51,173100
30/08/2019,92.08,92.88,91.45,92.62,92.62,125400
03/09/2019,92.08,92.41,88.55,89.83,89.83,217300
04/09/2019,90.4,93.1,90.4,92.34,92.34,266800
05/09/2019,93.4,93.63,90.14,91.42,91.42,250700
06/09/2019,91.77,92.57,91.47,91.59,91.59,132100
09/09/2019,91.76,92.92,91.13,92.33,92.33,213000
10/09/2019,92.37,92.43,90.15,91.89,91.89,169300
11/09/2019,92.51,94.47,91.83,93.32,93.32,333200
12/09/2019,94.33,96.01,92.68,92.75,92.75,342700
13/09/2019,93.5,94.28,92.24,92.87,92.87,231800
16/09/2019,92.47,93.77,91.98,93.53,93.53,196900
17/09/2019,93.37,95.35,93.2,93.74,93.74,301200
18/09/2019,94.13,96.22,93.01,95.56,95.56,297800
19/09/2019,96.12,96.63,94.85,95.59,95.59,199900
20/09/2019,95.51,96.11,94.62,95.12,95.12,642800
23/09/2019,94.86,96.21,94.32,95.24,95.24,216700
24/09/2019,96.0,97.55,95.78,95.96,95.96,264800
25/09/2019,96.32,97.66,95.57,97.43,97.43,186400
26/09/2019,97.75,97.99,95.13,95.92,95.92,197900
27/09/2019,96.0,96.47,93.46,94.03,94.03,248600
30/09/2019,94.3,97.2,94.3,96.43,96.43,379700
01/10/2019,96.84,96.98,94.4,94.8,94.8,196300
02/10/2019,94.37,94.62,92.74,93.62,93.62,255200
03/10/2019,93.56,94.44,91.31,93.16,93.16,253500
04/10/2019,93.82,97.37,93.22,96.6,96.6,241800
07/10/2019,96.07,96.07,95.03,95.41,95.41,340600
08/10/2019,94.43,96.61,94.42,95.45,95.45,205800
09/10/2019,96.05,97.79,95.95,97.65,97.65,169100
10/10/2019,97.91,97.94,96.33,96.78,96.78,174500
11/10/2019,98.17,99.19,96.59,97.67,97.67,274500
14/10/2019,97.67,99.26,96.66,98.63,98.63,183500
15/10/2019,98.82,99.98,97.9,99.52,99.52,204800
16/10/2019,99.45,100.81,99.0,100.35,100.35,230200
17/10/2019,101.0,102.72,100.97,101.94,101.94,304400
18/10/2019,101.72,102.13,100.8,101.61,101.61,152900
21/10/2019,102.0,102.81,100.93,101.43,101.43,205900
22/10/2019,101.97,101.97,100.25,100.5,100.5,173200
23/10/2019,100.32,100.32,98.51,98.82,98.82,218800
24/10/2019,98.96,100.3,97.82,100.03,100.03,254100
25/10/2019,100.11,101.78,99.87,100.06,100.06,154300
28/10/2019,100.44,101.31,97.98,98.38,98.38,326900
29/10/2019,98.28,100.59,97.5,97.59,97.59,294800
30/10/2019,97.26,97.56,93.01,96.52,96.52,444300
31/10/2019,102.0,106.82,97.5,103.93,103.93,932200
01/11/2019,105.1,110.29,104.75,110.27,110.27,616700
04/11/2019,110.43,110.57,108.21,108.28,108.28,478600
05/11/2019,109.12,111.48,106.29,106.63,106.63,442600
06/11/2019,105.95,109.47,104.38,109.22,109.22,276500
07/11/2019,109.6,109.6,103.79,105.75,105.75,363400
08/11/2019,105.53,106.98,104.89,105.38,105.38,240400
11/11/2019,105.0,106.54,105.0,106.31,106.31,174500
12/11/2019,107.0,107.99,105.19,107.32,107.32,246700
13/11/2019,107.0,109.93,106.35,109.5,109.5,220500
14/11/2019,108.98,110.84,108.52,109.52,109.52,184400
15/11/2019,109.78,109.78,107.0,107.29,107.29,170400
18/11/2019,106.9,110.09,106.9,108.92,108.92,194000
19/11/2019,109.52,110.63,107.79,109.94,109.94,289500
20/11/2019,109.6,112.18,109.55,110.27,110.27,273600
21/11/2019,111.14,112.41,109.11,109.69,109.69,244400
22/11/2019,110.16,110.61,107.25,109.16,109.16,148000
25/11/2019,109.96,112.71,109.7,109.98,109.98,259600
26/11/2019,110.11,112.24,109.88,112.21,112.21,286900
27/11/2019,111.77,113.74,111.77,112.26,112.26,217500
29/11/2019,112.01,112.69,110.25,110.28,110.28,75100
02/12/2019,110.05,110.62,107.34,107.7,107.7,263100
03/12/2019,107.01,109.82,107.01,109.59,109.59,154700
04/12/2019,109.78,110.31,108.67,109.28,109.28,203600
05/12/2019,109.6,111.82,109.6,110.38,110.38,214200
06/12/2019,110.87,111.46,108.75,109.37,109.37,238400
09/12/2019,109.37,110.97,108.7,109.71,109.71,212300
10/12/2019,109.41,109.8,107.76,108.2,108.2,216900
11/12/2019,108.27,109.39,107.84,108.57,108.57,198400
12/12/2019,108.4,109.87,104.97,105.1,105.1,417600
13/12/2019,104.5,106.77,103.85,105.95,105.95,267600
16/12/2019,106.0,107.36,104.41,105.23,105.23,347100
17/12/2019,105.59,106.96,104.36,104.95,104.95,324000
18/12/2019,105.68,106.33,102.35,104.36,104.36,263700
19/12/2019,104.2,104.6,99.79,101.58,101.58,470100
20/12/2019,101.69,103.67,100.72,103.06,103.06,1505000
23/12/2019,101.95,102.82,101.26,101.74,101.74,299100
24/12/2019,102.21,104.01,101.67,103.95,103.95,76200
26/12/2019,103.93,103.93,101.92,102.29,102.29,122600
27/12/2019,102.42,103.5,101.86,102.84,102.84,164800
30/12/2019,102.44,102.87,100.96,102.75,102.75,177000
31/12/2019,102.41,103.55,102.38,103.08,103.08,230400
02/01/2020,103.85,103.85,102.0,103.11,103.11,197500
03/01/2020,102.3,104.12,102.3,103.38,103.38,243900
06/01/2020,103.4,104.99,103.19,104.51,104.51,202900
07/01/2020,104.46,106.25,104.3,104.72,104.72,198600
08/01/2020,105.35,108.5,105.35,106.2,106.2,313500
09/01/2020,106.41,107.32,104.53,104.93,104.93,318300
10/01/2020,104.6,105.99,103.67,104.59,104.59,187200
13/01/2020,104.39,105.4,104.2,104.88,104.88,381300
14/01/2020,105.15,106.58,104.3,105.52,105.52,235400
15/01/2020,105.79,109.46,105.61,109.32,109.32,356300
16/01/2020,109.52,111.52,109.46,110.41,110.41,318000
17/01/2020,111.07,112.09,110.1,111.6,111.6,346300
21/01/2020,111.77,113.98,111.42,113.91,113.91,293100
22/01/2020,114.62,115.23,113.93,114.18,114.18,336400
23/01/2020,114.28,117.75,114.0,117.47,117.47,426000
24/01/2020,117.93,119.99,112.9,113.7,113.7,301000
27/01/2020,112.67,114.81,112.08,113.38,113.38,206500
28/01/2020,114.55,117.76,114.53,117.5,117.5,231300
29/01/2020,117.64,119.4,115.73,117.21,117.21,190800
30/01/2020,116.44,118.45,116.17,118.25,118.25,234000
31/01/2020,117.77,118.58,114.26,114.51,114.51,273300
03/02/2020,114.81,115.42,113.4,113.52,113.52,225100
04/02/2020,114.6,114.87,111.09,112.0,112.0,243700
05/02/2020,112.92,115.61,111.81,114.51,114.51,252800
06/02/2020,115.13,116.62,114.57,115.55,115.55,184100
07/02/2020,115.88,116.5,114.75,115.9,115.9,178900
10/02/2020,116.43,120.06,116.43,119.07,119.07,397100
11/02/2020,119.95,120.62,117.04,117.21,117.21,213100
12/02/2020,116.93,117.76,113.7,117.65,117.65,195700
13/02/2020,117.18,120.71,117.18,118.7,118.7,268900
14/02/2020,119.34,119.56,117.89,118.58,118.58,129700
18/02/2020,118.86,120.74,118.38,120.63,120.63,243100
19/02/2020,121.42,125.66,121.42,123.43,123.43,401400
20/02/2020,123.17,124.73,120.58,123.83,123.83,269800
21/02/2020,123.49,125.62,119.15,123.01,123.01,258400
24/02/2020,118.77,122.13,118.14,120.78,120.78,371700
25/02/2020,118.0,120.0,108.08,114.01,114.01,870100
26/02/2020,115.19,115.71,108.26,108.7,108.7,726700
27/02/2020,105.03,110.61,103.65,106.36,106.36,538300
28/02/2020,103.38,104.38,97.72,101.0,101.0,774200
02/03/2020,101.0,106.08,100.61,105.74,105.74,523800
03/03/2020,105.65,108.41,104.14,107.3,107.3,408300
04/03/2020,110.94,116.35,108.9,116.25,116.25,541900
05/03/2020,113.34,114.29,109.0,110.67,110.67,455000
06/03/2020,106.82,109.38,102.93,106.7,106.7,403200
09/03/2020,97.77,98.96,91.01,92.25,92.25,446000
10/03/2020,94.74,94.74,89.0,94.43,94.43,555800
11/03/2020,91.6,92.25,85.05,86.3,86.3,430800
12/03/2020,80.36,80.87,69.9,75.49,75.49,714900
13/03/2020,80.08,81.76,73.24,79.55,79.55,630500
16/03/2020,70.47,71.13,58.13,59.12,59.12,682900
17/03/2020,60.37,65.37,54.93,63.69,63.69,1112800
18/03/2020,58.01,62.95,54.83,59.9,59.9,1007900
19/03/2020,59.51,66.88,57.01,63.93,63.93,387300
20/03/2020,64.13,68.99,61.95,66.21,66.21,763300
23/03/2020,65.16,66.49,61.43,65.61,65.61,759800
24/03/2020,69.73,77.38,68.01,74.12,74.12,406800
25/03/2020,73.6,79.64,70.26,76.09,76.09,607300
26/03/2020,77.22,83.47,75.56,83.23,83.23,288200
27/03/2020,79.84,82.81,77.17,78.91,78.91,409300
30/03/2020,79.62,79.68,72.88,74.56,74.56,369000
31/03/2020,74.21,75.86,70.31,71.64,71.64,391400
01/04/2020,67.84,69.89,61.83,62.99,62.99,400700
02/04/2020,62.31,67.12,61.43,65.13,65.13,296600
03/04/2020,64.41,65.19,59.09,60.78,60.78,277900
06/04/2020,62.53,70.96,62.05,70.81,70.81,425400
07/04/2020,73.4,78.41,72.72,73.18,73.18,387300
08/04/2020,74.94,80.04,73.82,77.99,77.99,435300
09/04/2020,80.78,84.11,79.07,83.27,83.27,396500
13/04/2020,82.33,82.33,75.19,76.12,76.12,356800
14/04/2020,79.34,80.68,76.29,77.47,77.47,281800
15/04/2020,74.74,75.22,70.2,70.54,70.54,305700
16/04/2020,70.65,71.5,68.66,69.58,69.58,388100
17/04/2020,72.31,78.44,72.31,77.97,77.97,343100
20/04/2020,75.26,77.97,75.22,75.31,75.31,307800
21/04/2020,72.12,75.2,72.12,74.67,74.67,353100
22/04/2020,77.25,77.25,74.39,75.02,75.02,243800
23/04/2020,75.3,77.97,74.25,75.92,75.92,202800
24/04/2020,76.7,81.24,75.89,80.85,80.85,271200
27/04/2020,82.03,86.67,82.03,86.12,86.12,323100
28/04/2020,90.0,94.05,89.64,93.54,93.54,419800
29/04/2020,97.12,103.65,97.12,101.24,101.24,592300
30/04/2020,97.44,97.83,93.13,93.19,93.19,335800
01/05/2020,90.44,91.42,87.3,89.06,89.06,308400
04/05/2020,88.11,89.33,86.13,89.01,89.01,481500
05/05/2020,94.4,99.66,94.39,98.08,98.08,554800
06/05/2020,97.74,99.44,94.36,96.7,96.7,389200
07/05/2020,98.63,99.65,97.5,98.1,98.1,377100
08/05/2020,100.7,101.81,97.91,98.94,98.94,504900
11/05/2020,96.76,96.76,93.31,93.66,93.66,321300
12/05/2020,93.76,94.3,87.74,87.96,87.96,419000
13/05/2020,85.88,87.55,84.35,86.03,86.03,338800
14/05/2020,83.57,87.3,80.77,87.26,87.26,475200
15/05/2020,86.6,92.18,85.76,90.36,90.36,272500
18/05/2020,99.4,101.53,96.82,100.35,100.35,434200
19/05/2020,98.98,100.88,97.35,97.43,97.43,262700
20/05/2020,99.51,102.27,98.93,102.15,102.15,380100
21/05/2020,101.95,107.82,101.75,105.52,105.52,340400
22/05/2020,106.3,110.63,104.87,110.44,110.44,227900
26/05/2020,116.07,119.52,113.58,118.6,118.6,476800
27/05/2020,122.01,124.91,120.85,124.79,124.79,630400
28/05/2020,126.5,127.73,116.37,117.1,117.1,529100
29/05/2020,115.55,117.63,113.76,114.69,114.69,448000
01/06/2020,115.56,120.5,113.55,118.69,118.69,369300
02/06/2020,120.02,120.99,118.24,120.68,120.68,257600
03/06/2020,123.49,127.26,121.65,126.31,126.31,381700
04/06/2020,126.09,126.36,121.31,121.57,121.57,335500
05/06/2020,127.95,132.6,126.0,130.55,130.55,418700
08/06/2020,131.69,134.75,122.29,122.98,122.98,406800
09/06/2020,121.24,129.82,120.5,127.62,127.62,373400
10/06/2020,126.51,128.29,121.69,125.79,125.79,288200
11/06/2020,118.53,119.57,113.66,113.73,113.73,454700
12/06/2020,119.9,120.32,112.42,114.75,114.75,435400
15/06/2020,111.5,127.98,110.07,127.88,127.88,489200
16/06/2020,133.11,133.11,124.47,127.51,127.51,408500
17/06/2020,128.12,129.13,125.7,125.91,125.91,291300
18/06/2020,125.17,126.08,121.47,122.2,122.2,242600
19/06/2020,123.99,124.82,119.31,121.96,121.96,612600
22/06/2020,121.3,123.06,119.0,122.74,122.74,230600
23/06/2020,125.13,128.22,122.53,127.26,127.26,253700
24/06/2020,125.01,126.23,118.22,121.27,121.27,348400
25/06/2020,116.55,117.0,108.28,111.81,111.81,1233800
26/06/2020,110.99,114.32,105.37,106.89,106.89,883500
29/06/2020,107.37,114.36,104.52,111.74,111.74,7422100
30/06/2020,112.23,116.06,111.95,113.77,113.77,753400
01/07/2020,113.82,114.79,111.41,111.68,111.68,389000
02/07/2020,114.53,115.72,111.32,111.74,111.74,324500
06/07/2020,114.98,118.5,114.34,118.02,118.02,408000
07/07/2020,116.44,117.25,113.36,113.58,113.58,302800
08/07/2020,114.56,119.48,114.56,119.47,119.47,301700
09/07/2020,119.3,119.44,114.85,116.52,116.52,348800
10/07/2020,117.45,118.98,116.34,117.23,117.23,183500
13/07/2020,119.17,121.0,112.92,113.12,113.12,254900
14/07/2020,112.43,118.29,112.13,118.21,118.21,313700
15/07/2020,121.87,124.51,119.34,123.46,123.46,408100
16/07/2020,123.64,127.34,122.64,126.97,126.97,430100
17/07/2020,127.5,128.56,125.68,125.99,125.99,328900
20/07/2020,126.0,126.37,123.37,124.99,124.99,154800
21/07/2020,125.65,125.78,122.04,122.33,122.33,246100
22/07/2020,121.28,128.07,121.28,125.13,125.13,322800
23/07/2020,125.7,129.63,123.33,124.65,124.65,286700
24/07/2020,124.01,125.95,121.54,124.87,124.87,244400
27/07/2020,125.08,133.41,125.08,133.32,133.32,377200
28/07/2020,133.14,135.55,126.74,126.86,126.86,316600
29/07/2020,128.02,134.83,127.86,134.26,134.26,368400
30/07/2020,132.55,135.4,131.01,134.31,134.31,308500
31/07/2020,132.92,134.1,128.78,131.92,131.92,315200
03/08/2020,133.0,138.12,132.5,136.0,136.0,495100
04/08/2020,139.2,140.0,128.91,134.41,134.41,451800
05/08/2020,137.69,141.53,135.86,140.96,140.96,400300
06/08/2020,140.21,140.85,137.0,139.1,139.1,216400
07/08/2020,138.15,143.2,138.15,141.94,141.94,306700
10/08/2020,147.06,151.73,143.83,145.64,145.64,366700
11/08/2020,147.04,149.3,143.73,144.03,144.03,307300
12/08/2020,145.4,149.24,145.12,148.32,148.32,229000
13/08/2020,148.0,153.84,147.2,152.81,152.81,287100
14/08/2020,151.28,154.29,151.11,153.44,153.44,283700
17/08/2020,154.24,157.34,154.0,156.45,156.45,259400
18/08/2020,157.39,159.56,155.05,155.21,155.21,379200
19/08/2020,156.69,157.65,154.12,157.05,157.05,241500
20/08/2020,155.08,159.38,154.73,155.24,155.24,208400
21/08/2020,154.57,158.63,153.52,157.38,157.38,204200
24/08/2020,158.31,158.41,155.51,157.92,157.92,156700
25/08/2020,158.83,158.83,154.04,154.45,154.45,238000
26/08/2020,155.03,156.43,152.86,155.24,155.24,217500
27/08/2020,156.61,158.18,153.33,155.04,155.04,207100
28/08/2020,155.59,157.6,154.15,156.76,156.76,228300
31/08/2020,155.81,156.26,152.81,153.8,153.8,249900
01/09/2020,153.59,164.59,152.6,164.17,164.17,350500
02/09/2020,164.82,164.99,159.33,162.31,162.31,321800
03/09/2020,161.98,161.98,152.5,153.1,153.1,411600
04/09/2020,154.96,155.35,141.14,148.01,148.01,464700
08/09/2020,145.2,154.52,144.58,148.99,148.99,451300
09/09/2020,150.42,155.46,149.17,154.44,154.44,306900
10/09/2020,154.96,158.72,153.62,155.07,155.07,334200
11/09/2020,156.47,157.46,152.95,156.34,156.34,187200
14/09/2020,158.0,158.81,154.88,158.66,158.66,182100
15/09/2020,159.43,161.07,155.15,155.28,155.28,313000
16/09/2020,157.49,166.48,157.02,165.09,165.09,378800
17/09/2020,161.49,163.96,159.15,161.25,161.25,279800
18/09/2020,163.5,165.5,159.97,162.36,162.36,730100
21/09/2020,157.75,158.67,154.51,157.7,157.7,286100
22/09/2020,158.24,162.22,155.64,161.87,161.87,170000
23/09/2020,161.52,161.78,154.12,154.62,154.62,266500
24/09/2020,154.96,161.18,153.07,158.05,158.05,286700
25/09/2020,156.68,159.2,155.02,158.52,158.52,221200
28/09/2020,162.62,168.65,161.35,167.73,167.73,376500
29/09/2020,169.65,171.82,167.28,167.35,167.35,231600
30/09/2020,168.35,172.4,168.35,170.69,170.69,372300
01/10/2020,172.1,177.27,170.41,176.89,176.89,535200
02/10/2020,173.0,180.94,170.35,179.75,179.75,241400
05/10/2020,177.88,183.55,173.31,177.75,177.75,434000
06/10/2020,180.77,186.1,175.56,177.6,177.6,437800
07/10/2020,180.94,183.79,178.99,180.48,180.48,237200
08/10/2020,183.25,186.54,182.38,183.53,183.53,237700
09/10/2020,185.85,187.96,183.27,186.91,186.91,179200
12/10/2020,188.43,191.79,186.57,190.98,190.98,149000
13/10/2020,188.53,190.16,186.08,187.87,187.87,167000
14/10/2020,190.12,190.12,184.12,185.73,185.73,251900
15/10/2020,182.7,189.37,180.26,188.78,188.78,144300
16/10/2020,188.89,190.98,186.1,186.47,186.47,127800
19/10/2020,187.11,188.48,179.83,181.61,181.61,158600
20/10/2020,182.99,186.27,180.34,181.91,181.91,348900
21/10/2020,182.67,183.75,175.69,176.97,176.97,220700
22/10/2020,178.39,179.3,172.58,177.88,177.88,337800
23/10/2020,179.0,180.88,175.85,179.24,179.24,172500
26/10/2020,176.91,178.97,168.89,170.15,170.15,208000
27/10/2020,171.45,171.45,165.05,165.75,165.75,278000
28/10/2020,162.08,167.21,160.86,161.35,161.35,277700
29/10/2020,161.76,162.87,157.04,157.48,157.48,263000
30/10/2020,157.23,159.79,150.8,153.21,153.21,346100
02/11/2020,156.4,161.68,156.4,160.14,160.14,338800
03/11/2020,157.32,157.47,146.5,156.85,156.85,714000
04/11/2020,159.82,172.03,157.41,171.12,171.12,424200
05/11/2020,173.22,178.08,173.22,176.6,176.6,411700
06/11/2020,177.21,179.16,169.16,170.35,170.35,510300
09/11/2020,183.18,183.67,154.4,154.83,154.83,650200
10/11/2020,158.75,166.02,154.3,164.1,164.1,385200
11/11/2020,165.26,166.23,159.43,166.01,166.01,172300
12/11/2020,165.08,167.86,160.77,162.86,162.86,247100
13/11/2020,165.12,169.76,163.05,167.01,167.01,234200
16/11/2020,168.5,175.43,167.28,174.21,174.21,352300
17/11/2020,173.6,182.71,172.91,181.15,181.15,381300
18/11/2020,180.1,185.72,180.1,180.45,180.45,290700
19/11/2020,181.12,185.1,178.61,181.58,181.58,191900
20/11/2020,180.56,184.63,180.25,183.45,183.45,268900
23/11/2020,184.87,189.49,183.34,188.28,188.28,175600
24/11/2020,190.26,190.26,181.41,182.18,182.18,241900
25/11/2020,182.34,182.69,176.19,176.99,176.99,384200
27/11/2020,176.94,179.27,174.51,179.16,179.16,91400
30/11/2020,177.75,178.13,168.86,174.23,174.23,226800
01/12/2020,176.2,177.58,170.33,172.92,172.92,256800
02/12/2020,173.28,173.28,165.81,166.28,166.28,245200
03/12/2020,167.16,172.96,166.22,171.99,171.99,378500
04/12/2020,171.56,173.5,161.35,163.55,163.55,346000
07/12/2020,163.49,166.62,162.14,166.32,166.32,367600
08/12/2020,164.67,166.49,162.22,163.24,163.24,339300
09/12/2020,164.97,168.26,164.59,166.52,166.52,283800
10/12/2020,165.83,168.01,164.5,167.57,167.57,184000
11/12/2020,166.79,169.74,165.8,166.01,166.01,256400
14/12/2020,168.67,172.71,167.82,171.77,171.77,533000
15/12/2020,174.3,183.65,174.3,181.28,181.28,529800
16/12/2020,183.02,186.73,175.62,178.03,178.03,307000
17/12/2020,179.37,193.71,179.37,193.56,193.56,409500
18/12/2020,194.72,200.32,193.53,196.22,196.22,742100
21/12/2020,192.01,197.75,186.65,196.88,196.88,296600
22/12/2020,197.94,199.98,195.55,198.78,198.78,176800
23/12/2020,200.01,200.14,192.81,193.93,193.93,179700
24/12/2020,195.59,198.43,194.74,198.06,198.06,66000
28/12/2020,198.06,199.99,190.35,190.82,190.82,241600
29/12/2020,192.8,192.8,183.86,188.18,188.18,191500
30/12/2020,188.96,190.9,186.79,187.4,187.4,209600
31/12/2020,187.19,187.19,183.5,184.08,184.08,237800
04/01/2021,186.95,188.37,178.03,181.52,181.52,279000
05/01/2021,179.5,185.07,179.5,180.59,180.59,257000
06/01/2021,180.64,188.47,178.51,186.19,186.19,443300
07/01/2021,188.49,194.35,187.85,194.0,194.0,452100
08/01/2021,194.99,196.8,182.2,185.31,185.31,312500
11/01/2021,183.85,194.41,183.46,192.14,192.14,260200
12/01/2021,192.93,196.88,191.09,196.78,196.78,295400
13/01/2021,197.78,201.34,197.19,198.24,198.24,295500
14/01/2021,201.06,205.75,199.6,202.39,202.39,254600
15/01/2021,199.39,202.59,194.59,200.23,200.23,211500
19/01/2021,205.1,211.3,203.0,210.0,210.0,434000
20/01/2021,212.81,220.4,210.43,215.43,215.43,406300
21/01/2021,219.1,219.42,214.04,215.46,215.46,278900
22/01/2021,213.49,217.47,211.2,217.24,217.24,189700
25/01/2021,217.86,222.71,212.04,213.97,213.97,171800
26/01/2021,214.77,217.4,202.39,203.31,203.31,316600
27/01/2021,196.51,201.44,191.18,194.53,194.53,408500
28/01/2021,196.99,201.71,193.47,199.06,199.06,263600
29/01/2021,198.51,203.76,194.81,199.95,199.95,375200
01/02/2021,202.51,208.5,200.34,207.22,207.22,279500
02/02/2021,210.6,211.95,203.01,209.68,209.68,214100
03/02/2021,209.43,211.33,202.43,206.0,206.0,211800
04/02/2021,206.92,215.38,205.75,213.84,213.84,204200
05/02/2021,216.37,216.93,212.85,216.59,216.59,197200
08/02/2021,219.39,223.83,217.99,223.4,223.4,231600
09/02/2021,223.49,224.89,219.64,223.23,223.23,148500
10/02/2021,220.62,224.5,217.59,219.58,219.58,223900
11/02/2021,221.61,223.24,217.83,221.2,221.2,183700
12/02/2021,220.85,223.31,220.23,221.31,221.31,127400
16/02/2021,222.32,223.22,211.19,214.58,214.58,240400
17/02/2021,213.68,214.93,208.67,210.98,210.98,230800
18/02/2021,209.74,211.73,208.18,209.5,209.5,190700
19/02/2021,211.08,215.17,210.24,212.0,212.0,376100
22/02/2021,209.79,211.4,200.33,201.17,201.17,436400
23/02/2021,199.88,202.36,193.23,201.31,201.31,376900
24/02/2021,201.71,205.93,196.44,203.59,203.59,378800
25/02/2021,204.25,206.45,183.83,185.6,185.6,488900
26/02/2021,189.16,193.9,184.54,190.41,190.41,401000
01/03/2021,192.81,199.89,192.51,199.5,199.5,247100
02/03/2021,199.5,201.48,195.34,196.43,196.43,297000
03/03/2021,196.4,196.4,188.93,190.0,190.0,291900
04/03/2021,190.57,193.84,182.41,188.81,188.81,419400
05/03/2021,191.23,195.32,184.2,194.91,194.91,401100
08/03/2021,195.14,199.09,191.89,192.73,192.73,331100
09/03/2021,198.48,199.92,192.52,192.68,192.68,255300
10/03/2021,194.56,204.51,194.56,202.27,202.27,284800
11/03/2021,204.98,206.96,203.75,206.21,206.21,198800
12/03/2021,202.64,205.5,198.66,199.05,199.05,401500
15/03/2021,199.83,205.06,196.35,204.99,204.99,151800
16/03/2021,206.39,208.29,199.0,199.28,199.28,181300
17/03/2021,197.04,209.33,194.7,208.87,208.87,205100
18/03/2021,205.88,207.05,196.62,197.77,197.77,295400
19/03/2021,198.44,204.8,197.29,204.12,204.12,571100
22/03/2021,206.53,209.46,202.58,205.1,205.1,307100
23/03/2021,202.57,204.44,193.12,194.98,194.98,407600
24/03/2021,197.15,203.57,195.47,195.59,195.59,310300
25/03/2021,191.94,204.08,190.44,202.99,202.99,260400
26/03/2021,204.61,214.44,203.35,213.96,213.96,233900
29/03/2021,214.01,216.7,206.59,207.82,207.82,349600
30/03/2021,205.75,213.11,203.92,211.1,211.1,232400
31/03/2021,212.46,214.93,206.86,209.43,209.43,341400
01/04/2021,211.31,214.81,209.24,213.59,213.59,192900
05/04/2021,218.0,218.85,212.5,215.18,215.18,256000
06/04/2021,215.54,218.25,213.86,217.0,217.0,258300
07/04/2021,217.44,217.77,208.8,209.27,209.27,197900
08/04/2021,211.35,211.61,206.89,211.14,211.14,222100
09/04/2021,211.62,220.7,210.9,219.27,219.27,353700
12/04/2021,218.55,227.13,217.16,226.9,226.9,344800
13/04/2021,226.93,229.38,222.14,228.48,228.48,278000
14/04/2021,229.26,234.1,229.11,231.64,231.64,280600
15/04/2021,234.38,234.51,229.8,230.31,230.31,296300
16/04/2021,231.99,235.5,230.28,232.06,232.06,465100
19/04/2021,233.72,234.28,227.54,229.98,229.98,279100
20/04/2021,228.64,231.26,218.03,221.96,221.96,343000
21/04/2021,220.93,226.78,220.93,224.47,224.47,234800
22/04/2021,224.25,225.39,219.54,222.63,222.63,257700
23/04/2021,225.87,226.27,223.35,225.0,225.0,281500
26/04/2021,227.31,229.35,225.57,227.08,227.08,253900
27/04/2021,227.0,229.49,223.8,224.8,224.8,306000
28/04/2021,224.05,225.21,220.58,221.52,221.52,261600
29/04/2021,224.12,226.12,221.06,225.3,225.3,262500
30/04/2021,222.86,224.54,220.68,222.38,222.38,265900
03/05/2021,226.42,229.95,224.81,229.1,229.1,272500
04/05/2021,227.78,231.81,225.4,231.68,231.68,355200
05/05/2021,233.93,234.5,226.36,230.05,230.05,324800
06/05/2021,231.0,233.28,216.36,223.02,223.02,491700
07/05/2021,224.08,224.61,219.19,223.93,223.93,331400
10/05/2021,218.54,225.0,216.7,223.8,223.8,461300
11/05/2021,221.2,223.6,209.96,210.53,210.53,611900
12/05/2021,208.4,209.4,191.26,192.13,192.13,646300
13/05/2021,193.89,205.46,193.89,203.04,203.04,356100
14/05/2021,205.09,211.68,204.37,208.66,208.66,212800
17/05/2021,205.89,206.81,202.0,205.98,205.98,179200
18/05/2021,207.0,208.56,201.9,202.5,202.5,372200
19/05/2021,196.93,201.81,194.71,201.46,201.46,282500
20/05/2021,202.0,205.53,200.21,200.87,200.87,274700
21/05/2021,203.05,204.7,195.25,195.4,195.4,337300
24/05/2021,197.46,199.87,195.65,196.82,196.82,208200
25/05/2021,198.38,202.13,198.3,199.0,199.0,392900
26/05/2021,199.44,203.14,199.44,201.5,201.5,224800
27/05/2021,203.74,203.74,199.51,200.5,200.5,356100
28/05/2021,201.92,201.92,197.72,198.05,198.05,318600
01/06/2021,199.92,199.92,193.44,197.13,197.13,334300
02/06/2021,197.07,197.07,190.85,194.08,194.08,577200
03/06/2021,193.0,193.83,189.78,192.65,192.65,298400
04/06/2021,193.78,196.17,191.41,195.62,195.62,204700
07/06/2021,196.62,197.64,193.0,196.38,196.38,242900
08/06/2021,197.98,198.36,194.8,196.69,196.69,303500
09/06/2021,197.89,198.32,194.39,194.82,194.82,360700
10/06/2021,194.8,195.41,187.6,188.4,188.4,683200
11/06/2021,189.96,193.86,189.68,193.06,193.06,363500
14/06/2021,193.71,195.62,186.94,187.69,187.69,325500
15/06/2021,187.58,189.17,185.89,187.14,187.14,413600
16/06/2021,186.68,187.42,180.27,181.9,181.9,485700
17/06/2021,181.45,185.16,180.96,181.92,181.92,369700
18/06/2021,180.19,184.8,179.5,179.93,179.93,646600
21/06/2021,181.17,186.98,180.94,186.57,186.57,404800
22/06/2021,185.98,187.01,183.26,185.21,185.21,602800
23/06/2021,185.09,188.0,181.09,185.71,185.71,532000
24/06/2021,187.08,188.59,184.37,188.15,188.15,390300
25/06/2021,188.78,193.74,188.51,191.98,191.98,4089200
28/06/2021,194.25,195.31,190.91,193.84,193.84,310000
29/06/2021,193.91,197.62,193.84,196.91,196.91,329900
30/06/2021,196.74,199.43,195.58,197.78,197.78,581200
01/07/2021,198.82,202.36,197.66,201.61,201.61,365000
02/07/2021,202.22,202.48,195.51,195.95,195.95,212000
06/07/2021,195.75,196.61,188.85,189.39,189.39,403000
07/07/2021,190.56,191.5,188.22,189.5,189.5,372400
08/07/2021,184.54,186.89,181.7,184.0,184.0,518300
09/07/2021,186.47,187.72,184.75,186.0,186.0,409700
12/07/2021,184.9,190.15,184.9,189.62,189.62,352600
13/07/2021,187.65,188.36,182.94,183.35,183.35,272000
14/07/2021,185.65,187.19,184.16,184.99,184.99,227400
15/07/2021,183.96,187.5,183.96,186.23,186.23,207300
16/07/2021,187.64,188.88,184.96,185.45,185.45,266800
19/07/2021,180.91,186.76,180.66,184.5,184.5,311800
20/07/2021,185.17,194.22,184.68,193.17,193.17,410200
21/07/2021,193.29,196.61,191.33,196.04,196.04,228600
22/07/2021,196.41,197.2,192.79,192.89,192.89,230300
23/07/2021,194.62,199.8,194.47,198.85,198.85,421600
26/07/2021,198.07,199.29,196.07,196.51,196.51,786200
27/07/2021,195.74,198.38,193.5,198.23,198.23,200600
28/07/2021,198.66,201.22,195.57,198.26,198.26,255000
29/07/2021,200.34,206.56,200.34,203.51,203.51,290900
30/07/2021,202.69,206.5,201.42,202.69,202.69,269400
02/08/2021,203.44,205.07,200.43,201.62,201.62,280600
03/08/2021,211.98,217.59,203.69,216.73,216.73,602900
04/08/2021,217.02,218.67,212.1,213.77,213.77,337300
05/08/2021,214.93,218.52,213.36,217.42,217.42,212000
06/08/2021,218.46,220.68,216.14,218.84,218.84,229200
09/08/2021,217.86,218.33,214.93,217.37,217.37,156700
10/08/2021,217.38,222.21,215.71,220.45,220.45,141400
11/08/2021,221.49,227.91,219.74,227.57,227.57,193100
12/08/2021,228.85,229.89,222.16,225.16,225.16,190200
13/08/2021,224.91,225.62,221.85,223.8,223.8,119200
16/08/2021,221.78,227.8,221.72,223.93,223.93,180400
17/08/2021,221.0,221.0,213.5,215.24,215.24,242000
18/08/2021,213.83,219.0,213.73,214.26,214.26,143600
19/08/2021,211.53,215.87,210.17,212.36,212.36,104500
20/08/2021,211.97,217.14,210.61,216.67,216.67,102900
23/08/2021,218.72,220.02,216.01,216.78,216.78,151800
24/08/2021,217.95,221.53,216.86,219.93,219.93,266100
25/08/2021,220.0,221.78,219.44,220.01,220.01,277300
26/08/2021,219.83,221.03,216.08,217.67,217.67,142200
27/08/2021,217.66,222.77,217.66,221.06,221.06,186400
30/08/2021,220.0,222.97,219.36,219.87,219.87,207900
31/08/2021,220.69,220.78,216.21,218.79,218.79,157600
01/09/2021,220.3,220.3,217.5,219.73,219.73,114200
02/09/2021,221.07,221.07,218.16,220.0,220.0,156300
03/09/2021,218.53,220.32,217.41,219.89,219.89,138500
07/09/2021,218.65,220.0,216.38,216.81,216.81,109000
08/09/2021,218.5,220.97,216.99,219.98,219.98,522100
09/09/2021,220.0,231.93,219.05,223.73,223.73,716700
10/09/2021,229.73,230.54,224.73,225.29,225.29,488300
13/09/2021,227.15,227.58,219.5,223.43,223.43,344600
14/09/2021,224.15,225.43,217.47,218.74,218.74,216700
15/09/2021,218.74,222.09,213.76,221.83,221.83,233300
16/09/2021,221.56,227.52,218.83,225.93,225.93,227300
17/09/2021,226.08,226.89,222.67,225.44,225.44,537600
20/09/2021,220.19,222.57,216.23,218.71,218.71,204000
21/09/2021,219.49,221.38,217.15,218.91,218.91,172900
22/09/2021,219.92,223.58,218.56,220.1,220.1,213500
23/09/2021,222.71,224.4,219.16,219.81,219.81,324100
24/09/2021,217.65,221.89,216.05,219.24,219.24,164900
27/09/2021,217.97,222.05,216.63,221.39,221.39,184300
28/09/2021,218.69,222.27,209.49,209.76,209.76,340100
29/09/2021,210.74,213.18,210.23,211.69,211.69,178200
30/09/2021,213.0,213.79,204.6,204.81,204.81,228600
01/10/2021,205.0,208.32,200.13,206.61,206.61,159000
04/10/2021,205.75,208.85,203.59,208.42,208.42,196900
05/10/2021,208.86,210.46,205.54,205.88,205.88,246000
06/10/2021,203.7,208.72,202.22,208.58,208.58,173100
07/10/2021,211.39,214.47,210.64,212.6,212.6,131300
08/10/2021,213.2,213.2,209.9,210.64,210.64,123400
11/10/2021,210.83,212.71,209.46,209.72,209.72,90000
12/10/2021,209.73,210.19,206.74,209.79,209.79,117600
13/10/2021,211.29,212.9,208.62,212.37,212.37,127100
14/10/2021,214.09,220.99,213.74,220.3,220.3,157200
15/10/2021,222.06,223.96,220.12,220.78,220.78,245600
18/10/2021,220.03,225.51,218.72,224.39,224.39,136200
19/10/2021,225.85,226.97,220.55,221.61,221.61,92500
20/10/2021,221.61,228.21,221.37,228.04,228.04,178400
21/10/2021,229.0,232.79,227.6,232.71,232.71,152600
22/10/2021,233.59,250.87,232.72,243.49,243.49,513800
25/10/2021,243.48,250.17,242.48,250.0,250.0,218000
26/10/2021,250.78,250.78,245.5,246.65,246.65,215700
27/10/2021,247.91,252.22,247.2,249.3,249.3,333900
28/10/2021,251.19,256.23,251.17,254.11,254.11,124800
29/10/2021,253.19,258.55,253.19,256.97,256.97,196500
01/11/2021,257.67,264.39,255.86,263.19,263.19,230500
02/11/2021,258.0,259.15,243.91,258.07,258.07,314400
03/11/2021,259.46,264.03,257.21,259.6,259.6,178700
04/11/2021,260.57,266.58,258.74,260.91,260.91,272300
05/11/2021,264.4,267.26,260.71,264.15,264.15,260700
08/11/2021,265.61,268.64,260.1,261.5,261.5,122800
09/11/2021,263.37,266.02,261.5,264.67,264.67,106000
10/11/2021,263.43,265.03,258.3,259.94,259.94,232200
11/11/2021,260.96,265.11,259.05,264.0,264.0,116500
12/11/2021,265.2,269.68,263.57,269.06,269.06,132000
15/11/2021,270.21,271.76,266.68,267.72,267.72,210200
16/11/2021,268.55,281.31,267.17,276.88,276.88,293100
17/11/2021,276.97,278.67,269.38,274.26,274.26,199600
18/11/2021,276.35,277.21,273.11,273.86,273.86,147000
19/11/2021,274.23,278.08,272.5,275.22,275.22,147000
22/11/2021,275.41,284.01,272.32,279.91,279.91,377200
23/11/2021,277.8,280.99,274.12,280.0,280.0,284300
24/11/2021,278.24,279.68,275.93,278.98,278.98,97200
26/11/2021,274.93,280.5,270.06,275.24,275.24,166600
29/11/2021,278.38,278.64,271.81,274.86,274.86,151900
30/11/2021,273.53,278.27,267.35,269.79,269.79,300500
01/12/2021,274.79,276.16,262.38,262.54,262.54,223100
02/12/2021,264.6,278.8,264.6,276.47,276.47,268600
03/12/2021,271.8,277.18,266.62,269.45,269.45,264600
06/12/2021,273.83,278.79,270.72,278.07,278.07,180000
07/12/2021,281.4,283.57,278.03,279.68,279.68,180000
08/12/2021,280.0,280.57,275.7,279.02,279.02,209600
09/12/2021,278.03,279.78,274.99,275.24,275.24,197100
10/12/2021,277.12,279.21,272.64,278.8,278.8,176600
13/12/2021,279.55,280.84,271.0,274.89,274.89,207600
14/12/2021,272.64,272.99,268.0,270.45,270.45,276600
15/12/2021,270.76,275.31,266.27,275.17,275.17,339100
16/12/2021,271.16,275.77,269.61,274.57,274.57,287100
17/12/2021,270.75,272.73,256.13,257.79,257.79,625200
20/12/2021,254.2,254.2,247.11,251.12,251.12,352300
21/12/2021,254.54,262.62,250.99,262.2,262.2,334500
22/12/2021,262.34,266.52,259.49,265.87,265.87,129000
23/12/2021,270.05,275.77,269.05,275.74,275.74,145100
27/12/2021,278.25,280.45,274.79,280.23,280.23,94300
28/12/2021,280.75,284.07,277.42,278.53,278.53,173900
29/12/2021,279.38,282.42,277.69,278.46,278.46,114100
30/12/2021,278.66,279.31,272.44,273.19,273.19,150500
31/12/2021,272.61,277.71,271.28,275.91,275.91,178500
03/01/2022,275.79,278.3,266.26,268.98,268.98,219500
04/01/2022,272.85,276.79,270.01,275.79,275.79,201800
05/01/2022,274.25,280.83,263.81,264.44,264.44,256700
06/01/2022,262.16,266.26,256.79,261.86,261.86,194100
07/01/2022,260.01,260.01,241.24,241.82,241.82,443700
10/01/2022,238.18,239.26,229.27,238.75,238.75,522800
11/01/2022,239.88,244.41,235.69,243.62,243.62,289800
12/01/2022,244.67,249.34,241.0,244.09,244.09,241300
13/01/2022,244.67,251.56,242.71,244.18,244.18,181000
14/01/2022,240.48,244.4,229.37,234.72,234.72,341300
18/01/2022,229.97,234.3,225.91,231.0,231.0,268600
19/01/2022,229.09,236.82,229.01,233.0,233.0,372200
20/01/2022,235.78,239.49,232.07,232.74,232.74,450300
21/01/2022,230.19,236.09,227.98,231.25,231.25,483700
24/01/2022,226.02,239.19,224.08,238.44,238.44,405000
25/01/2022,234.02,234.62,227.77,228.66,228.66,297400
26/01/2022,235.65,238.86,219.34,223.27,223.27,338900
27/01/2022,225.46,229.05,218.27,219.8,219.8,181400
28/01/2022,221.14,223.92,213.44,223.77,223.77,298300
31/01/2022,222.81,232.77,221.22,232.65,232.65,205100
01/02/2022,234.71,234.71,225.97,231.91,231.91,162800
02/02/2022,234.99,236.65,230.23,235.2,235.2,134400
03/02/2022,230.38,234.49,228.73,229.88,229.88,135500
04/02/2022,228.03,228.8,223.29,226.33,226.33,255000
07/02/2022,228.85,231.87,225.45,229.78,229.78,150700
08/02/2022,229.95,235.88,229.56,235.39,235.39,124900
09/02/2022,238.5,243.3,238.5,242.34,242.34,174200
10/02/2022,236.31,243.01,227.71,229.35,229.35,331200
11/02/2022,231.53,234.2,224.74,227.18,227.18,167100
14/02/2022,226.12,231.4,225.55,228.01,228.01,155700
15/02/2022,230.92,234.62,229.27,233.46,233.46,106100
16/02/2022,231.76,235.18,226.25,234.54,234.54,106300
17/02/2022,230.79,232.37,225.12,225.98,225.98,171100
18/02/2022,227.08,228.76,220.62,224.49,224.49,297200
22/02/2022,229.07,229.07,218.61,219.56,219.56,383900
23/02/2022,219.26,219.26,195.45,195.98,195.98,550500
24/02/2022,191.62,203.1,188.99,202.7,202.7,466300
25/02/2022,202.32,211.59,200.39,210.83,210.83,378100
28/02/2022,207.11,216.46,206.24,214.68,214.68,296900
01/03/2022,213.01,218.1,210.19,212.1,212.1,438100
02/03/2022,213.1,218.26,212.3,216.8,216.8,274200
03/03/2022,217.98,218.62,209.23,210.08,210.08,298100
04/03/2022,208.19,210.9,206.5,209.47,209.47,231100
07/03/2022,209.5,209.5,196.85,197.24,197.24,249300
08/03/2022,197.66,209.73,195.53,202.78,202.78,277600
09/03/2022,207.0,218.65,206.74,214.64,214.64,396300
10/03/2022,209.43,215.93,208.15,215.59,215.59,216300
11/03/2022,218.87,219.4,215.01,216.12,216.12,192100
14/03/2022,216.24,216.24,205.05,206.1,206.1,275600
15/03/2022,209.45,217.58,207.09,217.28,217.28,168100
16/03/2022,220.0,224.98,213.38,219.72,219.72,197400
17/03/2022,218.45,226.9,216.67,226.82,226.82,161900
18/03/2022,226.24,232.92,223.15,231.65,231.65,221000
21/03/2022,228.43,229.44,218.63,222.73,222.73,259200
22/03/2022,224.09,228.54,219.4,221.47,221.47,187200
23/03/2022,220.74,220.74,203.99,205.54,205.54,293300
24/03/2022,204.88,204.99,192.51,196.62,196.62,581400
25/03/2022,196.83,198.77,189.26,190.99,190.99,430000
28/03/2022,191.79,192.76,187.99,192.7,192.7,360700
29/03/2022,200.0,202.16,198.1,200.14,200.14,222200
30/03/2022,198.17,198.17,184.12,185.59,185.59,497700
31/03/2022,186.36,187.4,181.07,181.39,181.39,413600
01/04/2022,183.63,184.72,180.48,183.08,183.08,321700
04/04/2022,183.12,185.0,180.5,182.62,182.62,253000
05/04/2022,185.19,185.34,173.34,175.5,175.5,527700
06/04/2022,172.42,173.19,166.69,170.14,170.14,383900
07/04/2022,169.37,173.62,165.01,169.13,169.13,320500
08/04/2022,169.63,174.46,167.99,169.9,169.9,202200
11/04/2022,168.13,175.67,168.13,170.86,170.86,286200
12/04/2022,173.69,176.96,169.66,170.39,170.39,286500
13/04/2022,169.61,175.93,169.61,173.17,173.17,185300
14/04/2022,173.5,174.92,170.31,170.85,170.85,216300
18/04/2022,168.82,171.87,168.55,170.36,170.36,160500
19/04/2022,170.27,180.45,170.27,178.94,178.94,214400
20/04/2022,180.34,185.66,180.19,183.07,183.07,272200
21/04/2022,185.56,187.13,180.7,181.07,181.07,258300
22/04/2022,181.05,181.45,175.34,175.5,175.5,180500
25/04/2022,174.7,185.76,171.66,184.96,184.96,239100
26/04/2022,182.98,185.09,177.29,177.86,177.86,230800
27/04/2022,178.05,180.87,174.72,177.87,177.87,159700
28/04/2022,182.28,187.61,177.01,186.01,186.01,182900
29/04/2022,183.43,186.98,180.36,181.14,181.14,193400
02/05/2022,180.27,186.1,177.98,185.29,185.29,224900
03/05/2022,186.47,186.47,182.29,185.23,185.23,148300
04/05/2022,185.0,194.33,182.57,193.48,193.48,367500
05/05/2022,198.51,208.91,192.94,195.43,195.43,357200
06/05/2022,193.33,199.52,187.41,195.45,195.45,301300
09/05/2022,191.93,201.17,190.5,194.2,194.2,288700
10/05/2022,196.88,197.59,188.9,192.57,192.57,373100
11/05/2022,192.35,194.82,184.02,184.61,184.61,340200
12/05/2022,182.11,196.51,182.11,194.02,194.02,367100
13/05/2022,195.96,200.17,195.15,198.18,198.18,259100
16/05/2022,198.31,200.66,193.09,197.38,197.38,282200
17/05/2022,200.4,204.66,195.99,203.64,203.64,332300
18/05/2022,199.29,200.85,190.86,191.86,191.86,241000
19/05/2022,190.66,195.28,189.41,190.94,190.94,207200
20/05/2022,192.91,192.91,184.19,189.62,189.62,307400
23/05/2022,191.7,192.93,187.46,191.2,191.2,174500
24/05/2022,189.42,189.92,181.19,185.85,185.85,229700
25/05/2022,185.0,193.81,185.0,193.15,193.15,210200
26/05/2022,195.49,199.7,194.2,197.91,197.91,250700
27/05/2022,198.94,200.77,194.94,200.02,200.02,239700
31/05/2022,199.1,199.1,192.0,197.26,197.26,383000
01/06/2022,198.47,198.47,192.06,192.3,192.3,262100
02/06/2022,193.3,202.64,193.3,202.15,202.15,327100
03/06/2022,199.19,202.41,197.43,201.7,201.7,137800
06/06/2022,202.61,204.09,200.12,201.71,201.71,149900
07/06/2022,199.37,204.07,198.71,203.89,203.89,146000
08/06/2022,201.24,202.61,197.44,198.87,198.87,222600
09/06/2022,198.01,203.5,198.01,200.78,200.78,153700
10/06/2022,198.23,200.23,190.54,190.56,190.56,263500
13/06/2022,182.32,186.27,176.55,177.38,177.38,393800
14/06/2022,177.31,180.1,175.85,178.05,178.05,335600
15/06/2022,180.39,183.26,175.59,178.81,178.81,230300
16/06/2022,174.03,174.24,156.79,158.91,158.91,541500
17/06/2022,162.07,164.11,158.73,161.71,161.71,658400
21/06/2022,160.53,163.12,156.03,157.04,157.04,384400
22/06/2022,153.18,157.83,150.71,152.72,152.72,570800
23/06/2022,154.03,164.86,154.03,161.86,161.86,358600
24/06/2022,163.87,170.89,163.87,167.2,167.2,324800
27/06/2022,166.33,171.44,166.07,170.22,170.22,208300
28/06/2022,171.8,172.63,167.14,167.17,167.17,173100
29/06/2022,167.46,167.46,163.19,166.42,166.42,275600
30/06/2022,164.6,169.81,162.97,167.16,167.16,218400
01/07/2022,166.79,175.24,166.79,175.14,175.14,292700
05/07/2022,172.38,178.31,170.43,178.08,178.08,230900
06/07/2022,179.53,181.16,173.42,177.28,177.28,206400
07/07/2022,178.69,181.44,176.27,178.94,178.94,222200
08/07/2022,177.33,180.14,175.18,178.81,178.81,150200
11/07/2022,177.86,179.22,176.36,177.4,177.4,191300
12/07/2022,177.6,182.31,176.51,178.07,178.07,204000
13/07/2022,174.58,180.46,170.02,178.46,178.46,154100
14/07/2022,175.3,177.5,172.63,177.14,177.14,147300
15/07/2022,180.32,181.25,174.83,177.68,177.68,127600
18/07/2022,178.83,180.35,174.77,175.75,175.75,205400
19/07/2022,178.99,181.91,176.22,180.85,180.85,291500
20/07/2022,180.94,183.27,177.61,182.37,182.37,386800
21/07/2022,182.37,187.5,179.06,187.49,187.49,361700
22/07/2022,189.87,194.51,187.61,189.58,189.58,243500
25/07/2022,189.68,190.8,186.15,189.23,189.23,234200
26/07/2022,187.77,189.3,185.95,188.33,188.33,233700
27/07/2022,191.49,200.64,188.66,199.11,199.11,234700
28/07/2022,200.75,209.18,200.75,208.77,208.77,304300
29/07/2022,207.67,212.82,206.45,211.72,211.72,254500
01/08/2022,210.03,219.03,208.06,217.04,217.04,441600
02/08/2022,220.0,221.38,204.85,207.32,207.32,384000
03/08/2022,211.37,214.02,203.82,204.05,204.05,313100
04/08/2022,202.39,209.76,202.39,207.29,207.29,290200
05/08/2022,202.37,203.7,195.95,196.63,196.63,289400
08/08/2022,198.13,206.04,198.13,200.24,200.24,221100
09/08/2022,197.88,199.4,189.9,190.59,190.59,248600
10/08/2022,198.2,201.52,197.06,199.26,199.26,252900
11/08/2022,202.37,208.02,200.13,201.55,201.55,229000
12/08/2022,202.04,203.54,200.12,202.73,202.73,178200
15/08/2022,202.33,202.51,198.0,202.1,202.1,319100
16/08/2022,200.61,205.37,198.61,204.98,204.98,379900
17/08/2022,202.96,204.52,199.91,202.06,202.06,210900
18/08/2022,203.8,204.51,200.86,201.17,201.17,146400
19/08/2022,199.52,199.52,194.14,195.59,195.59,151900
22/08/2022,192.6,195.38,190.0,192.18,192.18,133300
23/08/2022,193.39,195.16,190.39,191.69,191.69,107000
24/08/2022,191.94,194.56,190.54,192.96,192.96,149800
25/08/2022,191.55,197.8,190.68,195.47,195.47,109900
26/08/2022,193.7,194.91,183.76,184.39,184.39,298000
29/08/2022,183.76,187.55,183.5,186.13,186.13,183800
30/08/2022,187.34,188.07,183.52,184.72,184.72,150200
31/08/2022,184.8,185.82,183.21,183.76,183.76,210600
01/09/2022,181.2,182.78,179.03,181.31,181.31,230700
02/09/2022,182.95,183.78,179.31,179.75,179.75,179700
06/09/2022,179.98,182.8,173.68,176.08,176.08,317800
07/09/2022,177.24,182.26,176.85,181.6,181.6,233300
08/09/2022,179.81,183.52,178.6,183.0,183.0,150900
09/09/2022,183.68,186.82,183.59,186.13,186.13,151000
12/09/2022,187.22,188.16,183.29,184.54,184.54,174700
13/09/2022,177.74,178.29,174.19,174.99,174.99,440200
14/09/2022,174.83,176.58,167.54,169.33,169.33,421900
15/09/2022,169.09,173.18,168.13,170.55,170.55,365300
16/09/2022,168.01,170.6,166.97,168.54,168.54,481300
19/09/2022,170.39,174.4,170.39,173.61,173.61,279700
20/09/2022,169.84,171.07,167.29,168.85,168.85,460900
21/09/2022,170.0,172.41,167.45,167.76,167.76,412100
22/09/2022,166.5,167.57,159.8,162.55,162.55,301800
23/09/2022,160.37,161.35,157.67,160.07,160.07,287200
26/09/2022,159.85,161.36,153.82,155.12,155.12,392600
27/09/2022,157.29,159.61,154.74,158.15,158.15,286200
28/09/2022,160.0,168.41,160.0,167.97,167.97,304300
29/09/2022,164.51,167.06,163.91,165.14,165.14,327800
30/09/2022,166.2,169.34,164.03,164.78,164.78,275900
03/10/2022,168.55,173.25,167.6,172.25,172.25,194400
04/10/2022,176.14,182.92,176.14,182.6,182.6,215200
05/10/2022,179.15,181.53,176.94,180.35,180.35,225800
06/10/2022,179.78,183.45,179.55,182.8,182.8,169500
07/10/2022,179.14,180.67,175.64,176.24,176.24,204200
10/10/2022,176.29,178.47,172.72,174.5,174.5,194000
11/10/2022,173.31,178.81,171.59,177.3,177.3,251100
12/10/2022,177.53,177.53,170.26,170.84,170.84,155200
13/10/2022,163.54,171.85,160.66,170.26,170.26,250100
14/10/2022,171.07,171.41,159.6,160.02,160.02,267600
17/10/2022,163.83,167.77,163.46,166.89,166.89,228900
18/10/2022,170.75,174.14,167.71,171.03,171.03,150000
19/10/2022,169.27,170.36,158.84,160.16,160.16,249500
20/10/2022,160.37,163.5,153.4,153.44,153.44,340200
21/10/2022,153.39,159.95,151.84,159.64,159.64,337300
24/10/2022,159.68,161.43,155.95,160.27,160.27,218100
25/10/2022,161.47,168.86,161.47,167.89,167.89,318500
26/10/2022,167.16,171.01,165.2,166.56,166.56,222100
27/10/2022,167.58,170.25,164.76,164.91,164.91,294000
28/10/2022,164.44,169.38,162.27,168.57,168.57,422300
31/10/2022,166.6,171.77,164.2,170.14,170.14,413800
01/11/2022,181.67,182.67,152.26,157.18,157.18,654900
02/11/2022,156.4,160.63,147.61,147.84,147.84,533100
03/11/2022,144.74,145.35,141.28,141.82,141.82,610300
04/11/2022,144.12,148.38,143.21,146.47,146.47,486800
07/11/2022,147.63,149.05,144.74,148.25,148.25,483500
08/11/2022,148.89,150.78,146.49,147.75,147.75,707600
09/11/2022,146.07,148.84,144.64,147.05,147.05,655500
10/11/2022,156.08,165.19,155.85,158.16,158.16,1077100
11/11/2022,158.02,162.2,158.02,160.71,160.71,735800
14/11/2022,160.0,160.29,149.87,150.0,150.0,505100
15/11/2022,154.0,157.34,152.18,155.0,155.0,816100
16/11/2022,153.23,153.98,147.2,147.62,147.62,369800
17/11/2022,143.8,148.0,140.66,147.98,147.98,425800
18/11/2022,151.14,152.45,146.78,148.09,148.09,427700
21/11/2022,147.61,148.52,145.08,146.09,146.09,155700
22/11/2022,147.51,148.66,145.99,148.07,148.07,244800
23/11/2022,148.38,153.34,146.91,150.09,150.09,177000
25/11/2022,149.75,151.95,149.75,150.45,150.45,55600
28/11/2022,148.5,149.89,145.23,146.73,146.73,298600
29/11/2022,146.94,149.51,145.81,149.01,149.01,301900
30/11/2022,149.65,154.51,145.32,154.08,154.08,425800
01/12/2022,156.35,162.41,155.76,158.0,158.0,369800
02/12/2022,155.57,158.65,155.0,156.57,156.57,461400
05/12/2022,153.68,157.23,152.33,156.71,156.71,318700
06/12/2022,156.96,158.48,149.85,152.33,152.33,449800
07/12/2022,153.56,156.91,152.84,155.73,155.73,267400
08/12/2022,155.19,159.75,153.18,158.46,158.46,235800
09/12/2022,157.23,159.93,156.76,158.09,158.09,209900
12/12/2022,158.33,160.12,154.55,159.49,159.49,271600
13/12/2022,168.04,169.54,164.24,165.47,165.47,275200
14/12/2022,164.38,165.79,161.14,162.93,162.93,200600
15/12/2022,158.59,164.85,157.15,163.5,163.5,331900
16/12/2022,160.47,162.58,160.18,161.22,161.22,568500
19/12/2022,161.47,161.93,156.82,158.06,158.06,247700
20/12/2022,156.07,157.5,152.39,154.8,154.8,209700
21/12/2022,156.64,159.84,156.12,159.4,159.4,287100
22/12/2022,156.73,157.62,153.46,156.8,156.8,155500
23/12/2022,156.41,158.22,154.38,158.2,158.2,138800
27/12/2022,156.8,157.42,154.58,155.76,155.76,132000
28/12/2022,156.65,157.14,151.79,151.87,151.87,132100
29/12/2022,152.4,159.44,150.88,158.41,158.41,202100
30/12/2022,155.8,158.11,155.35,156.49,156.49,131700
03/01/2023,159.41,159.84,156.49,157.92,157.92,211500
04/01/2023,160.03,162.31,158.93,161.71,161.71,207700
05/01/2023,159.43,162.99,158.21,161.37,161.37,326400
06/01/2023,163.32,166.77,162.47,165.88,165.88,189300
09/01/2023,166.91,169.94,166.61,167.51,167.51,224300
10/01/2023,166.7,168.43,165.01,168.18,168.18,181400
11/01/2023,173.14,180.53,173.0,179.31,179.31,379400
12/01/2023,179.46,179.76,173.75,178.49,178.49,287300
13/01/2023,178.25,186.86,176.75,186.29,186.29,361300
17/01/2023,185.49,188.06,185.21,186.11,186.11,463300
18/01/2023,189.0,192.47,187.51,188.28,188.28,306700
19/01/2023,185.57,186.73,181.35,181.83,181.83,399500
20/01/2023,182.8,187.48,180.01,187.37,187.37,235000
23/01/2023,187.94,192.26,186.88,192.25,192.25,226800
24/01/2023,190.0,193.06,189.84,192.82,192.82,138700
25/01/2023,190.0,191.29,188.68,190.24,190.24,183300
26/01/2023,193.05,196.81,191.77,194.38,194.38,228700
27/01/2023,193.39,197.52,193.39,197.4,197.4,181600
30/01/2023,195.36,197.81,189.31,189.43,189.43,185000
31/01/2023,191.33,200.14,191.28,200.06,200.06,221200
01/02/2023,200.89,205.71,195.5,204.35,204.35,342500
02/02/2023,207.54,212.96,206.78,211.02,211.02,300700
03/02/2023,205.84,209.73,204.25,205.5,205.5,211500
06/02/2023,201.33,202.46,197.93,198.32,198.32,232100
07/02/2023,195.5,201.2,195.01,199.9,199.9,216600
08/02/2023,199.3,200.78,196.77,197.66,197.66,149800
09/02/2023,200.16,201.73,194.6,196.72,196.72,139400
10/02/2023,194.35,196.81,193.74,194.79,194.79,111800
13/02/2023,195.19,199.95,195.19,199.53,199.53,153500
14/02/2023,195.61,201.62,195.61,200.4,200.4,135300
15/02/2023,199.13,203.39,199.0,202.53,202.53,161000
16/02/2023,197.97,203.23,195.73,200.67,200.67,279000
17/02/2023,199.25,199.37,194.78,198.91,198.91,230000
21/02/2023,193.79,196.62,190.9,191.25,191.25,268300
22/02/2023,192.45,200.12,192.45,198.0,198.0,422600
23/02/2023,210.0,216.24,197.39,205.21,205.21,573800
24/02/2023,202.13,206.93,199.08,206.17,206.17,295600
27/02/2023,207.63,210.07,206.57,208.94,208.94,257200
28/02/2023,209.45,210.08,206.35,207.59,207.59,360900
01/03/2023,207.37,209.04,203.63,205.98,205.98,188900
02/03/2023,203.45,206.99,202.14,206.25,206.25,165100
03/03/2023,207.79,210.87,205.85,210.36,210.36,172500
06/03/2023,210.54,211.26,202.65,203.88,203.88,263800
07/03/2023,203.87,206.96,201.25,201.26,201.26,156100
08/03/2023,202.23,203.7,198.52,203.08,203.08,187200
09/03/2023,202.24,205.59,200.03,200.03,200.03,238700
10/03/2023,199.38,199.38,190.73,192.86,192.86,306200
13/03/2023,188.0,195.68,187.92,192.32,192.32,233600
14/03/2023,197.39,197.91,191.95,194.7,194.7,218300
15/03/2023,191.25,193.46,185.85,188.43,188.43,261000
16/03/2023,186.12,194.05,185.05,192.07,192.07,205800
17/03/2023,190.84,192.38,188.23,189.53,189.53,355000
20/03/2023,191.39,194.09,189.94,190.77,190.77,245500
21/03/2023,193.38,197.79,193.38,195.36,195.36,160900
22/03/2023,194.36,196.49,190.42,190.77,190.77,214000
23/03/2023,193.31,195.95,187.49,189.77,189.77,261000
24/03/2023,188.61,193.34,185.04,193.05,193.05,183300
27/03/2023,195.93,196.56,192.5,195.27,195.27,165300
28/03/2023,194.67,197.88,193.45,195.59,195.59,142800
29/03/2023,197.56,198.39,195.49,197.49,197.49,121400
30/03/2023,199.5,201.57,197.85,198.25,198.25,161200
31/03/2023,200.07,208.75,199.8,208.14,208.14,370100
03/04/2023,207.22,209.32,201.77,204.39,204.39,238000
04/04/2023,203.74,203.74,192.37,194.68,194.68,299400
05/04/2023,191.99,192.5,188.19,189.72,189.72,292100
06/04/2023,188.02,192.24,184.5,191.47,191.47,198000
10/04/2023,190.18,195.91,190.18,192.19,192.19,245800
11/04/2023,192.3,199.6,192.3,198.33,198.33,238600
12/04/2023,200.79,201.29,197.77,199.08,199.08,239100
13/04/2023,200.86,201.75,196.87,200.0,200.0,176000
14/04/2023,199.48,202.77,195.88,201.68,201.68,159600
17/04/2023,201.54,203.42,198.82,200.7,200.7,155400
18/04/2023,203.69,211.26,203.69,209.78,209.78,250200
19/04/2023,209.52,215.71,208.06,215.0,215.0,300700
20/04/2023,215.47,225.82,214.84,220.9,220.9,458900
21/04/2023,223.04,223.04,217.63,217.96,217.96,319200
24/04/2023,218.65,220.88,217.4,219.48,219.48,129200
25/04/2023,217.8,219.19,213.66,213.84,213.84,98700
26/04/2023,213.09,214.48,212.34,212.47,212.47,252600
27/04/2023,214.03,220.19,214.03,220.11,220.11,213500
28/04/2023,220.94,227.08,220.94,225.48,225.48,248200
01/05/2023,224.79,226.24,220.95,222.07,222.07,142800
02/05/2023,219.4,221.9,216.98,221.07,221.07,164100
03/05/2023,220.96,226.27,219.79,221.99,221.99,251000
04/05/2023,215.55,220.32,207.6,210.98,210.98,374300
05/05/2023,213.74,216.75,210.37,215.07,215.07,213300
08/05/2023,215.59,217.08,210.01,214.34,214.34,198400
09/05/2023,213.37,215.71,209.85,210.25,210.25,241100
10/05/2023,212.2,215.02,210.98,214.98,214.98,275000
11/05/2023,214.7,215.81,211.78,214.97,214.97,184800
12/05/2023,215.07,216.06,208.36,211.54,211.54,157900
15/05/2023,210.89,214.61,210.38,214.46,214.46,123000
16/05/2023,211.46,211.67,209.17,210.68,210.68,152700
17/05/2023,211.69,214.39,211.25,214.2,214.2,172300
18/05/2023,214.17,218.14,212.15,218.04,218.04,176800
19/05/2023,219.0,219.0,209.33,210.71,210.71,344000
22/05/2023,210.25,213.28,205.97,209.72,209.72,229100
23/05/2023,209.76,211.68,204.59,205.44,205.44,243300
24/05/2023,204.92,205.59,202.53,205.39,205.39,191900
25/05/2023,206.81,209.51,202.87,205.44,205.44,207300
26/05/2023,205.53,206.81,202.26,206.16,206.16,174100
30/05/2023,207.87,208.4,205.11,206.87,206.87,131800
31/05/2023,205.25,206.65,199.53,201.66,201.66,280200
01/06/2023,200.59,206.7,199.31,206.6,206.6,227700
02/06/2023,210.08,219.09,209.6,217.94,217.94,258300
05/06/2023,214.31,217.0,214.04,216.04,216.04,192300
06/06/2023,215.62,224.9,215.62,224.83,224.83,236000
07/06/2023,226.14,229.44,226.14,228.54,228.54,209800
08/06/2023,230.11,232.9,229.07,229.88,229.88,214200
09/06/2023,230.02,230.67,226.71,228.96,228.96,199800
12/06/2023,229.06,235.01,228.71,234.88,234.88,264200
13/06/2023,236.72,241.63,236.72,238.0,238.0,252900
14/06/2023,238.38,240.98,232.94,234.0,234.0,177400
15/06/2023,234.31,244.38,233.46,243.9,243.9,262900
16/06/2023,245.68,246.84,242.1,243.28,243.28,549100
20/06/2023,243.11,249.58,243.11,246.99,246.99,196900
21/06/2023,245.4,252.0,245.4,248.91,248.91,234100
22/06/2023,248.31,250.94,245.0,249.95,249.95,220800
23/06/2023,249.14,252.89,248.04,250.87,250.87,809100
26/06/2023,251.46,256.75,249.71,250.06,250.06,223100
27/06/2023,251.69,259.71,251.69,259.18,259.18,259600
28/06/2023,258.69,262.08,254.05,259.14,259.14,166200
29/06/2023,259.04,263.87,258.22,262.74,262.74,156800
30/06/2023,265.0,267.41,261.78,266.02,266.02,202500
03/07/2023,265.96,268.69,262.34,264.36,264.36,103700
05/07/2023,262.31,264.55,258.48,264.0,264.0,160400
06/07/2023,257.59,261.28,255.86,260.24,260.24,260300
07/07/2023,261.58,265.47,260.83,261.65,261.65,310000
10/07/2023,262.22,268.39,262.22,267.54,267.54,176800
11/07/2023,267.54,269.89,266.65,268.42,268.42,242900
12/07/2023,271.01,278.2,270.83,275.93,275.93,274200
13/07/2023,277.0,278.24,273.92,277.01,277.01,256300
14/07/2023,279.47,279.47,273.9,277.77,277.77,134400
17/07/2023,276.5,280.67,275.58,278.67,278.67,170700
18/07/2023,278.9,280.44,274.81,278.06,278.06,203100
19/07/2023,275.97,280.17,271.76,274.14,274.14,270500
20/07/2023,274.45,274.45,264.28,267.27,267.27,284300
21/07/2023,269.16,271.83,266.1,266.88,266.88,119200
24/07/2023,266.54,269.98,266.32,267.14,267.14,111400
25/07/2023,266.9,274.25,266.53,269.85,269.85,169100
26/07/2023,269.22,271.33,264.75,270.88,270.88,220400
27/07/2023,273.9,274.88,265.6,266.04,266.04,243200
28/07/2023,270.51,274.75,270.0,274.28,274.28,276500
31/07/2023,276.06,277.61,271.36,273.93,273.93,200300
01/08/2023,273.16,278.35,273.16,273.72,273.72,212000
02/08/2023,271.43,274.1,269.91,273.71,273.71,245500
03/08/2023,273.07,289.48,271.71,285.05,285.05,477100
04/08/2023,287.55,298.93,286.2,294.24,294.24,305700
07/08/2023,295.98,300.05,294.7,297.19,297.19,202900
08/08/2023,294.61,300.3,291.59,298.96,298.96,261400
09/08/2023,297.56,300.05,294.5,296.63,296.63,266300
10/08/2023,300.02,305.79,295.0,300.55,300.55,223500
11/08/2023,299.26,302.63,294.72,298.55,298.55,115300
14/08/2023,297.39,303.35,295.68,301.89,301.89,160600
15/08/2023,300.76,307.54,295.9,301.79,301.79,239300
16/08/2023,302.54,306.72,296.5,296.74,296.74,197000
17/08/2023,297.89,298.2,279.26,280.04,280.04,362300
18/08/2023,278.31,284.3,276.22,281.97,281.97,308800
21/08/2023,283.58,286.95,275.96,281.83,281.83,155400
22/08/2023,283.49,286.43,281.37,284.66,284.66,140800
23/08/2023,282.8,289.36,282.8,287.42,287.42,151100
24/08/2023,285.89,288.74,282.9,283.22,283.22,212600
25/08/2023,281.37,285.18,265.77,274.31,274.31,333000
28/08/2023,275.4,279.0,272.57,275.78,275.78,187700
29/08/2023,273.96,286.91,273.96,286.73,286.73,225500
30/08/2023,285.08,293.11,285.08,290.03,290.03,179400
31/08/2023,290.85,295.39,290.0,290.08,290.08,153500
01/09/2023,292.78,298.98,292.0,296.56,296.56,141300
05/09/2023,291.59,292.4,277.88,280.0,280.0,285400
06/09/2023,282.44,285.88,280.54,284.52,284.52,187300
07/09/2023,282.81,287.33,281.33,283.92,283.92,190500
08/09/2023,284.0,285.06,280.63,281.56,281.56,176600
11/09/2023,281.2,283.43,277.62,280.62,280.62,296800
12/09/2023,280.25,283.51,272.81,275.47,275.47,307600
13/09/2023,276.6,276.6,261.29,267.91,267.91,306800
14/09/2023,270.74,275.63,269.89,273.72,273.72,208000
15/09/2023,268.91,273.39,256.94,260.38,260.38,686900
18/09/2023,256.63,265.98,256.01,262.02,262.02,184800
19/09/2023,261.92,264.47,260.25,263.0,263.0,184500
20/09/2023,265.15,268.55,258.9,259.27,259.27,120600
21/09/2023,252.3,253.56,247.88,248.37,248.37,563600
22/09/2023,252.44,252.58,247.66,249.37,249.37,184700
25/09/2023,248.39,255.04,248.39,251.56,251.56,141000
26/09/2023,250.45,251.78,245.31,245.5,245.5,215400
27/09/2023,249.39,252.3,246.77,247.96,247.96,237300
28/09/2023,247.67,254.42,247.67,251.58,251.58,248200
29/09/2023,254.16,256.36,249.94,251.6,251.6,205100
02/10/2023,249.36,252.08,245.99,248.04,248.04,202500
03/10/2023,244.04,245.5,234.23,235.81,235.81,383500
04/10/2023,237.19,242.72,236.89,241.27,241.27,300300
05/10/2023,240.29,243.86,240.09,242.66,242.66,257700
06/10/2023,240.06,247.27,239.06,245.09,245.09,178500
09/10/2023,242.82,247.56,239.13,246.37,246.37,176100
10/10/2023,248.43,255.38,248.01,253.37,253.37,327800
11/10/2023,253.82,257.26,251.29,255.57,255.57,288500
12/10/2023,253.4,253.4,237.7,238.94,238.94,317400
13/10/2023,239.3,240.03,235.18,238.04,238.04,287300
16/10/2023,240.2,242.84,237.86,240.53,240.53,210900
17/10/2023,238.0,244.81,236.53,239.98,239.98,248000
18/10/2023,236.9,236.9,229.75,229.77,229.77,208300
19/10/2023,229.98,233.26,226.45,228.42,228.42,250300
20/10/2023,229.23,231.72,225.31,227.07,227.07,157700
23/10/2023,225.82,231.35,225.82,226.4,226.4,201100
24/10/2023,228.48,229.15,225.13,227.77,227.77,249100
25/10/2023,225.09,225.09,218.08,218.49,218.49,236700
26/10/2023,220.32,224.1,218.52,221.45,221.45,222600
27/10/2023,221.59,221.7,217.08,218.64,218.64,273800
30/10/2023,222.73,225.0,217.84,219.39,219.39,325000
31/10/2023,236.21,244.96,225.45,228.76,228.76,430400
01/11/2023,227.71,243.7,225.52,243.65,243.65,482800
02/11/2023,249.89,261.05,249.89,254.75,254.75,501100
03/11/2023,263.93,269.52,263.93,264.35,264.35,319400
06/11/2023,263.96,266.49,260.63,263.63,263.63,254500
07/11/2023,263.94,269.82,262.85,268.54,268.54,231800
08/11/2023,266.89,271.77,265.82,265.91,265.91,257900
09/11/2023,270.2,272.11,262.64,263.32,263.32,353500
10/11/2023,264.47,271.49,264.47,271.36,271.36,196900
13/11/2023,269.81,270.16,266.42,269.01,269.01,135200
14/11/2023,280.96,291.77,279.74,288.63,288.63,351800
15/11/2023,288.34,295.41,287.62,290.09,290.09,270500
16/11/2023,290.31,295.8,290.0,290.77,290.77,230400
17/11/2023,293.27,296.76,291.01,296.48,296.48,278100
20/11/2023,296.9,299.56,294.6,297.85,297.85,219100
21/11/2023,296.02,300.0,293.72,294.1,294.1,230300
22/11/2023,297.22,299.8,293.26,293.61,293.61,210300
24/11/2023,293.0,297.64,291.98,296.49,296.49,56700
27/11/2023,294.91,296.85,293.9,295.83,295.83,153200
28/11/2023,294.8,295.77,292.2,292.39,292.39,194700
29/11/2023,294.37,298.98,294.1,294.86,294.86,190100
30/11/2023,294.39,296.5,292.5,295.78,295.78,128300
01/12/2023,294.3,304.98,294.3,304.84,304.84,251500
04/12/2023,305.0,317.56,305.0,312.49,312.49,504600
05/12/2023,311.39,312.8,308.01,308.75,308.75,247300
06/12/2023,313.44,318.67,313.44,315.8,315.8,387200
07/12/2023,315.72,317.95,314.52,316.47,316.47,226300
08/12/2023,318.29,323.17,316.03,320.27,320.27,202700
11/12/2023,319.9,322.47,318.51,320.75,320.75,212300
12/12/2023,321.55,325.05,317.74,322.27,322.27,232700
13/12/2023,325.2,333.06,317.72,332.55,332.55,281500
14/12/2023,347.23,376.38,345.23,373.88,373.88,1273500
15/12/2023,374.65,378.16,368.28,375.03,375.03,705800
18/12/2023,376.22,376.22,367.17,367.78,367.78,328400
19/12/2023,372.21,379.8,372.11,377.61,377.61,256800
20/12/2023,376.01,380.0,367.72,368.41,368.41,224300
21/12/2023,374.33,375.77,368.51,375.26,375.26,287000
22/12/2023,377.72,379.0,373.25,376.52,376.52,184900
26/12/2023,376.58,379.67,376.3,378.0,378.0,85900
27/12/2023,380.0,380.6,377.33,379.11,379.11,103300
28/12/2023,378.19,380.56,375.8,377.55,377.55,90800
29/12/2023,376.18,382.95,374.14,374.26,374.26,106300
02/01/2024,369.0,372.45,362.66,369.11,369.11,136800
03/01/2024,359.29,359.56,351.93,355.33,355.33,261600
04/01/2024,352.41,353.95,345.01,347.53,347.53,384400
05/01/2024,346.01,354.74,345.4,351.61,351.61,209100
08/01/2024,357.67,359.0,352.79,357.2,357.2,239600
09/01/2024,351.63,358.51,351.63,358.39,358.39,253600
10/01/2024,361.91,366.05,361.65,364.71,364.71,222500
11/01/2024,362.21,370.28,359.77,369.72,369.72,244400
12/01/2024,373.84,375.72,364.08,365.98,365.98,207200
16/01/2024,363.15,368.12,359.4,367.88,367.88,244700
17/01/2024,365.01,367.64,361.79,364.26,364.26,238500
18/01/2024,369.23,374.19,366.95,371.13,371.13,181000
19/01/2024,371.82,376.32,367.49,373.26,373.26,165300
22/01/2024,377.01,383.23,376.74,383.05,383.05,273700
23/01/2024,378.71,380.47,366.59,368.86,368.86,262000
24/01/2024,373.91,375.77,359.23,361.3,361.3,224700
25/01/2024,365.79,369.3,362.79,369.19,369.19,234300
26/01/2024,367.0,372.51,363.9,366.23,366.23,246900
29/01/2024,367.32,375.51,366.49,375.47,375.47,410500
30/01/2024,373.12,379.21,372.8,374.8,374.8,301800
31/01/2024,371.66,380.0,368.43,369.13,369.13,150000
01/02/2024,375.16,379.23,369.59,378.21,378.21,181400
02/02/2024,370.56,383.4,370.04,381.48,381.48,177900
05/02/2024,376.8,377.84,365.47,369.67,369.67,137700
06/02/2024,370.31,372.53,367.59,372.52,372.52,122200
07/02/2024,377.2,382.28,373.74,379.25,379.25,253700
08/02/2024,379.97,391.73,379.18,390.92,390.92,217800
09/02/2024,391.55,395.39,387.27,391.54,391.54,145500
12/02/2024,395.62,403.34,393.5,399.82,399.82,170100
13/02/2024,377.83,389.63,373.53,384.47,384.47,198200
14/02/2024,390.79,393.02,382.04,391.46,391.46,261900
15/02/2024,394.64,395.69,387.0,395.55,395.55,224100
16/02/2024,390.99,395.43,386.58,386.86,386.86,214900
20/02/2024,380.37,383.94,374.42,383.69,383.69,254800
21/02/2024,385.23,388.1,378.24,382.07,382.07,223800
22/02/2024,389.83,405.2,389.7,404.98,404.98,308700
23/02/2024,406.5,414.11,405.54,411.34,411.34,281700
26/02/2024,411.3,413.79,406.59,409.42,409.42,286800
27/02/2024,413.66,414.33,402.47,413.15,413.15,295300
28/02/2024,383.51,400.88,383.51,391.53,391.53,601800
29/02/2024,393.86,402.68,392.36,402.38,402.38,344700
01/03/2024,396.9,411.42,396.17,410.61,410.61,378600
04/03/2024,414.94,416.75,403.84,404.36,404.36,279500
05/03/2024,404.75,412.82,399.18,401.83,401.83,310900
06/03/2024,406.21,412.09,404.68,411.73,411.73,209200
07/03/2024,416.56,421.75,416.18,417.92,417.92,335300
08/03/2024,420.66,421.62,406.88,407.25,407.25,275600
11/03/2024,406.71,406.71,394.64,399.72,399.72,257900
12/03/2024,399.87,408.44,397.32,405.79,405.79,193200
13/03/2024,407.3,414.42,407.3,411.5,411.5,178400
14/03/2024,413.23,414.52,402.05,408.96,408.96,364500
15/03/2024,406.02,412.84,403.99,409.8,409.8,642800
18/03/2024,413.04,415.96,406.28,407.5,407.5,248200
19/03/2024,408.07,415.35,406.35,411.0,411.0,289800
20/03/2024,410.0,426.18,409.27,424.38,424.38,329800
21/03/2024,431.06,441.39,430.05,439.12,439.12,265300
22/03/2024,438.77,440.0,432.33,435.6,435.6,184800
25/03/2024,433.89,441.19,433.89,435.4,435.4,233300
26/03/2024,435.66,439.52,432.33,432.61,432.61,148600
27/03/2024,436.39,438.49,432.33,438.47,438.47,131000
28/03/2024,438.2,443.07,437.09,440.73,440.73,164600
01/04/2024,442.93,447.2,436.4,438.35,438.35,223200
02/04/2024,427.43,435.78,422.58,433.16,433.16,243900
03/04/2024,430.3,443.04,425.99,441.78,441.78,245600
04/04/2024,448.5,450.0,434.42,435.88,435.88,214200
05/04/2024,437.66,447.54,437.44,446.91,446.91,190900
08/04/2024,449.0,452.87,437.5,437.52,437.52,217400
09/04/2024,440.15,440.15,424.24,434.27,434.27,180500
10/04/2024,413.55,426.12,411.55,419.6,419.6,214700
11/04/2024,422.35,423.62,418.32,421.45,421.45,215900
12/04/2024,417.7,422.11,413.57,418.0,418.0,224200
15/04/2024,420.1,425.22,409.34,411.04,411.04,179900
16/04/2024,403.45,404.35,382.88,400.0,400.0,612900
17/04/2024,403.34,403.34,386.99,388.74,388.74,411700
18/04/2024,395.27,400.92,388.58,389.81,389.81,354200
19/04/2024,389.42,394.94,380.39,384.32,384.32,284200
22/04/2024,388.88,388.88,378.01,384.66,384.66,266900
23/04/2024,384.66,396.9,375.33,395.13,395.13,454500
24/04/2024,397.96,404.82,385.69,388.27,388.27,254900
25/04/2024,376.87,394.38,372.51,391.25,391.25,239000
26/04/2024,398.05,409.42,397.4,407.08,407.08,236600
29/04/2024,409.95,415.17,408.27,414.14,414.14,206900
30/04/2024,410.7,412.7,404.64,404.67,404.67,232300
01/05/2024,406.23,423.34,402.0,408.04,408.04,230100
02/05/2024,410.34,413.6,401.57,408.88,408.88,266400
03/05/2024,420.06,425.62,401.78,402.52,402.52,793100
06/05/2024,408.9,417.57,407.34,417.57,417.57,514900
07/05/2024,410.0,413.92,394.83,396.6,396.6,634300
08/05/2024,394.57,401.95,392.35,396.75,396.75,399900
09/05/2024,398.01,409.01,396.02,408.68,408.68,265900
10/05/2024,409.24,415.68,408.54,414.43,414.43,262400
13/05/2024,415.14,417.53,409.36,409.66,409.66,334400
14/05/2024,411.41,424.24,411.41,419.95,419.95,320800
15/05/2024,428.99,436.29,425.43,429.5,429.5,306100
16/05/2024,427.87,427.87,405.9,405.94,405.94,367200
17/05/2024,406.44,407.86,401.3,404.04,404.04,200100
20/05/2024,403.83,410.18,402.52,405.11,405.11,215100
21/05/2024,403.8,408.47,397.7,407.63,407.63,259900
22/05/2024,405.0,410.45,399.71,402.23,402.23,292700
23/05/2024,406.41,406.41,398.3,401.52,401.52,183700
24/05/2024,404.75,410.29,402.58,409.58,409.58,149400
28/05/2024,409.97,414.25,402.23,403.04,403.04,236600
29/05/2024,398.79,405.0,396.68,399.4,399.4,211000
30/05/2024,402.5,415.05,397.42,413.31,413.31,228400
31/05/2024,415.81,420.32,409.76,417.95,417.95,262300
03/06/2024,418.0,418.0,405.47,407.63,407.63,216500
04/06/2024,407.0,409.05,397.8,399.4,399.4,422900
05/06/2024,401.38,415.14,400.26,413.7,413.7,272100
06/06/2024,412.4,418.0,408.04,410.19,410.19,324400
07/06/2024,401.23,405.14,396.58,402.09,402.09,262300
10/06/2024,396.71,404.81,396.71,403.04,403.04,223900
11/06/2024,399.75,399.75,393.24,394.38,394.38,329700
12/06/2024,412.8,426.79,411.82,419.61,419.61,319900
13/06/2024,417.51,423.96,412.32,422.71,422.71,272600
14/06/2024,414.52,417.48,407.17,414.39,414.39,260600
17/06/2024,413.35,418.28,409.57,414.18,414.18,211100
18/06/2024,414.01,414.8,407.51,411.29,411.29,279500
20/06/2024,406.35,412.82,388.1,388.18,388.18,566100
21/06/2024,388.29,388.93,381.41,388.38,388.38,602800
24/06/2024,388.79,397.26,386.67,391.49,391.49,258800
25/06/2024,383.66,388.47,373.14,379.45,379.45,458600
26/06/2024,378.55,383.41,377.0,381.37,381.37,282000
27/06/2024,380.46,384.19,378.68,381.45,381.45,303500
28/06/2024,382.45,387.42,381.81,385.27,385.27,475800
01/07/2024,387.13,388.04,374.02,379.86,379.86,319700
02/07/2024,378.29,379.37,372.58,373.82,373.82,333600
03/07/2024,373.38,386.1,372.45,379.19,379.19,203900
05/07/2024,379.19,382.64,373.09,376.86,376.86,253000
08/07/2024,380.86,387.3,380.86,385.53,385.53,406900
09/07/2024,383.18,391.4,379.56,380.3,380.3,338200
10/07/2024,383.68,390.11,380.74,389.32,389.32,277700
11/07/2024,405.32,430.03,403.74,423.4,423.4,517300
12/07/2024,426.81,443.04,426.81,431.91,431.91,475900
15/07/2024,436.38,443.1,434.5,438.0,438.0,281800
16/07/2024,442.66,467.76,442.66,465.48,465.48,302000
17/07/2024,463.85,463.85,442.37,442.87,442.87,310400
18/07/2024,446.57,470.93,444.06,448.83,448.83,311200
19/07/2024,447.0,453.08,442.39,447.75,447.75,165800
22/07/2024,454.57,460.8,441.27,456.46,456.46,165700
23/07/2024,451.88,458.33,447.66,453.87,453.87,244600
24/07/2024,445.66,454.88,435.79,436.81,436.81,181700
25/07/2024,440.92,453.76,436.97,445.1,445.1,240800
26/07/2024,455.45,469.39,448.13,466.52,466.52,333900
29/07/2024,469.76,477.59,465.87,473.78,473.78,221200
30/07/2024,474.97,483.12,468.5,479.09,479.09,297400
31/07/2024,484.36,495.68,471.27,478.54,478.54,281300
01/08/2024,481.38,486.34,445.8,453.22,453.22,400100
02/08/2024,433.19,436.99,423.36,435.8,435.8,199900
05/08/2024,400.21,435.29,394.52,425.27,425.27,468300
06/08/2024,379.31,402.97,374.51,395.01,395.01,1070900
07/08/2024,394.96,402.82,359.47,365.5,365.5,755200
08/08/2024,372.33,376.82,366.9,373.65,373.65,406700
09/08/2024,374.87,379.37,370.38,372.72,372.72,238200
12/08/2024,372.6,379.2,369.14,374.06,374.06,294800
13/08/2024,380.31,382.83,371.4,378.52,378.52,431800
14/08/2024,382.93,383.22,369.15,370.15,370.15,320000
15/08/2024,379.45,382.5,374.37,377.75,377.75,323600
16/08/2024,375.48,380.61,371.17,372.12,372.12,262800
19/08/2024,374.54,383.34,373.2,381.12,381.12,247300
20/08/2024,382.11,383.72,374.04,377.02,377.02,219400
21/08/2024,381.41,391.57,380.11,390.3,390.3,240500
22/08/2024,389.26,392.62,383.39,384.55,384.55,165600
23/08/2024,388.82,412.51,386.41,410.66,410.66,285400
26/08/2024,413.15,414.08,399.95,400.59,400.59,242300
27/08/2024,395.65,395.65,386.74,391.81,391.81,199100
28/08/2024,387.9,396.49,387.9,391.6,391.6,266000
29/08/2024,395.99,400.18,389.62,391.45,391.45,259200
30/08/2024,396.14,398.55,383.64,393.02,393.02,195900
03/09/2024,390.65,393.07,369.51,371.38,371.38,305400
04/09/2024,368.02,372.96,362.76,369.23,369.23,367700
05/09/2024,369.0,369.72,361.3,364.02,364.02,275200
06/09/2024,365.44,372.17,359.2,360.4,360.4,363800
09/09/2024,360.69,366.94,356.66,360.43,360.43,269800
10/09/2024,362.84,363.45,355.46,362.15,362.15,184900
11/09/2024,358.84,366.02,350.86,364.82,364.82,213100
12/09/2024,367.74,373.18,364.54,369.92,369.92,174600
13/09/2024,375.46,387.53,375.01,386.49,386.49,257300
16/09/2024,388.4,393.31,382.12,392.02,392.02,327400
17/09/2024,398.59,404.7,395.2,402.78,402.78,316000
