Date,Open,High,Low,Close,Adj Close,Volume
30/10/2014,19.0,19.5,16.88,17.45,17.45,6884200
31/10/2014,17.79,18.14,17.66,17.75,17.75,429100
03/11/2014,17.56,17.7,17.5,17.56,17.56,112000
04/11/2014,17.75,17.75,17.09,17.38,17.38,187700
05/11/2014,17.14,17.57,16.91,17.04,17.04,361400
06/11/2014,17.0,17.44,17.0,17.25,17.25,440300
07/11/2014,17.17,17.27,17.06,17.22,17.22,56600
10/11/2014,17.52,18.19,17.15,18.0,18.0,157800
11/11/2014,18.14,18.99,18.04,18.78,18.78,125100
12/11/2014,18.85,18.98,18.27,18.86,18.86,122200
13/11/2014,18.64,19.55,18.51,19.26,19.26,99800
14/11/2014,19.0,20.0,19.0,20.0,20.0,73900
17/11/2014,19.95,20.45,19.38,20.19,20.19,98500
18/11/2014,20.2,20.2,19.36,19.65,19.65,108200
19/11/2014,19.65,20.15,19.4,19.74,19.74,111100
20/11/2014,20.0,20.4,19.68,20.28,20.28,83500
21/11/2014,20.45,20.83,19.8,20.0,20.0,147800
24/11/2014,20.21,20.74,19.5,20.65,20.65,190600
25/11/2014,20.79,21.65,20.75,21.37,21.37,175700
26/11/2014,21.39,21.9,21.11,21.48,21.48,129200
28/11/2014,21.71,21.89,21.25,21.6,21.6,69100
01/12/2014,21.98,22.1,20.77,20.9,20.9,122500
02/12/2014,20.76,21.86,20.75,20.98,20.98,123100
03/12/2014,20.76,22.09,20.75,22.08,22.08,118100
04/12/2014,22.0,22.31,21.38,22.17,22.17,94400
05/12/2014,22.37,22.37,21.59,22.2,22.2,96400
08/12/2014,22.0,23.12,21.83,22.09,22.09,128300
09/12/2014,22.28,22.28,21.41,21.61,21.61,101800
10/12/2014,21.97,22.1,20.6,21.92,21.92,97100
11/12/2014,21.87,22.64,20.06,20.99,20.99,140700
12/12/2014,21.14,21.48,20.62,20.88,20.88,74800
15/12/2014,21.02,21.48,20.34,20.42,20.42,281200
16/12/2014,20.52,21.06,19.51,19.79,19.79,196600
17/12/2014,19.6,20.45,18.8,19.18,19.18,217100
18/12/2014,19.23,19.44,18.14,18.8,18.8,228800
19/12/2014,18.71,20.45,18.2,19.56,19.56,761700
22/12/2014,19.65,20.17,18.82,19.2,19.2,190100
23/12/2014,19.2,19.58,18.36,19.3,19.3,209400
24/12/2014,19.21,19.23,18.51,18.7,18.7,213100
26/12/2014,18.8,19.02,18.4,18.42,18.42,106300
29/12/2014,18.34,19.04,18.18,18.35,18.35,263900
30/12/2014,18.33,18.7,17.89,18.3,18.3,319400
31/12/2014,18.38,18.86,17.91,18.2,18.2,399600
02/01/2015,18.15,18.79,17.94,17.94,17.94,172100
05/01/2015,17.86,19.43,17.55,18.0,18.0,179300
06/01/2015,18.1,18.64,17.65,18.29,18.29,127100
07/01/2015,18.23,18.89,18.17,18.54,18.54,166000
08/01/2015,18.56,19.47,18.56,19.3,19.3,315600
09/01/2015,19.98,20.37,19.63,19.71,19.71,254200
12/01/2015,19.83,22.0,19.73,20.95,20.95,339500
13/01/2015,21.05,21.65,20.06,20.48,20.48,110300
14/01/2015,20.39,20.7,20.03,20.55,20.55,129700
15/01/2015,20.46,20.93,19.28,19.34,19.34,125500
16/01/2015,19.36,19.55,18.71,19.14,19.14,307500
20/01/2015,19.22,19.24,18.18,18.2,18.2,102400
21/01/2015,18.34,18.62,18.15,18.56,18.56,248600
22/01/2015,18.58,19.11,18.41,19.01,19.01,173800
23/01/2015,19.09,19.42,18.75,19.32,19.32,185400
26/01/2015,19.42,19.43,18.7,19.3,19.3,119200
27/01/2015,19.21,19.4,19.03,19.33,19.33,123100
28/01/2015,19.17,19.55,19.11,19.33,19.33,108900
29/01/2015,19.24,19.61,19.07,19.59,19.59,81000
30/01/2015,19.4,20.6,19.31,20.18,20.18,340400
02/02/2015,21.46,21.81,20.55,21.67,21.67,463800
03/02/2015,21.82,22.33,21.36,21.38,21.38,194800
04/02/2015,21.56,21.92,21.07,21.74,21.74,240000
05/02/2015,22.76,23.95,22.36,23.87,23.87,680600
06/02/2015,23.95,25.1,23.58,24.34,24.34,290000
09/02/2015,24.14,24.98,24.14,24.46,24.46,176200
10/02/2015,24.81,24.84,23.7,24.61,24.61,224700
11/02/2015,24.77,24.77,23.39,23.64,23.64,250200
12/02/2015,23.67,24.45,22.84,23.56,23.56,170300
13/02/2015,23.48,23.91,22.72,23.04,23.04,152500
17/02/2015,22.82,22.98,21.8,22.24,22.24,223000
18/02/2015,22.11,22.61,22.06,22.6,22.6,115800
19/02/2015,22.67,23.5,22.63,23.07,23.07,143300
20/02/2015,22.9,23.03,22.18,22.37,22.37,205600
23/02/2015,22.21,22.36,21.9,22.27,22.27,204800
24/02/2015,22.07,23.09,21.42,23.02,23.02,303500
25/02/2015,23.2,24.09,22.92,24.04,24.04,392300
26/02/2015,24.25,24.5,23.04,23.15,23.15,6872300
27/02/2015,23.26,24.9,23.26,24.61,24.61,742500
02/03/2015,24.61,25.13,24.33,24.57,24.57,270700
03/03/2015,24.54,24.83,24.17,24.35,24.35,284100
04/03/2015,24.3,25.09,23.97,24.81,24.81,253500
05/03/2015,24.87,25.11,24.48,24.8,24.8,177300
06/03/2015,24.9,25.25,23.73,23.79,23.79,393300
09/03/2015,23.82,24.44,23.82,24.27,24.27,345400
10/03/2015,24.47,24.84,23.96,24.74,24.74,252700
11/03/2015,24.82,24.93,23.99,24.14,24.14,215400
12/03/2015,24.2,24.74,24.12,24.35,24.35,220100
13/03/2015,24.31,24.64,23.75,23.98,23.98,230900
16/03/2015,24.12,24.43,23.76,23.94,23.94,204700
17/03/2015,24.06,24.76,24.02,24.7,24.7,244100
18/03/2015,24.79,24.92,24.04,24.56,24.56,145500
19/03/2015,24.62,25.9,24.58,25.49,25.49,249900
20/03/2015,25.55,25.59,25.13,25.5,25.5,315100
23/03/2015,25.25,25.95,24.15,24.28,24.28,240000
24/03/2015,24.26,25.41,24.18,24.86,24.86,280700
25/03/2015,24.75,25.24,23.86,24.02,24.02,304000
26/03/2015,24.03,24.24,22.83,23.63,23.63,404700
27/03/2015,23.67,23.9,22.88,23.21,23.21,249500
30/03/2015,23.31,23.78,23.0,23.71,23.71,290600
31/03/2015,23.78,24.49,23.45,23.92,23.92,209100
01/04/2015,24.02,24.37,23.74,23.88,23.88,250000
02/04/2015,23.93,24.0,23.63,23.95,23.95,148800
06/04/2015,23.88,24.06,23.39,23.71,23.71,161400
07/04/2015,23.65,24.01,23.65,23.77,23.77,121600
08/04/2015,23.79,24.2,23.79,24.06,24.06,175000
09/04/2015,24.12,24.75,24.12,24.49,24.49,236700
10/04/2015,24.62,24.62,24.4,24.49,24.49,94300
13/04/2015,24.49,24.63,24.39,24.55,24.55,79000
14/04/2015,24.64,25.1,24.55,25.0,25.0,170100
15/04/2015,25.03,26.1,24.92,25.76,25.76,219500
16/04/2015,25.79,26.09,25.42,25.55,25.55,153100
17/04/2015,25.37,25.47,24.08,24.09,24.09,179000
20/04/2015,24.19,24.57,23.79,24.44,24.44,132000
21/04/2015,24.54,24.54,24.07,24.33,24.33,130200
22/04/2015,24.37,24.56,24.02,24.39,24.39,140800
23/04/2015,24.4,26.03,24.32,25.45,25.45,225100
24/04/2015,25.57,25.64,25.17,25.59,25.59,127600
27/04/2015,25.69,26.18,25.53,25.79,25.79,203000
28/04/2015,25.81,25.9,25.3,25.68,25.68,134500
29/04/2015,25.56,25.84,25.19,25.61,25.61,193300
30/04/2015,25.59,25.62,24.27,24.82,24.82,230600
01/05/2015,24.94,25.07,24.38,24.55,24.55,140900
04/05/2015,24.66,25.12,24.44,24.73,24.73,176400
05/05/2015,24.62,24.7,23.22,23.38,23.38,210400
06/05/2015,23.45,24.26,23.28,24.02,24.02,154800
07/05/2015,24.03,25.08,23.72,24.3,24.3,226300
08/05/2015,24.51,24.51,23.92,24.01,24.01,77000
11/05/2015,23.94,24.42,23.85,24.06,24.06,44800
12/05/2015,24.0,24.21,23.39,24.15,24.15,86600
13/05/2015,24.27,24.58,23.74,24.57,24.57,172400
14/05/2015,24.65,24.86,24.02,24.42,24.42,128000
15/05/2015,24.47,24.51,23.2,23.51,23.51,168200
18/05/2015,23.45,23.94,23.45,23.76,23.76,174300
19/05/2015,23.9,24.08,23.3,23.9,23.9,145700
20/05/2015,23.91,23.91,23.55,23.75,23.75,99700
21/05/2015,23.79,23.98,23.4,23.41,23.41,135200
22/05/2015,23.5,23.58,23.13,23.16,23.16,126800
26/05/2015,23.06,23.12,22.11,22.31,22.31,359100
27/05/2015,22.26,23.36,21.8,23.04,23.04,365100
28/05/2015,22.81,23.17,22.66,22.75,22.75,387700
29/05/2015,24.5,25.0,23.07,24.46,24.46,994400
01/06/2015,25.05,27.68,24.67,27.06,27.06,1062100
02/06/2015,27.13,27.5,26.74,26.93,26.93,518100
03/06/2015,26.89,27.25,25.66,25.74,25.74,540900
04/06/2015,25.64,26.06,25.0,25.88,25.88,346400
05/06/2015,25.94,29.0,25.87,28.76,28.76,991800
08/06/2015,28.61,29.05,28.24,28.62,28.62,510200
09/06/2015,28.57,28.93,28.35,28.82,28.82,260900
10/06/2015,28.78,29.27,28.36,28.96,28.96,241600
11/06/2015,28.97,29.42,28.72,28.83,28.83,262800
12/06/2015,28.79,29.12,28.38,28.91,28.91,266600
15/06/2015,28.97,30.53,28.68,30.36,30.36,601700
16/06/2015,30.48,30.81,29.86,30.57,30.57,326700
17/06/2015,30.66,31.2,30.27,30.8,30.8,280100
18/06/2015,30.8,31.42,30.69,31.04,31.04,170800
19/06/2015,31.18,31.54,30.92,30.93,30.93,359100
22/06/2015,31.32,31.39,30.31,31.22,31.22,246700
23/06/2015,31.34,31.5,30.47,30.83,30.83,161100
24/06/2015,30.74,31.2,30.72,30.97,30.97,123400
25/06/2015,31.01,31.23,30.36,31.12,31.12,178500
26/06/2015,31.21,31.59,30.81,31.05,31.05,607500
29/06/2015,30.81,31.0,29.92,30.05,30.05,98900
30/06/2015,30.83,32.57,30.1,32.0,32.0,524100
01/07/2015,31.96,32.38,31.55,32.17,32.17,282200
02/07/2015,32.76,32.76,31.68,32.35,32.35,336100
06/07/2015,32.0,32.19,31.6,32.02,32.02,213500
07/07/2015,31.84,32.43,31.3,32.31,32.31,246100
08/07/2015,32.03,32.42,31.84,32.28,32.28,225900
09/07/2015,32.72,33.17,32.22,33.04,33.04,206700
10/07/2015,33.27,33.27,32.26,33.15,33.15,314900
13/07/2015,33.27,33.55,32.97,33.28,33.28,192500
14/07/2015,33.16,33.61,33.11,33.54,33.54,180900
15/07/2015,33.56,33.82,33.02,33.44,33.44,227900
16/07/2015,33.5,34.0,33.25,33.63,33.63,201800
17/07/2015,33.66,34.43,33.42,33.92,33.92,122300
20/07/2015,33.91,34.4,33.04,33.99,33.99,278700
21/07/2015,34.09,34.09,32.86,33.42,33.42,144400
22/07/2015,33.26,33.7,32.67,32.78,32.78,219900
23/07/2015,32.86,33.01,32.0,32.01,32.01,184500
24/07/2015,31.93,31.94,30.14,30.83,30.83,279800
27/07/2015,30.53,31.76,30.21,31.44,31.44,197100
28/07/2015,31.69,32.49,30.6,31.9,31.9,264600
29/07/2015,31.79,31.97,31.49,31.55,31.55,111600
30/07/2015,31.17,31.79,30.86,31.6,31.6,288100
31/07/2015,31.0,32.27,31.0,31.6,31.6,299200
03/08/2015,31.73,32.72,31.7,32.56,32.56,229900
04/08/2015,32.51,33.39,32.38,33.15,33.15,389000
05/08/2015,26.32,27.75,26.0,27.39,27.39,2530200
06/08/2015,27.26,27.78,26.2,26.57,26.57,319500
07/08/2015,26.28,26.7,26.05,26.43,26.43,383100
10/08/2015,26.51,27.02,26.05,26.13,26.13,345500
11/08/2015,26.11,26.74,25.62,26.45,26.45,532100
12/08/2015,26.43,26.58,25.05,25.96,25.96,576200
13/08/2015,26.03,26.47,25.92,25.95,25.95,364000
14/08/2015,25.91,26.15,24.91,25.24,25.24,312700
17/08/2015,25.11,25.44,24.73,25.15,25.15,356900
18/08/2015,25.01,25.21,24.57,24.73,24.73,455000
19/08/2015,24.74,24.96,24.27,24.29,24.29,260800
20/08/2015,24.08,24.32,23.49,23.52,23.52,263000
21/08/2015,23.15,23.42,21.25,21.68,21.68,763200
24/08/2015,20.21,20.98,19.18,20.86,20.86,652000
25/08/2015,21.26,21.53,20.37,20.37,20.37,556200
26/08/2015,20.73,21.23,20.31,20.97,20.97,516600
27/08/2015,21.31,21.31,20.52,20.95,20.95,284500
28/08/2015,21.08,21.52,20.91,21.13,21.13,292500
31/08/2015,21.12,21.91,20.89,21.84,21.84,259200
01/09/2015,21.36,21.59,21.09,21.28,21.28,179500
02/09/2015,21.57,21.75,20.95,21.17,21.17,373300
03/09/2015,21.26,22.17,21.26,22.07,22.07,315400
04/09/2015,21.82,22.15,21.52,21.77,21.77,236800
08/09/2015,22.1,22.39,21.77,22.31,22.31,240200
09/09/2015,22.64,22.64,22.0,22.08,22.08,328700
10/09/2015,22.04,22.19,21.48,21.58,21.58,355600
11/09/2015,21.53,21.56,20.93,21.44,21.44,276500
14/09/2015,21.52,22.03,21.41,21.63,21.63,260600
15/09/2015,21.65,21.72,21.07,21.67,21.67,286200
16/09/2015,21.75,22.24,21.4,22.05,22.05,190700
17/09/2015,22.11,22.38,21.73,22.03,22.03,236500
18/09/2015,21.78,22.1,20.32,20.76,20.76,630300
21/09/2015,20.92,21.17,19.44,19.47,19.47,536700
22/09/2015,19.41,20.0,19.26,19.9,19.9,244700
23/09/2015,20.0,20.11,19.32,19.56,19.56,232800
24/09/2015,19.52,19.56,18.56,18.83,18.83,439800
25/09/2015,19.01,19.01,17.55,17.71,17.71,563000
28/09/2015,17.71,17.82,17.05,17.67,17.67,377800
29/09/2015,17.75,18.59,17.6,18.08,18.08,318500
30/09/2015,18.27,18.51,17.83,18.43,18.43,312600
01/10/2015,18.59,18.74,17.69,17.99,17.99,219000
02/10/2015,17.83,18.09,17.55,18.06,18.06,257400
05/10/2015,18.11,18.42,18.08,18.29,18.29,173800
06/10/2015,18.23,18.5,18.04,18.41,18.41,225100
07/10/2015,18.25,18.5,17.57,17.98,17.98,377700
08/10/2015,17.85,18.26,17.48,17.83,17.83,233200
09/10/2015,17.67,17.7,17.1,17.44,17.44,501600
12/10/2015,17.47,17.67,17.11,17.26,17.26,217000
13/10/2015,17.26,17.97,16.9,17.3,17.3,319400
14/10/2015,17.32,17.55,17.08,17.32,17.32,199000
15/10/2015,17.32,17.76,17.04,17.5,17.5,168000
16/10/2015,17.57,17.92,17.43,17.75,17.75,163300
19/10/2015,17.74,18.25,17.67,17.92,17.92,256500
20/10/2015,17.87,18.22,17.5,17.79,17.79,998300
21/10/2015,17.8,17.97,17.33,17.4,17.4,159500
22/10/2015,17.43,17.71,17.11,17.25,17.25,186700
23/10/2015,17.29,17.85,14.62,14.69,14.69,735000
26/10/2015,14.42,14.54,13.59,14.05,14.05,658600
27/10/2015,13.99,14.59,13.88,14.4,14.4,403900
28/10/2015,14.4,15.34,14.37,14.97,14.97,411200
29/10/2015,14.97,15.29,14.74,14.91,14.91,250000
30/10/2015,14.9,15.36,14.67,15.0,15.0,338100
02/11/2015,14.97,15.4,14.7,15.25,15.25,332000
03/11/2015,15.25,17.12,15.21,16.82,16.82,626100
04/11/2015,16.52,16.57,15.39,15.89,15.89,693500
05/11/2015,15.97,16.13,15.62,15.99,15.99,345100
06/11/2015,16.0,16.34,15.38,15.79,15.79,393000
09/11/2015,15.52,15.69,14.27,14.46,14.46,548600
10/11/2015,14.36,15.0,13.68,14.82,14.82,938200
11/11/2015,12.3,13.5,11.52,12.05,12.05,3692900
12/11/2015,11.87,11.88,10.3,11.04,11.04,2000200
13/11/2015,10.73,11.05,10.18,11.03,11.03,953800
16/11/2015,10.96,10.96,9.72,9.87,9.87,1018100
17/11/2015,10.06,10.2,9.11,9.3,9.3,998300
18/11/2015,9.42,11.0,9.34,10.92,10.92,818100
19/11/2015,10.66,10.66,9.7,10.26,10.26,932200
20/11/2015,10.41,10.77,10.33,10.65,10.65,398600
23/11/2015,10.54,10.81,10.31,10.53,10.53,334200
24/11/2015,10.36,10.81,10.29,10.63,10.63,249500
25/11/2015,10.68,11.75,10.68,11.36,11.36,441900
27/11/2015,11.36,11.47,11.1,11.22,11.22,99000
30/11/2015,11.16,11.24,10.46,10.5,10.5,387200
01/12/2015,10.68,10.68,10.15,10.44,10.44,322600
02/12/2015,10.53,11.34,10.49,11.26,11.26,361500
03/12/2015,11.22,11.66,10.7,10.89,10.89,353400
04/12/2015,10.91,11.73,10.76,11.71,11.71,363300
07/12/2015,11.65,11.95,11.4,11.68,11.68,236400
08/12/2015,11.56,11.61,11.35,11.52,11.52,260200
09/12/2015,11.42,12.04,11.38,11.96,11.96,245000
10/12/2015,11.92,12.15,11.79,12.06,12.06,205200
11/12/2015,11.9,12.43,11.85,12.37,12.37,264200
14/12/2015,12.38,12.81,12.24,12.31,12.31,329900
15/12/2015,12.46,12.69,12.32,12.44,12.44,480500
16/12/2015,12.47,13.4,12.33,12.95,12.95,368000
17/12/2015,12.96,12.97,11.6,12.17,12.17,474100
18/12/2015,12.17,12.43,12.04,12.17,12.17,450300
21/12/2015,12.25,12.98,12.04,12.77,12.77,346000
22/12/2015,12.8,13.05,12.58,12.79,12.79,417800
23/12/2015,12.88,12.99,12.5,12.72,12.72,227400
24/12/2015,12.71,12.78,12.4,12.43,12.43,80000
28/12/2015,12.32,12.46,11.99,12.21,12.21,162400
29/12/2015,12.31,12.8,11.93,12.33,12.33,282100
30/12/2015,12.22,12.59,12.18,12.41,12.41,192400
31/12/2015,12.35,12.58,12.21,12.29,12.29,202200
04/01/2016,11.99,12.9,11.9,12.5,12.5,399800
05/01/2016,12.6,13.09,11.68,12.3,12.3,603000
06/01/2016,12.09,12.26,10.79,11.46,11.46,560400
07/01/2016,11.19,12.3,10.97,11.52,11.52,563500
08/01/2016,11.46,11.5,10.18,10.39,10.39,500800
11/01/2016,10.46,10.58,10.27,10.48,10.48,257700
12/01/2016,10.02,10.5,7.55,8.07,8.07,2612100
13/01/2016,8.07,8.31,7.28,7.84,7.84,1367800
14/01/2016,7.84,7.96,7.36,7.64,7.64,738500
15/01/2016,7.46,7.49,6.91,7.23,7.23,631400
19/01/2016,7.24,7.31,6.59,6.66,6.66,626200
20/01/2016,6.5,6.51,5.8,6.03,6.03,1387100
21/01/2016,6.03,6.93,5.86,6.6,6.6,1136400
22/01/2016,6.72,7.04,6.41,6.8,6.8,579700
25/01/2016,6.74,6.87,6.39,6.4,6.4,480200
26/01/2016,6.48,6.7,6.41,6.54,6.54,463900
27/01/2016,6.46,6.76,6.19,6.23,6.23,492000
28/01/2016,6.41,6.45,6.05,6.06,6.06,542900
29/01/2016,6.08,6.34,5.88,6.08,6.08,732200
01/02/2016,6.06,6.63,5.87,6.41,6.41,935100
02/02/2016,6.27,6.39,5.2,5.53,5.53,2144300
03/02/2016,6.83,7.75,6.5,7.53,7.53,5449900
04/02/2016,7.43,8.57,7.08,7.92,7.92,2036800
05/02/2016,8.0,8.5,7.92,8.33,8.33,1268400
08/02/2016,8.14,8.63,7.75,8.52,8.52,1176700
09/02/2016,8.59,8.59,7.63,8.3,8.3,799500
10/02/2016,8.35,8.77,7.86,7.87,7.87,726100
11/02/2016,7.87,8.48,7.75,8.35,8.35,743700
12/02/2016,8.35,8.49,7.92,8.21,8.21,478100
16/02/2016,8.32,8.51,7.82,8.48,8.48,441800
17/02/2016,8.54,9.13,8.42,9.07,9.07,954500
18/02/2016,9.09,9.47,8.78,9.34,9.34,700400
19/02/2016,9.26,9.53,8.6,8.78,8.78,622700
22/02/2016,8.87,9.52,8.87,9.26,9.26,572900
23/02/2016,9.38,10.29,9.13,9.61,9.61,1816100
24/02/2016,9.42,9.62,9.04,9.48,9.48,266200
25/02/2016,9.52,9.73,9.14,9.61,9.61,242900
26/02/2016,9.67,9.71,9.31,9.47,9.47,236300
29/02/2016,9.46,10.2,9.32,10.16,10.16,374000
01/03/2016,10.12,10.24,9.79,9.93,9.93,310100
02/03/2016,10.03,10.19,9.75,10.11,10.11,191400
03/03/2016,10.12,10.25,9.62,9.7,9.7,368000
04/03/2016,9.64,10.84,9.64,10.49,10.49,549000
07/03/2016,10.48,11.59,10.4,11.4,11.4,631100
08/03/2016,11.45,11.87,10.75,10.77,10.77,489800
09/03/2016,10.82,11.44,10.23,10.34,10.34,321400
10/03/2016,10.37,10.74,10.05,10.42,10.42,213500
11/03/2016,10.54,10.65,10.24,10.51,10.51,236200
14/03/2016,10.56,10.57,9.69,9.7,9.7,264900
15/03/2016,9.7,9.85,8.85,9.01,9.01,670200
16/03/2016,8.98,9.47,8.95,9.4,9.4,325200
17/03/2016,9.45,10.07,9.36,10.02,10.02,239600
18/03/2016,10.09,10.32,9.79,10.13,10.13,319100
21/03/2016,10.08,10.49,9.96,10.27,10.27,313500
22/03/2016,10.16,10.16,9.55,9.61,9.61,310000
23/03/2016,9.55,9.55,8.73,9.05,9.05,335800
24/03/2016,9.06,9.41,9.0,9.34,9.34,246800
28/03/2016,9.41,9.53,9.2,9.23,9.23,197400
29/03/2016,9.24,9.48,9.06,9.31,9.31,265100
30/03/2016,9.38,9.59,9.23,9.27,9.27,282500
31/03/2016,9.31,9.82,9.21,9.4,9.4,405200
01/04/2016,9.27,9.87,9.23,9.65,9.65,276700
04/04/2016,9.69,10.1,9.46,9.7,9.7,466200
05/04/2016,9.62,9.62,8.99,9.0,9.0,587800
06/04/2016,9.03,9.19,8.6,8.67,8.67,865500
07/04/2016,8.7,8.7,7.93,7.95,7.95,789900
08/04/2016,7.44,7.45,6.49,6.75,6.75,1763300
11/04/2016,6.79,7.72,6.76,7.37,7.37,1020300
12/04/2016,7.39,7.78,7.0,7.77,7.77,486100
13/04/2016,7.75,8.05,7.71,7.9,7.9,592300
14/04/2016,7.93,7.95,7.74,7.87,7.87,345000
15/04/2016,7.84,8.1,7.84,8.09,8.09,185400
18/04/2016,8.07,8.21,7.98,8.15,8.15,303500
19/04/2016,8.25,8.49,8.1,8.32,8.32,384800
20/04/2016,8.29,8.52,8.23,8.26,8.26,165200
21/04/2016,8.36,8.65,8.25,8.41,8.41,397600
22/04/2016,8.39,8.64,8.35,8.59,8.59,267900
25/04/2016,8.58,8.65,7.97,7.99,7.99,296900
26/04/2016,8.05,8.62,8.02,8.58,8.58,209600
27/04/2016,8.53,8.65,8.36,8.57,8.57,108200
28/04/2016,8.47,8.73,8.39,8.43,8.43,174500
29/04/2016,8.49,8.6,8.01,8.2,8.2,145200
02/05/2016,8.28,8.54,8.06,8.38,8.38,173100
03/05/2016,8.31,8.31,7.85,8.08,8.08,194100
04/05/2016,8.01,8.19,7.9,8.0,8.0,177500
05/05/2016,8.02,8.05,7.63,7.72,7.72,213100
06/05/2016,7.74,7.81,7.39,7.65,7.65,210600
09/05/2016,7.52,8.05,7.52,7.93,7.93,165400
10/05/2016,7.9,7.99,7.5,7.81,7.81,208700
11/05/2016,7.69,7.69,7.21,7.25,7.25,228900
12/05/2016,7.26,7.45,6.94,7.16,7.16,173100
13/05/2016,7.0,7.01,6.16,6.45,6.45,791500
16/05/2016,6.5,6.68,6.42,6.54,6.54,263000
17/05/2016,6.55,6.68,6.14,6.15,6.15,323000
18/05/2016,6.1,6.22,5.59,5.7,5.7,879300
19/05/2016,5.75,6.65,5.75,6.45,6.45,1745600
20/05/2016,6.36,7.35,6.03,7.11,7.11,1251100
23/05/2016,7.02,7.59,6.96,7.37,7.37,863000
24/05/2016,7.44,7.53,7.14,7.28,7.28,336500
25/05/2016,7.49,8.36,7.48,7.93,7.93,919200
26/05/2016,7.89,8.31,7.55,7.6,7.6,390400
27/05/2016,7.62,7.88,7.6,7.74,7.74,203600
31/05/2016,7.77,7.83,7.53,7.61,7.61,463100
01/06/2016,7.61,7.89,7.58,7.81,7.81,220500
02/06/2016,7.75,8.19,7.72,8.09,8.09,317100
03/06/2016,8.2,8.25,7.89,8.03,8.03,168900
06/06/2016,8.0,8.41,7.88,8.39,8.39,269500
07/06/2016,8.29,8.58,8.27,8.43,8.43,301400
08/06/2016,8.53,8.63,8.42,8.49,8.49,218300
09/06/2016,8.37,8.74,8.2,8.68,8.68,450200
10/06/2016,8.62,8.72,7.79,8.01,8.01,579800
13/06/2016,7.98,8.04,7.72,7.75,7.75,235400
14/06/2016,7.72,7.89,7.52,7.67,7.67,170600
15/06/2016,7.83,8.27,7.8,7.87,7.87,273200
16/06/2016,7.86,7.95,7.42,7.66,7.66,412500
17/06/2016,7.68,7.95,7.65,7.92,7.92,373000
20/06/2016,8.03,8.5,8.03,8.4,8.4,181600
21/06/2016,8.33,8.45,8.05,8.17,8.17,218800
22/06/2016,8.2,8.42,8.08,8.13,8.13,217200
23/06/2016,8.25,8.51,8.17,8.49,8.49,225600
24/06/2016,8.0,8.44,7.95,8.27,8.27,886400
27/06/2016,8.14,8.14,7.84,7.94,7.94,311500
28/06/2016,7.95,8.4,7.95,8.15,8.15,169400
29/06/2016,8.36,8.67,8.26,8.5,8.5,223200
30/06/2016,8.58,8.66,8.31,8.62,8.62,259500
01/07/2016,8.67,9.34,8.64,9.01,9.01,285900
05/07/2016,8.99,8.99,8.22,8.46,8.46,352700
06/07/2016,8.45,8.66,8.24,8.66,8.66,139600
07/07/2016,8.63,8.91,8.57,8.75,8.75,135600
08/07/2016,8.91,9.38,8.91,9.24,9.24,211900
11/07/2016,9.3,9.64,9.23,9.54,9.54,186500
12/07/2016,9.62,9.7,9.52,9.57,9.57,185800
13/07/2016,9.66,9.68,9.19,9.34,9.34,142600
14/07/2016,9.38,9.39,8.82,9.01,9.01,329800
15/07/2016,9.03,9.12,8.85,9.05,9.05,205000
18/07/2016,9.07,9.55,8.95,9.5,9.5,169200
19/07/2016,9.46,9.49,8.75,8.8,8.8,215700
20/07/2016,8.81,9.27,8.8,9.24,9.24,308700
21/07/2016,9.28,9.5,9.13,9.25,9.25,157400
22/07/2016,9.19,9.25,8.8,9.1,9.1,187800
25/07/2016,9.19,9.36,9.04,9.31,9.31,256000
26/07/2016,9.4,9.85,9.18,9.81,9.81,422400
27/07/2016,10.0,10.87,9.52,10.48,10.48,606100
28/07/2016,10.41,10.41,9.7,10.22,10.22,298700
29/07/2016,10.2,10.84,10.2,10.76,10.76,291600
01/08/2016,10.72,10.78,10.6,10.75,10.75,266200
02/08/2016,10.79,10.79,9.82,9.88,9.88,208800
03/08/2016,9.77,9.89,9.48,9.67,9.67,280900
04/08/2016,9.68,10.33,9.57,10.31,10.31,259700
05/08/2016,10.37,10.92,10.36,10.61,10.61,322000
08/08/2016,10.64,10.9,10.57,10.73,10.73,193800
09/08/2016,10.71,10.74,10.43,10.44,10.44,141900
10/08/2016,10.62,10.72,10.33,10.53,10.53,196400
11/08/2016,10.74,11.25,10.71,11.16,11.16,390500
12/08/2016,11.19,11.22,10.91,11.1,11.1,208000
15/08/2016,11.17,11.76,11.11,11.53,11.53,231300
16/08/2016,11.53,11.55,11.33,11.47,11.47,143400
17/08/2016,11.38,11.49,11.15,11.4,11.4,161400
18/08/2016,11.5,12.59,11.46,12.15,12.15,368300
19/08/2016,12.22,12.98,12.1,12.65,12.65,334800
22/08/2016,12.65,12.68,12.11,12.5,12.5,277600
23/08/2016,12.63,12.79,12.32,12.61,12.61,131500
24/08/2016,12.56,12.65,12.25,12.36,12.36,374800
25/08/2016,12.27,12.61,12.15,12.38,12.38,170100
26/08/2016,12.49,13.11,12.48,12.78,12.78,262400
29/08/2016,12.88,12.92,12.66,12.73,12.73,239200
30/08/2016,12.59,12.74,12.34,12.52,12.52,173900
31/08/2016,12.52,12.67,12.24,12.38,12.38,132100
01/09/2016,12.3,12.45,11.98,12.26,12.26,155500
02/09/2016,12.28,12.72,12.16,12.49,12.49,192400
06/09/2016,12.53,12.79,11.97,12.12,12.12,248400
07/09/2016,12.13,12.57,11.81,12.51,12.51,223600
08/09/2016,12.33,12.5,12.07,12.26,12.26,143700
09/09/2016,11.42,11.79,10.6,10.92,10.92,609400
12/09/2016,10.74,11.05,10.08,10.94,10.94,496700
13/09/2016,10.73,10.77,10.35,10.67,10.67,213100
14/09/2016,10.66,10.82,10.42,10.65,10.65,201100
15/09/2016,10.65,10.82,10.46,10.75,10.75,145400
16/09/2016,10.68,10.89,10.63,10.74,10.74,193200
19/09/2016,10.89,10.93,10.56,10.75,10.75,276100
20/09/2016,10.77,11.04,10.58,10.9,10.9,286700
21/09/2016,10.93,11.07,10.4,10.82,10.82,231400
22/09/2016,11.0,11.14,10.78,11.09,11.09,141100
23/09/2016,11.11,11.38,10.92,11.16,11.16,167600
26/09/2016,11.05,11.13,10.59,10.7,10.7,176400
27/09/2016,10.74,11.15,10.69,10.81,10.81,135700
28/09/2016,10.78,11.02,10.7,11.0,11.0,134400
29/09/2016,10.89,11.18,10.8,11.01,11.01,171600
30/09/2016,11.13,11.53,10.87,11.38,11.38,167000
03/10/2016,11.45,11.5,10.97,11.01,11.01,167700
04/10/2016,10.99,11.1,10.63,11.02,11.02,235400
05/10/2016,11.08,11.42,11.0,11.05,11.05,281400
06/10/2016,11.03,11.22,10.83,11.18,11.18,138800
07/10/2016,11.3,11.58,11.11,11.36,11.36,101300
10/10/2016,11.43,11.57,11.18,11.49,11.49,96200
11/10/2016,11.4,11.54,11.1,11.2,11.2,166800
12/10/2016,11.17,11.32,10.99,11.09,11.09,118100
13/10/2016,10.94,11.12,10.68,10.97,10.97,122900
14/10/2016,11.02,11.14,10.83,11.02,11.02,69800
17/10/2016,11.0,11.24,10.95,11.01,11.01,79400
18/10/2016,10.98,11.13,10.85,10.94,10.94,159500
19/10/2016,10.98,11.21,10.77,11.01,11.01,90400
20/10/2016,11.0,11.45,11.0,11.42,11.42,208600
21/10/2016,11.2,11.55,11.04,11.43,11.43,129600
24/10/2016,11.51,11.73,11.34,11.69,11.69,156600
25/10/2016,11.55,11.64,11.05,11.32,11.32,131500
26/10/2016,11.22,11.4,10.9,11.0,11.0,178800
27/10/2016,12.7,13.2,12.16,12.5,12.5,1135600
28/10/2016,12.45,12.97,12.35,12.6,12.6,265100
31/10/2016,12.61,12.86,12.42,12.8,12.8,172300
01/11/2016,12.7,12.85,12.37,12.7,12.7,215300
02/11/2016,12.6,12.75,11.93,12.16,12.16,241500
03/11/2016,12.0,12.26,11.99,12.15,12.15,149100
04/11/2016,12.25,12.99,12.25,12.94,12.94,289400
07/11/2016,13.12,14.27,12.87,13.84,13.84,519000
08/11/2016,13.88,14.49,13.62,14.15,14.15,249500
09/11/2016,13.82,14.82,13.81,14.66,14.66,271200
10/11/2016,14.68,15.52,14.68,15.12,15.12,311900
11/11/2016,15.09,15.3,14.67,15.25,15.25,263300
14/11/2016,15.86,16.49,15.16,15.37,15.37,399800
15/11/2016,15.65,15.65,14.91,15.29,15.29,354900
16/11/2016,15.41,16.43,15.22,16.02,16.02,345800
17/11/2016,15.96,16.02,15.32,15.8,15.8,183300
18/11/2016,15.72,15.97,15.39,15.72,15.72,145000
21/11/2016,15.78,15.88,15.47,15.73,15.73,134000
22/11/2016,15.9,16.89,15.82,16.36,16.36,247000
23/11/2016,16.36,17.26,16.2,16.68,16.68,223100
25/11/2016,16.7,16.9,16.47,16.74,16.74,96700
28/11/2016,16.82,16.9,16.22,16.52,16.52,148100
29/11/2016,16.49,16.71,16.1,16.32,16.32,154700
30/11/2016,15.53,16.77,15.51,15.78,15.78,229600
01/12/2016,15.94,16.58,15.47,15.69,15.69,247300
02/12/2016,15.78,15.97,15.03,15.18,15.18,366500
05/12/2016,15.43,15.73,15.16,15.26,15.26,215600
06/12/2016,15.35,15.35,15.03,15.17,15.17,168200
07/12/2016,15.18,15.48,15.04,15.2,15.2,156100
08/12/2016,15.15,15.32,14.98,15.24,15.24,272100
09/12/2016,15.21,15.44,14.53,14.64,14.64,292500
12/12/2016,14.58,14.6,13.82,14.44,14.44,334900
13/12/2016,14.56,14.77,14.34,14.59,14.59,209800
14/12/2016,14.55,14.55,14.17,14.44,14.44,119500
15/12/2016,14.33,14.58,14.0,14.09,14.09,300000
16/12/2016,14.08,14.31,13.32,13.4,13.4,253900
19/12/2016,13.46,13.65,13.16,13.3,13.3,176500
20/12/2016,13.55,14.72,13.52,14.0,14.0,300500
21/12/2016,13.86,14.04,13.52,13.6,13.6,108400
22/12/2016,13.57,13.57,12.07,12.14,12.14,450200
23/12/2016,12.2,12.81,12.2,12.65,12.65,350100
27/12/2016,12.63,13.03,12.63,12.83,12.83,130800
28/12/2016,12.91,13.44,12.42,12.57,12.57,273100
29/12/2016,12.64,12.87,12.48,12.69,12.69,287400
30/12/2016,12.74,12.76,12.41,12.52,12.52,154200
03/01/2017,12.98,13.82,12.71,13.15,13.15,577500
04/01/2017,13.18,13.9,13.15,13.85,13.85,327700
05/01/2017,13.52,13.66,12.78,13.04,13.04,418400
06/01/2017,13.16,13.46,12.68,12.99,12.99,365800
09/01/2017,12.92,12.92,12.02,12.14,12.14,541800
10/01/2017,11.11,12.29,11.11,12.02,12.02,1322000
11/01/2017,11.92,11.92,11.51,11.69,11.69,452000
12/01/2017,11.66,11.73,11.24,11.67,11.67,244100
13/01/2017,11.73,12.02,11.56,11.63,11.63,202700
17/01/2017,11.44,11.7,11.31,11.63,11.63,349600
18/01/2017,11.6,11.78,11.16,11.75,11.75,304100
19/01/2017,11.83,11.84,11.52,11.68,11.68,473400
20/01/2017,11.72,11.96,11.66,11.9,11.9,301300
23/01/2017,11.81,11.85,11.45,11.5,11.5,318200
24/01/2017,11.51,11.67,11.2,11.48,11.48,255900
25/01/2017,11.49,11.79,11.49,11.6,11.6,261600
26/01/2017,11.5,11.65,11.05,11.06,11.06,433400
27/01/2017,11.1,11.34,10.55,10.58,10.58,572900
30/01/2017,10.61,10.71,10.3,10.49,10.49,566000
31/01/2017,10.29,10.93,10.1,10.85,10.85,580400
01/02/2017,9.75,10.98,8.81,10.85,10.85,2656000
02/02/2017,10.83,12.1,10.76,11.95,11.95,1041800
03/02/2017,11.96,11.96,11.08,11.09,11.09,500200
06/02/2017,11.12,11.17,10.81,10.88,10.88,431600
07/02/2017,10.92,11.04,10.75,10.92,10.92,257500
08/02/2017,10.93,11.0,10.75,10.97,10.97,191300
09/02/2017,11.13,11.25,10.95,10.99,10.99,313400
10/02/2017,11.05,11.52,10.9,11.21,11.21,553400
13/02/2017,11.31,11.49,11.07,11.24,11.24,297500
14/02/2017,11.13,11.38,10.91,11.0,11.0,256500
15/02/2017,10.96,11.21,10.85,11.08,11.08,336800
16/02/2017,11.04,11.18,10.83,10.94,10.94,209600
17/02/2017,10.93,11.06,10.8,10.94,10.94,158700
21/02/2017,10.91,11.24,10.89,10.9,10.9,291700
22/02/2017,10.92,11.33,10.81,11.02,11.02,283500
23/02/2017,11.02,11.1,10.66,10.69,10.69,379100
24/02/2017,10.6,11.0,10.45,10.91,10.91,205400
27/02/2017,10.86,11.1,10.78,10.81,10.81,330500
28/02/2017,10.74,10.75,10.11,10.27,10.27,255500
01/03/2017,10.48,10.71,10.24,10.59,10.59,334600
02/03/2017,10.6,10.87,10.52,10.6,10.6,194500
03/03/2017,10.59,10.69,10.08,10.39,10.39,193100
06/03/2017,10.27,10.32,9.78,9.86,9.86,268500
07/03/2017,9.86,9.97,9.63,9.71,9.71,508600
08/03/2017,9.75,10.33,9.64,10.21,10.21,556300
09/03/2017,10.13,10.15,9.71,9.77,9.77,204500
10/03/2017,9.83,10.0,9.62,9.92,9.92,344400
13/03/2017,9.88,9.91,9.54,9.61,9.61,212700
14/03/2017,9.6,9.6,9.23,9.51,9.51,214200
15/03/2017,9.54,9.9,9.33,9.81,9.81,159200
16/03/2017,9.8,10.24,9.72,10.11,10.11,152800
17/03/2017,10.19,10.19,9.82,9.86,9.86,129100
20/03/2017,9.84,9.9,9.5,9.51,9.51,129900
21/03/2017,9.61,9.61,8.95,9.07,9.07,267400
22/03/2017,8.99,9.19,8.85,9.13,9.13,247300
23/03/2017,9.14,9.51,9.02,9.35,9.35,109200
24/03/2017,9.3,9.44,9.18,9.31,9.31,109400
27/03/2017,9.23,9.61,9.17,9.37,9.37,114000
28/03/2017,9.33,9.71,9.22,9.62,9.62,170000
29/03/2017,9.55,10.07,9.51,9.92,9.92,155300
30/03/2017,9.88,10.12,9.73,10.08,10.08,153400
31/03/2017,10.09,10.14,9.86,9.89,9.89,148000
03/04/2017,9.89,9.89,9.61,9.85,9.85,145600
04/04/2017,9.84,9.84,9.23,9.34,9.34,292700
05/04/2017,9.38,9.6,9.21,9.32,9.32,315100
06/04/2017,9.34,10.31,9.32,9.88,9.88,331200
07/04/2017,9.83,10.11,9.75,9.83,9.83,244400
10/04/2017,9.83,10.29,9.8,10.24,10.24,138100
11/04/2017,10.24,10.66,10.12,10.57,10.57,191800
12/04/2017,10.56,10.56,10.16,10.28,10.28,149800
13/04/2017,10.28,10.53,10.12,10.25,10.25,245000
17/04/2017,10.35,10.44,9.98,10.43,10.43,207000
18/04/2017,10.4,10.68,10.14,10.64,10.64,167400
19/04/2017,10.69,10.9,10.58,10.61,10.61,198300
20/04/2017,10.76,11.06,10.72,10.87,10.87,177300
21/04/2017,10.91,11.03,10.66,10.76,10.76,118600
24/04/2017,11.08,11.17,10.74,10.75,10.75,167300
25/04/2017,10.75,10.94,10.56,10.56,10.56,287400
26/04/2017,10.64,11.17,10.64,10.99,10.99,200100
27/04/2017,11.08,11.08,10.65,10.73,10.73,205900
28/04/2017,10.71,10.72,10.42,10.61,10.61,125700
01/05/2017,10.71,10.75,10.53,10.58,10.58,121900
02/05/2017,10.65,10.89,10.58,10.75,10.75,140500
03/05/2017,10.74,10.74,10.45,10.54,10.54,115300
04/05/2017,10.55,10.55,10.05,10.09,10.09,110600
05/05/2017,10.22,10.5,10.03,10.42,10.42,249200
08/05/2017,10.52,10.63,9.96,10.01,10.01,147400
09/05/2017,10.1,10.14,9.91,9.98,9.98,86700
10/05/2017,10.01,10.32,9.81,10.25,10.25,173000
11/05/2017,10.17,10.17,9.58,9.66,9.66,380800
12/05/2017,9.54,9.68,9.03,9.11,9.11,228900
15/05/2017,9.12,9.35,8.99,9.16,9.16,187800
16/05/2017,9.11,9.15,8.55,8.95,8.95,301500
17/05/2017,8.76,9.12,8.67,8.87,8.87,387900
18/05/2017,8.89,9.02,7.87,7.88,7.88,602600
19/05/2017,7.86,8.14,7.72,8.06,8.06,275600
22/05/2017,8.14,8.19,7.86,7.98,7.98,653500
23/05/2017,8.05,8.1,7.45,7.68,7.68,258700
24/05/2017,7.63,7.84,7.61,7.67,7.67,176100
25/05/2017,7.75,7.89,7.62,7.89,7.89,214400
26/05/2017,7.9,8.04,7.67,7.99,7.99,231500
30/05/2017,7.99,8.06,7.78,7.86,7.86,530600
31/05/2017,7.83,7.88,7.5,7.79,7.79,446200
01/06/2017,7.85,7.85,7.38,7.42,7.42,647500
02/06/2017,6.16,6.65,5.91,5.98,5.98,3389300
05/06/2017,5.98,6.26,5.9,6.15,6.15,968300
06/06/2017,6.16,6.24,5.99,6.21,6.21,1036300
07/06/2017,6.22,6.41,6.0,6.14,6.14,734000
08/06/2017,6.26,6.78,6.25,6.56,6.56,1094200
09/06/2017,6.59,6.59,6.25,6.57,6.57,597800
12/06/2017,6.56,6.86,6.52,6.69,6.69,628500
13/06/2017,6.73,7.0,6.65,6.86,6.86,334700
14/06/2017,6.89,6.99,6.76,6.98,6.98,393900
15/06/2017,6.88,7.02,6.84,6.99,6.99,227300
16/06/2017,6.92,6.94,6.8,6.93,6.93,264700
19/06/2017,6.98,7.03,6.64,6.89,6.89,273600
20/06/2017,6.87,6.87,6.48,6.62,6.62,417600
21/06/2017,6.62,6.62,6.27,6.41,6.41,298400
22/06/2017,6.41,6.7,6.35,6.61,6.61,213300
23/06/2017,6.6,6.79,6.49,6.7,6.7,458200
26/06/2017,6.77,6.82,6.64,6.69,6.69,432900
27/06/2017,6.71,7.25,6.71,7.0,7.0,571500
28/06/2017,7.07,7.14,6.83,6.86,6.86,263500
29/06/2017,6.85,7.22,6.85,7.16,7.16,274700
30/06/2017,7.2,7.21,6.96,7.08,7.08,129000
03/07/2017,7.13,7.25,7.0,7.18,7.18,99000
05/07/2017,7.17,7.21,6.87,6.99,6.99,190000
06/07/2017,6.99,7.06,6.55,6.62,6.62,233500
07/07/2017,6.64,6.76,6.57,6.74,6.74,179200
10/07/2017,6.75,6.75,6.36,6.38,6.38,208300
11/07/2017,6.41,6.51,6.12,6.49,6.49,278500
12/07/2017,6.55,6.66,6.42,6.43,6.43,106700
13/07/2017,6.42,6.95,6.42,6.92,6.92,185400
14/07/2017,6.91,6.96,6.57,6.58,6.58,136000
17/07/2017,6.58,7.0,6.58,6.84,6.84,203200
18/07/2017,6.81,6.93,6.6,6.64,6.64,139700
19/07/2017,6.64,6.87,6.61,6.79,6.79,159600
20/07/2017,6.78,6.88,6.69,6.77,6.77,92300
21/07/2017,6.82,6.82,6.51,6.68,6.68,117400
24/07/2017,6.63,6.68,6.1,6.2,6.2,438300
25/07/2017,6.23,6.48,6.23,6.32,6.32,298300
26/07/2017,6.35,6.89,6.34,6.6,6.6,488300
27/07/2017,6.6,7.26,6.56,7.25,7.25,326400
28/07/2017,7.15,7.43,6.97,7.42,7.42,402000
31/07/2017,7.4,8.18,7.16,8.01,8.01,1239500
01/08/2017,8.01,8.04,7.45,7.82,7.82,553500
02/08/2017,9.04,9.74,8.8,9.15,9.15,1588200
03/08/2017,9.1,9.2,8.25,8.55,8.55,631100
04/08/2017,9.1,9.69,8.96,9.24,9.24,627300
07/08/2017,9.29,9.35,8.83,8.84,8.84,460700
08/08/2017,8.84,9.18,8.84,8.91,8.91,299600
09/08/2017,8.85,8.85,8.5,8.58,8.58,394500
10/08/2017,8.51,8.61,8.16,8.51,8.51,255900
11/08/2017,8.33,9.05,8.28,8.97,8.97,327700
14/08/2017,9.0,9.15,8.58,8.64,8.64,248000
15/08/2017,8.68,8.7,8.32,8.45,8.45,196100
16/08/2017,8.52,8.91,8.52,8.56,8.56,185200
17/08/2017,8.53,8.53,8.19,8.3,8.3,225600
18/08/2017,8.2,8.39,7.91,8.07,8.07,274400
21/08/2017,8.07,8.09,7.54,7.73,7.73,252900
22/08/2017,7.8,8.18,7.8,8.12,8.12,175000
23/08/2017,8.07,8.17,8.02,8.08,8.08,105100
24/08/2017,8.14,8.5,8.14,8.3,8.3,213700
25/08/2017,8.33,8.65,8.28,8.57,8.57,274700
28/08/2017,8.57,8.57,8.28,8.33,8.33,153500
29/08/2017,8.24,8.25,7.64,7.83,7.83,420300
30/08/2017,7.85,8.06,7.67,7.96,7.96,239300
31/08/2017,7.98,8.1,7.85,8.1,8.1,312900
01/09/2017,8.15,8.8,8.11,8.68,8.68,304100
05/09/2017,8.63,8.79,7.94,8.18,8.18,347300
06/09/2017,8.24,8.53,7.99,8.2,8.2,292800
07/09/2017,8.23,8.34,7.89,8.08,8.08,224000
08/09/2017,8.05,8.16,7.82,7.88,7.88,154800
11/09/2017,7.9,8.19,7.66,8.08,8.08,257300
12/09/2017,8.07,8.39,8.07,8.26,8.26,148600
13/09/2017,8.25,8.8,8.25,8.67,8.67,227800
14/09/2017,8.61,8.63,8.12,8.35,8.35,156000
15/09/2017,8.38,8.67,8.24,8.59,8.59,370300
18/09/2017,8.56,8.69,8.41,8.53,8.53,244300
19/09/2017,8.53,8.61,8.25,8.4,8.4,189900
20/09/2017,8.34,8.65,8.12,8.4,8.4,262400
21/09/2017,8.43,8.43,8.21,8.35,8.35,157500
22/09/2017,8.29,8.71,8.29,8.68,8.68,167100
25/09/2017,8.65,9.51,8.55,9.45,9.45,408300
26/09/2017,9.44,9.6,9.15,9.28,9.28,317600
27/09/2017,9.25,9.38,8.88,9.15,9.15,209000
28/09/2017,9.16,9.26,8.89,8.96,8.96,172700
29/09/2017,9.05,9.09,8.89,8.9,8.9,139600
02/10/2017,8.96,9.0,8.54,8.68,8.68,319300
03/10/2017,8.77,8.82,8.56,8.64,8.64,181600
04/10/2017,8.65,8.97,8.61,8.72,8.72,423300
05/10/2017,8.71,8.92,8.63,8.8,8.8,123900
06/10/2017,8.73,8.83,8.58,8.61,8.61,169200
09/10/2017,8.62,8.63,8.12,8.21,8.21,208400
10/10/2017,8.29,8.4,8.14,8.22,8.22,89500
11/10/2017,8.2,8.34,8.03,8.14,8.14,230100
12/10/2017,8.1,8.12,7.47,7.82,7.82,450900
13/10/2017,7.84,7.89,7.37,7.43,7.43,302300
16/10/2017,7.55,7.75,7.39,7.69,7.69,233300
17/10/2017,7.75,7.87,7.66,7.79,7.79,198200
18/10/2017,7.8,8.29,7.61,7.75,7.75,392100
19/10/2017,7.69,7.92,7.59,7.7,7.7,214300
20/10/2017,7.8,8.32,7.74,8.3,8.3,380700
23/10/2017,8.2,8.67,8.05,8.23,8.23,565800
24/10/2017,8.24,8.52,8.09,8.5,8.5,293700
25/10/2017,8.54,8.74,8.35,8.66,8.66,337400
26/10/2017,8.68,8.88,8.27,8.81,8.81,272400
27/10/2017,8.74,8.83,8.53,8.74,8.74,225200
30/10/2017,8.61,8.74,8.34,8.5,8.5,198000
31/10/2017,8.44,8.56,8.15,8.23,8.23,334400
01/11/2017,8.23,8.39,7.97,8.11,8.11,436600
02/11/2017,8.16,8.55,8.0,8.4,8.4,449300
03/11/2017,10.53,10.8,9.5,9.9,9.9,2660700
06/11/2017,10.06,10.11,9.81,9.99,9.99,1040100
07/11/2017,10.08,10.87,9.79,10.64,10.64,1143000
08/11/2017,10.54,11.35,10.46,11.21,11.21,519400
09/11/2017,11.1,12.22,11.01,12.01,12.01,1211000
10/11/2017,11.94,12.38,11.48,12.01,12.01,486700
13/11/2017,11.97,12.07,11.74,11.78,11.78,374900
14/11/2017,11.75,11.9,11.55,11.69,11.69,300700
15/11/2017,13.0,13.0,12.26,12.66,12.66,1506400
16/11/2017,12.77,14.09,12.61,13.54,13.54,1208600
17/11/2017,13.69,14.06,13.5,13.69,13.69,821800
20/11/2017,13.74,14.14,13.63,14.07,14.07,824600
21/11/2017,14.05,14.32,13.62,13.72,13.72,329100
22/11/2017,13.65,13.91,13.44,13.49,13.49,268500
24/11/2017,13.43,13.7,13.35,13.41,13.41,164100
27/11/2017,13.5,14.03,13.5,13.86,13.86,384300
28/11/2017,13.89,14.35,13.73,14.26,14.26,381800
29/11/2017,14.34,14.66,14.16,14.5,14.5,586500
30/11/2017,14.52,15.0,14.35,14.81,14.81,509500
01/12/2017,14.69,14.79,14.1,14.39,14.39,379600
04/12/2017,14.56,15.54,14.55,15.35,15.35,815600
05/12/2017,15.41,15.44,14.34,15.0,15.0,549900
06/12/2017,15.0,15.36,14.79,14.8,14.8,361600
07/12/2017,14.87,15.55,14.82,15.15,15.15,297800
08/12/2017,15.22,15.39,14.85,15.3,15.3,215800
11/12/2017,15.32,15.37,15.05,15.07,15.07,147900
12/12/2017,15.16,15.37,14.86,14.9,14.9,155300
13/12/2017,14.93,15.67,14.9,15.39,15.39,402000
14/12/2017,15.37,15.55,14.92,15.0,15.0,200500
15/12/2017,15.11,15.4,15.0,15.01,15.01,202000
18/12/2017,15.24,16.2,15.24,15.96,15.96,461900
19/12/2017,16.08,16.11,15.64,15.9,15.9,239600
20/12/2017,16.01,16.17,15.67,15.93,15.93,124000
21/12/2017,16.04,16.61,15.76,16.45,16.45,288900
22/12/2017,16.45,16.81,16.29,16.74,16.74,290800
26/12/2017,16.79,17.56,16.78,17.33,17.33,398900
27/12/2017,17.21,17.55,16.96,17.4,17.4,323700
28/12/2017,17.3,17.68,17.21,17.31,17.31,352800
29/12/2017,17.33,17.4,16.39,16.61,16.61,514200
02/01/2018,16.85,17.54,16.85,17.33,17.33,278300
03/01/2018,17.4,17.45,17.09,17.26,17.26,331500
04/01/2018,17.26,17.26,16.52,17.06,17.06,351500
05/01/2018,17.04,17.54,16.75,16.94,16.94,687300
08/01/2018,17.53,18.0,16.43,17.97,17.97,906000
09/01/2018,18.0,18.47,17.36,17.87,17.87,619800
10/01/2018,18.11,18.67,17.69,18.42,18.42,391200
11/01/2018,18.66,19.3,18.57,19.01,19.01,536000
12/01/2018,19.59,19.66,18.99,19.25,19.25,540500
16/01/2018,19.33,19.66,19.03,19.1,19.1,567700
17/01/2018,17.98,18.35,17.27,18.0,18.0,1195200
18/01/2018,17.86,18.0,17.3,17.59,17.59,3920700
19/01/2018,17.7,18.42,17.5,18.29,18.29,1810200
22/01/2018,18.3,18.69,18.0,18.26,18.26,1214600
23/01/2018,18.23,18.45,18.01,18.24,18.24,618800
24/01/2018,18.38,18.38,17.36,17.38,17.38,930800
25/01/2018,17.39,17.62,17.01,17.32,17.32,766500
26/01/2018,17.36,17.52,16.86,17.34,17.34,1191600
29/01/2018,17.26,17.54,16.96,17.39,17.39,660200
30/01/2018,17.25,17.42,16.99,17.04,17.04,552200
31/01/2018,17.19,17.58,16.95,17.53,17.53,1053600
01/02/2018,17.37,19.01,17.19,18.62,18.62,2255900
02/02/2018,18.6,19.52,18.56,19.19,19.19,1852900
05/02/2018,18.95,19.84,18.36,18.36,18.36,1287500
06/02/2018,17.95,19.25,17.73,18.7,18.7,1081900
07/02/2018,18.72,20.2,18.42,19.87,19.87,1296800
08/02/2018,20.1,20.31,18.78,18.78,18.78,818600
09/02/2018,19.22,19.41,18.1,18.35,18.35,1131400
12/02/2018,18.41,18.45,17.3,17.91,17.91,894600
13/02/2018,17.88,18.78,17.88,18.63,18.63,786400
14/02/2018,18.38,18.63,18.18,18.47,18.47,593800
15/02/2018,18.64,18.64,17.98,18.28,18.28,411400
16/02/2018,18.29,18.46,17.52,17.77,17.77,656000
20/02/2018,17.6,17.6,16.32,16.51,16.51,840400
21/02/2018,16.66,17.25,16.55,16.98,16.98,615000
22/02/2018,17.03,17.53,16.96,17.11,17.11,416300
23/02/2018,17.2,17.45,16.74,16.96,16.96,518900
26/02/2018,17.11,18.08,17.11,17.83,17.83,509400
27/02/2018,17.95,18.27,17.74,17.79,17.79,534200
28/02/2018,17.9,18.24,17.56,17.62,17.62,430300
01/03/2018,17.63,18.5,17.37,18.07,18.07,788000
02/03/2018,17.8,18.05,17.49,18.03,18.03,609300
05/03/2018,17.85,18.22,17.59,17.85,17.85,553000
06/03/2018,17.86,18.67,17.75,18.65,18.65,536300
07/03/2018,18.43,18.58,17.92,18.22,18.22,425600
08/03/2018,18.21,18.5,18.03,18.39,18.39,406600
09/03/2018,18.48,18.83,18.3,18.74,18.74,476300
12/03/2018,18.73,19.38,18.31,18.48,18.48,501600
13/03/2018,18.52,19.24,18.38,18.7,18.7,533900
14/03/2018,18.77,19.21,18.29,18.46,18.46,429400
15/03/2018,18.57,18.59,17.81,18.36,18.36,502000
16/03/2018,18.41,19.03,18.39,18.74,18.74,995500
19/03/2018,18.64,19.0,18.38,18.66,18.66,305700
20/03/2018,18.68,18.78,18.27,18.5,18.5,363200
21/03/2018,18.53,18.85,18.21,18.51,18.51,237700
22/03/2018,18.26,18.41,16.86,16.87,16.87,490300
23/03/2018,17.0,17.31,16.81,16.89,16.89,345900
26/03/2018,17.22,18.09,17.03,18.05,18.05,315100
27/03/2018,17.98,18.3,17.08,17.17,17.17,340900
28/03/2018,17.2,17.64,17.09,17.51,17.51,271500
29/03/2018,17.48,17.86,17.48,17.73,17.73,217400
02/04/2018,17.6,17.87,16.71,16.92,16.92,609600
03/04/2018,17.0,17.29,16.99,17.28,17.28,220500
04/04/2018,16.94,17.48,16.85,17.45,17.45,293000
05/04/2018,17.56,17.68,17.36,17.52,17.52,369400
06/04/2018,17.37,17.9,17.37,17.66,17.66,271800
09/04/2018,17.81,17.93,17.24,17.27,17.27,210200
10/04/2018,17.49,17.61,17.29,17.5,17.5,253200
11/04/2018,17.37,17.59,17.24,17.45,17.45,236200
12/04/2018,17.52,17.67,17.38,17.61,17.61,220000
13/04/2018,17.71,17.73,17.22,17.29,17.29,229800
16/04/2018,17.41,17.55,17.02,17.21,17.21,187400
17/04/2018,17.42,17.87,17.21,17.54,17.54,330100
18/04/2018,17.65,18.45,17.65,18.35,18.35,399600
19/04/2018,18.25,18.74,18.05,18.6,18.6,367600
20/04/2018,18.45,18.73,18.35,18.56,18.56,257800
23/04/2018,19.01,19.46,18.82,19.4,19.4,954500
24/04/2018,19.6,20.0,19.28,19.74,19.74,729700
25/04/2018,19.65,20.0,19.48,19.57,19.57,366600
26/04/2018,19.65,20.58,19.54,19.75,19.75,695100
27/04/2018,19.75,20.36,19.73,19.95,19.95,355400
30/04/2018,20.05,20.23,19.47,19.57,19.57,532700
01/05/2018,19.46,19.54,18.81,19.2,19.2,274400
02/05/2018,19.29,19.9,18.95,19.73,19.73,610400
03/05/2018,19.61,19.82,19.11,19.67,19.67,466400
04/05/2018,19.58,19.73,19.21,19.41,19.41,392500
07/05/2018,19.5,20.21,19.47,20.12,20.12,345200
08/05/2018,20.05,20.78,20.05,20.24,20.24,386900
09/05/2018,20.26,20.85,20.21,20.82,20.82,427000
10/05/2018,20.83,20.97,20.48,20.53,20.53,322700
11/05/2018,20.61,20.87,20.51,20.82,20.82,606900
14/05/2018,20.99,22.17,20.91,21.5,21.5,1161900
15/05/2018,21.51,21.99,21.41,21.96,21.96,1627900
16/05/2018,25.64,26.25,24.28,24.52,24.52,7446900
17/05/2018,24.69,25.38,23.89,24.49,24.49,1541500
18/05/2018,23.07,23.74,23.05,23.4,23.4,4761100
21/05/2018,23.57,23.83,23.54,23.83,23.83,1409100
22/05/2018,23.87,24.1,23.34,23.38,23.38,930700
23/05/2018,23.24,23.75,23.15,23.53,23.53,705000
24/05/2018,23.43,24.32,23.43,23.92,23.92,643000
25/05/2018,23.83,24.2,23.67,24.03,24.03,540800
29/05/2018,23.91,24.38,23.69,24.14,24.14,907100
30/05/2018,24.18,25.0,24.06,24.51,24.51,1038000
31/05/2018,24.55,24.55,23.52,23.68,23.68,1219300
01/06/2018,23.89,24.92,23.8,24.66,24.66,1169600
04/06/2018,24.83,25.0,24.4,24.52,24.52,754000
05/06/2018,24.41,24.89,24.34,24.42,24.42,501500
06/06/2018,24.5,24.84,23.05,23.65,23.65,810400
07/06/2018,23.78,23.96,23.34,23.57,23.57,336900
08/06/2018,23.47,23.6,23.32,23.49,23.49,385700
11/06/2018,23.49,23.6,22.55,23.26,23.26,592600
12/06/2018,23.5,23.84,22.86,23.0,23.0,603600
13/06/2018,22.98,23.31,22.57,22.75,22.75,1448900
14/06/2018,22.76,23.11,22.32,22.75,22.75,477500
15/06/2018,22.59,22.95,22.26,22.64,22.64,963800
18/06/2018,22.43,23.1,22.27,22.96,22.96,541900
19/06/2018,22.78,22.88,21.94,22.67,22.67,655600
20/06/2018,22.83,22.85,22.12,22.49,22.49,425000
21/06/2018,22.45,22.95,22.16,22.49,22.49,506500
22/06/2018,22.58,22.8,22.07,22.39,22.39,1054000
25/06/2018,22.32,22.32,21.58,21.78,21.78,428000
26/06/2018,21.85,22.42,21.58,22.33,22.33,557600
27/06/2018,22.36,22.69,21.66,21.67,21.67,509400
28/06/2018,21.65,21.84,21.3,21.52,21.52,342900
29/06/2018,21.77,21.77,20.49,20.75,20.75,557600
02/07/2018,20.59,21.38,20.27,21.32,21.32,439000
03/07/2018,21.5,22.01,21.35,21.65,21.65,243300
05/07/2018,21.82,22.14,21.39,22.1,22.1,576900
06/07/2018,22.23,23.79,22.23,23.32,23.32,967200
09/07/2018,23.36,23.97,23.11,23.46,23.46,749200
10/07/2018,23.34,23.44,22.84,23.07,23.07,328600
11/07/2018,22.94,22.94,22.43,22.73,22.73,552800
12/07/2018,22.75,23.26,22.05,22.8,22.8,591300
13/07/2018,22.78,23.13,22.6,22.95,22.95,476600
16/07/2018,23.04,23.39,22.79,23.11,23.11,348400
17/07/2018,23.11,23.8,23.11,23.74,23.74,614000
18/07/2018,23.86,24.33,23.73,24.19,24.19,823600
19/07/2018,24.13,24.97,23.95,24.64,24.64,379700
20/07/2018,24.52,24.62,24.23,24.39,24.39,265400
23/07/2018,24.43,25.22,24.42,24.96,24.96,742600
24/07/2018,24.97,25.0,23.8,24.2,24.2,587300
25/07/2018,24.1,24.93,24.07,24.82,24.82,541300
26/07/2018,24.88,25.45,24.75,25.03,25.03,539400
27/07/2018,25.0,25.26,23.9,23.98,23.98,433100
30/07/2018,24.04,24.14,23.18,23.35,23.35,353800
31/07/2018,23.4,23.58,23.15,23.39,23.39,321400
01/08/2018,23.26,23.84,23.08,23.45,23.45,1142000
02/08/2018,23.26,23.57,22.93,23.48,23.48,375900
03/08/2018,23.4,23.67,22.94,23.08,23.08,526700
06/08/2018,23.04,23.64,22.9,23.57,23.57,429900
07/08/2018,23.68,24.14,23.13,23.23,23.23,536400
08/08/2018,26.0,27.04,25.5,26.65,26.65,2606800
09/08/2018,26.75,27.76,26.0,26.17,26.17,1022400
10/08/2018,26.09,27.15,26.0,26.53,26.53,587700
13/08/2018,26.7,27.32,26.64,26.88,26.88,632400
14/08/2018,26.94,28.3,26.85,28.18,28.18,1296300
15/08/2018,28.0,28.0,26.03,26.55,26.55,735100
16/08/2018,26.75,27.38,26.34,26.55,26.55,1115000
17/08/2018,26.5,27.35,26.34,27.09,27.09,534500
20/08/2018,27.32,27.62,27.0,27.59,27.59,434900
21/08/2018,27.65,27.95,27.11,27.69,27.69,392700
22/08/2018,27.78,28.23,27.17,27.24,27.24,496500
23/08/2018,27.16,27.16,26.36,26.72,26.72,447200
24/08/2018,26.61,26.74,25.66,26.68,26.68,513200
27/08/2018,26.67,28.09,26.67,27.58,27.58,1046900
28/08/2018,27.78,28.8,27.67,28.7,28.7,882800
29/08/2018,28.75,29.23,28.31,29.1,29.1,616500
30/08/2018,29.07,30.26,29.07,29.35,29.35,861800
31/08/2018,29.24,29.96,29.17,29.93,29.93,480500
04/09/2018,29.88,30.0,28.75,29.94,29.94,827200
05/09/2018,29.8,30.6,29.29,30.05,30.05,624200
06/09/2018,30.1,30.86,29.72,29.73,29.73,591500
07/09/2018,29.73,31.23,29.68,30.4,30.4,545900
10/09/2018,30.48,31.27,30.28,30.75,30.75,501900
11/09/2018,30.76,31.41,30.26,31.0,31.0,595600
12/09/2018,31.08,31.48,30.47,31.39,31.39,473400
13/09/2018,31.53,31.61,29.92,30.13,30.13,669800
14/09/2018,30.13,30.25,29.19,29.68,29.68,706500
17/09/2018,30.27,30.85,29.34,29.51,29.51,887700
18/09/2018,29.5,29.87,29.29,29.55,29.55,570200
19/09/2018,29.51,29.66,28.64,28.87,28.87,525500
20/09/2018,28.98,29.24,28.09,28.21,28.21,485800
21/09/2018,28.42,28.64,27.64,27.71,27.71,1537900
24/09/2018,27.9,28.72,27.77,28.52,28.52,606900
25/09/2018,28.73,29.02,27.93,28.75,28.75,741400
26/09/2018,28.78,29.31,28.53,28.65,28.65,631400
27/09/2018,28.75,29.07,27.84,28.05,28.05,514600
28/09/2018,27.94,28.85,27.8,28.41,28.41,500100
01/10/2018,28.25,29.67,28.0,29.47,29.47,740900
02/10/2018,29.54,29.93,29.11,29.22,29.22,925500
03/10/2018,29.43,29.59,28.25,29.2,29.2,647700
04/10/2018,29.03,29.16,25.85,26.59,26.59,1042800
05/10/2018,26.62,26.89,24.86,25.71,25.71,708700
08/10/2018,25.7,26.08,25.23,25.97,25.97,486000
09/10/2018,26.7,27.03,25.72,26.21,26.21,569400
10/10/2018,25.93,26.3,24.88,24.91,24.91,512300
11/10/2018,25.0,26.68,24.89,25.76,25.76,633800
12/10/2018,26.31,27.24,25.96,27.13,27.13,714200
15/10/2018,27.11,27.8,26.88,27.53,27.53,641000
16/10/2018,27.66,28.7,26.95,28.59,28.59,839200
17/10/2018,29.26,29.26,27.74,28.47,28.47,1145600
18/10/2018,28.12,28.7,27.69,27.79,27.79,693000
19/10/2018,27.97,28.39,27.76,27.92,27.92,630900
22/10/2018,28.0,28.55,27.24,28.43,28.43,1049500
23/10/2018,28.08,28.18,26.23,27.9,27.9,871500
24/10/2018,27.89,28.38,26.85,26.9,26.9,932000
25/10/2018,27.04,28.45,26.36,28.16,28.16,1227400
26/10/2018,28.09,28.09,23.44,25.29,25.29,2434200
29/10/2018,25.4,26.02,23.1,23.39,23.39,1377100
30/10/2018,23.42,24.41,23.1,24.22,24.22,1390200
31/10/2018,24.57,25.31,24.37,24.68,24.68,836600
01/11/2018,24.66,25.53,24.37,25.37,25.37,663500
02/11/2018,25.5,26.1,24.92,25.65,25.65,457600
05/11/2018,25.66,25.91,25.2,25.83,25.83,383000
06/11/2018,25.83,26.0,24.89,25.14,25.14,385000
07/11/2018,25.25,25.54,24.68,25.48,25.48,388800
08/11/2018,25.55,26.6,25.55,25.99,25.99,719100
09/11/2018,25.85,26.26,24.68,25.17,25.17,350000
12/11/2018,25.18,25.77,24.37,25.15,25.15,606900
13/11/2018,25.36,26.11,24.79,24.9,24.9,902400
14/11/2018,25.12,25.8,22.32,22.57,22.57,1352100
15/11/2018,22.5,22.69,21.71,22.11,22.11,1190200
16/11/2018,21.89,22.1,21.11,21.15,21.15,876400
19/11/2018,21.51,21.92,20.08,20.71,20.71,1457400
20/11/2018,19.81,20.46,19.1,19.18,19.18,1180600
21/11/2018,19.48,20.83,19.29,20.71,20.71,909600
23/11/2018,20.25,20.81,20.18,20.54,20.54,257900
26/11/2018,20.79,21.68,20.79,21.54,21.54,932000
27/11/2018,21.2,21.3,20.81,21.01,21.01,515300
28/11/2018,21.11,22.04,20.83,22.02,22.02,593800
29/11/2018,22.0,22.59,21.72,22.24,22.24,864200
30/11/2018,22.16,22.65,21.66,22.64,22.64,795000
03/12/2018,23.38,24.46,23.11,24.21,24.21,1205800
04/12/2018,24.12,24.12,22.24,22.59,22.59,1178500
06/12/2018,22.01,22.48,21.47,22.0,22.0,946700
07/12/2018,22.17,22.68,19.88,20.25,20.25,1192000
10/12/2018,20.25,20.67,19.14,19.14,19.14,1102000
11/12/2018,19.63,19.96,18.63,18.87,18.87,1261900
12/12/2018,18.95,19.18,18.14,18.25,18.25,1511900
13/12/2018,18.34,18.42,16.41,16.57,16.57,2208400
14/12/2018,16.39,17.36,16.39,16.87,16.87,1305100
17/12/2018,16.57,16.76,15.69,15.91,15.91,1529000
18/12/2018,16.16,17.22,16.12,16.69,16.69,1041300
19/12/2018,16.68,17.12,16.27,16.42,16.42,1263100
20/12/2018,16.29,16.8,15.72,16.32,16.32,911100
21/12/2018,16.46,16.61,15.65,15.72,15.72,1346300
24/12/2018,15.51,15.86,15.01,15.51,15.51,485700
26/12/2018,15.73,16.92,15.44,16.88,16.88,570000
27/12/2018,16.6,16.78,15.96,16.78,16.78,456700
28/12/2018,16.78,17.72,16.7,17.15,17.15,650600
31/12/2018,17.2,17.4,16.68,17.03,17.03,675600
02/01/2019,16.34,17.72,16.24,17.57,17.57,1245400
03/01/2019,17.37,17.82,16.59,17.43,17.43,751900
04/01/2019,17.65,18.62,17.56,18.24,18.24,1231200
07/01/2019,19.02,19.88,18.82,19.39,19.39,1437600
08/01/2019,19.49,19.9,19.13,19.88,19.88,865600
09/01/2019,19.88,20.04,19.52,19.77,19.77,570700
10/01/2019,19.08,19.46,18.43,19.44,19.44,921400
11/01/2019,19.31,19.8,19.05,19.39,19.39,1472900
14/01/2019,21.32,22.41,21.13,22.0,22.0,3950500
15/01/2019,22.04,22.13,20.26,22.05,22.05,1489500
16/01/2019,21.94,22.23,21.42,21.7,21.7,783700
17/01/2019,21.57,22.14,20.94,22.05,22.05,727000
18/01/2019,21.74,23.06,21.25,22.85,22.85,1527700
22/01/2019,22.65,22.68,21.52,21.87,21.87,916400
23/01/2019,22.21,22.41,21.34,21.66,21.66,1041800
24/01/2019,21.67,21.85,21.29,21.8,21.8,417700
25/01/2019,22.12,23.0,22.06,22.62,22.62,631300
28/01/2019,22.26,23.18,22.03,22.98,22.98,738400
29/01/2019,23.0,23.16,22.43,23.04,23.04,628100
30/01/2019,23.27,23.57,22.71,23.34,23.34,657300
31/01/2019,23.25,23.82,23.14,23.43,23.43,989200
01/02/2019,23.52,23.52,22.82,23.21,23.21,917600
04/02/2019,23.2,23.32,22.74,23.32,23.32,1692800
05/02/2019,23.41,23.74,22.74,23.47,23.47,1120800
06/02/2019,23.76,25.74,23.67,25.49,25.49,2939800
07/02/2019,25.34,25.36,24.74,25.1,25.1,881100
08/02/2019,25.0,25.35,24.69,25.05,25.05,942700
11/02/2019,25.25,26.09,24.95,26.0,26.0,859100
12/02/2019,26.29,26.83,26.11,26.78,26.78,820400
13/02/2019,26.98,27.4,26.4,27.23,27.23,905700
14/02/2019,27.13,27.29,26.52,26.96,26.96,470400
15/02/2019,27.1,27.89,27.0,27.78,27.78,568300
19/02/2019,27.62,28.59,27.39,28.46,28.46,977200
20/02/2019,28.47,28.8,28.03,28.35,28.35,624500
21/02/2019,28.25,28.32,27.4,27.63,27.63,650200
22/02/2019,27.77,28.98,27.77,28.84,28.84,656400
25/02/2019,29.0,29.55,28.76,29.21,29.21,497000
26/02/2019,29.18,29.5,28.73,28.84,28.84,597500
27/02/2019,28.86,29.49,28.65,28.86,28.86,597300
28/02/2019,28.67,28.82,28.09,28.5,28.5,496800
01/03/2019,29.21,29.78,28.26,28.37,28.37,889800
04/03/2019,28.57,28.73,27.85,28.42,28.42,458300
05/03/2019,28.53,28.86,28.2,28.5,28.5,424800
06/03/2019,28.63,28.99,27.22,27.57,27.57,920500
07/03/2019,27.29,27.91,26.84,27.7,27.7,645100
08/03/2019,27.23,27.92,26.87,27.69,27.69,401100
11/03/2019,27.74,28.94,27.74,28.43,28.43,622700
12/03/2019,28.78,28.98,28.09,28.2,28.2,677100
13/03/2019,28.21,28.69,27.77,28.11,28.11,1254600
14/03/2019,27.9,27.97,26.99,27.12,27.12,589600
15/03/2019,27.33,27.76,26.87,27.5,27.5,1075700
18/03/2019,27.43,28.29,27.43,27.96,27.96,399200
19/03/2019,27.96,27.96,27.04,27.21,27.21,439600
20/03/2019,27.21,27.39,26.23,26.85,26.85,527100
21/03/2019,26.79,27.64,26.63,27.3,27.3,379400
22/03/2019,27.05,27.45,26.41,27.07,27.07,437400
25/03/2019,27.1,28.13,26.91,28.03,28.03,456700
26/03/2019,28.22,28.85,28.14,28.39,28.39,493700
27/03/2019,28.42,29.17,27.62,28.87,28.87,510100
28/03/2019,29.12,29.68,28.63,29.32,29.32,300500
29/03/2019,29.53,29.73,29.11,29.44,29.44,492200
01/04/2019,29.6,30.74,29.53,30.19,30.19,663900
02/04/2019,30.22,30.32,29.23,29.5,29.5,591000
03/04/2019,29.75,29.83,29.31,29.4,29.4,438500
04/04/2019,29.4,29.66,28.87,29.6,29.6,623300
05/04/2019,31.5,32.21,30.89,30.91,30.91,3528800
08/04/2019,30.91,31.34,30.83,30.89,30.89,1255800
09/04/2019,30.77,31.46,29.9,30.12,30.12,1183400
10/04/2019,30.13,30.58,29.91,30.34,30.34,6900400
11/04/2019,30.29,30.44,29.0,29.39,29.39,1215500
12/04/2019,29.6,30.57,29.46,30.39,30.39,829900
15/04/2019,30.39,31.68,30.17,31.23,31.23,755400
16/04/2019,31.22,32.16,31.22,31.66,31.66,656000
17/04/2019,31.83,32.09,30.15,30.38,30.38,1355600
18/04/2019,30.24,30.62,29.72,29.83,29.83,850900
22/04/2019,29.82,30.15,28.48,28.86,28.86,827500
23/04/2019,28.98,29.51,28.97,29.38,29.38,533200
24/04/2019,29.48,29.86,28.91,28.99,28.99,577100
25/04/2019,28.98,29.51,28.61,29.33,29.33,568000
26/04/2019,29.16,29.67,28.77,29.58,29.58,380600
29/04/2019,29.58,29.77,28.78,28.8,28.8,481100
30/04/2019,28.57,28.85,27.92,28.79,28.79,606700
01/05/2019,28.99,29.67,28.86,29.11,29.11,539600
02/05/2019,29.11,29.88,29.11,29.86,29.86,290600
03/05/2019,30.12,30.94,29.9,30.94,30.94,443100
06/05/2019,30.24,30.64,30.09,30.35,30.35,478000
07/05/2019,30.15,30.31,29.3,29.65,29.65,617000
08/05/2019,29.62,29.98,29.01,29.29,29.29,733800
09/05/2019,28.9,29.49,28.2,29.06,29.06,610700
10/05/2019,29.38,29.61,28.27,29.34,29.34,659500
13/05/2019,28.2,28.23,25.13,26.23,26.23,1491400
14/05/2019,26.64,27.13,25.91,27.01,27.01,949400
15/05/2019,26.75,27.51,26.25,27.16,27.16,595700
16/05/2019,27.35,27.97,27.28,27.38,27.38,1126500
17/05/2019,27.3,29.87,26.24,26.34,26.34,2865200
20/05/2019,25.94,28.91,25.71,28.63,28.63,2076600
21/05/2019,29.14,29.68,27.56,29.5,29.5,1132200
22/05/2019,29.06,30.29,29.06,30.07,30.07,716400
23/05/2019,29.79,31.0,29.74,29.99,29.99,1192500
24/05/2019,30.19,30.63,29.44,30.1,30.1,792900
28/05/2019,30.33,30.63,29.06,29.26,29.26,806700
29/05/2019,28.9,28.9,27.58,27.81,27.81,943100
30/05/2019,27.97,29.08,27.85,28.58,28.58,694500
31/05/2019,27.1,27.46,25.25,26.13,26.13,1593600
03/06/2019,25.99,27.11,25.78,26.82,26.82,749000
04/06/2019,27.26,27.69,26.51,27.49,27.49,678100
05/06/2019,27.75,28.51,26.88,27.41,27.41,958000
06/06/2019,27.2,28.48,26.74,28.26,28.26,783700
07/06/2019,28.36,29.48,28.36,28.92,28.92,986400
10/06/2019,29.11,30.42,29.11,30.35,30.35,739500
11/06/2019,30.56,31.23,30.31,30.56,30.56,773800
12/06/2019,30.55,31.24,30.06,31.07,31.07,648300
13/06/2019,31.32,32.05,31.15,31.99,31.99,845500
14/06/2019,31.92,33.56,31.79,33.3,33.3,937900
17/06/2019,33.47,34.61,33.47,33.89,33.89,1409500
18/06/2019,34.19,34.62,33.3,33.81,33.81,1223600
19/06/2019,34.49,34.49,32.08,32.57,32.57,1140200
20/06/2019,32.82,33.96,32.82,33.8,33.8,719700
21/06/2019,33.65,34.64,33.51,34.53,34.53,853200
24/06/2019,35.2,36.54,34.96,35.08,35.08,1182100
25/06/2019,35.16,35.24,33.9,34.23,34.23,775000
26/06/2019,34.26,34.88,33.42,33.75,33.75,799000
27/06/2019,33.93,35.03,33.74,34.86,34.86,651800
28/06/2019,34.84,35.89,34.84,35.64,35.64,883100
01/07/2019,36.28,37.15,35.05,35.86,35.86,695900
02/07/2019,35.75,35.84,33.92,34.42,34.42,758100
03/07/2019,34.48,34.73,34.05,34.52,34.52,226200
05/07/2019,34.3,35.15,34.02,34.99,34.99,591300
08/07/2019,33.6,35.05,33.19,34.97,34.97,620800
09/07/2019,34.79,35.65,34.58,34.83,34.83,656000
10/07/2019,35.03,35.43,34.73,35.25,35.25,532500
11/07/2019,35.3,35.57,34.87,35.1,35.1,622200
12/07/2019,34.86,35.53,34.33,35.44,35.44,448500
15/07/2019,34.05,34.83,32.35,33.13,33.13,1158100
16/07/2019,33.24,33.58,32.3,32.75,32.75,786400
17/07/2019,33.09,33.44,31.84,32.04,32.04,722400
18/07/2019,32.14,33.29,31.96,32.85,32.85,529500
19/07/2019,33.04,34.04,32.69,33.02,33.02,592800
22/07/2019,33.14,33.46,32.43,32.77,32.77,796900
23/07/2019,33.02,33.06,31.94,32.63,32.63,443400
24/07/2019,32.6,33.33,32.38,33.1,33.1,392500
25/07/2019,33.02,33.5,32.65,32.9,32.9,374400
26/07/2019,32.94,33.11,32.28,32.82,32.82,508800
29/07/2019,32.96,33.38,32.3,32.82,32.82,611900
30/07/2019,32.52,32.65,32.11,32.25,32.25,569600
31/07/2019,32.09,32.34,30.76,31.29,31.29,900200
01/08/2019,38.72,39.59,32.5,32.76,32.76,3176100
02/08/2019,32.37,32.52,29.91,30.27,30.27,2008000
05/08/2019,29.48,30.59,28.64,30.44,30.44,969700
06/08/2019,30.73,31.23,30.0,31.12,31.12,798700
07/08/2019,30.61,31.25,30.38,30.92,30.92,839700
08/08/2019,31.09,32.21,31.09,31.95,31.95,681400
09/08/2019,31.71,31.93,30.61,30.85,30.85,828300
12/08/2019,30.56,30.71,29.53,29.73,29.73,682900
13/08/2019,29.51,32.28,29.26,31.26,31.26,610200
14/08/2019,30.26,30.42,29.17,29.19,29.19,794200
15/08/2019,29.38,29.46,28.63,29.21,29.21,555000
16/08/2019,29.55,30.36,29.25,29.99,29.99,718100
19/08/2019,30.59,30.66,29.55,30.07,30.07,518700
20/08/2019,29.95,30.84,29.56,30.49,30.49,730600
21/08/2019,30.94,31.09,30.13,31.06,31.06,435800
22/08/2019,31.2,32.24,31.12,31.79,31.79,500000
23/08/2019,31.1,31.68,30.77,31.16,31.16,693600
26/08/2019,31.61,33.05,31.33,33.01,33.01,610700
27/08/2019,33.38,33.74,32.67,33.16,33.16,706400
28/08/2019,33.03,34.04,32.42,33.73,33.73,359500
29/08/2019,34.18,35.5,34.18,35.28,35.28,884900
30/08/2019,35.27,35.66,33.92,34.25,34.25,571900
03/09/2019,33.9,33.9,31.59,31.79,31.79,764300
04/09/2019,32.06,32.23,30.13,30.6,30.6,1213500
05/09/2019,31.2,33.07,30.6,32.5,32.5,1188300
06/09/2019,32.64,33.75,31.7,32.04,32.04,1196300
09/09/2019,32.12,34.43,31.92,34.36,34.36,816700
10/09/2019,34.36,35.95,34.34,35.23,35.23,990100
11/09/2019,35.33,35.77,34.22,35.54,35.54,584400
12/09/2019,35.79,35.85,34.04,35.25,35.25,657300
13/09/2019,36.0,36.66,35.4,36.17,36.17,867500
16/09/2019,35.81,37.62,35.76,36.74,36.74,781000
17/09/2019,36.74,37.06,35.67,36.4,36.4,679700
18/09/2019,36.36,36.64,35.18,36.52,36.52,780700
19/09/2019,36.83,37.36,36.42,36.84,36.84,554800
20/09/2019,36.82,37.45,35.56,36.07,36.07,859500
23/09/2019,35.96,37.31,35.92,36.84,36.84,468800
24/09/2019,37.06,37.39,34.83,34.94,34.94,489500
25/09/2019,35.15,35.84,34.37,35.53,35.53,556600
26/09/2019,35.1,36.2,34.81,36.14,36.14,685200
27/09/2019,36.22,36.37,34.34,34.74,34.74,492600
30/09/2019,34.95,35.32,34.26,34.9,34.9,437100
01/10/2019,35.0,35.73,32.85,33.4,33.4,752400
02/10/2019,33.17,34.12,32.37,33.77,33.77,626700
03/10/2019,33.7,34.53,32.74,34.34,34.34,489700
04/10/2019,34.75,35.47,34.44,35.09,35.09,414300
07/10/2019,34.84,34.99,34.19,34.46,34.46,491800
08/10/2019,34.02,34.07,31.73,32.78,32.78,748600
09/10/2019,33.78,34.96,33.25,34.04,34.04,565400
10/10/2019,34.04,34.93,33.09,33.92,33.92,544200
11/10/2019,34.5,36.25,34.5,35.21,35.21,671400
14/10/2019,35.0,36.63,34.37,35.97,35.97,628400
15/10/2019,36.39,37.51,36.19,36.83,36.83,676600
16/10/2019,36.63,36.86,35.54,36.71,36.71,419500
17/10/2019,36.79,37.52,36.76,37.11,37.11,496600
18/10/2019,36.5,37.1,36.32,36.85,36.85,428600
21/10/2019,37.23,38.34,37.14,37.3,37.3,837900
22/10/2019,37.32,38.02,36.64,37.92,37.92,638300
23/10/2019,37.79,37.92,36.14,37.27,37.27,1020300
24/10/2019,37.3,37.51,36.16,37.0,37.0,629500
25/10/2019,36.83,37.84,36.71,37.62,37.62,680200
28/10/2019,38.12,38.78,37.41,37.77,37.77,982400
29/10/2019,37.7,38.24,36.77,36.94,36.94,701200
30/10/2019,36.99,37.55,36.5,37.33,37.33,1299800
31/10/2019,39.0,39.0,33.74,35.05,35.05,2470200
01/11/2019,35.37,37.99,34.87,37.54,37.54,1365200
04/11/2019,37.75,38.65,37.43,38.26,38.26,1039400
05/11/2019,38.2,39.3,38.19,39.11,39.11,658500
06/11/2019,39.31,39.51,36.97,37.85,37.85,843700
07/11/2019,38.14,39.45,38.1,38.28,38.28,489500
08/11/2019,38.07,39.95,37.7,39.95,39.95,612100
11/11/2019,39.67,41.4,39.34,41.33,41.33,890100
12/11/2019,41.28,42.61,40.82,42.42,42.42,949800
13/11/2019,42.07,42.7,41.16,42.4,42.4,693100
14/11/2019,42.2,43.24,41.72,42.34,42.34,645700
15/11/2019,42.6,42.82,41.52,41.68,41.68,833400
18/11/2019,41.94,44.05,40.63,43.78,43.78,968900
19/11/2019,43.34,43.7,41.09,41.82,41.82,691200
20/11/2019,41.37,42.16,39.79,40.74,40.74,690400
21/11/2019,40.89,40.99,39.63,39.89,39.89,553800
22/11/2019,40.13,40.34,39.22,39.48,39.48,494800
25/11/2019,39.71,40.55,39.01,40.23,40.23,438100
26/11/2019,40.3,41.58,40.15,40.97,40.97,549400
27/11/2019,41.13,41.41,40.18,40.49,40.49,275800
29/11/2019,40.38,40.38,39.58,39.82,39.82,217200
02/12/2019,39.73,40.21,38.21,40.04,40.04,827000
03/12/2019,40.02,40.13,37.9,39.33,39.33,623700
04/12/2019,39.4,40.7,39.14,40.46,40.46,482600
05/12/2019,40.66,41.16,40.27,41.15,41.15,610800
06/12/2019,41.78,43.05,41.78,42.04,42.04,866000
09/12/2019,41.72,42.17,41.28,41.72,41.72,472800
10/12/2019,41.42,41.66,40.8,41.61,41.61,519100
11/12/2019,41.41,42.4,40.87,41.76,41.76,345100
12/12/2019,41.94,43.13,41.56,43.09,43.09,641100
13/12/2019,42.76,43.15,42.13,43.01,43.01,440400
16/12/2019,43.5,43.5,41.44,41.47,41.47,758800
17/12/2019,41.41,42.8,40.92,42.34,42.34,506300
18/12/2019,42.53,44.42,42.42,44.03,44.03,718200
19/12/2019,43.93,44.2,42.6,43.06,43.06,603200
20/12/2019,43.22,43.75,42.35,43.48,43.48,778000
23/12/2019,43.72,44.45,42.89,44.06,44.06,377400
24/12/2019,44.13,44.55,43.89,44.53,44.53,167600
26/12/2019,44.53,44.71,43.25,44.4,44.4,760200
27/12/2019,44.56,44.77,42.65,43.27,43.27,514200
30/12/2019,43.37,45.15,42.73,44.7,44.7,560800
31/12/2019,44.65,45.1,44.37,44.53,44.53,551300
02/01/2020,44.94,45.6,44.24,45.19,45.19,619400
03/01/2020,44.52,45.75,44.5,45.35,45.35,544800
06/01/2020,45.37,47.41,45.05,47.11,47.11,1026700
07/01/2020,47.02,48.11,46.54,47.28,47.28,627200
08/01/2020,47.69,48.05,46.79,47.05,47.05,479500
09/01/2020,47.27,47.62,46.55,47.14,47.14,860500
10/01/2020,47.1,47.21,45.52,45.82,45.82,1304400
13/01/2020,43.83,45.89,42.05,45.82,45.82,1890000
14/01/2020,46.27,46.94,44.31,44.79,44.79,927500
15/01/2020,44.76,44.99,43.22,44.27,44.27,815200
16/01/2020,44.53,44.74,43.69,44.24,44.24,695200
17/01/2020,44.44,44.45,42.86,43.65,43.65,986700
21/01/2020,43.17,44.2,43.05,43.65,43.65,667100
22/01/2020,43.69,44.12,43.27,43.93,43.93,595000
23/01/2020,43.81,44.8,43.39,43.87,43.87,679100
24/01/2020,43.85,43.9,42.2,42.38,42.38,1154900
27/01/2020,41.38,42.34,40.48,41.88,41.88,746500
28/01/2020,42.12,43.54,41.54,42.85,42.85,643000
29/01/2020,43.09,43.7,42.49,43.24,43.24,947000
30/01/2020,42.87,44.17,42.76,43.6,43.6,591400
31/01/2020,43.52,43.58,41.67,41.97,41.97,834400
03/02/2020,42.22,42.85,41.75,41.95,41.95,661000
04/02/2020,42.77,43.15,41.42,42.26,42.26,1611900
05/02/2020,37.33,39.48,35.18,38.1,38.1,4514200
06/02/2020,38.16,38.37,35.98,36.46,36.46,2018100
07/02/2020,36.34,36.87,35.51,35.72,35.72,1168100
10/02/2020,35.5,35.72,33.05,33.1,33.1,1695000
11/02/2020,33.1,33.7,32.51,33.06,33.06,909000
12/02/2020,33.3,34.72,33.07,34.48,34.48,1464900
13/02/2020,34.13,34.55,33.25,33.6,33.6,1121600
14/02/2020,33.67,34.0,33.07,33.22,33.22,1008900
18/02/2020,33.12,33.44,32.63,32.82,32.82,552500
19/02/2020,32.88,33.56,32.56,33.24,33.24,940300
20/02/2020,33.21,34.14,33.07,33.63,33.63,1078100
21/02/2020,33.67,33.88,32.37,32.54,32.54,672400
24/02/2020,31.54,31.62,29.99,30.45,30.45,1097400
25/02/2020,30.54,30.89,29.25,29.75,29.75,1209100
26/02/2020,29.92,31.36,29.9,31.06,31.06,1473100
27/02/2020,30.35,31.37,29.65,30.43,30.43,1255900
28/02/2020,29.57,31.0,29.32,30.67,30.67,1231300
02/03/2020,30.71,30.75,29.13,29.85,29.85,1025500
03/03/2020,29.89,30.28,28.0,28.29,28.29,1206900
04/03/2020,28.57,28.83,27.92,28.75,28.75,767000
05/03/2020,28.18,28.63,26.54,26.94,26.94,994500
06/03/2020,26.07,27.2,25.95,27.07,27.07,1010800
09/03/2020,23.22,23.61,18.5,19.23,19.23,3135300
10/03/2020,19.85,20.81,18.32,20.45,20.45,1989600
11/03/2020,20.0,20.32,18.59,19.01,19.01,1711600
12/03/2020,17.56,19.38,17.13,19.0,19.0,1846200
13/03/2020,19.76,20.33,18.58,20.19,20.19,1477500
16/03/2020,17.57,18.39,16.02,16.11,16.11,1157000
17/03/2020,16.2,17.1,14.67,15.16,15.16,1595100
18/03/2020,14.26,14.4,8.03,10.46,10.46,1995100
19/03/2020,10.39,13.13,9.44,12.36,12.36,1861200
20/03/2020,12.76,13.87,12.21,12.53,12.53,1349000
23/03/2020,12.1,12.46,11.16,11.93,11.93,815000
24/03/2020,12.43,13.9,12.42,13.04,13.04,974800
25/03/2020,13.43,14.07,12.7,13.2,13.2,1728000
26/03/2020,13.26,14.31,12.37,13.98,13.98,1329900
27/03/2020,13.37,13.95,12.73,13.37,13.37,762600
30/03/2020,13.5,13.64,11.76,12.5,12.5,983800
31/03/2020,12.46,13.2,12.12,12.93,12.93,1052300
01/04/2020,12.17,12.36,11.4,11.51,11.51,797300
02/04/2020,11.41,12.03,10.57,10.79,10.79,869500
03/04/2020,10.89,11.03,10.13,10.71,10.71,638200
06/04/2020,11.36,12.2,11.02,11.7,11.7,1059700
07/04/2020,12.4,13.96,12.0,13.64,13.64,2106000
08/04/2020,14.0,16.26,13.97,15.8,15.8,2074900
09/04/2020,16.39,16.82,15.65,15.98,15.98,1154700
13/04/2020,15.97,16.25,14.82,15.39,15.39,702700
14/04/2020,15.83,17.15,15.63,16.53,16.53,1376100
15/04/2020,14.88,15.64,14.03,14.88,14.88,1119500
16/04/2020,14.99,15.23,13.61,13.77,13.77,596900
17/04/2020,14.58,15.62,14.57,15.5,15.5,946500
20/04/2020,14.82,15.16,13.81,14.17,14.17,1030800
21/04/2020,13.66,14.67,13.25,13.97,13.97,1339500
22/04/2020,14.4,14.4,13.75,13.9,13.9,861000
23/04/2020,14.07,14.85,13.66,14.24,14.24,847000
24/04/2020,14.43,15.55,14.28,15.25,15.25,755500
27/04/2020,15.54,16.43,15.0,16.25,16.25,926200
28/04/2020,17.15,17.72,16.53,17.09,17.09,917800
29/04/2020,17.89,19.04,17.6,18.53,18.53,1049700
30/04/2020,18.31,19.09,17.85,18.46,18.46,985900
01/05/2020,17.68,18.38,17.48,18.04,18.04,1429000
04/05/2020,17.37,18.34,17.08,18.0,18.0,996800
05/05/2020,18.38,19.01,17.71,18.0,18.0,1252700
06/05/2020,18.15,18.51,17.85,18.23,18.23,796800
07/05/2020,18.65,19.1,17.9,18.21,18.21,1203200
08/05/2020,18.67,20.03,18.6,19.73,19.73,1192100
11/05/2020,19.36,20.15,18.86,19.57,19.57,689300
12/05/2020,19.45,20.79,19.45,19.76,19.76,938800
13/05/2020,19.32,19.32,17.98,18.17,18.17,1048600
14/05/2020,17.63,19.12,17.49,18.43,18.43,849600
15/05/2020,18.36,19.45,17.87,19.12,19.12,566500
18/05/2020,20.46,22.89,20.12,22.43,22.43,1441300
19/05/2020,22.3,22.95,21.14,21.96,21.96,1205300
20/05/2020,22.37,23.25,21.95,22.43,22.43,1506900
21/05/2020,22.17,22.98,20.01,21.46,21.46,2913800
22/05/2020,21.3,21.58,19.83,20.94,20.94,1233800
26/05/2020,22.57,22.7,21.26,21.86,21.86,1310300
27/05/2020,22.46,25.32,21.88,25.2,25.2,1245300
28/05/2020,25.68,25.68,23.05,23.35,23.35,1585200
29/05/2020,22.99,23.53,21.33,21.48,21.48,1088300
01/06/2020,21.66,22.76,20.9,22.21,22.21,1466200
02/06/2020,22.66,24.95,22.43,24.82,24.82,1667800
03/06/2020,25.5,27.09,25.33,26.73,26.73,836800
04/06/2020,26.43,27.47,26.24,27.19,27.19,730200
05/06/2020,29.64,30.27,27.62,29.04,29.04,1253300
08/06/2020,30.46,30.46,26.95,27.38,27.38,1231500
09/06/2020,26.5,27.16,25.92,26.58,26.58,755300
10/06/2020,26.5,26.67,25.36,25.4,25.4,596400
11/06/2020,24.0,24.29,22.26,23.13,23.13,1412200
12/06/2020,24.48,24.73,22.66,23.01,23.01,890300
15/06/2020,21.9,23.28,21.46,22.84,22.84,1035900
16/06/2020,24.54,24.77,23.42,24.36,24.36,1854500
17/06/2020,24.4,24.4,22.4,22.88,22.88,1111400
18/06/2020,22.44,23.43,22.44,23.09,23.09,873500
19/06/2020,23.55,23.75,21.73,21.8,21.8,1527000
22/06/2020,21.6,23.05,20.95,22.59,22.59,1013000
23/06/2020,22.74,22.9,21.25,22.08,22.08,901200
24/06/2020,21.67,22.12,19.74,19.85,19.85,1455000
25/06/2020,19.29,20.48,19.27,20.33,20.33,924800
26/06/2020,20.28,20.49,19.3,19.66,19.66,1031500
29/06/2020,20.11,21.93,19.54,21.91,21.91,1080500
30/06/2020,21.89,21.94,21.09,21.56,21.56,846300
01/07/2020,21.7,22.6,20.96,21.02,21.02,660000
02/07/2020,21.65,21.84,20.51,21.11,21.11,643400
06/07/2020,21.91,22.06,20.43,21.15,21.15,907100
07/07/2020,20.52,20.75,19.23,19.51,19.51,800000
08/07/2020,19.41,20.39,19.15,20.28,20.28,787700
09/07/2020,20.28,20.28,18.94,19.46,19.46,735000
10/07/2020,19.3,20.05,19.16,20.03,20.03,456000
13/07/2020,20.22,20.31,18.63,18.68,18.68,1166000
14/07/2020,18.51,18.68,17.87,18.62,18.62,793900
15/07/2020,19.57,20.35,19.12,20.25,20.25,1056000
16/07/2020,19.86,20.9,19.83,20.46,20.46,852500
17/07/2020,20.38,20.38,19.1,19.29,19.29,1098300
20/07/2020,19.15,19.38,18.41,18.54,18.54,966400
21/07/2020,19.08,19.76,18.87,19.62,19.62,1057000
22/07/2020,19.41,19.64,18.95,19.62,19.62,628200
23/07/2020,19.51,19.9,19.03,19.79,19.79,608400
24/07/2020,19.68,19.79,18.85,18.86,18.86,536600
27/07/2020,18.68,18.88,18.15,18.35,18.35,734200
28/07/2020,18.28,18.81,18.24,18.3,18.3,1107400
29/07/2020,18.51,20.63,18.41,20.05,20.05,1186400
30/07/2020,19.65,19.8,18.81,19.11,19.11,756400
31/07/2020,19.1,19.69,19.0,19.36,19.36,798700
03/08/2020,19.35,20.04,18.82,19.64,19.64,1236500
04/08/2020,19.75,21.01,19.28,20.32,20.32,1333900
05/08/2020,22.9,24.18,21.56,22.42,22.42,2264300
06/08/2020,22.29,22.44,21.53,22.38,22.38,1081200
07/08/2020,22.25,23.75,22.09,23.63,23.63,1081400
10/08/2020,23.89,24.54,23.48,23.57,23.57,854200
11/08/2020,24.14,25.44,24.07,24.97,24.97,1371500
12/08/2020,25.13,25.54,24.07,24.84,24.84,1103300
13/08/2020,24.86,25.3,24.54,25.15,25.15,1001300
14/08/2020,24.73,26.2,24.7,25.35,25.35,1099700
17/08/2020,25.35,25.73,24.86,25.67,25.67,737600
18/08/2020,25.26,25.44,23.94,24.7,24.7,850200
19/08/2020,24.58,25.07,24.16,24.99,24.99,897500
20/08/2020,24.56,25.47,24.28,25.25,25.25,959600
21/08/2020,25.07,25.66,24.87,25.35,25.35,951700
24/08/2020,25.47,26.87,25.47,26.85,26.85,876100
25/08/2020,27.0,27.7,26.49,27.47,27.47,1094200
26/08/2020,27.64,28.02,27.27,27.37,27.37,1389200
27/08/2020,27.73,28.27,27.11,27.21,27.21,681500
28/08/2020,27.42,27.73,26.58,27.72,27.72,337800
31/08/2020,27.65,29.16,27.35,28.23,28.23,720100
01/09/2020,27.91,28.66,27.49,28.56,28.56,557000
02/09/2020,28.71,30.43,28.1,30.24,30.24,781700
03/09/2020,30.14,30.67,29.41,29.68,29.68,938300
04/09/2020,30.3,30.33,29.2,29.81,29.81,822500
08/09/2020,29.33,29.52,28.28,28.44,28.44,899400
09/09/2020,28.27,28.56,27.92,28.23,28.23,656200
10/09/2020,28.46,29.01,28.21,28.28,28.28,612600
11/09/2020,28.57,29.23,28.03,28.67,28.67,446100
14/09/2020,28.9,29.75,28.48,29.7,29.7,532900
15/09/2020,29.68,29.84,28.97,29.12,29.12,317400
16/09/2020,29.45,30.23,28.96,29.68,29.68,419500
17/09/2020,29.23,29.89,28.92,29.44,29.44,370400
18/09/2020,29.63,29.74,28.58,28.8,28.8,581200
21/09/2020,27.92,28.11,26.78,27.47,27.47,567800
22/09/2020,27.54,28.31,27.19,28.19,28.19,343400
23/09/2020,28.5,29.02,27.33,27.38,27.38,342400
24/09/2020,27.31,27.44,25.91,26.69,26.69,362500
25/09/2020,26.52,27.75,26.42,27.62,27.62,429300
28/09/2020,28.14,28.6,27.46,27.48,27.48,632700
29/09/2020,27.66,27.76,26.08,26.83,26.83,655900
30/09/2020,26.81,28.62,26.81,28.14,28.14,622200
01/10/2020,28.12,29.44,28.06,29.38,29.38,559300
02/10/2020,28.43,31.46,28.25,30.93,30.93,899900
05/10/2020,31.38,31.97,29.79,30.63,30.63,747300
06/10/2020,30.97,31.62,29.5,30.61,30.61,891800
07/10/2020,31.27,32.72,30.86,32.61,32.61,1084000
08/10/2020,33.06,33.32,31.89,32.29,32.29,759500
09/10/2020,32.65,33.36,32.34,32.54,32.54,638100
12/10/2020,33.32,33.87,32.84,33.85,33.85,632500
13/10/2020,33.44,33.8,32.86,33.15,33.15,437100
14/10/2020,33.28,33.72,32.8,32.82,32.82,486600
15/10/2020,32.54,32.99,32.43,32.54,32.54,802600
16/10/2020,32.69,32.89,31.49,31.65,31.65,358400
19/10/2020,31.96,32.41,31.42,31.55,31.55,643200
20/10/2020,31.93,32.38,31.77,32.16,32.16,581100
21/10/2020,32.36,32.88,31.5,32.24,32.24,540500
22/10/2020,32.33,33.5,31.62,33.25,33.25,579800
23/10/2020,33.57,33.79,33.07,33.6,33.6,728600
26/10/2020,32.75,33.21,31.46,32.79,32.79,1085600
27/10/2020,33.15,33.25,32.52,32.63,32.63,487900
28/10/2020,31.74,32.96,31.63,32.32,32.32,558800
29/10/2020,32.93,33.8,31.76,33.43,33.43,963300
30/10/2020,33.49,33.99,31.21,32.02,32.02,516100
02/11/2020,32.71,34.95,32.51,34.52,34.52,599400
03/11/2020,35.0,36.79,34.72,36.17,36.17,748400
04/11/2020,35.42,36.5,34.64,35.71,35.71,535400
05/11/2020,36.0,36.0,34.96,35.09,35.09,426100
06/11/2020,35.5,35.98,35.01,35.22,35.22,379400
09/11/2020,37.95,42.17,37.0,41.62,41.62,1853300
10/11/2020,41.57,41.95,37.35,38.55,38.55,1137900
11/11/2020,39.78,39.78,38.21,39.29,39.29,442900
12/11/2020,38.7,39.3,37.8,37.95,37.95,369700
13/11/2020,38.17,39.1,37.92,38.91,38.91,406700
16/11/2020,40.13,40.25,38.79,39.03,39.03,804700
17/11/2020,39.47,40.44,38.07,40.24,40.24,476200
18/11/2020,40.21,41.86,39.66,39.72,39.72,484400
19/11/2020,40.0,40.65,38.51,39.17,39.17,602500
20/11/2020,39.14,40.6,38.32,40.46,40.46,530000
23/11/2020,41.27,43.3,40.63,42.12,42.12,644700
24/11/2020,42.91,43.05,41.5,42.47,42.47,399600
25/11/2020,41.67,42.85,41.4,42.18,42.18,308700
27/11/2020,42.25,42.49,40.93,42.1,42.1,274300
30/11/2020,41.61,41.76,39.49,41.26,41.26,483200
01/12/2020,41.93,41.93,39.72,40.47,40.47,478000
02/12/2020,40.24,42.2,39.91,42.15,42.15,319400
03/12/2020,42.29,43.6,41.86,43.04,43.04,335700
04/12/2020,43.2,44.22,42.22,43.76,43.76,172200
07/12/2020,42.47,44.41,42.12,43.79,43.79,412000
08/12/2020,43.24,44.56,42.65,42.66,42.66,391600
09/12/2020,43.21,43.55,41.04,41.79,41.79,513500
10/12/2020,41.26,42.1,40.25,41.45,41.45,712100
11/12/2020,41.12,41.61,39.28,40.02,40.02,450700
14/12/2020,40.7,41.14,39.46,39.56,39.56,398500
15/12/2020,39.9,41.38,39.75,41.35,41.35,370600
16/12/2020,41.49,41.84,40.62,41.23,41.23,257200
17/12/2020,41.5,42.2,40.62,42.0,42.0,299700
18/12/2020,41.8,42.24,40.87,40.92,40.92,907200
21/12/2020,40.28,41.62,39.82,41.2,41.2,430700
22/12/2020,41.52,41.7,40.06,40.7,40.7,449500
23/12/2020,40.76,41.24,40.29,40.8,40.8,372100
24/12/2020,41.19,41.41,40.19,40.48,40.48,240500
28/12/2020,41.12,43.73,40.72,43.3,43.3,857100
29/12/2020,43.39,43.76,41.41,42.1,42.1,472900
30/12/2020,42.0,43.32,42.0,43.0,43.0,357400
31/12/2020,43.05,43.84,42.38,43.36,43.36,591900
04/01/2021,43.5,43.69,41.44,41.86,41.86,649500
05/01/2021,41.77,44.2,41.77,43.76,43.76,455600
06/01/2021,44.73,47.9,44.22,47.86,47.86,853300
07/01/2021,48.39,48.91,46.99,47.58,47.58,436100
08/01/2021,47.82,48.66,47.23,48.59,48.59,529600
11/01/2021,53.0,55.64,51.84,54.7,54.7,1635100
12/01/2021,56.17,57.89,54.46,56.59,56.59,726400
13/01/2021,56.32,56.53,53.91,54.22,54.22,611000
14/01/2021,54.71,57.0,54.67,56.21,56.21,806100
15/01/2021,55.14,57.23,54.87,56.98,56.98,653400
19/01/2021,58.75,58.88,57.08,58.28,58.28,732500
20/01/2021,58.26,59.28,57.33,58.95,58.95,635500
21/01/2021,59.58,59.59,57.5,57.63,57.63,834900
22/01/2021,57.34,58.46,57.14,58.35,58.35,717200
25/01/2021,58.65,62.31,58.34,59.82,59.82,1721200
26/01/2021,59.39,62.5,56.71,57.43,57.43,1245500
27/01/2021,56.05,58.23,53.57,56.37,56.37,1219200
28/01/2021,54.77,58.09,54.77,57.68,57.68,975700
29/01/2021,57.72,58.49,55.82,57.24,57.24,644100
01/02/2021,58.08,58.51,56.05,57.56,57.56,459300
02/02/2021,58.37,59.42,56.96,58.02,58.02,626000
03/02/2021,58.87,59.46,56.35,57.71,57.71,558000
04/02/2021,58.22,59.99,58.02,59.14,59.14,536200
05/02/2021,59.52,61.27,58.58,60.62,60.62,716300
08/02/2021,60.9,61.16,58.5,59.61,59.61,534600
09/02/2021,59.6,59.6,58.1,58.92,58.92,546100
10/02/2021,59.74,61.06,58.99,60.03,60.03,377000
11/02/2021,60.48,62.83,59.73,60.89,60.89,471600
12/02/2021,60.38,61.59,59.95,60.88,60.88,374000
16/02/2021,61.2,61.88,59.97,61.03,61.03,468700
17/02/2021,60.44,61.56,58.5,61.33,61.33,436200
18/02/2021,60.94,61.67,58.68,59.68,59.68,359100
19/02/2021,60.03,61.94,59.74,60.91,60.91,383200
22/02/2021,60.19,63.84,60.19,61.75,61.75,477600
23/02/2021,60.41,60.78,57.32,60.41,60.41,713700
24/02/2021,60.42,69.18,59.79,65.52,65.52,1650900
25/02/2021,65.4,66.35,60.15,60.71,60.71,843600
26/02/2021,60.83,62.3,58.13,60.42,60.42,712600
01/03/2021,61.94,64.47,60.54,64.3,64.3,409800
02/03/2021,63.99,64.77,61.72,61.73,61.73,336700
03/03/2021,62.3,62.53,58.84,58.87,58.87,421100
04/03/2021,58.66,59.48,53.73,55.76,55.76,693100
05/03/2021,57.29,58.78,54.72,58.45,58.45,552700
08/03/2021,59.08,61.55,58.67,60.32,60.32,578100
09/03/2021,61.49,61.55,58.43,58.63,58.63,377200
10/03/2021,58.71,60.5,57.84,59.5,59.5,373500
11/03/2021,60.14,62.08,59.88,61.06,61.06,365100
12/03/2021,61.22,63.24,60.63,63.22,63.22,460800
15/03/2021,62.58,64.62,61.11,63.0,63.0,470100
16/03/2021,62.69,62.73,59.63,60.71,60.71,268800
17/03/2021,60.06,64.61,60.06,64.47,64.47,506200
18/03/2021,64.4,66.17,63.09,63.48,63.48,405200
19/03/2021,63.9,65.78,62.53,65.6,65.6,569600
22/03/2021,65.96,67.49,62.72,62.88,62.88,325600
23/03/2021,61.89,62.5,58.06,58.16,58.16,504000
24/03/2021,59.24,59.95,56.54,56.69,56.69,323800
25/03/2021,55.61,61.33,55.0,61.12,61.12,475400
26/03/2021,62.22,63.85,61.13,63.3,63.3,315200
29/03/2021,62.67,65.04,59.15,59.2,59.2,507200
30/03/2021,59.49,63.08,59.49,62.08,62.08,521000
31/03/2021,62.23,63.66,61.88,62.31,62.31,464700
01/04/2021,63.27,63.29,60.69,61.8,61.8,392300
05/04/2021,63.3,63.3,60.23,62.92,62.92,256300
06/04/2021,63.99,66.87,63.85,66.01,66.01,594000
07/04/2021,66.04,66.93,64.89,65.17,65.17,360000
08/04/2021,65.22,66.63,63.95,65.77,65.77,388400
09/04/2021,66.05,69.38,65.7,68.74,68.74,448800
12/04/2021,68.64,69.18,66.33,66.8,66.8,337200
13/04/2021,67.0,67.29,63.72,66.02,66.02,303200
14/04/2021,66.23,67.91,65.09,66.56,66.56,319500
15/04/2021,67.35,67.99,66.22,67.06,67.06,217300
16/04/2021,67.9,68.7,65.97,68.06,68.06,278500
19/04/2021,67.5,68.82,67.29,67.68,67.68,282400
20/04/2021,67.52,68.0,64.17,65.62,65.62,229100
21/04/2021,65.32,68.42,64.99,68.04,68.04,257100
22/04/2021,68.59,70.05,68.22,68.84,68.84,344800
23/04/2021,69.58,72.9,68.77,72.35,72.35,403300
26/04/2021,73.27,73.67,69.02,69.98,69.98,370400
27/04/2021,69.85,73.17,69.85,71.92,71.92,251100
28/04/2021,71.57,72.26,70.33,72.13,72.13,181700
29/04/2021,73.02,73.61,70.23,71.23,71.23,296300
30/04/2021,70.86,72.22,69.43,70.54,70.54,259000
03/05/2021,70.39,73.39,70.39,72.57,72.57,409800
04/05/2021,71.89,72.09,70.0,71.91,71.91,194600
05/05/2021,73.06,74.4,71.9,73.27,73.27,223000
06/05/2021,74.98,74.98,72.19,73.37,73.37,392300
07/05/2021,72.89,74.8,72.22,74.6,74.6,373900
10/05/2021,75.0,75.65,71.19,71.32,71.32,394000
11/05/2021,69.41,72.78,67.61,72.2,72.2,517300
12/05/2021,71.85,72.36,66.58,67.59,67.59,720600
13/05/2021,72.06,75.38,71.2,74.04,74.04,1305700
14/05/2021,75.01,78.63,74.55,78.32,78.32,686800
17/05/2021,78.14,79.87,75.8,79.58,79.58,572900
18/05/2021,80.0,80.1,74.35,74.39,74.39,484900
19/05/2021,71.93,73.01,69.44,72.74,72.74,467800
20/05/2021,73.61,73.77,70.28,71.62,71.62,556300
21/05/2021,73.09,74.22,72.22,72.84,72.84,412100
24/05/2021,73.43,74.87,72.86,74.12,74.12,367200
25/05/2021,74.75,76.0,72.42,72.55,72.55,390600
26/05/2021,73.58,77.09,73.56,76.94,76.94,425600
27/05/2021,77.51,78.26,75.66,78.01,78.01,342800
28/05/2021,77.98,77.98,75.71,76.39,76.39,245200
01/06/2021,76.95,79.27,76.24,78.84,78.84,340300
02/06/2021,78.51,78.52,75.07,76.52,76.52,332400
03/06/2021,75.75,76.48,73.79,75.61,75.61,227100
04/06/2021,76.27,76.27,71.5,73.02,73.02,548400
07/06/2021,73.82,75.65,72.43,73.3,73.3,674500
08/06/2021,73.74,75.64,71.91,75.18,75.18,478700
09/06/2021,75.48,76.15,74.59,76.08,76.08,353700
10/06/2021,76.34,77.69,74.56,75.45,75.45,476700
11/06/2021,76.43,77.12,75.64,75.9,75.9,291100
14/06/2021,75.81,76.74,74.68,74.92,74.92,227300
15/06/2021,75.57,76.31,72.39,73.67,73.67,324400
16/06/2021,73.29,75.45,72.22,75.25,75.25,307200
17/06/2021,77.05,77.91,74.01,75.67,75.67,472700
18/06/2021,74.8,76.72,74.11,74.89,74.89,502300
21/06/2021,76.18,79.0,75.73,77.72,77.72,393600
22/06/2021,77.12,81.41,76.03,81.16,81.16,680700
23/06/2021,82.06,84.61,81.53,83.48,83.48,617600
24/06/2021,84.19,84.84,82.38,84.71,84.71,441600
25/06/2021,85.34,86.7,84.22,84.49,84.49,711600
28/06/2021,84.25,84.25,81.27,83.44,83.44,443800
29/06/2021,83.63,84.39,81.6,81.69,81.69,371600
30/06/2021,81.5,84.17,80.69,84.05,84.05,314500
01/07/2021,85.02,85.25,83.51,84.14,84.14,290600
02/07/2021,84.29,84.29,82.94,84.13,84.13,211600
06/07/2021,84.17,84.19,80.02,82.79,82.79,260100
07/07/2021,82.36,83.04,79.07,80.68,80.68,346600
08/07/2021,78.17,81.82,76.01,79.55,79.55,468300
09/07/2021,80.71,83.1,80.56,83.05,83.05,393100
12/07/2021,83.03,84.79,82.34,84.19,84.19,365400
13/07/2021,83.49,83.94,82.72,83.52,83.52,230700
14/07/2021,84.18,85.35,82.16,82.3,82.3,232700
15/07/2021,81.76,81.86,77.46,78.41,78.41,467800
16/07/2021,79.63,80.5,76.88,77.34,77.34,311200
19/07/2021,74.45,79.22,73.0,75.85,75.85,417000
20/07/2021,76.24,79.66,75.64,78.81,78.81,285200
21/07/2021,79.88,82.48,79.57,81.14,81.14,240300
22/07/2021,81.3,81.66,79.4,81.28,81.28,264900
23/07/2021,82.36,83.15,81.19,82.06,82.06,266700
26/07/2021,82.49,85.19,82.43,84.4,84.4,399300
27/07/2021,84.13,86.11,81.82,83.54,83.54,430300
28/07/2021,83.29,84.48,81.46,83.57,83.57,254800
29/07/2021,84.82,87.03,84.08,85.28,85.28,388900
30/07/2021,84.52,87.37,84.26,86.42,86.42,306900
02/08/2021,88.4,89.22,84.69,84.75,84.75,493800
03/08/2021,85.53,86.82,83.05,86.25,86.25,481900
04/08/2021,84.85,87.35,82.57,83.42,83.42,611800
05/08/2021,90.65,93.25,87.31,88.83,88.83,1047500
06/08/2021,89.32,91.65,87.44,89.87,89.87,547900
09/08/2021,88.69,89.19,85.24,86.13,86.13,442800
10/08/2021,85.96,89.59,85.96,88.46,88.46,398900
11/08/2021,88.46,90.14,86.85,88.94,88.94,311800
12/08/2021,88.64,89.88,87.3,88.22,88.22,278900
13/08/2021,87.62,88.12,85.85,86.74,86.74,253200
16/08/2021,86.01,89.21,85.5,88.12,88.12,313700
17/08/2021,87.0,87.0,82.9,84.62,84.62,392800
18/08/2021,84.29,85.38,83.0,83.06,83.06,267300
19/08/2021,81.47,84.49,80.08,82.09,82.09,518600
20/08/2021,82.24,83.71,81.47,82.82,82.82,386100
23/08/2021,83.82,85.88,83.15,85.32,85.32,385200
24/08/2021,85.51,88.75,85.5,87.9,87.9,286300
25/08/2021,88.08,90.45,86.83,88.26,88.26,348200
26/08/2021,87.54,88.28,85.41,87.96,87.96,232100
27/08/2021,87.67,89.26,86.91,88.93,88.93,384800
30/08/2021,88.56,89.34,87.57,87.93,87.93,462400
31/08/2021,87.65,89.48,85.08,89.28,89.28,685700
01/09/2021,90.08,90.95,88.78,89.47,89.47,504500
02/09/2021,89.42,89.42,86.11,86.94,86.94,384000
03/09/2021,86.41,87.35,84.82,85.55,85.55,573500
07/09/2021,85.5,86.46,84.04,84.76,84.76,266400
08/09/2021,84.34,85.25,82.44,83.57,83.57,295800
09/09/2021,83.42,85.74,83.07,84.73,84.73,299100
10/09/2021,85.12,86.4,83.34,83.44,83.44,257600
13/09/2021,84.07,85.79,82.03,85.75,85.75,295900
14/09/2021,86.15,86.39,84.53,85.2,85.2,220900
15/09/2021,84.87,86.64,83.61,86.28,86.28,212900
16/09/2021,86.59,89.77,86.59,89.55,89.55,345100
17/09/2021,90.35,91.84,90.04,91.38,91.38,601700
20/09/2021,88.71,90.68,87.68,89.3,89.3,428700
21/09/2021,90.3,91.56,89.13,90.56,90.56,271900
22/09/2021,91.05,94.46,91.05,93.63,93.63,466100
23/09/2021,95.38,97.68,94.94,96.81,96.81,348700
24/09/2021,95.61,97.05,94.3,96.08,96.08,235500
27/09/2021,96.13,99.64,96.13,98.82,98.82,390300
28/09/2021,98.12,98.8,95.75,96.63,96.63,284100
29/09/2021,97.81,98.8,95.58,96.83,96.83,228100
30/09/2021,95.88,96.91,88.78,88.87,88.87,587200
01/10/2021,89.38,91.66,87.08,90.64,90.64,621200
04/10/2021,89.89,90.99,87.53,90.6,90.6,325000
05/10/2021,90.76,95.28,90.76,92.71,92.71,361300
06/10/2021,91.16,93.47,90.55,92.88,92.88,317500
07/10/2021,94.29,97.02,93.98,95.89,95.89,452600
08/10/2021,95.81,97.48,94.89,95.17,95.17,186400
11/10/2021,94.81,95.85,93.31,93.31,93.31,229100
12/10/2021,94.41,95.1,93.76,94.33,94.33,187200
13/10/2021,94.99,95.13,92.66,93.9,93.9,229500
14/10/2021,95.14,96.69,95.05,96.34,96.34,224800
15/10/2021,98.51,100.5,96.41,96.48,96.48,350600
18/10/2021,95.97,98.67,95.54,97.67,97.67,189900
19/10/2021,98.16,98.16,94.73,95.44,95.44,230900
20/10/2021,96.47,98.77,95.18,95.52,95.52,259700
21/10/2021,97.11,103.39,97.1,100.8,100.8,638600
22/10/2021,100.79,102.32,99.48,100.99,100.99,292600
25/10/2021,101.36,102.66,99.85,100.78,100.78,431000
26/10/2021,101.0,101.71,99.64,100.77,100.77,346000
27/10/2021,100.68,102.26,99.73,100.31,100.31,529700
28/10/2021,106.19,106.93,100.88,102.51,102.51,1165600
29/10/2021,102.27,104.9,102.27,104.49,104.49,560100
01/11/2021,105.32,110.01,105.32,108.18,108.18,642500
02/11/2021,108.67,110.38,107.61,109.43,109.43,430800
03/11/2021,109.03,114.52,109.03,113.31,113.31,458600
04/11/2021,113.6,117.32,113.6,117.29,117.29,449700
05/11/2021,118.95,122.06,116.83,117.96,117.96,480500
08/11/2021,118.58,120.66,118.0,119.12,119.12,321100
09/11/2021,118.9,121.12,118.18,120.93,120.93,260300
10/11/2021,120.28,121.53,116.5,117.65,117.65,311700
11/11/2021,118.0,120.13,117.9,119.02,119.02,187600
12/11/2021,119.72,120.11,118.63,119.45,119.45,213300
15/11/2021,120.0,121.18,118.71,121.11,121.11,275200
16/11/2021,121.42,126.9,121.35,126.63,126.63,333400
17/11/2021,126.63,127.51,124.49,127.49,127.49,469600
18/11/2021,129.7,134.5,128.0,130.75,130.75,648600
19/11/2021,129.86,130.89,126.3,126.45,126.45,533000
22/11/2021,127.49,131.81,124.55,130.6,130.6,437400
23/11/2021,128.83,130.82,124.81,127.44,127.44,469500
24/11/2021,124.74,128.55,122.0,128.06,128.06,315700
26/11/2021,124.34,124.91,121.1,122.9,122.9,323600
29/11/2021,126.51,127.81,121.93,125.93,125.93,619300
30/11/2021,125.71,125.98,120.11,122.34,122.34,634700
01/12/2021,125.88,126.75,121.21,121.28,121.28,594600
02/12/2021,121.86,124.98,120.71,122.2,122.2,445300
03/12/2021,123.0,123.97,118.41,120.07,120.07,395200
06/12/2021,120.24,122.67,118.5,121.35,121.35,675700
07/12/2021,124.09,130.29,124.09,126.4,126.4,385600
08/12/2021,126.41,130.12,124.97,128.49,128.49,396300
09/12/2021,127.77,129.73,126.6,126.91,126.91,222900
10/12/2021,127.91,130.28,125.17,129.86,129.86,445500
13/12/2021,130.73,131.02,112.98,115.15,115.15,874400
14/12/2021,113.75,120.79,111.5,119.39,119.39,694100
15/12/2021,119.19,120.8,116.53,120.16,120.16,707200
16/12/2021,122.02,123.0,112.33,113.41,113.41,748900
17/12/2021,110.63,113.17,108.16,112.3,112.3,1234200
20/12/2021,109.44,109.54,104.25,105.26,105.26,938100
21/12/2021,108.73,113.01,108.35,112.76,112.76,649200
22/12/2021,112.29,115.7,111.64,115.63,115.63,271600
23/12/2021,116.51,117.15,114.2,116.83,116.83,242800
27/12/2021,117.6,123.79,117.0,123.59,123.59,491900
28/12/2021,122.35,124.98,121.36,122.64,122.64,413200
29/12/2021,122.72,126.37,122.34,125.33,125.33,232500
30/12/2021,124.52,127.17,123.91,125.17,125.17,294800
31/12/2021,124.31,125.91,121.51,123.05,123.05,283600
03/01/2022,124.27,126.69,121.93,122.36,122.36,311700
04/01/2022,122.55,124.02,119.18,122.5,122.5,525200
05/01/2022,122.29,125.81,117.69,117.96,117.96,375600
06/01/2022,118.53,122.71,116.42,121.1,121.1,348900
07/01/2022,123.39,126.6,118.07,121.82,121.82,1024000
10/01/2022,120.34,120.51,109.04,114.06,114.06,896600
11/01/2022,114.26,118.14,110.93,117.86,117.86,460600
12/01/2022,118.74,119.47,113.73,113.87,113.87,496200
13/01/2022,113.86,114.56,110.39,111.0,111.0,499500
14/01/2022,109.02,112.73,106.97,108.73,108.73,500500
18/01/2022,106.06,107.8,103.2,105.57,105.57,509800
19/01/2022,106.22,107.66,104.12,104.35,104.35,351500
20/01/2022,104.5,105.76,95.94,96.49,96.49,670500
21/01/2022,95.5,96.29,92.6,92.93,92.93,945900
24/01/2022,89.61,98.28,87.17,97.73,97.73,911400
25/01/2022,95.06,100.81,93.85,98.26,98.26,586400
26/01/2022,100.27,103.03,95.38,96.01,96.01,733900
27/01/2022,97.7,100.48,94.09,94.92,94.92,717500
28/01/2022,92.0,92.69,83.93,85.69,85.69,1963000
31/01/2022,86.7,92.13,86.26,91.97,91.97,1029100
01/02/2022,91.97,92.94,87.04,91.26,91.26,733900
02/02/2022,92.27,92.75,87.75,89.55,89.55,533600
03/02/2022,87.75,90.61,85.39,85.99,85.99,490500
04/02/2022,86.0,86.93,82.0,86.07,86.07,981200
07/02/2022,85.89,88.03,82.9,83.38,83.38,724700
08/02/2022,83.17,87.11,83.17,86.34,86.34,461000
09/02/2022,86.92,88.97,86.0,88.79,88.79,461400
10/02/2022,86.87,89.41,84.81,85.27,85.27,690600
11/02/2022,85.87,86.76,82.45,82.76,82.76,524900
14/02/2022,82.98,84.16,81.63,82.37,82.37,383600
15/02/2022,83.2,87.25,83.12,86.95,86.95,451500
16/02/2022,86.21,86.27,82.85,84.61,84.61,437100
17/02/2022,83.75,85.1,80.2,80.34,80.34,397000
18/02/2022,79.73,82.23,78.89,80.12,80.12,464100
22/02/2022,78.9,82.2,78.26,79.66,79.66,489600
23/02/2022,80.19,80.19,76.89,77.72,77.72,546500
24/02/2022,74.99,82.3,74.11,82.22,82.22,765400
25/02/2022,84.83,86.29,82.25,86.23,86.23,713800
28/02/2022,84.11,87.49,84.11,87.02,87.02,709900
01/03/2022,87.44,87.79,83.91,85.26,85.26,554500
02/03/2022,87.27,91.27,86.19,88.83,88.83,686100
03/03/2022,88.83,88.83,85.78,86.67,86.67,530500
04/03/2022,86.6,86.6,81.2,83.83,83.83,799900
07/03/2022,84.62,86.38,82.42,83.08,83.08,913700
08/03/2022,83.31,91.31,82.77,86.07,86.07,663000
09/03/2022,88.17,89.29,86.9,87.66,87.66,349000
10/03/2022,85.81,89.35,85.21,88.84,88.84,382800
11/03/2022,89.93,90.82,87.12,87.65,87.65,358600
14/03/2022,87.82,90.23,85.87,86.37,86.37,495100
15/03/2022,86.69,89.88,86.69,89.26,89.26,340600
16/03/2022,91.98,95.65,90.63,94.64,94.64,528800
17/03/2022,93.72,99.2,93.05,99.11,99.11,638000
18/03/2022,99.42,105.66,99.31,104.76,104.76,1104500
21/03/2022,104.9,105.24,98.34,100.0,100.0,595100
22/03/2022,101.37,104.58,100.9,102.37,102.37,374200
23/03/2022,101.49,101.64,97.72,98.69,98.69,435700
24/03/2022,98.86,99.54,96.39,98.87,98.87,355600
25/03/2022,99.64,99.64,95.38,96.53,96.53,525200
28/03/2022,96.2,96.61,92.95,96.5,96.5,423000
29/03/2022,98.13,102.24,97.31,102.07,102.07,591800
30/03/2022,101.7,101.95,97.16,98.04,98.04,400200
31/03/2022,96.98,97.09,93.53,94.79,94.79,497000
01/04/2022,96.21,97.4,91.54,92.74,92.74,632900
04/04/2022,93.24,94.59,92.14,92.4,92.4,746300
05/04/2022,92.18,93.69,89.7,93.0,93.0,637100
06/04/2022,91.8,92.47,88.13,89.56,89.56,587200
07/04/2022,89.56,92.07,89.11,91.78,91.78,424900
08/04/2022,91.15,94.72,89.27,93.12,93.12,346100
11/04/2022,92.08,95.22,90.48,92.4,92.4,355800
12/04/2022,94.14,97.98,91.93,92.57,92.57,418800
13/04/2022,92.83,95.9,92.2,95.26,95.26,363000
14/04/2022,95.63,97.93,94.36,94.51,94.51,258400
18/04/2022,94.14,95.64,93.25,94.61,94.61,327000
19/04/2022,95.41,100.75,95.41,99.58,99.58,524400
20/04/2022,100.13,100.72,96.96,97.65,97.65,423300
21/04/2022,99.68,100.12,95.29,96.27,96.27,400000
22/04/2022,94.51,95.4,90.39,90.67,90.67,425600
25/04/2022,89.55,95.61,89.02,94.71,94.71,645200
26/04/2022,93.51,93.98,90.44,90.74,90.74,468200
27/04/2022,91.33,94.19,91.33,92.68,92.68,519800
28/04/2022,94.77,96.07,91.79,94.44,94.44,327500
29/04/2022,93.56,94.5,89.42,90.06,90.06,439300
02/05/2022,90.7,95.59,88.93,95.16,95.16,619300
03/05/2022,94.29,96.28,93.4,95.33,95.33,349400
04/05/2022,95.55,98.88,92.36,98.67,98.67,483500
05/05/2022,98.0,98.35,93.79,95.77,95.77,568900
06/05/2022,98.0,98.0,92.11,95.0,95.0,1052400
09/05/2022,93.04,93.46,85.99,87.36,87.36,988300
10/05/2022,87.62,90.21,83.58,86.7,86.7,1025400
11/05/2022,91.0,94.57,85.0,85.57,85.57,1845500
12/05/2022,85.52,89.35,84.11,86.96,86.96,899900
13/05/2022,88.49,91.58,88.28,90.51,90.51,772000
16/05/2022,89.93,93.72,88.4,92.77,92.77,537500
17/05/2022,94.48,96.54,90.04,92.84,92.84,501700
18/05/2022,89.15,89.2,76.56,79.36,79.36,1544100
19/05/2022,77.92,78.97,74.09,75.75,75.75,1077300
20/05/2022,76.76,77.63,70.87,74.32,74.32,1113300
23/05/2022,74.51,75.4,70.92,72.06,72.06,985500
24/05/2022,69.64,69.68,66.52,66.75,66.75,1417800
25/05/2022,66.69,74.81,65.79,73.86,73.86,1191800
26/05/2022,75.01,80.07,75.01,78.22,78.22,742800
27/05/2022,82.02,83.42,79.63,81.74,81.74,754000
31/05/2022,80.7,82.67,78.58,80.7,80.7,631500
01/06/2022,82.14,82.96,79.71,81.63,81.63,519500
02/06/2022,81.54,84.97,80.59,84.64,84.64,596600
03/06/2022,83.09,85.47,81.95,85.12,85.12,338200
06/06/2022,86.67,87.13,83.71,84.96,84.96,326500
07/06/2022,83.4,87.33,81.36,86.87,86.87,521400
08/06/2022,86.59,88.1,85.82,87.45,87.45,615400
09/06/2022,87.07,88.45,85.73,86.09,86.09,648500
10/06/2022,84.22,85.85,81.66,81.72,81.72,313700
13/06/2022,79.01,80.43,76.51,78.04,78.04,613500
14/06/2022,78.3,79.45,76.92,78.22,78.22,435500
15/06/2022,79.48,80.68,77.4,79.35,79.35,365700
16/06/2022,76.54,76.58,72.85,73.76,73.76,430900
17/06/2022,74.66,75.66,72.03,74.25,74.25,863500
21/06/2022,75.68,76.82,74.62,74.7,74.7,403700
22/06/2022,73.04,74.7,72.25,73.6,73.6,412000
23/06/2022,73.88,74.23,71.06,72.86,72.86,595100
24/06/2022,73.84,78.91,73.5,78.13,78.13,901400
27/06/2022,78.53,79.34,75.95,76.7,76.7,327100
28/06/2022,77.1,77.9,74.29,74.33,74.33,443500
29/06/2022,74.05,74.05,71.32,72.79,72.79,454500
30/06/2022,71.36,71.36,67.6,68.91,68.91,697400
01/07/2022,68.14,69.05,66.12,68.53,68.53,506600
05/07/2022,66.81,70.79,66.19,70.17,70.17,693600
06/07/2022,69.83,70.59,67.18,68.21,68.21,456500
07/07/2022,69.25,71.79,68.52,71.32,71.32,365700
08/07/2022,71.19,71.34,68.38,69.57,69.57,298900
11/07/2022,69.07,69.13,66.93,67.5,67.5,584700
12/07/2022,66.98,69.32,65.93,67.82,67.82,600400
13/07/2022,66.83,67.33,64.47,66.23,66.23,696500
14/07/2022,65.05,65.46,63.56,65.3,65.3,464100
15/07/2022,66.46,66.46,64.64,65.76,65.76,429700
18/07/2022,66.79,71.01,66.79,68.97,68.97,647100
19/07/2022,70.0,71.95,69.93,71.38,71.38,589200
20/07/2022,71.19,73.78,70.66,73.53,73.53,585100
21/07/2022,74.25,74.32,71.96,74.27,74.27,478100
22/07/2022,73.97,76.25,71.56,72.92,72.92,536700
25/07/2022,73.42,73.42,69.61,70.51,70.51,807800
26/07/2022,68.08,68.64,65.89,66.38,66.38,850400
27/07/2022,67.13,70.59,66.23,69.93,69.93,853900
28/07/2022,67.6,69.58,58.51,63.28,63.28,3158800
29/07/2022,62.61,62.99,60.0,62.3,62.3,1208600
01/08/2022,61.25,63.21,60.43,61.5,61.5,864700
02/08/2022,60.53,61.79,59.17,60.34,60.34,767100
03/08/2022,61.13,63.37,59.51,62.66,62.66,929500
04/08/2022,62.5,62.52,60.57,60.85,60.85,607700
05/08/2022,60.01,62.32,60.01,61.29,61.29,484500
08/08/2022,63.0,66.69,62.68,65.72,65.72,970100
09/08/2022,65.29,65.29,61.51,62.33,62.33,706000
10/08/2022,64.69,67.5,63.81,66.98,66.98,1128100
11/08/2022,70.3,71.93,69.38,69.77,69.77,1157000
12/08/2022,70.3,73.77,69.58,73.69,73.69,969600
15/08/2022,72.56,73.8,71.8,73.01,73.01,723700
16/08/2022,73.26,77.48,73.26,75.61,75.61,840700
17/08/2022,74.26,75.33,73.05,74.64,74.64,582900
18/08/2022,74.18,75.35,73.21,74.62,74.62,431100
19/08/2022,74.42,74.74,72.38,73.32,73.32,483700
22/08/2022,71.45,71.67,70.23,70.84,70.84,639800
23/08/2022,71.99,72.87,71.57,71.89,71.89,383600
24/08/2022,71.49,71.67,70.3,70.32,70.32,331200
25/08/2022,70.0,72.94,69.36,72.7,72.7,427800
26/08/2022,72.53,72.93,70.09,70.9,70.9,384500
29/08/2022,70.13,71.29,69.31,70.5,70.5,463100
30/08/2022,71.26,71.26,68.18,69.13,69.13,626400
31/08/2022,68.5,68.64,66.06,66.62,66.62,743300
01/09/2022,65.81,66.24,64.5,66.1,66.1,342000
02/09/2022,66.95,67.4,64.8,65.2,65.2,395100
06/09/2022,65.66,66.1,64.0,64.76,64.76,427800
07/09/2022,64.9,67.89,64.06,67.75,67.75,491300
08/09/2022,66.66,67.78,65.61,67.71,67.71,359800
09/09/2022,67.32,70.51,67.32,70.27,70.27,652100
12/09/2022,70.91,72.64,70.46,71.53,71.53,704400
13/09/2022,67.91,69.43,65.84,66.81,66.81,557400
14/09/2022,67.05,67.71,65.08,66.02,66.02,395000
15/09/2022,65.21,67.34,64.19,65.13,65.13,494400
16/09/2022,64.1,65.46,63.53,65.09,65.09,619200
19/09/2022,64.03,65.46,63.99,65.15,65.15,429500
20/09/2022,64.3,64.77,63.09,64.15,64.15,370500
21/09/2022,64.7,65.28,62.68,62.76,62.76,309100
22/09/2022,62.72,62.72,57.27,57.32,57.32,1062600
23/09/2022,55.69,57.11,55.12,57.03,57.03,825200
26/09/2022,56.6,57.28,54.73,55.36,55.36,541700
27/09/2022,56.79,59.02,56.54,58.46,58.46,669300
28/09/2022,59.31,61.58,58.98,61.27,61.27,490800
29/09/2022,60.19,60.69,58.82,59.68,59.68,471900
30/09/2022,58.76,60.34,56.39,58.46,58.46,375400
03/10/2022,59.85,60.87,58.2,60.31,60.31,525700
04/10/2022,62.16,63.45,61.68,62.9,62.9,614000
05/10/2022,61.63,62.2,60.06,61.05,61.05,852300
06/10/2022,60.68,62.39,60.68,60.89,60.89,434700
07/10/2022,59.77,60.44,57.61,57.95,57.95,593600
10/10/2022,58.28,58.28,55.57,56.45,56.45,820700
11/10/2022,56.1,58.9,54.5,56.35,56.35,811500
12/10/2022,56.01,57.26,54.88,57.2,57.2,677800
13/10/2022,55.29,58.43,53.78,57.64,57.64,591600
14/10/2022,58.5,59.54,56.05,56.38,56.38,594500
17/10/2022,58.04,59.06,57.62,59.0,59.0,607200
18/10/2022,60.6,60.92,57.45,57.59,57.59,808400
19/10/2022,55.65,56.57,53.73,54.42,54.42,1098300
20/10/2022,54.67,56.2,54.01,54.66,54.66,734100
21/10/2022,55.18,56.52,54.14,56.5,56.5,794600
24/10/2022,56.7,56.7,54.34,56.1,56.1,838300
25/10/2022,55.6,59.44,55.6,58.91,58.91,1309600
26/10/2022,58.71,60.98,58.09,58.93,58.93,1414200
27/10/2022,59.75,60.0,56.46,58.45,58.45,1417100
28/10/2022,57.81,58.12,55.17,57.23,57.23,913600
31/10/2022,56.79,58.87,56.38,56.8,56.8,774000
01/11/2022,56.99,57.5,54.55,55.17,55.17,939900
02/11/2022,54.66,55.73,51.34,51.49,51.49,871100
03/11/2022,50.82,55.23,50.2,54.23,54.23,863300
04/11/2022,55.59,55.59,53.06,54.49,54.49,838100
07/11/2022,55.0,56.53,54.54,55.95,55.95,606700
08/11/2022,56.48,56.48,54.36,55.62,55.62,628600
09/11/2022,55.16,55.52,51.99,52.41,52.41,731300
10/11/2022,55.93,62.26,55.93,61.4,61.4,1230500
11/11/2022,62.1,65.98,61.21,64.12,64.12,863900
14/11/2022,63.18,64.08,61.49,61.67,61.67,630600
15/11/2022,63.63,64.4,61.89,62.54,62.54,727400
16/11/2022,61.0,63.17,59.28,62.73,62.73,599800
17/11/2022,61.51,61.7,59.72,61.19,61.19,556700
18/11/2022,63.4,64.01,59.51,61.21,61.21,626100
21/11/2022,60.22,61.75,59.71,61.05,61.05,451600
22/11/2022,62.16,64.02,61.99,63.38,63.38,549100
23/11/2022,63.16,64.91,63.02,64.35,64.35,430800
25/11/2022,65.14,66.09,63.39,63.64,63.64,251600
28/11/2022,62.32,64.18,62.19,62.77,62.77,497100
29/11/2022,62.96,66.25,62.53,65.3,65.3,758300
30/11/2022,65.3,67.36,64.24,67.35,67.35,906500
01/12/2022,66.65,68.29,66.13,66.69,66.69,507100
02/12/2022,65.8,66.92,64.69,66.15,66.15,493500
05/12/2022,65.51,67.3,65.03,65.54,65.54,601300
06/12/2022,65.54,66.0,63.45,63.86,63.86,549700
07/12/2022,63.23,64.83,63.0,63.89,63.89,388000
08/12/2022,64.39,65.48,63.28,65.09,65.09,282500
09/12/2022,64.45,64.97,62.25,62.35,62.35,468300
12/12/2022,62.35,62.65,61.68,62.03,62.03,419000
13/12/2022,64.75,67.59,62.93,63.21,63.21,669800
14/12/2022,63.05,63.86,61.98,62.76,62.76,513200
15/12/2022,61.38,61.55,58.55,58.95,58.95,591800
16/12/2022,58.01,60.01,57.95,59.78,59.78,1175700
19/12/2022,60.08,61.1,57.83,58.51,58.51,632900
20/12/2022,58.29,58.47,56.62,56.67,56.67,412000
21/12/2022,57.67,59.6,57.67,58.99,58.99,370900
22/12/2022,58.07,59.63,56.79,59.58,59.58,400000
23/12/2022,59.5,61.72,59.31,61.7,61.7,493100
27/12/2022,61.7,61.7,59.49,59.58,59.58,432500
28/12/2022,59.55,60.19,57.91,60.07,60.07,572700
29/12/2022,61.0,62.71,60.45,62.03,62.03,446200
30/12/2022,61.21,62.65,60.16,62.52,62.52,406300
03/01/2023,64.96,65.28,62.25,62.42,62.42,891000
04/01/2023,64.0,66.85,63.15,64.24,64.24,1160800
05/01/2023,63.7,64.7,62.31,63.0,63.0,960200
06/01/2023,60.62,64.95,59.21,61.99,61.99,1975900
09/01/2023,61.81,68.54,59.74,68.44,68.44,1756000
10/01/2023,68.74,70.85,68.04,70.22,70.22,1099000
11/01/2023,70.83,72.8,70.83,72.42,72.42,796800
12/01/2023,72.99,73.33,70.94,72.35,72.35,710300
13/01/2023,71.6,75.88,71.37,75.57,75.57,777000
17/01/2023,74.01,74.96,72.87,73.99,73.99,585400
18/01/2023,74.33,76.11,73.82,75.01,75.01,656000
19/01/2023,74.35,74.5,71.02,73.72,73.72,1102600
20/01/2023,74.25,74.41,72.59,72.95,72.95,885500
23/01/2023,73.21,77.07,72.76,76.75,76.75,1073500
24/01/2023,75.31,76.92,73.36,73.4,73.4,625500
25/01/2023,72.28,74.48,71.21,74.37,74.37,776200
26/01/2023,76.87,87.5,75.48,87.42,87.42,2655300
27/01/2023,87.41,88.62,83.69,86.18,86.18,1276400
30/01/2023,83.6,86.64,83.14,84.18,84.18,916500
31/01/2023,84.64,86.1,82.69,83.49,83.49,855200
01/02/2023,83.71,87.49,82.14,86.12,86.12,590300
02/02/2023,87.52,88.8,86.01,87.26,87.26,673700
03/02/2023,85.93,88.76,85.42,86.95,86.95,495500
06/02/2023,84.79,86.22,83.36,84.52,84.52,603200
07/02/2023,84.64,86.18,83.18,85.82,85.82,542700
08/02/2023,84.27,85.15,81.48,83.11,83.11,761300
09/02/2023,84.19,85.28,82.18,82.55,82.55,516800
10/02/2023,81.4,82.33,80.46,80.76,80.76,452500
13/02/2023,80.84,84.05,79.74,82.98,82.98,732000
14/02/2023,81.85,83.19,80.69,81.89,81.89,363700
15/02/2023,81.31,83.99,81.04,83.35,83.35,448200
16/02/2023,81.6,83.01,81.12,81.46,81.46,382400
17/02/2023,81.58,81.83,79.58,81.31,81.31,319700
21/02/2023,79.8,80.3,75.82,76.13,76.13,632600
22/02/2023,75.79,77.83,75.31,76.15,76.15,587700
23/02/2023,76.49,77.8,75.55,77.79,77.79,409900
24/02/2023,75.57,76.6,74.73,75.4,75.4,511900
27/02/2023,76.35,76.92,75.35,76.02,76.02,515300
28/02/2023,76.31,78.18,76.31,77.45,77.45,457400
01/03/2023,77.11,78.87,76.31,76.62,76.62,493900
02/03/2023,76.24,77.28,75.31,76.63,76.63,312000
03/03/2023,77.19,81.33,76.71,80.6,80.6,885500
06/03/2023,81.89,82.54,78.53,78.83,78.83,859400
07/03/2023,78.89,80.25,77.67,78.54,78.54,580400
08/03/2023,78.46,79.26,77.0,78.5,78.5,544700
09/03/2023,77.83,78.89,75.47,75.63,75.63,662800
10/03/2023,75.3,75.35,72.75,74.5,74.5,628700
13/03/2023,72.89,74.25,71.38,72.5,72.5,706000
14/03/2023,75.2,75.26,72.92,73.95,73.95,489800
15/03/2023,71.91,74.7,71.59,74.21,74.21,648900
16/03/2023,73.85,76.31,72.97,75.03,75.03,527400
17/03/2023,73.65,74.22,71.83,71.93,71.93,850000
20/03/2023,73.13,74.87,71.95,73.32,73.32,450200
21/03/2023,75.1,76.83,74.26,75.57,75.57,504600
22/03/2023,75.47,76.31,73.22,73.26,73.26,594300
23/03/2023,74.0,76.1,72.39,73.51,73.51,551500
24/03/2023,72.62,75.23,71.5,75.18,75.18,459200
27/03/2023,75.66,75.77,73.42,75.02,75.02,647200
28/03/2023,75.28,78.15,74.55,74.84,74.84,578800
29/03/2023,74.65,75.46,73.28,74.44,74.44,545800
30/03/2023,75.48,76.1,74.25,74.82,74.82,450200
31/03/2023,75.18,76.85,74.87,76.64,76.64,478900
03/04/2023,77.12,77.37,74.37,76.67,76.67,681900
04/04/2023,77.6,77.75,73.22,73.6,73.6,679600
05/04/2023,72.59,73.46,71.36,72.31,72.31,657500
06/04/2023,71.71,71.85,70.72,71.24,71.24,515900
10/04/2023,71.48,73.8,71.29,73.62,73.62,929900
11/04/2023,74.0,74.48,72.48,73.96,73.96,674600
12/04/2023,74.75,75.48,72.32,72.67,72.67,514500
13/04/2023,73.19,73.19,71.27,72.32,72.32,832000
14/04/2023,72.67,74.4,71.91,72.71,72.71,640700
17/04/2023,72.99,74.0,72.04,72.4,72.4,489300
18/04/2023,72.48,73.59,72.42,73.21,73.21,554400
19/04/2023,72.76,73.41,71.76,72.57,72.57,523300
20/04/2023,71.8,73.61,71.8,72.2,72.2,594000
21/04/2023,71.93,73.22,71.19,73.19,73.19,611000
24/04/2023,73.06,74.58,72.02,74.47,74.47,590300
25/04/2023,73.6,73.98,69.59,70.09,70.09,893600
26/04/2023,70.0,72.4,70.0,71.42,71.42,532800
27/04/2023,71.54,71.84,68.4,71.09,71.09,704800
28/04/2023,70.89,72.54,70.8,72.47,72.47,386700
01/05/2023,72.61,74.32,72.22,73.34,73.34,718800
02/05/2023,72.78,72.85,70.23,72.62,72.62,594400
03/05/2023,72.5,74.04,71.67,72.73,72.73,701400
04/05/2023,72.14,72.52,70.47,71.61,71.61,576300
05/05/2023,73.01,74.09,72.05,73.87,73.87,489500
08/05/2023,74.08,74.93,71.35,71.67,71.67,938200
09/05/2023,70.45,71.15,69.53,70.55,70.55,576300
10/05/2023,72.49,72.49,69.0,69.88,69.88,725000
11/05/2023,69.58,71.53,69.38,71.36,71.36,417900
12/05/2023,71.61,71.79,69.96,71.01,71.01,461100
15/05/2023,71.0,72.97,70.32,72.42,72.42,897300
16/05/2023,71.29,72.28,69.57,71.89,71.89,996600
17/05/2023,72.52,75.29,71.5,74.8,74.8,1702100
18/05/2023,65.32,68.98,65.0,66.77,66.77,4974400
19/05/2023,66.1,67.11,64.33,64.77,64.77,2100600
22/05/2023,65.02,66.94,64.41,66.0,66.0,1366600
23/05/2023,66.22,68.37,65.09,66.83,66.83,1024300
24/05/2023,67.67,68.34,64.56,65.8,65.8,988000
25/05/2023,65.81,67.79,65.16,67.2,67.2,1050700
26/05/2023,67.2,70.71,66.8,70.51,70.51,1061700
30/05/2023,71.0,71.0,69.21,69.55,69.55,1008100
31/05/2023,69.02,69.47,67.13,67.62,67.62,867500
01/06/2023,67.01,67.89,64.85,65.45,65.45,923800
02/06/2023,65.83,68.24,65.77,68.15,68.15,887000
05/06/2023,67.74,70.75,67.74,70.34,70.34,805000
06/06/2023,70.24,73.56,70.24,72.62,72.62,1141200
07/06/2023,73.37,74.79,72.6,73.52,73.52,512400
08/06/2023,73.5,75.28,72.98,75.24,75.24,650300
09/06/2023,75.78,75.97,72.63,72.83,72.83,702100
12/06/2023,73.32,75.18,72.04,75.14,75.14,665300
13/06/2023,75.96,78.39,75.56,77.85,77.85,599300
14/06/2023,77.9,78.5,76.54,77.53,77.53,579600
15/06/2023,77.54,79.39,77.18,78.54,78.54,546400
16/06/2023,79.38,79.38,76.17,77.02,77.02,841600
20/06/2023,76.52,79.53,76.52,79.12,79.12,769900
21/06/2023,78.74,81.81,77.91,80.9,80.9,698200
22/06/2023,80.85,81.89,79.4,81.37,81.37,543100
23/06/2023,80.31,80.9,78.78,79.04,79.04,797000
26/06/2023,79.06,81.78,78.89,81.39,81.39,854300
27/06/2023,81.06,83.16,80.24,82.91,82.91,455200
28/06/2023,82.79,83.32,81.86,83.24,83.24,476000
29/06/2023,83.54,85.51,83.26,85.0,85.0,528100
30/06/2023,85.47,86.0,84.21,84.69,84.69,478000
03/07/2023,84.27,85.43,84.1,85.28,85.28,290100
05/07/2023,86.39,86.48,84.56,85.68,85.68,434400
06/07/2023,84.69,85.23,83.35,83.93,83.93,506000
07/07/2023,84.72,86.96,84.32,86.2,86.2,449600
10/07/2023,86.01,88.14,85.91,87.63,87.63,830500
11/07/2023,88.07,89.83,87.12,89.45,89.45,554600
12/07/2023,91.08,93.04,90.03,90.14,90.14,1254300
13/07/2023,89.97,90.15,89.04,89.56,89.56,477800
14/07/2023,89.18,90.53,88.11,90.04,90.04,533600
17/07/2023,90.14,93.46,89.88,92.87,92.87,927600
18/07/2023,93.22,94.11,91.29,92.1,92.1,729800
19/07/2023,93.21,94.75,92.43,94.06,94.06,644200
20/07/2023,95.0,96.59,94.19,95.13,95.13,580200
21/07/2023,96.14,96.49,93.05,93.4,93.4,588700
24/07/2023,93.42,93.88,91.65,91.82,91.82,720700
25/07/2023,91.31,93.37,90.88,93.01,93.01,594800
26/07/2023,92.64,95.58,92.64,94.8,94.8,489700
27/07/2023,95.51,96.57,94.26,94.5,94.5,455500
28/07/2023,95.54,96.74,94.6,94.76,94.76,465700
31/07/2023,94.96,95.4,93.3,93.9,93.9,986800
01/08/2023,93.64,93.64,90.85,92.56,92.56,980000
02/08/2023,91.41,92.22,89.91,89.93,89.93,855000
03/08/2023,99.8,104.91,99.06,101.69,101.69,2158500
04/08/2023,102.23,102.62,98.81,99.03,99.03,784900
07/08/2023,98.46,99.61,95.93,98.09,98.09,1211000
08/08/2023,97.9,97.9,94.1,97.58,97.58,929700
09/08/2023,97.74,97.98,94.84,94.98,94.98,588000
10/08/2023,95.81,99.11,95.42,95.97,95.97,739000
11/08/2023,95.1,95.89,94.13,95.34,95.34,433300
14/08/2023,94.33,95.27,92.37,93.22,93.22,795300
15/08/2023,92.41,95.33,91.19,95.23,95.23,925700
16/08/2023,95.5,96.24,93.05,93.19,93.19,825700
17/08/2023,93.41,93.91,91.04,91.28,91.28,692600
18/08/2023,90.2,92.98,90.1,92.39,92.39,596800
21/08/2023,92.33,92.92,91.28,92.45,92.45,597000
22/08/2023,91.49,93.17,90.65,92.72,92.72,671900
23/08/2023,91.86,95.43,91.09,93.89,93.89,925100
24/08/2023,94.53,94.53,90.16,90.25,90.25,524400
25/08/2023,90.59,91.66,88.79,90.33,90.33,452200
28/08/2023,90.06,91.25,87.27,88.33,88.33,1282600
29/08/2023,87.41,92.0,87.31,91.95,91.95,618700
30/08/2023,91.64,92.59,90.67,90.75,90.75,574700
31/08/2023,90.55,92.29,90.16,91.75,91.75,473800
01/09/2023,92.24,94.01,91.78,92.54,92.54,520400
05/09/2023,91.49,91.72,87.35,88.85,88.85,757500
06/09/2023,88.71,89.35,87.49,87.75,87.75,701600
07/09/2023,87.7,88.33,85.91,88.26,88.26,434800
08/09/2023,88.19,89.02,85.4,85.49,85.49,634000
11/09/2023,86.82,88.18,85.87,85.92,85.92,637200
12/09/2023,85.38,86.44,84.65,84.95,84.95,623300
13/09/2023,85.43,85.66,83.88,85.34,85.34,499900
14/09/2023,85.81,89.2,85.81,88.74,88.74,610600
15/09/2023,88.09,89.55,87.27,88.49,88.49,1100000
18/09/2023,88.2,88.35,85.53,85.8,85.8,695000
19/09/2023,84.87,85.05,83.89,84.44,84.44,629600
20/09/2023,84.43,85.04,82.93,83.07,83.07,609500
21/09/2023,82.01,82.83,81.11,81.21,81.21,1109300
22/09/2023,81.88,82.47,79.71,80.83,80.83,844900
25/09/2023,79.83,81.68,79.08,81.43,81.43,923800
26/09/2023,80.8,81.44,79.61,79.73,79.73,494600
27/09/2023,80.36,81.52,79.15,79.41,79.41,974800
28/09/2023,79.46,82.55,79.11,82.28,82.28,698300
29/09/2023,83.85,84.76,80.86,81.19,81.19,654600
02/10/2023,81.03,82.36,80.29,82.23,82.23,585500
03/10/2023,81.68,81.72,79.94,80.21,80.21,431800
04/10/2023,80.35,80.99,76.15,77.95,77.95,1161200
05/10/2023,77.79,78.08,76.05,77.13,77.13,483000
06/10/2023,76.41,80.35,75.87,80.29,80.29,853300
09/10/2023,79.09,81.24,78.99,80.77,80.77,532100
10/10/2023,81.09,82.64,80.87,81.64,81.64,652100
11/10/2023,81.5,82.99,80.19,81.03,81.03,576000
12/10/2023,81.44,81.44,78.43,79.31,79.31,511800
13/10/2023,79.5,80.3,78.31,79.36,79.36,761500
16/10/2023,80.09,81.97,78.48,81.31,81.31,932200
17/10/2023,80.41,82.82,79.29,79.39,79.39,763400
18/10/2023,78.76,78.87,76.23,76.72,76.72,1005800
19/10/2023,76.52,78.06,75.92,76.15,76.15,633100
20/10/2023,76.12,77.14,75.2,76.44,76.44,603500
23/10/2023,76.18,77.46,74.47,74.79,74.79,930400
24/10/2023,75.58,75.93,72.75,72.76,72.76,909900
25/10/2023,71.46,72.43,69.72,69.78,69.78,1186600
26/10/2023,69.87,70.19,67.72,68.88,68.88,964100
27/10/2023,68.93,70.28,67.54,69.46,69.46,983700
30/10/2023,70.3,70.66,66.84,69.42,69.42,1053200
31/10/2023,69.4,70.45,67.82,69.5,69.5,978600
01/11/2023,69.06,69.06,66.73,68.57,68.57,965200
02/11/2023,69.55,70.0,67.53,69.32,69.32,1113600
03/11/2023,70.0,76.01,70.0,75.27,75.27,2309500
06/11/2023,75.48,76.96,74.46,75.8,75.8,1114100
07/11/2023,75.63,76.01,74.54,74.88,74.88,961100
08/11/2023,74.58,75.6,73.92,74.51,74.51,612700
09/11/2023,75.17,75.17,71.62,71.9,71.9,745000
10/11/2023,72.48,72.74,69.93,72.52,72.52,1100800
13/11/2023,71.45,71.45,68.62,68.98,68.98,1319000
14/11/2023,72.18,74.04,71.37,72.08,72.08,1124800
15/11/2023,73.0,76.09,72.84,75.61,75.61,1079200
16/11/2023,74.76,74.76,71.36,72.52,72.52,959800
17/11/2023,74.05,74.93,70.52,71.09,71.09,831900
20/11/2023,70.68,71.38,69.73,71.36,71.36,647300
21/11/2023,71.72,72.49,70.92,71.66,71.66,582500
22/11/2023,72.01,72.98,70.79,71.07,71.07,722100
24/11/2023,71.23,71.43,70.28,71.33,71.33,205900
27/11/2023,70.79,71.48,69.97,70.9,70.9,743300
28/11/2023,70.48,72.93,70.26,72.02,72.02,614600
29/11/2023,73.0,74.06,72.54,73.07,73.07,842400
30/11/2023,73.68,73.86,71.8,73.28,73.28,744900
01/12/2023,73.24,78.67,72.6,78.45,78.45,959100
04/12/2023,77.93,79.8,77.74,78.57,78.57,890300
05/12/2023,77.62,77.64,74.42,75.69,75.69,838600
06/12/2023,76.77,77.5,74.38,74.43,74.43,529100
07/12/2023,74.81,75.3,73.1,74.43,74.43,682500
08/12/2023,73.61,74.82,73.45,74.11,74.11,611900
11/12/2023,74.84,76.31,74.26,75.16,75.16,882800
12/12/2023,74.8,75.06,73.91,74.5,74.5,464900
13/12/2023,74.44,74.75,71.75,74.43,74.43,927400
14/12/2023,77.12,83.13,77.12,81.65,81.65,1451800
15/12/2023,81.55,81.9,77.04,77.1,77.1,1958200
18/12/2023,76.7,78.29,75.3,76.83,76.83,622300
19/12/2023,77.21,78.36,75.78,76.6,76.6,697800
20/12/2023,76.31,78.23,74.56,75.53,75.53,1198000
21/12/2023,76.79,77.89,76.23,77.33,77.33,671600
22/12/2023,76.2,78.09,75.74,77.15,77.15,677300
26/12/2023,77.71,79.0,77.26,78.67,78.67,751800
27/12/2023,78.73,79.66,78.17,78.78,78.78,661600
28/12/2023,78.46,78.6,76.21,77.24,77.24,819800
29/12/2023,77.54,78.93,76.46,76.76,76.76,1086900
02/01/2024,76.09,76.79,73.36,75.34,75.34,1325900
03/01/2024,74.36,74.38,72.47,73.05,73.05,888600
04/01/2024,71.23,72.4,68.37,71.45,71.45,1545700
05/01/2024,73.02,75.81,71.02,71.4,71.4,1125900
08/01/2024,75.89,78.17,74.06,76.59,76.59,1877200
09/01/2024,75.76,76.12,71.94,71.97,71.97,1336900
10/01/2024,71.71,74.98,71.15,74.41,74.41,886500
11/01/2024,74.12,74.12,72.08,73.31,73.31,771900
12/01/2024,73.71,74.24,71.73,72.38,72.38,542300
16/01/2024,70.8,71.31,70.08,71.23,71.23,880700
17/01/2024,70.34,70.67,69.63,70.55,70.55,803900
18/01/2024,71.2,71.2,69.36,69.94,69.94,608000
19/01/2024,70.32,72.18,69.35,71.89,71.89,586600
22/01/2024,72.31,74.18,71.54,73.17,73.17,748800
23/01/2024,74.33,74.82,72.52,73.59,73.59,911200
24/01/2024,74.73,74.74,73.05,73.08,73.08,894300
25/01/2024,73.91,73.98,71.97,73.0,73.0,734900
26/01/2024,73.86,74.34,73.41,73.73,73.73,550100
29/01/2024,73.92,75.51,73.65,75.43,75.43,835200
30/01/2024,74.77,75.77,73.56,73.91,73.91,958200
31/01/2024,73.88,75.36,71.54,71.74,71.74,1368700
01/02/2024,77.01,80.15,74.66,79.14,79.14,3390200
02/02/2024,77.7,82.99,77.11,82.25,82.25,1524700
05/02/2024,80.73,82.36,80.33,81.52,81.52,1252100
06/02/2024,81.7,82.47,80.82,81.62,81.62,779500
07/02/2024,81.19,84.49,81.08,84.12,84.12,920400
08/02/2024,84.69,87.69,84.43,84.73,84.73,822900
09/02/2024,84.73,88.67,84.55,87.73,87.73,1080200
12/02/2024,87.38,89.93,87.38,88.8,88.8,965500
13/02/2024,84.8,88.76,84.41,87.33,87.33,982500
14/02/2024,89.11,90.84,88.13,90.44,90.44,696900
15/02/2024,91.17,91.57,89.59,90.6,90.6,505000
16/02/2024,89.45,91.11,89.02,90.66,90.66,742100
20/02/2024,89.44,90.38,88.8,89.57,89.57,721200
21/02/2024,88.93,89.61,87.57,88.46,88.46,669300
22/02/2024,89.36,89.74,88.13,88.75,88.75,535900
23/02/2024,88.81,91.58,88.32,89.02,89.02,490400
26/02/2024,88.75,91.16,88.75,89.98,89.98,572200
27/02/2024,90.52,91.14,89.61,90.51,90.51,470000
28/02/2024,89.4,90.95,89.11,90.0,90.0,452500
29/02/2024,91.32,93.46,91.32,92.5,92.5,1211800
01/03/2024,92.19,93.89,91.55,92.15,92.15,739300
04/03/2024,91.79,92.62,91.03,91.4,91.4,579000
05/03/2024,90.72,91.35,89.48,89.5,89.5,437900
06/03/2024,89.9,90.77,88.83,89.84,89.84,442300
07/03/2024,89.98,91.72,89.77,90.18,90.18,453700
08/03/2024,90.97,91.45,89.2,89.28,89.28,382000
11/03/2024,88.29,89.21,87.18,87.92,87.92,492100
12/03/2024,88.13,88.82,85.69,85.97,85.97,521500
13/03/2024,84.76,86.9,84.33,86.72,86.72,936900
14/03/2024,86.72,87.29,85.64,86.5,86.5,602100
15/03/2024,85.62,87.69,85.62,86.65,86.65,699600
18/03/2024,86.35,86.63,83.36,83.47,83.47,670100
19/03/2024,82.95,85.79,82.67,85.04,85.04,467400
20/03/2024,84.91,87.52,84.91,87.46,87.46,463700
21/03/2024,87.46,88.07,86.07,86.81,86.81,514300
22/03/2024,85.5,86.2,84.28,84.45,84.45,410500
25/03/2024,85.1,86.59,84.83,85.18,85.18,518000
26/03/2024,85.85,87.63,85.49,87.47,87.47,495700
27/03/2024,88.63,91.89,88.35,91.32,91.32,671600
28/03/2024,91.56,95.37,91.56,95.15,95.15,1085900
01/04/2024,95.56,100.3,95.46,99.64,99.64,1342400
02/04/2024,98.09,98.65,95.28,97.19,97.19,859600
03/04/2024,97.22,98.63,96.31,98.25,98.25,730200
04/04/2024,99.91,104.39,97.43,98.25,98.25,975700
05/04/2024,97.99,100.92,97.83,100.85,100.85,718700
08/04/2024,101.54,102.17,99.74,101.0,101.0,855400
09/04/2024,102.72,103.6,100.51,101.87,101.87,727700
10/04/2024,98.92,99.68,97.54,98.76,98.76,996300
11/04/2024,99.22,100.58,98.06,100.49,100.49,756200
12/04/2024,100.93,101.5,98.69,99.18,99.18,658900
15/04/2024,99.38,100.54,97.55,98.15,98.15,934800
16/04/2024,98.3,102.4,97.65,101.25,101.25,873500
17/04/2024,101.62,102.31,98.72,101.05,101.05,545400
18/04/2024,101.2,101.68,97.56,98.61,98.61,730800
19/04/2024,99.21,101.04,98.71,99.62,99.62,533600
22/04/2024,100.2,104.19,99.76,103.18,103.18,864400
23/04/2024,104.17,109.51,104.17,106.71,106.71,1054600
24/04/2024,106.0,108.06,105.02,107.35,107.35,473800
25/04/2024,106.19,108.21,104.72,107.28,107.28,444900
26/04/2024,107.48,108.96,107.1,107.79,107.79,444200
29/04/2024,109.37,110.89,108.43,109.79,109.79,614900
30/04/2024,108.58,109.16,106.2,106.47,106.47,824700
01/05/2024,106.75,107.3,101.76,102.06,102.06,1063700
02/05/2024,103.94,104.46,102.73,104.18,104.18,676400
03/05/2024,105.52,106.32,103.79,105.3,105.3,629300
06/05/2024,105.94,106.14,104.47,104.75,104.75,557000
07/05/2024,104.75,106.24,102.48,102.8,102.8,736500
08/05/2024,99.36,105.17,98.52,103.6,103.6,1101100
09/05/2024,104.64,107.95,103.76,107.0,107.0,915500
10/05/2024,107.25,107.42,103.26,103.75,103.75,935200
13/05/2024,105.38,108.99,104.68,106.86,106.86,1454400
14/05/2024,107.5,108.89,105.13,107.03,107.03,1794700
15/05/2024,106.72,111.43,104.64,109.98,109.98,1933400
16/05/2024,109.98,115.97,109.6,111.69,111.69,1298900
17/05/2024,112.17,114.1,111.81,113.68,113.68,655700
20/05/2024,113.47,115.49,112.77,114.99,114.99,640900
21/05/2024,114.89,115.25,113.11,113.55,113.55,521900
22/05/2024,113.83,113.83,109.16,110.28,110.28,520900
23/05/2024,110.21,112.69,109.39,111.23,111.23,801800
24/05/2024,112.52,113.98,111.0,113.25,113.25,502500
28/05/2024,113.5,113.64,111.04,112.18,112.18,655100
29/05/2024,111.95,114.38,110.27,114.0,114.0,440100
30/05/2024,113.81,114.64,112.75,114.12,114.12,621700
31/05/2024,113.82,119.56,113.57,118.93,118.93,815100
03/06/2024,120.84,125.37,120.84,123.15,123.15,1454900
04/06/2024,128.93,129.95,125.26,128.67,128.67,1541300
05/06/2024,129.6,131.85,127.8,128.8,128.8,1025100
06/06/2024,128.22,129.09,126.79,128.7,128.7,603000
07/06/2024,128.84,128.84,125.55,128.01,128.01,600600
10/06/2024,127.02,130.34,126.37,129.82,129.82,702300
11/06/2024,129.54,129.54,126.31,126.93,126.93,555200
12/06/2024,130.24,132.03,129.06,130.67,130.67,605300
13/06/2024,130.29,131.15,127.84,130.22,130.22,674200
14/06/2024,128.88,129.79,126.13,126.44,126.44,624100
17/06/2024,127.1,130.85,126.51,130.38,130.38,733700
18/06/2024,130.37,134.0,129.78,133.81,133.81,734800
20/06/2024,133.63,134.61,128.13,128.68,128.68,1061400
21/06/2024,128.19,129.41,126.81,129.08,129.08,798600
24/06/2024,129.1,132.33,128.84,129.43,129.43,634700
25/06/2024,129.08,130.05,127.09,127.84,127.84,759300
26/06/2024,127.71,127.94,125.57,127.62,127.62,604000
27/06/2024,126.24,128.57,124.67,128.37,128.37,794000
28/06/2024,126.52,131.13,124.13,128.93,128.93,924000
01/07/2024,130.17,130.67,126.96,130.13,130.13,1013100
02/07/2024,129.95,131.4,127.63,131.4,131.4,469800
03/07/2024,131.4,131.5,127.31,127.47,127.47,335200
05/07/2024,127.46,128.39,126.47,128.21,128.21,474300
08/07/2024,129.76,129.77,127.9,129.43,129.43,490300
09/07/2024,128.95,129.42,122.92,124.74,124.74,632300
10/07/2024,125.06,126.06,123.92,125.17,125.17,729100
11/07/2024,126.78,128.13,124.59,127.23,127.23,884100
12/07/2024,127.85,128.94,125.27,125.31,125.31,678800
15/07/2024,124.44,130.26,123.0,128.73,128.73,1201100
16/07/2024,130.25,133.67,129.99,130.98,130.98,853400
17/07/2024,127.53,129.29,122.01,122.42,122.42,1077200
18/07/2024,122.75,123.29,117.17,119.66,119.66,1168000
19/07/2024,121.15,122.39,118.64,119.63,119.63,713100
22/07/2024,122.58,125.61,120.4,123.83,123.83,906100
23/07/2024,123.71,125.12,122.13,122.54,122.54,401500
24/07/2024,118.25,121.04,115.38,118.26,118.26,774000
25/07/2024,120.64,123.82,118.29,122.19,122.19,547200
26/07/2024,124.71,130.59,123.83,129.83,129.83,669800
29/07/2024,130.13,131.49,128.65,130.29,130.29,597000
30/07/2024,131.0,131.99,128.78,130.01,130.01,410400
31/07/2024,131.56,137.48,128.88,133.48,133.48,619800
01/08/2024,133.76,133.76,125.33,127.53,127.53,602300
02/08/2024,122.0,122.12,112.64,118.14,118.14,1242300
05/08/2024,110.93,119.34,110.65,119.07,119.07,926400
06/08/2024,119.14,120.4,116.18,117.56,117.56,727800
07/08/2024,119.62,121.29,115.01,115.7,115.7,972900
08/08/2024,126.88,133.48,119.8,131.71,131.71,1625400
09/08/2024,130.74,133.96,129.66,133.88,133.88,919600
12/08/2024,133.93,137.2,132.75,136.97,136.97,651900
13/08/2024,137.99,138.78,134.07,135.09,135.09,731600
14/08/2024,135.28,135.49,132.15,132.83,132.83,336800
15/08/2024,138.47,141.87,137.12,140.02,140.02,656600
16/08/2024,139.01,141.42,137.27,137.48,137.48,471300
19/08/2024,137.45,139.25,135.92,136.28,136.28,361500
20/08/2024,136.04,137.38,134.76,136.67,136.67,388500
21/08/2024,140.84,141.51,137.77,139.64,139.64,570000
22/08/2024,138.77,139.52,137.21,138.8,138.8,284900
23/08/2024,140.52,143.02,138.92,142.39,142.39,568100
26/08/2024,143.37,143.57,141.18,141.88,141.88,438400
27/08/2024,140.0,141.7,138.5,141.01,141.01,447500
28/08/2024,139.55,139.55,136.13,136.31,136.31,476800
29/08/2024,137.57,140.18,136.1,137.6,137.6,406200
30/08/2024,138.39,138.39,132.83,134.17,134.17,502300
03/09/2024,131.98,135.94,131.98,135.47,135.47,413400
04/09/2024,134.26,135.62,132.59,135.29,135.29,287700
05/09/2024,135.92,137.56,133.71,134.9,134.9,301200
06/09/2024,134.56,136.74,133.59,135.51,135.51,388900
09/09/2024,135.03,140.47,133.78,139.55,139.55,827000
10/09/2024,153.5,162.16,148.32,153.42,153.42,1995600
11/09/2024,153.45,153.89,146.1,148.23,148.23,697900
12/09/2024,147.87,152.33,147.39,150.45,150.45,447900
13/09/2024,152.37,156.27,152.11,154.55,154.55,451300
16/09/2024,154.46,157.77,153.77,154.97,154.97,422800
17/09/2024,156.37,160.2,155.49,156.94,156.94,428600
