Date,Open,High,Low,Close,Adj Close,Volume
27/08/1990,0.0,3.38,3.12,3.12,2.68,200
28/08/1990,3.12,3.12,3.12,3.12,2.68,0
29/08/1990,0.0,3.38,3.12,3.12,2.68,600
30/08/1990,3.12,3.12,3.12,3.12,2.68,0
31/08/1990,3.12,3.12,3.12,3.12,2.68,0
04/09/1990,3.12,3.12,3.12,3.12,2.68,0
05/09/1990,3.12,3.12,3.12,3.12,2.68,0
06/09/1990,0.0,3.25,2.88,2.88,2.46,2000
07/09/1990,0.0,3.0,2.5,2.5,2.14,800
10/09/1990,2.5,2.5,2.5,2.5,2.14,0
11/09/1990,2.5,2.5,2.5,2.5,2.14,0
12/09/1990,2.5,2.5,2.5,2.5,2.14,0
13/09/1990,2.5,2.5,2.5,2.5,2.14,0
14/09/1990,2.5,2.5,2.5,2.5,2.14,0
17/09/1990,2.5,2.5,2.5,2.5,2.14,0
18/09/1990,2.5,2.5,2.5,2.5,2.14,0
19/09/1990,2.5,2.5,2.5,2.5,2.14,0
20/09/1990,2.5,2.5,2.5,2.5,2.14,0
21/09/1990,0.0,2.88,2.38,2.38,2.04,400
24/09/1990,2.38,2.38,2.38,2.38,2.04,0
25/09/1990,0.0,2.75,2.38,2.38,2.04,3000
26/09/1990,2.38,2.38,2.38,2.38,2.04,0
27/09/1990,0.0,2.62,2.12,2.12,1.82,2400
28/09/1990,2.12,2.12,2.12,2.12,1.82,0
01/10/1990,2.12,2.12,2.12,2.12,1.82,0
02/10/1990,2.12,2.12,2.12,2.12,1.82,0
03/10/1990,0.0,2.5,2.12,2.12,1.82,4000
04/10/1990,2.12,2.12,2.12,2.12,1.82,0
05/10/1990,2.12,2.12,2.12,2.12,1.82,0
08/10/1990,2.12,2.12,2.12,2.12,1.82,0
09/10/1990,2.12,2.12,2.12,2.12,1.82,0
10/10/1990,0.0,2.88,2.38,2.38,2.04,8000
11/10/1990,0.0,2.75,2.5,2.5,2.14,2000
12/10/1990,2.5,2.5,2.5,2.5,2.14,0
15/10/1990,2.5,2.5,2.5,2.5,2.14,0
16/10/1990,2.5,2.5,2.5,2.5,2.14,0
17/10/1990,2.5,2.5,2.5,2.5,2.14,0
18/10/1990,2.5,2.5,2.5,2.5,2.14,0
19/10/1990,2.5,2.5,2.5,2.5,2.14,0
22/10/1990,2.5,2.5,2.5,2.5,2.14,0
23/10/1990,2.5,2.5,2.5,2.5,2.14,0
24/10/1990,2.5,2.5,2.5,2.5,2.14,0
25/10/1990,0.0,2.75,2.5,2.5,2.14,600
26/10/1990,2.5,2.5,2.5,2.5,2.14,0
29/10/1990,2.5,2.5,2.5,2.5,2.14,0
30/10/1990,0.0,3.0,2.5,2.5,2.14,2000
31/10/1990,2.5,2.5,2.5,2.5,2.14,0
01/11/1990,0.0,3.0,2.62,2.62,2.25,200
02/11/1990,2.62,2.62,2.62,2.62,2.25,0
05/11/1990,2.62,2.62,2.62,2.62,2.25,0
06/11/1990,2.62,2.62,2.62,2.62,2.25,0
07/11/1990,2.62,2.62,2.62,2.62,2.25,0
08/11/1990,2.62,2.62,2.62,2.62,2.25,0
09/11/1990,0.0,2.88,2.5,2.5,2.14,3800
12/11/1990,2.5,2.5,2.5,2.5,2.14,0
13/11/1990,0.0,2.75,2.38,2.38,2.04,1200
14/11/1990,2.38,2.38,2.38,2.38,2.04,0
15/11/1990,2.38,2.38,2.38,2.38,2.04,0
16/11/1990,2.38,2.38,2.38,2.38,2.04,0
19/11/1990,0.0,2.69,2.25,2.25,1.93,0
20/11/1990,2.25,2.25,2.25,2.25,1.93,0
21/11/1990,2.25,2.25,2.25,2.25,1.93,0
23/11/1990,2.25,2.25,2.25,2.25,1.93,0
26/11/1990,2.25,2.25,2.25,2.25,1.93,0
27/11/1990,2.25,2.25,2.25,2.25,1.93,0
28/11/1990,0.0,2.88,2.38,2.38,2.04,1200
29/11/1990,2.38,2.38,2.38,2.38,2.04,0
30/11/1990,2.38,2.38,2.38,2.38,2.04,0
03/12/1990,2.38,2.38,2.38,2.38,2.04,0
04/12/1990,2.38,2.38,2.38,2.38,2.04,0
05/12/1990,2.38,2.38,2.38,2.38,2.04,0
06/12/1990,2.38,2.38,2.38,2.38,2.04,0
07/12/1990,0.0,2.75,2.38,2.38,2.04,400
10/12/1990,2.38,2.38,2.38,2.38,2.04,0
11/12/1990,2.38,2.38,2.38,2.38,2.04,0
12/12/1990,2.38,2.38,2.38,2.38,2.04,0
13/12/1990,2.38,2.38,2.38,2.38,2.04,0
14/12/1990,0.0,2.75,2.38,2.38,2.04,2000
17/12/1990,2.38,2.38,2.38,2.38,2.04,0
18/12/1990,0.0,2.75,2.5,2.5,2.14,200
19/12/1990,0.0,3.25,2.75,2.75,2.36,800
20/12/1990,2.75,2.75,2.75,2.75,2.36,0
21/12/1990,2.75,2.75,2.75,2.75,2.36,0
24/12/1990,2.75,2.75,2.75,2.75,2.36,0
26/12/1990,2.75,2.75,2.75,2.75,2.36,0
27/12/1990,2.75,2.75,2.75,2.75,2.36,0
28/12/1990,0.0,3.25,2.88,2.88,2.46,2000
31/12/1990,2.88,2.88,2.88,2.88,2.46,0
02/01/1991,2.88,2.88,2.88,2.88,2.46,0
03/01/1991,2.88,2.88,2.88,2.88,2.46,0
04/01/1991,2.88,2.88,2.88,2.88,2.46,0
07/01/1991,0.0,3.12,2.62,2.62,2.25,4000
08/01/1991,2.62,2.62,2.62,2.62,2.25,0
09/01/1991,2.62,2.62,2.62,2.62,2.25,0
10/01/1991,2.62,2.62,2.62,2.62,2.25,0
11/01/1991,2.62,2.62,2.62,2.62,2.25,0
14/01/1991,2.62,2.62,2.62,2.62,2.25,0
15/01/1991,2.62,2.62,2.62,2.62,2.25,0
16/01/1991,2.62,2.62,2.62,2.62,2.25,0
17/01/1991,2.62,2.62,2.62,2.62,2.25,0
18/01/1991,2.62,2.62,2.62,2.62,2.25,0
21/01/1991,2.62,2.62,2.62,2.62,2.25,0
22/01/1991,2.62,2.62,2.62,2.62,2.25,0
23/01/1991,2.62,2.62,2.62,2.62,2.25,0
24/01/1991,2.62,2.62,2.62,2.62,2.25,0
25/01/1991,0.0,3.12,2.75,2.75,2.36,400
28/01/1991,0.0,3.5,3.12,3.12,2.68,3000
29/01/1991,3.12,3.12,3.12,3.12,2.68,0
30/01/1991,3.12,3.12,3.12,3.12,2.68,0
31/01/1991,3.12,3.12,3.12,3.12,2.68,0
01/02/1991,3.12,3.12,3.12,3.12,2.68,0
04/02/1991,3.12,3.12,3.12,3.12,2.68,0
05/02/1991,3.12,3.12,3.12,3.12,2.68,0
06/02/1991,3.12,3.12,3.12,3.12,2.68,0
07/02/1991,3.12,3.12,3.12,3.12,2.68,0
08/02/1991,0.0,3.75,3.5,3.5,3.0,4400
11/02/1991,3.5,3.5,3.5,3.5,3.0,0
12/02/1991,0.0,3.88,3.5,3.5,3.0,5000
13/02/1991,0.0,3.88,3.62,3.62,3.11,5000
14/02/1991,3.62,3.62,3.62,3.62,3.11,0
15/02/1991,3.62,3.62,3.62,3.62,3.11,0
19/02/1991,3.62,3.62,3.62,3.62,3.11,0
20/02/1991,0.0,3.88,3.62,3.62,3.11,2000
21/02/1991,3.62,3.62,3.62,3.62,3.11,0
22/02/1991,0.0,3.75,3.62,3.62,3.11,8000
25/02/1991,3.62,3.62,3.62,3.62,3.11,0
26/02/1991,3.62,3.62,3.62,3.62,3.11,0
27/02/1991,3.62,3.62,3.62,3.62,3.11,0
28/02/1991,3.62,3.62,3.62,3.62,3.11,0
01/03/1991,0.0,3.81,3.5,3.5,3.0,1200
04/03/1991,3.5,3.5,3.5,3.5,3.0,0
05/03/1991,3.5,3.5,3.5,3.5,3.0,0
06/03/1991,3.5,3.5,3.5,3.5,3.0,0
07/03/1991,0.0,3.75,3.5,3.5,3.0,2000
08/03/1991,3.5,3.5,3.5,3.5,3.0,0
11/03/1991,3.5,3.5,3.5,3.5,3.0,0
12/03/1991,0.0,3.88,3.5,3.5,3.0,1600
13/03/1991,3.5,3.5,3.5,3.5,3.0,0
14/03/1991,0.0,3.88,3.5,3.5,3.0,400
15/03/1991,3.5,3.5,3.5,3.5,3.0,0
18/03/1991,3.5,3.5,3.5,3.5,3.0,0
19/03/1991,3.5,3.5,3.5,3.5,3.0,0
20/03/1991,3.5,3.5,3.5,3.5,3.0,0
21/03/1991,3.5,3.5,3.5,3.5,3.0,0
22/03/1991,3.5,3.5,3.5,3.5,3.0,0
25/03/1991,3.5,3.5,3.5,3.5,3.0,0
26/03/1991,0.0,3.88,3.5,3.5,3.0,1600
27/03/1991,3.5,3.5,3.5,3.5,3.0,0
28/03/1991,0.0,3.88,3.5,3.5,3.0,600
01/04/1991,3.5,3.5,3.5,3.5,3.0,0
02/04/1991,0.0,3.88,3.5,3.5,3.0,1400
03/04/1991,3.5,3.5,3.5,3.5,3.0,0
04/04/1991,3.5,3.5,3.5,3.5,3.0,0
05/04/1991,3.5,3.5,3.5,3.5,3.0,0
08/04/1991,3.5,3.5,3.5,3.5,3.0,0
09/04/1991,0.0,4.0,3.62,3.62,3.11,1800
10/04/1991,3.62,3.62,3.62,3.62,3.11,0
11/04/1991,3.62,3.62,3.62,3.62,3.11,0
12/04/1991,0.0,4.0,3.62,3.62,3.11,200
15/04/1991,3.62,3.62,3.62,3.62,3.11,0
16/04/1991,0.0,4.0,3.62,3.62,3.11,200
17/04/1991,3.62,3.62,3.62,3.62,3.11,0
18/04/1991,0.0,4.0,3.62,3.62,3.11,200
19/04/1991,0.0,4.0,3.62,3.62,3.11,600
22/04/1991,3.62,3.62,3.62,3.62,3.11,0
23/04/1991,3.62,3.62,3.62,3.62,3.11,0
24/04/1991,3.62,3.62,3.62,3.62,3.11,0
25/04/1991,3.62,3.62,3.62,3.62,3.11,0
26/04/1991,0.0,4.0,3.62,3.62,3.11,2400
29/04/1991,0.0,4.0,3.62,3.62,3.11,200
30/04/1991,3.62,3.62,3.62,3.62,3.11,0
01/05/1991,3.62,3.62,3.62,3.62,3.11,0
02/05/1991,0.0,4.0,3.62,3.62,3.11,200
03/05/1991,0.0,4.0,3.62,3.62,3.11,2200
06/05/1991,3.62,3.62,3.62,3.62,3.11,0
07/05/1991,3.62,3.62,3.62,3.62,3.11,0
08/05/1991,3.62,3.62,3.62,3.62,3.11,0
09/05/1991,3.62,3.62,3.62,3.62,3.11,0
10/05/1991,0.0,4.12,3.62,3.62,3.11,2000
13/05/1991,3.62,3.62,3.62,3.62,3.11,0
14/05/1991,3.62,3.62,3.62,3.62,3.11,0
15/05/1991,3.62,3.62,3.62,3.62,3.11,0
16/05/1991,3.62,3.62,3.62,3.62,3.11,0
17/05/1991,3.62,3.62,3.62,3.62,3.11,0
20/05/1991,3.62,3.62,3.62,3.62,3.11,0
21/05/1991,3.62,3.62,3.62,3.62,3.11,0
22/05/1991,3.62,3.62,3.62,3.62,3.11,0
23/05/1991,3.62,3.62,3.62,3.62,3.11,0
24/05/1991,3.62,3.62,3.62,3.62,3.11,0
28/05/1991,3.62,3.62,3.62,3.62,3.11,0
29/05/1991,3.62,3.62,3.62,3.62,3.11,0
30/05/1991,3.62,3.62,3.62,3.62,3.11,0
31/05/1991,3.62,3.62,3.62,3.62,3.11,0
03/06/1991,3.62,3.62,3.62,3.62,3.11,0
04/06/1991,3.62,3.62,3.62,3.62,3.11,0
05/06/1991,0.0,4.12,3.62,3.62,3.11,200
06/06/1991,3.62,3.62,3.62,3.62,3.11,0
07/06/1991,3.62,3.62,3.62,3.62,3.11,0
10/06/1991,3.62,3.62,3.62,3.62,3.11,0
11/06/1991,3.62,3.62,3.62,3.62,3.11,0
12/06/1991,3.62,3.62,3.62,3.62,3.11,0
13/06/1991,3.62,3.62,3.62,3.62,3.11,0
14/06/1991,0.0,4.25,3.88,3.88,3.32,1200
17/06/1991,3.88,3.88,3.88,3.88,3.32,0
18/06/1991,3.88,3.88,3.88,3.88,3.32,0
19/06/1991,3.88,3.88,3.88,3.88,3.32,0
20/06/1991,3.88,3.88,3.88,3.88,3.32,0
21/06/1991,3.88,3.88,3.88,3.88,3.32,0
24/06/1991,3.88,3.88,3.88,3.88,3.32,0
25/06/1991,3.88,3.88,3.88,3.88,3.32,0
26/06/1991,3.88,3.88,3.88,3.88,3.32,0
27/06/1991,3.88,3.88,3.88,3.88,3.32,0
28/06/1991,3.88,3.88,3.88,3.88,3.32,0
01/07/1991,3.88,3.88,3.88,3.88,3.32,0
02/07/1991,0.0,4.38,3.88,3.88,3.32,200
03/07/1991,3.88,3.88,3.88,3.88,3.32,0
05/07/1991,3.88,3.88,3.88,3.88,3.32,0
08/07/1991,3.88,3.88,3.88,3.88,3.32,0
09/07/1991,3.88,3.88,3.88,3.88,3.32,0
10/07/1991,3.88,3.88,3.88,3.88,3.32,0
11/07/1991,3.88,3.88,3.88,3.88,3.32,0
12/07/1991,0.0,4.38,4.0,4.0,3.43,200
15/07/1991,0.0,4.62,4.12,4.12,3.53,400
16/07/1991,0.0,4.75,4.38,4.38,3.75,1000
17/07/1991,0.0,4.88,4.5,4.5,3.86,1200
18/07/1991,4.5,4.5,4.5,4.5,3.86,0
19/07/1991,0.0,5.12,4.62,4.62,3.96,400
22/07/1991,0.0,5.12,4.62,4.62,3.96,800
23/07/1991,4.62,4.62,4.62,4.62,3.96,0
24/07/1991,4.62,4.62,4.62,4.62,3.96,0
25/07/1991,4.62,4.62,4.62,4.62,3.96,0
26/07/1991,4.62,4.62,4.62,4.62,3.96,0
29/07/1991,4.62,4.62,4.62,4.62,3.96,0
30/07/1991,4.62,4.62,4.62,4.62,3.96,0
31/07/1991,4.62,4.62,4.62,4.62,3.96,0
01/08/1991,4.62,4.62,4.62,4.62,3.96,0
02/08/1991,4.62,4.62,4.62,4.62,3.96,0
05/08/1991,4.62,4.62,4.62,4.62,3.96,0
06/08/1991,4.62,4.62,4.62,4.62,3.96,0
07/08/1991,4.62,4.62,4.62,4.62,3.96,0
08/08/1991,4.62,4.62,4.62,4.62,3.96,0
09/08/1991,4.62,4.62,4.62,4.62,3.96,0
12/08/1991,4.62,4.62,4.62,4.62,3.96,0
13/08/1991,4.62,4.62,4.62,4.62,3.96,0
14/08/1991,0.0,5.0,4.62,4.62,3.96,4000
15/08/1991,4.62,4.62,4.62,4.62,3.96,0
16/08/1991,0.0,5.0,4.62,4.62,3.96,800
19/08/1991,4.62,4.62,4.62,4.62,3.96,0
20/08/1991,4.62,4.62,4.62,4.62,3.96,0
21/08/1991,4.62,4.62,4.62,4.62,3.96,0
22/08/1991,4.62,4.62,4.62,4.62,3.96,0
23/08/1991,0.0,5.12,4.62,4.62,3.96,4600
26/08/1991,4.62,4.62,4.62,4.62,3.96,0
27/08/1991,0.0,5.0,4.62,4.62,3.96,1200
28/08/1991,4.62,4.62,4.62,4.62,3.96,0
29/08/1991,4.62,4.62,4.62,4.62,3.96,0
30/08/1991,0.0,5.0,4.5,4.5,3.86,1400
03/09/1991,4.5,4.5,4.5,4.5,3.86,0
04/09/1991,4.5,4.5,4.5,4.5,3.86,0
05/09/1991,4.5,4.5,4.5,4.5,3.86,0
06/09/1991,4.5,4.5,4.5,4.5,3.86,0
09/09/1991,4.5,4.5,4.5,4.5,3.86,0
10/09/1991,4.5,4.5,4.5,4.5,3.86,0
11/09/1991,4.5,4.5,4.5,4.5,3.86,0
12/09/1991,0.0,5.0,4.62,4.62,3.96,4000
13/09/1991,4.62,4.62,4.62,4.62,3.96,0
16/09/1991,4.62,4.62,4.62,4.62,3.96,0
17/09/1991,4.62,4.62,4.62,4.62,3.96,0
18/09/1991,4.62,4.62,4.62,4.62,3.96,0
19/09/1991,4.62,4.62,4.62,4.62,3.96,0
20/09/1991,4.62,4.62,4.62,4.62,3.96,0
23/09/1991,4.62,4.62,4.62,4.62,3.96,0
24/09/1991,4.62,4.62,4.62,4.62,3.96,0
25/09/1991,4.62,4.62,4.62,4.62,3.96,0
26/09/1991,4.62,4.62,4.62,4.62,3.96,0
27/09/1991,4.62,4.62,4.62,4.62,3.96,0
30/09/1991,4.62,4.62,4.62,4.62,3.96,0
01/10/1991,0.0,5.0,4.62,4.62,3.96,1000
02/10/1991,4.62,4.62,4.62,4.62,3.96,0
03/10/1991,4.62,4.62,4.62,4.62,3.96,0
04/10/1991,4.62,4.62,4.62,4.62,3.96,0
07/10/1991,4.62,4.62,4.62,4.62,3.96,0
08/10/1991,0.0,5.0,4.62,4.62,3.96,1600
09/10/1991,4.62,4.62,4.62,4.62,3.96,0
10/10/1991,0.0,5.0,4.62,4.62,3.96,1400
11/10/1991,4.62,4.62,4.62,4.62,3.96,0
14/10/1991,4.62,4.62,4.62,4.62,3.96,0
15/10/1991,4.62,4.62,4.62,4.62,3.96,0
16/10/1991,4.62,4.62,4.62,4.62,3.96,0
17/10/1991,4.62,4.62,4.62,4.62,3.96,0
18/10/1991,4.62,4.62,4.62,4.62,3.96,0
21/10/1991,4.62,4.62,4.62,4.62,3.96,0
22/10/1991,4.62,4.62,4.62,4.62,3.96,0
23/10/1991,4.62,4.62,4.62,4.62,3.96,0
24/10/1991,4.62,4.62,4.62,4.62,3.96,0
25/10/1991,4.62,4.62,4.62,4.62,3.96,0
28/10/1991,4.62,4.62,4.62,4.62,3.96,0
29/10/1991,4.62,4.62,4.62,4.62,3.96,0
30/10/1991,4.62,4.62,4.62,4.62,3.96,0
31/10/1991,4.62,4.62,4.62,4.62,3.96,0
01/11/1991,4.62,4.62,4.62,4.62,3.96,0
04/11/1991,4.62,4.62,4.62,4.62,3.96,0
05/11/1991,4.62,4.62,4.62,4.62,3.96,0
06/11/1991,4.62,4.62,4.62,4.62,3.96,0
07/11/1991,0.0,4.88,4.5,4.5,3.86,1000
08/11/1991,4.5,4.5,4.5,4.5,3.86,0
11/11/1991,4.5,4.5,4.5,4.5,3.86,0
12/11/1991,0.0,4.88,4.5,4.5,3.86,600
13/11/1991,4.5,4.5,4.5,4.5,3.86,0
14/11/1991,4.5,4.5,4.5,4.5,3.86,0
15/11/1991,4.5,4.5,4.5,4.5,3.86,0
18/11/1991,4.5,4.5,4.5,4.5,3.86,0
19/11/1991,4.5,4.5,4.5,4.5,3.86,0
20/11/1991,4.5,4.5,4.5,4.5,3.86,0
21/11/1991,4.5,4.5,4.5,4.5,3.86,0
22/11/1991,4.5,4.5,4.5,4.5,3.86,0
25/11/1991,4.5,4.5,4.5,4.5,3.86,0
26/11/1991,0.0,4.88,4.38,4.38,3.75,200
27/11/1991,0.0,4.88,4.38,4.38,3.75,200
29/11/1991,4.38,4.38,4.38,4.38,3.75,0
02/12/1991,0.0,4.88,4.38,4.38,3.75,200
03/12/1991,4.38,4.38,4.38,4.38,3.75,0
04/12/1991,0.0,4.88,4.38,4.38,3.75,800
05/12/1991,0.0,4.88,4.38,4.38,3.75,200
06/12/1991,4.38,4.38,4.38,4.38,3.75,0
09/12/1991,4.38,4.38,4.38,4.38,3.75,0
10/12/1991,4.38,4.38,4.38,4.38,3.75,0
11/12/1991,4.38,4.38,4.38,4.38,3.75,0
12/12/1991,4.38,4.38,4.38,4.38,3.75,0
13/12/1991,4.38,4.38,4.38,4.38,3.75,0
16/12/1991,4.38,4.38,4.38,4.38,3.75,0
17/12/1991,4.38,4.38,4.38,4.38,3.75,0
18/12/1991,4.38,4.38,4.38,4.38,3.75,0
19/12/1991,4.38,4.38,4.38,4.38,3.75,0
20/12/1991,0.0,4.88,4.38,4.38,3.75,0
23/12/1991,4.38,4.38,4.38,4.38,3.75,0
24/12/1991,4.38,4.38,4.38,4.38,3.75,0
26/12/1991,4.38,4.38,4.38,4.38,3.75,0
27/12/1991,0.0,4.88,4.38,4.38,3.81,600
30/12/1991,4.38,4.38,4.38,4.38,3.81,0
31/12/1991,4.38,4.38,4.38,4.38,3.81,0
02/01/1992,4.38,4.38,4.38,4.38,3.81,0
03/01/1992,0.0,4.75,4.38,4.38,3.81,4000
06/01/1992,4.38,4.38,4.38,4.38,3.81,0
07/01/1992,4.38,4.38,4.38,4.38,3.81,0
08/01/1992,0.0,4.75,4.38,4.38,3.81,0
09/01/1992,4.38,4.38,4.38,4.38,3.81,0
10/01/1992,4.38,4.38,4.38,4.38,3.81,0
13/01/1992,4.38,4.38,4.38,4.38,3.81,0
14/01/1992,4.38,4.38,4.38,4.38,3.81,0
15/01/1992,0.0,4.75,4.38,4.38,3.81,800
16/01/1992,4.38,4.38,4.38,4.38,3.81,0
17/01/1992,0.0,4.75,4.38,4.38,3.81,2000
20/01/1992,4.38,4.38,4.38,4.38,3.81,0
21/01/1992,4.38,4.38,4.38,4.38,3.81,0
22/01/1992,4.38,4.38,4.38,4.38,3.81,0
23/01/1992,4.38,4.38,4.38,4.38,3.81,0
24/01/1992,0.0,4.75,4.38,4.38,3.81,200
27/01/1992,4.38,4.38,4.38,4.38,3.81,0
28/01/1992,4.38,4.38,4.38,4.38,3.81,0
29/01/1992,4.38,4.38,4.38,4.38,3.81,0
30/01/1992,4.38,4.38,4.38,4.38,3.81,0
31/01/1992,4.38,4.38,4.38,4.38,3.81,0
03/02/1992,0.0,5.0,4.5,4.5,3.92,2000
04/02/1992,4.5,4.5,4.5,4.5,3.92,0
05/02/1992,0.0,5.0,4.62,4.62,4.03,0
06/02/1992,0.0,5.0,4.75,4.75,4.14,2000
07/02/1992,4.75,4.75,4.75,4.75,4.14,0
10/02/1992,0.0,5.25,4.88,4.88,4.25,9800
11/02/1992,4.88,4.88,4.88,4.88,4.25,0
12/02/1992,0.0,5.19,4.88,4.88,4.25,600
13/02/1992,0.0,5.25,4.88,4.88,4.25,0
14/02/1992,4.88,4.88,4.88,4.88,4.25,0
18/02/1992,0.0,5.25,4.88,4.88,4.25,200
19/02/1992,0.0,5.5,5.12,5.12,4.47,6600
20/02/1992,0.0,5.62,5.38,5.38,4.69,1400
21/02/1992,5.38,5.38,5.38,5.38,4.69,0
24/02/1992,0.0,5.75,5.38,5.38,4.69,400
25/02/1992,0.0,5.75,5.38,5.38,4.69,200
26/02/1992,5.38,5.38,5.38,5.38,4.69,0
27/02/1992,5.38,5.38,5.38,5.38,4.69,0
28/02/1992,0.0,6.12,5.62,5.62,4.9,2400
02/03/1992,0.0,6.5,5.75,5.75,5.01,1000
03/03/1992,5.75,5.75,5.75,5.75,5.01,0
04/03/1992,5.75,5.75,5.75,5.75,5.01,0
05/03/1992,5.75,5.75,5.75,5.75,5.01,0
06/03/1992,5.75,5.75,5.75,5.75,5.01,0
09/03/1992,5.75,5.75,5.75,5.75,5.01,0
10/03/1992,0.0,6.12,5.5,5.5,4.8,1000
11/03/1992,5.5,5.5,5.5,5.5,4.8,0
12/03/1992,5.5,5.5,5.5,5.5,4.8,0
13/03/1992,5.5,5.5,5.5,5.5,4.8,0
16/03/1992,5.5,5.5,5.5,5.5,4.8,0
17/03/1992,5.5,5.5,5.5,5.5,4.8,0
18/03/1992,5.5,5.5,5.5,5.5,4.8,0
19/03/1992,5.5,5.5,5.5,5.5,4.8,0
20/03/1992,5.5,5.5,5.5,5.5,4.8,0
23/03/1992,5.5,5.5,5.5,5.5,4.8,0
24/03/1992,0.0,6.25,5.5,5.5,4.8,0
25/03/1992,5.5,5.5,5.5,5.5,4.8,0
26/03/1992,5.5,5.5,5.5,5.5,4.8,0
27/03/1992,5.5,5.5,5.5,5.5,4.8,0
30/03/1992,5.5,5.5,5.5,5.5,4.8,0
31/03/1992,5.5,5.5,5.5,5.5,4.8,0
01/04/1992,5.5,5.5,5.5,5.5,4.8,0
02/04/1992,5.5,5.5,5.5,5.5,4.8,0
03/04/1992,5.5,5.5,5.5,5.5,4.8,0
06/04/1992,5.5,5.5,5.5,5.5,4.8,0
07/04/1992,5.5,5.5,5.5,5.5,4.8,0
08/04/1992,0.0,6.12,5.62,5.62,4.9,200
09/04/1992,5.62,5.62,5.62,5.62,4.9,0
10/04/1992,5.62,5.62,5.62,5.62,4.9,0
13/04/1992,5.62,5.62,5.62,5.62,4.9,0
14/04/1992,0.0,6.5,6.0,6.0,5.23,800
15/04/1992,0.0,6.5,6.0,6.0,5.23,12400
16/04/1992,0.0,6.75,6.12,6.12,5.34,400
20/04/1992,0.0,6.75,6.12,6.12,5.34,400
21/04/1992,6.12,6.12,6.12,6.12,5.34,0
22/04/1992,6.12,6.12,6.12,6.12,5.34,0
23/04/1992,6.12,6.12,6.12,6.12,5.34,0
24/04/1992,6.12,6.12,6.12,6.12,5.34,0
27/04/1992,6.12,6.12,6.12,6.12,5.34,0
28/04/1992,6.12,6.12,6.12,6.12,5.34,0
29/04/1992,6.12,6.12,6.12,6.12,5.34,0
30/04/1992,0.0,6.75,6.25,6.25,5.45,400
01/05/1992,6.25,6.25,6.25,6.25,5.45,0
04/05/1992,0.0,6.75,6.38,6.38,5.56,0
05/05/1992,6.38,6.38,6.38,6.38,5.56,0
06/05/1992,6.38,6.38,6.38,6.38,5.56,0
07/05/1992,6.38,6.38,6.38,6.38,5.56,0
08/05/1992,0.0,7.0,6.5,6.5,5.67,800
11/05/1992,6.5,6.5,6.5,6.5,5.67,0
12/05/1992,6.5,6.5,6.5,6.5,5.67,0
13/05/1992,6.5,6.5,6.5,6.5,5.67,0
14/05/1992,6.5,6.5,6.5,6.5,5.67,0
15/05/1992,0.0,6.88,6.5,6.5,5.67,400
18/05/1992,6.5,6.5,6.5,6.5,5.67,0
19/05/1992,6.5,6.5,6.5,6.5,5.67,0
20/05/1992,6.5,6.5,6.5,6.5,5.67,0
21/05/1992,0.0,6.88,6.5,6.5,5.67,400
22/05/1992,6.5,6.5,6.5,6.5,5.67,0
26/05/1992,0.0,6.88,6.5,6.5,5.67,800
27/05/1992,6.5,6.5,6.5,6.5,5.67,0
28/05/1992,6.5,6.5,6.5,6.5,5.67,0
29/05/1992,6.5,6.5,6.5,6.5,5.67,0
01/06/1992,0.0,6.88,6.5,6.5,5.67,200
02/06/1992,0.0,6.88,6.5,6.5,5.67,600
03/06/1992,0.0,6.88,6.5,6.5,5.67,600
04/06/1992,6.5,6.5,6.5,6.5,5.67,0
05/06/1992,6.5,6.5,6.5,6.5,5.67,0
08/06/1992,6.5,6.5,6.5,6.5,5.67,0
09/06/1992,6.5,6.5,6.5,6.5,5.67,0
10/06/1992,0.0,6.88,6.38,6.38,5.56,400
11/06/1992,0.0,6.88,6.38,6.38,5.56,400
12/06/1992,6.38,6.38,6.38,6.38,5.56,0
15/06/1992,6.38,6.38,6.38,6.38,5.56,0
16/06/1992,6.38,6.38,6.38,6.38,5.56,0
17/06/1992,6.38,6.38,6.38,6.38,5.56,0
18/06/1992,6.38,6.38,6.38,6.38,5.56,0
19/06/1992,6.75,6.75,6.75,6.75,5.89,400
22/06/1992,6.88,6.88,6.88,6.88,5.99,200
23/06/1992,6.88,6.88,6.88,6.88,5.99,0
24/06/1992,6.88,6.88,6.88,6.88,5.99,0
25/06/1992,6.88,6.88,6.88,6.88,5.99,0
26/06/1992,6.88,6.88,6.88,6.88,5.99,0
29/06/1992,6.88,6.88,6.88,6.88,5.99,0
30/06/1992,6.88,6.88,6.88,6.88,5.99,0
01/07/1992,6.38,6.38,6.38,6.38,5.56,2200
02/07/1992,6.62,6.62,6.62,6.62,5.78,2200
06/07/1992,6.62,6.62,6.62,6.62,5.78,0
07/07/1992,6.62,6.62,6.62,6.62,5.78,0
08/07/1992,6.38,6.38,6.38,6.38,5.56,200
09/07/1992,6.38,7.0,6.38,7.0,6.1,3600
10/07/1992,7.0,7.0,7.0,7.0,6.1,0
13/07/1992,6.38,6.38,6.38,6.38,5.56,600
14/07/1992,6.38,6.38,6.38,6.38,5.56,0
15/07/1992,6.38,6.38,6.38,6.38,5.56,0
16/07/1992,6.38,6.38,6.38,6.38,5.56,0
17/07/1992,6.38,6.38,6.38,6.38,5.56,0
20/07/1992,6.38,6.38,6.38,6.38,5.56,0
21/07/1992,6.38,6.38,6.38,6.38,5.56,0
22/07/1992,6.38,6.38,6.38,6.38,5.56,0
23/07/1992,6.38,6.38,6.38,6.38,5.56,600
24/07/1992,6.38,6.38,6.38,6.38,5.56,0
27/07/1992,6.38,6.38,6.38,6.38,5.56,0
28/07/1992,6.38,6.38,6.38,6.38,5.56,0
29/07/1992,7.38,7.5,7.0,7.5,6.54,8400
30/07/1992,7.5,7.5,7.5,7.5,6.54,1000
31/07/1992,7.5,8.0,7.0,8.0,6.98,8200
03/08/1992,8.0,8.25,7.5,7.75,6.76,6800
04/08/1992,7.75,7.75,7.75,7.75,6.76,0
05/08/1992,7.5,7.5,7.5,7.5,6.54,800
06/08/1992,7.5,7.5,7.5,7.5,6.54,0
07/08/1992,7.5,7.5,7.5,7.5,6.54,0
10/08/1992,7.5,7.5,7.5,7.5,6.54,0
11/08/1992,8.38,8.38,8.38,8.38,7.3,2000
12/08/1992,8.12,8.12,8.12,8.12,7.08,1000
13/08/1992,8.62,8.62,8.62,8.62,7.52,400
14/08/1992,8.0,8.0,8.0,8.0,6.98,600
17/08/1992,8.0,8.0,8.0,8.0,6.98,0
18/08/1992,8.0,8.0,8.0,8.0,6.98,0
19/08/1992,8.0,8.0,8.0,8.0,6.98,0
20/08/1992,8.0,8.0,8.0,8.0,6.98,0
21/08/1992,8.0,8.0,8.0,8.0,6.98,0
24/08/1992,8.0,8.0,8.0,8.0,6.98,800
25/08/1992,8.0,8.0,8.0,8.0,6.98,0
26/08/1992,8.0,8.0,8.0,8.0,6.98,0
27/08/1992,8.0,8.0,8.0,8.0,6.98,0
28/08/1992,8.0,8.0,8.0,8.0,6.98,400
31/08/1992,8.0,8.0,8.0,8.0,6.98,0
01/09/1992,8.0,8.0,8.0,8.0,6.98,0
02/09/1992,8.0,8.0,8.0,8.0,6.98,0
03/09/1992,8.0,8.0,8.0,8.0,6.98,0
04/09/1992,8.0,8.0,8.0,8.0,6.98,0
08/09/1992,8.0,8.0,8.0,8.0,6.98,1000
09/09/1992,8.0,8.0,8.0,8.0,6.98,0
10/09/1992,8.0,8.25,7.75,8.25,7.19,4000
11/09/1992,8.25,8.25,8.25,8.25,7.19,0
14/09/1992,8.25,8.25,8.25,8.25,7.19,0
15/09/1992,8.25,8.25,8.25,8.25,7.19,0
16/09/1992,8.25,8.25,8.25,8.25,7.19,0
17/09/1992,8.25,8.25,8.25,8.25,7.19,0
18/09/1992,8.25,8.25,8.25,8.25,7.19,0
21/09/1992,8.25,8.25,8.25,8.25,7.19,0
22/09/1992,8.25,8.25,8.25,8.25,7.19,0
23/09/1992,8.25,8.25,8.25,8.25,7.19,0
24/09/1992,8.25,8.25,8.25,8.25,7.19,0
25/09/1992,8.25,8.25,8.25,8.25,7.19,0
28/09/1992,8.0,8.0,7.88,7.88,6.87,800
29/09/1992,7.88,7.88,7.88,7.88,6.87,0
30/09/1992,7.88,7.88,7.88,7.88,6.87,0
01/10/1992,7.88,7.88,7.88,7.88,6.87,1800
02/10/1992,8.12,8.12,8.12,8.12,7.08,1800
05/10/1992,8.75,8.75,8.75,8.75,7.63,400
06/10/1992,7.75,8.5,7.75,8.5,7.41,1400
07/10/1992,8.5,8.5,8.5,8.5,7.41,0
08/10/1992,8.5,8.5,8.5,8.5,7.41,0
09/10/1992,8.5,8.5,8.5,8.5,7.41,0
12/10/1992,8.5,8.5,8.5,8.5,7.41,0
13/10/1992,8.5,8.5,8.5,8.5,7.41,0
14/10/1992,8.5,8.5,8.5,8.5,7.41,0
15/10/1992,8.5,8.5,8.5,8.5,7.41,0
16/10/1992,8.5,8.5,8.5,8.5,7.41,0
19/10/1992,7.75,7.75,7.75,7.75,6.76,400
20/10/1992,7.75,7.75,7.75,7.75,6.76,0
21/10/1992,8.25,8.25,8.25,8.25,7.19,400
22/10/1992,8.25,8.25,8.25,8.25,7.19,0
23/10/1992,8.25,8.25,8.25,8.25,7.19,0
26/10/1992,8.25,8.25,8.25,8.25,7.19,0
27/10/1992,8.25,8.25,8.25,8.25,7.19,0
28/10/1992,8.25,8.25,8.25,8.25,7.19,0
29/10/1992,8.25,8.25,8.25,8.25,7.19,0
30/10/1992,8.25,8.25,8.25,8.25,7.19,0
02/11/1992,8.25,8.25,8.25,8.25,7.19,0
03/11/1992,8.25,8.25,8.25,8.25,7.19,0
04/11/1992,8.25,8.25,8.25,8.25,7.19,0
05/11/1992,8.25,8.25,8.25,8.25,7.19,0
06/11/1992,8.25,8.25,8.25,8.25,7.19,0
09/11/1992,8.25,8.25,8.25,8.25,7.19,0
10/11/1992,8.25,8.25,8.25,8.25,7.19,0
11/11/1992,8.25,8.25,8.25,8.25,7.19,0
12/11/1992,8.25,8.25,8.25,8.25,7.19,0
13/11/1992,8.25,8.25,8.25,8.25,7.19,0
16/11/1992,7.25,7.25,7.25,7.25,6.32,1400
17/11/1992,7.25,7.25,7.25,7.25,6.32,600
18/11/1992,7.75,7.75,7.75,7.75,6.76,2200
19/11/1992,8.12,8.5,8.12,8.5,7.41,1800
20/11/1992,7.75,8.5,7.75,8.5,7.41,3000
23/11/1992,8.5,8.5,8.5,8.5,7.41,0
24/11/1992,8.0,8.5,8.0,8.5,7.41,2400
25/11/1992,8.5,8.5,8.5,8.5,7.41,0
27/11/1992,8.5,8.5,8.5,8.5,7.41,0
30/11/1992,9.25,9.25,8.75,8.75,7.63,5400
01/12/1992,9.75,9.75,9.75,9.75,8.5,1400
02/12/1992,9.75,9.75,9.75,9.75,8.5,0
03/12/1992,9.75,9.75,9.75,9.75,8.5,0
04/12/1992,9.25,9.25,9.25,9.25,8.06,200
07/12/1992,9.25,9.25,9.25,9.25,8.06,0
08/12/1992,10.25,10.25,10.25,10.25,8.94,2000
09/12/1992,9.5,9.75,9.5,9.75,8.5,2200
10/12/1992,10.25,11.0,9.75,10.5,9.15,4000
11/12/1992,11.5,12.38,11.38,12.0,10.46,9000
14/12/1992,12.0,12.25,10.75,11.88,10.35,1800
15/12/1992,10.25,11.5,10.25,11.0,9.59,2200
16/12/1992,11.5,11.75,10.25,11.75,10.24,2400
17/12/1992,11.0,11.0,11.0,11.0,9.59,600
18/12/1992,12.25,12.25,11.5,11.5,10.03,3400
21/12/1992,12.25,12.25,11.5,11.5,10.03,600
22/12/1992,11.25,12.12,11.25,12.12,10.57,600
23/12/1992,12.25,12.25,11.75,11.75,10.24,2000
24/12/1992,11.75,11.75,11.75,11.75,10.24,0
28/12/1992,11.75,11.75,11.75,11.75,10.35,0
29/12/1992,11.75,11.75,11.75,11.75,10.35,0
30/12/1992,11.0,12.25,11.0,12.25,10.8,2000
31/12/1992,10.75,12.0,10.75,12.0,10.58,800
04/01/1993,12.0,12.0,12.0,12.0,10.58,0
05/01/1993,10.75,10.75,10.38,10.38,9.14,2000
06/01/1993,10.38,10.38,10.38,10.38,9.14,0
07/01/1993,10.5,10.5,10.5,10.5,9.25,200
08/01/1993,10.5,10.75,10.5,10.75,9.47,1400
11/01/1993,10.5,11.5,10.5,11.5,10.13,4000
12/01/1993,11.5,11.5,10.0,10.0,8.81,2600
13/01/1993,11.0,11.0,10.0,10.0,8.81,600
14/01/1993,10.0,10.0,10.0,10.0,8.81,3200
15/01/1993,11.0,11.0,10.5,10.62,9.36,5600
18/01/1993,10.62,10.62,10.62,10.62,9.36,0
19/01/1993,10.0,10.12,10.0,10.0,8.81,4200
20/01/1993,11.25,11.25,10.38,10.38,9.14,3200
21/01/1993,10.75,11.0,10.62,10.62,9.36,6000
22/01/1993,10.88,11.75,10.88,11.75,10.35,4000
25/01/1993,11.75,11.75,11.75,11.75,10.35,0
26/01/1993,11.75,11.75,11.75,11.75,10.35,0
27/01/1993,11.75,11.75,11.75,11.75,10.35,0
28/01/1993,11.75,11.75,10.5,10.5,9.25,2600
29/01/1993,10.5,11.5,10.5,11.5,10.13,2600
01/02/1993,11.5,11.5,11.5,11.5,10.13,0
02/02/1993,11.56,11.56,10.12,10.12,8.92,5800
03/02/1993,9.5,10.38,9.0,9.5,8.37,6200
04/02/1993,9.5,10.5,9.5,9.5,8.37,5400
05/02/1993,9.5,9.5,9.5,9.5,8.37,800
08/02/1993,9.0,9.0,9.0,9.0,7.93,200
09/02/1993,9.25,9.5,9.25,9.5,8.37,4200
10/02/1993,9.5,9.5,9.5,9.5,8.37,0
11/02/1993,9.5,9.5,9.5,9.5,8.37,0
12/02/1993,9.75,9.75,9.75,9.75,8.59,600
16/02/1993,10.25,10.25,10.25,10.25,9.03,800
17/02/1993,10.0,10.0,8.75,8.75,7.71,3000
18/02/1993,9.25,9.44,9.25,9.44,8.32,3600
19/02/1993,9.44,9.44,9.44,9.44,8.32,0
22/02/1993,9.44,9.44,9.44,9.44,8.32,0
23/02/1993,9.44,9.44,9.44,9.44,8.32,0
24/02/1993,9.44,9.44,9.44,9.44,8.32,0
25/02/1993,8.75,8.75,8.75,8.75,7.71,200
26/02/1993,9.0,9.0,9.0,9.0,7.93,200
01/03/1993,9.0,9.0,9.0,9.0,7.93,0
02/03/1993,9.0,9.0,9.0,9.0,7.93,0
03/03/1993,9.0,9.0,9.0,9.0,7.93,0
04/03/1993,8.75,8.75,8.75,8.75,7.71,800
05/03/1993,9.0,9.0,9.0,9.0,7.93,800
08/03/1993,9.0,9.0,9.0,9.0,7.93,0
09/03/1993,9.0,9.0,9.0,9.0,7.93,0
10/03/1993,8.75,8.75,8.75,8.75,7.71,200
11/03/1993,8.75,8.75,8.75,8.75,7.71,0
12/03/1993,8.75,8.75,8.75,8.75,7.71,0
15/03/1993,8.75,8.75,8.75,8.75,7.71,0
16/03/1993,8.75,8.75,8.75,8.75,7.71,400
17/03/1993,9.12,9.12,9.12,9.12,8.04,400
18/03/1993,9.12,9.12,9.12,9.12,8.04,0
19/03/1993,9.12,9.12,9.12,9.12,8.04,0
22/03/1993,9.12,9.12,9.12,9.12,8.04,0
23/03/1993,9.12,9.12,9.12,9.12,8.04,0
24/03/1993,9.12,9.12,9.12,9.12,8.04,0
25/03/1993,9.12,9.12,9.12,9.12,8.04,0
26/03/1993,9.12,9.12,9.12,9.12,8.04,0
29/03/1993,9.12,9.12,9.12,9.12,8.04,0
30/03/1993,8.75,9.0,8.75,9.0,7.93,400
31/03/1993,8.75,8.75,8.75,8.75,7.71,400
01/04/1993,8.75,8.75,8.75,8.75,7.71,0
02/04/1993,8.75,8.75,8.75,8.75,7.71,0
05/04/1993,8.75,8.75,8.75,8.75,7.71,0
06/04/1993,8.75,8.75,8.75,8.75,7.71,0
07/04/1993,9.0,9.19,9.0,9.19,8.1,2000
08/04/1993,9.0,9.0,8.75,8.75,7.71,5800
12/04/1993,8.75,8.75,8.75,8.75,7.71,0
13/04/1993,8.75,8.75,8.75,8.75,7.71,0
14/04/1993,8.0,8.94,8.0,8.94,7.88,1000
15/04/1993,8.94,8.94,8.94,8.94,7.88,0
16/04/1993,8.94,8.94,8.94,8.94,7.88,0
19/04/1993,8.94,8.94,8.94,8.94,7.88,0
20/04/1993,9.0,9.0,8.94,8.94,7.88,1200
21/04/1993,8.94,8.94,8.94,8.94,7.88,0
22/04/1993,8.94,8.94,8.94,8.94,7.88,0
23/04/1993,8.94,8.94,8.94,8.94,7.88,0
26/04/1993,8.94,8.94,8.94,8.94,7.88,0
27/04/1993,8.94,8.94,8.94,8.94,7.88,0
28/04/1993,8.94,8.94,8.94,8.94,7.88,0
29/04/1993,8.94,8.94,8.94,8.94,7.88,0
30/04/1993,8.94,8.94,8.94,8.94,7.88,0
03/05/1993,8.94,8.94,8.94,8.94,7.88,0
04/05/1993,8.94,8.94,8.94,8.94,7.88,0
05/05/1993,8.94,8.94,8.94,8.94,7.88,0
06/05/1993,8.94,8.94,8.94,8.94,7.88,0
07/05/1993,8.94,8.94,8.94,8.94,7.88,0
10/05/1993,8.94,8.94,8.94,8.94,7.88,0
11/05/1993,8.94,8.94,8.94,8.94,7.88,0
12/05/1993,8.94,8.94,8.94,8.94,7.88,0
13/05/1993,8.94,8.94,8.94,8.94,7.88,0
14/05/1993,8.94,8.94,8.94,8.94,7.88,0
17/05/1993,8.94,8.94,8.94,8.94,7.88,0
18/05/1993,8.25,8.5,8.25,8.5,7.49,2000
19/05/1993,8.25,8.25,8.25,8.25,7.27,800
20/05/1993,8.25,8.62,8.25,8.62,7.6,1400
21/05/1993,8.62,8.62,8.62,8.62,7.6,0
24/05/1993,8.25,8.25,8.25,8.25,7.27,200
25/05/1993,8.25,8.25,8.25,8.25,7.27,400
26/05/1993,8.75,8.75,8.75,8.75,7.71,800
27/05/1993,8.75,8.75,8.75,8.75,7.71,0
28/05/1993,8.75,8.75,8.75,8.75,7.71,0
01/06/1993,8.75,8.75,8.75,8.75,7.71,0
02/06/1993,8.75,8.75,8.75,8.75,7.71,0
03/06/1993,8.75,8.75,8.75,8.75,7.71,0
04/06/1993,8.75,8.75,8.75,8.75,7.71,0
07/06/1993,8.75,8.75,8.75,8.75,7.71,0
08/06/1993,8.75,8.75,8.75,8.75,7.71,0
09/06/1993,8.75,8.75,8.75,8.75,7.71,0
10/06/1993,8.75,8.75,8.75,8.75,7.71,0
11/06/1993,8.75,8.75,8.75,8.75,7.71,0
14/06/1993,8.75,8.75,8.75,8.75,7.71,0
15/06/1993,8.75,8.75,8.75,8.75,7.71,0
16/06/1993,8.75,8.75,8.75,8.75,7.71,0
17/06/1993,8.0,8.0,8.0,8.0,7.05,400
18/06/1993,8.0,8.12,8.0,8.12,7.16,800
21/06/1993,8.0,8.0,8.0,8.0,7.05,1000
22/06/1993,8.19,8.25,8.19,8.25,7.27,3000
23/06/1993,8.0,8.0,8.0,8.0,7.05,200
24/06/1993,8.0,8.0,8.0,8.0,7.05,0
25/06/1993,8.0,8.0,8.0,8.0,7.05,0
28/06/1993,8.0,8.0,8.0,8.0,7.05,0
29/06/1993,8.0,8.0,8.0,8.0,7.05,200
30/06/1993,8.0,8.0,8.0,8.0,7.05,600
01/07/1993,8.0,8.0,8.0,8.0,7.05,0
02/07/1993,7.75,7.88,7.75,7.88,6.94,4000
06/07/1993,7.88,7.88,7.88,7.88,6.94,0
07/07/1993,7.88,7.88,7.88,7.88,6.94,0
08/07/1993,7.88,7.88,7.88,7.88,6.94,0
09/07/1993,7.88,7.88,7.88,7.88,6.94,0
12/07/1993,8.5,8.5,8.5,8.5,7.49,400
13/07/1993,8.5,8.5,8.5,8.5,7.49,0
14/07/1993,8.5,8.5,8.5,8.5,7.49,0
15/07/1993,8.5,8.5,8.5,8.5,7.49,0
16/07/1993,8.0,8.0,8.0,8.0,7.05,1000
19/07/1993,8.0,8.0,8.0,8.0,7.05,0
20/07/1993,8.0,8.0,8.0,8.0,7.05,0
21/07/1993,6.75,7.38,6.75,7.38,6.5,26800
22/07/1993,8.25,8.25,8.25,8.25,7.27,800
23/07/1993,8.25,8.25,8.25,8.25,7.27,2000
26/07/1993,7.88,7.88,7.5,7.5,6.61,2600
27/07/1993,7.88,8.25,7.88,8.25,7.27,2600
28/07/1993,7.5,8.25,7.5,7.88,6.94,2600
29/07/1993,8.25,8.25,8.25,8.25,7.27,1000
30/07/1993,8.25,8.25,8.25,8.25,7.27,0
02/08/1993,8.25,8.25,8.25,8.25,7.27,0
03/08/1993,8.25,8.25,8.25,8.25,7.27,0
04/08/1993,9.0,9.0,9.0,9.0,7.93,2000
05/08/1993,8.62,9.62,8.62,9.25,8.15,10000
06/08/1993,9.25,9.25,9.25,9.25,8.15,0
09/08/1993,9.25,9.25,9.25,9.25,8.15,0
10/08/1993,10.0,10.0,9.94,10.0,8.81,2600
11/08/1993,10.0,10.0,10.0,10.0,8.81,0
12/08/1993,9.94,9.94,9.94,9.94,8.76,600
13/08/1993,8.5,9.0,8.5,9.0,7.93,1200
16/08/1993,9.0,9.0,9.0,9.0,7.93,0
17/08/1993,9.0,9.0,9.0,9.0,7.93,0
18/08/1993,9.0,9.0,9.0,9.0,7.93,0
19/08/1993,9.0,9.0,9.0,9.0,7.93,0
20/08/1993,8.5,8.5,8.5,8.5,7.49,600
23/08/1993,8.5,8.5,8.5,8.5,7.49,0
24/08/1993,8.5,9.5,8.5,9.5,8.37,2000
25/08/1993,8.5,8.5,8.5,8.5,7.49,400
26/08/1993,8.5,8.5,8.5,8.5,7.49,0
27/08/1993,8.5,8.5,8.5,8.5,7.49,0
30/08/1993,8.5,8.5,8.5,8.5,7.49,0
31/08/1993,8.5,8.5,8.5,8.5,7.49,0
01/09/1993,8.5,8.5,8.5,8.5,7.49,0
02/09/1993,8.0,8.0,8.0,8.0,7.05,200
03/09/1993,8.0,8.0,8.0,8.0,7.05,0
07/09/1993,8.0,8.0,8.0,8.0,7.05,0
08/09/1993,8.0,8.0,8.0,8.0,7.05,0
09/09/1993,8.0,8.0,8.0,8.0,7.05,0
10/09/1993,8.0,8.0,8.0,8.0,7.05,0
13/09/1993,8.0,8.0,8.0,8.0,7.05,0
14/09/1993,8.0,8.0,8.0,8.0,7.05,0
15/09/1993,8.0,8.0,8.0,8.0,7.05,0
16/09/1993,8.0,8.0,8.0,8.0,7.05,0
17/09/1993,8.0,8.0,8.0,8.0,7.05,400
20/09/1993,8.0,8.0,8.0,8.0,7.05,0
21/09/1993,8.0,9.0,8.0,8.5,7.49,1000
22/09/1993,8.5,8.5,8.5,8.5,7.49,0
23/09/1993,8.5,8.5,8.5,8.5,7.49,0
24/09/1993,8.5,8.5,8.5,8.5,7.49,0
27/09/1993,8.5,8.5,8.5,8.5,7.49,0
28/09/1993,9.0,9.0,9.0,9.0,7.93,200
29/09/1993,8.0,8.0,8.0,8.0,7.05,600
30/09/1993,8.0,8.0,8.0,8.0,7.05,0
01/10/1993,8.0,8.0,8.0,8.0,7.05,0
04/10/1993,8.0,8.0,8.0,8.0,7.05,0
05/10/1993,8.75,8.75,8.75,8.75,7.71,600
06/10/1993,9.0,9.0,9.0,9.0,7.93,600
07/10/1993,9.0,9.0,9.0,9.0,7.93,0
08/10/1993,8.5,10.5,8.5,10.0,8.81,7000
11/10/1993,10.0,10.0,9.5,9.75,8.59,8200
12/10/1993,10.0,10.0,10.0,10.0,8.81,1000
13/10/1993,9.62,10.5,9.62,10.06,8.87,4600
14/10/1993,10.19,10.19,10.19,10.19,8.98,400
15/10/1993,9.5,9.5,9.5,9.5,8.37,200
18/10/1993,9.5,9.5,9.5,9.5,8.37,0
19/10/1993,9.5,9.5,9.5,9.5,8.37,600
20/10/1993,9.5,9.5,9.5,9.5,8.37,0
21/10/1993,9.5,9.5,9.5,9.5,8.37,0
22/10/1993,9.5,9.5,9.5,9.5,8.37,0
25/10/1993,9.5,9.5,9.5,9.5,8.37,0
26/10/1993,9.5,9.5,9.5,9.5,8.37,0
27/10/1993,11.0,11.0,10.5,10.5,9.25,2000
28/10/1993,10.5,10.5,10.5,10.5,9.25,0
29/10/1993,10.5,10.5,10.5,10.5,9.25,0
01/11/1993,10.5,10.5,10.5,10.5,9.25,0
02/11/1993,10.5,10.5,10.5,10.5,9.25,0
03/11/1993,10.5,10.5,10.5,10.5,9.25,0
04/11/1993,10.5,10.5,10.5,10.5,9.25,0
05/11/1993,10.5,10.5,10.5,10.5,9.25,0
08/11/1993,10.5,10.5,10.5,10.5,9.25,0
09/11/1993,10.5,10.5,10.5,10.5,9.25,0
10/11/1993,10.5,10.5,10.5,10.5,9.25,0
11/11/1993,10.5,10.5,10.5,10.5,9.25,0
12/11/1993,10.5,10.5,10.5,10.5,9.25,0
15/11/1993,10.5,10.5,10.5,10.5,9.25,0
16/11/1993,10.5,10.5,10.5,10.5,9.25,0
17/11/1993,10.5,10.5,10.5,10.5,9.25,0
18/11/1993,10.5,10.5,10.5,10.5,9.25,0
19/11/1993,10.5,10.5,10.5,10.5,9.25,0
22/11/1993,10.5,10.5,10.5,10.5,9.25,0
23/11/1993,10.5,10.5,10.5,10.5,9.25,0
24/11/1993,10.5,10.5,10.5,10.5,9.25,0
26/11/1993,10.5,10.5,10.5,10.5,9.25,0
29/11/1993,10.5,10.5,10.5,10.5,9.25,0
30/11/1993,10.5,10.5,10.5,10.5,9.25,0
01/12/1993,10.5,10.5,10.5,10.5,9.25,0
02/12/1993,10.5,10.5,10.5,10.5,9.25,0
03/12/1993,10.5,10.5,10.5,10.5,9.25,0
06/12/1993,8.5,8.5,8.5,8.5,7.49,200
07/12/1993,8.5,8.5,8.5,8.5,7.49,0
08/12/1993,8.5,8.5,8.5,8.5,7.49,200
09/12/1993,8.5,8.5,8.5,8.5,7.49,0
10/12/1993,8.5,9.0,8.5,9.0,7.93,400
13/12/1993,9.0,9.0,9.0,9.0,7.93,0
14/12/1993,9.75,10.5,9.5,10.5,9.25,2400
15/12/1993,10.5,10.5,10.5,10.5,9.25,1400
16/12/1993,10.5,10.5,10.12,10.12,8.92,5000
17/12/1993,8.5,8.5,8.5,8.5,7.49,200
20/12/1993,8.5,8.5,8.5,8.5,7.49,0
21/12/1993,8.5,8.5,8.5,8.5,7.49,0
22/12/1993,8.5,8.5,8.5,8.5,7.49,0
23/12/1993,8.5,8.5,8.5,8.5,7.49,0
27/12/1993,10.5,10.5,10.5,10.5,9.25,1000
28/12/1993,10.5,11.0,10.0,10.25,9.16,6600
29/12/1993,10.25,10.25,10.25,10.25,9.16,0
30/12/1993,10.25,10.25,10.25,10.25,9.16,0
31/12/1993,11.0,11.0,11.0,11.0,9.83,400
03/01/1994,11.0,11.0,11.0,11.0,9.83,0
04/01/1994,10.38,10.5,9.0,10.5,9.39,1600
05/01/1994,10.5,10.5,10.12,10.38,9.28,7600
06/01/1994,11.0,11.0,10.5,10.75,9.61,17000
07/01/1994,10.5,10.81,10.5,10.81,9.67,6800
10/01/1994,10.25,10.5,10.25,10.5,9.39,1000
11/01/1994,12.0,12.0,12.0,12.0,10.73,400
12/01/1994,12.0,12.0,12.0,12.0,10.73,0
13/01/1994,12.0,12.0,12.0,12.0,10.73,0
14/01/1994,10.5,10.5,10.5,10.5,9.39,400
17/01/1994,12.0,12.0,11.69,12.0,10.73,1000
18/01/1994,11.0,12.0,11.0,11.5,10.28,3600
19/01/1994,11.5,11.5,11.5,11.5,10.28,0
20/01/1994,11.0,12.0,11.0,11.75,10.5,2600
21/01/1994,12.0,12.0,11.75,11.75,10.5,4000
24/01/1994,11.25,11.25,11.25,11.25,10.06,1000
25/01/1994,11.44,12.25,11.0,11.0,9.83,1200
26/01/1994,11.0,11.0,11.0,11.0,9.83,0
27/01/1994,11.25,12.25,11.25,12.25,10.95,400
28/01/1994,11.25,11.75,11.0,11.75,10.5,5000
31/01/1994,11.75,11.75,11.75,11.75,10.5,0
01/02/1994,12.25,12.25,12.25,12.25,10.95,200
02/02/1994,11.5,12.25,11.5,11.75,10.5,1800
03/02/1994,11.75,11.75,11.75,11.75,10.5,0
04/02/1994,11.75,11.75,11.75,11.75,10.5,0
07/02/1994,11.25,11.25,11.25,11.25,10.06,400
08/02/1994,11.75,11.75,11.75,11.75,10.5,400
09/02/1994,11.75,12.5,11.75,12.25,10.95,9800
10/02/1994,12.25,12.25,12.25,12.25,10.95,0
11/02/1994,12.25,12.25,12.25,12.25,10.95,0
14/02/1994,12.75,13.0,12.75,13.0,11.62,4000
15/02/1994,13.0,13.5,12.75,13.5,12.07,3200
16/02/1994,12.75,12.75,12.75,12.75,11.4,3400
17/02/1994,13.0,13.0,12.19,12.75,11.4,5400
18/02/1994,13.0,13.0,13.0,13.0,11.62,2400
22/02/1994,13.5,13.5,12.5,12.75,11.4,1600
23/02/1994,12.75,12.75,12.75,12.75,11.4,0
24/02/1994,12.75,12.75,12.75,12.75,11.4,0
25/02/1994,12.75,12.75,12.75,12.75,11.4,0
28/02/1994,12.75,12.75,12.75,12.75,11.4,0
01/03/1994,12.75,12.75,12.75,12.75,11.4,0
02/03/1994,12.75,12.75,12.75,12.75,11.4,0
03/03/1994,12.75,12.75,12.75,12.75,11.4,0
04/03/1994,12.75,12.75,12.75,12.75,11.4,0
07/03/1994,12.0,12.0,12.0,12.0,10.73,200
08/03/1994,12.0,12.0,12.0,12.0,10.73,200
09/03/1994,12.0,12.5,12.0,12.5,11.18,4800
10/03/1994,13.12,13.12,13.12,13.12,11.73,1000
11/03/1994,13.25,13.5,13.0,13.0,11.62,5400
14/03/1994,13.25,13.25,13.25,13.25,11.85,400
15/03/1994,13.25,13.25,13.25,13.25,11.85,0
16/03/1994,13.25,13.25,13.25,13.25,11.85,0
17/03/1994,13.25,13.25,13.25,13.25,11.85,0
18/03/1994,13.25,13.25,13.25,13.25,11.85,0
21/03/1994,13.25,13.25,13.25,13.25,11.85,0
22/03/1994,13.25,13.25,13.25,13.25,11.85,0
23/03/1994,13.25,13.25,13.25,13.25,11.85,0
24/03/1994,13.25,13.25,13.25,13.25,11.85,0
25/03/1994,13.25,13.25,13.25,13.25,11.85,0
28/03/1994,13.25,13.25,13.25,13.25,11.85,0
29/03/1994,13.25,13.25,13.25,13.25,11.85,0
30/03/1994,12.0,12.75,12.0,12.75,11.4,2400
31/03/1994,11.5,13.0,10.5,11.5,10.28,13600
04/04/1994,11.38,11.38,11.38,11.38,10.17,600
05/04/1994,11.5,11.5,11.0,11.0,9.83,4000
06/04/1994,12.25,12.25,11.0,11.0,9.83,2200
07/04/1994,12.25,12.25,12.25,12.25,10.95,800
08/04/1994,12.25,12.25,12.25,12.25,10.95,0
11/04/1994,12.25,12.25,12.25,12.25,10.95,0
12/04/1994,12.25,12.25,12.25,12.25,10.95,0
13/04/1994,12.38,12.38,12.38,12.38,11.06,600
14/04/1994,12.38,12.38,12.38,12.38,11.06,0
15/04/1994,12.38,12.38,12.38,12.38,11.06,0
18/04/1994,11.75,11.75,11.75,11.75,10.5,400
19/04/1994,11.75,11.75,11.75,11.75,10.5,0
20/04/1994,11.75,11.75,11.75,11.75,10.5,0
21/04/1994,11.75,11.75,11.75,11.75,10.5,0
22/04/1994,11.75,11.75,11.75,11.75,10.5,0
25/04/1994,11.75,11.75,11.75,11.75,10.5,0
26/04/1994,11.75,11.75,11.75,11.75,10.5,0
28/04/1994,11.5,11.88,11.5,11.88,10.62,1400
29/04/1994,11.88,11.88,11.88,11.88,10.62,0
02/05/1994,11.88,11.88,11.88,11.88,10.62,0
03/05/1994,11.0,11.0,11.0,11.0,9.83,200
04/05/1994,12.25,12.62,12.25,12.62,11.29,2200
05/05/1994,13.0,13.0,13.0,13.0,11.62,400
06/05/1994,13.0,13.0,13.0,13.0,11.62,0
09/05/1994,13.0,13.5,13.0,13.5,12.07,1600
10/05/1994,13.5,13.5,13.5,13.5,12.07,0
11/05/1994,13.5,13.5,13.5,13.5,12.07,0
12/05/1994,13.5,13.5,13.5,13.5,12.07,0
13/05/1994,13.5,13.5,13.5,13.5,12.07,0
16/05/1994,12.0,13.5,12.0,13.5,12.07,2000
17/05/1994,13.5,13.5,13.5,13.5,12.07,0
18/05/1994,13.5,13.5,13.5,13.5,12.07,0
19/05/1994,13.5,13.5,13.5,13.5,12.07,0
20/05/1994,12.0,13.12,12.0,13.12,11.73,1400
23/05/1994,13.12,13.12,13.12,13.12,11.73,0
24/05/1994,13.12,13.12,13.12,13.12,11.73,0
25/05/1994,13.12,13.12,13.12,13.12,11.73,0
26/05/1994,13.12,13.12,13.12,13.12,11.73,0
27/05/1994,13.12,13.12,13.12,13.12,11.73,0
31/05/1994,13.12,13.12,13.12,13.12,11.73,0
01/06/1994,13.12,13.12,13.12,13.12,11.73,0
02/06/1994,13.12,13.12,13.12,13.12,11.73,0
03/06/1994,13.12,13.12,13.12,13.12,11.73,0
06/06/1994,12.0,12.0,12.0,12.0,10.73,200
07/06/1994,12.5,12.5,12.5,12.5,11.18,200
08/06/1994,12.5,12.5,12.5,12.5,11.18,2000
09/06/1994,12.5,12.5,12.5,12.5,11.18,0
10/06/1994,12.5,12.5,12.5,12.5,11.18,0
13/06/1994,12.5,12.5,12.5,12.5,11.18,0
14/06/1994,12.5,12.5,12.5,12.5,11.18,0
15/06/1994,12.5,12.5,12.5,12.5,11.18,0
16/06/1994,12.5,12.5,12.5,12.5,11.18,0
17/06/1994,12.5,12.5,12.5,12.5,11.18,0
20/06/1994,12.5,12.5,12.5,12.5,11.18,0
21/06/1994,12.75,12.75,12.75,12.75,11.4,600
22/06/1994,12.75,12.75,12.75,12.75,11.4,0
23/06/1994,12.75,12.75,12.75,12.75,11.4,0
24/06/1994,12.62,12.62,12.62,12.62,11.29,1000
27/06/1994,12.5,12.5,12.5,12.5,11.18,400
28/06/1994,12.5,12.5,12.5,12.5,11.18,200
29/06/1994,12.5,12.5,12.5,12.5,11.18,0
30/06/1994,12.5,12.5,12.5,12.5,11.18,0
01/07/1994,12.5,12.5,12.5,12.5,11.18,0
05/07/1994,12.5,12.5,12.5,12.5,11.18,0
06/07/1994,12.5,12.5,12.5,12.5,11.18,0
07/07/1994,12.5,12.5,12.5,12.5,11.18,0
08/07/1994,12.5,12.5,12.5,12.5,11.18,0
11/07/1994,12.5,12.5,12.5,12.5,11.18,0
12/07/1994,13.5,13.5,13.5,13.5,12.07,400
13/07/1994,12.5,13.0,12.5,13.0,11.62,3000
14/07/1994,12.75,13.5,12.75,12.75,11.4,600
15/07/1994,12.75,12.75,12.75,12.75,11.4,0
18/07/1994,13.5,13.5,12.5,13.5,12.07,1600
19/07/1994,13.5,13.5,13.5,13.5,12.07,0
20/07/1994,13.5,13.5,13.5,13.5,12.07,0
21/07/1994,13.5,13.5,13.5,13.5,12.07,0
22/07/1994,13.5,13.5,13.5,13.5,12.07,0
25/07/1994,13.5,13.5,13.5,13.5,12.07,0
26/07/1994,13.5,13.5,13.5,13.5,12.07,0
27/07/1994,13.5,13.5,13.5,13.5,12.07,0
28/07/1994,13.5,13.5,13.5,13.5,12.07,0
29/07/1994,13.5,13.5,13.5,13.5,12.07,0
01/08/1994,13.5,13.5,13.5,13.5,12.07,0
02/08/1994,13.5,13.5,13.5,13.5,12.07,0
03/08/1994,13.5,13.5,13.25,13.25,11.85,1200
04/08/1994,13.5,13.5,12.5,13.0,11.62,17000
05/08/1994,12.5,13.0,12.5,12.5,11.18,3600
08/08/1994,11.0,11.0,10.5,10.5,9.39,4400
09/08/1994,10.5,10.5,10.5,10.5,9.39,6000
10/08/1994,10.5,10.5,10.5,10.5,9.39,0
11/08/1994,10.5,11.75,10.5,11.75,10.5,1000
12/08/1994,11.12,11.12,11.12,11.12,9.95,200
15/08/1994,11.25,11.75,11.25,11.75,10.5,800
16/08/1994,11.75,11.75,11.75,11.75,10.5,0
17/08/1994,11.75,11.75,11.75,11.75,10.5,0
18/08/1994,11.75,11.75,11.75,11.75,10.5,0
19/08/1994,11.38,11.38,11.38,11.38,10.17,1000
22/08/1994,11.38,11.38,11.38,11.38,10.17,0
23/08/1994,10.5,11.5,10.5,11.0,9.83,600
24/08/1994,10.5,10.5,10.5,10.5,9.39,200
25/08/1994,10.75,10.75,10.75,10.75,9.61,200
26/08/1994,10.75,10.75,10.75,10.75,9.61,0
29/08/1994,12.0,12.0,11.25,11.25,10.06,800
30/08/1994,11.25,11.25,11.25,11.25,10.06,0
31/08/1994,11.25,11.25,11.25,11.25,10.06,0
01/09/1994,11.25,11.25,11.25,11.25,10.06,0
02/09/1994,12.0,12.0,12.0,12.0,10.73,400
06/09/1994,11.0,11.0,11.0,11.0,9.83,200
07/09/1994,11.0,11.75,11.0,11.75,10.5,1200
08/09/1994,11.75,12.0,11.75,12.0,10.73,600
09/09/1994,12.0,12.0,12.0,12.0,10.73,0
12/09/1994,12.0,12.0,12.0,12.0,10.73,200
13/09/1994,12.0,12.0,12.0,12.0,10.73,0
14/09/1994,12.0,12.0,12.0,12.0,10.73,0
15/09/1994,12.0,12.0,12.0,12.0,10.73,0
16/09/1994,12.0,12.0,12.0,12.0,10.73,400
19/09/1994,12.0,12.0,12.0,12.0,10.73,1400
20/09/1994,12.0,12.0,12.0,12.0,10.73,0
21/09/1994,12.0,12.0,12.0,12.0,10.73,0
22/09/1994,12.0,12.0,12.0,12.0,10.73,0
23/09/1994,12.0,12.0,12.0,12.0,10.73,0
26/09/1994,12.0,12.0,12.0,12.0,10.73,0
27/09/1994,12.0,12.0,12.0,12.0,10.73,0
28/09/1994,12.0,12.0,12.0,12.0,10.73,0
29/09/1994,12.0,12.0,12.0,12.0,10.73,0
30/09/1994,12.0,12.0,12.0,12.0,10.73,0
03/10/1994,12.75,13.0,12.75,13.0,11.62,2000
04/10/1994,13.5,14.25,13.0,13.0,11.62,6400
05/10/1994,13.0,13.0,13.0,13.0,11.62,800
06/10/1994,13.0,13.0,13.0,13.0,11.62,600
07/10/1994,13.0,13.0,13.0,13.0,11.62,0
10/10/1994,14.25,15.25,14.0,15.0,13.41,8600
11/10/1994,15.25,15.25,14.75,14.75,13.19,2200
12/10/1994,15.25,15.25,15.25,15.25,13.63,200
13/10/1994,14.0,14.0,14.0,14.0,12.52,1000
14/10/1994,14.0,14.0,14.0,14.0,12.52,0
17/10/1994,14.0,14.0,14.0,14.0,12.52,0
18/10/1994,15.0,15.0,13.75,14.0,12.52,9600
19/10/1994,13.75,14.5,13.75,14.25,12.74,30200
20/10/1994,15.25,15.25,15.25,15.25,13.63,600
21/10/1994,15.25,15.25,15.0,15.0,13.41,1400
24/10/1994,15.0,15.0,15.0,15.0,13.41,0
25/10/1994,15.0,15.0,15.0,15.0,13.41,0
26/10/1994,15.0,15.0,15.0,15.0,13.41,0
27/10/1994,15.0,15.0,15.0,15.0,13.41,0
28/10/1994,15.0,15.0,15.0,15.0,13.41,0
31/10/1994,13.75,14.75,13.75,14.75,13.19,1400
01/11/1994,14.75,14.75,14.75,14.75,13.19,0
02/11/1994,14.75,14.75,14.75,14.75,13.19,0
03/11/1994,15.25,15.25,15.25,15.25,13.63,400
04/11/1994,15.25,15.25,15.12,15.25,13.63,800
07/11/1994,15.25,15.25,15.25,15.25,13.63,0
08/11/1994,15.25,15.25,15.25,15.25,13.63,0
09/11/1994,15.25,15.25,15.25,15.25,13.63,0
10/11/1994,14.0,15.25,14.0,15.25,13.63,400
11/11/1994,15.75,15.75,15.5,15.5,13.86,800
14/11/1994,14.5,14.5,14.5,14.5,12.96,400
15/11/1994,14.5,14.5,14.5,14.5,12.96,0
16/11/1994,14.5,14.5,14.5,14.5,12.96,0
17/11/1994,14.5,14.5,14.5,14.5,12.96,0
18/11/1994,14.5,14.5,14.5,14.5,12.96,0
21/11/1994,14.5,14.5,14.5,14.5,12.96,200
22/11/1994,14.5,14.5,14.5,14.5,12.96,0
23/11/1994,14.5,15.75,14.5,15.75,14.08,1200
25/11/1994,14.5,14.5,14.5,14.5,12.96,400
28/11/1994,16.25,16.25,16.25,16.25,14.53,600
29/11/1994,16.25,16.25,16.25,16.25,14.53,0
30/11/1994,16.25,16.25,16.25,16.25,14.53,0
01/12/1994,16.25,16.25,16.25,16.25,14.53,0
02/12/1994,16.25,16.25,16.25,16.25,14.53,0
05/12/1994,16.25,16.25,16.25,16.25,14.53,0
06/12/1994,16.25,16.25,16.25,16.25,14.53,0
07/12/1994,15.12,15.75,15.12,15.75,14.08,400
08/12/1994,15.12,17.5,15.12,17.5,15.65,3800
09/12/1994,16.5,16.5,16.5,16.5,14.75,400
12/12/1994,17.5,17.5,17.5,17.5,15.65,1000
13/12/1994,17.5,17.5,17.5,17.5,15.65,0
14/12/1994,17.5,17.75,17.5,17.5,15.65,4000
15/12/1994,18.0,18.0,18.0,18.0,16.09,600
16/12/1994,18.0,18.0,18.0,18.0,16.09,0
19/12/1994,18.25,18.5,18.25,18.5,16.54,1600
20/12/1994,18.5,18.5,18.5,18.5,16.54,0
21/12/1994,17.25,18.31,17.25,18.31,16.37,400
22/12/1994,18.31,18.31,18.31,18.31,16.37,0
23/12/1994,18.5,18.5,18.0,18.0,16.09,600
27/12/1994,18.0,18.0,18.0,18.0,16.25,0
28/12/1994,18.0,18.0,18.0,18.0,16.25,0
29/12/1994,17.0,17.0,17.0,17.0,15.35,400
30/12/1994,17.0,17.0,17.0,17.0,15.35,0
03/01/1995,16.75,17.0,16.75,17.0,15.35,1200
04/01/1995,18.0,18.0,16.75,17.31,15.63,10000
05/01/1995,17.31,17.31,17.31,17.31,15.63,0
06/01/1995,17.31,17.31,17.31,17.31,15.63,0
09/01/1995,16.0,16.0,16.0,16.0,14.45,600
10/01/1995,16.0,17.75,16.0,17.75,16.02,1400
11/01/1995,17.75,17.75,16.75,16.75,15.12,600
12/01/1995,16.75,16.75,16.75,16.75,15.12,0
13/01/1995,16.75,16.75,16.75,16.75,15.12,0
16/01/1995,16.0,16.0,16.0,16.0,14.45,200
17/01/1995,17.0,17.0,17.0,17.0,15.35,400
18/01/1995,17.0,17.0,17.0,17.0,15.35,0
19/01/1995,17.0,17.0,17.0,17.0,15.35,0
20/01/1995,17.0,17.0,17.0,17.0,15.35,0
23/01/1995,17.0,17.0,17.0,17.0,15.35,0
24/01/1995,17.0,17.0,17.0,17.0,15.35,0
25/01/1995,17.0,17.0,17.0,17.0,15.35,0
26/01/1995,17.0,17.0,17.0,17.0,15.35,0
27/01/1995,17.0,17.0,17.0,17.0,15.35,0
30/01/1995,17.0,17.0,17.0,17.0,15.35,0
31/01/1995,17.12,17.12,17.12,17.12,15.46,400
01/02/1995,17.0,17.5,17.0,17.5,15.8,800
02/02/1995,16.0,17.19,16.0,17.0,15.35,12600
03/02/1995,17.25,17.25,17.25,17.25,15.57,400
06/02/1995,17.25,17.25,17.25,17.25,15.57,0
07/02/1995,17.25,17.25,17.25,17.25,15.57,0
08/02/1995,17.25,17.25,17.25,17.25,15.57,0
09/02/1995,17.25,17.25,17.25,17.25,15.57,0
10/02/1995,17.25,17.25,17.25,17.25,15.57,0
13/02/1995,16.0,16.0,14.5,15.5,13.99,4200
14/02/1995,16.25,16.25,16.25,16.25,14.67,1200
15/02/1995,16.25,16.25,16.25,16.25,14.67,400
16/02/1995,16.25,16.25,16.25,16.25,14.67,0
17/02/1995,16.25,16.25,16.25,16.25,14.67,0
21/02/1995,15.5,16.25,15.25,16.25,14.67,1600
22/02/1995,16.25,16.25,16.25,16.25,14.67,0
23/02/1995,15.5,16.12,15.5,16.12,14.56,800
24/02/1995,15.75,16.5,15.75,16.5,14.9,1200
27/02/1995,16.75,17.0,16.0,16.5,14.9,1600
28/02/1995,17.0,17.5,17.0,17.0,15.35,1400
01/03/1995,16.5,16.5,16.5,16.5,14.9,2000
02/03/1995,17.75,17.75,16.0,16.0,14.45,4200
03/03/1995,16.0,16.0,16.0,16.0,14.45,0
06/03/1995,16.0,16.0,16.0,16.0,14.45,0
07/03/1995,16.0,16.0,16.0,16.0,14.45,0
08/03/1995,16.0,16.0,16.0,16.0,14.45,0
09/03/1995,16.5,17.5,16.5,16.88,15.24,15000
10/03/1995,18.0,18.0,18.0,18.0,16.25,600
13/03/1995,18.0,18.0,18.0,18.0,16.25,1600
14/03/1995,18.0,18.0,17.75,18.0,16.25,5800
15/03/1995,18.0,18.0,18.0,18.0,16.25,0
16/03/1995,18.0,18.0,18.0,18.0,16.25,0
17/03/1995,18.0,18.25,17.0,18.25,16.48,10200
20/03/1995,18.25,18.25,18.25,18.25,16.48,0
21/03/1995,18.25,18.25,18.25,18.25,16.48,0
22/03/1995,18.25,18.25,18.25,18.25,16.48,0
23/03/1995,18.25,18.25,18.25,18.25,16.48,0
24/03/1995,18.25,18.25,18.25,18.25,16.48,0
27/03/1995,18.25,18.25,18.25,18.25,16.48,0
28/03/1995,18.25,18.25,18.25,18.25,16.48,0
29/03/1995,17.0,17.0,17.0,17.0,15.35,400
30/03/1995,17.0,17.0,17.0,17.0,15.35,0
31/03/1995,17.0,18.0,17.0,18.0,16.25,1200
03/04/1995,18.0,18.0,18.0,18.0,16.25,0
04/04/1995,18.0,18.0,18.0,18.0,16.25,0
05/04/1995,18.0,18.0,18.0,18.0,16.25,0
06/04/1995,18.0,18.0,18.0,18.0,16.25,0
07/04/1995,18.0,18.0,18.0,18.0,16.25,0
10/04/1995,18.0,18.0,18.0,18.0,16.25,0
11/04/1995,18.0,18.0,18.0,18.0,16.25,0
12/04/1995,18.0,18.0,18.0,18.0,16.25,0
13/04/1995,18.25,18.25,18.25,18.25,16.48,200
17/04/1995,17.0,17.0,17.0,17.0,15.35,200
18/04/1995,17.0,18.0,17.0,18.0,16.25,1100
19/04/1995,18.5,18.5,17.0,18.5,16.7,600
20/04/1995,18.5,18.5,18.5,18.5,16.7,0
21/04/1995,18.5,18.5,18.5,18.5,16.7,0
24/04/1995,18.5,18.5,18.5,18.5,16.7,0
25/04/1995,18.5,18.5,18.5,18.5,16.7,0
26/04/1995,18.5,18.5,18.5,18.5,16.7,100
27/04/1995,18.5,18.5,18.5,18.5,16.7,0
28/04/1995,18.5,18.5,18.5,18.5,16.7,500
01/05/1995,18.5,19.0,18.0,18.0,16.25,2800
02/05/1995,18.0,18.0,18.0,18.0,16.25,0
03/05/1995,20.0,20.0,18.5,18.5,16.7,1500
04/05/1995,19.75,19.75,18.5,18.5,16.7,300
05/05/1995,18.5,18.5,18.5,18.5,16.7,0
08/05/1995,19.0,19.0,19.0,19.0,17.15,100
09/05/1995,19.25,20.5,19.0,19.0,17.15,5300
10/05/1995,20.5,20.5,20.5,20.5,18.51,1800
11/05/1995,20.5,20.5,20.0,20.5,18.51,1500
12/05/1995,20.0,21.0,20.0,21.0,18.96,1000
15/05/1995,21.0,21.5,21.0,21.5,19.41,2500
16/05/1995,21.0,22.0,20.0,22.0,19.86,1500
17/05/1995,22.0,22.0,22.0,22.0,19.86,400
18/05/1995,22.0,22.0,22.0,22.0,19.86,500
19/05/1995,21.75,22.0,20.0,20.0,18.06,1000
22/05/1995,20.0,20.0,20.0,20.0,18.06,400
23/05/1995,20.0,20.0,20.0,20.0,18.06,0
24/05/1995,20.0,20.0,20.0,20.0,18.06,0
25/05/1995,20.0,20.0,20.0,20.0,18.06,300
26/05/1995,20.0,20.25,20.0,20.25,18.28,1100
30/05/1995,20.25,20.25,20.25,20.25,18.28,0
31/05/1995,19.5,20.0,19.5,20.0,18.06,800
01/06/1995,20.0,20.0,20.0,20.0,18.06,0
02/06/1995,20.0,20.0,20.0,20.0,18.06,0
05/06/1995,20.0,20.0,20.0,20.0,18.06,0
06/06/1995,19.0,20.0,19.0,20.0,18.06,2700
07/06/1995,20.0,20.0,20.0,20.0,18.06,0
08/06/1995,20.0,20.0,20.0,20.0,18.06,400
09/06/1995,20.0,20.0,20.0,20.0,18.06,0
12/06/1995,20.0,20.0,20.0,20.0,18.06,0
13/06/1995,20.0,20.0,20.0,20.0,18.06,0
14/06/1995,20.0,20.0,20.0,20.0,18.06,0
15/06/1995,20.0,20.0,20.0,20.0,18.15,0
16/06/1995,18.0,18.0,18.0,18.0,16.33,400
19/06/1995,18.0,18.0,18.0,18.0,16.33,0
20/06/1995,18.0,18.0,18.0,18.0,16.33,0
21/06/1995,18.0,18.0,18.0,18.0,16.33,0
22/06/1995,18.0,18.0,18.0,18.0,16.33,0
23/06/1995,18.0,18.0,18.0,18.0,16.33,0
26/06/1995,18.0,18.0,18.0,18.0,16.33,700
27/06/1995,18.0,19.75,18.0,18.5,16.79,3000
28/06/1995,18.0,18.0,18.0,18.0,16.33,200
29/06/1995,18.0,18.0,18.0,18.0,16.33,0
30/06/1995,18.0,18.0,18.0,18.0,16.33,0
03/07/1995,18.0,18.0,18.0,18.0,16.33,0
05/07/1995,18.0,18.0,18.0,18.0,16.33,0
06/07/1995,18.0,18.0,18.0,18.0,16.33,0
07/07/1995,18.0,18.0,18.0,18.0,16.33,0
10/07/1995,18.0,18.0,18.0,18.0,16.33,0
11/07/1995,18.0,18.0,18.0,18.0,16.33,0
12/07/1995,18.0,18.5,18.0,18.5,16.79,1100
13/07/1995,18.25,19.0,18.25,19.0,17.24,1800
14/07/1995,19.0,19.0,19.0,19.0,17.24,0
17/07/1995,18.5,18.5,18.5,18.5,16.79,300
18/07/1995,20.0,20.0,20.0,20.0,18.15,100
19/07/1995,20.0,20.0,18.5,19.0,17.24,600
20/07/1995,19.0,19.0,19.0,19.0,17.24,0
21/07/1995,19.0,19.0,19.0,19.0,17.24,0
24/07/1995,19.0,19.0,19.0,19.0,17.24,0
25/07/1995,19.0,19.0,19.0,19.0,17.24,0
26/07/1995,20.0,20.5,18.5,20.5,18.6,2100
27/07/1995,21.0,21.0,21.0,21.0,19.05,400
28/07/1995,21.0,21.0,21.0,21.0,19.05,0
31/07/1995,21.0,21.0,21.0,21.0,19.05,0
01/08/1995,21.0,21.0,21.0,21.0,19.05,0
02/08/1995,20.75,20.75,20.25,20.25,18.37,700
03/08/1995,21.5,21.5,20.5,21.0,19.05,3000
04/08/1995,22.0,22.0,21.5,22.0,19.96,300
07/08/1995,21.0,22.0,21.0,21.0,19.05,200
08/08/1995,20.75,20.75,20.75,20.75,18.83,200
09/08/1995,22.0,22.0,22.0,22.0,19.96,400
10/08/1995,22.0,22.0,22.0,22.0,19.96,0
11/08/1995,22.0,22.0,22.0,22.0,19.96,600
14/08/1995,21.0,21.0,21.0,21.0,19.05,100
15/08/1995,22.5,22.5,22.5,22.5,20.42,100
16/08/1995,22.5,22.5,22.5,22.5,20.42,0
17/08/1995,22.5,22.5,22.5,22.5,20.42,0
18/08/1995,22.5,22.5,22.5,22.5,20.42,0
21/08/1995,21.0,21.0,21.0,21.0,19.05,400
22/08/1995,21.0,21.0,21.0,21.0,19.05,0
23/08/1995,21.0,21.0,21.0,21.0,19.05,0
24/08/1995,21.0,21.0,21.0,21.0,19.05,0
25/08/1995,21.0,21.75,21.0,21.75,19.73,900
28/08/1995,21.75,21.75,21.75,21.75,19.73,0
29/08/1995,21.0,22.5,21.0,22.5,20.42,1300
30/08/1995,21.5,22.0,21.5,22.0,19.96,1600
31/08/1995,22.0,22.0,22.0,22.0,19.96,0
01/09/1995,22.0,22.0,22.0,22.0,19.96,0
05/09/1995,22.0,22.0,22.0,22.0,19.96,0
06/09/1995,22.0,22.0,22.0,22.0,19.96,0
07/09/1995,21.5,21.5,21.5,21.5,19.51,300
08/09/1995,21.5,21.5,21.5,21.5,19.51,0
11/09/1995,21.5,21.5,21.5,21.5,19.51,400
12/09/1995,21.5,21.5,21.5,21.5,19.51,0
13/09/1995,21.5,21.5,21.5,21.5,19.51,0
14/09/1995,21.5,22.5,21.5,22.5,20.42,500
15/09/1995,21.5,22.12,21.5,22.12,20.08,2200
18/09/1995,22.12,22.12,22.12,22.12,20.08,0
19/09/1995,22.12,22.12,22.12,22.12,20.08,200
20/09/1995,22.12,22.12,22.12,22.12,20.08,0
21/09/1995,22.5,22.5,22.5,22.5,20.42,600
22/09/1995,21.5,21.5,21.5,21.5,19.51,200
25/09/1995,21.5,21.5,21.5,21.5,19.51,0
26/09/1995,21.5,21.5,21.5,21.5,19.51,100
27/09/1995,21.5,21.5,21.5,21.5,19.51,0
28/09/1995,21.5,21.5,21.5,21.5,19.51,300
29/09/1995,21.25,21.25,21.25,21.25,19.28,100
02/10/1995,21.25,21.25,21.25,21.25,19.28,0
03/10/1995,21.25,21.25,21.25,21.25,19.28,0
04/10/1995,21.25,21.25,21.25,21.25,19.28,0
05/10/1995,21.25,21.25,21.25,21.25,19.28,0
06/10/1995,21.0,22.0,21.0,22.0,19.96,800
09/10/1995,22.0,22.0,22.0,22.0,19.96,0
10/10/1995,22.0,22.0,22.0,22.0,19.96,500
11/10/1995,22.0,22.0,22.0,22.0,19.96,0
12/10/1995,22.0,22.0,22.0,22.0,19.96,0
13/10/1995,22.0,22.0,22.0,22.0,19.96,0
16/10/1995,22.0,22.0,22.0,22.0,19.96,0
17/10/1995,22.0,22.0,22.0,22.0,19.96,0
18/10/1995,21.25,21.25,21.25,21.25,19.28,100
19/10/1995,21.25,21.25,21.25,21.25,19.28,0
20/10/1995,21.25,21.25,21.25,21.25,19.28,0
23/10/1995,21.25,21.25,21.25,21.25,19.28,0
24/10/1995,21.25,21.25,21.25,21.25,19.28,0
25/10/1995,21.0,22.5,21.0,22.5,20.42,2600
26/10/1995,21.0,21.0,21.0,21.0,19.05,900
27/10/1995,20.5,21.0,20.5,21.0,19.05,3800
30/10/1995,21.0,21.0,21.0,21.0,19.05,0
31/10/1995,21.0,21.0,21.0,21.0,19.05,0
01/11/1995,20.5,20.5,20.0,20.5,18.6,2300
02/11/1995,20.0,20.5,20.0,20.5,18.6,1300
03/11/1995,20.0,20.0,20.0,20.0,18.15,200
06/11/1995,20.0,20.0,19.5,19.5,17.69,1200
07/11/1995,19.5,19.5,19.25,19.25,17.47,1900
08/11/1995,19.0,19.0,19.0,19.0,17.24,200
09/11/1995,19.0,19.0,19.0,19.0,17.24,0
10/11/1995,19.0,19.0,19.0,19.0,17.24,0
13/11/1995,19.0,19.0,19.0,19.0,17.24,0
14/11/1995,18.5,20.25,18.5,20.25,18.37,600
15/11/1995,20.25,20.25,20.25,20.25,18.37,0
16/11/1995,20.25,20.25,20.25,20.25,18.37,0
17/11/1995,20.25,20.25,20.25,20.25,18.37,0
20/11/1995,18.75,19.0,18.75,18.75,17.01,3000
21/11/1995,18.75,18.75,18.75,18.75,17.01,0
22/11/1995,18.75,18.75,18.75,18.75,17.01,0
24/11/1995,18.75,18.75,18.75,18.75,17.01,400
27/11/1995,18.75,18.75,18.75,18.75,17.01,0
28/11/1995,19.0,19.0,19.0,19.0,17.24,1000
29/11/1995,19.0,19.0,19.0,19.0,17.24,0
30/11/1995,19.0,19.0,19.0,19.0,17.24,0
01/12/1995,19.0,19.0,19.0,19.0,17.24,0
04/12/1995,20.0,20.0,20.0,20.0,18.15,200
05/12/1995,18.5,19.0,18.0,19.0,17.24,2700
06/12/1995,19.0,19.0,19.0,19.0,17.24,0
07/12/1995,18.0,18.0,18.0,18.0,16.33,300
08/12/1995,17.0,17.0,16.5,16.5,14.97,600
11/12/1995,16.5,16.5,16.5,16.5,14.97,0
12/12/1995,17.0,18.0,17.0,18.0,16.33,2000
13/12/1995,17.0,18.0,17.0,18.0,16.33,1000
14/12/1995,18.0,18.0,18.0,18.0,16.33,0
15/12/1995,18.0,18.0,18.0,18.0,16.33,0
18/12/1995,16.5,17.0,16.5,17.0,15.42,500
19/12/1995,17.0,17.0,17.0,17.0,15.42,0
20/12/1995,18.0,18.0,18.0,18.0,16.33,100
21/12/1995,18.0,18.0,18.0,18.0,16.33,0
22/12/1995,18.0,18.0,18.0,18.0,16.33,100
26/12/1995,18.0,18.0,18.0,18.0,16.33,0
27/12/1995,18.0,18.0,18.0,18.0,16.33,0
28/12/1995,18.0,18.0,18.0,18.0,16.33,0
29/12/1995,18.0,18.0,18.0,18.0,16.42,0
02/01/1996,18.0,18.0,18.0,18.0,16.42,0
03/01/1996,18.0,18.0,18.0,18.0,16.42,0
04/01/1996,18.0,18.0,18.0,18.0,16.42,0
05/01/1996,18.0,18.0,18.0,18.0,16.42,0
08/01/1996,18.0,18.0,18.0,18.0,16.42,0
09/01/1996,18.0,18.0,18.0,18.0,16.42,0
10/01/1996,18.0,18.0,18.0,18.0,16.42,0
11/01/1996,18.0,18.0,18.0,18.0,16.42,0
12/01/1996,18.0,18.0,18.0,18.0,16.42,0
15/01/1996,18.0,18.0,18.0,18.0,16.42,0
16/01/1996,16.75,17.12,16.75,17.0,15.51,2000
17/01/1996,18.25,18.25,18.25,18.25,16.65,400
18/01/1996,16.5,16.75,16.5,16.75,15.28,6000
19/01/1996,16.75,16.75,16.75,16.75,15.28,0
22/01/1996,18.25,18.25,18.25,18.25,16.65,200
23/01/1996,18.25,18.25,18.25,18.25,16.65,0
24/01/1996,18.25,18.25,18.25,18.25,16.65,0
25/01/1996,16.75,18.25,16.75,18.25,16.65,900
26/01/1996,18.25,18.25,18.25,18.25,16.65,300
29/01/1996,18.25,18.25,18.25,18.25,16.65,0
30/01/1996,18.25,18.25,18.25,18.25,16.65,0
31/01/1996,18.25,18.25,18.25,18.25,16.65,0
01/02/1996,18.25,18.25,18.25,18.25,16.65,0
02/02/1996,18.25,18.25,18.25,18.25,16.65,0
05/02/1996,18.25,18.25,18.25,18.25,16.65,0
06/02/1996,18.25,18.25,18.25,18.25,16.65,0
07/02/1996,18.25,18.25,18.25,18.25,16.65,0
08/02/1996,18.25,18.25,18.25,18.25,16.65,0
09/02/1996,18.25,18.25,18.25,18.25,16.65,0
12/02/1996,18.25,18.25,18.25,18.25,16.65,0
13/02/1996,18.0,18.0,16.25,17.75,16.2,8400
14/02/1996,17.75,17.75,17.75,17.75,16.2,0
15/02/1996,17.75,17.75,17.75,17.75,16.2,0
16/02/1996,17.75,17.75,17.75,17.75,16.2,0
20/02/1996,17.75,17.75,17.75,17.75,16.2,0
21/02/1996,17.5,17.5,17.5,17.5,15.97,200
22/02/1996,17.5,18.0,17.5,18.0,16.42,1200
23/02/1996,18.0,18.0,18.0,18.0,16.42,800
26/02/1996,16.0,17.5,16.0,17.5,15.97,1100
27/02/1996,17.5,17.5,17.5,17.5,15.97,0
28/02/1996,17.5,17.5,17.5,17.5,15.97,300
29/02/1996,17.5,17.5,17.5,17.5,15.97,0
01/03/1996,17.5,17.5,17.5,17.5,15.97,0
04/03/1996,16.0,18.5,16.0,18.5,16.88,7400
05/03/1996,18.5,19.0,18.0,18.0,16.42,2300
06/03/1996,18.0,18.0,18.0,18.0,16.42,0
07/03/1996,18.5,18.5,18.0,18.0,16.42,1700
08/03/1996,18.0,18.38,17.0,17.5,15.97,1500
11/03/1996,18.5,18.5,18.5,18.5,16.88,100
12/03/1996,17.0,17.5,17.0,17.5,15.97,1000
13/03/1996,17.5,17.5,17.5,17.5,15.97,0
14/03/1996,17.5,17.5,17.5,17.5,15.97,0
15/03/1996,17.5,17.5,17.5,17.5,15.97,0
18/03/1996,17.5,17.5,17.5,17.5,15.97,0
19/03/1996,17.5,17.5,17.5,17.5,15.97,0
20/03/1996,17.5,17.5,17.5,17.5,15.97,0
21/03/1996,17.5,17.5,17.5,17.5,15.97,0
22/03/1996,17.5,17.5,17.5,17.5,15.97,0
25/03/1996,17.5,17.5,17.5,17.5,15.97,0
26/03/1996,17.5,17.5,17.5,17.5,15.97,0
27/03/1996,17.5,17.5,17.5,17.5,15.97,0
28/03/1996,16.5,16.5,16.5,16.5,15.05,100
29/03/1996,17.5,17.5,16.5,17.5,15.97,1100
01/04/1996,17.5,17.5,17.5,17.5,15.97,0
02/04/1996,16.5,17.5,16.5,17.5,15.97,1600
03/04/1996,16.5,16.5,16.5,16.5,15.05,100
04/04/1996,16.5,16.5,16.5,16.5,15.05,0
08/04/1996,17.5,17.5,17.5,17.5,15.97,100
09/04/1996,17.5,17.5,17.5,17.5,15.97,0
10/04/1996,16.0,17.0,16.0,17.0,15.51,300
11/04/1996,16.0,17.0,15.5,17.0,15.51,3700
12/04/1996,17.0,17.0,17.0,17.0,15.51,0
15/04/1996,17.0,17.0,17.0,17.0,15.51,0
16/04/1996,17.0,17.0,17.0,17.0,15.51,0
17/04/1996,16.0,16.0,15.5,16.0,14.6,600
18/04/1996,16.0,16.0,16.0,16.0,14.6,0
19/04/1996,16.0,16.0,16.0,16.0,14.6,200
22/04/1996,16.0,16.0,16.0,16.0,14.6,0
23/04/1996,16.0,16.0,16.0,16.0,14.6,100
24/04/1996,16.0,16.0,16.0,16.0,14.6,200
25/04/1996,16.0,16.0,16.0,16.0,14.6,1000
26/04/1996,16.0,16.0,16.0,16.0,14.6,0
29/04/1996,16.0,16.0,16.0,16.0,14.6,500
30/04/1996,16.0,16.0,16.0,16.0,14.6,0
01/05/1996,16.0,16.0,16.0,16.0,14.6,0
02/05/1996,16.0,16.0,16.0,16.0,14.6,0
03/05/1996,16.0,16.0,16.0,16.0,14.6,0
06/05/1996,14.5,14.5,14.0,14.0,12.77,4900
07/05/1996,14.0,14.0,14.0,14.0,12.77,200
08/05/1996,14.0,14.0,14.0,14.0,12.77,200
09/05/1996,15.0,15.0,15.0,15.0,13.69,600
10/05/1996,14.0,14.0,14.0,14.0,12.77,500
13/05/1996,14.0,14.0,14.0,14.0,12.77,0
14/05/1996,14.0,14.0,14.0,14.0,12.77,0
15/05/1996,14.0,15.0,14.0,15.0,13.69,2600
16/05/1996,15.0,15.0,15.0,15.0,13.69,0
17/05/1996,14.0,15.5,14.0,14.0,12.77,2900
20/05/1996,14.0,14.0,14.0,14.0,12.77,2000
21/05/1996,13.5,13.5,13.5,13.5,12.32,1000
22/05/1996,15.0,15.0,14.0,14.0,12.77,3800
23/05/1996,14.0,14.0,14.0,14.0,12.77,0
24/05/1996,14.0,14.0,14.0,14.0,12.77,200
28/05/1996,14.0,14.0,14.0,14.0,12.77,2000
29/05/1996,14.0,14.0,14.0,14.0,12.77,2000
30/05/1996,15.0,15.0,15.0,15.0,13.69,1000
31/05/1996,15.0,15.0,15.0,15.0,13.69,0
03/06/1996,15.0,15.0,15.0,15.0,13.69,0
04/06/1996,15.0,15.0,15.0,15.0,13.69,0
05/06/1996,15.0,15.0,15.0,15.0,13.69,0
06/06/1996,15.0,15.0,15.0,15.0,13.69,0
07/06/1996,15.0,15.0,15.0,15.0,13.69,0
10/06/1996,13.5,14.0,13.5,14.0,12.77,400
11/06/1996,14.0,14.0,14.0,14.0,12.77,800
12/06/1996,14.0,14.0,14.0,14.0,12.77,0
13/06/1996,13.5,13.5,13.5,13.5,12.32,400
14/06/1996,13.5,13.5,13.5,13.5,12.32,0
17/06/1996,13.5,13.5,13.5,13.5,12.32,0
18/06/1996,13.5,13.5,13.5,13.5,12.32,0
19/06/1996,13.5,14.0,13.5,13.75,12.55,6700
20/06/1996,13.75,13.75,13.75,13.75,12.55,0
21/06/1996,13.75,13.75,13.75,13.75,12.55,0
24/06/1996,13.75,13.75,13.75,13.75,12.55,0
25/06/1996,13.75,13.75,13.75,13.75,12.55,0
26/06/1996,13.75,13.75,13.75,13.75,12.55,0
27/06/1996,13.75,13.75,13.75,13.75,12.55,0
28/06/1996,13.75,13.75,13.75,13.75,12.55,0
01/07/1996,13.75,13.75,13.75,13.75,12.55,0
02/07/1996,13.75,13.75,13.75,13.75,12.55,0
03/07/1996,13.5,13.5,13.5,13.5,12.32,3000
05/07/1996,13.0,13.0,13.0,13.0,11.86,1000
08/07/1996,13.75,13.75,13.75,13.75,12.55,500
09/07/1996,13.5,13.5,13.5,13.5,12.32,600
10/07/1996,13.5,13.5,13.5,13.5,12.32,0
11/07/1996,13.5,13.5,13.5,13.5,12.32,0
12/07/1996,13.5,13.5,13.5,13.5,12.32,0
15/07/1996,13.5,13.5,13.5,13.5,12.32,0
16/07/1996,13.5,13.5,13.5,13.5,12.32,0
17/07/1996,13.5,13.5,13.5,13.5,12.32,500
18/07/1996,13.5,13.5,13.5,13.5,12.32,400
19/07/1996,13.5,13.5,13.5,13.5,12.32,0
22/07/1996,13.5,13.5,13.5,13.5,12.32,0
23/07/1996,13.5,13.5,13.5,13.5,12.32,0
24/07/1996,13.5,13.5,13.5,13.5,12.32,0
25/07/1996,13.5,13.5,13.5,13.5,12.32,0
26/07/1996,13.5,13.5,13.5,13.5,12.32,0
29/07/1996,13.5,13.5,12.0,13.25,12.09,1900
30/07/1996,13.25,13.25,13.25,13.25,12.09,0
31/07/1996,12.0,12.0,12.0,12.0,10.95,200
01/08/1996,12.0,12.0,12.0,12.0,10.95,0
02/08/1996,12.0,12.0,12.0,12.0,10.95,0
05/08/1996,12.0,12.0,12.0,12.0,10.95,0
06/08/1996,12.0,12.0,12.0,12.0,10.95,0
07/08/1996,12.0,12.0,12.0,12.0,10.95,0
08/08/1996,12.5,12.5,12.5,12.5,11.41,800
09/08/1996,12.5,12.5,12.5,12.5,11.41,0
12/08/1996,12.5,12.5,12.5,12.5,11.41,0
13/08/1996,12.5,12.5,12.5,12.5,11.41,0
14/08/1996,12.5,12.5,12.5,12.5,11.41,0
15/08/1996,12.5,12.5,12.5,12.5,11.41,0
16/08/1996,12.5,12.5,12.5,12.5,11.41,0
19/08/1996,12.5,12.5,12.5,12.5,11.41,0
20/08/1996,12.5,12.5,12.5,12.5,11.41,0
21/08/1996,12.5,12.5,12.5,12.5,11.41,200
22/08/1996,12.5,12.5,12.5,12.5,11.41,0
23/08/1996,12.5,12.5,12.5,12.5,11.41,0
26/08/1996,12.5,12.5,12.5,12.5,11.41,0
27/08/1996,12.5,12.5,12.5,12.5,11.41,0
28/08/1996,12.5,12.5,12.5,12.5,11.41,0
29/08/1996,12.5,12.5,12.5,12.5,11.41,0
30/08/1996,12.5,13.5,12.5,13.5,12.32,800
03/09/1996,13.5,13.5,13.5,13.5,12.32,600
04/09/1996,13.5,13.5,13.5,13.5,12.32,0
05/09/1996,12.5,12.5,12.5,12.5,11.41,100
06/09/1996,12.5,12.5,12.5,12.5,11.41,0
09/09/1996,12.5,12.5,12.5,12.5,11.41,0
10/09/1996,12.5,12.5,12.5,12.5,11.41,800
11/09/1996,12.5,12.5,12.5,12.5,11.41,500
12/09/1996,12.5,13.5,12.5,13.5,12.32,5200
13/09/1996,12.5,12.5,12.5,12.5,11.41,4100
16/09/1996,12.5,12.5,12.5,12.5,11.41,0
17/09/1996,12.5,12.5,12.5,12.5,11.41,0
18/09/1996,12.5,12.5,12.5,12.5,11.41,0
19/09/1996,12.5,12.5,12.5,12.5,11.41,0
20/09/1996,12.5,12.5,12.5,12.5,11.41,0
23/09/1996,12.5,12.5,12.5,12.5,11.41,0
24/09/1996,12.5,12.5,12.5,12.5,11.41,0
25/09/1996,12.5,12.5,12.5,12.5,11.41,0
26/09/1996,12.5,12.5,12.5,12.5,11.41,0
27/09/1996,12.5,12.5,12.5,12.5,11.41,0
30/09/1996,12.5,12.5,12.5,12.5,11.41,0
01/10/1996,12.0,12.12,12.0,12.12,11.06,1000
02/10/1996,12.0,12.0,12.0,12.0,10.95,1200
03/10/1996,12.0,12.0,12.0,12.0,10.95,0
04/10/1996,11.5,12.25,11.5,12.25,11.18,3500
07/10/1996,12.25,12.25,12.25,12.25,11.18,0
08/10/1996,12.25,12.25,12.25,12.25,11.18,0
09/10/1996,12.25,12.25,12.25,12.25,11.18,0
10/10/1996,12.25,12.25,12.25,12.25,11.18,0
11/10/1996,11.5,11.5,11.5,11.5,10.49,400
14/10/1996,11.5,11.5,11.5,11.5,10.49,400
15/10/1996,11.5,12.5,11.5,12.5,11.41,3100
16/10/1996,12.5,12.5,12.5,12.5,11.41,0
17/10/1996,11.5,12.5,11.5,11.5,10.49,5200
18/10/1996,11.5,11.5,11.5,11.5,10.49,0
21/10/1996,11.5,11.5,11.5,11.5,10.49,0
22/10/1996,10.0,10.75,10.0,10.75,9.81,200
23/10/1996,10.25,10.25,10.25,10.25,9.35,500
24/10/1996,10.25,10.25,10.25,10.25,9.35,0
25/10/1996,10.25,10.25,10.25,10.25,9.35,0
28/10/1996,10.25,10.25,10.25,10.25,9.35,200
29/10/1996,10.25,10.25,10.25,10.25,9.35,0
30/10/1996,10.25,10.25,10.25,10.25,9.35,0
31/10/1996,11.5,11.5,11.25,11.25,10.26,200
01/11/1996,11.25,11.25,11.25,11.25,10.26,0
04/11/1996,10.25,10.25,10.25,10.25,9.35,800
05/11/1996,10.25,10.25,10.25,10.25,9.35,0
06/11/1996,10.5,11.25,10.25,11.25,10.26,8000
07/11/1996,11.25,11.5,11.0,11.0,10.04,3700
08/11/1996,11.0,11.0,11.0,11.0,10.04,0
11/11/1996,11.0,11.0,11.0,11.0,10.04,0
12/11/1996,11.0,11.0,11.0,11.0,10.04,0
13/11/1996,11.0,11.0,11.0,11.0,10.04,0
14/11/1996,10.25,10.25,10.25,10.25,9.35,700
15/11/1996,10.25,10.25,10.25,10.25,9.35,0
18/11/1996,10.25,10.25,10.25,10.25,9.35,0
19/11/1996,10.25,10.25,10.25,10.25,9.35,0
20/11/1996,10.25,10.25,10.25,10.25,9.35,0
21/11/1996,10.25,10.25,10.25,10.25,9.35,0
22/11/1996,10.25,10.25,10.25,10.25,9.35,0
25/11/1996,10.25,11.5,10.25,11.25,10.26,3300
26/11/1996,11.25,11.25,11.25,11.25,10.26,0
27/11/1996,11.25,11.25,11.25,11.25,10.26,0
29/11/1996,10.25,10.25,10.25,10.25,9.35,500
02/12/1996,10.25,10.25,10.25,10.25,9.35,0
03/12/1996,10.25,11.25,10.25,11.25,10.26,6500
04/12/1996,11.25,11.25,11.25,11.25,10.26,0
05/12/1996,11.25,11.25,11.25,11.25,10.26,0
06/12/1996,10.25,10.25,10.25,10.25,9.35,200
09/12/1996,10.25,10.25,10.25,10.25,9.35,0
10/12/1996,11.0,11.25,10.25,11.25,10.26,16600
11/12/1996,10.0,10.25,9.75,10.25,9.35,17200
12/12/1996,9.5,9.5,9.5,9.5,8.67,2000
13/12/1996,9.5,9.5,9.5,9.5,8.67,500
16/12/1996,10.5,10.5,10.5,10.5,9.58,400
17/12/1996,9.5,10.5,9.5,10.5,9.58,3400
18/12/1996,10.5,10.5,10.5,10.5,9.58,0
19/12/1996,10.5,10.5,10.5,10.5,9.58,0
20/12/1996,10.5,10.5,10.5,10.5,9.58,0
23/12/1996,10.5,10.5,10.5,10.5,9.58,0
24/12/1996,10.5,10.5,10.5,10.5,9.58,0
26/12/1996,9.5,9.5,9.5,9.5,8.67,1200
27/12/1996,9.5,9.5,9.5,9.5,8.67,0
30/12/1996,9.5,10.62,9.5,10.62,9.69,1600
31/12/1996,9.5,11.25,9.5,10.0,9.3,3700
02/01/1997,10.0,10.0,10.0,10.0,9.3,0
03/01/1997,10.0,10.0,10.0,10.0,9.3,0
06/01/1997,10.0,10.0,10.0,10.0,9.3,0
07/01/1997,10.0,10.0,10.0,10.0,9.3,0
08/01/1997,9.88,10.88,9.5,10.88,10.11,900
09/01/1997,10.88,10.88,10.88,10.88,10.11,0
10/01/1997,10.88,10.88,10.88,10.88,10.11,0
13/01/1997,9.5,10.5,9.5,10.5,9.76,12200
14/01/1997,10.5,10.5,10.5,10.5,9.76,0
15/01/1997,10.5,10.5,10.5,10.5,9.76,0
16/01/1997,10.5,10.5,10.5,10.5,9.76,0
17/01/1997,10.5,10.5,10.5,10.5,9.76,0
20/01/1997,10.5,10.5,10.5,10.5,9.76,0
21/01/1997,10.5,10.5,10.5,10.5,9.76,0
22/01/1997,10.5,10.5,10.5,10.5,9.76,0
23/01/1997,10.5,10.5,10.5,10.5,9.76,0
24/01/1997,10.5,10.5,10.5,10.5,9.76,0
27/01/1997,9.25,10.25,9.25,10.25,9.53,400
28/01/1997,10.25,10.25,10.25,10.25,9.53,0
29/01/1997,10.25,10.25,10.25,10.25,9.53,0
30/01/1997,10.0,10.25,9.25,9.62,8.95,1600
31/01/1997,9.62,9.62,9.62,9.62,8.95,0
03/02/1997,9.25,10.0,9.25,10.0,9.3,2300
04/02/1997,9.25,9.5,9.25,9.25,8.6,1900
05/02/1997,9.25,9.25,9.25,9.25,8.6,600
06/02/1997,9.5,9.5,9.5,9.5,8.83,600
07/02/1997,9.25,9.5,9.25,9.25,8.6,1300
10/02/1997,9.25,9.25,9.25,9.25,8.6,0
11/02/1997,9.25,9.25,9.25,9.25,8.6,600
12/02/1997,9.25,9.25,9.25,9.25,8.6,0
13/02/1997,9.25,9.25,9.25,9.25,8.6,0
14/02/1997,9.25,10.0,9.25,10.0,9.3,1300
18/02/1997,9.25,9.25,7.0,7.0,6.51,22000
19/02/1997,7.0,7.0,7.0,7.0,6.51,0
20/02/1997,9.25,9.25,9.25,9.25,8.6,1000
21/02/1997,8.0,8.5,8.0,8.5,7.9,1100
24/02/1997,8.75,9.75,8.75,9.75,9.07,600
25/02/1997,9.75,9.75,9.75,9.75,9.07,0
26/02/1997,8.0,9.0,8.0,9.0,8.37,1100
27/02/1997,8.0,8.5,8.0,8.5,7.9,900
28/02/1997,8.5,8.5,8.5,8.5,7.9,0
03/03/1997,8.5,8.5,8.5,8.5,7.9,0
04/03/1997,8.5,8.5,8.5,8.5,7.9,0
05/03/1997,8.5,8.5,8.5,8.5,7.9,0
06/03/1997,8.5,8.5,8.5,8.5,7.9,0
07/03/1997,8.5,8.5,8.5,8.5,7.9,0
10/03/1997,8.5,8.5,8.5,8.5,7.9,0
11/03/1997,8.5,8.5,8.5,8.5,7.9,0
12/03/1997,8.5,8.5,8.5,8.5,7.9,0
13/03/1997,10.38,13.5,10.38,13.5,12.55,4800
14/03/1997,13.5,13.5,13.5,13.5,12.55,0
17/03/1997,11.0,13.0,11.0,12.0,11.16,3500
18/03/1997,12.0,12.0,12.0,12.0,11.16,0
19/03/1997,12.0,12.0,12.0,12.0,11.16,0
20/03/1997,12.0,12.0,12.0,12.0,11.16,0
21/03/1997,10.0,12.75,10.0,12.75,11.86,1700
24/03/1997,12.75,12.75,12.75,12.75,11.86,0
25/03/1997,12.75,12.75,12.75,12.75,11.86,0
26/03/1997,12.75,12.75,12.75,12.75,11.86,0
27/03/1997,12.75,12.75,12.75,12.75,11.86,0
31/03/1997,10.0,10.0,10.0,10.0,9.3,800
01/04/1997,9.5,9.5,9.5,9.5,8.83,200
02/04/1997,9.5,9.5,9.5,9.5,8.83,0
03/04/1997,9.5,11.5,9.5,11.5,10.69,600
04/04/1997,11.5,11.5,11.5,11.5,10.69,0
07/04/1997,11.5,11.5,11.5,11.5,10.69,0
08/04/1997,11.5,11.5,11.5,11.5,10.69,0
09/04/1997,9.5,9.5,9.5,9.5,8.83,2000
10/04/1997,9.5,9.5,9.5,9.5,8.83,0
11/04/1997,9.5,9.5,9.5,9.5,8.83,0
14/04/1997,9.5,9.5,9.5,9.5,8.83,0
15/04/1997,9.5,11.5,9.5,11.5,10.69,600
16/04/1997,11.5,11.5,11.5,11.5,10.69,0
17/04/1997,11.5,11.5,11.5,11.5,10.69,0
18/04/1997,11.5,11.5,11.5,11.5,10.69,0
21/04/1997,12.0,12.0,9.5,9.5,8.83,1400
22/04/1997,11.0,11.0,11.0,11.0,10.23,100
23/04/1997,11.0,11.0,11.0,11.0,10.23,0
24/04/1997,11.0,11.0,11.0,11.0,10.23,0
25/04/1997,12.0,12.0,12.0,12.0,11.16,200
28/04/1997,12.0,12.0,12.0,12.0,11.16,0
29/04/1997,12.0,12.0,12.0,12.0,11.16,0
30/04/1997,12.0,12.0,12.0,12.0,11.16,0
01/05/1997,12.0,12.0,12.0,12.0,11.16,0
02/05/1997,12.0,12.0,12.0,12.0,11.16,0
05/05/1997,12.0,12.0,12.0,12.0,11.16,0
06/05/1997,12.0,12.0,12.0,12.0,11.16,0
07/05/1997,9.0,11.0,9.0,11.0,10.23,1000
08/05/1997,11.0,11.0,11.0,11.0,10.23,0
09/05/1997,11.0,11.0,11.0,11.0,10.23,0
12/05/1997,11.0,11.0,11.0,11.0,10.23,0
13/05/1997,11.0,11.0,11.0,11.0,10.23,0
14/05/1997,11.0,11.0,11.0,11.0,10.23,0
15/05/1997,11.0,11.0,11.0,11.0,10.23,0
16/05/1997,11.0,11.0,11.0,11.0,10.23,0
19/05/1997,11.0,11.0,11.0,11.0,10.23,0
20/05/1997,8.75,9.0,8.75,9.0,8.37,600
21/05/1997,9.0,9.0,9.0,9.0,8.37,0
22/05/1997,9.0,9.0,9.0,9.0,8.37,0
23/05/1997,9.0,9.0,9.0,9.0,8.37,0
27/05/1997,9.0,9.0,9.0,9.0,8.37,0
28/05/1997,9.0,9.0,9.0,9.0,8.37,0
29/05/1997,9.0,9.0,9.0,9.0,8.37,0
30/05/1997,9.0,9.0,9.0,9.0,8.37,0
02/06/1997,9.0,9.0,9.0,9.0,8.37,0
03/06/1997,9.0,9.0,9.0,9.0,8.37,0
04/06/1997,9.0,9.0,9.0,9.0,8.37,0
05/06/1997,9.0,9.0,9.0,9.0,8.37,0
06/06/1997,9.0,9.0,9.0,9.0,8.37,0
09/06/1997,9.0,9.0,9.0,9.0,8.37,0
10/06/1997,8.25,8.25,8.25,8.25,7.67,100
11/06/1997,8.25,8.25,8.25,8.25,7.67,0
12/06/1997,8.25,8.25,8.25,8.25,7.67,0
13/06/1997,8.25,8.25,8.25,8.25,7.67,0
16/06/1997,8.25,8.25,8.25,8.25,7.67,0
17/06/1997,10.0,10.0,9.0,9.0,8.37,600
18/06/1997,10.5,10.5,10.5,10.5,9.76,200
19/06/1997,8.5,9.25,8.5,9.25,8.6,1400
20/06/1997,9.25,9.25,9.25,9.25,8.6,0
23/06/1997,9.25,9.25,9.25,9.25,8.6,0
24/06/1997,8.5,8.5,8.5,8.5,7.9,100
25/06/1997,8.5,8.5,8.5,8.5,7.9,0
26/06/1997,8.5,8.5,8.5,8.5,7.9,0
27/06/1997,8.5,8.5,8.5,8.5,7.9,0
30/06/1997,8.5,8.5,8.5,8.5,7.9,0
01/07/1997,8.5,8.5,8.5,8.5,7.9,0
02/07/1997,8.5,8.5,8.5,8.5,7.9,0
03/07/1997,8.5,8.5,8.5,8.5,7.9,0
07/07/1997,8.5,8.5,8.5,8.5,7.9,0
08/07/1997,8.5,8.5,8.5,8.5,7.9,0
09/07/1997,7.75,7.75,7.75,7.75,7.21,600
10/07/1997,7.75,7.75,7.75,7.75,7.21,0
11/07/1997,7.75,7.75,7.75,7.75,7.21,200
14/07/1997,7.75,7.75,7.75,7.75,7.21,0
15/07/1997,7.75,7.75,7.75,7.75,7.21,0
16/07/1997,7.75,7.75,7.75,7.75,7.21,0
17/07/1997,7.75,7.75,7.75,7.75,7.21,0
18/07/1997,7.75,7.75,7.75,7.75,7.21,300
21/07/1997,7.75,7.75,7.75,7.75,7.21,0
22/07/1997,7.75,7.75,7.75,7.75,7.21,0
23/07/1997,9.75,9.75,9.75,9.75,9.07,200
24/07/1997,11.0,11.0,10.5,11.0,10.23,1100
25/07/1997,11.0,11.0,11.0,11.0,10.23,0
28/07/1997,10.38,10.5,10.38,10.5,9.76,1800
29/07/1997,8.5,8.5,8.5,8.5,7.9,100
30/07/1997,8.5,8.5,8.5,8.5,7.9,0
31/07/1997,8.5,8.5,8.5,8.5,7.9,0
01/08/1997,8.5,8.5,8.5,8.5,7.9,0
04/08/1997,8.5,8.5,8.5,8.5,7.9,0
05/08/1997,8.5,9.25,8.5,9.25,8.6,200
06/08/1997,9.25,9.25,9.25,9.25,8.6,0
07/08/1997,9.25,9.25,9.25,9.25,8.6,0
08/08/1997,9.25,9.25,9.25,9.25,8.6,0
11/08/1997,9.25,9.25,9.25,9.25,8.6,0
12/08/1997,9.25,9.25,9.25,9.25,8.6,0
13/08/1997,9.25,9.25,9.25,9.25,8.6,0
14/08/1997,9.25,9.25,9.25,9.25,8.6,0
15/08/1997,9.25,9.25,9.25,9.25,8.6,0
18/08/1997,7.75,8.5,7.75,8.5,7.9,400
19/08/1997,8.5,8.5,8.5,8.5,7.9,0
20/08/1997,10.0,10.75,10.0,10.5,9.76,800
21/08/1997,8.0,8.0,8.0,8.0,7.44,800
22/08/1997,10.75,10.75,10.75,10.75,10.0,100
25/08/1997,10.25,10.25,10.25,10.25,9.53,400
26/08/1997,10.25,10.25,10.25,10.25,9.53,0
27/08/1997,11.25,11.25,11.25,11.25,10.46,200
28/08/1997,11.25,11.25,11.25,11.25,10.46,0
29/08/1997,11.25,11.25,11.25,11.25,10.46,0
02/09/1997,8.0,8.0,8.0,8.0,7.44,400
03/09/1997,8.0,8.0,8.0,8.0,7.44,0
04/09/1997,8.0,8.0,8.0,8.0,7.44,0
05/09/1997,8.0,8.0,8.0,8.0,7.44,0
08/09/1997,8.0,8.0,8.0,8.0,7.44,1000
09/09/1997,8.0,8.0,8.0,8.0,7.44,0
10/09/1997,8.0,8.0,8.0,8.0,7.44,0
11/09/1997,8.0,8.0,8.0,8.0,7.44,0
12/09/1997,8.0,8.0,8.0,8.0,7.44,0
15/09/1997,8.0,8.0,8.0,8.0,7.44,500
16/09/1997,8.0,8.0,8.0,8.0,7.44,0
17/09/1997,8.0,8.0,8.0,8.0,7.44,600
18/09/1997,9.5,9.5,9.0,9.0,8.37,700
19/09/1997,9.0,9.0,9.0,9.0,8.37,0
22/09/1997,9.0,9.0,9.0,9.0,8.37,0
23/09/1997,9.0,9.0,9.0,9.0,8.37,0
24/09/1997,9.0,9.0,9.0,9.0,8.37,0
25/09/1997,7.75,8.12,7.75,8.12,7.56,5400
26/09/1997,10.25,10.25,10.25,10.25,9.53,2000
29/09/1997,10.25,10.25,10.25,10.25,9.53,0
30/09/1997,8.25,8.25,8.25,8.25,7.67,2000
01/10/1997,8.25,8.25,8.25,8.25,7.67,0
02/10/1997,8.25,8.25,8.25,8.25,7.67,0
03/10/1997,8.25,8.25,8.25,8.25,7.67,0
06/10/1997,8.25,8.25,8.25,8.25,7.67,0
07/10/1997,8.25,8.25,8.25,8.25,7.67,0
08/10/1997,8.5,8.5,8.5,8.5,7.9,200
09/10/1997,8.5,8.5,8.5,8.5,7.9,0
10/10/1997,8.5,8.5,8.5,8.5,7.9,0
13/10/1997,8.5,8.5,8.5,8.5,7.9,0
14/10/1997,8.5,8.5,8.5,8.5,7.9,0
15/10/1997,8.38,8.5,8.38,8.5,7.9,1000
16/10/1997,8.5,8.5,8.5,8.5,7.9,0
17/10/1997,8.5,8.5,8.5,8.5,7.9,0
20/10/1997,8.5,8.5,8.5,8.5,7.9,0
21/10/1997,8.5,8.5,8.5,8.5,7.9,0
22/10/1997,8.5,8.5,8.5,8.5,7.9,0
23/10/1997,8.5,8.5,8.5,8.5,7.9,0
24/10/1997,8.5,8.5,8.5,8.5,7.9,0
27/10/1997,8.5,8.5,8.5,8.5,7.9,0
28/10/1997,8.5,8.5,8.5,8.5,7.9,0
29/10/1997,8.5,8.5,8.5,8.5,7.9,0
30/10/1997,8.5,8.5,8.5,8.5,7.9,0
31/10/1997,8.5,8.5,8.5,8.5,7.9,0
03/11/1997,8.5,8.5,8.5,8.5,7.9,0
04/11/1997,8.5,8.5,8.5,8.5,7.9,0
05/11/1997,8.5,8.5,8.5,8.5,7.9,0
06/11/1997,8.5,8.5,8.5,8.5,7.9,0
07/11/1997,8.5,8.5,8.5,8.5,7.9,0
10/11/1997,8.5,8.5,8.5,8.5,7.9,0
11/11/1997,8.5,8.5,8.5,8.5,7.9,0
12/11/1997,8.75,9.38,8.75,9.38,8.72,1300
13/11/1997,8.5,8.5,8.5,8.5,7.9,100
14/11/1997,8.5,8.5,8.5,8.5,7.9,0
17/11/1997,10.0,10.0,10.0,10.0,9.3,200
18/11/1997,10.0,10.0,10.0,10.0,9.3,0
19/11/1997,10.0,10.0,10.0,10.0,9.3,0
20/11/1997,10.0,10.0,10.0,10.0,9.3,0
21/11/1997,10.0,10.0,10.0,10.0,9.3,0
24/11/1997,10.0,10.0,10.0,10.0,9.3,0
25/11/1997,8.38,8.38,8.38,8.38,7.79,200
26/11/1997,8.5,8.5,8.5,8.5,7.9,200
28/11/1997,8.5,8.5,8.5,8.5,7.9,0
01/12/1997,9.0,9.0,8.0,9.0,8.37,1000
02/12/1997,9.0,9.0,9.0,9.0,8.37,0
03/12/1997,10.0,10.0,10.0,10.0,9.3,200
04/12/1997,10.0,10.0,10.0,10.0,9.3,0
05/12/1997,10.0,10.0,10.0,10.0,9.3,0
08/12/1997,10.0,10.0,10.0,10.0,9.3,0
09/12/1997,8.75,8.75,8.75,8.75,8.14,200
10/12/1997,8.75,8.75,8.75,8.75,8.14,0
11/12/1997,9.0,10.5,9.0,10.5,9.76,3500
12/12/1997,11.0,11.5,10.5,10.5,9.76,6800
15/12/1997,10.5,10.5,10.5,10.5,9.76,200
16/12/1997,10.5,10.5,10.5,10.5,9.76,0
17/12/1997,11.5,11.5,11.5,11.5,10.69,200
18/12/1997,10.5,10.5,10.5,10.5,9.76,2000
19/12/1997,10.5,10.5,10.5,10.5,9.76,0
22/12/1997,10.5,10.5,10.5,10.5,9.76,0
23/12/1997,10.5,10.5,10.5,10.5,9.76,100
24/12/1997,10.5,10.5,10.5,10.5,9.76,0
26/12/1997,10.5,10.5,10.5,10.5,9.76,0
29/12/1997,10.5,10.5,10.5,10.5,9.76,0
30/12/1997,10.5,10.5,10.5,10.5,9.76,0
31/12/1997,10.5,10.5,10.5,10.5,9.86,0
02/01/1998,10.5,10.5,10.5,10.5,9.86,0
05/01/1998,10.5,10.5,10.5,10.5,9.86,0
06/01/1998,10.5,10.5,10.5,10.5,9.86,0
07/01/1998,10.5,10.5,10.5,10.5,9.86,200
08/01/1998,10.5,10.5,10.5,10.5,9.86,3100
09/01/1998,10.5,10.81,10.5,10.5,9.86,6500
12/01/1998,10.5,10.5,10.5,10.5,9.86,0
13/01/1998,10.5,10.5,10.5,10.5,9.86,0
14/01/1998,10.5,10.5,10.5,10.5,9.86,0
15/01/1998,10.5,10.5,10.5,10.5,9.86,0
16/01/1998,10.5,10.5,10.5,10.5,9.86,0
20/01/1998,10.5,10.5,10.5,10.5,9.86,0
21/01/1998,10.0,10.5,10.0,10.5,9.86,1000
22/01/1998,10.5,10.5,10.5,10.5,9.86,0
23/01/1998,10.0,10.0,10.0,10.0,9.39,100
26/01/1998,10.38,10.38,10.38,10.38,9.74,200
27/01/1998,10.38,10.38,10.38,10.38,9.74,0
28/01/1998,10.38,10.38,10.38,10.38,9.74,0
29/01/1998,10.38,10.38,10.38,10.38,9.74,0
30/01/1998,10.38,10.38,10.38,10.38,9.74,0
02/02/1998,10.0,10.75,9.5,10.75,10.09,2600
03/02/1998,10.75,10.75,10.75,10.75,10.09,0
04/02/1998,10.75,10.75,10.75,10.75,10.09,0
05/02/1998,10.75,10.75,10.75,10.75,10.09,0
06/02/1998,10.75,10.75,10.75,10.75,10.09,0
09/02/1998,10.5,10.5,10.5,10.5,9.86,300
10/02/1998,10.5,10.5,10.5,10.5,9.86,0
11/02/1998,10.5,10.5,10.5,10.5,9.86,0
12/02/1998,10.5,10.5,10.5,10.5,9.86,0
13/02/1998,10.5,10.5,10.5,10.5,9.86,1800
17/02/1998,11.0,12.0,11.0,12.0,11.27,3300
18/02/1998,12.0,12.0,12.0,12.0,11.27,400
19/02/1998,11.88,11.88,11.38,11.5,10.8,5700
20/02/1998,11.5,11.5,11.5,11.5,10.8,0
23/02/1998,11.5,11.5,11.5,11.5,10.8,0
24/02/1998,11.5,11.5,11.5,11.5,10.8,0
25/02/1998,12.25,12.25,12.0,12.25,11.5,2200
26/02/1998,12.25,12.25,12.25,12.25,11.5,0
27/02/1998,12.25,12.25,12.25,12.25,11.5,0
02/03/1998,12.25,12.25,12.25,12.25,11.5,0
03/03/1998,12.25,12.25,12.25,12.25,11.5,0
04/03/1998,12.25,12.25,12.25,12.25,11.5,0
05/03/1998,12.25,12.25,12.25,12.25,11.5,0
06/03/1998,12.25,12.25,12.25,12.25,11.5,0
09/03/1998,12.25,12.25,12.25,12.25,11.5,0
10/03/1998,12.25,12.25,12.25,12.25,11.5,0
11/03/1998,12.25,12.25,12.25,12.25,11.5,0
12/03/1998,12.25,12.25,12.25,12.25,11.5,0
13/03/1998,12.06,12.06,12.06,12.06,11.33,1000
16/03/1998,12.12,12.75,12.12,12.75,11.97,2100
17/03/1998,11.88,12.5,11.88,12.5,11.74,1000
18/03/1998,12.5,12.5,12.5,12.5,11.74,0
19/03/1998,12.5,12.5,12.5,12.5,11.74,0
20/03/1998,12.5,12.5,12.5,12.5,11.74,0
23/03/1998,12.5,12.5,12.5,12.5,11.74,0
24/03/1998,12.5,12.5,12.5,12.5,11.74,0
25/03/1998,12.5,12.5,12.5,12.5,11.74,0
26/03/1998,12.5,12.5,12.5,12.5,11.74,0
27/03/1998,12.5,12.5,12.5,12.5,11.74,0
30/03/1998,12.5,12.5,12.5,12.5,11.74,400
31/03/1998,12.5,12.5,12.5,12.5,11.74,0
01/04/1998,12.5,12.5,12.5,12.5,11.74,0
02/04/1998,12.5,12.5,12.5,12.5,11.74,0
03/04/1998,12.88,12.88,12.88,12.88,12.09,1000
06/04/1998,12.25,12.56,12.25,12.56,11.79,200
07/04/1998,12.56,12.56,12.56,12.56,11.79,0
08/04/1998,12.56,12.56,12.56,12.56,11.79,0
09/04/1998,12.25,12.25,12.25,12.25,11.5,200
13/04/1998,12.25,12.25,12.25,12.25,11.5,0
14/04/1998,13.0,13.0,13.0,13.0,12.21,500
15/04/1998,13.0,13.0,13.0,13.0,12.21,0
16/04/1998,13.0,13.0,13.0,13.0,12.21,0
17/04/1998,13.0,13.0,13.0,13.0,12.21,0
20/04/1998,13.0,13.0,13.0,13.0,12.21,0
21/04/1998,12.25,12.25,12.25,12.25,11.5,300
22/04/1998,12.25,12.25,12.25,12.25,11.5,0
23/04/1998,12.25,12.62,12.25,12.62,11.85,4900
24/04/1998,12.62,12.75,12.25,12.75,11.97,2100
27/04/1998,12.25,12.75,12.25,12.75,11.97,300
28/04/1998,12.75,12.75,12.75,12.75,11.97,0
29/04/1998,12.75,12.75,12.75,12.75,11.97,500
30/04/1998,12.75,12.75,12.75,12.75,11.97,0
01/05/1998,12.75,12.75,12.75,12.75,11.97,400
04/05/1998,12.0,12.0,12.0,12.0,11.27,400
05/05/1998,12.0,12.0,12.0,12.0,11.27,0
06/05/1998,12.75,12.75,12.75,12.75,11.97,300
07/05/1998,12.0,12.0,12.0,12.0,11.27,4800
08/05/1998,12.25,12.25,12.25,12.25,11.5,400
11/05/1998,12.25,12.25,12.25,12.25,11.5,0
12/05/1998,12.25,12.25,12.25,12.25,11.5,0
13/05/1998,13.0,14.25,12.5,13.12,12.32,17800
14/05/1998,12.0,13.5,12.0,13.0,12.21,1300
15/05/1998,13.0,13.0,13.0,13.0,12.21,0
18/05/1998,12.5,12.5,12.5,12.5,11.74,5600
19/05/1998,12.0,12.0,12.0,12.0,11.27,1000
20/05/1998,12.0,12.0,12.0,12.0,11.27,0
21/05/1998,12.0,12.0,12.0,12.0,11.27,0
22/05/1998,12.0,12.0,12.0,12.0,11.27,0
26/05/1998,12.62,12.62,12.0,12.0,11.27,800
27/05/1998,12.0,12.0,12.0,12.0,11.27,0
28/05/1998,12.0,12.0,12.0,12.0,11.27,0
29/05/1998,10.75,10.75,10.75,10.75,10.09,100
01/06/1998,10.75,10.75,10.75,10.75,10.09,0
02/06/1998,10.75,10.75,10.75,10.75,10.09,0
03/06/1998,10.75,10.75,10.75,10.75,10.09,0
04/06/1998,10.75,10.75,10.75,10.75,10.09,0
05/06/1998,11.12,11.12,11.12,11.12,10.44,500
08/06/1998,11.12,11.12,11.12,11.12,10.44,0
09/06/1998,11.12,11.12,11.12,11.12,10.44,0
10/06/1998,11.12,11.12,11.12,11.12,10.44,0
11/06/1998,11.12,11.12,11.12,11.12,10.44,0
12/06/1998,11.38,11.38,11.38,11.38,10.68,500
15/06/1998,11.38,11.38,11.38,11.38,10.68,0
16/06/1998,11.38,11.38,11.38,11.38,10.68,0
17/06/1998,11.25,11.25,11.25,11.25,10.56,800
18/06/1998,11.25,11.25,11.25,11.25,10.56,0
19/06/1998,11.25,11.25,11.25,11.25,10.56,0
22/06/1998,11.25,11.25,11.25,11.25,10.56,0
23/06/1998,12.0,12.0,12.0,12.0,11.27,400
24/06/1998,12.0,12.0,12.0,12.0,11.27,0
25/06/1998,12.0,12.0,12.0,12.0,11.27,0
26/06/1998,12.0,12.0,12.0,12.0,11.27,0
29/06/1998,11.5,11.5,11.12,11.38,10.68,5500
30/06/1998,11.38,11.38,11.38,11.38,10.68,0
01/07/1998,11.38,11.38,11.38,11.38,10.68,0
02/07/1998,11.38,11.38,11.38,11.38,10.68,0
06/07/1998,11.38,11.38,11.38,11.38,10.68,0
07/07/1998,11.38,11.38,11.38,11.38,10.68,0
08/07/1998,11.38,11.38,11.38,11.38,10.68,0
09/07/1998,11.38,11.38,11.25,11.38,10.68,8700
10/07/1998,11.38,11.38,11.38,11.38,10.68,500
13/07/1998,11.38,11.38,11.38,11.38,10.68,900
14/07/1998,11.38,11.38,11.38,11.38,10.68,0
15/07/1998,11.38,11.38,11.38,11.38,10.68,0
16/07/1998,11.38,11.38,11.38,11.38,10.68,0
17/07/1998,11.38,11.38,11.38,11.38,10.68,0
20/07/1998,11.38,11.38,11.38,11.38,10.68,900
21/07/1998,12.0,12.0,12.0,12.0,11.27,300
22/07/1998,11.5,11.5,11.5,11.5,10.8,700
23/07/1998,11.5,12.0,11.38,11.88,11.15,3200
24/07/1998,11.88,11.88,11.88,11.88,11.15,0
27/07/1998,11.38,11.38,11.38,11.38,10.68,500
28/07/1998,11.38,11.38,11.38,11.38,10.68,0
29/07/1998,11.69,11.69,11.69,11.69,10.97,800
30/07/1998,11.38,11.38,11.38,11.38,10.68,4000
31/07/1998,11.38,11.38,11.38,11.38,10.68,0
03/08/1998,11.12,11.12,11.0,11.0,10.33,2400
04/08/1998,11.0,11.0,11.0,11.0,10.33,0
05/08/1998,11.0,11.0,11.0,11.0,10.33,0
06/08/1998,11.0,11.0,11.0,11.0,10.33,0
07/08/1998,11.0,11.0,11.0,11.0,10.33,0
10/08/1998,9.25,9.25,9.25,9.25,8.68,2200
11/08/1998,9.25,9.25,9.25,9.25,8.68,0
12/08/1998,9.25,9.25,9.25,9.25,8.68,2200
13/08/1998,9.25,9.25,9.25,9.25,8.68,200
14/08/1998,9.25,9.25,9.25,9.25,8.68,0
17/08/1998,9.25,9.25,9.25,9.25,8.68,0
18/08/1998,9.25,9.25,9.25,9.25,8.68,0
19/08/1998,9.25,9.25,9.25,9.25,8.68,0
20/08/1998,9.25,9.25,9.25,9.25,8.68,0
21/08/1998,9.25,9.31,9.25,9.31,8.74,2700
24/08/1998,9.31,9.31,9.31,9.31,8.74,0
25/08/1998,8.25,8.25,8.25,8.25,7.75,200
26/08/1998,9.0,9.0,9.0,9.0,8.45,200
27/08/1998,9.0,9.0,9.0,9.0,8.45,0
28/08/1998,9.0,9.0,9.0,9.0,8.45,0
31/08/1998,9.0,9.0,9.0,9.0,8.45,0
01/09/1998,9.0,9.0,9.0,9.0,8.45,0
02/09/1998,9.0,9.0,9.0,9.0,8.45,0
03/09/1998,9.0,9.0,9.0,9.0,8.45,0
04/09/1998,9.0,9.0,9.0,9.0,8.45,0
08/09/1998,9.0,9.0,9.0,9.0,8.45,0
09/09/1998,9.0,9.0,9.0,9.0,8.45,0
10/09/1998,9.0,9.0,9.0,9.0,8.45,0
11/09/1998,9.0,9.0,9.0,9.0,8.45,0
14/09/1998,9.0,9.0,9.0,9.0,8.45,0
15/09/1998,9.0,9.0,9.0,9.0,8.45,0
16/09/1998,9.0,9.0,9.0,9.0,8.45,0
17/09/1998,9.0,9.0,9.0,9.0,8.45,0
18/09/1998,7.25,8.25,7.25,8.25,7.75,400
21/09/1998,8.25,8.25,8.25,8.25,7.75,0
22/09/1998,8.25,8.25,8.25,8.25,7.75,0
23/09/1998,8.25,8.25,8.25,8.25,7.75,0
24/09/1998,8.25,8.25,8.25,8.25,7.75,0
25/09/1998,8.25,8.25,8.25,8.25,7.75,0
28/09/1998,6.88,6.88,6.88,6.88,6.45,1400
29/09/1998,6.88,6.88,6.88,6.88,6.45,0
30/09/1998,6.88,6.88,6.88,6.88,6.45,0
01/10/1998,6.88,6.88,6.88,6.88,6.45,0
02/10/1998,6.88,6.88,6.88,6.88,6.45,0
05/10/1998,6.38,6.62,6.38,6.62,6.22,1200
06/10/1998,6.62,6.62,6.62,6.62,6.22,0
07/10/1998,6.62,6.62,6.62,6.62,6.22,0
08/10/1998,6.62,6.62,6.62,6.62,6.22,0
09/10/1998,6.62,6.62,6.62,6.62,6.22,0
12/10/1998,6.62,6.62,6.62,6.62,6.22,0
13/10/1998,6.62,6.62,6.62,6.62,6.22,0
14/10/1998,6.62,6.62,6.62,6.62,6.22,0
15/10/1998,6.62,6.62,6.62,6.62,6.22,0
16/10/1998,6.62,6.62,6.62,6.62,6.22,0
19/10/1998,6.38,6.38,6.38,6.38,5.99,300
20/10/1998,7.5,7.5,7.5,7.5,7.04,300
21/10/1998,7.0,7.0,7.0,7.0,6.57,200
22/10/1998,7.0,7.0,7.0,7.0,6.57,100
23/10/1998,7.88,8.0,7.88,8.0,7.51,1200
26/10/1998,8.0,8.0,8.0,8.0,7.51,0
27/10/1998,8.0,8.0,8.0,8.0,7.51,0
28/10/1998,8.0,8.0,8.0,8.0,7.51,0
29/10/1998,8.0,8.0,8.0,8.0,7.51,0
30/10/1998,7.5,7.5,7.5,7.5,7.04,1800
02/11/1998,7.5,7.5,7.5,7.5,7.04,0
03/11/1998,6.62,7.0,6.62,7.0,6.57,2400
04/11/1998,7.0,7.0,6.75,6.75,6.34,2700
05/11/1998,7.0,7.75,7.0,7.75,7.28,2100
06/11/1998,7.75,7.75,7.75,7.75,7.28,0
09/11/1998,7.75,7.75,7.75,7.75,7.28,0
10/11/1998,7.75,7.75,7.75,7.75,7.28,0
11/11/1998,6.88,6.88,6.88,6.88,6.45,200
12/11/1998,6.88,6.88,6.88,6.88,6.45,0
13/11/1998,6.88,6.88,6.88,6.88,6.45,0
16/11/1998,9.0,9.0,7.62,7.75,7.28,7200
17/11/1998,7.75,7.75,7.75,7.75,7.28,0
18/11/1998,7.75,7.75,7.75,7.75,7.28,0
19/11/1998,8.38,8.38,8.38,8.38,7.86,1500
20/11/1998,8.38,8.38,8.38,8.38,7.86,0
23/11/1998,8.38,8.38,8.38,8.38,7.86,0
24/11/1998,8.0,8.0,8.0,8.0,7.51,300
25/11/1998,8.0,8.25,8.0,8.25,7.75,600
27/11/1998,8.25,8.25,8.25,8.25,7.75,0
30/11/1998,7.5,8.0,7.5,7.5,7.04,19400
01/12/1998,7.62,7.62,7.62,7.62,7.16,1400
02/12/1998,7.62,7.62,7.62,7.62,7.16,0
03/12/1998,7.0,7.5,7.0,7.5,7.04,3300
04/12/1998,7.5,7.5,7.5,7.5,7.04,0
07/12/1998,6.75,7.5,6.5,6.5,6.1,4200
08/12/1998,6.5,6.75,6.5,6.75,6.34,1400
09/12/1998,6.75,7.0,6.75,6.75,6.34,2500
10/12/1998,8.0,8.0,7.62,7.75,7.28,2200
11/12/1998,7.75,7.75,7.75,7.75,7.28,0
14/12/1998,7.75,7.75,7.75,7.75,7.28,0
15/12/1998,7.75,7.75,7.75,7.75,7.28,0
16/12/1998,7.75,7.75,7.75,7.75,7.28,0
17/12/1998,7.75,7.75,7.75,7.75,7.28,1700
18/12/1998,7.75,7.75,7.75,7.75,7.28,0
21/12/1998,7.75,7.75,7.75,7.75,7.28,400
22/12/1998,6.88,6.88,6.88,6.88,6.45,800
23/12/1998,6.88,6.88,6.88,6.88,6.45,1500
24/12/1998,6.88,6.88,6.88,6.88,6.45,0
28/12/1998,6.88,7.12,6.88,7.12,6.69,2800
29/12/1998,6.75,7.25,6.5,6.5,6.1,10900
30/12/1998,6.5,7.0,6.5,7.0,6.73,2200
31/12/1998,7.12,7.75,7.12,7.12,6.85,4600
04/01/1999,7.12,7.12,7.12,7.12,6.85,0
05/01/1999,7.12,7.12,7.12,7.12,6.85,0
06/01/1999,6.75,6.75,6.75,6.75,6.49,300
07/01/1999,6.75,6.75,6.75,6.75,6.49,0
08/01/1999,6.75,6.75,6.75,6.75,6.49,0
11/01/1999,6.88,6.88,6.88,6.88,6.61,1500
12/01/1999,6.88,6.88,6.88,6.88,6.61,0
13/01/1999,6.88,6.88,6.88,6.88,6.61,0
14/01/1999,7.25,7.25,7.25,7.25,6.97,1400
15/01/1999,7.25,7.25,7.25,7.25,6.97,0
19/01/1999,7.0,8.0,7.0,8.0,7.69,900
20/01/1999,8.0,8.0,8.0,8.0,7.69,0
21/01/1999,8.0,8.0,8.0,8.0,7.69,0
22/01/1999,8.0,8.0,8.0,8.0,7.69,0
25/01/1999,8.0,8.0,8.0,8.0,7.69,0
26/01/1999,8.0,8.0,8.0,8.0,7.69,0
27/01/1999,8.0,8.0,8.0,8.0,7.69,0
28/01/1999,8.0,8.0,8.0,8.0,7.69,0
29/01/1999,7.25,8.0,7.25,7.25,6.97,800
01/02/1999,7.25,7.25,7.25,7.25,6.97,400
02/02/1999,7.25,7.25,7.25,7.25,6.97,0
03/02/1999,7.25,7.25,7.25,7.25,6.97,0
04/02/1999,7.25,7.25,7.25,7.25,6.97,4100
05/02/1999,7.0,7.0,7.0,7.0,6.73,1600
08/02/1999,7.0,7.0,7.0,7.0,6.73,0
09/02/1999,7.0,7.0,7.0,7.0,6.73,400
10/02/1999,7.0,7.5,7.0,7.5,7.21,14000
11/02/1999,7.0,7.5,7.0,7.5,7.21,11400
12/02/1999,7.5,7.5,7.0,7.0,6.73,800
16/02/1999,6.75,6.75,6.75,6.75,6.49,300
17/02/1999,7.25,8.0,7.0,7.0,6.73,1700
18/02/1999,7.0,7.0,7.0,7.0,6.73,0
19/02/1999,7.0,7.0,7.0,7.0,6.73,0
22/02/1999,7.0,7.0,7.0,7.0,6.73,0
23/02/1999,7.38,7.38,7.38,7.38,7.09,300
24/02/1999,7.0,7.0,7.0,7.0,6.73,1200
25/02/1999,7.12,7.12,7.12,7.12,6.85,500
26/02/1999,7.12,7.12,7.12,7.12,6.85,0
01/03/1999,7.12,7.12,7.12,7.12,6.85,0
02/03/1999,7.12,7.12,7.12,7.12,6.85,200
03/03/1999,7.12,7.12,7.12,7.12,6.85,0
04/03/1999,7.12,7.12,7.12,7.12,6.85,0
05/03/1999,7.12,7.12,7.12,7.12,6.85,0
08/03/1999,7.12,7.12,7.12,7.12,6.85,0
09/03/1999,8.0,8.0,8.0,8.0,7.69,200
10/03/1999,7.25,7.25,7.25,7.25,6.97,300
11/03/1999,7.25,7.25,7.25,7.25,6.97,0
12/03/1999,7.25,7.25,7.25,7.25,6.97,0
15/03/1999,7.25,7.25,7.25,7.25,6.97,0
16/03/1999,7.25,7.25,7.25,7.25,6.97,0
17/03/1999,7.25,7.25,7.25,7.25,6.97,100
18/03/1999,7.75,7.75,7.75,7.75,7.45,200
19/03/1999,7.75,7.75,7.75,7.75,7.45,0
22/03/1999,7.75,7.75,7.75,7.75,7.45,0
23/03/1999,7.75,7.75,7.75,7.75,7.45,0
24/03/1999,7.75,7.75,7.75,7.75,7.45,0
25/03/1999,7.75,7.75,7.75,7.75,7.45,0
26/03/1999,7.75,7.75,7.75,7.75,7.45,0
29/03/1999,7.75,7.75,7.75,7.75,7.45,0
30/03/1999,7.75,7.75,7.75,7.75,7.45,0
31/03/1999,7.75,7.75,7.75,7.75,7.45,0
01/04/1999,7.75,7.75,7.75,7.75,7.45,0
05/04/1999,7.75,7.75,7.75,7.75,7.45,0
06/04/1999,7.75,7.75,7.75,7.75,7.45,0
07/04/1999,7.38,7.75,7.38,7.75,7.45,5500
08/04/1999,7.75,7.75,7.75,7.75,7.45,0
09/04/1999,7.75,7.75,7.75,7.75,7.45,0
12/04/1999,7.75,7.75,7.75,7.75,7.45,0
13/04/1999,7.75,7.75,7.75,7.75,7.45,0
14/04/1999,7.75,7.75,7.75,7.75,7.45,0
15/04/1999,7.75,7.75,7.75,7.75,7.45,0
16/04/1999,7.75,7.75,7.75,7.75,7.45,0
19/04/1999,7.75,7.75,7.75,7.75,7.45,0
20/04/1999,7.38,7.38,7.38,7.38,7.09,800
21/04/1999,7.38,7.38,7.38,7.38,7.09,0
22/04/1999,7.38,7.38,7.38,7.38,7.09,0
23/04/1999,7.38,7.38,7.38,7.38,7.09,0
26/04/1999,7.38,7.38,7.38,7.38,7.09,0
27/04/1999,7.38,7.38,7.38,7.38,7.09,0
28/04/1999,7.38,7.75,7.38,7.75,7.45,300
29/04/1999,7.38,7.38,7.38,7.38,7.09,300
30/04/1999,7.38,7.38,7.38,7.38,7.09,0
03/05/1999,7.38,7.38,7.38,7.38,7.09,200
04/05/1999,7.38,7.38,7.38,7.38,7.09,0
05/05/1999,7.38,7.38,7.38,7.38,7.09,0
06/05/1999,7.38,7.38,7.38,7.38,7.09,0
07/05/1999,7.38,7.38,7.38,7.38,7.09,0
10/05/1999,7.38,7.38,7.38,7.38,7.09,0
11/05/1999,7.38,7.38,7.38,7.38,7.09,0
12/05/1999,7.38,7.75,7.38,7.75,7.45,700
13/05/1999,7.75,7.75,7.75,7.75,7.45,0
14/05/1999,7.75,7.75,7.75,7.75,7.45,0
17/05/1999,7.38,7.38,7.38,7.38,7.09,2900
18/05/1999,7.38,7.44,7.38,7.38,7.09,4400
19/05/1999,7.38,7.38,7.38,7.38,7.09,100
20/05/1999,7.5,7.5,7.5,7.5,7.21,1000
21/05/1999,7.38,7.38,7.38,7.38,7.09,600
24/05/1999,7.38,7.38,7.38,7.38,7.09,700
25/05/1999,7.38,7.38,7.38,7.38,7.09,0
26/05/1999,7.38,7.38,7.38,7.38,7.09,0
27/05/1999,7.38,7.38,7.38,7.38,7.09,0
28/05/1999,7.38,7.38,7.38,7.38,7.09,0
01/06/1999,7.38,7.38,7.38,7.38,7.09,0
02/06/1999,7.38,7.38,7.38,7.38,7.09,0
03/06/1999,7.38,7.38,7.38,7.38,7.09,0
04/06/1999,7.38,7.38,7.38,7.38,7.09,0
07/06/1999,7.38,7.38,7.38,7.38,7.09,0
08/06/1999,7.5,7.5,7.38,7.38,7.09,2000
09/06/1999,7.38,7.38,7.38,7.38,7.09,700
10/06/1999,7.38,7.38,7.38,7.38,7.09,0
11/06/1999,7.38,7.38,7.38,7.38,7.09,0
14/06/1999,7.38,7.38,7.38,7.38,7.09,1200
15/06/1999,7.38,7.38,7.38,7.38,7.09,0
16/06/1999,7.38,7.38,7.38,7.38,7.09,0
17/06/1999,7.38,7.38,7.38,7.38,7.09,0
18/06/1999,7.38,7.38,7.38,7.38,7.09,9700
21/06/1999,7.38,7.38,7.38,7.38,7.09,0
22/06/1999,7.5,7.5,7.5,7.5,7.21,700
23/06/1999,7.5,7.5,7.5,7.5,7.21,0
24/06/1999,7.5,7.5,7.5,7.5,7.21,0
25/06/1999,7.5,7.5,7.5,7.5,7.21,0
28/06/1999,7.5,7.5,7.5,7.5,7.21,0
29/06/1999,7.5,7.5,7.5,7.5,7.21,0
30/06/1999,7.75,7.75,7.75,7.75,7.45,7500
01/07/1999,7.75,7.75,7.75,7.75,7.45,0
02/07/1999,7.75,7.75,7.75,7.75,7.45,0
06/07/1999,7.38,7.38,7.38,7.38,7.09,200
07/07/1999,7.38,7.38,7.38,7.38,7.09,0
08/07/1999,7.38,7.38,7.38,7.38,7.09,0
09/07/1999,7.38,7.38,7.38,7.38,7.09,0
12/07/1999,7.38,7.38,7.38,7.38,7.09,0
13/07/1999,7.38,7.38,7.38,7.38,7.09,0
14/07/1999,7.38,7.38,7.38,7.38,7.09,0
15/07/1999,7.38,7.38,7.38,7.38,7.09,0
16/07/1999,7.38,7.38,7.38,7.38,7.09,0
19/07/1999,7.38,7.38,7.38,7.38,7.09,1100
20/07/1999,7.38,7.38,7.38,7.38,7.09,200
21/07/1999,7.38,7.38,7.38,7.38,7.09,0
22/07/1999,7.38,7.38,7.38,7.38,7.09,0
23/07/1999,7.38,7.38,7.38,7.38,7.09,0
26/07/1999,7.38,7.38,7.38,7.38,7.09,0
27/07/1999,7.38,7.38,7.38,7.38,7.09,0
28/07/1999,7.38,7.38,7.38,7.38,7.09,0
29/07/1999,7.38,7.38,7.38,7.38,7.09,0
30/07/1999,7.38,7.38,7.38,7.38,7.09,600
02/08/1999,7.38,7.38,7.38,7.38,7.09,1100
03/08/1999,7.38,7.75,7.38,7.75,7.45,2800
04/08/1999,7.38,7.38,7.38,7.38,7.09,700
05/08/1999,7.38,7.38,7.38,7.38,7.09,0
06/08/1999,7.38,7.38,7.38,7.38,7.09,0
09/08/1999,7.38,7.38,7.38,7.38,7.09,0
10/08/1999,7.38,7.38,7.38,7.38,7.09,0
11/08/1999,7.38,7.38,7.38,7.38,7.09,6200
12/08/1999,7.75,7.75,7.75,7.75,7.45,4000
13/08/1999,7.75,7.75,7.75,7.75,7.45,0
16/08/1999,8.0,8.0,8.0,8.0,7.69,2000
17/08/1999,8.0,8.0,8.0,8.0,7.69,0
18/08/1999,8.0,8.0,8.0,8.0,7.69,0
19/08/1999,8.0,8.0,8.0,8.0,7.69,0
20/08/1999,7.5,7.5,7.5,7.5,7.21,500
23/08/1999,7.5,7.5,7.5,7.5,7.21,0
24/08/1999,7.5,7.5,7.5,7.5,7.21,0
25/08/1999,7.38,7.38,7.38,7.38,7.09,500
26/08/1999,7.38,7.75,7.38,7.75,7.45,13900
27/08/1999,7.38,7.38,7.38,7.38,7.09,700
30/08/1999,7.38,7.38,7.38,7.38,7.09,100
31/08/1999,7.38,7.38,7.38,7.38,7.09,0
01/09/1999,7.38,7.38,7.38,7.38,7.09,0
02/09/1999,7.38,7.38,7.38,7.38,7.09,0
03/09/1999,7.38,7.38,7.38,7.38,7.09,900
07/09/1999,7.75,7.75,7.75,7.75,7.45,1500
08/09/1999,7.75,7.75,7.75,7.75,7.45,0
09/09/1999,7.75,7.75,7.75,7.75,7.45,0
10/09/1999,7.38,7.38,7.38,7.38,7.09,1200
13/09/1999,7.38,7.38,7.38,7.38,7.09,0
14/09/1999,7.38,7.38,7.38,7.38,7.09,900
15/09/1999,7.38,7.38,7.38,7.38,7.09,0
16/09/1999,7.38,7.38,7.38,7.38,7.09,0
17/09/1999,7.38,7.38,7.38,7.38,7.09,0
20/09/1999,7.38,7.38,7.38,7.38,7.09,0
21/09/1999,7.38,7.38,7.38,7.38,7.09,0
22/09/1999,7.38,7.38,7.38,7.38,7.09,0
23/09/1999,7.38,7.38,7.38,7.38,7.09,0
24/09/1999,7.38,7.38,7.38,7.38,7.09,0
27/09/1999,7.38,7.38,7.38,7.38,7.09,0
28/09/1999,7.38,7.38,7.38,7.38,7.09,0
29/09/1999,7.38,7.38,7.38,7.38,7.09,0
30/09/1999,7.56,7.56,7.56,7.56,7.27,1000
01/10/1999,7.38,7.38,7.38,7.38,7.09,200
04/10/1999,7.38,7.38,7.38,7.38,7.09,0
05/10/1999,7.38,7.38,7.38,7.38,7.09,0
06/10/1999,7.38,7.38,7.38,7.38,7.09,0
07/10/1999,7.38,7.38,7.38,7.38,7.09,0
08/10/1999,7.38,7.38,7.38,7.38,7.09,0
11/10/1999,7.38,7.38,7.38,7.38,7.09,0
12/10/1999,7.38,7.38,7.38,7.38,7.09,0
13/10/1999,7.38,7.38,7.38,7.38,7.09,0
14/10/1999,7.38,7.38,7.38,7.38,7.09,0
15/10/1999,7.38,7.38,7.38,7.38,7.09,0
18/10/1999,7.0,7.0,7.0,7.0,6.73,400
19/10/1999,7.0,7.0,7.0,7.0,6.73,0
20/10/1999,7.0,7.0,7.0,7.0,6.73,0
21/10/1999,6.5,6.5,6.5,6.5,6.25,500
22/10/1999,6.5,6.5,6.5,6.5,6.25,0
25/10/1999,6.5,6.5,6.5,6.5,6.25,0
26/10/1999,6.5,6.5,6.5,6.5,6.25,0
27/10/1999,6.5,6.5,6.38,6.38,6.13,800
28/10/1999,6.38,6.38,6.38,6.38,6.13,0
29/10/1999,6.25,6.75,6.25,6.75,6.49,1200
01/11/1999,6.81,6.81,6.75,6.75,6.49,800
02/11/1999,6.5,6.75,6.25,6.25,6.01,1500
03/11/1999,6.25,6.25,6.25,6.25,6.01,0
04/11/1999,6.25,6.25,6.25,6.25,6.01,0
05/11/1999,6.25,6.25,6.25,6.25,6.01,0
08/11/1999,6.25,6.25,6.25,6.25,6.01,0
09/11/1999,6.25,6.25,6.25,6.25,6.01,0
10/11/1999,6.25,6.25,6.25,6.25,6.01,0
11/11/1999,6.25,6.25,6.25,6.25,6.01,0
12/11/1999,6.25,6.25,6.25,6.25,6.01,0
15/11/1999,6.25,6.25,6.25,6.25,6.01,0
16/11/1999,6.25,6.25,6.25,6.25,6.01,0
17/11/1999,6.25,6.25,6.25,6.25,6.01,0
18/11/1999,6.25,6.25,6.25,6.25,6.01,0
19/11/1999,6.25,6.25,6.25,6.25,6.01,0
22/11/1999,6.25,6.25,6.25,6.25,6.01,0
23/11/1999,6.25,6.25,6.25,6.25,6.01,0
24/11/1999,6.25,6.25,6.25,6.25,6.01,0
26/11/1999,6.25,6.25,6.25,6.25,6.01,0
29/11/1999,6.12,6.12,6.12,6.12,5.89,1000
30/11/1999,6.44,6.44,6.44,6.44,6.19,200
01/12/1999,6.44,6.44,6.44,6.44,6.19,0
02/12/1999,6.44,6.44,6.44,6.44,6.19,0
03/12/1999,6.44,6.44,6.44,6.44,6.19,0
06/12/1999,6.12,6.12,6.12,6.12,5.89,400
07/12/1999,6.12,6.12,6.12,6.12,5.89,0
08/12/1999,6.12,6.12,6.12,6.12,5.89,400
09/12/1999,6.12,6.12,6.12,6.12,5.89,0
10/12/1999,6.12,6.12,6.12,6.12,5.89,200
13/12/1999,6.12,6.12,6.0,6.0,5.77,400
14/12/1999,6.0,6.0,6.0,6.0,5.77,0
15/12/1999,6.0,6.0,6.0,6.0,5.77,0
16/12/1999,6.0,6.0,6.0,6.0,5.77,0
17/12/1999,6.0,6.0,6.0,6.0,5.77,0
20/12/1999,5.75,5.75,5.75,5.75,5.53,300
21/12/1999,5.75,5.75,5.75,5.75,5.53,200
22/12/1999,5.72,5.72,5.72,5.72,5.5,2000
23/12/1999,5.25,5.5,5.25,5.5,5.29,6000
27/12/1999,5.38,5.5,5.25,5.5,5.29,1800
28/12/1999,5.5,5.5,5.5,5.5,5.29,0
29/12/1999,5.25,5.25,5.25,5.25,5.05,6500
30/12/1999,5.25,5.25,5.25,5.25,5.05,0
31/12/1999,5.0,5.0,5.0,5.0,4.81,1200
03/01/2000,5.0,5.0,5.0,5.0,4.81,0
04/01/2000,5.0,5.0,5.0,5.0,4.81,0
05/01/2000,5.75,5.75,5.75,5.75,5.53,100
06/01/2000,5.75,5.75,5.75,5.75,5.53,0
07/01/2000,5.75,5.75,5.75,5.75,5.53,1000
10/01/2000,5.75,5.75,5.75,5.75,5.53,0
11/01/2000,6.25,6.25,6.25,6.25,6.01,700
12/01/2000,6.25,6.25,6.25,6.25,6.01,0
13/01/2000,6.25,6.25,6.25,6.25,6.01,0
14/01/2000,6.25,6.25,6.25,6.25,6.01,0
18/01/2000,6.25,6.25,6.25,6.25,6.01,0
19/01/2000,6.25,6.25,6.25,6.25,6.01,0
20/01/2000,6.25,6.25,6.25,6.25,6.01,0
21/01/2000,5.75,5.75,5.75,5.75,5.53,500
24/01/2000,5.75,5.75,5.75,5.75,5.53,0
25/01/2000,5.75,5.75,5.75,5.75,5.53,0
26/01/2000,5.75,5.75,5.75,5.75,5.53,0
27/01/2000,5.75,5.75,5.75,5.75,5.53,0
28/01/2000,6.25,6.25,6.25,6.25,6.01,200
31/01/2000,6.0,6.25,6.0,6.25,6.01,5800
01/02/2000,6.25,6.25,6.25,6.25,6.01,200
02/02/2000,6.25,6.25,6.25,6.25,6.01,0
03/02/2000,6.25,6.25,6.25,6.25,6.01,0
04/02/2000,6.25,6.25,6.25,6.25,6.01,0
07/02/2000,7.0,7.0,7.0,7.0,6.73,1500
08/02/2000,7.0,7.25,7.0,7.25,6.97,1300
09/02/2000,7.12,7.62,7.12,7.62,7.33,900
10/02/2000,7.62,7.62,7.62,7.62,7.33,0
11/02/2000,7.62,7.62,7.62,7.62,7.33,0
14/02/2000,7.62,7.62,7.62,7.62,7.33,200
15/02/2000,7.5,7.62,7.5,7.62,7.33,2100
16/02/2000,7.62,7.62,7.62,7.62,7.33,0
17/02/2000,7.62,7.62,7.62,7.62,7.33,0
18/02/2000,8.5,8.5,8.5,8.5,8.17,100
22/02/2000,8.5,8.5,8.5,8.5,8.17,0
23/02/2000,8.0,8.0,8.0,8.0,7.69,300
24/02/2000,8.5,8.5,8.5,8.5,8.17,200
25/02/2000,8.5,8.5,8.5,8.5,8.17,0
28/02/2000,8.44,8.44,8.44,8.44,8.11,500
29/02/2000,8.88,8.88,8.44,8.44,8.11,1100
01/03/2000,8.88,8.88,8.88,8.88,8.53,300
02/03/2000,8.88,8.88,8.88,8.88,8.53,0
03/03/2000,8.88,8.88,8.88,8.88,8.53,0
06/03/2000,8.88,8.88,8.88,8.88,8.53,0
07/03/2000,8.44,8.44,8.44,8.44,8.11,300
08/03/2000,8.44,8.44,8.44,8.44,8.11,0
09/03/2000,8.44,8.44,8.44,8.44,8.11,200
10/03/2000,8.44,8.44,8.44,8.44,8.11,200
13/03/2000,8.44,8.44,8.44,8.44,8.21,0
14/03/2000,8.44,8.44,8.44,8.44,8.21,0
15/03/2000,8.44,8.44,8.44,8.44,8.21,0
16/03/2000,8.88,8.88,8.44,8.44,8.21,800
17/03/2000,8.44,8.44,8.44,8.44,8.21,0
20/03/2000,8.88,9.25,7.12,7.12,6.93,5400
21/03/2000,7.12,7.12,7.12,7.12,6.93,0
22/03/2000,7.12,7.12,7.12,7.12,6.93,0
23/03/2000,7.12,7.12,7.12,7.12,6.93,0
24/03/2000,7.0,7.0,7.0,7.0,6.81,200
27/03/2000,8.0,8.0,8.0,8.0,7.78,200
28/03/2000,8.0,8.0,8.0,8.0,7.78,0
29/03/2000,7.0,7.0,7.0,7.0,6.81,100
30/03/2000,6.88,6.88,6.88,6.88,6.69,500
31/03/2000,6.62,6.75,6.62,6.75,6.56,700
03/04/2000,6.75,6.75,6.75,6.75,6.56,0
04/04/2000,6.62,6.62,6.5,6.5,6.32,400
05/04/2000,6.62,6.62,6.62,6.62,6.44,100
06/04/2000,6.62,6.62,6.62,6.62,6.44,0
07/04/2000,6.62,6.62,6.62,6.62,6.44,0
10/04/2000,6.62,6.62,6.62,6.62,6.44,0
11/04/2000,6.5,6.5,6.5,6.5,6.32,900
12/04/2000,6.5,6.5,6.5,6.5,6.32,0
13/04/2000,6.88,6.88,6.25,6.25,6.08,2100
14/04/2000,6.25,6.25,6.25,6.25,6.08,0
17/04/2000,6.12,6.12,6.12,6.12,5.96,800
18/04/2000,6.12,6.12,6.12,6.12,5.96,0
19/04/2000,6.12,6.12,6.12,6.12,5.96,0
20/04/2000,6.12,6.12,6.12,6.12,5.96,0
24/04/2000,6.12,6.12,6.12,6.12,5.96,0
25/04/2000,6.12,6.12,6.12,6.12,5.96,0
26/04/2000,6.12,6.12,6.12,6.12,5.96,0
27/04/2000,6.25,6.25,6.25,6.25,6.08,2400
28/04/2000,6.38,6.38,6.38,6.38,6.2,1000
01/05/2000,6.38,6.38,6.38,6.38,6.2,0
02/05/2000,6.38,6.38,6.38,6.38,6.2,0
03/05/2000,6.38,6.38,6.38,6.38,6.2,0
04/05/2000,6.38,6.38,6.38,6.38,6.2,0
05/05/2000,6.38,6.38,6.38,6.38,6.2,0
08/05/2000,6.38,6.38,6.38,6.38,6.2,0
09/05/2000,6.25,6.25,6.25,6.25,6.08,600
10/05/2000,6.19,6.25,6.12,6.12,5.96,2700
11/05/2000,6.12,6.12,6.12,6.12,5.96,0
12/05/2000,6.0,6.0,6.0,6.0,5.84,1000
15/05/2000,5.69,5.69,5.69,5.69,5.53,500
16/05/2000,5.69,5.69,5.69,5.69,5.53,100
17/05/2000,5.69,5.69,5.69,5.69,5.53,0
18/05/2000,5.69,5.69,5.69,5.69,5.53,0
19/05/2000,5.62,5.62,5.38,5.38,5.23,400
22/05/2000,5.38,5.38,5.38,5.38,5.23,200
23/05/2000,5.38,5.38,5.38,5.38,5.23,0
24/05/2000,5.38,5.38,5.0,5.0,4.86,4000
25/05/2000,5.0,5.0,5.0,5.0,4.86,0
26/05/2000,5.0,5.0,5.0,5.0,4.86,0
30/05/2000,5.0,5.0,5.0,5.0,4.86,0
31/05/2000,5.06,5.06,5.0,5.0,4.86,7200
01/06/2000,4.88,4.88,4.88,4.88,4.74,100
02/06/2000,4.88,4.88,4.88,4.88,4.74,0
05/06/2000,4.88,4.88,4.88,4.88,4.74,0
06/06/2000,4.88,4.88,4.88,4.88,4.74,0
07/06/2000,4.88,4.88,4.88,4.88,4.74,0
08/06/2000,4.88,4.88,4.88,4.88,4.74,0
09/06/2000,5.06,5.12,5.06,5.12,4.98,1900
12/06/2000,5.25,5.25,5.25,5.25,5.11,2400
13/06/2000,5.25,5.25,5.25,5.25,5.11,0
14/06/2000,5.25,5.25,5.25,5.25,5.11,0
15/06/2000,5.5,5.5,5.5,5.5,5.35,1900
16/06/2000,5.5,5.5,5.5,5.5,5.35,0
19/06/2000,5.5,5.5,5.5,5.5,5.35,0
20/06/2000,5.25,5.25,5.0,5.0,4.86,1300
21/06/2000,5.0,5.0,5.0,5.0,4.86,0
22/06/2000,5.0,5.0,5.0,5.0,4.86,500
23/06/2000,5.0,5.0,5.0,5.0,4.86,0
26/06/2000,5.0,5.0,5.0,5.0,4.86,0
27/06/2000,5.0,5.0,5.0,5.0,4.86,0
28/06/2000,5.0,5.0,5.0,5.0,4.86,0
29/06/2000,5.5,5.5,4.75,4.75,4.62,4100
30/06/2000,4.75,4.75,4.75,4.75,4.62,0
03/07/2000,4.75,4.75,4.75,4.75,4.62,0
05/07/2000,4.75,4.75,4.75,4.75,4.62,0
06/07/2000,4.75,4.75,4.75,4.75,4.62,0
07/07/2000,4.75,4.75,4.75,4.75,4.62,0
10/07/2000,4.75,4.75,4.75,4.75,4.62,0
11/07/2000,4.75,4.75,4.75,4.75,4.62,0
12/07/2000,4.75,4.75,4.75,4.75,4.62,0
13/07/2000,4.75,4.75,4.75,4.75,4.62,0
14/07/2000,4.75,4.75,4.75,4.75,4.62,0
17/07/2000,4.75,4.75,4.75,4.75,4.62,0
18/07/2000,4.75,4.75,4.75,4.75,4.62,0
19/07/2000,4.75,4.75,4.75,4.75,4.62,0
20/07/2000,4.75,4.75,4.75,4.75,4.62,0
21/07/2000,4.75,4.75,4.75,4.75,4.62,0
24/07/2000,4.75,4.75,4.75,4.75,4.62,0
25/07/2000,4.75,4.75,4.75,4.75,4.62,0
26/07/2000,4.75,4.75,4.25,4.25,4.13,6500
27/07/2000,4.25,4.25,4.25,4.25,4.13,0
28/07/2000,4.75,4.75,4.5,4.5,4.38,700
31/07/2000,4.5,4.5,4.5,4.5,4.38,0
01/08/2000,4.5,4.5,4.5,4.5,4.38,0
02/08/2000,4.5,4.5,4.5,4.5,4.38,0
03/08/2000,4.75,4.75,4.75,4.75,4.62,300
04/08/2000,4.75,4.75,4.75,4.75,4.62,0
07/08/2000,4.75,4.75,4.75,4.75,4.62,0
08/08/2000,4.75,4.75,4.75,4.75,4.62,0
09/08/2000,4.75,4.75,4.75,4.75,4.62,0
10/08/2000,4.75,4.75,4.75,4.75,4.62,0
11/08/2000,4.75,4.75,4.75,4.75,4.62,0
14/08/2000,4.75,4.75,4.75,4.75,4.62,0
15/08/2000,4.25,4.44,4.0,4.0,3.89,3700
16/08/2000,4.0,4.0,4.0,4.0,3.89,0
17/08/2000,4.25,4.25,4.25,4.25,4.13,1400
18/08/2000,4.25,4.25,4.25,4.25,4.13,1000
21/08/2000,4.25,4.25,4.25,4.25,4.13,0
22/08/2000,4.25,4.25,4.25,4.25,4.13,0
23/08/2000,4.25,4.25,4.25,4.25,4.13,0
24/08/2000,4.5,4.88,4.5,4.88,4.74,4200
25/08/2000,4.25,4.25,4.25,4.25,4.13,400
28/08/2000,4.25,4.25,4.25,4.25,4.13,0
29/08/2000,5.0,5.0,4.19,4.25,4.13,6400
30/08/2000,4.25,4.25,4.25,4.25,4.13,0
31/08/2000,4.19,4.19,4.0,4.0,3.89,300
01/09/2000,4.0,4.0,4.0,4.0,3.89,0
05/09/2000,4.0,4.0,4.0,4.0,3.89,0
06/09/2000,4.0,4.0,4.0,4.0,3.89,2400
07/09/2000,4.0,4.0,4.0,4.0,3.89,0
08/09/2000,3.88,3.88,3.88,3.88,3.77,900
11/09/2000,4.0,4.0,4.0,4.0,3.89,100
12/09/2000,4.12,6.0,4.12,4.12,4.01,7000
13/09/2000,4.25,4.25,4.25,4.25,4.13,2000
14/09/2000,4.53,4.53,4.5,4.5,4.38,2000
15/09/2000,4.62,5.88,4.62,5.0,4.86,2700
18/09/2000,5.0,5.0,5.0,5.0,4.86,0
19/09/2000,4.0,4.0,4.0,4.0,3.89,400
20/09/2000,4.0,4.0,4.0,4.0,3.89,0
21/09/2000,4.5,4.5,4.5,4.5,4.38,200
22/09/2000,4.38,4.38,4.38,4.38,4.25,2000
25/09/2000,4.38,4.38,4.0,4.25,4.13,2600
26/09/2000,4.5,4.5,4.5,4.5,4.38,200
27/09/2000,4.0,4.0,4.0,4.0,3.89,1600
28/09/2000,4.5,4.5,4.5,4.5,4.38,400
29/09/2000,4.5,4.5,4.5,4.5,4.38,0
02/10/2000,4.5,4.5,4.5,4.5,4.38,0
03/10/2000,4.38,4.38,4.38,4.38,4.25,300
04/10/2000,4.38,4.38,4.38,4.38,4.25,0
05/10/2000,4.38,4.38,4.38,4.38,4.25,0
06/10/2000,4.38,4.38,4.38,4.38,4.25,0
09/10/2000,4.38,4.38,4.38,4.38,4.25,0
10/10/2000,3.62,3.62,3.62,3.62,3.53,100
11/10/2000,3.62,3.62,3.62,3.62,3.53,0
12/10/2000,3.62,3.62,3.62,3.62,3.53,0
13/10/2000,3.62,3.62,3.62,3.62,3.53,300
16/10/2000,3.62,3.62,3.62,3.62,3.53,300
17/10/2000,3.62,3.62,3.62,3.62,3.53,0
18/10/2000,3.62,3.62,3.62,3.62,3.53,0
19/10/2000,3.62,3.62,3.62,3.62,3.53,0
20/10/2000,3.62,3.62,3.62,3.62,3.53,0
23/10/2000,4.0,4.0,4.0,4.0,3.89,2000
24/10/2000,4.0,4.0,4.0,4.0,3.89,0
25/10/2000,3.75,3.75,3.75,3.75,3.65,200
26/10/2000,3.75,3.75,3.75,3.75,3.65,0
27/10/2000,3.75,3.75,3.75,3.75,3.65,0
30/10/2000,3.75,3.75,3.75,3.75,3.65,0
31/10/2000,3.75,3.75,3.75,3.75,3.65,0
01/11/2000,3.75,3.75,3.75,3.75,3.65,0
02/11/2000,3.75,3.75,3.75,3.75,3.65,0
03/11/2000,3.75,3.75,3.75,3.75,3.65,0
06/11/2000,3.75,3.75,3.75,3.75,3.65,0
07/11/2000,3.75,3.75,3.75,3.75,3.65,0
08/11/2000,3.75,3.75,3.75,3.75,3.65,0
09/11/2000,3.75,3.75,3.75,3.75,3.65,0
10/11/2000,3.75,3.75,3.75,3.75,3.65,0
13/11/2000,3.75,3.75,3.75,3.75,3.65,0
14/11/2000,3.75,3.75,3.75,3.75,3.65,0
15/11/2000,4.25,4.25,4.25,4.25,4.13,700
16/11/2000,4.25,4.25,4.25,4.25,4.13,0
17/11/2000,4.25,4.25,4.25,4.25,4.13,0
20/11/2000,4.31,4.5,4.31,4.5,4.38,600
21/11/2000,4.5,4.5,4.5,4.5,4.38,0
22/11/2000,3.88,3.88,3.88,3.88,3.77,12000
24/11/2000,3.88,3.88,3.88,3.88,3.77,0
27/11/2000,3.88,3.88,3.88,3.88,3.77,2800
28/11/2000,3.75,3.75,3.75,3.75,3.65,400
29/11/2000,3.75,3.75,3.75,3.75,3.65,0
30/11/2000,3.75,3.75,3.75,3.75,3.65,0
01/12/2000,3.62,3.62,3.5,3.5,3.4,2900
04/12/2000,3.5,3.5,3.5,3.5,3.4,0
05/12/2000,3.5,3.5,3.5,3.5,3.4,1000
06/12/2000,3.5,3.5,3.5,3.5,3.4,0
07/12/2000,3.5,3.5,3.5,3.5,3.4,0
08/12/2000,3.5,3.5,3.5,3.5,3.4,0
11/12/2000,3.5,3.5,3.5,3.5,3.4,0
12/12/2000,3.5,3.5,3.5,3.5,3.4,3100
13/12/2000,3.5,3.5,3.5,3.5,3.4,0
14/12/2000,3.5,3.5,3.5,3.5,3.4,0
15/12/2000,3.62,3.62,3.62,3.62,3.53,200
18/12/2000,3.62,3.62,3.62,3.62,3.53,0
19/12/2000,3.62,3.62,3.62,3.62,3.53,400
20/12/2000,3.62,3.62,3.62,3.62,3.53,0
21/12/2000,3.5,3.5,3.25,3.25,3.16,300
22/12/2000,2.88,2.88,2.88,2.88,2.8,600
26/12/2000,3.0,3.03,3.0,3.0,2.92,8000
27/12/2000,3.0,3.0,3.0,3.0,2.92,100
28/12/2000,3.81,3.81,3.81,3.81,3.71,12000
29/12/2000,3.06,3.12,3.06,3.12,3.04,1400
02/01/2001,3.12,3.12,3.12,3.12,3.04,0
03/01/2001,3.12,3.12,3.12,3.12,3.04,0
04/01/2001,3.12,3.12,3.12,3.12,3.04,0
05/01/2001,3.12,3.12,3.12,3.12,3.04,0
08/01/2001,3.38,3.38,3.0,3.0,2.92,600
09/01/2001,3.0,3.0,3.0,3.0,2.92,0
10/01/2001,3.5,3.5,3.25,3.25,3.16,2700
11/01/2001,3.25,3.25,3.25,3.25,3.16,0
12/01/2001,3.25,3.25,3.25,3.25,3.16,0
16/01/2001,3.25,3.25,3.25,3.25,3.16,0
17/01/2001,3.25,3.25,3.25,3.25,3.16,0
18/01/2001,3.25,3.25,3.25,3.25,3.16,0
19/01/2001,3.25,3.25,3.25,3.25,3.16,0
22/01/2001,3.25,3.25,3.25,3.25,3.16,0
23/01/2001,3.25,3.25,3.25,3.25,3.16,0
24/01/2001,3.25,3.25,3.25,3.25,3.16,0
25/01/2001,3.25,3.25,3.25,3.25,3.16,0
26/01/2001,3.25,3.25,3.25,3.25,3.16,0
29/01/2001,3.25,3.25,3.25,3.25,3.16,0
30/01/2001,4.25,4.25,4.25,4.25,4.13,300
31/01/2001,4.36,4.36,4.36,4.36,4.24,100
01/02/2001,4.36,4.36,4.36,4.36,4.24,0
02/02/2001,3.53,3.53,3.53,3.53,3.43,200
05/02/2001,3.53,3.53,3.53,3.53,3.43,0
06/02/2001,4.12,4.12,3.75,4.12,4.01,11900
07/02/2001,4.19,4.19,4.0,4.12,4.01,10800
08/02/2001,4.12,4.12,4.12,4.12,4.01,0
09/02/2001,4.12,4.12,4.12,4.12,4.01,0
12/02/2001,4.12,4.12,4.12,4.12,4.01,0
13/02/2001,4.12,4.12,4.12,4.12,4.01,0
14/02/2001,4.12,4.12,4.12,4.12,4.01,0
15/02/2001,4.12,4.12,4.12,4.12,4.01,0
16/02/2001,4.25,4.25,4.25,4.25,4.13,200
20/02/2001,4.25,4.25,4.25,4.25,4.13,0
21/02/2001,4.25,4.25,4.25,4.25,4.13,0
22/02/2001,4.25,4.25,4.25,4.25,4.13,0
23/02/2001,4.25,4.25,4.25,4.25,4.13,0
26/02/2001,4.25,4.25,4.25,4.25,4.13,0
27/02/2001,4.25,4.25,4.25,4.25,4.13,0
28/02/2001,3.75,3.75,3.75,3.75,3.65,500
01/03/2001,3.75,3.75,3.75,3.75,3.65,0
02/03/2001,3.75,3.75,3.75,3.75,3.65,0
05/03/2001,3.75,3.75,3.75,3.75,3.65,0
06/03/2001,3.75,3.75,3.75,3.75,3.65,0
07/03/2001,3.75,3.75,3.75,3.75,3.65,0
08/03/2001,4.0,4.0,4.0,4.0,3.89,3000
09/03/2001,4.0,4.0,4.0,4.0,3.89,0
12/03/2001,3.88,3.88,3.88,3.88,3.77,100
13/03/2001,3.75,3.75,3.75,3.75,3.65,300
14/03/2001,3.75,3.75,3.75,3.75,3.65,100
15/03/2001,3.75,3.75,3.75,3.75,3.65,500
16/03/2001,3.75,3.75,3.75,3.75,3.65,0
19/03/2001,3.75,3.75,3.75,3.75,3.65,0
20/03/2001,3.75,3.75,3.75,3.75,3.65,0
21/03/2001,3.75,3.75,3.75,3.75,3.65,0
22/03/2001,3.75,3.75,3.75,3.75,3.65,0
23/03/2001,3.31,3.31,3.31,3.31,3.22,800
26/03/2001,3.31,3.31,3.31,3.31,3.22,0
27/03/2001,3.31,3.31,3.31,3.31,3.22,0
28/03/2001,3.31,3.31,3.31,3.31,3.22,0
29/03/2001,3.31,3.31,3.31,3.31,3.22,0
30/03/2001,3.31,3.31,3.31,3.31,3.22,0
02/04/2001,3.31,3.31,3.31,3.31,3.22,0
03/04/2001,3.31,3.31,3.31,3.31,3.22,0
04/04/2001,3.31,3.31,3.31,3.31,3.22,0
05/04/2001,3.31,3.31,3.31,3.31,3.22,0
06/04/2001,3.31,3.31,3.31,3.31,3.22,0
09/04/2001,3.31,3.31,3.31,3.31,3.22,0
10/04/2001,3.31,3.31,3.31,3.31,3.22,0
11/04/2001,3.31,3.31,3.31,3.31,3.22,0
12/04/2001,3.31,3.31,3.31,3.31,3.22,0
16/04/2001,3.31,3.31,3.31,3.31,3.22,0
17/04/2001,3.31,3.31,3.31,3.31,3.22,0
18/04/2001,3.31,3.31,3.31,3.31,3.22,0
19/04/2001,3.31,3.31,3.31,3.31,3.22,0
20/04/2001,3.31,3.31,3.31,3.31,3.22,0
23/04/2001,2.61,2.61,2.61,2.61,2.54,100
24/04/2001,2.61,2.61,2.61,2.61,2.54,0
25/04/2001,2.61,2.61,2.61,2.61,2.54,0
26/04/2001,2.61,2.61,2.61,2.61,2.54,0
27/04/2001,2.61,2.61,2.61,2.61,2.54,0
30/04/2001,2.61,2.61,2.61,2.61,2.54,0
01/05/2001,3.0,3.0,3.0,3.0,2.92,100
02/05/2001,3.0,3.0,3.0,3.0,2.92,0
03/05/2001,3.0,3.0,3.0,3.0,2.92,0
04/05/2001,3.0,3.0,3.0,3.0,2.92,0
07/05/2001,3.0,3.0,3.0,3.0,2.92,0
08/05/2001,3.0,3.0,3.0,3.0,2.92,0
09/05/2001,3.0,3.0,3.0,3.0,2.92,0
10/05/2001,3.0,3.0,3.0,3.0,2.92,0
11/05/2001,3.0,3.0,3.0,3.0,2.92,0
14/05/2001,3.0,3.0,3.0,3.0,2.92,0
15/05/2001,3.0,3.0,3.0,3.0,2.92,0
16/05/2001,3.0,3.0,3.0,3.0,2.92,0
17/05/2001,3.0,3.0,3.0,3.0,2.92,0
18/05/2001,3.0,3.0,3.0,3.0,2.92,0
21/05/2001,3.0,3.0,3.0,3.0,2.92,0
22/05/2001,3.0,3.0,3.0,3.0,2.92,800
23/05/2001,3.0,3.0,3.0,3.0,2.92,0
24/05/2001,3.0,3.0,3.0,3.0,2.92,0
25/05/2001,3.25,3.25,3.25,3.25,3.16,1000
29/05/2001,3.25,3.25,3.25,3.25,3.16,0
30/05/2001,3.5,4.0,3.5,4.0,3.89,1700
31/05/2001,4.0,4.5,4.0,4.5,4.38,1100
01/06/2001,4.5,4.5,4.5,4.5,4.38,0
04/06/2001,4.5,4.5,4.5,4.5,4.38,0
05/06/2001,4.5,4.5,4.5,4.5,4.38,900
06/06/2001,4.5,4.5,4.5,4.5,4.38,0
07/06/2001,4.5,4.5,4.5,4.5,4.38,0
08/06/2001,3.5,3.5,3.5,3.5,3.4,100
11/06/2001,4.25,4.25,4.25,4.25,4.13,1000
12/06/2001,4.25,4.25,4.25,4.25,4.13,0
13/06/2001,3.8,3.8,3.8,3.8,3.7,100
14/06/2001,3.8,3.8,3.8,3.8,3.7,0
15/06/2001,3.8,3.8,3.8,3.8,3.7,0
18/06/2001,3.5,3.5,3.5,3.5,3.4,1000
19/06/2001,3.5,3.5,3.5,3.5,3.4,1000
20/06/2001,3.5,3.5,3.5,3.5,3.4,0
21/06/2001,3.5,3.5,3.5,3.5,3.4,1700
22/06/2001,3.5,3.5,3.5,3.5,3.4,0
25/06/2001,3.5,3.5,3.5,3.5,3.4,0
26/06/2001,3.54,3.54,3.5,3.5,3.4,2700
27/06/2001,3.5,3.5,3.5,3.5,3.4,0
28/06/2001,3.5,3.5,3.5,3.5,3.4,0
29/06/2001,3.5,3.5,3.5,3.5,3.4,0
02/07/2001,3.5,3.5,3.5,3.5,3.4,0
03/07/2001,3.5,3.5,3.5,3.5,3.4,0
05/07/2001,3.47,3.47,3.47,3.47,3.37,1800
06/07/2001,3.25,3.25,3.05,3.05,2.97,2900
09/07/2001,3.05,3.05,3.05,3.05,2.97,0
10/07/2001,3.05,3.05,3.05,3.05,2.97,0
11/07/2001,3.05,3.05,3.05,3.05,2.97,0
12/07/2001,3.05,3.05,3.05,3.05,2.97,0
13/07/2001,3.05,3.05,3.05,3.05,2.97,0
16/07/2001,3.05,3.05,3.05,3.05,2.97,0
17/07/2001,3.05,3.05,3.05,3.05,2.97,0
18/07/2001,3.1,3.1,3.1,3.1,3.01,100
19/07/2001,3.1,3.1,3.1,3.1,3.01,0
20/07/2001,3.1,3.1,3.1,3.1,3.01,0
23/07/2001,3.1,3.1,3.1,3.1,3.01,0
24/07/2001,3.1,3.1,3.1,3.1,3.01,0
25/07/2001,3.1,3.1,3.1,3.1,3.01,0
26/07/2001,3.44,3.44,3.44,3.44,3.35,1700
27/07/2001,3.44,3.44,3.44,3.44,3.35,0
30/07/2001,3.44,3.44,3.44,3.44,3.35,0
31/07/2001,3.44,3.44,3.44,3.44,3.35,0
01/08/2001,3.44,3.44,3.44,3.44,3.35,0
02/08/2001,3.1,3.1,3.1,3.1,3.01,200
03/08/2001,3.1,3.1,3.1,3.1,3.01,0
06/08/2001,3.1,3.1,3.1,3.1,3.01,0
07/08/2001,3.1,3.1,3.1,3.1,3.01,0
08/08/2001,3.1,3.1,3.1,3.1,3.01,0
09/08/2001,3.3,3.3,3.3,3.3,3.21,1000
10/08/2001,3.3,3.3,3.3,3.3,3.21,0
13/08/2001,3.3,3.3,3.3,3.3,3.21,0
14/08/2001,3.35,3.35,3.35,3.35,3.26,3500
15/08/2001,3.4,3.4,3.4,3.4,3.31,100
16/08/2001,3.4,3.4,3.4,3.4,3.31,0
17/08/2001,3.4,3.4,3.35,3.4,3.31,9100
20/08/2001,3.35,3.35,3.35,3.35,3.26,200
21/08/2001,3.35,3.35,3.35,3.35,3.26,0
22/08/2001,3.35,3.35,3.35,3.35,3.26,0
23/08/2001,3.35,3.35,3.08,3.08,3.0,1500
24/08/2001,3.08,3.08,3.08,3.08,3.0,0
27/08/2001,3.08,3.08,3.08,3.08,3.0,0
28/08/2001,3.08,3.08,3.08,3.08,3.0,0
29/08/2001,3.08,3.08,3.08,3.08,3.0,0
30/08/2001,3.08,3.08,3.08,3.08,3.0,0
31/08/2001,3.08,3.08,3.08,3.08,3.0,0
04/09/2001,3.08,3.08,3.08,3.08,3.0,0
05/09/2001,3.08,3.08,3.08,3.08,3.0,0
06/09/2001,3.08,3.08,3.08,3.08,3.0,0
07/09/2001,3.08,3.08,3.08,3.08,3.0,0
10/09/2001,3.0,3.0,3.0,3.0,2.92,300
17/09/2001,3.0,3.0,3.0,3.0,2.92,800
18/09/2001,3.0,3.0,3.0,3.0,2.92,0
19/09/2001,2.92,2.92,2.9,2.9,2.82,400
20/09/2001,2.9,2.9,2.9,2.9,2.82,0
21/09/2001,2.85,2.85,2.85,2.85,2.77,200
24/09/2001,2.85,2.85,2.85,2.85,2.77,0
25/09/2001,2.85,2.85,2.85,2.85,2.77,0
26/09/2001,2.85,3.0,2.6,2.6,2.53,3400
27/09/2001,2.6,2.6,2.6,2.6,2.53,0
28/09/2001,2.55,2.55,2.5,2.5,2.43,600
01/10/2001,2.5,2.5,2.5,2.5,2.43,0
02/10/2001,2.5,2.5,2.5,2.5,2.43,500
03/10/2001,2.5,2.5,2.5,2.5,2.43,0
04/10/2001,2.5,2.5,2.5,2.5,2.43,0
05/10/2001,2.5,2.5,2.5,2.5,2.43,0
08/10/2001,2.5,2.5,2.5,2.5,2.43,0
09/10/2001,2.5,2.5,2.5,2.5,2.43,0
10/10/2001,2.5,2.5,2.5,2.5,2.43,0
11/10/2001,2.5,2.5,2.5,2.5,2.43,0
12/10/2001,2.5,2.5,2.5,2.5,2.43,0
15/10/2001,2.5,2.5,2.5,2.5,2.43,0
16/10/2001,2.5,2.5,2.5,2.5,2.43,0
17/10/2001,2.5,2.5,2.5,2.5,2.43,0
18/10/2001,2.5,2.5,2.5,2.5,2.43,0
19/10/2001,2.5,2.5,2.5,2.5,2.43,0
22/10/2001,2.5,2.5,2.5,2.5,2.43,0
23/10/2001,2.5,2.5,2.5,2.5,2.43,0
24/10/2001,2.5,2.5,2.5,2.5,2.43,0
25/10/2001,2.5,2.5,2.5,2.5,2.43,0
26/10/2001,2.5,2.5,2.5,2.5,2.43,0
29/10/2001,2.5,2.5,2.5,2.5,2.43,0
30/10/2001,2.5,2.5,2.5,2.5,2.43,0
31/10/2001,2.95,2.95,2.95,2.95,2.87,1000
01/11/2001,2.95,2.95,2.95,2.95,2.87,0
02/11/2001,2.95,2.95,2.95,2.95,2.87,0
05/11/2001,2.95,2.95,2.95,2.95,2.87,0
06/11/2001,2.95,2.95,2.95,2.95,2.87,0
07/11/2001,2.95,2.95,2.95,2.95,2.87,0
08/11/2001,2.95,2.95,2.95,2.95,2.87,0
09/11/2001,2.95,2.95,2.95,2.95,2.87,0
12/11/2001,2.95,2.95,2.95,2.95,2.87,0
13/11/2001,2.95,2.95,2.95,2.95,2.87,0
14/11/2001,2.95,2.95,2.95,2.95,2.87,0
15/11/2001,2.95,2.95,2.95,2.95,2.87,0
16/11/2001,2.48,2.48,2.48,2.48,2.41,1000
19/11/2001,2.48,2.48,2.48,2.48,2.41,0
20/11/2001,2.48,2.48,2.48,2.48,2.41,0
21/11/2001,2.48,2.48,2.48,2.48,2.41,0
23/11/2001,2.48,2.48,2.48,2.48,2.41,0
26/11/2001,2.55,2.55,2.55,2.55,2.48,200
27/11/2001,2.55,2.55,2.55,2.55,2.48,0
28/11/2001,2.55,2.55,2.55,2.55,2.48,0
29/11/2001,2.45,2.6,2.45,2.6,2.53,1100
30/11/2001,2.6,2.6,2.6,2.6,2.53,0
03/12/2001,2.65,2.65,2.65,2.65,2.58,100
04/12/2001,2.9,2.9,2.9,2.9,2.82,100
05/12/2001,2.9,2.9,2.9,2.9,2.82,0
06/12/2001,2.9,2.9,2.9,2.9,2.82,0
07/12/2001,2.9,2.9,2.9,2.9,2.82,0
10/12/2001,2.5,2.5,2.5,2.5,2.43,500
11/12/2001,2.5,2.5,2.5,2.5,2.43,200
12/12/2001,2.5,2.5,2.5,2.5,2.43,0
13/12/2001,2.5,2.5,2.5,2.5,2.43,0
14/12/2001,2.5,3.92,2.5,3.15,3.06,20400
17/12/2001,3.92,4.4,3.22,4.0,3.89,9000
18/12/2001,3.85,4.37,3.85,4.37,4.25,2000
19/12/2001,4.35,4.35,4.0,4.0,3.89,9700
20/12/2001,4.01,4.05,4.0,4.0,3.89,1100
21/12/2001,4.15,4.75,4.15,4.3,4.18,11700
24/12/2001,4.67,4.8,4.67,4.8,4.67,8700
26/12/2001,4.85,4.85,4.29,4.29,4.17,700
27/12/2001,4.29,4.29,4.29,4.29,4.17,0
28/12/2001,4.17,4.17,4.17,4.17,4.06,500
31/12/2001,4.17,4.17,4.0,4.0,3.89,800
02/01/2002,4.0,4.0,4.0,4.0,3.89,0
03/01/2002,4.0,4.0,4.0,4.0,3.89,0
04/01/2002,4.27,4.27,4.27,4.27,4.15,200
07/01/2002,4.35,4.35,4.35,4.35,4.23,1000
08/01/2002,4.35,4.35,4.35,4.35,4.23,0
09/01/2002,4.3,4.3,4.25,4.25,4.13,600
10/01/2002,4.25,4.25,4.25,4.25,4.13,0
11/01/2002,4.25,4.25,4.25,4.25,4.13,0
14/01/2002,4.25,4.25,4.25,4.25,4.13,0
15/01/2002,4.2,4.2,4.2,4.2,4.08,100
16/01/2002,4.2,4.2,4.2,4.2,4.08,0
17/01/2002,4.2,4.2,4.2,4.2,4.08,0
18/01/2002,4.18,4.18,4.18,4.18,4.07,100
22/01/2002,4.18,4.18,4.18,4.18,4.07,0
23/01/2002,4.2,4.2,4.13,4.13,4.02,200
24/01/2002,4.13,4.13,4.13,4.13,4.02,0
25/01/2002,4.06,4.06,4.06,4.06,3.95,2000
28/01/2002,4.06,4.06,4.06,4.06,3.95,0
29/01/2002,4.1,4.1,4.05,4.05,3.94,1400
30/01/2002,4.0,4.0,3.9,3.9,3.79,600
31/01/2002,4.0,4.0,4.0,4.0,3.89,100
01/02/2002,4.0,4.0,4.0,4.0,3.89,0
04/02/2002,4.0,4.0,4.0,4.0,3.89,0
05/02/2002,3.85,3.85,3.85,3.85,3.74,100
06/02/2002,3.85,3.85,3.85,3.85,3.74,0
07/02/2002,3.85,3.85,3.85,3.85,3.74,200
08/02/2002,3.85,3.85,3.85,3.85,3.74,0
11/02/2002,3.85,3.85,3.85,3.85,3.74,0
12/02/2002,3.85,3.85,3.85,3.85,3.74,0
13/02/2002,3.95,3.95,3.55,3.55,3.45,2000
14/02/2002,3.55,3.55,3.55,3.55,3.45,0
15/02/2002,3.55,3.55,3.55,3.55,3.45,0
19/02/2002,3.55,3.55,3.55,3.55,3.45,0
20/02/2002,3.55,3.55,3.55,3.55,3.45,0
21/02/2002,3.55,3.55,3.55,3.55,3.45,0
22/02/2002,3.55,3.55,3.55,3.55,3.45,0
25/02/2002,3.55,3.55,3.55,3.55,3.45,0
26/02/2002,3.55,3.55,3.55,3.55,3.45,0
27/02/2002,3.55,3.55,3.55,3.55,3.45,0
28/02/2002,3.55,3.55,3.55,3.55,3.45,0
01/03/2002,3.55,3.55,3.55,3.55,3.45,0
04/03/2002,3.55,3.67,3.4,3.67,3.57,9300
05/03/2002,3.28,3.28,3.28,3.28,3.19,100
06/03/2002,3.28,3.28,3.28,3.28,3.19,0
07/03/2002,3.28,3.28,3.28,3.28,3.19,0
08/03/2002,3.28,3.28,3.28,3.28,3.19,0
11/03/2002,3.32,3.32,3.32,3.32,3.23,200
12/03/2002,3.32,3.32,3.32,3.32,3.23,0
13/03/2002,3.32,3.32,3.32,3.32,3.23,0
14/03/2002,3.32,3.32,3.32,3.32,3.23,0
15/03/2002,3.32,3.32,3.32,3.32,3.23,0
18/03/2002,3.32,3.32,3.32,3.32,3.23,0
19/03/2002,3.35,3.35,3.35,3.35,3.26,100
20/03/2002,3.35,3.35,3.35,3.35,3.26,0
21/03/2002,3.35,3.35,3.35,3.35,3.26,0
22/03/2002,3.35,3.35,3.35,3.35,3.26,0
25/03/2002,3.35,3.35,3.35,3.35,3.26,0
26/03/2002,3.35,3.35,3.35,3.35,3.26,0
27/03/2002,3.35,3.35,3.35,3.35,3.26,0
28/03/2002,3.35,3.35,3.35,3.35,3.26,0
01/04/2002,3.35,3.35,3.35,3.35,3.26,0
02/04/2002,3.35,3.35,3.35,3.35,3.26,0
03/04/2002,3.35,3.35,3.35,3.35,3.26,0
04/04/2002,3.35,3.35,3.35,3.35,3.26,0
05/04/2002,3.3,3.3,3.1,3.3,3.21,4700
08/04/2002,3.3,3.3,3.3,3.3,3.21,0
09/04/2002,3.3,3.3,3.3,3.3,3.21,0
10/04/2002,3.3,3.3,3.3,3.3,3.21,0
11/04/2002,3.3,3.3,3.3,3.3,3.21,0
12/04/2002,3.15,3.15,3.15,3.15,3.06,1000
15/04/2002,3.25,3.25,3.11,3.11,3.02,1600
16/04/2002,3.11,3.11,3.11,3.11,3.02,0
17/04/2002,3.15,3.15,3.1,3.1,3.01,500
18/04/2002,3.1,3.1,3.1,3.1,3.01,0
19/04/2002,3.11,3.11,3.01,3.01,2.93,1200
22/04/2002,3.25,3.25,3.01,3.01,2.93,1100
23/04/2002,3.25,3.25,3.25,3.25,3.16,100
24/04/2002,3.25,3.25,3.25,3.25,3.16,0
25/04/2002,2.92,2.92,2.81,2.81,2.73,1600
26/04/2002,2.81,2.81,2.81,2.81,2.73,0
29/04/2002,2.81,2.81,2.81,2.81,2.73,0
30/04/2002,2.81,2.81,2.81,2.81,2.73,0
01/05/2002,2.81,2.81,2.81,2.81,2.73,0
02/05/2002,2.81,2.81,2.81,2.81,2.73,0
03/05/2002,2.81,2.81,2.81,2.81,2.73,0
06/05/2002,2.81,2.81,2.81,2.81,2.73,0
07/05/2002,2.81,2.81,2.81,2.81,2.73,0
08/05/2002,2.9,2.9,2.66,2.66,2.59,1900
09/05/2002,2.7,2.7,2.61,2.61,2.54,1100
10/05/2002,2.61,2.99,2.61,2.99,2.91,400
13/05/2002,2.99,2.99,2.99,2.99,2.91,0
14/05/2002,2.97,3.6,2.97,3.6,3.5,1500
15/05/2002,3.91,4.29,3.91,4.29,4.17,2000
16/05/2002,4.05,4.25,4.05,4.25,4.13,800
17/05/2002,4.25,4.25,4.25,4.25,4.13,0
20/05/2002,4.25,4.25,4.25,4.25,4.13,0
21/05/2002,4.0,4.0,3.76,3.76,3.66,1400
22/05/2002,3.76,3.76,3.76,3.76,3.66,0
23/05/2002,3.76,3.76,3.76,3.76,3.66,0
24/05/2002,3.76,3.76,3.76,3.76,3.66,0
28/05/2002,4.0,4.0,3.76,3.76,3.66,1500
29/05/2002,3.76,3.76,3.76,3.76,3.66,0
30/05/2002,3.76,3.76,3.76,3.76,3.66,1300
31/05/2002,3.76,3.76,3.76,3.76,3.66,1400
03/06/2002,3.76,3.76,3.76,3.76,3.66,0
04/06/2002,3.76,3.76,3.76,3.76,3.66,0
05/06/2002,3.76,3.76,3.76,3.76,3.66,0
06/06/2002,3.9,3.9,3.9,3.9,3.79,1200
07/06/2002,3.9,3.9,3.9,3.9,3.79,0
10/06/2002,3.9,3.9,3.9,3.9,3.79,0
11/06/2002,3.9,3.9,3.9,3.9,3.79,0
12/06/2002,3.99,3.99,3.99,3.99,3.88,100
13/06/2002,3.99,3.99,3.99,3.99,3.88,0
14/06/2002,4.0,4.0,4.0,4.0,3.89,0
17/06/2002,3.99,3.99,3.99,3.99,3.88,0
18/06/2002,3.99,3.99,3.99,3.99,3.88,0
19/06/2002,3.99,3.99,3.99,3.99,3.88,0
20/06/2002,3.99,3.99,3.99,3.99,3.88,0
21/06/2002,3.99,3.99,3.99,3.99,3.88,0
24/06/2002,3.99,3.99,3.99,3.99,3.88,0
25/06/2002,3.35,3.35,3.35,3.35,3.26,800
26/06/2002,3.35,3.35,3.35,3.35,3.26,500
27/06/2002,3.31,3.31,3.31,3.31,3.22,100
28/06/2002,3.5,3.5,3.5,3.5,3.4,800
01/07/2002,3.62,4.0,3.62,4.0,3.89,3000
02/07/2002,4.0,4.0,4.0,4.0,3.89,0
03/07/2002,3.7,3.8,3.11,3.11,3.02,6000
05/07/2002,3.39,3.39,3.39,3.39,3.3,100
08/07/2002,3.32,3.32,3.32,3.32,3.23,100
09/07/2002,3.32,3.32,3.32,3.32,3.23,0
10/07/2002,3.32,3.32,3.32,3.32,3.23,0
11/07/2002,3.32,3.32,3.32,3.32,3.23,0
12/07/2002,3.32,3.32,3.32,3.32,3.23,0
15/07/2002,3.32,3.32,3.32,3.32,3.23,0
16/07/2002,3.32,3.32,3.32,3.32,3.23,0
17/07/2002,3.32,3.32,3.32,3.32,3.23,0
18/07/2002,3.32,3.32,3.32,3.32,3.23,0
19/07/2002,3.32,3.32,3.32,3.32,3.23,0
22/07/2002,3.2,3.2,3.2,3.2,3.11,200
23/07/2002,3.2,3.2,3.2,3.2,3.11,0
24/07/2002,3.2,3.2,3.2,3.2,3.11,0
25/07/2002,3.2,3.2,3.2,3.2,3.11,0
26/07/2002,3.2,3.2,3.2,3.2,3.11,0
29/07/2002,3.2,3.2,3.2,3.2,3.11,0
30/07/2002,3.2,3.2,3.2,3.2,3.11,0
31/07/2002,3.2,3.2,3.2,3.2,3.11,0
01/08/2002,3.2,3.2,3.2,3.2,3.11,0
02/08/2002,3.2,3.2,3.2,3.2,3.11,0
05/08/2002,3.2,3.2,3.2,3.2,3.11,0
06/08/2002,3.2,3.2,3.2,3.2,3.11,0
07/08/2002,3.2,3.2,3.2,3.2,3.11,0
08/08/2002,3.2,3.2,3.2,3.2,3.11,0
09/08/2002,3.01,3.01,3.01,3.01,2.93,100
12/08/2002,3.85,4.35,3.85,4.23,4.11,5500
13/08/2002,4.0,4.0,3.36,3.36,3.27,1200
14/08/2002,3.81,3.81,3.47,3.48,3.38,1600
15/08/2002,3.51,4.28,3.51,4.28,4.16,1700
16/08/2002,4.28,4.29,4.28,4.28,4.16,800
19/08/2002,4.28,4.28,4.28,4.28,4.16,0
20/08/2002,4.28,4.28,4.28,4.28,4.16,0
21/08/2002,4.28,4.28,4.28,4.28,4.16,0
22/08/2002,4.28,4.28,4.28,4.28,4.16,0
23/08/2002,4.28,4.28,4.28,4.28,4.16,0
26/08/2002,4.28,4.28,4.28,4.28,4.16,0
27/08/2002,4.28,4.28,4.28,4.28,4.16,0
28/08/2002,4.28,4.28,4.28,4.28,4.16,0
29/08/2002,4.28,4.28,4.28,4.28,4.16,0
30/08/2002,4.28,4.28,4.28,4.28,4.16,0
03/09/2002,4.28,4.28,4.28,4.28,4.16,0
04/09/2002,3.61,3.87,3.42,3.87,3.76,3900
05/09/2002,4.05,4.25,3.7,4.25,4.13,4200
06/09/2002,4.25,4.25,4.25,4.25,4.13,0
09/09/2002,4.25,4.25,4.25,4.25,4.13,0
10/09/2002,4.2,4.2,4.2,4.2,4.08,100
11/09/2002,3.66,3.95,3.65,3.95,3.84,1900
12/09/2002,4.1,4.1,4.1,4.1,3.99,1800
13/09/2002,4.1,4.1,4.1,4.1,3.99,0
16/09/2002,4.15,4.15,4.15,4.15,4.04,100
17/09/2002,4.15,4.15,4.15,4.15,4.04,0
18/09/2002,4.15,4.15,4.15,4.15,4.04,0
19/09/2002,4.18,4.25,4.18,4.25,4.13,800
20/09/2002,4.25,4.25,4.25,4.25,4.13,1000
23/09/2002,4.25,4.25,4.25,4.25,4.13,0
24/09/2002,4.3,4.3,4.3,4.3,4.18,900
25/09/2002,4.3,4.3,4.3,4.3,4.18,0
26/09/2002,4.3,4.3,4.3,4.3,4.18,0
27/09/2002,4.3,4.3,4.3,4.3,4.18,0
30/09/2002,4.3,4.71,4.3,4.71,4.58,1600
01/10/2002,4.71,4.71,4.71,4.71,4.58,0
02/10/2002,4.71,4.71,4.71,4.71,4.58,0
03/10/2002,4.71,4.71,4.71,4.71,4.58,0
04/10/2002,3.96,3.96,3.96,3.96,3.85,100
07/10/2002,3.96,3.96,3.96,3.96,3.85,0
08/10/2002,4.0,4.0,4.0,4.0,3.89,5000
09/10/2002,4.0,4.0,4.0,4.0,3.89,300
10/10/2002,4.0,4.0,4.0,4.0,3.89,0
11/10/2002,4.12,4.12,4.12,4.12,4.01,500
14/10/2002,4.12,4.12,4.12,4.12,4.01,0
15/10/2002,4.12,4.12,4.12,4.12,4.01,0
16/10/2002,4.85,4.85,4.85,4.85,4.72,100
17/10/2002,4.85,4.85,4.85,4.85,4.72,0
18/10/2002,4.85,4.85,4.85,4.85,4.72,0
21/10/2002,4.85,4.85,4.85,4.85,4.72,400
22/10/2002,4.85,4.85,4.85,4.85,4.72,0
23/10/2002,4.85,4.85,4.85,4.85,4.72,0
24/10/2002,4.85,4.85,4.85,4.85,4.72,0
25/10/2002,4.85,4.85,4.85,4.85,4.72,0
28/10/2002,4.85,4.85,4.85,4.85,4.72,0
29/10/2002,4.85,4.85,4.85,4.85,4.72,0
30/10/2002,4.85,4.85,4.85,4.85,4.72,0
31/10/2002,4.85,4.85,4.85,4.85,4.72,0
01/11/2002,4.77,4.77,4.77,4.77,4.64,2000
04/11/2002,4.78,5.0,4.78,4.8,4.67,4000
05/11/2002,4.8,4.8,4.8,4.8,4.67,0
06/11/2002,4.8,4.8,4.8,4.8,4.67,0
07/11/2002,4.8,4.8,4.8,4.8,4.67,0
08/11/2002,4.8,4.8,4.8,4.8,4.67,0
11/11/2002,4.8,4.8,4.8,4.8,4.67,0
12/11/2002,4.8,4.8,4.8,4.8,4.67,100
13/11/2002,4.8,4.8,4.8,4.8,4.67,0
14/11/2002,3.41,4.5,3.41,4.25,4.13,2100
15/11/2002,4.24,4.25,4.24,4.25,4.13,800
18/11/2002,4.25,4.25,4.25,4.25,4.13,0
19/11/2002,4.25,4.9,4.25,4.9,4.77,2300
20/11/2002,4.9,4.9,4.9,4.9,4.77,0
21/11/2002,4.9,4.9,4.9,4.9,4.77,0
22/11/2002,4.9,4.9,4.9,4.9,4.77,0
25/11/2002,4.9,4.9,4.9,4.9,4.77,0
26/11/2002,4.9,4.9,4.9,4.9,4.77,0
27/11/2002,4.9,4.9,4.9,4.9,4.77,0
29/11/2002,4.9,4.9,4.9,4.9,4.77,0
02/12/2002,4.9,4.9,4.9,4.9,4.77,0
03/12/2002,4.9,4.9,4.9,4.9,4.77,0
04/12/2002,4.9,4.9,4.9,4.9,4.77,0
05/12/2002,4.9,4.9,4.9,4.9,4.77,0
06/12/2002,4.9,4.9,4.9,4.9,4.77,0
09/12/2002,5.0,5.0,5.0,5.0,4.86,500
10/12/2002,5.0,5.0,5.0,5.0,4.86,0
11/12/2002,5.0,5.0,5.0,5.0,4.86,0
12/12/2002,5.0,5.0,5.0,5.0,4.86,0
13/12/2002,4.68,4.68,4.57,4.57,4.44,2700
16/12/2002,4.02,4.7,4.02,4.7,4.57,700
17/12/2002,3.63,4.68,3.56,4.68,4.55,1100
18/12/2002,4.68,4.68,4.68,4.68,4.55,0
19/12/2002,4.7,4.7,3.61,3.61,3.51,700
20/12/2002,3.63,3.63,3.63,3.63,3.53,3500
23/12/2002,4.57,4.57,4.57,4.57,4.44,100
24/12/2002,3.66,3.66,3.41,3.41,3.32,1200
26/12/2002,3.41,3.41,3.41,3.41,3.32,0
27/12/2002,3.41,3.41,3.41,3.41,3.32,0
30/12/2002,3.41,3.41,3.41,3.41,3.32,0
31/12/2002,3.99,4.02,3.99,4.02,3.91,900
02/01/2003,4.02,4.02,4.02,4.02,3.91,0
03/01/2003,4.02,4.02,4.02,4.02,3.91,0
06/01/2003,4.02,4.02,4.02,4.02,3.91,0
07/01/2003,4.02,4.02,4.02,4.02,3.91,0
08/01/2003,4.02,4.02,4.02,4.02,3.91,0
09/01/2003,4.02,4.02,4.02,4.02,3.91,0
10/01/2003,4.02,4.02,4.02,4.02,3.91,0
13/01/2003,4.31,4.6,4.31,4.6,4.47,1600
14/01/2003,4.6,4.6,4.6,4.6,4.47,0
15/01/2003,4.6,4.6,4.6,4.6,4.47,0
16/01/2003,4.6,4.6,4.6,4.6,4.47,0
17/01/2003,4.6,4.6,4.6,4.6,4.47,0
21/01/2003,4.6,4.6,4.6,4.6,4.47,0
22/01/2003,4.6,4.6,4.6,4.6,4.47,0
23/01/2003,4.6,4.6,4.6,4.6,4.47,0
24/01/2003,4.6,4.6,4.6,4.6,4.47,0
27/01/2003,4.6,4.6,4.6,4.6,4.47,0
28/01/2003,4.6,4.6,4.6,4.6,4.47,0
29/01/2003,4.6,4.6,4.6,4.6,4.47,0
30/01/2003,4.6,4.6,4.6,4.6,4.47,0
31/01/2003,4.6,4.6,4.6,4.6,4.47,0
03/02/2003,4.6,4.6,4.6,4.6,4.47,0
04/02/2003,4.6,4.6,4.6,4.6,4.47,0
05/02/2003,4.6,4.6,4.6,4.6,4.47,0
06/02/2003,4.6,4.6,4.6,4.6,4.47,100
07/02/2003,4.6,4.6,4.6,4.6,4.47,0
10/02/2003,4.23,4.23,4.23,4.23,4.11,400
11/02/2003,4.23,4.23,4.23,4.23,4.11,0
12/02/2003,4.6,4.6,4.23,4.23,4.11,700
13/02/2003,4.23,4.23,4.23,4.23,4.11,0
14/02/2003,3.97,3.97,3.9,3.9,3.79,1200
18/02/2003,3.75,3.75,3.67,3.67,3.57,2500
19/02/2003,3.67,3.67,3.67,3.67,3.57,0
20/02/2003,3.67,3.67,3.67,3.67,3.57,3700
21/02/2003,3.67,3.67,3.67,3.67,3.57,0
24/02/2003,3.67,3.67,3.67,3.67,3.57,0
25/02/2003,3.67,3.67,3.67,3.67,3.57,0
26/02/2003,3.67,3.67,3.67,3.67,3.57,0
27/02/2003,3.67,3.67,3.67,3.67,3.57,0
28/02/2003,3.67,3.67,3.67,3.67,3.57,0
03/03/2003,3.67,3.67,3.67,3.67,3.57,0
04/03/2003,3.67,3.67,3.67,3.67,3.57,0
05/03/2003,3.67,3.67,3.67,3.67,3.57,0
06/03/2003,3.67,3.67,3.67,3.67,3.57,0
07/03/2003,3.67,3.67,3.67,3.67,3.57,0
10/03/2003,3.67,3.67,3.67,3.67,3.57,0
11/03/2003,3.67,3.67,3.67,3.67,3.57,0
12/03/2003,3.67,3.67,3.67,3.67,3.57,0
13/03/2003,3.67,3.67,3.67,3.67,3.57,0
14/03/2003,3.51,3.51,3.51,3.51,3.41,1000
17/03/2003,3.51,3.51,3.51,3.51,3.41,0
18/03/2003,3.51,3.51,3.51,3.51,3.41,0
19/03/2003,3.51,3.51,3.51,3.51,3.41,0
20/03/2003,3.51,3.51,3.51,3.51,3.41,0
21/03/2003,3.51,3.51,3.51,3.51,3.41,0
24/03/2003,3.51,3.51,3.51,3.51,3.41,0
25/03/2003,3.51,3.51,3.51,3.51,3.41,0
26/03/2003,3.51,3.51,3.51,3.51,3.41,0
27/03/2003,3.51,3.51,3.51,3.51,3.41,0
28/03/2003,3.51,3.51,3.51,3.51,3.41,0
31/03/2003,3.51,3.51,3.51,3.51,3.41,0
01/04/2003,3.51,3.51,3.51,3.51,3.41,0
02/04/2003,3.51,3.51,3.51,3.51,3.41,0
03/04/2003,3.51,3.51,3.51,3.51,3.41,0
04/04/2003,3.51,3.51,3.51,3.51,3.41,0
07/04/2003,3.51,3.51,3.51,3.51,3.41,0
08/04/2003,3.51,3.51,3.51,3.51,3.41,0
09/04/2003,3.75,3.75,3.75,3.75,3.65,1000
10/04/2003,3.75,3.75,3.75,3.75,3.65,0
11/04/2003,3.65,3.7,3.65,3.65,3.55,1500
14/04/2003,3.65,3.65,3.65,3.65,3.55,0
15/04/2003,3.65,3.65,3.65,3.65,3.55,0
16/04/2003,3.65,3.65,3.65,3.65,3.55,0
17/04/2003,3.65,3.65,3.65,3.65,3.55,0
21/04/2003,3.8,3.8,3.8,3.8,3.7,100
22/04/2003,3.8,3.8,3.8,3.8,3.7,0
23/04/2003,3.8,3.8,3.8,3.8,3.7,0
24/04/2003,3.8,3.8,3.8,3.8,3.7,0
25/04/2003,3.8,3.8,3.8,3.8,3.7,0
28/04/2003,3.8,3.8,3.8,3.8,3.7,0
29/04/2003,3.8,3.8,3.8,3.8,3.7,0
30/04/2003,3.8,3.8,3.8,3.8,3.7,0
01/05/2003,3.8,3.8,3.8,3.8,3.7,0
02/05/2003,3.8,3.8,3.8,3.8,3.7,0
05/05/2003,3.8,3.8,3.8,3.8,3.7,2500
06/05/2003,3.8,3.8,3.8,3.8,3.7,0
07/05/2003,3.8,3.8,3.8,3.8,3.7,0
08/05/2003,3.8,3.8,3.8,3.8,3.7,0
09/05/2003,3.8,3.8,3.8,3.8,3.7,0
12/05/2003,3.8,3.8,3.8,3.8,3.7,0
13/05/2003,3.8,3.8,3.8,3.8,3.7,0
14/05/2003,3.8,3.8,3.8,3.8,3.7,400
15/05/2003,3.8,3.8,3.75,3.75,3.65,6600
16/05/2003,3.55,3.55,3.4,3.47,3.37,3400
19/05/2003,3.55,3.55,3.54,3.54,3.44,2400
20/05/2003,3.55,3.55,3.45,3.45,3.36,1100
21/05/2003,3.5,3.5,3.5,3.5,3.4,300
22/05/2003,3.5,3.5,3.5,3.5,3.4,0
23/05/2003,3.5,3.5,3.5,3.5,3.4,0
27/05/2003,3.5,3.5,3.5,3.5,3.4,0
28/05/2003,3.5,3.5,3.5,3.5,3.4,0
29/05/2003,3.5,3.5,3.5,3.5,3.4,0
30/05/2003,3.5,3.5,3.5,3.5,3.4,0
02/06/2003,3.57,3.7,3.57,3.7,3.6,900
03/06/2003,3.7,3.7,3.7,3.7,3.6,0
04/06/2003,3.7,3.7,3.7,3.7,3.6,0
05/06/2003,3.75,3.75,3.75,3.75,3.65,300
06/06/2003,3.75,3.75,3.75,3.75,3.65,0
09/06/2003,3.85,3.85,3.85,3.85,3.74,100
10/06/2003,3.85,3.85,3.85,3.85,3.74,0
11/06/2003,3.85,3.85,3.85,3.85,3.74,0
12/06/2003,3.85,3.85,3.85,3.85,3.74,0
13/06/2003,3.85,3.85,3.85,3.85,3.74,0
16/06/2003,3.85,3.85,3.85,3.85,3.74,0
17/06/2003,3.85,3.85,3.85,3.85,3.74,0
18/06/2003,3.85,3.85,3.85,3.85,3.74,0
19/06/2003,3.85,3.85,3.85,3.85,3.74,0
20/06/2003,3.85,3.85,3.85,3.85,3.74,0
23/06/2003,3.85,3.85,3.85,3.85,3.74,0
24/06/2003,3.85,3.85,3.85,3.85,3.74,0
25/06/2003,3.85,3.85,3.85,3.85,3.74,0
26/06/2003,3.85,3.85,3.85,3.85,3.74,0
27/06/2003,3.85,3.85,3.85,3.85,3.74,0
30/06/2003,4.1,4.1,4.1,4.1,3.99,700
01/07/2003,4.1,4.1,4.1,4.1,3.99,0
02/07/2003,4.1,4.1,4.1,4.1,3.99,0
03/07/2003,4.1,4.1,4.1,4.1,3.99,0
07/07/2003,4.1,4.1,4.1,4.1,3.99,0
08/07/2003,4.1,4.1,4.1,4.1,3.99,0
09/07/2003,4.15,4.15,4.15,4.15,4.04,400
10/07/2003,4.15,4.25,4.15,4.25,4.13,3600
11/07/2003,4.25,4.25,4.25,4.25,4.13,0
14/07/2003,3.92,3.92,3.92,3.92,3.81,500
15/07/2003,3.92,3.92,3.92,3.92,3.81,0
16/07/2003,3.92,3.92,3.92,3.92,3.81,0
17/07/2003,3.92,3.92,3.92,3.92,3.81,0
18/07/2003,3.92,3.92,3.92,3.92,3.81,0
21/07/2003,3.92,3.92,3.92,3.92,3.81,0
22/07/2003,4.25,4.25,4.25,4.25,4.13,600
23/07/2003,4.25,4.25,4.25,4.25,4.13,0
24/07/2003,4.25,4.25,4.25,4.25,4.13,0
25/07/2003,4.25,4.25,4.25,4.25,4.13,0
28/07/2003,4.25,4.25,3.95,3.95,3.84,3200
29/07/2003,3.95,3.95,3.95,3.95,3.84,0
30/07/2003,3.95,3.95,3.95,3.95,3.84,0
31/07/2003,4.15,4.15,4.15,4.15,4.04,500
01/08/2003,4.15,4.15,4.15,4.15,4.04,0
04/08/2003,3.9,3.9,3.9,3.9,3.79,300
05/08/2003,3.78,3.78,3.78,3.78,3.68,800
06/08/2003,3.78,3.78,3.78,3.78,3.68,0
07/08/2003,3.78,3.78,3.78,3.78,3.68,0
08/08/2003,3.78,3.78,3.78,3.78,3.68,100
11/08/2003,3.78,3.78,3.78,3.78,3.68,0
12/08/2003,4.05,4.05,4.05,4.05,3.94,500
13/08/2003,3.78,3.78,3.76,3.76,3.66,1000
14/08/2003,3.75,3.75,3.75,3.75,3.65,100
15/08/2003,3.75,3.75,3.75,3.75,3.65,0
18/08/2003,3.75,3.75,3.75,3.75,3.65,0
19/08/2003,3.75,3.75,3.75,3.75,3.65,0
20/08/2003,3.75,3.75,3.75,3.75,3.65,0
21/08/2003,3.75,3.75,3.75,3.75,3.65,0
22/08/2003,3.95,3.95,3.95,3.95,3.84,100
25/08/2003,3.75,3.75,3.75,3.75,3.65,200
26/08/2003,3.75,3.75,3.75,3.75,3.65,0
27/08/2003,3.86,3.86,3.86,3.86,3.75,600
28/08/2003,3.86,3.86,3.86,3.86,3.75,0
29/08/2003,3.86,3.86,3.86,3.86,3.75,0
02/09/2003,3.86,3.86,3.86,3.86,3.75,0
03/09/2003,3.7,3.7,3.7,3.7,3.6,200
04/09/2003,3.7,3.7,3.7,3.7,3.6,0
05/09/2003,3.7,3.7,3.7,3.7,3.6,0
08/09/2003,3.88,3.88,3.88,3.88,3.77,500
09/09/2003,3.88,3.88,3.88,3.88,3.77,0
10/09/2003,3.88,3.88,3.88,3.88,3.77,0
11/09/2003,3.88,3.88,3.88,3.88,3.77,0
12/09/2003,3.9,3.95,3.9,3.95,3.84,2800
15/09/2003,3.95,4.1,3.95,4.1,3.99,4500
16/09/2003,4.1,4.1,4.1,4.1,3.99,0
17/09/2003,4.01,4.1,4.01,4.1,3.99,200
18/09/2003,4.1,4.1,4.1,4.1,3.99,0
19/09/2003,4.1,4.1,4.1,4.1,3.99,0
22/09/2003,3.71,4.1,3.71,4.1,3.99,400
23/09/2003,4.1,4.1,4.1,4.1,3.99,0
24/09/2003,4.1,4.1,4.1,4.1,3.99,0
25/09/2003,4.1,4.1,4.1,4.1,3.99,0
26/09/2003,4.1,4.1,4.1,4.1,3.99,0
29/09/2003,4.1,4.1,4.1,4.1,3.99,0
30/09/2003,4.1,4.1,4.1,4.1,3.99,0
01/10/2003,4.1,4.1,4.1,4.1,3.99,0
02/10/2003,4.1,4.1,4.1,4.1,3.99,200
03/10/2003,3.87,3.87,3.87,3.87,3.76,500
06/10/2003,3.87,3.87,3.87,3.87,3.76,0
07/10/2003,3.87,3.87,3.87,3.87,3.76,0
08/10/2003,3.87,3.87,3.87,3.87,3.76,0
09/10/2003,3.87,3.87,3.8,3.84,3.73,1200
10/10/2003,3.84,3.84,3.84,3.84,3.73,0
13/10/2003,3.84,3.84,3.84,3.84,3.73,0
14/10/2003,4.1,4.1,4.1,4.1,3.99,400
15/10/2003,4.1,4.1,4.1,4.1,3.99,0
16/10/2003,4.1,4.1,4.1,4.1,3.99,200
17/10/2003,4.1,4.1,4.1,4.1,3.99,0
20/10/2003,4.13,4.13,4.13,4.13,4.02,200
21/10/2003,4.25,4.25,4.25,4.25,4.13,500
22/10/2003,4.25,4.25,4.25,4.25,4.13,0
23/10/2003,4.25,4.25,4.25,4.25,4.13,0
24/10/2003,4.13,4.21,4.13,4.21,4.09,900
27/10/2003,4.12,4.12,4.04,4.04,3.93,2900
28/10/2003,4.04,4.04,4.04,4.04,3.93,0
29/10/2003,4.04,4.04,4.04,4.04,3.93,0
30/10/2003,4.15,4.15,4.15,4.15,4.04,300
31/10/2003,4.15,4.15,4.15,4.15,4.04,500
03/11/2003,4.21,4.21,4.21,4.21,4.09,600
04/11/2003,4.21,4.21,4.21,4.21,4.09,0
05/11/2003,4.21,4.21,4.21,4.21,4.09,300
06/11/2003,4.21,4.21,4.21,4.21,4.09,900
07/11/2003,4.22,4.22,4.22,4.22,4.1,200
10/11/2003,4.22,4.22,4.22,4.22,4.1,0
11/11/2003,4.22,4.22,4.22,4.22,4.1,0
12/11/2003,4.25,4.25,4.22,4.22,4.1,200
13/11/2003,4.22,4.22,4.22,4.22,4.1,0
14/11/2003,4.22,4.22,4.22,4.22,4.1,0
17/11/2003,4.22,4.22,4.22,4.22,4.1,300
18/11/2003,4.22,4.22,4.22,4.22,4.1,0
19/11/2003,4.22,4.22,4.22,4.22,4.1,0
20/11/2003,4.22,4.22,4.22,4.22,4.1,0
21/11/2003,4.22,4.22,4.22,4.22,4.1,0
24/11/2003,4.22,4.22,4.22,4.22,4.1,0
25/11/2003,4.22,4.22,4.22,4.22,4.1,0
26/11/2003,4.22,4.22,4.22,4.22,4.1,0
28/11/2003,4.22,4.22,4.22,4.22,4.1,0
01/12/2003,4.22,4.22,4.22,4.22,4.1,0
02/12/2003,4.22,4.22,4.22,4.22,4.1,0
03/12/2003,4.22,4.22,4.22,4.22,4.1,0
04/12/2003,4.29,4.45,4.29,4.45,4.33,1200
05/12/2003,4.45,4.45,4.45,4.45,4.33,0
08/12/2003,4.45,4.45,4.45,4.45,4.33,0
09/12/2003,4.45,4.45,4.45,4.45,4.33,0
10/12/2003,4.45,4.45,4.45,4.45,4.33,2500
11/12/2003,4.45,4.45,4.45,4.45,4.33,0
12/12/2003,4.45,4.45,4.45,4.45,4.33,0
15/12/2003,4.45,4.45,4.45,4.45,4.33,0
16/12/2003,4.45,4.45,4.45,4.45,4.33,0
17/12/2003,4.22,4.22,4.22,4.22,4.1,600
18/12/2003,4.22,4.22,4.22,4.22,4.1,0
19/12/2003,4.22,4.22,4.22,4.22,4.1,0
22/12/2003,4.22,4.22,4.22,4.22,4.1,0
23/12/2003,4.22,4.22,4.22,4.22,4.1,0
24/12/2003,4.22,4.22,4.22,4.22,4.1,0
26/12/2003,4.22,4.22,4.22,4.22,4.1,0
29/12/2003,4.22,4.22,4.22,4.22,4.1,0
30/12/2003,4.22,4.22,4.22,4.22,4.1,0
31/12/2003,4.6,4.6,4.6,4.6,4.47,200
02/01/2004,4.65,4.65,4.65,4.65,4.52,2500
05/01/2004,4.65,4.65,4.65,4.65,4.52,500
06/01/2004,4.65,4.65,4.65,4.65,4.52,100
07/01/2004,4.65,4.65,4.65,4.65,4.52,0
08/01/2004,4.5,4.5,4.5,4.5,4.38,300
09/01/2004,4.5,4.5,4.5,4.5,4.38,0
12/01/2004,4.5,4.5,4.5,4.5,4.38,0
13/01/2004,4.5,4.61,4.5,4.61,4.48,500
14/01/2004,4.61,4.61,4.61,4.61,4.48,0
15/01/2004,4.38,4.38,4.38,4.38,4.26,400
16/01/2004,4.38,4.38,4.38,4.38,4.26,0
20/01/2004,4.38,4.38,4.38,4.38,4.26,0
21/01/2004,4.38,4.38,4.38,4.38,4.26,0
22/01/2004,4.5,5.75,4.5,5.6,5.45,26600
23/01/2004,5.93,6.3,5.69,6.23,6.06,27900
26/01/2004,6.26,6.7,6.26,6.6,6.42,5900
27/01/2004,6.6,6.9,6.02,6.83,6.64,10000
28/01/2004,6.8,6.87,6.35,6.6,6.42,5800
29/01/2004,6.9,7.05,5.65,6.49,6.31,5000
30/01/2004,6.25,6.69,6.25,6.5,6.32,900
02/02/2004,6.51,6.6,6.51,6.6,6.42,500
03/02/2004,6.69,6.7,6.45,6.5,6.32,1100
04/02/2004,6.69,6.69,6.69,6.69,6.51,100
05/02/2004,6.6,6.6,4.29,6.44,6.26,2100
06/02/2004,6.33,6.45,6.0,6.44,6.26,3800
09/02/2004,6.33,6.5,6.33,6.5,6.32,400
10/02/2004,6.69,6.69,6.25,6.45,6.27,400
11/02/2004,6.65,6.65,4.36,6.24,6.07,9700
12/02/2004,6.16,6.7,4.26,6.58,6.4,20400
13/02/2004,6.5,6.98,6.5,6.85,6.66,10000
17/02/2004,6.8,7.18,6.8,7.1,6.91,15500
18/02/2004,7.0,7.11,6.8,7.1,6.91,2800
19/02/2004,7.19,7.35,7.0,7.25,7.05,3500
20/02/2004,7.35,7.75,7.35,7.75,7.54,11600
23/02/2004,7.75,7.95,7.5,7.95,7.73,7200
24/02/2004,7.95,8.15,6.75,7.2,7.0,11500
25/02/2004,8.0,8.0,6.75,7.25,7.05,5400
26/02/2004,7.7,7.7,6.94,6.94,6.75,5100
27/02/2004,7.35,7.35,6.6,6.85,6.66,2700
01/03/2004,6.5,6.52,5.67,6.2,6.03,7600
02/03/2004,6.06,6.74,6.06,6.72,6.54,3200
03/03/2004,6.99,6.99,6.25,6.59,6.41,1300
04/03/2004,6.4,6.57,6.4,6.57,6.39,1100
05/03/2004,6.48,6.48,5.95,6.25,6.08,4000
08/03/2004,6.49,6.49,6.25,6.46,6.28,1200
09/03/2004,6.48,6.48,6.48,6.48,6.3,100
10/03/2004,6.13,6.57,5.9,6.4,6.22,2500
11/03/2004,6.4,6.4,6.4,6.4,6.22,0
12/03/2004,6.74,6.74,4.6,6.15,5.98,4000
15/03/2004,5.61,5.94,5.61,5.94,5.78,400
16/03/2004,5.95,5.95,5.95,5.95,5.79,100
17/03/2004,6.05,6.05,6.05,6.05,5.88,500
18/03/2004,6.05,6.05,6.05,6.05,5.88,0
19/03/2004,6.05,6.05,6.05,6.05,5.88,0
22/03/2004,6.05,6.05,6.05,6.05,5.88,0
23/03/2004,5.66,5.66,5.62,5.65,5.5,1600
24/03/2004,5.49,5.59,5.49,5.59,5.44,400
25/03/2004,5.59,5.59,5.59,5.59,5.44,0
26/03/2004,4.67,6.59,4.67,5.54,5.39,3700
29/03/2004,5.75,6.05,5.75,6.0,5.84,1100
30/03/2004,6.0,6.0,6.0,6.0,5.84,0
31/03/2004,6.0,6.0,6.0,6.0,5.84,0
01/04/2004,5.5,5.5,5.49,5.49,5.34,1500
02/04/2004,5.65,5.99,5.65,5.99,5.83,3200
05/04/2004,5.9,6.1,5.9,6.1,5.93,1400
06/04/2004,6.1,6.1,6.1,6.1,5.93,0
07/04/2004,6.1,6.1,6.1,6.1,5.93,0
08/04/2004,6.14,6.14,6.14,6.14,5.97,300
12/04/2004,5.5,6.0,5.3,5.7,5.54,4200
13/04/2004,5.25,5.99,4.97,5.5,5.35,6500
14/04/2004,5.07,5.45,4.95,5.45,5.3,5500
15/04/2004,3.25,4.75,3.25,4.75,4.62,2600
16/04/2004,3.8,4.75,3.8,4.75,4.62,600
19/04/2004,4.75,4.75,4.75,4.75,4.62,0
20/04/2004,4.75,5.9,4.6,5.23,5.09,3200
21/04/2004,4.6,5.9,4.6,5.9,5.74,600
22/04/2004,5.9,5.9,5.9,5.9,5.74,100
23/04/2004,4.6,5.9,4.6,5.9,5.74,200
26/04/2004,5.85,5.85,5.85,5.85,5.69,100
27/04/2004,5.8,5.8,5.8,5.8,5.64,100
28/04/2004,4.6,5.8,4.6,5.8,5.64,200
29/04/2004,4.6,5.8,4.6,5.8,5.64,200
30/04/2004,4.6,5.8,4.6,5.8,5.64,600
03/05/2004,5.8,5.8,5.8,5.8,5.64,0
04/05/2004,5.8,5.8,5.8,5.8,5.64,0
05/05/2004,5.8,5.8,5.8,5.8,5.64,0
06/05/2004,4.65,5.8,4.65,5.8,5.64,300
07/05/2004,4.65,5.5,4.65,5.5,5.35,800
10/05/2004,5.85,5.85,5.85,5.85,5.69,100
11/05/2004,5.85,5.85,5.67,5.85,5.69,3700
12/05/2004,5.85,5.85,5.85,5.85,5.69,0
13/05/2004,5.85,5.85,5.85,5.85,5.69,0
14/05/2004,5.85,5.85,5.85,5.85,5.69,0
17/05/2004,4.7,5.75,4.7,5.75,5.59,600
18/05/2004,4.7,5.25,4.7,5.25,5.11,500
19/05/2004,5.25,6.0,4.75,5.85,5.69,3400
20/05/2004,6.0,6.0,5.75,5.75,5.59,200
21/05/2004,6.0,6.0,5.75,5.75,5.59,800
24/05/2004,6.0,6.0,6.0,6.0,5.84,100
25/05/2004,5.75,6.0,5.75,6.0,5.84,200
26/05/2004,6.0,6.0,5.8,6.0,5.84,2700
27/05/2004,6.0,6.0,6.0,6.0,5.84,100
28/05/2004,6.0,6.0,6.0,6.0,5.84,0
01/06/2004,6.0,6.0,6.0,6.0,5.84,0
02/06/2004,6.0,6.0,6.0,6.0,5.84,0
03/06/2004,6.0,6.0,6.0,6.0,5.84,0
04/06/2004,6.0,6.0,6.0,6.0,5.84,0
07/06/2004,6.0,6.0,6.0,6.0,5.84,0
08/06/2004,6.0,6.0,6.0,6.0,5.84,0
09/06/2004,6.0,6.0,6.0,6.0,5.84,0
10/06/2004,6.0,6.0,6.0,6.0,5.84,0
14/06/2004,6.0,6.0,6.0,6.0,5.84,0
15/06/2004,6.0,6.0,6.0,6.0,5.84,0
16/06/2004,6.0,6.0,6.0,6.0,5.84,0
17/06/2004,5.9,5.9,5.9,5.9,5.74,300
18/06/2004,5.9,5.9,5.9,5.9,5.74,0
21/06/2004,5.9,5.9,5.9,5.9,5.74,0
22/06/2004,5.9,5.9,5.9,5.9,5.74,0
23/06/2004,5.9,5.9,5.9,5.9,5.74,0
24/06/2004,5.9,5.9,5.9,5.9,5.74,0
25/06/2004,5.9,5.9,5.9,5.9,5.74,0
28/06/2004,4.85,5.84,4.85,5.84,5.68,700
29/06/2004,5.84,5.84,5.84,5.84,5.68,0
30/06/2004,5.84,5.84,5.84,5.84,5.68,0
01/07/2004,5.84,5.84,5.84,5.84,5.68,0
02/07/2004,5.84,5.84,5.84,5.84,5.68,0
06/07/2004,5.84,5.84,5.84,5.84,5.68,0
07/07/2004,5.9,6.5,5.75,6.5,6.32,4700
08/07/2004,5.75,6.5,5.75,6.5,6.32,300
09/07/2004,6.5,6.5,6.5,6.5,6.32,0
12/07/2004,6.25,6.45,6.25,6.45,6.27,2100
13/07/2004,7.65,7.75,7.65,7.75,7.54,2000
14/07/2004,7.75,7.75,7.75,7.75,7.54,0
15/07/2004,7.75,7.75,7.75,7.75,7.54,0
16/07/2004,7.3,7.3,7.25,7.25,7.05,2000
19/07/2004,6.5,7.25,6.5,7.2,7.0,1400
20/07/2004,6.5,6.5,6.4,6.4,6.22,1000
21/07/2004,6.4,6.4,6.4,6.4,6.22,0
22/07/2004,6.4,6.4,6.4,6.4,6.22,0
23/07/2004,6.5,6.85,6.5,6.85,6.66,1100
26/07/2004,6.85,6.85,6.85,6.85,6.66,0
27/07/2004,6.85,6.85,6.85,6.85,6.66,0
28/07/2004,6.85,6.85,6.85,6.85,6.66,0
29/07/2004,6.85,6.85,6.85,6.85,6.66,0
30/07/2004,6.85,6.85,6.85,6.85,6.66,0
02/08/2004,6.05,6.7,6.05,6.7,6.52,300
03/08/2004,6.7,6.7,6.7,6.7,6.52,0
04/08/2004,6.7,6.7,6.7,6.7,6.52,0
05/08/2004,6.7,6.7,6.7,6.7,6.52,0
06/08/2004,6.7,6.7,6.7,6.7,6.52,0
09/08/2004,6.07,6.7,6.07,6.7,6.52,500
10/08/2004,6.07,6.6,6.0,6.6,6.42,2100
11/08/2004,6.05,6.7,3.3,5.0,4.86,8400
12/08/2004,5.5,5.5,4.5,4.5,4.38,25100
13/08/2004,4.5,5.25,4.45,5.25,5.11,24200
16/08/2004,4.7,5.3,4.45,4.5,4.38,17800
17/08/2004,4.55,5.0,4.55,5.0,4.86,1000
18/08/2004,4.55,4.55,4.55,4.55,4.43,2000
19/08/2004,5.0,5.0,5.0,5.0,4.86,600
20/08/2004,5.25,5.25,5.25,5.25,5.11,10000
23/08/2004,5.25,5.25,5.25,5.25,5.11,0
24/08/2004,4.7,5.4,4.7,5.4,5.25,200
25/08/2004,5.4,5.4,5.4,5.4,5.25,0
26/08/2004,5.4,5.4,5.4,5.4,5.25,0
27/08/2004,5.4,5.4,5.4,5.4,5.25,0
30/08/2004,4.7,5.4,4.7,5.4,5.25,2600
31/08/2004,5.4,5.4,5.4,5.4,5.25,0
01/09/2004,4.7,5.0,4.7,5.0,4.86,1200
02/09/2004,4.7,5.0,4.7,5.0,4.86,1100
03/09/2004,5.0,5.0,5.0,5.0,4.86,0
07/09/2004,4.7,4.7,4.7,4.7,4.57,300
08/09/2004,5.0,5.0,5.0,5.0,4.86,800
09/09/2004,4.75,5.35,4.75,5.3,5.15,600
10/09/2004,5.3,5.3,5.3,5.3,5.15,0
13/09/2004,4.75,5.3,4.75,5.3,5.15,500
14/09/2004,5.3,5.3,5.3,5.3,5.15,0
15/09/2004,5.3,5.3,5.3,5.3,5.15,0
16/09/2004,5.3,5.3,5.3,5.3,5.15,0
17/09/2004,5.3,5.3,5.3,5.3,5.15,0
20/09/2004,5.3,5.3,5.3,5.3,5.15,0
21/09/2004,4.75,5.3,4.75,5.3,5.15,800
22/09/2004,5.3,5.3,5.3,5.3,5.15,0
23/09/2004,5.3,5.3,5.3,5.3,5.15,0
24/09/2004,5.3,5.3,5.3,5.3,5.15,0
27/09/2004,5.3,5.3,5.3,5.3,5.15,0
28/09/2004,5.3,5.3,5.3,5.3,5.15,0
29/09/2004,5.3,5.3,5.3,5.3,5.15,0
30/09/2004,5.3,5.3,5.3,5.3,5.15,0
01/10/2004,5.3,5.3,5.3,5.3,5.15,0
04/10/2004,5.2,5.2,5.2,5.2,5.06,300
05/10/2004,5.2,5.2,5.2,5.2,5.06,0
06/10/2004,5.2,5.2,5.2,5.2,5.06,0
07/10/2004,5.2,5.2,5.2,5.2,5.06,0
08/10/2004,5.2,5.2,5.2,5.2,5.06,0
11/10/2004,5.2,5.2,5.2,5.2,5.06,0
12/10/2004,5.2,5.35,5.0,5.35,5.2,1200
13/10/2004,4.75,5.25,4.75,5.25,5.11,700
14/10/2004,5.25,5.25,5.25,5.25,5.11,0
15/10/2004,5.25,5.25,5.25,5.25,5.11,0
18/10/2004,5.0,5.35,5.0,5.3,5.15,1700
19/10/2004,5.35,6.25,5.35,6.25,6.08,1100
20/10/2004,6.25,6.25,6.25,6.25,6.08,0
21/10/2004,6.25,6.25,6.25,6.25,6.08,0
22/10/2004,5.15,6.0,5.15,6.0,5.84,800
25/10/2004,6.15,6.15,5.95,6.15,5.98,1000
26/10/2004,6.15,6.15,6.15,6.15,5.98,0
27/10/2004,6.15,6.15,6.15,6.15,5.98,0
28/10/2004,6.09,6.09,6.09,6.09,5.92,700
29/10/2004,5.5,6.05,5.5,6.05,5.88,500
01/11/2004,6.05,6.05,6.05,6.05,5.88,0
02/11/2004,6.05,6.05,6.05,6.05,5.88,0
03/11/2004,5.5,6.04,5.5,6.04,5.87,600
04/11/2004,6.04,6.04,6.04,6.04,5.87,0
05/11/2004,6.04,6.04,6.04,6.04,5.87,0
08/11/2004,6.04,6.04,6.04,6.04,5.87,0
09/11/2004,6.04,6.04,6.04,6.04,5.87,0
10/11/2004,5.55,6.0,5.5,6.0,5.84,2500
11/11/2004,6.0,6.0,6.0,6.0,5.84,500
12/11/2004,6.0,6.1,6.0,6.1,5.93,2100
15/11/2004,6.1,6.1,6.1,6.1,5.93,0
16/11/2004,6.1,6.1,6.1,6.1,5.93,0
17/11/2004,5.9,6.1,5.9,6.1,5.93,2100
18/11/2004,6.1,6.1,6.1,6.1,5.93,0
19/11/2004,5.9,6.15,5.9,6.15,5.98,500
22/11/2004,6.15,6.15,6.15,6.15,5.98,0
23/11/2004,6.15,6.15,6.15,6.15,5.98,0
24/11/2004,6.15,6.15,6.15,6.15,5.98,0
26/11/2004,6.15,6.15,6.15,6.15,5.98,0
29/11/2004,5.6,7.25,5.6,7.25,7.05,1000
30/11/2004,6.05,7.25,6.05,7.25,7.05,300
01/12/2004,6.0,7.23,6.0,7.23,7.03,1500
02/12/2004,7.23,7.23,7.23,7.23,7.03,0
03/12/2004,7.23,7.23,7.23,7.23,7.03,0
06/12/2004,7.23,7.23,7.23,7.23,7.03,0
07/12/2004,7.23,7.23,7.23,7.23,7.03,0
08/12/2004,6.0,6.95,6.0,6.95,6.76,800
09/12/2004,6.95,6.95,6.95,6.95,6.76,0
10/12/2004,6.95,6.95,6.95,6.95,6.76,0
13/12/2004,6.95,6.95,6.95,6.95,6.76,0
14/12/2004,6.95,6.95,6.95,6.95,6.76,0
15/12/2004,6.95,6.95,6.95,6.95,6.76,0
16/12/2004,6.95,6.95,6.95,6.95,6.76,0
17/12/2004,6.95,6.95,6.95,6.95,6.76,0
20/12/2004,6.95,6.95,6.95,6.95,6.76,0
21/12/2004,5.15,5.9,5.15,5.75,5.59,2900
22/12/2004,5.25,5.9,5.25,5.75,5.59,4000
23/12/2004,5.75,5.75,5.75,5.75,5.59,0
27/12/2004,6.3,6.3,6.3,6.3,6.13,100
28/12/2004,5.8,6.0,5.8,5.95,5.79,4700
29/12/2004,5.95,7.0,5.95,7.0,6.81,6200
30/12/2004,7.0,7.0,7.0,7.0,6.91,0
31/12/2004,7.0,7.5,6.95,7.5,7.4,4500
03/01/2005,6.5,7.4,6.5,7.4,7.3,200
04/01/2005,7.4,7.4,7.4,7.4,7.3,0
05/01/2005,7.4,7.4,7.4,7.4,7.3,0
06/01/2005,7.4,7.4,7.4,7.4,7.3,0
07/01/2005,7.4,7.4,7.4,7.4,7.3,0
10/01/2005,7.4,7.4,7.4,7.4,7.3,0
11/01/2005,7.4,7.4,7.4,7.4,7.3,0
12/01/2005,6.5,7.4,6.5,7.4,7.3,300
13/01/2005,7.4,7.4,7.4,7.4,7.3,0
14/01/2005,7.4,7.4,7.4,7.4,7.3,0
18/01/2005,6.5,7.5,6.5,7.0,6.91,1200
19/01/2005,7.0,7.0,7.0,7.0,6.91,0
20/01/2005,6.6,7.25,6.6,7.25,7.15,600
21/01/2005,7.25,7.25,7.25,7.25,7.15,0
24/01/2005,7.25,7.25,7.25,7.25,7.15,0
25/01/2005,6.5,7.25,6.5,7.0,6.91,3000
26/01/2005,7.0,7.0,7.0,7.0,6.91,0
27/01/2005,7.0,7.0,7.0,7.0,6.91,0
28/01/2005,7.0,7.0,7.0,7.0,6.91,0
31/01/2005,7.0,7.0,7.0,7.0,6.91,0
01/02/2005,7.0,7.0,7.0,7.0,6.91,0
02/02/2005,7.0,7.0,7.0,7.0,6.91,0
03/02/2005,6.65,6.9,6.25,6.5,6.41,2700
04/02/2005,6.5,6.5,6.5,6.5,6.41,0
07/02/2005,6.5,6.5,6.26,6.5,6.41,5600
08/02/2005,6.5,6.5,6.5,6.5,6.41,0
09/02/2005,6.5,6.5,6.5,6.5,6.41,0
10/02/2005,6.26,6.5,6.25,6.5,6.41,2300
11/02/2005,6.5,6.5,6.5,6.5,6.41,0
14/02/2005,6.03,6.45,6.03,6.45,6.36,600
15/02/2005,6.03,6.2,6.03,6.2,6.12,2500
16/02/2005,6.03,6.3,6.0,6.3,6.22,6700
17/02/2005,6.3,6.3,6.3,6.3,6.22,0
18/02/2005,6.3,6.3,6.3,6.3,6.22,0
22/02/2005,6.02,6.3,6.02,6.3,6.22,800
23/02/2005,6.3,6.3,6.3,6.3,6.22,0
24/02/2005,6.45,6.45,6.45,6.45,6.36,100
25/02/2005,6.45,6.45,6.45,6.45,6.36,0
28/02/2005,6.45,6.45,6.45,6.45,6.36,0
01/03/2005,6.02,6.45,6.0,6.45,6.36,1300
02/03/2005,6.45,6.45,6.45,6.45,6.36,0
03/03/2005,6.45,6.45,6.45,6.45,6.36,500
04/03/2005,6.45,6.45,6.45,6.45,6.36,0
07/03/2005,6.45,6.45,6.45,6.45,6.36,0
08/03/2005,6.45,6.45,6.45,6.45,6.36,0
09/03/2005,6.45,6.45,6.45,6.45,6.36,0
10/03/2005,6.45,6.45,6.45,6.45,6.36,0
11/03/2005,6.0,6.35,6.0,6.35,6.27,400
14/03/2005,6.4,6.4,6.4,6.4,6.31,100
15/03/2005,6.4,6.4,6.4,6.4,6.31,0
16/03/2005,6.4,6.4,6.4,6.4,6.31,0
17/03/2005,6.4,6.4,6.4,6.4,6.31,0
18/03/2005,6.4,6.4,6.4,6.4,6.31,0
21/03/2005,6.0,6.4,6.0,6.4,6.31,1400
22/03/2005,6.4,6.4,6.4,6.4,6.31,0
23/03/2005,6.4,6.4,6.4,6.4,6.31,0
24/03/2005,6.4,6.4,6.4,6.4,6.31,0
28/03/2005,6.4,6.4,6.4,6.4,6.31,0
29/03/2005,6.4,6.4,6.4,6.4,6.31,0
30/03/2005,6.4,6.4,6.4,6.4,6.31,0
31/03/2005,6.35,6.35,6.3,6.35,6.27,1600
01/04/2005,6.35,6.35,6.35,6.35,6.27,0
04/04/2005,6.35,6.35,6.35,6.35,6.27,0
05/04/2005,6.35,6.35,6.35,6.35,6.27,0
06/04/2005,6.35,6.35,6.35,6.35,6.27,0
07/04/2005,6.0,6.2,6.0,6.2,6.12,700
08/04/2005,6.2,6.2,6.2,6.2,6.12,0
11/04/2005,6.2,6.2,6.2,6.2,6.12,0
12/04/2005,6.2,6.2,6.2,6.2,6.12,0
13/04/2005,6.2,6.2,6.2,6.2,6.12,0
14/04/2005,6.0,6.35,6.0,6.35,6.27,2700
15/04/2005,6.35,6.35,6.35,6.35,6.27,0
18/04/2005,6.35,6.35,6.35,6.35,6.27,0
19/04/2005,6.15,6.15,6.15,6.15,6.07,600
20/04/2005,6.0,6.0,6.0,6.0,5.92,900
21/04/2005,6.0,6.0,6.0,6.0,5.92,2500
22/04/2005,6.0,6.0,6.0,6.0,5.92,0
25/04/2005,5.75,5.75,5.75,5.75,5.67,300
26/04/2005,5.75,5.75,5.75,5.75,5.67,0
27/04/2005,5.75,5.75,5.75,5.75,5.67,0
28/04/2005,5.75,5.75,5.75,5.75,5.67,0
29/04/2005,6.0,6.0,6.0,6.0,5.92,300
02/05/2005,5.75,5.75,5.5,5.5,5.43,1600
03/05/2005,5.5,6.0,5.5,6.0,5.92,400
04/05/2005,6.0,6.0,6.0,6.0,5.92,0
05/05/2005,6.0,6.0,6.0,6.0,5.92,0
06/05/2005,6.0,6.0,6.0,6.0,5.92,0
09/05/2005,6.0,6.0,6.0,6.0,5.92,0
10/05/2005,6.0,6.0,6.0,6.0,5.92,0
11/05/2005,6.0,6.0,6.0,6.0,5.92,0
12/05/2005,6.0,6.0,6.0,6.0,5.92,0
13/05/2005,5.1,5.7,5.0,5.25,5.18,6900
16/05/2005,5.25,6.25,5.25,6.25,6.17,2800
17/05/2005,6.25,6.25,6.25,6.25,6.17,0
18/05/2005,6.25,6.25,6.25,6.25,6.17,0
19/05/2005,6.25,6.25,6.25,6.25,6.17,0
20/05/2005,6.25,6.25,6.25,6.25,6.17,0
23/05/2005,4.8,5.75,4.8,5.75,5.67,3500
24/05/2005,5.75,5.75,5.75,5.75,5.67,0
25/05/2005,5.75,5.75,5.75,5.75,5.67,0
26/05/2005,5.75,5.75,5.75,5.75,5.67,0
27/05/2005,5.75,5.75,5.75,5.75,5.67,0
31/05/2005,5.75,5.75,5.75,5.75,5.67,0
01/06/2005,5.75,5.75,5.75,5.75,5.67,0
02/06/2005,5.75,5.75,5.75,5.75,5.67,0
03/06/2005,5.75,5.75,5.75,5.75,5.67,0
06/06/2005,5.75,5.75,5.75,5.75,5.67,0
07/06/2005,5.75,5.75,5.75,5.75,5.67,0
08/06/2005,5.5,5.5,5.5,5.5,5.43,400
09/06/2005,5.5,5.5,5.5,5.5,5.43,0
10/06/2005,5.5,5.5,5.5,5.5,5.43,0
13/06/2005,5.5,5.5,5.5,5.5,5.43,0
14/06/2005,5.5,5.5,5.5,5.5,5.43,0
15/06/2005,5.5,5.5,5.5,5.5,5.43,0
16/06/2005,5.5,5.5,5.5,5.5,5.43,0
17/06/2005,5.5,5.5,5.5,5.5,5.43,0
20/06/2005,5.5,5.5,5.5,5.5,5.43,0
21/06/2005,5.5,5.5,5.5,5.5,5.43,0
22/06/2005,5.5,5.5,5.5,5.5,5.43,0
23/06/2005,5.5,5.5,5.5,5.5,5.43,0
24/06/2005,5.5,5.5,5.5,5.5,5.43,0
27/06/2005,5.5,5.5,5.5,5.5,5.43,0
28/06/2005,5.5,5.5,5.5,5.5,5.43,0
29/06/2005,5.5,5.5,5.5,5.5,5.43,0
30/06/2005,4.55,5.35,4.55,5.35,5.28,7100
01/07/2005,5.35,5.35,5.35,5.35,5.28,0
05/07/2005,4.55,5.25,4.55,5.25,5.18,600
06/07/2005,5.25,5.25,5.25,5.25,5.18,0
07/07/2005,5.25,5.25,5.25,5.25,5.18,0
08/07/2005,5.0,5.5,5.0,5.5,5.43,2000
11/07/2005,5.5,5.5,5.5,5.5,5.43,0
12/07/2005,4.8,5.5,4.8,5.5,5.43,700
13/07/2005,5.5,5.5,5.5,5.5,5.43,0
14/07/2005,5.5,5.5,5.5,5.5,5.43,0
15/07/2005,5.5,5.5,5.5,5.5,5.43,0
18/07/2005,5.5,5.5,5.5,5.5,5.43,0
19/07/2005,5.5,5.5,5.5,5.5,5.43,0
20/07/2005,5.5,5.5,5.5,5.5,5.43,0
21/07/2005,5.5,5.5,5.5,5.5,5.43,0
22/07/2005,4.8,5.5,4.8,5.5,5.43,2200
25/07/2005,5.5,5.5,5.5,5.5,5.43,0
26/07/2005,4.55,4.55,4.55,4.55,4.49,700
27/07/2005,5.2,5.5,5.2,5.5,5.43,200
28/07/2005,5.5,5.5,5.5,5.5,5.43,0
29/07/2005,5.5,5.5,5.5,5.5,5.43,0
01/08/2005,4.5,5.0,4.5,5.0,4.93,2500
02/08/2005,5.0,5.0,5.0,5.0,4.93,0
03/08/2005,4.5,5.25,4.5,5.25,5.18,800
04/08/2005,5.25,5.25,5.25,5.25,5.18,0
05/08/2005,5.25,5.25,5.25,5.25,5.18,0
08/08/2005,5.25,5.25,5.25,5.25,5.18,0
09/08/2005,5.25,5.25,5.25,5.25,5.18,0
10/08/2005,4.5,4.5,4.5,4.5,4.44,300
11/08/2005,5.0,5.0,4.25,4.5,4.44,2100
12/08/2005,4.5,4.5,4.5,4.5,4.44,0
15/08/2005,4.5,4.5,4.5,4.5,4.44,0
16/08/2005,4.5,4.5,4.5,4.5,4.44,0
17/08/2005,4.5,4.5,4.5,4.5,4.44,0
18/08/2005,4.5,4.5,4.5,4.5,4.44,0
19/08/2005,4.5,4.75,4.5,4.5,4.44,1100
22/08/2005,4.5,4.5,4.5,4.5,4.44,0
23/08/2005,4.5,4.5,4.5,4.5,4.44,0
24/08/2005,4.5,4.5,4.5,4.5,4.44,0
25/08/2005,4.5,4.5,4.5,4.5,4.44,0
26/08/2005,4.3,4.95,4.2,4.95,4.88,2200
29/08/2005,4.95,4.95,4.95,4.95,4.88,0
30/08/2005,4.95,4.95,4.95,4.95,4.88,0
31/08/2005,4.95,4.95,4.95,4.95,4.88,0
01/09/2005,4.95,4.95,4.95,4.95,4.88,0
02/09/2005,4.95,4.95,4.95,4.95,4.88,0
06/09/2005,4.95,4.95,4.95,4.95,4.88,0
07/09/2005,4.95,4.95,4.95,4.95,4.88,0
08/09/2005,4.95,4.95,4.95,4.95,4.88,0
09/09/2005,4.95,4.95,4.95,4.95,4.88,0
12/09/2005,4.95,4.95,4.95,4.95,4.88,0
13/09/2005,4.95,4.95,4.95,4.95,4.88,0
14/09/2005,4.95,4.95,4.95,4.95,4.88,0
15/09/2005,4.05,4.95,4.05,4.95,4.88,400
16/09/2005,4.05,4.95,4.05,4.95,4.88,500
19/09/2005,4.95,4.95,4.95,4.95,4.88,0
20/09/2005,4.95,4.95,4.95,4.95,4.88,0
21/09/2005,4.95,4.95,4.95,4.95,4.88,0
22/09/2005,4.95,4.95,4.95,4.95,4.88,0
23/09/2005,4.95,4.95,4.95,4.95,4.88,0
26/09/2005,4.75,4.8,4.75,4.8,4.74,3700
27/09/2005,4.8,4.8,4.8,4.8,4.74,0
28/09/2005,4.8,4.8,4.8,4.8,4.74,0
29/09/2005,4.8,4.8,4.8,4.8,4.74,0
30/09/2005,4.8,4.8,4.8,4.8,4.74,0
03/10/2005,4.8,4.8,4.8,4.8,4.74,0
04/10/2005,4.8,4.8,4.8,4.8,4.74,0
05/10/2005,4.8,4.8,4.8,4.8,4.74,0
06/10/2005,4.8,4.8,4.8,4.8,4.74,0
07/10/2005,4.8,4.8,4.8,4.8,4.74,0
10/10/2005,4.8,4.8,4.8,4.8,4.74,0
11/10/2005,4.8,4.8,4.8,4.8,4.74,0
12/10/2005,3.9,4.25,3.9,4.25,4.19,500
13/10/2005,3.9,3.9,3.9,3.9,3.85,100
14/10/2005,4.25,4.5,4.25,4.5,4.44,200
17/10/2005,4.5,4.5,4.5,4.5,4.44,0
18/10/2005,4.5,4.5,4.5,4.5,4.44,0
19/10/2005,3.9,4.5,3.9,4.25,4.19,3500
20/10/2005,4.25,4.25,4.25,4.25,4.19,0
21/10/2005,3.85,4.5,3.8,3.8,3.75,3000
24/10/2005,4.5,4.5,4.5,4.5,4.44,100
25/10/2005,3.85,3.85,3.85,3.85,3.8,300
26/10/2005,4.5,4.5,3.8,4.35,4.29,500
27/10/2005,3.8,4.35,3.8,4.35,4.29,500
28/10/2005,3.85,4.35,3.85,4.35,4.29,900
31/10/2005,4.35,4.35,4.35,4.35,4.29,0
01/11/2005,4.35,4.35,4.35,4.35,4.29,0
02/11/2005,4.35,4.5,4.35,4.5,4.44,2100
03/11/2005,4.95,4.95,4.95,4.95,4.88,200
04/11/2005,4.95,4.95,4.95,4.95,4.88,0
07/11/2005,4.95,4.95,4.95,4.95,4.88,0
08/11/2005,4.95,4.95,4.95,4.95,4.88,0
09/11/2005,4.95,4.95,4.95,4.95,4.88,0
10/11/2005,4.0,4.95,4.0,4.95,4.88,900
11/11/2005,4.0,4.95,4.0,4.95,4.88,4700
14/11/2005,4.95,4.95,4.95,4.95,4.88,0
15/11/2005,4.95,4.95,4.95,4.95,4.88,0
16/11/2005,4.95,4.95,4.95,4.95,4.88,0
17/11/2005,4.95,4.95,4.95,4.95,4.88,0
18/11/2005,4.95,4.95,4.95,4.95,4.88,0
21/11/2005,4.95,4.95,4.95,4.95,4.88,0
22/11/2005,4.95,4.95,4.95,4.95,4.88,0
23/11/2005,4.95,4.95,4.95,4.95,4.88,0
25/11/2005,4.95,4.95,4.95,4.95,4.88,0
28/11/2005,4.0,4.0,4.0,4.0,3.95,100
29/11/2005,4.95,4.95,4.95,4.95,4.88,500
30/11/2005,4.95,4.95,4.95,4.95,4.88,0
01/12/2005,4.95,4.95,4.95,4.95,4.88,0
02/12/2005,5.0,5.0,5.0,5.0,4.93,2300
05/12/2005,5.0,5.0,5.0,5.0,4.93,0
06/12/2005,5.0,5.0,5.0,5.0,4.93,0
07/12/2005,5.0,5.0,5.0,5.0,4.93,0
08/12/2005,5.0,5.0,5.0,5.0,4.93,0
09/12/2005,5.0,5.0,5.0,5.0,4.93,0
12/12/2005,5.0,5.0,5.0,5.0,4.93,0
13/12/2005,5.0,5.0,5.0,5.0,4.93,0
14/12/2005,4.1,4.1,4.1,4.1,4.05,200
15/12/2005,4.9,4.9,4.9,4.9,4.83,500
16/12/2005,4.9,4.9,4.9,4.9,4.83,0
19/12/2005,4.1,4.5,4.1,4.5,4.44,2900
20/12/2005,4.5,4.5,4.5,4.5,4.44,0
21/12/2005,4.2,4.9,4.2,4.9,4.83,700
22/12/2005,4.9,4.9,4.9,4.9,4.83,0
23/12/2005,4.9,4.9,4.9,4.9,4.83,0
27/12/2005,4.9,4.9,4.9,4.9,4.83,0
28/12/2005,4.9,4.9,4.9,4.9,4.83,0
29/12/2005,4.9,4.9,4.9,4.9,4.83,0
30/12/2005,4.26,4.85,4.26,4.85,4.79,1000
03/01/2006,4.85,4.85,4.85,4.85,4.79,0
04/01/2006,4.85,4.85,4.85,4.85,4.79,0
05/01/2006,4.85,4.85,4.85,4.85,4.79,0
06/01/2006,4.85,4.85,4.85,4.85,4.79,0
09/01/2006,4.85,4.85,4.85,4.85,4.79,0
10/01/2006,4.85,4.85,4.85,4.85,4.79,0
11/01/2006,4.85,4.85,4.85,4.85,4.79,0
12/01/2006,4.85,4.85,4.85,4.85,4.79,0
13/01/2006,4.85,4.85,4.85,4.85,4.79,0
17/01/2006,4.85,4.85,4.85,4.85,4.79,0
18/01/2006,4.85,4.85,4.85,4.85,4.79,0
19/01/2006,4.85,4.85,4.85,4.85,4.79,0
20/01/2006,4.85,4.85,4.85,4.85,4.79,0
23/01/2006,4.85,4.85,4.85,4.85,4.79,0
24/01/2006,4.85,4.85,4.85,4.85,4.79,0
25/01/2006,4.85,4.85,4.85,4.85,4.79,0
26/01/2006,4.85,4.85,4.85,4.85,4.79,0
27/01/2006,4.85,4.85,4.85,4.85,4.79,0
30/01/2006,4.85,4.85,4.85,4.85,4.79,0
31/01/2006,4.85,4.85,4.85,4.85,4.79,0
01/02/2006,4.85,4.85,4.85,4.85,4.79,0
02/02/2006,4.85,4.85,4.85,4.85,4.79,0
03/02/2006,4.85,4.85,4.85,4.85,4.79,0
06/02/2006,4.85,4.85,4.85,4.85,4.79,0
07/02/2006,4.85,4.85,4.85,4.85,4.79,0
08/02/2006,4.85,4.85,4.85,4.85,4.79,0
09/02/2006,4.85,4.85,4.85,4.85,4.79,0
10/02/2006,4.85,4.85,4.85,4.85,4.79,0
13/02/2006,4.85,4.85,4.85,4.85,4.79,0
14/02/2006,4.9,4.9,4.9,4.9,4.83,4000
15/02/2006,4.9,5.4,4.9,5.4,5.33,1500
16/02/2006,5.25,5.25,5.25,5.25,5.18,6400
17/02/2006,5.25,5.25,5.25,5.25,5.18,0
21/02/2006,5.9,5.9,5.25,5.25,5.18,900
22/02/2006,5.25,5.25,5.25,5.25,5.18,0
23/02/2006,5.25,5.25,5.25,5.25,5.18,2200
24/02/2006,5.25,5.25,5.25,5.25,5.18,0
27/02/2006,5.25,5.25,5.25,5.25,5.18,0
28/02/2006,5.25,5.25,5.25,5.25,5.18,0
01/03/2006,5.25,5.25,5.25,5.25,5.18,0
02/03/2006,5.35,5.35,5.35,5.35,5.28,300
03/03/2006,5.35,5.35,5.35,5.35,5.28,0
06/03/2006,5.35,5.35,5.35,5.35,5.28,0
07/03/2006,5.35,5.35,5.35,5.35,5.28,0
08/03/2006,5.4,5.4,5.4,5.4,5.33,900
09/03/2006,5.4,5.4,5.4,5.4,5.33,0
10/03/2006,5.4,5.4,5.4,5.4,5.33,0
13/03/2006,5.4,5.4,5.4,5.4,5.33,0
14/03/2006,5.4,5.4,5.4,5.4,5.33,0
15/03/2006,5.85,6.75,5.7,5.7,5.62,12300
16/03/2006,5.7,5.7,5.7,5.7,5.62,0
17/03/2006,5.7,5.7,5.7,5.7,5.62,0
20/03/2006,5.7,5.7,5.7,5.7,5.62,0
21/03/2006,5.7,5.7,5.7,5.7,5.62,0
22/03/2006,5.7,5.7,5.7,5.7,5.62,0
23/03/2006,5.7,5.7,5.7,5.7,5.62,500
24/03/2006,6.3,6.3,6.3,6.3,6.22,900
27/03/2006,6.0,6.3,6.0,6.29,6.21,1100
28/03/2006,6.29,6.29,6.29,6.29,6.21,0
29/03/2006,6.29,6.29,6.29,6.29,6.21,0
30/03/2006,6.29,6.29,6.29,6.29,6.21,0
31/03/2006,6.3,6.3,6.15,6.15,6.07,2800
03/04/2006,6.15,6.15,6.15,6.15,6.07,0
04/04/2006,6.15,6.15,6.15,6.15,6.07,0
05/04/2006,6.15,6.15,6.15,6.15,6.07,0
06/04/2006,5.8,6.15,5.8,6.15,6.07,2300
07/04/2006,6.15,6.35,6.15,6.35,6.27,3600
10/04/2006,6.35,6.35,6.35,6.35,6.27,0
11/04/2006,6.35,6.35,6.35,6.35,6.27,0
12/04/2006,6.5,6.5,6.5,6.5,6.41,600
13/04/2006,6.5,6.5,6.5,6.5,6.41,0
17/04/2006,6.5,6.5,6.5,6.5,6.41,0
18/04/2006,6.5,6.5,6.5,6.5,6.41,0
19/04/2006,6.5,6.5,6.5,6.5,6.41,0
20/04/2006,6.5,6.5,6.5,6.5,6.41,2000
21/04/2006,6.4,6.4,6.4,6.4,6.31,500
24/04/2006,6.1,6.1,6.1,6.1,6.02,500
25/04/2006,6.1,6.1,6.1,6.1,6.02,0
26/04/2006,6.35,6.35,6.35,6.35,6.27,1000
27/04/2006,6.35,6.35,6.35,6.35,6.27,0
28/04/2006,6.35,6.35,6.35,6.35,6.27,0
01/05/2006,6.35,6.35,6.35,6.35,6.27,0
02/05/2006,6.35,6.35,6.35,6.35,6.27,0
03/05/2006,6.35,6.35,6.35,6.35,6.27,0
04/05/2006,6.35,6.35,6.35,6.35,6.27,0
05/05/2006,6.35,6.35,6.35,6.35,6.27,0
08/05/2006,6.35,6.35,6.35,6.35,6.27,0
09/05/2006,6.35,6.35,6.35,6.35,6.27,3000
10/05/2006,6.35,6.35,6.35,6.35,6.27,1000
11/05/2006,6.25,6.25,6.25,6.25,6.17,700
12/05/2006,6.0,6.0,6.0,6.0,5.92,500
15/05/2006,6.0,6.0,6.0,6.0,5.92,0
16/05/2006,6.0,6.0,6.0,6.0,5.92,0
17/05/2006,6.0,6.0,6.0,6.0,5.92,0
18/05/2006,6.0,6.0,6.0,6.0,5.92,0
19/05/2006,6.0,6.0,6.0,6.0,5.92,0
22/05/2006,6.0,6.0,6.0,6.0,5.92,0
23/05/2006,6.0,6.0,6.0,6.0,5.92,0
24/05/2006,5.8,5.8,5.8,5.8,5.72,500
25/05/2006,5.8,5.8,5.8,5.8,5.72,0
26/05/2006,5.8,5.8,5.8,5.8,5.72,0
30/05/2006,5.8,5.8,5.8,5.8,5.72,0
31/05/2006,5.8,5.8,5.8,5.8,5.72,0
01/06/2006,5.8,5.8,5.8,5.8,5.72,0
02/06/2006,5.8,5.8,5.8,5.8,5.72,0
05/06/2006,5.8,5.8,5.8,5.8,5.72,0
06/06/2006,5.4,5.4,5.4,5.4,5.33,2200
07/06/2006,5.45,5.45,5.25,5.25,5.18,7300
08/06/2006,5.15,5.15,5.1,5.1,5.03,15200
09/06/2006,5.1,5.1,5.1,5.1,5.03,0
12/06/2006,5.1,5.1,5.1,5.1,5.03,0
13/06/2006,5.1,5.1,5.1,5.1,5.03,0
14/06/2006,5.1,5.1,5.1,5.1,5.03,0
15/06/2006,5.1,5.1,5.1,5.1,5.03,0
16/06/2006,5.1,5.1,5.1,5.1,5.03,0
19/06/2006,5.1,5.1,5.1,5.1,5.03,0
20/06/2006,5.1,5.1,5.1,5.1,5.03,0
21/06/2006,5.1,5.1,5.1,5.1,5.03,0
22/06/2006,5.1,5.1,5.1,5.1,5.03,0
23/06/2006,5.1,5.1,5.1,5.1,5.03,0
26/06/2006,5.5,5.6,5.5,5.6,5.53,800
27/06/2006,5.6,5.6,5.6,5.6,5.53,0
28/06/2006,5.6,5.6,5.6,5.6,5.53,0
29/06/2006,5.6,5.6,5.6,5.6,5.53,0
30/06/2006,5.6,5.6,5.6,5.6,5.53,0
03/07/2006,5.6,5.6,5.6,5.6,5.53,0
05/07/2006,5.5,5.5,5.5,5.5,5.43,500
06/07/2006,5.5,5.5,5.5,5.5,5.43,0
07/07/2006,5.5,5.5,5.5,5.5,5.43,500
10/07/2006,5.5,5.5,5.5,5.5,5.43,0
11/07/2006,5.5,5.5,5.5,5.5,5.43,0
12/07/2006,5.5,5.5,5.5,5.5,5.43,0
13/07/2006,5.25,5.25,5.25,5.25,5.18,800
14/07/2006,5.25,5.25,5.2,5.2,5.13,2300
17/07/2006,5.2,5.2,5.2,5.2,5.13,0
18/07/2006,5.2,5.2,5.2,5.2,5.13,0
19/07/2006,5.2,5.2,5.2,5.2,5.13,2400
20/07/2006,5.2,5.2,5.2,5.2,5.13,2000
21/07/2006,5.2,5.2,5.2,5.2,5.13,0
24/07/2006,5.2,5.2,5.2,5.2,5.13,0
25/07/2006,5.0,5.0,5.0,5.0,4.93,2000
26/07/2006,5.0,5.0,5.0,5.0,4.93,0
27/07/2006,5.0,5.0,5.0,5.0,4.93,0
28/07/2006,5.0,5.0,5.0,5.0,4.93,0
31/07/2006,5.0,5.0,5.0,5.0,4.93,0
01/08/2006,5.0,5.0,5.0,5.0,4.93,0
02/08/2006,5.0,5.0,5.0,5.0,4.93,0
03/08/2006,5.3,5.3,5.3,5.3,5.23,4000
04/08/2006,5.3,5.3,5.3,5.3,5.23,0
07/08/2006,5.3,5.3,5.3,5.3,5.23,0
08/08/2006,5.3,5.3,5.3,5.3,5.23,0
09/08/2006,5.3,5.3,5.3,5.3,5.23,0
10/08/2006,5.3,5.3,5.3,5.3,5.23,0
11/08/2006,5.3,5.3,5.3,5.3,5.23,0
14/08/2006,5.0,5.54,5.0,5.49,5.42,3200
15/08/2006,5.6,5.6,5.6,5.6,5.53,500
16/08/2006,5.6,5.6,5.6,5.6,5.53,600
17/08/2006,5.6,5.6,5.6,5.6,5.53,0
18/08/2006,5.45,5.45,5.45,5.45,5.38,100
21/08/2006,5.45,5.45,5.45,5.45,5.38,0
22/08/2006,5.45,5.45,5.45,5.45,5.38,0
23/08/2006,5.6,5.7,5.55,5.7,5.62,19000
24/08/2006,5.7,5.8,5.7,5.8,5.72,3000
25/08/2006,5.8,5.8,5.8,5.8,5.72,800
28/08/2006,5.75,5.75,5.75,5.75,5.67,1000
29/08/2006,5.75,5.75,5.75,5.75,5.67,2100
30/08/2006,5.85,5.99,5.85,5.99,5.91,3100
31/08/2006,5.99,5.99,5.99,5.99,5.91,0
01/09/2006,5.99,5.99,5.99,5.99,5.91,0
05/09/2006,5.99,5.99,5.99,5.99,5.91,0
06/09/2006,5.99,5.99,5.99,5.99,5.91,0
07/09/2006,5.75,5.75,5.75,5.75,5.67,200
08/09/2006,5.75,5.75,5.75,5.75,5.67,0
11/09/2006,5.75,5.75,5.75,5.75,5.67,0
12/09/2006,5.75,5.75,5.75,5.75,5.67,2600
13/09/2006,5.95,5.95,5.9,5.95,5.87,900
14/09/2006,5.95,5.95,5.95,5.95,5.87,0
15/09/2006,5.95,5.95,5.95,5.95,5.87,0
18/09/2006,5.75,5.75,5.75,5.75,5.67,800
19/09/2006,5.75,5.75,5.75,5.75,5.67,0
20/09/2006,5.75,5.75,5.75,5.75,5.67,0
21/09/2006,5.75,5.75,5.75,5.75,5.67,0
22/09/2006,5.75,5.75,5.75,5.75,5.67,0
25/09/2006,5.95,5.95,5.95,5.95,5.87,1000
26/09/2006,5.95,5.95,5.95,5.95,5.87,0
27/09/2006,5.95,5.95,5.95,5.95,5.87,0
28/09/2006,5.95,5.95,5.95,5.95,5.87,0
29/09/2006,5.95,5.95,5.9,5.9,5.82,400
02/10/2006,5.9,5.9,5.9,5.9,5.82,0
03/10/2006,5.9,5.9,5.9,5.9,5.82,0
04/10/2006,5.9,5.9,5.9,5.9,5.82,0
05/10/2006,5.9,5.9,5.9,5.9,5.82,0
06/10/2006,5.95,5.95,5.95,5.95,5.87,500
09/10/2006,5.95,5.95,5.95,5.95,5.87,0
10/10/2006,5.8,5.8,5.8,5.8,5.72,500
11/10/2006,5.8,5.8,5.8,5.8,5.72,0
12/10/2006,5.8,5.8,5.8,5.8,5.72,0
13/10/2006,5.8,5.8,5.8,5.8,5.72,0
16/10/2006,5.8,5.8,5.8,5.8,5.72,0
17/10/2006,5.8,5.8,5.8,5.8,5.72,0
18/10/2006,5.8,5.8,5.8,5.8,5.72,0
19/10/2006,5.8,5.8,5.8,5.8,5.72,0
20/10/2006,5.87,5.87,5.87,5.87,5.79,2100
23/10/2006,5.75,5.87,5.75,5.87,5.79,1200
24/10/2006,5.87,5.87,5.87,5.87,5.79,0
25/10/2006,5.87,5.87,5.87,5.87,5.79,0
26/10/2006,5.87,5.87,5.87,5.87,5.79,0
27/10/2006,5.87,5.87,5.87,5.87,5.79,0
30/10/2006,5.87,5.87,5.87,5.87,5.79,0
31/10/2006,5.87,5.99,5.87,5.99,5.91,1900
01/11/2006,6.05,6.05,6.05,6.05,5.97,1000
02/11/2006,6.05,6.05,6.05,6.05,5.97,0
03/11/2006,6.05,6.05,6.05,6.05,5.97,0
06/11/2006,6.05,6.05,6.05,6.05,5.97,0
07/11/2006,6.05,6.05,6.05,6.05,5.97,0
08/11/2006,6.05,6.05,6.05,6.05,5.97,0
09/11/2006,6.0,6.05,6.0,6.0,5.92,2500
10/11/2006,6.05,6.05,6.05,6.05,5.97,200
13/11/2006,6.05,6.05,6.05,6.05,5.97,0
14/11/2006,6.05,6.05,6.05,6.05,5.97,0
15/11/2006,5.75,5.75,5.75,5.75,5.67,500
16/11/2006,5.75,5.75,5.75,5.75,5.67,0
17/11/2006,5.75,5.75,5.75,5.75,5.67,0
20/11/2006,5.75,5.75,5.75,5.75,5.67,0
21/11/2006,5.75,5.75,5.75,5.75,5.67,0
22/11/2006,5.75,5.75,5.75,5.75,5.67,0
24/11/2006,5.75,5.75,5.75,5.75,5.67,0
27/11/2006,5.75,5.75,5.75,5.75,5.67,0
28/11/2006,5.75,5.75,5.75,5.75,5.67,0
29/11/2006,5.75,5.75,5.75,5.75,5.67,0
30/11/2006,5.75,5.75,5.75,5.75,5.67,600
01/12/2006,5.75,5.75,5.75,5.75,5.67,0
04/12/2006,5.75,5.75,5.75,5.75,5.67,0
05/12/2006,6.0,6.0,6.0,6.0,5.92,2000
06/12/2006,6.0,6.0,6.0,6.0,5.92,0
07/12/2006,6.05,6.25,6.05,6.25,6.17,1300
08/12/2006,6.25,7.9,6.25,7.6,7.5,7300
11/12/2006,7.0,7.0,7.0,7.0,6.91,2800
12/12/2006,7.0,7.0,7.0,7.0,6.91,0
13/12/2006,7.0,7.0,7.0,7.0,6.91,0
14/12/2006,6.75,6.75,6.75,6.75,6.66,200
15/12/2006,6.7,6.7,6.7,6.7,6.61,1200
18/12/2006,6.25,6.5,6.25,6.25,6.17,4500
19/12/2006,6.25,6.25,6.25,6.25,6.17,0
20/12/2006,6.25,6.25,6.25,6.25,6.17,0
21/12/2006,6.25,6.25,6.25,6.25,6.17,0
22/12/2006,7.0,7.0,7.0,7.0,6.91,500
26/12/2006,7.0,7.5,7.0,7.5,7.4,1500
27/12/2006,7.5,7.5,7.5,7.5,7.4,0
28/12/2006,7.5,7.5,7.5,7.5,7.5,0
29/12/2006,7.5,7.5,7.5,7.5,7.5,0
03/01/2007,7.5,7.5,7.5,7.5,7.5,0
04/01/2007,7.5,7.5,7.5,7.5,7.5,0
05/01/2007,7.55,7.55,7.5,7.5,7.5,900
08/01/2007,7.5,7.5,7.5,7.5,7.5,0
09/01/2007,7.5,7.5,7.5,7.5,7.5,0
10/01/2007,7.5,7.5,7.5,7.5,7.5,0
11/01/2007,7.5,7.5,7.5,7.5,7.5,500
12/01/2007,7.5,7.5,7.5,7.5,7.5,0
16/01/2007,7.6,8.0,7.6,8.0,8.0,5500
17/01/2007,8.0,8.0,8.0,8.0,8.0,0
18/01/2007,8.25,8.35,8.25,8.35,8.35,1900
19/01/2007,8.35,8.35,8.35,8.35,8.35,0
22/01/2007,9.0,9.9,9.0,9.9,9.9,2800
23/01/2007,10.9,10.9,10.0,10.0,10.0,12500
24/01/2007,9.5,9.56,9.0,9.0,9.0,2300
25/01/2007,9.5,9.5,9.5,9.5,9.5,200
26/01/2007,9.5,9.5,9.5,9.5,9.5,0
29/01/2007,9.5,9.5,9.5,9.5,9.5,0
30/01/2007,10.5,10.5,9.15,9.15,9.15,2300
31/01/2007,9.15,9.15,9.15,9.15,9.15,0
01/02/2007,9.15,9.15,9.15,9.15,9.15,0
02/02/2007,9.15,9.15,9.15,9.15,9.15,0
05/02/2007,9.5,10.5,9.45,10.3,10.3,5200
06/02/2007,10.95,10.95,10.9,10.95,10.95,4600
07/02/2007,10.6,10.75,10.6,10.6,10.6,7200
08/02/2007,10.75,10.75,10.75,10.75,10.75,1200
09/02/2007,10.9,10.95,10.9,10.93,10.93,1400
12/02/2007,10.76,10.76,10.76,10.76,10.76,500
13/02/2007,10.75,10.85,10.75,10.85,10.85,1000
14/02/2007,10.85,10.85,10.85,10.85,10.85,0
15/02/2007,10.9,10.95,9.0,9.0,9.0,6300
16/02/2007,9.0,9.0,8.45,8.75,8.75,10800
20/02/2007,9.0,9.5,8.8,9.5,9.5,2000
21/02/2007,10.05,10.5,10.0,10.5,10.5,3400
22/02/2007,10.5,10.5,10.5,10.5,10.5,400
23/02/2007,10.5,10.5,10.5,10.5,10.5,0
26/02/2007,10.25,10.25,10.05,10.25,10.25,500
27/02/2007,10.25,10.25,10.25,10.25,10.25,2700
28/02/2007,10.05,10.05,10.05,10.05,10.05,200
01/03/2007,10.05,10.05,10.05,10.05,10.05,200
02/03/2007,10.05,10.05,10.05,10.05,10.05,0
05/03/2007,10.05,10.05,10.05,10.05,10.05,0
06/03/2007,10.05,10.05,10.05,10.05,10.05,0
07/03/2007,10.0,10.0,10.0,10.0,10.0,200
08/03/2007,10.0,10.0,10.0,10.0,10.0,2000
09/03/2007,10.0,10.0,10.0,10.0,10.0,0
12/03/2007,10.0,10.0,10.0,10.0,10.0,3300
13/03/2007,9.5,10.0,9.5,10.0,10.0,1600
14/03/2007,9.5,9.5,9.5,9.5,9.5,500
15/03/2007,9.5,9.5,9.5,9.5,9.5,0
16/03/2007,9.5,9.5,9.5,9.5,9.5,0
19/03/2007,9.5,9.5,9.5,9.5,9.5,0
20/03/2007,9.5,9.5,9.5,9.5,9.5,0
21/03/2007,9.5,9.5,9.5,9.5,9.5,0
22/03/2007,9.5,9.5,9.5,9.5,9.5,0
23/03/2007,9.95,10.0,9.8,9.8,9.8,1900
26/03/2007,9.99,10.29,9.99,10.29,10.29,900
27/03/2007,10.29,10.29,10.29,10.29,10.29,0
28/03/2007,10.29,10.29,10.29,10.29,10.29,0
29/03/2007,10.29,10.29,10.29,10.29,10.29,0
30/03/2007,10.29,10.32,10.29,10.32,10.32,2100
02/04/2007,10.32,10.32,10.32,10.32,10.32,0
03/04/2007,10.32,10.32,10.32,10.32,10.32,0
04/04/2007,10.42,10.42,10.38,10.38,10.38,500
05/04/2007,10.42,10.42,10.42,10.42,10.42,600
09/04/2007,10.42,10.42,10.42,10.42,10.42,100
10/04/2007,10.42,10.5,10.42,10.5,10.5,400
11/04/2007,10.5,10.5,10.5,10.5,10.5,0
12/04/2007,10.5,10.5,10.5,10.5,10.5,0
13/04/2007,10.68,10.8,10.68,10.8,10.8,1400
16/04/2007,10.7,10.7,10.7,10.7,10.7,400
17/04/2007,10.7,10.7,10.7,10.7,10.7,0
18/04/2007,10.75,10.75,10.7,10.7,10.7,400
19/04/2007,10.7,10.7,10.7,10.7,10.7,0
20/04/2007,10.7,10.7,10.7,10.7,10.7,0
23/04/2007,10.75,10.85,10.75,10.85,10.85,700
24/04/2007,10.9,10.9,10.9,10.9,10.9,700
25/04/2007,10.86,11.02,10.86,11.02,11.02,1100
26/04/2007,11.02,11.02,11.02,11.02,11.02,0
27/04/2007,11.05,11.05,11.05,11.05,11.05,400
30/04/2007,11.05,11.05,11.05,11.05,11.05,0
01/05/2007,11.0,11.0,10.5,10.5,10.5,300
02/05/2007,10.5,10.5,10.5,10.5,10.5,0
03/05/2007,10.5,10.5,10.5,10.5,10.5,0
04/05/2007,10.5,10.5,10.5,10.5,10.5,0
07/05/2007,10.7,10.7,10.5,10.5,10.5,1200
08/05/2007,10.5,10.5,10.5,10.5,10.5,0
09/05/2007,10.5,10.5,10.5,10.5,10.5,0
10/05/2007,10.5,10.5,10.5,10.5,10.5,0
11/05/2007,10.5,10.5,10.5,10.5,10.5,0
14/05/2007,10.5,10.5,10.5,10.5,10.5,400
15/05/2007,10.0,10.0,10.0,10.0,10.0,1100
16/05/2007,10.25,10.25,10.25,10.25,10.25,1100
17/05/2007,10.25,10.25,10.25,10.25,10.25,0
18/05/2007,10.25,10.25,10.25,10.25,10.25,0
21/05/2007,10.5,10.75,10.5,10.75,10.75,800
22/05/2007,10.75,10.75,10.75,10.75,10.75,0
23/05/2007,10.75,10.75,10.75,10.75,10.75,0
24/05/2007,10.75,10.75,10.75,10.75,10.75,0
25/05/2007,10.75,10.75,10.75,10.75,10.75,0
29/05/2007,10.75,10.75,10.75,10.75,10.75,500
30/05/2007,10.75,10.75,10.75,10.75,10.75,0
31/05/2007,10.75,10.75,10.75,10.75,10.75,0
01/06/2007,10.75,10.75,10.75,10.75,10.75,0
04/06/2007,11.0,11.0,11.0,11.0,11.0,300
05/06/2007,10.55,10.55,10.55,10.55,10.55,200
06/06/2007,10.55,10.55,10.55,10.55,10.55,0
07/06/2007,10.55,10.55,10.55,10.55,10.55,0
08/06/2007,10.55,10.55,10.55,10.55,10.55,0
11/06/2007,10.55,10.55,10.55,10.55,10.55,0
12/06/2007,10.55,10.55,10.55,10.55,10.55,0
13/06/2007,10.56,10.56,10.56,10.56,10.56,200
14/06/2007,11.0,11.0,11.0,11.0,11.0,800
15/06/2007,11.0,11.0,11.0,11.0,11.0,0
18/06/2007,11.27,11.4,11.27,11.4,11.4,1700
19/06/2007,11.05,11.05,11.0,11.0,11.0,1000
20/06/2007,11.0,11.0,11.0,11.0,11.0,0
21/06/2007,11.5,11.5,11.5,11.5,11.5,900
22/06/2007,11.5,11.5,11.5,11.5,11.5,0
25/06/2007,11.25,11.25,11.0,11.0,11.0,3000
26/06/2007,11.0,11.1,11.0,11.0,11.0,3100
27/06/2007,11.0,11.0,11.0,11.0,11.0,0
28/06/2007,11.0,11.0,11.0,11.0,11.0,0
29/06/2007,11.0,11.0,11.0,11.0,11.0,0
02/07/2007,11.0,11.0,11.0,11.0,11.0,500
03/07/2007,11.0,11.0,11.0,11.0,11.0,4000
05/07/2007,11.0,11.0,11.0,11.0,11.0,1000
06/07/2007,11.0,11.0,11.0,11.0,11.0,0
09/07/2007,11.0,11.0,11.0,11.0,11.0,0
10/07/2007,11.0,11.0,11.0,11.0,11.0,600
11/07/2007,11.0,11.0,11.0,11.0,11.0,0
12/07/2007,11.1,11.1,11.0,11.1,11.1,2600
13/07/2007,11.8,11.8,11.8,11.8,11.8,2300
16/07/2007,11.85,11.85,11.85,11.85,11.85,2000
17/07/2007,11.9,11.9,11.5,11.8,11.8,2500
18/07/2007,10.8,11.9,10.75,11.9,11.9,2100
19/07/2007,11.1,11.1,11.1,11.1,11.1,200
20/07/2007,11.1,11.1,11.1,11.1,11.1,0
23/07/2007,11.25,11.25,11.2,11.2,11.2,300
24/07/2007,10.85,11.85,10.85,11.85,11.85,500
25/07/2007,10.85,10.85,10.5,10.85,10.85,1500
26/07/2007,10.85,10.85,10.85,10.85,10.85,200
27/07/2007,10.85,10.85,10.85,10.85,10.85,0
30/07/2007,10.85,10.85,10.85,10.85,10.85,0
31/07/2007,11.95,12.75,11.95,12.75,12.75,4300
01/08/2007,12.8,12.8,12.75,12.75,12.75,3500
02/08/2007,12.75,14.25,12.5,14.0,14.0,7200
03/08/2007,14.0,14.0,14.0,14.0,14.0,0
06/08/2007,14.95,14.95,14.95,14.95,14.95,200
07/08/2007,14.65,14.65,13.0,13.0,13.0,2000
08/08/2007,13.0,13.0,13.0,13.0,13.0,0
09/08/2007,14.25,16.0,14.25,14.5,14.5,2500
10/08/2007,14.5,14.5,13.25,13.5,13.5,1500
13/08/2007,13.5,13.5,13.5,13.5,13.5,0
14/08/2007,13.0,13.0,13.0,13.0,13.0,400
15/08/2007,12.5,12.5,12.3,12.3,12.3,1600
16/08/2007,12.25,12.5,11.0,12.5,12.5,1000
17/08/2007,12.47,12.47,12.0,12.0,12.0,600
20/08/2007,11.0,12.0,11.0,12.0,12.0,400
21/08/2007,11.5,11.5,11.5,11.5,11.5,1000
22/08/2007,12.0,12.0,12.0,12.0,12.0,200
23/08/2007,11.5,11.5,11.5,11.5,11.5,500
24/08/2007,12.0,14.0,11.5,14.0,14.0,3200
27/08/2007,13.5,13.5,13.4,13.5,13.5,1600
28/08/2007,14.25,14.5,14.0,14.0,14.0,500
29/08/2007,14.0,14.0,14.0,14.0,14.0,400
30/08/2007,13.0,13.0,13.0,13.0,13.0,500
31/08/2007,14.0,14.0,14.0,14.0,14.0,300
04/09/2007,14.0,14.0,14.0,14.0,14.0,0
05/09/2007,13.5,13.5,13.0,13.0,13.0,700
06/09/2007,13.0,13.0,13.0,13.0,13.0,0
07/09/2007,13.0,13.0,11.75,11.75,11.75,400
10/09/2007,11.75,11.75,11.75,11.75,11.75,0
11/09/2007,11.75,11.75,11.75,11.75,11.75,0
12/09/2007,11.75,11.75,11.75,11.75,11.75,0
13/09/2007,11.75,11.75,11.75,11.75,11.75,0
14/09/2007,11.75,11.75,11.75,11.75,11.75,0
17/09/2007,11.75,11.75,11.75,11.75,11.75,0
18/09/2007,11.75,11.75,11.75,11.75,11.75,0
19/09/2007,12.75,12.75,12.75,12.75,12.75,300
20/09/2007,12.75,12.75,12.75,12.75,12.75,0
21/09/2007,12.75,12.75,12.75,12.75,12.75,200
24/09/2007,12.75,12.75,12.75,12.75,12.75,0
25/09/2007,12.75,12.75,12.75,12.75,12.75,0
26/09/2007,12.75,12.75,12.75,12.75,12.75,0
27/09/2007,12.75,12.75,12.75,12.75,12.75,0
28/09/2007,12.75,12.75,12.75,12.75,12.75,0
01/10/2007,12.75,12.75,12.75,12.75,12.75,0
02/10/2007,12.75,12.75,12.75,12.75,12.75,0
03/10/2007,12.75,12.75,12.75,12.75,12.75,0
04/10/2007,12.75,12.75,12.75,12.75,12.75,0
05/10/2007,12.75,12.75,12.75,12.75,12.75,0
08/10/2007,12.75,12.75,12.75,12.75,12.75,0
09/10/2007,12.75,12.75,12.75,12.75,12.75,0
10/10/2007,12.75,12.75,12.75,12.75,12.75,0
11/10/2007,12.75,12.75,12.75,12.75,12.75,0
12/10/2007,12.75,12.75,12.75,12.75,12.75,0
15/10/2007,12.25,12.4,11.75,12.4,12.4,800
16/10/2007,12.4,12.4,12.4,12.4,12.4,0
17/10/2007,12.4,12.4,12.4,12.4,12.4,0
18/10/2007,12.4,12.4,12.4,12.4,12.4,200
19/10/2007,12.4,12.4,12.4,12.4,12.4,0
22/10/2007,12.4,12.4,12.4,12.4,12.4,0
23/10/2007,11.55,12.4,11.55,12.25,12.25,4200
24/10/2007,12.25,12.25,12.25,12.25,12.25,200
25/10/2007,12.25,12.25,12.25,12.25,12.25,0
26/10/2007,12.25,12.25,12.25,12.25,12.25,0
29/10/2007,12.25,12.25,12.25,12.25,12.25,0
30/10/2007,12.25,12.25,12.25,12.25,12.25,0
31/10/2007,12.5,12.5,12.5,12.5,12.5,700
01/11/2007,12.5,12.5,12.5,12.5,12.5,0
02/11/2007,12.7,12.7,12.7,12.7,12.7,400
05/11/2007,12.7,12.7,12.7,12.7,12.7,0
06/11/2007,12.7,12.7,12.7,12.7,12.7,0
07/11/2007,12.7,12.7,12.7,12.7,12.7,0
08/11/2007,12.7,12.7,12.7,12.7,12.7,0
09/11/2007,13.01,13.5,13.01,13.5,13.5,2000
12/11/2007,13.52,13.52,13.52,13.52,13.52,500
13/11/2007,13.5,14.99,13.5,14.99,14.99,1000
14/11/2007,14.5,14.5,14.5,14.5,14.5,600
15/11/2007,14.5,14.85,14.5,14.85,14.85,800
16/11/2007,14.85,15.0,14.85,15.0,15.0,4300
19/11/2007,16.0,16.0,16.0,16.0,16.0,300
20/11/2007,16.0,16.0,16.0,16.0,16.0,0
21/11/2007,17.0,17.0,14.75,15.51,15.51,3800
23/11/2007,15.51,15.51,14.75,15.0,15.0,2300
26/11/2007,15.0,15.0,14.5,14.5,14.5,1500
27/11/2007,15.0,15.0,15.0,15.0,15.0,500
28/11/2007,16.0,17.0,15.25,15.9,15.9,2500
29/11/2007,16.0,16.0,16.0,16.0,16.0,500
30/11/2007,16.0,16.0,15.5,15.5,15.5,3000
03/12/2007,15.0,15.0,15.0,15.0,15.0,2000
04/12/2007,15.0,15.0,15.0,15.0,15.0,0
05/12/2007,15.0,15.0,15.0,15.0,15.0,0
06/12/2007,15.0,15.0,15.0,15.0,15.0,0
07/12/2007,17.0,17.0,17.0,17.0,17.0,400
10/12/2007,17.0,17.0,14.0,14.0,14.0,1000
11/12/2007,15.0,15.0,15.0,15.0,15.0,600
12/12/2007,14.0,14.0,12.5,14.0,14.0,800
13/12/2007,14.0,14.0,13.0,13.25,13.25,1300
14/12/2007,11.5,13.25,10.1,12.0,12.0,10200
17/12/2007,12.5,12.5,12.0,12.0,12.0,1100
18/12/2007,11.9,14.0,11.6,14.0,14.0,6300
19/12/2007,14.0,14.25,13.8,13.8,13.8,1900
20/12/2007,13.8,13.8,13.8,13.8,13.8,200
21/12/2007,13.99,14.0,12.7,14.0,14.0,3400
24/12/2007,13.95,14.0,13.95,14.0,14.0,800
26/12/2007,13.0,13.5,13.0,13.5,13.5,2400
27/12/2007,13.5,13.5,13.5,13.5,13.5,400
28/12/2007,13.5,14.5,13.5,14.5,14.5,500
31/12/2007,14.25,14.25,14.25,14.25,14.25,200
02/01/2008,14.25,14.25,14.25,14.25,14.25,0
03/01/2008,13.0,13.0,13.0,13.0,13.0,200
04/01/2008,12.0,12.25,12.0,12.0,12.0,2700
07/01/2008,12.0,12.0,12.0,12.0,12.0,0
08/01/2008,12.0,12.0,12.0,12.0,12.0,0
09/01/2008,12.0,12.0,11.75,11.75,11.75,2600
10/01/2008,11.5,11.75,11.5,11.75,11.75,1800
11/01/2008,11.5,11.5,11.25,11.25,11.25,2000
14/01/2008,11.25,11.25,11.25,11.25,11.25,0
15/01/2008,11.25,11.25,11.25,11.25,11.25,0
16/01/2008,11.25,11.25,11.25,11.25,11.25,0
17/01/2008,11.25,11.25,11.25,11.25,11.25,0
18/01/2008,11.25,11.25,11.25,11.25,11.25,0
22/01/2008,11.25,11.25,11.25,11.25,11.25,0
23/01/2008,11.1,11.1,11.1,11.1,11.1,1400
24/01/2008,11.1,11.1,11.1,11.1,11.1,0
25/01/2008,11.1,11.1,11.1,11.1,11.1,0
28/01/2008,11.1,11.1,11.1,11.1,11.1,0
29/01/2008,12.0,12.0,12.0,12.0,12.0,300
30/01/2008,12.25,12.5,12.25,12.5,12.5,400
31/01/2008,12.5,12.5,12.5,12.5,12.5,0
01/02/2008,12.9,12.9,12.9,12.9,12.9,200
04/02/2008,12.9,12.9,12.9,12.9,12.9,0
05/02/2008,11.75,11.75,11.25,11.25,11.25,2000
06/02/2008,11.25,11.25,11.25,11.25,11.25,0
07/02/2008,11.25,11.25,11.25,11.25,11.25,0
08/02/2008,11.5,11.5,11.5,11.5,11.5,300
11/02/2008,11.5,14.9,11.5,14.9,14.9,55600
12/02/2008,12.5,12.5,12.0,12.0,12.0,8200
13/02/2008,12.25,12.25,12.0,12.15,12.15,1000
14/02/2008,12.0,12.0,11.5,11.5,11.5,1500
15/02/2008,12.0,12.0,12.0,12.0,12.0,400
19/02/2008,11.5,11.75,11.5,11.75,11.75,500
20/02/2008,11.5,11.5,11.05,11.05,11.05,600
21/02/2008,11.05,11.05,11.0,11.0,11.0,1200
22/02/2008,11.0,11.0,11.0,11.0,11.0,0
25/02/2008,11.15,11.15,11.0,11.0,11.0,900
26/02/2008,11.0,12.0,11.0,11.0,11.0,2200
27/02/2008,10.75,11.0,10.02,11.0,11.0,800
28/02/2008,11.0,11.0,11.0,11.0,11.0,1100
29/02/2008,11.25,12.0,11.25,12.0,12.0,90200
03/03/2008,12.0,12.0,12.0,12.0,12.0,0
04/03/2008,12.0,12.0,12.0,12.0,12.0,0
05/03/2008,12.0,12.0,12.0,12.0,12.0,0
06/03/2008,12.0,12.0,11.5,11.5,11.5,600
07/03/2008,11.0,11.0,11.0,11.0,11.0,600
10/03/2008,11.0,11.0,11.0,11.0,11.0,0
11/03/2008,11.0,11.0,11.0,11.0,11.0,200
12/03/2008,11.0,11.0,10.5,10.5,10.5,500
13/03/2008,10.5,10.5,10.5,10.5,10.5,500
14/03/2008,10.5,10.5,10.5,10.5,10.5,0
17/03/2008,10.5,10.5,10.5,10.5,10.5,0
18/03/2008,10.5,10.5,10.5,10.5,10.5,0
19/03/2008,10.85,10.85,10.1,10.1,10.1,1200
20/03/2008,10.06,10.06,10.06,10.06,10.06,600
24/03/2008,10.85,10.85,10.85,10.85,10.85,200
25/03/2008,10.85,10.85,10.85,10.85,10.85,0
26/03/2008,10.5,10.85,10.5,10.85,10.85,300
27/03/2008,10.85,10.85,10.85,10.85,10.85,500
28/03/2008,10.85,10.85,10.85,10.85,10.85,0
31/03/2008,10.84,10.84,10.84,10.84,10.84,300
01/04/2008,10.85,10.85,10.85,10.85,10.85,400
02/04/2008,10.85,10.85,10.85,10.85,10.85,0
03/04/2008,10.85,10.85,10.85,10.85,10.85,0
04/04/2008,10.85,10.85,10.85,10.85,10.85,0
07/04/2008,10.85,10.85,10.85,10.85,10.85,0
08/04/2008,10.85,10.85,10.85,10.85,10.85,0
09/04/2008,10.85,10.85,10.85,10.85,10.85,0
10/04/2008,10.95,10.95,10.06,10.1,10.1,700
11/04/2008,10.1,10.1,10.1,10.1,10.1,0
14/04/2008,10.1,10.1,10.1,10.1,10.1,0
15/04/2008,10.06,10.06,10.06,10.06,10.06,200
16/04/2008,10.06,10.06,10.06,10.06,10.06,0
17/04/2008,10.06,10.06,10.06,10.06,10.06,0
18/04/2008,10.06,10.07,10.06,10.07,10.07,1000
21/04/2008,10.07,10.07,10.07,10.07,10.07,0
22/04/2008,10.07,10.07,10.07,10.07,10.07,0
23/04/2008,10.07,10.07,10.07,10.07,10.07,0
24/04/2008,10.07,10.07,10.07,10.07,10.07,0
25/04/2008,10.07,10.07,10.07,10.07,10.07,0
28/04/2008,10.07,10.07,10.07,10.07,10.07,0
29/04/2008,10.07,10.07,10.07,10.07,10.07,0
30/04/2008,10.07,10.07,10.07,10.07,10.07,0
01/05/2008,10.07,10.07,10.07,10.07,10.07,0
02/05/2008,10.07,10.07,10.07,10.07,10.07,0
05/05/2008,10.07,10.07,10.07,10.07,10.07,0
06/05/2008,10.06,10.06,10.06,10.06,10.06,200
07/05/2008,10.06,10.06,10.06,10.06,10.06,0
08/05/2008,10.06,10.06,10.06,10.06,10.06,0
09/05/2008,10.06,10.06,10.06,10.06,10.06,0
12/05/2008,10.06,10.06,10.06,10.06,10.06,0
13/05/2008,10.9,10.9,10.9,10.9,10.9,200
14/05/2008,10.06,10.06,10.06,10.06,10.06,500
15/05/2008,11.0,11.0,11.0,11.0,11.0,200
16/05/2008,11.0,11.0,11.0,11.0,11.0,0
19/05/2008,10.5,10.5,10.5,10.5,10.5,200
20/05/2008,10.05,10.06,10.05,10.06,10.06,800
21/05/2008,10.06,10.06,10.06,10.06,10.06,0
22/05/2008,10.06,10.06,10.06,10.06,10.06,0
23/05/2008,10.2,10.2,9.75,9.75,9.75,1000
27/05/2008,9.75,9.75,9.75,9.75,9.75,500
28/05/2008,9.75,9.75,9.75,9.75,9.75,0
29/05/2008,9.49,9.5,9.49,9.5,9.5,1400
30/05/2008,9.5,9.5,9.5,9.5,9.5,500
02/06/2008,9.5,9.5,9.5,9.5,9.5,0
03/06/2008,9.5,9.5,9.5,9.5,9.5,0
04/06/2008,9.5,9.5,9.5,9.5,9.5,0
05/06/2008,9.5,9.5,9.5,9.5,9.5,0
06/06/2008,9.5,9.5,9.5,9.5,9.5,0
09/06/2008,9.5,9.5,9.5,9.5,9.5,0
10/06/2008,9.5,9.5,9.5,9.5,9.5,0
11/06/2008,9.5,9.5,9.5,9.5,9.5,0
12/06/2008,9.5,9.5,9.5,9.5,9.5,0
13/06/2008,9.05,9.05,9.05,9.05,9.05,400
16/06/2008,9.05,9.05,9.05,9.05,9.05,0
17/06/2008,9.05,9.05,9.05,9.05,9.05,0
18/06/2008,8.75,8.75,8.75,8.75,8.75,300
19/06/2008,8.75,8.75,8.75,8.75,8.75,0
20/06/2008,9.25,9.25,9.25,9.25,9.25,500
23/06/2008,9.25,9.25,9.25,9.25,9.25,0
24/06/2008,9.25,9.25,9.25,9.25,9.25,0
25/06/2008,9.25,9.25,9.25,9.25,9.25,0
26/06/2008,9.25,9.25,9.25,9.25,9.25,0
27/06/2008,9.25,9.25,9.25,9.25,9.25,0
30/06/2008,9.25,9.25,9.25,9.25,9.25,0
01/07/2008,9.25,9.25,9.25,9.25,9.25,0
02/07/2008,9.25,9.25,9.25,9.25,9.25,0
03/07/2008,9.25,9.25,9.25,9.25,9.25,0
07/07/2008,9.25,9.25,9.25,9.25,9.25,0
08/07/2008,8.75,8.75,8.75,8.75,8.75,500
09/07/2008,8.75,8.75,8.75,8.75,8.75,0
10/07/2008,8.5,8.5,8.4,8.4,8.4,1100
11/07/2008,8.4,8.4,8.4,8.4,8.4,0
14/07/2008,8.4,8.4,8.4,8.4,8.4,0
15/07/2008,8.4,8.4,8.4,8.4,8.4,0
16/07/2008,8.4,8.4,8.4,8.4,8.4,0
17/07/2008,8.4,8.4,8.4,8.4,8.4,0
18/07/2008,8.4,8.4,8.4,8.4,8.4,0
21/07/2008,8.4,8.4,8.4,8.4,8.4,0
22/07/2008,8.4,8.4,8.4,8.4,8.4,0
23/07/2008,8.4,8.4,8.4,8.4,8.4,0
24/07/2008,8.75,8.75,8.75,8.75,8.75,700
25/07/2008,9.0,9.0,9.0,9.0,9.0,2700
28/07/2008,9.0,9.0,9.0,9.0,9.0,0
29/07/2008,9.0,9.0,9.0,9.0,9.0,0
30/07/2008,9.1,9.1,9.1,9.1,9.1,400
31/07/2008,9.5,9.5,9.5,9.5,9.5,600
01/08/2008,9.5,9.5,9.5,9.5,9.5,0
04/08/2008,9.1,9.1,7.25,9.1,9.1,1000
05/08/2008,9.1,9.1,9.1,9.1,9.1,0
06/08/2008,9.1,9.1,9.1,9.1,9.1,0
07/08/2008,9.1,9.1,9.1,9.1,9.1,0
08/08/2008,9.0,9.0,9.0,9.0,9.0,500
11/08/2008,8.75,9.0,8.5,8.5,8.5,3000
12/08/2008,8.25,8.25,7.25,7.5,7.5,7100
13/08/2008,7.5,7.5,7.25,7.25,7.25,900
14/08/2008,7.5,7.5,7.5,7.5,7.5,500
15/08/2008,7.5,7.5,7.5,7.5,7.5,0
18/08/2008,9.0,9.0,9.0,9.0,9.0,1000
19/08/2008,9.0,9.0,9.0,9.0,9.0,0
20/08/2008,10.0,10.0,10.0,10.0,10.0,1000
21/08/2008,11.0,11.5,11.0,11.0,11.0,900
22/08/2008,11.5,11.5,11.0,11.0,11.0,1000
25/08/2008,10.01,11.2,10.01,11.2,11.2,800
26/08/2008,11.2,11.2,11.2,11.2,11.2,0
27/08/2008,11.0,11.0,10.75,10.75,10.75,1600
28/08/2008,11.0,11.0,11.0,11.0,11.0,600
29/08/2008,11.0,11.0,11.0,11.0,11.0,0
02/09/2008,11.0,11.0,11.0,11.0,11.0,0
03/09/2008,11.0,11.0,11.0,11.0,11.0,0
04/09/2008,11.0,11.0,11.0,11.0,11.0,0
05/09/2008,11.0,11.0,11.0,11.0,11.0,0
08/09/2008,11.0,11.0,11.0,11.0,11.0,0
09/09/2008,10.9,10.9,10.9,10.9,10.9,600
10/09/2008,10.9,10.9,10.9,10.9,10.9,200
11/09/2008,10.9,10.9,10.9,10.9,10.9,0
12/09/2008,10.25,10.25,9.5,9.5,9.5,1000
15/09/2008,9.5,9.5,9.5,9.5,9.5,0
16/09/2008,9.25,9.5,7.2,8.5,8.5,5200
17/09/2008,8.5,8.5,8.5,8.5,8.5,0
18/09/2008,8.5,8.5,8.5,8.5,8.5,0
19/09/2008,8.75,9.5,8.75,9.5,9.5,3000
22/09/2008,9.5,9.5,9.5,9.5,9.5,0
23/09/2008,10.0,10.0,10.0,10.0,10.0,100
24/09/2008,10.0,10.0,10.0,10.0,10.0,0
25/09/2008,10.0,10.0,10.0,10.0,10.0,0
26/09/2008,10.0,10.0,10.0,10.0,10.0,0
29/09/2008,8.75,8.75,8.5,8.5,8.5,1000
30/09/2008,9.0,9.0,9.0,9.0,9.0,100
01/10/2008,8.0,8.0,8.0,8.0,8.0,100
02/10/2008,8.0,8.0,8.0,8.0,8.0,0
03/10/2008,8.0,8.0,8.0,8.0,8.0,0
06/10/2008,8.0,8.0,8.0,8.0,8.0,0
07/10/2008,8.0,8.0,8.0,8.0,8.0,100
08/10/2008,8.0,8.0,8.0,8.0,8.0,0
09/10/2008,7.5,7.5,7.5,7.5,7.5,100
10/10/2008,7.5,7.5,7.5,7.5,7.5,0
13/10/2008,7.5,7.5,7.5,7.5,7.5,200
14/10/2008,7.5,7.5,7.5,7.5,7.5,0
15/10/2008,7.5,7.5,7.5,7.5,7.5,0
16/10/2008,7.5,7.5,7.5,7.5,7.5,0
17/10/2008,7.5,7.5,7.5,7.5,7.5,0
20/10/2008,7.5,7.5,7.5,7.5,7.5,300
21/10/2008,7.5,7.5,7.5,7.5,7.5,0
22/10/2008,7.5,7.5,7.5,7.5,7.5,0
23/10/2008,7.5,7.5,7.5,7.5,7.5,0
24/10/2008,7.25,7.25,7.0,7.0,7.0,2500
27/10/2008,7.0,7.0,7.0,7.0,7.0,0
28/10/2008,6.95,6.95,6.95,6.95,6.95,1000
29/10/2008,6.95,6.95,6.95,6.95,6.95,0
30/10/2008,6.95,6.95,6.95,6.95,6.95,0
31/10/2008,6.95,6.95,6.95,6.95,6.95,0
03/11/2008,7.35,7.35,7.15,7.15,7.15,1500
04/11/2008,7.15,7.15,7.0,7.0,7.0,1000
05/11/2008,7.0,7.0,7.0,7.0,7.0,0
06/11/2008,7.0,7.0,7.0,7.0,7.0,0
07/11/2008,7.0,7.0,7.0,7.0,7.0,200
10/11/2008,4.8,6.0,4.8,6.0,6.0,3300
11/11/2008,6.0,6.0,6.0,6.0,6.0,0
12/11/2008,6.0,6.0,6.0,6.0,6.0,0
13/11/2008,6.0,6.0,6.0,6.0,6.0,0
14/11/2008,6.0,6.0,6.0,6.0,6.0,0
17/11/2008,6.0,6.0,6.0,6.0,6.0,0
18/11/2008,6.0,6.0,6.0,6.0,6.0,0
19/11/2008,5.0,5.0,4.65,4.65,4.65,1200
20/11/2008,4.65,4.65,4.65,4.65,4.65,0
21/11/2008,4.65,4.65,4.65,4.65,4.65,0
24/11/2008,4.65,4.65,4.65,4.65,4.65,0
25/11/2008,4.65,4.65,4.65,4.65,4.65,0
26/11/2008,4.65,4.65,4.65,4.65,4.65,0
28/11/2008,4.65,4.65,4.65,4.65,4.65,0
01/12/2008,4.65,4.65,4.65,4.65,4.65,0
02/12/2008,4.65,4.65,4.65,4.65,4.65,0
03/12/2008,4.65,4.65,4.65,4.65,4.65,600
04/12/2008,4.65,4.65,4.65,4.65,4.65,0
05/12/2008,4.65,4.65,4.65,4.65,4.65,2000
08/12/2008,4.65,4.65,4.65,4.65,4.65,0
09/12/2008,4.65,4.65,4.65,4.65,4.65,0
10/12/2008,4.65,4.65,4.65,4.65,4.65,0
11/12/2008,4.5,4.5,4.5,4.5,4.5,500
12/12/2008,4.5,4.5,4.5,4.5,4.5,0
15/12/2008,4.1,4.1,4.1,4.1,4.1,1000
16/12/2008,4.05,4.05,3.37,4.05,4.05,3100
17/12/2008,4.05,4.05,4.05,4.05,4.05,0
18/12/2008,4.05,4.05,4.05,4.05,4.05,0
19/12/2008,4.05,4.05,4.05,4.05,4.05,0
22/12/2008,3.5,3.5,3.5,3.5,3.5,200
23/12/2008,4.35,5.0,4.35,5.0,5.0,1500
24/12/2008,5.0,5.0,5.0,5.0,5.0,0
26/12/2008,5.0,5.0,5.0,5.0,5.0,0
29/12/2008,5.0,5.0,5.0,5.0,5.0,0
30/12/2008,5.0,5.0,5.0,5.0,5.0,0
31/12/2008,4.5,5.0,3.5,5.0,5.0,4900
02/01/2009,5.0,5.0,5.0,5.0,5.0,0
05/01/2009,5.0,5.0,5.0,5.0,5.0,0
06/01/2009,5.0,5.0,5.0,5.0,5.0,0
07/01/2009,4.3,4.3,4.3,4.3,4.3,1000
08/01/2009,4.3,4.3,4.3,4.3,4.3,0
09/01/2009,4.0,4.0,4.0,4.0,4.0,700
12/01/2009,4.0,4.0,4.0,4.0,4.0,0
13/01/2009,4.0,4.0,4.0,4.0,4.0,0
14/01/2009,4.0,4.0,3.75,3.99,3.99,1500
15/01/2009,3.5,3.75,3.5,3.75,3.75,2500
16/01/2009,3.55,3.55,3.55,3.55,3.55,700
20/01/2009,3.1,3.1,3.0,3.0,3.0,1400
21/01/2009,3.0,3.0,3.0,3.0,3.0,0
22/01/2009,3.11,3.11,3.1,3.1,3.1,1500
23/01/2009,3.0,3.0,3.0,3.0,3.0,600
26/01/2009,3.0,3.0,3.0,3.0,3.0,0
27/01/2009,3.0,3.0,3.0,3.0,3.0,0
28/01/2009,2.3,2.3,2.3,2.3,2.3,400
29/01/2009,2.3,2.3,2.3,2.3,2.3,0
30/01/2009,2.8,2.8,2.8,2.8,2.8,500
02/02/2009,2.31,2.31,2.31,2.31,2.31,200
03/02/2009,2.31,2.31,2.31,2.31,2.31,0
04/02/2009,2.31,2.31,2.31,2.31,2.31,0
05/02/2009,2.31,2.31,2.31,2.31,2.31,0
06/02/2009,3.4,3.4,3.4,3.4,3.4,400
09/02/2009,3.4,3.4,3.4,3.4,3.4,0
10/02/2009,3.4,3.4,3.4,3.4,3.4,0
11/02/2009,3.4,3.4,3.4,3.4,3.4,0
12/02/2009,3.4,3.4,3.4,3.4,3.4,0
13/02/2009,3.4,3.4,3.4,3.4,3.4,0
17/02/2009,2.5,2.5,2.5,2.5,2.5,300
18/02/2009,2.5,2.5,2.5,2.5,2.5,0
19/02/2009,2.5,2.5,2.5,2.5,2.5,0
20/02/2009,2.5,2.5,2.5,2.5,2.5,0
23/02/2009,2.5,2.5,2.5,2.5,2.5,0
24/02/2009,2.55,2.55,2.5,2.5,2.5,1200
25/02/2009,2.5,2.5,2.5,2.5,2.5,0
26/02/2009,2.5,2.5,2.5,2.5,2.5,0
27/02/2009,2.5,2.5,2.5,2.5,2.5,0
02/03/2009,2.5,2.5,2.5,2.5,2.5,0
03/03/2009,2.5,2.5,2.5,2.5,2.5,0
04/03/2009,2.5,2.5,2.5,2.5,2.5,0
05/03/2009,2.5,2.5,2.5,2.5,2.5,0
06/03/2009,2.5,2.5,2.5,2.5,2.5,0
09/03/2009,2.31,2.31,2.31,2.31,2.31,500
10/03/2009,2.3,2.3,2.3,2.3,2.3,100
11/03/2009,2.3,2.3,2.3,2.3,2.3,0
12/03/2009,2.31,2.31,2.31,2.31,2.31,100
13/03/2009,2.31,2.31,2.31,2.31,2.31,0
16/03/2009,2.31,2.31,2.31,2.31,2.31,0
17/03/2009,2.31,2.31,2.31,2.31,2.31,0
18/03/2009,2.31,2.31,2.31,2.31,2.31,0
19/03/2009,2.31,2.31,2.31,2.31,2.31,0
20/03/2009,2.31,2.31,2.31,2.31,2.31,0
23/03/2009,2.31,2.31,2.31,2.31,2.31,0
24/03/2009,2.31,2.31,2.31,2.31,2.31,0
25/03/2009,2.31,2.31,2.31,2.31,2.31,0
26/03/2009,2.31,2.31,2.31,2.31,2.31,0
27/03/2009,2.31,2.31,2.31,2.31,2.31,0
30/03/2009,3.25,3.25,3.25,3.25,3.25,500
31/03/2009,3.25,3.25,3.25,3.25,3.25,0
01/04/2009,3.25,3.25,3.25,3.25,3.25,0
02/04/2009,3.25,3.25,3.25,3.25,3.25,0
03/04/2009,3.25,3.25,3.25,3.25,3.25,0
06/04/2009,3.25,3.25,3.25,3.25,3.25,0
07/04/2009,3.25,3.25,3.25,3.25,3.25,0
08/04/2009,3.25,3.25,3.25,3.25,3.25,0
09/04/2009,3.25,3.25,3.25,3.25,3.25,0
13/04/2009,2.5,2.5,2.5,2.5,2.5,1000
14/04/2009,2.5,2.5,2.5,2.5,2.5,500
15/04/2009,2.5,2.5,2.5,2.5,2.5,0
16/04/2009,2.5,2.5,2.5,2.5,2.5,0
17/04/2009,2.5,2.5,2.5,2.5,2.5,1000
20/04/2009,2.5,2.5,2.5,2.5,2.5,0
21/04/2009,2.5,2.5,2.5,2.5,2.5,500
22/04/2009,2.5,2.5,2.5,2.5,2.5,0
23/04/2009,2.7,2.75,2.7,2.7,2.7,2800
24/04/2009,2.7,2.7,2.7,2.7,2.7,0
27/04/2009,2.7,2.7,2.7,2.7,2.7,0
28/04/2009,2.7,2.7,2.7,2.7,2.7,0
29/04/2009,2.7,2.7,2.7,2.7,2.7,0
30/04/2009,3.25,3.25,3.25,3.25,3.25,1000
01/05/2009,3.25,3.25,3.25,3.25,3.25,0
04/05/2009,3.25,3.25,3.25,3.25,3.25,0
05/05/2009,3.25,3.25,3.25,3.25,3.25,0
06/05/2009,3.25,3.25,3.25,3.25,3.25,0
07/05/2009,3.5,3.5,3.25,3.25,3.25,5000
08/05/2009,3.25,3.25,3.25,3.25,3.25,0
11/05/2009,3.25,3.25,3.25,3.25,3.25,0
12/05/2009,3.25,3.25,3.25,3.25,3.25,0
13/05/2009,3.25,3.25,3.25,3.25,3.25,0
14/05/2009,3.25,3.25,3.25,3.25,3.25,0
15/05/2009,3.25,3.25,3.25,3.25,3.25,0
18/05/2009,3.25,3.25,3.25,3.25,3.25,0
19/05/2009,3.25,3.25,3.25,3.25,3.25,0
20/05/2009,3.0,3.0,3.0,3.0,3.0,500
21/05/2009,3.0,3.0,3.0,3.0,3.0,0
22/05/2009,3.0,3.0,3.0,3.0,3.0,0
26/05/2009,3.0,3.0,3.0,3.0,3.0,0
27/05/2009,2.5,2.5,2.5,2.5,2.5,300
28/05/2009,2.5,2.5,2.5,2.5,2.5,0
29/05/2009,2.5,2.5,2.5,2.5,2.5,0
01/06/2009,3.0,3.0,3.0,3.0,3.0,300
02/06/2009,2.75,2.75,2.75,2.75,2.75,500
03/06/2009,2.75,2.75,2.75,2.75,2.75,0
04/06/2009,3.0,3.24,3.0,3.24,3.24,2000
05/06/2009,3.24,3.25,3.24,3.25,3.25,2200
08/06/2009,3.5,3.9,3.5,3.9,3.9,1000
09/06/2009,3.9,3.9,3.9,3.9,3.9,0
10/06/2009,3.9,3.9,3.9,3.9,3.9,0
11/06/2009,4.0,4.0,4.0,4.0,4.0,1000
12/06/2009,4.0,4.0,4.0,4.0,4.0,0
15/06/2009,4.5,4.95,4.5,4.95,4.95,900
16/06/2009,4.95,4.95,4.95,4.95,4.95,0
17/06/2009,4.95,4.95,4.95,4.95,4.95,0
18/06/2009,5.25,5.25,5.25,5.25,5.25,1000
19/06/2009,6.0,6.0,6.0,6.0,6.0,900
22/06/2009,6.0,6.0,6.0,6.0,6.0,0
23/06/2009,6.0,6.0,6.0,6.0,6.0,0
24/06/2009,6.0,6.0,6.0,6.0,6.0,0
25/06/2009,6.0,6.0,6.0,6.0,6.0,200
26/06/2009,6.0,6.0,6.0,6.0,6.0,0
29/06/2009,6.0,6.0,6.0,6.0,6.0,0
30/06/2009,6.0,6.0,6.0,6.0,6.0,0
01/07/2009,6.0,6.0,6.0,6.0,6.0,100
02/07/2009,6.0,6.0,6.0,6.0,6.0,0
06/07/2009,6.0,6.0,6.0,6.0,6.0,0
07/07/2009,6.0,6.0,6.0,6.0,6.0,0
08/07/2009,6.0,6.0,6.0,6.0,6.0,0
09/07/2009,6.0,6.0,6.0,6.0,6.0,0
10/07/2009,6.0,6.0,6.0,6.0,6.0,0
13/07/2009,6.0,6.0,6.0,6.0,6.0,0
14/07/2009,6.0,6.0,6.0,6.0,6.0,0
15/07/2009,6.0,6.0,6.0,6.0,6.0,0
16/07/2009,6.0,6.0,6.0,6.0,6.0,0
17/07/2009,6.0,6.0,6.0,6.0,6.0,0
20/07/2009,6.0,6.0,6.0,6.0,6.0,0
21/07/2009,6.0,6.0,6.0,6.0,6.0,0
22/07/2009,6.0,6.0,6.0,6.0,6.0,0
23/07/2009,6.0,6.0,6.0,6.0,6.0,0
24/07/2009,6.0,6.0,6.0,6.0,6.0,0
27/07/2009,6.0,6.0,6.0,6.0,6.0,0
28/07/2009,6.0,6.0,6.0,6.0,6.0,0
29/07/2009,6.0,6.0,6.0,6.0,6.0,0
30/07/2009,6.0,6.0,6.0,6.0,6.0,0
31/07/2009,6.0,6.0,6.0,6.0,6.0,0
03/08/2009,6.0,6.0,6.0,6.0,6.0,0
04/08/2009,6.0,6.0,6.0,6.0,6.0,0
05/08/2009,6.0,6.0,6.0,6.0,6.0,0
06/08/2009,6.0,6.0,6.0,6.0,6.0,0
07/08/2009,6.0,6.0,6.0,6.0,6.0,0
10/08/2009,6.0,6.0,6.0,6.0,6.0,0
11/08/2009,6.0,6.0,6.0,6.0,6.0,0
12/08/2009,6.0,6.0,6.0,6.0,6.0,0
13/08/2009,6.0,6.0,6.0,6.0,6.0,0
14/08/2009,6.0,6.0,6.0,6.0,6.0,0
17/08/2009,6.0,6.0,6.0,6.0,6.0,0
18/08/2009,6.0,6.0,6.0,6.0,6.0,0
19/08/2009,6.0,6.0,6.0,6.0,6.0,0
20/08/2009,6.0,6.0,6.0,6.0,6.0,0
21/08/2009,6.0,6.0,6.0,6.0,6.0,0
24/08/2009,6.0,6.0,6.0,6.0,6.0,0
25/08/2009,6.0,6.0,6.0,6.0,6.0,0
26/08/2009,6.0,6.0,6.0,6.0,6.0,0
27/08/2009,6.0,6.0,6.0,6.0,6.0,0
28/08/2009,6.0,6.0,6.0,6.0,6.0,0
31/08/2009,5.01,5.01,5.01,5.01,5.01,300
01/09/2009,5.01,5.01,5.01,5.01,5.01,0
02/09/2009,5.01,5.01,5.01,5.01,5.01,0
03/09/2009,5.01,5.01,5.01,5.01,5.01,0
04/09/2009,5.01,5.01,5.01,5.01,5.01,0
08/09/2009,5.01,5.01,5.01,5.01,5.01,0
09/09/2009,5.01,5.01,5.01,5.01,5.01,0
10/09/2009,5.01,5.01,5.01,5.01,5.01,0
11/09/2009,5.01,5.01,5.01,5.01,5.01,0
14/09/2009,5.01,5.01,5.01,5.01,5.01,0
15/09/2009,5.01,5.01,5.01,5.01,5.01,0
16/09/2009,5.01,5.01,5.01,5.01,5.01,500
17/09/2009,5.01,5.01,5.01,5.01,5.01,0
18/09/2009,5.01,5.01,5.01,5.01,5.01,0
21/09/2009,5.01,5.01,5.01,5.01,5.01,0
22/09/2009,5.01,5.01,5.01,5.01,5.01,300
23/09/2009,5.01,5.01,5.01,5.01,5.01,0
24/09/2009,5.01,5.01,5.01,5.01,5.01,0
25/09/2009,5.01,5.01,5.01,5.01,5.01,0
28/09/2009,5.01,5.01,5.01,5.01,5.01,0
29/09/2009,5.01,5.01,5.01,5.01,5.01,0
30/09/2009,5.01,5.01,5.01,5.01,5.01,0
01/10/2009,5.01,5.01,5.01,5.01,5.01,0
02/10/2009,5.01,5.01,5.01,5.01,5.01,0
05/10/2009,5.01,5.01,5.01,5.01,5.01,0
06/10/2009,5.01,5.01,5.01,5.01,5.01,0
07/10/2009,5.01,5.01,5.01,5.01,5.01,0
08/10/2009,5.01,5.01,5.01,5.01,5.01,0
09/10/2009,5.01,5.01,5.01,5.01,5.01,0
12/10/2009,5.01,5.01,5.01,5.01,5.01,0
13/10/2009,5.01,5.01,5.01,5.01,5.01,0
14/10/2009,6.0,6.0,6.0,6.0,6.0,100
15/10/2009,6.0,6.0,6.0,6.0,6.0,0
16/10/2009,5.0,5.0,5.0,5.0,5.0,500
19/10/2009,5.0,5.0,5.0,5.0,5.0,0
20/10/2009,5.0,5.0,5.0,5.0,5.0,0
21/10/2009,5.0,5.0,5.0,5.0,5.0,0
22/10/2009,5.0,5.0,5.0,5.0,5.0,0
23/10/2009,5.0,5.0,5.0,5.0,5.0,0
26/10/2009,5.0,5.0,5.0,5.0,5.0,0
27/10/2009,5.0,5.0,5.0,5.0,5.0,0
28/10/2009,5.0,5.0,5.0,5.0,5.0,0
29/10/2009,5.0,5.0,5.0,5.0,5.0,0
30/10/2009,5.0,5.0,5.0,5.0,5.0,0
02/11/2009,5.0,5.0,5.0,5.0,5.0,0
03/11/2009,5.0,5.0,5.0,5.0,5.0,0
04/11/2009,5.0,5.0,5.0,5.0,5.0,0
05/11/2009,5.0,5.0,5.0,5.0,5.0,0
06/11/2009,5.0,5.0,5.0,5.0,5.0,0
09/11/2009,5.0,5.0,5.0,5.0,5.0,0
10/11/2009,5.0,5.0,5.0,5.0,5.0,0
11/11/2009,5.0,5.0,5.0,5.0,5.0,0
12/11/2009,5.0,5.0,5.0,5.0,5.0,0
13/11/2009,5.0,5.0,5.0,5.0,5.0,0
16/11/2009,5.0,5.0,5.0,5.0,5.0,0
17/11/2009,5.0,5.0,5.0,5.0,5.0,0
18/11/2009,5.0,5.0,5.0,5.0,5.0,0
19/11/2009,5.0,5.0,5.0,5.0,5.0,0
20/11/2009,5.0,5.0,5.0,5.0,5.0,0
23/11/2009,5.0,5.0,5.0,5.0,5.0,0
24/11/2009,5.6,5.6,5.6,5.6,5.6,200
25/11/2009,5.6,5.6,5.6,5.6,5.6,0
27/11/2009,5.6,5.6,5.6,5.6,5.6,0
30/11/2009,5.6,5.6,5.6,5.6,5.6,1900
01/12/2009,5.6,5.6,5.6,5.6,5.6,0
02/12/2009,5.6,5.6,5.6,5.6,5.6,0
03/12/2009,5.6,5.6,5.6,5.6,5.6,0
04/12/2009,5.0,5.0,5.0,5.0,5.0,400
07/12/2009,5.0,5.0,5.0,5.0,5.0,0
08/12/2009,5.0,5.0,5.0,5.0,5.0,0
09/12/2009,5.0,5.0,5.0,5.0,5.0,0
10/12/2009,5.0,5.0,5.0,5.0,5.0,0
11/12/2009,5.0,5.0,5.0,5.0,5.0,0
14/12/2009,5.0,5.0,5.0,5.0,5.0,0
15/12/2009,5.0,5.0,5.0,5.0,5.0,0
16/12/2009,5.0,5.0,5.0,5.0,5.0,0
17/12/2009,4.99,5.0,4.0,4.0,4.0,1000
18/12/2009,4.5,4.5,4.0,4.5,4.5,2000
21/12/2009,4.5,4.5,4.5,4.5,4.5,0
22/12/2009,4.5,4.5,4.5,4.5,4.5,0
23/12/2009,4.5,4.5,4.5,4.5,4.5,0
24/12/2009,4.5,4.5,4.5,4.5,4.5,0
28/12/2009,5.0,5.0,5.0,5.0,5.0,200
29/12/2009,5.0,5.0,5.0,5.0,5.0,0
30/12/2009,6.0,6.0,4.01,4.01,4.01,1700
31/12/2009,5.0,5.4,4.01,4.01,4.01,1300
04/01/2010,4.01,4.01,4.01,4.01,4.01,0
05/01/2010,4.01,4.01,4.01,4.01,4.01,0
06/01/2010,4.01,4.01,4.01,4.01,4.01,200
07/01/2010,4.01,4.01,4.01,4.01,4.01,0
08/01/2010,4.01,4.01,4.01,4.01,4.01,0
11/01/2010,4.01,4.01,4.01,4.01,4.01,0
12/01/2010,4.01,4.01,4.01,4.01,4.01,0
13/01/2010,4.01,4.01,4.01,4.01,4.01,0
14/01/2010,4.01,4.01,4.01,4.01,4.01,0
15/01/2010,4.01,4.01,4.01,4.01,4.01,0
19/01/2010,4.1,4.1,4.1,4.1,4.1,300
20/01/2010,4.1,4.1,4.1,4.1,4.1,0
21/01/2010,4.1,4.1,4.1,4.1,4.1,0
22/01/2010,4.1,4.1,4.1,4.1,4.1,0
25/01/2010,4.1,4.1,4.1,4.1,4.1,500
26/01/2010,4.1,4.1,4.1,4.1,4.1,0
27/01/2010,4.1,4.1,4.1,4.1,4.1,0
28/01/2010,4.1,4.1,4.1,4.1,4.1,0
29/01/2010,4.1,4.1,4.1,4.1,4.1,0
01/02/2010,4.1,4.1,4.1,4.1,4.1,0
02/02/2010,4.1,4.1,4.1,4.1,4.1,0
03/02/2010,4.1,4.1,4.1,4.1,4.1,0
04/02/2010,4.1,4.1,4.1,4.1,4.1,0
05/02/2010,4.5,4.5,4.5,4.5,4.5,300
08/02/2010,4.5,4.5,4.5,4.5,4.5,0
09/02/2010,4.5,4.5,4.5,4.5,4.5,200
10/02/2010,4.5,4.5,4.5,4.5,4.5,0
11/02/2010,4.5,4.5,4.5,4.5,4.5,0
12/02/2010,4.5,4.5,4.5,4.5,4.5,0
16/02/2010,4.5,4.5,4.5,4.5,4.5,0
17/02/2010,4.5,4.5,4.5,4.5,4.5,0
18/02/2010,4.5,4.5,4.5,4.5,4.5,0
19/02/2010,6.0,6.0,6.0,6.0,6.0,200
22/02/2010,6.0,6.0,6.0,6.0,6.0,0
23/02/2010,6.0,6.0,6.0,6.0,6.0,0
24/02/2010,6.0,6.0,6.0,6.0,6.0,0
25/02/2010,6.0,6.0,6.0,6.0,6.0,0
26/02/2010,6.0,6.0,6.0,6.0,6.0,0
01/03/2010,6.0,6.0,6.0,6.0,6.0,0
02/03/2010,6.0,6.0,6.0,6.0,6.0,0
03/03/2010,6.0,6.0,6.0,6.0,6.0,0
04/03/2010,6.0,6.0,6.0,6.0,6.0,0
05/03/2010,6.0,6.0,6.0,6.0,6.0,0
08/03/2010,6.0,6.0,6.0,6.0,6.0,100
09/03/2010,6.0,6.0,6.0,6.0,6.0,0
10/03/2010,6.0,6.0,6.0,6.0,6.0,0
11/03/2010,6.0,6.0,6.0,6.0,6.0,0
12/03/2010,6.0,6.0,6.0,6.0,6.0,0
15/03/2010,6.0,6.0,6.0,6.0,6.0,0
16/03/2010,6.0,6.0,6.0,6.0,6.0,0
17/03/2010,6.0,6.0,6.0,6.0,6.0,0
18/03/2010,4.75,4.75,4.75,4.75,4.75,500
19/03/2010,5.0,5.0,5.0,5.0,5.0,300
22/03/2010,5.0,5.0,5.0,5.0,5.0,0
23/03/2010,5.0,5.0,5.0,5.0,5.0,0
24/03/2010,5.0,5.0,5.0,5.0,5.0,0
25/03/2010,6.0,6.0,6.0,6.0,6.0,100
26/03/2010,6.0,6.0,6.0,6.0,6.0,0
29/03/2010,6.0,6.0,6.0,6.0,6.0,0
30/03/2010,5.5,5.5,5.5,5.5,5.5,500
31/03/2010,5.5,5.5,5.5,5.5,5.5,0
01/04/2010,5.5,5.5,5.5,5.5,5.5,0
05/04/2010,5.5,5.5,5.5,5.5,5.5,0
06/04/2010,5.5,5.5,5.5,5.5,5.5,0
07/04/2010,5.25,5.25,5.25,5.25,5.25,400
08/04/2010,5.25,5.25,5.25,5.25,5.25,0
09/04/2010,5.25,5.25,5.25,5.25,5.25,0
12/04/2010,5.25,5.25,5.25,5.25,5.25,0
13/04/2010,5.25,5.25,5.25,5.25,5.25,0
14/04/2010,5.25,5.25,5.25,5.25,5.25,0
15/04/2010,5.25,5.25,5.25,5.25,5.25,0
16/04/2010,5.25,5.25,5.25,5.25,5.25,0
19/04/2010,5.25,5.25,5.25,5.25,5.25,0
20/04/2010,5.25,5.25,5.25,5.25,5.25,0
21/04/2010,5.25,5.25,5.25,5.25,5.25,0
22/04/2010,5.25,5.25,5.25,5.25,5.25,0
23/04/2010,5.25,5.25,5.25,5.25,5.25,0
26/04/2010,5.25,5.25,5.25,5.25,5.25,0
27/04/2010,5.25,5.25,5.25,5.25,5.25,0
28/04/2010,5.25,5.25,5.25,5.25,5.25,0
29/04/2010,5.25,5.25,5.25,5.25,5.25,0
30/04/2010,5.25,5.25,5.25,5.25,5.25,400
03/05/2010,5.25,5.25,5.25,5.25,5.25,0
04/05/2010,5.25,5.25,5.25,5.25,5.25,0
05/05/2010,5.25,5.25,5.25,5.25,5.25,0
06/05/2010,5.25,5.25,5.25,5.25,5.25,0
07/05/2010,5.25,5.25,5.25,5.25,5.25,0
10/05/2010,5.25,5.25,5.25,5.25,5.25,0
11/05/2010,5.25,5.25,5.25,5.25,5.25,0
12/05/2010,5.25,5.25,5.25,5.25,5.25,0
13/05/2010,5.25,5.25,5.25,5.25,5.25,0
14/05/2010,5.25,5.25,5.25,5.25,5.25,0
17/05/2010,5.25,5.25,5.25,5.25,5.25,0
18/05/2010,4.75,4.75,4.75,4.75,4.75,100
19/05/2010,4.75,4.75,4.75,4.75,4.75,0
20/05/2010,4.25,4.25,4.25,4.25,4.25,600
21/05/2010,4.25,4.25,4.25,4.25,4.25,0
24/05/2010,4.25,4.25,4.25,4.25,4.25,0
25/05/2010,4.25,4.25,4.25,4.25,4.25,0
26/05/2010,4.25,4.25,4.25,4.25,4.25,0
27/05/2010,4.25,4.25,4.25,4.25,4.25,0
28/05/2010,4.75,4.75,4.75,4.75,4.75,200
01/06/2010,4.75,4.75,4.75,4.75,4.75,0
02/06/2010,4.35,4.35,4.35,4.35,4.35,100
03/06/2010,4.35,4.35,4.35,4.35,4.35,0
04/06/2010,4.35,4.35,4.35,4.35,4.35,0
07/06/2010,4.35,4.35,4.35,4.35,4.35,0
08/06/2010,4.35,4.35,4.35,4.35,4.35,0
09/06/2010,4.35,4.35,4.35,4.35,4.35,0
10/06/2010,4.35,4.35,4.35,4.35,4.35,0
11/06/2010,4.75,4.75,4.75,4.75,4.75,100
14/06/2010,4.75,4.75,4.75,4.75,4.75,0
15/06/2010,4.75,4.75,4.75,4.75,4.75,0
16/06/2010,4.75,4.75,4.75,4.75,4.75,0
17/06/2010,4.75,4.75,4.75,4.75,4.75,0
18/06/2010,4.75,4.75,4.75,4.75,4.75,0
21/06/2010,4.75,4.75,4.75,4.75,4.75,0
22/06/2010,4.75,4.75,4.75,4.75,4.75,0
23/06/2010,4.75,4.75,4.75,4.75,4.75,0
24/06/2010,4.75,4.75,4.75,4.75,4.75,0
25/06/2010,4.75,4.75,4.75,4.75,4.75,0
28/06/2010,4.75,4.75,4.75,4.75,4.75,0
29/06/2010,4.75,4.75,4.75,4.75,4.75,0
30/06/2010,4.75,4.75,4.75,4.75,4.75,0
01/07/2010,4.75,4.75,4.75,4.75,4.75,0
02/07/2010,4.75,4.75,4.75,4.75,4.75,0
06/07/2010,4.75,4.75,4.75,4.75,4.75,400
07/07/2010,4.75,4.75,4.75,4.75,4.75,0
08/07/2010,4.75,4.75,4.75,4.75,4.75,0
09/07/2010,4.75,4.75,4.75,4.75,4.75,100
12/07/2010,4.75,4.75,4.75,4.75,4.75,0
13/07/2010,4.75,4.75,4.75,4.75,4.75,0
14/07/2010,4.75,4.75,4.75,4.75,4.75,0
15/07/2010,4.75,4.75,4.75,4.75,4.75,0
16/07/2010,4.75,4.75,4.75,4.75,4.75,0
19/07/2010,4.75,4.75,4.75,4.75,4.75,0
20/07/2010,4.75,4.75,4.75,4.75,4.75,0
21/07/2010,4.75,4.75,4.75,4.75,4.75,0
22/07/2010,4.75,4.75,4.75,4.75,4.75,0
23/07/2010,4.75,4.75,4.75,4.75,4.75,0
26/07/2010,4.75,4.75,4.75,4.75,4.75,0
27/07/2010,4.75,4.75,4.75,4.75,4.75,0
28/07/2010,4.25,4.25,2.5,3.5,3.5,3800
29/07/2010,3.5,3.7,3.5,3.7,3.7,2000
30/07/2010,4.5,4.5,4.5,4.5,4.5,300
02/08/2010,4.5,4.5,4.5,4.5,4.5,0
03/08/2010,4.5,4.5,4.5,4.5,4.5,0
04/08/2010,4.5,4.5,4.5,4.5,4.5,0
05/08/2010,4.5,4.5,4.5,4.5,4.5,0
06/08/2010,4.5,4.5,4.5,4.5,4.5,0
09/08/2010,4.5,4.5,4.5,4.5,4.5,0
10/08/2010,4.5,4.5,4.5,4.5,4.5,0
11/08/2010,4.5,4.5,4.5,4.5,4.5,0
12/08/2010,4.5,4.5,4.5,4.5,4.5,0
13/08/2010,4.5,4.5,4.5,4.5,4.5,0
16/08/2010,4.5,4.5,4.5,4.5,4.5,0
17/08/2010,4.5,4.5,4.5,4.5,4.5,0
18/08/2010,4.5,4.5,4.5,4.5,4.5,300
19/08/2010,4.5,4.5,4.5,4.5,4.5,0
20/08/2010,4.5,4.5,4.5,4.5,4.5,0
23/08/2010,4.5,4.5,4.5,4.5,4.5,0
24/08/2010,5.0,5.0,5.0,5.0,5.0,700
25/08/2010,5.0,5.0,5.0,5.0,5.0,0
26/08/2010,5.0,5.0,5.0,5.0,5.0,0
27/08/2010,5.0,5.0,5.0,5.0,5.0,0
30/08/2010,5.0,5.0,5.0,5.0,5.0,200
31/08/2010,5.0,5.0,5.0,5.0,5.0,200
01/09/2010,5.0,5.0,5.0,5.0,5.0,0
02/09/2010,5.0,5.0,5.0,5.0,5.0,0
03/09/2010,5.0,5.0,5.0,5.0,5.0,0
07/09/2010,5.0,5.0,5.0,5.0,5.0,0
08/09/2010,5.0,5.0,5.0,5.0,5.0,0
09/09/2010,5.0,5.0,5.0,5.0,5.0,0
10/09/2010,5.0,5.0,5.0,5.0,5.0,0
13/09/2010,3.5,3.5,3.5,3.5,3.5,100
14/09/2010,3.5,3.5,3.5,3.5,3.5,0
15/09/2010,3.5,3.5,3.5,3.5,3.5,0
16/09/2010,3.5,3.5,3.5,3.5,3.5,0
17/09/2010,4.0,4.0,4.0,4.0,4.0,1500
20/09/2010,4.0,4.0,4.0,4.0,4.0,0
21/09/2010,4.0,4.0,4.0,4.0,4.0,0
22/09/2010,4.0,4.0,4.0,4.0,4.0,0
23/09/2010,4.0,4.0,4.0,4.0,4.0,0
24/09/2010,4.25,4.25,4.25,4.25,4.25,600
27/09/2010,4.25,4.25,4.25,4.25,4.25,0
28/09/2010,4.25,4.25,4.25,4.25,4.25,0
29/09/2010,4.25,4.25,4.25,4.25,4.25,0
30/09/2010,4.25,4.25,4.25,4.25,4.25,0
01/10/2010,4.25,4.25,4.25,4.25,4.25,0
04/10/2010,4.25,4.25,4.25,4.25,4.25,0
05/10/2010,4.51,4.51,4.5,4.5,4.5,1500
06/10/2010,4.5,4.5,4.5,4.5,4.5,0
07/10/2010,4.5,4.5,4.5,4.5,4.5,0
08/10/2010,4.5,4.5,4.5,4.5,4.5,0
11/10/2010,4.5,4.5,4.5,4.5,4.5,0
12/10/2010,4.5,4.5,4.5,4.5,4.5,0
13/10/2010,4.5,4.5,4.5,4.5,4.5,0
14/10/2010,4.5,4.5,4.5,4.5,4.5,0
15/10/2010,4.5,4.5,4.5,4.5,4.5,0
18/10/2010,4.0,4.5,4.0,4.5,4.5,1500
19/10/2010,4.5,4.5,4.5,4.5,4.5,2600
20/10/2010,4.5,4.5,4.5,4.5,4.5,0
21/10/2010,4.5,4.5,4.5,4.5,4.5,0
22/10/2010,4.5,4.5,4.5,4.5,4.5,0
25/10/2010,4.5,4.5,4.5,4.5,4.5,0
26/10/2010,4.5,4.5,4.5,4.5,4.5,0
27/10/2010,4.5,4.5,4.5,4.5,4.5,0
28/10/2010,4.25,4.25,4.25,4.25,4.25,500
29/10/2010,4.25,4.25,4.25,4.25,4.25,0
01/11/2010,4.0,4.0,4.0,4.0,4.0,500
02/11/2010,4.0,4.0,4.0,4.0,4.0,0
03/11/2010,4.0,4.0,4.0,4.0,4.0,0
04/11/2010,3.5,3.5,3.5,3.5,3.5,200
05/11/2010,3.75,3.75,3.75,3.75,3.75,1300
08/11/2010,3.75,3.75,3.75,3.75,3.75,0
09/11/2010,3.75,3.75,3.75,3.75,3.75,0
10/11/2010,3.75,3.75,3.75,3.75,3.75,0
11/11/2010,3.75,3.75,3.75,3.75,3.75,0
12/11/2010,3.9,3.9,3.9,3.9,3.9,200
15/11/2010,3.9,3.9,3.9,3.9,3.9,0
16/11/2010,3.9,3.9,3.9,3.9,3.9,0
17/11/2010,3.9,3.9,3.9,3.9,3.9,0
18/11/2010,3.9,3.9,3.9,3.9,3.9,0
19/11/2010,3.9,3.9,3.9,3.9,3.9,0
22/11/2010,3.75,3.75,3.75,3.75,3.75,500
23/11/2010,3.75,3.75,3.75,3.75,3.75,0
24/11/2010,3.75,3.75,3.75,3.75,3.75,0
26/11/2010,3.75,3.75,3.75,3.75,3.75,0
29/11/2010,3.75,3.75,3.75,3.75,3.75,0
30/11/2010,3.75,3.75,3.75,3.75,3.75,0
01/12/2010,3.5,4.2,3.5,4.2,4.2,1200
02/12/2010,3.5,4.0,3.5,4.0,4.0,500
03/12/2010,4.0,4.0,4.0,4.0,4.0,0
06/12/2010,4.0,4.0,4.0,4.0,4.0,0
07/12/2010,4.0,4.0,4.0,4.0,4.0,0
08/12/2010,4.0,4.0,4.0,4.0,4.0,0
09/12/2010,4.0,4.0,4.0,4.0,4.0,0
10/12/2010,4.0,4.0,4.0,4.0,4.0,0
13/12/2010,4.0,4.0,4.0,4.0,4.0,0
14/12/2010,4.0,4.0,4.0,4.0,4.0,0
15/12/2010,3.5,3.5,3.06,3.06,3.06,3000
16/12/2010,3.06,3.06,3.06,3.06,3.06,0
17/12/2010,3.06,3.06,3.06,3.06,3.06,1000
20/12/2010,3.2,4.0,3.2,4.0,4.0,600
21/12/2010,4.0,4.0,4.0,4.0,4.0,0
22/12/2010,3.5,3.5,3.4,3.4,3.4,600
23/12/2010,3.06,3.06,3.06,3.06,3.06,200
27/12/2010,3.06,3.06,3.06,3.06,3.06,0
28/12/2010,3.06,3.06,3.06,3.06,3.06,0
29/12/2010,3.05,4.25,3.05,3.5,3.5,3400
30/12/2010,3.5,3.5,3.5,3.5,3.5,0
31/12/2010,3.5,3.5,3.5,3.5,3.5,0
03/01/2011,3.5,3.5,3.5,3.5,3.5,0
04/01/2011,3.5,3.5,3.5,3.5,3.5,0
05/01/2011,3.5,3.5,3.5,3.5,3.5,0
06/01/2011,3.5,3.5,3.5,3.5,3.5,0
07/01/2011,3.5,3.5,3.5,3.5,3.5,0
10/01/2011,3.5,3.5,3.5,3.5,3.5,0
11/01/2011,3.5,3.5,3.5,3.5,3.5,0
12/01/2011,3.5,3.5,3.5,3.5,3.5,0
13/01/2011,3.5,3.5,3.5,3.5,3.5,0
14/01/2011,3.75,3.75,3.75,3.75,3.75,200
18/01/2011,3.75,3.75,3.75,3.75,3.75,0
19/01/2011,3.75,3.75,3.75,3.75,3.75,0
20/01/2011,3.75,3.75,3.75,3.75,3.75,0
21/01/2011,3.7,3.7,3.7,3.7,3.7,100
24/01/2011,3.7,3.7,3.7,3.7,3.7,0
25/01/2011,3.7,3.7,3.7,3.7,3.7,0
26/01/2011,3.7,3.7,3.7,3.7,3.7,0
27/01/2011,3.06,3.06,3.06,3.06,3.06,100
28/01/2011,3.06,3.06,3.06,3.06,3.06,0
31/01/2011,3.06,3.06,3.06,3.06,3.06,0
01/02/2011,3.06,3.06,3.06,3.06,3.06,0
02/02/2011,3.05,3.05,3.05,3.05,3.05,500
03/02/2011,3.05,3.05,3.05,3.05,3.05,0
04/02/2011,2.5,3.4,2.5,2.5,2.5,400
07/02/2011,2.5,2.5,2.5,2.5,2.5,500
08/02/2011,2.5,2.5,2.5,2.5,2.5,0
09/02/2011,2.1,2.1,2.1,2.1,2.1,500
10/02/2011,2.1,2.6,2.1,2.6,2.6,3900
11/02/2011,2.5,2.5,2.25,2.3,2.3,1600
14/02/2011,2.3,2.31,1.8,1.8,1.8,6000
15/02/2011,2.25,2.25,2.2,2.25,2.25,9600
16/02/2011,2.2,2.2,2.0,2.0,2.0,11000
17/02/2011,1.8,1.85,1.8,1.85,1.85,800
18/02/2011,1.75,1.95,1.75,1.95,1.95,6200
22/02/2011,1.95,1.95,1.95,1.95,1.95,2200
23/02/2011,1.95,1.95,1.95,1.95,1.95,0
24/02/2011,1.95,1.95,1.95,1.95,1.95,600
25/02/2011,1.95,1.95,1.95,1.95,1.95,0
28/02/2011,1.9,2.0,1.9,2.0,2.0,4700
01/03/2011,2.0,2.0,2.0,2.0,2.0,1000
02/03/2011,2.0,2.0,2.0,2.0,2.0,1300
03/03/2011,2.0,2.0,2.0,2.0,2.0,0
04/03/2011,2.0,2.0,2.0,2.0,2.0,0
07/03/2011,2.0,2.0,2.0,2.0,2.0,0
08/03/2011,2.0,2.0,2.0,2.0,2.0,0
09/03/2011,1.8,1.8,1.8,1.8,1.8,700
10/03/2011,1.8,1.8,1.8,1.8,1.8,0
11/03/2011,1.8,1.8,1.8,1.8,1.8,0
14/03/2011,1.8,1.8,1.8,1.8,1.8,0
15/03/2011,1.8,1.8,1.7,1.7,1.7,1000
16/03/2011,2.0,2.0,2.0,2.0,2.0,200
17/03/2011,1.7,1.7,1.7,1.7,1.7,2000
18/03/2011,2.0,2.0,2.0,2.0,2.0,100
21/03/2011,2.0,2.0,2.0,2.0,2.0,100
22/03/2011,1.7,1.7,1.7,1.7,1.7,700
23/03/2011,1.7,1.7,1.7,1.7,1.7,0
24/03/2011,2.0,2.0,2.0,2.0,2.0,100
25/03/2011,2.0,2.0,2.0,2.0,2.0,0
28/03/2011,1.95,1.95,1.72,1.72,1.72,2800
29/03/2011,2.0,2.0,2.0,2.0,2.0,400
30/03/2011,2.0,2.0,2.0,2.0,2.0,0
31/03/2011,2.0,2.0,2.0,2.0,2.0,0
01/04/2011,2.0,2.0,2.0,2.0,2.0,0
04/04/2011,2.0,2.0,2.0,2.0,2.0,0
05/04/2011,2.0,2.0,2.0,2.0,2.0,0
06/04/2011,2.0,2.0,2.0,2.0,2.0,0
07/04/2011,2.0,2.0,2.0,2.0,2.0,0
08/04/2011,2.0,2.0,2.0,2.0,2.0,0
11/04/2011,2.0,2.0,2.0,2.0,2.0,0
12/04/2011,2.0,2.0,2.0,2.0,2.0,0
13/04/2011,2.0,2.0,2.0,2.0,2.0,0
14/04/2011,2.0,2.0,2.0,2.0,2.0,0
15/04/2011,2.0,2.0,2.0,2.0,2.0,0
18/04/2011,2.0,2.0,2.0,2.0,2.0,0
19/04/2011,1.7,1.7,1.7,1.7,1.7,300
20/04/2011,1.7,1.7,1.7,1.7,1.7,0
21/04/2011,1.7,1.7,1.7,1.7,1.7,0
25/04/2011,1.7,1.7,1.7,1.7,1.7,0
26/04/2011,1.7,1.7,1.7,1.7,1.7,0
27/04/2011,1.7,1.7,1.7,1.7,1.7,0
28/04/2011,1.7,1.7,1.7,1.7,1.7,0
29/04/2011,1.95,1.95,1.95,1.95,1.95,2000
02/05/2011,1.95,1.95,1.95,1.95,1.95,0
03/05/2011,1.95,1.95,1.95,1.95,1.95,0
04/05/2011,1.95,1.95,1.95,1.95,1.95,0
05/05/2011,1.95,1.95,1.95,1.95,1.95,0
06/05/2011,1.75,1.75,1.75,1.75,1.75,300
09/05/2011,1.75,1.75,1.75,1.75,1.75,400
10/05/2011,1.75,1.75,1.75,1.75,1.75,0
11/05/2011,1.95,1.95,1.76,1.76,1.76,1100
12/05/2011,1.76,1.76,1.76,1.76,1.76,200
13/05/2011,1.76,1.76,1.76,1.76,1.76,0
16/05/2011,1.76,1.76,1.76,1.76,1.76,0
17/05/2011,1.76,1.76,1.76,1.76,1.76,0
18/05/2011,1.76,1.76,1.76,1.76,1.76,0
19/05/2011,1.76,1.76,1.76,1.76,1.76,0
20/05/2011,1.76,1.76,1.76,1.76,1.76,0
23/05/2011,1.76,1.76,1.76,1.76,1.76,0
24/05/2011,1.76,1.76,1.76,1.76,1.76,0
25/05/2011,1.76,1.76,1.76,1.76,1.76,0
26/05/2011,1.76,1.76,1.76,1.76,1.76,0
27/05/2011,1.76,1.76,1.76,1.76,1.76,0
31/05/2011,1.76,1.76,1.76,1.76,1.76,0
01/06/2011,1.76,1.76,1.76,1.76,1.76,0
02/06/2011,1.76,1.76,1.76,1.76,1.76,0
03/06/2011,1.76,1.76,1.76,1.76,1.76,0
06/06/2011,1.76,1.76,1.76,1.76,1.76,0
07/06/2011,1.76,1.76,1.76,1.76,1.76,0
08/06/2011,1.76,1.76,1.76,1.76,1.76,0
09/06/2011,1.76,1.76,1.76,1.76,1.76,0
10/06/2011,1.76,1.76,1.76,1.76,1.76,0
13/06/2011,1.76,1.76,1.76,1.76,1.76,0
14/06/2011,1.76,1.76,1.76,1.76,1.76,0
15/06/2011,1.75,1.75,1.7,1.7,1.7,3600
16/06/2011,1.7,1.7,1.7,1.7,1.7,0
17/06/2011,1.95,1.95,1.72,1.72,1.72,2800
20/06/2011,1.7,1.95,1.7,1.95,1.95,11000
21/06/2011,1.95,1.95,1.95,1.95,1.95,0
22/06/2011,1.95,1.95,1.95,1.95,1.95,0
23/06/2011,1.95,1.95,1.95,1.95,1.95,0
24/06/2011,1.95,1.95,1.95,1.95,1.95,0
27/06/2011,1.65,1.65,1.65,1.65,1.65,800
28/06/2011,1.65,1.65,1.65,1.65,1.65,0
29/06/2011,1.65,1.65,1.65,1.65,1.65,0
30/06/2011,1.65,1.65,1.65,1.65,1.65,0
01/07/2011,1.65,1.65,1.65,1.65,1.65,0
05/07/2011,1.65,1.65,1.65,1.65,1.65,0
06/07/2011,1.65,1.65,1.65,1.65,1.65,0
07/07/2011,1.95,1.95,1.95,1.95,1.95,100
08/07/2011,1.95,1.95,1.95,1.95,1.95,0
11/07/2011,1.95,1.95,1.95,1.95,1.95,0
12/07/2011,1.95,1.95,1.95,1.95,1.95,0
13/07/2011,1.95,1.95,1.95,1.95,1.95,0
14/07/2011,1.95,1.95,1.95,1.95,1.95,0
15/07/2011,1.95,1.95,1.95,1.95,1.95,0
18/07/2011,1.95,1.95,1.95,1.95,1.95,0
19/07/2011,1.95,1.95,1.95,1.95,1.95,0
20/07/2011,1.95,1.95,1.95,1.95,1.95,0
21/07/2011,1.95,1.95,1.95,1.95,1.95,0
22/07/2011,1.95,1.95,1.95,1.95,1.95,0
25/07/2011,1.95,1.95,1.95,1.95,1.95,0
26/07/2011,1.95,1.95,1.95,1.95,1.95,0
27/07/2011,1.95,1.95,1.95,1.95,1.95,0
28/07/2011,1.87,1.87,1.87,1.87,1.87,200
29/07/2011,1.87,1.87,1.87,1.87,1.87,0
01/08/2011,1.87,1.87,1.87,1.87,1.87,0
02/08/2011,1.87,1.87,1.87,1.87,1.87,0
03/08/2011,1.87,1.87,1.87,1.87,1.87,100
04/08/2011,1.87,1.87,1.87,1.87,1.87,0
05/08/2011,1.87,1.87,1.87,1.87,1.87,0
08/08/2011,1.87,1.87,1.87,1.87,1.87,0
09/08/2011,1.87,1.87,1.87,1.87,1.87,0
10/08/2011,1.55,1.85,1.55,1.55,1.55,3000
11/08/2011,1.55,1.55,1.55,1.55,1.55,0
12/08/2011,1.87,1.87,1.87,1.87,1.87,200
15/08/2011,1.87,1.87,1.87,1.87,1.87,0
16/08/2011,1.87,1.87,1.87,1.87,1.87,0
17/08/2011,1.87,1.87,1.87,1.87,1.87,0
18/08/2011,1.87,1.87,1.87,1.87,1.87,0
19/08/2011,1.87,1.87,1.87,1.87,1.87,0
22/08/2011,1.87,1.87,1.87,1.87,1.87,0
23/08/2011,1.87,1.87,1.87,1.87,1.87,0
24/08/2011,1.87,1.87,1.87,1.87,1.87,0
25/08/2011,1.87,1.87,1.87,1.87,1.87,0
26/08/2011,1.87,1.87,1.87,1.87,1.87,0
29/08/2011,1.87,1.87,1.87,1.87,1.87,100
30/08/2011,1.87,1.87,1.87,1.87,1.87,0
31/08/2011,1.87,1.87,1.87,1.87,1.87,100
01/09/2011,1.87,1.87,1.87,1.87,1.87,0
02/09/2011,1.87,1.87,1.87,1.87,1.87,0
06/09/2011,1.87,1.87,1.87,1.87,1.87,0
07/09/2011,1.87,1.87,1.87,1.87,1.87,0
08/09/2011,1.87,1.87,1.87,1.87,1.87,0
09/09/2011,1.87,1.87,1.87,1.87,1.87,0
12/09/2011,1.87,1.87,1.87,1.87,1.87,0
13/09/2011,1.87,1.87,1.87,1.87,1.87,0
14/09/2011,1.87,1.87,1.87,1.87,1.87,0
15/09/2011,1.87,1.87,1.87,1.87,1.87,0
16/09/2011,1.25,1.6,1.25,1.6,1.6,5000
19/09/2011,1.6,1.6,1.6,1.6,1.6,0
20/09/2011,1.6,1.6,1.6,1.6,1.6,0
21/09/2011,1.6,1.6,1.6,1.6,1.6,0
22/09/2011,1.25,1.25,1.25,1.25,1.25,2500
23/09/2011,0.85,1.2,0.85,1.2,1.2,300
26/09/2011,1.2,1.2,1.2,1.2,1.2,0
27/09/2011,1.2,1.2,1.2,1.2,1.2,0
28/09/2011,1.2,1.2,1.2,1.2,1.2,0
29/09/2011,1.2,1.2,1.2,1.2,1.2,0
30/09/2011,1.8,1.8,1.8,1.8,1.8,1000
03/10/2011,1.8,1.8,1.8,1.8,1.8,0
04/10/2011,1.8,1.8,1.8,1.8,1.8,0
05/10/2011,1.8,1.8,1.8,1.8,1.8,0
06/10/2011,1.8,1.8,1.8,1.8,1.8,0
07/10/2011,1.5,1.5,1.3,1.3,1.3,1000
10/10/2011,1.1,1.1,1.09,1.09,1.09,1600
11/10/2011,1.09,1.09,1.09,1.09,1.09,0
12/10/2011,1.09,1.09,1.09,1.09,1.09,0
13/10/2011,1.09,1.09,1.09,1.09,1.09,200
14/10/2011,1.09,1.09,1.09,1.09,1.09,0
17/10/2011,1.09,1.09,1.09,1.09,1.09,0
18/10/2011,1.09,1.09,1.09,1.09,1.09,0
19/10/2011,0.85,0.85,0.85,0.85,0.85,2000
20/10/2011,0.85,0.85,0.85,0.85,0.85,0
21/10/2011,1.01,1.25,1.01,1.25,1.25,1500
24/10/2011,1.25,1.25,1.25,1.25,1.25,0
25/10/2011,1.25,1.25,1.25,1.25,1.25,0
26/10/2011,1.1,1.1,0.9,0.9,0.9,3000
27/10/2011,0.9,0.9,0.9,0.9,0.9,0
28/10/2011,0.9,0.9,0.9,0.9,0.9,500
31/10/2011,1.1,1.1,1.1,1.1,1.1,500
01/11/2011,1.1,1.1,1.1,1.1,1.1,0
02/11/2011,0.91,1.35,0.91,1.35,1.35,2200
03/11/2011,1.65,1.65,1.65,1.65,1.65,400
04/11/2011,1.01,1.01,0.92,0.92,0.92,8000
07/11/2011,1.01,1.01,1.01,1.01,1.01,500
08/11/2011,1.01,1.01,1.01,1.01,1.01,500
09/11/2011,1.01,1.01,1.01,1.01,1.01,0
10/11/2011,1.01,1.01,0.92,0.92,0.92,10500
11/11/2011,0.92,1.0,0.92,1.0,1.0,2700
14/11/2011,1.0,1.0,1.0,1.0,1.0,2500
15/11/2011,1.0,1.0,1.0,1.0,1.0,0
16/11/2011,1.0,1.0,1.0,1.0,1.0,0
17/11/2011,1.23,1.23,1.23,1.23,1.23,500
18/11/2011,0.92,1.23,0.92,1.23,1.23,900
21/11/2011,1.23,1.23,1.23,1.23,1.23,0
22/11/2011,1.23,1.23,1.23,1.23,1.23,0
23/11/2011,1.23,1.23,1.23,1.23,1.23,500
25/11/2011,1.23,1.23,1.23,1.23,1.23,0
28/11/2011,1.23,1.23,1.23,1.23,1.23,0
29/11/2011,0.92,0.92,0.92,0.92,0.92,300
30/11/2011,1.25,1.25,1.25,1.25,1.25,300
01/12/2011,0.9,0.9,0.9,0.9,0.9,600
02/12/2011,0.9,0.9,0.9,0.9,0.9,400
05/12/2011,0.9,0.9,0.9,0.9,0.9,0
06/12/2011,0.9,0.9,0.9,0.9,0.9,0
07/12/2011,0.9,0.9,0.9,0.9,0.9,0
08/12/2011,0.9,0.9,0.9,0.9,0.9,0
09/12/2011,0.9,0.9,0.9,0.9,0.9,1000
12/12/2011,0.9,0.9,0.85,0.9,0.9,12200
13/12/2011,0.9,0.9,0.9,0.9,0.9,0
14/12/2011,0.9,0.9,0.9,0.9,0.9,0
15/12/2011,0.9,0.9,0.9,0.9,0.9,0
16/12/2011,0.9,0.9,0.9,0.9,0.9,0
19/12/2011,0.7,0.7,0.7,0.7,0.7,1000
20/12/2011,0.7,0.7,0.7,0.7,0.7,0
21/12/2011,0.7,0.7,0.7,0.7,0.7,0
22/12/2011,1.01,1.01,1.01,1.01,1.01,400
23/12/2011,0.92,1.01,0.92,1.01,1.01,1100
27/12/2011,0.7,1.23,0.7,1.23,1.23,2500
28/12/2011,1.23,1.23,1.23,1.23,1.23,0
29/12/2011,1.23,1.23,1.23,1.23,1.23,500
30/12/2011,0.9,0.9,0.9,0.9,0.9,68600
03/01/2012,1.01,1.01,1.01,1.01,1.01,500
04/01/2012,1.01,1.01,1.01,1.01,1.01,0
05/01/2012,1.01,1.01,1.01,1.01,1.01,0
06/01/2012,1.21,1.21,1.21,1.21,1.21,500
09/01/2012,1.21,1.21,1.21,1.21,1.21,0
10/01/2012,1.19,1.21,1.19,1.21,1.21,700
11/01/2012,1.21,1.21,1.21,1.21,1.21,0
12/01/2012,1.31,1.31,1.25,1.31,1.31,700
13/01/2012,1.31,1.31,1.31,1.31,1.31,0
17/01/2012,1.6,1.6,1.6,1.6,1.6,100
18/01/2012,1.6,1.6,1.6,1.6,1.6,0
19/01/2012,1.6,1.6,1.6,1.6,1.6,1300
20/01/2012,1.6,1.6,1.6,1.6,1.6,0
23/01/2012,1.6,1.6,1.6,1.6,1.6,0
24/01/2012,1.6,1.6,1.6,1.6,1.6,300
25/01/2012,1.6,1.6,1.6,1.6,1.6,0
26/01/2012,1.6,1.6,1.6,1.6,1.6,100
27/01/2012,1.6,1.6,1.6,1.6,1.6,0
30/01/2012,1.6,1.6,1.6,1.6,1.6,500
31/01/2012,1.6,1.6,1.6,1.6,1.6,0
01/02/2012,2.0,2.0,2.0,2.0,2.0,500
02/02/2012,2.0,2.0,2.0,2.0,2.0,0
03/02/2012,2.25,2.25,2.25,2.25,2.25,200
06/02/2012,1.6,2.3,1.11,2.0,2.0,8500
07/02/2012,1.6,1.6,1.39,1.39,1.39,4000
08/02/2012,1.39,1.39,1.39,1.39,1.39,0
09/02/2012,2.0,2.0,1.75,1.75,1.75,700
10/02/2012,1.95,1.95,1.95,1.95,1.95,500
13/02/2012,1.95,1.95,1.95,1.95,1.95,0
14/02/2012,1.95,1.95,1.95,1.95,1.95,0
15/02/2012,1.95,1.95,1.95,1.95,1.95,0
16/02/2012,1.95,1.95,1.95,1.95,1.95,0
17/02/2012,1.94,1.94,1.94,1.94,1.94,600
21/02/2012,1.94,1.94,1.94,1.94,1.94,0
22/02/2012,1.5,1.85,1.5,1.85,1.85,1500
23/02/2012,1.85,1.85,1.85,1.85,1.85,0
24/02/2012,1.85,1.85,1.85,1.85,1.85,0
27/02/2012,1.6,1.6,1.51,1.51,1.51,4900
28/02/2012,1.7,2.2,1.7,2.2,2.2,5600
29/02/2012,2.2,2.2,2.2,2.2,2.2,0
01/03/2012,2.2,2.2,2.2,2.2,2.2,0
02/03/2012,2.2,2.2,2.2,2.2,2.2,0
05/03/2012,1.7,1.7,1.7,1.7,1.7,2000
06/03/2012,1.7,1.7,1.7,1.7,1.7,0
07/03/2012,1.7,1.7,1.7,1.7,1.7,0
08/03/2012,1.7,1.7,1.7,1.7,1.7,0
09/03/2012,2.25,2.5,1.71,2.1,2.1,4100
12/03/2012,2.1,2.1,2.1,2.1,2.1,0
13/03/2012,2.1,2.1,2.1,2.1,2.1,100
14/03/2012,2.1,2.1,2.1,2.1,2.1,500
15/03/2012,2.1,2.1,2.1,2.1,2.1,0
16/03/2012,2.1,2.1,2.1,2.1,2.1,0
19/03/2012,2.0,2.0,2.0,2.0,2.0,100
20/03/2012,2.0,2.0,2.0,2.0,2.0,0
21/03/2012,2.0,2.0,2.0,2.0,2.0,0
22/03/2012,2.0,2.0,2.0,2.0,2.0,0
23/03/2012,2.0,2.0,2.0,2.0,2.0,0
26/03/2012,1.8,1.8,1.8,1.8,1.8,200
27/03/2012,1.8,1.8,1.8,1.8,1.8,0
28/03/2012,1.8,1.8,1.8,1.8,1.8,0
29/03/2012,1.8,1.8,1.8,1.8,1.8,0
30/03/2012,1.8,1.8,1.8,1.8,1.8,0
02/04/2012,1.8,1.8,1.8,1.8,1.8,900
03/04/2012,1.8,1.8,1.8,1.8,1.8,0
04/04/2012,1.8,1.8,1.8,1.8,1.8,0
05/04/2012,2.0,2.0,2.0,2.0,2.0,500
09/04/2012,2.0,2.0,2.0,2.0,2.0,0
10/04/2012,2.0,2.0,2.0,2.0,2.0,0
11/04/2012,2.0,2.0,2.0,2.0,2.0,0
12/04/2012,2.0,2.0,2.0,2.0,2.0,0
13/04/2012,2.0,2.0,2.0,2.0,2.0,0
16/04/2012,2.0,2.0,2.0,2.0,2.0,0
17/04/2012,1.8,1.8,1.8,1.8,1.8,500
18/04/2012,1.8,1.8,1.8,1.8,1.8,0
19/04/2012,1.8,1.8,1.8,1.8,1.8,0
20/04/2012,1.8,1.8,1.8,1.8,1.8,0
23/04/2012,1.8,1.8,1.8,1.8,1.8,0
24/04/2012,1.8,1.8,1.8,1.8,1.8,0
25/04/2012,1.7,1.7,1.7,1.7,1.7,1000
26/04/2012,1.7,1.7,1.7,1.7,1.7,0
27/04/2012,1.7,1.7,1.7,1.7,1.7,0
30/04/2012,1.7,1.7,1.7,1.7,1.7,0
01/05/2012,1.7,1.7,1.7,1.7,1.7,0
02/05/2012,1.7,1.7,1.7,1.7,1.7,0
03/05/2012,1.7,1.7,1.7,1.7,1.7,0
04/05/2012,1.7,1.7,1.7,1.7,1.7,0
07/05/2012,1.7,1.7,1.7,1.7,1.7,0
08/05/2012,1.7,1.7,1.7,1.7,1.7,0
09/05/2012,1.7,1.7,1.7,1.7,1.7,0
10/05/2012,1.7,1.7,1.7,1.7,1.7,0
11/05/2012,1.7,1.7,1.7,1.7,1.7,0
14/05/2012,1.7,1.7,1.7,1.7,1.7,0
15/05/2012,1.7,1.7,1.7,1.7,1.7,0
16/05/2012,1.7,1.7,1.7,1.7,1.7,0
17/05/2012,1.7,1.7,1.7,1.7,1.7,1800
18/05/2012,1.7,1.7,1.7,1.7,1.7,0
21/05/2012,1.7,1.7,1.7,1.7,1.7,0
22/05/2012,1.7,1.7,1.7,1.7,1.7,0
23/05/2012,1.7,1.7,1.7,1.7,1.7,0
24/05/2012,1.7,1.7,1.7,1.7,1.7,0
25/05/2012,1.7,1.7,1.7,1.7,1.7,0
29/05/2012,1.7,1.7,1.7,1.7,1.7,0
30/05/2012,1.7,1.7,1.7,1.7,1.7,0
31/05/2012,1.7,1.7,1.7,1.7,1.7,0
01/06/2012,1.7,1.7,1.7,1.7,1.7,0
04/06/2012,1.5,1.5,1.5,1.5,1.5,200
05/06/2012,1.5,1.5,1.5,1.5,1.5,0
06/06/2012,1.5,1.5,1.5,1.5,1.5,0
07/06/2012,1.5,1.5,1.5,1.5,1.5,0
08/06/2012,1.5,1.5,1.5,1.5,1.5,0
11/06/2012,1.5,1.5,1.5,1.5,1.5,0
12/06/2012,1.5,1.5,1.5,1.5,1.5,0
13/06/2012,1.5,1.5,1.5,1.5,1.5,0
14/06/2012,1.5,1.5,1.5,1.5,1.5,0
15/06/2012,1.5,1.5,1.5,1.5,1.5,0
18/06/2012,1.5,1.5,1.5,1.5,1.5,0
19/06/2012,1.5,1.5,1.5,1.5,1.5,0
20/06/2012,1.5,1.5,1.5,1.5,1.5,0
21/06/2012,1.5,1.5,1.5,1.5,1.5,0
22/06/2012,1.5,1.5,1.5,1.5,1.5,0
25/06/2012,1.5,1.5,1.5,1.5,1.5,0
26/06/2012,1.5,1.5,1.5,1.5,1.5,0
27/06/2012,1.5,1.5,1.5,1.5,1.5,0
28/06/2012,1.5,1.5,1.5,1.5,1.5,0
29/06/2012,1.95,1.95,1.95,1.95,1.95,500
02/07/2012,1.95,1.95,1.95,1.95,1.95,0
03/07/2012,1.95,1.95,1.95,1.95,1.95,0
05/07/2012,1.95,1.95,1.95,1.95,1.95,0
06/07/2012,1.95,1.95,1.95,1.95,1.95,0
09/07/2012,1.95,1.95,1.95,1.95,1.95,0
10/07/2012,1.95,1.95,1.95,1.95,1.95,0
11/07/2012,1.95,1.95,1.95,1.95,1.95,0
12/07/2012,1.95,1.95,1.95,1.95,1.95,0
13/07/2012,1.95,1.95,1.95,1.95,1.95,0
16/07/2012,1.95,1.95,1.95,1.95,1.95,0
17/07/2012,1.95,1.95,1.95,1.95,1.95,0
18/07/2012,1.9,1.9,1.85,1.85,1.85,1900
19/07/2012,1.85,1.85,1.85,1.85,1.85,0
20/07/2012,1.85,1.85,1.85,1.85,1.85,0
23/07/2012,1.85,1.85,1.85,1.85,1.85,0
24/07/2012,1.5,1.5,1.5,1.5,1.5,200
25/07/2012,1.18,1.5,1.18,1.5,1.5,600
26/07/2012,1.5,1.5,1.5,1.5,1.5,0
27/07/2012,1.5,1.5,1.5,1.5,1.5,0
30/07/2012,1.25,1.25,1.25,1.25,1.25,100
31/07/2012,1.25,1.25,1.25,1.25,1.25,0
01/08/2012,1.25,1.25,1.25,1.25,1.25,0
02/08/2012,1.25,1.25,1.25,1.25,1.25,0
03/08/2012,1.25,1.25,1.25,1.25,1.25,0
06/08/2012,1.25,1.25,1.25,1.25,1.25,0
07/08/2012,1.25,1.25,1.25,1.25,1.25,0
08/08/2012,1.25,1.25,1.25,1.25,1.25,0
09/08/2012,1.25,1.25,1.25,1.25,1.25,0
10/08/2012,1.25,1.25,1.25,1.25,1.25,800
13/08/2012,1.25,1.25,1.25,1.25,1.25,0
14/08/2012,1.5,1.5,1.5,1.5,1.5,100
15/08/2012,1.5,1.5,1.5,1.5,1.5,0
16/08/2012,1.5,1.5,1.5,1.5,1.5,0
17/08/2012,1.5,1.5,1.5,1.5,1.5,0
20/08/2012,1.5,1.5,1.5,1.5,1.5,0
21/08/2012,1.25,1.25,1.25,1.25,1.25,400
22/08/2012,1.25,1.25,1.25,1.25,1.25,0
23/08/2012,1.25,1.25,1.25,1.25,1.25,500
24/08/2012,1.25,1.25,1.25,1.25,1.25,0
27/08/2012,1.25,1.25,1.25,1.25,1.25,0
28/08/2012,1.25,1.25,1.25,1.25,1.25,0
29/08/2012,1.25,1.25,1.25,1.25,1.25,0
30/08/2012,1.25,1.25,1.25,1.25,1.25,0
31/08/2012,1.25,1.25,1.25,1.25,1.25,0
04/09/2012,1.25,1.25,1.25,1.25,1.25,0
05/09/2012,1.25,1.25,1.25,1.25,1.25,0
06/09/2012,1.25,1.25,1.25,1.25,1.25,0
07/09/2012,1.25,1.25,1.25,1.25,1.25,0
10/09/2012,1.3,1.3,1.3,1.3,1.3,9700
11/09/2012,1.3,1.3,1.3,1.3,1.3,0
12/09/2012,1.3,1.3,1.3,1.3,1.3,0
13/09/2012,1.3,1.3,1.3,1.3,1.3,0
14/09/2012,1.3,1.3,1.3,1.3,1.3,0
17/09/2012,1.3,1.3,1.3,1.3,1.3,0
18/09/2012,1.3,1.3,1.3,1.3,1.3,0
19/09/2012,1.3,1.3,1.3,1.3,1.3,0
20/09/2012,1.3,1.3,1.3,1.3,1.3,0
21/09/2012,1.3,1.3,1.3,1.3,1.3,0
24/09/2012,1.3,1.3,1.3,1.3,1.3,0
25/09/2012,1.3,1.3,1.3,1.3,1.3,0
26/09/2012,1.3,1.3,1.3,1.3,1.3,0
27/09/2012,1.3,1.3,1.3,1.3,1.3,0
28/09/2012,1.3,1.3,1.3,1.3,1.3,0
01/10/2012,1.3,1.3,1.3,1.3,1.3,0
02/10/2012,1.3,1.3,1.3,1.3,1.3,0
03/10/2012,1.3,1.3,1.3,1.3,1.3,0
04/10/2012,1.3,1.3,1.3,1.3,1.3,0
05/10/2012,1.3,1.3,1.3,1.3,1.3,0
08/10/2012,1.3,1.3,1.3,1.3,1.3,0
09/10/2012,1.3,1.3,1.3,1.3,1.3,0
10/10/2012,1.3,1.3,1.3,1.3,1.3,0
11/10/2012,1.4,1.4,1.4,1.4,1.4,100
12/10/2012,1.4,1.4,1.4,1.4,1.4,0
15/10/2012,2.0,2.5,1.6,2.5,2.5,1100
16/10/2012,2.5,2.5,2.5,2.5,2.5,0
17/10/2012,2.05,2.5,1.75,2.5,2.5,2400
18/10/2012,2.5,2.5,2.5,2.5,2.5,0
19/10/2012,2.5,2.5,2.5,2.5,2.5,0
22/10/2012,2.5,2.5,2.5,2.5,2.5,0
23/10/2012,2.5,2.5,2.5,2.5,2.5,0
24/10/2012,2.5,2.5,2.5,2.5,2.5,0
25/10/2012,2.5,2.5,2.5,2.5,2.5,0
26/10/2012,2.5,2.5,2.5,2.5,2.5,0
31/10/2012,2.5,2.5,2.5,2.5,2.5,0
01/11/2012,2.5,2.5,2.5,2.5,2.5,0
02/11/2012,2.5,2.5,2.5,2.5,2.5,0
05/11/2012,2.5,2.5,2.5,2.5,2.5,0
06/11/2012,2.5,2.5,2.5,2.5,2.5,0
07/11/2012,2.5,2.5,2.5,2.5,2.5,0
08/11/2012,2.5,2.5,2.5,2.5,2.5,0
09/11/2012,2.5,2.5,2.5,2.5,2.5,0
12/11/2012,2.5,2.5,2.5,2.5,2.5,0
13/11/2012,2.5,2.5,2.5,2.5,2.5,0
14/11/2012,2.5,2.5,2.5,2.5,2.5,0
15/11/2012,1.75,1.75,1.75,1.75,1.75,600
16/11/2012,1.75,1.75,1.75,1.75,1.75,0
19/11/2012,1.75,1.75,1.75,1.75,1.75,0
20/11/2012,1.75,1.75,1.75,1.75,1.75,0
21/11/2012,1.6,1.75,1.6,1.75,1.75,1600
23/11/2012,1.75,1.75,1.75,1.75,1.75,0
26/11/2012,1.75,1.75,1.75,1.75,1.75,0
27/11/2012,1.75,1.75,1.75,1.75,1.75,100
28/11/2012,1.75,1.75,1.75,1.75,1.75,0
29/11/2012,1.75,1.75,1.75,1.75,1.75,100
30/11/2012,1.75,1.75,1.75,1.75,1.75,0
03/12/2012,1.75,1.75,1.75,1.75,1.75,100
04/12/2012,1.75,1.75,1.75,1.75,1.75,0
05/12/2012,1.75,1.75,1.75,1.75,1.75,400
06/12/2012,1.75,1.75,1.75,1.75,1.75,0
07/12/2012,1.75,1.75,1.75,1.75,1.75,100
10/12/2012,1.75,1.75,1.75,1.75,1.75,0
11/12/2012,1.75,1.75,1.75,1.75,1.75,500
12/12/2012,1.6,1.6,1.4,1.4,1.4,400
13/12/2012,1.75,1.75,1.75,1.75,1.75,100
14/12/2012,1.75,1.75,1.75,1.75,1.75,0
17/12/2012,1.65,1.65,1.1,1.6,1.6,400
18/12/2012,1.6,1.6,1.6,1.6,1.6,0
19/12/2012,1.55,1.55,1.55,1.55,1.55,1100
20/12/2012,1.55,1.55,1.55,1.55,1.55,0
21/12/2012,1.55,1.55,1.55,1.55,1.55,0
24/12/2012,1.55,1.55,1.35,1.35,1.35,5900
26/12/2012,1.75,1.75,1.75,1.75,1.75,100
27/12/2012,1.75,1.75,1.75,1.75,1.75,0
28/12/2012,1.75,1.75,1.75,1.75,1.75,0
31/12/2012,1.17,1.6,1.17,1.6,1.6,1000
02/01/2013,1.6,1.6,1.6,1.6,1.6,0
03/01/2013,1.6,1.6,1.6,1.6,1.6,0
04/01/2013,1.6,1.6,1.6,1.6,1.6,0
07/01/2013,1.6,1.6,1.6,1.6,1.6,0
08/01/2013,1.6,1.6,1.6,1.6,1.6,0
09/01/2013,1.6,1.6,1.6,1.6,1.6,0
10/01/2013,1.6,1.6,1.6,1.6,1.6,0
11/01/2013,1.68,1.68,1.68,1.68,1.68,300
14/01/2013,1.68,1.68,1.68,1.68,1.68,0
15/01/2013,1.68,1.68,1.68,1.68,1.68,0
16/01/2013,1.68,1.68,1.68,1.68,1.68,0
17/01/2013,1.68,1.68,1.68,1.68,1.68,0
18/01/2013,1.68,1.68,1.68,1.68,1.68,0
22/01/2013,1.68,1.68,1.68,1.68,1.68,0
23/01/2013,1.68,1.68,1.68,1.68,1.68,0
24/01/2013,1.7,1.7,1.7,1.7,1.7,200
25/01/2013,1.7,1.7,1.7,1.7,1.7,0
28/01/2013,1.7,1.7,1.7,1.7,1.7,0
29/01/2013,1.7,1.7,1.7,1.7,1.7,0
30/01/2013,1.7,1.7,1.7,1.7,1.7,0
31/01/2013,1.7,1.7,1.7,1.7,1.7,0
01/02/2013,1.7,1.7,1.7,1.7,1.7,0
04/02/2013,1.6,1.6,1.6,1.6,1.6,300
05/02/2013,1.6,1.6,1.6,1.6,1.6,0
06/02/2013,1.6,1.6,1.6,1.6,1.6,0
07/02/2013,1.6,1.6,1.6,1.6,1.6,0
08/02/2013,1.6,1.6,1.6,1.6,1.6,200
11/02/2013,1.6,1.6,1.6,1.6,1.6,0
12/02/2013,1.65,1.65,1.65,1.65,1.65,500
13/02/2013,1.65,1.65,1.65,1.65,1.65,0
14/02/2013,1.65,2.1,1.65,2.1,2.1,12100
15/02/2013,2.1,2.1,2.1,2.1,2.1,0
19/02/2013,2.1,2.1,2.1,2.1,2.1,0
20/02/2013,2.1,2.1,2.1,2.1,2.1,0
21/02/2013,2.1,2.1,2.1,2.1,2.1,0
22/02/2013,2.1,2.1,2.1,2.1,2.1,0
25/02/2013,2.1,2.1,2.1,2.1,2.1,0
26/02/2013,2.1,2.1,2.1,2.1,2.1,0
27/02/2013,2.1,2.1,2.1,2.1,2.1,0
28/02/2013,2.1,2.1,2.1,2.1,2.1,0
01/03/2013,2.1,2.1,2.1,2.1,2.1,100
04/03/2013,2.0,2.1,2.0,2.1,2.1,1900
05/03/2013,2.0,2.0,2.0,2.0,2.0,400
06/03/2013,2.0,2.0,2.0,2.0,2.0,0
07/03/2013,2.0,2.0,2.0,2.0,2.0,0
08/03/2013,2.0,2.0,2.0,2.0,2.0,0
11/03/2013,2.0,2.0,2.0,2.0,2.0,0
12/03/2013,2.0,2.0,2.0,2.0,2.0,0
13/03/2013,2.0,2.0,2.0,2.0,2.0,0
14/03/2013,2.0,2.0,2.0,2.0,2.0,0
15/03/2013,2.0,2.0,2.0,2.0,2.0,0
18/03/2013,2.0,2.0,2.0,2.0,2.0,0
19/03/2013,2.01,2.01,2.01,2.01,2.01,400
20/03/2013,2.01,2.01,2.01,2.01,2.01,0
21/03/2013,2.1,2.1,2.1,2.1,2.1,300
22/03/2013,2.1,2.1,2.1,2.1,2.1,200
25/03/2013,2.1,2.1,2.1,2.1,2.1,0
26/03/2013,2.1,2.1,2.1,2.1,2.1,0
27/03/2013,2.1,2.1,2.1,2.1,2.1,0
28/03/2013,2.1,2.1,2.1,2.1,2.1,0
01/04/2013,2.1,2.1,2.1,2.1,2.1,0
02/04/2013,2.1,2.1,2.1,2.1,2.1,0
03/04/2013,2.1,2.1,2.1,2.1,2.1,0
04/04/2013,2.1,2.1,2.1,2.1,2.1,0
05/04/2013,2.1,2.1,2.1,2.1,2.1,0
08/04/2013,2.1,2.1,2.1,2.1,2.1,0
09/04/2013,2.1,2.1,2.1,2.1,2.1,0
10/04/2013,2.1,2.1,2.0,2.0,2.0,600
11/04/2013,2.0,2.0,2.0,2.0,2.0,0
12/04/2013,2.0,2.0,2.0,2.0,2.0,0
15/04/2013,2.0,2.0,2.0,2.0,2.0,0
16/04/2013,2.0,2.0,2.0,2.0,2.0,2000
17/04/2013,2.0,2.0,2.0,2.0,2.0,0
18/04/2013,2.0,2.0,2.0,2.0,2.0,0
19/04/2013,2.0,2.0,2.0,2.0,2.0,0
22/04/2013,2.0,2.0,2.0,2.0,2.0,0
23/04/2013,2.0,2.0,2.0,2.0,2.0,0
24/04/2013,2.0,2.0,2.0,2.0,2.0,0
25/04/2013,2.0,2.0,2.0,2.0,2.0,0
26/04/2013,2.0,2.0,2.0,2.0,2.0,0
29/04/2013,2.0,2.0,2.0,2.0,2.0,0
30/04/2013,2.0,2.0,2.0,2.0,2.0,0
01/05/2013,2.0,2.0,2.0,2.0,2.0,0
02/05/2013,2.0,2.0,2.0,2.0,2.0,0
03/05/2013,2.0,2.0,2.0,2.0,2.0,0
06/05/2013,2.0,2.0,2.0,2.0,2.0,0
07/05/2013,2.0,2.0,2.0,2.0,2.0,0
08/05/2013,2.0,2.0,2.0,2.0,2.0,0
09/05/2013,2.0,2.0,2.0,2.0,2.0,0
10/05/2013,2.0,2.0,2.0,2.0,2.0,0
13/05/2013,2.1,2.1,2.1,2.1,2.1,200
14/05/2013,2.1,2.1,2.1,2.1,2.1,0
15/05/2013,2.1,2.1,2.1,2.1,2.1,0
16/05/2013,2.1,2.1,2.1,2.1,2.1,0
17/05/2013,2.1,2.1,2.1,2.1,2.1,0
20/05/2013,2.1,2.1,2.1,2.1,2.1,0
21/05/2013,2.0,2.0,1.02,1.02,1.02,1300
22/05/2013,2.0,2.05,1.99,2.05,2.05,3000
23/05/2013,2.05,2.05,2.05,2.05,2.05,0
24/05/2013,2.05,2.05,2.05,2.05,2.05,0
28/05/2013,2.1,2.1,2.1,2.1,2.1,500
29/05/2013,2.1,2.1,2.1,2.1,2.1,0
30/05/2013,2.1,2.1,2.1,2.1,2.1,0
31/05/2013,2.1,2.1,2.1,2.1,2.1,0
03/06/2013,2.1,2.1,2.1,2.1,2.1,0
04/06/2013,2.1,2.1,2.1,2.1,2.1,0
05/06/2013,2.1,2.1,2.1,2.1,2.1,0
06/06/2013,2.1,2.1,2.1,2.1,2.1,0
07/06/2013,1.8,2.09,1.8,2.09,2.09,200
10/06/2013,2.09,2.09,2.09,2.09,2.09,0
11/06/2013,2.09,2.09,2.09,2.09,2.09,0
12/06/2013,2.09,2.09,2.09,2.09,2.09,0
13/06/2013,2.09,2.09,2.09,2.09,2.09,0
14/06/2013,1.8,1.8,1.8,1.8,1.8,200
17/06/2013,2.0,2.0,2.0,2.0,2.0,100
18/06/2013,2.0,2.0,2.0,2.0,2.0,0
19/06/2013,2.0,2.0,2.0,2.0,2.0,0
20/06/2013,2.0,2.0,2.0,2.0,2.0,0
21/06/2013,2.0,2.0,2.0,2.0,2.0,0
24/06/2013,2.0,2.0,2.0,2.0,2.0,0
25/06/2013,2.0,2.0,2.0,2.0,2.0,0
26/06/2013,2.0,2.0,2.0,2.0,2.0,0
27/06/2013,2.0,2.0,2.0,2.0,2.0,0
28/06/2013,2.0,2.0,2.0,2.0,2.0,0
01/07/2013,2.0,2.0,2.0,2.0,2.0,0
02/07/2013,2.0,2.0,2.0,2.0,2.0,0
03/07/2013,2.09,2.1,2.09,2.1,2.1,2400
05/07/2013,2.1,2.1,2.1,2.1,2.1,0
08/07/2013,2.1,2.1,2.1,2.1,2.1,100
09/07/2013,2.1,2.1,2.1,2.1,2.1,0
10/07/2013,1.95,1.95,1.95,1.95,1.95,200
11/07/2013,1.95,1.95,1.95,1.95,1.95,0
12/07/2013,1.95,1.95,1.95,1.95,1.95,0
15/07/2013,1.95,1.95,1.95,1.95,1.95,0
16/07/2013,1.9,1.95,1.1,1.95,1.95,700
17/07/2013,1.95,1.95,1.95,1.95,1.95,0
18/07/2013,1.95,1.95,1.95,1.95,1.95,200
19/07/2013,1.95,1.95,1.95,1.95,1.95,0
22/07/2013,1.95,1.95,1.95,1.95,1.95,0
23/07/2013,1.85,1.85,1.25,1.25,1.25,300
24/07/2013,2.1,2.1,2.1,2.1,2.1,100
25/07/2013,1.75,1.75,1.75,1.75,1.75,100
26/07/2013,1.75,1.75,1.75,1.75,1.75,0
29/07/2013,1.75,1.75,1.75,1.75,1.75,100
30/07/2013,1.75,1.75,1.75,1.75,1.75,0
31/07/2013,1.75,1.75,1.75,1.75,1.75,0
01/08/2013,1.75,1.75,1.75,1.75,1.75,0
02/08/2013,1.75,1.75,1.75,1.75,1.75,800
05/08/2013,1.75,1.75,1.75,1.75,1.75,0
06/08/2013,1.6,1.6,1.6,1.6,1.6,100
07/08/2013,1.5,1.6,1.5,1.6,1.6,2500
08/08/2013,2.09,2.09,2.09,2.09,2.09,200
09/08/2013,2.09,2.09,2.09,2.09,2.09,0
12/08/2013,1.75,1.75,1.75,1.75,1.75,1000
13/08/2013,1.75,1.75,1.75,1.75,1.75,0
14/08/2013,1.65,1.65,1.5,1.5,1.5,200
15/08/2013,1.5,1.5,1.5,1.5,1.5,300
16/08/2013,1.5,1.5,1.5,1.5,1.5,0
19/08/2013,1.5,1.5,1.5,1.5,1.5,100
20/08/2013,1.51,1.51,1.51,1.51,1.51,200
21/08/2013,1.51,1.51,1.51,1.51,1.51,0
22/08/2013,1.51,1.51,1.51,1.51,1.51,0
23/08/2013,1.51,1.51,1.51,1.51,1.51,500
26/08/2013,1.51,1.51,1.51,1.51,1.51,0
27/08/2013,1.51,1.51,1.51,1.51,1.51,0
28/08/2013,1.56,2.09,1.22,2.09,2.09,300
29/08/2013,2.09,2.09,2.09,2.09,2.09,0
30/08/2013,2.09,2.09,2.09,2.09,2.09,100
03/09/2013,2.09,2.09,2.09,2.09,2.09,0
04/09/2013,2.09,2.09,2.09,2.09,2.09,0
05/09/2013,2.09,2.09,2.09,2.09,2.09,0
06/09/2013,2.09,2.09,2.09,2.09,2.09,0
09/09/2013,2.09,2.09,2.09,2.09,2.09,0
10/09/2013,2.09,2.09,2.09,2.09,2.09,0
11/09/2013,2.09,2.09,2.09,2.09,2.09,0
12/09/2013,2.09,2.09,2.09,2.09,2.09,0
13/09/2013,2.09,2.09,2.09,2.09,2.09,0
16/09/2013,2.09,2.09,2.09,2.09,2.09,0
17/09/2013,2.09,2.09,2.09,2.09,2.09,0
18/09/2013,2.09,2.09,2.09,2.09,2.09,0
19/09/2013,2.09,2.09,2.09,2.09,2.09,0
20/09/2013,2.09,2.09,2.09,2.09,2.09,0
23/09/2013,2.09,2.09,2.09,2.09,2.09,0
24/09/2013,2.09,2.09,2.09,2.09,2.09,0
25/09/2013,2.09,2.09,2.09,2.09,2.09,0
26/09/2013,2.09,2.09,2.09,2.09,2.09,0
27/09/2013,2.04,2.04,2.04,2.04,2.04,300
30/09/2013,2.04,2.04,2.04,2.04,2.04,0
01/10/2013,2.04,2.04,2.04,2.04,2.04,200
02/10/2013,2.04,2.04,2.04,2.04,2.04,0
03/10/2013,2.04,2.04,2.04,2.04,2.04,0
04/10/2013,2.04,2.04,2.04,2.04,2.04,0
07/10/2013,2.04,2.04,2.04,2.04,2.04,0
08/10/2013,2.04,2.04,2.04,2.04,2.04,0
09/10/2013,2.04,2.04,2.04,2.04,2.04,100
10/10/2013,2.04,2.04,2.04,2.04,2.04,0
11/10/2013,2.04,2.04,2.04,2.04,2.04,0
14/10/2013,1.75,1.75,1.75,1.75,1.75,100
15/10/2013,1.75,1.75,1.75,1.75,1.75,0
16/10/2013,1.85,1.85,1.85,1.85,1.85,500
17/10/2013,1.85,1.85,1.85,1.85,1.85,0
18/10/2013,1.85,1.85,1.85,1.85,1.85,0
21/10/2013,1.85,1.85,1.85,1.85,1.85,0
22/10/2013,1.85,1.85,1.85,1.85,1.85,0
23/10/2013,1.85,1.85,1.85,1.85,1.85,0
24/10/2013,2.04,2.04,2.04,2.04,2.04,300
25/10/2013,2.04,2.04,2.04,2.04,2.04,0
28/10/2013,2.05,2.05,2.05,2.05,2.05,400
29/10/2013,2.05,2.05,2.05,2.05,2.05,0
30/10/2013,2.05,2.05,2.05,2.05,2.05,0
31/10/2013,2.05,2.05,2.05,2.05,2.05,500
01/11/2013,2.05,2.05,2.05,2.05,2.05,0
04/11/2013,2.05,2.05,2.05,2.05,2.05,100
05/11/2013,2.05,2.05,2.05,2.05,2.05,0
06/11/2013,2.05,2.05,2.05,2.05,2.05,100
07/11/2013,2.05,2.05,2.05,2.05,2.05,0
08/11/2013,2.05,2.05,2.05,2.05,2.05,0
11/11/2013,2.05,2.05,2.05,2.05,2.05,0
12/11/2013,2.05,2.05,2.05,2.05,2.05,0
13/11/2013,2.05,2.05,2.05,2.05,2.05,0
14/11/2013,2.05,2.05,2.05,2.05,2.05,0
15/11/2013,2.05,2.05,1.75,1.75,1.75,500
18/11/2013,2.05,2.05,2.05,2.05,2.05,300
19/11/2013,2.05,2.05,2.05,2.05,2.05,0
20/11/2013,2.05,2.05,2.05,2.05,2.05,300
21/11/2013,2.05,2.05,2.05,2.05,2.05,0
22/11/2013,2.05,2.05,1.75,1.75,1.75,600
25/11/2013,1.75,1.75,1.75,1.75,1.75,0
26/11/2013,1.75,1.75,1.75,1.75,1.75,0
27/11/2013,1.75,1.75,1.75,1.75,1.75,0
29/11/2013,1.75,1.75,1.75,1.75,1.75,0
02/12/2013,1.75,1.75,1.75,1.75,1.75,500
03/12/2013,1.75,1.75,1.75,1.75,1.75,0
04/12/2013,1.75,1.75,1.75,1.75,1.75,0
05/12/2013,1.75,1.75,1.75,1.75,1.75,0
06/12/2013,1.74,1.74,1.74,1.74,1.74,100
09/12/2013,1.74,1.74,1.74,1.74,1.74,0
10/12/2013,1.74,1.74,1.74,1.74,1.74,0
11/12/2013,1.74,1.74,1.74,1.74,1.74,0
12/12/2013,1.59,1.59,1.59,1.59,1.59,800
13/12/2013,1.59,1.59,1.59,1.59,1.59,0
16/12/2013,1.71,1.71,1.5,1.71,1.71,2900
17/12/2013,1.71,1.71,1.71,1.71,1.71,0
18/12/2013,1.25,1.7,1.25,1.7,1.7,4800
19/12/2013,1.7,1.7,1.7,1.7,1.7,0
20/12/2013,1.7,1.7,1.7,1.7,1.7,300
23/12/2013,1.7,1.7,1.7,1.7,1.7,0
24/12/2013,1.68,1.68,1.68,1.68,1.68,200
26/12/2013,1.68,1.68,1.68,1.68,1.68,0
27/12/2013,1.68,1.68,1.68,1.68,1.68,0
30/12/2013,1.68,1.68,1.68,1.68,1.68,0
31/12/2013,1.69,1.69,1.69,1.69,1.69,400
02/01/2014,1.7,1.7,1.7,1.7,1.7,1000
03/01/2014,1.7,1.7,1.7,1.7,1.7,0
06/01/2014,1.7,1.7,1.7,1.7,1.7,0
07/01/2014,1.7,1.7,1.7,1.7,1.7,600
08/01/2014,1.7,1.7,1.7,1.7,1.7,0
09/01/2014,1.7,1.7,1.7,1.7,1.7,0
10/01/2014,1.7,1.7,1.7,1.7,1.7,0
13/01/2014,1.7,1.7,1.7,1.7,1.7,0
14/01/2014,1.71,1.72,1.71,1.72,1.72,200
15/01/2014,1.72,1.72,1.72,1.72,1.72,0
16/01/2014,1.72,1.72,1.72,1.72,1.72,700
17/01/2014,1.72,1.72,1.72,1.72,1.72,0
21/01/2014,1.72,1.72,1.72,1.72,1.72,1000
22/01/2014,1.72,1.72,1.72,1.72,1.72,0
23/01/2014,1.5,1.5,1.5,1.5,1.5,100
24/01/2014,1.5,1.5,1.5,1.5,1.5,0
27/01/2014,1.51,1.51,1.51,1.51,1.51,300
28/01/2014,1.51,1.51,1.51,1.51,1.51,0
29/01/2014,1.51,1.51,1.51,1.51,1.51,0
30/01/2014,1.51,1.51,1.51,1.51,1.51,0
31/01/2014,1.52,1.73,1.52,1.72,1.72,12400
03/02/2014,1.56,1.56,1.55,1.55,1.55,3000
04/02/2014,1.55,1.55,1.55,1.55,1.55,0
05/02/2014,1.55,1.55,1.55,1.55,1.55,0
06/02/2014,1.55,1.55,1.55,1.55,1.55,0
07/02/2014,1.55,1.55,1.55,1.55,1.55,0
10/02/2014,1.7,1.7,1.7,1.7,1.7,500
11/02/2014,1.96,1.96,1.96,1.96,1.96,100
12/02/2014,1.96,1.96,1.96,1.96,1.96,0
13/02/2014,1.96,1.97,1.96,1.97,1.97,200
14/02/2014,2.0,2.62,2.0,2.62,2.62,1500
18/02/2014,2.49,2.49,2.49,2.49,2.49,2600
19/02/2014,2.49,2.49,2.49,2.49,2.49,0
20/02/2014,2.49,2.49,2.49,2.49,2.49,300
21/02/2014,2.49,2.49,2.49,2.49,2.49,100
24/02/2014,2.43,2.43,2.43,2.43,2.43,1000
25/02/2014,2.43,2.43,2.43,2.43,2.43,0
26/02/2014,2.43,2.43,2.43,2.43,2.43,0
27/02/2014,2.43,2.5,2.43,2.5,2.5,400
28/02/2014,2.5,2.5,2.5,2.5,2.5,0
03/03/2014,2.35,2.5,2.35,2.5,2.5,400
04/03/2014,2.5,2.5,2.5,2.5,2.5,300
05/03/2014,2.5,2.5,2.5,2.5,2.5,0
06/03/2014,2.5,2.5,2.5,2.5,2.5,0
07/03/2014,2.5,2.5,2.5,2.5,2.5,1300
10/03/2014,2.5,2.5,2.5,2.5,2.5,0
11/03/2014,2.35,2.35,2.35,2.35,2.35,800
12/03/2014,2.35,2.35,2.35,2.35,2.35,0
13/03/2014,2.35,2.35,2.35,2.35,2.35,0
14/03/2014,2.35,2.35,2.35,2.35,2.35,400
17/03/2014,2.34,2.34,2.34,2.34,2.34,100
18/03/2014,2.34,2.34,2.34,2.34,2.34,0
19/03/2014,2.34,2.34,2.34,2.34,2.34,300
20/03/2014,2.34,2.34,2.34,2.34,2.34,0
21/03/2014,2.34,2.34,2.34,2.34,2.34,0
24/03/2014,2.34,2.34,2.34,2.34,2.34,0
25/03/2014,2.34,2.34,2.34,2.34,2.34,0
26/03/2014,2.34,2.34,2.34,2.34,2.34,0
27/03/2014,2.34,2.34,2.34,2.34,2.34,0
28/03/2014,2.34,2.34,2.34,2.34,2.34,0
31/03/2014,2.34,2.34,2.34,2.34,2.34,0
01/04/2014,2.34,2.34,2.34,2.34,2.34,0
02/04/2014,2.34,2.34,2.34,2.34,2.34,0
03/04/2014,2.34,2.34,2.34,2.34,2.34,0
04/04/2014,2.34,2.34,2.34,2.34,2.34,0
07/04/2014,2.34,2.34,2.34,2.34,2.34,0
08/04/2014,2.34,2.34,2.34,2.34,2.34,0
09/04/2014,2.34,2.34,2.34,2.34,2.34,200
10/04/2014,2.34,2.34,2.34,2.34,2.34,0
11/04/2014,2.34,2.34,2.34,2.34,2.34,0
14/04/2014,2.3,2.3,2.3,2.3,2.3,100
15/04/2014,2.3,2.3,2.3,2.3,2.3,0
16/04/2014,2.3,2.3,2.3,2.3,2.3,0
17/04/2014,2.28,2.28,2.28,2.28,2.28,2000
21/04/2014,2.28,2.28,2.28,2.28,2.28,0
22/04/2014,2.3,2.3,2.3,2.3,2.3,1800
23/04/2014,2.3,2.3,2.3,2.3,2.3,0
24/04/2014,2.3,2.3,2.3,2.3,2.3,0
25/04/2014,2.3,2.3,2.3,2.3,2.3,0
28/04/2014,2.28,2.28,2.28,2.28,2.28,100
29/04/2014,2.28,2.28,2.28,2.28,2.28,0
30/04/2014,2.28,2.28,2.28,2.28,2.28,0
01/05/2014,2.28,2.28,2.28,2.28,2.28,0
02/05/2014,2.28,2.28,2.28,2.28,2.28,0
05/05/2014,2.15,2.15,2.1,2.1,2.1,200
06/05/2014,2.28,2.28,2.28,2.28,2.28,100
07/05/2014,2.28,2.28,2.28,2.28,2.28,0
08/05/2014,2.28,2.3,2.28,2.28,2.28,400
09/05/2014,2.28,2.28,2.28,2.28,2.28,0
12/05/2014,2.28,2.28,2.28,2.28,2.28,0
13/05/2014,2.28,2.28,2.28,2.28,2.28,0
14/05/2014,2.28,2.28,2.28,2.28,2.28,0
15/05/2014,2.01,2.28,1.9,2.28,2.28,8800
16/05/2014,2.28,2.28,2.28,2.28,2.28,0
19/05/2014,2.28,2.28,2.28,2.28,2.28,100
20/05/2014,2.28,2.28,2.28,2.28,2.28,0
21/05/2014,2.28,2.28,2.28,2.28,2.28,1000
22/05/2014,2.28,2.28,2.09,2.09,2.09,1200
23/05/2014,2.09,2.09,2.09,2.09,2.09,0
27/05/2014,2.09,2.09,2.09,2.09,2.09,0
28/05/2014,2.09,2.09,2.09,2.09,2.09,0
29/05/2014,2.0,2.0,2.0,2.0,2.0,1000
30/05/2014,2.0,2.0,2.0,2.0,2.0,0
02/06/2014,1.9,1.9,1.5,1.5,1.5,800
03/06/2014,1.95,1.95,1.95,1.95,1.95,100
04/06/2014,1.95,1.95,1.95,1.95,1.95,0
05/06/2014,1.95,1.95,1.95,1.95,1.95,0
06/06/2014,1.85,1.85,1.55,1.55,1.55,1700
09/06/2014,1.55,1.55,1.55,1.55,1.55,0
10/06/2014,1.8,1.8,1.8,1.8,1.8,400
11/06/2014,1.5,1.5,1.5,1.5,1.5,500
12/06/2014,1.5,1.5,1.5,1.5,1.5,100
13/06/2014,1.5,1.5,1.5,1.5,1.5,0
16/06/2014,1.65,1.65,1.65,1.65,1.65,400
17/06/2014,1.65,1.65,1.65,1.65,1.65,2000
18/06/2014,1.65,1.65,1.65,1.65,1.65,0
19/06/2014,1.65,1.65,1.65,1.65,1.65,0
20/06/2014,1.65,1.65,1.65,1.65,1.65,0
23/06/2014,1.95,1.95,1.95,1.95,1.95,400
24/06/2014,1.95,1.95,1.95,1.95,1.95,0
25/06/2014,1.95,1.95,1.95,1.95,1.95,0
26/06/2014,1.95,1.95,1.95,1.95,1.95,0
27/06/2014,1.95,1.95,1.95,1.95,1.95,0
30/06/2014,1.95,1.95,1.95,1.95,1.95,0
01/07/2014,2.28,2.28,1.7,1.7,1.7,300
02/07/2014,1.7,1.7,1.7,1.7,1.7,0
03/07/2014,1.7,1.7,1.7,1.7,1.7,0
07/07/2014,1.8,1.8,1.8,1.8,1.8,100
08/07/2014,1.8,1.8,1.8,1.8,1.8,0
09/07/2014,1.8,1.8,1.8,1.8,1.8,0
10/07/2014,1.8,1.8,1.8,1.8,1.8,0
11/07/2014,1.8,1.8,1.8,1.8,1.8,200
14/07/2014,1.8,1.8,1.8,1.8,1.8,0
15/07/2014,1.8,1.8,1.8,1.8,1.8,400
16/07/2014,1.8,1.8,1.8,1.8,1.8,0
17/07/2014,1.8,1.8,1.8,1.8,1.8,0
18/07/2014,2.0,2.0,2.0,2.0,2.0,100
21/07/2014,2.0,2.0,2.0,2.0,2.0,0
22/07/2014,2.0,2.0,2.0,2.0,2.0,0
23/07/2014,2.0,2.0,2.0,2.0,2.0,100
24/07/2014,2.0,2.0,2.0,2.0,2.0,0
25/07/2014,2.0,2.0,2.0,2.0,2.0,0
28/07/2014,2.0,2.0,2.0,2.0,2.0,0
29/07/2014,2.0,2.0,2.0,2.0,2.0,0
30/07/2014,2.0,2.0,2.0,2.0,2.0,0
31/07/2014,2.0,2.0,2.0,2.0,2.0,0
01/08/2014,2.0,2.0,2.0,2.0,2.0,0
04/08/2014,1.66,1.66,1.66,1.66,1.66,300
05/08/2014,1.66,1.66,1.66,1.66,1.66,100
06/08/2014,1.66,1.66,1.66,1.66,1.66,0
07/08/2014,1.7,1.7,1.7,1.7,1.7,200
08/08/2014,1.41,1.41,1.41,1.41,1.41,200
11/08/2014,2.0,2.0,2.0,2.0,2.0,200
12/08/2014,2.0,2.0,2.0,2.0,2.0,0
13/08/2014,2.0,2.0,2.0,2.0,2.0,300
14/08/2014,2.0,2.0,2.0,2.0,2.0,0
15/08/2014,2.0,2.0,2.0,2.0,2.0,100
18/08/2014,2.0,2.0,2.0,2.0,2.0,0
19/08/2014,2.0,2.0,2.0,2.0,2.0,0
20/08/2014,2.0,2.0,2.0,2.0,2.0,0
21/08/2014,2.0,2.0,2.0,2.0,2.0,100
22/08/2014,2.0,2.0,2.0,2.0,2.0,0
25/08/2014,2.0,2.0,2.0,2.0,2.0,0
26/08/2014,2.0,2.0,2.0,2.0,2.0,0
27/08/2014,2.0,2.0,2.0,2.0,2.0,0
28/08/2014,2.0,2.0,2.0,2.0,2.0,0
29/08/2014,2.0,2.0,2.0,2.0,2.0,0
02/09/2014,2.0,2.0,2.0,2.0,2.0,0
03/09/2014,2.0,2.0,2.0,2.0,2.0,0
04/09/2014,2.0,2.0,2.0,2.0,2.0,200
05/09/2014,2.0,2.0,2.0,2.0,2.0,0
08/09/2014,2.0,2.0,2.0,2.0,2.0,0
09/09/2014,2.0,2.0,2.0,2.0,2.0,0
10/09/2014,2.0,2.0,2.0,2.0,2.0,0
11/09/2014,2.0,2.0,2.0,2.0,2.0,0
12/09/2014,2.0,2.0,2.0,2.0,2.0,0
15/09/2014,2.0,2.0,2.0,2.0,2.0,0
16/09/2014,2.0,2.0,2.0,2.0,2.0,0
17/09/2014,2.0,2.0,2.0,2.0,2.0,0
18/09/2014,2.11,2.11,2.11,2.11,2.11,200
19/09/2014,2.11,2.11,2.11,2.11,2.11,0
22/09/2014,2.11,2.11,2.11,2.11,2.11,0
23/09/2014,2.11,2.11,2.11,2.11,2.11,0
24/09/2014,2.11,2.11,2.11,2.11,2.11,0
25/09/2014,2.11,2.11,2.11,2.11,2.11,0
26/09/2014,2.11,2.11,2.11,2.11,2.11,0
29/09/2014,2.11,2.11,2.11,2.11,2.11,0
30/09/2014,2.11,2.11,2.11,2.11,2.11,0
01/10/2014,2.11,2.11,2.11,2.11,2.11,0
02/10/2014,2.11,2.11,2.11,2.11,2.11,0
03/10/2014,2.11,2.11,2.11,2.11,2.11,0
06/10/2014,2.11,2.11,2.11,2.11,2.11,0
07/10/2014,2.11,2.11,2.11,2.11,2.11,0
08/10/2014,2.11,2.11,2.11,2.11,2.11,0
09/10/2014,2.11,2.11,2.11,2.11,2.11,0
10/10/2014,1.5,1.5,1.5,1.5,1.5,700
13/10/2014,1.5,1.5,1.5,1.5,1.5,400
14/10/2014,1.5,1.5,1.5,1.5,1.5,0
15/10/2014,1.5,1.5,1.5,1.5,1.5,0
16/10/2014,1.8,1.8,1.8,1.8,1.8,200
17/10/2014,1.8,1.8,1.8,1.8,1.8,0
20/10/2014,1.8,1.8,1.8,1.8,1.8,0
21/10/2014,1.65,1.65,1.65,1.65,1.65,100
22/10/2014,1.75,1.75,1.75,1.75,1.75,1000
23/10/2014,1.75,1.75,1.75,1.75,1.75,200
24/10/2014,1.75,1.75,1.75,1.75,1.75,200
27/10/2014,1.75,1.75,1.75,1.75,1.75,0
28/10/2014,1.75,1.75,1.75,1.75,1.75,0
29/10/2014,1.75,1.75,1.75,1.75,1.75,0
30/10/2014,1.75,1.75,1.75,1.75,1.75,0
31/10/2014,1.7,1.7,1.7,1.7,1.7,1000
03/11/2014,1.7,1.7,1.7,1.7,1.7,0
04/11/2014,1.7,1.7,1.7,1.7,1.7,0
05/11/2014,1.7,1.7,1.7,1.7,1.7,0
06/11/2014,1.7,1.7,1.7,1.7,1.7,0
07/11/2014,1.7,1.7,1.7,1.7,1.7,0
10/11/2014,1.7,1.7,1.7,1.7,1.7,0
11/11/2014,1.7,1.7,1.7,1.7,1.7,0
12/11/2014,1.7,1.7,1.7,1.7,1.7,300
13/11/2014,1.7,1.7,1.7,1.7,1.7,0
14/11/2014,1.7,1.7,1.7,1.7,1.7,0
17/11/2014,1.7,1.7,1.7,1.7,1.7,0
18/11/2014,2.11,2.11,2.11,2.11,2.11,100
19/11/2014,2.11,2.11,2.11,2.11,2.11,0
20/11/2014,2.11,2.11,2.11,2.11,2.11,0
21/11/2014,2.11,2.11,2.11,2.11,2.11,0
24/11/2014,2.11,2.11,2.11,2.11,2.11,0
25/11/2014,2.11,2.11,2.11,2.11,2.11,0
26/11/2014,1.6,1.6,1.6,1.6,1.6,400
28/11/2014,1.6,1.6,1.6,1.6,1.6,600
01/12/2014,1.6,1.6,1.6,1.6,1.6,0
02/12/2014,1.6,1.6,1.6,1.6,1.6,0
03/12/2014,1.6,1.6,1.6,1.6,1.6,0
04/12/2014,1.6,1.6,1.6,1.6,1.6,0
05/12/2014,1.6,1.6,1.6,1.6,1.6,0
08/12/2014,1.6,1.6,1.6,1.6,1.6,0
09/12/2014,1.6,1.6,1.6,1.6,1.6,200
10/12/2014,1.6,1.6,1.6,1.6,1.6,0
11/12/2014,1.6,1.6,1.6,1.6,1.6,0
12/12/2014,1.6,1.6,1.6,1.6,1.6,0
15/12/2014,1.6,1.6,1.6,1.6,1.6,100
16/12/2014,1.6,1.6,1.6,1.6,1.6,0
17/12/2014,1.6,1.6,1.6,1.6,1.6,0
18/12/2014,1.56,1.56,1.56,1.56,1.56,600
19/12/2014,1.56,1.56,1.56,1.56,1.56,0
22/12/2014,1.44,1.45,1.16,1.45,1.45,1000
23/12/2014,1.45,1.45,1.45,1.45,1.45,0
24/12/2014,1.45,1.45,1.45,1.45,1.45,0
26/12/2014,1.45,1.45,1.45,1.45,1.45,200
29/12/2014,1.45,1.45,1.45,1.45,1.45,0
30/12/2014,1.16,1.16,1.16,1.16,1.16,300
31/12/2014,1.4,1.4,1.4,1.4,1.4,200
02/01/2015,1.4,1.4,1.4,1.4,1.4,0
05/01/2015,1.4,1.4,1.4,1.4,1.4,200
06/01/2015,1.4,1.4,1.4,1.4,1.4,0
07/01/2015,1.4,1.4,1.4,1.4,1.4,0
08/01/2015,1.4,1.4,1.4,1.4,1.4,0
09/01/2015,1.4,1.4,1.4,1.4,1.4,0
12/01/2015,1.54,1.61,1.35,1.35,1.35,3500
13/01/2015,1.4,1.55,1.4,1.55,1.55,1300
14/01/2015,1.55,1.55,1.55,1.55,1.55,100
15/01/2015,1.55,1.55,1.55,1.55,1.55,100
16/01/2015,1.55,1.55,1.55,1.55,1.55,300
20/01/2015,1.55,1.55,1.55,1.55,1.55,0
21/01/2015,1.55,1.55,1.55,1.55,1.55,0
22/01/2015,1.55,1.55,1.55,1.55,1.55,0
23/01/2015,1.55,1.55,1.55,1.55,1.55,0
26/01/2015,1.55,1.55,1.55,1.55,1.55,0
27/01/2015,1.55,1.55,1.55,1.55,1.55,0
28/01/2015,1.55,1.55,1.55,1.55,1.55,0
29/01/2015,1.55,1.55,1.55,1.55,1.55,0
30/01/2015,1.55,1.55,1.55,1.55,1.55,0
02/02/2015,1.55,1.55,1.55,1.55,1.55,0
03/02/2015,1.64,1.65,1.64,1.65,1.65,1000
04/02/2015,1.65,1.65,1.65,1.65,1.65,0
05/02/2015,1.65,1.65,1.65,1.65,1.65,0
06/02/2015,1.65,1.65,1.65,1.65,1.65,500
09/02/2015,1.65,1.65,1.65,1.65,1.65,0
10/02/2015,1.76,1.76,1.76,1.76,1.76,400
11/02/2015,1.76,1.76,1.76,1.76,1.76,0
12/02/2015,1.76,1.76,1.76,1.76,1.76,200
13/02/2015,1.55,1.55,1.46,1.46,1.46,300
17/02/2015,1.46,1.46,1.46,1.46,1.46,0
18/02/2015,1.46,1.46,1.46,1.46,1.46,0
19/02/2015,1.37,1.37,1.35,1.37,1.37,2900
20/02/2015,1.33,1.33,1.33,1.33,1.33,1000
23/02/2015,1.33,1.33,1.33,1.33,1.33,0
24/02/2015,1.35,1.35,1.35,1.35,1.35,300
25/02/2015,1.35,1.45,1.35,1.45,1.45,1000
26/02/2015,1.25,1.25,1.22,1.22,1.22,800
27/02/2015,1.25,1.35,1.25,1.35,1.35,3700
02/03/2015,1.3,1.35,1.3,1.35,1.35,2000
03/03/2015,1.35,1.35,1.35,1.35,1.35,0
04/03/2015,1.35,1.35,1.35,1.35,1.35,0
05/03/2015,1.35,1.35,1.35,1.35,1.35,0
06/03/2015,1.35,1.35,1.35,1.35,1.35,0
09/03/2015,1.35,1.96,1.35,1.96,1.96,1800
10/03/2015,1.96,1.96,1.96,1.96,1.96,0
11/03/2015,1.96,1.96,1.96,1.96,1.96,300
12/03/2015,1.96,1.96,1.96,1.96,1.96,0
13/03/2015,1.96,1.96,1.96,1.96,1.96,0
16/03/2015,1.96,1.96,1.96,1.96,1.96,0
17/03/2015,1.75,1.75,1.75,1.75,1.75,1200
18/03/2015,1.75,1.75,1.75,1.75,1.75,0
19/03/2015,1.75,1.75,1.75,1.75,1.75,0
20/03/2015,1.75,1.75,1.75,1.75,1.75,0
23/03/2015,1.75,1.75,1.75,1.75,1.75,0
24/03/2015,1.75,1.75,1.75,1.75,1.75,0
25/03/2015,1.75,1.75,1.75,1.75,1.75,0
26/03/2015,1.75,1.75,1.75,1.75,1.75,0
27/03/2015,1.75,1.75,1.75,1.75,1.75,0
30/03/2015,1.75,1.75,1.75,1.75,1.75,0
31/03/2015,1.75,1.75,1.75,1.75,1.75,0
01/04/2015,1.75,1.75,1.75,1.75,1.75,0
02/04/2015,1.75,1.75,1.75,1.75,1.75,0
06/04/2015,1.75,1.75,1.75,1.75,1.75,0
07/04/2015,1.75,1.75,1.75,1.75,1.75,0
08/04/2015,1.75,1.75,1.75,1.75,1.75,0
09/04/2015,1.75,1.75,1.75,1.75,1.75,0
10/04/2015,1.75,1.75,1.75,1.75,1.75,500
13/04/2015,1.75,1.75,1.75,1.75,1.75,0
14/04/2015,1.75,1.75,1.75,1.75,1.75,0
15/04/2015,1.75,1.75,1.75,1.75,1.75,0
16/04/2015,1.89,1.89,1.89,1.89,1.89,200
17/04/2015,1.89,1.89,1.89,1.89,1.89,0
20/04/2015,1.89,1.89,1.89,1.89,1.89,0
21/04/2015,1.89,1.89,1.89,1.89,1.89,0
22/04/2015,1.89,1.89,1.89,1.89,1.89,0
23/04/2015,1.89,1.89,1.89,1.89,1.89,0
24/04/2015,1.89,1.89,1.89,1.89,1.89,0
27/04/2015,1.89,1.89,1.89,1.89,1.89,0
28/04/2015,1.88,1.88,1.88,1.88,1.88,100
29/04/2015,1.88,1.88,1.88,1.88,1.88,0
30/04/2015,1.88,1.88,1.88,1.88,1.88,0
01/05/2015,1.88,1.88,1.88,1.88,1.88,0
04/05/2015,1.88,1.88,1.88,1.88,1.88,0
05/05/2015,1.88,1.88,1.88,1.88,1.88,0
06/05/2015,1.88,1.88,1.88,1.88,1.88,0
07/05/2015,1.88,1.88,1.88,1.88,1.88,0
08/05/2015,1.87,1.87,1.87,1.87,1.87,300
11/05/2015,1.87,1.87,1.87,1.87,1.87,0
12/05/2015,1.87,1.87,1.87,1.87,1.87,200
13/05/2015,1.8,1.8,1.8,1.8,1.8,100
14/05/2015,1.8,1.8,1.8,1.8,1.8,0
15/05/2015,1.75,1.75,1.75,1.75,1.75,9300
18/05/2015,1.75,1.75,1.75,1.75,1.75,1400
19/05/2015,1.75,1.75,1.75,1.75,1.75,0
20/05/2015,1.75,1.75,1.75,1.75,1.75,0
21/05/2015,1.75,1.75,1.75,1.75,1.75,0
22/05/2015,1.75,1.75,1.75,1.75,1.75,0
26/05/2015,1.75,1.75,1.75,1.75,1.75,0
27/05/2015,1.75,1.75,1.75,1.75,1.75,0
28/05/2015,1.75,1.75,1.75,1.75,1.75,0
29/05/2015,1.75,1.75,1.75,1.75,1.75,0
01/06/2015,1.75,1.75,1.75,1.75,1.75,0
02/06/2015,1.75,1.75,1.75,1.75,1.75,0
03/06/2015,1.75,1.75,1.75,1.75,1.75,0
04/06/2015,1.75,1.75,1.75,1.75,1.75,0
05/06/2015,1.75,1.75,1.75,1.75,1.75,0
08/06/2015,1.75,1.75,1.75,1.75,1.75,0
09/06/2015,1.75,1.75,1.75,1.75,1.75,0
10/06/2015,1.75,1.75,1.75,1.75,1.75,0
11/06/2015,1.6,1.6,1.6,1.6,1.6,300
12/06/2015,1.6,1.6,1.6,1.6,1.6,0
15/06/2015,1.6,1.6,1.6,1.6,1.6,0
16/06/2015,1.6,1.6,1.6,1.6,1.6,0
17/06/2015,1.6,1.6,1.6,1.6,1.6,0
18/06/2015,1.6,1.6,1.6,1.6,1.6,0
19/06/2015,1.6,1.6,1.6,1.6,1.6,0
22/06/2015,1.6,1.6,1.6,1.6,1.6,0
23/06/2015,1.6,1.6,1.6,1.6,1.6,0
24/06/2015,1.6,1.6,1.6,1.6,1.6,0
25/06/2015,1.6,1.6,1.6,1.6,1.6,0
26/06/2015,1.6,1.6,1.6,1.6,1.6,0
29/06/2015,1.59,1.6,1.59,1.6,1.6,1000
30/06/2015,1.6,1.6,1.6,1.6,1.6,0
01/07/2015,1.6,1.6,1.6,1.6,1.6,0
02/07/2015,1.6,1.6,1.6,1.6,1.6,500
06/07/2015,1.6,1.6,1.6,1.6,1.6,0
07/07/2015,1.6,1.6,1.6,1.6,1.6,0
08/07/2015,1.35,1.35,1.35,1.35,1.35,500
09/07/2015,1.35,1.35,1.35,1.35,1.35,0
10/07/2015,1.35,1.35,1.35,1.35,1.35,0
13/07/2015,1.35,1.35,1.35,1.35,1.35,0
14/07/2015,1.35,1.35,1.35,1.35,1.35,0
15/07/2015,1.35,1.35,1.35,1.35,1.35,0
16/07/2015,1.35,1.35,1.35,1.35,1.35,0
17/07/2015,1.35,1.35,1.35,1.35,1.35,0
20/07/2015,1.35,1.35,1.35,1.35,1.35,0
21/07/2015,1.35,1.35,1.35,1.35,1.35,0
22/07/2015,1.35,1.35,1.35,1.35,1.35,0
23/07/2015,1.35,1.35,1.35,1.35,1.35,0
24/07/2015,1.35,1.35,1.35,1.35,1.35,0
27/07/2015,1.35,1.35,1.35,1.35,1.35,0
28/07/2015,1.35,1.35,1.35,1.35,1.35,200
29/07/2015,1.35,1.35,1.35,1.35,1.35,0
30/07/2015,1.35,1.35,1.35,1.35,1.35,0
31/07/2015,1.35,1.35,1.35,1.35,1.35,0
03/08/2015,1.35,1.35,1.35,1.35,1.35,0
04/08/2015,1.35,1.35,1.35,1.35,1.35,0
05/08/2015,1.35,1.35,1.35,1.35,1.35,0
06/08/2015,1.35,1.35,1.35,1.35,1.35,0
07/08/2015,1.35,1.35,1.35,1.35,1.35,0
10/08/2015,1.35,1.35,1.35,1.35,1.35,0
11/08/2015,1.35,1.35,1.35,1.35,1.35,0
12/08/2015,1.35,1.35,1.35,1.35,1.35,0
13/08/2015,1.35,1.35,1.35,1.35,1.35,0
14/08/2015,1.35,1.35,1.35,1.35,1.35,0
17/08/2015,1.35,1.35,1.35,1.35,1.35,0
18/08/2015,1.35,1.35,1.35,1.35,1.35,0
19/08/2015,1.25,1.3,1.0,1.25,1.25,400
20/08/2015,1.25,1.25,1.25,1.25,1.25,0
21/08/2015,1.25,1.25,1.25,1.25,1.25,0
24/08/2015,1.25,1.25,1.25,1.25,1.25,0
25/08/2015,1.25,1.25,1.25,1.25,1.25,0
26/08/2015,1.25,1.25,1.25,1.25,1.25,0
27/08/2015,1.25,1.25,1.25,1.25,1.25,0
28/08/2015,1.25,1.25,1.25,1.25,1.25,0
31/08/2015,1.25,1.25,1.25,1.25,1.25,0
01/09/2015,1.25,1.25,1.25,1.25,1.25,0
02/09/2015,1.25,1.25,1.25,1.25,1.25,0
03/09/2015,1.25,1.25,1.25,1.25,1.25,0
04/09/2015,1.25,1.25,1.25,1.25,1.25,0
08/09/2015,1.25,1.25,1.25,1.25,1.25,0
09/09/2015,1.0,1.2,1.0,1.2,1.2,500
10/09/2015,1.0,1.29,1.0,1.25,1.25,3300
11/09/2015,1.25,1.25,1.25,1.25,1.25,0
14/09/2015,1.25,1.25,1.25,1.25,1.25,0
15/09/2015,1.0,1.0,0.75,0.75,0.75,300
16/09/2015,1.25,1.25,1.25,1.25,1.25,100
17/09/2015,0.76,0.76,0.76,0.76,0.76,1800
18/09/2015,1.0,1.0,1.0,1.0,1.0,300
21/09/2015,1.0,1.0,1.0,1.0,1.0,0
22/09/2015,1.0,1.0,1.0,1.0,1.0,0
23/09/2015,1.0,1.0,1.0,1.0,1.0,0
24/09/2015,1.0,1.0,0.9,0.9,0.9,1300
25/09/2015,0.9,0.9,0.9,0.9,0.9,0
28/09/2015,0.9,0.9,0.9,0.9,0.9,0
29/09/2015,0.9,0.9,0.9,0.9,0.9,0
30/09/2015,1.0,1.0,1.0,1.0,1.0,200
01/10/2015,1.0,1.0,1.0,1.0,1.0,0
02/10/2015,1.0,1.0,1.0,1.0,1.0,0
05/10/2015,1.0,1.0,1.0,1.0,1.0,0
06/10/2015,1.0,1.0,1.0,1.0,1.0,0
07/10/2015,1.0,1.0,1.0,1.0,1.0,0
08/10/2015,1.0,1.0,1.0,1.0,1.0,0
09/10/2015,1.0,1.0,1.0,1.0,1.0,0
12/10/2015,1.0,1.0,1.0,1.0,1.0,0
13/10/2015,1.0,1.0,1.0,1.0,1.0,0
14/10/2015,1.0,1.0,1.0,1.0,1.0,0
15/10/2015,1.0,1.0,1.0,1.0,1.0,0
16/10/2015,1.0,1.0,1.0,1.0,1.0,0
19/10/2015,1.0,1.0,1.0,1.0,1.0,0
20/10/2015,1.0,1.0,1.0,1.0,1.0,0
21/10/2015,1.0,1.0,1.0,1.0,1.0,0
22/10/2015,1.0,1.0,1.0,1.0,1.0,0
23/10/2015,1.0,1.0,1.0,1.0,1.0,0
26/10/2015,1.0,1.0,1.0,1.0,1.0,0
27/10/2015,1.0,1.0,1.0,1.0,1.0,0
28/10/2015,1.0,1.0,1.0,1.0,1.0,0
29/10/2015,1.0,1.0,1.0,1.0,1.0,0
30/10/2015,1.0,1.0,1.0,1.0,1.0,0
02/11/2015,1.0,1.0,1.0,1.0,1.0,0
03/11/2015,1.0,1.0,1.0,1.0,1.0,0
04/11/2015,1.0,1.0,1.0,1.0,1.0,0
05/11/2015,1.0,1.0,1.0,1.0,1.0,0
06/11/2015,1.0,1.0,1.0,1.0,1.0,0
09/11/2015,1.0,1.0,1.0,1.0,1.0,0
10/11/2015,1.25,1.25,1.25,1.25,1.25,100
11/11/2015,1.25,1.25,1.25,1.25,1.25,0
12/11/2015,1.25,1.25,1.25,1.25,1.25,500
13/11/2015,1.25,1.25,1.25,1.25,1.25,0
16/11/2015,1.25,1.25,1.25,1.25,1.25,200
17/11/2015,1.25,1.25,1.25,1.25,1.25,0
18/11/2015,1.0,1.0,1.0,1.0,1.0,500
19/11/2015,1.0,1.0,1.0,1.0,1.0,0
20/11/2015,1.25,1.35,0.85,1.35,1.35,3600
23/11/2015,1.35,1.35,1.35,1.35,1.35,0
24/11/2015,0.75,0.75,0.75,0.75,0.75,200
25/11/2015,1.35,1.35,1.35,1.35,1.35,600
27/11/2015,1.35,1.35,1.35,1.35,1.35,0
30/11/2015,1.35,1.35,1.35,1.35,1.35,0
01/12/2015,1.35,1.35,1.35,1.35,1.35,0
02/12/2015,1.35,1.35,1.35,1.35,1.35,0
03/12/2015,1.15,1.15,1.15,1.15,1.15,1100
04/12/2015,1.15,1.15,1.15,1.15,1.15,0
07/12/2015,1.15,1.15,1.15,1.15,1.15,0
08/12/2015,1.15,1.15,1.15,1.15,1.15,0
09/12/2015,1.15,1.15,1.15,1.15,1.15,1000
10/12/2015,1.15,1.15,1.15,1.15,1.15,0
11/12/2015,1.15,1.25,1.15,1.25,1.25,3000
14/12/2015,1.25,1.25,1.25,1.25,1.25,0
15/12/2015,1.25,1.25,1.25,1.25,1.25,0
16/12/2015,1.2,1.2,1.2,1.2,1.2,1500
17/12/2015,1.0,1.25,0.76,1.25,1.25,13300
18/12/2015,1.25,1.25,1.2,1.25,1.25,8500
21/12/2015,1.0,1.2,1.0,1.2,1.2,800
22/12/2015,1.2,1.2,1.2,1.2,1.2,0
23/12/2015,1.2,1.2,1.2,1.2,1.2,0
24/12/2015,1.2,1.2,1.2,1.2,1.2,0
28/12/2015,1.2,1.2,1.2,1.2,1.2,0
29/12/2015,1.2,1.2,1.2,1.2,1.2,0
30/12/2015,1.2,1.2,1.2,1.2,1.2,0
31/12/2015,1.2,1.2,1.2,1.2,1.2,0
04/01/2016,1.2,1.2,1.2,1.2,1.2,0
05/01/2016,1.2,1.2,1.2,1.2,1.2,0
06/01/2016,1.2,1.2,1.2,1.2,1.2,0
07/01/2016,1.2,1.2,1.2,1.2,1.2,0
08/01/2016,1.2,1.2,1.2,1.2,1.2,0
11/01/2016,1.2,1.2,1.2,1.2,1.2,0
12/01/2016,1.2,1.2,1.2,1.2,1.2,0
13/01/2016,1.2,1.2,1.2,1.2,1.2,0
14/01/2016,1.15,1.15,1.0,1.0,1.0,300
15/01/2016,1.25,1.25,1.25,1.25,1.25,100
19/01/2016,1.25,1.25,1.25,1.25,1.25,0
20/01/2016,1.25,1.25,1.25,1.25,1.25,200
21/01/2016,1.25,1.25,1.25,1.25,1.25,0
22/01/2016,1.25,1.25,1.25,1.25,1.25,0
25/01/2016,1.25,1.25,1.25,1.25,1.25,0
26/01/2016,1.25,1.25,1.25,1.25,1.25,0
27/01/2016,1.25,1.25,1.25,1.25,1.25,0
28/01/2016,1.25,1.25,1.25,1.25,1.25,0
29/01/2016,1.25,1.25,1.25,1.25,1.25,0
01/02/2016,1.25,1.35,1.25,1.35,1.35,600
02/02/2016,1.35,1.35,1.35,1.35,1.35,0
03/02/2016,1.01,1.01,1.01,1.01,1.01,200
04/02/2016,1.01,1.01,1.01,1.01,1.01,0
05/02/2016,1.01,1.01,1.01,1.01,1.01,0
08/02/2016,1.01,1.01,1.01,1.01,1.01,0
09/02/2016,1.2,1.2,1.2,1.2,1.2,2700
10/02/2016,1.2,1.2,1.2,1.2,1.2,4500
11/02/2016,1.33,1.33,1.33,1.33,1.33,1500
12/02/2016,1.42,1.42,1.42,1.42,1.42,1900
16/02/2016,1.42,1.42,1.42,1.42,1.42,2400
17/02/2016,1.36,1.36,1.36,1.36,1.36,100
18/02/2016,1.36,1.36,1.36,1.36,1.36,0
19/02/2016,1.36,1.36,1.36,1.36,1.36,0
22/02/2016,1.42,1.42,1.42,1.42,1.42,400
23/02/2016,1.42,1.42,1.42,1.42,1.42,0
24/02/2016,1.42,1.42,1.42,1.42,1.42,0
25/02/2016,1.42,1.42,1.42,1.42,1.42,0
26/02/2016,1.42,1.42,1.42,1.42,1.42,0
29/02/2016,1.42,1.42,1.42,1.42,1.42,0
01/03/2016,1.42,1.42,1.42,1.42,1.42,0
02/03/2016,1.42,1.42,1.42,1.42,1.42,0
03/03/2016,1.96,1.96,1.96,1.96,1.96,200
04/03/2016,1.96,1.96,1.96,1.96,1.96,0
07/03/2016,1.96,1.96,1.96,1.96,1.96,0
08/03/2016,1.96,1.96,1.96,1.96,1.96,0
09/03/2016,1.96,1.96,1.96,1.96,1.96,0
10/03/2016,1.96,1.96,1.96,1.96,1.96,0
11/03/2016,1.96,1.96,1.96,1.96,1.96,0
14/03/2016,1.96,1.96,1.96,1.96,1.96,0
15/03/2016,1.96,1.96,1.96,1.96,1.96,0
16/03/2016,1.96,1.96,1.96,1.96,1.96,0
17/03/2016,1.96,1.96,1.96,1.96,1.96,0
18/03/2016,1.96,1.96,1.96,1.96,1.96,0
21/03/2016,1.96,1.96,1.96,1.96,1.96,0
22/03/2016,1.96,1.96,1.96,1.96,1.96,0
23/03/2016,1.96,1.96,1.96,1.96,1.96,0
24/03/2016,1.96,1.96,1.96,1.96,1.96,0
28/03/2016,1.96,1.96,1.96,1.96,1.96,0
29/03/2016,1.55,1.55,1.55,1.55,1.55,200
30/03/2016,1.55,1.55,1.55,1.55,1.55,0
31/03/2016,1.45,1.45,1.45,1.45,1.45,200
01/04/2016,1.45,1.45,1.45,1.45,1.45,0
04/04/2016,1.45,1.45,1.45,1.45,1.45,0
05/04/2016,1.65,1.96,1.65,1.96,1.96,2600
06/04/2016,1.96,1.96,1.96,1.96,1.96,0
07/04/2016,1.96,1.96,1.96,1.96,1.96,0
08/04/2016,1.96,1.96,1.96,1.96,1.96,0
11/04/2016,1.96,1.96,1.96,1.96,1.96,0
12/04/2016,1.96,1.96,1.96,1.96,1.96,0
13/04/2016,1.96,1.96,1.96,1.96,1.96,0
14/04/2016,1.96,1.96,1.96,1.96,1.96,0
15/04/2016,1.96,1.96,1.96,1.96,1.96,0
18/04/2016,1.96,1.96,1.96,1.96,1.96,0
19/04/2016,1.62,1.62,1.62,1.62,1.62,1000
20/04/2016,1.62,1.62,1.62,1.62,1.62,0
21/04/2016,1.62,1.62,1.62,1.62,1.62,0
22/04/2016,1.62,1.62,1.62,1.62,1.62,0
25/04/2016,1.62,1.62,1.62,1.62,1.62,0
26/04/2016,1.62,1.62,1.62,1.62,1.62,0
27/04/2016,1.62,1.62,1.62,1.62,1.62,0
28/04/2016,1.62,1.62,1.62,1.62,1.62,0
29/04/2016,1.62,1.62,1.62,1.62,1.62,0
02/05/2016,1.62,1.62,1.62,1.62,1.62,0
03/05/2016,1.62,1.62,1.62,1.62,1.62,0
04/05/2016,1.62,1.62,1.62,1.62,1.62,0
05/05/2016,1.62,1.62,1.62,1.62,1.62,0
06/05/2016,1.62,1.62,1.62,1.62,1.62,0
09/05/2016,1.62,1.62,1.62,1.62,1.62,0
10/05/2016,1.62,1.62,1.62,1.62,1.62,0
11/05/2016,1.62,1.62,1.62,1.62,1.62,0
12/05/2016,1.62,1.62,1.62,1.62,1.62,0
13/05/2016,1.62,1.62,1.62,1.62,1.62,0
16/05/2016,1.65,1.65,1.65,1.65,1.65,500
17/05/2016,1.65,1.65,1.65,1.65,1.65,0
18/05/2016,1.65,1.65,1.65,1.65,1.65,0
19/05/2016,1.65,1.65,1.65,1.65,1.65,0
20/05/2016,1.65,1.65,1.65,1.65,1.65,0
23/05/2016,1.8,1.8,1.7,1.7,1.7,1100
24/05/2016,1.7,1.7,1.7,1.7,1.7,0
25/05/2016,1.7,1.7,1.7,1.7,1.7,0
26/05/2016,2.0,2.0,2.0,2.0,2.0,100
27/05/2016,2.0,2.0,2.0,2.0,2.0,0
31/05/2016,2.0,2.0,2.0,2.0,2.0,0
01/06/2016,2.0,2.0,2.0,2.0,2.0,900
02/06/2016,2.0,2.0,2.0,2.0,2.0,0
03/06/2016,2.35,2.35,2.35,2.35,2.35,300
06/06/2016,2.35,2.35,2.35,2.35,2.35,0
07/06/2016,2.35,2.35,2.35,2.35,2.35,0
08/06/2016,1.75,1.75,1.4,1.4,1.4,20900
09/06/2016,1.75,1.75,1.75,1.75,1.75,100
10/06/2016,1.75,1.75,1.75,1.75,1.75,0
13/06/2016,1.75,1.75,1.75,1.75,1.75,0
14/06/2016,1.5,1.5,1.5,1.5,1.5,100
15/06/2016,1.5,1.5,1.5,1.5,1.5,0
16/06/2016,1.4,1.4,1.4,1.4,1.4,100
17/06/2016,1.5,1.55,1.5,1.55,1.55,3000
20/06/2016,1.55,1.55,1.55,1.55,1.55,0
21/06/2016,1.55,1.55,1.55,1.55,1.55,0
22/06/2016,1.55,1.55,1.55,1.55,1.55,0
23/06/2016,1.55,1.55,1.55,1.55,1.55,0
24/06/2016,1.55,1.55,1.55,1.55,1.55,0
27/06/2016,1.55,1.55,1.55,1.55,1.55,0
28/06/2016,1.55,1.55,1.55,1.55,1.55,0
29/06/2016,1.55,1.55,1.55,1.55,1.55,0
30/06/2016,1.55,1.55,1.55,1.55,1.55,3000
01/07/2016,1.55,1.55,1.55,1.55,1.55,0
05/07/2016,1.4,1.4,1.4,1.4,1.4,100
06/07/2016,1.4,1.4,1.4,1.4,1.4,0
07/07/2016,1.65,1.9,1.6,1.9,1.9,4200
08/07/2016,1.81,2.0,1.8,1.85,1.85,1900
11/07/2016,1.8,1.8,1.8,1.8,1.8,2200
12/07/2016,1.8,1.8,1.8,1.8,1.8,1300
13/07/2016,2.0,2.0,2.0,2.0,2.0,100
14/07/2016,2.0,2.0,2.0,2.0,2.0,0
15/07/2016,2.0,2.0,2.0,2.0,2.0,0
18/07/2016,2.0,2.0,2.0,2.0,2.0,0
19/07/2016,2.0,2.0,2.0,2.0,2.0,0
20/07/2016,2.0,2.0,2.0,2.0,2.0,0
21/07/2016,2.0,2.0,2.0,2.0,2.0,0
22/07/2016,2.0,2.0,2.0,2.0,2.0,0
25/07/2016,2.0,2.0,2.0,2.0,2.0,0
26/07/2016,2.0,2.0,2.0,2.0,2.0,2000
27/07/2016,2.0,2.0,2.0,2.0,2.0,0
28/07/2016,2.0,2.0,2.0,2.0,2.0,0
29/07/2016,1.8,1.8,1.8,1.8,1.8,300
01/08/2016,1.8,1.8,1.8,1.8,1.8,0
02/08/2016,1.8,1.8,1.8,1.8,1.8,0
03/08/2016,1.8,1.8,1.8,1.8,1.8,0
04/08/2016,1.8,1.8,1.8,1.8,1.8,0
05/08/2016,1.8,1.8,1.8,1.8,1.8,0
08/08/2016,1.8,1.8,1.8,1.8,1.8,0
09/08/2016,1.8,1.8,1.8,1.8,1.8,0
10/08/2016,1.8,1.8,1.8,1.8,1.8,0
11/08/2016,1.8,1.8,1.8,1.8,1.8,0
12/08/2016,1.8,1.8,1.8,1.8,1.8,0
15/08/2016,1.8,1.8,1.8,1.8,1.8,6200
16/08/2016,1.8,1.8,1.8,1.8,1.8,0
17/08/2016,1.8,1.8,1.8,1.8,1.8,0
18/08/2016,1.8,1.8,1.8,1.8,1.8,0
19/08/2016,1.8,1.8,1.8,1.8,1.8,0
22/08/2016,1.8,1.8,1.8,1.8,1.8,0
23/08/2016,1.8,1.8,1.8,1.8,1.8,0
24/08/2016,1.8,1.8,1.8,1.8,1.8,0
25/08/2016,1.8,1.8,1.8,1.8,1.8,0
26/08/2016,1.8,1.8,1.8,1.8,1.8,0
29/08/2016,1.8,1.8,1.8,1.8,1.8,0
30/08/2016,1.8,1.8,1.8,1.8,1.8,300
31/08/2016,1.8,1.8,1.8,1.8,1.8,0
01/09/2016,1.8,1.8,1.8,1.8,1.8,0
02/09/2016,1.8,1.8,1.8,1.8,1.8,0
06/09/2016,1.8,1.8,1.8,1.8,1.8,200
07/09/2016,1.8,1.8,1.8,1.8,1.8,0
08/09/2016,1.8,1.8,1.8,1.8,1.8,0
09/09/2016,1.8,1.8,1.8,1.8,1.8,0
12/09/2016,1.8,1.8,1.8,1.8,1.8,0
13/09/2016,1.8,1.8,1.8,1.8,1.8,0
14/09/2016,1.8,1.8,1.8,1.8,1.8,0
15/09/2016,1.8,1.8,1.8,1.8,1.8,0
16/09/2016,1.8,1.8,1.8,1.8,1.8,0
19/09/2016,1.8,1.8,1.8,1.8,1.8,0
20/09/2016,1.8,1.8,1.8,1.8,1.8,0
21/09/2016,1.8,1.8,1.8,1.8,1.8,0
22/09/2016,1.8,1.8,1.8,1.8,1.8,0
23/09/2016,1.8,1.8,1.8,1.8,1.8,0
26/09/2016,1.8,1.8,1.8,1.8,1.8,0
27/09/2016,1.8,1.8,1.8,1.8,1.8,0
28/09/2016,1.8,1.8,1.8,1.8,1.8,0
29/09/2016,1.47,1.47,1.47,1.47,1.47,100
30/09/2016,1.8,1.8,1.8,1.8,1.8,500
03/10/2016,1.8,1.8,1.8,1.8,1.8,0
04/10/2016,1.8,1.8,1.8,1.8,1.8,100
05/10/2016,1.8,1.8,1.8,1.8,1.8,0
06/10/2016,1.8,1.8,1.8,1.8,1.8,0
07/10/2016,1.8,1.8,1.8,1.8,1.8,0
10/10/2016,1.8,1.8,1.8,1.8,1.8,0
11/10/2016,1.8,1.8,1.8,1.8,1.8,0
12/10/2016,1.8,1.8,1.8,1.8,1.8,0
13/10/2016,1.8,1.8,1.8,1.8,1.8,0
14/10/2016,1.8,1.8,1.8,1.8,1.8,0
17/10/2016,1.8,1.8,1.8,1.8,1.8,0
18/10/2016,1.8,1.8,1.8,1.8,1.8,0
19/10/2016,1.8,1.8,1.8,1.8,1.8,0
20/10/2016,1.8,1.8,1.8,1.8,1.8,0
21/10/2016,1.8,1.8,1.8,1.8,1.8,0
24/10/2016,1.8,1.8,1.8,1.8,1.8,0
25/10/2016,1.8,1.8,1.8,1.8,1.8,0
26/10/2016,1.8,1.8,1.8,1.8,1.8,0
27/10/2016,1.8,1.8,1.8,1.8,1.8,0
28/10/2016,1.8,1.8,1.8,1.8,1.8,0
31/10/2016,1.8,1.8,1.8,1.8,1.8,0
01/11/2016,1.8,1.8,1.8,1.8,1.8,0
02/11/2016,1.8,1.8,1.8,1.8,1.8,0
03/11/2016,1.8,1.8,1.8,1.8,1.8,0
04/11/2016,1.8,1.8,1.8,1.8,1.8,0
07/11/2016,1.8,1.8,1.8,1.8,1.8,0
08/11/2016,1.7,1.7,1.7,1.7,1.7,2000
09/11/2016,1.7,1.7,1.7,1.7,1.7,0
10/11/2016,1.65,1.65,1.65,1.65,1.65,2600
11/11/2016,1.65,1.65,1.65,1.65,1.65,0
14/11/2016,1.65,1.65,1.65,1.65,1.65,0
15/11/2016,1.65,1.65,1.65,1.65,1.65,0
16/11/2016,1.65,1.65,1.65,1.65,1.65,0
17/11/2016,1.65,1.65,1.65,1.65,1.65,0
18/11/2016,1.7,1.7,1.7,1.7,1.7,500
21/11/2016,1.7,1.7,1.7,1.7,1.7,0
22/11/2016,1.7,1.7,1.7,1.7,1.7,2100
23/11/2016,1.7,1.7,1.7,1.7,1.7,0
25/11/2016,1.7,1.7,1.7,1.7,1.7,500
28/11/2016,1.65,1.69,1.65,1.69,1.69,1000
29/11/2016,1.69,1.69,1.69,1.69,1.69,0
30/11/2016,1.7,1.7,1.7,1.7,1.7,1000
01/12/2016,1.7,1.7,1.7,1.7,1.7,0
02/12/2016,1.7,1.7,1.7,1.7,1.7,0
05/12/2016,1.7,1.7,1.7,1.7,1.7,0
06/12/2016,1.7,1.7,1.7,1.7,1.7,0
07/12/2016,1.7,1.7,1.7,1.7,1.7,0
08/12/2016,1.7,1.7,1.7,1.7,1.7,0
09/12/2016,1.7,1.7,1.7,1.7,1.7,0
12/12/2016,1.7,1.7,1.7,1.7,1.7,0
13/12/2016,1.7,1.7,1.7,1.7,1.7,0
14/12/2016,1.7,1.7,1.7,1.7,1.7,0
15/12/2016,1.7,1.7,1.7,1.7,1.7,0
16/12/2016,1.4,1.7,1.4,1.7,1.7,3900
19/12/2016,1.7,1.7,1.7,1.7,1.7,0
20/12/2016,1.7,1.7,1.7,1.7,1.7,0
21/12/2016,1.7,1.7,1.7,1.7,1.7,0
22/12/2016,1.7,1.7,1.7,1.7,1.7,0
23/12/2016,1.7,1.7,1.7,1.7,1.7,0
27/12/2016,1.7,1.7,1.7,1.7,1.7,0
28/12/2016,1.7,1.7,1.7,1.7,1.7,0
29/12/2016,1.9,1.92,1.9,1.9,1.9,4200
30/12/2016,1.92,3.44,1.92,3.44,3.44,7300
03/01/2017,3.25,3.35,3.0,3.35,3.35,13400
04/01/2017,3.4,3.4,3.4,3.4,3.4,3000
05/01/2017,3.0,4.03,2.4,2.4,2.4,1100
06/01/2017,5.0,5.0,3.5,3.5,3.5,4400
09/01/2017,3.0,3.0,3.0,3.0,3.0,100
10/01/2017,3.25,3.25,3.25,3.25,3.25,100
11/01/2017,3.25,3.25,3.25,3.25,3.25,0
12/01/2017,2.5,2.5,2.5,2.5,2.5,100
13/01/2017,3.0,3.0,2.5,2.99,2.99,2400
17/01/2017,2.4,3.0,2.4,3.0,3.0,200
18/01/2017,3.0,3.0,3.0,3.0,3.0,0
19/01/2017,2.5,2.5,2.5,2.5,2.5,200
20/01/2017,2.4,2.4,2.4,2.4,2.4,1400
23/01/2017,2.4,2.4,2.4,2.4,2.4,200
24/01/2017,2.3,2.5,2.3,2.5,2.5,1900
25/01/2017,2.45,2.5,2.45,2.5,2.5,1200
26/01/2017,2.45,2.45,2.45,2.45,2.45,200
27/01/2017,2.4,2.4,2.4,2.4,2.4,100
30/01/2017,2.4,2.45,2.0,2.45,2.45,1200
31/01/2017,2.0,3.0,2.0,3.0,3.0,1200
01/02/2017,3.0,3.0,2.45,2.45,2.45,300
02/02/2017,1.75,1.75,1.75,1.75,1.75,100
03/02/2017,1.75,1.75,1.75,1.75,1.75,0
06/02/2017,1.75,1.75,1.75,1.75,1.75,0
07/02/2017,1.75,1.75,1.75,1.75,1.75,0
08/02/2017,1.75,1.75,1.75,1.75,1.75,0
09/02/2017,2.9,2.9,2.9,2.9,2.9,100
10/02/2017,2.55,2.55,2.55,2.55,2.55,200
13/02/2017,2.75,2.75,2.75,2.75,2.75,100
14/02/2017,3.0,3.51,3.0,3.45,3.45,2200
15/02/2017,3.0,3.0,3.0,3.0,3.0,500
16/02/2017,3.0,3.45,3.0,3.25,3.25,1500
17/02/2017,3.0,3.0,3.0,3.0,3.0,700
21/02/2017,3.0,3.0,3.0,3.0,3.0,700
22/02/2017,2.85,3.0,2.85,3.0,3.0,2000
23/02/2017,3.0,3.0,3.0,3.0,3.0,0
24/02/2017,3.0,3.0,2.99,3.0,3.0,400
27/02/2017,3.0,3.0,3.0,3.0,3.0,100
28/02/2017,3.0,3.0,3.0,3.0,3.0,0
01/03/2017,3.0,3.0,3.0,3.0,3.0,0
02/03/2017,3.0,3.0,3.0,3.0,3.0,0
03/03/2017,3.0,3.0,3.0,3.0,3.0,100
06/03/2017,2.75,2.75,2.5,2.5,2.5,1200
07/03/2017,2.7,2.7,2.7,2.7,2.7,1000
08/03/2017,2.7,2.7,2.7,2.7,2.7,0
09/03/2017,2.7,2.7,2.7,2.7,2.7,0
10/03/2017,2.5,2.5,2.5,2.5,2.5,100
13/03/2017,2.5,2.5,2.5,2.5,2.5,0
14/03/2017,2.5,2.5,2.5,2.5,2.5,200
15/03/2017,2.5,2.5,2.5,2.5,2.5,100
16/03/2017,2.5,2.5,2.5,2.5,2.5,3600
17/03/2017,3.0,3.0,3.0,3.0,3.0,100
20/03/2017,3.0,3.0,3.0,3.0,3.0,0
21/03/2017,2.7,2.7,2.7,2.7,2.7,100
22/03/2017,2.5,2.5,2.5,2.5,2.5,400
23/03/2017,2.5,2.5,2.5,2.5,2.5,0
24/03/2017,2.5,2.5,2.5,2.5,2.5,0
27/03/2017,2.5,2.5,2.5,2.5,2.5,0
28/03/2017,2.5,2.5,2.5,2.5,2.5,200
29/03/2017,2.5,2.5,2.5,2.5,2.5,0
30/03/2017,3.0,3.0,2.75,2.75,2.75,600
31/03/2017,2.75,2.75,2.75,2.75,2.75,900
03/04/2017,2.75,2.75,2.75,2.75,2.75,0
04/04/2017,2.75,2.75,2.75,2.75,2.75,1000
05/04/2017,2.75,2.75,2.75,2.75,2.75,0
06/04/2017,2.75,2.75,2.75,2.75,2.75,0
07/04/2017,2.75,2.75,2.75,2.75,2.75,0
10/04/2017,2.75,2.75,2.75,2.75,2.75,0
11/04/2017,2.75,2.75,2.75,2.75,2.75,0
12/04/2017,2.75,2.75,2.75,2.75,2.75,0
13/04/2017,2.75,2.75,2.75,2.75,2.75,0
17/04/2017,2.75,2.75,2.75,2.75,2.75,0
18/04/2017,2.75,2.75,2.75,2.75,2.75,0
19/04/2017,3.0,3.0,3.0,3.0,3.0,100
20/04/2017,3.0,3.0,3.0,3.0,3.0,0
21/04/2017,3.0,3.0,3.0,3.0,3.0,0
24/04/2017,3.0,3.0,3.0,3.0,3.0,0
25/04/2017,3.0,3.0,3.0,3.0,3.0,500
26/04/2017,3.0,3.0,3.0,3.0,3.0,0
27/04/2017,3.0,3.0,3.0,3.0,3.0,300
28/04/2017,3.0,3.0,3.0,3.0,3.0,0
01/05/2017,3.0,3.0,3.0,3.0,3.0,0
02/05/2017,3.0,3.0,3.0,3.0,3.0,0
03/05/2017,3.25,3.25,3.25,3.25,3.25,200
04/05/2017,3.25,3.25,3.25,3.25,3.25,100
05/05/2017,3.25,3.25,3.25,3.25,3.25,0
08/05/2017,3.25,3.25,3.25,3.25,3.25,0
09/05/2017,3.25,3.25,3.25,3.25,3.25,0
10/05/2017,3.25,3.25,3.25,3.25,3.25,0
11/05/2017,3.25,3.25,3.25,3.25,3.25,0
12/05/2017,3.25,3.25,3.25,3.25,3.25,0
15/05/2017,3.25,3.25,3.25,3.25,3.25,0
16/05/2017,3.25,3.25,3.25,3.25,3.25,0
17/05/2017,3.5,3.5,2.76,2.76,2.76,1200
18/05/2017,2.76,2.76,2.76,2.76,2.76,0
19/05/2017,2.85,2.85,2.85,2.85,2.85,100
22/05/2017,4.0,4.0,4.0,4.0,4.0,200
23/05/2017,4.0,4.0,4.0,4.0,4.0,0
24/05/2017,4.0,4.0,4.0,4.0,4.0,0
25/05/2017,4.0,4.0,4.0,4.0,4.0,0
26/05/2017,4.0,4.0,4.0,4.0,4.0,0
30/05/2017,3.99,3.99,3.99,3.99,3.99,100
31/05/2017,3.99,3.99,3.99,3.99,3.99,0
01/06/2017,3.75,4.0,3.75,4.0,4.0,2300
02/06/2017,4.5,5.9,4.5,5.5,5.5,4500
05/06/2017,3.5,5.1,3.5,3.5,3.5,1200
06/06/2017,5.24,5.25,5.24,5.25,5.25,2400
07/06/2017,5.25,5.25,5.25,5.25,5.25,0
08/06/2017,5.24,5.24,5.24,5.24,5.24,200
09/06/2017,5.24,5.24,5.24,5.24,5.24,200
12/06/2017,4.0,4.0,4.0,4.0,4.0,200
13/06/2017,4.0,4.0,4.0,4.0,4.0,0
14/06/2017,5.25,5.25,5.25,5.25,5.25,200
15/06/2017,5.25,5.25,5.25,5.25,5.25,0
16/06/2017,5.0,5.0,5.0,5.0,5.0,100
19/06/2017,5.0,5.0,5.0,5.0,5.0,500
20/06/2017,5.19,5.25,5.0,5.25,5.25,3600
21/06/2017,5.25,5.25,5.25,5.25,5.25,0
22/06/2017,5.25,5.25,5.25,5.25,5.25,0
23/06/2017,5.25,5.25,5.25,5.25,5.25,0
26/06/2017,5.25,5.25,5.25,5.25,5.25,0
27/06/2017,5.25,5.25,5.25,5.25,5.25,0
28/06/2017,5.25,5.25,5.25,5.25,5.25,0
29/06/2017,5.25,5.25,5.25,5.25,5.25,0
30/06/2017,5.25,5.25,5.25,5.25,5.25,0
03/07/2017,5.25,5.25,5.25,5.25,5.25,0
05/07/2017,5.25,5.25,5.25,5.25,5.25,0
06/07/2017,5.25,5.25,5.25,5.25,5.25,0
07/07/2017,3.53,3.53,3.53,3.53,3.53,1000
10/07/2017,3.53,3.53,3.53,3.53,3.53,0
11/07/2017,3.53,3.53,3.53,3.53,3.53,0
12/07/2017,3.53,3.53,3.53,3.53,3.53,0
13/07/2017,3.53,3.53,3.53,3.53,3.53,0
14/07/2017,5.0,5.0,5.0,5.0,5.0,100
17/07/2017,5.0,5.0,5.0,5.0,5.0,0
18/07/2017,5.0,5.0,5.0,5.0,5.0,0
19/07/2017,5.0,5.0,5.0,5.0,5.0,200
20/07/2017,5.0,5.05,5.0,5.0,5.0,6200
21/07/2017,5.0,5.0,5.0,5.0,5.0,500
24/07/2017,5.2,5.2,4.99,5.0,5.0,2700
25/07/2017,5.0,5.0,5.0,5.0,5.0,0
26/07/2017,5.0,5.0,5.0,5.0,5.0,0
27/07/2017,5.0,5.0,5.0,5.0,5.0,6200
28/07/2017,5.0,5.0,5.0,5.0,5.0,0
31/07/2017,5.0,5.0,5.0,5.0,5.0,100
01/08/2017,5.0,5.0,5.0,5.0,5.0,0
02/08/2017,4.5,4.5,4.5,4.5,4.5,200
03/08/2017,5.2,5.2,5.2,5.2,5.2,500
04/08/2017,5.1,5.1,5.0,5.0,5.0,1000
07/08/2017,5.0,5.0,5.0,5.0,5.0,0
08/08/2017,5.1,5.1,5.1,5.1,5.1,100
09/08/2017,5.0,7.0,5.0,6.0,6.0,28300
10/08/2017,6.5,7.5,6.5,7.5,7.5,19100
11/08/2017,8.0,9.5,8.0,9.0,9.0,11400
14/08/2017,9.5,9.5,9.25,9.5,9.5,4700
15/08/2017,9.25,9.25,8.0,9.0,9.0,2300
16/08/2017,9.25,9.25,9.0,9.25,9.25,700
17/08/2017,9.0,9.0,8.5,8.5,8.5,900
18/08/2017,8.4,8.5,8.4,8.5,8.5,700
21/08/2017,8.4,8.4,8.4,8.4,8.4,200
22/08/2017,8.4,8.4,8.4,8.4,8.4,0
23/08/2017,8.4,8.4,8.4,8.4,8.4,100
24/08/2017,8.4,8.4,8.3,8.3,8.3,2000
25/08/2017,8.0,8.05,8.0,8.0,8.0,1500
28/08/2017,8.0,9.0,8.0,9.0,9.0,500
29/08/2017,9.0,9.0,9.0,9.0,9.0,0
30/08/2017,8.9,9.0,8.9,9.0,9.0,600
31/08/2017,9.0,9.0,9.0,9.0,9.0,600
01/09/2017,9.0,9.0,9.0,9.0,9.0,3700
05/09/2017,9.25,9.25,9.25,9.25,9.25,1600
06/09/2017,9.25,9.25,9.25,9.25,9.25,0
07/09/2017,9.25,9.25,9.25,9.25,9.25,0
08/09/2017,9.2,9.2,9.2,9.2,9.2,200
11/09/2017,9.2,9.2,9.2,9.2,9.2,0
12/09/2017,9.2,9.2,9.2,9.2,9.2,0
13/09/2017,8.75,8.75,8.75,8.75,8.75,300
14/09/2017,8.75,8.75,8.75,8.75,8.75,0
15/09/2017,9.0,9.0,9.0,9.0,9.0,100
18/09/2017,9.0,9.0,8.91,8.91,8.91,800
19/09/2017,8.75,8.75,8.75,8.75,8.75,300
20/09/2017,8.75,8.75,8.75,8.75,8.75,0
21/09/2017,8.9,8.9,8.9,8.9,8.9,200
22/09/2017,8.9,8.9,8.9,8.9,8.9,0
25/09/2017,8.75,8.75,8.75,8.75,8.75,400
26/09/2017,8.75,8.75,8.75,8.75,8.75,0
27/09/2017,8.75,9.0,8.55,9.0,9.0,2100
28/09/2017,9.4,9.5,9.4,9.5,9.5,1500
29/09/2017,9.5,9.5,9.05,9.4,9.4,800
02/10/2017,9.4,9.4,9.0,9.0,9.0,2200
03/10/2017,9.0,9.0,7.1,7.1,7.1,2200
04/10/2017,9.0,9.0,9.0,9.0,9.0,2300
05/10/2017,9.41,9.41,9.1,9.1,9.1,700
06/10/2017,8.9,9.0,8.5,9.0,9.0,3600
09/10/2017,9.0,9.0,9.0,9.0,9.0,200
10/10/2017,9.25,9.25,9.25,9.25,9.25,200
11/10/2017,9.25,9.25,9.25,9.25,9.25,0
12/10/2017,9.25,9.25,9.25,9.25,9.25,0
13/10/2017,9.0,9.0,9.0,9.0,9.0,500
16/10/2017,9.0,9.0,9.0,9.0,9.0,500
17/10/2017,8.75,9.0,8.5,9.0,9.0,3900
18/10/2017,8.75,9.0,8.75,9.0,9.0,1700
19/10/2017,9.0,9.0,9.0,9.0,9.0,0
20/10/2017,9.25,9.25,8.94,8.94,8.94,1400
23/10/2017,9.0,9.0,9.0,9.0,9.0,2100
24/10/2017,9.0,9.0,9.0,9.0,9.0,600
25/10/2017,9.0,9.0,9.0,9.0,9.0,900
26/10/2017,9.0,9.25,9.0,9.25,9.25,400
27/10/2017,9.5,10.5,9.5,10.0,10.0,6200
30/10/2017,10.0,10.15,10.0,10.15,10.15,1500
31/10/2017,10.15,10.15,10.15,10.15,10.15,0
01/11/2017,10.15,10.15,10.15,10.15,10.15,100
02/11/2017,10.15,10.15,10.15,10.15,10.15,500
03/11/2017,10.15,10.15,10.15,10.15,10.15,0
06/11/2017,10.15,10.15,10.15,10.15,10.15,1400
07/11/2017,10.15,10.15,10.15,10.15,10.15,400
08/11/2017,10.15,10.15,10.15,10.15,10.15,200
09/11/2017,10.15,10.5,10.15,10.5,10.5,800
10/11/2017,10.5,10.5,10.5,10.5,10.5,0
13/11/2017,10.6,10.9,10.25,10.9,10.9,1700
14/11/2017,10.95,10.95,10.5,10.5,10.5,1800
15/11/2017,10.85,10.85,10.85,10.85,10.85,200
16/11/2017,10.85,11.0,10.85,11.0,11.0,1000
17/11/2017,11.0,11.0,10.55,10.75,10.75,1300
20/11/2017,11.0,15.0,11.0,11.0,11.0,900
21/11/2017,11.0,11.0,8.8,8.8,8.8,2100
22/11/2017,10.75,11.0,10.5,10.5,10.5,2100
24/11/2017,10.5,10.5,10.5,10.5,10.5,1300
27/11/2017,10.5,10.5,10.5,10.5,10.5,200
28/11/2017,10.6,11.0,10.6,11.0,11.0,700
29/11/2017,11.0,11.0,11.0,11.0,11.0,300
30/11/2017,11.0,11.0,11.0,11.0,11.0,200
01/12/2017,11.0,11.0,11.0,11.0,11.0,0
04/12/2017,10.75,10.75,10.75,10.75,10.75,200
05/12/2017,11.15,11.15,11.15,11.15,11.15,200
06/12/2017,10.65,11.0,10.0,11.0,11.0,3300
07/12/2017,11.0,11.0,11.0,11.0,11.0,200
08/12/2017,11.0,11.0,11.0,11.0,11.0,0
11/12/2017,11.0,11.0,11.0,11.0,11.0,600
12/12/2017,11.0,11.0,11.0,11.0,11.0,0
13/12/2017,11.5,11.5,10.5,10.5,10.5,300
14/12/2017,11.5,11.5,11.0,11.0,11.0,800
15/12/2017,11.0,12.75,10.5,10.5,10.5,300
18/12/2017,10.5,10.5,10.5,10.5,10.5,0
19/12/2017,10.5,10.5,9.0,9.75,9.75,2700
20/12/2017,11.0,11.0,11.0,11.0,11.0,100
21/12/2017,11.0,11.0,11.0,11.0,11.0,0
22/12/2017,11.0,11.0,11.0,11.0,11.0,0
26/12/2017,10.49,10.49,10.49,10.49,10.49,100
27/12/2017,10.5,10.5,10.49,10.49,10.49,400
28/12/2017,10.49,10.49,10.49,10.49,10.49,0
29/12/2017,9.0,10.49,9.0,10.49,10.49,600
02/01/2018,9.75,9.75,9.75,9.75,9.75,1000
03/01/2018,9.75,9.75,9.75,9.75,9.75,0
04/01/2018,9.0,9.75,9.0,9.75,9.75,1600
05/01/2018,10.5,10.5,9.0,9.9,9.9,300
08/01/2018,9.9,9.9,9.9,9.9,9.9,0
09/01/2018,9.5,9.5,9.5,9.5,9.5,200
10/01/2018,9.5,9.5,9.5,9.5,9.5,0
11/01/2018,9.9,10.0,9.69,10.0,10.0,2200
12/01/2018,10.0,10.0,10.0,10.0,10.0,0
16/01/2018,9.0,9.0,7.75,7.75,7.75,3100
17/01/2018,8.4,10.0,8.4,9.5,9.5,1600
18/01/2018,9.5,9.5,9.5,9.5,9.5,0
19/01/2018,9.1,9.1,9.0,9.0,9.0,1300
22/01/2018,9.0,9.0,9.0,9.0,9.0,0
23/01/2018,9.5,9.5,9.5,9.5,9.5,100
24/01/2018,7.75,9.4,7.75,9.4,9.4,800
25/01/2018,9.31,9.4,9.31,9.4,9.4,1900
26/01/2018,9.25,9.25,9.0,9.0,9.0,2200
29/01/2018,9.0,9.0,9.0,9.0,9.0,600
30/01/2018,9.0,9.0,9.0,9.0,9.0,0
31/01/2018,9.0,9.0,8.9,9.0,9.0,700
01/02/2018,8.9,8.9,8.9,8.9,8.9,700
02/02/2018,9.0,9.0,8.9,9.0,9.0,900
05/02/2018,9.0,9.0,9.0,9.0,9.0,400
06/02/2018,9.0,9.0,9.0,9.0,9.0,0
07/02/2018,9.0,9.0,9.0,9.0,9.0,0
08/02/2018,8.5,8.5,8.5,8.5,8.5,200
09/02/2018,8.5,8.5,8.5,8.5,8.5,0
12/02/2018,9.0,9.0,9.0,9.0,9.0,200
13/02/2018,9.0,9.0,9.0,9.0,9.0,0
14/02/2018,9.5,9.5,9.41,9.5,9.5,2300
15/02/2018,9.6,9.6,9.5,9.5,9.5,1700
16/02/2018,10.0,10.0,9.5,9.5,9.5,400
20/02/2018,9.41,9.41,9.41,9.41,9.41,100
21/02/2018,9.41,9.41,9.41,9.41,9.41,0
22/02/2018,9.41,9.41,9.41,9.41,9.41,0
23/02/2018,9.41,9.41,9.41,9.41,9.41,0
26/02/2018,9.41,9.41,9.41,9.41,9.41,0
27/02/2018,7.75,9.0,7.75,9.0,9.0,1200
28/02/2018,9.0,9.0,9.0,9.0,9.0,0
01/03/2018,9.0,9.0,9.0,9.0,9.0,0
02/03/2018,8.0,8.9,8.0,8.9,8.9,300
05/03/2018,8.9,8.9,8.9,8.9,8.9,0
06/03/2018,8.9,8.9,8.9,8.9,8.9,0
07/03/2018,8.9,8.9,8.9,8.9,8.9,0
08/03/2018,8.9,8.9,8.9,8.9,8.9,0
09/03/2018,8.5,8.85,8.5,8.85,8.85,1100
12/03/2018,8.5,8.85,8.46,8.6,8.6,9600
13/03/2018,8.9,9.0,8.85,9.0,9.0,2500
14/03/2018,9.0,9.0,9.0,9.0,9.0,0
15/03/2018,10.3,10.3,10.3,10.3,10.3,200
16/03/2018,8.9,8.9,8.9,8.9,8.9,300
19/03/2018,9.0,9.0,9.0,9.0,9.0,1000
20/03/2018,9.0,9.0,9.0,9.0,9.0,0
21/03/2018,8.65,8.77,7.77,8.77,8.77,5200
22/03/2018,8.77,8.77,8.77,8.77,8.77,0
23/03/2018,8.77,8.77,8.77,8.77,8.77,0
26/03/2018,8.77,8.77,8.77,8.77,8.77,0
27/03/2018,8.55,8.55,8.5,8.5,8.5,700
28/03/2018,8.5,8.5,8.5,8.5,8.5,0
29/03/2018,8.5,8.5,8.5,8.5,8.5,0
02/04/2018,9.0,9.0,9.0,9.0,9.0,200
03/04/2018,9.0,9.0,9.0,9.0,9.0,0
04/04/2018,9.0,9.0,9.0,9.0,9.0,0
05/04/2018,9.0,9.0,9.0,9.0,9.0,0
06/04/2018,8.7,8.7,8.7,8.7,8.7,200
09/04/2018,9.0,9.0,9.0,9.0,9.0,200
10/04/2018,8.6,9.0,8.6,9.0,9.0,300
11/04/2018,9.0,9.0,9.0,9.0,9.0,0
12/04/2018,9.0,9.0,9.0,9.0,9.0,0
13/04/2018,9.0,9.0,9.0,9.0,9.0,0
16/04/2018,9.0,9.0,9.0,9.0,9.0,0
17/04/2018,9.0,9.0,9.0,9.0,9.0,0
18/04/2018,9.0,9.0,9.0,9.0,9.0,0
19/04/2018,9.0,9.0,9.0,9.0,9.0,0
20/04/2018,9.0,9.0,9.0,9.0,9.0,0
23/04/2018,9.0,9.0,9.0,9.0,9.0,0
24/04/2018,8.65,9.5,8.65,9.5,9.5,4100
25/04/2018,9.25,9.25,9.25,9.25,9.25,1100
26/04/2018,9.9,10.2,9.9,9.9,9.9,1500
27/04/2018,10.15,10.15,10.15,10.15,10.15,500
30/04/2018,9.9,9.9,9.7,9.7,9.7,1000
01/05/2018,9.7,9.7,9.7,9.7,9.7,0
02/05/2018,9.7,9.7,9.7,9.7,9.7,0
03/05/2018,9.7,9.7,9.7,9.7,9.7,0
04/05/2018,9.7,9.7,9.7,9.7,9.7,0
07/05/2018,9.7,9.7,9.7,9.7,9.7,0
08/05/2018,9.7,9.7,9.7,9.7,9.7,0
09/05/2018,9.7,9.7,9.7,9.7,9.7,0
10/05/2018,9.7,9.7,9.7,9.7,9.7,0
11/05/2018,9.5,9.5,9.5,9.5,9.5,500
14/05/2018,9.54,9.7,9.54,9.54,9.54,2000
15/05/2018,9.64,9.64,8.55,8.56,8.56,6100
16/05/2018,8.56,8.6,8.55,8.6,8.6,2200
17/05/2018,8.6,8.75,8.6,8.75,8.75,1500
18/05/2018,8.75,8.75,8.75,8.75,8.75,0
21/05/2018,8.75,8.75,8.75,8.75,8.75,0
22/05/2018,8.4,8.6,8.4,8.6,8.6,600
23/05/2018,8.4,8.4,8.1,8.1,8.1,6500
24/05/2018,8.0,8.0,7.05,7.5,7.5,6300
25/05/2018,8.09,8.09,7.85,7.85,7.85,2300
29/05/2018,7.85,7.85,7.85,7.85,7.85,0
30/05/2018,8.28,8.28,8.28,8.28,8.28,100
31/05/2018,8.28,8.28,8.28,8.28,8.28,0
01/06/2018,8.28,8.28,8.28,8.28,8.28,0
04/06/2018,8.28,8.28,8.28,8.28,8.28,0
05/06/2018,8.28,8.28,8.28,8.28,8.28,0
06/06/2018,8.28,8.28,8.28,8.28,8.28,0
07/06/2018,7.5,7.8,7.5,7.8,7.8,300
08/06/2018,7.8,7.8,7.8,7.8,7.8,0
11/06/2018,7.8,7.8,7.8,7.8,7.8,0
12/06/2018,7.8,7.8,7.8,7.8,7.8,0
13/06/2018,7.8,7.8,7.8,7.8,7.8,0
14/06/2018,7.8,7.8,7.8,7.8,7.8,0
15/06/2018,7.8,7.8,7.8,7.8,7.8,0
18/06/2018,7.8,7.8,7.8,7.8,7.8,0
19/06/2018,7.8,7.8,7.8,7.8,7.8,0
20/06/2018,7.8,7.8,7.8,7.8,7.8,0
21/06/2018,7.8,7.8,7.8,7.8,7.8,0
22/06/2018,7.7,8.0,7.7,8.0,8.0,200
25/06/2018,8.0,8.0,8.0,8.0,8.0,0
26/06/2018,8.0,8.25,8.0,8.25,8.25,2000
27/06/2018,8.25,8.25,8.25,8.25,8.25,0
28/06/2018,8.5,8.5,8.5,8.5,8.5,100
29/06/2018,8.5,8.5,8.5,8.5,8.5,0
02/07/2018,8.5,8.5,8.5,8.5,8.5,0
03/07/2018,8.5,8.5,8.5,8.5,8.5,0
05/07/2018,8.5,8.5,8.5,8.5,8.5,500
06/07/2018,8.5,10.4,8.5,10.0,10.0,17200
09/07/2018,10.4,10.4,10.0,10.25,10.25,1400
10/07/2018,10.25,10.6,10.25,10.6,10.6,4000
11/07/2018,10.58,10.75,10.58,10.75,10.75,1300
12/07/2018,10.75,10.75,10.75,10.75,10.75,0
13/07/2018,10.4,10.4,10.4,10.4,10.4,100
16/07/2018,10.0,10.0,9.75,9.75,9.75,400
17/07/2018,9.5,9.75,9.5,9.75,9.75,1600
18/07/2018,9.75,9.75,9.75,9.75,9.75,0
19/07/2018,9.7,9.7,9.5,9.5,9.5,2700
20/07/2018,9.5,9.5,9.5,9.5,9.5,0
23/07/2018,9.5,9.5,9.15,9.5,9.5,700
24/07/2018,9.5,9.5,9.5,9.5,9.5,0
25/07/2018,9.5,9.5,9.5,9.5,9.5,0
26/07/2018,9.3,9.3,9.3,9.3,9.3,500
27/07/2018,9.3,9.3,9.3,9.3,9.3,0
30/07/2018,9.5,9.5,9.5,9.5,9.5,100
31/07/2018,9.9,9.9,9.9,9.9,9.9,300
01/08/2018,9.9,9.9,9.9,9.9,9.9,0
02/08/2018,9.9,9.9,9.9,9.9,9.9,0
03/08/2018,9.9,9.9,9.9,9.9,9.9,100
06/08/2018,9.9,9.9,9.9,9.9,9.9,0
07/08/2018,9.15,9.15,9.15,9.15,9.15,500
08/08/2018,9.0,9.0,9.0,9.0,9.0,800
09/08/2018,9.4,9.4,9.0,9.35,9.35,700
10/08/2018,9.35,9.45,9.35,9.35,9.35,1400
13/08/2018,9.35,9.35,9.35,9.35,9.35,0
14/08/2018,9.35,9.35,9.35,9.35,9.35,200
15/08/2018,9.35,9.9,9.35,9.9,9.9,5000
16/08/2018,10.15,10.75,10.0,10.3,10.3,7600
17/08/2018,10.6,11.0,10.5,10.85,10.85,7900
20/08/2018,10.85,10.85,10.55,10.55,10.55,700
21/08/2018,11.0,12.75,11.0,12.5,12.5,2800
22/08/2018,12.5,12.5,12.5,12.5,12.5,0
23/08/2018,12.0,12.8,12.0,12.75,12.75,6000
24/08/2018,12.75,12.75,12.75,12.75,12.75,0
27/08/2018,11.16,11.16,10.95,10.95,10.95,1100
28/08/2018,10.95,10.95,10.95,10.95,10.95,0
29/08/2018,12.49,12.49,12.49,12.49,12.49,100
30/08/2018,12.25,12.49,12.0,12.49,12.49,400
31/08/2018,12.5,13.5,12.5,12.86,12.86,800
04/09/2018,13.0,13.0,13.0,13.0,13.0,100
05/09/2018,13.0,13.0,13.0,13.0,13.0,0
06/09/2018,12.4,12.51,12.4,12.5,12.5,700
07/09/2018,12.5,12.5,12.0,12.5,12.5,1400
10/09/2018,12.5,12.5,12.5,12.5,12.5,500
11/09/2018,12.5,12.5,12.5,12.5,12.5,0
12/09/2018,12.25,12.25,12.25,12.25,12.25,200
13/09/2018,13.0,13.0,13.0,13.0,13.0,500
14/09/2018,11.51,11.71,10.0,11.6,11.6,4700
17/09/2018,11.0,11.0,10.7,11.0,11.0,2100
18/09/2018,10.68,10.68,10.68,10.68,10.68,100
19/09/2018,10.94,10.94,10.94,10.94,10.94,100
20/09/2018,10.45,10.98,10.45,10.98,10.98,500
21/09/2018,10.98,10.98,10.98,10.98,10.98,100
24/09/2018,10.98,10.98,10.98,10.98,10.98,0
25/09/2018,10.98,10.98,10.98,10.98,10.98,0
26/09/2018,11.0,11.0,10.55,10.55,10.55,1000
27/09/2018,10.55,10.6,10.0,10.56,10.56,14400
28/09/2018,13.0,13.0,13.0,13.0,13.0,100
01/10/2018,13.0,13.0,13.0,13.0,13.0,0
02/10/2018,13.0,13.0,13.0,13.0,13.0,0
03/10/2018,10.28,10.5,10.25,10.5,10.5,600
04/10/2018,10.5,10.5,10.5,10.5,10.5,0
05/10/2018,11.0,11.0,11.0,11.0,11.0,300
08/10/2018,10.3,11.0,10.3,11.0,11.0,1600
09/10/2018,11.04,11.04,11.04,11.04,11.04,100
10/10/2018,11.0,11.0,10.5,10.5,10.5,400
11/10/2018,10.5,10.5,10.5,10.5,10.5,0
12/10/2018,10.95,10.95,10.95,10.95,10.95,100
15/10/2018,10.95,10.95,10.95,10.95,10.95,0
16/10/2018,10.1,10.85,10.1,10.85,10.85,2300
17/10/2018,10.6,11.2,10.6,11.2,11.2,400
18/10/2018,11.2,11.2,11.2,11.2,11.2,0
19/10/2018,10.7,11.0,10.7,11.0,11.0,300
22/10/2018,11.0,11.0,11.0,11.0,11.0,0
23/10/2018,11.0,11.0,11.0,11.0,11.0,0
24/10/2018,10.1,11.2,10.0,11.2,11.2,900
25/10/2018,11.2,11.2,11.2,11.2,11.2,0
26/10/2018,11.2,11.2,11.2,11.2,11.2,0
29/10/2018,10.0,11.75,10.0,11.75,11.75,400
30/10/2018,10.03,10.03,10.03,10.03,10.03,100
31/10/2018,11.75,11.75,11.75,11.75,11.75,200
01/11/2018,11.75,11.75,11.75,11.75,11.75,0
02/11/2018,11.75,11.75,11.75,11.75,11.75,0
05/11/2018,9.79,9.79,9.79,9.79,9.79,200
06/11/2018,11.35,11.35,11.35,11.35,11.35,100
07/11/2018,11.35,11.35,11.35,11.35,11.35,0
08/11/2018,11.35,11.35,11.35,11.35,11.35,0
09/11/2018,11.0,11.0,11.0,11.0,11.0,100
12/11/2018,11.0,11.0,11.0,11.0,11.0,100
13/11/2018,11.75,12.49,11.75,11.89,11.89,9100
14/11/2018,11.89,11.89,11.89,11.89,11.89,0
15/11/2018,11.89,11.89,11.89,11.89,11.89,100
16/11/2018,11.5,11.89,11.0,11.89,11.89,2400
19/11/2018,11.5,11.5,11.5,11.5,11.5,100
20/11/2018,11.49,11.49,11.49,11.49,11.49,100
21/11/2018,11.49,11.49,11.49,11.49,11.49,0
23/11/2018,11.49,11.49,11.49,11.49,11.49,0
26/11/2018,10.5,10.5,10.5,10.5,10.5,1000
27/11/2018,10.5,10.5,10.5,10.5,10.5,0
28/11/2018,10.99,11.0,10.99,11.0,11.0,1200
29/11/2018,11.0,11.5,11.0,11.5,11.5,3300
30/11/2018,11.5,11.5,11.5,11.5,11.5,700
03/12/2018,11.5,11.5,11.5,11.5,11.5,100
04/12/2018,11.5,11.5,11.0,11.0,11.0,2200
06/12/2018,11.25,11.25,11.25,11.25,11.25,500
07/12/2018,11.0,11.0,10.99,10.99,10.99,1100
10/12/2018,10.99,10.99,10.99,10.99,10.99,0
11/12/2018,11.25,11.25,10.85,10.85,10.85,1000
12/12/2018,10.85,10.85,10.85,10.85,10.85,0
13/12/2018,10.75,10.75,10.75,10.75,10.75,100
14/12/2018,10.75,10.75,10.75,10.75,10.75,100
17/12/2018,10.75,10.75,10.75,10.75,10.75,0
18/12/2018,10.75,10.75,10.75,10.75,10.75,400
19/12/2018,10.75,10.75,10.75,10.75,10.75,200
20/12/2018,10.75,10.75,10.75,10.75,10.75,400
21/12/2018,10.5,10.5,10.3,10.3,10.3,1300
24/12/2018,10.3,10.3,10.3,10.3,10.3,0
26/12/2018,10.7,10.7,10.3,10.3,10.3,1300
27/12/2018,10.3,10.3,10.3,10.3,10.3,500
28/12/2018,10.3,10.3,10.3,10.3,10.3,0
31/12/2018,10.85,10.85,10.5,10.5,10.5,600
02/01/2019,10.4,10.4,10.4,10.4,10.4,200
03/01/2019,10.4,10.4,10.35,10.35,10.35,600
04/01/2019,10.35,10.35,10.35,10.35,10.35,0
07/01/2019,10.75,11.25,10.75,11.25,11.25,200
08/01/2019,11.25,11.25,11.25,11.25,11.25,0
09/01/2019,11.25,11.25,11.25,11.25,11.25,0
10/01/2019,11.0,11.0,10.5,11.0,11.0,3900
11/01/2019,11.0,11.0,11.0,11.0,11.0,2000
14/01/2019,11.0,11.0,11.0,11.0,11.0,0
15/01/2019,10.5,10.5,10.5,10.5,10.5,400
16/01/2019,11.0,11.0,11.0,11.0,11.0,900
17/01/2019,10.5,11.0,10.5,11.0,11.0,400
18/01/2019,11.0,11.0,11.0,11.0,11.0,0
22/01/2019,10.5,10.5,10.5,10.5,10.5,100
23/01/2019,10.55,10.55,10.55,10.55,10.55,1100
24/01/2019,11.0,11.0,11.0,11.0,11.0,1200
25/01/2019,11.0,11.0,11.0,11.0,11.0,2000
28/01/2019,11.0,11.0,11.0,11.0,11.0,0
29/01/2019,10.61,10.61,10.5,10.5,10.5,1100
30/01/2019,10.89,10.89,10.89,10.89,10.89,100
31/01/2019,10.6,10.6,10.05,10.4,10.4,1100
01/02/2019,10.79,10.8,10.79,10.8,10.8,2600
04/02/2019,10.4,10.8,10.0,10.8,10.8,2700
05/02/2019,10.8,10.8,10.8,10.8,10.8,0
06/02/2019,10.8,10.8,10.8,10.8,10.8,0
07/02/2019,10.75,10.75,10.75,10.75,10.75,1000
08/02/2019,10.75,10.75,10.75,10.75,10.75,100
11/02/2019,10.75,10.75,10.75,10.75,10.75,0
12/02/2019,10.75,10.75,10.25,10.25,10.25,1100
13/02/2019,10.25,10.75,10.25,10.75,10.75,500
14/02/2019,10.75,10.75,10.75,10.75,10.75,4000
15/02/2019,10.75,10.75,10.75,10.75,10.75,5200
19/02/2019,10.8,10.8,10.75,10.75,10.75,1500
20/02/2019,10.8,11.25,10.8,11.25,11.25,14300
21/02/2019,11.0,11.0,11.0,11.0,11.0,600
22/02/2019,11.25,11.75,11.25,11.75,11.75,2900
25/02/2019,11.75,11.75,11.75,11.75,11.75,2100
26/02/2019,12.0,12.2,12.0,12.2,12.2,2500
27/02/2019,12.2,12.2,12.2,12.2,12.2,200
28/02/2019,12.0,12.2,12.0,12.16,12.16,700
01/03/2019,12.2,12.2,12.0,12.0,12.0,1500
04/03/2019,12.2,12.2,12.0,12.0,12.0,1400
05/03/2019,12.2,12.2,12.0,12.0,12.0,3100
06/03/2019,12.0,12.0,12.0,12.0,12.0,0
07/03/2019,11.4,12.2,11.4,12.0,12.0,2300
08/03/2019,12.0,12.0,12.0,12.0,12.0,0
11/03/2019,12.1,12.2,11.5,11.5,11.5,1100
12/03/2019,12.0,12.0,12.0,12.0,12.0,1000
13/03/2019,12.0,12.0,11.5,12.0,12.0,2000
14/03/2019,12.0,12.0,12.0,12.0,12.0,0
15/03/2019,12.0,12.0,12.0,12.0,12.0,1100
18/03/2019,12.0,12.0,12.0,12.0,12.0,1000
19/03/2019,12.0,12.0,12.0,12.0,12.0,0
20/03/2019,12.0,12.2,12.0,12.2,12.2,18700
21/03/2019,12.55,12.55,12.55,12.55,12.55,200
22/03/2019,12.55,12.55,12.55,12.55,12.55,0
25/03/2019,12.55,12.55,12.55,12.55,12.55,500
26/03/2019,14.0,14.0,12.56,14.0,14.0,3000
27/03/2019,14.0,14.0,14.0,14.0,14.0,300
28/03/2019,14.0,14.0,14.0,14.0,14.0,100
29/03/2019,14.0,14.0,14.0,14.0,14.0,0
01/04/2019,13.75,13.75,13.75,13.75,13.75,100
02/04/2019,12.75,12.75,12.5,12.5,12.5,600
03/04/2019,12.5,12.85,12.06,12.06,12.06,3500
04/04/2019,13.25,13.25,13.24,13.24,13.24,400
05/04/2019,12.75,12.75,12.75,12.75,12.75,10000
08/04/2019,13.0,13.0,13.0,13.0,13.0,7600
09/04/2019,14.0,14.0,13.0,13.0,13.0,500
10/04/2019,13.5,13.5,13.0,13.5,13.5,700
11/04/2019,13.5,13.5,13.5,13.5,13.5,100
12/04/2019,13.5,13.5,13.5,13.5,13.5,0
15/04/2019,13.0,13.0,12.95,13.0,13.0,1400
16/04/2019,13.25,14.0,13.25,14.0,14.0,2200
17/04/2019,14.0,14.75,14.0,14.5,14.5,2400
18/04/2019,14.25,14.25,14.0,14.0,14.0,2500
22/04/2019,13.95,13.95,13.55,13.55,13.55,1800
23/04/2019,14.74,14.74,14.74,14.74,14.74,600
24/04/2019,14.74,14.74,14.74,14.74,14.74,0
25/04/2019,14.1,14.45,14.0,14.45,14.45,2900
26/04/2019,14.45,14.45,14.45,14.45,14.45,100
29/04/2019,14.55,14.55,14.3,14.3,14.3,2600
30/04/2019,14.75,15.0,14.75,15.0,15.0,300
01/05/2019,15.0,15.0,15.0,15.0,15.0,100
02/05/2019,15.0,15.0,15.0,15.0,15.0,0
03/05/2019,15.0,15.0,15.0,15.0,15.0,100
06/05/2019,15.0,15.0,15.0,15.0,15.0,300
07/05/2019,15.0,15.0,15.0,15.0,15.0,0
08/05/2019,15.0,15.0,15.0,15.0,15.0,100
09/05/2019,15.0,15.0,15.0,15.0,15.0,100
10/05/2019,14.5,14.5,14.5,14.5,14.5,500
13/05/2019,14.5,14.5,14.5,14.5,14.5,0
14/05/2019,14.5,15.0,14.5,15.0,15.0,500
15/05/2019,15.25,17.0,15.25,15.72,15.72,3600
16/05/2019,15.72,19.96,15.72,16.0,16.0,600
17/05/2019,18.75,18.75,17.5,17.5,17.5,400
20/05/2019,17.5,17.5,17.5,17.5,17.5,0
21/05/2019,16.0,17.5,16.0,17.5,17.5,700
22/05/2019,17.5,17.5,17.5,17.5,17.5,100
23/05/2019,17.5,17.5,17.5,17.5,17.5,0
24/05/2019,17.5,17.5,17.5,17.5,17.5,0
28/05/2019,18.49,18.49,17.5,17.5,17.5,600
29/05/2019,17.5,17.5,17.5,17.5,17.5,0
30/05/2019,17.5,17.5,17.5,17.5,17.5,0
31/05/2019,17.49,17.49,17.49,17.49,17.49,100
03/06/2019,17.49,17.49,17.49,17.49,17.49,0
04/06/2019,17.49,17.5,17.49,17.5,17.5,200
05/06/2019,17.5,17.5,17.5,17.5,17.5,0
06/06/2019,17.5,17.5,17.5,17.5,17.5,0
07/06/2019,18.73,18.73,18.73,18.73,18.73,100
10/06/2019,18.73,18.73,18.73,18.73,18.73,0
11/06/2019,18.7,19.5,18.7,19.0,19.0,1200
12/06/2019,19.0,19.0,19.0,19.0,19.0,100
13/06/2019,18.99,18.99,18.99,18.99,18.99,100
14/06/2019,18.0,19.2,16.6,19.2,19.2,2000
17/06/2019,19.2,19.2,19.2,19.2,19.2,0
18/06/2019,17.49,18.72,17.45,18.72,18.72,1200
19/06/2019,18.72,18.72,18.72,18.72,18.72,0
20/06/2019,18.99,18.99,18.99,18.99,18.99,100
21/06/2019,18.99,18.99,18.99,18.99,18.99,0
24/06/2019,18.99,18.99,18.99,18.99,18.99,100
25/06/2019,18.99,18.99,18.99,18.99,18.99,100
26/06/2019,18.99,18.99,18.99,18.99,18.99,0
27/06/2019,18.99,18.99,18.99,18.99,18.99,0
28/06/2019,18.2,18.2,17.75,18.0,18.0,5400
01/07/2019,18.0,18.0,18.0,18.0,18.0,0
02/07/2019,18.6,18.8,18.6,18.8,18.8,500
03/07/2019,18.8,18.8,18.8,18.8,18.8,200
05/07/2019,18.0,18.0,18.0,18.0,18.0,3600
08/07/2019,18.0,18.0,18.0,18.0,18.0,300
09/07/2019,17.1,18.35,17.1,17.5,17.5,2800
10/07/2019,18.0,18.3,18.0,18.3,18.3,2000
11/07/2019,18.3,18.3,18.3,18.3,18.3,0
12/07/2019,18.3,18.35,18.3,18.35,18.35,500
15/07/2019,18.0,18.0,18.0,18.0,18.0,100
16/07/2019,18.0,18.0,18.0,18.0,18.0,0
17/07/2019,14.0,19.28,14.0,14.0,14.0,1900
18/07/2019,18.25,18.75,18.25,18.75,18.75,300
19/07/2019,19.0,19.0,19.0,19.0,19.0,200
22/07/2019,19.0,19.0,19.0,19.0,19.0,0
23/07/2019,19.0,19.0,19.0,19.0,19.0,100
24/07/2019,19.0,19.0,19.0,19.0,19.0,0
25/07/2019,18.0,18.5,18.0,18.5,18.5,300
26/07/2019,19.0,19.0,18.5,18.5,18.5,600
29/07/2019,19.25,19.25,19.25,19.25,19.25,100
30/07/2019,19.99,19.99,18.25,18.25,18.25,2100
31/07/2019,19.0,19.0,18.25,19.0,19.0,1400
01/08/2019,18.25,18.5,18.01,18.5,18.5,3400
02/08/2019,18.25,18.5,18.01,18.5,18.5,3400
05/08/2019,18.0,18.0,18.0,18.0,18.0,300
06/08/2019,18.0,19.0,18.0,19.0,19.0,1500
07/08/2019,18.15,18.75,18.0,18.75,18.75,1400
08/08/2019,18.15,18.75,18.0,18.75,18.75,1400
09/08/2019,18.25,18.25,18.25,18.25,18.25,2400
12/08/2019,18.0,19.0,17.7,19.0,19.0,7400
13/08/2019,18.75,18.75,18.75,18.75,18.75,500
14/08/2019,19.96,19.96,17.7,18.0,18.0,2600
15/08/2019,18.01,19.0,18.0,19.0,19.0,2200
16/08/2019,19.0,19.0,19.0,19.0,19.0,0
19/08/2019,19.7,19.75,19.5,19.5,19.5,900
20/08/2019,19.5,19.5,19.5,19.5,19.5,0
21/08/2019,19.5,19.5,19.5,19.5,19.5,0
22/08/2019,19.8,19.8,19.25,19.25,19.25,800
23/08/2019,19.25,19.25,19.25,19.25,19.25,0
26/08/2019,19.25,19.25,19.25,19.25,19.25,0
27/08/2019,19.25,19.47,18.5,19.0,19.0,17100
28/08/2019,19.0,19.0,19.0,19.0,19.0,1600
29/08/2019,19.0,19.0,19.0,19.0,19.0,0
30/08/2019,19.25,19.25,19.0,19.0,19.0,500
03/09/2019,19.5,19.5,19.5,19.5,19.5,200
04/09/2019,19.5,19.5,19.0,19.25,19.25,600
05/09/2019,19.25,19.25,19.25,19.25,19.25,0
06/09/2019,18.0,19.0,18.0,19.0,19.0,400
09/09/2019,19.0,19.0,19.0,19.0,19.0,0
10/09/2019,19.0,19.0,19.0,19.0,19.0,0
11/09/2019,19.0,19.0,19.0,19.0,19.0,0
12/09/2019,19.25,19.25,19.25,19.25,19.25,200
13/09/2019,19.0,19.0,19.0,19.0,19.0,1500
16/09/2019,19.0,19.0,19.0,19.0,19.0,100
17/09/2019,18.5,18.5,18.5,18.5,18.5,400
18/09/2019,18.5,18.5,18.5,18.5,18.5,0
19/09/2019,18.5,18.5,18.5,18.5,18.5,0
20/09/2019,18.5,18.5,18.5,18.5,18.5,1500
23/09/2019,19.25,19.9,19.25,19.9,19.9,1700
24/09/2019,19.9,19.9,19.9,19.9,19.9,100
25/09/2019,20.21,20.21,20.21,20.21,20.21,100
26/09/2019,20.0,20.0,20.0,20.0,20.0,300
27/09/2019,20.0,20.0,20.0,20.0,20.0,100
30/09/2019,20.0,20.0,20.0,20.0,20.0,100
01/10/2019,20.0,20.0,20.0,20.0,20.0,100
02/10/2019,19.05,19.05,19.0,19.0,19.0,2900
03/10/2019,18.65,19.0,18.0,19.0,19.0,1100
04/10/2019,19.0,19.0,19.0,19.0,19.0,0
07/10/2019,19.0,19.0,19.0,19.0,19.0,0
08/10/2019,18.7,18.7,18.7,18.7,18.7,100
09/10/2019,18.7,18.7,18.7,18.7,18.7,300
10/10/2019,19.0,19.0,19.0,19.0,19.0,100
11/10/2019,18.75,19.39,18.75,19.39,19.39,1500
14/10/2019,19.39,19.39,19.39,19.39,19.39,100
15/10/2019,18.27,19.39,18.15,19.0,19.0,1900
16/10/2019,19.25,19.25,19.0,19.05,19.05,3900
17/10/2019,19.75,20.0,19.05,20.0,20.0,2300
18/10/2019,20.0,20.0,20.0,20.0,20.0,200
21/10/2019,19.02,20.5,19.0,20.5,20.5,3800
22/10/2019,20.2,20.5,20.2,20.5,20.5,400
23/10/2019,20.25,20.25,20.25,20.25,20.25,200
24/10/2019,20.0,20.9,20.0,20.9,20.9,3300
25/10/2019,21.0,21.0,20.9,21.0,21.0,3800
28/10/2019,21.0,21.0,21.0,21.0,21.0,100
29/10/2019,20.5,20.99,20.5,20.99,20.99,400
30/10/2019,21.0,21.0,21.0,21.0,21.0,800
31/10/2019,21.0,21.0,21.0,21.0,21.0,100
01/11/2019,21.0,21.0,21.0,21.0,21.0,400
04/11/2019,21.0,21.0,21.0,21.0,21.0,200
05/11/2019,20.5,20.5,20.5,20.5,20.5,400
06/11/2019,20.5,20.5,20.5,20.5,20.5,100
07/11/2019,21.0,22.75,21.0,22.0,22.0,500
08/11/2019,21.0,21.0,20.03,20.75,20.75,2500
11/11/2019,20.02,22.0,20.02,22.0,22.0,1700
12/11/2019,20.46,20.46,20.04,20.04,20.04,800
13/11/2019,18.44,20.25,18.44,19.5,19.5,6900
14/11/2019,19.5,19.5,18.96,19.5,19.5,1600
15/11/2019,19.5,19.5,19.25,19.25,19.25,1400
18/11/2019,19.75,22.0,19.5,22.0,22.0,4000
19/11/2019,23.0,23.0,22.0,22.0,22.0,3200
20/11/2019,21.55,21.55,21.0,21.0,21.0,700
21/11/2019,20.3,20.5,19.27,20.0,20.0,2000
22/11/2019,19.34,20.5,19.34,20.5,20.5,800
25/11/2019,20.5,20.5,20.5,20.5,20.5,100
26/11/2019,20.0,20.81,20.0,20.81,20.81,400
27/11/2019,20.81,20.81,20.81,20.81,20.81,0
29/11/2019,20.98,20.98,20.98,20.98,20.98,200
02/12/2019,19.77,19.9,19.6,19.9,19.9,1500
03/12/2019,19.6,19.97,19.25,19.97,19.97,700
04/12/2019,19.87,20.8,19.87,20.8,20.8,1600
05/12/2019,20.02,20.02,19.27,20.0,20.0,1500
06/12/2019,19.77,20.0,19.28,20.0,20.0,1500
09/12/2019,19.9,20.05,19.9,20.0,20.0,1600
10/12/2019,20.0,20.0,20.0,20.0,20.0,300
11/12/2019,19.97,20.05,19.97,20.05,20.05,800
12/12/2019,20.0,20.0,20.0,20.0,20.0,500
13/12/2019,20.0,20.98,20.0,20.0,20.0,1700
16/12/2019,19.98,19.98,19.45,19.45,19.45,400
17/12/2019,19.98,20.0,19.98,20.0,20.0,700
18/12/2019,20.0,20.0,20.0,20.0,20.0,0
19/12/2019,19.8,19.8,19.4,19.4,19.4,500
20/12/2019,19.4,19.4,19.4,19.4,19.4,0
23/12/2019,19.48,19.48,19.48,19.48,19.48,100
24/12/2019,19.5,19.5,19.5,19.5,19.5,500
26/12/2019,19.75,19.75,19.75,19.75,19.75,300
27/12/2019,19.75,19.75,19.75,19.75,19.75,2200
30/12/2019,19.75,19.75,19.75,19.75,19.75,2100
31/12/2019,19.6,19.75,19.0,19.75,19.75,1400
02/01/2020,19.75,19.75,19.75,19.75,19.75,0
03/01/2020,19.5,19.5,19.5,19.5,19.5,900
06/01/2020,19.72,19.83,19.72,19.83,19.83,3300
07/01/2020,19.84,19.85,19.08,19.08,19.08,2100
08/01/2020,19.82,19.88,19.82,19.88,19.88,800
09/01/2020,19.8,22.25,19.8,21.25,21.25,18000
10/01/2020,21.9,21.95,21.25,21.25,21.25,1100
13/01/2020,20.06,22.0,20.05,21.0,21.0,4200
14/01/2020,21.0,21.5,21.0,21.5,21.5,400
15/01/2020,21.5,21.5,21.5,21.5,21.5,0
16/01/2020,20.75,20.75,20.72,20.72,20.72,300
17/01/2020,20.35,20.46,20.04,20.46,20.46,2700
21/01/2020,20.15,20.15,18.5,19.7,19.7,16600
22/01/2020,19.51,19.7,19.51,19.7,19.7,1200
23/01/2020,19.79,19.79,19.65,19.65,19.65,1300
24/01/2020,19.65,19.65,19.65,19.65,19.65,100
27/01/2020,19.73,19.73,19.73,19.73,19.73,200
28/01/2020,19.75,19.79,19.75,19.79,19.79,1600
29/01/2020,19.74,19.74,19.74,19.74,19.74,1200
30/01/2020,19.74,19.74,19.74,19.74,19.74,500
31/01/2020,19.74,19.74,19.74,19.74,19.74,0
03/02/2020,20.0,20.0,20.0,20.0,20.0,1000
04/02/2020,20.0,20.03,20.0,20.0,20.0,3900
05/02/2020,20.0,20.0,20.0,20.0,20.0,4100
06/02/2020,20.0,20.0,20.0,20.0,20.0,0
07/02/2020,19.65,19.65,19.02,19.38,19.38,2600
10/02/2020,19.2,19.2,19.2,19.2,19.2,2000
11/02/2020,19.38,19.4,19.38,19.4,19.4,200
12/02/2020,19.62,19.62,19.62,19.62,19.62,900
13/02/2020,19.74,19.74,19.74,19.74,19.74,100
14/02/2020,19.75,19.75,19.75,19.75,19.75,200
18/02/2020,19.75,19.75,19.75,19.75,19.75,300
19/02/2020,19.72,19.72,19.72,19.72,19.72,300
20/02/2020,19.72,19.72,19.72,19.72,19.72,0
21/02/2020,19.72,19.72,19.72,19.72,19.72,100
24/02/2020,19.72,19.72,19.72,19.72,19.72,0
25/02/2020,19.59,19.59,19.5,19.5,19.5,200
26/02/2020,19.0,19.0,19.0,19.0,19.0,1000
27/02/2020,18.85,18.85,17.5,18.5,18.5,6500
28/02/2020,17.15,17.77,17.15,17.77,17.77,700
02/03/2020,16.56,17.25,16.56,17.25,17.25,3000
03/03/2020,17.25,17.25,16.81,16.81,16.81,900
04/03/2020,17.0,17.25,17.0,17.25,17.25,1100
05/03/2020,16.82,17.47,16.75,17.47,17.47,1700
06/03/2020,16.68,17.11,16.67,16.71,16.71,1700
09/03/2020,16.65,16.65,16.65,16.65,16.65,500
10/03/2020,16.65,16.68,16.4,16.4,16.4,600
11/03/2020,16.02,16.02,15.82,15.82,15.82,600
12/03/2020,14.57,15.8,13.9,14.0,14.0,3000
13/03/2020,14.81,15.15,14.78,15.15,15.15,700
16/03/2020,13.85,13.85,13.85,13.85,13.85,100
17/03/2020,13.85,13.85,13.85,13.85,13.85,0
18/03/2020,13.85,13.85,13.4,13.75,13.75,400
19/03/2020,12.5,13.5,10.65,13.5,13.5,4300
20/03/2020,13.5,13.5,13.5,13.5,13.5,0
23/03/2020,13.15,13.15,13.15,13.15,13.15,200
24/03/2020,14.0,14.46,13.8,14.46,14.46,500
25/03/2020,14.5,15.88,14.5,15.88,15.88,1000
26/03/2020,15.88,15.88,15.88,15.88,15.88,0
27/03/2020,15.88,15.88,15.88,15.88,15.88,0
30/03/2020,15.88,15.88,15.88,15.88,15.88,0
31/03/2020,15.88,15.88,15.88,15.88,15.88,0
01/04/2020,15.88,15.88,15.88,15.88,15.88,0
02/04/2020,15.88,15.88,15.88,15.88,15.88,0
03/04/2020,15.88,15.88,15.88,15.88,15.88,0
06/04/2020,15.05,15.8,15.05,15.25,15.25,600
07/04/2020,14.25,14.25,14.25,14.25,14.25,200
08/04/2020,14.25,14.25,14.25,14.25,14.25,0
09/04/2020,14.25,14.25,14.25,14.25,14.25,0
13/04/2020,13.1,13.5,13.1,13.5,13.5,600
14/04/2020,14.96,14.96,14.96,14.96,14.96,100
15/04/2020,14.96,14.96,14.96,14.96,14.96,0
16/04/2020,13.5,15.0,13.5,15.0,15.0,600
17/04/2020,15.0,15.0,15.0,15.0,15.0,0
20/04/2020,15.0,15.0,12.22,12.22,12.22,300
21/04/2020,12.22,12.22,12.22,12.22,12.22,0
22/04/2020,14.64,14.64,14.64,14.64,14.64,100
23/04/2020,14.64,14.64,14.64,14.64,14.64,0
24/04/2020,14.64,14.64,14.64,14.64,14.64,0
27/04/2020,14.64,14.64,14.64,14.64,14.64,0
28/04/2020,12.74,13.8,12.74,13.8,13.8,3100
29/04/2020,13.7,14.0,13.5,13.5,13.5,1500
30/04/2020,13.3,13.65,13.3,13.3,13.3,1500
01/05/2020,13.3,13.3,13.3,13.3,13.3,0
04/05/2020,13.3,13.3,13.3,13.3,13.3,0
05/05/2020,14.0,14.25,13.97,14.25,14.25,1000
06/05/2020,14.25,14.25,14.25,14.25,14.25,0
07/05/2020,14.25,14.25,14.25,14.25,14.25,0
08/05/2020,14.25,14.25,14.25,14.25,14.25,100
11/05/2020,14.25,14.25,14.25,14.25,14.25,0
12/05/2020,14.25,14.25,14.25,14.25,14.25,0
13/05/2020,14.25,14.25,14.25,14.25,14.25,0
14/05/2020,13.3,13.3,13.3,13.3,13.3,600
15/05/2020,13.9,13.9,13.75,13.75,13.75,600
18/05/2020,13.78,13.78,13.78,13.78,13.78,1300
19/05/2020,14.0,14.07,14.0,14.07,14.07,1500
20/05/2020,14.07,14.07,14.07,14.07,14.07,0
21/05/2020,13.78,14.0,13.78,14.0,14.0,500
22/05/2020,14.0,14.0,14.0,14.0,14.0,1300
26/05/2020,14.0,14.2,14.0,14.1,14.1,3700
27/05/2020,14.5,14.5,14.1,14.1,14.1,400
28/05/2020,14.5,14.5,14.5,14.5,14.5,400
29/05/2020,14.5,14.5,14.5,14.5,14.5,0
01/06/2020,14.5,14.5,14.5,14.5,14.5,0
02/06/2020,14.5,14.5,14.5,14.5,14.5,0
03/06/2020,14.75,15.75,14.75,15.75,15.75,600
04/06/2020,15.75,15.75,15.75,15.75,15.75,0
05/06/2020,15.75,15.75,15.75,15.75,15.75,300
08/06/2020,15.0,15.0,15.0,15.0,15.0,500
09/06/2020,15.72,15.72,15.72,15.72,15.72,1000
10/06/2020,15.72,15.72,15.72,15.72,15.72,0
11/06/2020,15.0,15.0,15.0,15.0,15.0,100
12/06/2020,15.15,15.15,15.15,15.15,15.15,200
15/06/2020,14.5,15.15,14.5,15.15,15.15,300
16/06/2020,15.15,15.15,15.15,15.15,15.15,100
17/06/2020,15.15,15.15,15.15,15.15,15.15,100
18/06/2020,15.15,15.15,15.15,15.15,15.15,100
19/06/2020,15.15,15.15,15.15,15.15,15.15,0
22/06/2020,15.15,15.15,15.15,15.15,15.15,0
23/06/2020,15.15,15.15,15.15,15.15,15.15,0
24/06/2020,15.15,15.15,15.15,15.15,15.15,0
25/06/2020,15.15,15.71,15.15,15.71,15.71,800
26/06/2020,15.71,15.71,15.71,15.71,15.71,0
29/06/2020,15.71,15.71,15.71,15.71,15.71,0
30/06/2020,15.71,15.75,15.33,15.33,15.33,500
01/07/2020,15.33,15.33,15.33,15.33,15.33,0
02/07/2020,15.72,15.72,15.72,15.72,15.72,100
06/07/2020,15.72,15.72,15.72,15.72,15.72,0
07/07/2020,15.72,15.72,15.72,15.72,15.72,200
08/07/2020,15.72,15.72,15.72,15.72,15.72,0
09/07/2020,15.72,15.72,15.72,15.72,15.72,0
10/07/2020,15.72,15.72,15.72,15.72,15.72,0
13/07/2020,15.72,15.72,15.72,15.72,15.72,0
14/07/2020,15.72,15.72,15.72,15.72,15.72,800
15/07/2020,15.3,15.5,15.3,15.5,15.5,700
16/07/2020,15.5,15.5,15.5,15.5,15.5,500
17/07/2020,15.5,15.5,15.5,15.5,15.5,500
20/07/2020,15.5,15.5,15.5,15.5,15.5,0
21/07/2020,15.48,15.48,15.48,15.48,15.48,200
22/07/2020,15.5,15.5,15.5,15.5,15.5,100
23/07/2020,15.5,15.5,15.5,15.5,15.5,400
24/07/2020,15.75,15.75,15.75,15.75,15.75,900
27/07/2020,15.75,15.75,15.3,15.3,15.3,700
28/07/2020,15.72,15.72,15.25,15.25,15.25,1400
29/07/2020,15.25,15.25,15.25,15.25,15.25,0
30/07/2020,15.25,15.25,15.25,15.25,15.25,100
31/07/2020,15.15,15.75,15.15,15.75,15.75,1900
03/08/2020,15.75,15.75,15.7,15.7,15.7,1000
04/08/2020,15.75,15.75,15.75,15.75,15.75,200
05/08/2020,15.75,15.75,15.75,15.75,15.75,0
06/08/2020,15.5,15.5,15.5,15.5,15.5,200
07/08/2020,15.5,15.5,15.5,15.5,15.5,0
10/08/2020,15.25,15.25,15.0,15.0,15.0,500
11/08/2020,14.75,15.76,14.75,15.76,15.76,400
12/08/2020,15.76,15.76,15.76,15.76,15.76,0
13/08/2020,15.5,15.5,15.5,15.5,15.5,200
14/08/2020,15.76,15.76,15.76,15.76,15.76,200
17/08/2020,15.6,15.6,15.6,15.6,15.6,1400
18/08/2020,15.6,15.6,15.6,15.6,15.6,0
19/08/2020,15.5,15.75,15.5,15.75,15.75,400
20/08/2020,15.75,15.75,15.75,15.75,15.75,0
21/08/2020,15.65,15.65,15.52,15.52,15.52,1400
24/08/2020,15.2,15.72,15.2,15.72,15.72,200
25/08/2020,15.72,15.72,15.72,15.72,15.72,0
26/08/2020,15.72,15.72,15.72,15.72,15.72,0
27/08/2020,15.72,15.72,15.72,15.72,15.72,0
28/08/2020,15.25,15.25,15.25,15.25,15.25,700
31/08/2020,15.5,15.5,15.2,15.2,15.2,300
01/09/2020,15.48,15.48,15.48,15.48,15.48,100
02/09/2020,15.48,15.48,15.48,15.48,15.48,0
03/09/2020,15.5,15.5,15.5,15.5,15.5,700
04/09/2020,15.05,15.05,14.95,14.95,14.95,600
08/09/2020,15.75,15.75,15.75,15.75,15.75,400
09/09/2020,15.0,15.7,15.0,15.05,15.05,600
10/09/2020,15.33,15.33,15.33,15.33,15.33,300
11/09/2020,15.35,15.35,15.25,15.25,15.25,400
14/09/2020,15.25,15.25,15.25,15.25,15.25,0
15/09/2020,15.43,15.43,15.43,15.43,15.43,200
16/09/2020,15.3,15.3,15.3,15.3,15.3,200
17/09/2020,15.3,15.3,15.3,15.3,15.3,0
18/09/2020,15.31,15.31,15.31,15.31,15.31,100
21/09/2020,15.29,15.29,15.29,15.29,15.29,300
22/09/2020,15.35,15.36,15.26,15.26,15.26,1300
23/09/2020,15.36,15.36,15.36,15.36,15.36,300
24/09/2020,15.4,15.4,15.4,15.4,15.4,200
25/09/2020,15.4,15.4,15.4,15.4,15.4,0
28/09/2020,15.4,15.4,15.4,15.4,15.4,0
29/09/2020,15.4,15.4,15.4,15.4,15.4,0
30/09/2020,15.4,15.4,15.4,15.4,15.4,0
01/10/2020,15.4,15.4,15.4,15.4,15.4,0
02/10/2020,15.28,15.45,15.28,15.45,15.45,500
05/10/2020,15.45,15.45,15.45,15.45,15.45,0
06/10/2020,15.33,15.33,14.97,14.97,14.97,300
07/10/2020,15.32,15.35,15.32,15.35,15.35,200
08/10/2020,15.45,15.45,15.45,15.45,15.45,200
09/10/2020,15.45,15.45,15.45,15.45,15.45,0
12/10/2020,14.67,14.97,14.5,14.97,14.97,800
13/10/2020,14.97,14.97,14.97,14.97,14.97,0
14/10/2020,15.25,15.25,15.25,15.25,15.25,100
15/10/2020,15.25,15.25,15.25,15.25,15.25,0
16/10/2020,15.25,15.25,15.25,15.25,15.25,0
19/10/2020,15.96,15.96,15.96,15.96,15.96,100
20/10/2020,15.96,15.96,15.96,15.96,15.96,100
21/10/2020,15.96,15.96,15.96,15.96,15.96,0
22/10/2020,15.96,15.96,15.96,15.96,15.96,0
23/10/2020,15.95,15.95,15.95,15.95,15.95,100
26/10/2020,15.99,15.99,15.99,15.99,15.99,1000
27/10/2020,15.99,15.99,15.99,15.99,15.99,0
28/10/2020,15.96,15.96,15.96,15.96,15.96,100
29/10/2020,15.96,15.96,15.96,15.96,15.96,0
30/10/2020,15.92,15.92,15.92,15.92,15.92,300
02/11/2020,15.92,15.92,15.92,15.92,15.92,0
03/11/2020,15.92,15.92,15.92,15.92,15.92,0
04/11/2020,15.94,15.95,15.94,15.95,15.95,300
05/11/2020,15.97,16.0,15.95,15.95,15.95,1300
06/11/2020,15.95,15.95,15.95,15.95,15.95,0
09/11/2020,16.0,16.23,16.0,16.23,16.23,300
10/11/2020,23.0,23.0,23.0,23.0,23.0,300
11/11/2020,20.0,20.0,20.0,20.0,20.0,100
12/11/2020,20.0,20.0,20.0,20.0,20.0,100
13/11/2020,20.25,20.25,20.25,20.25,20.25,100
16/11/2020,20.25,20.25,20.25,20.25,20.25,0
17/11/2020,19.99,19.99,19.99,19.99,19.99,100
18/11/2020,19.99,19.99,19.99,19.99,19.99,0
19/11/2020,19.99,19.99,19.99,19.99,19.99,0
20/11/2020,19.99,19.99,19.99,19.99,19.99,0
23/11/2020,20.0,20.0,20.0,20.0,20.0,100
24/11/2020,20.0,20.0,20.0,20.0,20.0,0
25/11/2020,20.0,20.0,20.0,20.0,20.0,0
27/11/2020,20.0,20.0,20.0,20.0,20.0,0
30/11/2020,20.0,20.0,20.0,20.0,20.0,0
01/12/2020,20.0,20.0,20.0,20.0,20.0,0
02/12/2020,20.0,20.0,20.0,20.0,20.0,0
03/12/2020,18.3,18.5,16.0,16.0,16.0,3800
04/12/2020,18.46,19.8,18.46,18.65,18.65,1200
07/12/2020,19.9,19.9,19.9,19.9,19.9,200
08/12/2020,16.21,16.21,16.21,16.21,16.21,200
09/12/2020,19.9,19.9,19.9,19.9,19.9,100
10/12/2020,18.0,19.8,18.0,19.8,19.8,700
11/12/2020,19.8,19.8,19.8,19.8,19.8,0
14/12/2020,19.8,19.8,19.8,19.8,19.8,0
15/12/2020,19.0,19.0,19.0,19.0,19.0,200
16/12/2020,19.01,19.01,19.0,19.0,19.0,200
17/12/2020,18.0,18.0,18.0,18.0,18.0,1100
18/12/2020,18.0,18.0,18.0,18.0,18.0,0
21/12/2020,19.0,19.0,15.4,17.5,17.5,15000
22/12/2020,17.5,17.5,17.5,17.5,17.5,0
23/12/2020,16.7,16.75,16.7,16.75,16.75,300
24/12/2020,16.75,16.75,16.75,16.75,16.75,0
28/12/2020,16.75,16.75,16.75,16.75,16.75,0
29/12/2020,17.29,18.68,17.29,18.68,18.68,300
30/12/2020,18.72,18.74,18.72,18.74,18.74,400
31/12/2020,18.74,18.74,18.74,18.74,18.74,0
04/01/2021,18.74,18.74,18.74,18.74,18.74,0
05/01/2021,18.5,18.5,18.5,18.5,18.5,100
06/01/2021,18.71,18.71,18.71,18.71,18.71,100
07/01/2021,18.5,19.0,18.25,18.75,18.75,1100
08/01/2021,19.8,19.8,17.65,17.65,17.65,1100
11/01/2021,17.65,17.65,17.65,17.65,17.65,100
12/01/2021,17.65,17.65,17.65,17.65,17.65,0
13/01/2021,17.7,17.7,17.7,17.7,17.7,200
14/01/2021,19.8,19.8,19.8,19.8,19.8,100
15/01/2021,19.8,22.25,19.8,20.75,20.75,5600
19/01/2021,18.02,22.4,18.02,18.02,18.02,700
20/01/2021,22.4,22.4,21.9,21.9,21.9,1800
21/01/2021,22.23,22.23,22.0,22.0,22.0,400
22/01/2021,22.2,22.2,22.2,22.2,22.2,100
25/01/2021,22.5,22.5,22.5,22.5,22.5,100
26/01/2021,22.2,22.72,22.2,22.5,22.5,4000
27/01/2021,20.15,22.16,20.15,22.0,22.0,1500
28/01/2021,22.0,22.0,22.0,22.0,22.0,100
29/01/2021,21.0,21.0,21.0,21.0,21.0,100
01/02/2021,22.0,22.5,22.0,22.5,22.5,400
02/02/2021,22.5,22.5,22.5,22.5,22.5,2300
03/02/2021,21.6,22.4,21.6,22.4,22.4,600
04/02/2021,22.0,22.0,21.51,21.51,21.51,1600
05/02/2021,21.5,22.0,21.5,22.0,22.0,900
08/02/2021,22.0,22.5,22.0,22.5,22.5,2200
09/02/2021,22.75,22.75,22.5,22.5,22.5,900
10/02/2021,22.5,22.5,22.5,22.5,22.5,0
11/02/2021,22.5,24.8,22.5,24.4,24.4,1400
12/02/2021,23.0,24.5,23.0,24.5,24.5,800
16/02/2021,24.5,24.5,24.5,24.5,24.5,0
17/02/2021,24.5,25.1,24.5,25.1,25.1,600
18/02/2021,25.2,26.0,25.2,26.0,26.0,700
19/02/2021,26.0,26.0,26.0,26.0,26.0,0
22/02/2021,26.0,26.0,26.0,26.0,26.0,0
23/02/2021,26.0,26.0,24.0,24.0,24.0,1100
24/02/2021,25.0,26.0,25.0,26.0,26.0,600
25/02/2021,25.96,25.96,25.96,25.96,25.96,100
26/02/2021,25.96,25.96,25.96,25.96,25.96,0
01/03/2021,25.0,26.0,25.0,26.0,26.0,400
02/03/2021,26.22,28.75,26.22,28.75,28.75,1200
03/03/2021,28.95,29.0,28.95,29.0,29.0,200
04/03/2021,29.0,29.0,29.0,29.0,29.0,0
05/03/2021,29.47,29.47,27.25,27.25,27.25,1600
08/03/2021,30.0,30.0,30.0,30.0,30.0,300
09/03/2021,30.0,30.0,30.0,30.0,30.0,0
10/03/2021,29.85,29.85,29.81,29.81,29.81,300
11/03/2021,29.85,29.9,29.85,29.9,29.9,600
12/03/2021,27.75,29.9,27.25,29.9,29.9,700
15/03/2021,27.75,29.86,27.75,29.86,29.86,400
16/03/2021,29.8,29.8,29.8,29.8,29.8,200
17/03/2021,29.0,30.15,27.29,30.15,30.15,900
18/03/2021,30.15,30.15,30.15,30.15,30.15,0
19/03/2021,30.15,30.15,30.15,30.15,30.15,0
22/03/2021,30.15,30.15,30.15,30.15,30.15,0
23/03/2021,25.65,27.55,25.65,27.55,27.55,500
24/03/2021,27.98,27.98,27.98,27.98,27.98,100
25/03/2021,27.98,27.98,27.98,27.98,27.98,0
26/03/2021,27.0,27.0,27.0,27.0,27.0,100
29/03/2021,25.81,26.11,25.81,26.11,26.11,900
30/03/2021,26.11,26.11,26.11,26.11,26.11,0
31/03/2021,26.11,26.11,26.11,26.11,26.11,200
01/04/2021,26.11,26.11,26.11,26.11,26.11,500
05/04/2021,25.29,25.29,25.29,25.29,25.29,100
06/04/2021,26.0,26.0,26.0,26.0,26.0,1800
07/04/2021,26.0,26.0,26.0,26.0,26.0,0
08/04/2021,26.0,26.0,26.0,26.0,26.0,600
09/04/2021,25.29,25.29,25.29,25.29,25.29,200
12/04/2021,25.29,25.29,25.29,25.29,25.29,0
13/04/2021,26.0,26.0,25.97,25.97,25.97,2300
14/04/2021,25.75,26.0,25.75,26.0,26.0,2700
15/04/2021,26.0,26.0,26.0,26.0,26.0,200
16/04/2021,26.0,26.0,26.0,26.0,26.0,0
19/04/2021,26.0,26.0,26.0,26.0,26.0,0
20/04/2021,26.96,26.96,26.96,26.96,26.96,100
21/04/2021,26.96,26.96,26.96,26.96,26.96,0
22/04/2021,26.96,26.96,26.96,26.96,26.96,0
23/04/2021,26.96,26.96,26.96,26.96,26.96,0
26/04/2021,27.75,27.75,27.75,27.75,27.75,200
27/04/2021,27.75,27.75,27.75,27.75,27.75,0
28/04/2021,27.75,27.75,27.75,27.75,27.75,0
29/04/2021,27.75,27.75,27.75,27.75,27.75,0
30/04/2021,25.52,27.75,25.13,27.75,27.75,900
03/05/2021,27.75,27.75,27.75,27.75,27.75,0
04/05/2021,27.75,27.75,27.75,27.75,27.75,0
05/05/2021,27.75,27.75,27.75,27.75,27.75,0
06/05/2021,27.75,27.75,27.75,27.75,27.75,0
07/05/2021,29.96,30.0,29.0,29.0,29.0,300
10/05/2021,29.1,29.1,28.1,28.1,28.1,500
11/05/2021,28.1,28.1,28.1,28.1,28.1,0
12/05/2021,26.9,27.6,26.9,27.6,27.6,200
13/05/2021,28.5,28.5,26.04,26.04,26.04,800
14/05/2021,26.69,26.69,26.69,26.69,26.69,100
17/05/2021,26.67,26.67,26.67,26.67,26.67,100
18/05/2021,28.48,28.5,28.48,28.5,28.5,600
19/05/2021,28.5,28.5,25.75,26.25,26.25,3000
20/05/2021,27.5,27.5,27.5,27.5,27.5,1000
21/05/2021,26.0,27.46,26.0,27.46,27.46,200
24/05/2021,27.46,27.46,27.46,27.46,27.46,500
25/05/2021,27.46,27.46,27.46,27.46,27.46,0
26/05/2021,27.46,27.46,27.46,27.46,27.46,0
27/05/2021,27.46,27.46,27.46,27.46,27.46,0
28/05/2021,27.5,27.5,27.5,27.5,27.5,300
01/06/2021,28.0,28.0,27.75,28.0,28.0,500
02/06/2021,28.0,28.0,28.0,28.0,28.0,0
03/06/2021,28.0,28.0,28.0,28.0,28.0,0
04/06/2021,28.46,30.0,28.46,30.0,30.0,1500
07/06/2021,30.0,30.0,30.0,30.0,30.0,0
08/06/2021,30.0,30.0,30.0,30.0,30.0,0
09/06/2021,30.0,30.0,30.0,30.0,30.0,0
10/06/2021,29.96,29.96,29.96,29.96,29.96,100
11/06/2021,29.96,29.96,29.96,29.96,29.96,0
14/06/2021,29.96,29.96,29.96,29.96,29.96,0
15/06/2021,28.9,28.9,28.9,28.9,28.9,100
16/06/2021,29.0,29.0,29.0,29.0,29.0,200
17/06/2021,29.0,29.0,29.0,29.0,29.0,0
18/06/2021,29.0,29.0,29.0,29.0,29.0,0
21/06/2021,28.5,28.65,28.5,28.65,28.65,2300
22/06/2021,28.96,28.96,28.96,28.96,28.96,100
23/06/2021,28.96,28.96,28.96,28.96,28.96,0
24/06/2021,28.93,28.93,28.93,28.93,28.93,100
25/06/2021,28.93,28.93,28.93,28.93,28.93,0
28/06/2021,28.93,28.93,28.93,28.93,28.93,0
29/06/2021,28.5,28.5,28.5,28.5,28.5,700
30/06/2021,29.75,29.75,29.75,29.75,29.75,100
01/07/2021,29.71,29.71,29.71,29.71,29.71,100
02/07/2021,29.71,29.71,29.71,29.71,29.71,0
06/07/2021,29.71,29.71,29.71,29.71,29.71,0
07/07/2021,29.71,29.71,29.71,29.71,29.71,0
08/07/2021,29.75,29.75,29.68,29.68,29.68,1400
09/07/2021,30.0,32.0,30.0,32.0,32.0,3200
12/07/2021,32.0,33.0,32.0,33.0,33.0,600
13/07/2021,33.0,33.0,33.0,33.0,33.0,0
14/07/2021,34.71,34.75,33.0,34.75,34.75,1400
15/07/2021,34.75,34.75,34.75,34.75,34.75,0
16/07/2021,34.96,35.0,34.96,35.0,35.0,200
19/07/2021,34.96,34.96,34.96,34.96,34.96,100
20/07/2021,34.96,34.96,34.96,34.96,34.96,0
21/07/2021,35.0,35.0,35.0,35.0,35.0,100
22/07/2021,35.0,35.0,35.0,35.0,35.0,200
23/07/2021,33.0,33.0,33.0,33.0,33.0,200
26/07/2021,33.0,33.0,33.0,33.0,33.0,0
27/07/2021,33.0,33.0,33.0,33.0,33.0,0
28/07/2021,34.96,34.96,34.96,34.96,34.96,100
29/07/2021,34.96,34.96,34.96,34.96,34.96,0
30/07/2021,34.96,34.96,34.96,34.96,34.96,0
02/08/2021,34.96,34.96,34.96,34.96,34.96,0
03/08/2021,34.96,34.96,34.96,34.96,34.96,0
04/08/2021,34.96,34.96,34.96,34.96,34.96,0
05/08/2021,34.96,34.96,34.96,34.96,34.96,200
06/08/2021,34.96,34.96,34.96,34.96,34.96,0
09/08/2021,34.86,34.86,34.86,34.86,34.86,100
10/08/2021,34.71,34.96,34.71,34.96,34.96,300
11/08/2021,34.85,35.0,34.85,35.0,35.0,600
12/08/2021,35.0,35.0,35.0,35.0,35.0,700
13/08/2021,35.0,35.22,35.0,35.0,35.0,1800
16/08/2021,35.0,35.0,35.0,35.0,35.0,0
17/08/2021,32.5,32.5,31.06,31.06,31.06,200
18/08/2021,35.25,35.25,35.25,35.25,35.25,100
19/08/2021,35.25,35.25,35.25,35.25,35.25,0
20/08/2021,35.25,35.25,35.25,35.25,35.25,0
23/08/2021,35.25,35.25,35.25,35.25,35.25,0
24/08/2021,35.45,35.7,35.45,35.66,35.66,400
25/08/2021,35.45,35.66,35.0,35.66,35.66,1000
26/08/2021,35.65,35.65,35.0,35.0,35.0,2900
27/08/2021,35.0,35.0,35.0,35.0,35.0,0
30/08/2021,35.0,35.0,35.0,35.0,35.0,700
31/08/2021,34.5,35.0,34.5,35.0,35.0,700
01/09/2021,34.1,34.4,34.1,34.3,34.3,1500
02/09/2021,33.45,33.45,33.45,33.45,33.45,900
03/09/2021,33.45,33.45,33.45,33.45,33.45,100
07/09/2021,33.45,33.45,33.45,33.45,33.45,200
08/09/2021,33.45,33.45,33.45,33.45,33.45,0
09/09/2021,33.45,33.45,33.45,33.45,33.45,0
10/09/2021,33.45,33.45,33.45,33.45,33.45,0
13/09/2021,34.0,34.0,34.0,34.0,34.0,1000
14/09/2021,34.0,34.0,33.5,33.5,33.5,800
15/09/2021,33.5,33.5,33.5,33.5,33.5,100
16/09/2021,33.45,33.45,32.0,32.5,32.5,700
17/09/2021,32.5,32.5,32.5,32.5,32.5,0
20/09/2021,32.0,32.0,32.0,32.0,32.0,200
21/09/2021,32.0,32.0,32.0,32.0,32.0,0
22/09/2021,32.0,32.0,32.0,32.0,32.0,0
23/09/2021,32.0,32.0,32.0,32.0,32.0,0
24/09/2021,32.01,32.01,32.01,32.01,32.01,900
27/09/2021,32.01,32.01,32.01,32.01,32.01,0
28/09/2021,31.0,31.0,31.0,31.0,31.0,400
29/09/2021,30.5,32.0,30.5,32.0,32.0,1500
30/09/2021,32.0,32.0,32.0,32.0,32.0,200
01/10/2021,32.0,32.0,32.0,32.0,32.0,0
04/10/2021,32.0,32.0,32.0,32.0,32.0,0
05/10/2021,32.73,32.75,32.73,32.75,32.75,300
06/10/2021,32.75,32.75,32.75,32.75,32.75,0
07/10/2021,35.0,35.0,35.0,35.0,35.0,100
08/10/2021,35.0,35.0,35.0,35.0,35.0,0
11/10/2021,31.5,34.96,30.2,32.0,32.0,2200
12/10/2021,32.0,32.0,30.25,31.96,31.96,1300
13/10/2021,31.0,33.0,31.0,33.0,33.0,1100
14/10/2021,33.0,33.0,33.0,33.0,33.0,0
15/10/2021,33.0,33.0,33.0,33.0,33.0,0
18/10/2021,34.99,35.0,34.99,35.0,35.0,300
19/10/2021,35.0,35.0,35.0,35.0,35.0,0
20/10/2021,35.0,35.0,35.0,35.0,35.0,0
21/10/2021,35.0,35.0,35.0,35.0,35.0,0
22/10/2021,31.77,33.98,31.75,33.98,33.98,400
25/10/2021,33.94,33.94,33.94,33.94,33.94,200
26/10/2021,33.94,33.94,33.94,33.94,33.94,0
27/10/2021,33.94,33.94,33.94,33.94,33.94,0
28/10/2021,33.9,33.9,33.0,33.0,33.0,500
29/10/2021,33.0,33.0,33.0,33.0,33.0,0
01/11/2021,33.0,33.0,33.0,33.0,33.0,0
02/11/2021,33.0,33.0,33.0,33.0,33.0,0
03/11/2021,32.5,32.5,32.5,32.5,32.5,100
04/11/2021,32.5,32.5,32.5,32.5,32.5,0
05/11/2021,31.88,32.46,31.0,32.46,32.46,900
08/11/2021,32.46,32.46,32.46,32.46,32.46,0
09/11/2021,32.46,32.46,32.46,32.46,32.46,100
10/11/2021,32.46,32.46,32.46,32.46,32.46,0
11/11/2021,32.46,32.46,32.46,32.46,32.46,0
12/11/2021,32.46,32.46,32.46,32.46,32.46,0
15/11/2021,32.46,32.46,32.46,32.46,32.46,0
16/11/2021,32.46,32.46,32.46,32.46,32.46,0
17/11/2021,32.46,32.46,32.46,32.46,32.46,0
18/11/2021,32.46,32.46,32.46,32.46,32.46,0
19/11/2021,32.46,32.46,32.46,32.46,32.46,0
22/11/2021,31.75,32.46,31.49,32.46,32.46,3100
23/11/2021,31.3,31.3,31.25,31.26,31.26,2200
24/11/2021,31.2,32.5,31.2,32.5,32.5,800
26/11/2021,32.5,32.5,32.5,32.5,32.5,0
29/11/2021,32.0,32.0,32.0,32.0,32.0,100
30/11/2021,32.0,32.0,32.0,32.0,32.0,300
01/12/2021,32.0,32.0,32.0,32.0,32.0,0
02/12/2021,30.32,30.98,30.3,30.98,30.98,1500
03/12/2021,30.3,30.3,30.3,30.3,30.3,400
06/12/2021,31.94,31.94,31.0,31.0,31.0,500
07/12/2021,31.44,31.44,30.11,30.11,30.11,400
08/12/2021,30.11,30.11,30.11,30.11,30.11,100
09/12/2021,30.48,30.5,30.25,30.5,30.5,1400
10/12/2021,30.5,30.5,30.5,30.5,30.5,0
13/12/2021,30.96,30.96,30.96,30.96,30.96,100
14/12/2021,31.0,31.0,31.0,31.0,31.0,500
15/12/2021,31.0,31.0,31.0,31.0,31.0,0
16/12/2021,31.0,31.0,31.0,31.0,31.0,0
17/12/2021,31.0,31.0,31.0,31.0,31.0,0
20/12/2021,30.0,30.0,29.55,29.55,29.55,600
21/12/2021,29.55,29.55,29.55,29.55,29.55,0
22/12/2021,30.0,30.0,28.65,29.96,29.96,800
23/12/2021,29.96,29.96,29.96,29.96,29.96,0
27/12/2021,29.96,29.96,29.96,29.96,29.96,0
28/12/2021,29.96,29.96,29.96,29.96,29.96,0
29/12/2021,29.96,29.96,29.96,29.96,29.96,0
30/12/2021,29.96,29.96,29.96,29.96,29.96,0
31/12/2021,30.0,30.0,30.0,30.0,30.0,100
03/01/2022,30.0,30.0,30.0,30.0,30.0,0
04/01/2022,30.0,30.0,30.0,30.0,30.0,0
05/01/2022,30.0,30.0,30.0,30.0,30.0,0
06/01/2022,30.0,30.0,30.0,30.0,30.0,0
07/01/2022,30.96,30.96,30.96,30.96,30.96,100
10/01/2022,30.96,30.96,30.96,30.96,30.96,0
11/01/2022,29.75,30.0,29.75,30.0,30.0,1700
12/01/2022,30.0,30.0,29.53,29.53,29.53,600
13/01/2022,29.7,29.7,29.7,29.7,29.7,200
14/01/2022,29.7,29.7,29.7,29.7,29.7,0
18/01/2022,29.75,30.0,29.75,30.0,30.0,700
19/01/2022,30.0,30.0,30.0,30.0,30.0,0
20/01/2022,30.0,30.0,30.0,30.0,30.0,0
21/01/2022,29.5,29.5,29.25,29.25,29.25,500
24/01/2022,29.25,29.35,29.0,29.0,29.0,1400
25/01/2022,29.75,29.75,29.75,29.75,29.75,500
26/01/2022,29.5,29.5,29.0,29.0,29.0,500
27/01/2022,29.0,29.0,29.0,29.0,29.0,0
28/01/2022,29.0,29.73,29.0,29.6,29.6,1800
31/01/2022,29.6,31.5,29.6,31.5,31.5,2500
01/02/2022,31.5,32.0,31.47,31.5,31.5,16400
02/02/2022,31.0,31.0,31.0,31.0,31.0,100
03/02/2022,28.52,30.94,28.52,30.94,30.94,200
04/02/2022,29.95,30.94,29.95,30.94,30.94,1400
07/02/2022,30.94,30.94,30.94,30.94,30.94,0
08/02/2022,30.94,30.94,30.94,30.94,30.94,0
09/02/2022,30.94,30.94,30.94,30.94,30.94,0
10/02/2022,30.94,30.94,30.94,30.94,30.94,0
11/02/2022,30.94,30.94,30.94,30.94,30.94,0
14/02/2022,29.0,29.0,29.0,29.0,29.0,1000
15/02/2022,28.59,30.2,28.59,30.2,30.2,500
16/02/2022,28.55,30.94,28.52,30.94,30.94,400
17/02/2022,29.8,29.8,28.52,28.52,28.52,300
18/02/2022,28.52,28.52,28.52,28.52,28.52,0
22/02/2022,28.52,28.52,28.52,28.52,28.52,0
23/02/2022,27.49,27.49,27.0,27.0,27.0,700
24/02/2022,26.97,27.0,26.97,27.0,27.0,500
25/02/2022,29.76,29.76,29.76,29.76,29.76,100
28/02/2022,29.76,29.76,29.76,29.76,29.76,0
01/03/2022,29.76,29.76,29.76,29.76,29.76,0
02/03/2022,29.76,29.76,29.76,29.76,29.76,0
03/03/2022,29.76,29.76,29.76,29.76,29.76,0
04/03/2022,29.76,29.76,29.76,29.76,29.76,0
07/03/2022,29.0,29.0,29.0,29.0,29.0,200
08/03/2022,29.0,29.0,29.0,29.0,29.0,0
09/03/2022,29.0,29.0,29.0,29.0,29.0,0
10/03/2022,29.0,29.0,29.0,29.0,29.0,200
11/03/2022,27.02,27.02,27.02,27.02,27.02,200
14/03/2022,28.8,29.0,28.8,29.0,29.0,200
15/03/2022,29.0,29.0,29.0,29.0,29.0,0
16/03/2022,27.47,27.47,27.0,27.0,27.0,200
17/03/2022,28.0,29.0,28.0,29.0,29.0,1400
18/03/2022,27.25,27.25,27.25,27.25,27.25,200
21/03/2022,27.5,27.5,27.5,27.5,27.5,100
22/03/2022,27.5,27.5,27.5,27.5,27.5,0
23/03/2022,27.97,27.97,27.1,27.5,27.5,500
24/03/2022,27.5,27.5,27.5,27.5,27.5,0
25/03/2022,27.5,27.5,27.5,27.5,27.5,1000
28/03/2022,27.13,27.13,26.75,26.75,26.75,2000
29/03/2022,26.65,26.65,26.65,26.65,26.65,800
30/03/2022,26.45,27.1,26.35,27.1,27.1,4700
31/03/2022,27.8,27.8,27.8,27.8,27.8,500
01/04/2022,27.96,30.0,27.96,30.0,30.0,500
04/04/2022,28.0,28.0,26.5,26.5,26.5,900
05/04/2022,27.35,27.35,27.35,27.35,27.35,100
06/04/2022,27.35,27.35,27.35,27.35,27.35,0
07/04/2022,27.35,27.35,27.35,27.35,27.35,0
08/04/2022,27.35,27.35,27.35,27.35,27.35,0
11/04/2022,27.35,27.35,27.35,27.35,27.35,0
12/04/2022,27.35,27.35,27.35,27.35,27.35,0
13/04/2022,27.35,27.35,27.35,27.35,27.35,200
14/04/2022,27.0,27.0,27.0,27.0,27.0,100
18/04/2022,27.0,27.0,27.0,27.0,27.0,0
19/04/2022,27.15,27.15,27.15,27.15,27.15,200
20/04/2022,27.15,27.15,27.15,27.15,27.15,200
21/04/2022,27.1,27.15,27.1,27.15,27.15,1100
22/04/2022,27.15,27.15,27.15,27.15,27.15,0
25/04/2022,26.31,26.31,26.31,26.31,26.31,300
26/04/2022,26.31,26.31,26.31,26.31,26.31,0
27/04/2022,26.31,26.31,26.31,26.31,26.31,0
28/04/2022,26.31,26.31,26.31,26.31,26.31,0
29/04/2022,26.07,26.07,26.0,26.0,26.0,1000
02/05/2022,26.0,26.0,26.0,26.0,26.0,0
03/05/2022,26.0,26.0,26.0,26.0,26.0,0
04/05/2022,26.0,26.0,26.0,26.0,26.0,0
05/05/2022,26.0,26.0,26.0,26.0,26.0,0
06/05/2022,26.0,26.0,26.0,26.0,26.0,0
09/05/2022,25.4,25.4,25.4,25.4,25.4,300
10/05/2022,25.4,25.4,25.4,25.4,25.4,0
11/05/2022,25.4,25.4,25.4,25.4,25.4,0
12/05/2022,25.75,25.75,25.37,25.37,25.37,2300
13/05/2022,25.37,25.37,25.37,25.37,25.37,0
16/05/2022,25.33,25.33,25.0,25.0,25.0,300
17/05/2022,25.0,25.0,25.0,25.0,25.0,100
18/05/2022,24.52,24.52,24.52,24.52,24.52,200
19/05/2022,24.52,24.52,24.52,24.52,24.52,0
20/05/2022,24.52,24.52,24.52,24.52,24.52,0
23/05/2022,23.5,24.0,23.5,24.0,24.0,700
24/05/2022,24.0,24.0,24.0,24.0,24.0,0
25/05/2022,24.5,24.5,24.5,24.5,24.5,500
26/05/2022,24.5,24.5,24.5,24.5,24.5,0
27/05/2022,25.0,25.0,25.0,25.0,25.0,100
31/05/2022,24.75,24.75,24.75,24.75,24.75,500
01/06/2022,24.75,24.75,24.75,24.75,24.75,0
02/06/2022,24.25,24.25,24.01,24.01,24.01,600
03/06/2022,24.13,24.3,24.01,24.3,24.3,2300
06/06/2022,24.0,24.0,23.83,23.83,23.83,1600
07/06/2022,23.1,23.1,21.78,22.3,22.3,5100
08/06/2022,22.27,22.27,21.01,21.95,21.95,10000
09/06/2022,21.98,22.2,21.98,22.2,22.2,700
10/06/2022,22.2,22.2,22.2,22.2,22.2,0
13/06/2022,22.5,22.5,22.5,22.5,22.5,100
14/06/2022,22.5,22.5,22.5,22.5,22.5,0
15/06/2022,22.46,22.5,22.46,22.5,22.5,600
16/06/2022,22.5,22.5,22.5,22.5,22.5,0
17/06/2022,22.5,22.5,22.5,22.5,22.5,0
21/06/2022,21.34,21.97,21.34,21.97,21.97,300
22/06/2022,21.7,21.7,21.7,21.7,21.7,100
23/06/2022,21.8,22.0,21.8,22.0,22.0,900
24/06/2022,21.9,21.9,21.9,21.9,21.9,700
27/06/2022,21.8,21.8,21.8,21.8,21.8,200
28/06/2022,21.8,21.8,21.8,21.8,21.8,0
29/06/2022,21.8,21.8,21.8,21.8,21.8,0
30/06/2022,21.8,21.8,21.8,21.8,21.8,0
01/07/2022,21.8,21.8,21.8,21.8,21.8,0
05/07/2022,21.74,21.83,21.35,21.83,21.83,1200
06/07/2022,21.9,22.0,21.53,21.53,21.53,700
07/07/2022,21.53,21.53,21.53,21.53,21.53,0
08/07/2022,22.0,22.0,22.0,22.0,22.0,200
11/07/2022,22.0,22.0,22.0,22.0,22.0,0
12/07/2022,22.0,22.0,22.0,22.0,22.0,0
13/07/2022,22.0,22.0,22.0,22.0,22.0,0
14/07/2022,22.0,22.0,22.0,22.0,22.0,0
15/07/2022,22.0,22.0,22.0,22.0,22.0,0
18/07/2022,22.0,22.0,22.0,22.0,22.0,1200
19/07/2022,22.0,22.0,22.0,22.0,22.0,400
20/07/2022,22.0,22.0,22.0,22.0,22.0,100
21/07/2022,22.0,22.0,21.52,21.52,21.52,300
22/07/2022,21.26,21.26,21.26,21.26,21.26,100
25/07/2022,21.26,21.26,21.26,21.26,21.26,400
26/07/2022,21.26,21.26,21.26,21.26,21.26,0
27/07/2022,22.0,22.0,22.0,22.0,22.0,600
28/07/2022,22.0,22.0,22.0,22.0,22.0,200
29/07/2022,22.05,22.05,22.05,22.05,22.05,100
01/08/2022,22.05,22.05,22.05,22.05,22.05,0
02/08/2022,22.16,22.16,22.16,22.16,22.16,200
03/08/2022,21.75,21.75,21.0,21.0,21.0,400
04/08/2022,22.16,22.16,22.16,22.16,22.16,200
05/08/2022,21.0,21.47,21.0,21.47,21.47,200
08/08/2022,21.47,21.47,21.47,21.47,21.47,0
09/08/2022,21.12,21.47,21.12,21.47,21.47,200
10/08/2022,21.49,21.49,21.49,21.49,21.49,100
11/08/2022,21.49,21.5,21.26,21.5,21.5,1000
12/08/2022,21.59,21.6,21.3,21.6,21.6,800
15/08/2022,21.6,21.6,21.6,21.6,21.6,0
16/08/2022,21.7,22.2,21.7,22.2,22.2,300
17/08/2022,22.2,22.2,22.2,22.2,22.2,0
18/08/2022,22.2,22.2,22.2,22.2,22.2,0
19/08/2022,21.0,21.0,20.34,20.34,20.34,400
22/08/2022,21.0,21.0,21.0,21.0,21.0,400
23/08/2022,21.47,21.47,21.47,21.47,21.47,100
24/08/2022,21.47,21.47,21.47,21.47,21.47,0
25/08/2022,21.5,21.5,21.5,21.5,21.5,500
26/08/2022,21.5,21.5,21.5,21.5,21.5,0
29/08/2022,21.5,21.5,21.5,21.5,21.5,0
30/08/2022,21.5,21.5,21.5,21.5,21.5,0
31/08/2022,21.3,21.3,21.3,21.3,21.3,500
01/09/2022,21.5,21.5,21.5,21.5,21.5,200
02/09/2022,21.5,21.5,21.5,21.5,21.5,100
06/09/2022,21.5,21.5,21.5,21.5,21.5,300
07/09/2022,22.5,22.5,22.5,22.5,22.5,200
08/09/2022,22.0,22.0,22.0,22.0,22.0,200
09/09/2022,22.0,22.0,22.0,22.0,22.0,0
12/09/2022,22.0,22.0,22.0,22.0,22.0,0
13/09/2022,22.0,22.0,22.0,22.0,22.0,0
14/09/2022,22.0,22.0,22.0,22.0,22.0,0
15/09/2022,22.0,22.0,22.0,22.0,22.0,0
16/09/2022,22.0,22.0,22.0,22.0,22.0,0
19/09/2022,22.0,22.0,22.0,22.0,22.0,0
20/09/2022,22.0,22.0,22.0,22.0,22.0,0
21/09/2022,22.0,22.0,22.0,22.0,22.0,0
22/09/2022,22.0,22.0,22.0,22.0,22.0,0
23/09/2022,20.05,20.05,19.37,20.01,20.01,2500
26/09/2022,20.01,20.01,20.01,20.01,20.01,0
27/09/2022,19.86,19.86,18.65,18.65,18.65,700
28/09/2022,18.26,19.7,18.26,19.0,19.0,400
29/09/2022,17.73,17.73,17.73,17.73,17.73,100
30/09/2022,17.73,17.73,17.73,17.73,17.73,0
03/10/2022,17.73,17.73,17.73,17.73,17.73,0
04/10/2022,19.88,19.88,19.88,19.88,19.88,100
05/10/2022,19.88,19.88,19.88,19.88,19.88,0
06/10/2022,19.88,19.88,19.88,19.88,19.88,0
07/10/2022,19.88,19.88,19.88,19.88,19.88,0
10/10/2022,19.88,19.88,19.88,19.88,19.88,0
11/10/2022,19.88,19.88,19.88,19.88,19.88,0
12/10/2022,19.88,19.88,19.88,19.88,19.88,0
13/10/2022,19.88,19.88,19.88,19.88,19.88,100
14/10/2022,19.88,19.88,19.88,19.88,19.88,0
17/10/2022,19.88,19.88,19.88,19.88,19.88,0
18/10/2022,19.88,19.88,19.88,19.88,19.88,0
19/10/2022,19.88,19.88,19.88,19.88,19.88,0
20/10/2022,19.88,19.88,19.88,19.88,19.88,0
21/10/2022,19.88,19.88,19.88,19.88,19.88,0
24/10/2022,19.88,19.88,19.88,19.88,19.88,0
25/10/2022,19.88,19.88,19.88,19.88,19.88,0
26/10/2022,19.88,19.88,19.88,19.88,19.88,0
27/10/2022,19.88,19.88,19.88,19.88,19.88,0
28/10/2022,19.46,19.46,19.46,19.46,19.46,300
31/10/2022,19.5,19.5,18.5,18.5,18.5,1100
01/11/2022,17.82,17.84,17.8,17.8,17.8,900
02/11/2022,17.11,17.11,17.0,17.0,17.0,3500
03/11/2022,17.72,17.72,17.72,17.72,17.72,400
04/11/2022,17.72,17.72,17.72,17.72,17.72,0
07/11/2022,17.5,17.5,17.0,17.0,17.0,1200
08/11/2022,17.2,17.2,16.78,16.78,16.78,800
09/11/2022,17.0,17.0,16.61,16.61,16.61,900
10/11/2022,17.1,17.23,16.8,17.23,17.23,3700
11/11/2022,17.25,19.0,17.23,19.0,19.0,1300
14/11/2022,19.0,19.0,19.0,19.0,19.0,200
15/11/2022,18.0,18.0,18.0,18.0,18.0,500
16/11/2022,17.91,17.91,17.91,17.91,17.91,100
17/11/2022,17.91,17.91,17.91,17.91,17.91,0
18/11/2022,18.0,18.0,17.91,17.91,17.91,600
21/11/2022,17.91,17.91,17.91,17.91,17.91,0
22/11/2022,17.91,17.91,17.91,17.91,17.91,0
23/11/2022,17.5,17.5,17.5,17.5,17.5,100
25/11/2022,17.5,17.5,17.5,17.5,17.5,0
28/11/2022,17.5,17.5,17.5,17.5,17.5,0
29/11/2022,17.5,17.52,17.5,17.52,17.52,500
30/11/2022,17.0,17.0,17.0,17.0,17.0,100
01/12/2022,16.98,16.98,16.98,16.98,16.98,200
02/12/2022,16.8,16.84,16.1,16.84,16.84,3800
05/12/2022,16.84,16.84,16.84,16.84,16.84,0
06/12/2022,16.84,16.84,16.84,16.84,16.84,0
07/12/2022,16.84,16.84,16.84,16.84,16.84,0
08/12/2022,16.5,16.5,16.5,16.5,16.5,200
09/12/2022,16.2,16.2,15.0,15.01,15.01,5200
12/12/2022,15.5,15.5,14.8,14.8,14.8,1500
13/12/2022,14.8,14.8,14.05,14.48,14.48,4400
14/12/2022,13.5,14.33,13.5,14.33,14.33,1200
15/12/2022,14.33,14.33,14.33,14.33,14.33,100
16/12/2022,14.33,14.33,14.33,14.33,14.33,0
19/12/2022,14.33,14.33,14.33,14.33,14.33,0
20/12/2022,14.18,14.18,14.18,14.18,14.18,500
21/12/2022,14.18,14.18,14.18,14.18,14.18,0
22/12/2022,14.2,14.2,14.2,14.2,14.2,1000
23/12/2022,14.2,14.28,14.2,14.28,14.28,600
27/12/2022,14.1,14.1,13.83,13.9,13.9,3200
28/12/2022,13.9,13.9,13.9,13.9,13.9,0
29/12/2022,12.25,13.85,12.25,13.85,13.85,1100
30/12/2022,13.85,13.85,13.85,13.85,13.85,0
03/01/2023,13.85,13.85,13.85,13.85,13.85,0
04/01/2023,13.85,13.85,13.85,13.85,13.85,0
05/01/2023,13.56,13.56,13.56,13.56,13.56,300
06/01/2023,13.56,13.56,13.56,13.56,13.56,0
09/01/2023,13.8,14.0,13.8,14.0,14.0,1300
10/01/2023,14.2,14.5,14.2,14.5,14.5,600
11/01/2023,14.8,14.8,14.6,14.76,14.76,900
12/01/2023,14.8,15.25,14.3,15.2,15.2,3600
13/01/2023,15.5,15.65,15.5,15.63,15.63,1100
17/01/2023,15.7,15.7,15.67,15.67,15.67,200
18/01/2023,15.67,15.67,15.67,15.67,15.67,0
19/01/2023,15.67,15.67,15.67,15.67,15.67,0
20/01/2023,15.67,15.67,15.67,15.67,15.67,0
23/01/2023,15.67,15.67,15.67,15.67,15.67,0
24/01/2023,15.67,15.67,15.67,15.67,15.67,0
25/01/2023,15.5,15.5,15.5,15.5,15.5,500
26/01/2023,15.7,15.7,15.7,15.7,15.7,300
27/01/2023,17.0,17.0,17.0,17.0,17.0,300
30/01/2023,17.0,17.0,17.0,17.0,17.0,0
31/01/2023,17.0,17.0,17.0,17.0,17.0,0
01/02/2023,17.0,17.0,17.0,17.0,17.0,100
02/02/2023,17.0,17.0,15.5,16.99,16.99,1400
03/02/2023,19.5,19.5,16.99,16.99,16.99,300
06/02/2023,16.99,16.99,16.99,16.99,16.99,0
07/02/2023,17.0,17.0,17.0,17.0,17.0,100
08/02/2023,17.0,17.0,17.0,17.0,17.0,0
09/02/2023,17.0,17.0,17.0,17.0,17.0,0
10/02/2023,17.0,17.0,17.0,17.0,17.0,0
13/02/2023,17.0,17.0,17.0,17.0,17.0,300
14/02/2023,16.01,16.5,15.75,16.5,16.5,1900
15/02/2023,16.9,16.9,16.9,16.9,16.9,100
16/02/2023,16.9,16.95,16.9,16.95,16.95,500
17/02/2023,17.0,17.0,16.83,17.0,17.0,1100
21/02/2023,17.0,17.0,17.0,17.0,17.0,0
22/02/2023,17.0,17.5,17.0,17.5,17.5,1000
23/02/2023,17.5,17.5,16.75,16.75,16.75,800
24/02/2023,17.0,17.0,17.0,17.0,17.0,300
27/02/2023,17.0,17.0,17.0,17.0,17.0,0
28/02/2023,17.0,17.0,17.0,17.0,17.0,400
01/03/2023,17.0,17.0,17.0,17.0,17.0,0
02/03/2023,16.5,16.5,16.5,16.5,16.5,200
03/03/2023,17.28,17.49,16.5,17.0,17.0,1600
06/03/2023,17.0,17.0,17.0,17.0,17.0,0
07/03/2023,16.5,16.5,16.5,16.5,16.5,100
08/03/2023,16.5,16.5,16.5,16.5,16.5,0
09/03/2023,16.5,16.5,16.5,16.5,16.5,0
10/03/2023,16.55,16.55,16.0,16.3,16.3,1500
13/03/2023,16.3,16.3,16.3,16.3,16.3,300
14/03/2023,16.0,16.3,16.0,16.3,16.3,200
15/03/2023,16.3,16.3,16.3,16.3,16.3,0
16/03/2023,16.3,16.3,16.3,16.3,16.3,0
17/03/2023,16.01,16.01,16.0,16.0,16.0,1300
20/03/2023,16.0,16.0,16.0,16.0,16.0,800
21/03/2023,16.15,17.0,16.15,16.5,16.5,2900
22/03/2023,16.5,16.5,16.5,16.5,16.5,0
23/03/2023,16.5,16.5,16.5,16.5,16.5,0
24/03/2023,16.5,16.5,16.5,16.5,16.5,0
27/03/2023,16.68,16.68,16.45,16.45,16.45,700
28/03/2023,16.45,16.45,16.45,16.45,16.45,0
29/03/2023,16.75,16.86,16.75,16.86,16.86,400
30/03/2023,16.86,16.86,16.86,16.86,16.86,0
31/03/2023,16.86,16.86,16.86,16.86,16.86,0
03/04/2023,16.86,16.93,16.85,16.85,16.85,400
04/04/2023,16.85,17.0,16.85,17.0,17.0,3100
05/04/2023,16.5,17.0,16.5,17.0,17.0,400
06/04/2023,17.25,17.25,17.25,17.25,17.25,300
10/04/2023,17.25,17.25,17.08,17.25,17.25,300
11/04/2023,17.35,17.35,17.0,17.0,17.0,400
12/04/2023,17.0,17.0,17.0,17.0,17.0,200
13/04/2023,17.0,17.0,17.0,17.0,17.0,0
14/04/2023,17.0,17.0,17.0,17.0,17.0,0
17/04/2023,17.1,17.2,16.9,17.2,17.2,300
18/04/2023,16.93,16.93,16.93,16.93,16.93,300
19/04/2023,16.93,16.93,16.93,16.93,16.93,0
20/04/2023,16.93,16.93,16.93,16.93,16.93,0
21/04/2023,16.93,16.93,16.93,16.93,16.93,0
24/04/2023,16.93,16.93,16.93,16.93,16.93,0
25/04/2023,16.88,16.88,16.7,16.7,16.7,700
26/04/2023,16.7,16.7,16.7,16.7,16.7,0
27/04/2023,17.0,17.22,17.0,17.22,17.22,400
28/04/2023,17.22,17.22,17.22,17.22,17.22,0
01/05/2023,16.85,16.85,16.85,16.85,16.85,300
02/05/2023,16.99,17.0,16.8,16.81,16.81,600
03/05/2023,16.99,17.0,16.99,17.0,17.0,200
04/05/2023,16.8,16.8,16.75,16.75,16.75,300
05/05/2023,16.75,16.75,16.75,16.75,16.75,400
08/05/2023,16.85,16.85,16.85,16.85,16.85,200
09/05/2023,17.31,20.2,17.31,19.35,19.35,15400
10/05/2023,20.69,21.0,20.0,21.0,21.0,6000
11/05/2023,20.5,20.97,20.5,20.97,20.97,300
12/05/2023,20.75,21.0,20.75,21.0,21.0,1700
15/05/2023,21.0,21.0,20.75,21.0,21.0,1900
16/05/2023,21.0,21.7,21.0,21.7,21.7,1400
17/05/2023,21.67,22.0,21.5,21.5,21.5,13100
18/05/2023,22.0,22.6,22.0,22.5,22.5,4800
19/05/2023,22.5,22.5,22.48,22.5,22.5,4600
22/05/2023,22.8,24.75,22.8,23.01,23.01,2500
23/05/2023,23.58,24.02,23.5,23.89,23.89,6900
24/05/2023,24.0,24.0,22.5,22.5,22.5,2300
25/05/2023,22.5,22.5,22.5,22.5,22.5,300
26/05/2023,23.51,24.2,23.51,24.2,24.2,1000
30/05/2023,24.2,24.2,22.52,22.55,22.55,2300
31/05/2023,22.5,24.2,22.5,24.2,24.2,2900
01/06/2023,24.0,24.0,23.96,24.0,24.0,700
02/06/2023,23.56,23.56,22.86,22.86,22.86,3000
05/06/2023,24.2,24.21,22.91,22.91,22.91,2200
06/06/2023,24.0,25.0,24.0,25.0,25.0,3400
07/06/2023,25.0,25.3,25.0,25.3,25.3,3900
08/06/2023,25.1,25.1,23.11,23.12,23.12,3200
09/06/2023,23.11,24.98,23.11,24.98,24.98,2600
12/06/2023,24.98,25.82,24.98,25.8,25.8,3100
13/06/2023,25.8,25.8,25.01,25.01,25.01,1300
14/06/2023,24.76,25.6,24.76,25.6,25.6,1200
15/06/2023,25.59,25.59,25.0,25.2,25.2,1300
16/06/2023,25.19,25.56,23.55,25.56,25.56,1000
20/06/2023,24.57,25.6,24.0,24.0,24.0,4300
21/06/2023,24.44,24.44,24.44,24.44,24.44,500
22/06/2023,25.47,25.5,25.0,25.0,25.0,600
23/06/2023,25.0,25.0,25.0,25.0,25.0,700
26/06/2023,25.0,25.0,24.5,24.5,24.5,1300
27/06/2023,23.83,24.15,23.54,23.54,23.54,2200
28/06/2023,23.54,24.0,23.54,23.54,23.54,1300
29/06/2023,23.54,23.54,23.54,23.54,23.54,700
30/06/2023,23.47,23.47,23.12,23.13,23.13,700
03/07/2023,23.13,23.13,23.13,23.13,23.13,0
05/07/2023,23.13,23.13,23.13,23.13,23.13,0
06/07/2023,23.2,25.22,23.2,25.22,25.22,1000
07/07/2023,24.44,24.44,24.15,24.15,24.15,500
10/07/2023,25.1,25.15,25.1,25.15,25.15,1100
11/07/2023,25.15,25.15,25.15,25.15,25.15,100
12/07/2023,24.45,24.45,23.5,23.51,23.51,1600
13/07/2023,23.9,25.0,23.9,25.0,25.0,600
14/07/2023,25.05,25.05,23.93,25.05,25.05,800
17/07/2023,24.4,24.75,23.28,24.47,24.47,3300
18/07/2023,24.01,26.06,24.0,25.0,25.0,5100
19/07/2023,25.25,26.0,24.87,24.87,24.87,1600
20/07/2023,26.06,26.06,25.02,26.02,26.02,2000
21/07/2023,26.05,26.22,25.16,26.22,26.22,3300
24/07/2023,26.24,29.0,26.24,27.38,27.38,8600
25/07/2023,27.0,28.0,27.0,27.75,27.75,4900
26/07/2023,28.06,28.4,27.2,28.0,28.0,2300
27/07/2023,28.0,28.0,28.0,28.0,28.0,600
28/07/2023,28.0,28.0,27.0,27.93,27.93,3000
31/07/2023,27.95,27.98,25.01,27.98,27.98,4200
01/08/2023,27.01,27.59,26.01,27.59,27.59,4000
02/08/2023,27.9,30.64,27.9,30.64,30.64,7900
03/08/2023,29.8,29.8,29.8,29.8,29.8,1500
04/08/2023,28.5,29.63,27.1,29.55,29.55,2000
07/08/2023,29.8,30.64,29.57,29.97,29.97,5000
08/08/2023,30.0,30.0,30.0,30.0,30.0,1200
09/08/2023,32.0,33.33,31.5,32.19,32.19,11100
10/08/2023,32.2,34.97,31.29,33.12,33.12,2900
11/08/2023,32.99,34.0,32.94,32.94,32.94,2600
14/08/2023,33.0,33.95,33.0,33.95,33.95,400
15/08/2023,29.57,34.0,29.57,34.0,34.0,2900
16/08/2023,34.0,34.63,31.45,31.99,31.99,6600
17/08/2023,31.03,31.5,29.5,29.69,29.69,4500
18/08/2023,29.65,30.95,26.0,29.66,29.66,7600
21/08/2023,29.67,29.67,29.66,29.66,29.66,500
22/08/2023,29.84,29.97,29.84,29.97,29.97,200
23/08/2023,29.96,29.96,29.96,29.96,29.96,900
24/08/2023,29.89,29.89,29.5,29.6,29.6,300
25/08/2023,29.6,29.6,29.6,29.6,29.6,0
28/08/2023,28.0,29.25,28.0,29.25,29.25,2600
29/08/2023,27.0,29.89,26.96,29.86,29.86,9300
30/08/2023,28.75,28.75,28.75,28.75,28.75,200
31/08/2023,28.75,28.75,28.75,28.75,28.75,1600
01/09/2023,29.29,33.99,29.29,33.99,33.99,1300
05/09/2023,34.24,34.24,33.65,33.65,33.65,1500
06/09/2023,33.65,33.65,33.65,33.65,33.65,0
07/09/2023,31.03,32.82,29.86,31.0,31.0,900
08/09/2023,32.92,32.92,32.92,32.92,32.92,300
11/09/2023,31.51,31.51,30.0,30.0,30.0,1600
12/09/2023,30.02,30.02,30.02,30.02,30.02,400
13/09/2023,30.02,31.0,30.02,31.0,31.0,700
14/09/2023,30.02,31.0,28.0,29.97,29.97,2900
15/09/2023,30.0,30.0,30.0,30.0,30.0,500
18/09/2023,30.0,30.0,29.5,29.5,29.5,1600
19/09/2023,29.5,29.5,29.5,29.5,29.5,100
20/09/2023,29.89,29.91,29.89,29.91,29.91,300
21/09/2023,29.91,29.91,29.91,29.91,29.91,0
22/09/2023,29.53,29.53,29.5,29.5,29.5,1400
25/09/2023,30.0,30.0,29.8,29.8,29.8,400
26/09/2023,29.8,29.8,29.8,29.8,29.8,0
27/09/2023,29.8,29.8,29.8,29.8,29.8,0
28/09/2023,29.0,29.0,28.05,28.08,28.08,400
29/09/2023,28.08,28.08,28.08,28.08,28.08,0
02/10/2023,28.08,28.09,28.08,28.08,28.08,1400
03/10/2023,28.0,28.25,28.0,28.0,28.0,2600
04/10/2023,28.01,28.01,28.01,28.01,28.01,400
05/10/2023,28.01,28.01,28.01,28.01,28.01,0
06/10/2023,28.01,28.01,28.01,28.01,28.01,0
09/10/2023,28.01,28.01,28.01,28.01,28.01,100
10/10/2023,28.01,28.01,28.01,28.01,28.01,0
11/10/2023,28.28,28.28,28.28,28.28,28.28,300
12/10/2023,28.1,28.1,28.1,28.1,28.1,700
13/10/2023,28.02,28.02,28.0,28.0,28.0,300
16/10/2023,28.01,28.2,28.01,28.2,28.2,2500
17/10/2023,28.0,28.3,28.0,28.0,28.0,1000
18/10/2023,27.76,27.93,27.76,27.93,27.93,700
19/10/2023,27.61,27.61,27.0,27.25,27.25,1700
20/10/2023,27.25,27.25,27.25,27.25,27.25,0
23/10/2023,28.62,28.99,28.62,28.99,28.99,400
24/10/2023,28.99,28.99,28.99,28.99,28.99,0
25/10/2023,28.99,28.99,28.99,28.99,28.99,0
26/10/2023,28.99,28.99,28.99,28.99,28.99,0
27/10/2023,27.36,27.36,27.35,27.35,27.35,300
30/10/2023,27.35,27.35,27.0,27.0,27.0,1100
31/10/2023,27.0,27.0,27.0,27.0,27.0,0
01/11/2023,26.77,26.77,26.77,26.77,26.77,100
02/11/2023,26.75,28.98,26.75,28.97,28.97,3800
03/11/2023,28.97,28.97,28.97,28.97,28.97,0
06/11/2023,28.97,28.97,28.97,28.97,28.97,0
07/11/2023,28.8,28.8,28.8,28.8,28.8,100
08/11/2023,28.8,28.8,28.8,28.8,28.8,0
09/11/2023,28.8,28.8,28.8,28.8,28.8,0
10/11/2023,28.98,28.98,28.98,28.98,28.98,500
13/11/2023,28.98,28.98,28.98,28.98,28.98,0
14/11/2023,28.98,28.98,28.98,28.98,28.98,500
15/11/2023,28.98,28.98,28.98,28.98,28.98,0
16/11/2023,28.98,28.98,28.98,28.98,28.98,0
17/11/2023,28.98,28.98,28.98,28.98,28.98,0
20/11/2023,29.17,29.17,27.96,27.96,27.96,1200
21/11/2023,27.96,27.96,27.96,27.96,27.96,0
22/11/2023,27.0,27.13,26.92,26.92,26.92,1600
24/11/2023,26.51,26.51,26.51,26.51,26.51,100
27/11/2023,26.7,26.7,26.6,26.6,26.6,700
28/11/2023,26.4,26.4,26.0,26.16,26.16,1400
29/11/2023,26.59,26.6,26.59,26.6,26.6,500
30/11/2023,26.0,26.07,26.0,26.07,26.07,2400
01/12/2023,26.16,27.98,26.16,27.06,27.06,2300
04/12/2023,27.06,27.06,27.06,27.06,27.06,0
05/12/2023,27.36,27.36,27.36,27.36,27.36,100
06/12/2023,27.96,27.96,27.96,27.96,27.96,400
07/12/2023,27.75,27.75,27.1,27.1,27.1,800
08/12/2023,27.0,27.0,26.9,26.9,26.9,1200
11/12/2023,27.97,27.97,26.07,26.5,26.5,7600
12/12/2023,26.5,26.5,26.5,26.5,26.5,0
13/12/2023,27.0,27.0,27.0,27.0,27.0,200
14/12/2023,26.55,33.0,26.14,28.0,28.0,1800
15/12/2023,32.0,32.0,31.75,31.75,31.75,1600
18/12/2023,30.9,31.0,29.75,29.75,29.75,600
19/12/2023,29.7,32.0,29.5,32.0,32.0,3700
20/12/2023,32.0,32.0,32.0,32.0,32.0,1600
21/12/2023,32.0,32.0,32.0,32.0,32.0,0
22/12/2023,32.0,32.0,32.0,32.0,32.0,0
26/12/2023,32.0,32.0,32.0,32.0,32.0,400
27/12/2023,31.5,33.0,31.5,33.0,33.0,2500
28/12/2023,34.0,34.0,34.0,34.0,34.0,300
29/12/2023,34.24,34.24,31.02,31.02,31.02,1800
02/01/2024,32.0,32.0,32.0,32.0,32.0,200
03/01/2024,32.0,32.0,32.0,32.0,32.0,1000
04/01/2024,31.65,31.65,31.0,31.0,31.0,1800
05/01/2024,31.04,32.21,31.04,32.21,32.21,500
08/01/2024,29.04,32.74,29.04,32.74,32.74,1500
09/01/2024,32.74,32.74,31.8,32.0,32.0,700
10/01/2024,32.74,33.0,32.65,33.0,33.0,2900
11/01/2024,33.0,33.0,33.0,33.0,33.0,0
12/01/2024,34.05,34.75,34.05,34.25,34.25,3500
16/01/2024,34.25,34.25,34.25,34.25,34.25,0
17/01/2024,34.28,34.4,34.25,34.25,34.25,2100
18/01/2024,34.5,34.75,34.5,34.75,34.75,1300
19/01/2024,34.75,34.75,34.75,34.75,34.75,500
22/01/2024,34.75,34.75,34.75,34.75,34.75,0
23/01/2024,34.25,34.25,33.0,33.5,33.5,2500
24/01/2024,34.8,34.8,34.5,34.5,34.5,500
25/01/2024,34.5,34.5,34.5,34.5,34.5,2600
26/01/2024,34.5,34.5,34.5,34.5,34.5,200
29/01/2024,37.1,37.1,37.1,37.1,37.1,600
30/01/2024,37.1,37.1,37.1,37.1,37.1,0
31/01/2024,37.0,37.0,37.0,37.0,37.0,400
01/02/2024,32.52,36.55,32.52,36.55,36.55,700
02/02/2024,35.5,36.0,32.36,36.0,36.0,1100
05/02/2024,34.0,35.0,33.01,35.0,35.0,2000
06/02/2024,35.0,35.0,35.0,35.0,35.0,0
07/02/2024,35.01,36.95,35.01,36.95,36.95,500
08/02/2024,36.99,37.5,36.8,37.0,37.0,2300
09/02/2024,37.0,37.0,37.0,37.0,37.0,0
12/02/2024,36.75,39.0,36.75,39.0,39.0,1000
13/02/2024,39.0,39.0,39.0,39.0,39.0,0
14/02/2024,38.0,38.7,38.0,38.2,38.2,1300
15/02/2024,38.01,39.99,38.0,39.99,39.99,2000
16/02/2024,39.99,40.0,37.6,38.0,38.0,8800
20/02/2024,38.0,38.0,37.49,37.99,37.99,3600
21/02/2024,37.75,38.0,37.75,38.0,38.0,700
22/02/2024,38.99,40.25,37.0,38.0,38.0,4400
23/02/2024,37.0,38.21,36.63,36.67,36.67,4900
26/02/2024,38.0,38.07,37.25,38.0,38.0,4000
27/02/2024,38.73,38.73,38.0,38.5,38.5,3900
28/02/2024,38.5,38.5,38.5,38.5,38.5,0
29/02/2024,38.96,38.96,38.3,38.3,38.3,300
01/03/2024,38.3,38.3,38.3,38.3,38.3,0
04/03/2024,39.0,42.3,38.65,38.65,38.65,3700
05/03/2024,44.0,44.0,40.0,40.0,40.0,2300
06/03/2024,40.0,40.0,40.0,40.0,40.0,1700
07/03/2024,40.0,40.0,39.5,39.5,39.5,1100
08/03/2024,40.0,40.0,40.0,40.0,40.0,800
11/03/2024,40.0,42.0,40.0,41.0,41.0,1300
12/03/2024,41.0,41.05,40.55,41.05,41.05,7600
13/03/2024,42.0,42.0,41.0,41.0,41.0,700
14/03/2024,41.38,41.5,41.38,41.4,41.4,2000
15/03/2024,41.5,43.0,41.47,43.0,43.0,1600
18/03/2024,43.0,44.0,43.0,44.0,44.0,1200
19/03/2024,44.0,44.0,44.0,44.0,44.0,0
20/03/2024,44.0,44.0,44.0,44.0,44.0,1200
21/03/2024,43.9,43.9,43.9,43.9,43.9,200
22/03/2024,43.5,44.0,43.5,44.0,44.0,11700
25/03/2024,44.5,44.5,44.4,44.5,44.5,3100
26/03/2024,44.0,44.0,43.75,43.75,43.75,600
27/03/2024,44.0,44.45,44.0,44.45,44.45,1400
28/03/2024,44.25,44.25,43.75,44.0,44.0,1600
01/04/2024,43.5,43.5,43.25,43.25,43.25,400
02/04/2024,40.0,40.0,39.52,40.0,40.0,3700
03/04/2024,40.3,42.1,40.3,41.09,41.09,2100
04/04/2024,41.0,41.0,41.0,41.0,41.0,1000
05/04/2024,41.5,41.7,41.5,41.5,41.5,1200
08/04/2024,40.0,42.0,40.0,42.0,42.0,400
09/04/2024,40.01,40.5,40.0,40.0,40.0,1400
10/04/2024,40.01,40.01,40.01,40.01,40.01,300
11/04/2024,41.0,41.5,41.0,41.5,41.5,7400
12/04/2024,41.5,41.5,41.5,41.5,41.5,0
15/04/2024,41.5,41.5,41.5,41.5,41.5,0
16/04/2024,40.11,41.5,40.11,41.5,41.5,2200
17/04/2024,41.3,41.3,41.3,41.3,41.3,400
18/04/2024,41.5,41.5,41.5,41.5,41.5,1200
19/04/2024,37.01,41.5,37.01,41.5,41.5,6000
22/04/2024,37.02,41.5,37.02,41.5,41.5,3300
23/04/2024,41.5,42.0,41.5,42.0,42.0,1100
24/04/2024,41.1,41.1,41.1,41.1,41.1,300
25/04/2024,41.1,41.1,41.1,41.1,41.1,0
26/04/2024,41.1,41.1,41.1,41.1,41.1,0
29/04/2024,41.1,41.1,41.0,41.0,41.0,500
30/04/2024,41.0,41.0,40.5,40.55,40.55,3800
01/05/2024,40.5,40.54,40.5,40.5,40.5,1600
02/05/2024,41.5,42.0,41.5,42.0,42.0,300
03/05/2024,42.0,42.0,42.0,42.0,42.0,0
06/05/2024,40.5,41.25,40.5,40.5,40.5,1300
07/05/2024,40.5,40.5,40.5,40.5,40.5,400
08/05/2024,40.5,40.5,40.5,40.5,40.5,0
09/05/2024,40.85,40.85,40.85,40.85,40.85,200
10/05/2024,40.5,40.5,40.5,40.5,40.5,900
13/05/2024,40.7,40.7,40.7,40.7,40.7,100
14/05/2024,40.0,40.36,40.0,40.36,40.36,1100
15/05/2024,40.36,40.36,40.36,40.36,40.36,0
16/05/2024,40.5,40.5,40.5,40.5,40.5,100
17/05/2024,40.5,40.5,40.5,40.5,40.5,0
20/05/2024,40.46,40.46,40.46,40.46,40.46,100
21/05/2024,40.46,40.46,40.46,40.46,40.46,0
22/05/2024,40.46,40.46,40.46,40.46,40.46,0
23/05/2024,40.46,40.46,40.0,40.0,40.0,400
24/05/2024,40.0,40.0,40.0,40.0,40.0,0
28/05/2024,40.0,40.0,40.0,40.0,40.0,0
29/05/2024,40.0,40.0,40.0,40.0,40.0,100
30/05/2024,39.75,39.75,39.5,39.75,39.75,1500
31/05/2024,39.5,39.5,39.1,39.5,39.5,600
03/06/2024,39.1,39.1,39.1,39.1,39.1,500
04/06/2024,39.1,39.1,39.1,39.1,39.1,0
05/06/2024,38.16,39.0,38.0,38.0,38.0,600
06/06/2024,37.5,37.5,37.5,37.5,37.5,300
07/06/2024,37.5,37.5,37.5,37.5,37.5,100
10/06/2024,37.03,37.03,36.8,36.8,36.8,1100
11/06/2024,36.7,36.7,36.7,36.7,36.7,100
12/06/2024,36.51,36.59,36.0,36.0,36.0,2100
13/06/2024,36.0,36.0,36.0,36.0,36.0,300
14/06/2024,35.85,35.91,35.5,35.91,35.91,500
17/06/2024,35.5,35.5,35.45,35.45,35.45,300
18/06/2024,35.02,35.02,35.02,35.02,35.02,300
20/06/2024,35.0,35.0,34.9,34.9,34.9,300
21/06/2024,34.9,34.9,34.9,34.9,34.9,0
24/06/2024,34.5,34.5,34.0,34.0,34.0,300
25/06/2024,33.7,33.7,33.0,33.0,33.0,4400
26/06/2024,33.0,33.0,33.0,33.0,33.0,0
27/06/2024,33.3,33.3,33.25,33.25,33.25,300
28/06/2024,33.5,33.5,33.5,33.5,33.5,300
01/07/2024,33.52,33.52,33.0,33.0,33.0,300
02/07/2024,33.5,35.0,33.0,33.1,33.1,6500
03/07/2024,33.1,33.1,33.08,33.1,33.1,1400
05/07/2024,33.1,35.0,33.1,35.0,35.0,2100
08/07/2024,35.0,35.0,35.0,35.0,35.0,0
09/07/2024,38.0,38.0,38.0,38.0,38.0,100
10/07/2024,38.0,38.0,38.0,38.0,38.0,0
11/07/2024,36.5,38.0,36.5,38.0,38.0,700
12/07/2024,38.0,38.0,38.0,38.0,38.0,0
15/07/2024,40.0,40.0,40.0,40.0,40.0,100
16/07/2024,40.0,40.0,40.0,40.0,40.0,0
17/07/2024,40.0,40.0,40.0,40.0,40.0,0
18/07/2024,37.5,37.5,37.5,37.5,37.5,1000
19/07/2024,37.5,37.5,37.5,37.5,37.5,0
22/07/2024,37.51,37.56,37.51,37.55,37.55,1000
23/07/2024,37.55,37.55,37.55,37.55,37.55,0
24/07/2024,37.52,39.0,37.51,39.0,39.0,900
25/07/2024,37.54,37.54,37.5,37.5,37.5,1500
26/07/2024,38.55,38.55,38.55,38.55,38.55,500
29/07/2024,38.65,38.65,38.65,38.65,38.65,300
30/07/2024,39.0,39.0,39.0,39.0,39.0,500
31/07/2024,39.75,39.75,39.75,39.75,39.75,300
01/08/2024,39.75,39.75,39.75,39.75,39.75,0
02/08/2024,38.5,38.9,35.72,38.9,38.9,3600
05/08/2024,35.52,38.12,35.52,36.08,36.08,2800
06/08/2024,38.1,38.1,38.1,38.1,38.1,200
07/08/2024,38.1,38.1,38.1,38.1,38.1,0
08/08/2024,38.1,38.1,38.1,38.1,38.1,300
09/08/2024,38.0,38.0,37.0,37.0,37.0,3200
12/08/2024,36.26,36.26,36.26,36.26,36.26,400
13/08/2024,35.76,36.26,35.76,36.26,36.26,700
14/08/2024,36.0,36.0,34.99,34.99,34.99,1100
15/08/2024,35.0,35.0,34.0,34.0,34.0,2400
16/08/2024,35.0,35.0,35.0,35.0,35.0,300
19/08/2024,35.0,35.0,34.0,34.3,34.3,2100
20/08/2024,34.3,34.35,34.3,34.35,34.35,3800
21/08/2024,34.35,34.35,34.35,34.35,34.35,0
22/08/2024,34.35,34.35,34.35,34.35,34.35,0
23/08/2024,34.35,34.35,34.35,34.35,34.35,0
26/08/2024,36.06,36.06,34.5,34.5,34.5,1200
27/08/2024,34.5,34.5,34.5,34.5,34.5,0
28/08/2024,36.05,36.1,36.05,36.1,36.1,300
29/08/2024,36.1,36.1,36.1,36.1,36.1,100
30/08/2024,36.1,36.1,36.1,36.1,36.1,0
03/09/2024,37.5,37.53,37.49,37.5,37.5,2000
04/09/2024,37.25,37.25,37.25,37.25,37.25,1900
05/09/2024,38.0,38.0,37.06,37.06,37.06,500
06/09/2024,37.06,37.06,37.06,37.06,37.06,0
09/09/2024,37.0,38.0,37.0,38.0,38.0,1100
10/09/2024,38.0,38.0,38.0,38.0,38.0,0
11/09/2024,38.0,38.0,38.0,38.0,38.0,0
12/09/2024,38.0,38.0,38.0,38.0,38.0,500
13/09/2024,40.0,40.0,38.0,38.0,38.0,1300
16/09/2024,38.0,38.0,38.0,38.0,38.0,0
17/09/2024,39.99,39.99,39.29,39.29,39.29,800
