Date,Open,High,Low,Close,Adj Close,Volume
16/10/2006,290.92,290.92,285.6,288.96,211.36,76786
17/10/2006,289.66,291.2,287.28,287.56,210.33,5721
18/10/2006,287.56,289.66,287.0,287.0,209.92,15329
19/10/2006,287.0,289.38,286.3,288.4,210.95,13486
20/10/2006,287.7,288.12,286.3,286.3,209.41,3800
23/10/2006,286.3,288.4,280.84,281.96,206.24,35286
24/10/2006,283.5,285.74,283.5,284.2,207.87,24750
25/10/2006,282.8,287.42,282.8,284.34,207.98,8407
26/10/2006,283.5,285.6,282.94,284.2,207.87,4871
27/10/2006,282.8,286.72,281.96,284.2,207.87,1807
30/10/2006,284.2,284.48,282.8,283.64,207.46,6486
31/10/2006,283.5,287.7,282.8,287.7,210.43,2721
01/11/2006,287.0,287.14,284.2,284.2,207.87,6107
02/11/2006,284.2,289.1,281.54,287.28,210.13,10993
03/11/2006,283.78,285.6,283.08,284.2,207.87,6907
06/11/2006,282.94,283.78,281.4,282.8,206.85,8400
07/11/2006,282.1,282.66,280.7,282.66,206.75,4086
08/11/2006,281.68,283.5,281.26,281.4,205.83,8150
09/11/2006,280.7,281.12,274.54,280.0,204.8,30786
10/11/2006,280.0,281.26,280.0,280.7,205.31,3643
13/11/2006,281.68,282.52,280.0,282.1,206.34,2993
14/11/2006,281.68,283.5,281.68,282.8,206.85,4050
15/11/2006,288.4,291.9,287.0,289.8,211.97,35893
16/11/2006,291.48,294.0,289.94,291.48,213.2,25664
17/11/2006,293.02,293.3,290.5,291.48,213.2,9336
20/11/2006,294.98,297.22,291.2,295.54,216.17,7893
21/11/2006,299.04,303.1,295.4,301.56,220.57,8586
22/11/2006,303.1,305.9,301.14,305.48,223.44,6771
24/11/2006,306.88,307.02,301.0,306.32,224.05,3143
27/11/2006,306.6,307.3,301.14,305.2,223.23,7114
28/11/2006,305.2,305.2,298.9,304.36,222.62,8936
29/11/2006,305.2,308.0,304.78,308.0,225.28,6943
30/11/2006,310.1,317.66,310.1,313.88,229.58,10193
01/12/2006,313.6,317.1,311.78,313.6,229.38,7500
04/12/2006,313.6,315.0,311.64,311.78,228.05,8764
05/12/2006,311.78,314.86,311.64,313.88,229.58,2929
06/12/2006,313.88,314.3,310.1,313.32,229.17,3971
07/12/2006,314.02,317.8,309.26,316.12,231.22,4664
08/12/2006,315.0,326.9,315.0,324.8,237.57,4664
11/12/2006,325.5,329.0,319.2,329.0,240.64,7971
12/12/2006,328.3,332.5,326.2,332.5,243.2,9171
13/12/2006,331.1,336.0,330.26,334.6,244.74,6800
14/12/2006,335.16,336.0,332.22,335.58,245.46,7100
15/12/2006,336.0,336.7,332.92,335.86,245.66,1886
18/12/2006,336.0,336.42,325.5,331.1,242.18,2893
19/12/2006,331.8,336.56,331.1,333.2,243.71,2600
20/12/2006,333.48,334.74,331.8,332.5,243.2,1329
21/12/2006,331.8,337.4,331.8,332.5,243.2,6343
22/12/2006,333.06,337.4,331.8,333.2,243.71,2679
26/12/2006,333.9,333.9,330.12,331.1,242.18,571
27/12/2006,331.8,336.56,329.28,334.32,244.53,4236
28/12/2006,335.3,336.0,333.34,334.74,244.84,1329
29/12/2006,334.18,336.0,333.9,335.02,245.05,1171
03/01/2007,332.5,337.54,329.7,333.2,243.71,5686
04/01/2007,333.2,335.02,331.8,334.6,244.74,3079
05/01/2007,333.9,337.4,328.86,330.82,241.97,2079
08/01/2007,330.82,337.68,329.7,334.46,244.64,3429
09/01/2007,335.3,336.0,333.9,334.6,244.74,2943
10/01/2007,334.6,336.0,330.82,331.8,242.69,3664
11/01/2007,332.5,335.86,331.8,333.62,244.02,6714
12/01/2007,335.02,339.5,334.18,337.54,246.89,4257
16/01/2007,336.0,343.0,336.0,340.48,249.04,3950
17/01/2007,340.62,348.18,339.5,347.48,254.16,4343
18/01/2007,348.18,348.32,343.84,347.76,254.36,1321
19/01/2007,347.76,347.9,343.0,345.1,252.42,1307
22/01/2007,344.4,348.46,343.7,346.22,253.24,2171
23/01/2007,346.78,353.92,345.38,350.14,256.11,3471
24/01/2007,350.84,357.7,350.0,353.22,258.36,6921
25/01/2007,347.2,347.2,336.7,339.36,252.63,5164
26/01/2007,339.5,342.44,323.26,333.2,248.04,10264
29/01/2007,335.3,344.68,335.3,339.08,252.42,3086
30/01/2007,339.78,343.84,338.1,339.5,252.73,3636
31/01/2007,338.8,340.2,336.84,338.1,251.69,3743
01/02/2007,338.52,339.5,327.46,330.4,245.96,3629
02/02/2007,331.1,336.84,330.4,333.76,248.46,7114
05/02/2007,333.76,337.26,329.0,333.62,248.35,6264
06/02/2007,334.18,336.42,329.7,334.32,248.87,6429
07/02/2007,333.9,340.62,325.5,332.22,247.31,6621
08/02/2007,337.12,339.36,327.74,332.78,247.73,4357
09/02/2007,333.2,335.86,329.14,330.26,245.85,2629
12/02/2007,331.8,332.08,324.8,330.26,245.85,1321
13/02/2007,330.26,336.7,329.14,333.2,248.04,2064
14/02/2007,334.6,336.7,332.78,335.02,249.4,5650
15/02/2007,335.86,340.06,334.04,336.7,250.65,2743
16/02/2007,338.66,340.76,334.74,338.1,251.69,3293
20/02/2007,339.5,348.88,336.0,346.36,257.84,2793
21/02/2007,346.36,351.82,344.54,345.66,257.32,36214
22/02/2007,345.52,350.0,343.14,349.58,260.23,3129
23/02/2007,349.58,352.1,344.82,346.36,257.84,3250
26/02/2007,346.22,347.9,336.28,341.6,254.29,2457
27/02/2007,339.5,351.96,301.7,325.5,242.31,24793
28/02/2007,324.8,336.0,309.26,331.66,246.89,7486
01/03/2007,327.6,338.24,322.0,338.1,251.69,2957
02/03/2007,338.1,343.0,335.58,342.44,254.92,3000
05/03/2007,342.44,342.44,333.48,336.7,250.65,2750
06/03/2007,339.36,340.2,329.14,335.16,249.5,4021
07/03/2007,337.4,340.2,334.6,336.56,250.54,2343
08/03/2007,343.0,343.0,336.0,337.26,251.06,2314
09/03/2007,336.0,342.72,334.74,342.72,255.13,1864
12/03/2007,346.22,348.04,343.14,346.64,258.05,4564
13/03/2007,346.64,348.46,344.68,345.94,257.52,3421
14/03/2007,346.78,346.78,338.66,341.04,253.88,10693
15/03/2007,340.48,344.4,339.64,340.9,253.77,4964
16/03/2007,341.88,342.16,336.0,342.16,254.71,936
19/03/2007,345.66,350.0,342.72,350.0,260.55,9114
20/03/2007,349.72,360.92,347.76,360.92,268.68,6707
21/03/2007,361.2,368.34,361.06,364.84,271.59,2736
22/03/2007,365.4,367.36,364.14,366.1,272.53,1450
23/03/2007,365.4,372.96,364.7,371.42,276.49,2164
26/03/2007,373.24,375.2,370.86,371.14,276.28,2179
27/03/2007,371.0,377.3,371.0,371.0,276.18,1879
28/03/2007,373.8,375.76,369.74,370.72,275.97,2157
29/03/2007,371.0,372.4,368.76,368.9,274.62,2357
30/03/2007,369.6,369.6,367.36,368.62,274.41,1229
02/04/2007,368.62,371.42,365.54,371.42,276.49,1650
03/04/2007,370.86,380.8,370.86,380.8,283.47,3464
04/04/2007,380.8,383.6,379.4,381.64,284.1,1493
05/04/2007,382.34,397.32,381.5,395.08,294.11,2193
09/04/2007,396.76,397.74,383.74,384.02,285.87,2807
10/04/2007,384.16,384.16,375.06,375.76,279.72,1814
11/04/2007,375.9,376.88,367.5,376.88,280.56,2671
12/04/2007,377.02,384.86,376.74,381.64,284.1,1714
13/04/2007,382.34,389.06,382.34,387.52,288.48,3457
16/04/2007,385.84,393.68,385.84,390.18,290.46,2957
17/04/2007,389.76,393.4,388.36,390.88,290.98,2086
18/04/2007,390.88,393.4,388.64,390.18,290.46,1414
19/04/2007,390.18,390.6,388.5,389.2,289.73,850
20/04/2007,392.7,397.18,390.6,393.68,293.06,1500
23/04/2007,393.82,396.9,391.16,391.16,291.19,1114
24/04/2007,394.66,394.66,386.68,389.9,290.25,1493
25/04/2007,391.3,392.7,387.1,392.56,292.23,1129
26/04/2007,399.0,411.04,393.4,400.82,298.38,4343
27/04/2007,399.14,413.28,394.94,404.88,301.4,2700
30/04/2007,407.4,417.06,396.76,402.78,299.84,4307
01/05/2007,403.9,406.0,393.96,406.0,302.23,2879
02/05/2007,399.0,417.2,396.9,405.3,306.36,3336
03/05/2007,408.8,420.7,408.8,419.3,316.94,3414
04/05/2007,433.3,433.3,417.2,421.4,318.53,4279
07/05/2007,424.9,440.02,421.4,429.38,324.56,5479
08/05/2007,436.8,436.8,417.48,420.0,317.47,2529
09/05/2007,420.0,428.82,418.88,427.0,322.76,2329
10/05/2007,430.5,433.3,420.56,423.5,320.12,1793
11/05/2007,422.1,425.6,421.68,425.6,321.71,1579
14/05/2007,432.6,432.6,425.74,426.44,322.34,2100
15/05/2007,427.7,430.64,426.3,428.4,323.82,2157
16/05/2007,431.9,433.72,430.08,432.6,327.0,1829
17/05/2007,441.7,454.86,438.9,451.5,341.28,16886
18/05/2007,455.7,463.82,448.98,452.2,341.81,12979
21/05/2007,465.5,469.7,444.64,446.6,337.58,17643
22/05/2007,453.6,458.5,446.74,452.9,342.34,7136
23/05/2007,457.52,457.52,447.02,448.0,338.64,5679
24/05/2007,455.0,455.98,439.46,445.2,336.52,4364
25/05/2007,448.0,450.1,441.0,450.1,340.23,3829
29/05/2007,462.0,466.2,447.02,448.0,338.64,5493
30/05/2007,451.5,454.72,445.62,448.0,338.64,3121
31/05/2007,453.6,459.9,446.6,448.0,338.64,4907
01/06/2007,446.46,455.0,446.46,452.2,341.81,3529
04/06/2007,455.7,455.84,444.22,444.22,335.78,3279
05/06/2007,451.5,451.5,443.8,446.6,337.58,7893
06/06/2007,443.1,448.0,434.0,446.74,337.69,4879
07/06/2007,443.24,448.0,434.98,434.98,328.8,6579
08/06/2007,442.4,447.86,429.8,433.72,327.84,3450
11/06/2007,435.54,448.28,435.54,446.32,337.37,2721
12/06/2007,446.46,451.64,441.28,442.4,334.4,2607
13/06/2007,443.1,449.82,442.4,447.3,338.11,3414
14/06/2007,447.86,449.26,445.34,448.0,338.64,4707
15/06/2007,448.0,458.08,434.28,434.28,328.27,5286
18/06/2007,437.78,445.48,434.7,437.5,330.7,3614
19/06/2007,440.3,442.4,430.64,439.32,332.08,4236
20/06/2007,442.82,449.26,441.56,442.4,334.4,4514
21/06/2007,444.5,448.84,434.28,438.2,331.23,3300
22/06/2007,438.62,441.42,436.1,437.5,330.7,2700
25/06/2007,438.9,441.7,420.14,421.82,318.85,4329
26/06/2007,419.3,439.88,413.0,423.22,319.91,5164
27/06/2007,423.64,438.62,410.06,417.48,315.57,5736
28/06/2007,422.1,434.0,422.1,427.98,323.5,2386
29/06/2007,436.38,447.86,433.86,440.3,332.82,3229
02/07/2007,445.9,456.26,434.7,444.78,336.2,3350
03/07/2007,447.3,450.94,446.18,448.7,339.17,1636
05/07/2007,453.46,453.46,444.22,446.6,337.58,3357
06/07/2007,450.66,450.8,441.0,443.8,335.46,2157
09/07/2007,449.4,453.6,441.28,447.86,338.53,3443
10/07/2007,450.1,454.72,441.7,449.4,339.7,3157
11/07/2007,447.86,450.94,444.78,450.94,340.86,5929
12/07/2007,454.86,465.5,450.24,453.18,342.55,6307
13/07/2007,462.0,490.0,460.88,477.26,360.76,5579
16/07/2007,484.26,493.92,464.1,466.9,352.92,6329
17/07/2007,477.4,495.6,477.12,490.0,370.39,10550
18/07/2007,494.9,512.4,494.9,511.42,386.58,7764
19/07/2007,524.02,549.5,522.48,544.32,411.44,14279
20/07/2007,555.1,556.92,534.1,539.0,407.42,5793
23/07/2007,545.86,556.36,544.32,549.5,415.36,5507
24/07/2007,549.36,549.36,517.44,523.6,395.78,6757
25/07/2007,524.86,546.0,524.3,539.0,407.42,5064
26/07/2007,560.0,563.64,518.0,542.5,410.07,7386
27/07/2007,531.3,541.24,516.88,534.1,403.72,6143
30/07/2007,546.0,557.2,536.62,540.4,408.48,12843
31/07/2007,553.84,555.66,536.62,548.1,414.3,4579
01/08/2007,540.4,548.66,533.12,544.04,415.91,4314
02/08/2007,550.2,559.72,506.38,506.38,387.12,7950
03/08/2007,515.48,520.8,493.5,510.58,390.33,10179
06/08/2007,513.38,521.64,436.1,476.98,364.64,16779
07/08/2007,476.0,482.86,462.98,480.06,367.0,10214
08/08/2007,490.0,509.6,469.84,474.6,362.82,5671
09/08/2007,476.0,486.5,472.92,476.7,364.43,3536
10/08/2007,476.7,482.44,437.5,476.0,363.89,12814
13/08/2007,488.6,503.3,484.68,486.5,371.92,4279
14/08/2007,491.4,491.4,462.56,469.84,359.18,2136
15/08/2007,465.92,468.72,434.0,435.26,332.75,10193
16/08/2007,434.7,441.0,406.28,427.0,326.43,17357
17/08/2007,438.2,459.62,423.5,457.8,349.98,3993
20/08/2007,459.76,477.96,455.42,463.26,354.15,3693
21/08/2007,457.94,479.36,454.44,469.0,358.54,1879
22/08/2007,476.0,480.9,469.0,476.0,363.89,2343
23/08/2007,482.3,486.92,462.98,470.96,360.04,5779
24/08/2007,475.72,478.94,462.14,464.66,355.22,1871
27/08/2007,469.0,496.86,469.0,482.72,369.03,3079
28/08/2007,486.22,490.0,476.42,480.9,367.64,2021
29/08/2007,487.9,490.0,484.4,487.9,372.99,1286
30/08/2007,487.9,490.0,484.12,487.9,372.99,1657
31/08/2007,490.0,490.0,485.24,487.9,372.99,2857
04/09/2007,489.72,490.0,482.02,488.74,373.63,2886
05/09/2007,489.58,502.04,481.04,497.98,380.7,3693
06/09/2007,500.22,506.66,485.8,485.8,371.38,3786
07/09/2007,490.0,490.0,481.74,483.0,369.24,943
10/09/2007,484.82,484.82,472.78,479.92,366.89,1529
11/09/2007,480.9,484.96,465.78,465.78,356.08,3879
12/09/2007,466.06,497.0,466.06,492.24,376.31,3650
13/09/2007,495.74,497.0,465.5,479.22,366.35,2193
14/09/2007,482.58,495.6,472.08,475.02,363.14,2193
17/09/2007,476.0,478.66,459.2,472.92,361.54,4429
18/09/2007,476.28,490.0,465.5,482.3,368.71,3114
19/09/2007,485.1,497.0,475.02,488.6,373.52,3214
20/09/2007,492.1,496.3,484.26,484.26,370.21,2014
21/09/2007,493.08,516.6,491.26,510.3,390.11,5071
24/09/2007,518.0,524.86,507.5,510.3,390.11,3014
25/09/2007,506.1,516.88,506.1,514.5,393.32,3200
26/09/2007,520.38,524.3,510.86,511.0,390.65,2079
27/09/2007,514.5,522.48,510.58,512.96,392.15,1671
28/09/2007,516.46,518.0,501.9,505.4,386.37,2450
01/10/2007,505.26,517.3,503.58,512.26,391.61,3200
02/10/2007,518.0,520.1,490.84,508.06,388.4,2607
03/10/2007,504.56,512.54,476.0,492.52,376.52,4064
04/10/2007,493.5,500.78,486.36,489.58,374.27,1900
05/10/2007,490.28,500.5,485.38,496.58,379.63,2600
08/10/2007,500.36,502.18,489.3,489.3,374.06,1879
09/10/2007,493.08,493.08,483.0,490.7,375.13,5357
10/10/2007,497.0,498.4,483.0,485.8,371.38,3729
11/10/2007,491.54,495.74,483.0,485.52,371.17,3371
12/10/2007,484.12,488.46,483.98,487.9,372.99,1729
15/10/2007,490.0,498.4,483.14,484.54,370.42,3750
16/10/2007,484.54,489.86,480.62,483.7,369.78,4029
17/10/2007,482.44,490.0,481.04,487.06,372.35,1907
18/10/2007,487.06,507.92,487.06,497.7,380.48,3907
19/10/2007,499.8,511.0,494.9,496.16,379.3,5507
22/10/2007,487.2,492.1,477.68,491.96,376.09,2729
23/10/2007,497.14,505.54,494.34,500.5,382.62,9886
24/10/2007,506.8,506.8,492.38,494.2,377.81,2693
25/10/2007,498.4,510.86,493.22,508.06,388.4,5721
26/10/2007,511.0,525.0,511.0,525.0,401.35,16114
29/10/2007,523.46,523.6,518.7,523.46,400.17,6057
30/10/2007,521.78,524.72,509.32,509.46,389.47,6007
31/10/2007,508.34,514.5,496.02,502.74,389.31,5500
01/11/2007,499.8,524.44,491.68,514.22,398.2,4871
02/11/2007,514.08,524.3,501.48,502.32,388.98,7357
05/11/2007,492.38,508.9,484.12,485.66,376.08,7329
06/11/2007,491.12,493.92,462.0,477.54,369.79,5193
07/11/2007,470.96,478.66,459.48,463.4,358.85,4407
08/11/2007,467.88,471.8,444.08,457.52,354.29,5579
09/11/2007,457.52,457.8,448.0,451.22,349.41,3293
12/11/2007,456.12,456.12,404.18,412.72,319.6,15436
13/11/2007,413.84,447.58,413.84,436.1,337.7,7179
14/11/2007,440.44,448.0,428.4,434.0,336.08,4286
15/11/2007,430.92,445.06,424.9,426.3,330.12,3629
16/11/2007,430.36,436.1,416.78,424.06,328.38,3436
19/11/2007,420.98,431.06,405.3,411.74,318.84,4786
20/11/2007,413.0,415.52,392.0,415.52,321.77,7543
21/11/2007,411.46,416.64,392.0,410.34,317.76,10607
23/11/2007,418.74,435.26,418.74,427.0,330.66,2721
26/11/2007,423.36,438.48,401.94,402.08,311.36,7457
27/11/2007,406.98,416.5,395.08,397.88,308.11,6843
28/11/2007,392.98,428.54,392.98,419.86,325.13,5257
29/11/2007,420.7,430.36,416.22,424.9,329.03,2971
30/11/2007,428.4,434.0,419.3,428.4,331.74,4436
03/12/2007,433.72,433.72,416.08,420.42,325.56,2857
04/12/2007,415.24,423.64,401.38,408.52,316.35,6193
05/12/2007,410.9,417.76,409.5,410.9,318.19,2771
06/12/2007,413.28,430.64,413.28,420.56,325.67,4864
07/12/2007,416.64,429.8,416.64,418.6,324.15,2179
10/12/2007,425.6,438.62,420.42,423.36,327.84,6929
11/12/2007,415.94,445.06,415.94,419.16,324.59,4079
12/12/2007,427.56,441.7,420.14,423.08,327.62,4093
13/12/2007,424.06,434.42,409.5,410.06,317.54,3650
14/12/2007,411.04,414.54,406.7,408.52,316.35,3514
17/12/2007,404.6,411.88,382.62,384.02,297.38,8650
18/12/2007,389.06,398.3,389.06,391.72,303.34,3793
19/12/2007,395.78,397.46,378.7,383.6,297.05,3500
20/12/2007,384.58,387.94,370.58,375.48,290.76,8193
21/12/2007,376.46,386.12,371.42,377.72,292.5,6407
24/12/2007,381.5,381.5,374.22,375.34,290.65,2600
26/12/2007,374.5,391.3,371.14,371.7,287.84,6557
27/12/2007,373.1,387.38,373.1,378.98,293.47,8629
28/12/2007,385.42,385.42,369.18,374.36,289.89,5771
31/12/2007,370.3,377.02,368.9,369.74,286.32,5821
02/01/2008,372.54,377.16,355.6,370.44,286.86,5350
03/01/2008,370.3,380.38,362.46,366.24,283.61,3221
04/01/2008,364.0,382.06,354.2,358.82,277.86,6236
07/01/2008,365.68,381.5,364.0,367.36,284.47,13100
08/01/2008,372.54,373.66,339.92,354.9,274.83,18714
09/01/2008,353.64,362.04,340.2,348.46,269.84,9371
10/01/2008,344.96,358.12,338.24,350.56,271.46,9064
11/01/2008,350.56,364.42,350.56,356.86,276.34,6000
14/01/2008,365.54,365.54,336.0,350.0,271.03,13607
15/01/2008,345.1,349.02,331.94,338.24,261.92,9079
16/01/2008,340.2,344.54,329.0,339.78,263.12,10264
17/01/2008,343.0,344.12,333.9,337.68,261.49,8814
18/01/2008,339.08,365.96,339.08,358.26,277.43,14900
22/01/2008,339.64,374.92,339.64,362.6,280.79,8507
23/01/2008,361.2,373.24,355.74,370.86,287.18,13343
24/01/2008,368.34,379.54,366.1,372.68,288.59,9829
25/01/2008,381.5,393.54,366.8,379.82,294.12,8186
28/01/2008,372.96,377.72,366.1,371.0,292.3,11007
29/01/2008,380.1,388.92,380.1,385.0,303.33,4579
30/01/2008,385.0,393.82,375.34,379.4,298.92,11843
31/01/2008,379.12,381.22,372.68,377.3,297.27,8007
01/02/2008,380.8,415.24,371.0,409.36,322.53,18914
04/02/2008,413.42,415.66,395.92,396.62,312.49,8800
05/02/2008,397.46,397.46,385.0,391.44,308.41,6450
06/02/2008,388.78,402.08,388.78,393.68,310.17,5236
07/02/2008,396.2,401.8,392.0,393.54,310.06,5321
08/02/2008,390.88,406.28,390.88,394.38,310.72,4957
11/02/2008,396.9,411.32,395.78,406.98,320.65,7779
12/02/2008,413.14,420.84,410.62,414.4,326.5,6364
13/02/2008,414.4,418.18,404.74,416.5,328.15,6143
14/02/2008,420.84,422.8,405.58,419.44,330.47,8200
15/02/2008,420.0,420.0,405.44,414.4,326.5,4871
19/02/2008,418.18,422.8,408.94,414.96,326.94,6736
20/02/2008,414.4,415.38,401.8,411.6,324.29,4229
21/02/2008,414.54,414.54,401.8,401.8,316.57,5086
22/02/2008,390.6,394.24,381.5,389.62,306.97,9521
25/02/2008,385.84,405.02,385.84,399.14,314.47,7600
26/02/2008,396.76,396.76,389.2,389.62,306.97,6221
27/02/2008,389.76,392.84,389.62,392.0,308.85,2836
28/02/2008,390.32,391.3,378.28,379.4,298.92,1900
29/02/2008,379.82,379.82,369.6,369.74,291.31,2521
03/03/2008,368.2,370.72,366.1,368.34,290.21,3257
04/03/2008,369.88,370.72,364.28,368.62,290.43,2707
05/03/2008,367.64,381.22,366.94,376.04,296.27,3793
06/03/2008,376.18,376.6,351.54,353.5,278.52,8371
07/03/2008,353.5,362.18,350.98,354.2,279.07,6264
10/03/2008,351.4,355.74,333.2,337.82,266.16,5664
11/03/2008,357.0,371.0,351.82,355.6,280.17,9750
12/03/2008,355.6,361.2,340.62,348.74,274.76,5371
13/03/2008,346.5,360.22,346.5,351.12,276.64,4464
14/03/2008,347.62,355.46,333.2,338.38,266.6,6429
17/03/2008,335.86,336.0,325.22,325.22,256.23,7243
18/03/2008,329.0,339.36,318.78,339.36,267.37,10150
19/03/2008,339.22,340.34,332.36,338.8,266.93,6764
20/03/2008,338.8,352.24,335.58,352.24,277.52,5279
24/03/2008,359.94,365.26,343.28,345.66,272.34,8200
25/03/2008,349.3,362.46,349.3,362.46,285.57,9000
26/03/2008,362.6,370.16,345.1,361.62,284.91,7464
27/03/2008,363.72,366.8,356.72,365.54,288.0,6000
28/03/2008,368.2,368.2,354.2,354.76,279.51,3179
31/03/2008,352.66,352.66,336.0,344.26,271.24,6236
01/04/2008,350.0,367.92,345.24,362.32,285.46,6236
02/04/2008,360.08,367.78,352.8,365.4,287.89,3757
03/04/2008,365.54,373.8,362.04,370.3,291.75,1921
04/04/2008,370.16,377.3,362.18,372.26,293.3,3207
07/04/2008,377.3,377.3,367.5,368.62,290.43,4043
08/04/2008,367.92,381.36,367.64,380.52,299.8,5171
09/04/2008,378.98,384.3,367.92,373.24,294.07,3950
10/04/2008,375.34,375.62,365.4,367.36,289.44,2857
11/04/2008,364.0,365.82,358.82,361.48,284.8,4129
14/04/2008,364.98,364.98,353.08,356.3,280.72,3450
15/04/2008,350.0,361.76,350.0,352.66,277.85,2593
16/04/2008,355.6,358.82,350.14,353.64,278.63,4493
17/04/2008,353.64,357.28,348.6,355.46,280.06,6014
18/04/2008,364.28,365.4,354.48,357.98,282.04,9714
21/04/2008,357.98,366.66,350.7,354.48,279.29,5736
22/04/2008,363.86,365.4,354.2,358.26,282.27,6179
23/04/2008,360.78,363.02,343.56,353.36,278.4,8271
24/04/2008,355.32,361.48,344.68,345.8,272.45,6679
25/04/2008,348.04,352.1,341.6,351.82,277.19,8214
28/04/2008,350.56,353.64,341.88,350.0,280.96,7179
29/04/2008,348.74,353.22,343.0,348.32,279.61,4929
30/04/2008,347.34,352.1,347.34,349.72,280.73,3486
01/05/2008,346.64,351.26,344.54,346.5,278.15,3514
02/05/2008,351.4,351.4,343.0,348.88,280.06,4193
05/05/2008,351.82,352.66,348.74,351.4,282.08,2550
06/05/2008,348.74,360.92,348.74,358.96,288.15,3836
07/05/2008,358.4,365.4,358.4,363.16,291.52,5457
08/05/2008,362.6,365.4,358.68,364.0,292.19,3679
09/05/2008,364.56,364.56,359.1,362.04,290.62,4271
12/05/2008,365.54,375.2,360.08,373.8,300.06,6736
13/05/2008,373.8,376.46,347.48,363.16,291.52,30686
14/05/2008,362.18,366.1,352.1,352.24,282.75,10107
15/05/2008,350.84,366.52,350.28,366.24,293.99,6586
16/05/2008,366.52,371.28,357.98,364.0,292.19,10371
19/05/2008,364.28,379.26,364.0,369.46,296.58,11157
20/05/2008,369.32,379.96,365.96,379.96,305.01,11536
21/05/2008,378.28,380.94,366.66,370.02,297.03,7250
22/05/2008,367.5,367.64,359.94,364.28,292.42,6007
23/05/2008,363.3,365.4,357.14,360.22,289.16,2807
27/05/2008,363.3,363.3,352.1,358.82,288.04,6971
28/05/2008,362.6,371.7,360.64,368.2,295.57,4543
29/05/2008,370.72,378.0,359.8,362.46,290.96,8521
30/05/2008,366.24,367.5,361.9,363.3,291.63,5050
02/06/2008,363.3,370.44,358.82,361.62,290.28,3479
03/06/2008,368.2,368.2,356.3,358.4,287.7,3664
04/06/2008,355.74,363.72,350.56,353.64,283.88,5500
05/06/2008,351.26,374.08,351.26,369.74,296.8,7250
06/06/2008,367.5,368.34,355.32,356.44,286.13,3936
09/06/2008,359.1,359.1,344.96,345.1,277.02,5829
10/06/2008,340.2,352.66,340.2,343.7,275.9,5900
11/06/2008,343.0,343.0,327.88,329.42,264.44,10271
12/06/2008,332.5,332.5,317.24,317.24,254.66,7079
13/06/2008,321.3,340.06,321.16,340.06,272.98,7707
16/06/2008,336.42,339.78,334.32,338.52,271.74,3936
17/06/2008,339.92,348.46,336.28,345.1,277.02,4750
18/06/2008,342.86,342.86,330.12,337.26,270.73,4671
19/06/2008,337.26,343.84,332.5,339.22,272.3,4064
20/06/2008,340.2,340.2,325.92,333.62,267.81,3743
23/06/2008,330.4,333.48,324.1,324.1,260.17,3171
24/06/2008,322.0,322.42,313.04,316.54,254.1,6257
25/06/2008,314.3,324.24,314.3,317.8,255.11,4750
26/06/2008,319.2,321.58,306.6,307.72,247.02,12929
27/06/2008,307.16,317.8,305.34,317.52,254.88,4157
30/06/2008,315.14,319.34,308.0,308.0,247.24,5293
01/07/2008,308.56,311.08,301.42,303.66,243.76,7386
02/07/2008,303.52,306.04,292.88,295.96,237.58,3607
03/07/2008,296.38,296.66,290.22,290.22,232.97,2357
07/07/2008,293.86,299.18,282.38,285.04,228.81,5186
08/07/2008,283.64,296.1,279.3,291.9,234.32,5229
09/07/2008,302.4,302.4,294.0,294.84,236.68,4443
10/07/2008,294.14,304.08,294.0,301.28,241.85,7529
11/07/2008,301.0,308.84,301.0,305.06,244.88,5629
14/07/2008,312.9,312.9,302.12,304.5,244.43,3671
15/07/2008,303.38,308.0,292.32,304.36,244.32,6879
16/07/2008,304.64,312.9,304.22,312.34,250.73,3864
17/07/2008,317.94,329.56,308.98,328.72,263.87,3729
18/07/2008,329.0,329.0,322.56,323.26,259.49,2557
21/07/2008,327.74,329.56,324.38,326.2,261.85,1921
22/07/2008,326.48,347.2,322.84,346.78,278.37,6321
23/07/2008,349.72,357.0,347.06,349.16,280.28,7300
24/07/2008,357.0,357.0,324.66,325.92,261.63,5250
25/07/2008,324.52,333.34,322.14,330.12,265.0,1857
28/07/2008,326.9,330.68,321.44,327.6,262.98,2321
29/07/2008,319.2,322.7,294.7,295.82,237.46,21293
30/07/2008,297.5,297.5,280.0,280.84,225.44,13879
31/07/2008,284.48,299.46,281.54,299.46,240.39,14107
01/08/2008,301.0,301.0,276.5,276.5,221.96,18014
04/08/2008,275.8,276.5,266.0,266.84,219.37,24300
05/08/2008,271.18,274.26,262.92,266.0,218.68,9564
06/08/2008,265.02,268.94,262.92,265.86,218.56,4529
07/08/2008,263.34,264.04,258.44,262.5,215.8,4400
08/08/2008,258.44,272.72,258.44,268.8,220.98,4221
11/08/2008,272.58,274.96,268.1,273.28,224.66,8943
12/08/2008,275.94,290.64,274.82,282.38,232.14,6829
13/08/2008,282.38,301.56,279.44,289.8,238.24,8536
14/08/2008,291.62,310.8,289.8,303.8,249.75,9393
15/08/2008,302.4,304.64,296.94,298.9,245.72,7157
18/08/2008,298.2,313.46,296.38,302.26,248.48,8400
19/08/2008,302.26,302.26,291.2,296.94,244.11,4764
20/08/2008,294.7,299.04,285.88,288.12,236.86,3214
21/08/2008,288.12,294.56,285.88,286.16,235.25,3757
22/08/2008,290.5,295.68,288.96,293.02,240.89,3686
25/08/2008,295.4,301.0,293.44,294.0,241.69,3986
26/08/2008,297.5,301.28,289.66,293.58,241.35,4664
27/08/2008,292.6,294.56,287.0,291.2,239.39,5357
28/08/2008,294.7,295.96,290.5,292.6,240.54,5829
29/08/2008,295.4,299.18,292.32,295.12,242.61,3657
02/09/2008,291.34,298.76,289.52,289.52,238.01,2800
03/09/2008,292.46,293.58,281.26,281.54,231.45,2271
04/09/2008,283.64,291.48,275.52,281.12,231.11,3936
05/09/2008,277.76,279.16,264.32,268.38,220.63,5971
08/09/2008,275.52,289.52,261.38,267.12,219.6,6386
09/09/2008,270.48,273.56,255.5,257.18,211.42,5600
10/09/2008,257.18,267.82,257.18,267.12,219.6,5029
11/09/2008,263.06,274.12,257.18,273.0,224.43,4071
12/09/2008,269.36,282.52,268.24,281.26,231.22,4436
15/09/2008,269.78,278.04,263.76,266.0,218.68,3329
16/09/2008,261.24,264.46,252.56,257.18,211.42,8193
17/09/2008,253.68,260.26,247.52,253.68,208.55,7143
18/09/2008,267.26,267.4,241.64,249.62,205.21,12143
19/09/2008,259.28,271.46,255.5,262.64,215.91,5407
22/09/2008,261.94,261.94,249.2,250.46,205.9,4107
23/09/2008,247.8,252.42,241.5,242.48,199.34,4414
24/09/2008,241.22,249.2,240.94,241.5,198.53,3943
25/09/2008,243.6,243.6,227.36,238.42,196.0,11343
26/09/2008,235.06,235.62,228.62,234.5,192.78,3786
29/09/2008,236.74,237.02,206.92,210.28,172.87,10929
30/09/2008,221.9,225.4,205.8,207.76,170.8,10929
01/10/2008,205.94,207.76,196.7,196.7,161.7,4257
02/10/2008,195.3,198.38,160.58,165.06,135.69,14607
03/10/2008,168.7,184.38,168.0,168.0,138.11,10614
06/10/2008,162.4,167.02,141.4,145.04,119.24,16264
07/10/2008,144.9,147.7,136.5,138.6,113.94,14950
08/10/2008,134.68,141.54,129.5,134.12,110.26,12186
09/10/2008,140.84,140.84,128.8,130.48,107.27,12671
10/10/2008,130.9,130.9,110.6,119.0,97.83,11557
13/10/2008,136.5,136.5,130.9,136.5,112.21,3121
14/10/2008,139.86,141.4,133.14,136.92,112.56,10757
15/10/2008,133.28,135.1,120.26,121.8,100.13,7036
16/10/2008,129.36,133.0,119.0,126.42,103.93,6379
17/10/2008,123.2,132.02,121.1,121.1,99.55,10286
20/10/2008,126.0,126.0,124.6,125.3,103.01,6886
21/10/2008,125.86,127.12,121.94,124.46,102.32,8957
22/10/2008,122.78,123.48,111.44,112.14,92.19,7014
23/10/2008,111.16,111.86,106.26,109.48,90.0,5936
24/10/2008,119.56,119.56,102.9,104.44,85.86,6229
27/10/2008,104.3,104.44,94.92,95.2,78.26,7764
28/10/2008,98.14,101.64,92.96,99.82,82.06,8157
29/10/2008,108.08,108.08,93.8,101.08,83.1,12879
30/10/2008,103.18,105.0,101.92,104.86,86.2,6686
31/10/2008,111.3,117.46,104.3,117.46,96.56,25300
03/11/2008,128.66,128.66,119.0,127.4,110.88,31879
04/11/2008,125.16,127.4,123.76,124.88,108.69,11314
05/11/2008,114.1,127.12,114.1,126.0,109.66,11436
06/11/2008,125.72,125.72,114.52,114.52,99.67,8629
07/11/2008,113.54,118.72,111.3,111.72,97.23,7357
10/11/2008,117.46,120.4,98.0,98.0,85.29,15586
11/11/2008,99.68,99.68,92.26,97.16,84.56,8400
12/11/2008,94.36,97.72,92.68,94.5,82.25,6779
13/11/2008,94.5,95.9,83.16,89.88,78.22,15329
14/11/2008,90.58,91.28,83.3,89.04,77.49,7764
17/11/2008,89.6,89.6,84.0,84.98,73.96,5221
18/11/2008,84.42,84.42,71.68,73.5,63.97,10629
19/11/2008,73.92,75.32,67.34,67.48,58.73,6521
20/11/2008,67.48,67.48,56.14,57.4,49.96,16921
21/11/2008,64.4,67.76,41.02,44.52,38.75,27436
24/11/2008,44.1,51.38,40.46,51.38,44.72,32836
25/11/2008,56.0,62.58,51.24,61.88,53.86,17686
26/11/2008,58.94,76.86,58.94,71.82,62.51,25057
28/11/2008,75.74,76.3,73.92,74.9,65.19,10779
01/12/2008,76.86,76.86,65.24,67.34,58.61,17471
02/12/2008,69.58,70.0,64.4,68.46,59.58,24486
03/12/2008,69.16,78.96,65.52,74.2,64.58,19293
04/12/2008,70.56,78.68,70.56,75.32,65.55,14450
05/12/2008,74.2,75.32,69.02,70.0,60.92,14300
08/12/2008,73.5,76.72,69.44,72.8,63.36,21000
09/12/2008,70.14,81.76,70.14,78.4,68.23,24671
10/12/2008,79.8,82.6,71.26,72.66,63.24,35386
11/12/2008,73.92,75.46,70.7,73.5,63.97,13921
12/12/2008,72.8,75.6,70.0,70.98,61.78,16586
15/12/2008,70.84,75.04,70.84,72.8,63.36,14336
16/12/2008,72.8,75.18,71.12,73.36,63.85,14186
17/12/2008,74.48,86.24,74.06,85.4,74.33,19143
18/12/2008,87.22,90.86,79.66,83.3,72.5,18329
19/12/2008,86.52,88.2,82.88,85.26,74.2,14179
22/12/2008,85.26,88.48,76.72,78.4,68.23,12629
23/12/2008,77.14,83.58,75.32,79.1,68.84,17400
24/12/2008,80.22,82.6,78.82,80.22,69.82,2179
26/12/2008,79.1,82.6,77.42,82.46,71.77,6393
29/12/2008,84.0,85.26,81.48,83.02,72.25,10979
30/12/2008,83.3,94.36,77.42,93.1,81.03,16314
31/12/2008,91.7,97.16,90.3,94.64,82.37,14914
02/01/2009,95.34,113.68,95.34,107.66,93.7,13414
05/01/2009,107.24,119.0,103.6,113.54,98.82,18979
06/01/2009,113.68,132.86,113.68,130.48,113.56,17571
07/01/2009,129.36,131.46,121.1,123.62,107.59,26171
08/01/2009,124.74,135.66,122.5,132.44,115.27,12350
09/01/2009,139.02,147.0,138.04,142.24,123.79,28921
12/01/2009,142.38,144.76,115.78,120.12,104.54,30536
13/01/2009,117.46,123.9,112.14,123.34,107.35,12379
14/01/2009,119.98,123.62,108.22,115.78,100.77,10729
15/01/2009,112.42,117.18,102.62,109.34,95.16,14564
16/01/2009,113.96,114.1,106.54,109.2,95.04,8079
20/01/2009,105.0,106.96,98.0,98.7,85.9,12186
21/01/2009,112.56,112.56,98.7,106.4,92.6,13307
22/01/2009,106.4,125.02,100.94,120.4,104.79,18050
23/01/2009,116.62,117.88,107.66,109.2,95.04,14643
26/01/2009,108.64,118.72,108.5,113.54,98.82,10393
27/01/2009,112.14,121.94,112.14,121.24,105.52,12357
28/01/2009,125.86,135.94,119.98,132.58,115.39,17736
29/01/2009,129.5,129.5,119.14,119.42,103.93,11971
30/01/2009,116.9,122.5,105.56,109.48,95.28,17021
02/02/2009,105.42,108.5,100.1,100.1,87.12,14043
03/02/2009,102.76,112.42,95.34,103.74,90.29,32964
04/02/2009,106.4,106.4,89.46,94.92,82.61,44893
05/02/2009,97.02,100.24,82.88,88.9,77.37,29257
06/02/2009,89.18,101.22,86.94,100.1,87.12,22693
09/02/2009,100.1,103.18,95.2,97.86,85.17,18807
10/02/2009,96.32,98.84,86.24,88.48,77.01,19243
11/02/2009,89.74,90.58,81.9,84.42,73.47,17979
12/02/2009,82.18,82.74,77.0,82.74,72.01,16179
13/02/2009,82.74,84.7,79.8,79.94,69.57,8957
17/02/2009,76.16,77.98,70.14,72.24,62.87,16364
18/02/2009,72.8,72.94,66.08,68.6,59.7,28579
19/02/2009,69.44,73.08,62.86,67.2,58.49,11750
20/02/2009,66.78,66.78,53.9,59.08,51.42,39136
23/02/2009,60.76,63.0,56.0,56.98,49.59,37107
24/02/2009,55.86,64.54,53.9,61.18,53.25,25171
25/02/2009,61.6,64.54,59.78,62.3,54.22,19350
26/02/2009,63.0,65.52,58.94,61.46,53.49,36979
27/02/2009,59.22,67.76,58.52,62.58,54.46,35957
02/03/2009,60.48,60.48,44.1,45.5,39.6,57000
03/03/2009,49.14,50.26,42.0,42.98,37.41,44436
04/03/2009,45.22,58.66,45.22,54.04,47.03,39521
05/03/2009,52.92,52.92,43.54,43.54,37.89,22329
06/03/2009,44.8,50.82,44.52,46.48,40.45,22307
09/03/2009,46.2,51.94,46.06,46.62,40.57,51850
10/03/2009,49.42,58.1,49.0,55.86,48.62,29386
11/03/2009,63.84,64.96,56.84,62.58,54.46,31721
12/03/2009,54.6,54.6,42.42,50.54,43.99,62457
13/03/2009,52.5,53.9,47.46,48.72,42.4,17314
16/03/2009,50.54,54.88,48.3,51.52,44.84,17829
17/03/2009,50.68,52.64,48.86,51.94,45.2,9886
18/03/2009,50.68,55.86,49.56,54.18,47.15,12207
19/03/2009,55.86,57.12,51.8,54.18,47.15,12236
20/03/2009,53.76,53.76,44.8,44.8,38.99,17243
23/03/2009,49.7,52.5,49.14,51.38,44.72,16793
24/03/2009,49.84,52.5,47.6,47.88,41.67,12343
25/03/2009,48.72,55.16,47.88,50.96,44.35,20086
26/03/2009,50.12,55.3,49.14,52.5,45.69,33229
27/03/2009,52.5,52.5,48.02,49.98,43.5,12964
30/03/2009,47.46,47.74,42.14,43.26,37.65,20986
31/03/2009,43.54,47.74,43.54,46.76,40.7,13600
01/04/2009,46.2,49.98,46.2,49.28,42.89,8343
02/04/2009,53.06,53.48,50.54,53.48,46.54,13000
03/04/2009,52.22,54.32,49.7,53.2,46.3,12693
06/04/2009,50.96,50.96,48.02,49.7,43.26,10393
07/04/2009,47.88,48.3,46.9,46.9,40.82,17286
08/04/2009,47.18,49.14,47.18,48.86,42.52,12829
09/04/2009,51.66,53.76,50.96,52.5,45.69,27929
13/04/2009,52.92,53.9,49.14,53.06,46.18,24529
14/04/2009,54.32,60.76,51.1,52.5,45.69,32429
15/04/2009,54.04,54.04,50.4,53.34,46.42,10979
16/04/2009,53.2,65.52,53.2,63.84,55.56,25721
17/04/2009,65.94,74.76,65.24,70.0,60.92,60407
20/04/2009,71.4,74.76,57.4,59.92,52.15,44536
21/04/2009,58.94,65.8,55.3,65.24,56.78,27150
22/04/2009,64.4,69.72,60.9,63.56,55.32,20479
23/04/2009,64.96,65.38,58.66,60.34,52.52,12443
24/04/2009,59.08,60.34,56.28,57.54,50.08,22171
27/04/2009,56.0,58.38,53.2,53.2,46.3,22136
28/04/2009,53.62,58.24,52.64,57.96,50.44,17743
29/04/2009,61.04,68.18,55.58,56.42,49.1,26564
30/04/2009,59.08,61.6,55.16,58.8,51.18,20986
01/05/2009,59.36,60.06,56.28,56.98,49.59,20614
04/05/2009,59.78,62.72,57.82,61.6,53.61,30400
05/05/2009,63.56,64.96,59.5,59.92,52.15,30707
06/05/2009,62.3,66.22,60.62,63.84,55.56,27314
07/05/2009,67.2,67.2,61.74,65.1,56.66,26207
08/05/2009,66.5,67.9,62.86,65.24,56.78,12207
11/05/2009,63.84,64.12,60.9,61.6,53.61,14579
12/05/2009,60.76,61.6,56.14,58.1,50.57,21879
13/05/2009,55.3,57.96,51.1,51.38,44.72,29386
14/05/2009,52.92,55.02,49.98,53.2,46.3,18143
15/05/2009,53.2,57.54,51.38,52.22,45.45,21657
18/05/2009,53.48,55.44,53.06,55.16,48.01,11493
19/05/2009,55.44,60.06,55.44,58.94,51.3,18086
20/05/2009,60.9,63.7,59.78,60.76,52.88,18936
21/05/2009,58.8,59.36,56.42,58.38,50.81,10443
22/05/2009,58.8,58.8,56.56,57.12,49.71,7814
26/05/2009,56.0,57.68,56.0,57.26,49.83,9543
27/05/2009,57.4,61.04,57.12,57.26,49.83,9757
28/05/2009,59.08,59.5,55.72,57.4,49.96,10129
29/05/2009,58.1,58.66,57.4,57.68,50.2,10000
01/06/2009,60.2,62.02,58.8,59.78,52.03,30671
02/06/2009,58.94,60.2,57.68,58.52,50.93,23621
03/06/2009,58.66,58.8,54.6,55.16,48.01,25121
04/06/2009,56.56,58.1,53.48,54.6,47.52,23964
05/06/2009,55.3,56.14,53.2,54.46,47.4,21300
08/06/2009,55.02,55.02,52.5,52.78,45.94,17207
09/06/2009,52.92,54.46,52.5,53.06,46.18,15129
10/06/2009,54.88,55.58,53.34,53.9,46.91,14786
11/06/2009,55.44,56.28,54.32,55.3,48.13,15614
12/06/2009,54.88,56.28,54.88,55.58,48.37,11014
15/06/2009,55.44,55.72,53.34,53.76,46.79,13900
16/06/2009,53.34,54.74,50.4,50.82,44.23,16079
17/06/2009,50.4,50.96,46.34,48.44,42.16,19657
18/06/2009,49.0,50.68,47.6,47.88,41.67,9421
19/06/2009,49.28,50.82,46.76,47.32,41.18,11679
22/06/2009,46.9,46.9,42.84,43.12,37.53,24793
23/06/2009,43.12,44.1,40.74,41.86,36.43,26571
24/06/2009,42.84,49.28,42.14,46.34,40.33,25136
25/06/2009,47.04,47.6,45.22,46.9,40.82,14793
26/06/2009,47.32,49.14,46.06,46.62,40.57,10293
29/06/2009,47.74,48.02,46.2,46.48,40.45,5150
30/06/2009,47.18,47.18,44.52,45.36,39.48,8557
01/07/2009,44.94,46.76,44.38,44.38,38.62,5450
02/07/2009,47.32,47.32,44.38,44.66,38.87,16600
06/07/2009,44.8,44.8,42.42,42.84,37.28,10914
07/07/2009,43.96,43.96,42.0,43.4,37.77,11250
08/07/2009,43.26,43.4,40.88,41.3,35.94,13529
09/07/2009,42.7,42.7,40.6,41.02,35.7,7186
10/07/2009,41.3,41.44,38.08,41.44,36.07,13736
13/07/2009,40.74,42.42,38.64,41.3,35.94,8536
14/07/2009,41.3,43.68,40.6,43.26,37.65,12821
15/07/2009,44.94,46.48,44.1,45.08,39.23,14071
16/07/2009,45.5,45.92,44.1,45.92,39.97,7407
17/07/2009,45.5,46.06,43.54,44.1,38.38,11764
20/07/2009,45.5,45.64,44.66,45.22,39.36,10236
21/07/2009,45.92,46.9,44.66,44.94,39.11,6521
22/07/2009,45.22,47.18,44.24,47.18,41.06,11007
23/07/2009,47.18,53.2,47.18,50.68,44.11,22871
24/07/2009,50.68,53.9,49.98,52.22,45.45,15186
27/07/2009,54.74,57.4,53.62,56.84,49.47,29664
28/07/2009,59.92,61.46,54.04,56.28,48.98,37043
29/07/2009,56.7,57.26,50.68,51.94,45.2,23907
30/07/2009,54.04,55.44,53.06,53.2,46.3,13071
31/07/2009,53.2,55.3,52.36,53.48,46.54,9671
03/08/2009,54.74,54.74,53.2,53.9,46.91,16143
04/08/2009,54.6,56.0,53.2,54.74,47.64,14579
05/08/2009,55.44,55.44,53.2,53.76,46.79,10764
06/08/2009,54.46,54.88,51.1,51.8,45.08,16629
07/08/2009,51.1,53.2,50.68,53.2,46.3,12621
10/08/2009,53.06,53.06,50.82,52.5,45.69,9143
11/08/2009,52.78,52.78,50.4,50.4,43.86,16121
12/08/2009,50.54,52.22,49.42,50.82,44.23,15157
13/08/2009,52.5,52.5,49.7,50.82,44.23,13900
14/08/2009,50.82,51.24,49.0,49.28,42.89,14279
17/08/2009,47.32,48.3,45.5,46.34,40.33,17457
18/08/2009,47.32,48.86,46.62,47.88,41.67,8429
19/08/2009,46.9,49.0,46.48,48.44,42.16,12471
20/08/2009,49.56,50.82,49.0,49.7,43.26,6279
21/08/2009,51.94,52.78,50.68,52.22,45.45,17236
24/08/2009,53.34,54.88,52.08,52.78,45.94,18050
25/08/2009,53.76,54.46,50.12,51.8,45.08,17043
26/08/2009,51.8,52.36,50.54,51.52,44.84,5893
27/08/2009,52.08,54.46,49.84,53.2,46.3,19929
28/08/2009,55.16,55.3,50.82,51.94,45.2,17743
31/08/2009,51.8,54.32,50.4,52.5,45.69,9393
01/09/2009,52.5,52.5,50.26,50.4,43.86,10957
02/09/2009,50.54,52.08,49.7,49.7,43.26,8164
03/09/2009,52.5,53.06,49.98,53.06,46.18,8964
04/09/2009,52.64,52.92,50.68,51.38,44.72,4336
08/09/2009,53.2,53.2,51.52,51.94,45.2,6486
09/09/2009,51.8,53.62,51.8,52.92,46.06,16986
10/09/2009,54.32,54.6,52.64,52.64,45.81,7236
11/09/2009,53.06,54.32,51.52,51.66,44.96,16821
14/09/2009,52.08,54.88,51.94,54.88,47.76,19921
15/09/2009,54.88,60.48,54.88,60.48,52.64,29693
16/09/2009,62.02,86.66,60.9,77.98,67.87,214293
17/09/2009,79.8,97.86,79.8,86.1,74.93,204557
18/09/2009,88.48,88.9,79.1,83.3,72.5,71243
21/09/2009,83.16,83.3,75.18,76.16,66.28,46650
22/09/2009,76.16,80.78,75.6,77.14,67.14,59000
23/09/2009,70.42,75.6,68.6,70.98,61.78,71093
24/09/2009,69.3,70.28,64.4,65.24,56.78,46743
25/09/2009,64.4,64.4,60.9,63.0,54.83,35400
28/09/2009,65.1,69.3,64.68,64.96,56.54,38229
29/09/2009,64.96,68.32,64.68,67.9,59.09,26907
30/09/2009,68.04,73.92,67.9,70.56,61.41,33436
01/10/2009,71.26,71.82,65.1,65.38,56.9,20107
02/10/2009,65.1,68.32,60.62,65.8,57.27,17864
05/10/2009,68.18,69.72,66.22,68.04,59.22,9529
06/10/2009,69.72,72.66,68.18,69.72,60.68,13343
07/10/2009,70.7,71.96,69.3,69.58,60.56,10429
08/10/2009,71.4,73.5,70.7,71.68,62.38,14064
09/10/2009,71.96,71.96,68.46,69.86,60.8,12071
12/10/2009,70.42,72.24,69.44,70.98,61.78,9264
13/10/2009,71.68,72.24,68.6,69.72,60.68,9114
14/10/2009,72.66,72.66,70.0,70.56,61.41,9800
15/10/2009,70.14,70.98,69.44,70.56,61.41,8286
16/10/2009,70.0,70.7,67.62,70.7,61.53,18786
19/10/2009,70.84,70.84,68.46,69.44,60.44,17350
20/10/2009,69.3,70.28,68.32,69.02,60.07,12250
21/10/2009,69.58,69.58,67.62,67.9,59.09,10143
22/10/2009,68.88,69.16,64.26,66.64,58.0,12879
23/10/2009,66.64,67.2,62.58,62.58,54.46,24500
26/10/2009,62.44,65.66,61.6,61.74,53.73,18486
27/10/2009,62.58,63.84,60.48,60.48,52.64,9357
28/10/2009,60.62,61.32,55.44,56.0,48.74,26079
29/10/2009,58.24,59.92,57.4,59.22,51.54,10014
30/10/2009,61.04,61.6,56.84,57.26,49.83,11293
02/11/2009,59.08,59.08,53.48,55.44,48.25,15729
03/11/2009,56.7,60.2,55.44,58.66,51.05,10064
04/11/2009,58.94,60.06,57.54,58.8,51.18,7829
05/11/2009,59.5,60.34,57.4,58.52,50.93,9557
06/11/2009,58.1,59.08,56.14,56.84,49.47,10964
09/11/2009,57.12,59.78,56.98,59.5,51.78,10693
10/11/2009,60.06,63.0,58.8,61.74,53.73,15143
11/11/2009,62.16,65.8,61.74,65.8,57.27,17621
12/11/2009,64.12,64.12,60.2,61.04,53.12,26121
13/11/2009,61.6,62.58,60.2,61.6,53.61,6300
16/11/2009,63.56,63.56,61.32,61.32,53.37,15293
17/11/2009,62.16,63.42,61.6,62.44,54.34,19893
18/11/2009,63.0,65.1,61.6,65.1,56.66,24714
19/11/2009,63.14,64.82,61.18,61.46,53.49,13686
20/11/2009,61.18,64.96,61.04,61.88,53.86,10636
23/11/2009,63.0,64.26,62.02,62.3,54.22,8886
24/11/2009,62.16,63.0,60.9,62.86,54.71,5693
25/11/2009,63.56,63.98,62.3,63.42,55.2,7857
27/11/2009,58.94,62.16,57.68,61.74,53.73,13693
30/11/2009,62.02,63.14,61.6,61.6,53.61,8107
01/12/2009,61.88,62.16,59.08,60.76,52.88,20379
02/12/2009,60.34,61.46,59.78,60.48,52.64,8521
03/12/2009,61.74,62.3,60.76,61.18,53.25,8171
04/12/2009,61.18,62.02,60.62,62.02,53.98,8179
07/12/2009,62.3,63.42,61.46,62.72,54.59,20229
08/12/2009,62.44,63.0,60.76,60.76,52.88,7829
09/12/2009,60.62,61.88,60.62,60.76,52.88,7779
10/12/2009,62.16,63.42,61.04,63.28,55.07,20243
11/12/2009,63.14,64.68,63.0,63.0,54.83,7271
14/12/2009,63.56,64.4,63.0,64.12,55.81,9521
15/12/2009,63.98,70.42,63.28,66.64,58.0,24600
16/12/2009,67.48,69.86,66.22,67.9,59.09,14479
17/12/2009,67.2,67.2,64.4,64.96,56.54,6321
18/12/2009,64.68,66.5,64.4,65.1,56.66,4729
21/12/2009,65.24,65.24,63.56,64.4,56.05,6143
22/12/2009,63.98,65.66,63.0,63.0,54.83,8886
23/12/2009,63.28,64.12,63.0,64.12,55.81,10800
24/12/2009,63.28,64.26,63.0,63.0,54.83,2800
28/12/2009,64.26,64.4,63.0,63.0,54.83,9307
29/12/2009,64.4,64.96,63.7,63.7,55.44,5321
30/12/2009,63.7,64.12,63.0,63.0,54.83,5121
31/12/2009,63.14,63.56,62.44,62.44,54.34,15643
04/01/2010,63.7,64.96,63.0,64.12,55.81,7329
05/01/2010,64.82,67.2,64.4,66.22,57.63,9136
06/01/2010,67.06,69.3,66.22,68.04,59.22,10143
07/01/2010,69.3,69.44,68.18,68.46,59.58,6521
08/01/2010,68.6,69.3,66.5,68.88,59.95,7829
11/01/2010,70.0,70.0,67.9,67.9,59.09,12443
12/01/2010,68.6,68.6,66.5,66.78,58.12,20364
13/01/2010,68.32,68.32,65.94,67.34,58.61,8293
14/01/2010,67.34,68.18,67.2,68.04,59.22,3936
15/01/2010,68.32,68.32,66.5,67.9,59.09,6193
19/01/2010,68.46,69.86,67.06,68.88,59.95,11807
20/01/2010,68.6,68.88,65.94,66.08,57.51,12843
21/01/2010,66.08,67.2,65.1,67.2,58.49,11693
22/01/2010,65.66,67.48,65.1,66.78,58.12,13636
25/01/2010,66.92,69.16,66.5,67.76,58.97,12493
26/01/2010,67.76,67.76,65.52,66.92,58.24,7057
27/01/2010,65.8,66.78,63.7,64.68,56.29,7993
28/01/2010,65.38,65.66,62.44,64.26,55.93,8164
29/01/2010,65.1,65.38,63.7,64.54,56.17,6129
01/02/2010,65.1,66.5,62.86,65.24,56.78,13400
02/02/2010,65.38,65.94,63.7,65.8,57.27,6136
03/02/2010,66.08,66.08,64.12,64.4,56.05,4964
04/02/2010,64.4,64.82,61.46,61.46,53.49,12343
05/02/2010,61.32,61.46,53.48,57.68,50.2,33336
08/02/2010,56.56,58.38,54.46,58.38,50.81,36129
09/02/2010,58.38,62.86,58.1,59.22,51.54,10029
10/02/2010,58.24,59.08,56.42,56.7,49.35,7279
11/02/2010,56.56,58.8,56.0,57.12,49.71,10329
12/02/2010,55.44,56.84,55.44,56.42,49.1,6550
16/02/2010,57.4,57.82,56.84,57.82,50.32,4243
17/02/2010,56.84,57.68,56.14,56.84,49.47,10243
18/02/2010,56.14,57.54,56.14,57.54,50.08,3050
19/02/2010,57.4,57.96,56.56,57.54,50.08,4014
22/02/2010,57.54,57.82,56.84,57.4,49.96,4979
23/02/2010,57.54,58.1,56.42,56.7,49.35,6050
24/02/2010,56.7,56.98,56.0,56.0,48.74,6293
25/02/2010,56.14,56.84,56.14,56.42,49.1,3043
26/02/2010,56.7,57.26,56.42,56.42,49.1,2050
01/03/2010,56.56,58.38,56.42,57.82,50.32,6857
02/03/2010,57.54,58.8,57.54,57.54,50.08,4779
03/03/2010,58.24,59.36,57.12,58.38,50.81,11050
04/03/2010,59.22,60.2,59.08,59.64,51.91,5600
05/03/2010,59.78,60.76,59.08,59.5,51.78,7521
08/03/2010,60.06,62.3,59.08,61.6,53.61,8457
09/03/2010,60.48,64.54,60.48,63.14,54.95,8436
10/03/2010,63.7,66.5,63.14,66.5,57.88,9186
11/03/2010,66.78,66.78,62.16,64.4,56.05,12850
12/03/2010,65.38,65.38,63.0,63.28,55.07,5536
15/03/2010,63.0,63.56,61.04,61.74,53.73,5229
16/03/2010,62.58,65.52,62.58,64.12,55.81,7657
17/03/2010,64.82,64.82,63.14,64.82,56.41,6543
18/03/2010,64.26,65.38,63.42,63.84,55.56,3736
19/03/2010,68.6,68.6,61.74,68.6,59.7,9914
22/03/2010,65.24,67.76,64.68,65.66,57.15,8807
23/03/2010,65.8,66.5,63.98,66.08,57.51,6050
24/03/2010,66.08,67.76,65.38,65.8,57.27,10564
25/03/2010,64.68,66.5,63.0,63.0,54.83,8000
26/03/2010,63.84,63.98,63.0,63.0,54.83,4293
29/03/2010,63.0,65.1,63.0,64.4,56.05,6050
30/03/2010,62.3,63.28,58.8,60.62,52.76,34779
31/03/2010,59.78,61.46,58.94,59.08,51.42,8907
01/04/2010,59.22,62.02,58.8,61.6,53.61,9471
05/04/2010,61.6,64.26,60.76,64.12,55.81,9207
06/04/2010,63.28,65.8,63.28,64.68,56.29,7993
07/04/2010,62.86,65.52,62.16,65.24,56.78,13857
08/04/2010,64.96,68.32,63.7,67.2,58.49,19593
09/04/2010,68.18,68.18,64.82,66.22,57.63,6164
12/04/2010,65.8,67.2,65.52,66.22,57.63,6071
13/04/2010,67.2,71.12,66.22,70.56,61.41,23150
14/04/2010,70.14,71.4,69.3,70.42,61.29,9414
15/04/2010,71.26,71.26,69.86,70.7,61.53,7164
16/04/2010,70.0,70.7,68.04,70.7,61.53,13043
19/04/2010,69.72,71.12,68.74,69.86,60.8,10471
20/04/2010,69.72,73.08,69.72,72.52,63.12,11114
21/04/2010,73.36,73.5,70.7,72.8,63.36,10279
22/04/2010,72.8,72.94,71.4,71.4,62.14,5107
23/04/2010,70.7,71.82,70.7,71.4,62.14,6257
26/04/2010,70.7,71.4,70.7,70.84,61.65,9821
27/04/2010,70.84,71.26,69.3,70.42,61.29,11214
28/04/2010,70.14,70.84,68.74,70.7,61.53,12600
29/04/2010,70.7,71.26,70.0,70.84,61.65,5757
30/04/2010,71.26,71.26,70.7,70.7,61.53,7293
03/05/2010,71.26,71.26,69.58,70.7,61.53,5236
04/05/2010,69.86,70.42,66.5,68.46,59.58,10421
05/05/2010,67.9,68.04,65.1,66.5,57.88,8893
06/05/2010,66.5,67.2,60.2,64.4,56.05,12379
07/05/2010,63.42,63.98,58.8,59.78,52.03,13250
10/05/2010,67.62,67.62,63.42,64.54,56.17,7771
11/05/2010,63.14,65.8,63.0,64.4,56.05,2436
12/05/2010,65.1,65.66,60.9,61.6,53.61,17893
13/05/2010,62.02,64.4,61.88,63.84,55.56,3200
14/05/2010,62.44,64.12,61.18,62.16,54.1,2514
17/05/2010,61.32,62.86,58.8,59.5,51.78,5807
18/05/2010,60.06,62.02,58.94,59.22,51.54,9164
19/05/2010,58.52,59.08,55.3,56.14,48.86,16164
20/05/2010,55.44,56.28,52.5,52.64,45.81,15829
21/05/2010,51.8,56.0,50.96,55.86,48.62,7886
24/05/2010,57.26,57.54,55.02,55.02,47.89,2679
25/05/2010,52.36,55.44,50.82,53.76,46.79,7129
26/05/2010,54.18,56.14,53.76,53.76,46.79,2143
27/05/2010,54.74,57.26,54.46,56.42,49.1,5707
28/05/2010,56.98,57.26,55.3,56.56,49.23,3536
01/06/2010,56.7,57.26,54.6,54.6,47.52,3664
02/06/2010,54.46,58.8,54.46,56.0,48.74,4121
03/06/2010,56.56,57.54,55.02,56.14,48.86,6064
04/06/2010,55.3,56.42,54.88,55.72,48.49,3707
07/06/2010,56.56,56.84,53.62,54.04,47.03,9829
08/06/2010,54.04,55.3,50.4,50.82,44.23,6800
09/06/2010,51.8,53.62,51.1,52.22,45.45,3936
10/06/2010,52.22,56.28,52.22,54.46,47.4,2829
11/06/2010,55.02,55.02,53.76,54.74,47.64,5700
14/06/2010,55.58,57.12,54.46,54.6,47.52,5157
15/06/2010,55.58,56.14,54.18,56.0,48.74,3029
16/06/2010,56.0,56.7,55.44,56.7,49.35,2964
17/06/2010,56.28,56.56,54.46,55.16,48.01,3400
18/06/2010,56.0,56.56,56.0,56.42,49.1,2714
21/06/2010,56.7,56.7,56.42,56.7,49.35,3457
22/06/2010,56.56,56.56,55.58,56.56,49.23,2986
23/06/2010,56.0,56.14,54.32,54.88,47.76,3514
24/06/2010,54.18,55.3,53.2,53.34,46.42,2079
25/06/2010,53.9,53.9,53.48,53.76,46.79,1386
28/06/2010,53.34,54.46,53.34,53.9,46.91,1743
29/06/2010,53.76,54.46,50.96,52.5,45.69,9214
30/06/2010,51.94,53.48,51.1,53.34,46.42,2864
01/07/2010,53.06,53.06,49.0,50.12,43.62,8557
02/07/2010,49.98,53.06,49.98,52.36,45.57,7686
06/07/2010,52.92,53.62,51.24,52.22,45.45,1971
07/07/2010,51.66,52.5,51.52,52.08,45.33,1371
08/07/2010,52.36,54.6,51.8,54.46,47.4,3379
09/07/2010,54.04,55.86,53.62,55.44,48.25,2257
12/07/2010,56.0,56.0,53.34,55.58,48.37,6193
13/07/2010,55.72,55.86,55.16,55.3,48.13,3036
14/07/2010,55.16,55.16,53.2,53.9,46.91,3250
15/07/2010,52.78,53.9,52.78,53.06,46.18,2171
16/07/2010,53.06,53.9,52.64,52.92,46.06,1879
19/07/2010,53.76,54.32,51.8,52.08,45.33,2029
20/07/2010,51.66,52.78,50.82,52.08,45.33,2593
21/07/2010,52.64,53.06,51.52,51.52,44.84,2214
22/07/2010,51.8,53.62,51.8,52.36,45.57,3600
23/07/2010,52.08,54.46,51.8,54.18,47.15,3193
26/07/2010,54.46,56.56,54.18,56.14,48.86,10464
27/07/2010,56.28,61.04,56.28,59.64,51.91,17800
28/07/2010,58.24,60.76,58.24,59.22,51.54,3700
29/07/2010,59.36,59.92,58.1,59.5,51.78,3057
30/07/2010,58.52,59.78,57.12,58.24,50.69,2600
02/08/2010,57.68,60.62,57.4,57.68,50.2,4729
03/08/2010,57.12,59.5,56.98,59.5,51.78,2036
04/08/2010,58.66,61.04,58.66,59.64,51.91,3371
05/08/2010,59.64,61.04,59.36,60.76,52.88,2657
06/08/2010,60.48,60.48,58.1,59.64,51.91,2379
09/08/2010,59.08,61.04,58.94,60.48,52.64,8671
10/08/2010,58.94,60.34,58.94,59.36,51.66,2936
11/08/2010,59.36,59.36,54.46,55.16,48.01,4107
12/08/2010,53.9,55.3,51.8,55.02,47.89,4100
13/08/2010,55.3,59.22,55.3,58.1,50.57,3136
16/08/2010,58.66,59.64,56.56,56.7,49.35,2050
17/08/2010,56.98,60.34,56.42,60.2,52.39,3614
18/08/2010,60.2,60.2,57.4,58.1,50.57,1186
19/08/2010,57.54,58.8,55.44,56.98,49.59,2843
20/08/2010,56.14,57.12,55.86,56.56,49.23,4243
23/08/2010,56.56,57.12,56.28,56.7,49.35,2843
24/08/2010,56.56,56.84,55.86,56.7,49.35,3036
25/08/2010,55.02,55.86,53.2,55.86,48.62,6307
26/08/2010,56.98,60.2,55.86,56.0,48.74,6564
27/08/2010,56.0,56.98,56.0,56.84,49.47,2464
30/08/2010,56.14,57.68,56.14,57.26,49.83,4414
31/08/2010,56.28,56.56,55.3,55.3,48.13,2150
01/09/2010,55.72,58.8,55.02,55.58,48.37,4707
02/09/2010,55.02,55.72,55.02,55.44,48.25,1857
03/09/2010,55.02,56.0,54.04,54.6,47.52,5021
07/09/2010,54.04,54.6,53.2,53.2,46.3,8036
08/09/2010,52.92,54.04,51.8,53.06,46.18,6550
09/09/2010,53.48,54.32,52.36,52.92,46.06,2914
10/09/2010,53.34,53.34,52.36,52.64,45.81,2071
13/09/2010,52.08,55.44,50.4,55.02,47.89,14314
14/09/2010,54.46,55.86,54.46,55.86,48.62,5957
15/09/2010,55.3,56.98,55.3,56.98,49.59,10643
16/09/2010,57.54,57.68,56.42,57.26,49.83,5900
17/09/2010,57.82,60.2,57.4,60.2,52.39,8057
20/09/2010,59.5,60.2,58.24,59.36,51.66,7771
21/09/2010,59.5,62.3,59.08,61.46,53.49,8979
22/09/2010,61.32,63.84,60.62,62.02,53.98,14250
23/09/2010,61.04,61.04,59.92,60.2,52.39,3407
24/09/2010,60.2,61.46,60.2,61.46,53.49,2121
27/09/2010,61.04,61.74,60.2,61.74,53.73,1443
28/09/2010,61.46,61.6,59.78,61.6,53.61,2450
29/09/2010,60.9,61.6,60.9,61.18,53.25,907
30/09/2010,61.18,62.02,60.9,62.02,53.98,3443
01/10/2010,62.02,63.0,61.88,62.86,54.71,2571
04/10/2010,62.44,62.86,61.04,61.46,53.49,2529
05/10/2010,61.04,62.3,59.64,61.32,53.37,7943
06/10/2010,60.76,62.02,60.76,61.18,53.25,1943
07/10/2010,61.18,62.3,60.48,62.3,54.22,1529
08/10/2010,61.88,62.3,60.2,62.02,53.98,5179
11/10/2010,61.46,62.44,59.5,61.18,53.25,3543
12/10/2010,60.62,61.18,60.06,60.62,52.76,1757
13/10/2010,60.62,62.44,60.62,62.16,54.1,2536
14/10/2010,62.3,63.56,60.2,62.02,53.98,4564
15/10/2010,62.02,63.14,61.32,62.86,54.71,2500
18/10/2010,62.3,64.12,62.16,63.0,54.83,6893
19/10/2010,62.3,63.14,61.88,62.72,54.59,3493
20/10/2010,62.44,63.42,61.74,63.0,54.83,2221
21/10/2010,63.0,64.82,63.0,64.82,56.41,6329
22/10/2010,64.4,65.94,64.26,65.8,57.27,2114
25/10/2010,65.94,66.5,62.58,63.0,54.83,4957
26/10/2010,63.0,64.4,62.44,63.7,55.44,2300
27/10/2010,63.0,63.42,62.44,63.0,54.83,2343
28/10/2010,63.28,64.68,63.14,63.42,55.2,2507
29/10/2010,63.28,63.84,63.0,63.42,55.2,1629
01/11/2010,63.42,63.42,61.88,63.14,54.95,2764
02/11/2010,63.28,63.56,63.0,63.28,55.07,1179
03/11/2010,62.72,63.84,62.16,63.7,55.44,2564
04/11/2010,63.14,64.26,61.74,64.12,55.81,4407
05/11/2010,64.26,64.26,61.88,62.58,54.46,3679
08/11/2010,61.88,62.58,60.34,61.6,53.61,6793
09/11/2010,60.34,62.3,59.5,59.78,52.03,6586
10/11/2010,59.64,60.48,58.1,58.66,51.05,6500
11/11/2010,58.1,58.8,57.96,58.66,51.05,2914
12/11/2010,58.1,58.52,56.0,56.84,49.47,2850
15/11/2010,56.84,57.82,56.0,56.7,49.35,3343
16/11/2010,56.56,58.1,54.04,57.96,50.44,6743
17/11/2010,57.68,57.96,56.0,56.42,49.1,2421
18/11/2010,57.54,58.94,56.84,57.12,49.71,3407
19/11/2010,56.28,57.82,56.0,56.7,49.35,1664
22/11/2010,56.0,56.7,55.3,55.86,48.62,1850
23/11/2010,55.3,55.86,53.9,54.04,47.03,3771
24/11/2010,54.32,56.42,53.9,56.0,48.74,2821
26/11/2010,56.0,56.0,53.9,54.88,47.76,2229
29/11/2010,54.18,56.0,52.92,53.34,46.42,8671
30/11/2010,53.06,55.16,52.92,53.34,46.42,3271
01/12/2010,53.9,54.6,53.06,53.62,46.67,2986
02/12/2010,53.34,54.88,53.34,54.6,47.52,2357
03/12/2010,54.18,56.7,53.9,56.42,49.1,3886
06/12/2010,56.0,56.0,54.88,55.72,48.49,1843
07/12/2010,55.72,56.14,53.34,53.34,46.42,7079
08/12/2010,53.62,54.32,53.48,53.76,46.79,1793
09/12/2010,53.76,54.32,53.2,53.34,46.42,2750
10/12/2010,53.06,54.6,53.06,53.62,46.67,1500
13/12/2010,53.34,53.62,53.06,53.2,46.3,2371
14/12/2010,53.2,54.46,53.2,54.18,47.15,2221
15/12/2010,53.76,54.32,53.48,53.48,46.54,1921
16/12/2010,53.76,54.32,53.2,53.34,46.42,2007
17/12/2010,53.34,53.48,53.2,53.34,46.42,1621
20/12/2010,53.06,53.76,52.78,53.2,46.3,4086
21/12/2010,53.34,53.76,52.78,53.2,46.3,3786
22/12/2010,53.06,53.2,52.5,52.92,46.06,2443
23/12/2010,52.78,53.62,52.78,53.48,46.54,1929
27/12/2010,53.2,54.46,52.92,53.62,46.67,3064
28/12/2010,53.62,54.32,52.64,52.64,45.81,2000
29/12/2010,52.78,52.92,52.22,52.36,45.57,4114
30/12/2010,52.22,52.5,51.94,52.36,45.57,2200
31/12/2010,51.94,52.5,51.94,52.36,45.57,1614
03/01/2011,52.5,54.74,52.22,54.74,47.64,3529
04/01/2011,54.6,57.12,54.6,56.28,48.98,5629
05/01/2011,55.86,56.14,54.74,55.16,48.01,2700
06/01/2011,54.88,56.0,54.18,54.6,47.52,2307
07/01/2011,55.02,56.0,54.32,55.44,48.25,1021
10/01/2011,55.58,57.4,54.74,57.4,49.96,7379
11/01/2011,57.26,68.88,56.7,68.32,59.46,25693
12/01/2011,67.06,67.06,60.62,64.96,56.54,13179
13/01/2011,64.54,67.9,63.56,67.9,59.09,9307
14/01/2011,67.48,67.48,63.7,65.38,56.9,4800
18/01/2011,64.12,64.68,62.3,63.14,54.95,4436
19/01/2011,62.58,65.66,62.58,64.12,55.81,6236
20/01/2011,64.82,65.52,60.9,64.26,55.93,8493
21/01/2011,64.12,65.38,63.56,65.1,56.66,5279
24/01/2011,65.24,65.66,64.54,65.38,56.9,4757
25/01/2011,64.82,64.82,59.92,61.46,53.49,13807
26/01/2011,61.6,63.42,57.68,62.02,53.98,14357
27/01/2011,61.46,63.42,61.32,63.14,54.95,2214
28/01/2011,62.86,63.0,61.18,61.74,53.73,1207
31/01/2011,61.6,63.28,61.04,63.14,54.95,2857
01/02/2011,63.28,64.4,63.0,64.4,56.05,5071
02/02/2011,64.54,66.36,64.54,66.36,57.75,4064
03/02/2011,66.08,67.9,65.8,67.2,58.49,3521
04/02/2011,66.92,67.76,66.36,67.62,58.85,2236
07/02/2011,67.34,67.9,66.92,67.06,58.36,2807
08/02/2011,66.64,67.2,65.8,66.64,58.0,2243
09/02/2011,66.22,66.5,65.66,66.22,57.63,2750
10/02/2011,65.94,66.22,65.38,66.08,57.51,1357
11/02/2011,66.08,66.92,60.76,66.78,58.12,7536
14/02/2011,66.5,67.9,63.14,67.9,59.09,7443
15/02/2011,67.48,70.0,66.5,69.58,60.56,7914
16/02/2011,69.44,72.24,69.16,71.82,62.51,8179
17/02/2011,71.96,71.96,70.0,71.54,62.26,6621
18/02/2011,71.54,71.68,70.84,71.12,61.9,1707
22/02/2011,69.44,69.86,66.22,68.74,59.83,6479
23/02/2011,67.62,70.42,67.62,69.58,60.56,7200
24/02/2011,68.88,71.26,68.88,70.7,61.53,2650
25/02/2011,70.56,70.56,67.62,70.0,60.92,4193
28/02/2011,69.86,70.84,68.74,70.0,60.92,3050
01/03/2011,70.14,70.28,69.44,69.86,60.8,6443
02/03/2011,70.0,70.0,68.18,69.44,60.44,1250
03/03/2011,70.28,71.26,69.58,71.26,62.02,2350
04/03/2011,71.4,71.4,70.14,70.42,61.29,4693
07/03/2011,70.56,71.4,70.0,70.98,61.78,3986
08/03/2011,70.7,71.4,70.14,70.7,61.53,2679
09/03/2011,70.14,70.84,70.0,70.7,61.53,1614
10/03/2011,69.86,70.28,67.76,69.58,60.56,2943
11/03/2011,68.88,69.16,67.76,68.74,59.83,2679
14/03/2011,67.9,69.16,65.94,68.46,59.58,3407
15/03/2011,67.06,69.3,63.7,68.6,59.7,4407
16/03/2011,69.02,69.02,66.5,66.5,57.88,3036
17/03/2011,67.34,67.76,64.4,66.5,57.88,5043
18/03/2011,67.34,69.58,67.34,69.58,60.56,17679
21/03/2011,70.14,70.14,68.6,69.44,60.44,2293
22/03/2011,69.86,69.86,67.48,68.46,59.58,3529
23/03/2011,68.18,69.44,67.9,69.16,60.19,2079
24/03/2011,69.3,72.1,69.02,71.68,62.38,6200
25/03/2011,71.4,76.86,71.4,75.18,65.43,12557
28/03/2011,75.46,75.46,71.54,74.06,64.46,4436
29/03/2011,74.34,75.46,73.36,74.2,64.58,5893
30/03/2011,74.9,85.54,74.2,84.7,73.72,31686
31/03/2011,84.7,94.92,84.42,94.92,82.61,40093
01/04/2011,95.62,97.86,92.4,97.86,85.17,19157
04/04/2011,97.02,108.08,97.02,108.08,94.06,20271
05/04/2011,109.2,110.18,101.5,103.18,89.8,21743
06/04/2011,103.6,106.82,96.04,105.7,91.99,28836
07/04/2011,106.26,106.4,101.08,101.5,88.34,10514
08/04/2011,102.2,103.6,89.6,92.82,80.78,26686
11/04/2011,92.82,94.22,90.86,91.84,79.93,7800
12/04/2011,90.72,94.22,90.72,92.26,80.3,8014
13/04/2011,93.24,93.8,89.6,90.3,78.59,3414
14/04/2011,90.16,91.0,89.32,89.6,77.98,3336
15/04/2011,89.6,92.4,88.9,90.3,78.59,5307
18/04/2011,89.04,89.32,84.28,89.32,77.74,9950
19/04/2011,89.32,89.32,85.54,85.68,74.57,2157
20/04/2011,86.24,88.06,84.7,88.06,76.64,3507
21/04/2011,87.92,88.2,86.1,87.64,76.28,2779
25/04/2011,88.06,89.32,88.06,89.32,77.74,2093
26/04/2011,89.32,90.86,85.54,86.1,74.93,5943
27/04/2011,86.66,86.66,84.56,86.1,74.93,2429
28/04/2011,85.96,88.34,85.96,86.8,75.54,2657
29/04/2011,86.94,89.46,86.8,88.9,77.37,3071
02/05/2011,89.32,92.12,88.2,92.12,80.17,5571
03/05/2011,91.98,93.1,87.92,90.58,78.83,5071
04/05/2011,91.7,93.94,89.88,93.94,81.76,3643
05/05/2011,95.48,99.68,88.62,94.36,82.12,9729
06/05/2011,96.74,97.86,92.54,94.08,81.88,3686
09/05/2011,94.5,95.9,94.08,95.76,83.34,1643
10/05/2011,96.18,99.4,95.2,99.26,86.39,3936
11/05/2011,99.4,100.8,95.62,100.8,87.73,5329
12/05/2011,100.8,100.8,97.3,100.8,87.73,4214
13/05/2011,100.52,104.72,100.52,100.8,87.73,3871
16/05/2011,100.8,100.8,98.0,99.54,86.63,3179
17/05/2011,99.54,99.54,93.1,94.78,82.49,2514
18/05/2011,95.48,97.44,93.66,93.8,81.64,2350
19/05/2011,94.78,97.44,93.94,96.32,83.83,2614
20/05/2011,96.74,96.74,93.1,94.08,81.88,2271
23/05/2011,92.4,92.4,84.14,87.64,76.28,7600
24/05/2011,89.18,89.32,85.26,87.36,76.03,5657
25/05/2011,86.38,87.78,84.7,87.78,76.4,4421
26/05/2011,87.08,87.22,84.28,84.28,73.35,3100
27/05/2011,85.4,93.1,84.84,93.1,81.03,5557
31/05/2011,93.94,93.94,89.18,90.44,78.71,2800
01/06/2011,90.44,93.1,89.74,91.56,79.69,1700
02/06/2011,91.84,93.52,89.88,91.0,79.2,2571
03/06/2011,90.44,93.8,89.88,93.1,81.03,2657
06/06/2011,93.24,94.5,91.14,91.42,79.57,1921
07/06/2011,91.7,92.54,86.38,88.62,77.13,2221
08/06/2011,88.48,96.74,83.02,85.54,74.45,5236
09/06/2011,85.26,85.4,77.7,79.66,69.33,7464
10/06/2011,78.4,78.68,75.04,75.6,65.8,7879
13/06/2011,75.46,76.16,72.66,74.9,65.19,2850
14/06/2011,75.88,75.88,74.76,75.04,65.31,3200
15/06/2011,74.9,75.18,70.98,72.8,63.36,4079
16/06/2011,72.8,73.22,70.0,72.52,63.12,2507
17/06/2011,72.8,73.78,71.12,72.8,63.36,1879
20/06/2011,73.36,74.2,71.54,71.82,62.51,2607
21/06/2011,72.1,74.2,72.1,72.8,63.36,10264
22/06/2011,72.8,91.28,72.24,81.62,71.04,31529
23/06/2011,80.36,81.2,73.5,77.28,67.26,8100
24/06/2011,77.56,77.56,73.64,74.48,64.82,2186
27/06/2011,74.9,83.3,74.9,80.36,69.94,5907
28/06/2011,81.06,81.34,78.12,78.54,68.36,1843
29/06/2011,79.24,79.66,76.72,78.4,68.23,4600
30/06/2011,78.96,78.96,76.58,77.0,67.01,1493
01/07/2011,77.28,82.6,77.0,81.48,70.91,2821
05/07/2011,82.18,83.16,78.26,78.26,68.11,1771
06/07/2011,78.4,79.8,78.4,78.96,68.72,1507
07/07/2011,79.94,80.36,78.4,78.96,68.72,1864
08/07/2011,78.96,79.38,75.6,77.28,67.26,1893
11/07/2011,76.16,76.16,72.38,73.08,63.6,3150
12/07/2011,72.8,72.8,70.14,70.28,61.17,3164
13/07/2011,70.98,72.38,70.98,72.1,62.75,1729
14/07/2011,72.24,72.38,71.26,71.68,62.38,1214
15/07/2011,72.66,72.66,70.56,71.68,62.38,893
18/07/2011,70.98,70.98,69.3,70.0,60.92,1714
19/07/2011,70.7,70.98,67.2,69.58,60.56,2093
20/07/2011,69.3,69.86,66.36,69.02,60.07,3043
21/07/2011,69.72,70.56,67.06,67.06,58.36,3007
22/07/2011,67.34,68.6,62.3,62.86,54.71,3364
25/07/2011,65.66,67.2,62.86,65.94,57.39,4943
26/07/2011,64.26,71.26,63.7,69.16,60.19,5136
27/07/2011,68.46,68.46,63.42,64.4,56.05,6050
28/07/2011,64.54,64.96,59.64,61.46,53.49,3664
29/07/2011,61.32,64.12,59.64,62.02,53.98,3400
01/08/2011,63.14,63.14,61.74,62.44,54.34,1386
02/08/2011,62.58,62.58,59.92,59.92,52.15,950
03/08/2011,60.2,60.34,56.0,57.12,49.71,4600
04/08/2011,57.12,57.12,49.7,50.68,44.11,6029
05/08/2011,50.68,53.2,49.98,51.94,45.2,5343
08/08/2011,50.54,50.54,37.1,38.36,33.39,15929
09/08/2011,43.26,52.08,41.58,49.7,43.26,13721
10/08/2011,49.0,53.06,47.18,50.82,44.23,8807
11/08/2011,51.8,60.06,51.24,54.18,47.15,9050
12/08/2011,55.86,56.7,54.18,55.02,47.89,4736
15/08/2011,56.56,58.8,55.86,57.68,50.2,2736
16/08/2011,57.12,57.4,55.16,56.28,48.98,1643
17/08/2011,56.84,58.1,55.44,56.14,48.86,764
18/08/2011,53.2,53.2,50.12,52.22,45.45,4307
19/08/2011,51.52,53.2,51.52,52.22,45.45,2079
22/08/2011,55.3,55.3,50.12,51.52,44.84,2093
23/08/2011,52.36,52.36,50.54,51.24,44.6,2507
24/08/2011,51.8,52.36,50.12,51.1,44.47,1136
25/08/2011,51.52,51.52,50.12,50.54,43.99,529
26/08/2011,50.4,51.8,50.4,51.1,44.47,1400
29/08/2011,52.36,54.6,51.94,54.32,47.28,657
30/08/2011,54.32,54.6,52.78,53.06,46.18,1279
31/08/2011,53.62,54.6,52.92,54.46,47.4,1229
01/09/2011,54.74,54.74,52.78,54.04,47.03,900
02/09/2011,53.48,53.9,52.5,52.64,45.81,993
06/09/2011,50.82,51.8,49.56,51.1,44.47,1336
07/09/2011,52.5,53.2,51.38,51.66,44.96,957
08/09/2011,51.38,52.78,51.1,52.36,45.57,1329
09/09/2011,52.5,52.5,49.28,51.1,44.47,1050
12/09/2011,49.7,51.1,48.02,50.26,43.74,2021
13/09/2011,49.7,51.66,49.7,51.1,44.47,2664
14/09/2011,51.66,51.66,49.84,51.1,44.47,1636
15/09/2011,51.8,53.2,50.68,52.36,45.57,1429
16/09/2011,53.06,53.9,51.52,52.92,46.06,1671
19/09/2011,51.52,52.5,50.68,52.36,45.57,821
20/09/2011,52.08,52.36,49.28,50.82,44.23,2521
21/09/2011,50.26,50.82,49.0,50.4,43.86,993
22/09/2011,48.3,50.4,44.94,48.16,41.91,1964
23/09/2011,47.46,48.16,44.94,44.94,39.11,1143
26/09/2011,44.8,45.5,42.56,44.8,38.99,3636
27/09/2011,45.92,46.2,45.5,46.2,40.21,1150
28/09/2011,46.2,46.34,44.94,45.08,39.23,279
29/09/2011,45.92,46.62,44.8,46.48,40.45,1250
30/09/2011,45.08,46.62,42.56,46.48,40.45,2886
03/10/2011,45.64,45.64,41.3,41.3,35.94,2464
04/10/2011,41.3,41.44,38.78,39.9,34.73,5036
05/10/2011,40.32,43.12,39.9,42.7,37.16,3050
06/10/2011,42.7,44.66,42.0,44.38,38.62,493
07/10/2011,44.8,44.8,41.86,42.84,37.28,1314
10/10/2011,43.54,43.68,42.7,43.68,38.02,1150
11/10/2011,43.54,43.54,40.88,43.26,37.65,3179
12/10/2011,43.4,48.16,42.14,47.6,41.43,4607
13/10/2011,46.76,47.46,44.66,46.34,40.33,2021
14/10/2011,47.18,47.74,44.52,45.22,39.36,1629
17/10/2011,44.66,45.5,43.54,44.1,38.38,964
18/10/2011,44.8,45.78,43.68,45.36,39.48,1550
19/10/2011,44.66,48.58,44.38,47.46,41.31,3314
20/10/2011,48.02,49.7,45.64,48.3,42.04,3071
21/10/2011,49.14,57.54,49.14,55.44,48.25,4829
24/10/2011,56.0,56.7,53.9,54.6,47.52,3800
25/10/2011,54.04,54.04,47.6,50.68,44.11,2900
26/10/2011,51.66,51.66,49.7,51.1,44.47,2000
27/10/2011,52.78,54.04,51.52,52.78,45.94,3214
28/10/2011,51.8,55.02,51.8,54.6,47.52,5193
31/10/2011,54.04,54.32,49.0,49.56,43.13,6171
01/11/2011,47.88,47.88,45.5,46.34,40.33,5036
02/11/2011,46.62,47.46,45.78,46.34,40.33,1029
03/11/2011,46.62,47.6,46.62,47.32,41.18,1250
04/11/2011,46.48,47.04,45.64,45.64,39.72,300
07/11/2011,45.64,47.6,44.94,47.6,41.43,3864
08/11/2011,47.32,48.86,46.2,48.86,42.52,1179
09/11/2011,46.76,47.18,46.06,46.2,40.21,800
10/11/2011,47.04,47.04,45.64,45.64,39.72,993
11/11/2011,46.48,52.64,46.48,48.02,41.79,3707
14/11/2011,48.02,49.14,46.9,48.58,42.28,850
15/11/2011,47.88,48.58,47.18,48.44,42.16,379
16/11/2011,47.46,48.16,46.62,46.9,40.82,571
17/11/2011,46.76,48.16,46.62,46.76,40.7,2393
18/11/2011,47.18,47.6,47.18,47.18,41.06,1364
21/11/2011,47.18,47.88,44.52,46.48,40.45,4329
22/11/2011,46.06,46.76,44.38,46.34,40.33,3443
23/11/2011,46.62,49.14,45.5,47.18,41.06,2286
25/11/2011,46.62,48.3,46.2,46.62,40.57,371
28/11/2011,48.44,48.44,45.92,46.76,40.7,793
29/11/2011,46.76,46.76,45.5,45.92,39.97,793
30/11/2011,46.2,48.16,45.5,46.2,40.21,2800
01/12/2011,45.78,46.2,44.94,46.2,40.21,3150
02/12/2011,47.18,48.72,46.2,46.9,40.82,1450
05/12/2011,47.88,47.88,44.1,47.88,41.67,1714
06/12/2011,48.3,50.54,46.2,49.7,43.26,2814
07/12/2011,50.12,50.82,49.98,50.82,44.23,1814
08/12/2011,50.82,51.1,48.02,50.82,44.23,1379
09/12/2011,49.84,53.9,49.56,53.34,46.42,2243
12/12/2011,53.06,53.06,50.12,50.96,44.35,857
13/12/2011,51.94,51.94,48.72,49.0,42.65,1286
14/12/2011,49.42,49.42,46.34,48.02,41.79,1979
15/12/2011,48.58,51.52,48.58,49.14,42.77,1021
16/12/2011,50.12,50.12,46.9,47.18,41.06,1964
19/12/2011,48.02,48.44,47.6,47.74,41.55,2379
20/12/2011,48.72,50.96,48.58,50.82,44.23,3121
21/12/2011,50.12,50.82,48.44,50.26,43.74,1543
22/12/2011,50.68,50.68,47.18,48.72,42.4,3579
23/12/2011,48.72,51.1,45.92,50.68,44.11,3014
27/12/2011,51.24,51.38,48.86,49.0,42.65,3629
28/12/2011,49.0,49.0,46.9,49.0,42.65,1100
29/12/2011,48.3,48.3,46.2,46.34,40.33,2836
30/12/2011,46.9,47.74,45.64,46.9,40.82,2400
03/01/2012,47.18,48.16,46.34,47.74,41.55,1629
04/01/2012,47.74,53.2,46.34,53.2,46.3,2693
05/01/2012,53.34,56.0,48.44,53.34,46.42,3743
06/01/2012,53.2,53.2,50.82,50.82,44.23,1479
09/01/2012,48.72,49.56,46.62,47.6,41.43,3636
10/01/2012,47.74,49.0,45.64,47.88,41.67,3936
11/01/2012,40.04,49.0,40.04,49.0,42.65,2357
12/01/2012,49.0,49.14,47.88,48.16,41.91,1171
13/01/2012,47.6,47.6,45.22,47.18,41.06,929
17/01/2012,48.44,49.0,48.02,48.16,41.91,1114
18/01/2012,47.46,48.58,47.18,47.6,41.43,1621
19/01/2012,47.18,47.74,45.78,46.48,40.45,2500
20/01/2012,46.2,49.0,46.06,48.72,42.4,2436
23/01/2012,49.42,49.7,48.02,49.7,43.26,1771
24/01/2012,47.88,49.14,47.6,48.86,42.52,1157
25/01/2012,49.0,49.42,49.0,49.0,42.65,1021
26/01/2012,49.28,49.98,47.32,49.14,42.77,2936
27/01/2012,49.56,50.4,49.14,50.4,43.86,2586
30/01/2012,49.98,50.26,49.56,49.98,43.5,1114
31/01/2012,50.12,52.36,49.56,51.1,44.47,6429
01/02/2012,52.5,53.06,51.38,51.38,44.72,3600
02/02/2012,51.94,58.1,49.7,55.02,47.89,8043
03/02/2012,55.02,55.02,53.62,54.32,47.28,3921
06/02/2012,54.32,60.2,54.32,57.82,50.32,4071
07/02/2012,58.38,68.32,57.82,63.14,54.95,5257
08/02/2012,63.56,65.24,63.42,64.26,55.93,2064
09/02/2012,63.0,63.7,58.94,60.9,53.0,4407
10/02/2012,59.78,59.92,56.7,58.94,51.3,2029
13/02/2012,60.2,60.2,56.98,57.26,49.83,1536
14/02/2012,57.68,59.92,57.68,59.22,51.54,1293
15/02/2012,59.78,59.78,56.7,57.12,49.71,2564
16/02/2012,57.12,57.26,56.28,56.56,49.23,1050
17/02/2012,56.14,58.38,56.14,58.38,50.81,1579
21/02/2012,56.7,57.82,56.7,56.98,49.59,700
22/02/2012,57.68,58.8,55.3,57.54,50.08,3143
23/02/2012,56.7,59.92,56.56,59.64,51.91,1929
24/02/2012,60.06,60.06,57.82,59.78,52.03,3743
27/02/2012,58.52,60.2,56.7,60.2,52.39,557
28/02/2012,59.78,59.92,58.8,59.36,51.66,1729
29/02/2012,58.8,60.2,58.8,59.78,52.03,1407
01/03/2012,59.78,60.2,58.94,60.2,52.39,1786
02/03/2012,59.5,60.2,58.8,58.94,51.3,2200
05/03/2012,58.8,59.5,56.98,58.52,50.93,2300
06/03/2012,58.52,58.52,54.32,55.02,47.89,2657
07/03/2012,54.32,57.4,50.4,56.0,48.74,10750
08/03/2012,55.16,55.86,54.88,55.86,48.62,1479
09/03/2012,56.7,56.7,53.62,55.16,48.01,1371
12/03/2012,53.76,56.42,53.76,55.86,48.62,1721
13/03/2012,55.58,56.56,53.2,54.74,47.64,3643
14/03/2012,54.74,54.88,51.8,52.22,45.45,2593
15/03/2012,52.5,52.5,49.14,50.68,44.11,4286
16/03/2012,51.66,53.9,50.96,53.9,46.91,2486
19/03/2012,54.46,54.46,51.66,51.8,45.08,3150
20/03/2012,51.8,51.94,51.1,51.1,44.47,1921
21/03/2012,50.12,51.38,48.86,51.38,44.72,2229
22/03/2012,49.42,50.12,49.14,49.84,43.38,1607
23/03/2012,49.56,49.84,49.0,49.84,43.38,857
26/03/2012,50.12,51.8,49.28,51.66,44.96,1043
27/03/2012,51.94,53.06,51.52,51.66,44.96,1293
28/03/2012,51.94,52.64,51.1,51.94,45.2,1393
29/03/2012,50.68,54.18,50.68,52.64,45.81,9157
30/03/2012,53.76,55.16,53.06,55.16,48.01,957
02/04/2012,55.16,55.44,53.9,54.6,47.52,971
03/04/2012,54.46,54.46,53.2,54.32,47.28,643
04/04/2012,52.5,54.6,51.66,53.76,46.79,1371
05/04/2012,53.2,54.46,52.92,53.48,46.54,379
09/04/2012,53.2,53.2,52.08,52.5,45.69,343
10/04/2012,51.94,52.5,48.58,51.24,44.6,1136
11/04/2012,50.54,53.2,50.54,52.5,45.69,671
12/04/2012,52.92,54.6,50.54,53.06,46.18,1871
13/04/2012,52.08,53.62,51.38,53.62,46.67,429
16/04/2012,53.48,53.76,51.38,52.78,45.94,1421
17/04/2012,52.08,54.04,51.8,53.48,46.54,564
18/04/2012,52.78,53.2,52.22,53.2,46.3,121
19/04/2012,52.92,54.6,52.92,54.04,47.03,1229
20/04/2012,53.2,54.6,52.22,54.6,47.52,407
23/04/2012,52.36,53.06,52.22,53.06,46.18,2193
24/04/2012,52.64,53.62,52.22,52.92,46.06,671
25/04/2012,52.92,52.92,51.24,52.22,45.45,1221
26/04/2012,51.66,52.5,49.7,52.5,45.69,350
27/04/2012,52.22,54.18,49.84,51.66,44.96,1379
30/04/2012,51.94,55.3,51.94,55.16,48.01,929
01/05/2012,54.04,57.26,54.04,56.7,49.35,2636
02/05/2012,55.02,59.36,55.02,59.36,51.66,3143
03/05/2012,58.66,59.5,55.02,58.66,51.05,1714
04/05/2012,56.56,58.8,56.14,58.52,50.93,821
07/05/2012,59.5,59.5,55.3,56.7,49.35,1857
08/05/2012,55.44,56.0,54.18,56.0,48.74,800
09/05/2012,54.6,56.0,52.5,55.58,48.37,929
10/05/2012,56.42,63.0,53.76,60.48,52.64,7150
11/05/2012,60.2,60.62,57.96,59.22,51.54,714
14/05/2012,59.22,59.22,55.44,56.28,48.98,671
15/05/2012,56.7,57.4,53.9,54.88,47.76,786
16/05/2012,53.2,53.48,51.38,53.06,46.18,1857
17/05/2012,52.5,53.2,51.8,52.78,45.94,793
18/05/2012,51.94,52.92,49.84,52.64,45.81,1457
21/05/2012,52.22,52.5,52.22,52.5,45.69,764
22/05/2012,53.2,53.76,53.2,53.48,46.54,564
23/05/2012,53.62,54.88,52.78,54.88,47.76,414
24/05/2012,55.3,56.0,54.18,56.0,48.74,607
25/05/2012,56.0,56.84,54.18,56.84,49.47,657
29/05/2012,55.44,57.12,54.6,56.28,48.98,507
30/05/2012,55.44,56.84,55.44,56.42,49.1,221
31/05/2012,55.86,59.5,55.02,57.82,50.32,2221
01/06/2012,57.54,57.82,53.9,55.58,48.37,1314
04/06/2012,54.6,59.5,51.94,58.38,50.81,2150
05/06/2012,59.5,59.5,55.3,57.82,50.32,686
06/06/2012,58.1,58.66,56.98,58.52,50.93,236
07/06/2012,58.38,58.38,56.28,56.42,49.1,193
08/06/2012,56.28,56.56,54.18,56.56,49.23,1171
11/06/2012,57.26,57.26,55.58,56.56,49.23,679
12/06/2012,56.14,56.42,54.6,54.6,47.52,107
13/06/2012,54.88,56.7,54.88,56.0,48.74,579
14/06/2012,55.16,57.26,54.74,55.58,48.37,843
15/06/2012,55.58,66.22,54.88,63.42,55.2,10221
18/06/2012,63.84,63.84,56.56,58.8,51.18,1779
19/06/2012,58.1,64.68,56.7,57.68,50.2,4507
20/06/2012,56.7,62.44,56.7,62.3,54.22,1014
21/06/2012,60.2,62.02,58.8,59.5,51.78,757
22/06/2012,60.2,61.46,60.2,60.9,53.0,557
25/06/2012,59.5,59.5,57.12,57.26,49.83,636
26/06/2012,56.56,56.84,56.0,56.0,48.74,357
27/06/2012,53.9,57.96,53.9,56.7,49.35,1893
28/06/2012,56.7,57.4,56.42,56.7,49.35,657
29/06/2012,56.7,58.1,55.86,58.1,50.57,1229
02/07/2012,56.28,57.12,55.86,56.98,49.59,893
03/07/2012,57.26,60.34,57.26,59.36,51.66,264
05/07/2012,58.1,58.8,57.4,58.1,50.57,236
06/07/2012,56.7,57.12,54.88,56.42,49.1,1636
09/07/2012,54.6,56.0,54.6,54.6,47.52,1307
10/07/2012,55.3,58.8,55.3,58.66,51.05,1107
11/07/2012,58.66,60.34,58.66,59.5,51.78,307
12/07/2012,59.5,61.04,58.8,58.8,51.18,693
13/07/2012,58.8,61.46,58.8,60.62,52.76,1179
16/07/2012,59.92,61.32,57.4,57.4,49.96,657
17/07/2012,56.56,56.98,56.0,56.56,49.23,786
18/07/2012,56.28,57.12,53.9,55.44,48.25,550
19/07/2012,56.14,56.14,54.04,54.88,47.76,1243
20/07/2012,55.86,56.98,54.6,55.72,48.49,300
23/07/2012,55.58,55.72,54.6,55.72,48.49,436
24/07/2012,54.6,55.72,54.6,55.72,48.49,686
25/07/2012,55.02,56.0,54.6,55.16,48.01,343
26/07/2012,55.3,59.22,54.6,56.84,49.47,600
27/07/2012,56.14,59.5,56.14,58.24,50.69,1286
30/07/2012,57.54,59.36,56.0,57.68,50.2,1750
31/07/2012,56.56,57.26,54.6,56.42,49.1,2086
01/08/2012,56.14,57.26,34.02,34.02,29.61,464
02/08/2012,57.12,57.82,55.3,57.82,50.32,214
03/08/2012,58.52,58.52,55.72,55.86,48.62,307
06/08/2012,55.58,57.4,55.58,56.14,48.86,314
07/08/2012,55.44,62.3,55.3,60.76,52.88,1764
08/08/2012,61.18,61.18,56.42,57.54,50.08,371
09/08/2012,56.98,57.54,55.44,56.84,49.47,829
10/08/2012,56.0,59.36,55.44,57.54,50.08,521
13/08/2012,56.42,57.12,55.3,56.0,48.74,686
14/08/2012,56.7,56.98,55.44,56.28,48.98,336
15/08/2012,55.72,57.96,55.44,56.98,49.59,664
16/08/2012,56.14,56.56,55.44,55.72,48.49,221
17/08/2012,56.42,57.54,56.42,56.84,49.47,164
20/08/2012,56.42,57.12,56.42,56.42,49.1,221
21/08/2012,56.98,59.5,56.84,57.96,50.44,900
22/08/2012,56.7,58.8,56.42,57.12,49.71,579
23/08/2012,56.42,57.68,56.42,57.68,50.2,200
24/08/2012,56.28,57.4,56.14,57.26,49.83,543
27/08/2012,56.0,56.14,55.3,55.72,48.49,929
28/08/2012,55.3,56.14,54.6,54.88,47.76,521
29/08/2012,55.02,55.58,52.22,52.5,45.69,2621
30/08/2012,52.5,52.92,48.3,49.7,43.26,4214
31/08/2012,49.7,51.24,49.7,51.1,44.47,1343
04/09/2012,50.54,50.96,49.7,50.26,43.74,1364
05/09/2012,49.84,49.84,46.48,47.46,41.31,1407
06/09/2012,47.46,47.46,42.42,45.5,39.6,5814
07/09/2012,44.94,46.06,44.66,46.06,40.09,1221
10/09/2012,46.76,46.76,44.8,46.06,40.09,1243
11/09/2012,46.2,47.6,46.2,46.48,40.45,1564
12/09/2012,45.92,45.92,45.64,45.78,39.84,64
13/09/2012,45.08,46.34,44.8,46.34,40.33,686
14/09/2012,45.36,46.76,45.36,45.5,39.6,514
17/09/2012,45.78,47.32,45.78,47.32,41.18,536
18/09/2012,45.64,46.2,44.94,45.08,39.23,1064
19/09/2012,44.8,47.04,44.38,45.92,39.97,1586
20/09/2012,45.22,45.22,42.7,44.94,39.11,1150
21/09/2012,45.64,45.78,44.52,45.22,39.36,1221
24/09/2012,44.24,45.64,44.24,45.64,39.72,729
25/09/2012,45.5,45.64,44.1,45.22,39.36,1636
26/09/2012,44.8,45.64,43.54,44.1,38.38,543
27/09/2012,44.94,45.22,43.68,44.94,39.11,557
28/09/2012,44.1,45.5,43.96,44.66,38.87,629
01/10/2012,44.38,44.66,43.54,44.38,38.62,221
02/10/2012,43.68,44.1,43.54,43.54,37.89,593
03/10/2012,43.54,44.1,43.4,43.54,37.89,843
04/10/2012,43.54,45.5,39.9,40.46,35.21,2936
05/10/2012,40.88,45.64,40.88,42.42,36.92,2093
08/10/2012,42.0,42.84,42.0,42.7,37.16,164
09/10/2012,42.28,42.42,40.6,41.58,36.19,679
10/10/2012,42.0,42.42,40.6,41.72,36.31,1143
11/10/2012,41.44,41.44,39.9,40.74,35.46,1807
12/10/2012,40.74,41.3,40.18,40.88,35.58,279
15/10/2012,40.32,40.32,35.0,39.76,34.6,3050
16/10/2012,39.62,39.62,36.4,37.8,32.9,1986
17/10/2012,37.38,39.34,37.24,38.36,33.39,564
18/10/2012,36.96,39.48,35.42,37.38,32.53,2950
19/10/2012,37.8,38.78,37.1,38.5,33.51,1129
22/10/2012,39.06,39.06,37.1,38.5,33.51,950
23/10/2012,37.8,38.22,35.0,37.8,32.9,1543
24/10/2012,36.96,37.94,35.28,37.8,32.9,529
25/10/2012,37.8,38.5,37.8,38.5,33.51,400
26/10/2012,37.8,38.36,36.54,37.8,32.9,593
31/10/2012,38.22,39.62,37.8,38.5,33.51,564
01/11/2012,37.8,40.32,37.8,40.18,34.97,471
02/11/2012,39.62,43.26,39.62,42.28,36.8,1514
05/11/2012,41.3,42.0,40.6,41.72,36.31,414
06/11/2012,41.58,42.7,39.9,41.58,36.19,893
07/11/2012,41.86,43.4,41.02,42.7,37.16,893
08/11/2012,42.14,45.22,41.86,42.84,37.28,2007
09/11/2012,42.84,43.4,42.0,42.7,37.16,493
12/11/2012,44.38,44.8,42.0,43.12,37.53,1114
13/11/2012,43.54,43.96,40.88,41.3,35.94,636
14/11/2012,40.88,41.72,38.36,38.78,33.75,1307
15/11/2012,39.62,43.26,38.92,40.18,34.97,2171
16/11/2012,40.74,42.14,39.62,40.6,35.34,450
19/11/2012,39.76,41.86,37.8,39.06,33.99,2529
20/11/2012,39.2,39.2,35.84,37.1,32.29,4029
21/11/2012,36.96,37.1,36.12,36.4,31.68,950
23/11/2012,39.9,41.3,38.5,40.6,35.34,2486
26/11/2012,40.46,40.46,35.84,38.08,33.14,2371
27/11/2012,37.52,38.08,36.68,36.68,31.92,521
28/11/2012,36.12,39.2,36.12,38.78,33.75,900
29/11/2012,38.08,39.2,37.1,38.08,33.14,793
30/11/2012,37.24,38.64,36.12,38.64,33.63,1100
03/12/2012,37.8,38.5,36.4,37.8,32.9,857
04/12/2012,37.1,37.1,36.4,37.1,32.29,507
05/12/2012,36.68,38.08,36.4,37.24,32.41,550
06/12/2012,36.54,37.94,36.4,36.54,31.8,900
07/12/2012,37.1,38.5,35.98,38.36,33.39,1343
10/12/2012,37.8,37.8,36.68,37.1,32.29,464
11/12/2012,37.1,37.24,35.7,35.98,31.31,1179
12/12/2012,36.4,36.96,35.56,36.68,31.92,393
13/12/2012,36.4,37.8,35.84,37.1,32.29,1036
14/12/2012,38.36,38.5,36.26,38.36,33.39,764
17/12/2012,37.66,38.22,35.7,37.24,32.41,2250
18/12/2012,37.1,37.66,35.98,37.1,32.29,1000
19/12/2012,36.4,37.38,35.7,37.24,32.41,1614
20/12/2012,36.54,37.1,35.7,36.4,31.68,1071
21/12/2012,35.98,36.96,35.84,36.54,31.8,1021
24/12/2012,35.98,36.54,35.98,35.98,31.31,229
26/12/2012,35.98,36.4,35.84,36.26,31.56,500
27/12/2012,35.7,36.54,35.14,35.84,31.19,1571
28/12/2012,35.14,36.4,34.16,36.26,31.56,3007
31/12/2012,35.84,38.5,35.0,38.5,33.51,3336
02/01/2013,39.2,39.9,38.64,39.34,34.24,457
03/01/2013,39.48,40.18,39.2,39.48,34.36,300
04/01/2013,39.2,42.98,39.2,41.72,36.31,3521
07/01/2013,42.14,43.54,42.14,43.54,37.89,1043
08/01/2013,43.96,45.08,42.56,44.94,39.11,1579
09/01/2013,44.94,51.24,44.94,49.28,42.89,4686
10/01/2013,50.26,50.4,44.8,47.04,40.94,3050
11/01/2013,46.9,48.72,45.78,48.16,41.91,1186
14/01/2013,47.04,49.42,47.04,47.74,41.55,550
15/01/2013,48.44,48.58,46.48,47.6,41.43,836
16/01/2013,48.3,48.72,44.52,45.78,39.84,1614
17/01/2013,46.2,49.28,46.2,49.28,42.89,693
18/01/2013,48.3,49.42,47.6,49.14,42.77,971
22/01/2013,50.26,50.26,49.14,49.56,43.13,679
23/01/2013,49.0,50.82,49.0,50.12,43.62,857
24/01/2013,49.7,51.24,49.14,49.28,42.89,1814
25/01/2013,48.58,56.7,48.58,56.7,49.35,3443
28/01/2013,56.84,59.22,56.28,56.84,49.47,4671
29/01/2013,57.4,58.1,56.0,57.96,50.44,779
30/01/2013,58.66,59.5,58.1,58.24,50.69,2043
31/01/2013,59.5,59.5,50.12,56.84,49.47,2029
01/02/2013,56.14,57.4,53.76,57.26,49.83,586
04/02/2013,55.86,57.4,55.58,57.12,49.71,921
05/02/2013,57.54,59.22,55.16,57.12,49.71,629
06/02/2013,56.7,56.84,56.14,56.14,48.86,64
07/02/2013,54.88,56.0,51.94,55.58,48.37,979
08/02/2013,56.0,56.0,53.06,54.74,47.64,914
11/02/2013,53.34,56.7,53.06,56.7,49.35,557
12/02/2013,53.9,55.16,52.5,52.5,45.69,1614
13/02/2013,51.94,52.08,48.02,50.26,43.74,4243
14/02/2013,49.42,49.42,43.54,47.32,41.18,4321
15/02/2013,44.24,47.32,43.96,46.62,40.57,2407
19/02/2013,47.18,51.66,47.04,51.52,44.84,2021
20/02/2013,50.68,52.22,47.74,48.58,42.28,1314
21/02/2013,48.16,48.72,45.36,46.48,40.45,457
22/02/2013,46.48,47.74,46.2,46.62,40.57,536
25/02/2013,47.6,50.54,47.46,48.02,41.79,1350
26/02/2013,47.6,49.0,46.48,48.16,41.91,407
27/02/2013,49.0,51.1,49.0,49.28,42.89,914
28/02/2013,48.72,49.56,46.9,48.3,42.04,1007
01/03/2013,47.88,49.56,46.48,48.44,42.16,829
04/03/2013,48.86,52.36,48.44,50.82,44.23,300
05/03/2013,50.4,52.22,46.9,50.4,43.86,1043
06/03/2013,50.26,52.5,48.3,50.4,43.86,536
07/03/2013,50.4,51.38,49.42,51.38,44.72,200
08/03/2013,51.38,51.38,49.14,50.12,43.62,350
11/03/2013,49.0,51.24,48.86,50.96,44.35,293
12/03/2013,50.68,50.96,49.98,50.4,43.86,307
13/03/2013,49.7,49.7,48.02,49.14,42.77,629
14/03/2013,49.84,49.84,48.02,49.0,42.65,250
15/03/2013,49.42,50.4,46.34,46.34,40.33,1950
18/03/2013,46.2,48.3,46.2,47.6,41.43,600
19/03/2013,47.6,48.16,47.04,48.16,41.91,93
20/03/2013,49.0,49.0,47.6,48.72,42.4,179
21/03/2013,48.02,50.12,47.6,49.84,43.38,2386
22/03/2013,49.84,52.78,49.28,52.78,45.94,1021
25/03/2013,51.8,57.4,51.1,56.7,49.35,10364
26/03/2013,56.7,58.1,56.0,57.12,49.71,1664
27/03/2013,56.0,56.84,54.88,56.0,48.74,5364
28/03/2013,56.0,59.22,55.44,58.8,51.18,7586
01/04/2013,59.5,59.5,56.98,57.54,50.08,736
02/04/2013,58.1,58.8,47.6,56.56,49.23,7336
03/04/2013,55.72,55.72,52.5,53.2,46.3,671
04/04/2013,53.06,56.84,51.8,56.28,48.98,779
05/04/2013,56.0,57.12,55.16,56.56,49.23,907
08/04/2013,56.28,56.42,54.6,54.6,47.52,371
09/04/2013,54.88,56.28,53.9,55.86,48.62,486
10/04/2013,56.56,56.56,53.9,55.16,48.01,421
11/04/2013,56.0,56.0,52.92,54.6,47.52,514
12/04/2013,53.9,54.6,52.5,53.76,46.79,257
15/04/2013,52.22,54.74,52.22,52.5,45.69,571
16/04/2013,52.92,54.32,52.92,54.04,47.03,129
17/04/2013,52.78,55.3,52.78,54.18,47.15,500
18/04/2013,54.88,55.3,52.92,55.3,48.13,871
19/04/2013,55.3,58.66,54.46,57.96,50.44,1757
22/04/2013,58.66,58.66,56.0,57.54,50.08,671
23/04/2013,57.4,58.1,55.3,56.0,48.74,1064
24/04/2013,56.7,56.98,53.2,55.3,48.13,814
25/04/2013,54.6,57.54,54.04,55.3,48.13,543
26/04/2013,55.72,55.72,53.9,55.3,48.13,1007
29/04/2013,55.72,57.54,53.2,57.26,49.83,1521
30/04/2013,57.54,58.8,56.84,58.8,51.18,1636
01/05/2013,58.66,60.06,57.96,59.92,52.15,1443
02/05/2013,59.08,61.32,59.08,60.34,52.52,1657
03/05/2013,60.76,60.9,58.8,60.06,52.27,1257
06/05/2013,60.2,62.16,59.64,61.6,53.61,1314
07/05/2013,60.34,61.74,59.78,61.46,53.49,1164
08/05/2013,61.46,62.3,59.92,62.3,54.22,1164
09/05/2013,61.88,63.0,59.36,62.02,53.98,1679
10/05/2013,61.74,62.02,60.2,60.2,52.39,829
13/05/2013,61.18,61.18,56.0,58.8,51.18,521
14/05/2013,58.24,60.9,58.24,60.34,52.52,171
15/05/2013,59.64,59.64,58.52,58.52,50.93,79
16/05/2013,57.82,60.2,56.28,56.7,49.35,1236
17/05/2013,57.4,58.52,57.4,58.24,50.69,286
20/05/2013,59.36,59.5,58.66,58.66,51.05,379
21/05/2013,58.8,63.0,58.8,61.32,53.37,2493
22/05/2013,61.32,63.0,57.68,58.1,50.57,2429
23/05/2013,55.72,56.42,54.18,56.0,48.74,1600
24/05/2013,55.72,59.92,55.72,59.5,51.78,1329
28/05/2013,62.3,62.3,59.36,60.06,52.27,1343
29/05/2013,58.24,60.2,58.24,60.2,52.39,893
30/05/2013,59.22,59.92,57.96,59.92,52.15,1079
31/05/2013,60.48,60.48,58.66,60.48,52.64,1079
03/06/2013,59.22,59.78,56.98,57.68,50.2,879
04/06/2013,58.38,58.8,57.82,58.38,50.81,1007
05/06/2013,57.68,58.1,56.56,56.56,49.23,443
06/06/2013,56.7,58.94,56.56,58.1,50.57,807
07/06/2013,57.4,58.66,57.4,58.66,51.05,621
10/06/2013,59.22,59.5,58.38,58.52,50.93,457
11/06/2013,58.1,58.66,57.68,58.1,50.57,243
12/06/2013,58.52,59.08,58.38,58.66,51.05,314
13/06/2013,59.36,59.36,58.66,58.66,51.05,86
14/06/2013,56.98,59.08,56.98,59.08,51.42,443
17/06/2013,59.92,59.92,58.38,59.22,51.54,814
18/06/2013,58.52,60.34,58.52,58.8,51.18,200
19/06/2013,58.8,59.22,56.7,58.1,50.57,7621
20/06/2013,57.4,60.2,56.56,60.06,52.27,3014
21/06/2013,60.2,60.2,58.1,58.24,50.69,1500
24/06/2013,57.68,57.82,56.98,57.4,49.96,2371
25/06/2013,56.7,58.8,56.14,57.96,50.44,2743
26/06/2013,57.26,57.82,56.56,57.54,50.08,507
27/06/2013,57.12,58.8,57.12,58.8,51.18,1393
28/06/2013,58.8,61.18,58.24,61.04,53.12,9964
01/07/2013,62.86,62.86,59.92,60.48,52.64,2257
02/07/2013,60.48,62.02,58.8,60.48,52.64,693
03/07/2013,59.5,62.72,59.22,61.6,53.61,721
05/07/2013,60.48,62.3,60.48,62.3,54.22,1186
08/07/2013,61.6,61.6,60.48,60.76,52.88,386
09/07/2013,60.48,65.94,59.5,63.42,55.2,14179
10/07/2013,62.72,63.84,62.02,63.7,55.44,4171
11/07/2013,63.7,64.12,61.6,62.16,54.1,1114
12/07/2013,62.02,62.16,60.2,61.32,53.37,8700
15/07/2013,60.9,63.7,59.78,59.78,52.03,1014
16/07/2013,59.64,62.16,59.64,60.9,53.0,700
17/07/2013,61.04,61.6,60.06,61.46,53.49,214
18/07/2013,61.6,61.6,60.2,60.76,52.88,721
19/07/2013,61.46,62.02,60.2,60.2,52.39,736
22/07/2013,60.9,61.6,60.48,61.46,53.49,429
23/07/2013,62.3,64.82,61.6,63.28,55.07,1264
24/07/2013,63.7,63.7,59.78,62.16,54.1,1307
25/07/2013,62.44,66.22,61.6,66.22,57.63,486
26/07/2013,66.78,67.76,64.82,66.5,57.88,957
29/07/2013,67.06,67.2,65.52,66.5,57.88,650
30/07/2013,65.52,65.52,56.0,62.02,53.98,3814
31/07/2013,61.46,61.46,59.08,61.32,53.37,1679
01/08/2013,60.34,63.84,59.78,62.02,53.98,864
02/08/2013,62.3,67.76,62.3,67.34,58.61,736
05/08/2013,68.04,68.04,61.74,65.8,57.27,1643
06/08/2013,66.64,66.64,63.14,65.1,56.66,843
07/08/2013,63.84,66.5,63.84,66.22,57.63,1214
08/08/2013,66.36,66.36,65.1,65.8,57.27,343
09/08/2013,67.06,67.06,64.68,66.5,57.88,793
12/08/2013,67.2,67.2,65.94,66.22,57.63,664
13/08/2013,65.66,65.66,60.9,63.7,55.44,3179
14/08/2013,62.72,63.7,62.72,63.0,54.83,236
15/08/2013,63.98,64.12,62.44,62.72,54.59,571
16/08/2013,63.28,64.12,63.0,63.7,55.44,1043
19/08/2013,63.42,65.24,63.14,65.24,56.78,1000
20/08/2013,64.68,65.8,62.16,65.52,57.02,1357
21/08/2013,66.08,66.08,62.72,65.24,56.78,1379
22/08/2013,66.08,66.36,62.16,63.7,55.44,2007
23/08/2013,64.4,65.24,62.3,63.84,55.56,593
26/08/2013,65.1,67.2,63.7,65.38,56.9,1164
27/08/2013,63.42,64.54,63.0,63.56,55.32,2743
28/08/2013,62.86,63.7,62.44,63.56,55.32,543
29/08/2013,62.58,63.14,61.6,62.16,54.1,436
30/08/2013,61.74,61.74,60.48,61.74,53.73,893
03/09/2013,62.58,63.14,61.46,62.3,54.22,557
04/09/2013,63.0,63.28,62.72,63.28,55.07,964
05/09/2013,62.86,63.7,62.86,63.28,55.07,957
06/09/2013,64.4,64.4,62.02,63.56,55.32,1050
09/09/2013,63.0,66.22,62.3,64.54,56.17,3100
10/09/2013,65.66,66.22,63.28,65.1,56.66,1729
11/09/2013,64.82,64.82,63.56,64.26,55.93,329
12/09/2013,63.7,64.12,61.18,61.6,53.61,579
13/09/2013,62.72,63.0,60.76,60.76,52.88,893
16/09/2013,62.3,63.0,61.04,62.72,54.59,4414
17/09/2013,61.88,62.44,58.66,61.32,53.37,821
18/09/2013,62.16,62.16,59.5,60.9,53.0,2479
19/09/2013,60.2,61.6,56.42,58.8,51.18,6321
20/09/2013,58.38,58.8,53.76,55.58,48.37,14629
23/09/2013,55.58,56.7,53.34,54.6,47.52,2850
24/09/2013,54.6,55.16,53.62,53.9,46.91,1650
25/09/2013,54.32,54.32,51.38,52.5,45.69,2150
26/09/2013,53.2,54.32,52.64,53.2,46.3,900
27/09/2013,52.64,55.02,52.5,55.02,47.89,1114
30/09/2013,54.88,56.98,53.76,55.58,48.37,2614
01/10/2013,55.44,56.0,54.74,56.0,48.74,657
02/10/2013,54.88,56.28,54.88,55.72,48.49,707
03/10/2013,56.0,56.98,54.74,55.16,48.01,1364
04/10/2013,55.02,56.0,53.48,55.86,48.62,607
07/10/2013,56.0,56.0,53.2,54.6,47.52,1521
08/10/2013,55.44,56.28,53.48,54.04,47.03,664
09/10/2013,55.3,55.86,54.74,55.16,48.01,386
10/10/2013,55.02,56.0,54.46,54.6,47.52,457
11/10/2013,53.48,55.44,53.48,53.9,46.91,414
14/10/2013,53.76,57.54,53.76,57.54,50.08,229
15/10/2013,56.98,57.4,55.16,56.7,49.35,1007
16/10/2013,57.12,57.4,55.3,57.4,49.96,700
17/10/2013,57.54,59.5,56.0,59.5,51.78,1543
18/10/2013,59.36,59.36,55.58,58.52,50.93,3700
21/10/2013,57.82,58.1,54.74,56.7,49.35,1050
22/10/2013,56.14,57.4,54.32,54.6,47.52,786
23/10/2013,54.6,55.02,52.64,55.02,47.89,721
24/10/2013,54.32,56.84,54.32,55.02,47.89,271
25/10/2013,54.6,56.7,53.9,53.9,46.91,1421
28/10/2013,54.32,54.74,51.52,52.5,45.69,2336
29/10/2013,53.62,55.72,52.64,54.74,47.64,1093
30/10/2013,56.0,56.98,54.18,56.0,48.74,5364
31/10/2013,56.0,56.0,54.74,56.0,48.74,793
01/11/2013,56.0,56.7,55.86,56.14,48.86,900
04/11/2013,56.14,56.7,54.88,56.42,49.1,2850
05/11/2013,56.14,57.96,56.0,57.54,50.08,1450
06/11/2013,58.52,60.76,56.98,60.76,52.88,1179
07/11/2013,59.5,60.2,56.28,59.08,51.42,664
08/11/2013,59.36,59.36,57.4,58.52,50.93,336
11/11/2013,57.26,58.52,56.84,58.52,50.93,464
12/11/2013,58.24,58.38,56.0,58.38,50.81,793
13/11/2013,57.26,58.8,56.28,58.8,51.18,1186
14/11/2013,58.66,60.62,58.1,59.22,51.54,1186
15/11/2013,58.52,62.3,58.52,61.74,53.73,4543
18/11/2013,61.04,62.3,60.76,61.46,53.49,1607
19/11/2013,61.04,61.74,59.92,61.04,53.12,757
20/11/2013,60.48,62.16,60.48,61.74,53.73,614
21/11/2013,61.88,63.7,61.46,63.14,54.95,1643
22/11/2013,62.02,62.02,60.34,61.74,53.73,1900
25/11/2013,61.6,63.98,61.6,63.28,55.07,2257
26/11/2013,62.86,63.42,61.6,62.86,54.71,1493
27/11/2013,61.6,63.0,61.46,62.72,54.59,1071
29/11/2013,63.0,63.56,62.3,62.3,54.22,871
02/12/2013,62.02,63.14,61.6,63.0,54.83,629
03/12/2013,62.3,62.86,61.88,62.16,54.1,279
04/12/2013,61.74,62.3,61.6,61.74,53.73,664
05/12/2013,62.72,63.28,61.6,62.44,54.34,1207
06/12/2013,62.3,63.0,61.74,62.86,54.71,1221
09/12/2013,63.28,63.7,63.0,63.42,55.2,1257
10/12/2013,62.86,64.68,62.86,63.56,55.32,286
11/12/2013,62.58,64.4,62.3,64.26,55.93,1479
12/12/2013,63.7,65.8,62.44,65.24,56.78,2750
13/12/2013,63.98,66.22,63.14,64.4,56.05,1707
16/12/2013,64.26,65.52,63.0,64.82,56.41,1029
17/12/2013,64.12,64.12,61.74,63.28,55.07,1386
18/12/2013,62.72,68.04,62.72,68.04,59.22,2743
19/12/2013,66.92,67.48,64.54,65.8,57.27,1164
20/12/2013,65.24,67.06,65.24,67.06,58.36,2057
23/12/2013,67.76,67.9,65.94,67.76,58.97,2100
24/12/2013,68.04,68.18,66.64,67.9,59.09,614
26/12/2013,67.9,68.6,66.08,68.46,59.58,3043
27/12/2013,67.9,68.6,67.2,68.6,59.7,2007
30/12/2013,67.76,68.6,67.2,67.9,59.09,1814
31/12/2013,67.48,68.6,66.92,68.6,59.7,1114
02/01/2014,67.76,76.58,67.62,71.12,61.9,29407
03/01/2014,72.24,78.4,71.12,76.86,66.89,10879
06/01/2014,77.7,87.5,76.86,84.98,73.96,8407
07/01/2014,85.82,91.7,85.68,87.92,76.52,8821
08/01/2014,88.2,93.38,86.52,92.82,80.78,14643
09/01/2014,92.82,95.06,88.48,91.0,79.2,12586
10/01/2014,90.86,90.86,85.12,89.6,77.98,6800
13/01/2014,93.66,100.38,90.3,92.82,80.78,13679
14/01/2014,92.26,97.72,88.34,91.42,79.57,10864
15/01/2014,90.58,97.58,90.58,96.74,84.2,7314
16/01/2014,96.46,98.98,94.5,98.84,86.02,3664
17/01/2014,99.4,100.1,97.58,99.4,86.51,2271
21/01/2014,101.78,107.1,100.1,106.82,92.97,10321
22/01/2014,108.22,108.5,102.48,105.56,91.87,5071
23/01/2014,104.58,105.56,101.5,103.88,90.41,3521
24/01/2014,102.06,103.46,93.38,98.98,86.14,6286
27/01/2014,96.46,96.46,86.24,89.88,78.22,14307
28/01/2014,89.88,94.22,89.46,93.38,81.27,3707
29/01/2014,91.28,93.8,85.26,93.8,81.64,3807
30/01/2014,93.8,95.34,92.4,95.34,82.98,1629
31/01/2014,94.5,97.58,90.02,96.46,83.95,1657
03/02/2014,92.4,94.22,86.8,89.32,77.74,3750
04/02/2014,88.2,93.66,87.22,92.82,80.78,2086
05/02/2014,91.28,92.68,90.02,92.54,80.54,2150
06/02/2014,92.4,93.8,87.92,90.16,78.47,2393
07/02/2014,89.88,91.14,85.54,90.86,79.08,3136
10/02/2014,89.88,90.86,85.26,85.26,74.2,2500
11/02/2014,89.6,95.2,86.24,94.5,82.25,4043
12/02/2014,94.64,96.6,92.54,95.2,82.85,1486
13/02/2014,93.52,95.76,92.4,95.62,83.22,2493
14/02/2014,94.22,97.3,92.68,97.3,84.68,1543
18/02/2014,96.74,96.74,90.3,94.08,81.88,3650
19/02/2014,92.82,92.96,86.52,89.46,77.86,2807
20/02/2014,90.86,90.86,86.8,87.08,75.79,2664
21/02/2014,86.8,90.44,86.38,88.2,76.76,1179
24/02/2014,88.34,90.44,86.66,89.6,77.98,2021
25/02/2014,89.6,90.16,86.66,88.48,77.01,1571
26/02/2014,89.32,89.74,86.8,89.04,77.49,1600
27/02/2014,88.2,89.32,85.12,87.36,76.03,2164
28/02/2014,87.22,88.48,85.54,86.52,75.3,1636
03/03/2014,86.38,86.38,84.0,85.96,74.81,2779
04/03/2014,86.94,87.92,86.1,87.78,76.4,779
05/03/2014,87.64,88.06,86.8,87.64,76.28,607
06/03/2014,87.64,89.6,86.52,89.46,77.86,1400
07/03/2014,89.46,93.38,88.76,92.26,80.3,2893
10/03/2014,93.8,95.2,92.12,93.24,81.15,2021
11/03/2014,94.22,96.46,92.82,92.82,80.78,1721
12/03/2014,92.96,95.06,89.74,93.94,81.76,2650
13/03/2014,94.36,94.5,90.02,94.36,82.12,1543
14/03/2014,93.24,94.5,89.74,92.12,80.17,2150
17/03/2014,92.12,95.06,92.12,94.64,82.37,3514
18/03/2014,93.94,94.5,91.42,93.8,81.64,1336
19/03/2014,94.22,94.5,91.98,93.24,81.15,1114
20/03/2014,92.68,94.5,91.42,94.5,82.25,936
21/03/2014,93.52,98.0,93.52,98.0,85.29,9236
24/03/2014,98.0,99.4,94.92,96.32,83.83,2343
25/03/2014,95.9,97.72,94.64,97.3,84.68,1107
26/03/2014,96.74,98.7,95.06,95.2,82.85,2350
27/03/2014,96.46,98.7,95.34,98.28,85.54,329
28/03/2014,98.14,99.82,96.46,99.4,86.51,771
31/03/2014,102.2,105.0,98.14,105.0,91.38,2821
01/04/2014,103.88,105.0,99.68,104.44,90.9,1257
02/04/2014,104.44,104.86,100.94,104.02,90.53,1857
03/04/2014,104.86,104.86,100.52,101.5,88.34,1436
04/04/2014,101.64,101.92,98.14,100.52,87.48,2950
07/04/2014,99.12,100.94,91.28,91.7,79.81,4957
08/04/2014,89.6,91.28,87.5,90.02,78.35,1936
09/04/2014,91.0,91.56,88.9,91.56,79.69,664
10/04/2014,92.26,93.66,87.78,93.1,81.03,900
11/04/2014,91.56,91.56,87.64,91.0,79.2,686
14/04/2014,91.14,93.1,89.6,92.4,80.42,679
15/04/2014,92.26,93.8,84.84,89.18,77.62,1571
16/04/2014,89.04,91.98,86.8,86.8,75.54,771
17/04/2014,86.24,89.04,86.24,86.8,75.54,493
21/04/2014,85.68,86.8,79.1,86.8,75.54,2271
22/04/2014,84.84,87.78,81.62,82.6,71.89,1943
23/04/2014,81.2,82.6,77.98,81.34,70.79,2879
24/04/2014,79.8,80.5,76.86,78.96,68.72,2257
25/04/2014,78.54,78.54,72.66,76.86,66.89,2507
28/04/2014,75.04,76.86,72.52,75.46,65.67,2914
29/04/2014,74.2,79.38,70.98,77.7,67.62,2821
30/04/2014,76.58,81.76,74.06,81.48,70.91,2386
01/05/2014,79.66,84.84,79.66,83.86,72.99,1486
02/05/2014,83.86,84.84,81.06,83.16,72.38,857
05/05/2014,81.34,86.8,81.34,86.8,75.54,764
06/05/2014,84.7,86.1,81.62,85.96,74.81,971
07/05/2014,84.0,86.1,79.52,83.44,72.62,1021
08/05/2014,82.04,89.74,82.04,86.94,75.67,1836
09/05/2014,88.62,90.3,81.06,87.64,76.28,5036
12/05/2014,86.24,88.9,85.68,87.36,76.03,1000
13/05/2014,84.84,89.6,84.84,86.24,75.06,543
14/05/2014,84.84,90.86,81.2,83.3,72.5,6193
15/05/2014,85.4,85.96,83.16,84.7,73.72,229
16/05/2014,85.68,86.8,82.46,86.8,75.54,671
19/05/2014,85.4,90.3,85.4,88.2,76.76,500
20/05/2014,87.64,90.86,87.64,90.44,78.71,436
21/05/2014,88.9,91.0,88.76,90.86,79.08,421
22/05/2014,89.88,91.0,88.06,90.72,78.96,507
23/05/2014,89.18,90.44,87.08,88.06,76.64,636
27/05/2014,85.68,87.22,81.9,83.3,72.5,4321
28/05/2014,83.58,83.86,82.6,83.3,72.5,150
29/05/2014,84.28,85.68,81.34,83.72,72.86,700
30/05/2014,83.44,86.24,81.2,83.3,72.5,586
02/06/2014,84.56,85.96,83.44,85.26,74.2,579
03/06/2014,84.0,90.3,82.6,85.12,74.08,3064
04/06/2014,83.3,86.38,82.6,85.54,74.45,879
05/06/2014,84.56,85.12,82.88,83.44,72.62,614
06/06/2014,82.74,84.98,82.6,83.72,72.86,507
09/06/2014,84.28,85.4,83.72,84.98,73.96,564
10/06/2014,84.98,85.12,84.0,84.56,73.59,464
11/06/2014,84.14,85.54,83.58,85.4,74.33,693
12/06/2014,84.56,85.54,84.14,85.4,74.33,664
13/06/2014,84.98,86.66,84.0,86.66,75.42,564
16/06/2014,85.4,86.66,84.0,86.66,75.42,543
17/06/2014,85.4,87.08,85.4,87.08,75.79,771
18/06/2014,85.4,86.1,84.14,86.1,74.93,243
19/06/2014,85.96,86.1,82.88,84.14,73.23,943
20/06/2014,85.12,85.12,84.0,84.42,73.47,379
23/06/2014,85.26,85.26,82.04,84.28,73.35,1079
24/06/2014,82.88,84.56,82.46,84.28,73.35,6707
25/06/2014,82.46,84.28,81.76,83.58,72.74,921
26/06/2014,83.44,84.42,79.8,80.08,69.7,757
27/06/2014,78.54,85.26,78.26,83.72,72.86,2143
30/06/2014,85.12,85.12,82.32,82.32,71.65,550
01/07/2014,81.76,83.86,78.96,82.32,71.65,1279
02/07/2014,81.9,81.9,79.52,81.2,70.67,1486
03/07/2014,81.06,81.2,78.82,81.2,70.67,1593
07/07/2014,81.76,81.76,77.98,78.82,68.6,1586
08/07/2014,77.98,81.34,77.98,80.92,70.43,1836
09/07/2014,82.32,82.32,78.68,82.18,71.52,586
10/07/2014,80.64,81.9,78.82,80.5,70.06,886
11/07/2014,77.84,81.76,75.04,80.92,70.43,1850
14/07/2014,79.8,82.6,79.52,82.6,71.89,507
15/07/2014,81.9,83.72,79.66,82.6,71.89,907
16/07/2014,81.2,83.72,80.78,83.58,72.74,536
17/07/2014,82.6,84.14,79.52,81.48,70.91,1179
18/07/2014,81.9,83.58,81.76,83.58,72.74,350
21/07/2014,82.46,84.0,81.9,83.86,72.99,314
22/07/2014,82.88,83.72,80.78,82.74,72.01,1107
23/07/2014,83.3,83.86,82.88,83.16,72.38,243
24/07/2014,83.02,85.12,81.48,83.3,72.5,886
25/07/2014,81.9,82.6,80.92,80.92,70.43,321
28/07/2014,79.94,82.88,79.94,81.76,71.16,471
29/07/2014,82.04,82.04,78.26,81.34,70.79,650
30/07/2014,80.22,83.02,80.22,82.6,71.89,779
31/07/2014,81.48,81.9,79.1,80.36,69.94,1207
01/08/2014,79.38,86.1,79.1,84.14,73.23,2614
04/08/2014,82.6,86.52,82.46,84.7,73.72,764
05/08/2014,85.4,85.4,81.2,82.46,71.77,893
06/08/2014,83.58,84.56,81.76,83.86,72.99,1121
07/08/2014,82.46,84.7,81.76,84.56,73.59,721
08/08/2014,85.96,86.1,82.88,85.82,74.69,250
11/08/2014,84.14,84.84,79.8,84.56,73.59,1814
12/08/2014,86.1,86.38,82.88,84.98,73.96,186
13/08/2014,85.4,85.4,76.02,76.58,66.65,2986
14/08/2014,76.3,79.66,76.3,79.38,69.09,1750
15/08/2014,79.38,79.38,74.62,78.54,68.36,686
18/08/2014,77.0,79.1,76.16,76.58,66.65,1929
19/08/2014,78.12,79.1,76.72,79.1,68.84,1071
20/08/2014,77.56,79.24,77.56,79.1,68.84,750
21/08/2014,79.1,82.46,77.56,82.18,71.52,814
22/08/2014,80.92,81.48,80.08,81.48,70.91,443
25/08/2014,80.5,82.32,79.8,82.18,71.52,829
26/08/2014,83.02,84.0,77.0,79.66,69.33,1457
27/08/2014,79.52,81.76,78.54,80.78,70.3,293
28/08/2014,81.62,81.76,80.22,80.36,69.94,121
29/08/2014,81.2,82.46,80.36,80.92,70.43,379
02/09/2014,81.76,81.76,80.64,80.78,70.3,71
03/09/2014,80.36,80.5,78.4,80.5,70.06,1714
04/09/2014,81.34,81.48,78.54,80.22,69.82,1236
05/09/2014,80.5,81.2,78.68,78.82,68.6,486
08/09/2014,78.82,81.62,78.68,81.62,71.04,707
09/09/2014,81.2,81.62,79.38,81.48,70.91,614
10/09/2014,81.48,81.62,79.52,81.2,70.67,257
11/09/2014,81.48,81.62,80.08,81.62,71.04,457
12/09/2014,81.48,81.48,79.38,80.78,70.3,386
15/09/2014,81.34,81.34,79.52,79.94,69.57,257
16/09/2014,80.92,80.92,79.94,80.36,69.94,421
17/09/2014,79.38,79.52,77.98,77.98,67.87,271
18/09/2014,77.98,78.4,77.84,77.98,67.87,150
19/09/2014,77.98,77.98,75.32,75.88,66.04,364
22/09/2014,74.34,75.46,72.8,74.62,64.94,579
23/09/2014,75.32,75.88,72.1,72.1,62.75,664
24/09/2014,73.36,73.36,70.84,72.52,63.12,357
25/09/2014,71.12,72.52,71.12,71.54,62.26,529
26/09/2014,72.38,74.2,69.58,74.06,64.46,1271
29/09/2014,72.66,74.2,71.54,73.5,63.97,279
30/09/2014,74.2,74.2,70.84,71.96,62.63,700
01/10/2014,70.84,72.66,69.02,70.0,60.92,886
02/10/2014,68.88,70.28,68.88,69.86,60.8,564
03/10/2014,69.44,69.44,68.74,68.74,59.83,221
06/10/2014,69.3,70.0,68.18,70.0,60.92,979
07/10/2014,70.0,70.0,65.66,67.76,58.97,836
08/10/2014,66.36,66.78,65.24,65.38,56.9,379
09/10/2014,66.22,66.92,65.52,65.52,57.02,571
10/10/2014,65.38,65.52,61.74,64.4,56.05,979
13/10/2014,63.0,63.14,59.08,59.92,52.15,714
14/10/2014,60.62,60.9,55.44,57.82,50.32,721
15/10/2014,57.82,61.18,57.82,60.2,52.39,886
16/10/2014,59.22,64.4,59.22,63.0,54.83,721
17/10/2014,61.88,65.1,61.88,63.84,55.56,350
20/10/2014,64.4,64.82,58.1,60.34,52.52,2479
21/10/2014,60.48,62.44,58.24,61.88,53.86,1121
22/10/2014,61.6,63.0,58.38,62.86,54.71,1550
23/10/2014,61.74,64.4,61.46,63.7,55.44,1021
24/10/2014,64.68,64.68,58.66,62.86,54.71,6957
27/10/2014,61.6,64.4,60.34,64.4,56.05,686
28/10/2014,64.96,64.96,62.72,64.96,56.54,443
29/10/2014,64.68,70.0,64.68,70.0,60.92,893
30/10/2014,71.4,73.08,68.74,72.8,63.36,1693
31/10/2014,70.98,76.72,70.42,76.72,66.77,500
03/11/2014,78.68,81.62,76.16,81.62,71.04,1079
04/11/2014,81.9,83.3,78.82,81.9,71.28,1543
05/11/2014,83.16,87.64,80.78,86.94,75.67,1929
06/11/2014,87.22,88.2,82.6,88.2,76.76,1714
07/11/2014,86.94,88.9,84.28,88.2,76.76,671
10/11/2014,88.48,90.58,85.4,87.92,76.52,1143
11/11/2014,84.56,88.06,84.56,86.1,74.93,1014
12/11/2014,84.98,86.24,81.48,83.72,72.86,1271
13/11/2014,83.72,83.72,82.46,82.6,71.89,621
14/11/2014,81.06,82.04,78.68,80.64,70.18,1186
17/11/2014,79.52,81.2,78.12,80.78,70.3,807
18/11/2014,81.62,81.62,79.8,80.22,69.82,136
19/11/2014,79.8,81.9,77.84,81.34,70.79,336
20/11/2014,79.8,85.26,79.8,83.58,72.74,700
21/11/2014,84.7,84.7,82.04,83.58,72.74,257
24/11/2014,82.74,82.88,82.74,82.88,72.13,200
25/11/2014,84.0,84.0,82.6,83.86,72.99,214
26/11/2014,83.58,83.72,81.9,82.32,71.65,343
28/11/2014,80.5,80.5,79.24,80.36,69.94,236
01/12/2014,80.36,80.36,74.9,78.96,68.72,871
02/12/2014,78.96,79.8,78.54,79.1,68.84,536
03/12/2014,77.0,79.24,76.86,78.96,68.72,386
04/12/2014,78.12,80.36,78.12,79.66,69.33,1371
05/12/2014,80.36,82.6,76.72,82.46,71.77,1364
08/12/2014,80.5,80.5,80.08,80.36,69.94,586
09/12/2014,78.54,79.1,77.7,79.1,68.84,993
10/12/2014,77.7,77.7,74.34,77.56,67.5,1050
11/12/2014,77.56,77.7,76.58,77.7,67.62,429
12/12/2014,75.6,75.6,72.8,73.5,63.97,1321
15/12/2014,74.34,83.72,74.34,82.6,71.89,2457
16/12/2014,82.74,83.72,73.22,80.5,70.06,2886
17/12/2014,79.38,80.78,75.04,77.14,67.14,1400
18/12/2014,78.4,78.68,70.28,77.98,67.87,7550
19/12/2014,78.4,82.32,77.28,81.9,71.28,493
22/12/2014,82.88,82.88,74.9,79.66,69.33,3329
23/12/2014,80.36,80.36,74.48,77.42,67.38,7536
24/12/2014,78.68,79.8,73.64,77.0,67.01,2129
26/12/2014,75.74,77.84,74.76,74.9,65.19,2014
29/12/2014,73.64,76.02,72.24,76.02,66.16,2971
30/12/2014,74.62,76.02,73.36,75.74,65.92,3021
31/12/2014,75.74,76.86,75.18,76.58,66.65,1314
02/01/2015,76.3,78.4,76.3,77.98,67.87,1329
05/01/2015,76.3,78.26,73.64,74.06,64.46,2400
06/01/2015,74.76,76.02,71.54,73.92,64.33,1279
07/01/2015,73.78,75.74,71.4,75.46,65.67,921
08/01/2015,76.02,77.42,72.1,73.22,63.73,1386
09/01/2015,73.5,73.5,71.4,72.66,63.24,1686
12/01/2015,72.38,72.66,71.82,72.52,63.12,1000
13/01/2015,72.52,72.52,70.14,70.7,61.53,750
14/01/2015,70.42,71.26,70.14,70.7,61.53,779
15/01/2015,70.28,73.5,70.14,73.5,63.97,1193
16/01/2015,72.38,74.2,70.14,72.66,63.24,1100
20/01/2015,72.66,72.66,70.14,72.52,63.12,1857
21/01/2015,72.66,72.66,70.28,72.1,62.75,393
22/01/2015,72.38,74.34,70.42,74.34,64.7,1393
23/01/2015,75.18,75.18,70.56,72.24,62.87,514
26/01/2015,70.84,72.38,70.14,70.84,61.65,714
27/01/2015,70.84,71.12,65.24,67.9,59.09,1336
28/01/2015,69.44,69.58,67.2,68.46,59.58,486
29/01/2015,68.6,70.14,66.64,70.14,61.04,2007
30/01/2015,70.42,71.12,66.5,68.6,59.7,679
02/02/2015,69.3,69.58,66.5,68.18,59.34,1271
03/02/2015,68.04,69.16,64.4,65.94,57.39,1264
04/02/2015,64.54,69.3,64.54,66.08,57.51,857
05/02/2015,67.34,68.46,63.84,63.98,55.68,1064
06/02/2015,64.96,82.74,64.4,78.26,68.11,11029
09/02/2015,78.4,88.9,77.28,84.84,73.84,4579
10/02/2015,88.06,88.2,73.78,75.18,65.43,4150
11/02/2015,79.24,83.86,75.04,76.02,66.16,2321
12/02/2015,79.94,83.16,77.28,82.18,71.52,3771
13/02/2015,80.5,83.16,76.3,82.04,71.4,4643
17/02/2015,82.6,85.82,80.08,85.82,74.69,1686
18/02/2015,84.0,85.82,84.0,85.4,74.33,850
19/02/2015,84.7,85.12,82.18,83.16,72.38,821
20/02/2015,81.62,83.72,81.48,83.58,72.74,1800
23/02/2015,83.72,87.5,82.46,87.22,75.91,2229
24/02/2015,85.96,87.22,83.72,86.66,75.42,1171
25/02/2015,84.56,87.22,84.0,86.94,75.67,950
26/02/2015,87.36,87.5,83.16,86.66,75.42,2543
27/02/2015,85.4,88.06,82.88,88.06,76.64,1629
02/03/2015,88.06,89.18,87.5,89.18,77.62,871
03/03/2015,88.62,89.18,87.92,89.18,77.62,164
04/03/2015,89.18,89.6,88.9,89.6,77.98,3750
05/03/2015,88.2,89.6,87.36,89.6,77.98,907
06/03/2015,89.6,90.02,87.92,89.74,78.1,1279
09/03/2015,88.48,89.6,84.0,86.38,75.18,1843
10/03/2015,84.56,85.96,83.3,85.54,74.45,1186
11/03/2015,83.86,85.68,83.86,85.68,74.57,457
12/03/2015,86.24,86.24,84.28,86.24,75.06,521
13/03/2015,86.52,86.94,84.56,86.94,75.67,757
16/03/2015,86.8,87.5,84.14,87.36,76.03,1257
17/03/2015,87.64,87.78,84.98,87.22,75.91,514
18/03/2015,85.54,87.92,84.84,86.8,75.54,1071
19/03/2015,87.92,88.2,84.28,87.36,76.03,2221
20/03/2015,85.54,89.6,85.54,85.54,74.45,5371
23/03/2015,85.54,90.3,85.54,89.18,77.62,1564
24/03/2015,90.16,90.86,86.24,90.16,78.47,1164
25/03/2015,90.58,91.56,89.46,91.0,79.2,1207
26/03/2015,91.7,91.7,90.44,90.86,79.08,6186
27/03/2015,90.58,91.0,89.88,91.0,79.2,429
30/03/2015,90.86,91.0,88.76,90.86,79.08,743
31/03/2015,91.0,91.28,89.74,91.14,79.32,1121
01/04/2015,90.58,91.56,89.04,90.58,78.83,464
02/04/2015,91.0,91.0,88.9,89.6,77.98,843
06/04/2015,89.46,90.72,88.2,90.44,78.71,764
07/04/2015,89.46,90.58,89.46,90.3,78.59,393
08/04/2015,91.0,91.0,88.34,89.18,77.62,686
09/04/2015,89.74,91.14,89.18,91.0,79.2,1500
10/04/2015,90.86,91.14,89.74,91.14,79.32,336
13/04/2015,89.88,90.86,89.74,90.72,78.96,486
14/04/2015,91.14,91.14,88.9,89.04,77.49,1243
15/04/2015,88.2,88.2,86.94,87.08,75.79,1021
16/04/2015,88.06,88.06,84.14,84.56,73.59,521
17/04/2015,83.16,86.38,83.16,85.96,74.81,786
20/04/2015,84.42,86.24,84.42,85.12,74.08,1243
21/04/2015,84.84,86.1,84.56,85.82,74.69,650
22/04/2015,86.1,87.92,85.26,87.36,76.03,357
23/04/2015,88.06,89.18,87.36,89.18,77.62,1314
24/04/2015,89.04,89.88,88.06,89.88,78.22,336
27/04/2015,89.88,89.88,85.54,86.8,75.54,986
28/04/2015,90.72,91.56,88.34,88.76,77.25,1593
29/04/2015,89.74,90.02,88.62,89.6,77.98,800
30/04/2015,89.6,89.6,81.48,84.28,73.35,8643
01/05/2015,85.82,88.2,84.84,87.92,76.52,1429
04/05/2015,89.18,89.6,87.64,89.6,77.98,1079
05/05/2015,89.6,90.16,89.46,89.6,77.98,871
06/05/2015,90.16,91.7,89.32,91.56,79.69,1436
07/05/2015,91.14,91.14,90.72,90.72,78.96,614
08/05/2015,91.14,91.14,89.6,90.86,79.08,664
11/05/2015,90.86,90.86,88.62,89.46,77.86,1336
12/05/2015,86.94,89.46,84.28,88.76,77.25,2493
13/05/2015,90.3,91.14,88.34,88.62,77.13,3400
14/05/2015,90.44,90.44,88.06,88.62,77.13,4307
15/05/2015,86.8,87.36,83.86,86.52,75.3,2293
18/05/2015,86.8,88.62,86.8,88.2,76.76,1914
19/05/2015,88.2,89.18,88.06,89.18,77.62,1443
20/05/2015,88.48,89.74,86.1,88.48,77.01,2029
21/05/2015,88.48,89.46,88.34,89.46,77.86,329
22/05/2015,89.74,89.74,88.62,89.46,77.86,450
26/05/2015,90.3,91.7,89.04,91.7,79.81,1171
27/05/2015,91.14,91.14,89.32,90.3,78.59,1343
28/05/2015,90.44,91.28,89.6,90.44,78.71,193
29/05/2015,90.16,91.7,90.16,91.28,79.44,836
01/06/2015,90.3,92.26,90.16,91.84,79.93,1600
02/06/2015,91.42,91.84,90.72,91.56,79.69,1700
03/06/2015,91.28,91.84,90.72,91.14,79.32,1657
04/06/2015,91.42,91.42,90.16,90.44,78.71,579
05/06/2015,90.58,90.86,90.58,90.86,79.08,100
08/06/2015,90.44,92.12,90.44,91.0,79.2,507
09/06/2015,89.18,90.58,89.18,89.6,77.98,1300
10/06/2015,88.9,91.0,88.9,90.58,78.83,450
11/06/2015,89.88,91.28,89.88,91.0,79.2,586
12/06/2015,91.0,91.98,90.3,91.14,79.32,121
15/06/2015,91.0,91.7,90.44,91.0,79.2,243
16/06/2015,90.02,91.98,90.02,90.44,78.71,371
17/06/2015,90.3,91.28,90.16,90.86,79.08,1029
18/06/2015,90.44,93.38,89.88,90.86,79.08,2129
19/06/2015,91.0,91.14,90.16,90.72,78.96,714
22/06/2015,90.72,91.56,90.58,91.0,79.2,957
23/06/2015,92.54,93.8,91.14,92.4,80.42,2293
24/06/2015,91.98,93.1,91.98,92.68,80.66,1357
25/06/2015,93.38,93.52,91.56,91.84,79.93,1157
26/06/2015,91.56,92.54,90.44,92.12,80.17,436
29/06/2015,91.14,92.4,86.1,89.04,77.49,2550
30/06/2015,90.16,90.86,88.9,90.3,78.59,1071
01/07/2015,90.58,90.72,89.6,90.44,78.71,364
02/07/2015,86.8,88.62,85.4,86.38,75.18,1686
06/07/2015,86.94,86.94,83.3,84.0,73.11,4314
07/07/2015,83.3,85.82,80.08,83.72,72.86,4736
08/07/2015,82.04,85.12,82.04,82.6,71.89,1271
09/07/2015,82.6,82.6,69.16,75.6,65.8,7614
10/07/2015,76.58,86.52,76.58,83.44,72.62,2907
13/07/2015,82.04,83.44,74.34,83.16,72.38,4193
14/07/2015,81.76,82.46,80.36,81.2,70.67,964
15/07/2015,80.92,82.6,79.1,82.6,71.89,2450
16/07/2015,81.9,82.32,81.2,81.76,71.16,593
17/07/2015,79.52,82.46,79.52,82.04,71.4,964
20/07/2015,82.6,82.6,81.2,81.76,71.16,279
21/07/2015,82.04,83.86,81.76,82.74,72.01,2400
22/07/2015,81.06,82.74,78.4,82.74,72.01,821
23/07/2015,84.0,84.0,81.2,82.04,71.4,807
24/07/2015,82.18,85.26,81.48,85.26,74.2,1564
27/07/2015,83.86,84.98,83.86,84.7,73.72,2079
28/07/2015,84.28,87.22,84.0,84.84,73.84,1536
29/07/2015,85.12,85.4,83.44,85.26,74.2,2821
30/07/2015,84.28,85.68,84.14,84.7,73.72,1800
31/07/2015,84.42,84.42,79.66,84.42,73.47,471
03/08/2015,82.6,84.56,79.8,84.56,73.59,1471
04/08/2015,86.8,87.5,83.02,85.96,74.81,1521
05/08/2015,86.1,86.66,84.7,85.54,74.45,721
06/08/2015,86.38,87.5,83.72,86.66,75.42,1379
07/08/2015,86.66,88.2,84.7,86.66,75.42,6007
10/08/2015,86.38,86.8,85.82,86.52,75.3,307
11/08/2015,86.52,86.8,85.12,86.8,75.54,250
12/08/2015,84.98,85.68,81.76,84.84,73.84,4943
13/08/2015,83.44,86.8,82.88,86.52,75.3,1686
14/08/2015,86.24,86.66,84.42,86.66,75.42,750
17/08/2015,86.66,86.66,82.88,85.12,74.08,1793
18/08/2015,84.14,86.66,84.14,86.38,75.18,32329
19/08/2015,86.38,87.22,84.14,86.8,75.54,5864
20/08/2015,87.36,87.36,84.7,86.66,75.42,1514
21/08/2015,84.56,86.8,82.88,84.42,73.47,3264
24/08/2015,81.2,83.3,81.2,83.3,72.5,4129
25/08/2015,84.7,85.4,79.1,85.4,74.33,10157
26/08/2015,84.98,85.4,78.4,81.2,70.67,2186
27/08/2015,82.88,85.26,81.9,82.46,71.77,1850
28/08/2015,83.16,84.0,81.06,83.58,72.74,2643
31/08/2015,84.14,84.14,81.34,82.46,71.77,1486
01/09/2015,83.72,84.0,81.62,83.16,72.38,650
02/09/2015,82.74,84.98,81.34,84.28,73.35,450
03/09/2015,85.4,85.4,81.62,83.02,72.25,943
04/09/2015,83.44,85.12,83.02,84.28,73.35,529
08/09/2015,83.86,85.4,83.02,85.4,74.33,664
09/09/2015,85.4,86.66,84.84,85.82,74.69,1007
10/09/2015,85.54,85.82,84.14,84.28,73.35,3200
11/09/2015,85.82,86.24,84.56,85.4,74.33,1107
14/09/2015,86.1,87.08,84.14,85.54,74.45,893
15/09/2015,85.96,86.24,84.14,84.56,73.59,836
16/09/2015,84.84,86.38,83.16,84.7,73.72,2793
17/09/2015,84.84,86.38,84.0,84.42,73.47,1136
18/09/2015,84.0,84.42,83.72,84.14,73.23,471
21/09/2015,84.0,84.0,79.66,80.36,69.94,2279
22/09/2015,80.78,82.46,80.64,81.76,71.16,1236
23/09/2015,80.78,85.4,79.66,85.12,74.08,1300
24/09/2015,84.42,84.84,82.46,84.28,73.35,1257
25/09/2015,82.74,84.0,80.92,83.02,72.25,1350
28/09/2015,81.34,84.7,79.66,83.3,72.5,957
29/09/2015,83.02,90.86,81.48,89.88,78.22,2586
30/09/2015,87.92,90.02,85.12,85.26,74.2,2821
01/10/2015,85.4,87.78,85.4,86.66,75.42,886
02/10/2015,84.84,87.5,84.84,85.54,74.45,1957
05/10/2015,87.36,89.18,86.38,88.2,76.76,7607
06/10/2015,89.18,89.18,87.22,88.76,77.25,2093
07/10/2015,89.88,91.0,88.9,89.88,78.22,2886
08/10/2015,89.46,90.58,89.46,90.16,78.47,936
09/10/2015,90.16,91.0,89.46,90.44,78.71,1464
12/10/2015,90.58,91.0,90.44,90.58,78.83,4493
13/10/2015,91.0,91.14,90.44,90.86,79.08,1193
14/10/2015,91.28,91.28,90.44,90.86,79.08,1086
15/10/2015,91.28,92.96,90.02,91.56,79.69,557
16/10/2015,91.7,91.7,90.16,91.14,79.32,593
19/10/2015,91.28,92.68,90.44,91.7,79.81,1050
20/10/2015,91.0,91.0,88.62,89.6,77.98,1743
21/10/2015,90.3,91.0,89.46,90.02,78.35,793
22/10/2015,91.84,91.84,89.6,89.6,77.98,679
23/10/2015,89.04,90.02,88.62,89.46,77.86,1293
26/10/2015,89.88,90.58,88.62,90.02,78.35,1636
27/10/2015,89.6,90.02,87.92,89.46,77.86,914
28/10/2015,89.6,89.6,85.82,85.82,74.69,3643
29/10/2015,84.28,86.94,83.3,84.28,73.35,2479
30/10/2015,84.28,86.8,83.44,86.8,75.54,1186
02/11/2015,86.8,88.2,84.7,86.52,75.3,2100
03/11/2015,87.5,89.04,85.4,87.64,76.28,4950
04/11/2015,89.6,89.6,84.56,84.98,73.96,1707
05/11/2015,85.96,86.8,84.0,86.66,75.42,3421
06/11/2015,86.8,86.94,84.56,86.94,75.67,3043
09/11/2015,86.94,86.94,84.28,85.82,74.69,979
10/11/2015,84.7,85.54,84.0,84.56,73.59,1007
11/11/2015,84.42,85.96,84.42,84.7,73.72,793
12/11/2015,85.82,85.82,84.0,85.12,74.08,1043
13/11/2015,84.42,87.78,84.28,85.96,74.81,957
16/11/2015,86.66,86.8,85.68,86.52,75.3,936
17/11/2015,85.54,86.52,84.0,85.4,74.33,2164
18/11/2015,85.68,86.1,84.98,85.96,74.81,871
19/11/2015,85.4,85.4,84.28,85.26,74.2,1057
20/11/2015,84.42,85.26,84.14,84.84,73.84,1771
23/11/2015,84.98,84.98,83.02,83.02,72.25,2293
24/11/2015,82.88,83.02,81.2,82.04,71.4,1721
25/11/2015,81.9,81.9,77.28,80.78,70.3,6057
27/11/2015,80.78,84.56,78.68,84.56,73.59,3757
30/11/2015,84.56,84.7,81.34,83.44,72.62,1521
01/12/2015,81.9,83.3,80.5,82.46,71.77,1143
02/12/2015,83.58,83.58,80.5,81.06,70.55,1679
03/12/2015,81.06,82.04,79.94,80.64,70.18,1050
04/12/2015,79.94,81.62,78.96,79.38,69.09,943
07/12/2015,79.8,79.8,77.0,77.56,67.5,1271
08/12/2015,77.0,77.0,75.6,77.0,67.01,1057
09/12/2015,77.98,78.12,76.44,76.44,66.53,643
10/12/2015,75.6,77.0,74.62,76.72,66.77,1143
11/12/2015,75.88,77.56,74.9,77.42,67.38,2314
14/12/2015,77.84,77.98,72.8,74.2,64.58,1714
15/12/2015,74.2,75.18,72.24,73.22,63.73,2207
16/12/2015,74.76,75.6,73.22,73.64,64.09,3386
17/12/2015,74.34,74.34,70.14,74.06,64.46,1800
18/12/2015,74.2,74.62,70.14,70.56,61.41,1014
21/12/2015,70.56,72.66,70.0,70.7,61.53,2971
22/12/2015,70.7,71.68,68.6,70.56,61.41,1900
23/12/2015,71.96,74.76,69.72,70.84,61.65,1579
24/12/2015,71.26,72.52,70.98,72.38,62.99,429
28/12/2015,70.98,72.1,68.88,69.16,60.19,1793
29/12/2015,70.0,71.12,65.8,67.48,58.73,2921
30/12/2015,67.34,80.08,66.36,77.56,67.5,11186
31/12/2015,77.56,83.86,71.82,83.86,72.99,9250
04/01/2016,83.86,85.96,81.76,82.88,72.13,5414
05/01/2016,84.28,84.42,72.94,75.04,65.31,4400
06/01/2016,75.18,77.56,72.66,72.94,63.48,729
07/01/2016,74.06,74.06,70.0,71.96,62.63,1164
08/01/2016,73.36,73.36,70.0,72.24,62.87,864
11/01/2016,72.8,73.64,70.42,73.22,63.73,10686
12/01/2016,72.66,73.08,70.0,72.66,63.24,900
13/01/2016,74.2,74.2,71.4,72.66,63.24,2121
14/01/2016,72.52,72.52,70.0,71.4,62.14,843
15/01/2016,71.68,71.68,67.34,67.48,58.73,1129
19/01/2016,66.78,67.48,64.4,67.2,58.49,1800
20/01/2016,67.48,67.48,59.64,64.96,56.54,2671
21/01/2016,64.12,67.34,64.12,64.54,56.17,1350
22/01/2016,64.96,69.44,64.96,67.2,58.49,2429
25/01/2016,68.04,68.74,65.38,65.38,56.9,1579
26/01/2016,65.66,69.16,65.52,68.46,59.58,2271
27/01/2016,67.48,69.72,67.48,69.44,60.44,1250
28/01/2016,69.86,72.66,68.88,72.52,63.12,2657
29/01/2016,73.64,74.9,72.24,73.22,63.73,1071
01/02/2016,74.34,76.86,72.1,75.88,66.04,2400
02/02/2016,73.92,73.92,69.44,72.66,63.24,2657
03/02/2016,71.26,74.48,69.72,70.84,61.65,4857
04/02/2016,69.3,74.06,69.3,71.26,62.02,4050
05/02/2016,72.66,75.18,71.4,74.2,64.58,2214
08/02/2016,73.22,76.16,71.68,71.68,62.38,3386
09/02/2016,71.68,71.82,68.6,71.82,62.51,1614
10/02/2016,71.82,71.82,69.44,69.44,60.44,1600
11/02/2016,68.74,69.72,65.1,65.1,56.66,1600
12/02/2016,65.38,66.22,64.54,65.24,56.78,3586
16/02/2016,66.64,67.34,65.52,65.94,57.39,1743
17/02/2016,69.44,69.44,65.52,67.2,58.49,3700
18/02/2016,67.9,67.9,64.54,65.66,57.15,1579
19/02/2016,66.64,66.64,64.4,64.96,56.54,1500
22/02/2016,64.12,65.8,64.12,64.26,55.93,1536
23/02/2016,64.26,65.8,64.12,65.66,57.15,2643
24/02/2016,64.4,65.66,61.18,65.66,57.15,2000
25/02/2016,66.08,66.22,63.28,64.4,56.05,1343
26/02/2016,64.26,64.4,62.02,62.3,54.22,1557
29/02/2016,62.86,63.14,61.6,62.02,53.98,2536
01/03/2016,62.02,63.42,61.04,61.6,53.61,2050
02/03/2016,60.76,61.88,60.34,60.62,52.76,1621
03/03/2016,59.5,61.04,58.24,58.8,51.18,9807
04/03/2016,58.8,59.64,56.84,58.52,50.93,8371
07/03/2016,59.22,64.68,58.24,61.18,53.25,10807
08/03/2016,59.92,60.76,57.96,58.38,50.81,2821
09/03/2016,59.36,60.2,57.12,57.68,50.2,4479
10/03/2016,57.68,58.52,56.56,57.96,50.44,2571
11/03/2016,58.38,58.38,56.42,56.98,49.59,3450
14/03/2016,58.66,60.9,57.68,58.66,51.05,5650
15/03/2016,59.5,59.92,58.38,58.8,51.18,2000
16/03/2016,58.52,59.64,57.12,59.22,51.54,2871
17/03/2016,59.08,60.48,59.08,60.2,52.39,3121
18/03/2016,60.2,62.3,59.36,61.74,53.73,2993
21/03/2016,60.2,61.32,59.5,59.78,52.03,1479
22/03/2016,60.9,60.9,57.26,57.26,49.83,3264
23/03/2016,57.96,57.96,56.0,56.42,49.1,1514
24/03/2016,56.28,58.24,56.28,57.4,49.96,1043
28/03/2016,56.84,57.4,54.74,55.02,47.89,1879
29/03/2016,55.44,55.72,53.34,53.9,46.91,5757
30/03/2016,54.46,54.6,53.06,53.2,46.3,2429
31/03/2016,53.9,55.3,52.92,53.2,46.3,7136
01/04/2016,53.48,53.48,52.08,52.64,45.81,3007
04/04/2016,52.64,53.2,51.52,51.66,44.96,3729
05/04/2016,50.68,52.64,49.7,50.12,43.62,5736
06/04/2016,50.54,52.92,50.4,52.36,45.57,4579
07/04/2016,52.64,55.02,51.8,52.36,45.57,5979
08/04/2016,53.9,56.0,53.9,54.46,47.4,3007
11/04/2016,56.0,57.96,55.72,56.98,49.59,3700
12/04/2016,57.4,58.1,56.84,56.84,49.47,757
13/04/2016,57.4,60.9,57.4,60.06,52.27,5193
14/04/2016,59.92,60.9,56.0,56.28,48.98,3536
15/04/2016,57.4,57.82,54.32,54.32,47.28,2507
18/04/2016,54.74,57.96,54.74,56.28,48.98,2800
19/04/2016,56.7,58.1,56.0,56.0,48.74,2829
20/04/2016,57.26,57.4,56.14,56.14,48.86,2071
21/04/2016,56.7,57.12,55.72,55.86,48.62,4864
22/04/2016,55.86,56.42,55.44,55.72,48.49,1836
25/04/2016,56.0,56.84,55.72,55.72,48.49,2286
26/04/2016,55.72,56.0,54.74,56.0,48.74,2371
27/04/2016,56.0,57.4,55.86,56.84,49.47,5543
28/04/2016,56.84,58.1,55.58,56.56,49.23,7007
29/04/2016,56.56,56.84,53.34,55.3,48.13,5629
02/05/2016,55.86,55.86,52.64,52.64,45.81,5643
03/05/2016,52.64,53.76,51.52,52.78,45.94,4686
04/05/2016,52.78,56.0,51.52,56.0,48.74,11486
05/05/2016,55.58,56.28,50.12,50.82,44.23,8607
06/05/2016,51.1,51.24,42.98,44.24,38.5,9507
09/05/2016,44.8,46.62,44.8,45.22,39.36,3786
10/05/2016,45.5,47.18,45.5,46.48,40.45,2214
11/05/2016,46.76,47.46,44.8,45.92,39.97,2250
12/05/2016,46.34,46.62,44.24,44.52,38.75,2157
13/05/2016,44.24,46.06,44.24,45.64,39.72,1779
16/05/2016,45.78,45.78,44.66,45.08,39.23,2336
17/05/2016,44.8,45.92,44.66,45.78,39.84,5336
18/05/2016,44.8,46.48,44.24,44.8,38.99,2471
19/05/2016,45.08,46.9,43.54,43.82,38.14,1971
20/05/2016,44.24,48.58,44.24,48.58,42.28,4800
23/05/2016,47.74,48.44,45.92,45.92,39.97,2864
24/05/2016,47.04,49.0,45.22,47.88,41.67,16793
25/05/2016,47.04,47.6,46.2,46.34,40.33,2000
26/05/2016,46.2,47.04,46.2,46.48,40.45,6214
27/05/2016,47.04,48.44,47.04,47.46,41.31,1564
31/05/2016,47.74,50.96,47.74,49.0,42.65,4400
01/06/2016,49.28,49.84,47.74,49.0,42.65,2171
02/06/2016,49.0,50.12,48.3,48.44,42.16,714
03/06/2016,48.3,49.0,48.3,48.86,42.52,864
06/06/2016,49.0,49.7,48.58,48.86,42.52,1536
07/06/2016,48.58,50.26,48.3,49.84,43.38,16100
08/06/2016,50.82,51.1,50.4,50.68,44.11,1250
09/06/2016,50.68,50.68,48.86,49.42,43.01,1686
10/06/2016,49.0,49.14,46.2,46.48,40.45,629
13/06/2016,46.2,46.2,44.1,45.22,39.36,3650
14/06/2016,45.22,46.2,43.68,45.78,39.84,3814
15/06/2016,46.48,47.74,44.24,44.52,38.75,3871
16/06/2016,43.96,44.94,43.82,44.52,38.75,1500
17/06/2016,44.52,46.34,43.4,44.1,38.38,1043
20/06/2016,44.8,45.36,44.8,44.94,39.11,893
21/06/2016,44.38,44.52,43.82,44.52,38.75,1900
22/06/2016,44.66,45.5,44.66,45.36,39.48,1057
23/06/2016,46.06,46.76,45.78,46.62,40.57,493
24/06/2016,45.92,46.48,44.24,44.38,38.62,2550
27/06/2016,44.1,44.52,41.58,42.14,36.68,3100
28/06/2016,42.28,44.24,41.58,41.86,36.43,2314
29/06/2016,42.7,42.84,41.72,41.86,36.43,764
30/06/2016,41.72,41.86,37.8,38.08,33.14,9993
01/07/2016,37.8,40.32,37.8,39.48,34.36,2793
05/07/2016,40.32,40.32,38.08,38.08,33.14,1579
06/07/2016,39.2,41.86,38.22,41.3,35.94,7793
07/07/2016,42.0,48.3,42.0,45.92,39.97,10450
08/07/2016,46.9,57.4,46.76,56.56,49.23,20893
11/07/2016,58.24,65.38,57.26,59.92,52.15,39664
12/07/2016,59.92,63.98,59.22,62.3,54.22,11814
13/07/2016,63.56,65.38,59.36,60.76,52.88,12229
14/07/2016,60.76,60.9,56.56,57.54,50.08,10443
15/07/2016,57.4,59.22,57.26,58.38,50.81,4907
18/07/2016,58.8,63.0,58.8,62.72,54.59,19057
19/07/2016,63.28,65.38,61.18,62.86,54.71,9507
20/07/2016,64.68,66.5,62.3,66.36,57.75,8364
21/07/2016,66.5,68.6,63.14,64.12,55.81,11157
22/07/2016,64.96,64.96,58.94,61.74,53.73,10164
25/07/2016,60.62,62.58,59.08,61.04,53.12,18157
26/07/2016,60.2,61.6,59.5,61.32,53.37,4257
27/07/2016,62.02,62.72,61.04,61.46,53.49,1607
28/07/2016,61.46,61.46,58.94,59.64,51.91,3750
29/07/2016,58.8,60.2,57.4,59.78,52.03,9750
01/08/2016,59.78,60.9,58.52,59.22,51.54,8564
02/08/2016,61.18,62.86,59.22,60.2,52.39,9107
03/08/2016,61.04,61.6,59.22,59.92,52.15,4000
04/08/2016,60.9,61.32,59.22,59.78,52.03,1950
05/08/2016,59.5,61.18,59.22,60.48,52.64,4314
08/08/2016,60.34,60.34,57.54,58.24,50.69,19536
09/08/2016,59.22,59.5,56.42,56.7,49.35,7436
10/08/2016,56.56,57.4,54.04,54.6,47.52,6371
11/08/2016,52.5,54.32,51.52,53.2,46.3,9007
12/08/2016,53.48,55.16,52.78,53.76,46.79,6300
15/08/2016,54.88,55.58,52.92,54.74,47.64,3293
16/08/2016,53.34,55.16,53.34,53.48,46.54,1929
17/08/2016,54.32,54.32,51.8,51.94,45.2,7271
18/08/2016,51.8,53.34,51.8,53.2,46.3,4079
19/08/2016,52.22,52.36,50.82,51.1,44.47,3193
22/08/2016,50.4,52.08,49.28,50.26,43.74,5236
23/08/2016,51.1,51.66,49.84,49.98,43.5,2586
24/08/2016,50.4,50.4,47.88,48.72,42.4,2793
25/08/2016,48.72,48.86,46.9,47.6,41.43,3629
26/08/2016,47.6,49.14,47.46,48.58,42.28,2621
29/08/2016,48.86,49.28,48.02,48.44,42.16,3000
30/08/2016,48.44,48.58,47.6,48.3,42.04,1900
31/08/2016,47.88,47.88,44.8,45.22,39.36,4114
01/09/2016,43.96,44.8,38.5,40.04,34.85,14057
02/09/2016,41.16,42.84,38.64,40.46,35.21,6786
06/09/2016,41.58,42.28,40.04,40.74,35.46,5400
07/09/2016,41.16,42.14,40.74,41.58,36.19,3757
08/09/2016,41.58,46.9,41.58,46.2,40.21,12807
09/09/2016,46.2,46.2,44.24,44.52,38.75,5121
12/09/2016,44.52,45.78,44.52,45.22,39.36,2336
13/09/2016,45.22,45.22,42.14,42.56,37.04,2479
14/09/2016,42.84,43.4,42.28,42.84,37.28,1514
15/09/2016,43.26,43.54,41.86,42.7,37.16,1771
16/09/2016,43.12,43.68,42.14,42.28,36.8,1293
19/09/2016,42.42,44.94,40.88,41.86,36.43,6107
20/09/2016,42.0,42.0,40.18,40.6,35.34,2721
21/09/2016,40.74,41.44,39.2,39.62,34.48,4386
22/09/2016,39.76,41.72,39.76,41.3,35.94,2036
23/09/2016,41.3,41.86,40.32,40.6,35.34,4000
26/09/2016,40.6,41.3,40.32,40.32,35.09,1421
27/09/2016,40.46,40.46,38.22,38.5,33.51,4879
28/09/2016,38.78,39.48,37.8,39.48,34.36,2236
29/09/2016,39.48,39.9,35.98,37.1,32.29,7929
30/09/2016,37.24,37.52,36.26,37.52,32.65,2121
03/10/2016,37.1,38.5,36.54,38.5,33.51,2429
04/10/2016,38.5,38.5,36.82,37.1,32.29,3071
05/10/2016,37.1,37.8,36.82,37.52,32.65,2143
06/10/2016,37.52,37.94,37.1,37.38,32.53,1464
07/10/2016,37.24,37.66,36.96,37.24,32.41,1857
10/10/2016,37.1,37.8,36.82,37.1,32.29,3907
11/10/2016,37.1,37.24,35.98,36.26,31.56,2500
12/10/2016,37.1,37.1,34.3,34.58,30.1,5114
13/10/2016,34.44,34.72,32.34,32.76,28.51,9493
14/10/2016,32.76,34.3,32.76,33.32,29.0,2514
17/10/2016,33.32,34.86,32.06,34.02,29.61,4021
18/10/2016,35.0,35.28,33.46,34.3,29.85,2271
19/10/2016,34.3,35.84,33.74,34.86,30.34,7864
20/10/2016,35.0,36.96,35.0,36.68,31.92,8014
21/10/2016,36.68,36.82,33.88,35.28,30.71,4236
24/10/2016,34.44,35.42,34.3,35.14,30.58,3914
25/10/2016,35.14,36.96,34.72,36.4,31.68,4157
26/10/2016,36.4,38.5,36.12,36.54,31.8,6521
27/10/2016,37.38,37.38,35.7,35.7,31.07,3357
28/10/2016,35.7,36.26,35.28,35.42,30.83,4264
31/10/2016,35.0,36.12,35.0,35.7,31.07,1186
01/11/2016,36.4,37.1,35.7,36.4,31.68,2921
02/11/2016,36.4,36.96,35.0,35.7,31.07,3936
03/11/2016,35.0,36.26,35.0,35.7,31.07,4071
04/11/2016,35.7,37.1,35.7,36.4,31.68,2279
07/11/2016,35.7,36.26,34.3,35.0,30.46,2036
08/11/2016,35.0,35.7,30.1,32.2,28.02,5007
09/11/2016,31.5,32.9,30.8,32.9,28.63,1671
10/11/2016,32.2,33.6,32.2,32.9,28.63,1750
11/11/2016,33.6,35.56,32.2,33.6,29.24,4950
14/11/2016,33.6,34.3,32.9,32.9,28.63,1814
15/11/2016,33.6,48.3,33.6,46.9,40.82,38736
16/11/2016,53.2,61.6,49.7,51.1,44.47,66364
17/11/2016,55.3,56.0,38.5,45.5,39.6,36850
18/11/2016,45.5,49.56,45.5,46.9,40.82,11107
21/11/2016,47.6,48.3,45.5,46.9,40.82,9071
22/11/2016,46.9,48.3,45.5,48.3,42.04,3700
23/11/2016,46.2,48.3,46.2,48.3,42.04,5214
25/11/2016,47.6,49.0,46.9,48.3,42.04,1629
28/11/2016,47.6,53.9,45.5,46.2,40.21,12429
29/11/2016,46.2,47.6,44.1,44.8,38.99,6071
30/11/2016,46.2,46.9,42.14,43.4,37.77,5221
01/12/2016,43.4,44.8,42.7,43.4,37.77,2314
02/12/2016,44.1,44.8,42.7,43.4,37.77,2650
05/12/2016,44.1,44.8,42.7,43.4,37.77,5857
06/12/2016,42.7,44.8,42.7,43.4,37.77,7879
07/12/2016,43.4,44.1,42.7,44.1,38.38,2543
08/12/2016,43.4,44.1,39.9,43.4,37.77,6621
09/12/2016,42.7,43.4,41.3,42.0,36.55,2793
12/12/2016,43.4,44.1,40.6,42.7,37.16,4907
13/12/2016,43.4,43.4,39.9,43.4,37.77,3557
14/12/2016,42.7,42.7,39.9,40.6,35.34,4179
15/12/2016,42.0,42.7,39.2,42.7,37.16,7436
16/12/2016,38.5,42.0,36.68,40.6,35.34,15607
19/12/2016,39.9,39.9,37.1,37.8,32.9,8436
20/12/2016,38.5,39.2,37.1,38.5,33.51,3471
21/12/2016,38.5,38.5,37.1,37.1,32.29,2907
22/12/2016,37.1,39.2,36.4,37.8,32.9,2314
23/12/2016,38.5,38.5,36.4,37.1,32.29,3221
27/12/2016,37.8,38.5,37.1,37.1,32.29,2964
28/12/2016,37.1,38.5,35.7,35.7,31.07,5629
29/12/2016,35.7,37.8,35.7,37.8,32.9,3264
30/12/2016,37.8,37.8,35.0,37.1,32.29,5221
03/01/2017,37.1,38.5,37.1,38.5,33.51,3357
04/01/2017,39.2,39.9,37.1,38.5,33.51,5514
05/01/2017,39.2,39.2,37.1,37.8,32.9,1971
06/01/2017,37.1,37.8,36.4,37.1,32.29,2486
09/01/2017,36.4,37.8,35.0,37.8,32.9,5129
10/01/2017,37.8,38.5,36.4,37.8,32.9,1293
11/01/2017,37.8,38.5,36.82,38.5,33.51,3679
12/01/2017,37.8,38.36,37.1,37.1,32.29,1564
13/01/2017,36.4,38.5,36.4,37.1,32.29,1236
17/01/2017,37.1,37.8,36.4,36.4,31.68,3429
18/01/2017,36.4,36.82,35.7,35.7,31.07,3150
19/01/2017,36.4,37.1,35.0,35.0,30.46,2586
20/01/2017,35.0,37.1,34.3,37.1,32.29,3700
23/01/2017,37.1,38.64,35.7,37.8,32.9,7864
24/01/2017,38.5,38.5,37.1,38.5,33.51,3436
25/01/2017,37.1,38.5,37.1,38.5,33.51,3264
26/01/2017,38.5,38.5,36.4,37.52,32.65,2550
27/01/2017,37.1,37.8,35.7,37.1,32.29,3764
30/01/2017,37.8,37.8,35.7,35.7,31.07,2179
31/01/2017,36.4,36.82,35.0,35.7,31.07,2043
01/02/2017,36.4,37.1,35.7,35.7,31.07,1807
02/02/2017,36.4,37.1,34.3,35.7,31.07,3707
03/02/2017,36.4,36.4,35.0,35.0,30.46,2579
06/02/2017,35.0,35.7,35.0,35.42,30.83,914
07/02/2017,35.0,35.0,34.3,34.3,29.85,2336
08/02/2017,34.3,34.86,32.9,32.9,28.63,3800
09/02/2017,32.9,37.8,32.2,37.8,32.9,8550
10/02/2017,37.8,37.8,35.0,36.4,31.68,1514
13/02/2017,37.1,37.8,36.4,36.82,32.05,2900
14/02/2017,36.4,37.8,36.4,36.4,31.68,1786
15/02/2017,36.4,37.1,36.4,36.4,31.68,771
16/02/2017,36.54,37.1,36.4,37.1,32.29,886
17/02/2017,36.4,37.8,36.4,37.1,32.29,5207
21/02/2017,37.1,37.8,36.54,37.8,32.9,2857
22/02/2017,36.4,37.1,35.0,36.4,31.68,3907
23/02/2017,36.4,36.4,34.3,35.0,30.46,7443
24/02/2017,34.3,36.4,33.6,35.7,31.07,5171
27/02/2017,35.7,35.7,33.6,35.0,30.46,3307
28/02/2017,35.0,35.0,33.46,33.6,29.24,3614
01/03/2017,34.3,34.3,32.9,32.9,28.63,2143
02/03/2017,32.9,33.6,32.2,33.6,29.24,2700
03/03/2017,32.9,32.9,29.4,30.8,26.81,6514
06/03/2017,30.8,31.08,30.1,30.8,26.81,3264
07/03/2017,30.8,30.94,25.9,25.9,22.54,9564
08/03/2017,24.5,25.9,23.1,24.5,21.32,14964
09/03/2017,23.8,27.3,23.8,26.6,23.15,4964
10/03/2017,25.2,26.32,25.2,25.2,21.93,4214
13/03/2017,24.5,24.92,23.1,23.8,20.71,7679
14/03/2017,23.8,24.22,23.1,23.1,20.1,3686
15/03/2017,23.8,23.8,22.4,23.1,20.1,4657
16/03/2017,23.8,28.0,23.8,26.6,23.15,10750
17/03/2017,26.6,29.4,26.6,28.0,24.37,4129
20/03/2017,28.7,28.7,25.9,26.6,23.15,2850
21/03/2017,26.6,26.6,25.2,25.9,22.54,636
22/03/2017,25.9,25.9,23.1,23.1,20.1,4900
23/03/2017,24.5,25.2,23.8,25.2,21.93,1586
24/03/2017,25.2,25.9,23.1,23.1,20.1,2493
27/03/2017,23.1,24.5,23.1,24.5,21.32,1236
28/03/2017,24.5,24.5,23.1,24.5,21.32,2636
29/03/2017,24.5,25.2,23.8,24.5,21.32,1136
30/03/2017,24.5,25.2,23.52,24.5,21.32,1571
31/03/2017,24.08,25.9,23.94,24.5,21.32,986
03/04/2017,23.8,25.2,23.1,23.8,20.71,3893
04/04/2017,23.1,24.5,23.1,24.5,21.32,2786
05/04/2017,24.5,24.5,23.1,23.1,20.1,2136
06/04/2017,23.1,25.2,22.4,25.2,21.93,6371
07/04/2017,23.8,25.2,23.8,24.5,21.32,1221
10/04/2017,24.5,25.2,24.5,24.5,21.32,1293
11/04/2017,25.2,25.9,24.5,25.9,22.54,3007
12/04/2017,25.9,25.9,24.5,25.2,21.93,1414
13/04/2017,25.2,25.62,24.5,25.2,21.93,679
17/04/2017,24.5,24.5,23.1,24.5,21.32,1629
18/04/2017,23.8,24.5,23.1,23.8,20.71,1000
19/04/2017,23.8,24.5,23.1,23.1,20.1,1179
20/04/2017,23.1,24.5,23.1,23.8,20.71,3043
21/04/2017,23.8,24.5,23.1,23.8,20.71,2700
24/04/2017,23.8,24.36,23.1,23.1,20.1,529
25/04/2017,23.8,23.8,23.1,23.1,20.1,857
26/04/2017,23.1,23.8,23.1,23.1,20.1,4086
27/04/2017,23.52,24.5,23.1,24.5,21.32,1214
28/04/2017,23.8,25.9,23.1,23.8,20.71,4707
01/05/2017,23.8,26.6,23.8,25.9,22.54,4421
02/05/2017,26.6,26.6,24.5,24.64,21.44,2950
03/05/2017,25.9,25.9,24.5,24.5,21.32,2414
04/05/2017,25.9,25.9,23.8,25.2,21.93,2414
05/05/2017,23.8,25.2,23.1,23.1,20.1,2564
08/05/2017,23.8,26.6,23.1,25.2,21.93,1529
09/05/2017,25.9,25.9,23.8,23.8,20.71,4107
10/05/2017,24.5,25.2,21.0,21.0,18.28,13900
11/05/2017,21.7,23.1,21.0,21.7,18.89,5921
12/05/2017,23.1,23.1,21.0,21.0,18.28,3436
15/05/2017,21.0,21.7,20.3,21.0,18.28,6143
16/05/2017,21.0,21.0,18.9,18.9,16.45,4607
17/05/2017,18.9,18.9,17.5,18.9,16.45,4829
18/05/2017,18.9,18.9,17.5,17.5,15.23,2586
19/05/2017,18.2,18.9,17.5,18.2,15.84,1264
22/05/2017,18.2,18.9,18.2,18.2,15.84,1057
23/05/2017,18.2,18.2,17.5,17.5,15.23,450
24/05/2017,17.5,18.9,17.5,18.9,16.45,2450
25/05/2017,18.2,18.76,17.5,17.5,15.23,1743
26/05/2017,17.5,18.9,17.5,17.5,15.23,2357
30/05/2017,18.2,18.9,17.5,18.9,16.45,9350
31/05/2017,21.0,21.7,18.9,19.6,17.06,17914
01/06/2017,18.9,21.0,18.2,18.9,16.45,4071
02/06/2017,19.18,19.6,18.2,18.2,15.84,2171
05/06/2017,18.2,18.9,18.06,18.9,16.45,836
06/06/2017,18.2,19.6,18.2,18.9,16.45,2407
07/06/2017,18.76,19.6,18.2,19.6,17.06,650
08/06/2017,18.9,19.46,18.9,18.9,16.45,1307
09/06/2017,19.6,19.6,18.9,18.9,16.45,1564
12/06/2017,19.6,20.3,18.9,19.6,17.06,2407
13/06/2017,20.3,20.3,19.6,19.6,17.06,807
14/06/2017,19.6,20.3,18.9,18.9,16.45,936
15/06/2017,19.6,20.3,18.9,19.6,17.06,929
16/06/2017,19.6,20.3,18.9,19.6,17.06,1121
19/06/2017,19.6,20.3,19.6,20.3,17.67,557
20/06/2017,19.6,20.3,19.32,19.6,17.06,1886
21/06/2017,20.3,21.0,20.3,20.3,17.67,1829
22/06/2017,21.0,21.0,19.6,21.0,18.28,2221
23/06/2017,20.3,23.1,20.3,23.1,20.1,5450
26/06/2017,23.1,24.5,22.96,24.5,21.32,2864
27/06/2017,24.5,25.62,23.1,23.8,20.71,6171
28/06/2017,23.8,23.8,21.56,23.8,20.71,4450
29/06/2017,22.4,23.8,22.4,23.1,20.1,1950
30/06/2017,23.1,23.8,22.82,23.8,20.71,1164
03/07/2017,23.1,24.5,23.1,23.8,20.71,1907
05/07/2017,23.8,23.8,22.4,22.4,19.5,2871
06/07/2017,21.7,23.8,19.6,23.8,20.71,4186
07/07/2017,23.8,23.8,21.7,22.12,19.25,4521
10/07/2017,23.1,23.1,21.0,21.7,18.89,3464
11/07/2017,22.4,22.4,21.84,22.12,19.25,593
12/07/2017,23.8,25.9,22.68,25.9,22.54,26657
13/07/2017,26.6,31.5,26.04,30.8,26.81,24429
14/07/2017,33.6,36.4,31.64,35.7,31.07,39029
17/07/2017,37.1,44.8,36.4,42.0,36.55,62336
18/07/2017,42.0,44.8,32.2,34.3,29.85,66114
19/07/2017,35.0,35.56,28.0,31.5,27.42,27236
20/07/2017,31.5,32.2,30.8,31.5,27.42,9957
21/07/2017,31.5,32.76,28.0,29.4,25.59,16543
24/07/2017,29.4,32.2,28.0,29.4,25.59,12057
25/07/2017,29.4,29.4,28.0,28.7,24.98,8200
26/07/2017,29.4,30.1,26.6,28.0,24.37,15607
27/07/2017,29.4,29.4,27.3,28.0,24.37,6329
28/07/2017,28.7,29.82,27.3,28.0,24.37,6864
31/07/2017,27.3,29.4,27.3,28.0,24.37,7300
01/08/2017,29.4,29.4,28.0,28.7,24.98,7064
02/08/2017,28.7,28.7,27.3,27.3,23.76,10707
03/08/2017,28.0,28.0,23.1,24.5,21.32,27771
04/08/2017,23.8,25.9,23.8,25.2,21.93,6764
07/08/2017,25.2,25.9,24.5,24.5,21.32,3957
08/08/2017,24.5,25.2,23.8,23.8,20.71,3457
09/08/2017,23.8,24.5,22.4,22.4,19.5,6200
10/08/2017,23.8,23.8,22.4,23.1,20.1,3471
11/08/2017,22.4,23.1,21.0,22.4,19.5,7779
14/08/2017,22.4,22.4,20.3,20.3,17.67,6850
15/08/2017,20.3,21.56,20.3,20.72,18.03,3957
16/08/2017,20.3,21.0,19.6,20.3,17.67,3871
17/08/2017,20.3,20.3,19.6,19.6,17.06,2257
18/08/2017,21.0,21.0,18.9,19.6,17.06,6300
21/08/2017,18.9,20.3,18.9,20.3,17.67,1286
22/08/2017,20.3,20.3,18.9,18.9,16.45,3279
23/08/2017,20.3,21.42,19.6,20.3,17.67,5329
24/08/2017,20.3,23.1,20.3,22.4,19.5,7443
25/08/2017,24.5,26.6,23.1,23.8,20.71,15243
28/08/2017,23.8,24.5,23.1,23.8,20.71,2507
29/08/2017,23.8,25.9,23.1,24.22,21.08,4214
30/08/2017,23.8,24.22,23.1,23.1,20.1,3279
31/08/2017,23.1,23.8,23.1,23.1,20.1,1207
01/09/2017,23.1,23.8,21.7,22.12,19.25,3543
05/09/2017,21.7,22.82,19.6,20.3,17.67,6050
06/09/2017,20.3,21.0,19.6,19.6,17.06,6036
07/09/2017,20.3,21.0,18.9,19.6,17.06,15179
08/09/2017,20.3,21.0,18.9,19.6,17.06,5336
11/09/2017,19.6,21.7,19.6,21.0,18.28,3421
12/09/2017,21.0,22.4,20.3,20.3,17.67,3364
13/09/2017,21.7,22.12,19.6,19.6,17.06,7657
14/09/2017,21.7,21.7,20.3,20.3,17.67,2064
15/09/2017,21.0,21.0,19.6,20.3,17.67,2529
18/09/2017,20.3,21.0,19.6,19.6,17.06,5764
19/09/2017,21.0,21.0,20.3,21.0,18.28,1279
20/09/2017,21.0,21.0,19.6,19.6,17.06,3150
21/09/2017,19.6,21.0,18.9,18.9,16.45,7057
22/09/2017,20.3,20.3,19.6,19.6,17.06,1079
25/09/2017,19.6,20.3,19.6,19.6,17.06,3107
26/09/2017,20.3,20.3,19.6,19.6,17.06,1314
27/09/2017,19.6,20.44,19.6,19.6,17.06,4421
28/09/2017,20.3,21.0,19.6,20.3,17.67,13593
29/09/2017,20.3,20.3,19.6,19.6,17.06,3107
02/10/2017,19.6,20.3,19.6,19.6,17.06,3464
03/10/2017,19.6,21.0,19.6,21.0,18.28,4379
04/10/2017,21.0,21.42,20.3,20.3,17.67,5507
05/10/2017,21.0,21.7,20.3,21.0,18.28,7114
06/10/2017,21.0,22.4,20.3,21.7,18.89,3429
09/10/2017,22.4,23.1,21.0,21.0,18.28,5686
10/10/2017,22.4,22.4,20.02,20.3,17.67,7950
11/10/2017,20.3,21.0,20.3,20.3,17.67,5164
12/10/2017,21.7,21.7,19.6,19.6,17.06,11500
13/10/2017,19.6,21.0,19.6,21.0,18.28,2971
16/10/2017,21.0,21.0,20.3,20.3,17.67,1657
17/10/2017,21.0,21.7,20.3,21.0,18.28,5871
18/10/2017,20.3,21.7,19.6,21.0,18.28,9929
19/10/2017,21.0,21.7,20.3,20.3,17.67,3129
20/10/2017,20.3,21.42,20.3,20.3,17.67,2536
23/10/2017,21.0,21.56,20.3,21.0,18.28,6643
24/10/2017,21.0,21.0,20.3,21.0,18.28,2900
25/10/2017,21.0,21.7,20.3,21.0,18.28,3379
26/10/2017,20.3,21.7,20.3,21.0,18.28,914
27/10/2017,20.3,21.14,20.3,21.0,18.28,2757
30/10/2017,21.0,21.7,20.3,21.0,18.28,10836
31/10/2017,20.3,23.1,20.3,22.4,19.5,8379
01/11/2017,23.1,23.1,20.3,20.3,17.67,5071
02/11/2017,20.3,21.7,20.3,21.0,18.28,5200
03/11/2017,21.0,23.66,21.0,21.0,18.28,14021
06/11/2017,21.0,23.1,21.0,21.7,18.89,8314
07/11/2017,23.8,26.6,22.12,24.5,21.32,52779
08/11/2017,23.8,24.5,22.4,23.8,20.71,11536
09/11/2017,23.8,25.2,22.4,22.4,19.5,7214
10/11/2017,22.4,25.2,22.4,23.8,20.71,6414
13/11/2017,23.8,24.5,22.4,22.4,19.5,9050
14/11/2017,23.1,23.8,22.4,22.82,19.86,4157
15/11/2017,23.1,23.8,22.4,22.4,19.5,5171
16/11/2017,22.4,24.22,22.4,23.1,20.1,8021
17/11/2017,23.1,23.8,22.4,22.4,19.5,3779
20/11/2017,23.8,23.8,22.4,23.1,20.1,3150
21/11/2017,23.8,24.92,22.4,22.4,19.5,8214
22/11/2017,22.4,23.1,22.4,22.4,19.5,6607
24/11/2017,23.1,23.8,22.4,22.4,19.5,2200
27/11/2017,22.4,23.1,21.7,22.4,19.5,7086
28/11/2017,22.4,22.4,21.7,22.4,19.5,5821
29/11/2017,21.7,22.26,21.0,21.0,18.28,6550
30/11/2017,21.7,22.12,21.0,21.7,18.89,6314
01/12/2017,21.7,21.7,21.0,21.7,18.89,4636
04/12/2017,21.7,21.7,21.0,21.0,18.28,1214
05/12/2017,21.0,21.28,19.6,19.6,17.06,8936
06/12/2017,21.0,21.7,19.6,19.6,17.06,5986
07/12/2017,20.3,20.3,19.6,19.6,17.06,2757
08/12/2017,19.6,20.3,19.6,19.6,17.06,3200
11/12/2017,19.6,20.3,19.6,19.6,17.06,1464
12/12/2017,19.6,20.3,19.6,19.6,17.06,1550
13/12/2017,19.6,21.0,19.6,19.6,17.06,2457
14/12/2017,19.6,20.3,19.6,19.6,17.06,6571
15/12/2017,19.6,20.3,18.9,20.02,17.42,1964
18/12/2017,20.3,22.4,20.3,21.7,18.89,7743
19/12/2017,22.4,22.4,19.6,19.6,17.06,5714
20/12/2017,20.3,21.42,19.6,20.02,17.42,1736
21/12/2017,20.3,21.0,19.6,20.3,17.67,2971
22/12/2017,19.6,21.0,19.6,21.0,18.28,964
26/12/2017,21.42,21.7,20.3,21.0,18.28,4143
27/12/2017,21.0,21.7,19.74,21.0,18.28,2414
28/12/2017,21.0,21.7,19.6,20.3,17.67,5879
29/12/2017,21.0,21.0,20.3,20.3,17.67,4414
02/01/2018,21.0,21.0,20.3,20.3,17.67,857
03/01/2018,20.44,21.7,20.3,21.0,18.28,1521
04/01/2018,21.7,21.7,21.0,21.7,18.89,4393
05/01/2018,22.4,22.4,21.0,22.4,19.5,1786
08/01/2018,22.4,22.4,21.0,21.7,18.89,2929
09/01/2018,21.7,22.4,20.3,20.3,17.67,2993
10/01/2018,20.3,21.0,19.6,20.3,17.67,3307
11/01/2018,20.3,21.7,19.6,21.0,18.28,5243
12/01/2018,21.7,21.7,19.6,21.0,18.28,13714
16/01/2018,21.0,21.42,20.3,20.3,17.67,3443
17/01/2018,20.3,21.0,19.88,20.02,17.42,2714
18/01/2018,20.3,21.0,19.6,19.6,17.06,3186
19/01/2018,21.0,21.0,20.3,20.3,17.67,1293
22/01/2018,20.3,21.0,20.3,21.0,18.28,2879
23/01/2018,21.0,21.0,18.9,20.3,17.67,22564
24/01/2018,20.3,21.0,19.6,19.6,17.06,5343
25/01/2018,21.0,21.0,18.9,19.6,17.06,4350
26/01/2018,19.6,20.3,19.6,20.3,17.67,1093
29/01/2018,19.6,20.3,19.6,19.6,17.06,2343
30/01/2018,20.3,20.3,18.9,19.32,16.81,4357
31/01/2018,18.9,19.6,18.2,18.2,15.84,8964
01/02/2018,18.2,19.6,18.2,18.9,16.45,1950
02/02/2018,18.9,19.6,18.2,19.32,16.81,3186
05/02/2018,19.6,19.6,17.5,17.5,15.23,7850
06/02/2018,18.9,18.9,17.5,18.2,15.84,2371
07/02/2018,18.2,18.9,17.5,18.9,16.45,5364
08/02/2018,18.9,18.9,18.2,18.2,15.84,1093
09/02/2018,18.9,18.9,18.2,18.2,15.84,1964
12/02/2018,18.9,18.9,18.2,18.2,15.84,6343
13/02/2018,19.6,19.6,18.2,18.9,16.45,4671
14/02/2018,18.9,19.6,18.2,18.9,16.45,2436
15/02/2018,18.9,19.6,18.2,18.9,16.45,3200
16/02/2018,18.9,19.6,18.2,18.9,16.45,2429
20/02/2018,18.9,19.6,18.9,19.32,16.81,1300
21/02/2018,18.2,19.6,18.2,18.9,16.45,1243
22/02/2018,18.9,19.6,18.9,18.9,16.45,2764
23/02/2018,18.9,19.6,18.2,18.9,16.45,3400
26/02/2018,19.6,19.6,18.2,18.2,15.84,1821
27/02/2018,18.2,18.9,18.2,18.2,15.84,457
28/02/2018,18.2,18.9,18.2,18.2,15.84,4386
01/03/2018,18.9,18.9,17.5,18.2,15.84,2007
02/03/2018,18.9,18.9,18.2,18.2,15.84,864
05/03/2018,18.2,18.9,17.5,18.2,15.84,4736
06/03/2018,18.2,18.2,17.5,17.5,15.23,1129
07/03/2018,18.2,18.2,17.5,18.2,15.84,2800
08/03/2018,18.2,18.2,17.5,17.5,15.23,5636
09/03/2018,18.2,18.2,17.5,17.5,15.23,264
12/03/2018,18.2,18.2,17.5,18.2,15.84,1807
13/03/2018,17.5,18.2,17.5,17.5,15.23,2014
14/03/2018,18.2,18.2,17.5,17.78,15.47,500
15/03/2018,17.5,18.2,17.5,17.5,15.23,2114
16/03/2018,17.5,18.2,17.5,18.2,15.84,864
19/03/2018,18.2,18.2,17.5,17.5,15.23,864
20/03/2018,18.2,18.2,17.5,17.5,15.23,2243
21/03/2018,17.5,18.2,17.5,18.2,15.84,1571
22/03/2018,18.2,18.2,17.5,17.78,15.47,1271
23/03/2018,18.2,18.2,17.5,17.5,15.23,1379
26/03/2018,18.2,18.2,17.5,17.78,15.47,1571
27/03/2018,18.2,18.2,17.5,17.5,15.23,2429
28/03/2018,17.5,18.2,17.5,17.5,15.23,1786
29/03/2018,17.5,18.2,17.36,17.5,15.23,4529
02/04/2018,17.5,18.2,17.5,18.2,15.84,1336
03/04/2018,18.2,18.2,16.1,16.8,14.62,8993
04/04/2018,16.1,16.8,14.7,15.4,13.4,5529
05/04/2018,16.1,16.1,15.4,15.4,13.4,2029
06/04/2018,16.1,16.1,14.7,16.1,14.01,1943
09/04/2018,16.1,16.1,14.7,14.7,12.79,5100
10/04/2018,15.4,16.1,14.7,15.12,13.16,3021
11/04/2018,16.1,16.1,15.4,16.1,14.01,1436
12/04/2018,15.4,16.8,14.7,15.4,13.4,3029
13/04/2018,16.1,16.1,15.4,16.1,14.01,1071
16/04/2018,16.1,16.1,14.7,14.7,12.79,2236
17/04/2018,14.7,15.4,14.7,14.7,12.79,5086
18/04/2018,15.12,16.1,14.7,15.82,13.77,4264
19/04/2018,16.1,16.1,15.4,16.1,14.01,1114
20/04/2018,16.1,16.1,15.4,15.82,13.77,1607
23/04/2018,16.1,16.1,15.4,16.1,14.01,1379
24/04/2018,16.1,16.1,14.7,15.4,13.4,2579
25/04/2018,15.4,16.1,15.4,16.1,14.01,1657
26/04/2018,16.1,16.38,15.4,15.4,13.4,3029
27/04/2018,15.4,16.1,15.26,16.1,14.01,1029
30/04/2018,16.1,16.1,14.7,15.4,13.4,1571
01/05/2018,16.1,16.1,15.4,16.1,14.01,5143
02/05/2018,16.1,16.8,15.4,16.8,14.62,2614
03/05/2018,16.1,16.8,16.1,16.8,14.62,1007
04/05/2018,16.1,16.8,16.1,16.8,14.62,1350
07/05/2018,16.8,16.8,15.4,16.1,14.01,3457
08/05/2018,16.1,18.2,15.4,18.2,15.84,7614
09/05/2018,18.2,18.2,17.5,17.5,15.23,1900
10/05/2018,18.2,18.2,17.5,17.5,15.23,1407
11/05/2018,18.2,18.2,17.5,18.2,15.84,757
14/05/2018,18.2,18.2,17.5,17.5,15.23,536
15/05/2018,17.5,18.2,17.5,18.2,15.84,1350
16/05/2018,17.5,18.2,17.5,17.5,15.23,1550
17/05/2018,17.5,18.2,17.5,17.78,15.47,3636
18/05/2018,18.2,18.2,17.5,18.2,15.84,2000
21/05/2018,18.2,18.2,17.5,17.5,15.23,2371
22/05/2018,18.2,18.2,17.5,17.5,15.23,614
23/05/2018,18.2,18.2,17.5,17.5,15.23,400
24/05/2018,17.5,18.2,17.5,18.2,15.84,2236
25/05/2018,18.2,18.2,17.5,17.78,15.47,686
29/05/2018,17.5,18.2,17.5,17.78,15.47,550
30/05/2018,17.5,19.6,17.5,18.9,16.45,7407
31/05/2018,19.6,20.3,18.9,20.3,17.67,2571
01/06/2018,20.3,21.0,19.6,19.74,17.18,6550
04/06/2018,19.6,20.3,19.6,19.6,17.06,2179
05/06/2018,19.6,20.16,18.2,18.9,16.45,1543
06/06/2018,18.9,19.32,17.5,18.9,16.45,5229
07/06/2018,18.2,18.9,17.5,18.2,15.84,4671
08/06/2018,18.9,18.9,18.2,18.62,16.21,1921
11/06/2018,18.2,18.9,17.5,18.2,15.84,3379
12/06/2018,18.2,18.9,18.2,18.9,16.45,2200
13/06/2018,18.9,18.9,18.2,18.9,16.45,1957
14/06/2018,18.9,18.9,18.2,18.2,15.84,893
15/06/2018,18.2,18.9,17.5,18.9,16.45,3571
18/06/2018,18.9,18.9,17.5,17.5,15.23,3221
19/06/2018,18.2,18.2,16.8,17.5,15.23,4371
20/06/2018,19.6,22.4,18.2,21.0,18.28,54450
21/06/2018,21.7,23.1,21.0,23.1,20.1,17771
22/06/2018,23.8,25.62,23.1,23.1,20.1,16814
25/06/2018,23.1,23.1,21.0,21.7,18.89,8036
26/06/2018,21.7,26.6,21.0,25.2,21.93,26121
27/06/2018,30.1,30.1,23.1,25.2,21.93,41993
28/06/2018,25.2,27.3,21.0,21.7,18.89,23914
29/06/2018,22.4,26.6,22.4,26.6,23.15,22164
02/07/2018,28.7,32.2,28.0,30.8,26.81,37464
03/07/2018,32.2,32.2,28.7,31.5,27.42,17543
05/07/2018,31.5,34.86,30.1,33.6,29.24,22971
06/07/2018,34.3,34.3,28.7,33.6,29.24,39571
09/07/2018,34.3,35.0,33.6,35.0,30.46,18550
10/07/2018,33.6,34.3,29.4,33.6,29.24,22293
11/07/2018,31.5,32.2,30.8,31.5,27.42,14357
12/07/2018,31.5,32.2,30.8,32.2,28.02,7936
13/07/2018,31.5,32.2,28.0,28.42,24.73,13757
16/07/2018,28.0,30.1,24.5,24.5,21.32,37057
17/07/2018,24.5,25.2,23.1,25.2,21.93,11586
18/07/2018,24.5,25.2,23.1,23.8,20.71,10386
19/07/2018,23.1,25.2,23.1,24.5,21.32,8907
20/07/2018,23.8,24.5,23.1,23.8,20.71,5957
23/07/2018,23.1,24.5,22.4,24.5,21.32,18700
24/07/2018,24.5,25.2,23.8,23.8,20.71,6036
25/07/2018,23.8,24.5,23.1,23.8,20.71,6014
26/07/2018,23.8,24.5,23.8,23.8,20.71,6579
27/07/2018,23.8,23.8,22.4,22.4,19.5,9950
30/07/2018,22.4,23.1,21.7,21.7,18.89,16414
31/07/2018,22.4,23.1,21.7,23.1,20.1,3221
01/08/2018,23.1,23.1,21.7,23.1,20.1,6664
02/08/2018,22.4,23.1,21.7,22.4,19.5,5071
03/08/2018,22.4,24.5,21.7,23.8,20.71,7707
06/08/2018,23.8,23.8,22.4,23.1,20.1,6414
07/08/2018,23.1,23.66,22.4,22.4,19.5,2064
08/08/2018,22.4,23.1,22.4,23.1,20.1,3036
09/08/2018,22.4,23.1,22.4,22.4,19.5,1750
10/08/2018,22.4,23.8,22.4,23.8,20.71,3693
13/08/2018,23.1,23.38,21.7,21.7,18.89,12257
14/08/2018,21.7,22.4,21.0,21.0,18.28,7071
15/08/2018,21.0,21.7,20.3,21.0,18.28,3164
16/08/2018,20.3,21.7,20.3,21.0,18.28,3664
17/08/2018,21.7,21.7,21.0,21.7,18.89,2629
20/08/2018,21.7,22.12,20.3,21.0,18.28,10400
21/08/2018,21.0,21.7,20.3,21.7,18.89,4029
22/08/2018,21.7,21.7,21.0,21.7,18.89,1379
23/08/2018,21.0,21.7,20.3,21.0,18.28,3943
24/08/2018,21.0,21.7,21.0,21.7,18.89,1600
27/08/2018,21.7,22.4,21.0,22.4,19.5,4657
28/08/2018,21.7,22.4,21.7,21.7,18.89,1700
29/08/2018,22.4,23.1,21.7,22.4,19.5,2850
30/08/2018,23.1,23.8,22.4,23.8,20.71,6671
31/08/2018,23.8,23.8,22.26,23.1,20.1,4186
04/09/2018,23.1,23.1,21.7,22.4,19.5,7914
05/09/2018,21.7,23.1,21.7,23.1,20.1,9814
06/09/2018,23.1,23.1,22.4,22.4,19.5,4636
07/09/2018,22.4,22.4,21.7,22.4,19.5,1686
10/09/2018,21.7,23.1,21.7,21.7,18.89,3900
11/09/2018,21.7,23.1,21.7,22.4,19.5,2436
12/09/2018,22.4,22.54,21.7,22.4,19.5,1393
13/09/2018,22.4,22.4,21.42,21.7,18.89,4557
14/09/2018,21.7,22.4,20.3,21.0,18.28,6343
17/09/2018,21.0,21.7,20.3,21.0,18.28,1143
18/09/2018,21.7,21.7,21.0,21.7,18.89,1043
19/09/2018,21.7,22.4,20.3,21.7,18.89,4750
20/09/2018,22.4,22.4,21.7,22.4,19.5,2064
21/09/2018,21.7,22.4,21.0,21.7,18.89,13121
24/09/2018,22.4,23.1,21.0,23.1,20.1,12043
25/09/2018,21.7,22.4,20.44,21.7,18.89,24700
26/09/2018,21.7,21.7,16.8,17.5,15.23,63957
27/09/2018,17.5,18.2,16.8,17.5,15.23,11329
28/09/2018,16.8,17.5,16.8,16.8,14.62,5229
01/10/2018,16.8,17.5,16.8,17.08,14.87,6279
02/10/2018,17.36,17.36,16.24,16.38,14.26,6793
03/10/2018,16.38,16.66,14.7,16.52,14.38,9471
04/10/2018,16.52,16.66,15.82,15.96,13.89,3107
05/10/2018,16.24,16.52,15.4,16.1,14.01,5286
08/10/2018,15.82,15.96,15.4,15.54,13.52,2393
09/10/2018,15.54,15.68,15.4,15.4,13.4,3000
10/10/2018,15.4,15.96,14.98,15.4,13.4,6471
11/10/2018,15.4,15.68,14.84,14.98,13.04,3721
12/10/2018,15.26,15.26,14.84,14.84,12.92,4357
15/10/2018,14.98,15.96,14.84,15.26,13.28,4971
16/10/2018,15.26,15.68,15.12,15.26,13.28,2143
17/10/2018,15.68,16.8,15.4,16.8,14.62,5086
18/10/2018,16.38,16.38,15.4,16.1,14.01,4264
19/10/2018,16.1,16.1,14.98,15.54,13.52,3379
22/10/2018,15.54,18.06,15.26,16.1,14.01,24286
23/10/2018,15.82,16.38,14.84,16.24,14.13,8671
24/10/2018,15.96,15.96,15.12,15.12,13.16,5093
25/10/2018,15.26,16.66,14.98,15.12,13.16,3993
26/10/2018,14.98,15.4,14.7,14.98,13.04,4636
29/10/2018,15.26,15.68,14.28,14.56,12.67,5379
30/10/2018,14.98,14.98,14.14,14.28,12.43,2893
31/10/2018,14.28,14.7,14.14,14.56,12.67,3529
01/11/2018,14.7,16.1,14.28,15.12,13.16,13100
02/11/2018,15.12,15.26,14.28,14.98,13.04,4164
05/11/2018,15.26,15.54,14.7,15.54,13.52,1650
06/11/2018,15.4,15.4,14.7,14.7,12.79,2893
07/11/2018,15.4,15.68,14.7,15.68,13.65,1900
08/11/2018,15.26,15.26,14.7,14.84,12.92,3021
09/11/2018,14.7,16.1,14.7,16.1,14.01,5614
12/11/2018,16.1,16.1,14.14,14.56,12.67,5964
13/11/2018,14.7,15.12,14.56,14.84,12.92,979
14/11/2018,14.84,14.98,14.42,14.98,13.04,3014
15/11/2018,15.4,16.1,14.98,15.68,13.65,5279
16/11/2018,15.82,16.66,15.68,16.1,14.01,7550
19/11/2018,16.1,16.38,15.26,15.26,13.28,4886
20/11/2018,15.26,15.54,14.7,14.7,12.79,3379
21/11/2018,15.54,15.68,14.7,15.68,13.65,10043
23/11/2018,15.68,15.68,14.7,15.26,13.28,1207
26/11/2018,15.4,15.82,15.12,15.54,13.52,1814
27/11/2018,15.54,15.54,14.7,15.12,13.16,1407
28/11/2018,15.54,15.68,14.7,15.4,13.4,2350
29/11/2018,15.4,15.68,15.12,15.4,13.4,1743
30/11/2018,15.82,15.82,14.42,14.84,12.92,4321
03/12/2018,15.26,15.26,14.42,14.84,12.92,2171
04/12/2018,14.84,15.12,14.42,14.56,12.67,4529
06/12/2018,14.28,14.7,14.0,14.0,12.18,6557
07/12/2018,14.14,14.28,13.58,13.58,11.82,5164
10/12/2018,14.14,14.14,11.48,11.76,10.24,6514
11/12/2018,11.76,13.16,11.76,11.9,10.36,9221
12/12/2018,12.46,12.88,12.04,12.32,10.72,2693
13/12/2018,12.32,12.88,11.76,12.18,10.6,3707
14/12/2018,12.32,12.32,11.62,12.04,10.48,5643
17/12/2018,12.18,12.6,11.9,11.9,10.36,3600
18/12/2018,12.18,12.46,10.92,11.62,10.11,12300
19/12/2018,11.9,12.18,11.2,12.04,10.48,2414
20/12/2018,12.18,12.32,10.92,11.76,10.24,8507
21/12/2018,12.04,12.32,11.2,11.62,10.11,6021
24/12/2018,11.2,12.04,10.92,11.76,10.24,3321
26/12/2018,11.2,11.48,7.84,8.54,7.43,16514
27/12/2018,8.4,9.94,7.98,9.8,8.53,10736
28/12/2018,9.24,10.36,9.1,9.66,8.41,18143
31/12/2018,9.66,10.5,9.38,10.5,9.14,9664
02/01/2019,10.5,12.32,10.5,11.9,10.36,5671
03/01/2019,12.46,12.46,11.2,12.18,10.6,4129
04/01/2019,12.6,12.88,11.9,12.74,11.09,3779
07/01/2019,12.74,13.44,12.46,12.74,11.09,3371
08/01/2019,12.88,13.44,12.74,13.16,11.45,2507
09/01/2019,13.16,14.0,13.16,13.72,11.94,3200
10/01/2019,13.3,14.0,12.88,13.3,11.58,1079
11/01/2019,13.3,13.86,12.18,13.44,11.7,2414
14/01/2019,13.16,13.72,12.88,13.16,11.45,743
15/01/2019,13.16,13.72,11.9,12.32,10.72,1921
16/01/2019,12.04,12.6,11.48,12.6,10.97,2250
17/01/2019,12.04,12.88,12.04,12.74,11.09,214
18/01/2019,12.46,12.88,11.9,12.74,11.09,1700
22/01/2019,12.6,12.6,12.18,12.32,10.72,4043
23/01/2019,12.32,12.88,12.04,12.32,10.72,829
24/01/2019,12.18,13.02,11.9,11.9,10.36,2414
25/01/2019,11.9,12.6,11.62,11.76,10.24,4107
28/01/2019,11.9,12.32,11.2,11.62,10.11,3429
29/01/2019,12.04,12.04,11.9,11.9,10.36,1729
30/01/2019,11.48,12.32,11.48,11.9,10.36,2693
31/01/2019,12.32,13.16,11.48,12.6,10.97,1429
01/02/2019,13.16,13.16,12.32,12.32,10.72,1986
04/02/2019,12.32,13.16,12.04,12.88,11.21,1107
05/02/2019,12.6,13.16,12.18,13.16,11.45,3229
06/02/2019,12.88,13.3,12.32,13.3,11.58,393
07/02/2019,12.6,13.3,12.32,12.32,10.72,2850
08/02/2019,11.9,11.9,11.62,11.62,10.11,3693
11/02/2019,11.62,12.32,11.62,11.76,10.24,3414
12/02/2019,12.04,12.46,11.76,12.46,10.84,1664
13/02/2019,11.62,12.46,11.62,11.76,10.24,1243
14/02/2019,11.62,12.18,11.62,11.9,10.36,6379
15/02/2019,11.62,12.46,11.62,11.62,10.11,6350
19/02/2019,12.32,12.32,11.62,11.9,10.36,2307
20/02/2019,12.32,12.46,11.9,12.04,10.48,2586
21/02/2019,12.18,12.18,11.62,11.9,10.36,7129
22/02/2019,12.88,12.88,11.76,12.46,10.84,22421
25/02/2019,12.6,13.3,12.6,13.3,11.58,19821
26/02/2019,13.58,13.72,13.02,13.72,11.94,5257
27/02/2019,13.72,14.14,13.3,14.14,12.31,14736
28/02/2019,14.28,15.4,14.14,15.4,13.4,19129
01/03/2019,15.4,15.4,14.28,14.42,12.55,6650
04/03/2019,14.56,14.56,13.58,13.72,11.94,8129
05/03/2019,13.86,14.14,13.3,13.44,11.7,4514
06/03/2019,13.44,13.72,12.32,13.16,11.45,5521
07/03/2019,13.16,13.16,11.9,12.74,11.09,7800
08/03/2019,12.32,13.58,11.9,12.74,11.09,3379
11/03/2019,13.3,13.58,13.02,13.58,11.82,3450
12/03/2019,13.58,13.58,13.16,13.44,11.7,2979
13/03/2019,13.16,13.3,12.74,13.16,11.45,2686
14/03/2019,13.02,13.3,12.88,12.88,11.21,3771
15/03/2019,12.88,13.44,12.74,12.74,11.09,886
18/03/2019,12.6,13.3,12.46,12.46,10.84,4100
19/03/2019,12.88,13.02,12.46,12.88,11.21,1229
20/03/2019,12.88,13.02,12.46,12.88,11.21,1357
21/03/2019,12.88,13.02,12.46,12.74,11.09,1150
22/03/2019,12.46,12.88,12.18,12.32,10.72,3057
25/03/2019,12.32,12.32,11.9,11.9,10.36,2379
26/03/2019,12.32,13.02,11.9,11.9,10.36,2250
27/03/2019,12.46,12.74,12.18,12.6,10.97,2471
28/03/2019,12.74,13.16,11.9,12.32,10.72,4293
29/03/2019,11.9,12.6,11.9,12.32,10.72,2536
01/04/2019,12.18,12.6,12.04,12.18,10.6,1993
02/04/2019,12.46,12.46,12.04,12.18,10.6,1693
03/04/2019,12.04,12.32,12.04,12.04,10.48,2879
04/04/2019,12.04,12.32,12.04,12.18,10.6,1057
05/04/2019,11.9,12.04,11.76,12.04,10.48,4821
08/04/2019,12.04,14.0,12.04,13.72,11.94,18836
09/04/2019,14.0,14.14,13.58,13.86,12.06,7843
10/04/2019,13.72,14.0,13.58,13.58,11.82,5657
11/04/2019,13.58,13.86,13.3,13.44,11.7,3757
12/04/2019,13.58,13.58,13.02,13.16,11.45,4071
15/04/2019,13.02,13.02,12.6,12.74,11.09,2871
16/04/2019,12.88,13.3,12.6,13.16,11.45,2279
17/04/2019,13.3,13.3,12.6,12.88,11.21,2229
18/04/2019,12.88,13.16,12.74,12.88,11.21,1857
22/04/2019,12.6,12.74,12.6,12.74,11.09,4264
23/04/2019,12.6,12.6,12.04,12.04,10.48,8121
24/04/2019,11.9,12.04,11.06,11.06,9.63,12336
25/04/2019,9.24,10.64,9.24,10.22,8.89,9757
26/04/2019,9.8,11.2,9.8,11.06,9.63,4686
29/04/2019,11.48,12.18,11.2,11.62,10.11,5236
30/04/2019,12.32,12.32,11.62,11.9,10.36,2864
01/05/2019,11.9,12.32,11.9,12.04,10.48,5329
02/05/2019,11.9,11.9,9.78,10.89,9.48,30300
03/05/2019,10.64,11.18,10.38,11.06,9.63,10000
06/05/2019,11.01,11.01,10.7,10.85,9.44,7200
07/05/2019,10.76,10.76,10.2,10.2,8.88,4000
08/05/2019,10.3,10.5,10.3,10.42,9.07,6000
09/05/2019,10.32,10.4,10.27,10.4,9.05,4800
10/05/2019,10.75,10.84,10.53,10.7,9.31,1100
13/05/2019,10.7,11.0,10.31,10.78,9.38,7300
14/05/2019,10.89,11.0,10.53,10.77,9.37,9300
15/05/2019,10.8,11.29,10.8,11.29,9.83,3900
16/05/2019,11.2,13.25,11.2,13.04,11.35,17800
17/05/2019,13.09,13.79,13.05,13.52,11.77,18900
20/05/2019,13.5,13.85,13.31,13.85,12.05,7000
21/05/2019,14.07,14.07,13.66,13.85,12.05,7000
22/05/2019,13.78,13.92,13.6,13.62,11.85,4400
23/05/2019,13.08,13.13,12.24,12.24,10.65,2800
24/05/2019,12.91,12.91,12.38,12.38,10.77,2500
28/05/2019,12.77,12.77,12.35,12.42,10.81,5400
29/05/2019,12.48,12.65,12.03,12.55,10.92,4900
30/05/2019,12.55,12.55,12.55,12.55,10.92,100
31/05/2019,12.22,12.26,12.11,12.11,10.54,1000
03/06/2019,12.33,12.33,11.9,12.28,10.69,800
04/06/2019,12.47,12.5,12.3,12.3,10.7,3900
05/06/2019,11.96,11.96,10.96,11.35,9.88,6300
06/06/2019,11.23,11.23,11.01,11.03,9.6,1600
07/06/2019,11.2,11.27,11.01,11.01,9.58,5000
10/06/2019,11.26,11.26,10.31,10.47,9.11,8200
11/06/2019,10.55,10.91,10.55,10.58,9.21,4000
12/06/2019,10.49,10.49,10.26,10.26,8.93,3600
13/06/2019,10.21,10.4,10.21,10.37,9.03,2000
14/06/2019,10.16,10.39,10.16,10.25,8.92,2700
17/06/2019,10.26,10.26,9.76,9.76,8.49,5500
18/06/2019,9.78,9.78,8.51,8.52,7.42,9300
19/06/2019,8.5,8.95,8.18,8.68,7.55,12100
20/06/2019,8.75,9.25,8.75,8.75,7.62,12600
21/06/2019,8.7,9.06,8.7,8.7,7.57,10500
24/06/2019,8.75,8.75,7.6,7.85,6.83,11100
25/06/2019,7.85,8.09,7.85,8.04,7.0,10700
26/06/2019,8.09,8.79,7.75,8.1,7.05,51500
27/06/2019,7.99,8.09,7.77,7.82,6.81,4400
28/06/2019,7.9,8.27,7.9,8.09,7.04,17400
01/07/2019,8.25,8.43,8.1,8.32,7.24,6500
02/07/2019,8.57,9.06,8.4,9.01,7.84,17500
03/07/2019,9.1,9.25,8.62,8.72,7.59,7500
05/07/2019,8.8,8.98,8.72,8.82,7.68,8600
08/07/2019,8.89,9.27,8.89,9.08,7.9,4900
09/07/2019,9.15,9.7,9.15,9.37,8.15,9600
10/07/2019,9.4,9.71,9.4,9.4,8.18,5300
11/07/2019,9.5,9.69,9.4,9.4,8.18,10900
12/07/2019,9.32,9.56,9.32,9.4,8.18,5300
15/07/2019,9.56,9.67,9.23,9.25,8.05,5200
16/07/2019,9.3,9.43,9.27,9.38,8.16,5000
17/07/2019,9.6,9.6,8.98,8.98,7.82,7600
18/07/2019,8.98,8.99,8.0,8.06,7.01,14500
19/07/2019,8.12,8.51,8.12,8.51,7.41,3000
22/07/2019,8.53,8.53,8.16,8.16,7.1,3700
23/07/2019,8.3,8.76,8.27,8.61,7.49,5100
24/07/2019,8.68,8.94,8.42,8.58,7.47,1900
25/07/2019,8.5,8.8,8.26,8.3,7.22,5200
26/07/2019,8.45,8.57,8.32,8.53,7.42,5300
29/07/2019,8.55,8.55,8.3,8.3,7.22,3900
30/07/2019,8.55,8.55,8.3,8.3,7.22,100
31/07/2019,8.45,8.5,8.4,8.4,7.31,1900
01/08/2019,8.45,8.5,8.4,8.4,7.31,200
02/08/2019,8.3,8.33,7.55,7.75,6.75,13000
05/08/2019,7.53,7.65,7.17,7.32,6.37,7900
06/08/2019,7.38,7.72,7.06,7.3,6.35,9600
07/08/2019,7.3,7.43,7.3,7.3,6.35,2200
08/08/2019,7.42,7.42,7.3,7.34,6.39,1200
09/08/2019,7.27,7.38,7.1,7.1,6.18,4900
12/08/2019,7.1,7.1,7.0,7.07,6.15,8500
13/08/2019,7.0,7.09,7.0,7.02,6.11,1300
14/08/2019,7.09,7.09,6.65,6.7,5.83,7700
15/08/2019,6.87,7.1,6.87,7.1,6.18,11700
16/08/2019,7.1,7.11,6.83,7.0,6.09,4500
19/08/2019,7.07,7.26,6.83,7.24,6.3,6100
20/08/2019,7.25,7.56,6.89,7.24,6.3,10500
21/08/2019,7.34,7.48,7.3,7.34,6.39,4000
22/08/2019,7.4,7.6,7.34,7.38,6.42,7000
23/08/2019,7.56,7.56,7.3,7.36,6.41,2200
26/08/2019,7.49,7.49,6.97,6.97,6.07,5900
27/08/2019,7.17,7.19,7.01,7.1,6.18,4100
28/08/2019,7.04,7.15,6.97,6.98,6.07,2600
29/08/2019,7.09,7.1,6.93,7.0,6.09,4900
30/08/2019,7.04,7.5,7.02,7.2,6.27,28200
03/09/2019,7.17,7.39,7.1,7.21,6.28,5800
04/09/2019,7.44,7.51,7.05,7.09,6.17,16300
05/09/2019,7.22,7.32,7.05,7.11,6.19,3000
06/09/2019,7.23,7.23,6.65,6.79,5.91,17100
09/09/2019,6.9,7.13,6.66,6.69,5.82,10000
10/09/2019,6.68,7.15,6.66,7.05,6.14,25100
11/09/2019,7.06,7.5,7.06,7.31,6.36,33400
12/09/2019,7.44,8.0,7.44,7.9,6.88,42200
13/09/2019,8.0,8.06,7.75,8.05,7.01,13500
16/09/2019,8.1,8.31,8.04,8.2,7.14,15500
17/09/2019,8.27,8.5,7.9,8.5,7.4,25900
18/09/2019,8.5,8.53,8.03,8.12,7.07,12900
19/09/2019,8.41,9.13,8.15,8.34,7.26,74500
20/09/2019,8.64,8.87,8.34,8.75,7.62,9500
23/09/2019,8.8,9.32,8.8,8.9,7.75,173900
24/09/2019,8.84,9.07,8.07,8.36,7.28,109200
25/09/2019,8.34,8.91,8.34,8.69,7.56,23800
26/09/2019,8.89,9.09,8.72,8.98,7.82,21900
27/09/2019,9.18,10.03,8.2,8.2,7.14,185600
30/09/2019,8.52,9.0,8.35,9.0,7.83,50200
01/10/2019,8.87,8.98,8.64,8.84,7.69,18800
02/10/2019,8.92,8.94,8.6,8.75,7.62,18200
03/10/2019,8.75,8.94,8.5,8.63,7.51,9400
04/10/2019,8.71,8.92,8.71,8.83,7.68,114700
07/10/2019,8.9,9.0,8.33,8.71,7.58,61800
08/10/2019,8.81,8.98,8.65,8.8,7.66,33900
09/10/2019,9.0,9.0,8.8,9.0,7.83,71200
10/10/2019,9.0,10.94,8.87,10.37,9.03,108300
11/10/2019,10.7,11.2,10.7,11.15,9.7,63400
14/10/2019,11.26,12.49,11.17,12.08,10.51,31700
15/10/2019,12.0,12.62,11.9,12.22,10.64,27600
16/10/2019,12.22,12.43,11.9,12.31,10.71,20300
17/10/2019,12.6,12.63,12.15,12.4,10.79,28200
18/10/2019,12.36,13.12,12.23,12.48,10.86,43900
21/10/2019,12.48,12.55,12.25,12.4,10.79,11300
22/10/2019,12.28,12.28,11.09,11.83,10.3,64200
23/10/2019,11.83,12.36,11.32,12.36,10.76,10900
24/10/2019,12.29,12.29,11.5,12.11,10.54,23200
25/10/2019,11.69,11.99,11.64,11.7,10.18,16400
28/10/2019,11.7,12.09,11.69,11.99,10.44,9800
29/10/2019,11.97,11.97,11.3,11.34,9.87,24400
30/10/2019,11.34,11.48,11.26,11.34,9.87,8600
31/10/2019,11.15,11.15,10.52,10.68,9.3,17900
01/11/2019,10.32,10.94,10.27,10.75,9.36,34800
04/11/2019,10.9,11.96,10.9,11.6,10.1,35000
05/11/2019,12.1,12.49,12.01,12.39,10.78,46600
06/11/2019,12.35,12.58,11.92,12.01,10.45,24000
07/11/2019,12.01,12.09,11.49,11.89,10.35,33700
08/11/2019,11.8,12.39,11.25,11.32,9.85,10800
11/11/2019,11.27,11.27,9.79,10.86,9.45,21500
12/11/2019,11.05,11.18,10.8,10.94,9.52,12200
13/11/2019,11.37,11.91,11.04,11.67,10.16,25900
14/11/2019,11.8,11.8,10.87,10.9,9.49,12300
15/11/2019,10.75,11.44,10.75,11.0,9.57,25100
18/11/2019,10.0,10.37,9.88,10.3,8.96,34500
19/11/2019,10.57,10.57,9.98,10.12,8.81,17800
20/11/2019,10.21,10.21,9.21,9.33,8.12,51900
21/11/2019,9.25,9.25,7.26,7.65,6.66,114100
22/11/2019,5.6,5.85,5.36,5.69,4.95,2851600
25/11/2019,5.86,5.95,5.61,5.66,4.93,732000
26/11/2019,5.78,6.2,5.67,6.07,5.28,908200
27/11/2019,6.21,6.32,5.85,6.26,5.45,892000
29/11/2019,6.3,6.95,6.28,6.95,6.05,359000
02/12/2019,7.0,7.0,6.54,6.6,5.74,452500
03/12/2019,6.72,6.99,6.64,6.75,5.87,799100
04/12/2019,6.75,6.93,6.68,6.78,5.9,249300
05/12/2019,6.78,6.89,6.65,6.85,5.96,224900
06/12/2019,6.89,7.0,6.8,6.87,5.98,228800
09/12/2019,6.93,7.35,6.78,7.31,6.36,413200
10/12/2019,7.34,7.78,7.02,7.61,6.62,226700
11/12/2019,7.51,8.57,7.51,8.44,7.35,281300
12/12/2019,8.38,8.99,8.12,8.64,7.52,354500
13/12/2019,8.65,8.67,8.15,8.56,7.45,116000
16/12/2019,8.82,8.95,8.53,8.79,7.65,273200
17/12/2019,8.75,8.88,8.42,8.59,7.48,243400
18/12/2019,8.5,8.86,8.3,8.72,7.59,209200
19/12/2019,8.69,9.4,8.66,9.16,7.97,262700
20/12/2019,9.26,9.48,9.0,9.2,8.01,133300
23/12/2019,9.16,9.34,9.1,9.17,7.98,145600
24/12/2019,9.22,9.5,9.19,9.32,8.11,29800
26/12/2019,9.32,9.67,9.28,9.4,8.18,162200
27/12/2019,9.39,9.55,9.01,9.07,7.89,98200
30/12/2019,9.02,9.07,8.7,9.05,7.88,199500
31/12/2019,9.0,9.18,8.96,9.18,7.99,249200
02/01/2020,9.22,9.47,9.09,9.4,8.18,111800
03/01/2020,9.28,9.35,8.85,9.19,8.0,145800
06/01/2020,9.17,9.66,8.85,9.61,8.36,193600
07/01/2020,9.61,9.84,9.49,9.58,8.34,128100
08/01/2020,9.61,9.82,9.4,9.44,8.22,138900
09/01/2020,9.44,9.55,9.1,9.43,8.21,101100
10/01/2020,9.44,9.59,9.17,9.31,8.1,73400
13/01/2020,9.32,9.32,8.76,8.97,7.81,146500
14/01/2020,8.93,9.26,8.93,9.08,7.9,81900
15/01/2020,9.06,9.06,8.84,8.93,7.77,82300
16/01/2020,8.94,9.26,8.68,8.72,7.59,246300
17/01/2020,8.72,8.9,8.42,8.51,7.41,115400
21/01/2020,8.51,8.51,7.55,7.61,6.62,136400
22/01/2020,7.6,7.66,7.12,7.2,6.27,111400
23/01/2020,7.11,7.35,6.88,7.33,6.38,95300
24/01/2020,7.33,7.33,6.89,6.99,6.08,82100
27/01/2020,6.89,6.89,6.52,6.54,5.69,128700
28/01/2020,6.58,6.74,6.42,6.72,5.85,92000
29/01/2020,6.81,6.92,6.52,6.59,5.74,78300
30/01/2020,6.57,6.59,6.0,6.04,5.26,101500
31/01/2020,5.96,6.02,5.53,5.61,4.88,125900
03/02/2020,5.58,5.85,5.51,5.64,4.91,110000
04/02/2020,5.73,5.98,5.66,5.87,5.11,75200
05/02/2020,5.83,6.6,5.83,6.46,5.62,172400
06/02/2020,6.62,6.62,5.81,5.83,5.07,127800
07/02/2020,5.82,6.01,5.79,5.96,5.19,88300
10/02/2020,5.94,5.99,5.7,5.76,5.01,128700
11/02/2020,6.45,6.52,6.06,6.27,5.46,465300
12/02/2020,6.32,7.0,6.3,7.0,6.09,336200
13/02/2020,7.0,7.01,6.52,6.91,6.01,177800
14/02/2020,6.84,6.88,6.61,6.85,5.96,120800
18/02/2020,6.85,6.85,6.36,6.67,5.81,168400
19/02/2020,6.76,7.11,6.72,6.89,6.0,94800
20/02/2020,6.96,7.0,6.69,6.72,5.85,80900
21/02/2020,6.72,6.72,6.41,6.43,5.6,96000
24/02/2020,6.03,6.55,6.03,6.33,5.51,212900
25/02/2020,6.3,6.3,5.85,5.88,5.12,374800
26/02/2020,5.89,6.26,5.89,5.9,5.13,103600
27/02/2020,5.78,5.79,5.2,5.24,4.56,389200
28/02/2020,5.05,5.34,4.72,5.04,4.39,211100
02/03/2020,5.16,5.23,5.0,5.09,4.43,156800
03/03/2020,5.2,5.44,5.09,5.24,4.56,122100
04/03/2020,5.36,6.1,5.3,5.57,4.85,141200
05/03/2020,5.4,5.41,5.03,5.08,4.42,144100
06/03/2020,5.0,5.28,4.97,5.02,4.37,156400
09/03/2020,4.77,4.77,4.25,4.44,3.86,148300
10/03/2020,4.87,5.06,4.38,4.99,4.34,134800
11/03/2020,4.75,4.97,4.47,4.53,3.94,73200
12/03/2020,4.07,4.33,3.9,4.06,3.53,175300
13/03/2020,4.26,4.48,4.13,4.32,3.76,25200
16/03/2020,4.02,4.09,3.26,3.27,2.85,129700
17/03/2020,3.4,4.58,3.36,3.63,3.16,156100
18/03/2020,3.47,3.62,3.17,3.22,2.8,87700
19/03/2020,3.22,3.48,3.15,3.25,2.83,44200
20/03/2020,3.24,4.0,2.5,2.78,2.42,238700
23/03/2020,2.8,3.2,2.73,2.83,2.46,93400
24/03/2020,3.11,3.46,3.05,3.38,2.94,118800
25/03/2020,3.59,3.86,3.25,3.54,3.08,180400
26/03/2020,3.7,4.54,3.42,4.16,3.62,165100
27/03/2020,4.03,4.15,3.76,3.92,3.41,131500
30/03/2020,3.91,4.2,3.81,4.08,3.55,92900
31/03/2020,4.1,4.28,3.8,4.0,3.48,74100
01/04/2020,3.78,3.98,3.73,3.83,3.33,64500
02/04/2020,3.83,3.85,3.3,3.51,3.05,112800
03/04/2020,3.49,3.6,3.22,3.28,2.85,85100
06/04/2020,3.51,3.7,3.45,3.52,3.06,130300
07/04/2020,3.65,3.98,3.6,3.69,3.21,106900
08/04/2020,3.74,3.98,3.68,3.91,3.4,66800
09/04/2020,3.98,4.45,3.98,4.41,3.84,133400
13/04/2020,4.85,4.98,4.32,4.64,4.04,140000
14/04/2020,4.84,4.99,4.67,4.89,4.26,68800
15/04/2020,4.67,4.73,4.4,4.63,4.03,64400
16/04/2020,4.62,4.62,4.27,4.51,3.93,52600
17/04/2020,4.62,4.88,4.59,4.88,4.25,76900
20/04/2020,4.86,5.14,4.69,4.89,4.26,58200
21/04/2020,4.87,4.96,4.39,4.5,3.92,57700
22/04/2020,4.56,4.71,4.45,4.48,3.9,30200
23/04/2020,4.55,4.79,4.55,4.74,4.13,83400
24/04/2020,4.8,4.8,4.63,4.74,4.13,27800
27/04/2020,4.78,5.28,4.78,5.08,4.42,114700
28/04/2020,5.25,5.37,4.55,4.82,4.19,131500
29/04/2020,4.8,4.96,4.74,4.84,4.21,80700
30/04/2020,4.88,4.94,4.6,4.77,4.15,50100
01/05/2020,4.7,4.7,4.2,4.42,3.85,81000
04/05/2020,4.3,4.41,4.18,4.2,3.66,50600
05/05/2020,4.23,4.37,3.88,3.91,3.4,85900
06/05/2020,3.96,3.96,3.7,3.78,3.29,78800
07/05/2020,3.83,4.1,3.83,3.94,3.43,52900
08/05/2020,4.06,4.5,4.05,4.49,3.91,66200
11/05/2020,4.5,4.51,4.15,4.39,3.82,93300
12/05/2020,4.41,4.5,3.93,4.02,3.5,80800
13/05/2020,4.08,4.11,3.88,3.9,3.39,59300
14/05/2020,3.84,3.88,3.72,3.75,3.26,131800
15/05/2020,3.75,3.92,3.75,3.81,3.32,92800
18/05/2020,3.87,4.2,3.76,4.13,3.59,300500
19/05/2020,4.54,4.68,4.0,4.13,3.59,254300
20/05/2020,4.18,4.35,4.09,4.17,3.63,104600
21/05/2020,4.22,4.28,4.12,4.16,3.62,67700
22/05/2020,4.2,4.2,3.97,4.13,3.59,74700
26/05/2020,4.13,4.23,4.04,4.08,3.55,108600
27/05/2020,4.2,4.42,4.11,4.41,3.84,112700
28/05/2020,4.43,4.45,4.22,4.25,3.7,50600
29/05/2020,4.25,4.25,4.0,4.03,3.51,62200
01/06/2020,4.0,4.16,4.0,4.05,3.52,25900
02/06/2020,4.05,4.13,4.0,4.07,3.54,32200
03/06/2020,4.14,4.45,4.14,4.34,3.78,100800
04/06/2020,4.33,4.46,4.19,4.39,3.82,72000
05/06/2020,4.5,4.6,4.22,4.38,3.81,184600
08/06/2020,4.42,4.8,4.32,4.78,4.16,173000
09/06/2020,4.7,4.72,4.44,4.66,4.06,130500
10/06/2020,4.66,4.66,4.19,4.32,3.76,97900
11/06/2020,4.13,4.13,3.85,3.9,3.39,144800
12/06/2020,4.07,4.1,3.9,3.97,3.46,78900
15/06/2020,3.87,4.39,3.85,4.2,3.66,91400
16/06/2020,4.47,4.51,4.03,4.18,3.64,93400
17/06/2020,4.23,4.39,4.05,4.23,3.68,98800
18/06/2020,4.16,4.31,4.07,4.13,3.59,84000
19/06/2020,4.25,4.27,3.95,4.03,3.51,104300
22/06/2020,4.02,4.12,3.88,3.96,3.45,130700
23/06/2020,4.06,4.12,3.8,3.84,3.34,126100
24/06/2020,3.8,3.83,3.56,3.74,3.26,110500
25/06/2020,3.73,3.9,3.5,3.83,3.33,91300
26/06/2020,3.81,3.82,3.61,3.74,3.26,70900
29/06/2020,3.8,3.9,3.69,3.79,3.3,28000
30/06/2020,3.76,3.81,3.66,3.73,3.25,22100
01/07/2020,3.73,3.85,3.61,3.65,3.18,53600
02/07/2020,3.75,3.89,3.61,3.66,3.19,21000
06/07/2020,3.75,3.82,3.62,3.64,3.17,43300
07/07/2020,3.65,3.66,3.53,3.59,3.12,89100
08/07/2020,3.63,3.66,3.5,3.55,3.09,51400
09/07/2020,3.56,3.56,3.33,3.5,3.05,76000
10/07/2020,3.51,3.71,3.51,3.53,3.07,54900
13/07/2020,3.51,3.55,3.45,3.47,3.02,54700
14/07/2020,3.49,3.49,3.38,3.45,3.0,53500
15/07/2020,3.58,3.59,3.45,3.46,3.01,35800
16/07/2020,3.46,3.54,3.43,3.44,2.99,39600
17/07/2020,3.47,3.54,3.38,3.41,2.97,44900
20/07/2020,3.44,3.45,3.38,3.38,2.94,25900
21/07/2020,3.45,3.55,3.41,3.41,2.97,42800
22/07/2020,3.44,3.61,3.38,3.43,2.99,119700
23/07/2020,3.47,3.7,3.45,3.48,3.03,133700
24/07/2020,3.4,3.58,3.4,3.5,3.05,73700
27/07/2020,3.55,3.78,3.54,3.6,3.13,91700
28/07/2020,3.5,3.71,3.48,3.6,3.13,89500
29/07/2020,3.5,3.62,3.5,3.56,3.1,83200
30/07/2020,3.5,3.53,3.38,3.52,3.06,113700
31/07/2020,3.5,3.5,3.4,3.5,3.05,79800
03/08/2020,3.5,3.66,3.47,3.63,3.16,392400
04/08/2020,4.38,4.85,3.91,4.61,4.01,1311200
05/08/2020,4.57,4.63,4.05,4.32,3.76,335900
06/08/2020,4.25,4.34,4.1,4.28,3.72,156400
07/08/2020,4.25,4.84,4.25,4.69,4.08,246000
10/08/2020,4.8,5.2,4.7,5.1,4.44,364800
11/08/2020,5.12,5.45,5.02,5.14,4.47,228100
12/08/2020,5.3,5.48,5.2,5.48,4.77,178000
13/08/2020,5.4,5.59,5.17,5.29,4.6,161600
14/08/2020,5.3,5.59,5.26,5.51,4.8,171600
17/08/2020,5.6,5.7,5.37,5.6,4.87,337400
18/08/2020,5.65,5.65,5.31,5.42,4.72,211400
19/08/2020,5.45,5.55,5.24,5.34,4.65,195300
20/08/2020,5.3,5.35,5.1,5.19,4.52,135200
21/08/2020,5.17,5.38,5.11,5.18,4.51,177400
24/08/2020,5.18,5.22,4.82,5.09,4.43,348100
25/08/2020,5.15,5.29,5.01,5.25,4.57,125500
26/08/2020,5.27,5.27,4.98,5.02,4.37,116100
27/08/2020,5.0,5.12,4.82,4.94,4.3,190200
28/08/2020,4.95,5.29,4.88,5.1,4.44,171200
31/08/2020,5.0,5.28,4.99,5.05,4.4,121900
01/09/2020,5.0,5.0,4.72,4.81,4.19,170300
02/09/2020,4.85,4.85,4.54,4.69,4.08,198900
03/09/2020,4.67,4.73,4.51,4.61,4.01,89800
04/09/2020,4.6,4.84,4.58,4.74,4.13,119600
08/09/2020,4.77,4.9,4.65,4.78,4.16,73800
09/09/2020,4.86,4.86,4.65,4.77,4.15,43600
10/09/2020,4.77,5.01,4.77,4.98,4.33,85900
11/09/2020,4.98,5.24,4.93,5.2,4.53,184200
14/09/2020,5.31,5.81,5.29,5.72,4.98,338600
15/09/2020,5.8,6.07,5.78,6.02,5.24,166000
16/09/2020,6.08,6.8,5.93,6.63,5.77,314900
17/09/2020,6.62,6.85,6.42,6.79,5.91,99200
18/09/2020,6.85,7.19,6.51,7.05,6.14,208900
21/09/2020,7.06,7.06,6.1,6.27,5.46,443900
22/09/2020,6.25,6.5,6.21,6.25,5.44,113900
23/09/2020,6.26,6.43,6.05,6.11,5.32,140500
24/09/2020,6.08,6.25,5.79,6.03,5.25,104200
25/09/2020,6.02,6.17,5.94,6.13,5.34,51800
28/09/2020,6.26,6.78,6.21,6.71,5.84,202700
29/09/2020,6.76,7.43,6.76,7.08,6.16,234200
30/09/2020,6.98,7.55,6.98,7.34,6.39,339700
01/10/2020,7.49,7.94,7.45,7.89,6.87,206900
02/10/2020,7.67,8.93,7.39,8.8,7.66,248000
05/10/2020,8.97,9.08,8.23,8.52,7.42,272000
06/10/2020,8.5,8.51,7.65,7.78,6.77,233300
07/10/2020,7.99,8.21,7.72,7.75,6.75,195900
08/10/2020,7.82,9.05,7.8,8.95,7.79,339700
09/10/2020,8.8,8.95,8.06,8.41,7.32,385000
12/10/2020,8.5,8.95,8.48,8.73,7.6,314800
13/10/2020,8.81,8.85,8.3,8.7,7.57,173500
14/10/2020,8.91,9.15,8.57,8.76,7.62,305300
15/10/2020,8.72,9.48,8.68,9.36,8.15,293600
16/10/2020,9.48,9.7,9.11,9.26,8.06,251800
19/10/2020,9.5,9.7,9.05,9.19,8.0,205400
20/10/2020,9.31,9.88,9.27,9.85,8.57,155300
21/10/2020,9.83,9.86,9.5,9.63,8.38,130200
22/10/2020,9.63,9.89,9.25,9.29,8.09,184300
23/10/2020,9.33,9.5,9.16,9.36,8.15,96500
26/10/2020,9.13,9.29,8.3,8.63,7.51,330500
27/10/2020,8.65,9.24,8.65,9.16,7.97,145700
28/10/2020,8.94,8.94,8.48,8.57,7.46,115400
29/10/2020,8.49,8.67,8.25,8.51,7.41,103300
30/10/2020,8.32,8.45,7.9,8.21,7.15,134800
02/11/2020,8.2,8.6,8.11,8.47,7.37,108300
03/11/2020,8.58,9.04,8.57,8.92,7.76,92500
04/11/2020,8.9,9.23,8.56,8.87,7.72,134900
05/11/2020,8.99,9.4,8.99,9.21,8.02,140600
06/11/2020,9.7,9.87,8.49,9.33,8.12,227400
09/11/2020,9.9,10.39,9.81,10.09,8.78,317700
10/11/2020,10.72,12.43,10.5,11.76,10.24,543600
11/11/2020,11.79,12.43,11.65,12.13,10.56,318800
12/11/2020,12.09,12.11,10.55,10.74,9.35,322600
13/11/2020,10.8,11.66,10.8,11.32,9.85,128300
16/11/2020,11.58,13.6,11.58,13.27,11.55,501000
17/11/2020,13.29,15.37,13.27,15.0,13.05,721600
18/11/2020,15.5,15.95,14.42,14.54,12.65,674400
19/11/2020,14.31,14.97,14.24,14.76,12.85,195300
20/11/2020,14.99,14.99,13.82,14.06,12.24,298500
23/11/2020,14.2,15.2,14.17,14.84,12.92,383500
24/11/2020,12.39,12.75,11.75,12.26,10.67,2760700
25/11/2020,12.19,13.64,12.17,13.35,11.62,685000
27/11/2020,13.71,13.88,12.79,13.42,11.68,329700
30/11/2020,13.45,14.25,12.87,12.89,11.22,521900
01/12/2020,13.2,13.45,12.46,12.52,10.9,471200
02/12/2020,12.4,13.27,12.13,12.99,11.31,307100
03/12/2020,13.15,13.39,12.91,13.09,11.39,307100
04/12/2020,13.26,14.18,13.14,14.0,12.18,474100
07/12/2020,14.26,14.92,14.0,14.29,12.44,414500
08/12/2020,14.22,14.65,14.07,14.4,12.53,291800
09/12/2020,15.0,15.0,14.25,14.67,12.77,559000
10/12/2020,14.5,16.14,14.38,16.09,14.0,803000
11/12/2020,16.11,17.98,16.01,17.61,15.33,939100
14/12/2020,18.46,19.32,17.02,17.23,15.0,1152900
15/12/2020,17.37,18.7,17.05,18.69,16.27,442900
16/12/2020,18.88,18.99,17.77,18.68,16.26,453500
17/12/2020,18.8,19.3,17.65,19.16,16.68,513700
18/12/2020,19.2,21.33,19.15,20.31,17.68,784600
21/12/2020,20.04,20.89,19.8,20.73,18.04,499400
22/12/2020,21.0,21.02,19.5,20.09,17.48,543700
23/12/2020,20.09,21.61,20.09,21.35,18.58,489400
24/12/2020,21.65,21.74,20.81,21.01,18.29,272300
28/12/2020,21.3,22.01,20.81,21.03,18.3,527600
29/12/2020,21.12,21.24,19.69,20.33,17.69,315700
30/12/2020,20.55,21.4,20.31,20.58,17.91,261000
31/12/2020,20.53,21.48,20.16,21.43,18.65,590300
04/01/2021,22.42,22.58,21.0,21.76,18.94,766700
05/01/2021,21.88,23.85,21.75,23.65,20.58,732900
06/01/2021,23.91,24.39,22.89,24.34,21.18,693700
07/01/2021,24.77,28.11,24.77,27.36,23.81,1183600
08/01/2021,28.17,28.3,26.35,27.48,23.92,690300
11/01/2021,27.04,30.6,27.04,30.28,26.35,1004700
12/01/2021,31.1,32.98,30.7,32.98,28.7,1235700
13/01/2021,33.79,34.37,29.2,29.98,26.09,1181400
14/01/2021,29.98,31.35,28.54,29.09,25.32,888000
15/01/2021,28.08,29.37,26.47,28.82,25.08,820700
19/01/2021,29.36,30.57,27.6,29.43,25.61,558000
20/01/2021,30.0,30.5,29.0,29.51,25.68,557600
21/01/2021,29.6,30.15,27.9,28.36,24.68,494100
22/01/2021,27.55,30.1,27.06,30.08,26.18,471000
25/01/2021,29.54,29.86,27.4,28.03,24.4,737700
26/01/2021,27.64,28.28,26.21,26.73,23.26,828100
27/01/2021,25.86,26.09,24.2,24.97,21.73,779300
28/01/2021,26.5,27.47,24.48,24.87,21.64,634300
29/01/2021,24.99,28.41,24.87,26.44,23.01,888600
01/02/2021,27.0,28.46,26.01,28.09,24.45,563600
02/02/2021,29.0,29.24,26.78,27.36,23.81,683900
03/02/2021,27.74,28.8,27.55,28.48,24.79,450100
04/02/2021,29.0,32.38,28.75,32.36,28.16,704700
05/02/2021,32.8,33.03,31.28,32.82,28.56,460900
08/02/2021,34.46,34.5,31.63,32.93,28.66,631800
09/02/2021,33.01,35.06,31.31,34.72,30.22,516500
10/02/2021,35.75,36.76,34.65,35.84,31.19,579800
11/02/2021,35.84,36.36,33.1,34.29,29.84,588800
12/02/2021,33.93,38.0,33.28,37.07,32.26,696200
16/02/2021,39.5,40.2,36.4,39.43,34.32,772200
17/02/2021,40.0,40.8,38.1,39.53,34.4,542800
18/02/2021,38.25,39.14,36.0,37.22,32.39,506100
19/02/2021,38.52,40.2,37.75,39.11,34.04,471900
22/02/2021,39.02,40.5,38.3,39.3,34.2,433200
23/02/2021,38.5,38.74,33.79,36.59,31.85,737300
24/02/2021,37.68,41.07,37.17,39.88,34.71,825400
25/02/2021,40.65,44.46,39.0,39.4,34.29,772400
26/02/2021,40.78,42.8,37.87,41.54,36.15,680100
01/03/2021,42.36,43.99,40.37,40.44,35.2,555600
02/03/2021,41.36,41.91,39.85,40.8,35.51,298100
03/03/2021,41.25,43.48,40.89,42.35,36.86,464700
04/03/2021,41.75,43.58,37.53,39.5,34.38,890400
05/03/2021,39.32,40.41,35.65,39.47,34.35,924400
08/03/2021,40.03,40.5,37.72,38.14,33.19,477500
09/03/2021,38.5,41.79,37.1,41.64,36.24,705600
10/03/2021,42.0,45.5,41.97,45.4,39.51,867800
11/03/2021,46.79,49.0,44.54,48.84,42.51,654600
12/03/2021,48.12,49.56,46.62,47.73,41.54,433100
15/03/2021,48.5,49.24,47.04,49.2,42.82,369600
16/03/2021,49.4,51.3,48.11,48.81,42.48,388500
17/03/2021,48.35,50.02,46.39,49.89,43.42,390300
18/03/2021,50.48,53.16,48.92,49.18,42.8,601600
19/03/2021,50.28,54.2,48.51,53.35,46.43,840200
22/03/2021,55.4,56.19,51.6,53.12,46.23,703200
23/03/2021,53.06,53.48,47.06,47.47,41.31,915400
24/03/2021,48.68,52.13,48.28,48.76,42.44,1160300
25/03/2021,47.0,51.99,44.26,51.48,44.8,751800
26/03/2021,53.2,57.64,52.23,54.79,47.69,803900
29/03/2021,55.0,55.94,51.11,51.7,45.0,541300
30/03/2021,52.0,53.0,49.5,50.88,44.28,346100
31/03/2021,51.5,51.95,48.5,49.61,43.18,513600
01/04/2021,49.54,51.28,48.61,50.97,44.36,508600
05/04/2021,52.15,53.61,51.75,52.69,45.86,436300
06/04/2021,53.07,54.47,51.82,52.75,45.91,443200
07/04/2021,51.94,53.81,51.3,53.59,46.64,263500
08/04/2021,53.6,57.3,52.34,56.63,49.29,541500
09/04/2021,56.95,57.2,54.2,56.2,48.91,380700
12/04/2021,56.25,56.25,52.96,54.12,47.1,393600
13/04/2021,54.12,54.22,50.8,51.72,45.01,426500
14/04/2021,51.4,54.65,51.4,53.19,46.29,275300
15/04/2021,54.0,54.13,51.05,51.92,45.19,397900
16/04/2021,52.0,53.39,51.66,53.11,46.22,441000
19/04/2021,53.11,54.84,52.14,53.05,46.17,456100
20/04/2021,52.9,53.13,47.84,48.47,42.18,866600
21/04/2021,48.47,51.25,46.65,51.2,44.56,459200
22/04/2021,50.8,52.0,49.76,50.2,43.69,300500
23/04/2021,51.0,52.5,50.33,51.47,44.8,336300
26/04/2021,51.99,53.59,51.54,52.86,46.01,303700
27/04/2021,53.5,54.75,52.15,53.39,46.47,242800
28/04/2021,52.71,55.33,52.52,54.75,47.65,230900
29/04/2021,56.0,56.0,53.08,53.97,46.97,201500
30/04/2021,53.64,55.79,53.25,54.29,47.25,277800
03/05/2021,55.41,62.76,54.9,61.62,53.63,1037700
04/05/2021,61.52,62.72,56.51,62.56,54.45,668900
05/05/2021,64.3,68.75,63.66,65.41,56.93,779000
06/05/2021,65.59,65.59,59.02,63.31,55.1,691400
07/05/2021,63.3,65.86,62.3,65.56,57.06,435700
10/05/2021,66.66,66.66,63.31,63.75,55.48,543400
11/05/2021,58.1,61.93,55.78,56.52,49.19,1181700
12/05/2021,56.63,58.3,54.85,55.65,48.43,642800
13/05/2021,56.2,59.5,53.16,55.47,48.28,535800
14/05/2021,56.17,58.62,55.17,58.17,50.63,433100
17/05/2021,58.39,60.63,57.5,59.99,52.21,406400
18/05/2021,60.5,61.53,59.71,59.79,52.04,499200
19/05/2021,58.11,62.49,57.08,61.16,53.23,766200
20/05/2021,61.5,62.0,58.33,61.94,53.91,419400
21/05/2021,62.5,64.95,62.22,62.49,54.39,469300
24/05/2021,63.0,65.32,62.05,65.26,56.8,481600
25/05/2021,64.7,65.78,60.81,61.58,53.59,628600
26/05/2021,60.4,62.59,60.2,60.63,53.2,436500
27/05/2021,61.99,63.13,59.69,63.13,55.39,322500
28/05/2021,63.25,65.05,61.61,63.73,55.92,339800
01/06/2021,65.23,65.92,63.7,65.71,57.66,391400
02/06/2021,65.99,66.5,64.15,64.98,57.02,310000
03/06/2021,64.32,64.55,62.01,62.5,54.84,442700
04/06/2021,62.0,62.71,60.28,62.38,54.74,372200
07/06/2021,62.8,67.49,62.65,67.26,59.02,472500
08/06/2021,67.7,68.08,64.83,67.28,59.03,327500
09/06/2021,67.38,69.85,67.15,67.65,59.36,486000
10/06/2021,69.06,72.52,68.87,71.22,62.49,462000
11/06/2021,72.21,74.54,71.13,73.93,64.87,357100
14/06/2021,75.47,75.93,70.14,71.63,62.85,503000
15/06/2021,72.3,73.32,67.44,70.73,62.06,447800
16/06/2021,70.96,74.98,70.96,74.11,65.03,484900
17/06/2021,73.41,74.94,69.56,71.81,63.01,447400
18/06/2021,70.63,73.16,69.59,72.13,63.29,292200
21/06/2021,72.13,74.43,71.95,72.78,63.86,318900
22/06/2021,74.01,75.25,71.5,74.98,65.79,325300
23/06/2021,75.46,75.83,72.61,73.5,64.49,303000
24/06/2021,74.36,76.17,73.54,75.8,66.51,433500
25/06/2021,76.4,79.49,76.36,78.75,69.1,408100
28/06/2021,79.2,79.25,75.01,76.65,67.26,421300
29/06/2021,77.01,77.5,73.55,74.37,65.26,373100
30/06/2021,74.0,77.3,72.5,76.79,67.38,330200
01/07/2021,77.11,77.31,71.75,74.8,65.63,498300
02/07/2021,75.54,76.15,72.0,75.25,66.03,308400
06/07/2021,75.53,76.39,72.68,74.87,65.69,277700
07/07/2021,73.88,75.73,71.71,73.4,64.4,389700
08/07/2021,69.73,70.39,66.23,68.17,59.82,850000
09/07/2021,69.0,72.29,68.52,72.05,63.22,295800
12/07/2021,71.6,73.35,68.94,73.16,64.19,243400
13/07/2021,72.4,72.89,68.76,69.41,60.9,374000
14/07/2021,69.92,70.97,65.87,66.99,58.78,401900
15/07/2021,66.47,67.29,64.18,65.85,57.78,455200
16/07/2021,66.28,66.69,61.25,62.14,54.52,503600
19/07/2021,59.58,63.72,58.0,63.2,55.45,582500
20/07/2021,64.64,65.52,63.09,64.99,57.03,327200
21/07/2021,65.68,70.33,65.6,70.3,61.68,329200
22/07/2021,70.83,71.6,68.77,69.83,61.27,396700
23/07/2021,69.32,69.9,65.7,66.98,58.77,371400
26/07/2021,67.22,69.88,66.07,67.61,59.32,232600
27/07/2021,66.53,66.71,63.08,64.2,56.33,362900
28/07/2021,65.08,67.9,64.82,67.16,58.93,215700
29/07/2021,68.0,69.85,66.76,68.69,60.27,192600
30/07/2021,67.98,68.96,66.02,67.39,59.13,218400
02/08/2021,67.92,71.8,67.92,69.49,60.97,432500
03/08/2021,68.34,70.39,64.2,69.23,60.75,386700
04/08/2021,68.99,71.13,67.0,68.79,60.36,355100
05/08/2021,69.78,71.57,69.01,71.48,62.72,289800
06/08/2021,71.98,72.9,68.8,71.25,62.52,218800
09/08/2021,70.74,70.74,67.77,68.77,60.34,276100
10/08/2021,68.85,73.4,68.26,72.28,63.42,352700
11/08/2021,72.57,73.55,70.89,72.89,63.96,283200
12/08/2021,72.88,73.24,71.07,72.53,63.64,183600
13/08/2021,72.42,72.65,70.89,71.07,62.79,224600
16/08/2021,70.61,75.0,69.06,73.88,65.28,424900
17/08/2021,73.0,75.0,70.92,73.7,65.12,270500
18/08/2021,74.55,77.44,74.0,76.76,67.82,631100
19/08/2021,74.23,75.99,71.11,74.53,65.85,636600
20/08/2021,74.53,77.17,73.64,76.41,67.51,282100
23/08/2021,77.18,82.39,76.77,82.25,72.67,772200
24/08/2021,82.7,87.48,82.7,85.57,75.6,505500
25/08/2021,85.63,88.13,83.29,83.93,74.16,437200
26/08/2021,84.91,84.91,81.74,83.26,73.56,284100
27/08/2021,83.27,85.4,82.78,84.89,75.0,368200
30/08/2021,85.1,86.23,82.5,84.81,74.93,273500
31/08/2021,84.5,84.72,82.15,83.52,73.79,273300
01/09/2021,83.58,87.4,82.57,87.04,76.9,348400
02/09/2021,89.0,89.41,83.66,85.53,75.57,343700
03/09/2021,85.72,87.93,84.58,86.59,76.51,208100
07/09/2021,87.0,89.31,86.47,87.73,77.51,284900
08/09/2021,87.85,88.8,83.63,86.14,76.11,256600
09/09/2021,85.48,88.62,84.74,85.49,75.53,362400
10/09/2021,87.16,87.22,84.61,84.98,75.08,274800
13/09/2021,86.0,86.16,82.23,83.63,73.89,295600
14/09/2021,83.55,84.35,80.21,81.1,71.66,305200
15/09/2021,81.39,84.16,80.97,83.99,74.21,219600
16/09/2021,84.13,85.94,82.6,83.14,73.46,191200
17/09/2021,82.48,83.78,80.3,81.3,71.83,187300
20/09/2021,77.19,78.47,73.27,76.5,67.59,685700
21/09/2021,78.18,78.4,75.8,76.17,67.3,252000
22/09/2021,77.85,79.18,77.04,77.87,68.8,244800
23/09/2021,78.76,81.25,78.11,79.88,70.58,243200
24/09/2021,79.0,80.62,78.5,78.67,69.51,161600
27/09/2021,78.18,83.3,77.9,81.71,72.19,707600
28/09/2021,82.78,83.48,78.4,81.86,72.33,345000
29/09/2021,82.5,82.58,79.5,81.45,71.96,232600
30/09/2021,81.45,82.7,80.0,81.9,72.36,253500
01/10/2021,82.27,83.86,81.22,81.88,72.34,212400
04/10/2021,81.43,81.43,68.0,70.89,62.63,1523600
05/10/2021,72.29,75.49,70.71,73.46,64.9,514800
06/10/2021,71.63,75.66,71.43,74.73,66.03,307900
07/10/2021,75.34,77.82,72.85,74.09,65.46,285900
08/10/2021,74.75,75.35,69.5,72.23,63.82,458700
11/10/2021,71.17,73.66,70.51,70.92,62.66,294900
12/10/2021,71.7,74.5,71.51,73.25,64.72,378600
13/10/2021,73.42,73.63,70.34,71.76,63.4,316600
14/10/2021,72.01,73.0,68.4,69.87,61.73,554800
15/10/2021,70.32,72.14,69.72,70.05,61.89,336100
18/10/2021,70.45,74.26,70.23,73.6,65.03,254600
19/10/2021,74.1,77.15,73.65,75.96,67.11,335700
20/10/2021,77.01,77.99,74.01,77.63,68.59,237000
21/10/2021,78.0,78.3,74.25,75.17,66.42,259700
22/10/2021,75.18,75.18,72.2,73.42,64.87,238400
25/10/2021,73.42,76.65,73.16,75.99,67.14,257500
26/10/2021,76.0,76.01,72.77,73.77,65.18,197600
27/10/2021,73.42,74.45,69.69,71.17,62.88,242400
28/10/2021,73.0,74.54,72.01,73.97,65.36,323400
29/10/2021,73.16,74.6,72.59,74.6,65.91,183000
01/11/2021,75.0,77.06,74.62,75.98,67.13,274600
02/11/2021,75.0,75.0,70.81,74.03,65.41,393900
03/11/2021,74.68,76.81,73.22,76.32,67.43,211900
04/11/2021,76.99,76.99,72.0,72.95,64.45,346300
05/11/2021,72.86,72.94,69.13,70.84,62.59,402800
08/11/2021,72.54,74.29,71.85,72.64,64.18,465600
09/11/2021,76.0,76.2,72.55,75.66,66.85,468400
10/11/2021,75.66,76.0,71.89,73.46,64.9,396500
11/11/2021,74.09,76.22,72.71,72.98,64.48,262200
12/11/2021,72.56,74.0,71.77,73.94,65.33,249200
15/11/2021,74.59,74.69,71.5,72.33,63.91,235000
16/11/2021,72.66,72.66,70.11,71.81,63.45,233700
17/11/2021,72.81,73.02,71.09,72.21,63.8,248400
18/11/2021,72.5,74.24,71.67,72.03,64.09,264600
19/11/2021,71.57,75.36,71.5,72.62,64.61,458400
22/11/2021,73.08,74.8,70.88,72.05,64.1,373400
23/11/2021,71.75,72.9,69.26,71.47,63.59,269100
24/11/2021,70.57,72.6,68.36,72.1,64.15,293600
26/11/2021,69.6,72.0,68.5,71.79,63.87,228200
29/11/2021,72.81,73.19,69.7,71.44,63.56,285800
30/11/2021,70.03,71.43,66.05,68.69,61.11,428200
01/12/2021,69.7,69.99,65.19,65.69,58.44,483600
02/12/2021,65.7,69.55,65.7,68.86,61.26,337000
03/12/2021,69.07,69.31,65.74,68.59,61.02,315000
06/12/2021,68.34,69.42,66.55,69.06,61.44,284700
07/12/2021,70.0,72.3,69.63,70.23,62.48,308900
08/12/2021,71.49,74.26,70.8,72.33,64.35,430300
09/12/2021,72.1,73.49,71.35,72.34,64.36,212400
10/12/2021,72.59,73.99,70.58,71.84,63.92,220700
13/12/2021,71.61,71.61,68.02,68.7,61.12,258300
14/12/2021,67.9,69.17,66.57,67.12,59.72,216800
15/12/2021,66.77,70.19,65.81,70.19,62.45,292700
16/12/2021,71.91,72.75,69.12,69.51,61.84,218400
17/12/2021,68.61,71.11,67.6,70.07,62.34,248500
20/12/2021,69.11,69.88,67.8,69.72,62.03,276500
21/12/2021,70.42,72.22,69.83,70.59,62.8,285300
22/12/2021,70.64,71.29,69.12,70.0,62.28,441600
23/12/2021,70.36,70.96,69.8,70.07,62.34,325800
27/12/2021,69.56,70.95,69.52,70.92,63.1,251700
28/12/2021,70.8,72.19,69.78,70.09,62.36,314900
29/12/2021,70.0,71.3,69.69,71.02,63.19,257500
30/12/2021,71.3,73.26,71.23,72.36,64.38,276200
31/12/2021,72.05,75.31,71.9,74.65,66.42,377100
03/01/2022,76.0,76.31,72.41,72.75,64.73,409800
04/01/2022,73.11,74.35,71.54,72.09,64.14,349200
05/01/2022,72.25,73.54,69.65,70.23,62.48,403700
06/01/2022,70.32,72.23,69.51,70.5,62.72,261500
07/01/2022,70.5,72.05,69.8,70.06,62.33,308300
10/01/2022,69.72,70.44,68.2,70.4,62.63,333600
11/01/2022,70.64,73.63,69.88,73.63,65.51,476600
12/01/2022,74.0,74.5,72.07,73.97,65.81,339200
13/01/2022,73.96,74.83,72.55,73.04,64.98,312600
14/01/2022,72.0,74.2,71.6,74.05,65.88,234800
18/01/2022,75.0,80.94,74.78,79.87,71.06,1330400
19/01/2022,79.84,81.74,78.12,81.2,72.24,531400
20/01/2022,83.5,84.04,80.71,81.87,72.84,535600
21/01/2022,80.62,80.86,77.05,78.12,69.5,707900
24/01/2022,76.12,77.87,70.82,77.75,69.17,862500
25/01/2022,76.13,79.9,74.8,79.17,70.44,415300
26/01/2022,80.46,83.41,79.51,80.58,71.69,474000
27/01/2022,82.21,86.5,81.93,85.89,76.42,930100
28/01/2022,86.0,91.59,84.52,91.46,81.37,1059300
31/01/2022,92.17,92.17,87.34,91.5,81.41,769000
01/02/2022,92.49,97.04,92.29,95.86,85.29,762500
02/02/2022,96.46,96.7,93.63,95.0,84.52,456000
03/02/2022,93.47,96.09,92.14,95.11,84.62,450100
04/02/2022,94.66,95.66,92.86,95.08,84.59,427400
07/02/2022,95.7,98.25,95.5,97.38,86.64,675200
08/02/2022,97.89,98.3,92.47,95.94,85.36,862000
09/02/2022,96.47,99.88,96.09,97.11,86.4,572200
10/02/2022,95.94,100.55,95.94,98.89,87.98,488600
11/02/2022,98.28,102.95,97.5,98.34,87.49,756300
14/02/2022,97.39,100.78,96.8,99.18,88.24,359600
15/02/2022,100.58,102.85,99.01,100.3,89.24,404000
16/02/2022,99.5,99.89,97.49,98.76,88.53,297500
17/02/2022,97.75,99.69,96.4,97.04,86.99,366900
18/02/2022,96.08,97.16,93.71,95.07,85.22,515300
22/02/2022,93.35,95.83,92.07,93.55,83.86,402400
23/02/2022,95.0,97.4,90.85,92.28,82.72,453500
24/02/2022,88.69,93.18,88.0,92.86,83.24,381800
25/02/2022,93.5,95.36,92.5,94.2,84.44,389700
28/02/2022,93.28,94.49,90.5,93.67,83.97,516000
01/03/2022,93.4,93.88,89.76,90.37,81.01,368000
02/03/2022,90.32,91.8,89.31,90.52,81.14,399600
03/03/2022,91.07,94.39,90.65,93.4,83.72,389700
04/03/2022,92.75,92.82,86.88,88.97,79.75,717800
07/03/2022,88.28,90.79,88.01,88.95,79.74,432500
08/03/2022,89.12,91.87,87.21,90.15,80.81,391800
09/03/2022,93.55,94.78,90.25,92.71,83.11,549400
10/03/2022,93.5,95.82,91.3,93.12,83.47,479400
11/03/2022,93.62,96.89,93.51,95.13,85.27,536400
14/03/2022,95.49,97.56,92.1,93.85,84.13,644100
15/03/2022,94.21,98.44,91.5,98.34,88.15,669500
16/03/2022,99.46,106.25,99.46,105.83,94.87,1075900
17/03/2022,106.82,107.47,105.23,106.64,95.59,506900
18/03/2022,107.0,107.0,103.42,105.23,94.33,478000
21/03/2022,106.24,106.79,101.06,104.37,93.56,791100
22/03/2022,104.5,107.3,102.83,104.66,93.82,368300
23/03/2022,104.13,106.99,103.75,104.04,93.26,278100
24/03/2022,104.07,104.07,99.77,102.41,91.8,368800
25/03/2022,102.12,102.5,99.21,102.37,91.76,364600
28/03/2022,102.5,106.57,101.61,105.35,94.44,389900
29/03/2022,105.5,105.5,99.16,104.97,94.1,430000
30/03/2022,104.42,106.06,103.04,103.45,92.73,269800
31/03/2022,104.0,104.76,102.18,102.58,91.95,262900
01/04/2022,103.65,104.5,101.5,104.34,93.53,264600
04/04/2022,104.0,104.28,96.1,97.62,87.51,946700
05/04/2022,96.99,97.97,92.4,93.0,83.37,925300
06/04/2022,91.52,92.5,88.6,90.24,80.89,814700
07/04/2022,89.89,92.76,89.0,90.83,81.42,345000
08/04/2022,91.07,91.79,89.76,90.21,80.86,316300
11/04/2022,89.47,89.47,84.77,87.13,78.1,593600
12/04/2022,88.05,88.61,85.68,86.71,77.73,363000
13/04/2022,87.32,88.92,86.83,88.43,79.27,278700
14/04/2022,88.93,88.94,86.7,88.77,79.57,403600
18/04/2022,89.41,92.9,87.66,92.14,82.59,337200
19/04/2022,93.0,93.59,90.9,93.35,83.68,440100
20/04/2022,94.04,94.53,89.2,90.44,81.07,394200
21/04/2022,90.88,91.0,85.22,86.44,77.49,306700
22/04/2022,86.22,87.37,82.7,83.19,74.57,393200
25/04/2022,80.96,81.24,73.8,77.73,69.68,1206900
26/04/2022,79.29,80.02,76.7,76.73,68.78,399700
27/04/2022,77.57,82.25,77.34,82.18,73.67,477900
28/04/2022,83.39,83.71,79.25,82.45,73.91,315300
29/04/2022,82.51,84.98,81.27,81.74,73.27,275800
02/05/2022,81.08,82.35,79.71,82.14,73.63,413900
03/05/2022,82.0,86.47,82.0,85.12,76.3,441700
04/05/2022,86.23,88.26,84.2,88.0,78.88,282200
05/05/2022,87.53,88.91,83.69,86.69,77.71,288400
06/05/2022,86.27,86.27,82.63,84.6,75.84,287900
09/05/2022,82.15,82.48,77.05,79.47,71.24,501600
10/05/2022,80.53,82.79,78.69,81.05,72.65,289200
11/05/2022,80.43,82.37,77.83,78.76,70.6,347500
12/05/2022,77.15,77.76,73.3,77.36,69.35,636300
13/05/2022,78.39,81.53,78.35,79.82,71.55,321900
16/05/2022,80.0,82.72,80.0,81.65,73.19,691600
17/05/2022,83.3,84.85,77.44,78.91,70.74,778900
18/05/2022,80.09,80.09,74.05,74.5,66.78,633300
19/05/2022,73.65,80.37,72.61,78.68,70.53,420400
20/05/2022,80.0,81.93,78.2,81.63,73.17,520600
23/05/2022,81.88,84.08,80.67,82.79,74.21,370300
24/05/2022,82.15,82.7,80.08,81.94,73.45,291900
25/05/2022,81.45,82.27,79.26,81.63,73.17,352300
26/05/2022,81.83,82.93,81.0,82.64,74.77,267100
27/05/2022,82.93,84.62,81.15,83.64,75.67,313400
31/05/2022,83.96,84.08,80.35,81.24,73.5,365000
01/06/2022,82.99,86.32,81.13,85.2,77.08,316500
02/06/2022,85.46,87.12,84.4,84.83,76.75,312800
03/06/2022,84.4,84.99,82.76,84.35,76.31,228200
06/06/2022,86.0,86.2,81.48,81.94,74.13,292000
07/06/2022,81.0,82.08,79.56,82.08,74.26,438600
08/06/2022,78.3,79.19,74.19,75.21,68.04,929800
09/06/2022,74.0,74.63,71.51,71.55,64.73,655500
10/06/2022,70.0,72.71,69.01,71.04,64.27,302900
13/06/2022,67.72,69.29,64.9,65.16,58.95,624000
14/06/2022,68.73,72.34,68.5,71.38,64.58,488800
15/06/2022,71.38,72.45,69.44,71.15,64.37,264400
16/06/2022,68.63,70.05,67.33,68.41,61.89,275900
17/06/2022,68.0,69.83,67.0,67.43,61.0,281900
21/06/2022,69.5,70.39,68.13,69.19,62.6,416300
22/06/2022,67.28,68.0,63.66,63.95,57.86,508200
23/06/2022,64.56,65.0,61.32,62.56,56.6,615300
24/06/2022,63.4,64.38,61.68,62.02,56.11,390700
27/06/2022,63.0,66.57,63.0,65.64,59.39,344500
28/06/2022,65.91,65.91,63.67,63.99,57.89,209300
29/06/2022,64.41,64.41,62.19,63.1,57.09,200800
30/06/2022,62.0,63.92,61.18,63.1,57.09,241500
01/07/2022,62.23,62.75,59.77,61.91,56.01,303800
05/07/2022,60.68,60.81,58.76,60.02,54.3,453300
06/07/2022,60.13,60.13,55.71,57.38,51.91,427200
07/07/2022,59.59,61.3,59.59,60.37,54.62,359000
08/07/2022,60.26,60.92,59.65,60.48,54.72,193100
11/07/2022,60.15,60.66,58.78,59.07,53.44,180000
12/07/2022,59.0,59.34,58.02,58.25,52.7,143100
13/07/2022,57.35,59.88,57.0,59.55,53.88,189300
14/07/2022,58.21,58.34,56.75,57.79,52.28,165900
15/07/2022,58.38,61.14,57.88,61.0,55.19,244400
18/07/2022,62.05,64.39,61.88,63.58,57.52,422600
19/07/2022,63.96,65.94,63.93,65.9,59.62,228700
20/07/2022,65.62,68.03,64.75,68.03,61.55,220200
21/07/2022,68.69,69.29,67.01,68.67,62.13,213300
22/07/2022,68.51,69.1,65.1,66.12,59.82,211400
25/07/2022,66.96,67.86,66.0,67.8,61.34,134600
26/07/2022,67.78,67.93,66.19,67.32,60.91,174500
27/07/2022,68.96,68.96,67.05,68.22,61.72,353200
28/07/2022,69.38,71.07,68.56,70.7,63.96,308800
29/07/2022,71.87,73.47,70.02,73.13,66.16,259100
01/08/2022,74.0,74.1,72.05,73.49,66.49,336100
02/08/2022,74.75,77.26,72.8,76.24,68.98,466700
03/08/2022,76.98,76.98,73.65,74.93,67.79,251500
04/08/2022,74.34,74.46,72.46,73.36,66.37,315700
05/08/2022,74.04,76.0,73.61,75.97,68.73,395200
08/08/2022,76.36,77.82,75.78,75.99,68.75,305500
09/08/2022,76.41,77.14,75.0,76.06,68.81,387800
10/08/2022,76.77,78.33,75.5,78.07,70.63,226900
11/08/2022,78.45,79.04,76.07,76.42,69.14,209100
12/08/2022,76.5,76.5,72.74,75.38,68.2,433600
15/08/2022,73.42,74.76,72.05,73.33,66.34,219600
16/08/2022,72.45,73.65,71.87,73.19,66.9,242700
17/08/2022,71.6,71.63,69.6,70.32,64.28,279800
18/08/2022,70.79,73.44,70.71,72.99,66.72,217000
19/08/2022,72.25,72.25,69.88,70.9,64.81,175700
22/08/2022,68.12,70.76,67.73,69.95,63.94,208700
23/08/2022,70.39,70.39,67.73,67.87,62.04,253300
24/08/2022,68.11,68.54,66.7,67.17,61.4,260900
25/08/2022,68.0,68.7,66.76,68.67,62.77,136800
26/08/2022,68.65,69.55,65.82,66.15,60.47,235100
29/08/2022,65.3,66.33,64.74,64.84,59.27,293100
30/08/2022,64.8,69.03,63.55,68.82,62.91,493100
31/08/2022,69.19,70.57,68.6,69.25,63.3,243800
01/09/2022,68.07,68.59,66.8,67.66,61.85,176000
02/09/2022,68.27,68.63,66.25,67.31,61.53,186500
06/09/2022,67.32,67.72,65.47,65.61,59.97,138500
07/09/2022,64.99,65.0,63.1,63.33,57.89,268100
08/09/2022,63.39,66.27,62.75,66.13,60.45,240100
09/09/2022,67.86,70.54,67.02,70.02,64.0,354300
12/09/2022,70.71,72.14,70.15,70.91,64.82,223100
13/09/2022,69.23,70.41,67.89,67.98,62.14,141600
14/09/2022,68.46,69.38,67.27,67.66,61.85,163700
15/09/2022,67.28,67.64,66.01,66.34,60.64,179600
16/09/2022,64.66,65.03,63.21,63.77,58.29,249300
19/09/2022,62.68,63.27,60.39,60.73,55.51,274200
20/09/2022,60.33,61.4,59.8,60.89,55.66,163800
21/09/2022,61.25,61.41,59.58,59.58,54.46,120500
22/09/2022,59.71,60.52,57.95,59.13,54.05,282200
23/09/2022,57.71,57.83,55.57,57.36,52.43,451300
26/09/2022,56.42,57.85,55.5,56.0,51.19,272100
27/09/2022,56.23,58.75,56.23,58.3,53.29,275000
28/09/2022,57.97,58.69,56.97,57.56,52.61,170200
29/09/2022,56.68,56.87,53.54,54.63,49.94,347200
30/09/2022,54.47,56.65,54.18,55.68,50.9,119800
03/10/2022,56.33,58.25,55.77,56.19,51.36,227400
04/10/2022,57.72,59.29,57.61,58.85,53.79,163200
05/10/2022,57.67,58.33,56.06,57.72,52.76,175800
06/10/2022,57.62,58.43,56.71,57.47,52.53,145100
07/10/2022,57.04,57.62,56.34,57.31,52.39,159200
10/10/2022,57.0,57.19,54.3,54.58,49.89,279700
11/10/2022,53.91,55.32,52.73,54.72,50.02,280300
12/10/2022,54.65,55.44,53.49,55.24,50.49,218800
13/10/2022,54.35,58.23,53.32,58.13,53.13,258800
14/10/2022,58.26,58.62,57.3,58.38,53.36,169700
17/10/2022,59.21,59.38,57.56,58.31,53.3,160800
18/10/2022,58.34,59.56,58.26,59.22,54.13,118700
19/10/2022,59.2,59.2,57.34,57.7,52.74,156200
20/10/2022,57.38,58.33,56.0,57.21,52.29,246600
21/10/2022,57.21,58.72,56.81,58.6,53.56,152400
24/10/2022,58.42,58.63,56.7,58.34,53.33,163500
25/10/2022,58.64,59.98,58.39,59.31,54.21,121900
26/10/2022,59.68,60.45,58.43,58.57,53.54,131000
27/10/2022,59.09,59.3,55.87,56.16,51.33,186000
28/10/2022,56.38,57.66,55.54,57.61,52.66,123600
31/10/2022,56.95,58.02,56.05,56.7,51.83,128500
01/11/2022,57.31,59.69,57.31,59.52,54.41,152800
02/11/2022,58.5,59.13,56.91,57.0,52.1,139700
03/11/2022,56.79,57.95,56.34,57.17,52.26,112100
04/11/2022,58.56,60.95,58.4,60.8,55.58,209900
07/11/2022,61.0,62.49,60.95,61.76,56.45,302500
08/11/2022,60.57,60.63,57.52,58.93,53.87,443700
09/11/2022,58.29,58.84,56.45,56.55,51.69,244400
10/11/2022,58.0,58.96,57.23,58.87,53.81,238200
11/11/2022,59.6,62.0,59.3,61.75,56.44,314800
14/11/2022,61.67,62.22,58.89,59.05,53.98,221900
15/11/2022,60.41,62.37,58.65,58.81,53.76,340100
16/11/2022,59.1,59.86,57.19,57.56,52.61,226800
17/11/2022,56.25,56.71,55.16,55.76,51.64,174900
18/11/2022,56.18,56.2,54.45,55.54,51.44,189100
21/11/2022,55.01,57.28,54.5,56.81,52.61,169000
22/11/2022,56.77,57.94,56.03,56.71,52.52,149900
23/11/2022,56.65,58.16,56.2,57.13,52.91,107900
25/11/2022,57.14,58.3,57.14,57.26,53.03,41200
28/11/2022,56.84,56.84,54.66,54.98,50.92,229000
29/11/2022,55.45,57.12,53.87,54.34,50.33,321600
30/11/2022,54.77,55.83,53.07,55.32,51.23,306100
01/12/2022,55.56,56.6,54.93,55.08,51.01,215100
02/12/2022,54.67,55.51,53.92,55.03,50.97,104900
05/12/2022,55.14,55.51,53.24,53.71,49.74,212500
06/12/2022,53.84,54.24,52.0,52.64,48.75,134600
07/12/2022,52.45,52.48,51.1,51.84,48.01,151200
08/12/2022,52.38,53.82,52.09,53.6,49.64,94100
09/12/2022,53.53,54.68,52.95,54.51,50.48,129300
12/12/2022,54.41,54.91,53.54,53.93,49.95,166900
13/12/2022,55.15,55.72,53.84,54.7,50.66,120800
14/12/2022,54.7,54.7,53.02,54.4,50.38,186600
15/12/2022,54.06,54.88,53.67,54.86,50.81,135600
16/12/2022,54.27,54.51,53.45,53.55,49.59,111900
19/12/2022,53.55,53.55,51.1,51.46,47.66,208900
20/12/2022,51.58,53.72,51.58,53.5,49.55,167500
21/12/2022,54.01,54.96,53.94,54.84,50.79,254200
22/12/2022,54.17,54.17,52.26,53.14,49.21,103000
23/12/2022,53.43,55.2,53.17,54.56,50.53,186700
27/12/2022,54.32,54.32,52.3,53.2,49.27,199200
28/12/2022,52.87,53.71,52.22,53.63,49.67,215900
29/12/2022,54.17,55.31,54.17,54.63,50.59,209800
30/12/2022,53.76,53.88,52.36,52.66,48.77,217300
03/01/2023,53.24,54.11,52.82,53.53,49.58,202600
04/01/2023,53.37,53.83,52.81,53.07,49.15,133700
05/01/2023,52.9,53.45,51.98,53.28,49.34,92100
06/01/2023,53.95,54.79,53.25,54.6,50.57,129500
09/01/2023,54.92,56.09,54.05,54.28,50.27,148700
10/01/2023,54.49,55.86,54.34,55.59,51.48,115700
11/01/2023,55.9,56.05,53.78,54.26,50.25,141900
12/01/2023,54.41,55.54,53.8,55.38,51.29,92700
13/01/2023,55.4,55.4,54.71,55.03,50.97,91400
17/01/2023,55.0,56.28,54.79,55.79,51.67,117300
18/01/2023,56.12,58.11,56.12,56.55,52.37,180400
19/01/2023,56.34,56.81,55.69,56.43,52.26,102400
20/01/2023,56.99,57.38,56.09,57.09,52.87,143900
23/01/2023,57.31,58.43,56.4,57.68,53.42,147100
24/01/2023,57.86,58.47,57.0,57.95,53.67,101700
25/01/2023,57.76,57.76,55.71,57.24,53.01,114000
26/01/2023,57.79,57.79,55.3,57.24,53.01,134400
27/01/2023,57.42,59.35,57.18,59.34,54.96,202400
30/01/2023,58.92,59.45,58.0,58.1,53.81,91600
31/01/2023,58.15,59.32,58.14,59.18,54.81,114500
01/02/2023,59.31,61.89,59.15,61.29,56.76,206900
02/02/2023,61.71,62.97,60.53,60.83,56.34,196100
03/02/2023,60.5,61.27,59.95,60.0,55.57,136100
06/02/2023,59.82,61.27,59.5,60.51,56.04,137400
07/02/2023,60.78,61.92,59.75,61.61,57.06,182400
08/02/2023,62.1,62.38,60.86,60.87,56.37,172900
09/02/2023,61.4,61.94,60.51,60.73,56.24,189800
10/02/2023,60.73,61.26,59.75,60.84,56.35,121700
13/02/2023,60.66,60.74,59.59,59.65,55.24,168300
14/02/2023,59.5,59.76,58.31,59.26,54.88,256500
15/02/2023,57.75,58.5,55.16,57.38,53.14,465100
16/02/2023,57.4,59.04,56.97,58.81,54.47,222000
17/02/2023,59.0,60.12,58.21,59.65,55.24,195300
21/02/2023,59.63,59.72,57.98,58.03,53.74,121400
22/02/2023,57.94,57.94,56.04,56.29,52.13,187800
23/02/2023,56.91,59.35,56.7,59.14,54.77,160900
24/02/2023,58.7,59.75,58.4,59.51,55.11,124000
27/02/2023,59.25,60.97,59.07,60.08,56.35,158700
28/02/2023,60.23,60.52,57.67,58.17,54.56,141500
01/03/2023,58.54,60.39,58.46,58.94,55.28,159000
02/03/2023,58.73,59.55,58.08,59.55,55.86,143700
03/03/2023,59.8,59.97,58.9,58.98,55.32,100200
06/03/2023,59.0,59.0,57.72,57.91,54.32,117700
07/03/2023,57.81,57.86,57.13,57.51,53.94,80300
08/03/2023,57.7,58.01,56.6,57.14,53.59,73100
09/03/2023,57.09,57.43,55.35,55.46,52.02,153400
10/03/2023,55.44,56.31,54.66,55.5,52.06,173000
13/03/2023,54.57,55.73,53.72,54.31,50.94,186500
14/03/2023,55.6,56.19,54.86,55.47,52.03,159300
15/03/2023,54.19,54.82,52.67,54.43,51.05,164700
16/03/2023,53.85,54.23,52.23,53.7,50.37,174300
17/03/2023,53.18,53.38,51.19,51.9,48.68,165400
20/03/2023,52.09,53.21,51.66,51.88,48.66,161900
21/03/2023,52.5,53.44,52.39,52.81,49.53,111500
22/03/2023,52.83,53.91,52.59,53.03,49.74,88100
23/03/2023,53.84,54.15,52.62,53.0,49.71,68200
24/03/2023,52.6,52.9,51.55,52.5,49.24,60500
27/03/2023,52.77,53.78,52.07,53.52,50.2,123700
28/03/2023,53.72,53.72,52.46,53.05,49.76,91100
29/03/2023,53.52,54.06,53.11,53.9,50.56,88200
30/03/2023,54.52,54.69,53.28,53.65,50.32,85400
31/03/2023,53.85,55.33,53.47,54.62,51.23,195500
03/04/2023,55.2,55.24,53.95,55.1,51.68,275800
04/04/2023,55.49,56.12,54.16,54.34,50.97,114600
05/04/2023,54.0,55.07,52.86,55.0,51.59,167500
06/04/2023,55.11,55.37,53.95,54.32,50.95,147400
10/04/2023,54.42,56.09,54.42,55.58,52.13,120600
11/04/2023,55.65,57.23,55.65,56.82,53.29,121300
12/04/2023,57.35,57.63,57.02,57.22,53.67,90000
13/04/2023,57.86,59.3,57.74,58.93,55.27,173200
14/04/2023,59.3,59.5,58.69,59.28,55.6,90400
17/04/2023,59.84,60.45,59.15,60.43,56.68,164900
18/04/2023,60.25,60.64,58.8,60.59,56.83,138500
19/04/2023,60.12,60.54,59.43,60.34,56.6,173200
20/04/2023,60.04,60.38,58.49,58.82,55.17,85600
21/04/2023,58.71,58.77,56.99,57.06,53.52,110200
24/04/2023,57.26,58.82,57.2,58.57,54.94,157400
25/04/2023,57.97,58.18,57.23,57.49,53.92,138600
26/04/2023,57.7,58.21,56.6,57.66,54.08,150100
27/04/2023,57.95,58.33,57.34,57.34,53.78,105600
28/04/2023,57.11,58.28,57.04,57.93,54.34,83100
01/05/2023,57.93,57.93,56.28,56.89,53.36,93000
02/05/2023,56.59,56.59,54.7,56.22,52.73,147300
03/05/2023,56.22,56.32,55.25,55.42,51.98,130500
04/05/2023,54.84,55.2,53.89,54.46,51.08,164100
05/05/2023,54.46,56.92,54.46,56.51,53.0,151200
08/05/2023,56.81,57.21,56.47,56.92,53.39,70200
09/05/2023,56.7,57.26,56.07,56.98,53.44,88200
10/05/2023,57.51,57.51,55.71,56.68,53.16,82000
11/05/2023,56.35,57.17,56.07,56.66,53.14,128700
12/05/2023,57.09,57.19,56.05,56.58,53.07,122800
15/05/2023,56.86,59.42,56.36,59.0,55.34,212100
16/05/2023,60.5,64.11,60.3,61.7,57.87,609800
17/05/2023,62.22,63.44,60.9,61.93,58.09,186500
18/05/2023,62.0,62.59,61.5,62.31,58.44,108500
19/05/2023,62.92,62.92,61.58,61.67,57.84,131400
22/05/2023,61.72,62.28,58.93,59.61,55.91,169500
23/05/2023,59.6,60.98,59.6,60.0,56.28,185500
24/05/2023,59.7,60.49,58.61,59.67,55.97,128200
25/05/2023,58.41,59.19,57.89,58.8,55.85,102500
26/05/2023,59.0,59.73,58.1,58.2,55.28,85000
30/05/2023,58.17,61.88,57.75,61.11,58.05,253900
31/05/2023,60.68,60.99,58.32,58.33,55.41,164300
01/06/2023,58.5,59.64,58.5,59.61,56.62,184800
02/06/2023,60.33,61.86,60.33,60.99,57.93,219300
05/06/2023,60.95,61.1,60.06,60.69,57.65,82900
06/06/2023,60.5,63.56,60.49,62.94,59.79,171000
07/06/2023,63.2,64.68,63.0,64.32,61.1,152100
08/06/2023,64.33,65.7,63.79,65.42,62.14,130500
09/06/2023,65.76,66.09,64.53,64.94,61.69,133000
12/06/2023,65.0,65.7,64.49,64.82,61.57,90200
13/06/2023,65.22,65.75,64.21,64.26,61.04,141400
14/06/2023,64.68,65.79,64.68,65.23,61.96,155900
15/06/2023,64.86,66.35,64.73,66.0,62.69,151600
16/06/2023,66.21,66.21,64.89,65.33,62.06,173100
20/06/2023,65.21,66.57,64.77,66.41,63.08,173900
21/06/2023,66.11,67.11,65.71,66.67,63.33,145900
22/06/2023,66.5,67.7,66.06,66.85,63.5,150100
23/06/2023,66.22,67.52,65.68,66.39,63.06,111600
26/06/2023,66.47,66.99,65.6,66.25,62.93,95000
27/06/2023,66.27,67.01,65.81,66.97,63.61,134600
28/06/2023,67.0,67.1,66.01,66.17,62.85,153000
29/06/2023,66.18,67.26,65.86,66.61,63.27,146300
30/06/2023,67.14,67.44,66.0,66.79,63.44,120000
03/07/2023,67.06,68.42,67.06,68.39,64.96,70100
05/07/2023,68.1,68.96,67.36,67.82,64.42,106500
06/07/2023,67.05,68.02,66.06,67.86,64.46,103800
07/07/2023,68.09,69.01,67.73,68.29,64.87,118900
10/07/2023,68.39,69.49,68.35,69.19,65.72,119300
11/07/2023,69.4,70.56,69.1,69.52,66.04,129200
12/07/2023,70.31,70.31,68.51,68.64,65.2,52200
13/07/2023,68.75,69.09,67.37,68.87,65.42,91300
14/07/2023,68.83,68.83,66.34,66.66,63.32,119400
17/07/2023,65.95,66.49,64.05,66.31,62.99,158700
18/07/2023,66.34,67.68,66.25,67.06,63.7,92700
19/07/2023,67.19,68.0,66.5,67.38,64.0,103300
20/07/2023,67.41,67.45,65.7,66.61,63.27,79700
21/07/2023,66.63,66.65,65.11,65.83,62.53,131300
24/07/2023,65.73,67.31,65.07,66.88,63.53,121000
25/07/2023,67.23,67.98,66.06,66.31,62.99,89300
26/07/2023,66.04,67.69,66.04,67.44,64.06,95300
27/07/2023,67.8,68.39,67.09,67.2,63.83,104900
28/07/2023,67.73,71.27,67.66,71.19,67.62,154300
31/07/2023,71.5,71.65,70.17,70.42,66.89,91900
01/08/2023,70.1,70.24,68.46,69.51,66.03,57200
02/08/2023,69.18,69.18,67.25,68.28,64.86,127800
03/08/2023,68.0,69.14,68.0,69.04,65.58,97000
04/08/2023,68.94,69.51,67.86,68.13,64.72,110700
07/08/2023,69.99,69.99,66.72,68.17,64.75,216000
08/08/2023,67.35,70.48,66.92,69.92,66.42,178400
09/08/2023,70.0,70.57,69.29,70.0,66.49,109100
10/08/2023,70.39,70.39,69.26,69.98,66.47,82200
11/08/2023,69.7,70.43,69.29,69.59,66.1,47300
14/08/2023,69.58,69.58,68.3,69.15,65.68,60200
15/08/2023,68.75,69.72,68.75,69.5,66.02,59100
16/08/2023,69.42,70.56,69.23,69.73,66.24,179900
17/08/2023,70.16,70.84,69.4,69.68,66.19,60700
18/08/2023,68.93,70.19,68.37,69.43,65.95,70300
21/08/2023,69.49,70.1,69.3,69.63,66.14,98700
22/08/2023,69.2,69.21,67.35,67.35,64.67,134400
23/08/2023,67.35,68.1,66.27,67.77,65.08,133200
24/08/2023,67.48,67.88,65.43,66.06,63.43,126500
25/08/2023,66.05,66.93,65.71,66.34,63.7,79300
28/08/2023,66.7,67.19,65.45,65.85,63.23,61200
29/08/2023,66.21,67.26,66.21,67.06,64.39,49300
30/08/2023,66.87,67.61,66.87,67.37,64.69,50000
31/08/2023,67.32,67.54,66.58,67.12,64.45,57200
01/09/2023,67.33,67.76,67.04,67.39,64.71,53100
05/09/2023,66.8,66.81,63.57,64.37,61.81,197600
06/09/2023,64.39,65.61,63.79,64.59,62.02,120800
07/09/2023,64.24,64.86,63.37,64.01,61.46,81000
08/09/2023,63.86,65.59,63.79,65.18,62.59,89200
11/09/2023,65.18,66.04,65.02,65.12,62.53,67100
12/09/2023,65.42,65.8,63.92,64.25,61.7,107500
13/09/2023,64.41,65.12,64.02,64.27,61.71,84200
14/09/2023,64.67,65.32,64.38,64.5,61.94,81300
15/09/2023,64.45,64.78,63.79,64.05,61.5,85900
18/09/2023,64.08,64.69,63.64,64.37,61.81,95200
19/09/2023,64.69,65.61,64.33,64.43,61.87,96400
20/09/2023,64.71,65.65,64.66,64.89,62.31,130300
21/09/2023,65.02,66.17,64.56,66.04,63.41,141800
22/09/2023,66.13,66.81,65.72,66.28,63.64,66600
25/09/2023,66.0,66.49,65.51,66.0,63.38,72000
26/09/2023,65.8,66.59,65.76,66.27,63.63,67900
27/09/2023,66.81,66.99,65.68,66.52,63.87,96000
28/09/2023,66.49,66.79,65.79,65.81,63.19,70500
29/09/2023,66.04,66.6,65.82,66.22,63.59,74800
02/10/2023,66.31,66.88,65.83,65.91,63.29,80900
03/10/2023,65.39,65.62,64.8,65.34,62.74,85300
04/10/2023,65.14,65.14,63.87,64.58,62.01,141300
05/10/2023,64.51,66.41,64.35,66.14,63.51,148000
06/10/2023,66.05,66.54,65.51,66.39,63.75,96500
09/10/2023,66.29,67.75,66.29,67.17,64.5,110300
10/10/2023,67.27,68.0,67.27,67.36,64.68,86500
11/10/2023,67.39,67.54,66.56,66.62,63.97,66500
12/10/2023,66.96,66.96,65.6,66.16,63.53,55400
13/10/2023,66.53,67.17,65.62,66.21,63.58,76400
16/10/2023,66.46,66.77,65.75,65.86,63.24,78800
17/10/2023,65.56,66.75,65.54,66.01,63.39,72800
18/10/2023,65.72,66.13,65.21,66.04,63.41,101300
19/10/2023,66.04,66.24,65.46,65.65,63.04,87800
20/10/2023,65.8,66.31,65.63,65.75,63.14,64100
23/10/2023,65.43,66.44,64.7,65.85,63.23,83300
24/10/2023,66.32,66.78,65.95,66.33,63.69,63300
25/10/2023,65.95,66.67,65.24,65.99,63.37,83300
26/10/2023,65.99,66.3,65.3,65.84,63.22,47100
27/10/2023,65.78,66.4,65.59,65.79,63.17,55600
30/10/2023,65.84,66.93,65.22,66.82,64.16,105100
31/10/2023,66.9,67.43,65.97,66.26,63.63,56600
01/11/2023,66.27,66.38,65.56,66.23,63.6,69800
02/11/2023,66.38,67.73,66.2,67.46,64.78,88800
03/11/2023,67.2,67.47,66.3,66.49,63.85,74900
06/11/2023,66.19,66.67,65.3,65.62,63.01,128400
07/11/2023,65.0,65.44,64.3,65.03,62.44,97000
08/11/2023,64.79,64.99,62.37,63.11,60.6,169800
09/11/2023,63.11,64.65,63.11,63.6,61.07,106400
10/11/2023,63.46,63.75,62.63,63.4,60.88,108700
13/11/2023,63.14,63.56,62.61,63.34,60.82,141100
14/11/2023,66.0,67.75,64.96,67.44,64.76,278900
15/11/2023,67.31,69.42,67.19,68.76,66.03,198900
16/11/2023,68.69,68.93,67.07,67.19,64.52,88700
17/11/2023,68.71,68.95,68.07,68.28,65.56,170700
20/11/2023,68.88,69.23,68.31,68.81,66.07,124300
21/11/2023,68.8,69.39,68.69,69.25,66.5,83600
22/11/2023,69.49,69.84,68.69,69.66,66.89,85900
24/11/2023,69.23,70.01,69.21,69.35,67.37,40900
27/11/2023,68.98,69.75,68.98,69.46,67.47,97100
28/11/2023,69.29,69.88,68.69,69.32,67.34,92500
29/11/2023,69.4,69.74,68.14,68.7,66.73,95800
30/11/2023,68.78,70.56,68.28,70.36,68.35,159100
01/12/2023,70.4,71.48,69.95,71.48,69.43,130700
04/12/2023,71.15,71.9,70.85,71.44,69.4,97500
05/12/2023,71.41,71.59,69.51,69.59,67.6,80900
06/12/2023,69.63,70.16,68.33,68.94,66.97,108100
07/12/2023,69.19,69.39,67.86,67.9,65.96,136100
08/12/2023,68.08,69.45,67.88,68.14,66.19,65300
11/12/2023,67.9,68.35,67.1,67.14,65.22,101600
12/12/2023,67.22,67.7,66.81,67.13,65.21,74700
13/12/2023,67.23,68.07,66.45,67.72,65.78,90100
14/12/2023,67.82,69.18,67.79,68.34,66.38,160200
15/12/2023,68.6,71.37,68.6,70.89,68.86,251200
18/12/2023,72.0,72.76,70.51,70.62,68.6,201800
19/12/2023,70.36,71.99,69.72,71.8,69.75,114800
20/12/2023,71.59,73.1,71.57,71.7,69.65,93000
21/12/2023,72.17,73.3,71.7,73.25,71.15,96100
22/12/2023,73.53,74.78,73.53,73.85,71.74,120200
26/12/2023,73.75,74.16,72.4,73.59,71.48,70100
27/12/2023,73.92,74.31,73.12,73.77,71.66,67500
28/12/2023,73.87,74.37,73.33,73.52,71.42,97800
29/12/2023,73.81,74.14,72.84,74.06,71.94,153300
02/01/2024,74.13,75.75,74.0,74.51,72.38,118500
03/01/2024,74.4,76.67,74.03,76.32,74.14,138700
04/01/2024,77.06,78.01,76.77,77.61,75.39,190800
05/01/2024,77.78,80.39,77.42,79.37,77.1,238800
08/01/2024,78.47,78.58,76.29,77.95,75.72,231300
09/01/2024,77.52,77.82,74.51,76.55,74.36,209200
10/01/2024,76.83,77.45,76.0,76.5,74.31,105400
11/01/2024,76.32,76.52,75.15,76.14,73.96,94400
12/01/2024,77.89,77.91,75.69,75.99,73.82,113000
16/01/2024,76.71,77.05,75.91,76.55,74.36,71600
17/01/2024,75.96,77.15,75.78,76.78,74.58,88100
18/01/2024,76.15,76.75,75.0,76.63,74.44,130900
19/01/2024,76.61,76.69,75.56,75.58,73.42,123000
22/01/2024,75.45,76.17,75.17,75.37,73.21,148800
23/01/2024,75.31,76.26,75.18,75.78,73.61,69600
24/01/2024,76.59,78.0,75.65,77.03,74.83,111400
25/01/2024,77.25,77.35,75.72,76.97,74.77,78900
26/01/2024,76.86,77.21,75.93,77.13,74.92,75900
29/01/2024,77.3,77.64,76.15,76.39,74.2,61400
30/01/2024,76.2,77.93,76.19,77.71,75.49,96200
31/01/2024,78.0,78.25,76.28,76.28,74.1,95400
01/02/2024,76.77,77.44,73.27,75.65,73.49,175800
02/02/2024,75.97,75.97,74.27,74.3,72.17,96700
05/02/2024,74.05,74.84,73.49,74.37,72.24,63400
06/02/2024,74.54,75.46,73.83,73.93,71.81,160800
07/02/2024,73.65,75.33,73.65,75.2,73.05,84500
08/02/2024,74.38,74.38,72.77,74.01,71.89,150800
09/02/2024,74.31,74.45,73.83,74.34,72.21,57200
12/02/2024,74.97,76.5,74.97,76.06,73.88,98700
13/02/2024,75.99,76.44,74.97,75.45,73.29,110400
14/02/2024,72.65,74.95,72.02,72.57,70.49,189800
15/02/2024,72.36,72.85,71.66,72.04,69.98,128700
16/02/2024,72.04,72.5,71.29,71.67,69.62,106800
20/02/2024,71.64,71.64,70.1,70.86,68.83,120800
21/02/2024,71.18,72.49,70.49,72.28,70.21,104900
22/02/2024,72.3,72.85,71.75,72.31,70.24,96000
23/02/2024,72.51,73.53,72.02,73.4,71.3,80000
26/02/2024,73.46,73.46,72.25,72.75,70.67,72500
27/02/2024,71.95,73.44,71.95,72.78,71.48,78000
28/02/2024,72.66,73.57,72.11,72.22,70.93,56700
29/02/2024,72.12,72.94,71.65,71.95,70.67,97600
01/03/2024,72.17,72.8,72.14,72.46,71.17,131400
04/03/2024,72.46,72.46,69.62,69.75,68.51,156200
05/03/2024,69.74,71.18,69.53,69.62,68.38,97700
06/03/2024,69.6,71.75,69.6,71.43,70.16,102300
07/03/2024,71.15,71.98,71.09,71.45,70.18,80300
08/03/2024,71.16,71.93,70.4,70.6,69.34,118900
11/03/2024,70.57,70.64,70.03,70.42,69.17,76900
12/03/2024,70.72,71.77,70.54,71.74,70.46,83600
13/03/2024,71.57,71.68,70.7,70.81,69.55,74000
14/03/2024,70.35,70.74,69.8,70.04,68.79,77500
15/03/2024,70.04,70.8,69.68,70.13,68.88,96900
18/03/2024,70.08,70.53,69.46,70.15,68.9,82000
19/03/2024,70.0,70.25,69.63,70.1,68.85,74400
20/03/2024,69.84,71.64,69.33,71.3,70.03,149000
21/03/2024,71.43,72.2,71.18,71.81,70.53,95100
22/03/2024,71.74,72.07,71.34,71.55,70.28,62100
25/03/2024,71.55,72.26,71.55,72.02,70.74,73600
26/03/2024,71.83,72.59,71.57,71.97,70.69,92300
27/03/2024,72.27,72.79,72.04,72.53,71.24,54500
28/03/2024,72.9,73.1,72.0,72.2,70.91,75200
01/04/2024,72.2,72.98,72.15,72.45,71.16,54500
02/04/2024,72.7,72.7,71.92,72.04,70.76,73200
03/04/2024,72.49,75.42,72.1,74.65,73.32,212700
04/04/2024,74.78,75.02,73.79,73.89,72.57,68300
05/04/2024,74.0,74.07,73.4,73.9,72.58,62800
08/04/2024,73.67,74.15,73.35,73.67,72.36,86100
09/04/2024,73.77,73.77,72.57,73.3,71.99,100900
10/04/2024,73.26,73.96,72.75,73.14,71.84,106000
11/04/2024,73.59,74.93,73.53,73.6,72.29,64300
12/04/2024,73.64,73.64,72.15,72.26,70.97,65800
15/04/2024,72.58,73.29,72.15,72.38,71.09,78400
16/04/2024,72.38,72.65,71.32,72.32,71.03,85100
17/04/2024,72.47,72.8,71.92,72.07,70.79,74200
18/04/2024,72.54,72.92,71.79,71.96,70.68,78200
19/04/2024,71.96,72.97,71.85,72.96,71.66,84200
22/04/2024,72.95,74.0,72.72,73.89,72.57,81500
23/04/2024,73.9,74.91,73.89,74.33,73.01,90000
24/04/2024,74.6,74.86,73.63,73.91,72.59,82000
25/04/2024,73.58,74.4,73.06,73.98,72.66,39200
26/04/2024,74.36,75.8,74.36,75.21,73.87,69100
29/04/2024,75.97,77.25,75.25,77.09,75.72,112600
30/04/2024,76.6,76.84,75.68,76.51,75.15,91600
01/05/2024,76.35,76.75,75.9,76.38,75.02,54200
02/05/2024,76.88,77.29,76.5,76.55,75.19,53400
03/05/2024,77.54,78.8,77.37,78.54,77.14,124100
06/05/2024,78.5,80.17,78.3,78.96,77.55,97800
07/05/2024,79.55,80.19,79.37,80.11,78.68,78200
08/05/2024,79.96,81.14,79.96,81.11,79.67,94300
09/05/2024,81.47,82.98,81.24,82.9,81.42,121600
10/05/2024,83.0,84.84,82.05,82.82,81.35,190300
13/05/2024,83.0,83.87,82.81,83.25,81.77,81100
14/05/2024,83.5,84.68,82.65,84.58,83.07,120200
15/05/2024,84.52,85.0,83.48,84.38,82.88,86800
16/05/2024,84.47,85.77,83.86,85.31,83.79,105800
17/05/2024,85.61,86.35,84.84,85.15,83.63,118800
20/05/2024,85.0,86.28,84.88,85.86,84.33,144500
21/05/2024,85.44,86.24,85.19,86.22,84.68,130200
22/05/2024,86.01,86.48,85.0,86.28,84.74,96700
23/05/2024,86.6,88.45,86.55,88.2,86.63,159100
24/05/2024,88.5,90.95,88.5,90.59,88.98,156900
28/05/2024,87.71,89.79,87.0,87.95,86.38,256800
29/05/2024,88.0,91.59,88.0,91.48,89.85,147200
30/05/2024,91.55,94.73,91.38,94.09,92.41,156800
31/05/2024,95.0,96.92,94.63,96.77,95.05,150000
03/06/2024,97.37,98.25,96.0,97.07,95.34,166200
04/06/2024,97.0,97.43,93.24,93.6,91.93,218900
05/06/2024,94.17,97.34,93.87,97.02,95.29,137900
06/06/2024,96.99,97.46,94.77,95.42,93.72,172900
07/06/2024,95.15,95.49,93.82,94.3,92.62,114800
10/06/2024,94.42,95.47,93.77,95.34,93.64,134400
11/06/2024,92.0,92.5,90.41,91.96,91.09,171800
12/06/2024,92.32,92.39,91.52,91.9,91.03,73700
13/06/2024,91.88,92.4,90.51,92.36,91.48,89800
14/06/2024,91.45,91.52,89.69,90.26,89.4,131400
17/06/2024,90.18,90.99,89.08,90.14,89.28,111500
18/06/2024,90.31,90.8,89.84,89.95,89.1,60200
20/06/2024,90.0,92.7,90.0,91.76,90.89,77900
21/06/2024,91.65,93.0,91.46,92.05,91.18,130800
24/06/2024,92.5,93.65,92.49,93.28,92.39,56100
25/06/2024,93.18,94.23,93.01,94.02,93.13,58100
26/06/2024,94.0,94.63,93.19,93.57,92.68,152300
27/06/2024,94.0,94.27,91.71,92.54,91.66,66100
28/06/2024,93.11,93.33,92.33,92.36,91.48,126500
01/07/2024,93.87,93.87,91.17,92.02,91.15,136600
02/07/2024,91.18,92.09,90.58,91.4,90.53,147800
03/07/2024,91.72,92.85,91.72,92.49,91.61,39500
05/07/2024,92.1,92.28,89.04,89.68,88.83,92600
08/07/2024,89.5,89.5,87.5,87.63,86.8,227200
09/07/2024,87.47,87.99,86.53,86.85,86.03,189400
10/07/2024,87.0,89.94,86.85,89.22,88.37,89400
11/07/2024,89.57,90.44,88.98,89.3,88.45,69800
12/07/2024,89.57,89.57,87.17,87.25,86.42,87400
15/07/2024,87.39,88.7,87.39,87.6,86.77,73300
16/07/2024,87.89,88.5,87.26,88.11,87.27,51900
17/07/2024,87.74,88.45,86.77,87.2,86.37,79500
18/07/2024,87.44,87.61,85.17,86.08,85.26,90200
19/07/2024,86.66,86.66,84.58,84.97,84.16,88700
22/07/2024,84.55,86.69,84.49,86.27,85.45,59000
23/07/2024,86.4,87.29,86.0,86.35,85.53,31700
24/07/2024,86.24,86.24,84.68,84.68,83.88,63800
25/07/2024,84.68,84.74,83.43,84.1,83.3,112900
26/07/2024,83.17,84.19,82.4,83.84,83.04,108300
29/07/2024,84.48,86.53,84.28,84.97,84.16,89400
30/07/2024,85.03,85.7,84.38,84.55,83.75,51000
31/07/2024,85.64,86.49,85.26,86.49,85.67,66800
01/08/2024,85.87,86.27,82.81,83.81,83.01,108400
02/08/2024,83.23,83.37,80.84,82.13,81.35,118800
05/08/2024,79.52,83.06,77.56,81.36,80.59,193700
06/08/2024,80.7,82.29,79.66,80.75,79.98,172900
07/08/2024,81.04,81.22,80.0,80.7,79.93,69500
08/08/2024,81.0,81.44,79.64,81.16,80.39,106200
09/08/2024,81.07,81.49,80.36,80.51,79.75,102800
12/08/2024,80.83,82.45,80.51,82.23,81.45,78500
13/08/2024,82.62,82.99,81.65,82.25,81.47,115300
14/08/2024,82.68,83.02,81.37,81.73,80.95,111100
15/08/2024,82.76,82.98,81.67,82.01,81.23,100100
16/08/2024,82.05,82.74,81.6,82.58,81.8,101500
19/08/2024,82.73,85.83,82.73,84.23,83.43,161400
20/08/2024,83.25,84.19,82.51,83.11,83.11,152700
21/08/2024,83.51,83.77,82.08,82.36,82.36,80800
22/08/2024,82.13,82.35,81.58,81.63,81.63,130500
23/08/2024,81.86,82.8,81.21,82.51,82.51,106100
26/08/2024,82.96,83.75,82.55,82.58,82.58,68500
27/08/2024,82.31,83.21,81.77,82.8,82.8,71600
28/08/2024,82.35,82.35,81.2,81.99,81.99,70900
29/08/2024,82.0,82.24,81.22,81.54,81.54,51000
30/08/2024,82.1,82.44,81.38,82.04,82.04,49900
03/09/2024,81.71,82.0,78.64,79.47,79.47,127200
04/09/2024,79.47,80.32,78.99,79.16,79.16,127100
05/09/2024,79.52,79.84,78.22,78.99,78.99,106700
06/09/2024,78.36,78.99,76.57,77.07,77.07,165100
09/09/2024,77.1,78.0,76.83,77.01,77.01,81800
10/09/2024,77.07,77.07,74.77,75.79,75.79,103200
11/09/2024,76.0,79.01,76.0,78.39,78.39,105200
12/09/2024,78.84,79.53,78.17,78.67,78.67,59400
13/09/2024,79.29,79.44,78.38,78.84,78.84,53600
16/09/2024,78.81,80.1,78.8,80.08,80.08,125100
17/09/2024,80.25,80.31,79.66,79.9,79.9,64000
