Date,Open,High,Low,Close,Adj Close,Volume
15/10/1993,1.08,1.33,1.08,1.22,1.22,54590400
18/10/1993,1.22,1.28,1.21,1.26,1.26,5711400
19/10/1993,1.24,1.28,1.19,1.19,1.19,6852600
20/10/1993,1.19,1.24,1.17,1.18,1.18,3661200
21/10/1993,1.17,1.31,1.17,1.29,1.29,5981400
22/10/1993,1.29,1.36,1.28,1.31,1.31,4473000
25/10/1993,1.31,1.38,1.31,1.35,1.35,1670400
26/10/1993,1.33,1.38,1.33,1.33,1.33,1438200
27/10/1993,1.36,1.36,1.31,1.31,1.31,1344600
28/10/1993,1.35,1.35,1.28,1.32,1.32,1521000
29/10/1993,1.29,1.33,1.29,1.29,1.29,333000
01/11/1993,1.33,1.33,1.29,1.29,1.29,1337400
02/11/1993,1.33,1.33,1.29,1.3,1.3,867600
03/11/1993,1.28,1.33,1.28,1.33,1.33,3067200
04/11/1993,1.32,1.32,1.26,1.26,1.26,952200
05/11/1993,1.31,1.31,1.26,1.26,1.26,1108800
08/11/1993,1.26,1.31,1.25,1.25,1.25,1791000
09/11/1993,1.28,1.28,1.25,1.26,1.26,952200
10/11/1993,1.25,1.28,1.25,1.25,1.25,1751400
11/11/1993,1.25,1.28,1.25,1.28,1.28,3439800
12/11/1993,1.28,1.28,1.25,1.25,1.25,505800
15/11/1993,1.25,1.28,1.22,1.26,1.26,1011600
16/11/1993,1.28,1.28,1.22,1.23,1.23,581400
17/11/1993,1.22,1.28,1.22,1.22,1.22,811800
18/11/1993,1.26,1.26,1.01,1.11,1.11,3295800
19/11/1993,1.11,1.17,1.11,1.14,1.14,721800
22/11/1993,1.17,1.17,1.06,1.1,1.1,840600
23/11/1993,1.1,1.14,1.07,1.11,1.11,1686600
24/11/1993,1.07,1.11,1.07,1.07,1.07,493200
26/11/1993,1.07,1.11,1.07,1.07,1.07,669600
29/11/1993,1.07,1.08,1.04,1.06,1.06,745200
30/11/1993,1.04,1.08,1.04,1.08,1.08,1346400
01/12/1993,1.1,1.14,1.04,1.14,1.14,946800
02/12/1993,1.17,1.24,1.15,1.24,1.24,1197000
03/12/1993,1.24,1.24,1.18,1.18,1.18,210600
06/12/1993,1.24,1.24,1.17,1.17,1.17,378000
07/12/1993,1.15,1.19,1.1,1.1,1.1,169200
08/12/1993,1.1,1.17,1.1,1.1,1.1,610200
09/12/1993,1.1,1.17,1.1,1.1,1.1,117000
10/12/1993,1.11,1.11,1.1,1.1,1.1,63000
13/12/1993,1.1,1.15,1.04,1.09,1.09,1085400
14/12/1993,1.04,1.07,1.04,1.05,1.05,464400
15/12/1993,1.04,1.07,0.97,0.99,0.99,1024200
16/12/1993,1.03,1.03,0.92,0.93,0.93,1513800
17/12/1993,0.93,1.0,0.93,1.0,1.0,1409400
20/12/1993,1.0,1.0,0.94,0.94,0.94,1346400
21/12/1993,1.0,1.01,0.94,1.01,1.01,565200
22/12/1993,1.01,1.01,0.96,1.01,1.01,208800
23/12/1993,1.01,1.01,0.96,0.96,0.96,918000
27/12/1993,0.96,1.01,0.96,0.96,0.96,111600
28/12/1993,0.96,1.01,0.96,1.01,1.01,439200
29/12/1993,0.96,1.01,0.96,0.99,0.99,590400
30/12/1993,0.96,0.98,0.96,0.96,0.96,133200
31/12/1993,0.96,1.04,0.96,1.0,1.0,576000
03/01/1994,1.04,1.04,0.97,0.97,0.97,547200
04/01/1994,1.06,1.06,1.0,1.03,1.03,41400
05/01/1994,1.06,1.06,1.01,1.01,1.01,66600
06/01/1994,1.06,1.06,1.01,1.06,1.06,923400
07/01/1994,1.03,1.06,1.0,1.06,1.06,649800
10/01/1994,1.06,1.06,1.01,1.04,1.04,817200
11/01/1994,1.06,1.06,1.01,1.06,1.06,612000
12/01/1994,1.06,1.06,1.0,1.0,1.0,109800
13/01/1994,1.03,1.03,0.94,1.0,1.0,1256400
14/01/1994,0.94,1.0,0.94,0.94,0.94,120600
17/01/1994,1.0,1.0,0.89,0.89,0.89,1148400
18/01/1994,0.88,0.93,0.82,0.83,0.83,1404000
19/01/1994,0.97,0.97,0.89,0.94,0.94,748800
20/01/1994,0.94,0.96,0.92,0.96,0.96,750600
21/01/1994,0.96,0.96,0.9,0.9,0.9,1126800
24/01/1994,0.9,0.96,0.89,0.89,0.89,529200
25/01/1994,0.96,0.96,0.89,0.94,0.94,709200
26/01/1994,0.96,0.96,0.89,0.96,0.96,144000
27/01/1994,0.89,0.96,0.89,0.96,0.96,37800
28/01/1994,0.94,0.96,0.89,0.89,0.89,734400
31/01/1994,0.96,0.96,0.89,0.93,0.93,207000
01/02/1994,0.94,0.94,0.83,0.92,0.92,1447200
02/02/1994,0.92,0.92,0.88,0.92,0.92,120600
03/02/1994,0.88,0.9,0.81,0.81,0.81,3263400
04/02/1994,0.88,0.88,0.79,0.85,0.85,8065800
07/02/1994,0.85,0.86,0.78,0.82,0.82,887400
08/02/1994,0.86,0.86,0.85,0.86,0.86,201600
09/02/1994,0.86,0.89,0.82,0.89,0.89,3940200
10/02/1994,0.85,0.93,0.85,0.9,0.9,1517400
11/02/1994,0.93,0.96,0.9,0.9,0.9,1611000
14/02/1994,0.96,0.96,0.9,0.96,0.96,783000
15/02/1994,0.96,0.96,0.89,0.94,0.94,3124800
16/02/1994,0.89,0.96,0.89,0.9,0.9,2865600
17/02/1994,0.96,0.96,0.9,0.92,0.92,1096200
18/02/1994,0.93,0.99,0.93,0.99,0.99,475200
22/02/1994,0.99,0.99,0.9,0.96,0.96,846000
23/02/1994,0.96,0.96,0.92,0.96,0.96,127800
24/02/1994,0.97,0.97,0.89,0.9,0.9,1918800
25/02/1994,0.89,0.94,0.89,0.94,0.94,869400
28/02/1994,0.88,0.93,0.86,0.92,0.92,988200
01/03/1994,0.92,0.94,0.9,0.94,0.94,466200
02/03/1994,0.9,0.97,0.9,0.94,0.94,660600
03/03/1994,0.97,1.0,0.93,0.99,0.99,570600
04/03/1994,0.96,1.0,0.96,1.0,1.0,304200
07/03/1994,1.0,1.06,0.96,1.01,1.01,820800
08/03/1994,1.06,1.06,1.01,1.04,1.04,923400
09/03/1994,1.06,1.06,0.99,1.04,1.04,1191600
10/03/1994,1.04,1.08,1.01,1.06,1.06,1432800
11/03/1994,1.08,1.08,1.01,1.03,1.03,622800
14/03/1994,1.03,1.07,1.0,1.06,1.06,982800
15/03/1994,1.06,1.06,1.0,1.06,1.06,216000
16/03/1994,1.06,1.06,1.0,1.03,1.03,120600
17/03/1994,1.06,1.06,1.0,1.06,1.06,365400
18/03/1994,1.06,1.07,1.0,1.03,1.03,491400
21/03/1994,1.06,1.08,1.03,1.08,1.08,181800
22/03/1994,1.03,1.08,1.03,1.04,1.04,1123200
23/03/1994,1.03,1.08,1.03,1.08,1.08,568800
24/03/1994,1.03,1.08,1.03,1.08,1.08,104400
25/03/1994,1.03,1.08,1.03,1.03,1.03,1495800
28/03/1994,1.03,1.07,1.03,1.07,1.07,612000
29/03/1994,1.01,1.07,1.01,1.01,1.01,1764000
30/03/1994,1.03,1.04,0.93,0.97,0.97,640800
31/03/1994,1.0,1.0,0.92,0.92,0.92,210600
04/04/1994,0.97,0.99,0.92,0.94,0.94,649800
05/04/1994,0.99,0.99,0.92,0.99,0.99,75600
06/04/1994,0.99,0.99,0.94,0.94,0.94,32400
07/04/1994,0.99,0.99,0.93,0.93,0.93,163800
08/04/1994,0.99,0.99,0.92,0.92,0.92,100800
11/04/1994,0.92,0.99,0.92,0.93,0.93,918000
12/04/1994,0.96,0.99,0.93,0.97,0.97,122400
13/04/1994,0.97,0.97,0.93,0.97,0.97,1940400
14/04/1994,0.97,1.0,0.92,0.97,0.97,219600
15/04/1994,0.94,1.0,0.93,0.93,0.93,358200
18/04/1994,1.0,1.0,0.93,0.93,0.93,333000
19/04/1994,1.0,1.0,0.92,0.96,0.96,48600
20/04/1994,0.93,0.99,0.93,0.97,0.97,376200
21/04/1994,0.93,1.0,0.93,0.94,0.94,214200
22/04/1994,0.94,0.97,0.94,0.94,0.94,57600
25/04/1994,0.98,0.98,0.94,0.94,0.94,280800
26/04/1994,0.95,0.97,0.86,0.86,0.86,1040400
28/04/1994,0.93,0.93,0.86,0.91,0.91,930600
29/04/1994,0.92,0.92,0.86,0.86,0.86,846000
02/05/1994,0.9,0.9,0.85,0.88,0.88,691200
03/05/1994,0.83,0.88,0.76,0.85,0.85,2703600
04/05/1994,0.85,0.85,0.82,0.85,0.85,2446200
05/05/1994,0.83,0.92,0.83,0.85,0.85,5887800
06/05/1994,0.86,0.92,0.85,0.87,0.87,4300200
09/05/1994,0.85,0.9,0.79,0.85,0.85,637200
10/05/1994,0.85,0.85,0.81,0.85,0.85,1456200
11/05/1994,0.83,0.86,0.82,0.82,0.82,1335600
12/05/1994,0.88,0.88,0.83,0.88,0.88,1161000
13/05/1994,0.88,0.88,0.82,0.82,0.82,277200
16/05/1994,0.86,0.88,0.82,0.82,0.82,145800
17/05/1994,0.88,0.88,0.81,0.83,0.83,876600
18/05/1994,0.86,0.86,0.81,0.82,0.82,1170000
19/05/1994,0.83,0.86,0.81,0.86,0.86,145800
20/05/1994,0.86,0.86,0.81,0.86,0.86,1287000
23/05/1994,0.86,0.86,0.81,0.81,0.81,367200
24/05/1994,0.81,0.86,0.81,0.86,0.86,253800
25/05/1994,0.86,0.86,0.81,0.82,0.82,2642400
26/05/1994,0.86,0.86,0.81,0.86,0.86,88200
27/05/1994,0.86,0.86,0.81,0.83,0.83,403200
31/05/1994,0.86,0.86,0.81,0.83,0.83,1107000
01/06/1994,0.86,0.86,0.82,0.83,0.83,1607400
02/06/1994,0.82,0.86,0.81,0.83,0.83,1087200
03/06/1994,0.81,0.86,0.81,0.83,0.83,41400
06/06/1994,0.83,0.86,0.81,0.84,0.84,2743200
07/06/1994,0.86,0.86,0.82,0.83,0.83,864000
08/06/1994,0.86,0.86,0.82,0.82,0.82,351000
09/06/1994,0.86,0.86,0.81,0.81,0.81,448200
10/06/1994,0.81,0.83,0.74,0.74,0.74,835200
13/06/1994,0.81,0.81,0.72,0.75,0.75,511200
14/06/1994,0.79,0.79,0.72,0.78,0.78,91800
15/06/1994,0.79,0.79,0.72,0.79,0.79,491400
16/06/1994,0.79,0.79,0.72,0.74,0.74,601200
17/06/1994,0.74,0.79,0.74,0.79,0.79,21600
20/06/1994,0.72,0.79,0.65,0.67,0.67,937800
21/06/1994,0.69,0.69,0.64,0.68,0.68,871200
22/06/1994,0.64,0.69,0.64,0.64,0.64,356400
23/06/1994,0.69,0.69,0.64,0.69,0.69,487800
24/06/1994,0.69,0.71,0.64,0.71,0.71,601200
27/06/1994,0.71,0.71,0.64,0.71,0.71,43200
28/06/1994,0.65,0.71,0.65,0.71,0.71,795600
29/06/1994,0.65,0.71,0.65,0.67,0.67,387000
30/06/1994,0.71,0.74,0.67,0.72,0.72,2095200
01/07/1994,0.74,0.74,0.67,0.67,0.67,102600
05/07/1994,0.68,0.75,0.68,0.69,0.69,153000
06/07/1994,0.75,0.75,0.69,0.74,0.74,406800
07/07/1994,0.76,0.76,0.74,0.76,0.76,325800
08/07/1994,0.69,0.76,0.69,0.74,0.74,127800
11/07/1994,0.76,0.76,0.71,0.74,0.74,52200
12/07/1994,0.69,0.76,0.69,0.69,0.69,36000
13/07/1994,0.76,0.76,0.72,0.74,0.74,203400
14/07/1994,0.76,0.79,0.74,0.79,0.79,322200
15/07/1994,0.79,0.79,0.74,0.78,0.78,1360800
18/07/1994,0.78,0.79,0.74,0.74,0.74,581400
19/07/1994,0.74,0.79,0.74,0.76,0.76,68400
20/07/1994,0.78,0.78,0.74,0.75,0.75,403200
21/07/1994,0.74,0.79,0.74,0.79,0.79,853200
22/07/1994,0.79,0.79,0.74,0.79,0.79,70200
25/07/1994,0.76,0.77,0.74,0.74,0.74,64800
26/07/1994,0.79,0.79,0.74,0.74,0.74,21600
27/07/1994,0.79,0.79,0.75,0.76,0.76,216000
28/07/1994,0.74,0.78,0.72,0.78,0.78,444600
29/07/1994,0.78,0.79,0.74,0.79,0.79,446400
01/08/1994,0.79,0.79,0.76,0.79,0.79,133200
02/08/1994,0.76,0.76,0.74,0.76,0.76,435600
03/08/1994,0.76,0.76,0.74,0.75,0.75,291600
04/08/1994,0.74,0.76,0.72,0.76,0.76,189000
05/08/1994,0.76,0.76,0.72,0.76,0.76,109800
08/08/1994,0.76,0.76,0.71,0.75,0.75,1234800
09/08/1994,0.71,0.76,0.71,0.76,0.76,174600
10/08/1994,0.72,0.76,0.72,0.72,0.72,135000
11/08/1994,0.72,0.76,0.72,0.75,0.75,457200
12/08/1994,0.76,0.76,0.72,0.75,0.75,486000
15/08/1994,0.76,0.76,0.72,0.75,0.75,46800
16/08/1994,0.76,0.76,0.74,0.75,0.75,484200
17/08/1994,0.76,0.78,0.74,0.78,0.78,412200
18/08/1994,0.81,0.86,0.78,0.85,0.85,3029400
19/08/1994,0.86,0.89,0.82,0.87,0.87,1557000
22/08/1994,0.89,0.93,0.88,0.89,0.89,1301400
23/08/1994,0.93,0.96,0.89,0.92,0.92,2232000
24/08/1994,0.93,0.96,0.92,0.96,0.96,3612600
25/08/1994,0.92,0.96,0.92,0.92,0.92,1162800
26/08/1994,0.96,0.96,0.9,0.9,0.9,583200
29/08/1994,0.91,0.94,0.9,0.94,0.94,901800
30/08/1994,0.9,0.94,0.9,0.94,0.94,136800
31/08/1994,0.9,0.94,0.9,0.9,0.9,100800
01/09/1994,0.9,0.94,0.9,0.93,0.93,561600
02/09/1994,0.9,0.96,0.9,0.95,0.95,833400
06/09/1994,0.96,0.96,0.93,0.93,0.93,581400
07/09/1994,0.93,0.96,0.93,0.94,0.94,322200
08/09/1994,0.96,0.96,0.93,0.93,0.93,243000
09/09/1994,0.93,0.96,0.93,0.93,0.93,945000
12/09/1994,0.96,0.96,0.93,0.93,0.93,72000
13/09/1994,0.96,0.96,0.93,0.96,0.96,390600
14/09/1994,0.96,0.96,0.93,0.93,0.93,73800
15/09/1994,0.93,0.96,0.93,0.94,0.94,72000
16/09/1994,0.96,0.96,0.86,0.86,0.86,822600
19/09/1994,0.92,0.92,0.86,0.89,0.89,57600
20/09/1994,0.86,0.9,0.86,0.86,0.86,241200
21/09/1994,0.86,0.9,0.86,0.9,0.9,396000
22/09/1994,0.88,0.93,0.88,0.92,0.92,682200
23/09/1994,0.9,0.94,0.89,0.89,0.89,1467000
26/09/1994,0.89,0.93,0.89,0.9,0.9,311400
27/09/1994,0.9,0.94,0.9,0.94,0.94,811800
28/09/1994,0.9,0.94,0.9,0.91,0.91,343800
29/09/1994,0.91,0.96,0.9,0.94,0.94,772200
30/09/1994,0.96,0.97,0.9,0.9,0.9,1261800
03/10/1994,0.89,0.93,0.86,0.89,0.89,309600
04/10/1994,0.9,0.9,0.88,0.9,0.9,635400
05/10/1994,0.88,0.9,0.85,0.89,0.89,475200
06/10/1994,0.9,0.9,0.88,0.89,0.89,808200
07/10/1994,0.88,0.9,0.88,0.88,0.88,142200
10/10/1994,0.88,0.9,0.88,0.89,0.89,120600
11/10/1994,0.88,0.9,0.88,0.9,0.9,189000
12/10/1994,0.88,0.9,0.88,0.89,0.89,225000
13/10/1994,0.88,0.9,0.88,0.9,0.9,37800
14/10/1994,0.88,0.9,0.88,0.88,0.88,210600
17/10/1994,0.89,0.91,0.86,0.91,0.91,835200
18/10/1994,0.92,0.92,0.89,0.9,0.9,230400
19/10/1994,0.92,0.93,0.89,0.93,0.93,298800
20/10/1994,0.93,0.93,0.89,0.93,0.93,169200
21/10/1994,0.89,0.92,0.88,0.9,0.9,225000
24/10/1994,0.88,0.9,0.88,0.88,0.88,185400
25/10/1994,0.92,0.92,0.88,0.88,0.88,208800
26/10/1994,0.88,0.92,0.75,0.75,0.75,2404800
27/10/1994,0.79,0.85,0.76,0.82,0.82,1141200
28/10/1994,0.79,0.83,0.79,0.83,0.83,216000
31/10/1994,0.79,0.85,0.79,0.85,0.85,176400
01/11/1994,0.83,0.85,0.82,0.85,0.85,352800
02/11/1994,0.83,0.88,0.83,0.86,0.86,601200
03/11/1994,0.83,0.86,0.83,0.83,0.83,144000
04/11/1994,0.88,0.88,0.82,0.82,0.82,111600
07/11/1994,0.86,0.93,0.86,0.89,0.89,1929600
08/11/1994,0.93,0.93,0.88,0.88,0.88,1845000
09/11/1994,0.9,0.9,0.88,0.9,0.9,423000
10/11/1994,0.88,0.9,0.82,0.86,0.86,619200
11/11/1994,0.82,0.85,0.82,0.82,0.82,552600
14/11/1994,0.82,0.86,0.82,0.85,0.85,187200
15/11/1994,0.85,0.85,0.82,0.82,0.82,318600
16/11/1994,0.82,0.89,0.82,0.86,0.86,954000
17/11/1994,0.85,0.88,0.83,0.84,0.84,147600
18/11/1994,0.83,0.85,0.82,0.85,0.85,495000
21/11/1994,0.85,0.85,0.82,0.82,0.82,451800
22/11/1994,0.79,0.81,0.76,0.78,0.78,1022400
23/11/1994,0.75,0.78,0.75,0.76,0.76,504000
25/11/1994,0.75,0.78,0.75,0.76,0.76,360000
28/11/1994,0.75,0.81,0.75,0.81,0.81,936000
29/11/1994,0.79,0.83,0.79,0.83,0.83,226800
30/11/1994,0.81,0.83,0.81,0.81,0.81,3859200
01/12/1994,0.85,0.85,0.76,0.82,0.82,383400
02/12/1994,0.79,0.79,0.78,0.78,0.78,205200
05/12/1994,0.76,0.82,0.75,0.75,0.75,300600
06/12/1994,0.75,0.76,0.74,0.74,0.74,289800
07/12/1994,0.72,0.76,0.72,0.76,0.76,82800
08/12/1994,0.76,0.76,0.72,0.75,0.75,367200
09/12/1994,0.72,0.72,0.67,0.68,0.68,837000
12/12/1994,0.65,0.69,0.65,0.68,0.68,1519200
13/12/1994,0.69,0.69,0.66,0.69,0.69,640800
14/12/1994,0.69,0.72,0.68,0.71,0.71,1366200
15/12/1994,0.74,0.75,0.72,0.74,0.74,1296000
16/12/1994,0.62,0.65,0.56,0.62,0.62,11575800
19/12/1994,0.65,0.71,0.62,0.69,0.69,2770200
20/12/1994,0.72,0.72,0.67,0.68,0.68,927000
21/12/1994,0.69,0.69,0.67,0.67,0.67,270000
22/12/1994,0.69,0.69,0.65,0.69,0.69,2732400
23/12/1994,0.69,0.69,0.65,0.65,0.65,1472400
27/12/1994,0.65,0.69,0.65,0.65,0.65,75600
28/12/1994,0.65,0.68,0.64,0.67,0.67,1458000
29/12/1994,0.64,0.67,0.64,0.65,0.65,594000
30/12/1994,0.64,0.72,0.64,0.69,0.69,1281600
03/01/1995,0.7,0.79,0.7,0.78,0.78,1706400
04/01/1995,0.76,0.78,0.74,0.76,0.76,455400
05/01/1995,0.74,0.76,0.74,0.76,0.76,68400
06/01/1995,0.75,0.78,0.74,0.75,0.75,160200
09/01/1995,0.78,0.78,0.74,0.76,0.76,181800
10/01/1995,0.76,0.76,0.74,0.76,0.76,221400
11/01/1995,0.76,0.76,0.74,0.74,0.74,135000
12/01/1995,0.74,0.76,0.72,0.72,0.72,176400
13/01/1995,0.72,0.75,0.72,0.74,0.74,253800
16/01/1995,0.75,0.75,0.72,0.73,0.73,70200
17/01/1995,0.72,0.75,0.72,0.74,0.74,84600
18/01/1995,0.72,0.75,0.72,0.72,0.72,172800
19/01/1995,0.72,0.75,0.72,0.74,0.74,102600
20/01/1995,0.75,0.75,0.71,0.72,0.72,207000
23/01/1995,0.72,0.74,0.69,0.69,0.69,288000
24/01/1995,0.74,0.74,0.69,0.72,0.72,529200
25/01/1995,0.74,0.74,0.69,0.74,0.74,37800
26/01/1995,0.74,0.74,0.71,0.72,0.72,64800
27/01/1995,0.74,0.74,0.71,0.73,0.73,1897200
30/01/1995,0.72,0.75,0.72,0.74,0.74,82800
31/01/1995,0.72,0.75,0.72,0.72,0.72,820800
01/02/1995,0.72,0.75,0.72,0.75,0.75,295200
02/02/1995,0.75,0.75,0.72,0.75,0.75,675000
03/02/1995,0.75,0.75,0.72,0.72,0.72,72000
06/02/1995,0.72,0.75,0.72,0.72,0.72,259200
07/02/1995,0.75,0.75,0.72,0.72,0.72,415800
08/02/1995,0.75,0.75,0.71,0.74,0.74,147600
09/02/1995,0.72,0.74,0.69,0.7,0.7,268200
10/02/1995,0.72,0.72,0.68,0.71,0.71,464400
13/02/1995,0.68,0.71,0.67,0.67,0.67,1920600
14/02/1995,0.67,0.68,0.64,0.68,0.68,669600
15/02/1995,0.68,0.68,0.64,0.65,0.65,525600
16/02/1995,0.67,0.68,0.6,0.68,0.68,2332800
17/02/1995,0.68,0.68,0.66,0.67,0.67,46800
21/02/1995,0.69,0.75,0.68,0.74,0.74,2980800
22/02/1995,0.74,0.74,0.71,0.74,0.74,3546000
23/02/1995,0.75,0.77,0.72,0.77,0.77,1009800
24/02/1995,0.76,0.78,0.75,0.78,0.78,1312200
27/02/1995,0.75,0.78,0.75,0.78,0.78,1087200
28/02/1995,0.75,0.78,0.75,0.75,0.75,527400
01/03/1995,0.75,0.76,0.72,0.73,0.73,585000
02/03/1995,0.74,0.74,0.68,0.71,0.71,673200
03/03/1995,0.71,0.71,0.68,0.71,0.71,109800
06/03/1995,0.71,0.74,0.69,0.71,0.71,887400
07/03/1995,0.75,0.75,0.71,0.74,0.74,500400
08/03/1995,0.72,0.75,0.71,0.71,0.71,286200
09/03/1995,0.72,0.72,0.71,0.72,0.72,289800
10/03/1995,0.72,0.74,0.71,0.72,0.72,660600
13/03/1995,0.71,0.74,0.71,0.74,0.74,176400
14/03/1995,0.74,0.74,0.72,0.74,0.74,369000
15/03/1995,0.74,0.74,0.71,0.73,0.73,234000
16/03/1995,0.73,0.74,0.72,0.74,0.74,500400
17/03/1995,0.72,0.74,0.72,0.73,0.73,471600
20/03/1995,0.72,0.74,0.72,0.74,0.74,1735200
21/03/1995,0.74,0.75,0.72,0.72,0.72,1431000
22/03/1995,0.74,0.77,0.74,0.76,0.76,1836000
23/03/1995,0.76,0.76,0.74,0.75,0.75,3157200
24/03/1995,0.76,0.79,0.75,0.78,0.78,2214000
27/03/1995,0.79,0.79,0.75,0.79,0.79,1452600
28/03/1995,0.81,0.85,0.79,0.81,0.81,1434600
29/03/1995,0.81,0.86,0.81,0.83,0.83,1020600
30/03/1995,0.86,0.86,0.82,0.84,0.84,1085400
31/03/1995,0.85,0.86,0.82,0.83,0.83,5603400
03/04/1995,0.86,0.86,0.82,0.82,0.82,232200
04/04/1995,0.82,0.85,0.82,0.83,0.83,649800
05/04/1995,0.83,0.85,0.78,0.78,0.78,1069200
06/04/1995,0.81,0.81,0.75,0.78,0.78,1144800
07/04/1995,0.78,0.78,0.75,0.76,0.76,219600
10/04/1995,0.76,0.76,0.75,0.75,0.75,990000
11/04/1995,0.76,0.81,0.76,0.81,0.81,520200
12/04/1995,0.81,0.88,0.81,0.86,0.86,1573200
13/04/1995,0.85,0.9,0.85,0.88,0.88,2302200
17/04/1995,0.89,0.89,0.86,0.86,0.86,867600
18/04/1995,0.89,0.89,0.86,0.88,0.88,743400
19/04/1995,0.86,0.9,0.85,0.9,0.9,1006200
20/04/1995,0.9,0.9,0.86,0.89,0.89,3061800
21/04/1995,0.9,0.9,0.86,0.86,0.86,313200
24/04/1995,0.86,0.9,0.86,0.86,0.86,259200
25/04/1995,0.89,0.9,0.86,0.9,0.9,318600
26/04/1995,0.9,0.9,0.86,0.88,0.88,329400
27/04/1995,0.88,0.9,0.86,0.88,0.88,1085400
28/04/1995,0.89,0.94,0.89,0.94,0.94,8508600
01/05/1995,0.94,1.0,0.88,0.9,0.9,6100200
02/05/1995,0.89,0.89,0.85,0.86,0.86,853200
03/05/1995,0.88,0.88,0.85,0.86,0.86,1378800
04/05/1995,0.88,0.88,0.83,0.85,0.85,4289400
05/05/1995,0.83,0.88,0.83,0.86,0.86,3765600
08/05/1995,0.86,0.86,0.78,0.78,0.78,3105000
09/05/1995,0.79,0.79,0.76,0.76,0.76,1242000
10/05/1995,0.79,0.81,0.76,0.77,0.77,2271600
11/05/1995,0.76,0.81,0.76,0.79,0.79,783000
12/05/1995,0.79,0.79,0.76,0.78,0.78,1720800
15/05/1995,0.79,0.79,0.72,0.72,0.72,2714400
16/05/1995,0.71,0.75,0.71,0.73,0.73,1771200
17/05/1995,0.75,0.75,0.71,0.72,0.72,2314800
18/05/1995,0.74,0.74,0.69,0.69,0.69,2768400
19/05/1995,0.69,0.71,0.67,0.68,0.68,4692600
22/05/1995,0.64,0.64,0.6,0.6,0.6,5740200
23/05/1995,0.62,0.67,0.6,0.64,0.64,5236200
24/05/1995,0.64,0.67,0.62,0.64,0.64,3754800
25/05/1995,0.65,0.65,0.64,0.65,0.65,1067400
26/05/1995,0.64,0.67,0.64,0.65,0.65,2309400
30/05/1995,0.67,0.67,0.65,0.65,0.65,687600
31/05/1995,0.67,0.67,0.6,0.62,0.62,1555200
01/06/1995,0.64,0.64,0.57,0.58,0.58,4050000
02/06/1995,0.54,0.56,0.5,0.54,0.54,7736400
05/06/1995,0.54,0.54,0.5,0.53,0.53,5931000
06/06/1995,0.53,0.56,0.51,0.56,0.56,5110200
07/06/1995,0.56,0.62,0.53,0.62,0.62,1726200
08/06/1995,0.64,0.64,0.58,0.61,0.61,2246400
09/06/1995,0.61,0.61,0.58,0.61,0.61,498600
12/06/1995,0.61,0.61,0.58,0.6,0.6,628200
13/06/1995,0.61,0.61,0.59,0.59,0.59,1492200
14/06/1995,0.59,0.61,0.59,0.59,0.59,279000
15/06/1995,0.6,0.6,0.59,0.59,0.59,518400
16/06/1995,0.6,0.6,0.59,0.59,0.59,588600
19/06/1995,0.59,0.6,0.56,0.56,0.56,2449800
20/06/1995,0.56,0.58,0.53,0.56,0.56,1098000
21/06/1995,0.57,0.57,0.53,0.56,0.56,2082600
22/06/1995,0.56,0.57,0.54,0.57,0.57,1501200
23/06/1995,0.57,0.63,0.56,0.61,0.61,3335400
26/06/1995,0.62,0.62,0.6,0.62,0.62,756000
27/06/1995,0.6,0.64,0.6,0.62,0.62,939600
28/06/1995,0.64,0.64,0.56,0.56,0.56,1618200
29/06/1995,0.58,0.58,0.56,0.58,0.58,799200
30/06/1995,0.58,0.58,0.56,0.56,0.56,797400
03/07/1995,0.54,0.58,0.54,0.55,0.55,21600
05/07/1995,0.58,0.58,0.55,0.55,0.55,401400
06/07/1995,0.58,0.58,0.51,0.54,0.54,1206000
07/07/1995,0.56,0.56,0.51,0.54,0.54,4714200
10/07/1995,0.51,0.54,0.47,0.49,0.49,4615200
11/07/1995,0.5,0.5,0.47,0.5,0.5,1369800
12/07/1995,0.5,0.5,0.47,0.49,0.49,2111400
13/07/1995,0.49,0.49,0.46,0.48,0.48,3092400
14/07/1995,0.48,0.48,0.42,0.44,0.44,2620800
17/07/1995,0.47,0.49,0.45,0.49,0.49,1594800
18/07/1995,0.51,0.51,0.47,0.51,0.51,442800
19/07/1995,0.44,0.49,0.43,0.44,0.44,3340800
20/07/1995,0.44,0.47,0.44,0.47,0.47,1713600
21/07/1995,0.47,0.47,0.46,0.47,0.47,694800
24/07/1995,0.47,0.47,0.44,0.45,0.45,639000
25/07/1995,0.47,0.47,0.44,0.45,0.45,3211200
26/07/1995,0.44,0.46,0.43,0.46,0.46,1186200
27/07/1995,0.45,0.46,0.44,0.46,0.46,475200
28/07/1995,0.44,0.46,0.44,0.45,0.45,712800
31/07/1995,0.44,0.46,0.44,0.45,0.45,450000
01/08/1995,0.46,0.46,0.44,0.45,0.45,842400
02/08/1995,0.46,0.46,0.44,0.44,0.44,963000
03/08/1995,0.44,0.54,0.44,0.53,0.53,2696400
04/08/1995,0.53,0.58,0.5,0.53,0.53,3243600
07/08/1995,0.49,0.51,0.49,0.51,0.51,307800
08/08/1995,0.49,0.51,0.47,0.47,0.47,291600
09/08/1995,0.47,0.5,0.47,0.49,0.49,585000
10/08/1995,0.47,0.5,0.47,0.5,0.5,423000
11/08/1995,0.47,0.5,0.47,0.49,0.49,185400
14/08/1995,0.5,0.5,0.47,0.47,0.47,122400
15/08/1995,0.5,0.5,0.44,0.45,0.45,122400
16/08/1995,0.44,0.49,0.44,0.47,0.47,678600
17/08/1995,0.46,0.49,0.46,0.47,0.47,187200
18/08/1995,0.46,0.49,0.46,0.46,0.46,68400
21/08/1995,0.46,0.49,0.46,0.49,0.49,68400
22/08/1995,0.46,0.49,0.44,0.47,0.47,541800
23/08/1995,0.47,0.47,0.43,0.46,0.46,374400
24/08/1995,0.43,0.47,0.43,0.43,0.43,201600
25/08/1995,0.43,0.46,0.43,0.46,0.46,169200
28/08/1995,0.43,0.46,0.43,0.45,0.45,253800
29/08/1995,0.46,0.46,0.43,0.44,0.44,183600
30/08/1995,0.46,0.47,0.44,0.45,0.45,514800
31/08/1995,0.47,0.47,0.45,0.45,0.45,160200
01/09/1995,0.47,0.47,0.45,0.46,0.46,1276200
05/09/1995,0.45,0.47,0.45,0.45,0.45,117000
06/09/1995,0.45,0.47,0.45,0.47,0.47,433800
07/09/1995,0.45,0.47,0.45,0.46,0.46,162000
08/09/1995,0.45,0.47,0.45,0.45,0.45,302400
11/09/1995,0.47,0.47,0.45,0.46,0.46,374400
12/09/1995,0.47,0.47,0.45,0.45,0.45,909000
13/09/1995,0.45,0.47,0.45,0.45,0.45,613800
14/09/1995,0.46,0.51,0.45,0.49,0.49,2055600
15/09/1995,0.48,0.51,0.47,0.49,0.49,489600
18/09/1995,0.47,0.49,0.47,0.49,0.49,315000
19/09/1995,0.47,0.49,0.47,0.49,0.49,181800
20/09/1995,0.46,0.47,0.46,0.47,0.47,86400
21/09/1995,0.46,0.49,0.46,0.47,0.47,597600
22/09/1995,0.46,0.49,0.46,0.46,0.46,207000
25/09/1995,0.49,0.49,0.45,0.47,0.47,302400
26/09/1995,0.46,0.48,0.45,0.47,0.47,437400
27/09/1995,0.45,0.45,0.44,0.45,0.45,496800
28/09/1995,0.44,0.48,0.44,0.45,0.45,243000
29/09/1995,0.45,0.47,0.45,0.45,0.45,97200
02/10/1995,0.45,0.47,0.44,0.44,0.44,970200
03/10/1995,0.44,0.45,0.42,0.42,0.42,180000
04/10/1995,0.42,0.44,0.39,0.39,0.39,1229400
05/10/1995,0.39,0.43,0.39,0.42,0.42,295200
06/10/1995,0.4,0.43,0.38,0.39,0.39,383400
09/10/1995,0.39,0.4,0.36,0.39,0.39,1146600
10/10/1995,0.38,0.41,0.38,0.41,0.41,106200
11/10/1995,0.38,0.39,0.38,0.38,0.38,39600
12/10/1995,0.38,0.42,0.38,0.38,0.38,171000
13/10/1995,0.38,0.42,0.38,0.39,0.39,82800
16/10/1995,0.38,0.39,0.37,0.37,0.37,1058400
17/10/1995,0.37,0.39,0.37,0.37,0.37,171000
18/10/1995,0.39,0.39,0.37,0.37,0.37,266400
19/10/1995,0.37,0.4,0.37,0.37,0.37,279000
20/10/1995,0.37,0.39,0.36,0.39,0.39,541800
23/10/1995,0.36,0.39,0.36,0.38,0.38,1693800
24/10/1995,0.39,0.39,0.36,0.36,0.36,331200
25/10/1995,0.36,0.39,0.36,0.36,0.36,343800
26/10/1995,0.36,0.39,0.32,0.35,0.35,585000
27/10/1995,0.35,0.35,0.31,0.34,0.34,941400
30/10/1995,0.33,0.35,0.33,0.35,0.35,644400
31/10/1995,0.33,0.35,0.33,0.33,0.33,556200
01/11/1995,0.35,0.35,0.33,0.34,0.34,248400
02/11/1995,0.33,0.35,0.33,0.33,0.33,721800
03/11/1995,0.33,0.35,0.33,0.33,0.33,442800
06/11/1995,0.31,0.33,0.31,0.33,0.33,322200
07/11/1995,0.31,0.31,0.31,0.31,0.31,455400
08/11/1995,0.33,0.35,0.31,0.32,0.32,376200
09/11/1995,0.35,0.35,0.31,0.31,0.31,162000
10/11/1995,0.31,0.33,0.31,0.31,0.31,955800
13/11/1995,0.31,0.33,0.28,0.31,0.31,1008000
14/11/1995,0.28,0.31,0.28,0.3,0.3,378000
15/11/1995,0.28,0.31,0.28,0.31,0.31,127800
16/11/1995,0.28,0.32,0.28,0.32,0.32,1036800
17/11/1995,0.31,0.32,0.3,0.32,0.32,667800
20/11/1995,0.32,0.33,0.31,0.31,0.31,277200
21/11/1995,0.31,0.35,0.31,0.33,0.33,712800
22/11/1995,0.33,0.36,0.33,0.33,0.33,327600
24/11/1995,0.33,0.38,0.33,0.35,0.35,149400
27/11/1995,0.38,0.42,0.33,0.38,0.38,1479600
28/11/1995,0.38,0.42,0.38,0.4,0.4,271800
29/11/1995,0.42,0.42,0.39,0.4,0.4,90000
30/11/1995,0.39,0.42,0.38,0.38,0.38,574200
01/12/1995,0.36,0.39,0.36,0.39,0.39,199800
04/12/1995,0.39,0.39,0.37,0.39,0.39,176400
05/12/1995,0.36,0.39,0.36,0.38,0.38,633600
06/12/1995,0.37,0.39,0.37,0.37,0.37,291600
07/12/1995,0.37,0.39,0.36,0.36,0.36,581400
08/12/1995,0.36,0.38,0.36,0.38,0.38,351000
11/12/1995,0.36,0.38,0.36,0.36,0.36,262800
12/12/1995,0.36,0.36,0.33,0.33,0.33,444600
13/12/1995,0.33,0.36,0.32,0.32,0.32,388800
14/12/1995,0.32,0.33,0.31,0.31,0.31,135000
15/12/1995,0.31,0.34,0.29,0.31,0.31,450000
18/12/1995,0.29,0.33,0.26,0.28,0.28,826200
19/12/1995,0.28,0.31,0.26,0.31,0.31,442800
20/12/1995,0.27,0.31,0.27,0.28,0.28,617400
21/12/1995,0.31,0.31,0.28,0.31,0.31,1609200
22/12/1995,0.29,0.32,0.29,0.31,0.31,408600
26/12/1995,0.31,0.33,0.31,0.32,0.32,993600
27/12/1995,0.31,0.33,0.31,0.33,0.33,549000
28/12/1995,0.31,0.33,0.29,0.29,0.29,1348200
29/12/1995,0.28,0.32,0.28,0.32,0.32,1886400
02/01/1996,0.32,0.32,0.29,0.32,0.32,115200
03/01/1996,0.33,0.33,0.3,0.33,0.33,138600
04/01/1996,0.31,0.33,0.31,0.33,0.33,226800
05/01/1996,0.31,0.33,0.31,0.33,0.33,178200
08/01/1996,0.33,0.35,0.33,0.35,0.35,59400
09/01/1996,0.36,0.37,0.34,0.37,0.37,291600
10/01/1996,0.35,0.38,0.35,0.35,0.35,135000
11/01/1996,0.35,0.38,0.35,0.35,0.35,259200
12/01/1996,0.35,0.38,0.35,0.36,0.36,108000
15/01/1996,0.38,0.38,0.33,0.33,0.33,154800
16/01/1996,0.33,0.36,0.33,0.36,0.36,162000
17/01/1996,0.33,0.36,0.33,0.35,0.35,349200
18/01/1996,0.33,0.38,0.33,0.36,0.36,1656000
19/01/1996,0.35,0.37,0.35,0.37,0.37,453600
22/01/1996,0.35,0.37,0.35,0.36,0.36,154800
23/01/1996,0.35,0.37,0.35,0.36,0.36,187200
24/01/1996,0.35,0.35,0.35,0.35,0.35,133200
25/01/1996,0.29,0.32,0.28,0.31,0.31,1063800
26/01/1996,0.32,0.33,0.31,0.33,0.33,486000
29/01/1996,0.33,0.35,0.33,0.35,0.35,291600
30/01/1996,0.33,0.35,0.33,0.33,0.33,104400
31/01/1996,0.33,0.35,0.32,0.35,0.35,37800
01/02/1996,0.32,0.35,0.32,0.35,0.35,559800
02/02/1996,0.32,0.35,0.32,0.35,0.35,217800
05/02/1996,0.32,0.36,0.32,0.32,0.32,66600
06/02/1996,0.32,0.36,0.32,0.32,0.32,23400
07/02/1996,0.32,0.33,0.31,0.33,0.33,1454400
08/02/1996,0.32,0.32,0.32,0.32,0.32,36000
09/02/1996,0.36,0.36,0.32,0.32,0.32,61200
12/02/1996,0.36,0.36,0.32,0.35,0.35,95400
13/02/1996,0.35,0.35,0.32,0.33,0.33,160200
14/02/1996,0.33,0.36,0.33,0.35,0.35,347400
15/02/1996,0.38,0.38,0.38,0.38,0.38,54000
16/02/1996,0.35,0.38,0.35,0.35,0.35,126000
20/02/1996,0.35,0.38,0.35,0.38,0.38,165600
21/02/1996,0.35,0.38,0.34,0.34,0.34,136800
22/02/1996,0.36,0.38,0.35,0.35,0.35,325800
23/02/1996,0.35,0.38,0.34,0.36,0.36,403200
26/02/1996,0.38,0.38,0.34,0.38,0.38,43200
27/02/1996,0.37,0.37,0.31,0.31,0.31,842400
28/02/1996,0.33,0.33,0.31,0.33,0.33,124200
29/02/1996,0.3,0.33,0.3,0.33,0.33,286200
01/03/1996,0.35,0.35,0.31,0.31,0.31,144000
04/03/1996,0.31,0.35,0.31,0.32,0.32,57600
05/03/1996,0.31,0.35,0.31,0.33,0.33,115200
06/03/1996,0.31,0.35,0.31,0.35,0.35,79200
07/03/1996,0.35,0.36,0.33,0.35,0.35,460800
08/03/1996,0.31,0.34,0.31,0.33,0.33,138600
11/03/1996,0.31,0.36,0.31,0.31,0.31,144000
12/03/1996,0.31,0.35,0.31,0.33,0.33,154800
13/03/1996,0.32,0.34,0.32,0.32,0.32,410400
14/03/1996,0.34,0.35,0.32,0.32,0.32,43200
15/03/1996,0.32,0.35,0.32,0.33,0.33,100800
18/03/1996,0.35,0.35,0.33,0.33,0.33,135000
19/03/1996,0.33,0.35,0.33,0.35,0.35,99000
20/03/1996,0.33,0.36,0.33,0.35,0.35,990000
21/03/1996,0.36,0.36,0.34,0.34,0.34,552600
22/03/1996,0.33,0.35,0.33,0.35,0.35,1508400
25/03/1996,0.33,0.35,0.33,0.35,0.35,343800
26/03/1996,0.33,0.35,0.33,0.34,0.34,410400
27/03/1996,0.33,0.38,0.33,0.38,0.38,496800
28/03/1996,0.38,0.38,0.35,0.35,0.35,2070000
29/03/1996,0.39,0.41,0.36,0.41,0.41,1006200
01/04/1996,0.38,0.4,0.38,0.38,0.38,297000
02/04/1996,0.4,0.4,0.36,0.36,0.36,401400
03/04/1996,0.36,0.39,0.36,0.36,0.36,379800
04/04/1996,0.36,0.39,0.36,0.38,0.38,630000
08/04/1996,0.36,0.38,0.35,0.36,0.36,1528200
09/04/1996,0.36,0.38,0.36,0.38,0.38,1578600
10/04/1996,0.36,0.39,0.36,0.37,0.37,1153800
11/04/1996,0.36,0.36,0.35,0.35,0.35,162000
12/04/1996,0.35,0.38,0.35,0.38,0.38,194400
15/04/1996,0.35,0.38,0.35,0.35,0.35,90000
16/04/1996,0.35,0.38,0.35,0.35,0.35,180000
17/04/1996,0.35,0.38,0.35,0.38,0.38,43200
18/04/1996,0.35,0.35,0.35,0.35,0.35,23400
19/04/1996,0.35,0.38,0.35,0.36,0.36,172800
22/04/1996,0.35,0.38,0.35,0.35,0.35,9000
23/04/1996,0.35,0.38,0.35,0.38,0.38,99000
24/04/1996,0.35,0.38,0.35,0.38,0.38,216000
25/04/1996,0.36,0.4,0.35,0.4,0.4,181800
26/04/1996,0.36,0.4,0.36,0.36,0.36,1913400
29/04/1996,0.36,0.4,0.36,0.37,0.37,441000
30/04/1996,0.39,0.39,0.35,0.38,0.38,1162800
01/05/1996,0.35,0.38,0.35,0.36,0.36,988200
02/05/1996,0.38,0.4,0.36,0.36,0.36,1857600
03/05/1996,0.36,0.38,0.36,0.36,0.36,122400
06/05/1996,0.36,0.39,0.36,0.36,0.36,248400
07/05/1996,0.39,0.39,0.36,0.36,0.36,100800
08/05/1996,0.36,0.39,0.36,0.36,0.36,208800
09/05/1996,0.36,0.39,0.36,0.36,0.36,55800
10/05/1996,0.39,0.39,0.36,0.36,0.36,190800
13/05/1996,0.39,0.39,0.36,0.38,0.38,205200
14/05/1996,0.36,0.39,0.36,0.38,0.38,552600
15/05/1996,0.39,0.39,0.36,0.38,0.38,586800
16/05/1996,0.36,0.36,0.36,0.36,0.36,27000
17/05/1996,0.38,0.39,0.36,0.39,0.39,675000
20/05/1996,0.38,0.49,0.36,0.47,0.47,2680200
21/05/1996,0.48,0.49,0.44,0.44,0.44,2696400
22/05/1996,0.47,0.53,0.45,0.51,0.51,5526000
23/05/1996,0.54,0.57,0.51,0.52,0.52,3022200
24/05/1996,0.54,0.54,0.52,0.53,0.53,2494800
28/05/1996,0.56,0.57,0.52,0.52,0.52,1522800
29/05/1996,0.54,0.55,0.52,0.52,0.52,691200
30/05/1996,0.52,0.54,0.52,0.52,0.52,318600
31/05/1996,0.53,0.53,0.47,0.47,0.47,2149200
03/06/1996,0.48,0.5,0.48,0.49,0.49,88200
04/06/1996,0.5,0.51,0.49,0.51,0.51,702000
05/06/1996,0.51,0.51,0.47,0.49,0.49,936000
06/06/1996,0.51,0.51,0.46,0.49,0.49,1035000
07/06/1996,0.46,0.47,0.44,0.44,0.44,354600
10/06/1996,0.43,0.47,0.43,0.44,0.44,136800
11/06/1996,0.47,0.5,0.46,0.49,0.49,604800
12/06/1996,0.49,0.51,0.47,0.49,0.49,358200
13/06/1996,0.49,0.5,0.49,0.49,0.49,342000
14/06/1996,0.49,0.52,0.49,0.49,0.49,142200
17/06/1996,0.49,0.52,0.49,0.5,0.5,144000
18/06/1996,0.51,0.53,0.51,0.51,0.51,345600
19/06/1996,0.51,0.53,0.49,0.51,0.51,457200
20/06/1996,0.51,0.51,0.47,0.47,0.47,507600
21/06/1996,0.47,0.51,0.47,0.47,0.47,30600
24/06/1996,0.47,0.49,0.47,0.47,0.47,167400
25/06/1996,0.51,0.51,0.47,0.49,0.49,55800
26/06/1996,0.47,0.49,0.46,0.46,0.46,108000
27/06/1996,0.49,0.49,0.45,0.45,0.45,552600
28/06/1996,0.47,0.48,0.45,0.48,0.48,216000
01/07/1996,0.47,0.47,0.44,0.44,0.44,246600
02/07/1996,0.47,0.47,0.44,0.44,0.44,124200
03/07/1996,0.44,0.44,0.44,0.44,0.44,25200
05/07/1996,0.43,0.44,0.43,0.44,0.44,21600
08/07/1996,0.44,0.47,0.44,0.44,0.44,149400
09/07/1996,0.46,0.46,0.46,0.46,0.46,1800
10/07/1996,0.44,0.47,0.44,0.45,0.45,273600
11/07/1996,0.44,0.45,0.4,0.4,0.4,599400
12/07/1996,0.4,0.43,0.37,0.37,0.37,520200
15/07/1996,0.39,0.39,0.35,0.36,0.36,450000
16/07/1996,0.35,0.38,0.35,0.36,0.36,248400
17/07/1996,0.38,0.38,0.35,0.36,0.36,248400
18/07/1996,0.39,0.39,0.35,0.35,0.35,30600
19/07/1996,0.38,0.39,0.36,0.36,0.36,34200
22/07/1996,0.36,0.4,0.36,0.37,0.37,196200
23/07/1996,0.4,0.4,0.38,0.39,0.39,183600
24/07/1996,0.36,0.39,0.35,0.38,0.38,237600
25/07/1996,0.38,0.41,0.35,0.4,0.4,477000
26/07/1996,0.39,0.42,0.39,0.39,0.39,493200
29/07/1996,0.41,0.41,0.39,0.39,0.39,205200
30/07/1996,0.39,0.39,0.39,0.39,0.39,45000
31/07/1996,0.39,0.42,0.39,0.41,0.41,34200
01/08/1996,0.39,0.42,0.39,0.4,0.4,181800
02/08/1996,0.39,0.42,0.39,0.42,0.42,511200
05/08/1996,0.41,0.41,0.39,0.39,0.39,428400
06/08/1996,0.39,0.41,0.39,0.39,0.39,385200
07/08/1996,0.39,0.41,0.39,0.4,0.4,568800
08/08/1996,0.39,0.41,0.39,0.4,0.4,1224000
09/08/1996,0.39,0.4,0.39,0.39,0.39,793800
12/08/1996,0.4,0.4,0.38,0.4,0.4,869400
13/08/1996,0.38,0.39,0.36,0.37,0.37,1017000
14/08/1996,0.36,0.38,0.36,0.38,0.38,1796400
15/08/1996,0.38,0.38,0.37,0.37,0.37,406800
16/08/1996,0.37,0.38,0.37,0.38,0.38,82800
19/08/1996,0.37,0.4,0.37,0.4,0.4,2188800
20/08/1996,0.4,0.43,0.4,0.42,0.42,1337400
21/08/1996,0.43,0.43,0.41,0.41,0.41,259200
22/08/1996,0.43,0.44,0.41,0.44,0.44,973800
23/08/1996,0.44,0.46,0.42,0.44,0.44,907200
26/08/1996,0.44,0.45,0.42,0.43,0.43,171000
27/08/1996,0.42,0.45,0.42,0.43,0.43,4311000
28/08/1996,0.44,0.47,0.42,0.47,0.47,1096200
29/08/1996,0.44,0.5,0.44,0.5,0.5,259200
30/08/1996,0.5,0.53,0.47,0.49,0.49,885600
03/09/1996,0.49,0.53,0.49,0.5,0.5,1571400
04/09/1996,0.5,0.53,0.5,0.53,0.53,383400
05/09/1996,0.5,0.51,0.5,0.5,0.5,1013400
06/09/1996,0.5,0.51,0.48,0.5,0.5,635400
09/09/1996,0.5,0.51,0.48,0.48,0.48,756000
10/09/1996,0.48,0.51,0.48,0.5,0.5,261000
11/09/1996,0.51,0.51,0.48,0.48,0.48,25200
12/09/1996,0.48,0.51,0.48,0.5,0.5,90000
13/09/1996,0.48,0.48,0.48,0.48,0.48,68400
16/09/1996,0.48,0.51,0.48,0.49,0.49,189000
17/09/1996,0.49,0.51,0.49,0.49,0.49,343800
18/09/1996,0.49,0.51,0.49,0.49,0.49,151200
19/09/1996,0.49,0.51,0.49,0.51,0.51,547200
20/09/1996,0.49,0.51,0.49,0.49,0.49,352800
23/09/1996,0.49,0.52,0.49,0.49,0.49,554400
24/09/1996,0.49,0.53,0.49,0.52,0.52,1693800
25/09/1996,0.49,0.52,0.49,0.51,0.51,603000
26/09/1996,0.51,0.53,0.5,0.51,0.51,142200
27/09/1996,0.5,0.5,0.5,0.5,0.5,109800
30/09/1996,0.51,0.51,0.5,0.5,0.5,36000
01/10/1996,0.5,0.5,0.5,0.5,0.5,16200
02/10/1996,0.51,0.52,0.5,0.51,0.51,610200
03/10/1996,0.51,0.51,0.47,0.5,0.5,550800
04/10/1996,0.51,0.52,0.5,0.52,0.52,216000
07/10/1996,0.5,0.54,0.5,0.52,0.52,1090800
08/10/1996,0.54,0.56,0.53,0.54,0.54,662400
09/10/1996,0.55,0.55,0.5,0.5,0.5,216000
10/10/1996,0.53,0.53,0.49,0.49,0.49,95400
11/10/1996,0.49,0.51,0.47,0.49,0.49,354600
14/10/1996,0.49,0.49,0.4,0.43,0.43,1827000
15/10/1996,0.44,0.48,0.44,0.48,0.48,898200
16/10/1996,0.44,0.45,0.44,0.45,0.45,12600
17/10/1996,0.45,0.49,0.45,0.48,0.48,405000
18/10/1996,0.48,0.52,0.48,0.51,0.51,567000
21/10/1996,0.5,0.54,0.5,0.51,0.51,585000
22/10/1996,0.54,0.54,0.5,0.5,0.5,250200
23/10/1996,0.5,0.53,0.48,0.52,0.52,604800
24/10/1996,0.5,0.52,0.47,0.47,0.47,403200
25/10/1996,0.47,0.47,0.42,0.44,0.44,541800
28/10/1996,0.46,0.46,0.41,0.41,0.41,95400
29/10/1996,0.41,0.42,0.4,0.41,0.41,603000
30/10/1996,0.43,0.43,0.4,0.42,0.42,406800
31/10/1996,0.42,0.44,0.42,0.44,0.44,246600
01/11/1996,0.4,0.44,0.4,0.41,0.41,50400
04/11/1996,0.44,0.44,0.39,0.39,0.39,765000
05/11/1996,0.42,0.42,0.39,0.39,0.39,99000
06/11/1996,0.42,0.42,0.39,0.39,0.39,99000
07/11/1996,0.42,0.42,0.39,0.39,0.39,615600
08/11/1996,0.41,0.41,0.39,0.4,0.4,387000
11/11/1996,0.4,0.42,0.4,0.42,0.42,401400
12/11/1996,0.4,0.43,0.4,0.43,0.43,1443600
13/11/1996,0.43,0.43,0.4,0.42,0.42,261000
14/11/1996,0.41,0.44,0.41,0.43,0.43,934200
15/11/1996,0.43,0.44,0.43,0.43,0.43,909000
18/11/1996,0.43,0.48,0.43,0.45,0.45,1560600
19/11/1996,0.47,0.5,0.47,0.47,0.47,563400
20/11/1996,0.47,0.49,0.47,0.47,0.47,327600
21/11/1996,0.47,0.5,0.47,0.47,0.47,293400
22/11/1996,0.47,0.5,0.47,0.47,0.47,210600
25/11/1996,0.47,0.48,0.47,0.47,0.47,374400
26/11/1996,0.47,0.49,0.47,0.48,0.48,313200
27/11/1996,0.46,0.48,0.46,0.47,0.47,397800
29/11/1996,0.49,0.49,0.49,0.49,0.49,54000
02/12/1996,0.47,0.5,0.47,0.47,0.47,901800
03/12/1996,0.47,0.49,0.47,0.47,0.47,1069200
04/12/1996,0.47,0.48,0.47,0.47,0.47,718200
05/12/1996,0.46,0.48,0.46,0.46,0.46,2437200
06/12/1996,0.46,0.46,0.44,0.44,0.44,3148200
09/12/1996,0.44,0.45,0.36,0.38,0.38,2584800
10/12/1996,0.39,0.43,0.36,0.4,0.4,1492200
11/12/1996,0.4,0.44,0.4,0.43,0.43,727200
12/12/1996,0.44,0.47,0.43,0.43,0.43,745200
13/12/1996,0.42,0.43,0.39,0.4,0.4,927000
16/12/1996,0.4,0.4,0.38,0.38,0.38,1373400
17/12/1996,0.38,0.4,0.38,0.39,0.39,925200
18/12/1996,0.39,0.4,0.39,0.4,0.4,271800
19/12/1996,0.4,0.41,0.39,0.39,0.39,590400
20/12/1996,0.4,0.4,0.39,0.39,0.39,563400
23/12/1996,0.39,0.41,0.39,0.4,0.4,469800
24/12/1996,0.39,0.43,0.39,0.42,0.42,865800
26/12/1996,0.42,0.44,0.42,0.42,0.42,1310400
27/12/1996,0.44,0.44,0.42,0.42,0.42,95400
30/12/1996,0.42,0.43,0.4,0.41,0.41,657000
31/12/1996,0.39,0.41,0.38,0.38,0.38,2669400
02/01/1997,0.38,0.4,0.38,0.38,0.38,131400
03/01/1997,0.38,0.39,0.38,0.39,0.39,55800
06/01/1997,0.39,0.41,0.39,0.39,0.39,93600
07/01/1997,0.39,0.4,0.39,0.4,0.4,25200
08/01/1997,0.41,0.41,0.39,0.39,0.39,64800
09/01/1997,0.39,0.4,0.39,0.4,0.4,140400
10/01/1997,0.39,0.39,0.39,0.39,0.39,77400
13/01/1997,0.4,0.41,0.4,0.4,0.4,237600
14/01/1997,0.4,0.42,0.4,0.42,0.42,232200
15/01/1997,0.42,0.42,0.4,0.41,0.41,39600
16/01/1997,0.4,0.4,0.4,0.4,0.4,46800
17/01/1997,0.4,0.42,0.38,0.38,0.38,518400
20/01/1997,0.4,0.4,0.38,0.39,0.39,12600
21/01/1997,0.38,0.4,0.38,0.4,0.4,30600
22/01/1997,0.39,0.39,0.38,0.39,0.39,124200
23/01/1997,0.38,0.4,0.38,0.39,0.39,106200
24/01/1997,0.38,0.39,0.37,0.37,0.37,894600
27/01/1997,0.37,0.38,0.37,0.38,0.38,64800
28/01/1997,0.37,0.39,0.37,0.39,0.39,216000
29/01/1997,0.37,0.39,0.37,0.38,0.38,120600
30/01/1997,0.4,0.4,0.38,0.38,0.38,7200
31/01/1997,0.38,0.4,0.38,0.38,0.38,25200
03/02/1997,0.38,0.4,0.38,0.38,0.38,187200
04/02/1997,0.38,0.43,0.38,0.4,0.4,579600
05/02/1997,0.4,0.41,0.4,0.4,0.4,45000
06/02/1997,0.4,0.43,0.4,0.42,0.42,32400
07/02/1997,0.41,0.42,0.41,0.42,0.42,7200
10/02/1997,0.41,0.42,0.4,0.4,0.4,169200
11/02/1997,0.43,0.43,0.41,0.41,0.41,684000
12/02/1997,0.41,0.42,0.41,0.42,0.42,16200
13/02/1997,0.41,0.42,0.41,0.41,0.41,298800
14/02/1997,0.41,0.41,0.41,0.41,0.41,55800
18/02/1997,0.41,0.41,0.4,0.41,0.41,622800
19/02/1997,0.41,0.41,0.41,0.41,0.41,333000
20/02/1997,0.41,0.44,0.4,0.4,0.4,750600
21/02/1997,0.39,0.4,0.38,0.38,0.38,154800
24/02/1997,0.4,0.4,0.38,0.39,0.39,154800
25/02/1997,0.38,0.38,0.38,0.38,0.38,34200
26/02/1997,0.38,0.38,0.36,0.38,0.38,343800
27/02/1997,0.37,0.38,0.37,0.38,0.38,381600
28/02/1997,0.37,0.37,0.37,0.37,0.37,27000
03/03/1997,0.37,0.37,0.37,0.37,0.37,19800
04/03/1997,0.37,0.39,0.37,0.39,0.39,70200
05/03/1997,0.38,0.38,0.37,0.37,0.37,10800
06/03/1997,0.37,0.38,0.37,0.38,0.38,84600
07/03/1997,0.37,0.38,0.36,0.37,0.37,253800
10/03/1997,0.35,0.4,0.35,0.38,0.38,1216800
11/03/1997,0.38,0.39,0.38,0.38,0.38,282600
12/03/1997,0.38,0.39,0.38,0.38,0.38,64800
13/03/1997,0.38,0.38,0.37,0.37,0.37,82800
14/03/1997,0.37,0.39,0.37,0.39,0.39,52200
17/03/1997,0.37,0.38,0.37,0.37,0.37,55800
18/03/1997,0.39,0.39,0.38,0.38,0.38,455400
19/03/1997,0.39,0.39,0.36,0.36,0.36,106200
20/03/1997,0.36,0.38,0.35,0.35,0.35,250200
21/03/1997,0.36,0.38,0.36,0.36,0.36,73800
24/03/1997,0.36,0.36,0.36,0.36,0.36,45000
25/03/1997,0.36,0.36,0.36,0.36,0.36,14400
26/03/1997,0.37,0.38,0.37,0.38,0.38,259200
27/03/1997,0.39,0.39,0.39,0.39,0.39,43200
31/03/1997,0.38,0.38,0.38,0.38,0.38,156600
01/04/1997,0.38,0.39,0.38,0.38,0.38,628200
02/04/1997,0.38,0.38,0.38,0.38,0.38,23400
03/04/1997,0.38,0.4,0.38,0.38,0.38,253800
04/04/1997,0.38,0.38,0.38,0.38,0.38,0
07/04/1997,0.38,0.38,0.38,0.38,0.38,163800
08/04/1997,0.38,0.4,0.38,0.39,0.39,100800
09/04/1997,0.38,0.4,0.38,0.39,0.39,63000
10/04/1997,0.38,0.4,0.38,0.39,0.39,212400
11/04/1997,0.38,0.39,0.37,0.37,0.37,246600
14/04/1997,0.39,0.39,0.36,0.37,0.37,750600
15/04/1997,0.37,0.38,0.36,0.36,0.36,374400
16/04/1997,0.35,0.38,0.35,0.38,0.38,19800
17/04/1997,0.38,0.38,0.35,0.35,0.35,52200
18/04/1997,0.35,0.35,0.35,0.35,0.35,37800
21/04/1997,0.35,0.36,0.35,0.35,0.35,140400
22/04/1997,0.35,0.35,0.35,0.35,0.35,129600
23/04/1997,0.36,0.36,0.33,0.34,0.34,291600
24/04/1997,0.36,0.46,0.36,0.44,0.44,3119400
25/04/1997,0.43,0.44,0.41,0.42,0.42,820800
28/04/1997,0.41,0.43,0.41,0.43,0.43,10800
29/04/1997,0.41,0.44,0.41,0.44,0.44,106200
30/04/1997,0.41,0.42,0.41,0.41,0.41,90000
01/05/1997,0.41,0.41,0.41,0.41,0.41,25200
02/05/1997,0.44,0.44,0.41,0.42,0.42,406800
05/05/1997,0.41,0.41,0.41,0.41,0.41,50400
06/05/1997,0.41,0.44,0.41,0.44,0.44,126000
07/05/1997,0.41,0.43,0.41,0.42,0.42,991800
08/05/1997,0.42,0.42,0.42,0.42,0.42,0
09/05/1997,0.44,0.44,0.41,0.41,0.41,115200
12/05/1997,0.41,0.44,0.41,0.42,0.42,264600
13/05/1997,0.41,0.44,0.41,0.44,0.44,437400
14/05/1997,0.45,0.45,0.42,0.44,0.44,289800
15/05/1997,0.42,0.42,0.42,0.42,0.42,21600
16/05/1997,0.45,0.45,0.42,0.43,0.43,27000
19/05/1997,0.45,0.45,0.42,0.42,0.42,201600
20/05/1997,0.44,0.44,0.42,0.43,0.43,111600
21/05/1997,0.41,0.44,0.41,0.41,0.41,41400
22/05/1997,0.41,0.44,0.41,0.43,0.43,19800
23/05/1997,0.41,0.44,0.41,0.42,0.42,837000
27/05/1997,0.41,0.42,0.41,0.41,0.41,334800
28/05/1997,0.42,0.42,0.42,0.42,0.42,54000
29/05/1997,0.41,0.42,0.41,0.42,0.42,41400
30/05/1997,0.4,0.42,0.4,0.42,0.42,171000
02/06/1997,0.42,0.42,0.4,0.4,0.4,149400
03/06/1997,0.4,0.42,0.4,0.42,0.42,75600
04/06/1997,0.4,0.43,0.4,0.43,0.43,172800
05/06/1997,0.45,0.47,0.42,0.46,0.46,1265400
06/06/1997,0.44,0.47,0.44,0.44,0.44,867600
09/06/1997,0.44,0.47,0.44,0.46,0.46,293400
10/06/1997,0.44,0.47,0.44,0.47,0.47,149400
11/06/1997,0.44,0.47,0.43,0.43,0.43,253800
12/06/1997,0.42,0.43,0.42,0.42,0.42,241200
13/06/1997,0.43,0.43,0.42,0.42,0.42,180000
16/06/1997,0.41,0.42,0.39,0.39,0.39,244800
17/06/1997,0.39,0.42,0.39,0.41,0.41,340200
18/06/1997,0.4,0.42,0.4,0.4,0.4,95400
19/06/1997,0.4,0.4,0.4,0.4,0.4,298800
20/06/1997,0.4,0.4,0.4,0.4,0.4,66600
23/06/1997,0.4,0.4,0.4,0.4,0.4,147600
24/06/1997,0.4,0.41,0.4,0.4,0.4,66600
25/06/1997,0.4,0.4,0.4,0.4,0.4,156600
26/06/1997,0.4,0.42,0.4,0.41,0.41,113400
27/06/1997,0.41,0.42,0.4,0.4,0.4,190800
30/06/1997,0.41,0.41,0.4,0.41,0.41,149400
01/07/1997,0.4,0.41,0.4,0.4,0.4,43200
02/07/1997,0.41,0.42,0.4,0.4,0.4,127800
03/07/1997,0.4,0.41,0.4,0.41,0.41,28800
07/07/1997,0.41,0.42,0.4,0.42,0.42,104400
08/07/1997,0.42,0.43,0.41,0.43,0.43,171000
09/07/1997,0.44,0.44,0.42,0.43,0.43,415800
10/07/1997,0.44,0.44,0.42,0.44,0.44,176400
11/07/1997,0.42,0.44,0.42,0.44,0.44,81000
14/07/1997,0.41,0.41,0.41,0.41,0.41,28800
15/07/1997,0.41,0.44,0.41,0.42,0.42,246600
16/07/1997,0.42,0.42,0.41,0.41,0.41,424800
17/07/1997,0.43,0.47,0.42,0.44,0.44,804600
18/07/1997,0.44,0.46,0.44,0.44,0.44,84600
21/07/1997,0.43,0.44,0.42,0.44,0.44,174600
22/07/1997,0.44,0.46,0.42,0.46,0.46,471600
23/07/1997,0.47,0.47,0.42,0.44,0.44,577800
24/07/1997,0.42,0.44,0.41,0.41,0.41,487800
25/07/1997,0.41,0.42,0.4,0.42,0.42,171000
28/07/1997,0.4,0.42,0.4,0.4,0.4,169200
29/07/1997,0.4,0.42,0.39,0.42,0.42,214200
30/07/1997,0.39,0.42,0.39,0.39,0.39,48600
31/07/1997,0.39,0.4,0.39,0.39,0.39,414000
01/08/1997,0.4,0.4,0.38,0.39,0.39,154800
04/08/1997,0.38,0.41,0.38,0.4,0.4,165600
05/08/1997,0.42,0.42,0.4,0.4,0.4,462600
06/08/1997,0.4,0.41,0.4,0.4,0.4,244800
07/08/1997,0.4,0.41,0.4,0.4,0.4,149400
08/08/1997,0.38,0.41,0.38,0.41,0.41,43200
11/08/1997,0.38,0.41,0.38,0.39,0.39,176400
12/08/1997,0.38,0.42,0.38,0.42,0.42,77400
13/08/1997,0.38,0.39,0.38,0.38,0.38,41400
14/08/1997,0.39,0.42,0.39,0.42,0.42,77400
15/08/1997,0.38,0.41,0.38,0.4,0.4,66600
18/08/1997,0.4,0.4,0.4,0.4,0.4,25200
19/08/1997,0.43,0.43,0.4,0.4,0.4,124200
20/08/1997,0.43,0.43,0.4,0.41,0.41,198000
21/08/1997,0.4,0.43,0.4,0.43,0.43,55800
22/08/1997,0.43,0.43,0.43,0.43,0.43,41400
25/08/1997,0.42,0.43,0.4,0.41,0.41,97200
26/08/1997,0.41,0.42,0.39,0.39,0.39,534600
27/08/1997,0.41,0.42,0.39,0.42,0.42,410400
28/08/1997,0.41,0.42,0.41,0.41,0.41,63000
29/08/1997,0.4,0.42,0.4,0.42,0.42,79200
02/09/1997,0.41,0.41,0.41,0.41,0.41,19800
03/09/1997,0.42,0.43,0.4,0.41,0.41,642600
04/09/1997,0.42,0.42,0.4,0.41,0.41,147600
05/09/1997,0.42,0.42,0.4,0.41,0.41,32400
08/09/1997,0.4,0.42,0.4,0.4,0.4,100800
09/09/1997,0.4,0.42,0.4,0.42,0.42,126000
10/09/1997,0.42,0.42,0.41,0.42,0.42,347400
11/09/1997,0.4,0.42,0.4,0.41,0.41,261000
12/09/1997,0.41,0.42,0.41,0.42,0.42,198000
15/09/1997,0.42,0.42,0.41,0.42,0.42,329400
16/09/1997,0.42,0.42,0.4,0.41,0.41,340200
17/09/1997,0.41,0.42,0.41,0.41,0.41,165600
18/09/1997,0.42,0.43,0.41,0.43,0.43,2694600
19/09/1997,0.42,0.44,0.42,0.44,0.44,966600
22/09/1997,0.44,0.44,0.42,0.42,0.42,594000
23/09/1997,0.42,0.44,0.42,0.42,0.42,581400
24/09/1997,0.43,0.46,0.43,0.46,0.46,1692000
25/09/1997,0.45,0.46,0.44,0.44,0.44,1139400
26/09/1997,0.45,0.45,0.42,0.42,0.42,648000
29/09/1997,0.43,0.43,0.42,0.42,0.42,374400
30/09/1997,0.43,0.43,0.42,0.43,0.43,235800
01/10/1997,0.43,0.43,0.42,0.43,0.43,91800
02/10/1997,0.43,0.43,0.42,0.42,0.42,147600
03/10/1997,0.42,0.42,0.42,0.42,0.42,106200
06/10/1997,0.42,0.44,0.41,0.44,0.44,952200
07/10/1997,0.42,0.44,0.42,0.44,0.44,162000
08/10/1997,0.44,0.44,0.42,0.44,0.44,682200
09/10/1997,0.44,0.56,0.43,0.54,0.54,2935800
10/10/1997,0.54,0.54,0.5,0.52,0.52,1198800
13/10/1997,0.51,0.53,0.5,0.51,0.51,1099800
14/10/1997,0.53,0.54,0.52,0.53,0.53,1369800
15/10/1997,0.52,0.54,0.52,0.54,0.54,379800
16/10/1997,0.52,0.53,0.51,0.52,0.52,876600
17/10/1997,0.49,0.51,0.47,0.49,0.49,1882800
20/10/1997,0.51,0.52,0.49,0.49,0.49,1103400
21/10/1997,0.51,0.51,0.48,0.48,0.48,1506600
22/10/1997,0.49,0.49,0.43,0.45,0.45,2808000
23/10/1997,0.45,0.45,0.43,0.45,0.45,1908000
24/10/1997,0.45,0.49,0.45,0.49,0.49,756000
27/10/1997,0.47,0.48,0.44,0.44,0.44,752400
28/10/1997,0.44,0.47,0.43,0.47,0.47,1348200
29/10/1997,0.47,0.49,0.46,0.46,0.46,1546200
30/10/1997,0.45,0.47,0.44,0.44,0.44,1125000
31/10/1997,0.46,0.46,0.44,0.44,0.44,1812600
03/11/1997,0.46,0.47,0.44,0.46,0.46,1540800
04/11/1997,0.45,0.46,0.44,0.46,0.46,646200
05/11/1997,0.46,0.46,0.44,0.46,0.46,2689200
06/11/1997,0.46,0.47,0.44,0.46,0.46,1400400
07/11/1997,0.45,0.47,0.43,0.47,0.47,302400
10/11/1997,0.47,0.48,0.46,0.48,0.48,543600
11/11/1997,0.49,0.52,0.47,0.49,0.49,2125800
12/11/1997,0.5,0.5,0.46,0.47,0.47,1240200
13/11/1997,0.48,0.49,0.46,0.47,0.47,401400
14/11/1997,0.48,0.48,0.46,0.47,0.47,190800
17/11/1997,0.49,0.49,0.46,0.46,0.46,648000
18/11/1997,0.47,0.47,0.45,0.47,0.47,595800
19/11/1997,0.48,0.48,0.47,0.47,0.47,250200
20/11/1997,0.47,0.48,0.46,0.47,0.47,379800
21/11/1997,0.47,0.48,0.47,0.47,0.47,414000
24/11/1997,0.46,0.47,0.46,0.46,0.46,277200
25/11/1997,0.48,0.48,0.46,0.46,0.46,495000
26/11/1997,0.46,0.47,0.46,0.47,0.47,279000
28/11/1997,0.47,0.47,0.46,0.46,0.46,140400
01/12/1997,0.48,0.48,0.47,0.47,0.47,286200
02/12/1997,0.48,0.48,0.46,0.47,0.47,264600
03/12/1997,0.47,0.48,0.47,0.48,0.48,219600
04/12/1997,0.47,0.48,0.47,0.47,0.47,156600
05/12/1997,0.48,0.48,0.47,0.48,0.48,106200
08/12/1997,0.46,0.49,0.46,0.46,0.46,423000
09/12/1997,0.47,0.47,0.46,0.46,0.46,302400
10/12/1997,0.46,0.47,0.46,0.47,0.47,504000
11/12/1997,0.47,0.47,0.45,0.46,0.46,968400
12/12/1997,0.46,0.46,0.44,0.44,0.44,1058400
15/12/1997,0.44,0.44,0.44,0.44,0.44,70200
16/12/1997,0.44,0.45,0.44,0.44,0.44,369000
17/12/1997,0.44,0.44,0.44,0.44,0.44,196200
18/12/1997,0.44,0.44,0.43,0.43,0.43,349200
19/12/1997,0.44,0.44,0.42,0.42,0.42,262800
22/12/1997,0.42,0.42,0.39,0.39,0.39,392400
23/12/1997,0.39,0.42,0.39,0.4,0.4,365400
24/12/1997,0.4,0.42,0.4,0.42,0.42,378000
26/12/1997,0.4,0.42,0.4,0.42,0.42,18000
29/12/1997,0.4,0.42,0.4,0.42,0.42,363600
30/12/1997,0.4,0.43,0.4,0.42,0.42,253800
31/12/1997,0.42,0.43,0.42,0.42,0.42,473400
02/01/1998,0.43,0.43,0.42,0.43,0.43,297000
05/01/1998,0.43,0.43,0.42,0.43,0.43,81000
06/01/1998,0.44,0.44,0.42,0.42,0.42,320400
07/01/1998,0.44,0.44,0.42,0.44,0.44,45000
08/01/1998,0.44,0.44,0.42,0.43,0.43,43200
09/01/1998,0.42,0.44,0.42,0.42,0.42,147600
12/01/1998,0.41,0.43,0.41,0.42,0.42,66600
13/01/1998,0.44,0.44,0.42,0.42,0.42,59400
14/01/1998,0.44,0.45,0.42,0.44,0.44,954000
15/01/1998,0.44,0.46,0.42,0.43,0.43,1278000
16/01/1998,0.42,0.44,0.42,0.43,0.43,460800
20/01/1998,0.44,0.44,0.42,0.43,0.43,205200
21/01/1998,0.42,0.44,0.42,0.43,0.43,162000
22/01/1998,0.43,0.43,0.4,0.42,0.42,1080000
23/01/1998,0.43,0.43,0.42,0.42,0.42,66600
26/01/1998,0.47,0.47,0.44,0.46,0.46,691200
27/01/1998,0.44,0.46,0.44,0.45,0.45,243000
28/01/1998,0.47,0.47,0.44,0.44,0.44,158400
29/01/1998,0.45,0.46,0.44,0.45,0.45,268200
30/01/1998,0.45,0.45,0.45,0.45,0.45,68400
02/02/1998,0.44,0.47,0.44,0.45,0.45,291600
03/02/1998,0.46,0.47,0.44,0.44,0.44,136800
04/02/1998,0.46,0.46,0.44,0.44,0.44,198000
05/02/1998,0.46,0.46,0.43,0.45,0.45,180000
06/02/1998,0.46,0.47,0.45,0.45,0.45,214200
09/02/1998,0.44,0.47,0.44,0.46,0.46,406800
10/02/1998,0.47,0.47,0.45,0.45,0.45,469800
11/02/1998,0.46,0.46,0.43,0.44,0.44,693000
12/02/1998,0.44,0.45,0.43,0.45,0.45,529200
13/02/1998,0.44,0.45,0.44,0.44,0.44,234000
17/02/1998,0.44,0.45,0.42,0.43,0.43,766800
18/02/1998,0.43,0.44,0.43,0.44,0.44,480600
19/02/1998,0.47,0.47,0.43,0.43,0.43,1607400
20/02/1998,0.44,0.44,0.42,0.44,0.44,322200
23/02/1998,0.44,0.44,0.44,0.44,0.44,167400
24/02/1998,0.44,0.44,0.44,0.44,0.44,721800
25/02/1998,0.44,0.46,0.44,0.44,0.44,340200
26/02/1998,0.43,0.44,0.43,0.44,0.44,473400
27/02/1998,0.44,0.44,0.44,0.44,0.44,304200
02/03/1998,0.44,0.44,0.43,0.44,0.44,113400
03/03/1998,0.44,0.44,0.43,0.43,0.43,487800
04/03/1998,0.43,0.43,0.42,0.42,0.42,676800
05/03/1998,0.42,0.43,0.42,0.42,0.42,590400
06/03/1998,0.44,0.44,0.43,0.43,0.43,907200
09/03/1998,0.44,0.45,0.44,0.45,0.45,624600
10/03/1998,0.45,0.45,0.43,0.44,0.44,763200
11/03/1998,0.44,0.44,0.42,0.42,0.42,736200
12/03/1998,0.43,0.44,0.42,0.42,0.42,723600
13/03/1998,0.43,0.43,0.42,0.42,0.42,520200
16/03/1998,0.43,0.44,0.42,0.42,0.42,702000
17/03/1998,0.43,0.43,0.42,0.43,0.43,329400
18/03/1998,0.43,0.43,0.43,0.43,0.43,444600
19/03/1998,0.43,0.43,0.42,0.43,0.43,97200
20/03/1998,0.43,0.43,0.41,0.42,0.42,721800
23/03/1998,0.43,0.43,0.42,0.42,0.42,266400
24/03/1998,0.43,0.43,0.42,0.42,0.42,615600
25/03/1998,0.42,0.42,0.41,0.42,0.42,369000
26/03/1998,0.42,0.42,0.42,0.42,0.42,48600
27/03/1998,0.42,0.42,0.42,0.42,0.42,468000
30/03/1998,0.41,0.42,0.41,0.42,0.42,1092600
31/03/1998,0.42,0.42,0.4,0.4,0.4,639000
01/04/1998,0.4,0.41,0.4,0.4,0.4,370800
02/04/1998,0.4,0.41,0.4,0.41,0.41,57600
03/04/1998,0.41,0.41,0.4,0.4,0.4,153000
06/04/1998,0.41,0.41,0.39,0.4,0.4,680400
07/04/1998,0.4,0.41,0.38,0.38,0.38,469800
08/04/1998,0.4,0.4,0.38,0.38,0.38,154800
09/04/1998,0.39,0.4,0.38,0.4,0.4,286200
13/04/1998,0.4,0.4,0.39,0.39,0.39,122400
14/04/1998,0.4,0.4,0.39,0.4,0.4,212400
15/04/1998,0.4,0.4,0.39,0.39,0.39,617400
16/04/1998,0.38,0.4,0.38,0.39,0.39,239400
17/04/1998,0.39,0.39,0.38,0.38,0.38,133200
20/04/1998,0.38,0.39,0.38,0.39,0.39,108000
21/04/1998,0.39,0.39,0.39,0.39,0.39,212400
22/04/1998,0.39,0.4,0.39,0.4,0.4,291600
23/04/1998,0.38,0.4,0.37,0.39,0.39,516600
24/04/1998,0.39,0.4,0.38,0.4,0.4,892800
27/04/1998,0.4,0.4,0.38,0.39,0.39,518400
28/04/1998,0.39,0.39,0.38,0.38,0.38,145800
29/04/1998,0.38,0.4,0.38,0.39,0.39,997200
30/04/1998,0.4,0.4,0.39,0.39,0.39,676800
01/05/1998,0.39,0.4,0.39,0.4,0.4,352800
04/05/1998,0.39,0.4,0.39,0.4,0.4,410400
05/05/1998,0.4,0.4,0.38,0.39,0.39,878400
06/05/1998,0.38,0.39,0.38,0.39,0.39,622800
07/05/1998,0.4,0.4,0.39,0.39,0.39,505800
08/05/1998,0.39,0.4,0.38,0.4,0.4,549000
11/05/1998,0.41,0.42,0.39,0.4,0.4,480600
12/05/1998,0.41,0.41,0.39,0.4,0.4,212400
13/05/1998,0.4,0.4,0.39,0.4,0.4,118800
14/05/1998,0.4,0.4,0.39,0.4,0.4,64800
15/05/1998,0.4,0.41,0.38,0.38,0.38,1290600
18/05/1998,0.4,0.4,0.38,0.4,0.4,552600
19/05/1998,0.4,0.4,0.39,0.39,0.39,383400
20/05/1998,0.39,0.4,0.39,0.4,0.4,759600
21/05/1998,0.4,0.4,0.39,0.4,0.4,115200
22/05/1998,0.39,0.4,0.39,0.4,0.4,241200
26/05/1998,0.39,0.4,0.39,0.4,0.4,741600
27/05/1998,0.39,0.4,0.39,0.4,0.4,322200
28/05/1998,0.4,0.4,0.4,0.4,0.4,149400
29/05/1998,0.4,0.4,0.4,0.4,0.4,117000
01/06/1998,0.4,0.4,0.4,0.4,0.4,223200
02/06/1998,0.4,0.4,0.39,0.4,0.4,52200
03/06/1998,0.4,0.4,0.4,0.4,0.4,147600
04/06/1998,0.4,0.4,0.4,0.4,0.4,61200
05/06/1998,0.4,0.4,0.4,0.4,0.4,99000
08/06/1998,0.4,0.4,0.4,0.4,0.4,387000
09/06/1998,0.4,0.4,0.4,0.4,0.4,295200
10/06/1998,0.4,0.4,0.4,0.4,0.4,363600
11/06/1998,0.4,0.4,0.4,0.4,0.4,576000
12/06/1998,0.4,0.4,0.4,0.4,0.4,307800
15/06/1998,0.4,0.4,0.4,0.4,0.4,50400
16/06/1998,0.4,0.4,0.4,0.4,0.4,241200
17/06/1998,0.4,0.42,0.4,0.42,0.42,822600
18/06/1998,0.42,0.43,0.41,0.43,0.43,311400
19/06/1998,0.42,0.44,0.41,0.41,0.41,723600
22/06/1998,0.42,0.42,0.41,0.41,0.41,300600
23/06/1998,0.44,0.44,0.42,0.43,0.43,626400
24/06/1998,0.42,0.42,0.41,0.41,0.41,372600
25/06/1998,0.39,0.4,0.39,0.39,0.39,297000
26/06/1998,0.39,0.39,0.38,0.39,0.39,610200
29/06/1998,0.39,0.39,0.38,0.39,0.39,171000
30/06/1998,0.38,0.39,0.38,0.38,0.38,255600
01/07/1998,0.39,0.39,0.39,0.39,0.39,135000
02/07/1998,0.4,0.4,0.39,0.4,0.4,514800
06/07/1998,0.41,0.41,0.39,0.41,0.41,491400
07/07/1998,0.4,0.41,0.4,0.41,0.41,309600
08/07/1998,0.41,0.41,0.4,0.4,0.4,185400
09/07/1998,0.41,0.41,0.4,0.41,0.41,111600
10/07/1998,0.41,0.41,0.4,0.4,0.4,129600
13/07/1998,0.41,0.41,0.4,0.4,0.4,496800
14/07/1998,0.4,0.41,0.4,0.41,0.41,288000
15/07/1998,0.41,0.42,0.41,0.42,0.42,365400
16/07/1998,0.42,0.42,0.41,0.41,0.41,126000
17/07/1998,0.41,0.42,0.41,0.41,0.41,226800
20/07/1998,0.41,0.41,0.4,0.4,0.4,847800
21/07/1998,0.4,0.41,0.39,0.39,0.39,93600
22/07/1998,0.39,0.4,0.39,0.39,0.39,228600
23/07/1998,0.39,0.4,0.29,0.3,0.3,2053800
24/07/1998,0.32,0.37,0.31,0.34,0.34,1371600
27/07/1998,0.33,0.35,0.32,0.32,0.32,91800
28/07/1998,0.32,0.33,0.32,0.33,0.33,408600
29/07/1998,0.33,0.33,0.32,0.32,0.32,840600
30/07/1998,0.33,0.33,0.32,0.32,0.32,327600
31/07/1998,0.32,0.32,0.32,0.32,0.32,111600
03/08/1998,0.32,0.33,0.32,0.33,0.33,140400
04/08/1998,0.32,0.33,0.31,0.32,0.32,374400
05/08/1998,0.32,0.32,0.32,0.32,0.32,180000
06/08/1998,0.34,0.34,0.32,0.32,0.32,442800
07/08/1998,0.33,0.33,0.31,0.31,0.31,815400
10/08/1998,0.31,0.33,0.31,0.31,0.31,70200
11/08/1998,0.3,0.33,0.3,0.32,0.32,131400
12/08/1998,0.33,0.33,0.33,0.33,0.33,28800
13/08/1998,0.33,0.33,0.31,0.32,0.32,75600
14/08/1998,0.33,0.33,0.31,0.31,0.31,428400
17/08/1998,0.33,0.33,0.31,0.32,0.32,81000
18/08/1998,0.32,0.33,0.31,0.31,0.31,75600
19/08/1998,0.31,0.32,0.31,0.32,0.32,149400
20/08/1998,0.33,0.33,0.31,0.31,0.31,19800
21/08/1998,0.33,0.33,0.31,0.31,0.31,396000
24/08/1998,0.32,0.32,0.3,0.3,0.3,163800
25/08/1998,0.3,0.3,0.3,0.3,0.3,306000
26/08/1998,0.3,0.3,0.3,0.3,0.3,136800
27/08/1998,0.3,0.3,0.28,0.28,0.28,603000
28/08/1998,0.31,0.31,0.28,0.28,0.28,891000
31/08/1998,0.28,0.28,0.28,0.28,0.28,671400
01/09/1998,0.28,0.28,0.28,0.28,0.28,666000
02/09/1998,0.3,0.3,0.28,0.28,0.28,34200
03/09/1998,0.28,0.29,0.28,0.28,0.28,259200
04/09/1998,0.28,0.28,0.27,0.27,0.27,601200
08/09/1998,0.28,0.28,0.27,0.27,0.27,343800
09/09/1998,0.27,0.28,0.27,0.27,0.27,230400
10/09/1998,0.27,0.27,0.26,0.26,0.26,574200
11/09/1998,0.26,0.27,0.26,0.27,0.27,97200
14/09/1998,0.27,0.28,0.26,0.27,0.27,156600
15/09/1998,0.28,0.28,0.26,0.26,0.26,232200
16/09/1998,0.28,0.28,0.26,0.26,0.26,430200
17/09/1998,0.27,0.27,0.25,0.26,0.26,869400
18/09/1998,0.26,0.26,0.26,0.26,0.26,199800
21/09/1998,0.28,0.28,0.26,0.26,0.26,16200
22/09/1998,0.26,0.28,0.26,0.28,0.28,93600
23/09/1998,0.27,0.28,0.27,0.27,0.27,266400
24/09/1998,0.27,0.27,0.27,0.27,0.27,90000
25/09/1998,0.27,0.27,0.27,0.27,0.27,18000
28/09/1998,0.27,0.28,0.27,0.28,0.28,1234800
29/09/1998,0.28,0.28,0.27,0.28,0.28,343800
30/09/1998,0.29,0.29,0.27,0.28,0.28,567000
01/10/1998,0.28,0.28,0.27,0.28,0.28,570600
02/10/1998,0.28,0.29,0.28,0.28,0.28,122400
05/10/1998,0.28,0.28,0.27,0.28,0.28,126000
06/10/1998,0.27,0.28,0.27,0.28,0.28,45000
07/10/1998,0.27,0.27,0.27,0.27,0.27,199800
08/10/1998,0.26,0.26,0.25,0.25,0.25,216000
09/10/1998,0.25,0.26,0.25,0.25,0.25,43200
12/10/1998,0.25,0.25,0.22,0.24,0.24,172800
13/10/1998,0.24,0.24,0.11,0.11,0.11,1067400
14/10/1998,0.16,0.21,0.15,0.19,0.19,2228400
15/10/1998,0.2,0.2,0.17,0.19,0.19,315000
16/10/1998,0.2,0.2,0.17,0.18,0.18,194400
19/10/1998,0.18,0.22,0.18,0.21,0.21,1044000
20/10/1998,0.2,0.27,0.2,0.24,0.24,772200
21/10/1998,0.25,0.25,0.22,0.23,0.23,109800
22/10/1998,0.22,0.22,0.15,0.21,0.21,1135800
23/10/1998,0.18,0.19,0.18,0.18,0.18,658800
26/10/1998,0.15,0.18,0.14,0.18,0.18,1294200
27/10/1998,0.17,0.18,0.15,0.15,0.15,1033200
28/10/1998,0.16,0.17,0.15,0.16,0.16,1278000
29/10/1998,0.16,0.17,0.15,0.15,0.15,1461600
30/10/1998,0.15,0.17,0.15,0.15,0.15,712800
02/11/1998,0.17,0.17,0.15,0.15,0.15,457200
03/11/1998,0.15,0.15,0.12,0.13,0.13,1589400
04/11/1998,0.14,0.15,0.12,0.14,0.14,909000
05/11/1998,0.14,0.14,0.12,0.14,0.14,500400
06/11/1998,0.12,0.13,0.11,0.12,0.12,1783800
09/11/1998,0.13,0.13,0.11,0.11,0.11,1612800
10/11/1998,0.11,0.12,0.11,0.11,0.11,986400
11/11/1998,0.11,0.12,0.11,0.11,0.11,1128600
12/11/1998,0.12,0.12,0.11,0.11,0.11,878400
13/11/1998,0.11,0.12,0.11,0.11,0.11,306000
16/11/1998,0.11,0.12,0.11,0.11,0.11,864000
17/11/1998,0.11,0.12,0.11,0.11,0.11,741600
18/11/1998,0.11,0.11,0.11,0.11,0.11,500400
19/11/1998,0.11,0.12,0.11,0.11,0.11,999000
20/11/1998,0.11,0.11,0.11,0.11,0.11,604800
23/11/1998,0.11,0.12,0.11,0.11,0.11,705600
24/11/1998,0.11,0.11,0.11,0.11,0.11,765000
25/11/1998,0.11,0.11,0.11,0.11,0.11,563400
27/11/1998,0.12,0.12,0.11,0.11,0.11,379800
30/11/1998,0.12,0.12,0.11,0.12,0.12,793800
01/12/1998,0.11,0.11,0.1,0.11,0.11,988200
02/12/1998,0.11,0.11,0.11,0.11,0.11,750600
03/12/1998,0.1,0.11,0.1,0.1,0.1,505800
04/12/1998,0.11,0.11,0.1,0.1,0.1,302400
07/12/1998,0.1,0.1,0.09,0.1,0.1,766800
08/12/1998,0.1,0.1,0.07,0.08,0.08,900000
09/12/1998,0.08,0.09,0.07,0.09,0.09,1143000
10/12/1998,0.09,0.09,0.07,0.08,0.08,1798200
11/12/1998,0.08,0.09,0.08,0.08,0.08,3432600
14/12/1998,0.08,0.09,0.08,0.08,0.08,2700000
15/12/1998,0.08,0.09,0.08,0.08,0.08,1101600
16/12/1998,0.08,0.09,0.07,0.08,0.08,1321200
17/12/1998,0.08,0.08,0.07,0.08,0.08,1630800
18/12/1998,0.08,0.09,0.08,0.09,0.09,1108800
21/12/1998,0.08,0.09,0.08,0.09,0.09,1609200
22/12/1998,0.09,0.09,0.08,0.09,0.09,1078200
23/12/1998,0.09,0.09,0.08,0.09,0.09,772200
24/12/1998,0.09,0.09,0.09,0.09,0.09,522000
28/12/1998,0.08,0.09,0.08,0.09,0.09,900000
29/12/1998,0.09,0.12,0.08,0.12,0.12,5441400
30/12/1998,0.14,0.24,0.11,0.12,0.12,10780200
31/12/1998,0.12,0.14,0.11,0.12,0.12,2478600
04/01/1999,0.12,0.14,0.11,0.11,0.11,986400
05/01/1999,0.13,0.13,0.11,0.12,0.12,1445400
06/01/1999,0.13,0.13,0.12,0.12,0.12,838800
07/01/1999,0.12,0.13,0.12,0.13,0.13,905400
08/01/1999,0.13,0.13,0.12,0.12,0.12,1441800
11/01/1999,0.12,0.14,0.12,0.14,0.14,1945800
12/01/1999,0.14,0.14,0.12,0.13,0.13,747000
13/01/1999,0.12,0.12,0.1,0.11,0.11,1828800
14/01/1999,0.11,0.12,0.1,0.12,0.12,1942200
15/01/1999,0.11,0.13,0.11,0.13,0.13,1006200
19/01/1999,0.12,0.14,0.12,0.14,0.14,1528200
20/01/1999,0.14,0.15,0.13,0.13,0.13,586800
21/01/1999,0.13,0.13,0.13,0.13,0.13,322200
22/01/1999,0.13,0.13,0.12,0.13,0.13,336600
25/01/1999,0.13,0.13,0.12,0.13,0.13,185400
26/01/1999,0.12,0.13,0.12,0.12,0.12,147600
27/01/1999,0.14,0.14,0.12,0.14,0.14,347400
28/01/1999,0.14,0.14,0.12,0.12,0.12,855000
29/01/1999,0.13,0.14,0.13,0.13,0.13,610200
01/02/1999,0.13,0.15,0.13,0.15,0.15,1197000
02/02/1999,0.16,0.17,0.14,0.17,0.17,1929600
03/02/1999,0.16,0.18,0.16,0.17,0.17,1094400
04/02/1999,0.17,0.19,0.17,0.19,0.19,909000
05/02/1999,0.19,0.2,0.19,0.19,0.19,714600
08/02/1999,0.19,0.19,0.18,0.18,0.18,563400
09/02/1999,0.19,0.2,0.18,0.19,0.19,633600
10/02/1999,0.2,0.2,0.17,0.18,0.18,613800
11/02/1999,0.18,0.18,0.17,0.17,0.17,127800
12/02/1999,0.17,0.19,0.16,0.16,0.16,514800
16/02/1999,0.17,0.17,0.16,0.17,0.17,225000
17/02/1999,0.17,0.18,0.17,0.17,0.17,43200
18/02/1999,0.17,0.17,0.16,0.17,0.17,770400
19/02/1999,0.17,0.17,0.17,0.17,0.17,158400
22/02/1999,0.16,0.18,0.16,0.17,0.17,223200
23/02/1999,0.17,0.17,0.17,0.17,0.17,36000
24/02/1999,0.17,0.17,0.16,0.16,0.16,880200
25/02/1999,0.16,0.17,0.16,0.17,0.17,1202400
26/02/1999,0.17,0.17,0.16,0.16,0.16,610200
01/03/1999,0.16,0.16,0.16,0.16,0.16,190800
02/03/1999,0.16,0.16,0.14,0.15,0.15,331200
03/03/1999,0.14,0.15,0.12,0.12,0.12,957600
04/03/1999,0.12,0.13,0.12,0.12,0.12,228600
05/03/1999,0.12,0.13,0.12,0.12,0.12,199800
08/03/1999,0.12,0.12,0.12,0.12,0.12,207000
09/03/1999,0.12,0.12,0.12,0.12,0.12,163800
10/03/1999,0.12,0.12,0.12,0.12,0.12,383400
11/03/1999,0.12,0.12,0.12,0.12,0.12,7200
12/03/1999,0.12,0.12,0.12,0.12,0.12,527400
15/03/1999,0.12,0.12,0.11,0.11,0.11,295200
16/03/1999,0.11,0.11,0.11,0.11,0.11,104400
17/03/1999,0.11,0.14,0.11,0.12,0.12,340200
18/03/1999,0.11,0.11,0.11,0.11,0.11,3600
19/03/1999,0.12,0.12,0.11,0.12,0.12,133200
22/03/1999,0.12,0.18,0.12,0.16,0.16,1434600
23/03/1999,0.15,0.17,0.11,0.11,0.11,2507400
24/03/1999,0.14,0.14,0.12,0.14,0.14,907200
25/03/1999,0.15,0.15,0.14,0.14,0.14,214200
26/03/1999,0.13,0.15,0.12,0.14,0.14,271800
29/03/1999,0.14,0.15,0.14,0.14,0.14,45000
30/03/1999,0.15,0.15,0.14,0.14,0.14,136800
31/03/1999,0.13,0.14,0.12,0.14,0.14,298800
01/04/1999,0.13,0.13,0.13,0.13,0.13,18000
05/04/1999,0.14,0.15,0.12,0.14,0.14,309600
06/04/1999,0.13,0.13,0.13,0.13,0.13,32400
07/04/1999,0.12,0.13,0.12,0.12,0.12,149400
08/04/1999,0.12,0.13,0.12,0.12,0.12,288000
09/04/1999,0.12,0.12,0.11,0.12,0.12,423000
12/04/1999,0.11,0.12,0.11,0.12,0.12,595800
13/04/1999,0.12,0.12,0.11,0.12,0.12,295200
14/04/1999,0.12,0.12,0.11,0.12,0.12,1058400
15/04/1999,0.12,0.12,0.12,0.12,0.12,117000
16/04/1999,0.12,0.12,0.11,0.11,0.11,226800
19/04/1999,0.11,0.13,0.11,0.11,0.11,750600
20/04/1999,0.11,0.12,0.1,0.11,0.11,918000
21/04/1999,0.12,0.14,0.11,0.13,0.13,955800
22/04/1999,0.14,0.17,0.14,0.15,0.15,1353600
23/04/1999,0.18,0.18,0.14,0.16,0.16,694800
26/04/1999,0.18,0.18,0.14,0.14,0.14,795600
27/04/1999,0.15,0.17,0.14,0.16,0.16,216000
28/04/1999,0.17,0.17,0.15,0.17,0.17,122400
29/04/1999,0.16,0.16,0.15,0.15,0.15,84600
30/04/1999,0.15,0.15,0.13,0.14,0.14,482400
03/05/1999,0.14,0.14,0.12,0.14,0.14,338400
04/05/1999,0.15,0.15,0.14,0.14,0.14,648000
05/05/1999,0.15,0.15,0.14,0.14,0.14,1321200
06/05/1999,0.14,0.16,0.14,0.14,0.14,1578600
07/05/1999,0.14,0.14,0.14,0.14,0.14,790200
10/05/1999,0.14,0.15,0.14,0.14,0.14,369000
11/05/1999,0.14,0.14,0.14,0.14,0.14,464400
12/05/1999,0.14,0.15,0.14,0.14,0.14,133200
13/05/1999,0.15,0.16,0.14,0.15,0.15,943200
14/05/1999,0.15,0.16,0.15,0.16,0.16,102600
17/05/1999,0.15,0.15,0.15,0.15,0.15,122400
18/05/1999,0.15,0.17,0.15,0.16,0.16,208800
19/05/1999,0.17,0.17,0.16,0.17,0.17,549000
20/05/1999,0.17,0.17,0.16,0.17,0.17,1004400
21/05/1999,0.17,0.17,0.16,0.16,0.16,55800
24/05/1999,0.17,0.17,0.16,0.17,0.17,835200
25/05/1999,0.17,0.19,0.16,0.18,0.18,1251000
26/05/1999,0.19,0.2,0.18,0.19,0.19,811800
27/05/1999,0.2,0.2,0.18,0.19,0.19,408600
28/05/1999,0.19,0.19,0.19,0.19,0.19,385200
01/06/1999,0.19,0.19,0.17,0.17,0.17,122400
02/06/1999,0.17,0.18,0.16,0.17,0.17,1416600
03/06/1999,0.16,0.17,0.15,0.15,0.15,2350800
04/06/1999,0.15,0.19,0.15,0.17,0.17,972000
07/06/1999,0.16,0.22,0.16,0.21,0.21,3470400
08/06/1999,0.22,0.29,0.22,0.23,0.23,4206600
09/06/1999,0.22,0.23,0.17,0.21,0.21,984600
10/06/1999,0.19,0.19,0.18,0.19,0.19,682200
11/06/1999,0.19,0.19,0.18,0.18,0.18,271800
14/06/1999,0.18,0.19,0.18,0.18,0.18,252000
15/06/1999,0.19,0.19,0.18,0.18,0.18,453600
16/06/1999,0.18,0.18,0.17,0.18,0.18,102600
17/06/1999,0.21,0.21,0.18,0.19,0.19,754200
18/06/1999,0.2,0.2,0.18,0.19,0.19,234000
21/06/1999,0.19,0.2,0.19,0.19,0.19,122400
22/06/1999,0.19,0.19,0.19,0.19,0.19,192600
23/06/1999,0.19,0.19,0.19,0.19,0.19,30600
24/06/1999,0.19,0.19,0.18,0.18,0.18,39600
25/06/1999,0.18,0.19,0.18,0.19,0.19,203400
28/06/1999,0.2,0.2,0.2,0.2,0.2,1800
29/06/1999,0.2,0.21,0.17,0.17,0.17,473400
30/06/1999,0.17,0.2,0.17,0.2,0.2,21600
01/07/1999,0.18,0.18,0.18,0.18,0.18,27000
02/07/1999,0.19,0.2,0.18,0.18,0.18,34200
06/07/1999,0.18,0.19,0.17,0.18,0.18,108000
07/07/1999,0.19,0.19,0.18,0.18,0.18,90000
08/07/1999,0.18,0.19,0.18,0.19,0.19,63000
09/07/1999,0.19,0.19,0.18,0.18,0.18,129600
12/07/1999,0.19,0.19,0.19,0.19,0.19,657000
13/07/1999,0.19,0.19,0.18,0.18,0.18,172800
14/07/1999,0.18,0.19,0.18,0.18,0.18,158400
15/07/1999,0.19,0.19,0.16,0.17,0.17,853200
16/07/1999,0.17,0.18,0.17,0.17,0.17,1494000
19/07/1999,0.17,0.18,0.17,0.17,0.17,1031400
20/07/1999,0.18,0.18,0.17,0.17,0.17,329400
21/07/1999,0.17,0.18,0.17,0.18,0.18,277200
22/07/1999,0.17,0.17,0.17,0.17,0.17,109800
23/07/1999,0.17,0.18,0.17,0.18,0.18,144000
26/07/1999,0.17,0.17,0.16,0.16,0.16,1092600
27/07/1999,0.17,0.17,0.17,0.17,0.17,88200
28/07/1999,0.17,0.18,0.17,0.17,0.17,304200
29/07/1999,0.17,0.17,0.17,0.17,0.17,0
30/07/1999,0.18,0.19,0.18,0.18,0.18,300600
02/08/1999,0.19,0.2,0.18,0.19,0.19,684000
03/08/1999,0.18,0.18,0.15,0.17,0.17,520200
04/08/1999,0.17,0.17,0.17,0.17,0.17,55800
05/08/1999,0.17,0.17,0.17,0.17,0.17,275400
06/08/1999,0.17,0.17,0.16,0.16,0.16,154800
09/08/1999,0.16,0.16,0.16,0.16,0.16,81000
10/08/1999,0.15,0.16,0.15,0.15,0.15,28800
11/08/1999,0.16,0.17,0.16,0.17,0.17,84600
12/08/1999,0.17,0.19,0.16,0.18,0.18,259200
13/08/1999,0.19,0.19,0.18,0.18,0.18,34200
16/08/1999,0.18,0.19,0.17,0.19,0.19,169200
17/08/1999,0.19,0.19,0.18,0.18,0.18,100800
18/08/1999,0.17,0.18,0.17,0.18,0.18,160200
19/08/1999,0.18,0.18,0.18,0.18,0.18,7200
20/08/1999,0.17,0.17,0.17,0.17,0.17,72000
23/08/1999,0.18,0.19,0.18,0.18,0.18,221400
24/08/1999,0.17,0.17,0.17,0.17,0.17,90000
25/08/1999,0.18,0.19,0.18,0.19,0.19,10800
26/08/1999,0.19,0.19,0.18,0.18,0.18,63000
27/08/1999,0.18,0.18,0.18,0.18,0.18,0
30/08/1999,0.18,0.18,0.17,0.17,0.17,266400
31/08/1999,0.18,0.18,0.16,0.16,0.16,277200
01/09/1999,0.17,0.17,0.16,0.17,0.17,118800
02/09/1999,0.17,0.17,0.17,0.17,0.17,129600
03/09/1999,0.18,0.18,0.16,0.16,0.16,579600
07/09/1999,0.17,0.17,0.16,0.16,0.16,302400
08/09/1999,0.17,0.17,0.17,0.17,0.17,295200
09/09/1999,0.17,0.17,0.17,0.17,0.17,5400
10/09/1999,0.17,0.17,0.17,0.17,0.17,99000
13/09/1999,0.17,0.17,0.17,0.17,0.17,4791600
14/09/1999,0.17,0.18,0.17,0.17,0.17,394200
15/09/1999,0.17,0.17,0.16,0.17,0.17,639000
16/09/1999,0.17,0.17,0.17,0.17,0.17,336600
17/09/1999,0.17,0.17,0.16,0.17,0.17,190800
20/09/1999,0.17,0.17,0.17,0.17,0.17,351000
21/09/1999,0.17,0.23,0.17,0.21,0.21,1744200
22/09/1999,0.22,0.22,0.19,0.2,0.2,185400
23/09/1999,0.19,0.19,0.19,0.19,0.19,133200
24/09/1999,0.19,0.19,0.18,0.19,0.19,36000
27/09/1999,0.2,0.22,0.19,0.2,0.2,212400
28/09/1999,0.19,0.21,0.19,0.2,0.2,147600
29/09/1999,0.18,0.19,0.18,0.18,0.18,979200
30/09/1999,0.19,0.19,0.16,0.17,0.17,1737000
01/10/1999,0.17,0.17,0.17,0.17,0.17,3600
04/10/1999,0.18,0.18,0.17,0.17,0.17,223200
05/10/1999,0.17,0.17,0.17,0.17,0.17,232200
06/10/1999,0.17,0.17,0.16,0.16,0.16,477000
07/10/1999,0.16,0.17,0.16,0.17,0.17,100800
08/10/1999,0.17,0.17,0.17,0.17,0.17,57600
11/10/1999,0.17,0.17,0.17,0.17,0.17,0
12/10/1999,0.17,0.17,0.17,0.17,0.17,12600
13/10/1999,0.17,0.17,0.16,0.16,0.16,158400
14/10/1999,0.17,0.17,0.17,0.17,0.17,64800
15/10/1999,0.17,0.17,0.15,0.16,0.16,568800
18/10/1999,0.16,0.17,0.16,0.17,0.17,126000
19/10/1999,0.17,0.17,0.17,0.17,0.17,147600
20/10/1999,0.18,0.18,0.17,0.18,0.18,23400
21/10/1999,0.17,0.18,0.17,0.17,0.17,187200
22/10/1999,0.17,0.17,0.17,0.17,0.17,39600
25/10/1999,0.18,0.18,0.17,0.17,0.17,73800
26/10/1999,0.17,0.17,0.17,0.17,0.17,10800
27/10/1999,0.17,0.17,0.17,0.17,0.17,57600
28/10/1999,0.17,0.17,0.17,0.17,0.17,91800
29/10/1999,0.17,0.17,0.15,0.16,0.16,120600
01/11/1999,0.16,0.16,0.15,0.16,0.16,160200
02/11/1999,0.16,0.16,0.16,0.16,0.16,149400
03/11/1999,0.16,0.16,0.15,0.15,0.15,336600
04/11/1999,0.15,0.15,0.15,0.15,0.15,0
05/11/1999,0.17,0.18,0.17,0.17,0.17,597600
08/11/1999,0.17,0.17,0.17,0.17,0.17,127800
09/11/1999,0.16,0.17,0.16,0.17,0.17,41400
10/11/1999,0.16,0.17,0.16,0.16,0.16,514800
11/11/1999,0.17,0.17,0.16,0.17,0.17,419400
12/11/1999,0.16,0.17,0.16,0.17,0.17,48600
15/11/1999,0.16,0.17,0.16,0.17,0.17,84600
16/11/1999,0.17,0.17,0.16,0.17,0.17,151200
17/11/1999,0.16,0.16,0.16,0.16,0.16,23400
18/11/1999,0.16,0.18,0.16,0.18,0.18,714600
19/11/1999,0.17,0.18,0.17,0.18,0.18,721800
22/11/1999,0.18,0.2,0.17,0.18,0.18,658800
23/11/1999,0.18,0.19,0.17,0.18,0.18,108000
24/11/1999,0.18,0.19,0.18,0.18,0.18,16200
26/11/1999,0.17,0.19,0.17,0.17,0.17,286200
29/11/1999,0.18,0.18,0.15,0.17,0.17,115200
30/11/1999,0.16,0.17,0.16,0.16,0.16,345600
01/12/1999,0.17,0.17,0.16,0.16,0.16,14400
02/12/1999,0.16,0.16,0.16,0.16,0.16,37800
03/12/1999,0.16,0.17,0.16,0.17,0.17,117000
06/12/1999,0.16,0.17,0.16,0.17,0.17,14400
07/12/1999,0.16,0.16,0.16,0.16,0.16,108000
08/12/1999,0.16,0.16,0.16,0.16,0.16,277200
09/12/1999,0.16,0.18,0.16,0.17,0.17,505800
10/12/1999,0.17,0.18,0.17,0.17,0.17,122400
13/12/1999,0.17,0.18,0.17,0.18,0.18,504000
14/12/1999,0.17,0.17,0.17,0.17,0.17,79200
15/12/1999,0.17,0.17,0.17,0.17,0.17,46800
16/12/1999,0.17,0.17,0.17,0.17,0.17,46800
17/12/1999,0.17,0.17,0.17,0.17,0.17,21600
20/12/1999,0.18,0.18,0.17,0.17,0.17,82800
21/12/1999,0.17,0.18,0.17,0.17,0.17,246600
22/12/1999,0.17,0.17,0.17,0.17,0.17,97200
23/12/1999,0.17,0.17,0.17,0.17,0.17,122400
27/12/1999,0.17,0.17,0.17,0.17,0.17,111600
28/12/1999,0.17,0.18,0.17,0.18,0.18,619200
29/12/1999,0.17,0.17,0.16,0.16,0.16,115200
30/12/1999,0.16,0.16,0.14,0.15,0.15,1429200
31/12/1999,0.15,0.15,0.15,0.15,0.15,118800
03/01/2000,0.15,0.16,0.14,0.15,0.15,295200
04/01/2000,0.15,0.15,0.14,0.14,0.14,392400
05/01/2000,0.14,0.15,0.14,0.14,0.14,383400
06/01/2000,0.14,0.16,0.14,0.15,0.15,120600
07/01/2000,0.15,0.15,0.14,0.15,0.15,151200
10/01/2000,0.14,0.15,0.14,0.14,0.14,100800
11/01/2000,0.15,0.16,0.15,0.16,0.16,180000
12/01/2000,0.17,0.17,0.15,0.17,0.17,873000
13/01/2000,0.18,0.18,0.18,0.18,0.18,261000
14/01/2000,0.18,0.18,0.16,0.16,0.16,214200
18/01/2000,0.17,0.17,0.17,0.17,0.17,45000
19/01/2000,0.17,0.17,0.17,0.17,0.17,36000
20/01/2000,0.16,0.17,0.16,0.16,0.16,129600
21/01/2000,0.16,0.17,0.16,0.17,0.17,37800
24/01/2000,0.17,0.17,0.17,0.17,0.17,46800
25/01/2000,0.17,0.17,0.16,0.16,0.16,75600
26/01/2000,0.16,0.17,0.16,0.16,0.16,41400
27/01/2000,0.15,0.15,0.15,0.15,0.15,48600
28/01/2000,0.15,0.15,0.15,0.15,0.15,75600
31/01/2000,0.15,0.15,0.15,0.15,0.15,54000
01/02/2000,0.16,0.16,0.16,0.16,0.16,9000
02/02/2000,0.16,0.16,0.16,0.16,0.16,55800
03/02/2000,0.16,0.16,0.15,0.16,0.16,2583000
04/02/2000,0.16,0.17,0.16,0.16,0.16,118800
07/02/2000,0.16,0.17,0.16,0.17,0.17,331200
08/02/2000,0.17,0.17,0.17,0.17,0.17,158400
09/02/2000,0.17,0.19,0.17,0.18,0.18,300600
10/02/2000,0.19,0.19,0.19,0.19,0.19,117000
11/02/2000,0.2,0.2,0.18,0.19,0.19,844200
14/02/2000,0.19,0.22,0.19,0.22,0.22,892800
15/02/2000,0.22,0.22,0.22,0.22,0.22,313200
16/02/2000,0.21,0.22,0.21,0.22,0.22,99000
17/02/2000,0.22,0.22,0.21,0.22,0.22,162000
18/02/2000,0.21,0.22,0.21,0.22,0.22,63000
22/02/2000,0.21,0.21,0.2,0.2,0.2,64800
23/02/2000,0.19,0.21,0.19,0.19,0.19,523800
24/02/2000,0.18,0.19,0.18,0.19,0.19,1119600
25/02/2000,0.21,0.21,0.19,0.19,0.19,48600
28/02/2000,0.2,0.2,0.2,0.2,0.2,36000
29/02/2000,0.2,0.2,0.19,0.19,0.19,39600
01/03/2000,0.19,0.19,0.17,0.17,0.17,138600
02/03/2000,0.18,0.19,0.17,0.19,0.19,181800
03/03/2000,0.19,0.19,0.18,0.19,0.19,237600
06/03/2000,0.18,0.2,0.18,0.19,0.19,399600
07/03/2000,0.18,0.2,0.18,0.18,0.18,354600
08/03/2000,0.19,0.19,0.18,0.18,0.18,52200
09/03/2000,0.19,0.19,0.19,0.19,0.19,208800
10/03/2000,0.19,0.19,0.17,0.17,0.17,207000
13/03/2000,0.18,0.19,0.17,0.18,0.18,142200
14/03/2000,0.18,0.19,0.18,0.19,0.19,16200
15/03/2000,0.18,0.18,0.18,0.18,0.18,14400
16/03/2000,0.18,0.18,0.17,0.17,0.17,396000
17/03/2000,0.17,0.18,0.17,0.18,0.18,365400
20/03/2000,0.17,0.2,0.17,0.2,0.2,504000
21/03/2000,0.2,0.22,0.2,0.21,0.21,131400
22/03/2000,0.22,0.22,0.2,0.22,0.22,340200
23/03/2000,0.22,0.23,0.22,0.22,0.22,585000
24/03/2000,0.22,0.23,0.22,0.22,0.22,172800
27/03/2000,0.22,0.23,0.22,0.22,0.22,588600
28/03/2000,0.22,0.22,0.2,0.2,0.2,223200
29/03/2000,0.21,0.22,0.21,0.21,0.21,226800
30/03/2000,0.22,0.22,0.22,0.22,0.22,10800
31/03/2000,0.22,0.23,0.22,0.22,0.22,581400
03/04/2000,0.22,0.22,0.2,0.21,0.21,270000
04/04/2000,0.21,0.21,0.19,0.19,0.19,237600
05/04/2000,0.2,0.2,0.2,0.2,0.2,5400
06/04/2000,0.19,0.19,0.19,0.19,0.19,3600
07/04/2000,0.19,0.19,0.19,0.19,0.19,0
10/04/2000,0.22,0.22,0.19,0.19,0.19,216000
11/04/2000,0.19,0.21,0.19,0.19,0.19,104400
12/04/2000,0.18,0.19,0.18,0.19,0.19,10800
13/04/2000,0.21,0.21,0.19,0.19,0.19,52200
14/04/2000,0.18,0.18,0.18,0.18,0.18,81000
17/04/2000,0.18,0.18,0.18,0.18,0.18,5400
18/04/2000,0.22,0.22,0.19,0.2,0.2,45000
19/04/2000,0.19,0.22,0.18,0.18,0.18,81000
20/04/2000,0.2,0.2,0.18,0.18,0.18,23400
24/04/2000,0.18,0.18,0.18,0.18,0.18,64800
25/04/2000,0.21,0.21,0.18,0.21,0.21,106200
26/04/2000,0.18,0.18,0.18,0.18,0.18,16200
27/04/2000,0.21,0.23,0.21,0.22,0.22,1047600
28/04/2000,0.21,0.22,0.19,0.22,0.22,739800
01/05/2000,0.22,0.23,0.2,0.22,0.22,140400
02/05/2000,0.2,0.2,0.2,0.2,0.2,5400
03/05/2000,0.21,0.22,0.21,0.21,0.21,43200
04/05/2000,0.21,0.21,0.21,0.21,0.21,0
05/05/2000,0.2,0.21,0.19,0.21,0.21,219600
08/05/2000,0.19,0.22,0.19,0.21,0.21,90000
09/05/2000,0.21,0.21,0.21,0.21,0.21,79200
10/05/2000,0.21,0.21,0.21,0.21,0.21,275400
11/05/2000,0.22,0.22,0.2,0.2,0.2,133200
12/05/2000,0.2,0.21,0.2,0.2,0.2,50400
15/05/2000,0.19,0.21,0.19,0.19,0.19,237600
16/05/2000,0.19,0.22,0.19,0.21,0.21,41400
17/05/2000,0.21,0.21,0.21,0.21,0.21,39600
18/05/2000,0.2,0.22,0.2,0.22,0.22,581400
19/05/2000,0.2,0.21,0.2,0.2,0.2,205200
22/05/2000,0.2,0.2,0.16,0.18,0.18,406800
23/05/2000,0.18,0.18,0.18,0.18,0.18,0
24/05/2000,0.18,0.2,0.18,0.2,0.2,145800
25/05/2000,0.2,0.2,0.2,0.2,0.2,5400
26/05/2000,0.19,0.19,0.17,0.18,0.18,149400
30/05/2000,0.18,0.18,0.18,0.18,0.18,21600
31/05/2000,0.18,0.18,0.18,0.18,0.18,0
01/06/2000,0.18,0.2,0.18,0.19,0.19,324000
02/06/2000,0.19,0.19,0.19,0.19,0.19,0
05/06/2000,0.17,0.22,0.17,0.18,0.18,149400
06/06/2000,0.18,0.18,0.18,0.18,0.18,0
07/06/2000,0.18,0.18,0.18,0.18,0.18,7200
08/06/2000,0.18,0.19,0.18,0.19,0.19,32400
09/06/2000,0.18,0.18,0.18,0.18,0.18,9000
12/06/2000,0.18,0.18,0.18,0.18,0.18,14400
13/06/2000,0.19,0.19,0.18,0.19,0.19,106200
14/06/2000,0.19,0.19,0.18,0.19,0.19,111600
15/06/2000,0.18,0.18,0.18,0.18,0.18,7200
16/06/2000,0.19,0.19,0.18,0.19,0.19,21600
19/06/2000,0.18,0.18,0.17,0.17,0.17,95400
20/06/2000,0.17,0.17,0.17,0.17,0.17,18000
21/06/2000,0.18,0.19,0.18,0.18,0.18,82800
22/06/2000,0.18,0.18,0.18,0.18,0.18,9000
23/06/2000,0.18,0.19,0.18,0.19,0.19,57600
26/06/2000,0.18,0.18,0.18,0.18,0.18,154800
27/06/2000,0.19,0.19,0.18,0.18,0.18,149400
28/06/2000,0.18,0.18,0.18,0.18,0.18,243000
29/06/2000,0.18,0.18,0.17,0.18,0.18,145800
30/06/2000,0.18,0.18,0.18,0.18,0.18,0
03/07/2000,0.18,0.18,0.18,0.18,0.18,12600
05/07/2000,0.17,0.18,0.17,0.18,0.18,167400
06/07/2000,0.18,0.18,0.17,0.18,0.18,174600
07/07/2000,0.18,0.18,0.18,0.18,0.18,0
10/07/2000,0.18,0.18,0.18,0.18,0.18,183600
11/07/2000,0.17,0.18,0.17,0.18,0.18,113400
12/07/2000,0.18,0.18,0.18,0.18,0.18,0
13/07/2000,0.18,0.18,0.18,0.18,0.18,3600
14/07/2000,0.18,0.18,0.18,0.18,0.18,12600
17/07/2000,0.18,0.18,0.17,0.17,0.17,37800
18/07/2000,0.17,0.18,0.17,0.17,0.17,23400
19/07/2000,0.17,0.17,0.17,0.17,0.17,140400
20/07/2000,0.17,0.18,0.17,0.18,0.18,7200
21/07/2000,0.17,0.17,0.17,0.17,0.17,48600
24/07/2000,0.18,0.19,0.18,0.18,0.18,259200
25/07/2000,0.19,0.22,0.19,0.22,0.22,937800
26/07/2000,0.21,0.21,0.19,0.2,0.2,1238400
27/07/2000,0.21,0.22,0.19,0.21,0.21,3659400
28/07/2000,0.2,0.21,0.19,0.19,0.19,423000
31/07/2000,0.21,0.21,0.2,0.2,0.2,354600
01/08/2000,0.21,0.21,0.2,0.21,0.21,336600
02/08/2000,0.2,0.21,0.2,0.2,0.2,324000
03/08/2000,0.2,0.21,0.2,0.21,0.21,1069200
04/08/2000,0.2,0.21,0.2,0.2,0.2,266400
07/08/2000,0.21,0.22,0.21,0.22,0.22,93600
08/08/2000,0.22,0.22,0.22,0.22,0.22,388800
09/08/2000,0.22,0.22,0.22,0.22,0.22,45000
10/08/2000,0.22,0.22,0.21,0.21,0.21,41400
11/08/2000,0.22,0.22,0.21,0.21,0.21,1755000
14/08/2000,0.22,0.26,0.22,0.26,0.26,3596400
15/08/2000,0.28,0.3,0.27,0.28,0.28,2568600
16/08/2000,0.29,0.31,0.28,0.3,0.3,1884600
17/08/2000,0.31,0.31,0.27,0.29,0.29,1778400
18/08/2000,0.29,0.32,0.28,0.32,0.32,1162800
21/08/2000,0.33,0.36,0.33,0.33,0.33,975600
22/08/2000,0.33,0.35,0.33,0.34,0.34,959400
23/08/2000,0.35,0.35,0.33,0.33,0.33,469800
24/08/2000,0.34,0.34,0.33,0.33,0.33,183600
25/08/2000,0.33,0.33,0.31,0.32,0.32,635400
28/08/2000,0.32,0.32,0.3,0.31,0.31,675000
29/08/2000,0.3,0.31,0.29,0.31,0.31,561600
30/08/2000,0.3,0.34,0.29,0.33,0.33,660600
31/08/2000,0.34,0.35,0.3,0.3,0.3,637200
01/09/2000,0.3,0.32,0.3,0.32,0.32,232200
05/09/2000,0.3,0.34,0.3,0.34,0.34,243000
06/09/2000,0.33,0.34,0.33,0.33,0.33,280800
07/09/2000,0.32,0.32,0.32,0.32,0.32,14400
08/09/2000,0.32,0.32,0.29,0.29,0.29,160200
11/09/2000,0.29,0.29,0.27,0.28,0.28,649800
12/09/2000,0.27,0.29,0.27,0.28,0.28,369000
13/09/2000,0.28,0.28,0.27,0.27,0.27,79200
14/09/2000,0.27,0.28,0.27,0.28,0.28,19800
15/09/2000,0.28,0.28,0.26,0.28,0.28,75600
18/09/2000,0.28,0.28,0.25,0.26,0.26,154800
19/09/2000,0.26,0.26,0.26,0.26,0.26,21600
20/09/2000,0.26,0.26,0.26,0.26,0.26,0
21/09/2000,0.27,0.27,0.26,0.26,0.26,68400
22/09/2000,0.27,0.27,0.27,0.27,0.27,18000
25/09/2000,0.28,0.29,0.28,0.29,0.29,1011600
26/09/2000,0.28,0.29,0.27,0.28,0.28,354600
27/09/2000,0.29,0.31,0.28,0.31,0.31,1330200
28/09/2000,0.31,0.31,0.3,0.31,0.31,252000
29/09/2000,0.3,0.3,0.3,0.3,0.3,185400
02/10/2000,0.3,0.31,0.3,0.3,0.3,55800
03/10/2000,0.31,0.31,0.29,0.29,0.29,171000
04/10/2000,0.3,0.3,0.28,0.28,0.28,5400
05/10/2000,0.29,0.29,0.28,0.28,0.28,406800
06/10/2000,0.27,0.28,0.27,0.28,0.28,504000
09/10/2000,0.27,0.28,0.27,0.27,0.27,39600
10/10/2000,0.27,0.27,0.27,0.27,0.27,5400
11/10/2000,0.27,0.27,0.27,0.27,0.27,5400
12/10/2000,0.27,0.28,0.27,0.28,0.28,79200
13/10/2000,0.28,0.29,0.28,0.29,0.29,59400
16/10/2000,0.29,0.3,0.29,0.3,0.3,73800
17/10/2000,0.33,0.33,0.29,0.29,0.29,392400
18/10/2000,0.3,0.3,0.28,0.28,0.28,115200
19/10/2000,0.28,0.28,0.27,0.27,0.27,122400
20/10/2000,0.28,0.28,0.27,0.27,0.27,910800
23/10/2000,0.27,0.27,0.25,0.25,0.25,147600
24/10/2000,0.25,0.25,0.25,0.25,0.25,3600
25/10/2000,0.24,0.26,0.23,0.26,0.26,1544400
26/10/2000,0.26,0.28,0.24,0.28,0.28,871200
27/10/2000,0.28,0.28,0.28,0.28,0.28,48600
30/10/2000,0.28,0.28,0.28,0.28,0.28,25200
31/10/2000,0.27,0.28,0.27,0.28,0.28,392400
01/11/2000,0.28,0.28,0.28,0.28,0.28,291600
02/11/2000,0.28,0.28,0.28,0.28,0.28,514800
03/11/2000,0.28,0.28,0.28,0.28,0.28,172800
06/11/2000,0.27,0.28,0.27,0.28,0.28,208800
07/11/2000,0.28,0.28,0.28,0.28,0.28,0
08/11/2000,0.27,0.27,0.27,0.27,0.27,3600
09/11/2000,0.28,0.28,0.27,0.27,0.27,21600
10/11/2000,0.27,0.27,0.26,0.26,0.26,120600
13/11/2000,0.27,0.27,0.26,0.26,0.26,106200
14/11/2000,0.26,0.31,0.26,0.29,0.29,347400
15/11/2000,0.28,0.28,0.28,0.28,0.28,21600
16/11/2000,0.28,0.28,0.28,0.28,0.28,0
17/11/2000,0.28,0.28,0.28,0.28,0.28,0
20/11/2000,0.27,0.27,0.26,0.27,0.27,124200
21/11/2000,0.27,0.27,0.27,0.27,0.27,25200
22/11/2000,0.28,0.28,0.28,0.28,0.28,10800
24/11/2000,0.27,0.27,0.26,0.26,0.26,25200
27/11/2000,0.28,0.28,0.26,0.26,0.26,25200
28/11/2000,0.28,0.28,0.26,0.26,0.26,55800
29/11/2000,0.25,0.25,0.23,0.25,0.25,149400
30/11/2000,0.24,0.25,0.24,0.25,0.25,189000
01/12/2000,0.24,0.25,0.24,0.25,0.25,21600
04/12/2000,0.23,0.25,0.23,0.25,0.25,205200
05/12/2000,0.25,0.25,0.25,0.25,0.25,0
06/12/2000,0.24,0.24,0.24,0.24,0.24,19800
07/12/2000,0.24,0.25,0.24,0.25,0.25,79200
08/12/2000,0.24,0.25,0.24,0.25,0.25,14400
11/12/2000,0.25,0.25,0.25,0.25,0.25,3600
12/12/2000,0.24,0.24,0.24,0.24,0.24,9000
13/12/2000,0.24,0.25,0.24,0.25,0.25,297000
14/12/2000,0.25,0.25,0.25,0.25,0.25,257400
15/12/2000,0.25,0.25,0.25,0.25,0.25,36000
18/12/2000,0.25,0.26,0.25,0.26,0.26,10800
19/12/2000,0.26,0.27,0.26,0.26,0.26,212400
20/12/2000,0.26,0.26,0.26,0.26,0.26,1800
21/12/2000,0.26,0.26,0.26,0.26,0.26,140400
22/12/2000,0.26,0.26,0.26,0.26,0.26,190800
26/12/2000,0.26,0.26,0.24,0.24,0.24,588600
27/12/2000,0.24,0.24,0.24,0.24,0.24,10800
28/12/2000,0.24,0.25,0.24,0.25,0.25,131400
29/12/2000,0.24,0.29,0.24,0.29,0.29,297000
02/01/2001,0.28,0.28,0.27,0.27,0.27,14400
03/01/2001,0.27,0.27,0.27,0.27,0.27,9000
04/01/2001,0.27,0.27,0.27,0.27,0.27,0
05/01/2001,0.28,0.28,0.28,0.28,0.28,36000
08/01/2001,0.27,0.27,0.26,0.26,0.26,21600
09/01/2001,0.26,0.26,0.26,0.26,0.26,0
10/01/2001,0.26,0.28,0.26,0.28,0.28,25200
11/01/2001,0.28,0.28,0.27,0.28,0.28,421200
12/01/2001,0.28,0.28,0.27,0.27,0.27,1171800
16/01/2001,0.27,0.28,0.24,0.26,0.26,1513800
17/01/2001,0.26,0.26,0.24,0.24,0.24,473400
18/01/2001,0.24,0.24,0.24,0.24,0.24,0
19/01/2001,0.25,0.25,0.24,0.24,0.24,147600
22/01/2001,0.24,0.24,0.23,0.24,0.24,183600
23/01/2001,0.23,0.23,0.23,0.23,0.23,84600
24/01/2001,0.23,0.23,0.23,0.23,0.23,160200
25/01/2001,0.24,0.24,0.22,0.22,0.22,64800
26/01/2001,0.22,0.22,0.22,0.22,0.22,217800
29/01/2001,0.22,0.22,0.2,0.2,0.2,219600
30/01/2001,0.22,0.23,0.22,0.22,0.22,342000
31/01/2001,0.22,0.22,0.21,0.21,0.21,183600
01/02/2001,0.22,0.22,0.21,0.21,0.21,174600
02/02/2001,0.21,0.21,0.21,0.21,0.21,54000
05/02/2001,0.21,0.22,0.21,0.22,0.22,216000
06/02/2001,0.21,0.21,0.21,0.21,0.21,66600
07/02/2001,0.21,0.21,0.21,0.21,0.21,192600
08/02/2001,0.22,0.22,0.22,0.22,0.22,39600
09/02/2001,0.21,0.21,0.21,0.21,0.21,16200
12/02/2001,0.21,0.22,0.21,0.22,0.22,354600
13/02/2001,0.22,0.22,0.22,0.22,0.22,106200
14/02/2001,0.23,0.23,0.23,0.23,0.23,12600
15/02/2001,0.23,0.23,0.22,0.22,0.22,390600
16/02/2001,0.22,0.22,0.22,0.22,0.22,0
20/02/2001,0.22,0.22,0.22,0.22,0.22,250200
21/02/2001,0.22,0.22,0.22,0.22,0.22,149400
22/02/2001,0.22,0.24,0.22,0.23,0.23,541800
23/02/2001,0.22,0.24,0.22,0.24,0.24,84600
26/02/2001,0.24,0.24,0.24,0.24,0.24,34200
27/02/2001,0.24,0.24,0.24,0.24,0.24,0
28/02/2001,0.23,0.23,0.22,0.22,0.22,169200
01/03/2001,0.23,0.23,0.22,0.22,0.22,151200
02/03/2001,0.22,0.22,0.21,0.21,0.21,192600
05/03/2001,0.22,0.22,0.22,0.22,0.22,36000
06/03/2001,0.23,0.23,0.23,0.23,0.23,7200
07/03/2001,0.23,0.23,0.23,0.23,0.23,39600
08/03/2001,0.23,0.23,0.23,0.23,0.23,122400
09/03/2001,0.23,0.23,0.23,0.23,0.23,115200
12/03/2001,0.23,0.24,0.23,0.24,0.24,73800
13/03/2001,0.23,0.24,0.22,0.24,0.24,86400
14/03/2001,0.22,0.22,0.21,0.22,0.22,198000
15/03/2001,0.22,0.22,0.22,0.22,0.22,93600
16/03/2001,0.22,0.22,0.22,0.22,0.22,111600
19/03/2001,0.22,0.22,0.22,0.22,0.22,70200
20/03/2001,0.22,0.22,0.22,0.22,0.22,37800
21/03/2001,0.22,0.22,0.22,0.22,0.22,54000
22/03/2001,0.22,0.22,0.22,0.22,0.22,0
23/03/2001,0.22,0.22,0.22,0.22,0.22,7200
26/03/2001,0.22,0.22,0.22,0.22,0.22,1800
27/03/2001,0.22,0.22,0.22,0.22,0.22,154800
28/03/2001,0.22,0.22,0.2,0.21,0.21,675000
29/03/2001,0.21,0.21,0.2,0.2,0.2,507600
30/03/2001,0.2,0.2,0.19,0.19,0.19,1285200
02/04/2001,0.19,0.2,0.19,0.2,0.2,25200
03/04/2001,0.19,0.2,0.19,0.2,0.2,46800
04/04/2001,0.2,0.2,0.19,0.2,0.2,75600
05/04/2001,0.2,0.21,0.19,0.2,0.2,84600
06/04/2001,0.19,0.19,0.19,0.19,0.19,39600
09/04/2001,0.19,0.19,0.19,0.19,0.19,30600
10/04/2001,0.19,0.2,0.19,0.19,0.19,70200
11/04/2001,0.21,0.21,0.19,0.19,0.19,822600
12/04/2001,0.19,0.19,0.19,0.19,0.19,0
16/04/2001,0.21,0.21,0.21,0.21,0.21,7200
17/04/2001,0.21,0.22,0.2,0.2,0.2,70200
18/04/2001,0.2,0.22,0.2,0.2,0.2,82800
19/04/2001,0.21,0.21,0.21,0.21,0.21,12600
20/04/2001,0.21,0.21,0.21,0.21,0.21,19800
23/04/2001,0.21,0.21,0.21,0.21,0.21,124200
24/04/2001,0.21,0.22,0.2,0.2,0.2,144000
25/04/2001,0.21,0.22,0.19,0.19,0.19,304200
26/04/2001,0.19,0.21,0.19,0.2,0.2,306000
27/04/2001,0.19,0.21,0.19,0.2,0.2,55800
30/04/2001,0.2,0.2,0.19,0.19,0.19,1814400
01/05/2001,0.2,0.2,0.2,0.2,0.2,109800
02/05/2001,0.2,0.2,0.19,0.2,0.2,61200
03/05/2001,0.2,0.23,0.2,0.21,0.21,372600
04/05/2001,0.23,0.23,0.21,0.21,0.21,194400
07/05/2001,0.22,0.22,0.21,0.21,0.21,124200
08/05/2001,0.21,0.23,0.2,0.21,0.21,194400
09/05/2001,0.21,0.22,0.21,0.22,0.22,239400
10/05/2001,0.22,0.22,0.22,0.22,0.22,142200
11/05/2001,0.21,0.21,0.21,0.21,0.21,122400
14/05/2001,0.22,0.22,0.22,0.22,0.22,75600
15/05/2001,0.22,0.22,0.2,0.21,0.21,324000
16/05/2001,0.21,0.23,0.21,0.23,0.23,1848600
17/05/2001,0.23,0.23,0.22,0.22,0.22,4185000
18/05/2001,0.22,0.23,0.21,0.21,0.21,1184400
21/05/2001,0.2,0.21,0.2,0.2,0.2,1265400
22/05/2001,0.2,0.21,0.2,0.21,0.21,277200
23/05/2001,0.21,0.21,0.21,0.21,0.21,261000
24/05/2001,0.22,0.22,0.21,0.21,0.21,97200
25/05/2001,0.21,0.21,0.21,0.21,0.21,61200
29/05/2001,0.21,0.21,0.21,0.21,0.21,336600
30/05/2001,0.21,0.23,0.21,0.22,0.22,543600
31/05/2001,0.21,0.22,0.21,0.22,0.22,2329200
01/06/2001,0.22,0.23,0.22,0.23,0.23,1796400
04/06/2001,0.23,0.25,0.23,0.25,0.25,2163600
05/06/2001,0.26,0.27,0.25,0.26,0.26,354600
06/06/2001,0.26,0.26,0.24,0.26,0.26,214200
07/06/2001,0.26,0.26,0.25,0.25,0.25,28800
08/06/2001,0.25,0.26,0.25,0.25,0.25,289800
11/06/2001,0.25,0.26,0.25,0.25,0.25,266400
12/06/2001,0.25,0.25,0.24,0.24,0.24,430200
13/06/2001,0.25,0.25,0.24,0.24,0.24,153000
14/06/2001,0.25,0.26,0.23,0.23,0.23,579600
15/06/2001,0.23,0.23,0.23,0.23,0.23,442800
18/06/2001,0.23,0.23,0.22,0.23,0.23,194400
19/06/2001,0.22,0.23,0.22,0.22,0.22,408600
20/06/2001,0.22,0.22,0.22,0.22,0.22,307800
21/06/2001,0.22,0.22,0.22,0.22,0.22,583200
22/06/2001,0.21,0.22,0.21,0.22,0.22,320400
25/06/2001,0.22,0.22,0.21,0.22,0.22,1119600
26/06/2001,0.21,0.21,0.21,0.21,0.21,1481400
27/06/2001,0.21,0.21,0.2,0.21,0.21,232200
28/06/2001,0.21,0.21,0.21,0.21,0.21,694800
29/06/2001,0.21,0.22,0.21,0.22,0.22,383400
02/07/2001,0.21,0.21,0.21,0.21,0.21,3600
03/07/2001,0.21,0.21,0.21,0.21,0.21,210600
05/07/2001,0.21,0.21,0.21,0.21,0.21,469800
06/07/2001,0.2,0.21,0.2,0.21,0.21,514800
09/07/2001,0.21,0.21,0.2,0.2,0.2,311400
10/07/2001,0.2,0.21,0.2,0.2,0.2,64800
11/07/2001,0.2,0.21,0.2,0.21,0.21,160200
12/07/2001,0.2,0.2,0.2,0.2,0.2,34200
13/07/2001,0.2,0.2,0.2,0.2,0.2,216000
16/07/2001,0.2,0.2,0.19,0.19,0.19,853200
17/07/2001,0.2,0.21,0.2,0.21,0.21,594000
18/07/2001,0.21,0.21,0.2,0.21,0.21,651600
19/07/2001,0.21,0.22,0.21,0.22,0.22,336600
20/07/2001,0.21,0.21,0.21,0.21,0.21,12600
23/07/2001,0.21,0.22,0.21,0.21,0.21,48600
24/07/2001,0.21,0.21,0.21,0.21,0.21,10800
25/07/2001,0.21,0.22,0.21,0.22,0.22,199800
26/07/2001,0.22,0.24,0.22,0.22,0.22,252000
27/07/2001,0.23,0.23,0.22,0.23,0.23,72000
30/07/2001,0.22,0.24,0.22,0.22,0.22,329400
31/07/2001,0.24,0.24,0.22,0.23,0.23,352800
01/08/2001,0.23,0.23,0.22,0.22,0.22,90000
02/08/2001,0.24,0.25,0.23,0.25,0.25,563400
03/08/2001,0.25,0.27,0.24,0.27,0.27,329400
06/08/2001,0.26,0.26,0.24,0.24,0.24,558000
07/08/2001,0.25,0.27,0.25,0.26,0.26,374400
08/08/2001,0.27,0.27,0.25,0.27,0.27,279000
09/08/2001,0.26,0.26,0.24,0.25,0.25,300600
10/08/2001,0.25,0.27,0.25,0.27,0.27,226800
13/08/2001,0.24,0.25,0.24,0.24,0.24,235800
14/08/2001,0.23,0.25,0.23,0.24,0.24,718200
15/08/2001,0.24,0.24,0.22,0.23,0.23,214200
16/08/2001,0.21,0.26,0.21,0.22,0.22,181800
17/08/2001,0.22,0.23,0.22,0.23,0.23,111600
20/08/2001,0.24,0.24,0.22,0.22,0.22,198000
21/08/2001,0.22,0.24,0.22,0.23,0.23,180000
22/08/2001,0.24,0.27,0.24,0.27,0.27,163800
23/08/2001,0.26,0.26,0.24,0.25,0.25,194400
24/08/2001,0.24,0.24,0.24,0.24,0.24,16200
27/08/2001,0.24,0.27,0.23,0.25,0.25,90000
28/08/2001,0.23,0.23,0.23,0.23,0.23,3600
29/08/2001,0.23,0.24,0.23,0.24,0.24,10800
30/08/2001,0.24,0.25,0.22,0.22,0.22,180000
31/08/2001,0.24,0.25,0.22,0.24,0.24,136800
04/09/2001,0.25,0.26,0.24,0.26,0.26,73800
05/09/2001,0.24,0.25,0.24,0.24,0.24,214200
06/09/2001,0.25,0.25,0.25,0.25,0.25,32400
07/09/2001,0.24,0.25,0.24,0.24,0.24,84600
10/09/2001,0.24,0.25,0.24,0.24,0.24,199800
17/09/2001,0.24,0.24,0.21,0.24,0.24,739800
18/09/2001,0.22,0.24,0.22,0.22,0.22,316800
19/09/2001,0.21,0.23,0.21,0.22,0.22,259200
20/09/2001,0.22,0.22,0.21,0.21,0.21,79200
21/09/2001,0.21,0.21,0.2,0.2,0.2,108000
24/09/2001,0.2,0.22,0.18,0.19,0.19,342000
25/09/2001,0.2,0.21,0.18,0.19,0.19,196200
26/09/2001,0.21,0.22,0.18,0.21,0.21,84600
27/09/2001,0.18,0.2,0.18,0.2,0.2,5400
28/09/2001,0.2,0.22,0.2,0.22,0.22,41400
01/10/2001,0.21,0.21,0.2,0.2,0.2,10800
02/10/2001,0.21,0.22,0.2,0.22,0.22,43200
03/10/2001,0.22,0.24,0.22,0.24,0.24,126000
04/10/2001,0.24,0.24,0.22,0.23,0.23,171000
05/10/2001,0.23,0.23,0.23,0.23,0.23,27000
08/10/2001,0.23,0.24,0.23,0.24,0.24,234000
09/10/2001,0.23,0.25,0.23,0.25,0.25,113400
10/10/2001,0.25,0.25,0.24,0.24,0.24,45000
11/10/2001,0.23,0.25,0.23,0.24,0.24,410400
12/10/2001,0.25,0.25,0.24,0.25,0.25,73800
15/10/2001,0.24,0.24,0.24,0.24,0.24,61200
16/10/2001,0.24,0.24,0.22,0.22,0.22,297000
17/10/2001,0.23,0.23,0.22,0.23,0.23,203400
18/10/2001,0.23,0.24,0.23,0.24,0.24,16200
19/10/2001,0.24,0.24,0.24,0.24,0.24,18000
22/10/2001,0.24,0.24,0.24,0.24,0.24,16200
23/10/2001,0.23,0.23,0.23,0.23,0.23,59400
24/10/2001,0.23,0.24,0.23,0.24,0.24,234000
25/10/2001,0.24,0.24,0.23,0.23,0.23,205200
26/10/2001,0.23,0.23,0.23,0.23,0.23,111600
29/10/2001,0.22,0.23,0.2,0.22,0.22,253800
30/10/2001,0.22,0.22,0.21,0.21,0.21,86400
31/10/2001,0.21,0.22,0.21,0.22,0.22,28800
01/11/2001,0.22,0.22,0.21,0.21,0.21,297000
02/11/2001,0.21,0.22,0.21,0.22,0.22,70200
05/11/2001,0.21,0.21,0.21,0.21,0.21,12600
06/11/2001,0.22,0.22,0.21,0.21,0.21,151200
07/11/2001,0.21,0.22,0.21,0.22,0.22,43200
08/11/2001,0.21,0.21,0.2,0.21,0.21,136800
09/11/2001,0.21,0.21,0.21,0.21,0.21,0
12/11/2001,0.21,0.22,0.21,0.22,0.22,19800
13/11/2001,0.22,0.22,0.22,0.22,0.22,0
14/11/2001,0.19,0.21,0.19,0.21,0.21,453600
15/11/2001,0.19,0.21,0.19,0.21,0.21,136800
16/11/2001,0.19,0.21,0.19,0.21,0.21,21600
19/11/2001,0.22,0.22,0.21,0.21,0.21,151200
20/11/2001,0.21,0.21,0.21,0.21,0.21,25200
21/11/2001,0.21,0.22,0.21,0.22,0.22,95400
23/11/2001,0.22,0.22,0.22,0.22,0.22,0
26/11/2001,0.22,0.22,0.21,0.21,0.21,586800
27/11/2001,0.21,0.21,0.21,0.21,0.21,57600
28/11/2001,0.21,0.22,0.21,0.22,0.22,361800
29/11/2001,0.21,0.21,0.21,0.21,0.21,275400
30/11/2001,0.21,0.21,0.21,0.21,0.21,144000
03/12/2001,0.21,0.21,0.21,0.21,0.21,730800
04/12/2001,0.21,0.22,0.2,0.2,0.2,124200
05/12/2001,0.2,0.2,0.2,0.2,0.2,10800
06/12/2001,0.2,0.21,0.2,0.21,0.21,19800
07/12/2001,0.21,0.21,0.21,0.21,0.21,259200
10/12/2001,0.21,0.22,0.2,0.2,0.2,374400
11/12/2001,0.21,0.21,0.2,0.21,0.21,144000
12/12/2001,0.21,0.21,0.21,0.21,0.21,203400
13/12/2001,0.21,0.22,0.21,0.22,0.22,144000
14/12/2001,0.21,0.22,0.21,0.21,0.21,144000
17/12/2001,0.22,0.22,0.22,0.22,0.22,235800
18/12/2001,0.22,0.24,0.22,0.24,0.24,334800
19/12/2001,0.22,0.23,0.22,0.22,0.22,181800
20/12/2001,0.23,0.23,0.23,0.23,0.23,82800
21/12/2001,0.23,0.23,0.23,0.23,0.23,81000
24/12/2001,0.23,0.23,0.23,0.23,0.23,41400
26/12/2001,0.26,0.26,0.24,0.25,0.25,91800
27/12/2001,0.24,0.25,0.23,0.24,0.24,216000
28/12/2001,0.24,0.24,0.23,0.23,0.23,72000
31/12/2001,0.23,0.25,0.23,0.24,0.24,374400
02/01/2002,0.25,0.25,0.23,0.24,0.24,223200
03/01/2002,0.24,0.24,0.24,0.24,0.24,0
04/01/2002,0.24,0.25,0.24,0.24,0.24,91800
07/01/2002,0.25,0.25,0.23,0.23,0.23,1020600
08/01/2002,0.23,0.24,0.23,0.23,0.23,189000
09/01/2002,0.25,0.25,0.23,0.23,0.23,486000
10/01/2002,0.23,0.23,0.22,0.22,0.22,824400
11/01/2002,0.22,0.22,0.22,0.22,0.22,95400
14/01/2002,0.34,0.35,0.28,0.29,0.29,10089000
15/01/2002,0.29,0.29,0.26,0.27,0.27,1965600
16/01/2002,0.28,0.29,0.27,0.28,0.28,1296000
17/01/2002,0.28,0.29,0.28,0.28,0.28,937800
18/01/2002,0.28,0.29,0.28,0.29,0.29,930600
22/01/2002,0.3,0.31,0.29,0.29,0.29,709200
23/01/2002,0.29,0.29,0.28,0.28,0.28,754200
24/01/2002,0.28,0.29,0.28,0.28,0.28,280800
25/01/2002,0.28,0.28,0.28,0.28,0.28,196200
28/01/2002,0.28,0.29,0.28,0.28,0.28,604800
29/01/2002,0.29,0.3,0.29,0.29,0.29,921600
30/01/2002,0.29,0.3,0.29,0.29,0.29,151200
31/01/2002,0.29,0.29,0.28,0.29,0.29,340200
01/02/2002,0.28,0.29,0.28,0.28,0.28,469800
04/02/2002,0.29,0.29,0.28,0.28,0.28,162000
05/02/2002,0.28,0.28,0.27,0.27,0.27,180000
06/02/2002,0.27,0.27,0.25,0.27,0.27,415800
07/02/2002,0.26,0.26,0.25,0.25,0.25,214200
08/02/2002,0.25,0.25,0.25,0.25,0.25,342000
11/02/2002,0.25,0.26,0.25,0.25,0.25,246600
12/02/2002,0.25,0.25,0.25,0.25,0.25,84600
13/02/2002,0.25,0.25,0.25,0.25,0.25,473400
14/02/2002,0.25,0.26,0.25,0.25,0.25,138600
15/02/2002,0.26,0.26,0.25,0.26,0.26,160200
19/02/2002,0.26,0.27,0.26,0.27,0.27,120600
20/02/2002,0.27,0.28,0.26,0.27,0.27,190800
21/02/2002,0.26,0.3,0.26,0.28,0.28,253800
22/02/2002,0.28,0.28,0.28,0.28,0.28,221400
25/02/2002,0.27,0.29,0.27,0.29,0.29,559800
26/02/2002,0.28,0.29,0.28,0.28,0.28,234000
27/02/2002,0.28,0.28,0.28,0.28,0.28,318600
28/02/2002,0.28,0.28,0.28,0.28,0.28,192600
01/03/2002,0.28,0.28,0.27,0.28,0.28,198000
04/03/2002,0.28,0.28,0.28,0.28,0.28,262800
05/03/2002,0.28,0.29,0.28,0.28,0.28,73800
06/03/2002,0.28,0.28,0.28,0.28,0.28,293400
07/03/2002,0.29,0.29,0.28,0.28,0.28,192600
08/03/2002,0.28,0.28,0.28,0.28,0.28,0
11/03/2002,0.29,0.29,0.28,0.28,0.28,61200
12/03/2002,0.28,0.29,0.28,0.28,0.28,943200
13/03/2002,0.28,0.28,0.28,0.28,0.28,212400
14/03/2002,0.28,0.28,0.28,0.28,0.28,286200
15/03/2002,0.28,0.29,0.28,0.28,0.28,244800
18/03/2002,0.29,0.29,0.28,0.28,0.28,234000
19/03/2002,0.29,0.29,0.29,0.29,0.29,232200
20/03/2002,0.29,0.29,0.28,0.28,0.28,120600
21/03/2002,0.28,0.28,0.28,0.28,0.28,10800
22/03/2002,0.28,0.28,0.28,0.28,0.28,59400
25/03/2002,0.29,0.29,0.28,0.28,0.28,280800
26/03/2002,0.28,0.28,0.28,0.28,0.28,426600
27/03/2002,0.29,0.31,0.28,0.28,0.28,471600
28/03/2002,0.28,0.3,0.28,0.29,0.29,268200
01/04/2002,0.29,0.29,0.28,0.28,0.28,100800
02/04/2002,0.28,0.29,0.28,0.29,0.29,25200
03/04/2002,0.29,0.3,0.28,0.29,0.29,226800
04/04/2002,0.3,0.31,0.29,0.3,0.3,201600
05/04/2002,0.3,0.3,0.29,0.29,0.29,77400
08/04/2002,0.29,0.31,0.29,0.31,0.31,14400
09/04/2002,0.3,0.31,0.29,0.31,0.31,187200
10/04/2002,0.3,0.32,0.3,0.3,0.3,649800
11/04/2002,0.31,0.32,0.3,0.3,0.3,653400
12/04/2002,0.3,0.3,0.29,0.29,0.29,228600
15/04/2002,0.29,0.29,0.29,0.29,0.29,57600
16/04/2002,0.3,0.3,0.29,0.29,0.29,165600
17/04/2002,0.28,0.29,0.28,0.28,0.28,79200
18/04/2002,0.28,0.29,0.28,0.29,0.29,108000
19/04/2002,0.29,0.29,0.28,0.29,0.29,329400
22/04/2002,0.29,0.29,0.28,0.28,0.28,140400
23/04/2002,0.29,0.3,0.29,0.3,0.3,91800
24/04/2002,0.29,0.3,0.29,0.3,0.3,25200
25/04/2002,0.3,0.32,0.29,0.31,0.31,1105200
26/04/2002,0.31,0.31,0.3,0.31,0.31,1027800
29/04/2002,0.31,0.32,0.3,0.31,0.31,1000800
30/04/2002,0.32,0.32,0.28,0.29,0.29,403200
01/05/2002,0.3,0.31,0.29,0.29,0.29,955800
02/05/2002,0.29,0.3,0.29,0.29,0.29,207000
03/05/2002,0.29,0.29,0.28,0.28,0.28,757800
06/05/2002,0.28,0.28,0.27,0.28,0.28,122400
07/05/2002,0.27,0.28,0.27,0.27,0.27,293400
08/05/2002,0.27,0.27,0.26,0.26,0.26,145800
09/05/2002,0.26,0.27,0.26,0.27,0.27,48600
10/05/2002,0.27,0.28,0.27,0.27,0.27,228600
13/05/2002,0.27,0.28,0.27,0.27,0.27,135000
14/05/2002,0.27,0.27,0.27,0.27,0.27,45000
15/05/2002,0.27,0.28,0.27,0.28,0.28,120600
16/05/2002,0.27,0.27,0.27,0.27,0.27,136800
17/05/2002,0.27,0.28,0.25,0.25,0.25,275400
20/05/2002,0.25,0.27,0.25,0.27,0.27,739800
21/05/2002,0.27,0.27,0.24,0.24,0.24,156600
22/05/2002,0.24,0.26,0.24,0.26,0.26,585000
23/05/2002,0.26,0.27,0.25,0.27,0.27,201600
24/05/2002,0.25,0.27,0.25,0.27,0.27,19800
28/05/2002,0.27,0.27,0.26,0.27,0.27,117000
29/05/2002,0.27,0.27,0.26,0.27,0.27,176400
30/05/2002,0.27,0.27,0.26,0.26,0.26,145800
31/05/2002,0.26,0.26,0.26,0.26,0.26,313200
03/06/2002,0.26,0.26,0.26,0.26,0.26,61200
04/06/2002,0.26,0.29,0.26,0.28,0.28,291600
05/06/2002,0.28,0.28,0.28,0.28,0.28,68400
06/06/2002,0.28,0.28,0.26,0.26,0.26,36000
07/06/2002,0.28,0.28,0.28,0.28,0.28,10800
10/06/2002,0.28,0.28,0.28,0.28,0.28,25200
11/06/2002,0.28,0.28,0.27,0.28,0.28,68400
12/06/2002,0.27,0.27,0.26,0.27,0.27,68400
13/06/2002,0.27,0.27,0.24,0.25,0.25,226800
14/06/2002,0.25,0.26,0.25,0.26,0.26,351000
17/06/2002,0.25,0.25,0.24,0.25,0.25,18000
18/06/2002,0.25,0.27,0.25,0.26,0.26,293400
19/06/2002,0.26,0.26,0.25,0.25,0.25,39600
20/06/2002,0.25,0.25,0.25,0.25,0.25,0
21/06/2002,0.26,0.26,0.25,0.25,0.25,7200
24/06/2002,0.25,0.25,0.25,0.25,0.25,16200
25/06/2002,0.25,0.26,0.25,0.26,0.26,88200
26/06/2002,0.25,0.25,0.24,0.24,0.24,82800
27/06/2002,0.24,0.24,0.24,0.24,0.24,50400
28/06/2002,0.24,0.25,0.24,0.25,0.25,50400
01/07/2002,0.25,0.25,0.25,0.25,0.25,0
02/07/2002,0.24,0.24,0.22,0.22,0.22,199800
03/07/2002,0.22,0.23,0.22,0.22,0.22,439200
05/07/2002,0.22,0.23,0.22,0.23,0.23,28800
08/07/2002,0.22,0.22,0.22,0.22,0.22,30600
09/07/2002,0.22,0.23,0.22,0.23,0.23,64800
10/07/2002,0.23,0.23,0.23,0.23,0.23,18000
11/07/2002,0.22,0.22,0.22,0.22,0.22,12600
12/07/2002,0.22,0.24,0.22,0.24,0.24,43200
15/07/2002,0.23,0.24,0.23,0.23,0.23,324000
16/07/2002,0.23,0.25,0.23,0.25,0.25,21600
17/07/2002,0.25,0.26,0.24,0.24,0.24,207000
18/07/2002,0.24,0.26,0.24,0.26,0.26,61200
19/07/2002,0.24,0.24,0.22,0.22,0.22,104400
22/07/2002,0.22,0.23,0.21,0.22,0.22,77400
23/07/2002,0.21,0.23,0.2,0.21,0.21,442800
24/07/2002,0.2,0.26,0.2,0.24,0.24,219600
25/07/2002,0.24,0.26,0.24,0.26,0.26,59400
26/07/2002,0.25,0.25,0.25,0.25,0.25,9000
29/07/2002,0.26,0.27,0.24,0.26,0.26,102600
30/07/2002,0.26,0.26,0.25,0.25,0.25,102600
31/07/2002,0.24,0.25,0.24,0.25,0.25,73800
01/08/2002,0.25,0.25,0.25,0.25,0.25,37800
02/08/2002,0.24,0.24,0.24,0.24,0.24,3600
05/08/2002,0.25,0.25,0.24,0.25,0.25,97200
06/08/2002,0.24,0.25,0.24,0.24,0.24,131400
07/08/2002,0.24,0.24,0.23,0.24,0.24,90000
08/08/2002,0.23,0.24,0.23,0.24,0.24,178200
09/08/2002,0.24,0.24,0.24,0.24,0.24,10800
12/08/2002,0.24,0.27,0.24,0.27,0.27,306000
13/08/2002,0.26,0.27,0.26,0.26,0.26,41400
14/08/2002,0.26,0.26,0.26,0.26,0.26,27000
15/08/2002,0.26,0.27,0.25,0.27,0.27,34200
16/08/2002,0.27,0.27,0.26,0.26,0.26,59400
19/08/2002,0.27,0.28,0.27,0.28,0.28,311400
20/08/2002,0.28,0.29,0.27,0.28,0.28,309600
21/08/2002,0.27,0.27,0.27,0.27,0.27,43200
22/08/2002,0.27,0.27,0.27,0.27,0.27,176400
23/08/2002,0.27,0.27,0.27,0.27,0.27,172800
26/08/2002,0.27,0.27,0.27,0.27,0.27,63000
27/08/2002,0.27,0.27,0.27,0.27,0.27,88200
28/08/2002,0.27,0.27,0.27,0.27,0.27,7200
29/08/2002,0.27,0.27,0.26,0.26,0.26,138600
30/08/2002,0.26,0.26,0.26,0.26,0.26,14400
03/09/2002,0.27,0.27,0.26,0.26,0.26,104400
04/09/2002,0.26,0.26,0.26,0.26,0.26,25200
05/09/2002,0.26,0.26,0.24,0.24,0.24,90000
06/09/2002,0.24,0.24,0.23,0.24,0.24,302400
09/09/2002,0.24,0.24,0.22,0.22,0.22,322200
10/09/2002,0.22,0.23,0.22,0.23,0.23,81000
11/09/2002,0.22,0.22,0.22,0.22,0.22,140400
12/09/2002,0.22,0.23,0.22,0.23,0.23,48600
13/09/2002,0.22,0.22,0.22,0.22,0.22,21600
16/09/2002,0.22,0.24,0.22,0.24,0.24,210600
17/09/2002,0.25,0.25,0.24,0.25,0.25,104400
18/09/2002,0.25,0.25,0.23,0.24,0.24,70200
19/09/2002,0.24,0.24,0.24,0.24,0.24,120600
20/09/2002,0.24,0.24,0.24,0.24,0.24,55800
23/09/2002,0.25,0.25,0.23,0.23,0.23,39600
24/09/2002,0.23,0.24,0.23,0.23,0.23,27000
25/09/2002,0.24,0.25,0.24,0.24,0.24,39600
26/09/2002,0.25,0.25,0.25,0.25,0.25,73800
27/09/2002,0.26,0.26,0.24,0.25,0.25,95400
30/09/2002,0.25,0.25,0.24,0.25,0.25,19800
01/10/2002,0.25,0.25,0.24,0.25,0.25,577800
02/10/2002,0.24,0.24,0.24,0.24,0.24,50400
03/10/2002,0.24,0.24,0.23,0.23,0.23,27000
04/10/2002,0.23,0.23,0.2,0.2,0.2,363600
07/10/2002,0.21,0.21,0.17,0.18,0.18,545400
08/10/2002,0.18,0.18,0.15,0.16,0.16,615600
09/10/2002,0.16,0.17,0.14,0.16,0.16,462600
10/10/2002,0.15,0.19,0.15,0.16,0.16,383400
11/10/2002,0.19,0.22,0.17,0.19,0.19,491400
14/10/2002,0.2,0.2,0.19,0.19,0.19,37800
15/10/2002,0.19,0.19,0.19,0.19,0.19,120600
16/10/2002,0.19,0.19,0.17,0.18,0.18,88200
17/10/2002,0.18,0.18,0.17,0.17,0.17,228600
18/10/2002,0.17,0.18,0.17,0.17,0.17,43200
21/10/2002,0.18,0.18,0.18,0.18,0.18,90000
22/10/2002,0.18,0.18,0.17,0.18,0.18,36000
23/10/2002,0.18,0.18,0.17,0.18,0.18,21600
24/10/2002,0.17,0.18,0.17,0.18,0.18,151200
25/10/2002,0.19,0.19,0.18,0.19,0.19,70200
28/10/2002,0.18,0.18,0.18,0.18,0.18,5400
29/10/2002,0.19,0.22,0.19,0.2,0.2,234000
30/10/2002,0.21,0.22,0.21,0.21,0.21,72000
31/10/2002,0.21,0.21,0.21,0.21,0.21,25200
01/11/2002,0.21,0.21,0.21,0.21,0.21,187200
04/11/2002,0.21,0.21,0.21,0.21,0.21,55800
05/11/2002,0.21,0.21,0.21,0.21,0.21,111600
06/11/2002,0.2,0.21,0.2,0.21,0.21,72000
07/11/2002,0.21,0.21,0.21,0.21,0.21,36000
08/11/2002,0.21,0.21,0.2,0.2,0.2,109800
11/11/2002,0.2,0.21,0.2,0.2,0.2,54000
12/11/2002,0.2,0.2,0.19,0.2,0.2,109800
13/11/2002,0.2,0.2,0.19,0.19,0.19,19800
14/11/2002,0.19,0.2,0.19,0.2,0.2,298800
15/11/2002,0.2,0.2,0.19,0.19,0.19,23400
18/11/2002,0.2,0.2,0.2,0.2,0.2,3600
19/11/2002,0.2,0.2,0.19,0.19,0.19,84600
20/11/2002,0.19,0.2,0.19,0.2,0.2,14400
21/11/2002,0.2,0.2,0.19,0.2,0.2,104400
22/11/2002,0.2,0.21,0.19,0.21,0.21,90000
25/11/2002,0.21,0.22,0.2,0.2,0.2,243000
26/11/2002,0.21,0.21,0.21,0.21,0.21,63000
27/11/2002,0.21,0.21,0.21,0.21,0.21,57600
29/11/2002,0.22,0.22,0.21,0.21,0.21,18000
02/12/2002,0.2,0.22,0.2,0.21,0.21,75600
03/12/2002,0.2,0.2,0.2,0.2,0.2,122400
04/12/2002,0.21,0.21,0.2,0.2,0.2,140400
05/12/2002,0.2,0.2,0.2,0.2,0.2,302400
06/12/2002,0.2,0.2,0.19,0.2,0.2,28800
09/12/2002,0.2,0.21,0.2,0.21,0.21,136800
10/12/2002,0.2,0.2,0.2,0.2,0.2,14400
11/12/2002,0.2,0.2,0.2,0.2,0.2,7200
12/12/2002,0.2,0.2,0.2,0.2,0.2,1800
13/12/2002,0.2,0.2,0.2,0.2,0.2,12600
16/12/2002,0.2,0.2,0.19,0.2,0.2,140400
17/12/2002,0.19,0.2,0.19,0.19,0.19,52200
18/12/2002,0.19,0.19,0.16,0.19,0.19,365400
19/12/2002,0.18,0.19,0.18,0.19,0.19,781200
20/12/2002,0.18,0.19,0.17,0.18,0.18,41400
23/12/2002,0.18,0.19,0.18,0.19,0.19,133200
24/12/2002,0.19,0.19,0.19,0.19,0.19,19800
26/12/2002,0.19,0.19,0.19,0.19,0.19,244800
27/12/2002,0.19,0.19,0.18,0.18,0.18,64800
30/12/2002,0.18,0.2,0.18,0.19,0.19,106200
31/12/2002,0.18,0.19,0.18,0.19,0.19,192600
02/01/2003,0.18,0.19,0.18,0.19,0.19,63000
03/01/2003,0.19,0.19,0.19,0.19,0.19,75600
06/01/2003,0.2,0.21,0.2,0.21,0.21,37800
07/01/2003,0.2,0.21,0.2,0.2,0.2,133200
08/01/2003,0.21,0.21,0.21,0.21,0.21,1800
09/01/2003,0.21,0.21,0.21,0.21,0.21,0
10/01/2003,0.2,0.21,0.2,0.2,0.2,48600
13/01/2003,0.2,0.21,0.2,0.2,0.2,63000
14/01/2003,0.2,0.21,0.2,0.21,0.21,5400
15/01/2003,0.21,0.21,0.2,0.2,0.2,37800
16/01/2003,0.2,0.21,0.2,0.21,0.21,82800
17/01/2003,0.21,0.21,0.21,0.21,0.21,0
21/01/2003,0.21,0.25,0.21,0.23,0.23,248400
22/01/2003,0.22,0.22,0.21,0.21,0.21,25200
23/01/2003,0.21,0.22,0.21,0.22,0.22,160200
24/01/2003,0.22,0.22,0.22,0.22,0.22,5400
27/01/2003,0.22,0.23,0.22,0.23,0.23,43200
28/01/2003,0.23,0.23,0.22,0.22,0.22,136800
29/01/2003,0.22,0.23,0.22,0.23,0.23,57600
30/01/2003,0.23,0.23,0.23,0.23,0.23,86400
31/01/2003,0.23,0.24,0.23,0.24,0.24,131400
03/02/2003,0.24,0.25,0.24,0.25,0.25,433800
04/02/2003,0.25,0.25,0.25,0.25,0.25,217800
05/02/2003,0.25,0.25,0.25,0.25,0.25,455400
06/02/2003,0.25,0.27,0.25,0.27,0.27,291600
07/02/2003,0.26,0.27,0.26,0.26,0.26,253800
10/02/2003,0.26,0.28,0.26,0.28,0.28,806400
11/02/2003,0.28,0.28,0.26,0.26,0.26,565200
12/02/2003,0.26,0.27,0.26,0.26,0.26,63000
13/02/2003,0.27,0.27,0.26,0.26,0.26,133200
14/02/2003,0.26,0.26,0.26,0.26,0.26,192600
18/02/2003,0.26,0.26,0.26,0.26,0.26,55800
19/02/2003,0.26,0.26,0.26,0.26,0.26,1204200
20/02/2003,0.26,0.27,0.26,0.27,0.27,266400
21/02/2003,0.28,0.28,0.26,0.27,0.27,104400
24/02/2003,0.26,0.26,0.26,0.26,0.26,424800
25/02/2003,0.26,0.26,0.26,0.26,0.26,39600
26/02/2003,0.26,0.26,0.22,0.25,0.25,180000
27/02/2003,0.26,0.27,0.25,0.27,0.27,174600
28/02/2003,0.28,0.28,0.25,0.26,0.26,124200
03/03/2003,0.26,0.26,0.24,0.24,0.24,64800
04/03/2003,0.24,0.24,0.23,0.23,0.23,37800
05/03/2003,0.24,0.24,0.23,0.24,0.24,81000
06/03/2003,0.23,0.23,0.23,0.23,0.23,36000
07/03/2003,0.23,0.23,0.23,0.23,0.23,27000
10/03/2003,0.23,0.23,0.23,0.23,0.23,10800
11/03/2003,0.23,0.23,0.22,0.22,0.22,1933200
12/03/2003,0.22,0.22,0.21,0.22,0.22,140400
13/03/2003,0.22,0.22,0.22,0.22,0.22,113400
14/03/2003,0.22,0.22,0.22,0.22,0.22,109800
17/03/2003,0.22,0.22,0.22,0.22,0.22,171000
18/03/2003,0.22,0.22,0.22,0.22,0.22,230400
19/03/2003,0.22,0.22,0.22,0.22,0.22,66600
20/03/2003,0.22,0.22,0.22,0.22,0.22,59400
21/03/2003,0.22,0.23,0.22,0.22,0.22,307800
24/03/2003,0.21,0.23,0.21,0.22,0.22,311400
25/03/2003,0.22,0.23,0.22,0.23,0.23,181800
26/03/2003,0.23,0.24,0.23,0.23,0.23,381600
27/03/2003,0.23,0.23,0.23,0.23,0.23,351000
28/03/2003,0.23,0.23,0.23,0.23,0.23,95400
31/03/2003,0.23,0.23,0.23,0.23,0.23,70200
01/04/2003,0.23,0.23,0.23,0.23,0.23,147600
02/04/2003,0.23,0.24,0.23,0.24,0.24,232200
03/04/2003,0.24,0.24,0.24,0.24,0.24,73800
04/04/2003,0.24,0.24,0.24,0.24,0.24,70200
07/04/2003,0.24,0.25,0.24,0.25,0.25,135000
08/04/2003,0.24,0.25,0.24,0.24,0.24,180000
09/04/2003,0.24,0.24,0.23,0.24,0.24,66600
10/04/2003,0.23,0.23,0.23,0.23,0.23,77400
11/04/2003,0.23,0.23,0.23,0.23,0.23,376200
14/04/2003,0.24,0.24,0.23,0.24,0.24,120600
15/04/2003,0.24,0.24,0.23,0.23,0.23,48600
16/04/2003,0.23,0.24,0.23,0.24,0.24,327600
17/04/2003,0.23,0.24,0.23,0.24,0.24,225000
21/04/2003,0.24,0.25,0.24,0.25,0.25,592200
22/04/2003,0.25,0.26,0.25,0.26,0.26,93600
23/04/2003,0.26,0.26,0.26,0.26,0.26,32400
24/04/2003,0.27,0.36,0.27,0.34,0.34,3704400
25/04/2003,0.34,0.34,0.31,0.31,0.31,513000
28/04/2003,0.31,0.34,0.31,0.34,0.34,1022400
29/04/2003,0.33,0.34,0.32,0.34,0.34,729000
30/04/2003,0.32,0.33,0.32,0.33,0.33,1186200
01/05/2003,0.33,0.33,0.32,0.32,0.32,1677600
02/05/2003,0.31,0.33,0.31,0.33,0.33,464400
05/05/2003,0.34,0.34,0.32,0.33,0.33,275400
06/05/2003,0.33,0.33,0.31,0.32,0.32,257400
07/05/2003,0.32,0.34,0.31,0.34,0.34,450000
08/05/2003,0.33,0.33,0.32,0.33,0.33,117000
09/05/2003,0.33,0.34,0.33,0.34,0.34,430200
12/05/2003,0.34,0.34,0.33,0.34,0.34,637200
13/05/2003,0.34,0.38,0.34,0.37,0.37,1690200
14/05/2003,0.38,0.38,0.35,0.35,0.35,552600
15/05/2003,0.35,0.35,0.34,0.34,0.34,1060200
16/05/2003,0.34,0.35,0.33,0.34,0.34,261000
19/05/2003,0.36,0.36,0.34,0.34,0.34,205200
20/05/2003,0.35,0.35,0.34,0.34,0.34,363600
21/05/2003,0.34,0.34,0.32,0.34,0.34,594000
22/05/2003,0.33,0.34,0.33,0.34,0.34,664200
23/05/2003,0.34,0.34,0.34,0.34,0.34,102600
27/05/2003,0.34,0.34,0.33,0.34,0.34,255600
28/05/2003,0.33,0.35,0.33,0.35,0.35,223200
29/05/2003,0.34,0.34,0.33,0.34,0.34,68400
30/05/2003,0.34,0.35,0.33,0.35,0.35,369000
02/06/2003,0.34,0.35,0.33,0.33,0.33,136800
03/06/2003,0.33,0.35,0.33,0.35,0.35,187200
04/06/2003,0.34,0.35,0.33,0.34,0.34,297000
05/06/2003,0.35,0.37,0.34,0.36,0.36,475200
06/06/2003,0.36,0.36,0.34,0.35,0.35,189000
09/06/2003,0.36,0.36,0.35,0.36,0.36,225000
10/06/2003,0.35,0.36,0.35,0.35,0.35,97200
11/06/2003,0.35,0.36,0.35,0.36,0.36,178200
12/06/2003,0.36,0.37,0.36,0.37,0.37,158400
13/06/2003,0.36,0.36,0.36,0.36,0.36,99000
16/06/2003,0.36,0.39,0.36,0.37,0.37,619200
17/06/2003,0.37,0.37,0.29,0.36,0.36,669600
18/06/2003,0.36,0.36,0.36,0.36,0.36,131400
19/06/2003,0.36,0.37,0.36,0.36,0.36,97200
20/06/2003,0.36,0.37,0.36,0.36,0.36,311400
23/06/2003,0.36,0.37,0.35,0.35,0.35,185400
24/06/2003,0.35,0.35,0.35,0.35,0.35,0
25/06/2003,0.38,0.39,0.36,0.36,0.36,608400
26/06/2003,0.36,0.36,0.35,0.36,0.36,612000
27/06/2003,0.36,0.36,0.35,0.35,0.35,723600
30/06/2003,0.35,0.36,0.35,0.36,0.36,626400
01/07/2003,0.35,0.36,0.35,0.36,0.36,457200
02/07/2003,0.35,0.36,0.35,0.36,0.36,583200
03/07/2003,0.36,0.36,0.35,0.36,0.36,19800
07/07/2003,0.35,0.36,0.35,0.36,0.36,361800
08/07/2003,0.36,0.39,0.36,0.39,0.39,734400
09/07/2003,0.38,0.41,0.38,0.4,0.4,696600
10/07/2003,0.41,0.41,0.39,0.4,0.4,221400
11/07/2003,0.39,0.4,0.39,0.39,0.39,945000
14/07/2003,0.39,0.39,0.38,0.39,0.39,1040400
15/07/2003,0.39,0.39,0.39,0.39,0.39,541800
16/07/2003,0.39,0.39,0.38,0.38,0.38,1216800
17/07/2003,0.38,0.38,0.36,0.36,0.36,817200
18/07/2003,0.39,0.39,0.37,0.38,0.38,358200
21/07/2003,0.38,0.38,0.37,0.37,0.37,1668600
22/07/2003,0.37,0.37,0.37,0.37,0.37,842400
23/07/2003,0.37,0.37,0.37,0.37,0.37,831600
24/07/2003,0.39,0.4,0.38,0.39,0.39,1648800
25/07/2003,0.38,0.39,0.38,0.38,0.38,471600
28/07/2003,0.39,0.39,0.39,0.39,0.39,914400
29/07/2003,0.39,0.39,0.39,0.39,0.39,1468800
30/07/2003,0.4,0.42,0.39,0.41,0.41,1629000
31/07/2003,0.43,0.48,0.42,0.46,0.46,1882800
01/08/2003,0.46,0.47,0.45,0.46,0.46,896400
04/08/2003,0.45,0.46,0.44,0.45,0.45,466200
05/08/2003,0.45,0.47,0.45,0.47,0.47,212400
06/08/2003,0.47,0.47,0.45,0.46,0.46,894600
07/08/2003,0.46,0.47,0.46,0.46,0.46,72000
08/08/2003,0.47,0.47,0.46,0.47,0.47,162000
11/08/2003,0.46,0.47,0.46,0.47,0.47,374400
12/08/2003,0.47,0.49,0.47,0.49,0.49,549000
13/08/2003,0.5,0.51,0.49,0.5,0.5,748800
14/08/2003,0.52,0.52,0.51,0.51,0.51,259200
15/08/2003,0.51,0.51,0.51,0.51,0.51,55800
18/08/2003,0.53,0.53,0.51,0.52,0.52,842400
19/08/2003,0.52,0.52,0.51,0.51,0.51,217800
20/08/2003,0.52,0.52,0.49,0.51,0.51,244800
21/08/2003,0.49,0.52,0.49,0.5,0.5,178200
22/08/2003,0.49,0.5,0.49,0.5,0.5,118800
25/08/2003,0.51,0.51,0.49,0.49,0.49,109800
26/08/2003,0.51,0.51,0.49,0.49,0.49,133200
27/08/2003,0.5,0.5,0.49,0.5,0.5,147600
28/08/2003,0.5,0.51,0.5,0.51,0.51,181800
29/08/2003,0.51,0.52,0.51,0.51,0.51,104400
02/09/2003,0.51,0.52,0.51,0.52,0.52,201600
03/09/2003,0.52,0.53,0.51,0.52,0.52,972000
04/09/2003,0.51,0.53,0.51,0.53,0.53,266400
05/09/2003,0.52,0.53,0.52,0.52,0.52,604800
08/09/2003,0.53,0.53,0.5,0.52,0.52,331200
09/09/2003,0.51,0.51,0.51,0.51,0.51,853200
10/09/2003,0.51,0.53,0.5,0.53,0.53,358200
11/09/2003,0.51,0.52,0.51,0.52,0.52,27000
12/09/2003,0.52,0.53,0.52,0.52,0.52,111600
15/09/2003,0.53,0.53,0.52,0.52,0.52,682200
16/09/2003,0.53,0.58,0.52,0.56,0.56,1067400
17/09/2003,0.56,0.57,0.56,0.56,0.56,288000
18/09/2003,0.57,0.57,0.56,0.56,0.56,167400
19/09/2003,0.56,0.56,0.56,0.56,0.56,187200
22/09/2003,0.56,0.56,0.56,0.56,0.56,252000
23/09/2003,0.57,0.57,0.56,0.56,0.56,163800
24/09/2003,0.56,0.56,0.56,0.56,0.56,223200
25/09/2003,0.56,0.56,0.55,0.55,0.55,90000
26/09/2003,0.56,0.56,0.55,0.55,0.55,52200
29/09/2003,0.54,0.55,0.54,0.55,0.55,205200
30/09/2003,0.54,0.56,0.54,0.56,0.56,93600
01/10/2003,0.59,0.64,0.56,0.62,0.62,4005000
02/10/2003,0.66,0.66,0.63,0.66,0.66,1492200
03/10/2003,0.66,0.7,0.66,0.68,0.68,2320200
06/10/2003,0.77,0.8,0.72,0.76,0.76,3081600
07/10/2003,0.77,0.79,0.75,0.77,0.77,2151000
08/10/2003,0.83,0.83,0.78,0.78,0.78,2070000
09/10/2003,0.81,0.81,0.71,0.73,0.73,3708000
10/10/2003,0.79,0.79,0.73,0.76,0.76,923400
13/10/2003,0.81,0.81,0.77,0.78,0.78,930600
14/10/2003,0.8,0.8,0.78,0.79,0.79,910800
15/10/2003,0.82,0.83,0.79,0.79,0.79,1101600
16/10/2003,0.79,0.79,0.76,0.78,0.78,727200
17/10/2003,0.79,0.79,0.78,0.78,0.78,442800
20/10/2003,0.8,0.8,0.78,0.78,0.78,513000
21/10/2003,0.78,0.8,0.76,0.78,0.78,576000
22/10/2003,0.8,0.81,0.79,0.8,0.8,1238400
23/10/2003,0.8,0.8,0.76,0.8,0.8,1195200
24/10/2003,0.78,0.8,0.75,0.77,0.77,912600
27/10/2003,0.76,0.77,0.69,0.73,0.73,1711800
28/10/2003,0.72,0.73,0.72,0.72,0.72,747000
29/10/2003,0.69,0.74,0.69,0.74,0.74,1792800
30/10/2003,0.75,0.77,0.74,0.77,0.77,419400
31/10/2003,0.78,0.8,0.77,0.8,0.8,1006200
03/11/2003,0.8,0.86,0.8,0.84,0.84,2116800
04/11/2003,0.86,0.91,0.81,0.83,0.83,3421800
05/11/2003,0.84,0.84,0.83,0.84,0.84,343800
06/11/2003,0.84,0.84,0.83,0.84,0.84,403200
07/11/2003,0.82,0.83,0.78,0.82,0.82,1117800
10/11/2003,0.82,0.83,0.79,0.79,0.79,730800
11/11/2003,0.79,0.81,0.73,0.78,0.78,916200
12/11/2003,0.78,0.79,0.72,0.78,0.78,972000
13/11/2003,0.75,0.8,0.75,0.8,0.8,871200
14/11/2003,0.78,0.82,0.78,0.81,0.81,441000
17/11/2003,0.81,0.81,0.8,0.81,0.81,1837800
18/11/2003,0.82,0.86,0.82,0.84,0.84,1747800
19/11/2003,0.85,0.85,0.83,0.85,0.85,878400
20/11/2003,0.84,0.93,0.84,0.9,0.9,2111400
21/11/2003,0.92,0.94,0.91,0.94,0.94,3826800
24/11/2003,0.97,1.05,0.95,0.96,0.96,8906400
25/11/2003,1.0,1.0,0.95,0.96,0.96,3101400
26/11/2003,0.97,0.98,0.88,0.94,0.94,3744000
28/11/2003,0.95,0.95,0.89,0.93,0.93,1006200
01/12/2003,0.94,1.0,0.93,1.0,1.0,4912200
02/12/2003,1.03,1.08,1.01,1.06,1.06,7264800
03/12/2003,1.09,1.17,0.97,1.04,1.04,9860400
04/12/2003,1.08,1.08,0.97,1.03,1.03,4206600
05/12/2003,0.96,1.06,0.95,1.06,1.06,2390400
08/12/2003,1.11,1.11,1.07,1.1,1.1,2700000
09/12/2003,1.12,1.12,1.06,1.07,1.07,2516400
10/12/2003,1.02,1.06,0.94,0.96,0.96,6683400
11/12/2003,0.93,1.04,0.92,0.98,0.98,2968200
12/12/2003,0.99,1.0,0.98,1.0,1.0,2169000
15/12/2003,1.05,1.06,1.01,1.03,1.03,2863800
16/12/2003,1.03,1.07,1.03,1.03,1.03,1870200
17/12/2003,1.03,1.03,0.98,1.03,1.03,2676600
18/12/2003,1.03,1.03,1.0,1.02,1.02,1346400
19/12/2003,1.03,1.16,1.02,1.15,1.15,16671600
22/12/2003,1.16,1.16,1.07,1.1,1.1,8496000
23/12/2003,1.06,1.1,1.06,1.08,1.08,3713400
24/12/2003,1.11,1.11,1.08,1.09,1.09,837000
26/12/2003,1.1,1.1,1.08,1.09,1.09,849600
29/12/2003,1.1,1.19,1.09,1.16,1.16,6163200
30/12/2003,1.21,1.22,1.1,1.13,1.13,4876200
31/12/2003,1.13,1.15,1.12,1.14,1.14,1332000
02/01/2004,1.18,1.18,1.14,1.15,1.15,2822400
05/01/2004,1.19,1.19,1.12,1.14,1.14,3258000
06/01/2004,1.07,1.1,1.07,1.07,1.07,6206400
07/01/2004,1.07,1.09,1.07,1.07,1.07,1717200
08/01/2004,1.07,1.08,0.98,1.0,1.0,6978600
09/01/2004,0.94,1.0,0.94,0.98,0.98,6609600
12/01/2004,0.96,1.01,0.96,1.0,1.0,4096800
13/01/2004,1.02,1.02,0.97,1.0,1.0,2835000
14/01/2004,1.08,1.08,1.01,1.05,1.05,5076000
15/01/2004,1.11,1.18,1.07,1.15,1.15,15890400
16/01/2004,1.18,1.28,1.16,1.27,1.27,16277400
20/01/2004,1.31,1.41,1.27,1.36,1.36,18901800
21/01/2004,1.34,1.38,1.27,1.38,1.38,8458200
22/01/2004,1.39,1.39,1.31,1.32,1.32,5968800
23/01/2004,1.31,1.32,1.26,1.3,1.3,2775600
26/01/2004,1.34,1.35,1.29,1.3,1.3,3630600
27/01/2004,1.28,1.3,1.24,1.27,1.27,5400000
28/01/2004,1.25,1.27,1.21,1.23,1.23,3549600
29/01/2004,1.22,1.33,1.12,1.2,1.2,5275800
30/01/2004,1.13,1.21,1.13,1.18,1.18,2365200
02/02/2004,1.19,1.23,1.18,1.2,1.2,2937600
03/02/2004,1.23,1.23,1.17,1.19,1.19,3416400
04/02/2004,1.18,1.2,1.15,1.2,1.2,2557800
05/02/2004,1.17,1.3,1.17,1.29,1.29,4845600
06/02/2004,1.33,1.33,1.26,1.29,1.29,4030200
09/02/2004,1.31,1.31,1.27,1.3,1.3,2638800
10/02/2004,1.31,1.33,1.29,1.3,1.3,2397600
11/02/2004,1.31,1.32,1.29,1.29,1.29,1915200
12/02/2004,1.3,1.3,1.27,1.29,1.29,1566000
13/02/2004,1.31,1.36,1.28,1.3,1.3,2412000
17/02/2004,1.33,1.33,1.28,1.3,1.3,1933200
18/02/2004,1.3,1.39,1.29,1.35,1.35,4834800
19/02/2004,1.38,1.39,1.34,1.34,1.34,5320800
20/02/2004,1.33,1.36,1.32,1.34,1.34,2516400
23/02/2004,1.34,1.34,1.31,1.32,1.32,2107800
24/02/2004,1.31,1.32,1.23,1.3,1.3,2831400
25/02/2004,1.29,1.35,1.29,1.35,1.35,2565000
26/02/2004,1.41,1.49,1.35,1.49,1.49,24314400
27/02/2004,1.52,1.53,1.43,1.46,1.46,8884800
01/03/2004,1.52,1.54,1.46,1.54,1.54,4971600
02/03/2004,1.55,1.55,1.47,1.5,1.5,3267000
03/03/2004,1.4,1.44,1.33,1.42,1.42,9390600
04/03/2004,1.4,1.43,1.36,1.39,1.39,4536000
05/03/2004,1.37,1.41,1.37,1.38,1.38,3834000
08/03/2004,1.41,1.41,1.38,1.39,1.39,4642200
09/03/2004,1.41,1.43,1.38,1.4,1.4,3956400
10/03/2004,1.42,1.43,1.37,1.38,1.38,4278600
11/03/2004,1.35,1.45,1.35,1.38,1.38,3987000
12/03/2004,1.35,1.41,1.33,1.38,1.38,2820600
15/03/2004,1.36,1.39,1.3,1.32,1.32,3463200
16/03/2004,1.3,1.35,1.24,1.28,1.28,4482000
17/03/2004,1.27,1.35,1.27,1.33,1.33,3789000
18/03/2004,1.32,1.39,1.32,1.39,1.39,3121200
19/03/2004,1.35,1.42,1.35,1.41,1.41,3299400
22/03/2004,1.42,1.42,1.33,1.37,1.37,4168800
23/03/2004,1.4,1.41,1.36,1.37,1.37,1929600
24/03/2004,1.39,1.39,1.37,1.39,1.39,1483200
25/03/2004,1.36,1.39,1.31,1.37,1.37,4951800
26/03/2004,1.39,1.4,1.34,1.39,1.39,1294200
29/03/2004,1.38,1.42,1.36,1.39,1.39,3324600
30/03/2004,1.37,1.42,1.37,1.39,1.39,1486800
31/03/2004,1.38,1.47,1.38,1.44,1.44,7601400
01/04/2004,1.47,1.47,1.38,1.41,1.41,3947400
02/04/2004,1.44,1.45,1.41,1.42,1.42,2700000
05/04/2004,1.45,1.46,1.43,1.46,1.46,3490200
06/04/2004,1.46,1.46,1.39,1.39,1.39,2946600
07/04/2004,1.37,1.45,1.37,1.45,1.45,2480400
08/04/2004,1.45,1.45,1.4,1.4,1.4,2557800
12/04/2004,1.45,1.59,1.43,1.58,1.58,21645000
13/04/2004,1.65,1.67,1.54,1.59,1.59,17704800
14/04/2004,1.61,1.64,1.48,1.57,1.57,8937000
15/04/2004,1.65,1.68,1.58,1.62,1.62,12072600
16/04/2004,1.6,1.7,1.6,1.66,1.66,9387000
19/04/2004,1.71,1.72,1.61,1.68,1.68,8298000
20/04/2004,1.71,1.71,1.61,1.64,1.64,5313600
21/04/2004,1.65,1.65,1.6,1.61,1.61,4865400
22/04/2004,1.6,1.7,1.6,1.66,1.66,4107600
23/04/2004,1.71,1.73,1.63,1.68,1.68,2124000
26/04/2004,1.69,1.69,1.62,1.66,1.66,3360600
27/04/2004,1.66,1.67,1.53,1.57,1.57,7446600
28/04/2004,1.57,1.64,1.57,1.59,1.59,3767400
29/04/2004,1.59,1.61,1.55,1.57,1.57,4226400
30/04/2004,1.55,1.57,1.48,1.49,1.49,9030600
03/05/2004,1.47,1.53,1.47,1.49,1.49,4608000
04/05/2004,1.51,1.61,1.49,1.56,1.56,9194400
05/05/2004,1.6,1.63,1.58,1.62,1.62,4051800
06/05/2004,1.62,1.62,1.55,1.57,1.57,2916000
07/05/2004,1.58,1.58,1.4,1.44,1.44,7646400
10/05/2004,1.35,1.43,1.35,1.37,1.37,7916400
11/05/2004,1.33,1.43,1.33,1.39,1.39,4777200
12/05/2004,1.38,1.42,1.33,1.4,1.4,5965200
13/05/2004,1.36,1.37,1.31,1.31,1.31,35501400
14/05/2004,1.3,1.33,1.24,1.28,1.28,17159400
17/05/2004,1.26,1.32,1.26,1.3,1.3,6854400
18/05/2004,1.31,1.33,1.28,1.3,1.3,7399800
19/05/2004,1.32,1.34,1.31,1.32,1.32,6591600
20/05/2004,1.31,1.32,1.28,1.28,1.28,2197800
21/05/2004,1.28,1.3,1.27,1.27,1.27,4995000
24/05/2004,1.34,1.35,1.31,1.31,1.31,5657400
25/05/2004,1.33,1.37,1.3,1.37,1.37,4127400
26/05/2004,1.4,1.4,1.36,1.38,1.38,4453200
27/05/2004,1.39,1.39,1.33,1.36,1.36,2847600
28/05/2004,1.36,1.39,1.35,1.39,1.39,1872000
01/06/2004,1.38,1.39,1.31,1.36,1.36,3790800
02/06/2004,1.35,1.37,1.32,1.37,1.37,3484800
03/06/2004,1.35,1.38,1.33,1.34,1.34,1749600
04/06/2004,1.34,1.39,1.34,1.36,1.36,4159800
07/06/2004,1.35,1.37,1.33,1.34,1.34,1945800
08/06/2004,1.33,1.36,1.32,1.36,1.36,7203600
09/06/2004,1.36,1.37,1.35,1.36,1.36,2176200
10/06/2004,1.37,1.4,1.36,1.4,1.4,3492000
14/06/2004,1.4,1.4,1.38,1.38,1.38,3571200
15/06/2004,1.38,1.4,1.38,1.4,1.4,2332800
16/06/2004,1.4,1.45,1.4,1.44,1.44,3470400
17/06/2004,1.45,1.45,1.4,1.41,1.41,2980800
18/06/2004,1.41,1.43,1.4,1.42,1.42,1951200
21/06/2004,1.42,1.42,1.37,1.39,1.39,1465200
22/06/2004,1.38,1.41,1.37,1.4,1.4,1972800
23/06/2004,1.41,1.44,1.4,1.43,1.43,2966400
24/06/2004,1.43,1.48,1.39,1.46,1.46,3668400
25/06/2004,1.46,1.5,1.45,1.49,1.49,14621400
28/06/2004,1.5,1.6,1.48,1.57,1.57,10548000
29/06/2004,1.58,1.59,1.52,1.56,1.56,7425000
30/06/2004,1.57,1.66,1.57,1.64,1.64,7005600
01/07/2004,1.67,1.68,1.62,1.66,1.66,6872400
02/07/2004,1.66,1.67,1.63,1.64,1.64,1873800
06/07/2004,1.66,1.66,1.56,1.6,1.6,3949200
07/07/2004,1.59,1.7,1.59,1.65,1.65,7543800
08/07/2004,1.64,1.64,1.52,1.53,1.53,5999400
09/07/2004,1.59,1.59,1.54,1.56,1.56,4343400
12/07/2004,1.58,1.58,1.55,1.57,1.57,1920600
13/07/2004,1.58,1.67,1.55,1.65,1.65,5270400
14/07/2004,1.64,1.65,1.53,1.56,1.56,12178800
15/07/2004,1.56,1.57,1.48,1.5,1.5,8627400
16/07/2004,1.49,1.53,1.48,1.5,1.5,5268600
19/07/2004,1.48,1.51,1.47,1.51,1.51,4123800
20/07/2004,1.51,1.6,1.5,1.58,1.58,5659200
21/07/2004,1.59,1.61,1.53,1.58,1.58,6957000
22/07/2004,1.66,1.67,1.42,1.54,1.54,27637200
23/07/2004,1.51,1.52,1.46,1.52,1.52,7444800
26/07/2004,1.51,1.55,1.51,1.54,1.54,3155400
27/07/2004,1.54,1.59,1.54,1.58,1.58,3157200
28/07/2004,1.6,1.6,1.55,1.59,1.59,4662000
29/07/2004,1.58,1.62,1.58,1.61,1.61,5587200
30/07/2004,1.62,1.64,1.62,1.62,1.62,4725000
02/08/2004,1.62,1.74,1.61,1.73,1.73,22264200
03/08/2004,1.76,1.78,1.61,1.62,1.62,18360000
04/08/2004,1.62,1.7,1.56,1.67,1.67,11718000
05/08/2004,1.68,1.69,1.59,1.64,1.64,5715000
06/08/2004,1.63,1.63,1.51,1.55,1.55,10702800
09/08/2004,1.56,1.58,1.52,1.55,1.55,3042000
10/08/2004,1.59,1.66,1.58,1.66,1.66,7286400
11/08/2004,1.65,1.71,1.63,1.69,1.69,7219800
12/08/2004,1.68,1.69,1.64,1.66,1.66,3225600
13/08/2004,1.67,1.67,1.53,1.56,1.56,7999200
16/08/2004,1.59,1.63,1.56,1.62,1.62,3895200
17/08/2004,1.62,1.64,1.58,1.59,1.59,4109400
18/08/2004,1.58,1.73,1.57,1.72,1.72,8692200
19/08/2004,1.74,1.74,1.66,1.69,1.69,5095800
20/08/2004,1.69,1.7,1.63,1.64,1.64,5729400
23/08/2004,1.65,1.66,1.62,1.62,1.62,1996200
24/08/2004,1.63,1.66,1.6,1.61,1.61,3209400
25/08/2004,1.61,1.66,1.58,1.66,1.66,3774600
26/08/2004,1.67,1.68,1.62,1.66,1.66,8107200
27/08/2004,1.69,1.69,1.61,1.65,1.65,7345800
30/08/2004,1.65,1.66,1.63,1.66,1.66,3742200
31/08/2004,1.65,1.66,1.6,1.63,1.63,3783600
01/09/2004,1.63,1.67,1.61,1.65,1.65,4919400
02/09/2004,1.66,1.66,1.62,1.64,1.64,4897800
03/09/2004,1.64,1.65,1.63,1.63,1.63,2691000
07/09/2004,1.64,1.86,1.64,1.85,1.85,24413400
08/09/2004,1.86,1.91,1.79,1.8,1.8,15055200
09/09/2004,1.8,1.86,1.71,1.8,1.8,10780200
10/09/2004,1.82,1.84,1.78,1.84,1.84,3141000
13/09/2004,1.84,1.91,1.83,1.83,1.83,5227200
14/09/2004,1.86,1.86,1.81,1.84,1.84,4035600
15/09/2004,1.82,1.84,1.75,1.84,1.84,4136400
16/09/2004,1.87,1.92,1.82,1.91,1.91,5515200
17/09/2004,1.93,1.94,1.91,1.93,1.93,7338600
20/09/2004,1.93,1.94,1.82,1.84,1.84,4924800
21/09/2004,1.84,1.87,1.79,1.82,1.82,4759200
22/09/2004,1.84,1.86,1.81,1.83,1.83,3290400
23/09/2004,1.77,1.78,1.68,1.71,1.71,16068600
24/09/2004,1.69,1.76,1.64,1.72,1.72,8976600
27/09/2004,1.72,1.76,1.71,1.74,1.74,5052600
28/09/2004,1.74,1.76,1.71,1.75,1.75,6991200
29/09/2004,1.75,1.79,1.73,1.78,1.78,4728600
30/09/2004,1.77,1.9,1.77,1.89,1.89,11361600
01/10/2004,1.87,1.89,1.83,1.85,1.85,6822000
04/10/2004,1.85,1.89,1.85,1.86,1.86,7423200
05/10/2004,1.87,1.98,1.85,1.91,1.91,15840000
06/10/2004,1.91,1.96,1.84,1.86,1.86,6642000
07/10/2004,1.84,1.88,1.82,1.83,1.83,2678400
08/10/2004,1.83,1.91,1.83,1.86,1.86,4719600
11/10/2004,1.86,1.86,1.76,1.78,1.78,9817200
12/10/2004,1.78,1.85,1.76,1.85,1.85,5866200
13/10/2004,1.85,1.88,1.79,1.88,1.88,3045600
14/10/2004,1.85,1.91,1.82,1.88,1.88,3373200
15/10/2004,1.88,1.93,1.86,1.92,1.92,5410800
18/10/2004,1.94,2.02,1.93,1.97,1.97,12627000
19/10/2004,2.02,2.02,1.92,1.93,1.93,4977000
20/10/2004,1.93,1.99,1.91,1.97,1.97,5990400
21/10/2004,2.07,2.13,1.86,2.11,2.11,35506800
22/10/2004,2.12,2.18,2.09,2.18,2.18,10420200
25/10/2004,2.17,2.23,2.14,2.17,2.17,11030400
26/10/2004,2.2,2.2,2.05,2.09,2.09,14252400
27/10/2004,2.08,2.15,2.06,2.12,2.12,9410400
28/10/2004,2.13,2.19,2.13,2.18,2.18,5623200
29/10/2004,2.19,2.19,2.07,2.1,2.1,6004800
01/11/2004,2.09,2.2,2.09,2.19,2.19,5644800
02/11/2004,2.22,2.24,2.14,2.16,2.16,8537400
03/11/2004,2.21,2.24,2.09,2.15,2.15,8123400
04/11/2004,2.14,2.2,2.13,2.18,2.18,4730400
05/11/2004,2.22,2.33,2.19,2.27,2.27,5837400
08/11/2004,2.33,2.35,2.31,2.33,2.33,8717400
09/11/2004,2.33,2.37,2.22,2.27,2.27,7752600
10/11/2004,2.3,2.32,2.24,2.25,2.25,5272200
11/11/2004,2.26,2.29,2.23,2.27,2.27,3697200
12/11/2004,2.29,2.31,2.27,2.31,2.31,3630600
15/11/2004,2.31,2.34,2.29,2.33,2.33,4600800
16/11/2004,2.34,2.34,2.3,2.33,2.33,3011400
17/11/2004,2.34,2.39,2.24,2.27,2.27,7326000
18/11/2004,2.26,2.34,2.24,2.33,2.33,5211000
19/11/2004,2.31,2.33,2.24,2.24,2.24,4273200
22/11/2004,2.25,2.27,2.15,2.19,2.19,8006400
23/11/2004,2.19,2.31,2.18,2.3,2.3,3949200
24/11/2004,2.31,2.37,2.28,2.35,2.35,3652200
26/11/2004,2.33,2.45,2.33,2.43,2.43,3249000
29/11/2004,2.47,2.47,2.44,2.45,2.45,7927200
30/11/2004,2.47,2.47,2.38,2.42,2.42,7142400
01/12/2004,2.44,2.53,2.42,2.51,2.51,5358600
02/12/2004,2.53,2.59,2.51,2.58,2.58,5418000
03/12/2004,2.61,2.64,2.58,2.62,2.62,4109400
06/12/2004,2.64,2.64,2.55,2.61,2.61,6494400
07/12/2004,2.63,2.64,2.5,2.5,2.5,5619600
08/12/2004,2.37,2.42,2.32,2.42,2.42,14414400
09/12/2004,2.34,2.41,2.34,2.37,2.37,4330800
10/12/2004,2.39,2.42,2.36,2.39,2.39,3936600
13/12/2004,2.39,2.53,2.37,2.5,2.5,9921600
14/12/2004,2.59,2.62,2.46,2.5,2.5,7531200
15/12/2004,2.53,2.53,2.42,2.45,2.45,6660000
16/12/2004,2.47,2.47,2.41,2.42,2.42,5425200
17/12/2004,2.41,2.45,2.39,2.4,2.4,4224600
20/12/2004,2.44,2.51,2.41,2.48,2.48,5662800
21/12/2004,2.5,2.52,2.47,2.5,2.5,3614400
22/12/2004,2.52,2.52,2.43,2.44,2.44,3297600
23/12/2004,2.45,2.58,2.45,2.56,2.56,5855400
27/12/2004,2.58,2.73,2.57,2.67,2.67,11620800
28/12/2004,2.69,2.7,2.63,2.66,2.66,5976000
29/12/2004,2.67,2.68,2.65,2.65,2.65,2257200
30/12/2004,2.66,2.67,2.56,2.56,2.56,4647600
31/12/2004,2.56,2.62,2.56,2.61,2.61,4887000
03/01/2005,2.62,2.62,2.45,2.52,2.52,17364600
04/01/2005,2.51,2.61,2.51,2.52,2.52,4863600
05/01/2005,2.51,2.54,2.42,2.49,2.49,9145800
06/01/2005,2.48,2.49,2.3,2.32,2.32,17364600
07/01/2005,2.28,2.39,2.28,2.35,2.35,10135800
10/01/2005,2.42,2.43,2.13,2.2,2.2,42215400
11/01/2005,2.18,2.26,2.17,2.21,2.21,12528000
12/01/2005,2.23,2.23,2.14,2.2,2.2,7768800
13/01/2005,2.19,2.38,2.19,2.26,2.26,17931600
14/01/2005,2.27,2.3,2.25,2.26,2.26,9106200
18/01/2005,2.28,2.37,2.26,2.36,2.36,7194600
19/01/2005,2.38,2.39,2.26,2.28,2.28,9117000
20/01/2005,2.29,2.29,2.24,2.24,2.24,6328800
21/01/2005,2.27,2.27,2.14,2.17,2.17,11620800
24/01/2005,2.18,2.2,1.99,2.03,2.03,20775600
25/01/2005,2.03,2.04,1.96,1.99,1.99,13752000
26/01/2005,2.1,2.13,2.05,2.06,2.06,18194400
27/01/2005,2.07,2.18,2.05,2.16,2.16,13460400
28/01/2005,2.18,2.18,2.09,2.1,2.1,4969800
31/01/2005,2.19,2.19,2.11,2.15,2.15,6964200
01/02/2005,2.16,2.19,2.14,2.18,2.18,4816800
02/02/2005,2.19,2.21,2.16,2.18,2.18,7540200
03/02/2005,2.19,2.19,2.15,2.17,2.17,2840400
04/02/2005,2.16,2.22,2.16,2.21,2.21,4482000
07/02/2005,2.22,2.3,2.21,2.28,2.28,7002000
08/02/2005,2.3,2.37,2.29,2.36,2.36,10942200
09/02/2005,2.36,2.37,2.27,2.28,2.28,6190200
10/02/2005,2.28,2.33,2.27,2.31,2.31,3562200
11/02/2005,2.31,2.37,2.28,2.32,2.32,5596200
14/02/2005,2.34,2.35,2.25,2.28,2.28,4557600
15/02/2005,2.26,2.27,2.21,2.24,2.24,4316400
16/02/2005,2.22,2.28,2.22,2.25,2.25,2075400
17/02/2005,2.26,2.26,2.2,2.21,2.21,3009600
18/02/2005,2.2,2.22,2.19,2.2,2.2,10186200
22/02/2005,2.11,2.19,2.09,2.16,2.16,10220400
23/02/2005,2.16,2.29,2.16,2.28,2.28,12002400
24/02/2005,2.5,2.52,2.18,2.29,2.29,73953000
25/02/2005,2.31,2.33,2.26,2.28,2.28,13125600
28/02/2005,2.3,2.32,2.24,2.28,2.28,8465400
01/03/2005,2.29,2.29,2.2,2.21,2.21,11916000
02/03/2005,2.2,2.24,2.2,2.22,2.22,4928400
03/03/2005,2.22,2.24,2.2,2.21,2.21,4764600
04/03/2005,2.22,2.26,2.21,2.22,2.22,5956200
07/03/2005,2.22,2.28,2.22,2.25,2.25,6031800
08/03/2005,2.26,2.26,2.17,2.2,2.2,5032800
09/03/2005,2.2,2.21,2.13,2.18,2.18,6881400
10/03/2005,2.18,2.19,2.14,2.14,2.14,4291200
11/03/2005,2.14,2.18,2.12,2.13,2.13,4413600
14/03/2005,2.15,2.16,2.09,2.11,2.11,5522400
15/03/2005,2.14,2.2,2.14,2.18,2.18,10843200
16/03/2005,2.18,2.22,2.16,2.2,2.2,8328600
17/03/2005,2.21,2.21,2.16,2.17,2.17,4935600
18/03/2005,2.16,2.18,2.14,2.16,2.16,4303800
21/03/2005,2.16,2.16,2.1,2.12,2.12,4354200
22/03/2005,2.13,2.14,2.1,2.1,2.1,4446000
23/03/2005,2.1,2.1,2.04,2.06,2.06,3245400
24/03/2005,2.06,2.1,2.06,2.06,2.06,2998800
28/03/2005,2.06,2.07,1.98,2.02,2.02,9948600
29/03/2005,2.02,2.05,1.93,1.94,1.94,7416000
30/03/2005,1.94,1.99,1.94,1.98,1.98,6471000
31/03/2005,1.98,1.99,1.96,1.99,1.99,6577200
01/04/2005,1.99,1.99,1.93,1.94,1.94,4901400
04/04/2005,1.94,1.94,1.87,1.9,1.9,7048800
05/04/2005,1.9,1.91,1.85,1.89,1.89,9342000
06/04/2005,1.89,1.95,1.88,1.93,1.93,9061200
07/04/2005,1.93,1.94,1.91,1.93,1.93,3508200
08/04/2005,1.92,1.94,1.91,1.92,1.92,2419200
11/04/2005,1.92,1.93,1.89,1.9,1.9,2721600
12/04/2005,1.9,1.91,1.86,1.91,1.91,7675200
13/04/2005,1.98,2.0,1.93,1.94,1.94,14007600
14/04/2005,1.95,1.95,1.91,1.93,1.93,8362800
15/04/2005,1.93,1.95,1.9,1.91,1.91,7752600
18/04/2005,1.92,1.92,1.84,1.86,1.86,7291800
19/04/2005,1.89,1.93,1.87,1.91,1.91,6615000
20/04/2005,1.92,1.99,1.89,1.9,1.9,10033200
21/04/2005,1.68,1.68,1.42,1.42,1.42,135858600
22/04/2005,1.43,1.48,1.4,1.43,1.43,24240600
25/04/2005,1.44,1.45,1.32,1.34,1.34,17488800
26/04/2005,1.33,1.34,1.28,1.29,1.29,20394000
27/04/2005,1.29,1.36,1.28,1.31,1.31,12558600
28/04/2005,1.31,1.31,1.22,1.23,1.23,15944400
29/04/2005,1.23,1.24,1.16,1.17,1.17,23851800
02/05/2005,1.19,1.28,1.18,1.27,1.27,27716400
03/05/2005,1.26,1.31,1.24,1.31,1.31,15849000
04/05/2005,1.31,1.38,1.3,1.38,1.38,16034400
05/05/2005,1.39,1.42,1.38,1.39,1.39,16700400
06/05/2005,1.4,1.41,1.37,1.39,1.39,10195200
09/05/2005,1.39,1.39,1.37,1.38,1.38,8386200
10/05/2005,1.38,1.38,1.32,1.34,1.34,8082000
11/05/2005,1.33,1.37,1.32,1.33,1.33,5423400
12/05/2005,1.34,1.34,1.26,1.29,1.29,8602200
13/05/2005,1.29,1.29,1.24,1.25,1.25,9723600
16/05/2005,1.26,1.27,1.21,1.22,1.22,11325600
17/05/2005,1.22,1.23,1.17,1.19,1.19,20611800
18/05/2005,1.19,1.29,1.19,1.24,1.24,15973200
19/05/2005,1.24,1.27,1.24,1.26,1.26,8632800
20/05/2005,1.26,1.26,1.22,1.22,1.22,11763000
23/05/2005,1.23,1.24,1.19,1.22,1.22,16059600
24/05/2005,1.23,1.24,1.2,1.21,1.21,12274200
25/05/2005,1.22,1.3,1.21,1.24,1.24,15633000
26/05/2005,1.27,1.37,1.23,1.31,1.31,36178200
27/05/2005,1.35,1.35,1.31,1.32,1.32,9977400
31/05/2005,1.35,1.36,1.33,1.35,1.35,7927200
01/06/2005,1.36,1.36,1.31,1.32,1.32,10679400
02/06/2005,1.32,1.34,1.28,1.3,1.3,9275400
03/06/2005,1.25,1.26,1.17,1.21,1.21,42519600
06/06/2005,1.22,1.23,1.21,1.22,1.22,12672000
07/06/2005,1.24,1.36,1.24,1.32,1.32,25191000
08/06/2005,1.34,1.34,1.28,1.31,1.31,15883200
09/06/2005,1.31,1.34,1.29,1.33,1.33,8713800
10/06/2005,1.33,1.38,1.33,1.36,1.36,12700800
13/06/2005,1.35,1.36,1.32,1.33,1.33,6949800
14/06/2005,1.32,1.35,1.31,1.33,1.33,5203800
15/06/2005,1.35,1.35,1.3,1.34,1.34,7111800
16/06/2005,1.35,1.36,1.33,1.34,1.34,5704200
17/06/2005,1.35,1.36,1.33,1.36,1.36,8611200
20/06/2005,1.36,1.36,1.32,1.34,1.34,8789400
21/06/2005,1.33,1.36,1.33,1.36,1.36,9727200
22/06/2005,1.36,1.45,1.36,1.44,1.44,25750800
23/06/2005,1.45,1.45,1.36,1.4,1.4,12465000
24/06/2005,1.4,1.41,1.36,1.39,1.39,11804400
27/06/2005,1.39,1.4,1.34,1.35,1.35,6967800
28/06/2005,1.35,1.4,1.35,1.39,1.39,8499600
29/06/2005,1.4,1.4,1.37,1.39,1.39,5738400
30/06/2005,1.4,1.4,1.36,1.37,1.37,4743000
01/07/2005,1.37,1.38,1.34,1.38,1.38,4797000
05/07/2005,1.38,1.41,1.36,1.39,1.39,5391000
06/07/2005,1.39,1.4,1.36,1.36,1.36,4563000
07/07/2005,1.36,1.42,1.35,1.4,1.4,5797800
08/07/2005,1.4,1.44,1.4,1.43,1.43,6006600
11/07/2005,1.43,1.44,1.42,1.43,1.43,3618000
12/07/2005,1.43,1.48,1.43,1.45,1.45,10069200
13/07/2005,1.45,1.47,1.43,1.44,1.44,6807600
14/07/2005,1.44,1.44,1.43,1.43,1.43,3069000
15/07/2005,1.43,1.44,1.41,1.42,1.42,2557800
18/07/2005,1.42,1.43,1.39,1.41,1.41,5117400
19/07/2005,1.41,1.44,1.41,1.43,1.43,7993800
20/07/2005,1.43,1.51,1.42,1.49,1.49,17332200
21/07/2005,1.67,1.67,1.41,1.53,1.53,66274200
22/07/2005,1.55,1.57,1.54,1.57,1.57,12708000
25/07/2005,1.57,1.58,1.55,1.55,1.55,8470800
26/07/2005,1.54,1.56,1.52,1.53,1.53,8692200
27/07/2005,1.53,1.56,1.52,1.56,1.56,6087600
28/07/2005,1.56,1.57,1.55,1.56,1.56,6847200
29/07/2005,1.56,1.57,1.55,1.56,1.56,7563600
01/08/2005,1.56,1.6,1.56,1.58,1.58,6570000
02/08/2005,1.59,1.59,1.56,1.58,1.58,4152600
03/08/2005,1.57,1.6,1.56,1.58,1.58,7581600
04/08/2005,1.57,1.58,1.5,1.52,1.52,9898200
05/08/2005,1.52,1.52,1.47,1.5,1.5,8454600
08/08/2005,1.5,1.5,1.43,1.45,1.45,13597200
09/08/2005,1.45,1.46,1.43,1.45,1.45,8404200
10/08/2005,1.44,1.47,1.39,1.41,1.41,11458800
11/08/2005,1.4,1.44,1.4,1.42,1.42,5205600
12/08/2005,1.41,1.45,1.4,1.44,1.44,8215200
15/08/2005,1.44,1.46,1.42,1.45,1.45,5772600
16/08/2005,1.45,1.45,1.42,1.44,1.44,4656600
17/08/2005,1.43,1.46,1.43,1.43,1.43,5284800
18/08/2005,1.44,1.45,1.4,1.42,1.42,5419800
19/08/2005,1.41,1.41,1.4,1.41,1.41,5758200
22/08/2005,1.4,1.41,1.36,1.4,1.4,11878200
23/08/2005,1.4,1.4,1.38,1.39,1.39,7065000
24/08/2005,1.39,1.4,1.36,1.37,1.37,4509000
25/08/2005,1.37,1.37,1.34,1.35,1.35,7655400
26/08/2005,1.35,1.36,1.33,1.33,1.33,4987800
29/08/2005,1.33,1.33,1.3,1.32,1.32,6730200
30/08/2005,1.31,1.33,1.3,1.3,1.3,4608000
31/08/2005,1.3,1.31,1.29,1.29,1.29,3529800
01/09/2005,1.29,1.37,1.29,1.31,1.31,8037000
02/09/2005,1.32,1.35,1.31,1.33,1.33,5036400
06/09/2005,1.33,1.39,1.33,1.39,1.39,7279200
07/09/2005,1.39,1.41,1.35,1.37,1.37,6355800
08/09/2005,1.36,1.4,1.36,1.39,1.39,3843000
09/09/2005,1.39,1.4,1.38,1.38,1.38,2449800
12/09/2005,1.37,1.41,1.37,1.4,1.4,3049200
13/09/2005,1.39,1.39,1.35,1.36,1.36,3403800
14/09/2005,1.36,1.36,1.3,1.31,1.31,7851600
15/09/2005,1.31,1.34,1.3,1.31,1.31,3652200
16/09/2005,1.32,1.33,1.28,1.3,1.3,5517000
19/09/2005,1.3,1.35,1.3,1.32,1.32,4872600
20/09/2005,1.32,1.34,1.28,1.28,1.28,5286600
21/09/2005,1.28,1.28,1.2,1.21,1.21,11827800
22/09/2005,1.21,1.26,1.21,1.25,1.25,9091800
23/09/2005,1.25,1.29,1.24,1.29,1.29,4222800
26/09/2005,1.31,1.32,1.28,1.3,1.3,3672000
27/09/2005,1.3,1.35,1.3,1.32,1.32,4300200
28/09/2005,1.33,1.35,1.31,1.34,1.34,5909400
29/09/2005,1.34,1.36,1.33,1.35,1.35,3024000
30/09/2005,1.34,1.37,1.32,1.34,1.34,5259600
03/10/2005,1.33,1.34,1.31,1.31,1.31,6618600
04/10/2005,1.33,1.33,1.29,1.33,1.33,2109600
05/10/2005,1.32,1.32,1.27,1.27,1.27,5508000
06/10/2005,1.27,1.28,1.25,1.26,1.26,7669800
07/10/2005,1.27,1.28,1.24,1.25,1.25,8168400
10/10/2005,1.24,1.3,1.23,1.24,1.24,5295600
11/10/2005,1.28,1.29,1.17,1.19,1.19,16542000
12/10/2005,1.18,1.21,1.13,1.17,1.17,10996200
13/10/2005,1.17,1.18,1.1,1.12,1.12,12072600
14/10/2005,1.12,1.16,1.12,1.15,1.15,5643000
17/10/2005,1.14,1.17,1.14,1.16,1.16,3049200
18/10/2005,1.16,1.21,1.15,1.18,1.18,6955200
19/10/2005,1.18,1.2,1.14,1.2,1.2,5698800
20/10/2005,1.2,1.22,1.17,1.19,1.19,4986000
21/10/2005,1.2,1.21,1.17,1.18,1.18,6058800
24/10/2005,1.19,1.21,1.18,1.19,1.19,4888800
25/10/2005,1.18,1.19,1.13,1.18,1.18,9331200
26/10/2005,1.18,1.22,1.16,1.18,1.18,7036200
27/10/2005,1.18,1.22,1.12,1.18,1.18,13123800
28/10/2005,0.95,1.05,0.94,1.0,1.0,64904400
31/10/2005,0.99,1.01,0.94,0.95,0.95,18851400
01/11/2005,0.96,0.98,0.95,0.97,0.97,8845200
02/11/2005,0.97,0.98,0.94,0.96,0.96,7558200
03/11/2005,0.97,1.01,0.95,0.98,0.98,8319600
04/11/2005,0.98,1.01,0.97,1.0,1.0,6067800
07/11/2005,1.0,1.02,0.99,1.0,1.0,5185800
08/11/2005,1.0,1.05,1.0,1.02,1.02,5198400
09/11/2005,1.02,1.09,1.02,1.05,1.05,8233200
10/11/2005,1.06,1.07,1.04,1.06,1.06,5142600
11/11/2005,1.06,1.08,1.05,1.05,1.05,4690800
14/11/2005,1.05,1.06,1.04,1.05,1.05,3250800
15/11/2005,1.05,1.05,1.02,1.04,1.04,4629600
16/11/2005,1.04,1.06,1.04,1.05,1.05,2381400
17/11/2005,1.05,1.1,1.04,1.07,1.07,4532400
18/11/2005,1.08,1.11,1.07,1.1,1.1,4597200
21/11/2005,1.1,1.14,1.1,1.14,1.14,4042800
22/11/2005,1.14,1.17,1.13,1.14,1.14,5385600
23/11/2005,1.14,1.17,1.13,1.15,1.15,3832200
25/11/2005,1.16,1.24,1.14,1.2,1.2,11035800
28/11/2005,1.21,1.26,1.2,1.2,1.2,16536600
29/11/2005,1.21,1.23,1.18,1.22,1.22,11167200
30/11/2005,1.22,1.31,1.21,1.28,1.28,18970200
01/12/2005,1.44,1.44,1.36,1.36,1.36,60134400
02/12/2005,1.37,1.38,1.35,1.36,1.36,12781800
05/12/2005,1.34,1.39,1.34,1.36,1.36,13852800
06/12/2005,1.37,1.48,1.37,1.46,1.46,32070600
07/12/2005,1.46,1.57,1.43,1.55,1.55,27336600
08/12/2005,1.56,1.68,1.56,1.67,1.67,40572000
09/12/2005,1.68,1.72,1.67,1.69,1.69,23250600
12/12/2005,1.72,1.72,1.6,1.65,1.65,18279000
13/12/2005,1.61,1.64,1.56,1.61,1.61,17411400
14/12/2005,1.59,1.67,1.59,1.65,1.65,9054000
15/12/2005,1.67,1.67,1.61,1.67,1.67,7785000
16/12/2005,1.67,1.71,1.66,1.68,1.68,10805400
19/12/2005,1.67,1.69,1.59,1.61,1.61,8107200
20/12/2005,1.61,1.63,1.58,1.61,1.61,4420800
21/12/2005,1.56,1.58,1.53,1.56,1.56,9280800
22/12/2005,1.56,1.58,1.53,1.57,1.57,3781800
23/12/2005,1.56,1.58,1.53,1.56,1.56,3439800
27/12/2005,1.56,1.58,1.52,1.52,1.52,5356800
28/12/2005,1.52,1.55,1.49,1.54,1.54,6075000
29/12/2005,1.55,1.55,1.52,1.54,1.54,3085200
30/12/2005,1.52,1.56,1.5,1.53,1.53,4564800
03/01/2006,1.58,1.65,1.55,1.63,1.63,14922000
04/01/2006,1.63,1.65,1.57,1.62,1.62,6458400
05/01/2006,1.62,1.72,1.62,1.69,1.69,12544200
06/01/2006,1.69,1.77,1.66,1.72,1.72,10827000
09/01/2006,1.72,1.76,1.68,1.72,1.72,4422600
10/01/2006,1.73,1.73,1.68,1.72,1.72,8285400
11/01/2006,1.79,1.84,1.72,1.78,1.78,24555600
12/01/2006,1.78,1.86,1.78,1.82,1.82,10778400
13/01/2006,1.81,1.82,1.74,1.8,1.8,6244200
17/01/2006,1.79,1.8,1.73,1.74,1.74,4275000
18/01/2006,1.74,1.76,1.69,1.73,1.73,3720600
19/01/2006,1.75,1.75,1.7,1.7,1.7,3508200
20/01/2006,1.7,1.71,1.65,1.67,1.67,5097600
23/01/2006,1.74,1.81,1.7,1.74,1.74,7885800
24/01/2006,1.74,1.74,1.68,1.71,1.71,5180400
25/01/2006,1.71,1.74,1.68,1.72,1.72,3007800
26/01/2006,1.69,1.73,1.67,1.71,1.71,4631400
27/01/2006,1.71,1.76,1.7,1.76,1.76,4944600
30/01/2006,1.74,1.8,1.73,1.78,1.78,3796200
31/01/2006,1.79,1.8,1.7,1.77,1.77,5938200
01/02/2006,1.78,1.85,1.77,1.85,1.85,7381800
02/02/2006,1.85,1.88,1.78,1.81,1.81,8296200
03/02/2006,1.82,1.82,1.78,1.81,1.81,2503800
06/02/2006,1.8,1.83,1.78,1.8,1.8,2462400
07/02/2006,1.78,1.79,1.73,1.76,1.76,5329800
08/02/2006,1.76,1.77,1.74,1.75,1.75,3297600
09/02/2006,1.74,1.82,1.73,1.79,1.79,3634200
10/02/2006,1.78,1.81,1.74,1.8,1.8,3772800
13/02/2006,1.8,1.8,1.75,1.75,1.75,6550200
14/02/2006,1.75,1.78,1.74,1.77,1.77,5236200
15/02/2006,1.79,1.79,1.75,1.77,1.77,2102400
16/02/2006,1.76,1.78,1.75,1.76,1.76,4633200
17/02/2006,1.78,1.78,1.75,1.75,1.75,3492000
21/02/2006,1.75,1.77,1.72,1.75,1.75,6402600
22/02/2006,1.76,1.85,1.75,1.84,1.84,6606000
23/02/2006,1.84,1.94,1.83,1.92,1.92,11219400
24/02/2006,1.92,1.96,1.92,1.96,1.96,4995000
27/02/2006,1.97,2.01,1.95,1.98,1.98,9268200
28/02/2006,1.96,1.99,1.86,1.88,1.88,11867400
01/03/2006,1.97,2.07,1.97,2.04,2.04,29970000
02/03/2006,2.04,2.09,2.02,2.04,2.04,8503200
03/03/2006,2.03,2.05,2.0,2.01,2.01,4095000
06/03/2006,2.01,2.03,1.98,1.99,1.99,2710800
07/03/2006,1.99,1.99,1.92,1.94,1.94,5518800
08/03/2006,1.94,1.96,1.91,1.93,1.93,4894200
09/03/2006,1.94,2.0,1.93,1.96,1.96,6778800
10/03/2006,1.96,1.99,1.96,1.97,1.97,4134600
13/03/2006,1.99,2.01,1.96,1.97,1.97,2750400
14/03/2006,1.97,2.01,1.96,1.98,1.98,3715200
15/03/2006,1.99,2.04,1.98,2.01,2.01,2838600
16/03/2006,2.01,2.05,2.01,2.03,2.03,5398200
17/03/2006,2.04,2.04,2.01,2.02,2.02,5628600
20/03/2006,2.02,2.13,2.01,2.08,2.08,5907600
21/03/2006,2.08,2.15,2.07,2.08,2.08,4249800
22/03/2006,2.09,2.13,2.07,2.12,2.12,2397600
23/03/2006,2.14,2.17,2.11,2.16,2.16,2233800
24/03/2006,2.17,2.23,2.16,2.21,2.21,5428800
27/03/2006,2.21,2.23,2.17,2.2,2.2,2570400
28/03/2006,2.2,2.2,2.11,2.13,2.13,3846600
29/03/2006,2.13,2.21,2.12,2.21,2.21,3349800
30/03/2006,2.2,2.24,2.18,2.22,2.22,9558000
31/03/2006,2.23,2.28,2.2,2.25,2.25,4429800
03/04/2006,2.26,2.28,2.15,2.17,2.17,6516000
04/04/2006,2.15,2.21,2.14,2.17,2.17,4757400
05/04/2006,2.2,2.23,2.19,2.22,2.22,3227400
06/04/2006,2.22,2.29,2.22,2.26,2.26,5776200
07/04/2006,2.25,2.28,2.21,2.23,2.23,4179600
10/04/2006,2.22,2.28,2.21,2.26,2.26,4651200
11/04/2006,2.3,2.33,2.2,2.2,2.2,4073400
12/04/2006,2.21,2.21,2.14,2.18,2.18,3810600
13/04/2006,2.17,2.21,2.17,2.2,2.2,1607400
17/04/2006,2.21,2.24,2.18,2.21,2.21,2748600
18/04/2006,2.22,2.3,2.21,2.29,2.29,3412800
19/04/2006,2.29,2.35,2.29,2.33,2.33,3654000
20/04/2006,2.33,2.46,2.32,2.42,2.42,6642000
21/04/2006,2.43,2.43,2.3,2.33,2.33,9635400
24/04/2006,2.33,2.33,2.24,2.26,2.26,7453800
25/04/2006,2.34,2.49,2.34,2.38,2.38,15901200
26/04/2006,2.38,2.45,2.32,2.34,2.34,8506800
27/04/2006,2.35,2.41,2.3,2.34,2.34,11318400
28/04/2006,2.24,2.42,2.24,2.37,2.37,13881600
01/05/2006,2.38,2.4,2.35,2.36,2.36,26751600
02/05/2006,2.35,2.38,2.35,2.35,2.35,7621200
03/05/2006,2.35,2.4,2.33,2.37,2.37,3708000
04/05/2006,2.38,2.4,2.35,2.4,2.4,3299400
05/05/2006,2.41,2.41,2.36,2.4,2.4,3016800
08/05/2006,2.39,2.41,2.36,2.39,2.39,2822400
09/05/2006,2.39,2.4,2.36,2.38,2.38,2923200
10/05/2006,2.37,2.38,2.31,2.32,2.32,3675600
11/05/2006,2.32,2.32,2.18,2.19,2.19,7092000
12/05/2006,2.18,2.19,2.08,2.1,2.1,5805000
15/05/2006,2.08,2.09,2.0,2.04,2.04,6084000
16/05/2006,2.04,2.08,2.03,2.06,2.06,9241200
17/05/2006,2.06,2.1,2.04,2.06,2.06,10047600
18/05/2006,2.07,2.11,2.04,2.05,2.05,5034600
19/05/2006,2.05,2.06,1.95,2.04,2.04,7214400
22/05/2006,2.03,2.05,1.91,2.0,2.0,6764400
23/05/2006,2.0,2.04,1.98,2.0,2.0,5641200
24/05/2006,2.0,2.02,1.93,1.96,1.96,5425200
25/05/2006,2.0,2.01,1.92,1.98,1.98,4674600
26/05/2006,1.99,2.06,1.97,2.04,2.04,3540600
30/05/2006,2.04,2.05,1.95,1.96,1.96,3562200
31/05/2006,1.94,2.01,1.94,1.97,1.97,3814200
01/06/2006,1.98,2.05,1.98,2.04,2.04,4975200
02/06/2006,2.05,2.13,2.05,2.11,2.11,4732200
05/06/2006,2.13,2.13,2.07,2.08,2.08,5299200
06/06/2006,2.07,2.13,2.07,2.12,2.12,3286800
07/06/2006,2.13,2.26,2.12,2.19,2.19,6964200
08/06/2006,2.16,2.22,2.09,2.16,2.16,8998200
09/06/2006,2.14,2.14,2.09,2.11,2.11,4510800
12/06/2006,2.1,2.11,2.06,2.07,2.07,3603600
13/06/2006,2.07,2.08,1.87,1.92,1.92,12596400
14/06/2006,1.91,2.03,1.89,1.99,1.99,7108200
15/06/2006,2.0,2.08,1.98,2.05,2.05,3038400
16/06/2006,2.05,2.06,2.01,2.04,2.04,5524200
19/06/2006,2.04,2.08,2.02,2.04,2.04,3340800
20/06/2006,2.03,2.09,2.02,2.04,2.04,3339000
21/06/2006,2.03,2.07,2.03,2.04,2.04,4105800
22/06/2006,2.04,2.06,2.0,2.06,2.06,5272200
23/06/2006,2.04,2.11,2.02,2.07,2.07,2926800
26/06/2006,2.09,2.09,2.03,2.05,2.05,4194000
27/06/2006,2.05,2.06,1.95,1.97,1.97,9356400
28/06/2006,1.99,2.04,1.95,2.03,2.03,7943400
29/06/2006,2.06,2.12,2.04,2.1,2.1,5450400
30/06/2006,2.11,2.17,2.11,2.14,2.14,5401800
03/07/2006,2.13,2.17,2.13,2.17,2.17,1128600
05/07/2006,2.17,2.17,2.05,2.14,2.14,6309000
06/07/2006,2.14,2.16,2.09,2.11,2.11,3546000
07/07/2006,2.12,2.12,2.03,2.04,2.04,5443200
10/07/2006,2.03,2.06,2.0,2.01,2.01,4561200
11/07/2006,2.0,2.08,2.0,2.08,2.08,3238200
12/07/2006,2.07,2.11,2.0,2.01,2.01,2935800
13/07/2006,2.0,2.05,1.95,2.0,2.0,5733000
14/07/2006,2.0,2.0,1.92,1.93,1.93,6003000
17/07/2006,1.92,1.98,1.92,1.97,1.97,2962800
18/07/2006,1.96,2.02,1.85,1.9,1.9,6240600
19/07/2006,1.89,2.05,1.88,2.02,2.02,6017400
20/07/2006,2.03,2.08,2.03,2.04,2.04,4901400
21/07/2006,2.05,2.05,1.97,2.01,2.01,3301200
24/07/2006,2.03,2.16,2.03,2.11,2.11,7221600
25/07/2006,2.11,2.15,2.08,2.12,2.12,3499200
26/07/2006,2.1,2.14,2.06,2.11,2.11,3150000
27/07/2006,2.11,2.17,2.02,2.06,2.06,7975800
28/07/2006,2.16,2.43,2.14,2.41,2.41,33040800
31/07/2006,2.38,2.41,2.33,2.37,2.37,7410600
01/08/2006,2.34,2.36,2.27,2.32,2.32,8217000
02/08/2006,2.33,2.44,2.33,2.41,2.41,5167800
03/08/2006,2.39,2.49,2.38,2.45,2.45,6105600
04/08/2006,2.48,2.51,2.4,2.43,2.43,4273200
07/08/2006,2.42,2.47,2.39,2.43,2.43,2899800
08/08/2006,2.44,2.46,2.37,2.38,2.38,3745800
09/08/2006,2.41,2.44,2.36,2.36,2.36,3677400
10/08/2006,2.36,2.45,2.36,2.42,2.42,3466800
11/08/2006,2.42,2.42,2.32,2.33,2.33,3877200
14/08/2006,2.37,2.44,2.3,2.31,2.31,6499800
15/08/2006,2.33,2.41,2.32,2.4,2.4,4586400
16/08/2006,2.42,2.45,2.38,2.43,2.43,3659400
17/08/2006,2.43,2.51,2.41,2.44,2.44,6017400
18/08/2006,2.44,2.46,2.42,2.43,2.43,3042000
21/08/2006,2.42,2.42,2.37,2.39,2.39,3655800
22/08/2006,2.38,2.43,2.36,2.37,2.37,2329200
23/08/2006,2.37,2.42,2.32,2.35,2.35,3477600
24/08/2006,2.35,2.35,2.3,2.33,2.33,3839400
25/08/2006,2.32,2.35,2.28,2.29,2.29,2185200
28/08/2006,2.27,2.34,2.27,2.31,2.31,2520000
29/08/2006,2.31,2.35,2.29,2.35,2.35,2917800
30/08/2006,2.34,2.36,2.3,2.3,2.3,2691000
31/08/2006,2.29,2.3,2.25,2.28,2.28,3322800
01/09/2006,2.29,2.33,2.27,2.33,2.33,3103200
05/09/2006,2.32,2.36,2.31,2.34,2.34,2552400
06/09/2006,2.34,2.37,2.31,2.34,2.34,3099600
07/09/2006,2.33,2.4,2.31,2.36,2.36,3259800
08/09/2006,2.37,2.38,2.34,2.37,2.37,2352600
11/09/2006,2.38,2.46,2.35,2.45,2.45,5859000
12/09/2006,2.45,2.61,2.44,2.58,2.58,13555800
13/09/2006,2.56,2.63,2.56,2.62,2.62,10573200
14/09/2006,2.62,2.62,2.53,2.58,2.58,6928200
15/09/2006,2.61,2.62,2.54,2.57,2.57,3996000
18/09/2006,2.57,2.6,2.56,2.6,2.6,5148000
19/09/2006,2.6,2.62,2.55,2.59,2.59,3774600
20/09/2006,2.61,2.65,2.6,2.62,2.62,3036600
21/09/2006,2.64,2.64,2.51,2.56,2.56,3247200
22/09/2006,2.56,2.62,2.55,2.6,2.6,3362400
25/09/2006,2.6,2.69,2.6,2.67,2.67,5626800
26/09/2006,2.67,2.67,2.61,2.62,2.62,3648600
27/09/2006,2.62,2.67,2.62,2.65,2.65,3659400
28/09/2006,2.66,2.66,2.62,2.63,2.63,3148200
29/09/2006,2.63,2.66,2.62,2.63,2.63,2763000
02/10/2006,2.62,2.64,2.59,2.62,2.62,3375000
03/10/2006,2.62,2.68,2.61,2.64,2.64,2887200
04/10/2006,2.65,2.73,2.64,2.71,2.71,8944200
05/10/2006,2.72,2.72,2.69,2.71,2.71,3729600
06/10/2006,2.71,2.72,2.69,2.72,2.72,2646000
09/10/2006,2.71,2.76,2.71,2.75,2.75,3411000
10/10/2006,2.74,2.76,2.71,2.75,2.75,2541600
11/10/2006,2.73,2.8,2.55,2.78,2.78,29543400
12/10/2006,2.71,2.78,2.71,2.78,2.78,8314200
13/10/2006,2.78,2.84,2.77,2.83,2.83,5585400
16/10/2006,2.83,2.83,2.77,2.79,2.79,3574800
17/10/2006,2.79,2.79,2.67,2.72,2.72,4557600
18/10/2006,2.74,2.75,2.7,2.73,2.73,3036600
19/10/2006,2.73,2.77,2.71,2.76,2.76,4527000
20/10/2006,2.77,2.77,2.74,2.74,2.74,4527000
23/10/2006,2.74,2.78,2.72,2.77,2.77,4406400
24/10/2006,2.77,2.79,2.76,2.79,2.79,4892400
25/10/2006,2.8,2.8,2.75,2.78,2.78,4554000
26/10/2006,2.77,3.0,2.68,2.75,2.75,17425800
27/10/2006,2.93,3.06,2.91,2.99,2.99,29725200
30/10/2006,2.99,3.0,2.96,2.98,2.98,9336600
31/10/2006,2.99,3.0,2.86,2.95,2.95,12738600
01/11/2006,2.97,2.98,2.88,2.9,2.9,6863400
02/11/2006,2.88,2.9,2.85,2.87,2.87,5362200
03/11/2006,2.88,2.9,2.83,2.85,2.85,5311800
06/11/2006,2.87,2.93,2.85,2.89,2.89,3681000
07/11/2006,2.9,2.96,2.9,2.94,2.94,5832000
08/11/2006,2.92,2.98,2.92,2.96,2.96,4060800
09/11/2006,2.96,2.97,2.88,2.9,2.9,3619800
10/11/2006,2.91,2.95,2.88,2.94,2.94,4334400
13/11/2006,2.94,3.03,2.94,3.01,3.01,8123400
14/11/2006,3.03,3.07,3.01,3.07,3.07,5038200
15/11/2006,3.05,3.13,3.05,3.07,3.07,5101200
16/11/2006,3.08,3.09,2.99,3.05,3.05,4041000
17/11/2006,3.04,3.05,2.99,3.03,3.03,4456800
20/11/2006,3.04,3.07,3.01,3.01,3.01,4395600
21/11/2006,3.03,3.08,3.0,3.04,3.04,3477600
22/11/2006,3.05,3.05,3.02,3.05,3.05,1531800
24/11/2006,3.02,3.06,3.02,3.02,3.02,1018800
27/11/2006,3.02,3.03,2.94,3.0,3.0,7903800
28/11/2006,3.0,3.05,2.95,3.05,3.05,6525000
29/11/2006,3.06,3.12,3.04,3.07,3.07,4482000
30/11/2006,3.06,3.11,3.03,3.1,3.1,6672600
01/12/2006,3.09,3.15,3.06,3.15,3.15,8217000
04/12/2006,3.15,3.2,3.14,3.16,3.16,5011200
05/12/2006,3.17,3.24,3.15,3.23,3.23,6501600
06/12/2006,3.22,3.25,3.18,3.19,3.19,4572000
07/12/2006,3.18,3.21,3.14,3.17,3.17,3931200
08/12/2006,3.18,3.2,3.11,3.2,3.2,5927400
11/12/2006,3.21,3.24,3.21,3.23,3.23,4658400
12/12/2006,3.24,3.24,3.11,3.19,3.19,5432400
13/12/2006,3.19,3.21,3.12,3.16,3.16,4069800
14/12/2006,3.15,3.19,3.14,3.17,3.17,2210400
15/12/2006,3.19,3.24,3.17,3.2,3.2,6224400
18/12/2006,3.22,3.22,3.16,3.17,3.17,3560400
19/12/2006,3.17,3.21,3.14,3.2,3.2,4332600
20/12/2006,3.22,3.33,3.2,3.28,3.28,6604200
21/12/2006,3.29,3.3,3.21,3.23,3.23,3200400
22/12/2006,3.23,3.27,3.16,3.25,3.25,2610000
26/12/2006,3.26,3.34,3.25,3.33,3.33,3396600
27/12/2006,3.34,3.36,3.3,3.35,3.35,2840400
28/12/2006,3.35,3.35,3.3,3.31,3.31,3740400
29/12/2006,3.29,3.33,3.28,3.33,3.33,3799800
03/01/2007,3.32,3.33,3.26,3.28,3.28,11320200
04/01/2007,3.27,3.28,3.22,3.26,3.26,4710600
05/01/2007,3.25,3.26,3.16,3.18,3.18,5499000
08/01/2007,3.17,3.21,3.11,3.2,3.2,5697000
09/01/2007,3.19,3.21,3.17,3.2,3.2,3425400
10/01/2007,3.2,3.27,3.14,3.25,3.25,4707000
11/01/2007,3.27,3.31,3.25,3.26,3.26,3447000
12/01/2007,3.27,3.31,3.25,3.28,3.28,3196800
16/01/2007,3.27,3.29,3.22,3.27,3.27,4019400
17/01/2007,3.26,3.29,3.26,3.27,3.27,3645000
18/01/2007,3.27,3.28,3.22,3.24,3.24,2251800
19/01/2007,3.24,3.27,3.19,3.26,3.26,2626200
22/01/2007,3.25,3.25,3.19,3.2,3.2,3884400
23/01/2007,3.19,3.23,3.17,3.22,3.22,4271400
24/01/2007,3.22,3.28,3.22,3.28,3.28,2199600
25/01/2007,3.28,3.29,3.22,3.24,3.24,3052800
26/01/2007,3.23,3.25,3.12,3.21,3.21,5088600
29/01/2007,3.19,3.23,3.16,3.22,3.22,3227400
30/01/2007,3.21,3.27,3.21,3.23,3.23,3121200
31/01/2007,3.24,3.24,3.2,3.24,3.24,2604600
01/02/2007,3.25,3.26,3.21,3.26,3.26,3213000
02/02/2007,3.26,3.29,3.23,3.24,3.24,4305600
05/02/2007,3.37,3.56,3.3,3.51,3.51,23994000
06/02/2007,3.5,3.6,3.49,3.56,3.56,7322400
07/02/2007,3.56,3.6,3.53,3.58,3.58,4125600
08/02/2007,3.57,3.61,3.54,3.56,3.56,2849400
09/02/2007,3.55,3.57,3.46,3.5,3.5,3362400
12/02/2007,3.48,3.49,3.41,3.48,3.48,5160600
13/02/2007,3.48,3.57,3.48,3.52,3.52,2804400
14/02/2007,3.52,3.59,3.51,3.53,3.53,3108600
15/02/2007,3.53,3.55,3.51,3.52,3.52,2476800
16/02/2007,3.52,3.58,3.52,3.57,3.57,2143800
20/02/2007,3.58,3.71,3.57,3.68,3.68,5536800
21/02/2007,3.68,3.69,3.58,3.61,3.61,4393800
22/02/2007,3.61,3.65,3.51,3.56,3.56,4550400
23/02/2007,3.56,3.56,3.51,3.53,3.53,3045600
26/02/2007,3.51,3.56,3.47,3.53,3.53,4761000
27/02/2007,3.49,3.49,3.37,3.41,3.41,11161800
28/02/2007,3.63,3.69,3.58,3.62,3.62,29946600
01/03/2007,3.56,3.83,3.45,3.77,3.77,16452000
02/03/2007,3.77,3.79,3.71,3.71,3.71,10326600
05/03/2007,3.71,3.86,3.67,3.75,3.75,10326600
06/03/2007,3.77,3.85,3.76,3.83,3.83,9293400
07/03/2007,3.84,3.88,3.81,3.84,3.84,5859000
08/03/2007,3.87,3.91,3.85,3.88,3.88,8449200
09/03/2007,3.89,3.9,3.82,3.85,3.85,6031800
12/03/2007,3.85,3.92,3.85,3.91,3.91,3420000
13/03/2007,3.92,3.93,3.85,3.86,3.86,7610400
14/03/2007,3.85,3.91,3.78,3.84,3.84,6235200
15/03/2007,3.87,3.93,3.86,3.91,3.91,6208200
16/03/2007,3.91,3.91,3.82,3.88,3.88,5772600
19/03/2007,3.9,3.97,3.89,3.95,3.95,5367600
20/03/2007,3.97,4.03,3.94,4.03,4.03,3922200
21/03/2007,4.04,4.07,3.96,4.04,4.04,4338000
22/03/2007,4.05,4.09,3.97,4.08,4.08,5187600
23/03/2007,4.07,4.07,4.02,4.05,4.05,4725000
26/03/2007,4.05,4.09,4.04,4.05,4.05,6274800
27/03/2007,4.04,4.04,3.95,3.97,3.97,8614800
28/03/2007,3.95,4.01,3.88,3.92,3.92,4374000
29/03/2007,3.92,3.96,3.87,3.93,3.93,3720600
30/03/2007,3.91,3.98,3.89,3.95,3.95,3128400
02/04/2007,4.0,4.0,3.88,3.89,3.89,6696000
03/04/2007,3.92,3.93,3.87,3.91,3.91,8488800
04/04/2007,3.9,3.98,3.9,3.96,3.96,5421600
05/04/2007,3.96,3.97,3.9,3.92,3.92,2856600
09/04/2007,3.92,3.95,3.87,3.89,3.89,3607200
10/04/2007,3.87,3.9,3.87,3.88,3.88,3400200
11/04/2007,3.88,3.9,3.79,3.84,3.84,5320800
12/04/2007,3.83,3.96,3.79,3.95,3.95,7257600
13/04/2007,3.96,3.99,3.91,3.98,3.98,5797800
16/04/2007,4.0,4.07,3.98,4.03,4.03,5029200
17/04/2007,4.03,4.1,3.99,4.06,4.06,5902200
18/04/2007,4.04,4.1,4.0,4.01,4.01,4766400
19/04/2007,4.02,4.05,3.97,4.01,4.01,3637800
20/04/2007,4.05,4.1,4.0,4.08,4.08,4730400
23/04/2007,4.07,4.24,4.06,4.15,4.15,10074600
24/04/2007,4.17,4.17,3.92,3.96,3.96,12394800
25/04/2007,3.95,4.0,3.92,3.97,3.97,6384600
26/04/2007,3.97,4.08,3.94,4.04,4.04,10450800
27/04/2007,3.95,4.32,3.95,4.27,4.27,15708600
30/04/2007,4.28,4.41,4.2,4.21,4.21,13710600
01/05/2007,4.24,4.25,4.08,4.25,4.25,8046000
02/05/2007,4.24,4.4,4.23,4.39,4.39,8362800
03/05/2007,4.39,4.4,4.27,4.36,4.36,7246800
04/05/2007,4.35,4.52,4.35,4.5,4.5,7857000
07/05/2007,4.51,4.52,4.39,4.43,4.43,7128000
08/05/2007,4.4,4.45,4.36,4.44,4.44,4978800
09/05/2007,4.41,4.5,4.4,4.46,4.46,4509000
10/05/2007,4.43,4.48,4.36,4.42,4.42,5999400
11/05/2007,4.45,4.52,4.43,4.48,4.48,3322800
14/05/2007,4.49,4.51,4.41,4.44,4.44,4968000
15/05/2007,4.43,4.49,4.38,4.42,4.42,4703400
16/05/2007,4.46,4.54,4.38,4.44,4.44,5536800
17/05/2007,4.44,4.55,4.41,4.47,4.47,3933000
18/05/2007,4.47,4.53,4.44,4.51,4.51,3544200
21/05/2007,4.53,4.66,4.52,4.64,4.64,4343400
22/05/2007,4.66,4.74,4.62,4.72,4.72,5310000
23/05/2007,4.71,4.75,4.61,4.68,4.68,3765600
24/05/2007,4.65,4.74,4.57,4.58,4.58,4534200
25/05/2007,4.59,4.68,4.56,4.61,4.61,2766600
29/05/2007,4.64,4.74,4.62,4.73,4.73,3749400
30/05/2007,4.71,4.91,4.65,4.83,4.83,8263800
31/05/2007,4.83,4.9,4.82,4.88,4.88,5743800
01/06/2007,4.91,4.94,4.88,4.9,4.9,3790800
04/06/2007,4.93,4.95,4.85,4.91,4.91,8022600
05/06/2007,4.91,4.95,4.87,4.92,4.92,5049000
06/06/2007,4.91,5.06,4.85,5.0,5.0,8919000
07/06/2007,4.97,5.14,4.97,5.04,5.04,16468200
08/06/2007,5.03,5.19,4.92,5.19,5.19,12738600
11/06/2007,5.19,5.27,5.12,5.2,5.2,7511400
12/06/2007,5.18,5.26,5.09,5.14,5.14,8100000
13/06/2007,5.18,5.22,5.08,5.16,5.16,8312400
14/06/2007,5.17,5.24,5.11,5.13,5.13,8226000
15/06/2007,5.21,5.22,5.14,5.2,5.2,6496200
18/06/2007,5.24,5.38,5.2,5.36,5.36,6931800
19/06/2007,5.36,5.43,5.26,5.39,5.39,5947200
20/06/2007,5.39,5.42,5.24,5.26,5.26,5707800
21/06/2007,5.26,5.31,5.15,5.28,5.28,7263000
22/06/2007,5.28,5.29,5.18,5.22,5.22,9160200
25/06/2007,5.19,5.27,5.15,5.21,5.21,6060600
26/06/2007,5.23,5.34,5.2,5.29,5.29,6172200
27/06/2007,5.28,5.49,5.18,5.47,5.47,9424800
28/06/2007,5.49,5.62,5.42,5.53,5.53,8960400
29/06/2007,5.62,5.69,5.56,5.61,5.61,7552800
02/07/2007,5.62,5.65,5.59,5.61,5.61,7423200
03/07/2007,5.61,5.61,5.54,5.55,5.55,3501000
05/07/2007,5.57,5.65,5.5,5.65,5.65,6863400
06/07/2007,5.64,5.78,5.62,5.77,5.77,5027400
09/07/2007,5.78,5.82,5.72,5.76,5.76,6103800
10/07/2007,5.73,5.9,5.69,5.83,5.83,7848000
11/07/2007,5.81,5.84,5.45,5.48,5.48,15442200
12/07/2007,5.48,5.71,5.48,5.69,5.69,10738800
13/07/2007,5.7,5.73,5.55,5.65,5.65,6098400
16/07/2007,5.64,5.66,5.53,5.57,5.57,6298200
17/07/2007,5.59,5.78,5.56,5.74,5.74,5637600
18/07/2007,5.7,5.74,5.62,5.73,5.73,4532400
19/07/2007,5.76,5.91,5.76,5.89,5.89,6057000
20/07/2007,5.88,5.9,5.71,5.84,5.84,7826400
23/07/2007,5.85,5.98,5.84,5.89,5.89,7212600
24/07/2007,5.88,5.91,5.62,5.65,5.65,7356600
25/07/2007,5.67,5.68,5.37,5.51,5.51,13753800
26/07/2007,5.42,5.44,5.09,5.25,5.25,19114200
27/07/2007,5.56,6.11,5.56,5.99,5.99,29577600
30/07/2007,6.02,6.17,5.78,5.96,5.96,13829400
31/07/2007,6.14,6.14,5.72,5.73,5.73,11932200
01/08/2007,5.73,5.83,5.56,5.83,5.83,10720800
02/08/2007,5.73,5.86,5.7,5.85,5.85,7115400
03/08/2007,5.86,5.94,5.56,5.56,5.56,8508600
06/08/2007,5.65,5.96,5.53,5.93,5.93,14545800
07/08/2007,5.93,6.22,5.84,6.17,6.17,13777200
08/08/2007,6.23,6.31,6.04,6.18,6.18,13492800
09/08/2007,6.07,6.11,5.28,5.52,5.52,27921600
10/08/2007,5.32,5.4,5.06,5.28,5.28,22563000
13/08/2007,5.49,5.68,5.4,5.48,5.48,16952400
14/08/2007,5.45,5.58,5.07,5.11,5.11,15433200
15/08/2007,5.06,5.14,4.86,4.88,4.88,15660000
16/08/2007,4.83,4.98,4.64,4.96,4.96,14734800
17/08/2007,5.12,5.33,4.83,4.96,4.96,13348800
20/08/2007,5.01,5.16,4.97,5.12,5.12,6026400
21/08/2007,5.16,5.39,5.16,5.17,5.17,8701200
22/08/2007,5.24,5.36,5.17,5.35,5.35,9334800
23/08/2007,5.39,5.44,5.11,5.14,5.14,6883200
24/08/2007,5.12,5.35,5.08,5.35,5.35,8217000
27/08/2007,5.35,5.37,5.21,5.23,5.23,4132800
28/08/2007,5.17,5.22,5.0,5.0,5.0,6060600
29/08/2007,5.07,5.2,5.02,5.18,5.18,6283800
30/08/2007,5.12,5.18,5.05,5.09,5.09,6935400
31/08/2007,5.17,5.3,5.09,5.23,5.23,6692400
04/09/2007,5.27,5.28,5.1,5.25,5.25,5652000
05/09/2007,5.21,5.32,5.11,5.28,5.28,10546200
06/09/2007,5.31,5.38,5.15,5.26,5.26,4926600
07/09/2007,5.15,5.24,5.05,5.08,5.08,5842800
10/09/2007,5.12,5.14,4.99,5.06,5.06,7660800
11/09/2007,5.1,5.27,4.96,5.25,5.25,9554400
12/09/2007,5.26,5.36,5.13,5.25,5.25,5841000
13/09/2007,5.26,5.36,5.12,5.26,5.26,5981400
14/09/2007,5.2,5.33,5.16,5.27,5.27,3902400
17/09/2007,5.26,5.43,5.19,5.37,5.37,7934400
18/09/2007,5.4,5.81,5.37,5.81,5.81,11367000
19/09/2007,5.81,6.05,5.61,5.73,5.73,8303400
20/09/2007,5.73,5.82,5.62,5.8,5.8,7457400
21/09/2007,5.86,6.13,5.84,6.03,6.03,14002200
24/09/2007,6.05,6.18,5.98,6.1,6.1,7232400
25/09/2007,6.04,6.09,5.92,6.05,6.05,7268400
26/09/2007,6.05,6.08,5.86,5.95,5.95,7007400
27/09/2007,6.0,6.17,5.93,6.1,6.1,7138800
28/09/2007,6.09,6.26,6.07,6.1,6.1,5623200
01/10/2007,6.17,6.3,5.95,6.29,6.29,10359000
02/10/2007,6.33,6.47,6.26,6.41,6.41,7414200
03/10/2007,6.35,6.38,6.16,6.22,6.22,5497200
04/10/2007,6.25,6.33,6.14,6.32,6.32,3702600
05/10/2007,6.41,6.47,6.34,6.38,6.38,2950200
08/10/2007,6.38,6.44,6.27,6.37,6.37,2998800
09/10/2007,6.4,6.47,6.18,6.26,6.26,6370200
10/10/2007,6.25,6.36,6.16,6.3,6.3,4059000
11/10/2007,6.33,6.36,6.04,6.13,6.13,6339600
12/10/2007,6.15,6.24,6.09,6.15,6.15,5130000
15/10/2007,6.18,6.39,6.15,6.17,6.17,4896000
16/10/2007,6.16,6.16,6.02,6.03,6.03,4671000
17/10/2007,6.11,6.21,6.03,6.07,6.07,4627800
18/10/2007,6.03,6.22,5.88,6.2,6.2,9842400
19/10/2007,6.19,6.24,6.0,6.0,6.0,7936200
22/10/2007,5.95,6.65,5.88,6.58,6.58,16515000
23/10/2007,6.62,6.7,6.33,6.47,6.47,9214200
24/10/2007,6.44,6.6,6.26,6.45,6.45,12137400
25/10/2007,6.44,6.62,6.27,6.28,6.28,13809600
26/10/2007,7.29,8.04,7.29,8.01,8.01,33838200
29/10/2007,8.11,8.2,7.81,8.1,8.1,13599000
30/10/2007,8.05,8.15,7.84,7.85,7.85,8881200
31/10/2007,7.94,7.98,7.63,7.77,7.77,11077200
01/11/2007,7.61,7.79,7.31,7.36,7.36,9801000
02/11/2007,7.48,7.61,7.24,7.56,7.56,8262000
05/11/2007,7.47,7.69,7.37,7.62,7.62,6267600
06/11/2007,7.62,7.81,7.39,7.75,7.75,6442200
07/11/2007,7.64,7.83,7.42,7.44,7.44,7815600
08/11/2007,7.47,7.55,6.96,7.43,7.43,10245600
09/11/2007,7.27,7.27,6.82,6.89,6.89,12223800
12/11/2007,6.82,6.95,6.35,6.37,6.37,16104600
13/11/2007,6.51,7.37,6.51,7.25,7.25,19306800
14/11/2007,7.35,7.55,6.99,6.99,6.99,10573200
15/11/2007,6.92,7.17,6.89,7.06,7.06,6237000
16/11/2007,7.08,7.22,6.93,7.16,7.16,7174800
19/11/2007,7.16,7.22,6.61,6.71,6.71,7671600
20/11/2007,6.78,7.07,6.73,6.88,6.88,6764400
21/11/2007,6.71,7.15,6.61,7.0,7.0,6080400
23/11/2007,7.11,7.41,7.09,7.33,7.33,3697200
26/11/2007,7.4,7.54,7.27,7.4,7.4,6822000
27/11/2007,7.61,8.26,7.59,7.99,7.99,23041800
28/11/2007,8.06,8.36,7.87,8.1,8.1,13869000
29/11/2007,8.03,8.17,7.89,7.91,7.91,7381800
30/11/2007,8.11,8.34,7.96,8.01,8.01,6256800
03/12/2007,8.16,8.61,8.07,8.56,8.56,11660400
04/12/2007,8.45,8.56,8.3,8.51,8.51,8352000
05/12/2007,8.54,8.73,8.35,8.53,8.53,9559800
06/12/2007,8.59,8.87,8.57,8.86,8.86,11752200
07/12/2007,8.88,8.92,8.65,8.72,8.72,7945200
10/12/2007,8.78,8.89,8.74,8.81,8.81,5218200
11/12/2007,8.96,9.01,8.45,8.56,8.56,8542800
12/12/2007,8.74,8.83,8.31,8.5,8.5,7738200
13/12/2007,8.44,8.53,8.19,8.51,8.51,5763600
14/12/2007,8.37,8.58,8.29,8.53,8.53,4595400
17/12/2007,8.57,8.99,8.56,8.77,8.77,10531800
18/12/2007,8.97,8.97,8.38,8.66,8.66,10150200
19/12/2007,8.68,8.8,8.57,8.69,8.69,3992400
20/12/2007,8.77,8.84,8.54,8.8,8.8,5250600
21/12/2007,8.94,9.14,8.86,9.09,9.09,8575200
24/12/2007,9.15,9.17,8.95,9.15,9.15,2260800
26/12/2007,9.06,9.21,9.0,9.16,9.16,3119400
27/12/2007,9.11,9.25,9.03,9.06,9.06,5495400
28/12/2007,9.08,9.21,8.78,8.9,8.9,4467600
31/12/2007,8.84,8.84,8.6,8.61,8.61,4278600
02/01/2008,8.36,8.56,8.2,8.55,8.55,10544400
03/01/2008,8.56,8.72,8.21,8.31,8.31,7936200
04/01/2008,8.16,8.18,7.69,7.89,7.89,12247200
07/01/2008,7.89,7.94,7.26,7.38,7.38,17200800
08/01/2008,7.33,7.55,7.19,7.35,7.35,12587400
09/01/2008,7.32,7.87,7.16,7.85,7.85,14794200
10/01/2008,7.72,8.24,7.69,8.14,8.14,13887000
11/01/2008,8.06,8.07,7.21,7.21,7.21,18779400
14/01/2008,7.36,7.71,7.36,7.63,7.63,14801400
15/01/2008,7.43,7.49,6.97,7.21,7.21,14666400
16/01/2008,7.05,7.4,6.88,7.1,7.1,17004600
17/01/2008,7.0,7.22,6.63,6.66,6.66,13509000
18/01/2008,6.73,7.05,6.67,6.82,6.82,17422200
22/01/2008,6.35,7.26,6.29,7.13,7.13,12668400
23/01/2008,6.83,7.14,6.17,7.04,7.04,32587200
24/01/2008,7.18,7.66,7.08,7.31,7.31,15327000
25/01/2008,7.28,7.31,6.56,6.7,6.7,13906800
28/01/2008,6.62,6.7,6.28,6.58,6.58,10767600
29/01/2008,6.74,6.89,6.55,6.66,6.66,11543400
30/01/2008,6.59,6.77,6.45,6.54,6.54,18041400
31/01/2008,6.39,6.81,6.34,6.74,6.74,16718400
01/02/2008,6.65,6.88,6.59,6.78,6.78,8715600
04/02/2008,6.6,6.91,6.6,6.63,6.63,7633800
05/02/2008,6.47,6.63,6.3,6.34,6.34,14121000
06/02/2008,6.41,6.56,5.99,6.06,6.06,13687200
07/02/2008,6.0,6.55,5.9,6.46,6.46,15915600
08/02/2008,6.42,6.66,6.27,6.36,6.36,10054800
11/02/2008,6.33,6.5,6.22,6.37,6.37,7723800
12/02/2008,6.39,6.79,6.33,6.44,6.44,12036600
13/02/2008,6.51,6.8,6.46,6.75,6.75,8681400
14/02/2008,6.83,6.83,6.37,6.41,6.41,8472600
15/02/2008,6.35,6.42,6.13,6.35,6.35,9059400
19/02/2008,6.6,6.72,6.58,6.62,6.62,12974400
20/02/2008,6.51,6.92,6.48,6.89,6.89,11120400
21/02/2008,6.95,7.1,6.72,6.78,6.78,9405000
22/02/2008,6.83,6.88,6.53,6.72,6.72,9507600
25/02/2008,6.73,6.92,6.58,6.86,6.86,7857000
26/02/2008,6.84,7.22,6.79,7.1,7.1,10753200
27/02/2008,6.97,7.22,6.96,7.07,7.07,11610000
28/02/2008,7.12,7.16,6.97,7.03,7.03,19206000
29/02/2008,6.55,6.77,6.07,6.15,6.15,85503600
03/03/2008,6.06,6.13,5.73,5.87,5.87,27743400
04/03/2008,5.88,6.02,5.64,5.92,5.92,24116400
05/03/2008,5.96,5.99,5.78,5.85,5.85,15066000
06/03/2008,5.78,5.82,5.55,5.56,5.56,15831000
07/03/2008,5.4,5.64,5.33,5.53,5.53,25219800
10/03/2008,5.45,5.48,5.08,5.08,5.08,16842600
11/03/2008,5.27,5.42,4.99,5.41,5.41,26071200
12/03/2008,5.4,5.63,5.29,5.46,5.46,17569800
13/03/2008,5.37,5.86,5.26,5.79,5.79,19051200
14/03/2008,6.0,6.0,5.53,5.72,5.72,14805000
17/03/2008,5.55,5.61,5.36,5.4,5.4,15642000
18/03/2008,5.61,5.86,5.59,5.85,5.85,17026200
19/03/2008,5.83,6.04,5.56,5.56,5.56,12949200
20/03/2008,5.67,5.91,5.58,5.88,5.88,15483600
24/03/2008,5.89,6.29,5.89,6.15,6.15,14619600
25/03/2008,6.2,6.26,5.99,6.15,6.15,13267800
26/03/2008,6.06,6.14,5.99,6.02,6.02,10168200
27/03/2008,6.05,6.11,5.86,5.88,5.88,7527600
28/03/2008,5.85,5.91,5.74,5.81,5.81,8434800
31/03/2008,5.76,6.01,5.73,5.99,5.99,11638800
01/04/2008,6.16,6.29,6.06,6.2,6.2,11455200
02/04/2008,6.22,6.36,6.08,6.3,6.3,11206800
03/04/2008,6.22,6.44,6.15,6.28,6.28,9599400
04/04/2008,6.35,6.47,6.12,6.36,6.36,7846200
07/04/2008,6.44,6.58,6.35,6.38,6.38,8861400
08/04/2008,6.35,6.42,6.22,6.3,6.3,11568600
09/04/2008,6.3,6.42,6.12,6.18,6.18,9095400
10/04/2008,6.15,6.38,6.03,6.3,6.3,7696800
11/04/2008,6.22,6.39,6.07,6.14,6.14,7896600
14/04/2008,6.15,6.3,6.07,6.19,6.19,3803400
15/04/2008,6.01,6.16,5.84,5.93,5.93,18934200
16/04/2008,6.03,6.43,5.99,6.41,6.41,14248800
17/04/2008,6.27,6.85,6.26,6.76,6.76,19677600
18/04/2008,6.83,7.09,6.83,7.03,7.03,17010000
21/04/2008,7.04,7.21,6.69,6.79,6.79,14841000
22/04/2008,6.72,6.78,6.39,6.51,6.51,16651800
23/04/2008,6.55,6.63,6.37,6.45,6.45,14077800
24/04/2008,6.44,6.71,6.31,6.53,6.53,23418000
25/04/2008,7.5,7.94,7.34,7.93,7.93,43963200
28/04/2008,7.94,8.14,7.77,7.8,7.8,20145600
29/04/2008,7.8,7.97,7.73,7.79,7.79,8368200
30/04/2008,7.89,7.89,7.59,7.67,7.67,10067400
01/05/2008,7.65,7.99,7.6,7.97,7.97,8877600
02/05/2008,8.05,8.09,7.83,7.91,7.91,6411600
05/05/2008,7.76,7.99,7.74,7.77,7.77,5274000
06/05/2008,7.75,7.97,7.64,7.93,7.93,5851800
07/05/2008,7.9,7.94,7.62,7.65,7.65,6649200
08/05/2008,7.64,7.71,7.42,7.58,7.58,7237800
09/05/2008,7.55,7.61,7.42,7.5,7.5,6616800
12/05/2008,7.59,7.88,7.52,7.83,7.83,7250400
13/05/2008,7.91,8.0,7.74,7.9,7.9,6379200
14/05/2008,7.94,8.13,7.75,7.78,7.78,7095600
15/05/2008,7.8,7.87,7.69,7.84,7.84,4476600
16/05/2008,7.93,7.93,7.67,7.82,7.82,3805200
19/05/2008,7.79,7.94,7.66,7.69,7.69,2689200
20/05/2008,7.69,7.83,7.53,7.61,7.61,4053600
21/05/2008,7.65,7.7,7.24,7.28,7.28,8008200
22/05/2008,7.28,7.5,7.28,7.38,7.38,6766200
23/05/2008,7.34,7.34,7.12,7.27,7.27,5794200
27/05/2008,7.27,7.56,7.27,7.47,7.47,5344200
28/05/2008,7.51,7.72,7.42,7.71,7.71,5554800
29/05/2008,7.71,7.92,7.62,7.67,7.67,7284600
30/05/2008,7.67,7.71,7.54,7.6,7.6,4141800
02/06/2008,7.58,7.59,7.29,7.4,7.4,4354200
03/06/2008,7.44,7.78,7.42,7.61,7.61,10459800
04/06/2008,7.56,7.59,7.35,7.54,7.54,6562800
05/06/2008,7.49,7.63,7.4,7.43,7.43,6530400
06/06/2008,7.36,7.41,7.13,7.13,7.13,7176600
09/06/2008,7.16,7.18,7.0,7.07,7.07,6804000
10/06/2008,7.02,7.13,6.9,7.1,7.1,5907600
11/06/2008,7.07,7.26,6.81,6.82,6.82,8060400
12/06/2008,6.86,7.11,6.74,6.83,6.83,5866200
13/06/2008,6.9,7.16,6.87,7.16,7.16,7268400
16/06/2008,7.16,7.57,7.15,7.46,7.46,10837800
17/06/2008,7.52,7.57,7.42,7.48,7.48,6066000
18/06/2008,7.49,7.62,7.39,7.47,7.47,6624000
19/06/2008,7.47,7.61,7.35,7.59,7.59,5353200
20/06/2008,7.49,7.76,7.48,7.75,7.75,11133000
23/06/2008,7.83,8.05,7.77,7.87,7.87,9522000
24/06/2008,7.78,7.9,7.62,7.7,7.7,6870600
25/06/2008,7.89,8.04,7.74,7.89,7.89,15046200
26/06/2008,7.8,7.83,7.56,7.64,7.64,8791200
27/06/2008,7.6,7.72,7.39,7.65,7.65,13244400
30/06/2008,7.73,7.87,7.67,7.73,7.73,10159200
01/07/2008,7.53,7.71,7.24,7.64,7.64,11518200
02/07/2008,7.74,7.77,7.28,7.3,7.3,8247600
03/07/2008,7.29,7.47,7.07,7.28,7.28,4944600
07/07/2008,7.41,7.44,7.01,7.13,7.13,10483200
08/07/2008,7.09,7.38,6.95,7.35,7.35,12423600
09/07/2008,7.33,7.33,7.11,7.12,7.12,6235200
10/07/2008,7.06,7.15,6.78,6.85,6.85,11725200
11/07/2008,6.78,7.04,6.06,6.27,6.27,30688200
14/07/2008,6.5,6.5,5.94,6.19,6.19,18417600
15/07/2008,6.11,6.25,5.89,6.09,6.09,11431800
16/07/2008,6.16,6.63,6.11,6.6,6.6,17287200
17/07/2008,6.63,6.89,6.36,6.69,6.69,16221600
18/07/2008,6.69,6.74,6.28,6.33,6.33,9937800
21/07/2008,6.36,6.48,6.18,6.37,6.37,8312400
22/07/2008,6.2,6.84,6.2,6.73,6.73,11876400
23/07/2008,6.72,7.12,6.59,7.02,7.02,18837000
24/07/2008,7.02,7.14,6.61,6.64,6.64,9781200
25/07/2008,6.62,6.8,6.5,6.57,6.57,8537400
28/07/2008,6.56,6.57,6.33,6.34,6.34,10132200
29/07/2008,6.34,6.64,6.28,6.55,6.55,9675000
30/07/2008,6.63,6.69,6.3,6.37,6.37,10710000
31/07/2008,6.25,6.35,6.22,6.28,6.28,9828000
01/08/2008,6.11,6.22,5.83,5.86,5.86,17632800
04/08/2008,5.83,6.01,5.67,5.98,5.98,14355000
05/08/2008,6.1,6.38,6.03,6.3,6.3,15897600
06/08/2008,6.28,6.3,6.0,6.22,6.22,9572400
07/08/2008,5.95,6.44,5.95,6.4,6.4,39825000
08/08/2008,6.16,6.77,6.01,6.76,6.76,36907200
11/08/2008,6.6,7.05,6.6,6.87,6.87,13066200
12/08/2008,6.87,7.09,6.7,6.74,6.74,9239400
13/08/2008,6.72,6.93,6.65,6.87,6.87,8170200
14/08/2008,6.78,7.02,6.7,6.96,6.96,7090200
15/08/2008,7.05,7.11,6.89,6.95,6.95,9869400
18/08/2008,6.95,6.95,6.58,6.67,6.67,10051200
19/08/2008,6.61,6.65,6.39,6.47,6.47,10431000
20/08/2008,6.58,6.59,6.34,6.41,6.41,6634800
21/08/2008,6.33,6.5,6.33,6.41,6.41,5562000
22/08/2008,6.45,6.62,6.38,6.53,6.53,6249600
25/08/2008,6.51,6.51,6.18,6.21,6.21,10368000
26/08/2008,6.17,6.17,5.96,6.09,6.09,10429200
27/08/2008,6.07,6.14,5.92,6.1,6.1,9253800
28/08/2008,6.19,6.31,6.1,6.28,6.28,6674400
29/08/2008,6.23,6.42,6.22,6.32,6.32,9091800
02/09/2008,6.38,6.58,6.36,6.49,6.49,13705200
03/09/2008,6.5,6.63,6.31,6.43,6.43,8008200
04/09/2008,6.34,6.41,6.11,6.21,6.21,9010800
05/09/2008,6.13,6.3,6.01,6.22,6.22,8184600
08/09/2008,6.42,6.47,6.04,6.27,6.27,9846000
09/09/2008,6.25,6.39,6.08,6.1,6.1,15741000
10/09/2008,6.17,6.4,6.01,6.33,6.33,10935000
11/09/2008,6.17,6.36,6.12,6.34,6.34,10269000
12/09/2008,6.24,6.31,6.13,6.27,6.27,6454800
15/09/2008,6.08,6.43,6.01,6.19,6.19,10081800
16/09/2008,6.09,6.53,6.05,6.45,6.45,11415600
17/09/2008,6.3,6.37,5.65,5.72,5.72,18988200
18/09/2008,5.73,5.98,5.51,5.89,5.89,15849000
19/09/2008,6.38,6.78,6.19,6.51,6.51,21605400
22/09/2008,6.43,6.49,6.14,6.19,6.19,8136000
23/09/2008,6.28,6.35,5.95,6.04,6.04,10305000
24/09/2008,6.04,6.19,5.8,5.85,5.85,7475400
25/09/2008,5.88,6.16,5.85,6.07,6.07,7506000
26/09/2008,5.89,6.12,5.78,6.08,6.08,4593600
29/09/2008,5.9,5.94,5.36,5.52,5.52,11286000
30/09/2008,5.57,5.83,5.49,5.78,5.78,7768800
01/10/2008,5.55,5.78,5.5,5.7,5.7,6057000
02/10/2008,5.65,5.7,5.21,5.31,5.31,8490600
03/10/2008,5.37,5.49,4.92,4.95,4.95,13770000
06/10/2008,4.64,5.0,4.46,4.97,4.97,19584000
07/10/2008,5.01,5.13,4.58,4.59,4.59,8476200
08/10/2008,4.42,4.71,4.14,4.34,4.34,22302000
09/10/2008,4.33,4.56,4.22,4.28,4.28,19661400
10/10/2008,4.28,5.56,4.28,5.25,5.25,41270400
13/10/2008,5.5,5.77,5.25,5.41,5.41,17848800
14/10/2008,5.5,5.61,5.02,5.05,5.05,14340600
15/10/2008,4.93,5.12,4.77,4.79,4.79,18030600
16/10/2008,4.83,5.37,4.56,5.29,5.29,15526800
17/10/2008,5.05,5.53,4.95,5.25,5.25,11197800
20/10/2008,5.36,5.52,5.06,5.26,5.26,8730000
21/10/2008,5.21,5.49,5.15,5.18,5.18,10648800
22/10/2008,5.11,5.14,4.52,4.65,4.65,14855400
23/10/2008,4.64,4.78,4.15,4.36,4.36,21310200
24/10/2008,3.67,4.28,3.65,4.1,4.1,20412000
27/10/2008,4.04,4.44,3.97,4.12,4.12,17330400
28/10/2008,4.28,4.3,3.7,3.99,3.99,24217200
29/10/2008,4.05,4.22,3.93,4.04,4.04,20003400
30/10/2008,4.18,4.31,4.02,4.31,4.31,15361200
31/10/2008,4.28,4.85,4.22,4.71,4.71,14857200
03/11/2008,4.71,4.8,4.42,4.48,4.48,11781000
04/11/2008,4.71,4.8,4.52,4.67,4.67,10566000
05/11/2008,4.61,4.73,4.41,4.45,4.45,9669600
06/11/2008,4.38,4.46,4.15,4.22,4.22,10398600
07/11/2008,4.28,4.39,3.91,4.02,4.02,9550800
10/11/2008,4.66,4.66,3.8,3.87,3.87,10449000
11/11/2008,3.82,3.87,3.64,3.78,3.78,11642400
12/11/2008,3.67,3.72,3.47,3.48,3.48,11876400
13/11/2008,3.49,3.61,3.08,3.56,3.56,22719600
14/11/2008,3.49,3.62,3.31,3.37,3.37,13712400
17/11/2008,3.34,3.42,3.2,3.2,3.2,9527400
18/11/2008,3.19,3.21,2.61,2.78,2.78,35296200
19/11/2008,2.78,2.91,2.67,2.68,2.68,24154200
20/11/2008,2.63,2.99,2.57,2.68,2.68,23830200
21/11/2008,2.74,3.04,2.66,3.0,3.0,21870000
24/11/2008,3.05,3.35,3.01,3.13,3.13,17227800
25/11/2008,3.21,3.25,2.99,3.16,3.16,13847400
26/11/2008,3.06,3.53,3.03,3.44,3.44,12933000
28/11/2008,3.35,3.41,3.25,3.31,3.31,4437000
01/12/2008,3.28,3.29,2.9,2.91,2.91,15553800
02/12/2008,2.96,3.15,2.86,3.1,3.1,12794400
03/12/2008,3.01,3.27,2.95,3.24,3.24,11165400
04/12/2008,3.19,3.68,2.95,3.48,3.48,23297400
05/12/2008,3.4,3.83,3.34,3.83,3.83,14871600
08/12/2008,3.94,4.39,3.93,4.35,4.35,19384200
09/12/2008,4.28,4.49,4.01,4.02,4.02,15973200
10/12/2008,4.1,4.19,3.91,4.02,4.02,15282000
11/12/2008,3.95,3.98,3.54,3.6,3.6,18464400
12/12/2008,3.49,3.73,3.4,3.69,3.69,11131200
15/12/2008,3.72,3.86,3.37,3.45,3.45,10717200
16/12/2008,3.53,3.75,3.42,3.73,3.73,14153400
17/12/2008,3.66,3.98,3.59,3.92,3.92,12549600
18/12/2008,4.07,4.11,3.87,4.07,4.07,14970600
19/12/2008,4.19,4.25,4.06,4.22,4.22,14437800
22/12/2008,4.18,4.24,4.05,4.22,4.22,11277000
23/12/2008,4.21,4.32,4.14,4.22,4.22,9471600
24/12/2008,4.22,4.25,4.09,4.2,4.2,4141800
26/12/2008,4.33,4.38,4.18,4.29,4.29,2921400
29/12/2008,4.36,4.38,4.15,4.25,4.25,7664400
30/12/2008,4.3,4.4,4.23,4.38,4.38,9981000
31/12/2008,4.39,4.49,4.37,4.44,4.44,5389200
02/01/2009,4.42,4.69,4.38,4.66,4.66,5961600
05/01/2009,4.65,4.65,4.43,4.52,4.52,9252000
06/01/2009,4.6,4.77,4.52,4.62,4.62,9916200
07/01/2009,4.51,4.59,4.22,4.28,4.28,13491000
08/01/2009,4.15,4.27,4.04,4.21,4.21,11937600
09/01/2009,4.22,4.22,3.95,3.97,3.97,5479200
12/01/2009,3.97,3.97,3.48,3.57,3.57,30587400
13/01/2009,3.6,3.75,3.53,3.61,3.61,15193800
14/01/2009,3.52,3.58,3.17,3.26,3.26,34957800
15/01/2009,3.26,3.38,3.06,3.26,3.26,17731800
16/01/2009,3.33,3.38,3.18,3.36,3.36,10130400
20/01/2009,3.32,3.33,3.01,3.02,3.02,9883800
21/01/2009,3.05,3.14,2.87,3.14,3.14,12020400
22/01/2009,3.05,3.15,2.96,3.05,3.05,8285400
23/01/2009,2.98,3.12,2.9,3.05,3.05,7646400
26/01/2009,3.03,3.17,2.96,3.04,3.04,7563600
27/01/2009,3.03,3.1,2.99,3.04,3.04,5191200
28/01/2009,3.1,3.31,3.1,3.24,3.24,12769200
29/01/2009,3.18,3.22,2.95,2.98,2.98,11151000
30/01/2009,3.02,3.03,2.84,2.9,2.9,10062000
02/02/2009,2.86,2.97,2.82,2.9,2.9,10054800
03/02/2009,2.92,3.1,2.89,3.05,3.05,9979200
04/02/2009,3.05,3.14,2.91,2.94,2.94,7371000
05/02/2009,2.93,3.05,2.84,3.02,3.02,7693200
06/02/2009,3.01,3.21,3.01,3.14,3.14,6850800
09/02/2009,3.12,3.23,3.05,3.08,3.08,7286400
10/02/2009,3.05,3.21,2.97,2.99,2.99,9203400
11/02/2009,3.02,3.05,2.9,2.94,2.94,6044400
12/02/2009,2.91,3.08,2.91,3.06,3.06,9082800
13/02/2009,3.06,3.11,3.01,3.04,3.04,4861800
17/02/2009,2.91,2.99,2.84,2.88,2.88,12391200
18/02/2009,2.92,3.04,2.91,2.99,2.99,10598400
19/02/2009,3.02,3.12,3.02,3.06,3.06,9612000
20/02/2009,3.0,3.21,3.0,3.2,3.2,14934600
23/02/2009,3.24,3.24,3.01,3.07,3.07,13149000
24/02/2009,3.07,3.19,3.02,3.17,3.17,10998000
25/02/2009,3.15,3.17,3.04,3.08,3.08,11176200
26/02/2009,3.08,3.15,2.94,2.94,2.94,28870200
27/02/2009,2.54,2.56,2.24,2.29,2.29,81070200
02/03/2009,2.22,2.29,2.07,2.1,2.1,29529000
03/03/2009,2.23,2.31,2.11,2.14,2.14,29813400
04/03/2009,2.14,2.3,2.14,2.26,2.26,18277200
05/03/2009,2.23,2.26,2.16,2.18,2.18,14239800
06/03/2009,2.2,2.23,2.12,2.22,2.22,9203400
09/03/2009,2.17,2.24,2.16,2.19,2.19,11478600
10/03/2009,2.17,2.41,2.17,2.38,2.38,15395400
11/03/2009,2.4,2.47,2.34,2.42,2.42,12094200
12/03/2009,2.41,2.51,2.36,2.5,2.5,9883800
13/03/2009,2.53,2.56,2.45,2.53,2.53,9527400
16/03/2009,2.55,2.55,2.46,2.46,2.46,8983800
17/03/2009,2.48,2.65,2.42,2.64,2.64,11520000
18/03/2009,2.63,2.82,2.6,2.78,2.78,12333600
19/03/2009,2.82,2.87,2.76,2.81,2.81,9252000
20/03/2009,2.84,2.84,2.65,2.68,2.68,10764000
23/03/2009,2.56,2.82,2.5,2.81,2.81,31759200
24/03/2009,2.76,2.88,2.71,2.77,2.77,11617200
25/03/2009,2.77,2.99,2.77,2.92,2.92,22600800
26/03/2009,2.98,3.25,2.98,3.2,3.2,20817000
27/03/2009,3.04,3.11,2.92,2.96,2.96,18712800
30/03/2009,2.89,2.93,2.79,2.91,2.91,9583200
31/03/2009,2.98,3.04,2.91,2.95,2.95,12214800
01/04/2009,2.92,3.09,2.88,3.05,3.05,11275200
02/04/2009,3.16,3.36,3.12,3.16,3.16,18588600
03/04/2009,3.16,3.3,3.12,3.28,3.28,7639200
06/04/2009,3.04,3.24,3.04,3.24,3.24,16354800
07/04/2009,3.18,3.3,3.14,3.18,3.18,10927800
08/04/2009,3.24,3.33,3.23,3.32,3.32,8395200
09/04/2009,3.39,3.58,3.38,3.58,3.58,11349000
13/04/2009,3.55,3.57,3.47,3.55,3.55,8398800
14/04/2009,3.47,3.51,3.4,3.47,3.47,8271000
15/04/2009,3.45,3.46,3.26,3.29,3.29,15492600
16/04/2009,3.39,3.5,3.32,3.46,3.46,17213400
17/04/2009,3.47,3.72,3.46,3.68,3.68,15476400
20/04/2009,3.54,3.6,3.37,3.4,3.4,13618800
21/04/2009,3.38,3.53,3.36,3.49,3.49,15141600
22/04/2009,3.47,3.66,3.39,3.52,3.52,16590600
23/04/2009,3.52,3.64,3.43,3.54,3.54,23371200
24/04/2009,3.42,3.55,3.26,3.3,3.3,33616800
27/04/2009,3.28,3.29,3.15,3.18,3.18,21897000
28/04/2009,3.14,3.2,3.13,3.18,3.18,18590400
29/04/2009,3.21,3.27,3.15,3.18,3.18,20781000
30/04/2009,3.21,3.26,3.14,3.14,3.14,18210600
01/05/2009,3.12,3.21,3.08,3.12,3.12,10411200
04/05/2009,3.15,3.29,3.14,3.28,3.28,10324800
05/05/2009,3.27,3.41,3.26,3.4,3.4,12294000
06/05/2009,3.44,3.49,3.29,3.36,3.36,9957600
07/05/2009,3.43,3.43,3.19,3.23,3.23,8746200
08/05/2009,3.26,3.31,3.19,3.28,3.28,11311200
11/05/2009,3.21,3.23,3.14,3.16,3.16,8379000
12/05/2009,3.19,3.21,2.98,3.05,3.05,8807400
13/05/2009,2.98,2.98,2.77,2.77,2.77,19587600
14/05/2009,2.8,2.91,2.74,2.83,2.83,10436400
15/05/2009,2.76,2.85,2.71,2.71,2.71,12760200
18/05/2009,2.78,2.81,2.72,2.78,2.78,15154200
19/05/2009,2.79,2.83,2.74,2.76,2.76,13883400
20/05/2009,2.8,2.96,2.78,2.88,2.88,15595200
21/05/2009,2.76,2.91,2.76,2.78,2.78,12421800
22/05/2009,2.8,2.85,2.76,2.79,2.79,10702800
26/05/2009,2.79,2.95,2.73,2.92,2.92,10285200
27/05/2009,2.89,3.07,2.87,3.01,3.01,16797600
28/05/2009,3.01,3.17,3.01,3.15,3.15,14832000
29/05/2009,3.15,3.23,3.14,3.22,3.22,12598200
01/06/2009,3.23,3.49,3.22,3.46,3.46,19135800
02/06/2009,3.45,3.47,3.38,3.44,3.44,8843400
03/06/2009,3.43,3.45,3.36,3.43,3.43,7493400
04/06/2009,3.46,3.6,3.36,3.59,3.59,12065400
05/06/2009,3.59,3.7,3.5,3.54,3.54,10375200
08/06/2009,3.5,3.65,3.5,3.62,3.62,8983800
09/06/2009,3.65,3.81,3.6,3.79,3.79,10888200
10/06/2009,3.81,3.88,3.78,3.88,3.88,14848200
11/06/2009,3.88,4.08,3.88,3.98,3.98,18522000
12/06/2009,3.97,3.98,3.91,3.97,3.97,8402400
15/06/2009,3.83,3.89,3.77,3.82,3.82,10737000
16/06/2009,3.87,3.93,3.72,3.74,3.74,13300200
17/06/2009,3.71,3.85,3.69,3.78,3.78,10954800
18/06/2009,3.81,3.84,3.72,3.74,3.74,6957000
19/06/2009,3.83,3.93,3.81,3.84,3.84,10045800
22/06/2009,3.93,3.99,3.79,3.82,3.82,10614600
23/06/2009,3.88,3.88,3.71,3.76,3.76,8310600
24/06/2009,3.9,3.9,3.74,3.78,3.78,5893200
25/06/2009,3.77,4.0,3.77,3.99,3.99,8591400
26/06/2009,3.95,4.13,3.94,4.11,4.11,9606600
29/06/2009,4.1,4.13,3.9,3.9,3.9,10609200
30/06/2009,3.93,4.02,3.86,3.9,3.9,7943400
01/07/2009,3.96,3.99,3.9,3.98,3.98,12720600
02/07/2009,3.92,3.98,3.79,3.79,3.79,6973200
06/07/2009,3.79,3.79,3.62,3.71,3.71,6672600
07/07/2009,3.73,3.79,3.58,3.58,3.58,6055200
08/07/2009,3.61,3.63,3.51,3.6,3.6,5088600
09/07/2009,3.63,3.66,3.52,3.56,3.56,7606800
10/07/2009,3.54,3.66,3.5,3.62,3.62,5520600
13/07/2009,3.62,3.67,3.5,3.64,3.64,9934200
14/07/2009,3.65,3.74,3.61,3.69,3.69,6035400
15/07/2009,3.77,3.9,3.73,3.89,3.89,10569600
16/07/2009,3.87,3.95,3.81,3.94,3.94,7497000
17/07/2009,3.95,3.99,3.86,3.88,3.88,8425800
20/07/2009,3.91,4.05,3.91,4.01,4.01,8553600
21/07/2009,4.07,4.17,3.94,4.01,4.01,11224800
22/07/2009,4.01,4.14,3.98,4.1,4.1,15543000
23/07/2009,4.11,4.35,4.08,4.29,4.29,20640600
24/07/2009,3.72,3.92,3.64,3.85,3.85,43815600
27/07/2009,3.85,3.86,3.75,3.84,3.84,13609800
28/07/2009,3.8,3.83,3.69,3.77,3.77,12596400
29/07/2009,3.76,3.87,3.75,3.79,3.79,9811800
30/07/2009,3.85,3.89,3.75,3.75,3.75,11709000
31/07/2009,3.75,3.82,3.71,3.76,3.76,4827600
03/08/2009,3.79,3.83,3.72,3.8,3.8,6829200
04/08/2009,3.76,3.8,3.7,3.74,3.74,9820800
05/08/2009,3.73,3.77,3.55,3.58,3.58,17591400
06/08/2009,3.59,3.68,3.55,3.66,3.66,8791200
07/08/2009,3.73,3.89,3.71,3.84,3.84,11714400
10/08/2009,3.8,3.86,3.75,3.82,3.82,6643800
11/08/2009,3.79,3.84,3.76,3.79,3.79,4998600
12/08/2009,3.78,3.99,3.76,3.93,3.93,9235800
13/08/2009,3.97,4.0,3.84,3.94,3.94,6102000
14/08/2009,3.96,4.04,3.89,3.92,3.92,9739800
17/08/2009,3.87,3.88,3.72,3.77,3.77,9010800
18/08/2009,3.8,3.86,3.77,3.81,3.81,6015600
19/08/2009,3.78,3.85,3.77,3.82,3.82,6132600
20/08/2009,3.84,3.97,3.84,3.88,3.88,6823800
21/08/2009,3.93,3.94,3.85,3.88,3.88,6742800
24/08/2009,3.92,3.95,3.78,3.81,3.81,8227800
25/08/2009,3.84,3.89,3.8,3.83,3.83,6647400
26/08/2009,3.83,3.87,3.8,3.85,3.85,4320000
27/08/2009,3.88,3.92,3.81,3.9,3.9,4080600
28/08/2009,3.93,3.94,3.81,3.84,3.84,3843000
31/08/2009,3.79,3.8,3.75,3.79,3.79,5148000
01/09/2009,3.75,3.81,3.56,3.62,3.62,18471600
02/09/2009,3.6,3.65,3.6,3.61,3.61,6287400
03/09/2009,3.61,3.62,3.49,3.55,3.55,13024800
04/09/2009,3.56,3.6,3.5,3.54,3.54,8089200
08/09/2009,3.59,3.65,3.56,3.64,3.64,8546400
09/09/2009,3.68,3.76,3.61,3.73,3.73,6654600
10/09/2009,3.72,3.8,3.71,3.78,3.78,5196600
11/09/2009,3.79,3.92,3.79,3.9,3.9,9018000
14/09/2009,3.89,3.99,3.85,3.99,3.99,10888200
15/09/2009,4.0,4.27,3.99,4.16,4.16,16950600
16/09/2009,4.17,4.3,4.16,4.29,4.29,12754800
17/09/2009,4.29,4.43,4.29,4.38,4.38,11291400
18/09/2009,4.42,4.46,4.33,4.45,4.45,8573400
21/09/2009,4.43,4.47,4.38,4.44,4.44,4449600
22/09/2009,4.46,4.56,4.45,4.55,4.55,7893000
23/09/2009,4.54,4.74,4.54,4.67,4.67,12805200
24/09/2009,4.64,4.69,4.56,4.61,4.61,10006200
25/09/2009,4.59,4.66,4.55,4.64,4.64,6465600
28/09/2009,4.65,4.67,4.57,4.66,4.66,6444000
29/09/2009,4.66,4.77,4.63,4.72,4.72,4554000
30/09/2009,4.74,4.77,4.62,4.71,4.71,5700600
01/10/2009,4.7,4.71,4.51,4.53,4.53,8089200
02/10/2009,4.28,4.43,4.2,4.38,4.38,12949200
05/10/2009,4.41,4.47,4.32,4.44,4.44,5934600
06/10/2009,4.48,4.49,4.37,4.48,4.48,7903800
07/10/2009,4.45,4.61,4.44,4.54,4.54,6692400
08/10/2009,4.64,4.77,4.59,4.63,4.63,8361000
09/10/2009,4.63,4.71,4.6,4.64,4.64,7700400
12/10/2009,4.7,4.76,4.67,4.73,4.73,5787000
13/10/2009,4.81,4.86,4.68,4.7,4.7,13894200
14/10/2009,4.89,5.0,4.75,4.84,4.84,17265600
15/10/2009,4.85,4.98,4.85,4.9,4.9,10330200
16/10/2009,4.88,4.9,4.8,4.87,4.87,7864200
19/10/2009,4.91,5.1,4.88,5.08,5.08,11230200
20/10/2009,5.11,5.13,4.97,5.03,5.03,11140200
21/10/2009,5.01,5.09,4.93,4.97,4.97,13012200
22/10/2009,4.93,5.1,4.81,5.1,5.1,22705200
23/10/2009,5.2,5.54,5.18,5.4,5.4,44436600
26/10/2009,5.41,5.54,5.36,5.45,5.45,13487400
27/10/2009,5.44,5.44,5.28,5.39,5.39,13120200
28/10/2009,5.35,5.38,4.97,5.03,5.03,19162800
29/10/2009,5.09,5.22,5.03,5.15,5.15,8638200
30/10/2009,5.12,5.19,4.93,4.98,4.98,9046800
02/11/2009,5.01,5.09,4.89,4.97,4.97,7518600
03/11/2009,4.91,5.11,4.89,5.09,5.09,7959600
04/11/2009,5.13,5.18,4.97,5.0,5.0,6796800
05/11/2009,5.07,5.21,5.06,5.19,5.19,8982000
06/11/2009,5.17,5.23,5.02,5.18,5.18,5832000
09/11/2009,5.25,5.39,5.22,5.38,5.38,6418800
10/11/2009,5.35,5.47,5.29,5.33,5.33,5281200
11/11/2009,5.4,5.52,5.35,5.42,5.42,9338400
12/11/2009,5.42,5.42,5.25,5.31,5.31,5895000
13/11/2009,5.34,5.41,5.26,5.39,5.39,7403400
16/11/2009,5.43,5.59,5.34,5.5,5.5,10483200
17/11/2009,5.49,5.53,5.39,5.51,5.51,5693400
18/11/2009,5.51,5.58,5.48,5.51,5.51,6663600
19/11/2009,5.44,5.44,5.27,5.3,5.3,6364800
20/11/2009,5.25,5.33,5.21,5.32,5.32,4438800
23/11/2009,5.44,5.5,5.23,5.26,5.26,7794000
24/11/2009,5.24,5.3,5.19,5.22,5.22,4912200
25/11/2009,5.25,5.32,5.18,5.24,5.24,5817600
27/11/2009,5.06,5.23,4.93,5.21,5.21,5428800
30/11/2009,5.2,5.26,5.07,5.15,5.15,6555600
01/12/2009,5.21,5.29,5.19,5.26,5.26,4199400
02/12/2009,5.26,5.44,5.19,5.42,5.42,7255800
03/12/2009,5.44,5.48,5.32,5.33,5.33,7162200
04/12/2009,5.45,5.48,5.27,5.43,5.43,5241600
07/12/2009,5.46,5.51,5.41,5.43,5.43,5315400
08/12/2009,5.38,5.48,5.32,5.45,5.45,9835200
09/12/2009,5.45,5.5,5.39,5.48,5.48,3780000
10/12/2009,5.51,5.6,5.45,5.47,5.47,6037200
11/12/2009,5.53,5.6,5.45,5.51,5.51,4683600
14/12/2009,5.56,5.57,5.45,5.57,5.57,3965400
15/12/2009,5.51,5.51,5.24,5.32,5.32,20611800
16/12/2009,5.37,5.39,5.1,5.16,5.16,12963600
17/12/2009,5.09,5.37,5.07,5.24,5.24,9284400
18/12/2009,5.25,5.37,4.99,5.09,5.09,14218200
21/12/2009,5.09,5.24,5.06,5.15,5.15,8357400
22/12/2009,5.19,5.23,5.13,5.22,5.22,6483600
23/12/2009,5.23,5.38,5.22,5.35,5.35,6352200
24/12/2009,5.37,5.47,5.35,5.43,5.43,2759400
28/12/2009,5.47,5.51,5.37,5.43,5.43,5097600
29/12/2009,5.42,5.56,5.35,5.54,5.54,9682200
30/12/2009,5.5,5.8,5.48,5.77,5.77,20194200
31/12/2009,5.78,5.81,5.65,5.65,5.65,7785000
04/01/2010,5.72,5.79,5.68,5.76,5.76,9666000
05/01/2010,5.78,6.03,5.77,5.97,5.97,13534200
06/01/2010,5.97,6.2,5.97,6.2,6.2,12591000
07/01/2010,6.13,6.2,6.03,6.17,6.17,6328800
08/01/2010,6.12,6.25,6.02,6.22,6.22,12938400
11/01/2010,6.23,6.28,6.02,6.09,6.09,9624600
12/01/2010,6.02,6.19,5.94,6.01,6.01,13005000
13/01/2010,6.05,6.24,6.03,6.16,6.16,11777400
14/01/2010,6.16,6.22,6.01,6.06,6.06,8935200
15/01/2010,6.04,6.05,5.92,6.04,6.04,9489600
19/01/2010,6.08,6.21,6.03,6.09,6.09,5441400
20/01/2010,6.05,6.05,5.86,5.92,5.92,6638400
21/01/2010,5.95,6.0,5.74,5.75,5.75,5403600
22/01/2010,5.72,5.76,5.56,5.59,5.59,5979600
25/01/2010,5.67,5.72,5.58,5.59,5.59,4903200
26/01/2010,5.58,5.71,5.47,5.67,5.67,7434000
27/01/2010,5.66,5.75,5.6,5.71,5.71,10684800
28/01/2010,5.74,5.83,5.58,5.6,5.6,3803400
29/01/2010,5.62,5.67,5.43,5.45,5.45,5927400
01/02/2010,5.48,5.53,5.37,5.53,5.53,6015600
02/02/2010,5.55,5.67,5.49,5.65,5.65,5659200
03/02/2010,5.65,5.71,5.55,5.58,5.58,5439600
04/02/2010,5.53,5.54,5.25,5.26,5.26,10269000
05/02/2010,5.26,5.39,5.19,5.36,5.36,7929000
08/02/2010,5.35,5.54,5.32,5.38,5.38,5189400
09/02/2010,5.45,5.48,5.26,5.31,5.31,8490600
10/02/2010,5.3,5.35,5.19,5.33,5.33,6570000
11/02/2010,5.33,5.51,5.3,5.49,5.49,5155200
12/02/2010,5.41,5.53,5.34,5.53,5.53,4593600
16/02/2010,5.57,5.63,5.48,5.63,5.63,3668400
17/02/2010,5.66,5.75,5.64,5.75,5.75,4082400
18/02/2010,5.72,5.81,5.68,5.8,5.8,3879000
19/02/2010,5.8,5.92,5.72,5.86,5.86,9671400
22/02/2010,5.9,5.91,5.66,5.67,5.67,6845400
23/02/2010,5.66,5.67,5.55,5.62,5.62,4995000
24/02/2010,5.65,5.72,5.53,5.67,5.67,6586200
25/02/2010,5.58,5.92,5.56,5.9,5.9,26895600
26/02/2010,6.41,6.75,6.34,6.68,6.68,38629800
01/03/2010,6.73,6.9,6.67,6.82,6.82,15539400
02/03/2010,6.83,7.01,6.78,6.96,6.96,11934000
03/03/2010,6.97,6.98,6.83,6.95,6.95,10035000
04/03/2010,6.95,7.16,6.9,6.99,6.99,9462600
05/03/2010,7.03,7.19,7.0,7.15,7.15,10400400
08/03/2010,7.19,7.29,7.17,7.26,7.26,9498600
09/03/2010,7.26,7.36,7.23,7.3,7.3,8539200
10/03/2010,7.28,7.36,7.18,7.22,7.22,7225200
11/03/2010,7.18,7.23,7.08,7.19,7.19,5994000
12/03/2010,7.25,7.29,7.08,7.28,7.28,5027400
15/03/2010,7.24,7.28,7.12,7.27,7.27,4262400
16/03/2010,7.28,7.41,7.18,7.26,7.26,6215400
17/03/2010,7.26,7.57,7.25,7.54,7.54,7518600
18/03/2010,7.58,7.61,7.42,7.45,7.45,4399200
19/03/2010,7.49,7.55,7.32,7.39,7.39,6247800
22/03/2010,7.35,7.66,7.23,7.65,7.65,6312600
23/03/2010,7.67,7.8,7.55,7.8,7.8,9255600
24/03/2010,7.75,7.79,7.67,7.71,7.71,6640200
25/03/2010,7.74,7.83,7.57,7.58,7.58,5641200
26/03/2010,7.59,7.76,7.57,7.65,7.65,5099400
29/03/2010,7.73,7.77,7.61,7.68,7.68,7394400
30/03/2010,7.72,7.93,7.68,7.82,7.82,6118200
31/03/2010,7.74,7.86,7.65,7.67,7.67,4615200
01/04/2010,7.73,7.78,7.54,7.69,7.69,5833800
05/04/2010,7.75,7.91,7.72,7.88,7.88,3726000
06/04/2010,7.9,8.0,7.81,7.95,7.95,4320000
07/04/2010,7.92,8.01,7.78,7.85,7.85,4672800
08/04/2010,7.84,7.87,7.75,7.78,7.78,8299800
09/04/2010,7.83,7.91,7.68,7.91,7.91,3519000
12/04/2010,7.68,7.7,7.42,7.48,7.48,16560000
13/04/2010,7.49,7.61,7.4,7.61,7.61,7615800
14/04/2010,7.62,7.71,7.58,7.67,7.67,3693600
15/04/2010,7.64,7.69,7.54,7.58,7.58,3583800
16/04/2010,7.59,7.61,7.48,7.56,7.56,6683400
19/04/2010,7.5,7.58,7.26,7.39,7.39,5733000
20/04/2010,7.49,7.49,7.37,7.45,7.45,6120000
21/04/2010,7.44,7.59,7.42,7.59,7.59,5304600
22/04/2010,7.56,8.02,7.52,7.98,7.98,13784400
23/04/2010,8.48,8.8,8.31,8.73,8.73,29638800
26/04/2010,8.79,8.79,8.44,8.45,8.45,7995600
27/04/2010,8.45,8.61,8.28,8.32,8.32,7997400
28/04/2010,8.39,8.48,8.03,8.18,8.18,8305200
29/04/2010,8.18,8.37,8.1,8.28,8.28,5239800
30/04/2010,8.37,8.46,7.81,7.81,7.81,6719400
03/05/2010,7.84,8.14,7.84,7.99,7.99,5709600
04/05/2010,7.85,7.85,7.6,7.66,7.66,5607000
05/05/2010,7.56,7.81,7.34,7.61,7.61,6638400
06/05/2010,7.53,7.77,6.97,7.5,7.5,9606600
07/05/2010,7.45,7.56,7.06,7.07,7.07,9811800
10/05/2010,7.5,7.63,7.35,7.56,7.56,6199200
11/05/2010,7.48,7.72,7.45,7.61,7.61,3913200
12/05/2010,7.64,7.96,7.6,7.89,7.89,7479000
13/05/2010,8.13,8.2,7.85,7.93,7.93,10227600
14/05/2010,7.86,7.87,7.48,7.6,7.6,8843400
17/05/2010,7.63,7.77,7.26,7.61,7.61,6728400
18/05/2010,7.73,7.75,7.31,7.37,7.37,7731000
19/05/2010,7.23,7.38,7.14,7.26,7.26,8829000
20/05/2010,7.06,7.16,6.87,6.93,6.93,7826400
21/05/2010,6.81,7.44,6.79,7.43,7.43,13926600
24/05/2010,7.39,7.52,7.34,7.38,7.38,7621200
25/05/2010,7.09,7.45,6.98,7.43,7.43,10672200
26/05/2010,7.56,7.65,7.38,7.42,7.42,5824800
27/05/2010,7.6,7.74,7.47,7.72,7.72,4885200
28/05/2010,8.03,8.19,7.89,8.04,8.04,13204800
01/06/2010,7.99,8.22,7.86,7.86,7.86,8886600
02/06/2010,7.93,8.34,7.84,8.31,8.31,17544600
03/06/2010,8.43,8.6,8.38,8.56,8.56,19814400
04/06/2010,8.37,8.47,8.05,8.18,8.18,15661800
07/06/2010,8.19,8.28,7.9,7.94,7.94,10683000
08/06/2010,8.03,8.14,7.76,8.04,8.04,10611000
09/06/2010,8.14,8.35,7.95,8.02,8.02,9329400
10/06/2010,8.23,8.51,8.17,8.49,8.49,12643200
11/06/2010,8.36,8.89,8.32,8.85,8.85,17528400
14/06/2010,8.96,9.12,8.86,8.92,8.92,10544400
15/06/2010,8.97,9.15,8.81,9.11,9.11,11847600
16/06/2010,9.08,9.31,9.02,9.05,9.05,11867400
17/06/2010,9.21,9.22,8.85,9.04,9.04,8359200
18/06/2010,9.08,9.26,9.03,9.16,9.16,6816600
21/06/2010,9.32,9.36,8.82,8.91,8.91,10738800
22/06/2010,8.92,9.03,8.66,8.72,8.72,10312200
23/06/2010,8.67,8.9,8.34,8.76,8.76,10735200
24/06/2010,8.7,8.71,8.49,8.51,8.51,5441400
25/06/2010,8.53,8.69,8.33,8.61,8.61,9732600
28/06/2010,8.59,8.69,8.46,8.52,8.52,5178600
29/06/2010,8.35,8.37,7.94,8.01,8.01,11714400
30/06/2010,8.03,8.15,7.93,7.94,7.94,8206200
01/07/2010,7.95,8.04,7.58,7.88,7.88,9828000
02/07/2010,7.61,7.93,7.61,7.88,7.88,6287400
06/07/2010,7.99,8.08,7.32,7.41,7.41,10518000
07/07/2010,7.47,7.8,7.41,7.79,7.79,8046000
08/07/2010,8.0,8.03,7.64,7.83,7.83,5114400
09/07/2010,7.8,7.94,7.69,7.86,7.86,3480600
12/07/2010,7.82,7.94,7.63,7.68,7.68,6242400
13/07/2010,7.82,7.98,7.78,7.93,7.93,7481400
14/07/2010,7.93,8.0,7.74,7.86,7.86,5889600
15/07/2010,7.84,7.84,7.58,7.72,7.72,5725800
16/07/2010,7.64,7.72,7.38,7.47,7.47,6107400
19/07/2010,7.5,7.61,7.27,7.36,7.36,5402400
20/07/2010,7.31,7.73,7.15,7.7,7.7,11183400
21/07/2010,7.8,7.88,7.58,7.64,7.64,6050400
22/07/2010,7.71,8.0,7.71,7.93,7.93,8604000
23/07/2010,7.93,8.2,7.71,8.11,8.11,15214800
26/07/2010,8.16,8.65,8.11,8.56,8.56,10460400
27/07/2010,8.66,8.66,8.19,8.32,8.32,9436800
28/07/2010,8.26,8.4,8.18,8.27,8.27,6930600
29/07/2010,8.38,8.47,8.13,8.35,8.35,9073200
30/07/2010,8.22,8.53,8.17,8.48,8.48,9390000
02/08/2010,8.72,8.94,8.55,8.65,8.65,8689800
03/08/2010,8.63,8.63,8.3,8.32,8.32,9357000
04/08/2010,8.35,8.46,8.24,8.39,8.39,3765600
05/08/2010,8.3,8.44,8.2,8.31,8.31,2568000
06/08/2010,8.19,8.27,8.04,8.24,8.24,3999000
09/08/2010,8.34,8.4,8.24,8.31,8.31,3229800
10/08/2010,8.2,8.25,8.0,8.08,8.08,3845400
11/08/2010,7.82,7.83,7.55,7.74,7.74,5840400
12/08/2010,7.53,7.86,7.51,7.71,7.71,4680600
13/08/2010,7.75,7.75,7.51,7.56,7.56,3699000
16/08/2010,7.5,7.69,7.42,7.6,7.6,3627000
17/08/2010,7.7,8.08,7.68,7.84,7.84,5719200
18/08/2010,7.86,8.12,7.78,7.99,7.99,4980000
19/08/2010,7.97,8.01,7.72,7.78,7.78,3686400
20/08/2010,7.73,7.91,7.65,7.91,7.91,4246200
23/08/2010,7.96,8.0,7.79,7.88,7.88,5818800
24/08/2010,7.72,7.81,7.57,7.59,7.59,5450400
25/08/2010,7.48,7.7,7.34,7.68,7.68,4569000
26/08/2010,7.72,7.97,7.64,7.67,7.67,6022200
27/08/2010,7.78,7.83,7.35,7.57,7.57,9674400
30/08/2010,7.51,7.53,7.3,7.31,7.31,4639200
31/08/2010,7.32,7.39,7.2,7.24,7.24,6196200
01/09/2010,7.35,7.63,7.34,7.63,7.63,5280000
02/09/2010,7.59,7.94,7.59,7.93,7.93,5161200
03/09/2010,8.02,8.14,7.97,8.02,8.02,4140600
07/09/2010,7.84,7.99,7.77,7.81,7.81,3760800
08/09/2010,7.84,8.1,7.75,8.07,8.07,7474800
09/09/2010,8.16,8.24,7.5,7.64,7.64,11688600
10/09/2010,7.68,7.83,7.53,7.55,7.55,5391000
13/09/2010,7.62,7.69,7.57,7.66,7.66,5687400
14/09/2010,7.64,7.84,7.55,7.75,7.75,4009800
15/09/2010,7.7,7.87,7.64,7.84,7.84,2902200
16/09/2010,7.83,7.9,7.74,7.8,7.8,3397200
17/09/2010,7.9,8.02,7.83,7.98,7.98,5849400
20/09/2010,8.02,8.28,8.01,8.22,8.22,4296600
21/09/2010,8.22,8.24,7.97,8.01,8.01,3615000
22/09/2010,7.97,8.05,7.69,7.75,7.75,4863000
23/09/2010,7.69,7.84,7.59,7.71,7.71,4038000
24/09/2010,7.86,7.94,7.77,7.93,7.93,4741800
27/09/2010,7.92,8.19,7.82,8.17,8.17,5276400
28/09/2010,8.22,8.41,7.93,8.39,8.39,6784200
29/09/2010,8.38,8.57,8.23,8.35,8.35,5536800
30/09/2010,8.41,8.5,8.12,8.33,8.33,4506000
01/10/2010,8.46,8.48,8.22,8.32,8.32,4326600
04/10/2010,8.33,8.46,8.15,8.3,8.3,3160800
05/10/2010,8.45,8.78,8.38,8.76,8.76,6029400
06/10/2010,8.83,8.83,8.31,8.4,8.4,6310800
07/10/2010,8.5,8.64,7.97,8.23,8.23,15108000
08/10/2010,8.19,8.54,8.19,8.46,8.46,6424800
11/10/2010,8.48,8.56,8.31,8.32,8.32,3991200
12/10/2010,8.3,8.87,8.27,8.81,8.81,9154800
13/10/2010,8.85,9.08,8.84,8.9,8.9,7823400
14/10/2010,8.97,8.98,8.8,8.93,8.93,4837800
15/10/2010,9.06,9.13,8.9,9.05,9.05,5269200
18/10/2010,9.08,9.12,8.86,8.98,8.98,3751200
19/10/2010,8.84,9.05,8.6,8.68,8.68,5992800
20/10/2010,8.71,8.94,8.68,8.8,8.8,3616800
21/10/2010,8.89,8.91,8.53,8.65,8.65,5899200
22/10/2010,8.68,8.78,8.55,8.67,8.67,4221600
25/10/2010,8.77,9.07,8.77,8.98,8.98,7174200
26/10/2010,8.9,9.33,8.8,9.29,9.29,9857400
27/10/2010,9.25,9.27,8.94,9.12,9.12,7671600
28/10/2010,9.2,9.2,8.82,9.0,9.0,10243800
29/10/2010,9.51,9.82,9.51,9.68,9.68,25048200
01/11/2010,9.75,9.78,9.38,9.43,9.43,9717000
02/11/2010,9.52,9.52,9.29,9.46,9.46,6261600
03/11/2010,9.5,9.58,9.4,9.55,9.55,4742400
04/11/2010,9.78,9.93,9.75,9.81,9.81,5519400
05/11/2010,9.94,10.44,9.93,10.43,10.43,10380000
08/11/2010,10.47,10.54,10.27,10.44,10.44,6728400
09/11/2010,10.47,10.59,10.39,10.48,10.48,7673400
10/11/2010,10.46,10.52,10.12,10.28,10.28,41848800
11/11/2010,10.17,10.43,10.15,10.34,10.34,5701800
12/11/2010,10.2,10.43,9.91,10.1,10.1,5902200
15/11/2010,10.25,10.32,10.01,10.15,10.15,4579800
16/11/2010,10.02,10.12,9.73,9.99,9.99,6930000
17/11/2010,10.16,10.41,10.02,10.26,10.26,5994600
18/11/2010,10.49,10.7,10.46,10.56,10.56,7258200
19/11/2010,10.7,11.28,10.7,11.14,11.14,10145400
22/11/2010,11.24,11.5,11.11,11.37,11.37,8284800
23/11/2010,11.25,11.63,11.17,11.51,11.51,9627600
24/11/2010,11.75,11.91,11.66,11.9,11.9,7830600
26/11/2010,11.87,12.1,11.78,12.1,12.1,4247400
29/11/2010,12.22,12.31,11.95,12.17,12.17,12981000
30/11/2010,12.55,12.9,12.43,12.82,12.82,29152800
01/12/2010,13.14,13.33,13.06,13.32,13.32,23913000
02/12/2010,13.3,13.31,12.9,12.97,12.97,23678400
03/12/2010,13.08,13.83,12.97,13.81,13.81,26963400
06/12/2010,13.81,13.94,13.47,13.85,13.85,17659200
07/12/2010,14.11,14.17,13.43,13.47,13.47,21958200
08/12/2010,13.57,13.62,12.96,13.23,13.23,19051800
09/12/2010,13.44,13.53,13.11,13.22,13.22,10846200
10/12/2010,13.35,13.82,13.25,13.8,13.8,15070200
13/12/2010,13.92,13.95,13.41,13.43,13.43,10792800
14/12/2010,13.42,13.5,13.22,13.32,13.32,8296200
15/12/2010,13.56,13.89,13.44,13.63,13.63,13177200
16/12/2010,13.69,13.83,13.51,13.76,13.76,7552200
17/12/2010,13.87,14.32,13.85,14.3,14.3,15721800
20/12/2010,14.5,14.65,14.03,14.41,14.41,12496800
21/12/2010,14.46,14.57,14.18,14.5,14.5,7824600
22/12/2010,14.4,14.44,13.93,14.05,14.05,12220800
23/12/2010,13.93,14.02,13.63,13.95,13.95,7748400
27/12/2010,14.03,14.17,13.81,14.16,14.16,5541000
28/12/2010,14.21,14.23,13.83,13.86,13.86,6259200
29/12/2010,13.81,13.99,13.59,13.65,13.65,11487000
30/12/2010,13.56,13.79,13.53,13.57,13.57,5440200
31/12/2010,13.49,13.5,13.28,13.29,13.29,7038000
03/01/2011,13.41,13.6,13.07,13.54,13.54,13752000
04/01/2011,13.62,13.74,12.9,13.12,13.12,13235400
05/01/2011,12.98,13.54,12.9,13.44,13.44,12173400
06/01/2011,13.43,13.47,13.04,13.13,13.13,7203000
07/01/2011,13.13,13.27,12.86,13.05,13.05,6591600
10/01/2011,12.97,13.46,12.85,13.41,13.41,9834000
11/01/2011,13.51,13.78,13.13,13.18,13.18,11164800
12/01/2011,13.42,13.65,13.11,13.23,13.23,16236000
13/01/2011,13.35,13.55,13.18,13.41,13.41,10059000
14/01/2011,13.35,13.73,13.27,13.62,13.62,9195600
18/01/2011,13.58,13.73,13.22,13.34,13.34,9115200
19/01/2011,13.32,13.32,12.84,12.86,12.86,8638800
20/01/2011,12.75,12.75,12.33,12.48,12.48,12218400
21/01/2011,12.59,12.65,12.12,12.15,12.15,10521600
24/01/2011,11.92,12.19,11.86,12.06,12.06,8686200
25/01/2011,11.97,12.38,11.96,12.35,12.35,8022600
26/01/2011,12.34,12.69,12.25,12.62,12.62,7855800
27/01/2011,12.7,12.85,12.56,12.77,12.77,6489000
28/01/2011,12.79,12.83,12.33,12.4,12.4,5550600
31/01/2011,12.27,12.43,11.98,12.23,12.23,6856800
01/02/2011,12.29,12.78,12.29,12.66,12.66,5466000
02/02/2011,12.64,12.79,12.46,12.76,12.76,5733000
03/02/2011,12.79,13.32,12.75,13.27,13.27,8747400
04/02/2011,13.28,13.57,13.14,13.49,13.49,7228200
07/02/2011,13.8,13.88,13.6,13.81,13.81,8886000
08/02/2011,13.88,14.02,13.67,13.98,13.98,9510000
09/02/2011,13.95,14.11,13.86,13.99,13.99,7105800
10/02/2011,13.77,14.13,13.73,14.09,14.09,5769600
11/02/2011,13.98,14.42,13.96,14.34,14.34,5221800
14/02/2011,14.43,14.59,14.33,14.41,14.41,5270400
15/02/2011,14.45,14.46,13.99,14.09,14.09,5376600
16/02/2011,14.23,14.28,13.94,14.04,14.04,4560000
17/02/2011,14.0,15.12,13.58,15.1,15.1,20104200
18/02/2011,15.25,15.44,14.77,15.01,15.01,10224600
22/02/2011,14.88,15.45,14.5,14.83,14.83,13494600
23/02/2011,14.78,15.07,13.77,14.53,14.53,15460200
24/02/2011,14.68,15.01,14.21,14.97,14.97,19889400
25/02/2011,15.67,15.78,14.57,14.72,14.72,31253400
28/02/2011,14.72,14.84,14.48,14.7,14.7,10657200
01/03/2011,14.81,14.81,13.9,13.94,13.94,12891000
02/03/2011,13.94,14.31,13.85,14.1,14.1,9120000
03/03/2011,14.3,14.54,14.15,14.37,14.37,9819600
04/03/2011,14.35,14.53,14.13,14.53,14.53,6354600
07/03/2011,14.47,15.03,14.24,14.57,14.57,10651200
08/03/2011,14.58,14.73,14.23,14.63,14.63,5080800
09/03/2011,14.54,14.73,14.32,14.33,14.33,6038400
10/03/2011,14.11,14.28,13.85,13.93,13.93,7608000
11/03/2011,13.8,14.16,13.67,14.04,14.04,5969400
14/03/2011,13.81,14.07,13.73,13.87,13.87,3620400
15/03/2011,13.39,13.7,13.0,13.53,13.53,7434600
16/03/2011,13.47,13.75,13.11,13.35,13.35,7875000
17/03/2011,13.5,13.58,13.25,13.25,13.25,7934400
18/03/2011,13.25,13.39,13.0,13.13,13.13,10291800
21/03/2011,13.07,13.57,12.95,13.51,13.51,8137800
22/03/2011,13.57,13.61,13.32,13.42,13.42,4540200
23/03/2011,13.42,13.56,13.12,13.47,13.47,4619400
24/03/2011,13.55,13.86,13.49,13.83,13.83,5326800
25/03/2011,13.89,14.2,13.84,13.89,13.89,4691400
28/03/2011,13.96,14.31,13.87,13.9,13.9,4356000
29/03/2011,13.84,14.25,13.72,14.19,14.19,3983400
30/03/2011,14.28,14.58,14.14,14.56,14.56,5886600
31/03/2011,14.51,14.6,14.23,14.36,14.36,3838800
01/04/2011,14.23,14.72,14.23,14.56,14.56,4678200
04/04/2011,14.68,14.88,14.6,14.85,14.85,3937800
05/04/2011,14.78,15.25,14.64,15.1,15.1,5167800
06/04/2011,15.28,15.46,14.83,14.98,14.98,4419600
07/04/2011,14.94,15.25,14.89,15.04,15.04,5384400
08/04/2011,15.06,15.2,14.69,14.91,14.91,4563600
11/04/2011,14.93,15.05,14.68,14.75,14.75,4108800
12/04/2011,14.6,14.95,14.48,14.64,14.64,6204000
13/04/2011,14.82,15.5,14.72,15.47,15.47,12423000
14/04/2011,15.37,15.7,15.18,15.29,15.29,11157600
15/04/2011,15.31,15.91,15.25,15.71,15.71,10709400
18/04/2011,15.39,15.56,15.03,15.37,15.37,6030000
19/04/2011,15.52,15.73,15.26,15.52,15.52,4641600
20/04/2011,15.71,16.0,15.69,15.96,15.96,5744400
21/04/2011,16.12,16.17,15.9,16.02,16.02,4093200
25/04/2011,16.03,16.12,15.84,15.99,15.99,3666000
26/04/2011,15.79,16.07,15.75,15.92,15.92,6000000
27/04/2011,15.92,16.14,15.81,16.12,16.12,4440600
28/04/2011,16.06,16.17,15.68,15.74,15.74,9600000
29/04/2011,14.53,14.94,14.14,14.14,14.14,23691600
02/05/2011,14.07,14.27,13.83,14.0,14.0,11250000
03/05/2011,13.96,14.23,13.73,13.9,13.9,7200000
04/05/2011,13.84,14.41,13.84,14.34,14.34,10459200
05/05/2011,14.29,15.01,14.21,14.85,14.85,11400000
06/05/2011,15.03,15.22,14.54,14.73,14.73,6132000
09/05/2011,14.73,15.02,14.65,14.89,14.89,2801400
10/05/2011,14.95,15.07,14.89,14.97,14.97,3983400
11/05/2011,14.91,15.03,14.62,14.88,14.88,5223600
12/05/2011,14.83,15.14,14.6,14.75,14.75,5778000
13/05/2011,14.8,15.06,14.62,14.94,14.94,5431200
16/05/2011,15.13,15.45,14.73,14.78,14.78,8927400
17/05/2011,14.67,14.95,14.5,14.73,14.73,4527600
18/05/2011,14.78,15.09,14.68,15.05,15.05,5078400
19/05/2011,15.17,15.26,14.93,15.06,15.06,3945000
20/05/2011,14.94,15.12,14.58,14.84,14.84,6318000
23/05/2011,14.55,14.69,14.43,14.57,14.57,3697800
24/05/2011,14.77,15.02,14.68,14.8,14.8,4867800
25/05/2011,14.63,15.14,14.58,14.96,14.96,4638000
26/05/2011,14.95,15.17,14.88,15.11,15.11,4029600
27/05/2011,15.13,15.4,15.13,15.31,15.31,3212400
31/05/2011,15.51,15.61,15.06,15.18,15.18,4040400
01/06/2011,15.21,15.42,14.74,14.75,14.75,4821600
02/06/2011,14.73,14.84,14.21,14.47,14.47,5221800
03/06/2011,14.17,14.63,14.09,14.21,14.21,4417200
06/06/2011,14.04,14.15,13.65,13.69,13.69,8154000
07/06/2011,13.72,14.01,13.69,13.85,13.85,4079400
08/06/2011,13.85,13.93,13.3,13.31,13.31,11167800
09/06/2011,13.31,13.53,13.24,13.33,13.33,8544000
10/06/2011,13.33,13.48,12.92,12.94,12.94,6030000
13/06/2011,13.01,13.38,12.8,13.1,13.1,7929000
14/06/2011,13.25,13.58,13.18,13.55,13.55,5035200
15/06/2011,13.47,13.65,13.3,13.37,13.37,5737800
16/06/2011,13.35,13.48,13.05,13.25,13.25,4933800
17/06/2011,13.35,13.5,13.17,13.24,13.24,4909800
20/06/2011,13.21,13.55,13.12,13.43,13.43,4375800
21/06/2011,13.48,14.03,13.48,13.99,13.99,5404200
22/06/2011,13.93,14.14,13.64,13.68,13.68,3738600
23/06/2011,13.83,14.2,13.59,14.17,14.17,6974400
24/06/2011,14.05,14.21,13.75,13.84,13.84,31448400
27/06/2011,14.02,14.4,14.0,14.13,14.13,6331200
28/06/2011,14.22,14.63,14.17,14.5,14.5,5713200
29/06/2011,14.55,14.92,14.4,14.57,14.57,5381400
30/06/2011,14.58,14.77,14.5,14.69,14.69,4717800
01/07/2011,14.66,15.01,14.64,15.01,15.01,4545600
05/07/2011,14.98,15.17,14.77,15.12,15.12,4437600
06/07/2011,15.09,15.22,14.9,15.16,15.16,4218600
07/07/2011,15.36,15.89,15.33,15.66,15.66,6724200
08/07/2011,15.26,15.89,15.14,15.86,15.86,5920200
11/07/2011,15.6,15.83,15.35,15.43,15.43,4894800
12/07/2011,15.33,15.6,15.25,15.48,15.48,3785400
13/07/2011,15.57,15.99,15.55,15.73,15.73,5142600
14/07/2011,15.83,15.83,15.26,15.35,15.35,4440000
15/07/2011,15.56,15.56,15.07,15.51,15.51,4839000
18/07/2011,15.5,15.66,15.31,15.39,15.39,3832200
19/07/2011,15.55,15.9,15.5,15.88,15.88,3441000
20/07/2011,16.0,16.08,15.66,15.84,15.84,3770400
21/07/2011,15.88,16.29,15.85,16.09,16.09,5349000
22/07/2011,16.11,16.25,15.98,16.07,16.07,3268200
25/07/2011,15.89,16.14,15.84,15.91,15.91,2836200
26/07/2011,15.95,16.19,15.78,16.01,16.01,4008000
27/07/2011,15.94,16.05,15.21,15.26,15.26,5343600
28/07/2011,15.5,15.85,15.35,15.43,15.43,11822400
29/07/2011,15.08,16.58,14.58,16.54,16.54,17598600
01/08/2011,16.78,16.98,16.33,16.97,16.97,11508600
02/08/2011,16.97,17.64,16.7,16.8,16.8,12354000
03/08/2011,16.85,17.52,16.36,17.5,17.5,12716400
04/08/2011,17.23,17.29,15.43,15.45,15.45,15479400
05/08/2011,16.16,16.17,14.65,15.19,15.19,11365800
08/08/2011,14.51,15.02,13.18,13.42,13.42,13678200
09/08/2011,13.72,14.27,12.93,14.25,14.25,15190800
10/08/2011,14.01,14.46,13.74,13.79,13.79,6625800
11/08/2011,13.92,14.75,13.8,14.58,14.58,5926800
12/08/2011,14.93,15.61,14.73,15.6,15.6,11367600
15/08/2011,15.73,15.77,15.28,15.72,15.72,7009800
16/08/2011,15.49,15.5,14.85,14.92,14.92,7235400
17/08/2011,15.0,15.05,13.8,13.9,13.9,15674400
18/08/2011,13.46,13.5,12.26,12.5,12.5,18112200
19/08/2011,12.33,13.3,12.13,12.21,12.21,13456200
22/08/2011,12.72,12.86,12.34,12.37,12.37,11363400
23/08/2011,12.66,13.42,12.45,13.42,13.42,9041400
24/08/2011,13.42,14.19,13.39,13.9,13.9,11514600
25/08/2011,14.03,14.16,13.36,13.46,13.46,6412200
26/08/2011,13.31,14.17,13.21,14.11,14.11,6204600
29/08/2011,14.44,14.83,14.28,14.73,14.73,6742800
30/08/2011,14.64,15.0,14.5,14.82,14.82,5984400
31/08/2011,14.84,15.44,14.58,14.83,14.83,7914000
01/09/2011,15.02,15.4,14.71,14.85,14.85,8068800
02/09/2011,14.61,14.67,14.23,14.32,14.32,7144200
06/09/2011,13.67,14.53,13.58,14.47,14.47,7164000
07/09/2011,14.78,15.12,14.57,15.1,15.1,6267000
08/09/2011,15.03,15.74,14.96,15.2,15.2,9891000
09/09/2011,15.08,15.43,14.69,14.95,14.95,7436400
12/09/2011,14.58,15.44,14.52,15.4,15.4,6910800
13/09/2011,15.4,16.24,15.32,16.07,16.07,12174600
14/09/2011,16.12,16.66,15.73,16.41,16.41,10737000
15/09/2011,16.6,16.73,16.32,16.64,16.64,8488800
16/09/2011,16.71,16.83,16.37,16.78,16.78,7936800
19/09/2011,16.47,17.2,16.41,17.07,17.07,9565200
20/09/2011,17.25,17.25,16.68,16.74,16.74,7875000
21/09/2011,16.8,17.05,16.36,16.4,16.4,7570200
22/09/2011,15.92,16.15,15.39,15.77,15.77,9561000
23/09/2011,15.55,16.75,15.54,16.65,16.65,11415600
26/09/2011,16.86,16.94,15.82,16.67,16.67,8071800
27/09/2011,17.08,17.5,16.64,16.76,16.76,8322000
28/09/2011,16.77,17.02,16.44,16.59,16.59,7990200
29/09/2011,16.9,16.94,15.17,16.01,16.01,12229200
30/09/2011,15.73,16.39,15.51,15.53,15.53,9244200
03/10/2011,15.27,15.75,14.44,14.69,14.69,11356800
04/10/2011,14.44,15.83,14.29,15.78,15.78,8662200
05/10/2011,15.73,16.22,15.29,16.2,16.2,9890400
06/10/2011,16.18,16.9,16.1,16.79,16.79,9151800
07/10/2011,16.87,17.09,16.45,16.62,16.62,7311600
10/10/2011,16.88,17.39,16.8,17.34,17.34,5415000
11/10/2011,17.18,17.59,17.1,17.45,17.45,6600600
12/10/2011,17.6,18.32,17.38,17.53,17.53,10668000
13/10/2011,17.44,18.0,17.3,17.72,17.72,5244000
14/10/2011,17.9,18.06,17.46,17.73,17.73,6192000
17/10/2011,17.62,18.0,17.2,17.4,17.4,5044800
18/10/2011,16.89,17.24,16.42,17.1,17.1,11038800
19/10/2011,17.0,17.45,16.58,16.68,16.68,7950000
20/10/2011,16.68,17.06,15.96,16.97,16.97,8865600
21/10/2011,17.18,17.4,16.91,17.16,17.16,6765000
24/10/2011,17.35,17.92,17.33,17.77,17.77,8031000
25/10/2011,17.63,17.88,17.38,17.55,17.55,5854800
26/10/2011,17.64,17.75,16.88,17.39,17.39,9024600
27/10/2011,17.75,17.96,17.36,17.7,17.7,12307200
28/10/2011,18.46,19.66,18.26,19.61,19.61,22176600
31/10/2011,19.36,19.82,19.15,19.21,19.21,9239400
01/11/2011,18.48,19.15,18.24,18.62,18.62,10208400
02/11/2011,18.81,19.06,18.52,18.8,18.8,6372600
03/11/2011,18.91,19.15,18.5,19.01,19.01,7288800
04/11/2011,18.83,19.28,18.69,19.25,19.25,5913600
07/11/2011,19.23,19.34,18.58,18.8,18.8,4980000
08/11/2011,18.89,18.97,18.42,18.84,18.84,4225200
09/11/2011,18.31,18.48,17.6,17.73,17.73,8364600
10/11/2011,18.06,18.06,17.09,17.28,17.28,8424000
11/11/2011,17.44,18.06,17.34,17.94,17.94,4801800
14/11/2011,17.98,18.3,17.77,17.97,17.97,4273800
15/11/2011,17.89,18.16,17.65,18.02,18.02,3815400
16/11/2011,17.86,17.98,17.22,17.28,17.28,7966200
17/11/2011,17.26,17.32,16.39,16.84,16.84,6133200
18/11/2011,16.94,17.02,16.55,16.69,16.69,4120800
21/11/2011,16.46,16.57,16.17,16.36,16.36,6172200
22/11/2011,16.28,16.99,16.28,16.74,16.74,6659400
23/11/2011,16.6,16.9,16.33,16.66,16.66,5748000
25/11/2011,16.58,16.74,16.19,16.26,16.26,2877000
28/11/2011,16.93,17.47,16.85,17.46,17.46,7887600
29/11/2011,17.51,17.88,17.28,17.5,17.5,7431000
30/11/2011,18.17,18.33,17.75,18.16,18.16,15661800
01/12/2011,18.01,18.07,17.67,17.82,17.82,7781400
02/12/2011,18.06,18.16,17.71,17.81,17.81,5309400
05/12/2011,18.17,18.23,17.65,17.84,17.84,6103200
06/12/2011,17.94,17.96,17.66,17.7,17.7,5434200
07/12/2011,17.55,17.65,16.72,16.84,16.84,11274000
08/12/2011,16.83,17.03,16.5,16.6,16.6,6982200
09/12/2011,16.73,17.39,16.42,17.34,17.34,6906600
12/12/2011,17.02,17.12,16.48,16.95,16.95,7247400
13/12/2011,17.09,17.2,16.39,16.52,16.52,6647400
14/12/2011,16.37,16.58,15.72,15.93,15.93,8437800
15/12/2011,14.78,14.79,14.13,14.41,14.41,31055400
16/12/2011,14.62,15.15,14.42,14.86,14.86,15694200
19/12/2011,14.88,15.12,14.81,14.9,14.9,9996000
20/12/2011,15.08,15.32,15.01,15.21,15.21,6034800
21/12/2011,15.08,15.09,14.46,14.92,14.92,9826800
22/12/2011,14.85,14.85,14.0,14.06,14.06,13639800
23/12/2011,14.16,14.51,13.94,14.45,14.45,9043800
27/12/2011,14.52,14.69,14.17,14.52,14.52,4576200
28/12/2011,14.45,14.5,14.02,14.07,14.07,5103000
29/12/2011,13.64,13.68,12.91,12.95,12.95,23309400
30/12/2011,12.91,13.12,12.58,12.6,12.6,17462400
03/01/2012,12.83,13.16,12.66,12.74,12.74,9652200
04/01/2012,12.67,13.38,12.58,13.31,13.31,16086000
05/01/2012,13.17,14.01,12.96,13.93,13.93,22934400
06/01/2012,13.94,14.03,13.62,13.7,13.7,12079200
09/01/2012,13.77,14.28,13.58,14.02,14.02,13197600
10/01/2012,14.15,14.48,13.89,14.16,14.16,12792000
11/01/2012,14.88,15.0,14.47,14.74,14.74,16849200
12/01/2012,14.65,14.78,14.23,14.42,14.42,11402400
13/01/2012,14.29,14.48,14.02,14.08,14.08,7039800
17/01/2012,14.19,14.33,13.9,13.95,13.95,8490600
18/01/2012,13.91,14.18,13.83,13.98,13.98,5607600
19/01/2012,14.01,14.29,13.85,14.19,14.19,8358000
20/01/2012,14.18,14.5,13.96,13.98,13.98,7907400
23/01/2012,13.98,14.03,13.38,13.56,13.56,10269600
24/01/2012,13.49,13.57,13.06,13.52,13.52,14002200
25/01/2012,13.57,13.88,13.36,13.82,13.82,8941800
26/01/2012,13.79,13.98,13.4,13.73,13.73,10105200
27/01/2012,13.66,13.94,13.53,13.77,13.77,6021000
30/01/2012,13.63,13.82,13.44,13.48,13.48,6962400
31/01/2012,13.52,13.67,13.33,13.48,13.48,5954400
01/02/2012,13.64,14.23,13.47,13.94,13.94,11470800
02/02/2012,13.93,14.43,13.85,14.02,14.02,7888800
03/02/2012,14.18,14.48,14.16,14.44,14.44,6295800
06/02/2012,14.26,14.65,14.22,14.57,14.57,7668600
07/02/2012,14.56,14.61,14.25,14.37,14.37,6494400
08/02/2012,14.27,14.58,14.27,14.54,14.54,8253000
09/02/2012,14.58,14.88,14.29,14.34,14.34,7445400
10/02/2012,14.16,14.28,13.89,13.98,13.98,6676800
13/02/2012,13.77,13.91,13.52,13.59,13.59,10685400
14/02/2012,13.51,13.57,13.23,13.53,13.53,11940600
15/02/2012,13.63,14.46,13.59,14.09,14.09,14247000
16/02/2012,14.16,15.03,14.15,15.02,15.02,14623800
17/02/2012,15.13,15.38,14.63,14.91,14.91,10930800
21/02/2012,14.94,15.25,14.63,14.65,14.65,9592800
22/02/2012,14.63,14.88,14.55,14.74,14.74,8501400
23/02/2012,14.84,15.19,14.69,15.03,15.03,21450600
24/02/2012,13.49,13.5,12.87,12.95,12.95,61434600
27/02/2012,12.92,13.18,12.58,12.59,12.59,30547800
28/02/2012,12.58,12.77,12.36,12.6,12.6,22873800
29/02/2012,12.65,12.72,12.44,12.46,12.46,13111200
01/03/2012,12.54,13.18,12.5,13.1,13.1,20792400
02/03/2012,13.1,13.48,13.09,13.28,13.28,11809200
05/03/2012,13.22,13.26,12.73,12.8,12.8,12439800
06/03/2012,12.58,12.66,12.44,12.45,12.45,11246400
07/03/2012,12.53,12.53,11.15,11.23,11.23,46282800
08/03/2012,11.19,11.66,10.9,11.22,11.22,34171800
09/03/2012,11.29,11.6,11.2,11.39,11.39,15699000
12/03/2012,11.41,11.52,11.23,11.49,11.49,9474000
13/03/2012,11.53,11.75,11.38,11.74,11.74,11231400
14/03/2012,11.77,11.78,11.25,11.43,11.43,10894800
15/03/2012,11.4,11.4,11.19,11.26,11.26,12355200
16/03/2012,11.25,11.43,11.25,11.32,11.32,11021400
19/03/2012,11.28,11.44,11.19,11.19,11.19,8648400
20/03/2012,11.11,11.24,11.04,11.21,11.21,6999600
21/03/2012,11.24,11.54,11.2,11.39,11.39,11640600
22/03/2012,11.31,11.41,11.09,11.12,11.12,8334000
23/03/2012,11.12,11.12,10.79,11.07,11.07,10185600
26/03/2012,11.17,11.39,11.06,11.35,11.35,6756000
27/03/2012,11.35,11.35,10.94,10.97,10.97,9142200
28/03/2012,10.98,11.04,10.51,10.67,10.67,15609600
29/03/2012,10.61,10.69,10.29,10.48,10.48,12936600
30/03/2012,10.55,10.63,10.4,10.51,10.51,7680000
02/04/2012,10.5,10.61,10.4,10.55,10.55,8810400
03/04/2012,10.5,10.73,10.31,10.49,10.49,16143600
04/04/2012,10.42,10.51,10.21,10.34,10.34,7714200
05/04/2012,10.34,10.92,10.29,10.81,10.81,12697200
09/04/2012,10.63,10.75,10.59,10.67,10.67,8217000
10/04/2012,10.68,10.78,10.4,10.41,10.41,8028000
11/04/2012,10.52,10.62,10.47,10.52,10.52,6928800
12/04/2012,10.55,10.72,10.37,10.48,10.48,7980600
13/04/2012,10.45,10.51,10.29,10.35,10.35,4194000
16/04/2012,10.39,10.45,10.18,10.26,10.26,4768200
17/04/2012,10.35,10.94,10.28,10.84,10.84,14086200
18/04/2012,11.15,11.2,10.96,11.09,11.09,13662000
19/04/2012,11.07,11.34,10.98,11.19,11.19,11698200
20/04/2012,11.21,11.46,11.02,11.43,11.43,13002600
23/04/2012,11.2,11.4,11.14,11.4,11.4,7842000
24/04/2012,11.37,11.41,10.94,10.98,10.98,7761000
25/04/2012,11.04,11.29,11.02,11.27,11.27,8155800
26/04/2012,11.3,11.63,11.18,11.58,11.58,25640400
27/04/2012,9.43,9.44,8.51,8.64,8.64,89950800
30/04/2012,8.59,8.74,8.36,8.5,8.5,27375600
01/05/2012,8.47,8.85,8.47,8.75,8.75,22259400
02/05/2012,8.74,9.2,8.71,9.17,9.17,16947000
03/05/2012,9.15,9.17,8.95,8.99,8.99,13039800
04/05/2012,8.95,8.98,8.67,8.92,8.92,10488600
07/05/2012,8.86,9.1,8.83,9.0,9.0,10011600
08/05/2012,8.91,8.92,8.54,8.69,8.69,10247400
09/05/2012,8.59,8.72,8.49,8.6,8.6,8040000
10/05/2012,8.74,8.78,8.42,8.63,8.63,8836800
11/05/2012,8.57,8.91,8.56,8.84,8.84,6049800
14/05/2012,8.81,8.99,8.71,8.84,8.84,7076400
15/05/2012,8.88,9.22,8.82,8.97,8.97,11208600
16/05/2012,8.99,9.05,8.73,8.78,8.78,7702800
17/05/2012,8.82,8.89,8.65,8.73,8.73,8800800
18/05/2012,8.75,9.01,8.68,8.87,8.87,9023400
21/05/2012,9.03,9.28,8.84,9.21,9.21,7240200
22/05/2012,9.23,9.39,9.13,9.39,9.39,9699600
23/05/2012,9.34,9.51,9.15,9.47,9.47,7122600
24/05/2012,9.52,9.53,9.24,9.35,9.35,4498200
25/05/2012,9.37,9.85,9.37,9.69,9.69,8782800
29/05/2012,9.77,9.79,9.58,9.75,9.75,6438600
30/05/2012,9.69,9.69,9.1,9.35,9.35,10130400
31/05/2012,9.36,9.36,9.14,9.28,9.28,5235000
01/06/2012,9.0,9.13,8.8,8.84,8.84,8070600
04/06/2012,9.06,9.08,8.53,8.68,8.68,12045600
05/06/2012,8.67,8.89,8.52,8.84,8.84,8936400
06/06/2012,8.9,8.98,8.69,8.89,8.89,8332200
07/06/2012,8.95,9.04,8.68,8.86,8.86,8235000
08/06/2012,8.83,9.01,8.72,9.0,9.0,5159400
11/06/2012,9.08,9.15,8.76,8.76,8.76,5515200
12/06/2012,8.79,8.84,8.57,8.71,8.71,7657800
13/06/2012,8.67,8.77,8.09,8.16,8.16,16366200
14/06/2012,8.15,8.25,7.84,8.0,8.0,14945400
15/06/2012,7.99,8.12,7.92,8.1,8.1,9102600
18/06/2012,8.07,8.26,7.9,8.24,8.24,6115200
19/06/2012,8.29,8.29,7.9,8.0,8.0,12062400
20/06/2012,8.02,8.02,7.81,7.85,7.85,13879800
21/06/2012,7.89,7.91,7.42,7.45,7.45,14703000
22/06/2012,7.57,7.67,7.47,7.5,7.5,11289000
25/06/2012,7.43,7.5,7.25,7.39,7.39,8850000
26/06/2012,7.39,7.48,7.28,7.37,7.37,7764600
27/06/2012,7.37,7.45,7.3,7.38,7.38,7920600
28/06/2012,7.34,7.45,7.14,7.21,7.21,7967400
29/06/2012,7.32,7.39,7.03,7.34,7.34,10293600
02/07/2012,7.34,7.39,7.23,7.29,7.29,5855400
03/07/2012,7.28,7.44,7.28,7.36,7.36,2982600
05/07/2012,7.35,7.96,7.33,7.91,7.91,12898800
06/07/2012,7.67,7.73,7.41,7.51,7.51,12092400
09/07/2012,7.5,7.53,7.32,7.45,7.45,5574600
10/07/2012,7.52,7.61,7.42,7.48,7.48,5154000
11/07/2012,7.47,7.82,7.4,7.75,7.75,11744400
12/07/2012,7.72,7.81,7.47,7.74,7.74,6504600
13/07/2012,7.74,8.07,7.53,7.83,7.83,21549600
16/07/2012,7.75,7.96,7.68,7.7,7.7,12165600
17/07/2012,7.75,7.96,7.66,7.81,7.81,7512000
18/07/2012,7.82,8.07,7.78,7.98,7.98,13122000
19/07/2012,8.0,8.25,7.98,8.09,8.09,5877000
20/07/2012,8.07,8.09,7.75,7.78,7.78,7765800
23/07/2012,7.33,7.45,7.15,7.24,7.24,15059400
24/07/2012,7.24,7.27,7.0,7.08,7.08,10681800
25/07/2012,7.0,7.05,6.74,6.78,6.78,13675200
26/07/2012,6.94,7.03,6.65,7.02,7.02,21600000
27/07/2012,7.58,7.58,6.7,7.44,7.44,45426000
30/07/2012,7.47,7.54,7.06,7.12,7.12,11983200
31/07/2012,7.05,7.12,6.75,6.95,6.95,12677400
01/08/2012,6.98,7.03,6.83,6.92,6.92,7074000
02/08/2012,6.83,7.02,6.65,6.7,6.7,8892600
03/08/2012,6.83,7.03,6.82,6.97,6.97,7677000
06/08/2012,7.02,7.12,6.96,7.02,7.02,8985000
07/08/2012,7.11,7.55,7.07,7.5,7.5,14001600
08/08/2012,7.46,7.55,7.26,7.31,7.31,8519400
09/08/2012,7.29,7.49,7.26,7.45,7.45,6178200
10/08/2012,7.43,7.62,7.38,7.5,7.5,7273800
13/08/2012,7.47,7.66,7.46,7.62,7.62,5430600
14/08/2012,7.5,7.62,7.42,7.46,7.46,7926000
15/08/2012,7.46,7.75,7.46,7.7,7.7,7209600
16/08/2012,7.7,8.09,7.7,8.07,8.07,21869400
17/08/2012,8.08,8.52,8.07,8.46,8.46,22623600
20/08/2012,8.46,8.46,8.2,8.39,8.39,9268800
21/08/2012,8.39,8.56,8.33,8.53,8.53,5457600
22/08/2012,8.52,8.61,8.33,8.44,8.44,6747000
23/08/2012,8.45,8.49,8.09,8.18,8.18,9237600
24/08/2012,8.17,8.32,8.1,8.26,8.26,6407400
27/08/2012,8.31,8.35,8.08,8.11,8.11,6644400
28/08/2012,8.12,8.32,8.05,8.22,8.22,5083200
29/08/2012,8.24,8.31,8.11,8.24,8.24,4135200
30/08/2012,8.21,8.3,8.13,8.17,8.17,3705600
31/08/2012,8.24,8.33,8.17,8.25,8.25,3585600
04/09/2012,8.25,8.27,7.93,8.1,8.1,8052600
05/09/2012,7.93,7.99,7.59,7.64,7.64,15652200
06/09/2012,7.71,8.0,7.61,7.87,7.87,8436000
07/09/2012,7.91,7.91,7.65,7.69,7.69,8593800
10/09/2012,7.66,7.78,7.64,7.69,7.69,8696400
11/09/2012,7.71,7.71,7.47,7.53,7.53,10189200
12/09/2012,7.58,7.62,7.47,7.49,7.49,6252600
13/09/2012,7.52,7.6,7.29,7.6,7.6,7960800
14/09/2012,7.64,8.27,7.64,8.15,8.15,16428600
17/09/2012,7.92,8.01,7.75,7.99,7.99,9784800
18/09/2012,7.71,7.74,7.2,7.32,7.32,20432400
19/09/2012,7.02,7.03,6.57,6.89,6.89,49936200
20/09/2012,6.8,6.8,6.43,6.51,6.51,24979200
21/09/2012,6.53,6.58,6.4,6.45,6.45,14076600
24/09/2012,6.42,6.48,6.17,6.25,6.25,21505200
25/09/2012,6.08,6.15,5.81,5.83,5.83,32454000
26/09/2012,5.92,6.15,5.76,6.04,6.04,17300400
27/09/2012,6.05,6.09,5.96,6.05,6.05,9452400
28/09/2012,6.02,6.14,5.93,6.11,6.11,7947600
01/10/2012,6.2,6.23,5.97,6.04,6.04,10581000
02/10/2012,6.08,6.15,6.0,6.11,6.11,6781200
03/10/2012,6.15,6.36,6.13,6.28,6.28,10299000
04/10/2012,6.3,6.33,6.18,6.25,6.25,6072600
05/10/2012,6.28,6.32,5.97,5.99,5.99,11034000
08/10/2012,5.95,6.09,5.89,5.98,5.98,9730200
09/10/2012,5.98,6.08,5.89,5.91,5.91,10191000
10/10/2012,5.9,5.96,5.82,5.84,5.84,7038000
11/10/2012,5.94,6.23,5.91,6.11,6.11,10148400
12/10/2012,6.11,6.23,6.0,6.07,6.07,4982400
15/10/2012,6.09,6.17,5.85,5.88,5.88,7915200
16/10/2012,5.96,6.18,5.9,6.07,6.07,9801600
17/10/2012,6.14,6.51,6.0,6.47,6.47,17596200
18/10/2012,6.47,6.57,6.35,6.41,6.41,7725600
19/10/2012,6.39,6.39,6.1,6.18,6.18,7838400
22/10/2012,6.15,6.33,6.03,6.18,6.18,9235200
23/10/2012,6.1,6.29,6.05,6.2,6.2,8844600
24/10/2012,6.22,6.29,5.96,6.19,6.19,12178800
25/10/2012,6.24,6.33,5.84,5.91,5.91,23309400
26/10/2012,4.84,5.08,4.8,4.91,4.91,55671600
31/10/2012,4.92,4.94,4.76,4.77,4.77,14907600
01/11/2012,4.82,4.99,4.77,4.96,4.96,15474600
02/11/2012,5.13,5.23,5.03,5.05,5.05,13109400
05/11/2012,5.06,5.39,5.05,5.35,5.35,10200600
06/11/2012,5.37,5.66,5.26,5.66,5.66,12894600
07/11/2012,5.61,5.61,5.29,5.31,5.31,14392200
08/11/2012,5.31,5.39,5.13,5.15,5.15,5915400
09/11/2012,5.14,5.26,5.06,5.11,5.11,8710200
12/11/2012,5.36,5.37,5.16,5.2,5.2,8676000
13/11/2012,5.16,5.17,4.97,4.98,4.98,10050600
14/11/2012,5.06,5.1,4.93,4.96,4.96,8875800
15/11/2012,4.98,5.09,4.97,5.07,5.07,7144200
16/11/2012,5.06,5.18,4.97,5.16,5.16,16491600
19/11/2012,5.22,5.61,5.21,5.6,5.6,16127400
20/11/2012,5.59,5.89,5.5,5.69,5.69,16408200
21/11/2012,5.72,5.79,5.56,5.58,5.58,4692600
23/11/2012,5.6,5.67,5.47,5.51,5.51,3937800
26/11/2012,5.78,5.97,5.72,5.88,5.88,24262800
27/11/2012,5.85,6.16,5.82,6.05,6.05,18146400
28/11/2012,6.0,6.64,5.97,6.55,6.55,32990400
29/11/2012,6.65,6.65,6.19,6.46,6.46,15763200
30/11/2012,6.44,6.51,6.25,6.38,6.38,12381600
03/12/2012,7.02,7.09,6.79,7.06,7.06,38733600
04/12/2012,7.0,7.04,6.76,6.82,6.82,14127000
05/12/2012,7.0,7.02,6.8,6.89,6.89,8991600
06/12/2012,6.89,6.96,6.81,6.93,6.93,8057400
07/12/2012,6.99,7.36,6.97,7.13,7.13,19968000
10/12/2012,7.06,7.08,6.55,6.57,6.57,21911400
11/12/2012,6.44,6.67,6.29,6.5,6.5,18276600
12/12/2012,6.67,6.67,6.38,6.39,6.39,9441000
13/12/2012,6.43,6.7,6.38,6.43,6.43,11859000
14/12/2012,6.41,6.47,6.19,6.22,6.22,11169600
17/12/2012,6.22,6.37,6.11,6.17,6.17,8031600
18/12/2012,6.17,6.26,6.08,6.22,6.22,9475200
19/12/2012,6.22,6.23,5.92,5.95,5.95,17913000
20/12/2012,5.95,5.99,5.76,5.82,5.82,13631400
21/12/2012,5.76,5.82,5.67,5.75,5.75,13994400
24/12/2012,5.73,5.83,5.67,5.81,5.81,6421200
26/12/2012,5.83,5.91,5.77,5.81,5.81,8302800
27/12/2012,5.84,6.45,5.82,6.35,6.35,27335400
28/12/2012,6.31,6.44,6.21,6.32,6.32,13405800
31/12/2012,6.32,6.78,6.3,6.71,6.71,16206000
02/01/2013,6.96,6.99,6.32,6.41,6.41,21570600
03/01/2013,6.54,6.89,6.51,6.54,6.54,17572800
04/01/2013,6.53,6.72,6.51,6.63,6.63,10134000
07/01/2013,6.59,6.62,6.43,6.5,6.5,6193200
08/01/2013,6.32,6.4,6.14,6.24,6.24,12868800
09/01/2013,6.22,6.27,5.95,6.02,6.02,19036200
10/01/2013,6.07,6.24,5.95,6.17,6.17,16597200
11/01/2013,6.25,6.36,6.07,6.11,6.11,13528200
14/01/2013,6.07,6.37,6.07,6.36,6.36,12379200
15/01/2013,6.29,6.83,6.29,6.8,6.8,22816800
16/01/2013,6.77,6.78,6.4,6.43,6.43,20920200
17/01/2013,6.43,6.56,6.14,6.19,6.19,19890000
18/01/2013,6.22,6.24,6.08,6.22,6.22,13215600
22/01/2013,6.23,6.39,6.14,6.36,6.36,16081800
23/01/2013,6.35,6.37,6.24,6.3,6.3,6556800
24/01/2013,6.3,6.64,6.29,6.49,6.49,14047800
25/01/2013,6.57,7.09,6.53,6.97,6.97,18850200
28/01/2013,6.93,6.98,6.75,6.94,6.94,8813400
29/01/2013,6.92,6.99,6.68,6.73,6.73,8307000
30/01/2013,6.75,6.81,6.56,6.57,6.57,8836200
31/01/2013,6.55,6.81,6.51,6.66,6.66,9705000
01/02/2013,6.7,6.77,6.57,6.65,6.65,5875200
04/02/2013,6.83,7.13,6.82,6.9,6.9,15947400
05/02/2013,6.96,7.03,6.69,6.76,6.76,10517400
06/02/2013,6.75,6.98,6.74,6.9,6.9,8556000
07/02/2013,6.9,7.31,6.9,7.26,7.26,17537400
08/02/2013,7.27,7.4,7.07,7.26,7.26,13570200
11/02/2013,7.42,7.46,7.18,7.4,7.4,11920800
12/02/2013,7.4,7.53,7.33,7.42,7.42,11310600
13/02/2013,7.41,7.43,7.21,7.26,7.26,7642200
14/02/2013,7.24,7.38,7.18,7.28,7.28,6239400
15/02/2013,7.27,7.38,7.09,7.14,7.14,8958600
19/02/2013,7.17,7.49,7.09,7.45,7.45,11799000
20/02/2013,7.31,7.45,7.1,7.16,7.16,10369200
21/02/2013,7.1,7.24,6.7,6.81,6.81,11445000
22/02/2013,6.94,7.03,6.69,6.76,6.76,6094200
25/02/2013,6.82,7.02,6.77,6.78,6.78,10912800
26/02/2013,6.8,6.94,6.6,6.72,6.72,5451600
27/02/2013,6.72,6.83,6.69,6.73,6.73,7945200
28/02/2013,6.75,6.89,6.65,6.74,6.74,19005000
01/03/2013,7.37,7.83,7.27,7.77,7.77,55917600
04/03/2013,7.69,8.01,7.69,7.89,7.89,13745400
05/03/2013,7.93,8.08,7.86,8.0,8.0,10163400
06/03/2013,8.0,8.23,8.0,8.12,8.12,7531800
07/03/2013,8.12,8.35,8.09,8.18,8.18,9050400
08/03/2013,8.19,8.25,8.0,8.14,8.14,6631200
11/03/2013,8.06,8.19,8.01,8.1,8.1,6268800
12/03/2013,8.08,8.27,8.02,8.15,8.15,7965000
13/03/2013,8.13,8.27,8.08,8.18,8.18,3654600
14/03/2013,8.22,8.34,8.11,8.28,8.28,5049600
15/03/2013,8.29,8.46,8.24,8.33,8.33,10354200
18/03/2013,8.23,8.31,8.09,8.19,8.19,6660600
19/03/2013,8.19,8.28,7.99,8.13,8.13,5487600
20/03/2013,8.19,8.53,8.11,8.39,8.39,8415600
21/03/2013,8.36,8.45,8.18,8.4,8.4,5019000
22/03/2013,8.45,8.47,8.19,8.35,8.35,3822600
25/03/2013,8.42,8.43,8.19,8.27,8.27,6475800
26/03/2013,8.27,8.43,8.25,8.37,8.37,6544200
27/03/2013,8.31,8.81,8.25,8.75,8.75,11865000
28/03/2013,9.33,9.44,9.05,9.28,9.28,18784800
01/04/2013,9.29,9.3,8.94,9.0,9.0,7992600
02/04/2013,9.05,9.32,9.0,9.22,9.22,7501200
03/04/2013,9.16,9.27,9.02,9.12,9.12,7949400
04/04/2013,9.07,9.31,9.04,9.3,9.3,4290000
05/04/2013,9.11,9.29,9.04,9.25,9.25,4446000
08/04/2013,9.31,9.4,9.22,9.37,9.37,6256800
09/04/2013,9.38,9.42,9.26,9.35,9.35,4347000
10/04/2013,9.42,9.82,9.39,9.75,9.75,10701000
11/04/2013,9.73,9.92,9.59,9.85,9.85,9564600
12/04/2013,9.73,9.89,9.59,9.81,9.81,6067200
15/04/2013,9.77,9.81,9.38,9.45,9.45,7467000
16/04/2013,9.57,9.82,9.49,9.78,9.78,5449200
17/04/2013,9.72,9.8,9.51,9.7,9.7,5152200
18/04/2013,9.69,9.71,9.43,9.5,9.5,6411000
19/04/2013,9.5,9.7,9.3,9.66,9.66,6972600
22/04/2013,9.68,9.81,9.46,9.77,9.77,6943200
23/04/2013,9.87,10.04,9.78,9.95,9.95,7156200
24/04/2013,10.0,10.04,9.82,9.85,9.85,6757800
25/04/2013,9.93,10.01,9.74,9.9,9.9,15000000
26/04/2013,9.69,9.69,8.92,9.05,9.05,21945000
29/04/2013,9.06,9.19,8.93,9.02,9.02,7452000
30/04/2013,8.9,9.22,8.78,9.19,9.19,7311600
01/05/2013,9.23,9.29,8.98,9.01,9.01,5647800
02/05/2013,9.05,9.07,8.88,9.03,9.03,4125000
03/05/2013,9.16,9.2,8.99,9.0,9.0,4546200
06/05/2013,8.99,9.13,8.89,8.95,8.95,4839000
07/05/2013,9.0,9.08,8.9,9.04,9.04,3384600
08/05/2013,9.04,9.29,9.03,9.26,9.26,5242800
09/05/2013,9.25,9.36,9.06,9.08,9.08,4177800
10/05/2013,9.11,9.41,9.06,9.4,9.4,4267800
13/05/2013,9.38,9.54,9.21,9.22,9.22,3789000
14/05/2013,9.24,9.32,9.23,9.31,9.31,2790600
15/05/2013,9.3,9.34,9.02,9.04,9.04,4066800
16/05/2013,9.01,9.05,8.69,8.75,8.75,6315600
17/05/2013,8.82,8.88,8.59,8.75,8.75,5428200
20/05/2013,8.77,8.83,8.64,8.79,8.79,6996600
21/05/2013,8.78,9.12,8.77,9.08,9.08,4791600
22/05/2013,9.07,9.37,9.04,9.14,9.14,5145000
23/05/2013,9.0,9.0,8.84,8.95,8.95,5274600
24/05/2013,8.85,8.92,8.7,8.91,8.91,3624000
28/05/2013,9.01,9.14,8.9,8.9,8.9,3711000
29/05/2013,8.84,9.11,8.78,8.99,8.99,3907800
30/05/2013,8.99,9.2,8.93,9.11,9.11,2299800
31/05/2013,9.05,9.23,8.9,8.95,8.95,3182400
03/06/2013,8.95,9.09,8.79,9.07,9.07,4242000
04/06/2013,9.05,9.28,8.96,9.07,9.07,2986200
05/06/2013,9.02,9.07,8.72,8.85,8.85,3236400
06/06/2013,8.79,9.0,8.74,8.95,8.95,2976000
07/06/2013,9.01,9.03,8.89,8.9,8.9,2373000
10/06/2013,8.92,9.06,8.84,8.89,8.89,3463200
11/06/2013,8.79,8.96,8.63,8.8,8.8,3391200
12/06/2013,8.88,8.91,8.6,8.68,8.68,2893200
13/06/2013,8.68,9.06,8.6,8.97,8.97,3727200
14/06/2013,8.97,9.19,8.89,9.17,9.17,3715800
17/06/2013,9.25,9.37,9.05,9.09,9.09,3603000
18/06/2013,9.1,9.15,8.86,8.92,8.92,3565200
19/06/2013,8.86,8.92,8.72,8.78,8.78,3162000
20/06/2013,8.66,8.76,8.37,8.45,8.45,4806600
21/06/2013,8.49,8.51,8.03,8.13,8.13,7644600
24/06/2013,8.02,8.1,7.76,7.89,7.89,5466000
25/06/2013,8.02,8.12,7.94,7.98,7.98,4824000
26/06/2013,8.05,8.07,7.92,7.99,7.99,3224400
27/06/2013,8.05,8.19,8.01,8.19,8.19,3412800
28/06/2013,8.18,8.49,8.07,8.42,8.42,5899800
01/07/2013,8.45,8.68,8.43,8.64,8.64,3348600
02/07/2013,8.58,8.64,8.43,8.54,8.54,3214200
03/07/2013,8.44,8.63,8.38,8.51,8.51,2194200
05/07/2013,8.59,8.74,8.55,8.67,8.67,1485600
08/07/2013,8.7,8.86,8.7,8.82,8.82,3207600
09/07/2013,8.87,9.04,8.74,9.03,9.03,5058600
10/07/2013,9.02,9.06,8.87,8.97,8.97,3042000
11/07/2013,9.06,9.14,8.86,9.02,9.02,3080400
12/07/2013,9.02,9.31,8.97,9.27,9.27,6213600
15/07/2013,9.66,9.7,9.47,9.57,9.57,5545800
16/07/2013,9.63,9.7,9.51,9.62,9.62,6563400
17/07/2013,9.62,9.75,9.52,9.62,9.62,3571200
18/07/2013,9.51,9.54,9.27,9.45,9.45,16422000
19/07/2013,9.51,9.66,9.35,9.39,9.39,7712400
22/07/2013,9.36,9.69,9.32,9.65,9.65,6177000
23/07/2013,9.42,9.77,9.35,9.66,9.66,6182400
24/07/2013,9.7,9.76,9.55,9.65,9.65,4759800
25/07/2013,9.58,10.0,9.56,9.81,9.81,8704200
26/07/2013,9.13,9.35,8.78,8.93,8.93,15666600
29/07/2013,8.93,8.98,8.83,8.88,8.88,4110600
30/07/2013,8.91,9.11,8.89,9.1,9.1,5112600
31/07/2013,9.16,9.27,9.03,9.15,9.15,4293600
01/08/2013,9.25,9.62,9.22,9.6,9.6,6588600
02/08/2013,9.59,9.67,9.4,9.63,9.63,4443600
05/08/2013,9.63,9.93,9.6,9.87,9.87,4792800
06/08/2013,9.84,9.89,9.67,9.72,9.72,4660800
07/08/2013,9.65,9.76,9.6,9.66,9.66,2797200
08/08/2013,9.69,9.79,9.66,9.72,9.72,3132000
09/08/2013,9.69,9.77,9.6,9.71,9.71,2684400
12/08/2013,9.71,9.75,9.62,9.72,9.72,2076000
13/08/2013,9.72,9.81,9.51,9.62,9.62,3052200
14/08/2013,9.6,9.65,9.52,9.56,9.56,2137800
15/08/2013,9.46,9.59,9.34,9.38,9.38,3303000
16/08/2013,9.37,9.57,9.36,9.37,9.37,2444400
19/08/2013,9.35,9.81,9.33,9.49,9.49,4351800
20/08/2013,9.49,9.81,9.43,9.67,9.67,2911800
21/08/2013,9.64,10.26,9.56,9.95,9.95,7444200
22/08/2013,9.97,10.04,9.78,9.89,9.89,3916800
23/08/2013,9.95,9.98,9.88,9.93,9.93,2998200
26/08/2013,9.94,10.0,9.75,9.78,9.78,2712000
27/08/2013,9.7,9.79,9.4,9.5,9.5,3844800
28/08/2013,9.5,9.66,9.44,9.6,9.6,2979600
29/08/2013,9.6,9.89,9.53,9.84,9.84,3493800
30/08/2013,9.84,9.91,9.7,9.79,9.79,2846400
03/09/2013,9.89,10.12,9.87,10.0,10.0,5974800
04/09/2013,10.0,10.25,9.92,10.19,10.19,4998600
05/09/2013,10.24,10.42,10.17,10.32,10.32,5262600
06/09/2013,10.37,10.4,10.06,10.21,10.21,3970200
09/09/2013,10.25,10.48,10.22,10.39,10.39,3090000
10/09/2013,10.45,10.48,10.19,10.29,10.29,5334000
11/09/2013,10.23,10.25,9.83,9.96,9.96,7293000
12/09/2013,9.93,10.03,9.82,9.87,9.87,4091400
13/09/2013,9.91,10.02,9.72,9.97,9.97,4955400
16/09/2013,10.06,10.2,9.99,10.0,10.0,4236600
17/09/2013,10.02,10.16,9.95,10.03,10.03,3245400
18/09/2013,10.04,10.2,9.91,10.12,10.12,3261000
19/09/2013,10.17,10.44,10.09,10.3,10.3,3125400
20/09/2013,10.31,10.32,10.07,10.12,10.12,3337800
23/09/2013,10.13,10.41,10.02,10.35,10.35,4050000
24/09/2013,10.35,10.5,10.19,10.29,10.29,8064600
25/09/2013,10.27,10.66,10.13,10.66,10.66,13702200
26/09/2013,10.66,11.09,10.63,11.02,11.02,11502600
27/09/2013,11.04,11.14,10.81,10.87,10.87,6261600
30/09/2013,10.77,11.07,10.57,10.99,10.99,4858200
01/10/2013,11.24,11.36,11.09,11.2,11.2,9125400
02/10/2013,11.1,11.3,11.0,11.23,11.23,4504200
03/10/2013,11.26,11.47,10.87,11.03,11.03,10022400
04/10/2013,11.11,11.44,11.07,11.32,11.32,8430600
07/10/2013,11.21,11.26,10.51,10.52,10.52,16306800
08/10/2013,10.54,10.56,10.13,10.21,10.21,9178200
09/10/2013,10.26,10.42,10.02,10.36,10.36,10034400
10/10/2013,10.43,10.57,10.02,10.22,10.22,13573200
11/10/2013,10.24,10.29,10.1,10.19,10.19,9486600
14/10/2013,10.12,10.38,10.05,10.25,10.25,7267800
15/10/2013,10.25,10.34,10.03,10.07,10.07,7642200
16/10/2013,10.13,10.24,9.94,10.09,10.09,9778200
17/10/2013,10.06,10.26,9.95,9.99,9.99,10919400
18/10/2013,10.0,10.08,9.88,9.92,9.92,13716600
21/10/2013,9.86,9.93,9.52,9.68,9.68,15372000
22/10/2013,9.73,9.95,9.53,9.92,9.92,11747400
23/10/2013,9.87,9.89,9.6,9.64,9.64,8539800
24/10/2013,9.66,9.72,9.48,9.68,9.68,15784200
25/10/2013,11.43,11.74,11.05,11.66,11.66,47173200
28/10/2013,11.72,11.8,11.27,11.35,11.35,15526200
29/10/2013,11.3,11.43,11.16,11.36,11.36,8255400
30/10/2013,11.39,11.44,11.11,11.19,11.19,5485200
31/10/2013,11.17,11.57,11.17,11.47,11.47,6625200
01/11/2013,11.47,11.6,11.39,11.43,11.43,3798600
04/11/2013,11.48,11.69,11.47,11.65,11.65,7318800
05/11/2013,11.57,12.01,11.52,11.93,11.93,12000000
06/11/2013,11.96,12.02,11.39,11.5,11.5,6350400
07/11/2013,11.53,11.56,11.07,11.15,11.15,6612000
08/11/2013,11.16,11.44,11.16,11.38,11.38,4203000
11/11/2013,11.43,12.18,11.42,11.97,11.97,10445400
12/11/2013,11.97,12.33,11.88,12.14,12.14,9768000
13/11/2013,12.02,12.96,12.01,12.81,12.81,19386000
14/11/2013,12.8,12.89,12.64,12.85,12.85,8171400
15/11/2013,13.05,13.14,12.88,13.12,13.12,7693800
18/11/2013,13.27,13.29,12.83,12.9,12.9,7755600
19/11/2013,12.87,12.99,12.59,12.62,12.62,8542800
20/11/2013,12.66,12.92,12.65,12.84,12.84,6852000
21/11/2013,12.86,13.06,12.82,13.01,13.01,4374600
22/11/2013,12.98,13.33,12.92,13.32,13.32,7254000
25/11/2013,13.44,13.84,13.42,13.61,13.61,10188600
26/11/2013,13.61,13.82,13.53,13.77,13.77,5654400
27/11/2013,13.78,13.9,13.52,13.73,13.73,4641000
29/11/2013,13.72,13.82,13.5,13.77,13.77,3215400
02/12/2013,13.92,14.28,13.86,13.99,13.99,9027000
03/12/2013,14.03,14.38,13.85,14.35,14.35,10008600
04/12/2013,14.55,14.64,14.05,14.21,14.21,15519000
05/12/2013,14.2,14.48,13.97,14.27,14.27,5649600
06/12/2013,14.35,14.42,13.97,14.17,14.17,6160800
09/12/2013,14.21,14.44,14.2,14.32,14.32,4538400
10/12/2013,14.17,14.3,13.77,14.23,14.23,8964600
11/12/2013,14.26,14.33,13.95,13.96,13.96,6168000
12/12/2013,13.99,14.12,13.72,13.88,13.88,8210400
13/12/2013,13.9,14.27,13.9,14.09,14.09,4898400
16/12/2013,14.09,14.17,13.78,13.86,13.86,8901600
17/12/2013,13.83,13.89,13.64,13.81,13.81,6808800
18/12/2013,13.88,14.07,13.7,14.03,14.03,7607400
19/12/2013,13.89,14.01,13.49,13.56,13.56,8046600
20/12/2013,13.56,14.14,13.56,14.12,14.12,10863000
23/12/2013,14.2,14.23,13.92,14.1,14.1,4848600
24/12/2013,14.03,14.18,13.97,14.07,14.07,2419200
26/12/2013,14.07,14.46,14.07,14.14,14.14,3542400
27/12/2013,14.12,14.25,13.85,13.97,13.97,2631600
30/12/2013,13.97,14.27,13.92,14.04,14.04,4048800
31/12/2013,14.05,14.09,13.89,14.08,14.08,2470200
02/01/2014,14.04,14.17,13.85,13.98,13.98,3572400
03/01/2014,14.02,14.31,13.98,14.29,14.29,5364600
06/01/2014,14.38,14.8,14.22,14.66,14.66,11223000
07/01/2014,14.67,15.02,14.3,14.49,14.49,8215200
08/01/2014,14.5,14.6,14.26,14.32,14.32,3995400
09/01/2014,14.5,14.81,14.45,14.69,14.69,7105800
10/01/2014,14.65,14.86,14.48,14.76,14.76,7524600
13/01/2014,14.49,14.67,14.09,14.21,14.21,7566600
14/01/2014,14.28,14.45,13.49,13.77,13.77,16278000
15/01/2014,13.85,14.1,13.81,13.84,13.84,6675000
16/01/2014,13.84,13.91,12.54,12.61,12.61,23601600
17/01/2014,12.71,12.85,12.4,12.5,12.5,9546600
21/01/2014,12.68,12.92,12.54,12.7,12.7,8788200
22/01/2014,12.62,12.92,12.24,12.41,12.41,9766200
23/01/2014,12.42,12.68,12.24,12.29,12.29,7818600
24/01/2014,12.2,12.63,12.11,12.45,12.45,8690400
27/01/2014,12.48,12.87,12.27,12.74,12.74,8070000
28/01/2014,12.74,13.08,12.67,13.02,13.02,7254000
29/01/2014,12.94,12.94,12.35,12.45,12.45,8163600
30/01/2014,12.7,13.32,12.67,13.1,13.1,8185200
31/01/2014,12.88,13.36,12.76,12.99,12.99,6695400
03/02/2014,12.95,13.11,12.5,12.56,12.56,7928400
04/02/2014,12.69,12.93,12.52,12.62,12.62,6445800
05/02/2014,12.68,13.14,12.42,13.06,13.06,8451600
06/02/2014,13.08,13.32,12.98,13.04,13.04,7753800
07/02/2014,13.06,13.61,13.0,13.53,13.53,6216600
10/02/2014,13.59,13.67,13.3,13.57,13.57,5391600
11/02/2014,13.56,13.68,13.27,13.68,13.68,5404200
12/02/2014,13.73,13.87,13.56,13.74,13.74,4772400
13/02/2014,13.61,14.2,13.55,14.12,14.12,6565200
14/02/2014,14.05,14.19,13.82,14.03,14.03,4045200
18/02/2014,14.12,14.55,14.06,14.38,14.38,5859600
19/02/2014,14.45,14.64,14.25,14.25,14.25,5721600
20/02/2014,14.25,14.55,14.06,14.26,14.26,4765200
21/02/2014,14.25,14.39,13.77,13.93,13.93,9070800
24/02/2014,14.07,14.33,13.96,14.04,14.04,6540600
25/02/2014,14.11,14.2,13.9,14.02,14.02,6750000
26/02/2014,14.08,14.22,13.63,13.72,13.72,9202200
27/02/2014,13.81,14.29,13.8,14.11,14.11,14177400
28/02/2014,12.25,12.58,11.78,12.39,12.39,58227600
03/03/2014,12.22,12.32,11.97,12.15,12.15,11559000
04/03/2014,12.26,12.5,12.2,12.38,12.38,8766600
05/03/2014,12.4,12.66,12.4,12.5,12.5,8083800
06/03/2014,12.52,12.75,12.51,12.68,12.68,5899800
07/03/2014,12.76,12.79,12.55,12.71,12.71,4675200
10/03/2014,12.72,12.82,12.53,12.69,12.69,3729600
11/03/2014,12.68,12.75,12.48,12.51,12.51,5165400
12/03/2014,12.42,12.49,12.19,12.31,12.31,5846400
13/03/2014,12.28,12.41,12.1,12.14,12.14,5141400
14/03/2014,12.18,12.35,12.09,12.27,12.27,4326600
17/03/2014,12.33,12.51,12.23,12.28,12.28,3820200
18/03/2014,12.31,12.58,12.27,12.57,12.57,5858400
19/03/2014,12.62,12.75,12.47,12.57,12.57,3327600
20/03/2014,12.57,12.82,12.51,12.79,12.79,2965200
21/03/2014,12.79,12.91,12.52,12.56,12.56,4218000
24/03/2014,12.61,13.0,12.53,12.98,12.98,5704800
25/03/2014,13.07,13.21,12.67,12.85,12.85,5300400
26/03/2014,12.88,13.06,12.76,12.78,12.78,3432000
27/03/2014,12.8,13.04,12.68,12.98,12.98,4024800
28/03/2014,13.02,13.36,12.82,13.16,13.16,3594000
31/03/2014,13.03,13.33,13.03,13.29,13.29,2788200
01/04/2014,13.23,13.53,13.06,13.52,13.52,3784800
02/04/2014,13.43,13.46,13.12,13.31,13.31,4683600
03/04/2014,13.07,13.5,12.55,13.21,13.21,4039200
04/04/2014,13.38,13.68,13.24,13.33,13.33,6965400
07/04/2014,13.26,13.36,13.0,13.07,13.07,5010000
08/04/2014,13.03,13.21,12.94,13.04,13.04,3603600
09/04/2014,13.12,13.39,13.01,13.35,13.35,2919000
10/04/2014,13.39,13.54,13.02,13.11,13.11,3402600
11/04/2014,12.98,12.99,12.6,12.69,12.69,4537800
14/04/2014,12.76,12.85,12.66,12.76,12.76,2979600
15/04/2014,12.76,13.15,12.61,13.06,13.06,5351400
16/04/2014,13.18,13.3,13.03,13.05,13.05,3253800
17/04/2014,13.03,13.09,12.71,12.81,12.81,4588200
21/04/2014,12.76,13.1,12.74,12.93,12.93,3433800
22/04/2014,12.86,13.31,12.86,13.26,13.26,4201800
23/04/2014,13.25,13.32,13.06,13.13,13.13,3070800
24/04/2014,13.23,13.25,12.73,13.09,13.09,7021200
25/04/2014,13.87,14.05,13.57,13.86,13.86,13189800
28/04/2014,14.02,14.13,13.36,13.47,13.47,9376800
29/04/2014,13.64,13.68,13.24,13.51,13.51,4642800
30/04/2014,13.44,13.57,13.12,13.16,13.16,4399800
01/05/2014,13.04,13.41,13.04,13.36,13.36,3855600
02/05/2014,13.36,13.51,13.27,13.3,13.3,2352000
05/05/2014,13.33,13.48,13.1,13.42,13.42,2475600
06/05/2014,13.35,13.45,13.01,13.03,13.03,3512400
07/05/2014,13.09,13.13,12.52,12.72,12.72,4232400
08/05/2014,12.72,13.15,12.64,12.83,12.83,2211000
09/05/2014,12.87,13.36,12.83,13.31,13.31,5611800
12/05/2014,13.35,13.6,13.25,13.59,13.59,3046200
13/05/2014,13.59,13.7,13.43,13.52,13.52,1969200
14/05/2014,13.52,13.54,13.13,13.17,13.17,2481000
15/05/2014,13.15,13.17,12.83,13.1,13.1,2977800
16/05/2014,13.04,13.24,12.98,13.19,13.19,2598000
19/05/2014,13.4,13.52,13.25,13.26,13.26,2865000
20/05/2014,13.23,13.28,12.82,12.87,12.87,2766600
21/05/2014,12.91,12.99,12.75,12.89,12.89,1565400
22/05/2014,12.89,13.08,12.87,12.91,12.91,1552800
23/05/2014,12.95,13.01,12.72,12.8,12.8,2730600
27/05/2014,13.01,13.17,12.88,13.04,13.04,3556200
28/05/2014,12.97,13.07,12.67,12.91,12.91,3390000
29/05/2014,12.95,13.11,12.87,12.91,12.91,2489400
30/05/2014,12.94,13.05,12.8,12.88,12.88,2967000
02/06/2014,12.94,13.18,12.81,13.07,13.07,1798200
03/06/2014,13.02,13.35,12.97,13.28,13.28,2968800
04/06/2014,13.2,13.41,13.03,13.31,13.31,2458200
05/06/2014,13.33,13.55,13.17,13.43,13.43,2463000
06/06/2014,13.47,13.69,13.33,13.66,13.66,2264400
09/06/2014,13.64,13.81,13.6,13.72,13.72,2421000
10/06/2014,13.65,13.71,13.41,13.42,13.42,2246400
11/06/2014,13.32,13.43,13.06,13.23,13.23,3305400
12/06/2014,13.15,13.24,12.97,13.04,13.04,2590200
13/06/2014,13.06,13.13,12.86,13.07,13.07,1371000
16/06/2014,13.04,13.22,13.03,13.19,13.19,1527000
17/06/2014,13.15,13.57,13.02,13.47,13.47,2802000
18/06/2014,13.47,13.54,13.35,13.51,13.51,1891800
19/06/2014,13.54,13.62,13.38,13.48,13.48,1463400
20/06/2014,13.72,13.72,13.33,13.38,13.38,4474200
23/06/2014,13.42,13.89,13.4,13.86,13.86,4982400
24/06/2014,13.84,14.17,13.81,13.92,13.92,4213200
25/06/2014,13.85,14.22,13.85,14.19,14.19,3234600
26/06/2014,14.21,14.22,13.88,14.06,14.06,2817000
27/06/2014,14.1,14.35,14.06,14.34,14.34,4930200
30/06/2014,14.42,14.48,14.26,14.39,14.39,3997800
01/07/2014,14.18,14.58,14.18,14.46,14.46,4699800
02/07/2014,14.46,14.6,14.28,14.34,14.34,2577000
03/07/2014,14.4,14.52,14.38,14.47,14.47,1069200
07/07/2014,14.42,14.45,14.26,14.32,14.32,2393400
08/07/2014,14.29,14.31,14.0,14.25,14.25,2318400
09/07/2014,14.24,14.3,14.18,14.22,14.22,2417400
10/07/2014,13.98,14.06,13.84,13.91,13.91,2799000
11/07/2014,13.85,13.97,13.41,13.59,13.59,7092600
14/07/2014,13.67,13.89,13.54,13.84,13.84,3720000
15/07/2014,13.9,13.9,13.67,13.81,13.81,2533200
16/07/2014,13.84,13.84,13.5,13.65,13.65,2518200
17/07/2014,13.55,13.84,13.54,13.62,13.62,3102600
18/07/2014,13.67,14.02,13.58,13.89,13.89,2650200
21/07/2014,13.75,14.02,13.72,13.97,13.97,2751000
22/07/2014,14.1,14.15,13.92,14.02,14.02,3026400
23/07/2014,14.01,14.16,13.91,14.16,14.16,2563200
24/07/2014,14.26,14.48,14.12,14.2,14.2,7271400
25/07/2014,15.58,15.8,14.74,15.08,15.08,19728000
28/07/2014,15.16,15.2,14.77,15.13,15.13,7202400
29/07/2014,15.18,15.22,14.85,14.92,14.92,3165600
30/07/2014,14.96,15.09,14.86,14.98,14.98,2803800
31/07/2014,14.93,15.07,14.72,14.75,14.75,3866400
01/08/2014,14.73,14.95,14.56,14.79,14.79,4236600
04/08/2014,14.77,15.08,14.77,14.78,14.78,6943200
05/08/2014,14.74,15.29,14.67,15.28,15.28,5938200
06/08/2014,15.26,15.52,15.19,15.46,15.46,5127600
07/08/2014,15.56,15.72,15.35,15.44,15.44,5738400
08/08/2014,15.44,15.68,15.38,15.58,15.58,3880200
11/08/2014,15.59,15.83,15.57,15.78,15.78,4788000
12/08/2014,15.77,15.79,15.48,15.55,15.55,3259200
13/08/2014,15.56,15.73,15.45,15.52,15.52,1879800
14/08/2014,15.55,15.66,15.46,15.57,15.57,1352400
15/08/2014,15.58,15.67,15.32,15.44,15.44,2988600
18/08/2014,15.62,15.78,15.6,15.68,15.68,3412800
19/08/2014,15.68,15.81,15.56,15.65,15.65,2436000
20/08/2014,15.57,15.68,15.5,15.65,15.65,1935600
21/08/2014,15.66,15.67,15.52,15.62,15.62,2122800
22/08/2014,15.65,15.87,15.52,15.81,15.81,2754000
25/08/2014,15.91,15.97,15.82,15.89,15.89,2879400
26/08/2014,15.94,15.99,15.62,15.64,15.64,3877200
27/08/2014,15.41,15.63,15.27,15.43,15.43,3775200
28/08/2014,15.25,15.48,15.13,15.4,15.4,2556600
29/08/2014,15.47,15.55,15.28,15.37,15.37,1847400
02/09/2014,15.44,15.64,15.39,15.59,15.59,3838800
03/09/2014,15.61,15.61,15.2,15.24,15.24,3055200
04/09/2014,15.29,15.75,15.25,15.6,15.6,5252400
05/09/2014,15.62,15.91,15.39,15.87,15.87,4677000
08/09/2014,15.89,16.11,15.85,16.07,16.07,4177200
09/09/2014,16.11,16.12,15.76,15.79,15.79,4725600
10/09/2014,15.84,16.21,15.61,16.19,16.19,4260000
11/09/2014,16.15,16.25,16.08,16.23,16.23,3574800
12/09/2014,16.26,16.52,16.14,16.47,16.47,5125200
15/09/2014,16.47,16.51,16.08,16.11,16.11,4569000
16/09/2014,16.01,16.27,15.76,16.2,16.2,3861600
17/09/2014,16.21,16.26,16.06,16.14,16.14,2989800
18/09/2014,16.22,16.4,16.11,16.34,16.34,2962800
19/09/2014,16.44,16.61,16.37,16.52,16.52,5097000
22/09/2014,16.6,16.63,16.33,16.43,16.43,4473000
23/09/2014,16.31,16.59,16.21,16.22,16.22,4793400
24/09/2014,16.27,16.3,15.99,16.24,16.24,2793000
25/09/2014,16.22,16.47,16.09,16.36,16.36,3648000
26/09/2014,16.44,16.6,16.36,16.56,16.56,2358000
29/09/2014,16.48,16.51,16.28,16.42,16.42,2117400
30/09/2014,16.44,16.49,16.19,16.2,16.2,3895200
01/10/2014,16.24,16.32,15.12,15.17,15.17,10209000
02/10/2014,15.16,15.52,14.84,15.48,15.48,7050000
03/10/2014,15.64,15.93,15.51,15.73,15.73,5488200
06/10/2014,15.35,15.36,14.48,14.74,14.74,13086000
07/10/2014,14.68,14.85,14.44,14.45,14.45,5201400
08/10/2014,14.45,14.91,14.42,14.9,14.9,5049600
09/10/2014,14.9,14.96,14.51,14.59,14.59,4830600
10/10/2014,14.52,14.69,14.33,14.43,14.43,4801800
13/10/2014,14.17,14.55,13.86,14.23,14.23,5113200
14/10/2014,14.26,14.67,14.26,14.48,14.48,5057400
15/10/2014,14.4,14.66,14.03,14.5,14.5,3959400
16/10/2014,14.21,15.0,14.2,14.87,14.87,4492800
17/10/2014,15.05,15.07,14.38,14.44,14.44,4080600
20/10/2014,14.35,14.74,14.35,14.65,14.65,3534600
21/10/2014,14.71,14.99,14.67,14.97,14.97,3963000
22/10/2014,15.1,15.3,14.98,15.03,15.03,4352400
23/10/2014,15.14,15.22,14.64,14.68,14.68,10305600
24/10/2014,14.48,14.69,13.34,13.59,13.59,20045400
27/10/2014,13.69,13.98,13.51,13.97,13.97,9007800
28/10/2014,14.0,14.25,13.78,14.21,14.21,5079600
29/10/2014,14.24,14.31,14.0,14.21,14.21,4150200
30/10/2014,14.2,14.83,14.2,14.63,14.63,5008200
31/10/2014,14.88,14.88,14.45,14.58,14.58,3872400
03/11/2014,14.53,14.85,14.51,14.7,14.7,2995200
04/11/2014,14.7,14.7,14.48,14.65,14.65,3126000
05/11/2014,14.71,14.81,14.58,14.71,14.71,2598000
06/11/2014,14.75,15.17,14.72,15.15,15.15,3687000
07/11/2014,15.17,15.24,14.96,14.99,14.99,4616400
10/11/2014,15.06,15.08,14.71,14.83,14.83,3141600
11/11/2014,14.87,14.88,14.5,14.6,14.6,2872200
12/11/2014,14.61,15.01,14.54,15.01,15.01,3552000
13/11/2014,15.0,15.21,14.99,15.11,15.11,4536600
14/11/2014,15.06,15.32,15.02,15.3,15.3,3069600
17/11/2014,15.25,15.59,15.25,15.45,15.45,5123400
18/11/2014,15.45,15.54,15.21,15.37,15.37,3624000
19/11/2014,15.36,15.76,15.36,15.75,15.75,4507200
20/11/2014,15.7,16.09,15.63,15.87,15.87,6479400
21/11/2014,16.08,16.08,15.65,15.67,15.67,3318000
24/11/2014,15.68,16.01,15.64,15.91,15.91,3826200
25/11/2014,16.03,16.19,15.96,16.0,16.0,2834400
26/11/2014,15.97,16.12,15.93,16.04,16.04,2430600
28/11/2014,16.13,16.31,16.03,16.12,16.12,1593600
01/12/2014,16.17,16.24,15.77,15.78,15.78,3955200
02/12/2014,15.8,16.1,15.8,15.98,15.98,2627400
03/12/2014,15.99,16.16,15.88,16.09,16.09,5104200
04/12/2014,16.19,16.36,16.0,16.11,16.11,4338600
05/12/2014,16.26,16.44,16.15,16.43,16.43,4410600
08/12/2014,16.42,16.44,16.27,16.38,16.38,3656400
09/12/2014,16.26,16.37,16.04,16.27,16.27,4540200
10/12/2014,16.24,16.39,15.94,15.98,15.98,2609400
11/12/2014,16.02,16.27,16.0,16.04,16.04,2437200
12/12/2014,15.88,16.65,15.88,16.16,16.16,4314600
15/12/2014,16.3,16.41,15.9,15.91,15.91,6219600
16/12/2014,15.85,15.91,15.37,15.39,15.39,5417400
17/12/2014,15.44,15.69,15.4,15.63,15.63,4695600
18/12/2014,15.81,15.97,15.75,15.88,15.88,4426800
19/12/2014,15.87,15.88,15.4,15.55,15.55,7443000
22/12/2014,15.57,15.62,15.33,15.37,15.37,3301200
23/12/2014,15.42,15.57,15.25,15.33,15.33,3969600
24/12/2014,15.3,15.48,15.15,15.16,15.16,2276400
26/12/2014,15.18,15.59,15.18,15.39,15.39,2935200
29/12/2014,15.39,15.61,15.29,15.44,15.44,4366200
30/12/2014,15.4,15.53,15.2,15.31,15.31,2584800
31/12/2014,15.32,15.47,15.11,15.17,15.17,2976600
02/01/2015,15.29,15.29,14.78,14.96,14.96,4429800
05/01/2015,14.88,15.04,14.68,14.84,14.84,4231800
06/01/2015,14.9,14.91,14.56,14.59,14.59,8932200
07/01/2015,14.77,15.21,14.69,15.06,15.06,3787200
08/01/2015,15.24,15.71,15.22,15.67,15.67,5188800
09/01/2015,15.74,15.74,15.53,15.62,15.62,3357000
12/01/2015,15.72,15.77,15.5,15.68,15.68,2059200
13/01/2015,15.73,15.91,15.34,15.57,15.57,4858800
14/01/2015,15.28,15.28,14.69,14.94,14.94,4851000
15/01/2015,14.94,14.99,14.15,14.23,14.23,7613400
16/01/2015,14.28,14.52,14.01,14.41,14.41,5500800
20/01/2015,14.45,14.52,12.95,13.19,13.19,18678000
21/01/2015,13.12,13.41,12.97,13.22,13.22,8308800
22/01/2015,13.27,13.41,13.04,13.07,13.07,8397000
23/01/2015,13.06,13.14,12.9,13.06,13.06,8454600
26/01/2015,13.05,13.63,12.97,13.56,13.56,5558400
27/01/2015,13.38,13.57,13.25,13.49,13.49,5369400
28/01/2015,13.61,13.88,13.44,13.58,13.58,6531000
29/01/2015,13.67,13.89,13.58,13.71,13.71,10416000
30/01/2015,11.42,11.75,10.94,11.01,11.01,49367400
02/02/2015,11.22,11.71,11.19,11.49,11.49,19709400
03/02/2015,11.56,12.01,11.4,11.99,11.99,11686200
04/02/2015,11.92,12.03,11.77,11.93,11.93,10130400
05/02/2015,11.95,12.46,11.95,12.33,12.33,8843400
06/02/2015,12.41,12.41,12.04,12.15,12.15,7099800
09/02/2015,11.88,12.19,11.88,12.11,12.11,6385200
10/02/2015,12.27,12.52,12.19,12.43,12.43,6037800
11/02/2015,12.41,12.58,12.32,12.49,12.49,4506600
12/02/2015,12.54,12.79,12.38,12.74,12.74,4551600
13/02/2015,12.77,12.89,12.67,12.85,12.85,3327000
17/02/2015,12.9,12.9,12.46,12.48,12.48,4803600
18/02/2015,12.37,12.47,12.27,12.34,12.34,7068600
19/02/2015,12.32,12.37,12.17,12.25,12.25,5199000
20/02/2015,12.25,12.69,12.19,12.66,12.66,3935400
23/02/2015,12.57,12.65,12.36,12.59,12.59,4716000
24/02/2015,12.63,12.64,12.29,12.33,12.33,5199000
25/02/2015,12.34,12.52,12.34,12.44,12.44,3247800
26/02/2015,12.47,12.6,12.24,12.29,12.29,2937000
27/02/2015,12.28,12.49,12.21,12.37,12.37,2814000
02/03/2015,12.35,12.44,12.19,12.42,12.42,4962000
03/03/2015,12.35,12.5,12.24,12.48,12.48,2690400
04/03/2015,12.42,12.54,12.39,12.4,12.4,2403600
05/03/2015,12.45,12.53,12.31,12.41,12.41,2378400
06/03/2015,12.37,12.49,12.12,12.2,12.2,3223800
09/03/2015,12.2,12.3,11.98,12.01,12.01,4595400
10/03/2015,11.91,12.15,11.88,12.04,12.04,3025800
11/03/2015,12.12,12.22,11.99,12.0,12.0,2451600
12/03/2015,12.08,12.11,11.97,12.01,12.01,2530800
13/03/2015,11.95,12.09,11.65,11.78,11.78,3601200
16/03/2015,11.83,11.99,11.82,11.85,11.85,2329800
17/03/2015,11.83,11.96,11.66,11.73,11.73,3627600
18/03/2015,11.73,12.03,11.67,11.95,11.95,4542000
19/03/2015,11.98,12.08,11.92,11.98,11.98,2399400
20/03/2015,12.04,12.15,11.91,12.01,12.01,4519200
23/03/2015,11.98,12.33,11.98,12.02,12.02,3870000
24/03/2015,12.07,12.29,12.03,12.25,12.25,3463200
25/03/2015,12.26,12.31,12.09,12.1,12.1,3047400
26/03/2015,12.04,12.15,11.92,12.07,12.07,2028000
27/03/2015,12.09,12.2,12.0,12.11,12.11,3396600
30/03/2015,12.2,12.31,12.14,12.2,12.2,2529000
31/03/2015,12.19,12.4,12.1,12.15,12.15,3641400
01/04/2015,12.13,12.45,12.13,12.29,12.29,4486800
02/04/2015,12.39,12.66,12.31,12.35,12.35,4712400
06/04/2015,12.29,12.64,12.25,12.59,12.59,3784800
07/04/2015,12.55,12.81,12.53,12.7,12.7,3427200
08/04/2015,12.76,13.0,12.66,12.74,12.74,3630600
09/04/2015,12.72,12.85,12.68,12.76,12.76,1972200
10/04/2015,12.78,12.83,12.62,12.63,12.63,1740000
13/04/2015,12.64,12.72,12.45,12.46,12.46,1895400
14/04/2015,12.49,12.52,12.31,12.33,12.33,2473200
15/04/2015,11.99,12.17,11.87,12.03,12.03,7639200
16/04/2015,12.0,12.17,11.89,11.9,11.9,5018400
17/04/2015,11.76,11.93,11.7,11.88,11.88,4642200
20/04/2015,11.99,12.15,11.91,12.01,12.01,3046800
21/04/2015,12.09,12.1,11.98,12.08,12.08,2898600
22/04/2015,12.11,12.19,11.98,12.1,12.1,2578800
23/04/2015,12.12,12.65,12.12,12.6,12.6,3642600
24/04/2015,12.64,12.67,12.41,12.51,12.51,3244800
27/04/2015,12.57,12.66,12.47,12.52,12.52,3310200
28/04/2015,12.32,12.44,12.22,12.35,12.35,4413000
29/04/2015,12.26,12.38,12.21,12.33,12.33,2344800
30/04/2015,12.27,12.41,12.22,12.33,12.33,3028800
01/05/2015,12.35,12.59,12.29,12.53,12.53,3387000
04/05/2015,12.44,12.47,12.28,12.34,12.34,2581200
05/05/2015,12.33,12.4,12.22,12.27,12.27,2565000
06/05/2015,12.27,12.31,12.09,12.18,12.18,2983800
07/05/2015,12.26,12.38,12.16,12.3,12.3,3361200
08/05/2015,12.37,12.69,12.29,12.63,12.63,3240000
11/05/2015,12.63,12.68,12.51,12.59,12.59,2515800
12/05/2015,12.54,12.6,12.44,12.56,12.56,2066400
13/05/2015,12.55,12.61,12.02,12.03,12.03,4789800
14/05/2015,12.06,12.12,11.93,12.07,12.07,3883800
15/05/2015,12.07,12.09,12.02,12.05,12.05,2680200
18/05/2015,12.02,12.16,11.99,12.12,12.12,4459200
19/05/2015,12.09,12.41,12.0,12.19,12.19,4770000
20/05/2015,12.3,12.56,12.18,12.45,12.45,5761800
21/05/2015,12.41,12.47,12.23,12.39,12.39,4967400
22/05/2015,12.39,12.48,12.09,12.31,12.31,6291000
26/05/2015,12.25,12.3,11.85,12.04,12.04,7551000
27/05/2015,12.01,12.03,11.74,11.93,11.93,8032800
28/05/2015,11.95,12.25,11.85,11.87,11.87,12894600
29/05/2015,11.94,11.94,11.22,11.36,11.36,20628600
01/06/2015,11.42,11.57,11.37,11.39,11.39,9408000
02/06/2015,11.34,11.77,11.34,11.7,11.7,9392400
03/06/2015,11.78,11.99,11.71,11.95,11.95,6028200
04/06/2015,11.96,12.06,11.88,12.04,12.04,5586600
05/06/2015,12.05,12.42,11.98,12.4,12.4,7486800
08/06/2015,12.34,12.56,12.34,12.45,12.45,6322200
09/06/2015,12.48,12.62,12.4,12.52,12.52,4587600
10/06/2015,12.56,12.63,12.29,12.32,12.32,6693600
11/06/2015,12.33,12.38,12.06,12.19,12.19,4792800
12/06/2015,12.15,12.41,12.1,12.37,12.37,4700400
15/06/2015,12.3,12.39,12.19,12.33,12.33,3153600
16/06/2015,12.27,12.53,12.23,12.44,12.44,3896400
17/06/2015,12.43,12.56,12.33,12.39,12.39,3173400
18/06/2015,12.39,12.67,12.39,12.58,12.58,3288600
19/06/2015,12.6,12.74,12.53,12.59,12.59,4590600
22/06/2015,12.65,12.75,12.61,12.69,12.69,2963400
23/06/2015,12.66,12.7,12.5,12.59,12.59,2536200
24/06/2015,12.56,12.68,12.43,12.43,12.43,3126000
25/06/2015,12.48,12.48,12.27,12.31,12.31,3707400
26/06/2015,12.34,12.48,12.32,12.37,12.37,16239600
29/06/2015,12.33,12.47,12.04,12.05,12.05,6037800
30/06/2015,12.18,12.18,11.94,11.99,11.99,4387800
01/07/2015,12.05,12.35,12.04,12.33,12.33,3724200
02/07/2015,12.3,12.48,12.23,12.29,12.29,2694000
06/07/2015,12.19,12.3,12.0,12.03,12.03,2529000
07/07/2015,12.02,12.17,11.79,12.14,12.14,4166400
08/07/2015,12.07,12.19,11.79,11.89,11.89,3082200
09/07/2015,12.03,12.17,11.98,12.04,12.04,3017400
10/07/2015,12.15,12.24,12.06,12.18,12.18,2177400
13/07/2015,12.26,12.45,12.19,12.4,12.4,3965400
14/07/2015,12.4,12.43,12.29,12.34,12.34,2104800
15/07/2015,12.31,12.37,12.24,12.28,12.28,1868400
16/07/2015,12.36,12.36,12.08,12.14,12.14,4681800
17/07/2015,12.07,12.14,11.97,12.03,12.03,2605800
20/07/2015,12.0,12.06,11.88,11.91,11.91,2913000
21/07/2015,11.88,11.99,11.72,11.85,11.85,2835600
22/07/2015,11.78,12.08,11.78,11.97,11.97,2819400
23/07/2015,12.04,12.07,11.76,11.77,11.77,2277000
24/07/2015,11.74,11.89,11.61,11.65,11.65,3220200
27/07/2015,11.56,11.6,11.34,11.4,11.4,4530600
28/07/2015,11.52,11.61,11.34,11.45,11.45,4455600
29/07/2015,11.44,11.68,11.39,11.57,11.57,3715200
30/07/2015,11.54,11.97,11.52,11.93,11.93,8006400
31/07/2015,11.96,12.22,11.86,12.15,12.15,8924400
03/08/2015,12.12,12.28,11.84,11.93,11.93,5643600
04/08/2015,11.97,12.04,11.79,11.81,11.81,3864000
05/08/2015,11.91,12.16,11.85,11.96,11.96,3582600
06/08/2015,12.01,12.13,11.73,11.79,11.79,3125400
07/08/2015,11.72,11.79,11.52,11.6,11.6,4255800
10/08/2015,11.67,11.78,11.6,11.72,11.72,2638200
11/08/2015,11.58,11.65,11.37,11.43,11.43,3863400
12/08/2015,11.34,11.53,11.23,11.46,11.46,4915200
13/08/2015,11.44,11.68,11.4,11.61,11.61,3094200
14/08/2015,11.56,11.79,11.53,11.69,11.69,2391000
17/08/2015,11.64,11.8,11.52,11.76,11.76,2675400
18/08/2015,11.72,11.81,11.56,11.6,11.6,3588000
19/08/2015,11.54,11.61,11.46,11.48,11.48,2557200
20/08/2015,11.37,11.39,11.07,11.11,11.11,3522600
21/08/2015,10.97,10.99,10.67,10.74,10.74,4422000
24/08/2015,10.53,10.55,9.95,10.2,10.2,5765400
25/08/2015,10.44,10.45,10.07,10.08,10.08,4259400
26/08/2015,10.3,10.5,10.2,10.45,10.45,6071400
27/08/2015,10.56,10.81,10.52,10.72,10.72,4055400
28/08/2015,10.72,10.89,10.63,10.69,10.69,3133800
31/08/2015,10.66,10.85,10.6,10.73,10.73,4042200
01/09/2015,10.52,10.62,10.32,10.36,10.36,3573000
02/09/2015,10.44,10.62,10.39,10.57,10.57,3852600
03/09/2015,10.63,10.79,10.57,10.68,10.68,3632400
04/09/2015,10.52,10.62,10.38,10.45,10.45,2967600
08/09/2015,10.64,10.64,10.45,10.53,10.53,2742600
09/09/2015,10.59,10.64,10.16,10.19,10.19,3362400
10/09/2015,10.17,10.37,10.15,10.18,10.18,3315600
11/09/2015,10.11,10.12,9.94,10.11,10.11,3337200
14/09/2015,10.11,10.2,10.02,10.18,10.18,2971800
15/09/2015,10.2,10.52,10.11,10.47,10.47,4095000
16/09/2015,10.47,10.83,10.43,10.78,10.78,5892000
17/09/2015,10.72,10.79,10.55,10.58,10.58,4526400
18/09/2015,10.47,10.53,10.14,10.16,10.16,5190000
21/09/2015,10.23,10.39,10.09,10.15,10.15,4362000
22/09/2015,10.01,10.11,9.87,10.09,10.09,2586600
23/09/2015,10.11,10.15,9.8,9.82,9.82,2783400
24/09/2015,9.71,9.9,9.57,9.79,9.79,5822400
25/09/2015,9.92,9.98,9.7,9.71,9.71,4275600
28/09/2015,9.68,9.75,9.44,9.46,9.46,3537600
29/09/2015,9.47,9.78,9.38,9.61,9.61,4773600
30/09/2015,9.72,9.85,9.54,9.68,9.68,4223400
01/10/2015,9.65,9.71,9.55,9.68,9.68,2914200
02/10/2015,9.56,9.84,9.53,9.84,9.84,2713800
05/10/2015,9.91,10.18,9.86,10.11,10.11,2810400
06/10/2015,10.08,10.17,9.85,9.93,9.93,4055400
07/10/2015,9.94,10.11,9.8,10.1,10.1,3881400
08/10/2015,10.12,10.43,10.07,10.36,10.36,4001400
09/10/2015,10.34,10.35,10.12,10.18,10.18,3666000
12/10/2015,10.17,10.2,10.1,10.14,10.14,1836600
13/10/2015,10.06,10.25,10.02,10.11,10.11,3403200
14/10/2015,10.1,10.2,9.89,9.94,9.94,3823200
15/10/2015,9.98,10.02,9.8,9.91,9.91,2469600
16/10/2015,9.91,10.07,9.77,9.94,9.94,2821200
19/10/2015,9.95,10.25,9.93,10.23,10.23,4751400
20/10/2015,10.22,10.26,10.05,10.15,10.15,4323600
21/10/2015,10.21,10.21,9.91,9.93,9.93,3881400
22/10/2015,10.0,10.03,9.86,9.96,9.96,2459400
23/10/2015,10.0,10.0,9.26,9.3,9.3,9432000
26/10/2015,9.33,9.37,9.05,9.06,9.06,7769400
27/10/2015,8.69,8.78,8.32,8.46,8.46,11317800
28/10/2015,8.45,8.77,8.39,8.7,8.7,10110000
29/10/2015,8.66,8.79,8.48,8.66,8.66,8148600
30/10/2015,9.52,9.56,9.03,9.28,9.28,21271200
02/11/2015,9.27,9.44,9.04,9.38,9.38,6472800
03/11/2015,9.38,9.64,9.33,9.55,9.55,4542000
04/11/2015,9.51,9.6,9.05,9.2,9.2,8923800
05/11/2015,9.18,9.33,8.98,9.27,9.27,4464600
06/11/2015,9.21,9.26,9.01,9.2,9.2,4551600
09/11/2015,9.22,9.25,8.78,8.82,8.82,4723200
10/11/2015,8.79,8.86,8.48,8.74,8.74,9058800
11/11/2015,8.7,8.73,8.25,8.27,8.27,7548000
12/11/2015,8.27,8.53,8.2,8.31,8.31,5097000
13/11/2015,8.03,8.1,7.64,7.89,7.89,8739600
16/11/2015,7.87,7.99,7.7,7.89,7.89,5216400
17/11/2015,7.76,7.8,7.52,7.72,7.72,7405200
18/11/2015,7.79,8.32,7.68,8.31,8.31,11404200
19/11/2015,8.14,8.31,8.08,8.17,8.17,9097200
20/11/2015,8.28,8.52,8.25,8.33,8.33,5386200
23/11/2015,8.33,8.6,8.33,8.53,8.53,4912200
24/11/2015,8.46,8.63,8.4,8.47,8.47,4850400
25/11/2015,8.49,8.75,8.44,8.63,8.63,4933200
27/11/2015,8.6,8.6,8.23,8.35,8.35,4150800
30/11/2015,8.19,8.21,7.76,8.16,8.16,12957000
01/12/2015,8.17,8.28,8.05,8.15,8.15,5497800
02/12/2015,8.25,8.9,8.23,8.55,8.55,14680200
03/12/2015,8.57,8.66,8.19,8.28,8.28,8421600
04/12/2015,8.23,8.43,8.18,8.4,8.4,5791200
07/12/2015,8.35,8.55,8.25,8.44,8.44,6896400
08/12/2015,8.41,8.49,8.29,8.41,8.41,6700800
09/12/2015,8.35,8.65,8.35,8.44,8.44,6307800
10/12/2015,8.42,8.61,8.36,8.49,8.49,5776200
11/12/2015,8.37,8.45,8.25,8.4,8.4,5166600
14/12/2015,8.42,8.56,8.34,8.42,8.42,5483400
15/12/2015,8.33,8.38,8.16,8.29,8.29,16115400
16/12/2015,8.36,8.49,8.26,8.42,8.42,6362400
17/12/2015,8.45,8.46,8.19,8.22,8.22,6079800
18/12/2015,8.18,8.37,8.1,8.11,8.11,9591600
21/12/2015,8.12,8.23,7.78,7.91,7.91,8226000
22/12/2015,7.87,8.18,7.75,8.14,8.14,8030400
23/12/2015,8.18,8.3,8.08,8.28,8.28,4078800
24/12/2015,8.29,8.3,8.05,8.09,8.09,1815000
28/12/2015,8.09,8.17,7.92,8.07,8.07,3723600
29/12/2015,8.09,8.26,8.07,8.2,8.2,3238800
30/12/2015,8.21,8.23,7.95,7.97,7.97,3628200
31/12/2015,7.96,8.01,7.82,7.87,7.87,6573000
04/01/2016,7.68,7.89,7.51,7.86,7.86,7403400
05/01/2016,7.86,7.95,7.78,7.92,7.92,3906600
06/01/2016,7.76,7.89,7.51,7.69,7.69,7195200
07/01/2016,7.57,7.84,7.54,7.8,7.8,7128600
08/01/2016,7.8,7.89,7.37,7.38,7.38,9827400
11/01/2016,7.43,7.5,7.17,7.36,7.36,6597000
12/01/2016,7.45,7.57,7.09,7.29,7.29,6669000
13/01/2016,7.29,7.41,7.03,7.07,7.07,9049200
14/01/2016,7.07,7.18,6.79,7.1,7.1,8422800
15/01/2016,6.91,7.26,6.87,7.17,7.17,7604400
19/01/2016,7.24,7.32,6.89,7.05,7.05,7251000
20/01/2016,6.95,7.37,6.83,7.3,7.3,8050200
21/01/2016,7.28,7.63,7.24,7.52,7.52,8541600
22/01/2016,7.64,7.73,7.51,7.7,7.7,6714000
25/01/2016,7.61,7.68,7.48,7.52,7.52,4660200
26/01/2016,7.59,7.96,7.54,7.88,7.88,5625000
27/01/2016,7.79,7.94,7.62,7.69,7.69,4744200
28/01/2016,7.89,8.06,7.69,8.01,8.01,5641800
29/01/2016,8.03,8.33,8.03,8.24,8.24,6766200
01/02/2016,8.22,8.33,7.97,8.16,8.16,7812600
02/02/2016,8.19,8.37,8.13,8.29,8.29,7770000
03/02/2016,8.35,8.36,7.99,8.35,8.35,8286000
04/02/2016,8.25,8.27,7.85,8.13,8.13,15400200
05/02/2016,7.03,8.23,6.99,7.97,7.97,29412000
08/02/2016,7.86,8.04,7.72,7.97,7.97,8260200
09/02/2016,7.89,8.47,7.76,8.26,8.26,11730000
10/02/2016,8.31,8.52,8.17,8.22,8.22,6856200
11/02/2016,8.12,8.38,8.03,8.09,8.09,8543400
12/02/2016,8.21,8.31,8.02,8.26,8.26,7643400
16/02/2016,8.32,8.68,8.31,8.63,8.63,6100200
17/02/2016,8.69,8.85,8.62,8.8,8.8,6422400
18/02/2016,8.81,8.94,8.67,8.93,8.93,4709400
19/02/2016,8.86,8.87,8.54,8.83,8.83,3606600
22/02/2016,8.97,9.05,8.85,8.95,8.95,3963000
23/02/2016,8.89,9.14,8.85,8.92,8.92,4940400
24/02/2016,8.82,9.1,8.64,9.06,9.06,3934800
25/02/2016,9.11,9.4,9.03,9.33,9.33,6035400
26/02/2016,9.39,9.45,9.27,9.35,9.35,4116600
29/02/2016,9.36,9.57,9.31,9.43,9.43,5829000
01/03/2016,9.45,9.51,9.3,9.49,9.49,4835400
02/03/2016,9.44,9.72,9.4,9.65,9.65,4837200
03/03/2016,9.66,9.7,9.5,9.64,9.64,3657600
04/03/2016,9.6,9.83,9.57,9.62,9.62,5002200
07/03/2016,9.53,9.78,9.53,9.7,9.7,4158000
08/03/2016,9.69,9.8,9.54,9.55,9.55,4301400
09/03/2016,9.59,9.62,9.36,9.42,9.42,3638400
10/03/2016,9.47,9.56,9.31,9.41,9.41,3300000
11/03/2016,9.48,9.65,9.45,9.61,9.61,2809200
14/03/2016,9.55,9.6,9.36,9.43,9.43,3281400
15/03/2016,9.43,9.55,9.34,9.43,9.43,3112200
16/03/2016,9.42,9.48,9.23,9.24,9.24,4692600
17/03/2016,9.23,9.57,9.22,9.53,9.53,5222400
18/03/2016,9.59,10.11,9.53,10.09,10.09,11108400
21/03/2016,10.08,10.17,9.98,10.03,10.03,4400400
22/03/2016,9.95,9.97,9.81,9.88,9.88,2597400
23/03/2016,9.77,9.85,9.67,9.67,9.67,2867400
24/03/2016,9.64,9.65,9.41,9.56,9.56,2664600
28/03/2016,9.48,9.68,9.46,9.49,9.49,4237200
29/03/2016,9.51,9.8,9.46,9.73,9.73,3867000
30/03/2016,9.74,9.82,9.63,9.65,9.65,4041600
31/03/2016,9.69,10.15,9.69,9.98,9.98,7215600
01/04/2016,9.92,9.95,9.76,9.86,9.86,5359800
04/04/2016,9.87,9.9,9.75,9.79,9.79,3989400
05/04/2016,9.69,9.78,9.59,9.64,9.64,3362400
06/04/2016,9.65,9.89,9.54,9.88,9.88,3881400
07/04/2016,9.75,9.84,9.61,9.73,9.73,5938200
08/04/2016,9.72,9.76,9.26,9.29,9.29,4694400
11/04/2016,9.31,9.41,9.26,9.26,9.26,3232800
12/04/2016,9.26,9.4,9.11,9.35,9.35,4191600
13/04/2016,9.4,9.66,9.4,9.63,9.63,2270400
14/04/2016,9.65,9.72,9.5,9.62,9.62,2317800
15/04/2016,9.57,9.66,9.51,9.58,9.58,2462400
18/04/2016,9.55,9.7,9.51,9.64,9.64,2181600
19/04/2016,9.69,9.83,9.64,9.69,9.69,3951600
20/04/2016,9.78,9.98,9.72,9.73,9.73,4003200
21/04/2016,9.82,9.91,9.72,9.77,9.77,2190600
22/04/2016,9.84,9.99,9.68,9.81,9.81,3049200
25/04/2016,9.75,9.81,9.56,9.62,9.62,2520000
26/04/2016,9.66,9.84,9.64,9.78,9.78,2506200
27/04/2016,9.79,9.83,9.66,9.76,9.76,2526600
28/04/2016,9.7,9.88,9.68,9.7,9.7,2299200
29/04/2016,9.71,9.8,9.54,9.64,9.64,1801200
02/05/2016,9.63,9.8,9.56,9.77,9.77,2775000
03/05/2016,9.72,9.74,9.53,9.68,9.68,2161800
04/05/2016,9.64,9.7,9.5,9.6,9.6,2427000
05/05/2016,9.6,9.6,9.27,9.34,9.34,2881800
06/05/2016,9.31,9.42,9.16,9.39,9.39,1923600
09/05/2016,9.41,9.54,9.35,9.45,9.45,1773600
10/05/2016,9.4,9.46,9.28,9.41,9.41,2891400
11/05/2016,9.25,9.35,8.81,8.83,8.83,5297400
12/05/2016,8.85,8.94,8.75,8.88,8.88,4008600
13/05/2016,8.39,8.73,8.36,8.4,8.4,7751400
16/05/2016,8.34,8.46,8.33,8.36,8.36,3243600
17/05/2016,8.34,8.48,8.19,8.23,8.23,4551600
18/05/2016,8.18,8.29,8.04,8.2,8.2,4173000
19/05/2016,8.19,8.44,8.16,8.24,8.24,3470400
20/05/2016,8.23,8.41,8.23,8.38,8.38,3345600
23/05/2016,8.39,8.5,8.26,8.27,8.27,3330600
24/05/2016,8.23,8.47,8.07,8.15,8.15,7141800
25/05/2016,8.13,8.28,7.93,8.16,8.16,6993600
26/05/2016,8.2,8.3,8.02,8.21,8.21,11293800
27/05/2016,8.05,8.91,8.04,8.86,8.86,17793000
31/05/2016,8.87,8.9,8.66,8.77,8.77,7119000
01/06/2016,8.77,9.03,8.67,8.96,8.96,4695600
02/06/2016,8.89,9.03,8.89,9.02,9.02,2440200
03/06/2016,9.02,9.09,8.91,9.04,9.04,2355600
06/06/2016,9.05,9.1,9.0,9.07,9.07,1929600
07/06/2016,9.03,9.13,8.94,9.08,9.08,4360800
08/06/2016,9.04,9.23,9.01,9.18,9.18,3940200
09/06/2016,9.15,9.26,9.03,9.25,9.25,2968200
10/06/2016,9.16,9.26,9.07,9.11,9.11,2739600
13/06/2016,9.11,9.18,9.02,9.02,9.02,3598800
14/06/2016,8.93,9.12,8.93,9.04,9.04,2847600
15/06/2016,9.07,9.46,9.06,9.28,9.28,3664200
16/06/2016,9.24,9.28,9.11,9.26,9.26,2017200
17/06/2016,9.29,9.5,9.27,9.45,9.45,3696000
20/06/2016,9.57,9.74,9.56,9.58,9.58,1950000
21/06/2016,9.57,9.7,9.54,9.65,9.65,3610800
22/06/2016,9.65,9.76,9.55,9.56,9.56,2208600
23/06/2016,9.66,9.69,9.57,9.64,9.64,2623800
24/06/2016,9.26,9.42,9.24,9.31,9.31,6251400
27/06/2016,9.2,9.21,8.9,8.95,8.95,3382200
28/06/2016,9.04,9.21,8.99,9.16,9.16,2527800
29/06/2016,9.3,9.55,9.25,9.5,9.5,2581800
30/06/2016,9.58,9.59,9.26,9.59,9.59,3250200
01/07/2016,9.56,9.7,9.53,9.65,9.65,2621400
05/07/2016,9.64,9.66,9.4,9.5,9.5,1662600
06/07/2016,9.47,9.63,9.4,9.6,9.6,1945800
07/07/2016,9.6,9.75,9.56,9.65,9.65,1763400
08/07/2016,9.77,9.98,9.72,9.96,9.96,2560200
11/07/2016,10.0,10.15,9.99,10.1,10.1,2574000
12/07/2016,10.1,10.45,10.09,10.41,10.41,2549400
13/07/2016,10.43,10.48,10.23,10.32,10.32,1610400
14/07/2016,10.43,10.48,10.38,10.42,10.42,1738200
15/07/2016,10.47,10.47,10.35,10.37,10.37,2038200
18/07/2016,10.41,10.5,10.34,10.39,10.39,2250600
19/07/2016,10.38,10.4,10.28,10.33,10.33,1340400
20/07/2016,10.34,10.57,10.28,10.55,10.55,1654200
21/07/2016,10.53,10.58,10.37,10.41,10.41,1672200
22/07/2016,10.16,10.24,10.07,10.11,10.11,4512600
25/07/2016,10.11,10.17,10.05,10.12,10.12,2377800
26/07/2016,10.15,10.35,10.03,10.28,10.28,3596400
27/07/2016,10.36,10.66,10.32,10.62,10.62,5281200
28/07/2016,10.57,10.58,10.33,10.57,10.57,5358600
29/07/2016,11.1,11.53,10.6,11.0,11.0,9220800
01/08/2016,11.0,11.05,10.77,10.97,10.97,3466800
02/08/2016,10.97,10.98,10.4,10.41,10.41,3942600
03/08/2016,10.16,10.47,10.06,10.43,10.43,2319000
04/08/2016,10.45,10.63,10.45,10.48,10.48,2014800
05/08/2016,10.51,10.74,10.51,10.7,10.7,1690800
08/08/2016,10.71,10.81,10.57,10.62,10.62,1345200
09/08/2016,10.58,10.59,10.44,10.51,10.51,1265400
10/08/2016,10.54,10.67,10.54,10.58,10.58,2231400
11/08/2016,10.73,11.11,10.65,11.05,11.05,4291200
12/08/2016,11.05,11.27,10.98,11.17,11.17,4125000
15/08/2016,11.52,11.66,11.27,11.43,11.43,5132400
16/08/2016,11.38,11.46,11.31,11.35,11.35,1786200
17/08/2016,11.31,11.36,11.19,11.27,11.27,2931600
18/08/2016,11.29,11.35,11.16,11.28,11.28,1638600
19/08/2016,11.28,11.45,11.28,11.4,11.4,2061600
22/08/2016,11.4,11.46,11.24,11.31,11.31,1779000
23/08/2016,11.38,11.45,11.3,11.43,11.43,2296800
24/08/2016,11.39,11.42,11.24,11.28,11.28,1880400
25/08/2016,11.27,11.31,11.06,11.15,11.15,1462200
26/08/2016,11.16,11.26,11.06,11.16,11.16,1535400
29/08/2016,11.19,11.22,11.11,11.14,11.14,1358400
30/08/2016,11.07,11.1,10.82,10.88,10.88,2041200
31/08/2016,10.91,11.1,10.73,10.89,10.89,2806200
01/09/2016,10.91,10.91,10.6,10.67,10.67,3243600
02/09/2016,10.68,10.69,10.5,10.53,10.53,2293200
06/09/2016,10.49,10.6,10.1,10.2,10.2,4807800
07/09/2016,10.22,10.34,10.12,10.33,10.33,3404400
08/09/2016,10.26,10.3,9.96,10.02,10.02,2920200
09/09/2016,9.98,10.05,9.73,9.73,9.73,3564000
12/09/2016,9.65,9.9,9.58,9.9,9.9,2704200
13/09/2016,9.8,9.89,9.65,9.75,9.75,2758200
14/09/2016,9.75,9.81,9.59,9.64,9.64,2962800
15/09/2016,9.61,10.01,9.59,10.0,10.0,3314400
16/09/2016,9.97,10.13,9.91,10.11,10.11,5201400
19/09/2016,10.14,10.3,10.13,10.19,10.19,4243200
20/09/2016,10.26,10.3,10.17,10.27,10.27,2667000
21/09/2016,10.23,10.45,10.23,10.44,10.44,3147600
22/09/2016,10.56,10.64,10.47,10.54,10.54,4449600
23/09/2016,10.5,10.6,10.37,10.38,10.38,1825800
26/09/2016,10.34,10.34,10.1,10.11,10.11,1651800
27/09/2016,10.12,10.26,10.05,10.23,10.23,1807200
28/09/2016,10.19,10.31,10.09,10.15,10.15,1650000
29/09/2016,10.16,10.23,9.88,9.88,9.88,5803800
30/09/2016,9.86,9.99,9.83,9.93,9.93,3088200
03/10/2016,9.9,9.94,9.73,9.82,9.82,3237600
04/10/2016,9.8,9.88,9.76,9.87,9.87,2770800
05/10/2016,9.91,10.16,9.88,10.14,10.14,2315400
06/10/2016,10.15,10.26,10.08,10.21,10.21,2511000
07/10/2016,10.25,10.41,10.2,10.31,10.31,3322800
10/10/2016,10.34,10.52,10.34,10.4,10.4,2584800
11/10/2016,10.34,10.45,10.11,10.16,10.16,2754600
12/10/2016,10.18,10.26,10.09,10.16,10.16,2534400
13/10/2016,9.23,9.65,9.22,9.49,9.49,10805400
14/10/2016,9.49,9.54,9.28,9.42,9.42,3424800
17/10/2016,9.42,9.47,9.31,9.32,9.32,2805000
18/10/2016,9.32,9.48,9.21,9.37,9.37,2897400
19/10/2016,9.41,9.62,9.31,9.58,9.58,2963400
20/10/2016,9.53,9.53,9.3,9.48,9.48,3293400
21/10/2016,9.21,9.33,9.02,9.02,9.02,7003200
24/10/2016,9.02,9.15,8.79,8.91,8.91,10442400
25/10/2016,8.79,8.9,8.64,8.78,8.78,6148200
26/10/2016,8.66,8.91,8.59,8.61,8.61,7905000
27/10/2016,8.61,8.68,8.36,8.46,8.46,12538200
28/10/2016,8.67,9.31,8.67,9.06,9.06,14517600
31/10/2016,9.06,9.06,8.61,8.7,8.7,6586200
01/11/2016,8.7,8.76,8.36,8.52,8.52,5175000
02/11/2016,8.52,8.71,8.45,8.53,8.53,4858800
03/11/2016,8.61,8.61,8.47,8.54,8.54,3172800
04/11/2016,8.59,8.92,8.5,8.71,8.71,3703200
07/11/2016,8.9,8.93,8.8,8.87,8.87,4173000
08/11/2016,8.85,8.98,8.75,8.92,8.92,3141000
09/11/2016,8.71,9.24,8.67,9.16,9.16,4434600
10/11/2016,9.26,9.63,9.22,9.56,9.56,7924800
11/11/2016,9.75,10.19,9.64,10.03,10.03,8425800
14/11/2016,10.18,10.41,9.98,10.23,10.23,4461000
15/11/2016,10.2,10.32,9.94,10.12,10.12,2359800
16/11/2016,10.05,10.21,10.0,10.15,10.15,2760600
17/11/2016,10.22,10.43,10.1,10.42,10.42,2866200
18/11/2016,10.4,10.41,10.17,10.23,10.23,4383600
21/11/2016,10.28,10.35,10.19,10.31,10.31,2346000
22/11/2016,10.39,10.79,10.34,10.78,10.78,4683600
23/11/2016,10.65,10.84,10.61,10.8,10.8,2883600
25/11/2016,10.8,10.84,10.61,10.64,10.64,1105200
28/11/2016,10.65,10.71,10.35,10.41,10.41,3252000
29/11/2016,10.38,10.38,9.83,9.9,9.9,5817600
30/11/2016,9.97,10.17,9.88,9.91,9.91,4575000
01/12/2016,10.06,10.14,9.93,10.07,10.07,4501800
02/12/2016,10.0,10.29,9.81,10.22,10.22,4032600
05/12/2016,10.27,10.59,10.22,10.54,10.54,3366000
06/12/2016,10.54,10.56,10.31,10.53,10.53,2758800
07/12/2016,10.44,10.44,10.18,10.28,10.28,6820200
08/12/2016,10.39,10.48,10.28,10.39,10.39,6389400
09/12/2016,10.41,10.45,10.29,10.33,10.33,3390000
12/12/2016,10.27,10.32,9.88,10.02,10.02,4755600
13/12/2016,10.1,10.17,9.94,9.98,9.98,3498600
14/12/2016,9.97,10.1,9.9,9.99,9.99,3145800
15/12/2016,10.06,10.11,9.63,9.68,9.68,4282200
16/12/2016,9.72,9.72,9.0,9.03,9.03,13965000
19/12/2016,9.07,9.19,8.89,8.96,8.96,5157000
20/12/2016,8.99,9.05,8.87,8.93,8.93,5608800
21/12/2016,8.89,9.02,8.89,8.98,8.98,2515800
22/12/2016,8.94,8.98,8.74,8.77,8.77,3295800
23/12/2016,8.8,8.96,8.8,8.9,8.9,2604000
27/12/2016,8.88,9.33,8.88,9.17,9.17,7512000
28/12/2016,9.18,9.25,8.99,9.1,9.1,3604200
29/12/2016,9.15,9.34,9.11,9.22,9.22,2652000
30/12/2016,9.22,9.34,9.1,9.23,9.23,4561200
03/01/2017,9.38,9.78,9.37,9.59,9.59,6966000
04/01/2017,9.61,9.86,9.61,9.69,9.69,5491800
05/01/2017,9.57,9.74,9.49,9.64,9.64,4554000
06/01/2017,9.65,9.67,9.48,9.56,9.56,3282600
09/01/2017,9.55,9.77,9.49,9.72,9.72,4744200
10/01/2017,9.82,10.0,9.8,9.95,9.95,7377000
11/01/2017,9.93,9.95,9.74,9.77,9.77,3911400
12/01/2017,9.72,9.74,9.57,9.63,9.63,3606000
13/01/2017,9.72,9.91,9.7,9.74,9.74,4231800
17/01/2017,9.83,10.2,9.74,9.83,9.83,6166200
18/01/2017,10.22,10.22,9.91,10.16,10.16,9772800
19/01/2017,10.2,10.21,9.89,9.92,9.92,2956800
20/01/2017,9.94,10.05,9.89,9.95,9.95,3199800
23/01/2017,9.83,10.01,9.73,9.95,9.95,2901000
24/01/2017,9.99,10.16,9.94,10.1,10.1,4504200
25/01/2017,10.17,10.25,10.08,10.12,10.12,2704200
26/01/2017,10.13,10.22,10.04,10.1,10.1,4630800
27/01/2017,10.14,10.14,9.76,9.78,9.78,4095600
30/01/2017,9.67,9.67,9.41,9.56,9.56,6728400
31/01/2017,9.3,9.65,9.23,9.6,9.6,5703000
01/02/2017,9.52,9.6,9.4,9.48,9.48,6636600
02/02/2017,9.46,9.47,9.15,9.26,9.26,12690600
03/02/2017,7.6,7.92,7.5,7.77,7.77,55857000
06/02/2017,7.66,7.77,7.6,7.7,7.7,14692800
07/02/2017,7.72,7.75,7.49,7.5,7.5,10240200
08/02/2017,7.49,8.27,7.33,8.17,8.17,43192800
09/02/2017,8.31,8.82,8.3,8.71,8.71,26014200
10/02/2017,8.73,8.87,8.63,8.68,8.68,11227800
13/02/2017,8.76,8.76,8.57,8.6,8.6,8107800
14/02/2017,8.59,8.93,8.54,8.75,8.75,10216200
15/02/2017,8.75,8.85,8.72,8.78,8.78,4211400
16/02/2017,8.8,8.84,8.73,8.79,8.79,5592000
17/02/2017,8.74,8.9,8.69,8.74,8.74,6373800
21/02/2017,8.78,8.82,8.63,8.69,8.69,4855800
22/02/2017,8.71,8.77,8.66,8.75,8.75,4894800
23/02/2017,8.8,8.82,8.67,8.69,8.69,7462200
24/02/2017,8.69,8.97,8.69,8.93,8.93,4761600
27/02/2017,8.89,9.03,8.87,8.97,8.97,3208800
28/02/2017,8.93,8.95,8.77,8.81,8.81,5584200
01/03/2017,8.91,9.03,8.82,8.95,8.95,4228800
02/03/2017,8.94,9.02,8.88,8.93,8.93,4774200
03/03/2017,9.0,9.14,8.97,9.13,9.13,5583600
06/03/2017,9.13,9.13,8.92,9.03,9.03,3419400
07/03/2017,8.97,9.09,8.87,9.0,9.0,3641400
08/03/2017,9.0,9.16,9.0,9.09,9.09,3703800
09/03/2017,9.05,9.1,8.95,8.96,8.96,2983200
10/03/2017,9.01,9.1,8.96,9.02,9.02,3274800
13/03/2017,9.02,9.06,8.96,9.05,9.05,2226600
14/03/2017,9.05,9.12,8.95,8.97,8.97,3779400
15/03/2017,9.03,9.09,8.95,9.06,9.06,3088800
16/03/2017,9.05,9.12,9.02,9.06,9.06,3405600
17/03/2017,9.11,9.14,9.02,9.1,9.1,4312800
20/03/2017,9.08,9.09,8.98,9.07,9.07,2605800
21/03/2017,9.12,9.13,8.81,8.91,8.91,3733200
22/03/2017,8.8,9.03,8.76,9.03,9.03,4838400
23/03/2017,9.05,9.32,9.0,9.25,9.25,6538200
24/03/2017,9.27,9.42,9.22,9.38,9.38,5531400
27/03/2017,9.25,9.46,9.16,9.42,9.42,3384600
28/03/2017,9.52,9.84,9.5,9.77,9.77,7467000
29/03/2017,9.72,9.97,9.71,9.92,9.92,4777800
30/03/2017,9.81,9.99,9.76,9.95,9.95,4629600
31/03/2017,9.99,10.04,9.92,9.95,9.95,4492200
03/04/2017,10.01,10.02,9.67,9.68,9.68,4250400
04/04/2017,9.6,9.62,9.39,9.46,9.46,2989200
05/04/2017,9.56,9.56,9.37,9.43,9.43,4632600
06/04/2017,9.48,9.61,9.32,9.32,9.32,5497200
07/04/2017,9.26,9.35,9.22,9.3,9.3,4157400
10/04/2017,9.31,9.41,9.24,9.32,9.32,3934800
11/04/2017,9.3,9.57,9.29,9.55,9.55,7791000
12/04/2017,9.56,9.6,9.43,9.46,9.46,3836400
13/04/2017,9.47,9.7,9.3,9.34,9.34,2288400
17/04/2017,9.33,9.57,9.3,9.56,9.56,2930400
18/04/2017,9.48,9.6,9.44,9.55,9.55,2894400
19/04/2017,9.58,9.73,9.57,9.6,9.6,3474600
20/04/2017,9.68,9.76,9.63,9.72,9.72,1758000
21/04/2017,9.69,9.77,9.62,9.65,9.65,1955400
24/04/2017,9.8,9.83,9.66,9.72,9.72,1898400
25/04/2017,9.79,9.88,9.72,9.79,9.79,2663400
26/04/2017,10.07,10.36,9.99,10.09,10.09,11058000
27/04/2017,10.1,10.16,10.05,10.07,10.07,3518400
28/04/2017,10.08,10.13,9.92,9.93,9.93,3678000
01/05/2017,9.98,9.98,9.85,9.87,9.87,2668800
02/05/2017,9.94,10.1,9.85,10.02,10.02,2739000
03/05/2017,10.03,10.05,9.89,10.0,10.0,2002800
04/05/2017,10.01,10.12,9.93,10.09,10.09,2869800
05/05/2017,10.14,10.2,10.05,10.12,10.12,2404200
08/05/2017,10.19,10.25,9.96,9.96,9.96,2232600
09/05/2017,10.03,10.2,10.0,10.14,10.14,3494400
10/05/2017,10.09,10.19,10.03,10.13,10.13,2536200
11/05/2017,10.09,10.18,9.91,10.06,10.06,3510000
12/05/2017,10.04,10.04,9.8,9.92,9.92,2395800
15/05/2017,9.93,10.02,9.91,9.96,9.96,1488600
16/05/2017,9.97,9.98,9.79,9.81,9.81,2808600
17/05/2017,9.81,9.81,9.57,9.7,9.7,3550200
18/05/2017,9.74,9.8,9.65,9.72,9.72,1965600
19/05/2017,9.7,9.94,9.6,9.84,9.84,3241800
22/05/2017,9.82,10.04,9.79,9.89,9.89,3560400
23/05/2017,9.96,9.99,9.63,9.71,9.71,2847000
24/05/2017,9.72,9.78,9.6,9.68,9.68,3606600
25/05/2017,9.79,9.79,9.41,9.43,9.43,8354400
26/05/2017,10.9,11.38,10.61,11.2,11.2,41013000
30/05/2017,11.27,11.48,11.2,11.32,11.32,8084400
31/05/2017,11.33,11.69,11.27,11.56,11.56,7297200
01/06/2017,11.6,11.84,11.49,11.83,11.83,5482200
02/06/2017,11.87,11.96,11.64,11.85,11.85,4268400
05/06/2017,11.82,12.03,11.79,11.99,11.99,4192800
06/06/2017,11.94,12.12,11.71,11.72,11.72,5223000
07/06/2017,11.76,11.85,11.64,11.75,11.75,3757200
08/06/2017,11.62,11.74,11.47,11.54,11.54,3404400
09/06/2017,11.56,11.81,11.55,11.67,11.67,4479000
12/06/2017,11.68,11.76,11.58,11.65,11.65,4062600
13/06/2017,11.72,11.73,11.52,11.55,11.55,3582600
14/06/2017,11.61,11.61,11.44,11.51,11.51,4575600
15/06/2017,11.44,11.56,11.41,11.46,11.46,2361600
16/06/2017,11.37,11.5,11.35,11.45,11.45,2993400
19/06/2017,11.51,11.52,11.31,11.35,11.35,2596800
20/06/2017,11.36,11.36,11.01,11.06,11.06,2133000
21/06/2017,11.07,11.18,11.03,11.06,11.06,2161200
22/06/2017,11.1,11.3,10.99,11.17,11.17,2325600
23/06/2017,11.17,11.26,11.08,11.23,11.23,3120600
26/06/2017,11.23,11.24,11.11,11.16,11.16,3184200
27/06/2017,11.17,11.37,11.15,11.29,11.29,3567600
28/06/2017,11.17,11.41,11.13,11.3,11.3,2365800
29/06/2017,11.31,11.47,11.22,11.32,11.32,2640600
30/06/2017,11.38,11.54,11.35,11.38,11.38,2304600
03/07/2017,11.41,11.64,11.37,11.57,11.57,1010400
05/07/2017,11.55,11.56,11.27,11.28,11.28,1709400
06/07/2017,11.23,11.29,11.04,11.07,11.07,3465000
07/07/2017,11.12,11.23,11.06,11.16,11.16,2033400
10/07/2017,11.14,11.23,11.02,11.19,11.19,1616400
11/07/2017,11.2,11.26,11.03,11.06,11.06,2491800
12/07/2017,11.15,11.18,10.81,10.91,10.91,3640200
13/07/2017,10.96,11.06,10.87,10.89,10.89,2121000
14/07/2017,10.9,10.95,10.83,10.84,10.84,1655400
17/07/2017,10.87,11.08,10.8,10.97,10.97,2016600
18/07/2017,10.97,11.03,10.81,11.01,11.01,2075400
19/07/2017,11.08,11.12,11.0,11.01,11.01,2407200
20/07/2017,11.03,11.03,10.88,10.97,10.97,2926200
21/07/2017,11.16,11.16,10.91,11.05,11.05,2046000
24/07/2017,10.94,10.97,10.46,10.49,10.49,5319000
25/07/2017,10.54,10.97,10.46,10.91,10.91,3872400
26/07/2017,10.91,10.93,10.62,10.62,10.62,2687400
27/07/2017,10.65,10.78,10.54,10.73,10.73,4936200
28/07/2017,10.65,11.04,10.56,10.91,10.91,5109000
31/07/2017,10.91,10.97,10.69,10.81,10.81,4659600
01/08/2017,10.85,10.98,10.62,10.96,10.96,3857400
02/08/2017,10.94,10.99,10.64,10.65,10.65,1902600
03/08/2017,10.64,10.86,10.64,10.74,10.74,1568400
04/08/2017,10.77,10.83,10.66,10.68,10.68,1520400
07/08/2017,10.7,10.85,10.69,10.79,10.79,2434200
08/08/2017,10.96,11.1,10.84,10.96,10.96,2493600
09/08/2017,10.83,10.85,10.66,10.74,10.74,2331000
10/08/2017,10.68,10.72,10.58,10.64,10.64,2080200
11/08/2017,10.59,10.92,10.59,10.77,10.77,2785800
14/08/2017,10.87,10.91,10.65,10.82,10.82,2125800
15/08/2017,10.74,10.83,10.54,10.73,10.73,2468400
16/08/2017,10.81,10.92,10.69,10.8,10.8,2729400
17/08/2017,10.72,10.76,10.56,10.59,10.59,2572200
18/08/2017,10.48,10.65,10.46,10.59,10.59,2727000
21/08/2017,10.59,10.59,10.36,10.39,10.39,2005800
22/08/2017,10.47,10.47,10.23,10.32,10.32,1942800
23/08/2017,10.28,10.38,10.23,10.27,10.27,1481400
24/08/2017,10.37,10.51,10.28,10.42,10.42,1218000
25/08/2017,10.44,10.61,10.43,10.59,10.59,2217000
28/08/2017,10.59,10.7,10.49,10.67,10.67,3294000
29/08/2017,10.55,10.59,10.27,10.4,10.4,2382000
30/08/2017,10.4,10.49,10.29,10.47,10.47,1742400
31/08/2017,10.47,10.68,10.44,10.65,10.65,2623200
01/09/2017,10.69,10.99,10.68,10.93,10.93,2530800
05/09/2017,10.92,10.98,10.53,10.57,10.57,2413200
06/09/2017,10.6,10.78,10.57,10.74,10.74,2726400
07/09/2017,10.76,10.8,10.63,10.79,10.79,1801200
08/09/2017,10.76,10.84,10.61,10.77,10.77,1713000
11/09/2017,10.81,10.85,10.66,10.7,10.7,1358400
12/09/2017,10.72,10.75,10.54,10.58,10.58,1842000
13/09/2017,10.59,10.81,10.54,10.77,10.77,3246000
14/09/2017,10.75,10.75,10.35,10.41,10.41,2220000
15/09/2017,10.4,10.65,10.34,10.63,10.63,2254200
18/09/2017,10.65,10.66,10.42,10.47,10.47,1346400
19/09/2017,10.51,10.66,10.49,10.61,10.61,1603800
20/09/2017,10.59,10.66,10.48,10.59,10.59,1444200
21/09/2017,10.58,10.64,10.51,10.52,10.52,866400
22/09/2017,10.49,10.65,10.48,10.59,10.59,1002000
25/09/2017,10.57,10.81,10.57,10.75,10.75,1965600
26/09/2017,10.77,11.09,10.71,11.06,11.06,2688600
27/09/2017,11.08,11.28,11.08,11.23,11.23,3402000
28/09/2017,11.22,11.31,11.18,11.19,11.19,1544400
29/09/2017,11.21,11.43,11.15,11.4,11.4,3122400
02/10/2017,11.42,11.52,11.26,11.5,11.5,2247600
03/10/2017,11.52,11.53,11.36,11.47,11.47,1903200
04/10/2017,11.5,11.66,11.42,11.54,11.54,2468400
05/10/2017,11.64,11.92,11.51,11.7,11.7,6303000
06/10/2017,11.73,11.88,11.62,11.88,11.88,2640600
09/10/2017,11.86,11.96,11.77,11.83,11.83,3221400
10/10/2017,11.89,12.02,11.87,11.94,11.94,2226000
11/10/2017,11.88,11.93,11.54,11.54,11.54,3834600
12/10/2017,11.51,11.51,10.92,10.97,10.97,5622600
13/10/2017,10.99,11.11,10.93,10.97,10.97,3860400
16/10/2017,10.76,10.79,10.56,10.77,10.77,8853600
17/10/2017,10.82,11.05,10.82,10.89,10.89,3660000
18/10/2017,10.9,11.14,10.73,10.99,10.99,5173200
19/10/2017,10.92,10.94,10.78,10.8,10.8,2389200
20/10/2017,10.95,11.17,10.94,11.02,11.02,2584800
23/10/2017,11.02,11.18,10.91,10.96,10.96,3111600
24/10/2017,10.98,11.26,10.98,11.2,11.2,4114800
25/10/2017,11.15,11.48,11.12,11.45,11.45,2861400
26/10/2017,11.44,11.8,11.43,11.69,11.69,6543000
27/10/2017,11.98,12.24,11.46,12.08,12.08,13537800
30/10/2017,12.08,12.08,11.71,11.77,11.77,5341800
31/10/2017,11.82,11.85,11.28,11.37,11.37,6004800
01/11/2017,11.44,11.56,11.32,11.48,11.48,4825800
02/11/2017,11.48,11.51,11.32,11.41,11.41,3517200
03/11/2017,11.42,11.42,11.01,11.02,11.02,3505800
06/11/2017,10.98,11.05,10.81,10.86,10.86,4348800
07/11/2017,10.87,10.91,10.55,10.76,10.76,4344000
08/11/2017,10.69,11.02,10.67,10.98,10.98,3144000
09/11/2017,10.95,11.12,10.89,11.08,11.08,2680800
10/11/2017,11.08,11.48,11.08,11.41,11.41,3060600
13/11/2017,11.4,11.56,11.39,11.54,11.54,3905400
14/11/2017,11.46,11.7,11.46,11.61,11.61,2871600
15/11/2017,11.56,11.59,11.39,11.41,11.41,4181400
16/11/2017,11.44,11.83,11.44,11.68,11.68,2844600
17/11/2017,11.77,11.97,11.74,11.89,11.89,4707600
20/11/2017,11.94,12.15,11.94,12.09,12.09,4681800
21/11/2017,12.05,12.27,11.94,12.18,12.18,4353000
22/11/2017,12.19,12.57,12.18,12.39,12.39,4371600
24/11/2017,12.4,12.42,12.22,12.32,12.32,1482000
27/11/2017,12.4,12.5,12.06,12.07,12.07,4078800
28/11/2017,12.07,12.14,11.92,12.12,12.12,3486600
29/11/2017,12.16,12.55,12.16,12.5,12.5,5670000
30/11/2017,12.51,12.6,12.32,12.45,12.45,4771800
01/12/2017,12.41,12.45,12.11,12.45,12.45,3911400
04/12/2017,12.7,12.96,12.58,12.83,12.83,4527000
05/12/2017,12.89,12.9,12.38,12.4,12.4,3094800
06/12/2017,12.45,12.69,12.38,12.63,12.63,3136800
07/12/2017,12.68,12.86,12.58,12.71,12.71,2865000
08/12/2017,12.79,13.06,12.72,12.95,12.95,2656800
11/12/2017,12.94,12.95,12.64,12.84,12.84,2592000
12/12/2017,12.9,13.01,12.81,12.85,12.85,5911200
13/12/2017,12.82,13.12,12.82,13.06,13.06,5365200
14/12/2017,13.07,13.13,12.32,12.36,12.36,7788000
15/12/2017,12.4,12.75,12.4,12.66,12.66,4777800
18/12/2017,12.79,12.92,12.72,12.85,12.85,2197800
19/12/2017,13.06,13.46,12.99,13.21,13.21,5082600
20/12/2017,13.28,13.28,13.05,13.17,13.17,2231400
21/12/2017,13.27,13.27,13.12,13.2,13.2,1597800
22/12/2017,13.11,13.25,13.06,13.21,13.21,1902600
26/12/2017,13.24,13.41,13.2,13.3,13.3,1821600
27/12/2017,13.31,13.43,13.24,13.31,13.31,1553400
28/12/2017,13.35,13.49,13.32,13.34,13.34,885000
29/12/2017,13.4,13.49,13.35,13.38,13.38,1858800
02/01/2018,13.19,13.45,12.99,13.38,13.38,3113400
03/01/2018,13.33,13.41,13.14,13.23,13.23,3072600
04/01/2018,13.23,13.23,12.99,13.16,13.16,2692200
05/01/2018,13.19,13.22,13.01,13.16,13.16,2197200
08/01/2018,13.29,13.64,13.16,13.49,13.49,3238800
09/01/2018,13.47,13.58,13.32,13.33,13.33,3189000
10/01/2018,13.28,13.49,13.27,13.43,13.43,2344200
11/01/2018,13.45,13.64,13.35,13.62,13.62,1347600
12/01/2018,13.65,13.85,13.57,13.82,13.82,1702800
16/01/2018,13.88,13.98,13.62,13.71,13.71,2677800
17/01/2018,13.97,14.03,13.83,13.91,13.91,2872800
18/01/2018,13.86,14.02,13.83,13.92,13.92,3804000
19/01/2018,13.9,14.29,13.9,14.23,14.23,7452600
22/01/2018,14.21,14.42,14.17,14.39,14.39,5592000
23/01/2018,14.38,14.74,14.29,14.68,14.68,5764200
24/01/2018,14.73,14.77,14.4,14.43,14.43,4611600
25/01/2018,14.52,14.71,14.37,14.65,14.65,3122400
26/01/2018,14.77,14.88,14.6,14.74,14.74,2301000
29/01/2018,14.82,14.96,14.72,14.73,14.73,2379600
30/01/2018,14.69,14.8,14.37,14.54,14.54,3737400
31/01/2018,14.53,14.65,14.13,14.28,14.28,4915200
01/02/2018,14.16,14.71,14.05,14.54,14.54,6329400
02/02/2018,15.76,16.44,14.98,15.6,15.6,16715400
05/02/2018,15.59,16.13,15.48,15.82,15.82,10626000
06/02/2018,15.44,15.91,15.31,15.83,15.83,10711800
07/02/2018,15.85,16.3,15.81,15.95,15.95,5815200
08/02/2018,15.89,15.94,15.09,15.11,15.11,9918000
09/02/2018,15.27,15.67,15.02,15.54,15.54,8424000
12/02/2018,15.57,15.8,15.5,15.67,15.67,6219000
13/02/2018,15.64,15.86,15.54,15.72,15.72,4440000
14/02/2018,15.57,16.02,15.52,15.92,15.92,4561200
15/02/2018,15.97,16.02,15.56,16.0,16.0,3346800
16/02/2018,15.83,15.99,15.73,15.77,15.77,3608400
20/02/2018,15.67,15.91,15.35,15.83,15.83,6583200
21/02/2018,15.9,16.31,15.9,16.0,16.0,6523800
22/02/2018,16.05,16.12,15.88,15.93,15.93,4780200
23/02/2018,16.02,16.08,15.87,16.0,16.0,4237800
26/02/2018,16.0,16.12,15.84,16.02,16.02,5261400
27/02/2018,16.09,16.4,15.8,15.92,15.92,3757200
28/02/2018,15.97,16.11,15.74,15.76,15.76,3872400
01/03/2018,15.74,15.84,15.29,15.78,15.78,6469800
02/03/2018,15.62,16.02,15.45,15.98,15.98,3268800
05/03/2018,15.96,16.13,15.71,15.78,15.78,5356200
06/03/2018,15.83,16.45,15.62,16.38,16.38,5767200
07/03/2018,16.22,16.49,16.09,16.3,16.3,14035200
08/03/2018,16.38,16.38,15.84,15.89,15.89,3174600
09/03/2018,15.99,16.31,15.98,16.25,16.25,5736600
12/03/2018,15.92,15.95,14.6,15.05,15.05,13555800
13/03/2018,15.07,15.46,15.0,15.15,15.15,8223600
14/03/2018,15.22,15.35,14.99,15.08,15.08,3814800
15/03/2018,15.13,15.23,15.0,15.15,15.15,7795200
16/03/2018,15.19,15.73,15.19,15.41,15.41,7568400
19/03/2018,15.31,15.45,15.05,15.34,15.34,4575000
20/03/2018,15.33,15.4,15.17,15.37,15.37,4726200
21/03/2018,15.38,15.43,15.22,15.28,15.28,3704400
22/03/2018,15.17,15.4,15.07,15.08,15.08,3645600
23/03/2018,15.16,15.2,14.87,14.87,14.87,4040400
26/03/2018,15.09,15.21,14.91,15.16,15.16,10254600
27/03/2018,15.19,15.44,15.07,15.22,15.22,3903600
28/03/2018,15.22,15.48,14.97,15.04,15.04,3831000
29/03/2018,15.12,15.37,14.97,15.01,15.01,4242000
02/04/2018,14.97,14.98,14.3,14.43,14.43,4058400
03/04/2018,14.46,14.97,14.46,14.84,14.84,4697400
04/04/2018,14.69,15.31,14.69,15.28,15.28,4492800
05/04/2018,15.39,15.63,15.24,15.61,15.61,9912000
06/04/2018,15.53,15.84,15.18,15.32,15.32,4093800
09/04/2018,15.38,15.59,15.34,15.4,15.4,4282200
10/04/2018,15.56,15.89,15.37,15.84,15.84,3466200
11/04/2018,15.71,16.0,15.56,15.91,15.91,2956800
12/04/2018,15.93,16.09,15.88,16.0,16.0,2857800
13/04/2018,16.08,16.12,15.72,15.83,15.83,2893200
16/04/2018,15.86,15.99,15.76,15.82,15.82,3679800
17/04/2018,15.95,16.01,15.66,15.78,15.78,2445600
18/04/2018,15.8,15.97,15.64,15.66,15.66,4535400
19/04/2018,15.65,15.66,15.26,15.37,15.37,3841800
20/04/2018,15.09,15.33,14.81,14.83,14.83,4116000
23/04/2018,14.92,15.21,14.88,14.97,14.97,3899400
24/04/2018,15.12,15.3,15.01,15.14,15.14,2380800
25/04/2018,15.1,15.35,14.94,15.25,15.25,2040600
26/04/2018,15.27,15.45,15.07,15.34,15.34,1603800
27/04/2018,15.42,15.7,15.35,15.5,15.5,2120400
30/04/2018,15.52,15.79,15.52,15.54,15.54,2353200
01/05/2018,15.47,15.73,15.32,15.68,15.68,3468600
02/05/2018,15.61,15.7,15.35,15.58,15.58,2723400
03/05/2018,15.5,15.63,15.28,15.38,15.38,1903800
04/05/2018,15.38,15.71,15.23,15.56,15.56,3151800
07/05/2018,15.59,15.81,15.46,15.79,15.79,3264600
08/05/2018,15.8,16.1,15.7,16.03,16.03,2442600
09/05/2018,16.09,16.32,15.98,16.27,16.27,3504600
10/05/2018,16.26,16.4,16.01,16.27,16.27,2973600
11/05/2018,16.27,16.42,16.17,16.27,16.27,1957800
14/05/2018,16.34,16.58,16.3,16.49,16.49,3966600
15/05/2018,16.48,16.64,16.35,16.52,16.52,3157800
16/05/2018,16.6,16.96,16.46,16.54,16.54,4392600
17/05/2018,16.54,16.8,16.37,16.76,16.76,2679000
18/05/2018,16.75,17.2,16.75,16.92,16.92,5936400
21/05/2018,17.38,17.52,17.17,17.44,17.44,6553200
22/05/2018,17.43,17.51,17.0,17.05,17.05,3958200
23/05/2018,17.07,17.3,17.04,17.14,17.14,6136800
24/05/2018,17.12,17.33,16.94,17.28,17.28,5414400
25/05/2018,18.0,18.22,17.48,17.89,17.89,9127800
29/05/2018,17.76,18.44,17.71,17.91,17.91,9945000
30/05/2018,17.93,18.36,17.88,18.33,18.33,5611800
31/05/2018,18.41,18.92,18.41,18.86,18.86,6803400
01/06/2018,18.94,19.41,18.94,19.18,19.18,5349000
04/06/2018,19.32,19.63,19.24,19.61,19.61,3876600
05/06/2018,19.57,20.02,19.45,19.88,19.88,5346000
06/06/2018,19.9,20.09,19.77,19.98,19.98,3211800
07/06/2018,20.01,20.23,19.85,19.88,19.88,4671000
08/06/2018,19.84,20.34,19.83,20.27,20.27,3549000
11/06/2018,20.28,20.33,20.05,20.21,20.21,2655000
12/06/2018,20.19,20.37,20.1,20.13,20.13,3372600
13/06/2018,20.11,20.18,19.86,19.89,19.89,4925400
14/06/2018,19.92,20.0,19.72,19.85,19.85,2941200
15/06/2018,19.75,20.08,19.72,19.8,19.8,4975800
18/06/2018,19.74,20.16,19.74,20.03,20.03,2775600
19/06/2018,19.9,20.09,19.55,20.08,20.08,3163200
20/06/2018,20.06,20.3,19.85,20.27,20.27,2113800
21/06/2018,20.26,20.5,20.08,20.32,20.32,2419200
22/06/2018,20.39,20.43,19.83,19.86,19.86,6009000
25/06/2018,19.86,19.86,19.26,19.34,19.34,4666800
26/06/2018,19.42,19.9,19.36,19.78,19.78,5292600
27/06/2018,19.74,19.9,19.22,19.24,19.24,3183600
28/06/2018,19.13,19.39,19.08,19.33,19.33,2283000
29/06/2018,19.51,19.58,18.82,18.82,18.82,3471000
02/07/2018,18.81,19.12,18.78,19.09,19.09,4997400
03/07/2018,19.17,19.37,19.14,19.24,19.24,1576800
05/07/2018,19.31,19.31,18.92,19.13,19.13,2940600
06/07/2018,19.06,19.33,18.94,18.97,18.97,3803400
09/07/2018,19.1,19.28,18.72,19.05,19.05,3709800
10/07/2018,19.02,19.16,18.59,19.05,19.05,3963600
11/07/2018,18.99,19.06,18.72,18.73,18.73,1854000
12/07/2018,18.76,18.83,18.59,18.66,18.66,3218400
13/07/2018,18.62,18.75,18.42,18.65,18.65,3000000
16/07/2018,18.65,18.84,18.39,18.77,18.77,3597600
17/07/2018,18.8,19.32,18.76,19.23,19.23,2469600
18/07/2018,19.23,19.43,18.98,19.39,19.39,3040800
19/07/2018,19.41,19.98,19.41,19.81,19.81,4354200
20/07/2018,19.65,19.85,19.44,19.6,19.6,2752800
23/07/2018,19.64,19.72,19.43,19.5,19.5,2836800
24/07/2018,19.57,19.66,18.94,19.1,19.1,4391400
25/07/2018,19.07,19.8,18.92,19.77,19.77,3344400
26/07/2018,19.74,20.1,19.72,19.87,19.87,5378400
27/07/2018,18.7,19.16,17.52,18.5,18.5,12189000
30/07/2018,18.56,18.56,18.22,18.46,18.46,5245200
31/07/2018,18.61,18.96,18.6,18.81,18.81,3268800
01/08/2018,18.8,19.22,18.43,18.8,18.8,5577600
02/08/2018,18.71,19.6,18.71,19.52,19.52,3172200
03/08/2018,19.74,19.86,19.13,19.19,19.19,3622800
06/08/2018,19.2,19.4,19.05,19.3,19.3,2835000
07/08/2018,19.36,19.62,19.22,19.48,19.48,2559000
08/08/2018,19.51,19.92,19.41,19.87,19.87,2434800
09/08/2018,19.86,20.38,19.76,20.21,20.21,3167400
10/08/2018,20.03,20.42,19.94,20.24,20.24,3024600
13/08/2018,20.32,20.4,19.87,19.91,19.91,2655600
14/08/2018,19.96,20.25,19.91,20.03,20.03,2981400
15/08/2018,19.9,19.96,19.37,19.77,19.77,3102000
16/08/2018,19.94,19.94,19.51,19.77,19.77,2986800
17/08/2018,19.72,20.0,19.61,19.92,19.92,2644800
20/08/2018,19.91,20.09,19.66,19.88,19.88,2447400
21/08/2018,19.9,20.02,19.69,19.79,19.79,2810400
22/08/2018,19.8,20.12,19.8,19.85,19.85,2533200
23/08/2018,20.18,20.56,20.02,20.25,20.25,3280800
24/08/2018,20.12,20.33,19.54,19.67,19.67,2440200
27/08/2018,19.79,19.88,19.43,19.57,19.57,2389200
28/08/2018,19.6,19.81,19.44,19.71,19.71,1692600
29/08/2018,19.66,19.85,19.29,19.77,19.77,2086200
30/08/2018,19.76,20.04,19.61,19.83,19.83,2206800
31/08/2018,19.76,20.36,19.74,20.31,20.31,3631200
04/09/2018,20.48,20.78,20.04,20.16,20.16,4041600
05/09/2018,20.08,20.16,19.57,19.89,19.89,3050400
06/09/2018,19.92,20.15,19.78,19.79,19.79,2649600
07/09/2018,19.77,20.11,19.56,19.6,19.6,3564000
10/09/2018,19.71,19.94,19.65,19.79,19.79,3482400
11/09/2018,19.93,19.99,19.51,19.73,19.73,2511600
12/09/2018,19.76,19.86,19.23,19.69,19.69,5191800
13/09/2018,19.92,19.94,19.46,19.53,19.53,2467200
14/09/2018,19.53,19.56,18.93,18.94,18.94,2394600
17/09/2018,18.94,18.94,18.55,18.74,18.74,3223200
18/09/2018,18.76,18.78,18.58,18.69,18.69,2092800
19/09/2018,18.65,18.96,18.51,18.78,18.78,2666400
20/09/2018,18.8,19.13,18.57,18.75,18.75,2811000
21/09/2018,18.72,18.97,18.48,18.52,18.52,4701000
24/09/2018,18.54,18.75,18.35,18.61,18.61,2531400
25/09/2018,18.73,18.99,18.57,18.91,18.91,2595600
26/09/2018,18.92,19.53,18.78,19.29,19.29,3021600
27/09/2018,19.29,19.56,19.26,19.4,19.4,2525400
28/09/2018,19.37,19.94,19.33,19.76,19.76,2583600
01/10/2018,19.83,19.87,19.38,19.41,19.41,2209800
02/10/2018,19.38,19.46,18.25,18.27,18.27,3016800
03/10/2018,18.29,18.63,17.93,18.4,18.4,3547200
04/10/2018,18.31,18.37,17.75,17.83,17.83,2833200
05/10/2018,17.83,18.31,17.83,18.26,18.26,3897000
08/10/2018,18.26,18.36,17.96,18.22,18.22,2008800
09/10/2018,18.19,18.37,18.01,18.21,18.21,2116800
10/10/2018,18.17,18.17,17.05,17.08,17.08,3070200
11/10/2018,17.0,17.66,16.95,17.3,17.3,4131000
12/10/2018,17.55,17.65,17.16,17.4,17.4,3450000
15/10/2018,17.42,17.8,17.41,17.66,17.66,3459600
16/10/2018,17.69,18.5,17.54,18.48,18.48,3034200
17/10/2018,18.5,18.56,17.99,18.4,18.4,3939000
18/10/2018,18.47,18.82,18.17,18.31,18.31,3906600
19/10/2018,18.4,18.46,17.64,17.74,17.74,3400800
22/10/2018,17.74,18.33,17.69,18.28,18.28,3651600
23/10/2018,18.1,18.3,17.71,18.25,18.25,3667800
24/10/2018,18.19,18.68,17.74,17.77,17.77,4703400
25/10/2018,17.91,18.5,17.7,18.16,18.16,4839000
26/10/2018,18.83,19.41,18.37,19.28,19.28,10771800
29/10/2018,19.62,20.85,19.54,20.29,20.29,7219800
30/10/2018,20.32,21.6,20.32,21.49,21.49,7348200
31/10/2018,21.66,21.84,21.03,21.19,21.19,5955000
01/11/2018,21.32,22.02,20.86,21.95,21.95,5718000
02/11/2018,22.1,22.49,21.76,21.95,21.95,4293000
05/11/2018,22.06,22.47,21.83,22.32,22.32,3611400
06/11/2018,22.23,22.35,21.74,22.02,22.02,4465800
07/11/2018,22.02,22.57,21.69,22.55,22.55,2950800
08/11/2018,22.54,22.92,22.33,22.71,22.71,3607800
09/11/2018,22.7,22.85,22.3,22.35,22.35,4519200
12/11/2018,22.38,22.65,22.06,22.11,22.11,3967200
13/11/2018,22.11,22.42,21.69,21.78,21.78,3567000
14/11/2018,21.95,22.42,21.44,21.65,21.65,3973800
15/11/2018,21.43,21.43,20.82,21.28,21.28,3246000
16/11/2018,21.07,21.69,20.74,21.65,21.65,4168800
19/11/2018,21.66,21.7,20.5,20.56,20.56,3256200
20/11/2018,19.98,20.61,19.81,20.5,20.5,3704400
21/11/2018,20.67,20.94,20.46,20.56,20.56,3180000
23/11/2018,20.41,20.68,20.25,20.46,20.46,1416600
26/11/2018,20.66,21.49,20.65,21.34,21.34,4432800
27/11/2018,21.17,21.48,21.1,21.28,21.28,3133800
28/11/2018,21.29,21.73,21.05,21.66,21.66,2960400
29/11/2018,21.6,21.82,21.3,21.71,21.71,2594400
30/11/2018,21.68,22.28,21.67,22.21,22.21,2733000
03/12/2018,22.69,22.91,22.34,22.82,22.82,3837600
04/12/2018,22.82,22.88,21.32,21.41,21.41,4326600
06/12/2018,21.07,21.4,20.63,21.34,21.34,4717800
07/12/2018,21.27,21.36,19.91,20.07,20.07,3328800
10/12/2018,20.25,20.95,20.12,20.78,20.78,4796400
11/12/2018,21.12,21.45,20.7,21.21,21.21,5011200
12/12/2018,21.39,21.53,20.92,21.1,21.1,2990400
13/12/2018,21.08,21.21,20.18,20.45,20.45,3075000
14/12/2018,20.18,20.73,20.1,20.3,20.3,3007800
17/12/2018,20.25,20.36,19.66,19.74,19.74,3453600
18/12/2018,19.9,20.45,19.8,20.33,20.33,3196200
19/12/2018,20.51,21.08,20.26,20.46,20.46,3684000
20/12/2018,20.43,20.99,20.24,20.57,20.57,3558000
21/12/2018,20.62,21.23,20.44,20.48,20.48,7593600
24/12/2018,20.23,20.34,19.78,19.88,19.88,2801400
26/12/2018,20.01,21.78,19.89,21.77,21.77,5933400
27/12/2018,21.47,21.77,20.95,21.76,21.76,2762400
28/12/2018,21.88,22.04,21.08,21.43,21.43,3691200
31/12/2018,21.57,21.69,21.18,21.33,21.33,3303600
02/01/2019,21.0,22.03,20.74,21.57,21.57,5590200
03/01/2019,21.43,21.58,20.89,20.97,20.97,4199400
04/01/2019,21.23,21.31,20.21,20.3,20.3,6042000
07/01/2019,20.34,21.25,20.02,20.85,20.85,5070000
08/01/2019,21.06,21.21,20.41,21.0,21.0,2508600
09/01/2019,21.1,21.38,20.85,21.1,21.1,3670200
10/01/2019,20.77,20.97,18.77,18.93,18.93,7984800
11/01/2019,18.93,19.21,18.48,18.88,18.88,4501800
14/01/2019,18.84,19.32,18.78,18.96,18.96,3388800
15/01/2019,19.05,19.2,18.77,18.98,18.98,3562200
16/01/2019,18.97,19.18,18.77,19.14,19.14,3109800
17/01/2019,19.14,19.77,19.01,19.59,19.59,3576600
18/01/2019,19.82,19.96,19.37,19.81,19.81,3195000
22/01/2019,19.79,20.43,19.59,20.18,20.18,4156200
23/01/2019,20.24,20.77,20.24,20.59,20.59,4728600
24/01/2019,20.51,20.53,19.97,20.49,20.49,3273600
25/01/2019,20.75,21.14,20.66,20.89,20.89,3862200
28/01/2019,20.62,21.24,20.62,21.0,21.0,3255000
29/01/2019,21.08,21.19,20.76,20.84,20.84,2759400
30/01/2019,20.95,21.23,20.8,21.19,21.19,2541600
31/01/2019,21.2,21.42,20.9,21.41,21.41,6586200
01/02/2019,24.17,24.48,23.09,23.65,23.65,22660200
04/02/2019,23.66,23.85,23.19,23.25,23.25,5938800
05/02/2019,23.39,23.58,23.15,23.23,23.23,3428400
06/02/2019,23.22,23.56,22.78,23.55,23.55,4500000
07/02/2019,23.39,23.82,23.13,23.45,23.45,4840800
08/02/2019,23.43,23.81,23.33,23.51,23.51,3259800
11/02/2019,23.72,24.06,23.55,23.98,23.98,3632400
12/02/2019,23.96,24.45,23.83,24.01,24.01,2635200
13/02/2019,23.95,24.38,23.89,23.96,23.96,3285600
14/02/2019,23.8,24.03,23.24,23.78,23.78,3001800
15/02/2019,23.92,24.39,23.83,24.38,24.38,3508200
19/02/2019,24.37,24.43,24.18,24.27,24.27,3167400
20/02/2019,24.2,24.2,23.75,23.96,23.96,2785200
21/02/2019,23.87,24.03,23.58,23.88,23.88,1876800
22/02/2019,23.99,24.22,23.83,24.15,24.15,1876200
25/02/2019,24.22,24.97,24.19,24.66,24.66,4102200
26/02/2019,24.62,24.9,24.45,24.76,24.76,2518800
27/02/2019,24.42,24.89,24.42,24.76,24.76,2562000
28/02/2019,24.67,24.91,24.45,24.66,24.66,2965200
01/03/2019,24.99,25.55,24.56,24.65,24.65,3325200
04/03/2019,24.7,24.83,24.12,24.16,24.16,2856600
05/03/2019,24.13,24.26,23.96,24.12,24.12,2218200
06/03/2019,24.23,24.28,23.68,23.85,23.85,2204400
07/03/2019,23.79,23.93,23.54,23.66,23.66,3920400
08/03/2019,23.6,23.79,23.25,23.5,23.5,2288400
11/03/2019,23.59,23.94,23.56,23.79,23.79,3336000
12/03/2019,23.79,23.88,23.3,23.63,23.63,2441400
13/03/2019,23.69,23.95,23.59,23.71,23.71,3288600
14/03/2019,23.68,23.88,23.42,23.78,23.78,1894200
15/03/2019,23.85,23.99,23.61,23.63,23.63,3112800
18/03/2019,23.63,24.18,23.48,24.1,24.1,2426400
19/03/2019,24.11,24.59,24.09,24.28,24.28,2977800
20/03/2019,24.23,24.35,23.81,24.07,24.07,1667400
21/03/2019,24.06,24.42,23.82,24.37,24.37,1776000
22/03/2019,24.16,24.35,23.32,23.42,23.42,2295600
25/03/2019,23.42,24.01,23.16,23.85,23.85,1761000
26/03/2019,24.0,24.1,23.75,23.89,23.89,1559400
27/03/2019,23.92,24.18,23.78,24.08,24.08,2016600
28/03/2019,24.42,24.74,24.32,24.5,24.5,2433600
29/03/2019,24.63,24.7,24.26,24.5,24.5,2294400
01/04/2019,24.63,24.8,24.25,24.47,24.47,3334800
02/04/2019,24.54,24.54,23.8,23.87,23.87,3563400
03/04/2019,24.01,24.01,23.7,23.9,23.9,3315600
04/04/2019,23.95,24.23,23.71,24.19,24.19,1887600
05/04/2019,24.32,24.75,24.26,24.49,24.49,2811000
08/04/2019,24.38,24.56,24.16,24.17,24.17,2066400
09/04/2019,24.05,24.35,23.94,24.31,24.31,2730000
10/04/2019,24.35,24.73,24.35,24.7,24.7,1695600
11/04/2019,24.77,25.14,24.68,24.99,24.99,2887800
12/04/2019,25.15,25.36,24.89,25.27,25.27,2038200
15/04/2019,25.26,25.5,25.24,25.41,25.41,3069000
16/04/2019,25.4,25.77,25.17,25.21,25.21,2752800
17/04/2019,25.37,25.68,25.14,25.45,25.45,2764800
18/04/2019,25.39,25.76,25.24,25.57,25.57,2190000
22/04/2019,25.43,25.52,24.96,24.98,24.98,1921200
23/04/2019,25.04,25.33,24.93,25.33,25.33,2138400
24/04/2019,25.34,25.9,25.2,25.79,25.79,1666800
25/04/2019,25.79,25.99,25.53,25.77,25.77,1927800
26/04/2019,25.79,25.92,25.55,25.86,25.86,1252200
29/04/2019,25.89,26.31,25.77,26.27,26.27,2648400
30/04/2019,26.31,26.53,26.04,26.37,26.37,3463200
01/05/2019,26.36,26.4,26.04,26.09,26.09,2608800
02/05/2019,26.2,26.52,26.07,26.37,26.37,2020200
03/05/2019,26.4,26.62,26.13,26.48,26.48,2673000
06/05/2019,26.11,26.45,25.93,26.28,26.28,2280600
07/05/2019,26.14,26.23,25.09,25.26,25.26,2818200
08/05/2019,25.25,25.38,24.96,25.1,25.1,2274000
09/05/2019,24.98,25.0,24.38,24.82,24.82,2459400
10/05/2019,24.68,24.79,23.67,24.35,24.35,3033600
13/05/2019,23.78,23.82,22.87,23.06,23.06,3307800
14/05/2019,23.75,24.22,23.28,24.14,24.14,4618800
15/05/2019,23.99,24.23,23.61,23.87,23.87,3484200
16/05/2019,24.0,24.34,23.95,24.08,24.08,2167200
17/05/2019,23.87,24.17,23.67,23.77,23.77,2040000
20/05/2019,23.62,23.99,23.53,23.79,23.79,2546400
21/05/2019,24.3,24.84,24.03,24.78,24.78,5389800
22/05/2019,24.54,25.19,24.42,25.01,25.01,4998600
23/05/2019,24.78,25.24,24.42,24.57,24.57,8583000
24/05/2019,26.48,26.5,25.34,25.58,25.58,7281600
28/05/2019,25.49,25.66,25.1,25.14,25.14,4482600
29/05/2019,24.92,25.33,24.44,25.21,25.21,5526600
30/05/2019,25.17,25.75,24.94,25.29,25.29,3055800
31/05/2019,25.0,25.44,24.85,25.35,25.35,2892000
03/06/2019,25.18,25.98,25.15,25.7,25.7,4657200
04/06/2019,26.02,26.62,25.78,25.86,25.86,4684200
05/06/2019,26.09,26.17,25.78,25.97,25.97,3051000
06/06/2019,25.93,26.07,25.47,25.94,25.94,2590800
07/06/2019,26.1,26.81,26.1,26.72,26.72,2656800
10/06/2019,26.75,27.48,26.75,27.35,27.35,2721600
11/06/2019,27.65,28.08,27.48,27.95,27.95,3396000
12/06/2019,28.0,28.74,27.89,28.72,28.72,3606000
13/06/2019,28.96,29.47,28.88,29.36,29.36,3772800
14/06/2019,29.42,29.45,28.97,29.06,29.06,2633400
17/06/2019,29.08,29.14,28.8,28.86,28.86,1961400
18/06/2019,29.0,29.35,28.91,29.14,29.14,1720200
19/06/2019,29.11,29.16,28.77,29.07,29.07,1800600
20/06/2019,29.34,29.4,28.78,29.01,29.01,2436000
21/06/2019,28.82,29.31,28.77,29.25,29.25,3048000
24/06/2019,29.27,29.44,28.84,28.9,28.9,2226600
25/06/2019,29.02,29.17,28.63,28.66,28.66,2295600
26/06/2019,28.8,29.27,28.8,28.95,28.95,2127600
27/06/2019,28.97,29.23,28.87,29.21,29.21,2080800
28/06/2019,29.26,29.44,28.98,29.33,29.33,3865800
01/07/2019,29.62,30.13,29.14,29.3,29.3,2400600
02/07/2019,29.28,29.28,28.65,28.9,28.9,2697000
03/07/2019,29.03,29.39,28.68,29.35,29.35,1339200
05/07/2019,29.26,29.55,29.13,29.49,29.49,1297200
08/07/2019,29.36,29.66,29.32,29.65,29.65,2071800
09/07/2019,29.43,29.61,28.96,29.03,29.03,2492400
10/07/2019,29.17,29.33,29.01,29.27,29.27,1911000
11/07/2019,29.41,29.41,28.71,28.83,28.83,2410800
12/07/2019,28.97,29.91,28.97,29.75,29.75,2008200
15/07/2019,29.67,29.8,29.12,29.39,29.39,1616400
16/07/2019,29.39,29.58,29.15,29.4,29.4,1891200
17/07/2019,29.43,29.43,28.67,29.19,29.19,2094000
18/07/2019,29.19,29.49,29.07,29.4,29.4,1614000
19/07/2019,29.54,29.58,29.0,29.04,29.04,1767000
22/07/2019,29.22,29.61,29.04,29.26,29.26,2914200
23/07/2019,29.37,29.78,29.18,29.69,29.69,1927200
24/07/2019,29.75,29.94,29.45,29.84,29.84,1776600
25/07/2019,29.83,29.94,29.43,29.6,29.6,2350200
26/07/2019,29.12,29.58,25.45,26.59,26.59,10737600
29/07/2019,26.66,26.78,26.03,26.56,26.56,4795200
30/07/2019,26.46,26.48,25.59,25.93,25.93,4264200
31/07/2019,25.94,26.28,25.69,26.05,26.05,3705000
01/08/2019,26.05,26.24,24.72,24.94,24.94,4188000
02/08/2019,24.77,24.83,24.15,24.47,24.47,3228000
05/08/2019,24.04,24.47,23.75,24.26,24.26,3793800
06/08/2019,24.38,24.91,24.21,24.85,24.85,3419400
07/08/2019,24.65,24.97,24.43,24.68,24.68,3555600
08/08/2019,24.8,25.08,24.68,24.85,24.85,5194800
09/08/2019,24.77,24.85,24.09,24.16,24.16,2983200
12/08/2019,23.91,24.0,23.39,23.84,23.84,3654000
13/08/2019,23.7,24.86,23.57,24.36,24.36,3978000
14/08/2019,23.7,23.72,22.88,22.9,22.9,3613800
15/08/2019,22.92,22.97,22.14,22.16,22.16,4356600
16/08/2019,22.26,22.97,22.09,22.38,22.38,2208600
19/08/2019,22.95,23.5,22.87,22.96,22.96,3121800
20/08/2019,22.8,23.08,22.68,22.91,22.91,2329800
21/08/2019,23.17,23.45,23.0,23.37,23.37,1968600
22/08/2019,23.4,23.84,23.26,23.67,23.67,3025800
23/08/2019,23.37,23.68,22.64,22.71,22.71,2986800
26/08/2019,22.84,23.17,22.69,23.09,23.09,2106600
27/08/2019,23.26,23.76,23.11,23.44,23.44,3035400
28/08/2019,23.36,24.05,23.27,23.83,23.83,2026800
29/08/2019,24.12,24.48,24.12,24.41,24.41,2058000
30/08/2019,24.55,24.71,24.42,24.58,24.58,2334000
03/09/2019,24.31,24.48,24.02,24.24,24.24,3083400
04/09/2019,24.56,24.74,24.37,24.49,24.49,2573400
05/09/2019,24.75,25.74,24.67,25.64,25.64,3301200
06/09/2019,25.72,25.91,25.44,25.47,25.47,1965600
09/09/2019,25.58,25.97,25.51,25.85,25.85,3115800
10/09/2019,25.71,25.79,25.01,25.23,25.23,3040200
11/09/2019,25.22,25.24,24.68,24.96,24.96,2298600
12/09/2019,25.04,25.46,24.76,25.12,25.12,2219400
13/09/2019,25.18,25.49,24.54,24.65,24.65,2158200
16/09/2019,24.45,24.86,24.08,24.17,24.17,2088000
17/09/2019,24.1,24.23,23.75,23.83,23.83,2398800
18/09/2019,23.82,23.83,22.96,23.3,23.3,2672400
19/09/2019,23.19,23.35,22.72,23.01,23.01,3106200
20/09/2019,22.99,23.56,22.7,22.71,22.71,3704400
23/09/2019,22.81,23.2,22.62,22.65,22.65,2744400
24/09/2019,22.64,22.71,21.7,22.17,22.17,4111200
25/09/2019,22.34,22.66,21.95,22.4,22.4,2858400
26/09/2019,22.49,23.5,22.49,23.4,23.4,4714800
27/09/2019,23.56,24.11,23.55,23.85,23.85,5426400
30/09/2019,23.91,24.85,23.91,24.56,24.56,5561400
01/10/2019,24.58,24.99,24.31,24.41,24.41,3844800
02/10/2019,24.14,24.26,23.53,24.04,24.04,3310200
03/10/2019,24.01,24.36,23.49,24.33,24.33,2380800
04/10/2019,24.33,24.47,23.82,24.4,24.4,1857000
07/10/2019,24.26,24.42,23.8,23.99,23.99,2796600
08/10/2019,23.6,23.85,23.09,23.74,23.74,2763000
09/10/2019,24.02,24.06,23.51,24.0,24.0,2401200
10/10/2019,24.03,24.2,23.82,23.95,23.95,1876200
11/10/2019,25.12,26.09,25.0,25.68,25.68,4001400
14/10/2019,25.51,25.77,25.2,25.57,25.57,1906200
15/10/2019,25.54,25.83,25.35,25.59,25.59,2090400
16/10/2019,25.55,25.86,25.36,25.61,25.61,1802400
17/10/2019,25.91,26.38,25.79,26.35,26.35,2508600
18/10/2019,26.03,26.31,25.7,26.15,26.15,2162400
21/10/2019,26.34,26.62,26.25,26.39,26.39,1710000
22/10/2019,26.47,26.53,26.08,26.34,26.34,1921800
23/10/2019,26.18,26.23,25.62,25.72,25.72,1984800
24/10/2019,25.89,26.0,25.51,26.0,26.0,3124200
25/10/2019,25.86,25.86,24.22,25.15,25.15,5967600
28/10/2019,25.33,25.33,24.68,24.69,24.69,3351000
29/10/2019,24.74,25.05,24.52,24.97,24.97,3029400
30/10/2019,24.83,25.21,24.78,25.19,25.19,2707800
31/10/2019,25.28,25.54,24.99,25.48,25.48,3618600
01/11/2019,25.69,26.31,25.49,25.86,25.86,4509600
04/11/2019,26.09,26.75,25.9,26.68,26.68,3209400
05/11/2019,26.94,27.47,26.81,27.14,27.14,3700800
06/11/2019,27.17,27.46,26.78,27.17,27.17,3117600
07/11/2019,27.35,27.86,26.8,27.01,27.01,3467400
08/11/2019,27.0,27.26,26.69,27.24,27.24,2058600
11/11/2019,27.15,27.54,26.99,27.41,27.41,2020800
12/11/2019,27.44,27.62,27.27,27.36,27.36,1730400
13/11/2019,27.2,27.52,26.97,27.45,27.45,1530000
14/11/2019,27.48,27.62,27.18,27.52,27.52,1922400
15/11/2019,27.75,28.07,27.64,27.9,27.9,2524800
18/11/2019,28.02,28.08,27.59,27.82,27.82,1983600
19/11/2019,27.74,27.82,27.32,27.36,27.36,2616600
20/11/2019,27.37,27.37,26.54,26.71,26.71,3331200
21/11/2019,26.88,27.0,26.19,26.21,26.21,2866200
22/11/2019,26.51,26.66,26.17,26.59,26.59,1716600
25/11/2019,27.0,27.5,26.83,27.42,27.42,4065600
26/11/2019,27.92,28.03,27.54,27.93,27.93,3181200
27/11/2019,28.04,28.26,27.67,28.15,28.15,2425200
29/11/2019,28.14,28.23,27.84,28.03,28.03,1275000
02/12/2019,28.07,28.17,27.05,27.13,27.13,3429000
03/12/2019,26.74,27.02,26.48,26.49,26.49,2823000
04/12/2019,26.67,27.09,26.49,26.93,26.93,2250000
05/12/2019,27.08,27.47,27.01,27.4,27.4,2076600
06/12/2019,27.79,27.9,26.94,27.06,27.06,3229800
09/12/2019,27.05,27.57,27.02,27.22,27.22,2310600
10/12/2019,27.27,27.55,26.91,26.95,26.95,1745400
11/12/2019,26.98,27.07,26.73,26.84,26.84,1764000
12/12/2019,26.92,27.23,26.64,26.97,26.97,2334600
13/12/2019,26.94,27.34,26.7,27.09,27.09,1795800
16/12/2019,27.2,27.54,27.08,27.27,27.27,1693800
17/12/2019,27.26,27.38,27.18,27.29,27.29,1792800
18/12/2019,27.39,27.82,27.32,27.71,27.71,2166600
19/12/2019,27.69,27.81,27.18,27.26,27.26,2312400
20/12/2019,27.38,28.0,27.33,27.91,27.91,4697400
23/12/2019,27.97,27.99,27.33,27.41,27.41,2335800
24/12/2019,27.44,27.61,27.36,27.42,27.42,838200
26/12/2019,27.5,27.87,27.45,27.87,27.87,1519800
27/12/2019,27.89,28.05,27.66,27.91,27.91,1466400
30/12/2019,27.9,28.43,27.73,28.14,28.14,1444200
31/12/2019,28.1,28.5,28.09,28.14,28.14,1722600
02/01/2020,28.29,28.7,28.16,28.69,28.69,1627200
03/01/2020,28.26,28.94,28.13,28.91,28.91,1890600
06/01/2020,28.69,29.12,28.66,29.08,29.08,1774800
07/01/2020,29.08,29.5,28.83,28.86,28.86,2517600
08/01/2020,28.9,29.0,28.07,28.14,28.14,3392400
09/01/2020,28.13,28.31,27.9,28.22,28.22,3331800
10/01/2020,28.27,28.33,27.43,27.5,27.5,1674000
13/01/2020,27.58,27.97,27.42,27.97,27.97,2226600
14/01/2020,28.03,28.44,27.86,28.08,28.08,2347200
15/01/2020,28.02,28.18,27.92,28.14,28.14,2440800
16/01/2020,28.33,29.16,28.28,28.78,28.78,2889000
17/01/2020,28.88,28.99,28.5,28.92,28.92,3081000
21/01/2020,28.8,29.38,28.53,29.17,29.17,4034400
22/01/2020,29.36,29.68,28.96,29.22,29.22,3262200
23/01/2020,29.01,29.31,28.5,29.17,29.17,3202200
24/01/2020,30.0,30.0,29.27,29.61,29.61,3453000
27/01/2020,29.02,29.38,28.87,29.22,29.22,2399400
28/01/2020,29.32,29.38,28.52,29.17,29.17,3721800
29/01/2020,29.35,29.67,29.08,29.43,29.43,2845800
30/01/2020,29.18,29.66,29.07,29.56,29.56,4557000
31/01/2020,30.93,33.22,30.93,31.82,31.82,15122400
03/02/2020,32.01,32.3,31.12,31.27,31.27,5688600
04/02/2020,31.47,31.94,31.42,31.61,31.61,2991000
05/02/2020,31.68,32.21,31.28,32.14,32.14,3743400
06/02/2020,32.26,32.27,31.75,32.01,32.01,3111600
07/02/2020,31.94,32.28,31.73,31.9,31.9,2611800
10/02/2020,31.89,32.27,31.68,32.17,32.17,2040600
11/02/2020,32.08,32.36,31.83,32.22,32.22,3504000
12/02/2020,32.46,33.35,32.24,33.23,33.23,2766000
13/02/2020,33.13,33.52,33.02,33.42,33.42,2275200
14/02/2020,33.52,33.86,33.24,33.43,33.43,2121000
18/02/2020,33.25,33.87,33.07,33.53,33.53,1941000
19/02/2020,33.67,33.86,33.47,33.52,33.52,2647800
20/02/2020,33.45,33.62,32.81,33.18,33.18,2578800
21/02/2020,33.09,33.12,32.31,32.43,32.43,2818800
24/02/2020,31.46,31.81,31.18,31.25,31.25,2471400
25/02/2020,31.39,31.58,30.25,30.36,30.36,3031200
26/02/2020,30.6,31.11,30.23,30.24,30.24,2672400
27/02/2020,29.52,30.3,28.99,28.99,28.99,2933400
28/02/2020,28.33,29.28,28.13,28.97,28.97,4446600
02/03/2020,29.05,29.89,28.21,29.82,29.82,4108800
03/03/2020,29.83,30.85,28.78,29.15,29.15,2466600
04/03/2020,29.53,30.04,29.08,29.99,29.99,1922400
05/03/2020,29.23,29.52,28.66,28.79,28.79,2880600
06/03/2020,28.03,28.93,27.89,28.77,28.77,2667000
09/03/2020,26.92,28.05,25.23,27.0,27.0,3463200
10/03/2020,27.83,28.13,26.22,27.81,27.81,3745800
11/03/2020,27.12,27.56,25.47,25.56,25.56,4161000
12/03/2020,23.78,23.8,21.79,21.85,21.85,4550400
13/03/2020,23.01,23.3,20.19,21.6,21.6,6027000
16/03/2020,18.83,19.54,17.96,18.56,18.56,4598400
17/03/2020,18.84,19.18,16.51,18.45,18.45,4985400
18/03/2020,17.22,17.5,13.12,15.19,15.19,5517000
19/03/2020,15.21,17.58,13.71,17.29,17.29,5856600
20/03/2020,17.29,18.7,16.92,17.32,17.32,5621400
23/03/2020,17.43,19.32,16.67,18.95,18.95,5557800
24/03/2020,20.28,22.33,19.99,22.24,22.24,4591800
25/03/2020,22.39,22.93,21.25,21.59,21.59,5472600
26/03/2020,21.98,23.46,21.29,23.43,23.43,3493800
27/03/2020,22.73,22.75,21.57,22.18,22.18,2764200
30/03/2020,21.61,23.42,21.61,23.19,23.19,2195400
31/03/2020,22.92,23.43,22.12,22.33,22.33,2499600
01/04/2020,21.36,21.48,20.31,20.62,20.62,2845800
02/04/2020,20.66,21.52,20.32,21.11,21.11,2123400
03/04/2020,20.9,21.0,19.74,20.35,20.35,2179800
06/04/2020,21.7,23.12,21.36,23.06,23.06,3002400
07/04/2020,24.23,25.02,23.34,23.53,23.53,2720400
08/04/2020,23.84,24.48,23.54,24.18,24.18,1794000
09/04/2020,24.91,25.27,24.1,24.81,24.81,2538000
13/04/2020,24.47,24.59,23.46,23.89,23.89,1960200
14/04/2020,24.69,24.98,24.11,24.25,24.25,1260600
15/04/2020,23.41,23.81,22.93,23.16,23.16,2709600
16/04/2020,23.15,23.5,22.69,23.21,23.21,1548600
17/04/2020,24.09,24.86,23.88,24.27,24.27,2193000
20/04/2020,23.77,24.42,23.3,23.44,23.44,1593600
21/04/2020,22.76,23.06,21.96,22.0,22.0,2233800
22/04/2020,22.84,22.86,22.12,22.13,22.13,2710200
23/04/2020,22.09,22.85,21.77,22.12,22.12,2124600
24/04/2020,22.19,23.17,21.92,22.9,22.9,2445600
27/04/2020,23.24,24.55,22.75,24.4,24.4,3025200
28/04/2020,25.27,26.22,24.59,24.65,24.65,1729200
29/04/2020,25.81,26.52,25.0,25.93,25.93,1780800
30/04/2020,25.42,25.53,24.67,24.79,24.79,2014200
01/05/2020,24.65,24.83,23.69,23.88,23.88,1801800
04/05/2020,23.39,24.15,23.1,23.38,23.38,3001800
05/05/2020,23.9,24.7,23.66,23.93,23.93,2443200
06/05/2020,23.98,24.22,23.29,23.77,23.77,2439000
07/05/2020,24.16,24.79,24.04,24.09,24.09,1501200
08/05/2020,24.66,25.06,24.18,24.86,24.86,1321800
11/05/2020,24.56,24.66,23.83,24.56,24.56,2636400
12/05/2020,24.58,24.65,23.05,23.08,23.08,2020800
13/05/2020,22.83,23.03,21.79,22.58,22.58,2697000
14/05/2020,22.02,23.29,21.49,23.25,23.25,2266800
15/05/2020,23.08,23.63,22.58,23.47,23.47,2040600
18/05/2020,24.67,26.15,24.67,25.5,25.5,3540600
19/05/2020,25.38,26.11,25.1,25.75,25.75,2685000
20/05/2020,26.1,27.37,26.1,27.08,27.08,3528000
21/05/2020,27.03,28.07,26.51,28.0,28.0,4320000
22/05/2020,29.8,31.6,28.33,29.87,29.87,6521400
26/05/2020,31.21,31.43,29.9,30.01,30.01,3921600
27/05/2020,30.66,32.67,30.48,32.55,32.55,4317600
28/05/2020,32.84,32.84,30.93,31.07,31.07,3209400
29/05/2020,30.77,31.09,30.22,30.42,30.42,3145200
01/06/2020,30.54,32.85,30.54,32.64,32.64,4923000
02/06/2020,32.8,34.02,32.58,33.99,33.99,4696200
03/06/2020,34.72,35.67,34.24,35.43,35.43,4502400
04/06/2020,35.38,35.51,33.33,34.0,34.0,4264800
05/06/2020,35.58,36.37,34.03,34.18,34.18,4382400
08/06/2020,34.25,34.4,33.22,33.41,33.41,2855400
09/06/2020,32.92,33.27,32.43,32.57,32.57,2713800
10/06/2020,32.68,33.71,32.29,33.03,33.03,2704200
11/06/2020,31.67,32.41,31.12,31.84,31.84,3018000
12/06/2020,33.04,33.09,31.62,32.68,32.68,2440800
15/06/2020,31.74,32.28,31.13,32.18,32.18,2248200
16/06/2020,33.49,33.49,31.65,32.81,32.81,2070600
17/06/2020,33.04,33.33,32.28,33.06,33.06,2887200
18/06/2020,33.0,34.23,32.63,33.41,33.41,3881400
19/06/2020,33.83,34.35,32.38,32.67,32.67,3540000
22/06/2020,32.67,33.53,32.35,33.46,33.46,1778400
23/06/2020,33.95,34.03,33.06,33.69,33.69,1917000
24/06/2020,33.58,34.17,32.21,32.42,32.42,2988600
25/06/2020,32.11,32.81,31.91,32.18,32.18,1796400
26/06/2020,31.9,32.09,30.77,31.02,31.02,2649600
29/06/2020,31.31,32.77,31.06,32.44,32.44,2221800
30/06/2020,32.27,32.98,32.17,32.73,32.73,1714800
01/07/2020,32.86,33.24,32.11,32.39,32.39,2030400
02/07/2020,33.12,33.5,32.19,32.37,32.37,1338000
06/07/2020,33.17,33.18,32.14,32.48,32.48,1849800
07/07/2020,32.08,32.35,31.44,31.52,31.52,1813200
08/07/2020,31.61,32.24,31.55,32.23,32.23,1479600
09/07/2020,32.58,32.76,30.7,31.67,31.67,2688600
10/07/2020,31.88,32.71,31.61,32.67,32.67,1560600
13/07/2020,33.01,33.36,32.0,32.29,32.29,1740000
14/07/2020,32.12,33.12,31.47,33.07,33.07,1954200
15/07/2020,34.03,34.64,33.23,33.66,33.66,2594400
16/07/2020,33.67,33.92,33.36,33.78,33.78,1966800
17/07/2020,33.79,34.0,33.11,33.56,33.56,1433400
20/07/2020,33.35,33.58,32.38,32.71,32.71,1611600
21/07/2020,33.06,33.82,32.9,33.55,33.55,1896600
22/07/2020,34.16,34.81,33.82,34.41,34.41,2767200
23/07/2020,34.09,35.07,34.07,34.41,34.41,2458200
24/07/2020,34.46,34.85,34.1,34.3,34.3,1729800
27/07/2020,34.35,35.58,34.32,35.19,35.19,2818200
28/07/2020,35.01,35.63,34.81,35.1,35.1,2104800
29/07/2020,35.37,36.73,35.24,36.47,36.47,2434200
30/07/2020,35.88,36.63,35.46,35.69,35.69,2728200
31/07/2020,33.04,35.85,32.7,34.88,34.88,3558600
03/08/2020,35.13,35.13,34.08,34.44,34.44,2371800
04/08/2020,34.22,34.51,33.81,34.24,34.24,3538800
05/08/2020,34.49,35.72,34.27,35.24,35.24,1688400
06/08/2020,35.08,35.08,34.0,34.42,34.42,1630800
07/08/2020,34.33,35.1,34.0,35.09,35.09,1303200
10/08/2020,35.33,36.87,35.24,36.42,36.42,2639400
11/08/2020,36.8,37.62,36.69,37.22,37.22,2445000
12/08/2020,37.47,37.55,36.8,36.81,36.81,2333400
13/08/2020,36.54,36.66,35.98,36.32,36.32,1176000
14/08/2020,36.12,36.46,35.9,35.95,35.95,1428000
17/08/2020,36.23,36.23,35.06,35.36,35.36,2463600
18/08/2020,35.46,35.57,34.81,35.14,35.14,2167200
19/08/2020,35.18,35.32,34.56,34.62,34.62,1488600
20/08/2020,34.29,35.2,33.98,34.63,34.63,1345200
21/08/2020,34.68,35.01,34.28,34.9,34.9,903000
24/08/2020,34.98,35.37,34.56,34.88,34.88,1720800
25/08/2020,35.03,35.22,34.35,34.96,34.96,2579400
26/08/2020,34.96,35.37,34.83,35.26,35.26,1444800
27/08/2020,35.54,35.85,35.05,35.14,35.14,1097400
28/08/2020,35.51,35.51,34.58,35.06,35.06,1075800
31/08/2020,35.08,35.08,33.9,33.98,33.98,1863600
01/09/2020,33.99,35.01,33.71,34.99,34.99,1641000
02/09/2020,35.42,35.42,34.28,34.6,34.6,1506600
03/09/2020,34.59,34.59,32.79,33.04,33.04,1805400
04/09/2020,33.38,33.55,32.31,32.85,32.85,1853400
08/09/2020,32.37,33.98,32.1,33.31,33.31,2058600
09/09/2020,33.63,34.01,33.18,33.83,33.83,1596600
10/09/2020,34.07,34.3,32.95,33.05,33.05,1902000
11/09/2020,33.54,33.99,33.1,33.87,33.87,2305200
14/09/2020,34.18,34.83,34.08,34.7,34.7,1419600
15/09/2020,34.9,35.78,34.75,35.74,35.74,2415000
16/09/2020,36.14,37.14,35.9,36.56,36.56,2772600
17/09/2020,35.9,36.42,35.36,35.56,35.56,2244000
18/09/2020,35.92,35.92,34.26,34.82,34.82,2788800
21/09/2020,34.11,34.54,33.69,34.51,34.51,1750200
22/09/2020,34.69,35.67,34.49,35.61,35.61,1732800
23/09/2020,35.79,37.21,35.62,35.75,35.75,3654600
24/09/2020,35.72,36.63,34.98,36.28,36.28,1575600
25/09/2020,36.0,36.34,35.52,35.87,35.87,1524000
28/09/2020,36.21,36.96,36.21,36.54,36.54,1416000
29/09/2020,36.38,36.61,35.7,36.32,36.32,1439400
30/09/2020,36.43,36.94,36.26,36.67,36.67,1993200
01/10/2020,37.11,39.67,36.99,39.27,39.27,4817400
02/10/2020,38.29,39.74,38.29,39.56,39.56,1845000
05/10/2020,39.7,39.93,38.8,39.75,39.75,1423800
06/10/2020,40.02,40.05,38.97,39.16,39.16,2073600
07/10/2020,39.84,40.4,39.65,40.06,40.06,1836600
08/10/2020,40.56,41.17,40.12,40.88,40.88,1803600
09/10/2020,41.3,41.92,40.88,41.87,41.87,1950600
12/10/2020,42.74,42.98,42.0,42.22,42.22,2071200
13/10/2020,41.75,42.35,41.33,42.27,42.27,2440200
14/10/2020,42.35,42.92,42.32,42.68,42.68,2020200
15/10/2020,42.33,43.81,41.89,43.68,43.68,1764000
16/10/2020,43.65,44.45,43.31,43.72,43.72,3505200
19/10/2020,43.97,44.52,41.17,42.17,42.17,4461600
20/10/2020,42.3,42.71,41.56,41.59,41.59,2035200
21/10/2020,41.92,42.08,40.91,41.27,41.27,1803600
22/10/2020,41.87,41.87,40.67,41.29,41.29,2015400
23/10/2020,41.32,42.75,40.71,42.53,42.53,2694000
26/10/2020,42.5,43.66,42.18,43.63,43.63,2091000
27/10/2020,43.65,43.99,42.95,43.67,43.67,2695200
28/10/2020,42.67,43.06,41.15,41.7,41.7,2177400
29/10/2020,41.56,43.15,41.45,42.96,42.96,2767800
30/10/2020,43.64,43.7,41.14,42.23,42.23,3873600
02/11/2020,42.26,42.78,41.84,42.48,42.48,2281200
03/11/2020,43.14,43.14,41.44,41.93,41.93,2445000
04/11/2020,41.8,43.54,41.69,43.51,43.51,1973400
05/11/2020,43.81,46.8,43.75,46.43,46.43,3746400
06/11/2020,46.7,46.7,44.91,45.05,45.05,2911800
09/11/2020,47.09,47.55,42.33,42.46,42.46,3937800
10/11/2020,42.62,42.92,40.14,41.92,41.92,4056600
11/11/2020,42.19,43.48,41.73,42.27,42.27,1939800
12/11/2020,42.24,42.58,40.66,41.38,41.38,2802000
13/11/2020,41.87,42.46,41.38,41.85,41.85,2140800
16/11/2020,42.17,42.24,40.4,41.64,41.64,3703200
17/11/2020,41.76,42.76,41.27,42.39,42.39,1713600
18/11/2020,42.4,43.04,41.84,41.99,41.99,1671600
19/11/2020,42.04,42.21,40.95,41.45,41.45,1884600
20/11/2020,41.28,41.46,40.21,41.2,41.2,2157600
23/11/2020,41.61,43.13,41.29,42.9,42.9,2275800
24/11/2020,43.39,43.97,42.83,43.25,43.25,1652400
25/11/2020,43.38,44.57,42.77,44.08,44.08,1558200
27/11/2020,43.98,44.34,42.92,43.36,43.36,853800
30/11/2020,43.24,43.38,42.14,42.43,42.43,2161800
01/12/2020,43.08,44.29,42.71,44.08,44.08,3225600
02/12/2020,44.03,44.89,43.48,44.87,44.87,2140800
03/12/2020,45.17,46.84,44.97,46.68,46.68,3295200
04/12/2020,46.67,48.19,46.14,48.1,48.1,2970000
07/12/2020,47.66,48.27,46.94,48.17,48.17,2101200
08/12/2020,48.66,49.86,47.85,49.19,49.19,2510400
09/12/2020,49.49,50.32,48.98,49.54,49.54,1973400
10/12/2020,49.33,50.29,48.12,48.61,48.61,1825200
11/12/2020,48.08,48.96,47.9,48.65,48.65,1679400
14/12/2020,48.96,49.98,48.95,49.15,49.15,2375400
15/12/2020,49.31,50.73,49.22,50.71,50.71,1648800
16/12/2020,51.29,51.3,49.31,50.03,50.03,1831800
17/12/2020,50.32,50.51,49.49,50.16,50.16,1616400
18/12/2020,50.4,50.4,48.6,49.12,49.12,3077400
21/12/2020,48.35,50.05,48.04,50.0,50.0,1829400
22/12/2020,49.76,50.22,48.6,48.99,48.99,1635000
23/12/2020,49.41,49.5,48.63,49.26,49.26,1572000
24/12/2020,49.47,49.49,48.65,48.79,48.79,438600
28/12/2020,49.01,49.19,48.33,48.49,48.49,1318200
29/12/2020,48.58,48.82,47.0,47.91,47.91,1451400
30/12/2020,47.85,48.19,47.56,47.67,47.67,1227600
31/12/2020,47.81,48.24,47.27,47.8,47.8,1310400
04/01/2021,48.29,48.36,46.56,47.24,47.24,2990400
05/01/2021,47.19,49.17,47.19,49.0,49.0,1633800
06/01/2021,49.22,52.38,49.22,52.06,52.06,2913000
07/01/2021,52.21,52.98,51.67,52.81,52.81,1621200
08/01/2021,53.05,53.38,51.85,52.4,52.4,2640600
11/01/2021,51.94,55.1,51.78,54.49,54.49,2092800
12/01/2021,55.0,56.01,54.26,55.44,55.44,2110800
13/01/2021,55.9,56.05,53.46,54.06,54.06,2216400
14/01/2021,54.42,55.18,53.79,53.98,53.98,2348400
15/01/2021,53.43,54.61,52.59,54.33,54.33,1731600
19/01/2021,54.86,54.86,53.02,53.85,53.85,2311800
20/01/2021,54.49,55.35,53.76,55.16,55.16,2325600
21/01/2021,55.82,55.82,53.81,53.83,53.83,1856400
22/01/2021,53.48,54.02,52.72,53.31,53.31,1503000
25/01/2021,53.21,54.26,51.74,52.4,52.4,1920600
26/01/2021,52.88,52.99,50.35,50.71,50.71,1824000
27/01/2021,49.67,49.84,46.12,46.44,46.44,4952400
28/01/2021,47.4,48.83,46.6,48.44,48.44,4090800
29/01/2021,48.25,49.4,47.63,48.66,48.66,1986600
01/02/2021,49.03,49.99,48.65,49.89,49.89,1525200
02/02/2021,51.0,52.75,50.76,52.0,52.0,2009400
03/02/2021,52.45,52.75,51.19,51.6,51.6,1303800
04/02/2021,51.99,54.1,51.91,52.81,52.81,2373000
05/02/2021,53.51,55.27,51.67,52.79,52.79,3031200
08/02/2021,52.96,53.67,52.36,53.37,53.37,2089200
09/02/2021,53.3,54.42,53.3,54.25,54.25,1762800
10/02/2021,54.83,54.9,53.19,53.47,53.47,1975200
11/02/2021,54.15,54.15,52.59,53.24,53.24,1801200
12/02/2021,52.96,53.91,52.74,53.89,53.89,1315800
16/02/2021,54.43,54.5,53.06,53.97,53.97,2278200
17/02/2021,53.51,54.33,52.89,53.94,53.94,1656000
18/02/2021,53.62,54.22,53.04,53.87,53.87,1461600
19/02/2021,53.74,55.25,53.58,55.19,55.19,2356800
22/02/2021,54.92,56.76,54.38,54.67,54.67,1855800
23/02/2021,53.92,54.31,51.89,54.06,54.06,2560200
24/02/2021,54.15,55.8,54.13,55.25,55.25,1815000
25/02/2021,55.54,55.58,52.86,53.18,53.18,1677600
26/02/2021,53.93,55.28,53.76,54.35,54.35,2821800
01/03/2021,55.17,56.34,54.95,55.26,55.26,2161200
02/03/2021,55.34,55.79,54.17,54.28,54.28,1350000
03/03/2021,54.44,55.26,53.34,53.49,53.49,1884600
04/03/2021,53.06,53.85,50.76,51.73,51.73,2014800
05/03/2021,52.56,52.85,50.55,52.73,52.73,2197800
08/03/2021,52.98,54.9,52.68,52.83,52.83,2180400
09/03/2021,53.79,54.47,53.09,53.77,53.77,2072400
10/03/2021,54.4,54.69,52.44,52.66,52.66,1710600
11/03/2021,53.3,54.62,52.34,54.52,54.52,2152800
12/03/2021,54.33,55.39,54.02,54.71,54.71,1233000
15/03/2021,54.75,57.31,54.75,57.22,57.22,1359600
16/03/2021,57.5,57.5,55.78,56.45,56.45,1035600
17/03/2021,56.34,57.35,55.47,57.35,57.35,1294200
18/03/2021,57.06,57.25,54.81,55.16,55.16,1237800
19/03/2021,55.71,57.07,54.59,56.45,56.45,3454800
22/03/2021,57.03,57.05,54.89,55.47,55.47,2359800
23/03/2021,55.21,56.06,52.39,53.1,53.1,2236800
24/03/2021,53.54,53.97,51.85,51.96,51.96,1969800
25/03/2021,51.19,53.9,50.85,53.62,53.62,1195800
26/03/2021,53.9,55.66,53.63,55.64,55.64,1249800
29/03/2021,55.61,55.96,53.11,53.39,53.39,1770600
30/03/2021,53.46,54.61,53.25,54.28,54.28,1248000
31/03/2021,54.94,55.51,54.5,55.07,55.07,981600
01/04/2021,55.77,55.99,54.69,55.09,55.09,1677600
05/04/2021,55.62,55.62,54.17,55.17,55.17,1584000
06/04/2021,55.58,57.88,55.47,56.49,56.49,1811400
07/04/2021,56.54,56.97,55.89,56.55,56.55,1123200
08/04/2021,57.09,57.09,55.74,56.1,56.1,961200
09/04/2021,56.06,57.22,56.05,57.07,57.07,784200
12/04/2021,56.86,58.04,56.47,57.66,57.66,1473000
13/04/2021,57.56,57.66,55.78,55.97,55.97,949200
14/04/2021,55.78,56.74,55.3,56.02,56.02,928200
15/04/2021,56.55,56.67,55.43,56.59,56.59,945600
16/04/2021,57.13,57.5,56.53,56.84,56.84,901200
19/04/2021,56.53,56.58,55.52,56.21,56.21,1185000
20/04/2021,55.8,55.97,53.79,54.64,54.64,1159200
21/04/2021,54.63,55.87,54.26,55.49,55.49,1021200
22/04/2021,55.5,56.71,55.35,55.77,55.77,970200
23/04/2021,56.33,57.78,55.92,57.29,57.29,1395000
26/04/2021,57.59,58.25,56.12,56.5,56.5,1497600
27/04/2021,56.95,58.28,56.79,57.78,57.78,1435200
28/04/2021,57.72,58.63,57.26,58.26,58.26,1392600
29/04/2021,58.73,58.95,58.1,58.56,58.56,1211400
30/04/2021,58.13,58.82,56.23,56.37,56.37,1370400
03/05/2021,56.65,58.06,56.53,57.77,57.77,1300200
04/05/2021,57.4,58.37,56.64,58.31,58.31,1133400
05/05/2021,58.87,58.95,57.11,57.46,57.46,1015800
06/05/2021,57.69,57.69,55.96,56.74,56.74,1363200
07/05/2021,56.94,57.55,56.59,56.88,56.88,962400
10/05/2021,56.58,56.76,54.36,55.0,55.0,2217000
11/05/2021,54.33,54.87,53.34,53.94,53.94,2098800
12/05/2021,53.44,54.53,52.19,52.34,52.34,1429800
13/05/2021,52.87,54.99,52.87,53.89,53.89,1418400
14/05/2021,54.3,55.97,53.73,55.96,55.96,1426200
17/05/2021,55.91,56.96,55.42,56.87,56.87,1417200
18/05/2021,56.79,57.04,55.39,55.42,55.42,1624200
19/05/2021,54.35,54.42,53.06,53.86,53.86,1683600
20/05/2021,53.83,53.86,51.0,51.87,51.87,3589800
21/05/2021,55.45,57.53,54.0,55.96,55.96,6767400
24/05/2021,56.71,57.82,56.39,56.44,56.44,2238600
25/05/2021,56.59,56.98,55.56,55.92,55.92,1633200
26/05/2021,56.24,57.63,55.9,57.04,57.04,1426800
27/05/2021,57.2,58.1,56.52,56.52,56.52,2214600
28/05/2021,56.41,56.7,55.03,55.91,55.91,1566000
01/06/2021,56.45,57.0,56.0,56.97,56.97,1444800
02/06/2021,57.2,57.2,53.88,55.16,55.16,2917200
03/06/2021,54.62,55.43,53.5,54.81,54.81,1743600
04/06/2021,55.18,55.37,53.6,54.0,54.0,2226600
07/06/2021,53.85,54.94,53.61,54.13,54.13,1599000
08/06/2021,54.39,54.53,53.51,54.25,54.25,1407600
09/06/2021,54.35,54.48,53.78,53.97,53.97,1975200
10/06/2021,54.07,54.83,53.69,54.17,54.17,1765800
11/06/2021,54.49,55.85,54.49,55.74,55.74,1230600
14/06/2021,55.83,56.38,55.45,55.76,55.76,1351200
15/06/2021,55.79,56.03,54.86,55.65,55.65,1871400
16/06/2021,55.42,55.56,54.17,54.51,54.51,2085000
17/06/2021,54.24,54.84,53.58,54.27,54.27,2674200
18/06/2021,53.6,55.74,53.6,54.23,54.23,3768000
21/06/2021,54.46,56.4,54.36,56.12,56.12,1780800
22/06/2021,55.91,58.03,55.35,58.03,58.03,1881000
23/06/2021,58.44,58.95,57.85,58.7,58.7,1899000
24/06/2021,59.21,59.5,57.87,59.31,59.31,2037000
25/06/2021,60.27,64.11,60.0,63.44,63.44,24804000
28/06/2021,63.74,63.92,62.9,63.73,63.73,3484800
29/06/2021,64.01,64.6,63.33,63.8,63.8,2842800
30/06/2021,63.69,64.29,63.09,64.01,64.01,2826000
01/07/2021,64.43,66.04,64.33,64.98,64.98,2737800
02/07/2021,64.9,65.47,64.23,65.44,65.44,2026800
06/07/2021,65.84,66.04,63.76,64.56,64.56,2701200
07/07/2021,64.33,65.62,63.99,65.1,65.1,1791000
08/07/2021,63.68,64.79,62.82,63.95,63.95,1839000
09/07/2021,64.61,65.25,63.95,65.0,65.0,1185600
12/07/2021,65.0,65.94,64.44,65.66,65.66,1970400
13/07/2021,64.93,65.52,64.6,64.83,64.83,1331400
14/07/2021,65.22,65.5,64.29,64.32,64.32,1504800
15/07/2021,64.11,64.32,62.87,63.48,63.48,2706600
16/07/2021,63.89,64.15,62.3,62.47,62.47,1136400
19/07/2021,61.4,63.81,61.4,62.47,62.47,1480200
20/07/2021,62.95,64.83,62.39,64.31,64.31,1369200
21/07/2021,64.58,65.44,64.21,64.5,64.5,1177800
22/07/2021,65.67,66.12,64.63,66.11,66.11,1638600
23/07/2021,66.67,68.52,66.53,67.65,67.65,2295600
26/07/2021,67.58,69.09,67.28,68.48,68.48,1857600
27/07/2021,68.39,68.39,65.51,66.36,66.36,1906800
28/07/2021,66.36,67.71,65.05,67.41,67.41,2050800
29/07/2021,67.86,68.37,67.41,67.78,67.78,1964400
30/07/2021,66.74,69.24,66.12,68.47,68.47,2291400
02/08/2021,69.1,71.22,68.82,70.75,70.75,3798600
03/08/2021,70.81,72.19,70.1,71.74,71.74,2145000
04/08/2021,71.52,73.18,71.11,72.76,72.76,2185200
05/08/2021,72.43,74.08,72.0,72.5,72.5,2548800
06/08/2021,73.19,73.73,72.24,72.45,72.45,1059000
09/08/2021,72.05,72.53,71.48,72.17,72.17,1573800
10/08/2021,72.46,73.5,71.77,71.84,71.84,1384800
11/08/2021,71.71,72.77,71.54,72.34,72.34,1030800
12/08/2021,72.68,73.13,71.68,71.69,71.69,1653600
13/08/2021,71.76,72.5,71.38,72.41,72.41,1570800
16/08/2021,72.16,72.48,71.37,72.38,72.38,1963800
17/08/2021,72.06,73.29,69.36,70.35,70.35,3173400
18/08/2021,70.04,71.83,70.04,71.36,71.36,2074200
19/08/2021,70.26,71.66,70.19,71.27,71.27,1663200
20/08/2021,71.67,72.49,71.34,72.42,72.42,1296600
23/08/2021,72.51,73.04,72.1,72.25,72.25,785400
24/08/2021,72.67,73.33,72.51,72.54,72.54,1300200
25/08/2021,73.06,73.16,71.89,71.97,71.97,1124400
26/08/2021,71.58,71.58,70.21,70.52,70.52,1342200
27/08/2021,70.73,71.46,70.27,70.56,70.56,1723800
30/08/2021,70.67,71.18,69.74,70.28,70.28,2103000
31/08/2021,70.08,70.49,69.23,69.74,69.74,1593000
01/09/2021,70.24,70.49,69.13,69.39,69.39,1645200
02/09/2021,69.4,69.68,67.33,67.77,67.77,2466600
03/09/2021,67.32,68.4,66.61,68.35,68.35,1666200
07/09/2021,68.35,69.4,67.28,68.06,68.06,2284800
08/09/2021,68.1,68.1,66.38,66.88,66.88,1594200
09/09/2021,67.36,69.32,67.21,67.79,67.79,1707600
10/09/2021,68.19,69.83,67.82,69.32,69.32,1563600
13/09/2021,69.25,69.93,68.37,69.81,69.81,3220200
14/09/2021,70.06,73.1,69.45,72.77,72.77,4686000
15/09/2021,72.86,73.0,70.15,72.71,72.71,3039000
16/09/2021,72.64,74.62,72.48,73.32,73.32,3357000
17/09/2021,73.83,75.25,71.87,72.5,72.5,4711800
20/09/2021,70.99,71.67,69.69,70.99,70.99,1797000
21/09/2021,71.61,71.88,70.09,70.42,70.42,1390800
22/09/2021,70.54,72.04,70.54,70.81,70.81,1670400
23/09/2021,71.55,72.55,71.0,71.17,71.17,1473000
24/09/2021,69.15,69.55,64.25,64.79,64.79,6414600
27/09/2021,64.17,65.15,63.31,63.75,63.75,3552000
28/09/2021,63.03,63.65,61.78,62.58,62.58,2449800
29/09/2021,62.85,63.14,61.08,62.05,62.05,2698200
30/09/2021,62.22,63.03,59.83,60.03,60.03,4902000
01/10/2021,60.12,62.04,58.67,60.91,60.91,3584400
04/10/2021,60.64,61.51,60.29,61.11,61.11,2563800
05/10/2021,60.95,62.14,60.32,60.83,60.83,2636400
06/10/2021,60.16,61.08,59.8,60.65,60.65,2464200
07/10/2021,61.34,63.32,61.23,62.69,62.69,2605800
08/10/2021,62.53,62.68,59.88,59.97,59.97,1859400
11/10/2021,59.71,60.03,55.06,55.12,55.12,8017800
12/10/2021,55.75,56.84,54.77,56.49,56.49,3630600
13/10/2021,56.96,58.37,56.73,57.9,57.9,3366000
14/10/2021,58.74,59.82,58.33,58.64,58.64,4472400
15/10/2021,58.9,60.4,58.65,59.71,59.71,2984400
18/10/2021,59.21,61.52,57.86,61.26,61.26,3837000
19/10/2021,61.28,61.31,60.11,60.4,60.4,1524000
20/10/2021,61.24,61.67,59.82,59.88,59.88,2006400
21/10/2021,62.33,63.53,61.76,63.28,63.28,3006600
22/10/2021,63.12,64.25,62.99,63.18,63.18,1999800
25/10/2021,63.47,65.14,63.2,64.3,64.3,2380200
26/10/2021,64.63,65.81,62.19,62.96,62.96,3019200
27/10/2021,62.57,63.77,61.25,62.72,62.72,2613600
28/10/2021,62.6,64.72,61.47,63.39,63.39,4348200
29/10/2021,64.88,68.33,62.03,65.89,65.89,7227600
01/11/2021,65.91,68.58,65.89,68.54,68.54,4005000
02/11/2021,68.13,68.39,65.62,65.93,65.93,3621000
03/11/2021,66.41,69.01,66.03,68.04,68.04,3406800
04/11/2021,67.9,69.69,67.51,69.35,69.35,3015600
05/11/2021,69.76,70.8,69.5,70.57,70.57,2502600
08/11/2021,70.33,71.0,68.35,69.61,69.61,2662200
09/11/2021,69.56,70.97,69.56,70.86,70.86,1673400
10/11/2021,70.12,71.07,69.54,70.44,70.44,1945200
11/11/2021,71.17,71.86,70.3,70.56,70.56,2548800
12/11/2021,70.94,72.43,70.75,71.22,71.22,1693200
15/11/2021,71.84,72.06,69.54,69.61,69.61,1883400
16/11/2021,69.43,73.28,69.43,71.45,71.45,2766600
17/11/2021,71.52,72.9,70.79,72.81,72.81,1594800
18/11/2021,73.52,74.09,72.62,73.05,73.05,1495200
19/11/2021,73.25,74.01,72.14,72.42,72.42,1540200
22/11/2021,72.73,74.68,71.4,71.84,71.84,2907000
23/11/2021,71.0,72.44,69.66,70.98,70.98,1681800
24/11/2021,69.33,71.46,69.17,71.01,71.01,2319000
26/11/2021,68.9,70.71,68.04,69.09,69.09,1235400
29/11/2021,69.94,70.11,68.08,69.2,69.2,1455000
30/11/2021,69.27,69.51,66.02,67.57,67.57,3087600
01/12/2021,68.38,70.75,66.13,66.26,66.26,2387400
02/12/2021,66.2,67.68,64.87,67.34,67.34,2706600
03/12/2021,66.95,67.95,64.26,65.02,65.02,2261400
06/12/2021,65.61,65.85,64.11,64.28,64.28,1953000
07/12/2021,65.82,68.48,65.38,67.5,67.5,2300400
08/12/2021,67.42,68.03,66.48,67.61,67.61,1193400
09/12/2021,67.08,68.2,65.53,65.81,65.81,1197000
10/12/2021,65.84,65.97,64.32,64.97,64.97,1179600
13/12/2021,64.98,64.98,61.85,63.06,63.06,2321400
14/12/2021,62.14,62.43,60.36,62.04,62.04,2774400
15/12/2021,62.56,63.16,60.7,63.1,63.1,2311200
16/12/2021,63.13,63.56,59.06,59.39,59.39,2565600
17/12/2021,58.4,60.01,58.31,59.35,59.35,2698800
20/12/2021,58.15,58.16,55.6,56.51,56.51,2355600
21/12/2021,58.04,58.88,57.71,58.49,58.49,2623800
22/12/2021,58.46,59.42,57.78,57.98,57.98,1944600
23/12/2021,58.63,59.83,57.54,59.42,59.42,3178200
27/12/2021,59.74,60.25,59.17,59.76,59.76,1416600
28/12/2021,60.46,61.09,59.8,59.84,59.84,898800
29/12/2021,60.0,61.78,60.0,60.98,60.98,1089600
30/12/2021,60.76,62.18,60.76,61.32,61.32,1300800
31/12/2021,61.25,62.15,60.67,61.05,61.05,919200
03/01/2022,61.21,62.15,60.88,61.32,61.32,1482600
04/01/2022,61.09,62.24,59.64,59.7,59.7,1546200
05/01/2022,58.85,60.07,56.94,57.03,57.03,2265000
06/01/2022,56.65,58.44,55.64,58.14,58.14,1670400
07/01/2022,57.81,59.14,56.17,56.35,56.35,1435200
10/01/2022,54.86,55.3,52.72,55.28,55.28,3389400
11/01/2022,55.84,56.81,54.0,56.56,56.56,2348400
12/01/2022,57.16,58.35,56.24,56.86,56.86,1693200
13/01/2022,57.17,57.64,55.51,55.69,55.69,1046400
14/01/2022,54.63,54.8,52.6,53.97,53.97,2082000
18/01/2022,53.64,54.45,53.37,53.8,53.8,1868400
19/01/2022,54.22,54.91,52.84,52.92,52.92,2312400
20/01/2022,53.4,54.1,51.76,52.03,52.03,1536000
21/01/2022,51.71,53.01,50.71,51.94,51.94,1918800
24/01/2022,50.85,53.56,49.31,53.5,53.5,2517600
25/01/2022,52.07,52.26,50.79,51.19,51.19,1990800
26/01/2022,52.82,53.32,49.26,49.81,49.81,2466600
27/01/2022,50.22,51.25,49.42,49.81,49.81,1392000
28/01/2022,49.99,50.85,48.21,50.83,50.83,2626800
31/01/2022,51.06,53.37,50.87,53.37,53.37,2086800
01/02/2022,53.72,55.24,52.75,54.88,54.88,2656200
02/02/2022,55.44,55.65,54.0,55.07,55.07,2866800
03/02/2022,53.78,55.39,53.57,53.69,53.69,2708400
04/02/2022,50.83,52.95,49.0,50.63,50.63,6375000
07/02/2022,50.51,51.04,49.0,49.36,49.36,3410400
08/02/2022,49.0,50.38,48.37,50.02,50.02,3760200
09/02/2022,51.21,52.3,50.74,51.57,51.57,2598000
10/02/2022,49.67,53.17,49.67,51.03,51.03,2108400
11/02/2022,51.1,51.62,50.13,50.69,50.69,3682200
14/02/2022,50.34,51.57,49.79,50.18,50.18,3299400
15/02/2022,50.81,52.45,50.81,52.33,52.33,2331600
16/02/2022,52.22,54.95,51.38,54.1,54.1,4421400
17/02/2022,53.53,54.03,49.89,49.97,49.97,1952400
18/02/2022,49.73,50.48,49.04,49.38,49.38,1717200
22/02/2022,48.49,50.11,47.24,47.61,47.61,2273400
23/02/2022,48.13,48.13,46.56,46.64,46.64,2733600
24/02/2022,44.51,47.74,44.51,47.45,47.45,3557400
25/02/2022,47.5,48.26,46.76,47.92,47.92,2406600
28/02/2022,47.41,48.19,46.83,48.11,48.11,2188800
01/03/2022,47.65,48.16,44.79,45.24,45.24,2774400
02/03/2022,45.59,47.33,45.26,46.93,46.93,2994000
03/03/2022,47.47,47.53,44.52,44.72,44.72,2045400
04/03/2022,44.57,44.57,40.71,40.93,40.93,4740000
07/03/2022,40.76,40.85,38.65,39.13,39.13,5796000
08/03/2022,39.21,41.01,38.98,40.28,40.28,3373200
09/03/2022,42.08,43.34,41.62,41.92,41.92,2207400
10/03/2022,40.8,43.58,40.8,43.23,43.23,4803600
11/03/2022,43.5,43.97,42.57,42.9,42.9,3397800
14/03/2022,42.7,43.53,41.5,41.79,41.79,2212800
15/03/2022,41.89,43.54,41.76,43.33,43.33,2148600
16/03/2022,43.98,45.94,43.76,45.92,45.92,3187200
17/03/2022,45.48,46.16,45.34,46.08,46.08,2439000
18/03/2022,46.18,48.59,45.92,48.53,48.53,5832000
21/03/2022,48.12,48.27,45.87,46.38,46.38,2047800
22/03/2022,46.85,47.67,46.21,46.71,46.71,2953800
23/03/2022,46.33,46.84,44.8,44.9,44.9,4338000
24/03/2022,45.26,45.51,44.31,45.01,45.01,3662400
25/03/2022,45.1,45.39,44.25,44.78,44.78,2218200
28/03/2022,44.96,45.95,44.19,45.93,45.93,1664400
29/03/2022,46.88,48.72,46.88,48.17,48.17,2454600
30/03/2022,47.78,47.78,46.53,46.9,46.9,1978200
31/03/2022,46.83,47.06,45.61,45.63,45.63,2103000
01/04/2022,45.96,46.55,45.67,46.11,46.11,1771200
04/04/2022,46.26,47.99,46.14,47.8,47.8,2440200
05/04/2022,47.49,47.54,45.47,46.03,46.03,2652600
06/04/2022,45.1,45.23,43.56,44.71,44.71,2157600
07/04/2022,44.31,45.15,43.74,44.66,44.66,1986000
08/04/2022,44.57,45.15,43.83,43.96,43.96,1994400
11/04/2022,42.78,44.54,42.78,43.39,43.39,1615200
12/04/2022,44.08,45.32,43.67,44.22,44.22,2265000
13/04/2022,44.06,45.65,44.06,45.31,45.31,1902600
14/04/2022,45.66,45.99,44.79,45.21,45.21,2002800
18/04/2022,45.0,45.38,44.13,45.16,45.16,1692600
19/04/2022,45.45,48.5,45.45,48.39,48.39,2102400
20/04/2022,49.08,49.83,48.23,48.27,48.27,2553000
21/04/2022,49.54,49.9,47.59,48.19,48.19,3950400
22/04/2022,47.71,47.75,45.59,45.66,45.66,2377800
25/04/2022,44.99,46.42,44.42,46.42,46.42,2910000
26/04/2022,45.65,46.4,43.62,43.7,43.7,1815600
27/04/2022,43.74,45.57,43.63,44.16,44.16,1602000
28/04/2022,44.61,45.89,43.81,45.55,45.55,1450800
29/04/2022,45.19,46.35,44.22,44.29,44.29,1277400
02/05/2022,43.94,45.65,43.68,45.51,45.51,1904400
03/05/2022,45.24,45.8,44.18,45.24,45.24,1392600
04/05/2022,45.15,46.62,43.91,46.51,46.51,1289400
05/05/2022,45.49,45.88,42.48,43.17,43.17,1878600
06/05/2022,42.56,42.56,39.99,41.11,41.11,2442000
09/05/2022,40.3,41.76,39.27,39.5,39.5,2788800
10/05/2022,40.48,40.91,38.31,39.42,39.42,2299800
11/05/2022,40.52,40.9,38.1,38.19,38.19,2744400
12/05/2022,37.6,40.24,37.6,39.45,39.45,1870200
13/05/2022,40.45,41.66,40.25,41.08,41.08,2566200
16/05/2022,40.74,41.12,39.5,39.83,39.83,3289800
17/05/2022,41.06,41.37,39.41,40.7,40.7,2778600
18/05/2022,39.17,39.23,37.17,37.88,37.88,4318200
19/05/2022,37.39,38.04,35.49,37.8,37.8,6525000
20/05/2022,44.16,45.38,41.08,42.55,42.55,12616200
23/05/2022,42.83,42.83,40.02,41.35,41.35,4033800
24/05/2022,40.71,40.83,38.84,40.15,40.15,3090000
25/05/2022,39.35,41.96,39.32,41.26,41.26,3102600
26/05/2022,42.04,44.31,41.79,43.69,43.69,2911200
27/05/2022,43.84,45.32,43.84,45.31,45.31,2431200
31/05/2022,44.84,45.27,44.1,44.76,44.76,2470200
01/06/2022,45.0,45.31,43.37,43.51,43.51,2128800
02/06/2022,43.58,45.61,43.58,45.45,45.45,1402200
03/06/2022,44.6,45.21,44.1,45.1,45.1,1764600
06/06/2022,45.66,45.98,44.83,45.82,45.82,1560600
07/06/2022,44.96,46.0,44.59,45.41,45.41,2553600
08/06/2022,45.4,46.36,44.76,46.03,46.03,1729800
09/06/2022,45.86,46.23,45.34,45.88,45.88,1876800
10/06/2022,45.13,45.73,44.5,44.99,44.99,1536600
13/06/2022,43.33,43.84,41.58,41.81,41.81,2585400
14/06/2022,41.92,42.42,41.49,41.96,41.96,1465200
15/06/2022,42.67,43.55,41.82,42.98,42.98,1585200
16/06/2022,41.52,41.6,39.78,40.27,40.27,2355000
17/06/2022,41.07,42.16,40.64,41.72,41.72,1746000
21/06/2022,43.05,43.56,42.66,43.04,43.04,2158800
22/06/2022,42.3,43.23,41.93,42.51,42.51,2466000
23/06/2022,43.02,43.71,42.46,43.48,43.48,2307000
24/06/2022,44.36,45.9,43.99,45.55,45.55,5149200
27/06/2022,45.5,45.57,42.88,44.73,44.73,3108000
28/06/2022,45.03,45.83,43.67,43.92,43.92,1971000
29/06/2022,43.74,43.96,42.67,43.37,43.37,1769400
30/06/2022,42.56,43.49,41.34,42.56,42.56,1567200
01/07/2022,42.5,42.63,40.2,40.78,40.78,3109800
05/07/2022,39.99,44.08,39.74,43.78,43.78,2836200
06/07/2022,43.89,44.34,42.82,43.35,43.35,1730400
07/07/2022,43.93,45.54,43.35,45.37,45.37,1914600
08/07/2022,45.0,45.63,44.23,44.93,44.93,1791000
11/07/2022,44.53,44.56,43.42,43.61,43.61,1638000
12/07/2022,43.85,45.42,43.59,43.96,43.96,2373600
13/07/2022,43.13,45.52,42.77,45.16,45.16,2197200
14/07/2022,44.4,44.94,42.86,44.23,44.23,2762400
15/07/2022,44.92,45.85,44.62,45.12,45.12,2544000
18/07/2022,45.44,46.97,45.22,45.99,45.99,4096200
19/07/2022,46.45,48.85,46.18,48.26,48.26,3506400
20/07/2022,48.5,49.55,48.31,49.46,49.46,2447400
21/07/2022,49.87,50.45,48.74,49.77,49.77,2547600
22/07/2022,49.81,50.2,48.44,48.99,48.99,1967400
25/07/2022,49.35,49.42,48.02,48.53,48.53,2293800
26/07/2022,47.31,47.66,45.92,46.0,46.0,2326800
27/07/2022,46.56,47.14,45.42,46.9,46.9,3021000
28/07/2022,47.36,47.9,45.84,47.9,47.9,4326000
29/07/2022,51.52,52.87,50.17,52.2,52.2,6613200
01/08/2022,50.96,52.99,50.0,52.33,52.33,3951600
02/08/2022,52.22,52.25,51.01,51.25,51.25,1957200
03/08/2022,52.01,53.07,51.82,52.69,52.69,1927200
04/08/2022,52.25,52.6,51.52,52.22,52.22,1455600
05/08/2022,51.2,53.09,51.2,52.89,52.89,2167200
08/08/2022,53.43,54.69,52.95,53.36,53.36,2209200
09/08/2022,53.06,53.33,51.27,52.05,52.05,1883400
10/08/2022,53.81,54.68,53.45,54.54,54.54,2803800
11/08/2022,55.33,56.17,54.78,54.84,54.84,2158200
12/08/2022,54.9,55.59,54.42,55.56,55.56,1367400
15/08/2022,55.43,56.79,55.4,56.44,56.44,1787400
16/08/2022,56.47,57.66,56.17,56.94,56.94,1507200
17/08/2022,55.93,56.86,55.55,56.12,56.12,1112400
18/08/2022,55.78,56.29,54.74,56.19,56.19,1459200
19/08/2022,55.79,56.03,54.35,54.55,54.55,1585800
22/08/2022,53.68,54.99,53.48,54.73,54.73,1450800
23/08/2022,55.14,56.1,54.35,54.4,54.4,1228200
24/08/2022,54.22,55.14,53.74,54.04,54.04,1279200
25/08/2022,53.86,55.53,53.86,55.49,55.49,1288200
26/08/2022,55.44,55.68,54.05,54.74,54.74,1734600
29/08/2022,53.78,55.17,53.67,54.65,54.65,1563600
30/08/2022,55.15,55.67,53.61,54.09,54.09,1785000
31/08/2022,54.33,54.44,53.11,53.6,53.6,1061400
01/09/2022,52.91,53.46,51.92,53.31,53.31,1624200
02/09/2022,53.93,54.15,52.55,52.89,52.89,1192200
06/09/2022,53.3,54.31,52.22,54.1,54.1,1827000
07/09/2022,54.04,56.74,54.04,56.57,56.57,1812000
08/09/2022,55.69,58.56,55.4,58.15,58.15,2376600
09/09/2022,58.28,58.72,57.65,58.12,58.12,1407000
12/09/2022,58.25,59.82,58.25,59.61,59.61,2268600
13/09/2022,57.24,57.35,55.29,55.61,55.61,2435400
14/09/2022,55.75,56.08,54.89,55.72,55.72,1801200
15/09/2022,57.14,58.72,56.48,56.55,56.55,2626200
16/09/2022,55.73,56.25,54.93,56.2,56.2,3952200
19/09/2022,55.85,57.32,55.85,57.15,57.15,1552200
20/09/2022,56.15,56.84,55.33,56.15,56.15,1680600
21/09/2022,56.42,57.04,54.91,54.95,54.95,1464000
22/09/2022,54.67,55.08,52.77,53.65,53.65,1935600
23/09/2022,52.8,53.4,52.24,53.33,53.33,1978800
26/09/2022,53.46,54.35,52.06,52.35,52.35,2367000
27/09/2022,53.24,54.07,52.66,53.17,53.17,1698000
28/09/2022,53.47,55.32,53.27,55.02,55.02,1862400
29/09/2022,54.27,54.42,53.12,53.85,53.85,1988400
30/09/2022,50.92,52.96,49.77,52.1,52.1,4674600
03/10/2022,52.54,54.38,52.12,53.83,53.83,2230200
04/10/2022,55.24,56.53,55.1,55.67,55.67,2187600
05/10/2022,55.11,57.17,54.99,56.84,56.84,1875600
06/10/2022,56.52,57.74,56.38,56.74,56.74,1888800
07/10/2022,55.62,55.87,54.88,55.81,55.81,1144200
10/10/2022,56.11,56.17,53.36,55.2,55.2,2320800
11/10/2022,54.89,57.03,54.51,56.25,56.25,1759800
12/10/2022,56.18,57.29,55.44,56.4,56.4,1711800
13/10/2022,55.09,58.0,54.18,57.2,57.2,2234400
14/10/2022,57.63,58.62,56.14,56.84,56.84,2029800
17/10/2022,57.83,58.99,57.46,58.89,58.89,3093000
18/10/2022,60.62,60.9,59.29,60.18,60.18,2767800
19/10/2022,59.76,60.14,58.78,59.09,59.09,2038200
20/10/2022,59.78,60.97,57.58,57.97,57.97,2836800
21/10/2022,57.69,60.62,57.5,60.55,60.55,3130200
24/10/2022,60.45,60.65,58.66,60.27,60.27,2698200
25/10/2022,60.83,62.19,60.67,61.53,61.53,4065000
26/10/2022,60.82,61.42,60.12,60.24,60.24,3901800
27/10/2022,60.52,61.32,58.17,59.99,59.99,4287000
28/10/2022,57.79,58.88,56.18,57.56,57.56,5255400
31/10/2022,58.12,60.22,57.91,58.32,58.32,3229800
01/11/2022,59.17,61.26,58.78,60.5,60.5,3116400
02/11/2022,60.1,60.65,57.67,57.77,57.77,3133200
03/11/2022,57.89,60.15,56.74,59.36,59.36,2968200
04/11/2022,60.88,61.0,57.57,58.94,58.94,2946000
07/11/2022,59.76,59.76,56.54,57.03,57.03,2947200
08/11/2022,57.09,57.76,55.19,55.56,55.56,3056400
09/11/2022,54.88,56.28,54.82,54.95,54.95,2700600
10/11/2022,57.2,59.26,57.16,58.46,58.46,3003600
11/11/2022,58.69,59.0,56.28,57.51,57.51,3532800
14/11/2022,55.96,57.13,54.35,54.37,54.37,3831600
15/11/2022,55.88,57.92,54.81,57.88,57.88,3588000
16/11/2022,56.76,57.97,55.71,57.83,57.83,3315000
17/11/2022,56.74,59.28,56.2,58.83,58.83,3534600
18/11/2022,60.43,62.73,60.0,62.57,62.57,5220600
21/11/2022,62.21,62.9,60.22,60.73,60.73,2452200
22/11/2022,61.23,61.99,60.41,61.69,61.69,1734600
23/11/2022,61.81,63.74,61.6,63.13,63.13,2318400
25/11/2022,62.96,63.65,62.67,63.53,63.53,645600
28/11/2022,63.4,64.9,63.38,63.91,63.91,2039400
29/11/2022,64.26,64.9,63.88,64.79,64.79,1507800
30/11/2022,65.41,66.59,64.59,66.48,66.48,2572800
01/12/2022,66.23,67.05,64.35,65.07,65.07,2314800
02/12/2022,64.31,65.8,64.31,64.89,64.89,2278800
05/12/2022,64.39,65.1,62.57,62.85,62.85,2489400
06/12/2022,63.01,63.01,61.67,62.72,62.72,2423400
07/12/2022,62.17,63.12,61.64,62.97,62.97,1270200
08/12/2022,63.38,64.06,63.02,63.47,63.47,1212000
09/12/2022,62.65,63.57,61.39,62.18,62.18,2179200
12/12/2022,62.5,63.59,61.75,63.2,63.2,2215800
13/12/2022,64.67,64.67,62.51,63.36,63.36,2605200
14/12/2022,63.41,65.46,63.33,65.0,65.0,2551800
15/12/2022,63.84,63.84,62.62,62.94,62.94,1424400
16/12/2022,62.23,62.75,60.99,61.58,61.58,2606400
19/12/2022,61.61,61.82,60.71,61.14,61.14,3218400
20/12/2022,60.7,61.29,60.27,60.51,60.51,1983600
21/12/2022,62.02,63.83,62.02,63.71,63.71,1671600
22/12/2022,63.55,65.33,63.17,64.77,64.77,1923600
23/12/2022,64.85,65.26,64.07,65.14,65.14,1165800
27/12/2022,65.11,66.85,64.85,66.14,66.14,1998000
28/12/2022,66.0,66.48,64.25,65.2,65.2,1502400
29/12/2022,65.93,66.7,65.52,66.67,66.67,1337400
30/12/2022,65.73,66.63,65.23,66.53,66.53,1117200
03/01/2023,67.43,67.44,64.53,64.87,64.87,2572200
04/01/2023,64.93,66.19,64.51,64.99,64.99,2728800
05/01/2023,64.72,66.3,63.76,65.85,65.85,1839600
06/01/2023,66.64,67.13,65.87,66.26,66.26,1847400
09/01/2023,65.68,68.82,65.37,67.64,67.64,2747400
10/01/2023,67.94,68.89,67.04,67.67,67.67,2160000
11/01/2023,67.69,68.55,67.69,68.41,68.41,2331600
12/01/2023,68.67,69.85,68.1,69.45,69.45,1935000
13/01/2023,68.86,70.45,68.85,70.15,70.15,2152800
17/01/2023,69.72,70.64,69.67,70.0,70.0,1518000
18/01/2023,70.06,71.17,70.0,70.06,70.06,1867200
19/01/2023,69.85,70.34,69.29,69.49,69.49,2081400
20/01/2023,69.67,70.07,69.04,69.67,69.67,1591800
23/01/2023,70.39,71.36,69.98,70.38,70.38,1728000
24/01/2023,69.83,70.87,69.43,70.46,70.46,1503000
25/01/2023,69.88,70.31,68.51,70.09,70.09,2085000
26/01/2023,71.05,71.34,69.37,70.17,70.17,2244000
27/01/2023,69.92,71.37,69.92,71.08,71.08,3088200
30/01/2023,70.72,71.79,69.99,70.06,70.06,2249400
31/01/2023,70.39,71.25,69.54,71.25,71.25,2854800
01/02/2023,70.68,71.77,69.75,71.4,71.4,2394600
02/02/2023,71.72,72.22,69.53,70.22,70.22,4194600
03/02/2023,69.21,70.82,68.18,69.06,69.06,4294800
06/02/2023,68.1,69.96,68.1,69.37,69.37,2423400
07/02/2023,69.13,69.78,68.28,69.6,69.6,2100600
08/02/2023,68.79,69.32,68.02,69.13,69.13,2268600
09/02/2023,70.0,70.67,69.56,70.13,70.13,3785400
10/02/2023,69.54,70.88,68.57,69.09,69.09,3155400
13/02/2023,69.72,70.56,69.09,70.2,70.2,2479200
14/02/2023,69.69,71.69,69.67,70.56,70.56,1944600
15/02/2023,70.05,70.39,69.21,69.25,69.25,2522400
16/02/2023,68.49,69.59,67.59,67.83,67.83,2876400
17/02/2023,67.88,68.49,67.29,67.56,67.56,2640600
21/02/2023,66.83,68.32,66.45,66.58,66.58,2788800
22/02/2023,66.57,67.23,66.19,67.1,67.1,1933200
23/02/2023,67.39,67.99,67.04,67.34,67.34,2006400
24/02/2023,66.89,67.19,66.27,66.7,66.7,1576800
27/02/2023,67.38,68.16,67.21,67.73,67.73,2395800
28/02/2023,67.76,70.08,67.76,69.39,69.39,2593800
01/03/2023,69.43,70.92,68.75,69.26,69.26,1626000
02/03/2023,69.07,70.26,68.66,70.14,70.14,1540200
03/03/2023,70.55,71.46,70.12,71.4,71.4,1603800
06/03/2023,71.42,72.62,71.29,72.25,72.25,2322000
07/03/2023,72.36,73.97,71.86,71.9,71.9,2572800
08/03/2023,71.8,72.28,71.0,71.75,71.75,1668600
09/03/2023,71.79,72.28,70.2,70.6,70.6,1471800
10/03/2023,70.73,70.73,67.55,68.72,68.72,2388000
13/03/2023,67.49,68.96,66.88,68.29,68.29,2973600
14/03/2023,69.29,70.88,69.07,70.0,70.0,1736400
15/03/2023,68.3,68.88,65.99,67.73,67.73,2333400
16/03/2023,67.21,69.77,67.21,69.46,69.46,1539000
17/03/2023,69.06,69.57,67.59,68.71,68.71,2777400
20/03/2023,69.07,69.99,68.77,69.25,69.25,1421400
21/03/2023,70.53,73.6,70.53,73.31,73.31,2984400
22/03/2023,72.74,74.48,72.16,72.21,72.21,2944800
23/03/2023,73.0,74.3,72.58,73.71,73.71,2271600
24/03/2023,73.25,74.1,72.5,73.79,73.79,1579200
27/03/2023,74.23,75.02,73.52,74.69,74.69,2013600
28/03/2023,75.21,76.28,74.69,75.27,75.27,2569800
29/03/2023,75.86,75.87,74.65,75.29,75.29,1764600
30/03/2023,75.47,76.15,74.4,74.66,74.66,2655000
31/03/2023,74.95,75.74,74.42,74.93,74.93,2928000
03/04/2023,75.01,75.68,74.42,75.59,75.59,2344200
04/04/2023,75.96,76.67,74.7,75.88,75.88,2019600
05/04/2023,75.24,75.38,74.22,74.86,74.86,1252200
06/04/2023,74.2,74.67,73.21,74.4,74.4,2249400
10/04/2023,74.11,76.57,74.09,76.34,76.34,1926600
11/04/2023,76.64,76.81,75.99,76.21,76.21,1239600
12/04/2023,76.32,77.15,76.16,76.29,76.29,1518600
13/04/2023,77.07,77.4,76.2,77.18,77.18,1351200
14/04/2023,77.58,78.59,77.32,77.84,77.84,1212600
17/04/2023,78.76,79.17,77.36,77.98,77.98,1809000
18/04/2023,78.21,80.03,77.95,79.57,79.57,2440200
19/04/2023,79.46,80.16,79.39,80.11,80.11,2146800
20/04/2023,79.85,80.85,79.85,79.94,79.94,1505400
21/04/2023,80.04,81.39,79.57,81.11,81.11,1926600
24/04/2023,81.15,82.07,80.5,81.64,81.64,1645800
25/04/2023,81.45,81.65,79.17,79.38,79.38,2352000
26/04/2023,79.19,80.17,79.19,79.76,79.76,1568400
27/04/2023,79.17,79.69,76.8,79.22,79.22,3478800
28/04/2023,78.35,80.0,78.19,79.89,79.89,2050200
01/05/2023,80.24,81.71,79.93,80.99,80.99,1612200
02/05/2023,80.6,81.0,79.03,80.82,80.82,1303200
03/05/2023,80.52,81.77,80.03,80.82,80.82,2181600
04/05/2023,80.15,80.67,79.22,79.79,79.79,1605000
05/05/2023,80.68,81.51,80.02,80.87,80.87,1227600
08/05/2023,81.0,82.83,80.49,82.44,82.44,1751400
09/05/2023,81.75,83.01,81.63,82.82,82.82,1880400
10/05/2023,83.91,83.91,81.2,82.62,82.62,1420200
11/05/2023,82.59,82.94,81.57,81.74,81.74,1661400
12/05/2023,81.76,82.66,80.94,81.76,81.76,2323200
15/05/2023,81.82,82.39,81.27,81.92,81.92,2211000
16/05/2023,80.72,81.45,77.89,78.89,78.89,3347400
17/05/2023,78.74,79.11,77.4,78.39,78.39,2989800
18/05/2023,78.29,80.0,77.82,78.75,78.75,1699800
19/05/2023,76.67,76.78,73.62,75.8,75.8,5455200
22/05/2023,76.5,76.74,75.23,76.03,76.03,2657400
23/05/2023,75.24,75.24,73.94,74.8,74.8,2904600
24/05/2023,74.89,74.99,72.85,73.39,73.39,3610800
25/05/2023,74.15,76.06,73.53,75.0,75.0,5267400
26/05/2023,72.5,78.71,70.73,77.53,77.53,8069400
30/05/2023,78.51,81.75,78.36,81.52,81.52,5094600
31/05/2023,80.83,80.98,77.7,79.17,79.17,17745600
01/06/2023,78.67,79.4,77.38,77.5,77.5,3328200
02/06/2023,78.75,80.32,78.75,79.46,79.46,2592600
05/06/2023,79.56,81.61,79.56,80.96,80.96,2170800
06/06/2023,80.9,82.97,80.9,81.92,81.92,2275200
07/06/2023,81.85,84.09,81.85,83.02,83.02,3435600
08/06/2023,82.65,83.41,80.91,81.83,81.83,3022800
09/06/2023,82.1,82.8,80.97,81.39,81.39,2351400
12/06/2023,81.81,83.85,81.28,83.48,83.48,2504400
13/06/2023,83.92,84.17,81.56,81.79,81.79,3221400
14/06/2023,82.0,85.33,81.19,84.46,84.46,2379000
15/06/2023,83.97,85.75,83.74,85.34,85.34,2041200
16/06/2023,86.2,86.2,84.64,85.45,85.45,2942400
20/06/2023,84.84,85.45,83.67,84.72,84.72,2136600
21/06/2023,84.8,86.42,84.8,85.02,85.02,1547400
22/06/2023,84.85,85.61,83.62,83.93,83.93,1937400
23/06/2023,83.09,85.1,82.85,84.35,84.35,2782800
26/06/2023,84.78,85.75,84.19,84.91,84.91,1639200
27/06/2023,85.43,86.54,84.74,85.34,85.34,1873800
28/06/2023,85.39,87.1,85.39,86.69,86.69,1930200
29/06/2023,86.84,87.0,85.46,85.66,85.66,1819200
30/06/2023,86.84,88.3,86.33,87.94,87.94,2974200
03/07/2023,88.2,89.72,88.08,88.58,88.58,1299000
05/07/2023,88.77,89.44,87.83,89.1,89.1,2097600
06/07/2023,88.33,88.68,87.17,88.33,88.33,2001600
07/07/2023,88.17,89.17,87.57,87.86,87.86,1523400
10/07/2023,88.13,90.71,88.13,90.14,90.14,2128800
11/07/2023,90.1,92.02,90.1,91.9,91.9,2112000
12/07/2023,92.66,93.83,91.43,92.22,92.22,1976400
13/07/2023,92.34,93.18,89.81,89.9,89.9,2407800
14/07/2023,90.49,91.07,89.93,90.58,90.58,1653600
17/07/2023,90.48,91.95,90.35,91.24,91.24,1577400
18/07/2023,91.1,92.19,90.28,91.11,91.11,1986600
19/07/2023,90.76,91.42,90.51,90.62,90.62,1499400
20/07/2023,90.47,90.88,88.87,89.24,89.24,1454400
21/07/2023,90.76,90.76,88.97,89.59,89.59,2256000
24/07/2023,90.45,91.87,89.35,91.58,91.58,3175800
25/07/2023,91.83,92.91,91.44,92.56,92.56,2742000
26/07/2023,92.01,93.05,91.61,93.0,93.0,1861800
27/07/2023,92.71,93.16,89.08,89.5,89.5,3953400
28/07/2023,86.33,90.45,85.23,89.01,89.01,5791800
31/07/2023,89.88,90.62,89.58,90.61,90.61,2559600
01/08/2023,90.04,91.37,90.04,90.39,90.39,1939200
02/08/2023,90.07,91.23,89.86,90.15,90.15,1956000
03/08/2023,90.58,92.72,90.21,92.56,92.56,1999200
04/08/2023,93.46,93.66,91.77,92.08,92.08,2311200
07/08/2023,92.66,94.71,92.66,94.26,94.26,1961400
08/08/2023,93.86,94.75,93.72,94.18,94.18,2076000
09/08/2023,94.23,94.46,92.0,92.5,92.5,1452600
10/08/2023,92.51,94.23,92.25,93.24,93.24,1825800
11/08/2023,93.17,93.72,91.74,92.04,92.04,1435800
14/08/2023,92.26,93.14,91.75,93.05,93.05,1189200
15/08/2023,92.11,93.06,92.11,92.46,92.46,1393800
16/08/2023,92.69,93.59,92.51,92.78,92.78,1174200
17/08/2023,93.18,93.18,91.26,91.35,91.35,1750800
18/08/2023,90.67,93.07,90.32,92.88,92.88,2059200
21/08/2023,93.58,93.66,92.01,93.41,93.41,1400400
22/08/2023,91.58,93.12,91.5,92.56,92.56,1560000
23/08/2023,89.5,91.9,89.5,91.7,91.7,1878000
24/08/2023,91.71,91.75,86.92,86.96,86.96,3081000
25/08/2023,87.33,88.38,86.26,86.92,86.92,1857600
28/08/2023,86.92,87.5,85.04,86.05,86.05,2490000
29/08/2023,85.97,88.11,85.9,87.98,87.98,2532000
30/08/2023,87.91,87.91,86.05,86.48,86.48,2440200
31/08/2023,86.69,88.78,86.69,88.18,88.18,4614000
01/09/2023,89.04,89.82,88.33,88.79,88.79,1947600
05/09/2023,88.47,88.78,86.33,87.35,87.35,1972200
06/09/2023,87.15,87.94,87.09,87.64,87.64,1693800
07/09/2023,87.05,87.29,85.39,87.29,87.29,3052200
08/09/2023,87.06,88.29,86.93,87.87,87.87,1753200
11/09/2023,88.5,89.61,87.65,89.54,89.54,2076000
12/09/2023,89.32,91.03,89.32,90.12,90.12,2276400
13/09/2023,89.92,89.92,88.17,88.99,88.99,1863000
14/09/2023,89.58,90.2,88.17,89.49,89.49,1444800
15/09/2023,89.13,89.68,85.79,87.15,87.15,5206800
18/09/2023,87.0,87.8,86.62,87.71,87.71,1690200
19/09/2023,87.54,88.75,86.69,88.58,88.58,1518600
20/09/2023,88.44,89.04,87.27,87.28,87.28,1140000
21/09/2023,86.53,86.85,83.99,84.2,84.2,2277600
22/09/2023,84.65,85.89,84.65,85.1,85.1,1423200
25/09/2023,84.68,85.73,84.4,85.27,85.27,1549800
26/09/2023,84.86,85.6,83.34,83.71,83.71,2152200
27/09/2023,84.15,84.31,82.79,83.6,83.6,1901400
28/09/2023,83.83,84.81,83.29,84.61,84.61,2080200
29/09/2023,86.67,87.14,85.4,85.68,85.68,2020200
02/10/2023,85.57,87.18,85.57,86.26,86.26,1817400
03/10/2023,85.18,85.92,84.36,84.69,84.69,1851000
04/10/2023,84.97,85.61,83.53,85.15,85.15,1421400
05/10/2023,85.02,85.04,82.65,82.76,82.76,2175000
06/10/2023,82.46,83.5,81.28,82.51,82.51,2309400
09/10/2023,81.89,83.49,81.63,83.25,83.25,1510200
10/10/2023,83.39,85.61,83.38,84.76,84.76,1691400
11/10/2023,84.76,86.19,83.67,84.85,84.85,1822800
12/10/2023,85.16,85.29,82.56,82.9,82.9,1783200
13/10/2023,82.95,83.21,81.62,82.07,82.07,1876800
16/10/2023,83.01,84.54,83.01,83.54,83.54,2479800
17/10/2023,83.04,86.89,83.04,86.49,86.49,2736600
18/10/2023,86.19,87.14,85.21,85.33,85.33,1827000
19/10/2023,85.68,86.1,84.47,84.81,84.81,2051400
20/10/2023,85.07,85.14,82.65,82.93,82.93,2026200
23/10/2023,82.62,83.32,81.2,82.41,82.41,2466600
24/10/2023,83.31,83.51,82.16,82.68,82.68,1948800
25/10/2023,82.11,83.76,81.34,82.07,82.07,2166000
26/10/2023,81.95,82.59,80.67,80.76,80.76,3465600
27/10/2023,90.86,97.5,90.51,96.06,96.06,11014200
30/10/2023,96.7,99.02,96.2,97.43,97.43,4617600
31/10/2023,97.83,99.75,97.75,99.51,99.51,3412200
01/11/2023,99.82,99.82,96.9,99.0,99.0,3770400
02/11/2023,99.17,100.42,98.88,100.17,100.17,2251200
03/11/2023,100.17,101.0,98.44,99.52,99.52,3000000
06/11/2023,100.11,102.32,99.69,102.15,102.15,2382000
07/11/2023,102.5,105.21,102.3,104.86,104.86,2739000
08/11/2023,104.82,105.67,104.04,104.54,104.54,2490600
09/11/2023,105.08,105.58,104.23,104.93,104.93,1982400
10/11/2023,104.72,105.61,104.15,105.46,105.46,1579800
13/11/2023,104.93,105.35,104.0,104.74,104.74,1590000
14/11/2023,105.15,105.87,104.47,105.03,105.03,2145600
15/11/2023,105.03,106.33,104.96,105.39,105.39,1800600
16/11/2023,104.08,104.08,100.72,102.58,102.58,2812800
17/11/2023,103.42,104.26,102.8,103.42,103.42,1522800
20/11/2023,103.36,105.66,103.36,104.91,104.91,1585200
21/11/2023,104.93,105.75,104.5,105.69,105.69,1845000
22/11/2023,106.33,107.03,105.08,105.42,105.42,1164000
24/11/2023,105.1,106.45,105.1,106.18,106.18,457200
27/11/2023,105.83,109.88,105.83,109.44,109.44,2812200
28/11/2023,109.78,109.78,108.12,108.61,108.61,1476000
29/11/2023,109.99,110.38,108.59,109.17,109.17,2097000
30/11/2023,109.58,110.77,108.99,110.66,110.66,3073200
01/12/2023,110.76,114.25,110.76,114.18,114.18,2542800
04/12/2023,114.06,116.47,113.18,115.64,115.64,2554800
05/12/2023,115.0,115.91,114.43,115.07,115.07,2342400
06/12/2023,114.94,115.67,114.07,114.62,114.62,1664400
07/12/2023,114.46,116.33,114.41,115.74,115.74,1521000
08/12/2023,114.61,116.61,113.71,115.9,115.9,1677600
11/12/2023,116.19,118.02,116.01,116.31,116.31,1917600
12/12/2023,116.54,118.18,115.39,117.63,117.63,2211600
13/12/2023,118.9,120.16,117.69,119.88,119.88,2847600
14/12/2023,119.01,119.37,115.39,116.31,116.31,3369000
15/12/2023,116.0,117.5,114.67,117.14,117.14,4026600
18/12/2023,116.94,118.48,116.5,117.79,117.79,2148000
19/12/2023,119.17,120.57,118.74,119.15,119.15,1545600
20/12/2023,118.4,119.0,116.77,116.8,116.8,1723200
21/12/2023,117.5,118.23,116.81,117.36,117.36,1603800
22/12/2023,114.74,116.74,113.84,115.61,115.61,2115000
26/12/2023,115.4,115.86,114.6,114.66,114.66,1504800
27/12/2023,114.42,114.68,113.86,114.63,114.63,1877400
28/12/2023,113.25,114.07,112.21,112.59,112.59,1729200
29/12/2023,112.42,113.11,111.11,111.4,111.4,1248600
02/01/2024,110.81,112.85,110.71,112.33,112.33,2563800
03/01/2024,112.44,113.76,111.23,113.06,113.06,2221200
04/01/2024,112.16,113.22,111.74,112.04,112.04,1613400
05/01/2024,112.41,113.0,108.65,108.71,108.71,2256600
08/01/2024,110.02,114.18,110.0,114.12,114.12,2255400
09/01/2024,114.31,117.12,114.11,116.15,116.15,1631400
10/01/2024,116.42,116.67,114.68,115.99,115.99,1233000
11/01/2024,116.36,117.61,115.64,117.28,117.28,1500600
12/01/2024,117.41,118.06,116.17,117.78,117.78,973200
16/01/2024,117.58,120.53,117.02,120.3,120.3,2101200
17/01/2024,119.8,120.94,118.85,120.75,120.75,1294200
18/01/2024,121.47,123.06,120.23,122.79,122.79,1911000
19/01/2024,124.04,124.92,122.85,124.88,124.88,1674000
22/01/2024,125.47,128.07,123.85,127.95,127.95,2305200
23/01/2024,127.43,127.87,124.53,125.69,125.69,1699200
24/01/2024,126.35,126.65,123.33,125.1,125.1,1503600
25/01/2024,125.86,127.4,125.19,126.83,126.83,1623000
26/01/2024,127.83,128.07,127.11,127.96,127.96,1183800
29/01/2024,127.84,129.25,126.82,129.13,129.13,1335600
30/01/2024,129.13,129.35,127.56,128.92,128.92,1750800
31/01/2024,128.14,128.52,125.14,125.62,125.62,2481000
01/02/2024,126.63,129.72,126.24,128.81,128.81,3381600
02/02/2024,139.29,150.62,138.15,147.01,147.01,6721200
05/02/2024,145.25,146.51,141.71,141.9,141.9,2724000
06/02/2024,141.9,142.1,135.85,137.56,137.56,3022800
07/02/2024,137.57,139.04,136.5,138.89,138.89,3124200
08/02/2024,139.42,141.66,138.49,138.74,138.74,1594800
09/02/2024,139.25,141.66,139.25,140.87,140.87,1545000
12/02/2024,140.03,142.39,139.9,140.78,140.78,2421600
13/02/2024,137.54,140.74,137.4,139.45,139.45,1447200
14/02/2024,140.67,142.22,139.17,141.35,141.35,1563000
15/02/2024,143.33,146.18,142.03,145.13,145.13,1647600
16/02/2024,145.05,146.45,143.68,143.83,143.83,1554600
20/02/2024,143.16,144.76,142.44,143.45,143.45,1810200
21/02/2024,143.45,144.46,142.19,143.61,143.61,1485000
22/02/2024,145.33,148.0,144.53,147.34,147.34,2095800
23/02/2024,147.62,149.54,145.98,146.75,146.75,1381800
26/02/2024,147.48,148.33,144.72,144.91,144.91,2007000
27/02/2024,144.87,145.96,142.7,145.23,145.23,1640400
28/02/2024,144.02,147.27,143.74,147.07,147.07,1542600
29/02/2024,147.35,149.35,146.51,149.26,149.26,2884800
01/03/2024,149.14,151.97,148.7,150.55,150.55,1859400
04/03/2024,154.87,156.64,153.16,154.43,154.43,4750200
05/03/2024,153.34,155.32,150.4,151.14,151.14,2029800
06/03/2024,152.0,153.36,150.37,152.0,152.0,1597200
07/03/2024,152.0,153.04,150.37,152.15,152.15,1589400
08/03/2024,152.27,156.15,150.53,152.03,152.03,1804200
11/03/2024,151.51,151.6,147.82,150.28,150.28,1743600
12/03/2024,150.18,152.85,149.5,152.51,152.51,1438800
13/03/2024,152.6,156.14,152.22,154.61,154.61,2235000
14/03/2024,157.5,158.59,154.55,155.51,155.51,3502800
15/03/2024,155.24,156.21,151.2,151.63,151.63,36642600
18/03/2024,152.67,153.79,150.6,151.48,151.48,2265000
19/03/2024,151.82,152.31,149.17,151.48,151.48,2213400
20/03/2024,151.33,152.71,150.03,152.53,152.53,2045400
21/03/2024,152.94,159.36,152.38,158.82,158.82,2634600
22/03/2024,157.72,157.72,153.59,153.74,153.74,2775600
25/03/2024,155.0,155.93,153.86,155.43,155.43,2248800
26/03/2024,155.33,157.15,154.22,156.24,156.24,2662200
27/03/2024,156.99,157.06,153.82,156.32,156.32,2185200
28/03/2024,156.32,158.15,156.1,156.88,156.88,1471200
01/04/2024,157.94,159.0,154.82,155.08,155.08,1616400
02/04/2024,153.3,154.15,147.3,150.55,150.55,2209800
03/04/2024,150.58,152.21,149.93,150.12,150.12,1812600
04/04/2024,151.16,152.26,145.54,146.3,146.3,3359400
05/04/2024,147.76,148.55,145.63,146.65,146.65,1742400
08/04/2024,147.52,149.45,145.97,148.14,148.14,1744200
09/04/2024,148.51,149.18,141.27,144.63,144.63,2600400
10/04/2024,136.11,137.35,131.99,135.02,135.02,5336400
11/04/2024,135.16,137.28,133.76,136.65,136.65,2610600
12/04/2024,135.29,136.85,134.31,135.73,135.73,1951200
15/04/2024,138.33,138.45,135.82,135.9,135.9,2886000
16/04/2024,135.59,136.41,134.55,135.65,135.65,1986000
17/04/2024,136.78,137.95,136.07,136.53,136.53,2278800
18/04/2024,137.51,138.58,135.06,135.55,135.55,1851000
19/04/2024,135.84,136.21,132.24,133.4,133.4,2866800
22/04/2024,134.5,136.28,134.02,135.04,135.04,1629600
23/04/2024,136.06,138.63,135.65,138.24,138.24,1636200
24/04/2024,139.8,142.9,138.66,141.95,141.95,2211000
25/04/2024,135.2,137.5,131.4,134.42,134.42,2914200
26/04/2024,135.7,139.89,135.17,138.91,138.91,1612800
29/04/2024,139.59,141.01,138.6,138.74,138.74,1042200
30/04/2024,137.92,139.07,135.93,136.41,136.41,1746600
01/05/2024,136.36,140.0,134.18,136.58,136.58,1736400
02/05/2024,137.98,139.25,136.82,138.77,138.77,1171200
03/05/2024,139.84,140.87,138.12,140.39,140.39,1342800
06/05/2024,141.66,144.56,140.99,143.64,143.64,1777800
07/05/2024,144.24,146.83,143.65,143.73,143.73,1561200
08/05/2024,142.91,143.62,141.97,142.25,142.25,1684800
09/05/2024,142.37,146.12,142.37,145.76,145.76,1595400
10/05/2024,145.76,146.09,142.36,143.66,143.66,1333800
13/05/2024,144.07,144.07,140.24,141.78,141.78,1818000
14/05/2024,143.55,147.78,142.8,147.07,147.07,2128800
15/05/2024,148.0,152.77,147.82,150.61,150.61,2364600
16/05/2024,150.87,151.8,147.11,147.6,147.6,1722600
17/05/2024,148.32,149.81,147.68,148.09,148.09,1917600
20/05/2024,148.1,152.33,148.1,150.48,150.48,1875000
21/05/2024,149.93,151.79,149.56,149.96,149.96,1938000
22/05/2024,150.39,150.8,148.23,148.82,148.82,1899600
23/05/2024,150.21,151.45,148.91,150.77,150.77,3924600
24/05/2024,169.15,172.83,165.75,172.15,172.15,5697600
28/05/2024,173.33,179.98,173.01,179.86,179.86,4068600
29/05/2024,179.5,180.62,177.49,177.49,177.49,2175600
30/05/2024,177.0,182.58,177.0,180.43,180.43,2507400
31/05/2024,180.13,182.44,176.96,182.32,182.32,3439200
03/06/2024,182.31,184.48,179.24,181.1,181.1,1587000
04/06/2024,180.2,182.03,177.37,177.8,177.8,1351200
05/06/2024,177.63,182.66,177.16,182.21,182.21,1372800
06/06/2024,182.93,183.63,177.26,177.57,177.57,1527600
07/06/2024,177.1,177.1,172.24,174.05,174.05,1488000
10/06/2024,172.68,176.15,171.91,175.82,175.82,1686600
11/06/2024,175.3,175.57,172.73,173.72,173.72,1449600
12/06/2024,174.44,174.57,171.67,173.25,173.25,2136600
13/06/2024,172.26,172.63,169.28,171.69,171.69,1990800
14/06/2024,171.13,172.04,169.5,170.62,170.62,1208400
17/06/2024,170.38,172.84,168.66,169.58,169.58,2242200
18/06/2024,168.61,171.07,167.52,168.07,168.07,2521800
20/06/2024,168.02,168.74,163.33,164.91,164.91,2290200
21/06/2024,164.7,164.7,160.92,163.36,163.36,3744600
24/06/2024,163.33,165.23,162.14,163.01,163.01,1615800
25/06/2024,164.7,164.73,161.54,162.55,162.55,1434000
26/06/2024,162.91,165.39,162.5,163.54,163.54,1767000
27/06/2024,162.43,167.17,162.43,166.65,166.65,1971600
28/06/2024,163.01,167.38,160.93,161.32,161.32,3535800
01/07/2024,162.62,163.27,153.21,157.72,157.72,2159400
02/07/2024,157.27,158.81,154.17,156.77,156.77,1805400
03/07/2024,157.07,158.84,154.91,155.95,155.95,996000
05/07/2024,156.05,156.66,154.58,156.55,156.55,1073400
08/07/2024,157.41,159.01,155.85,158.78,158.78,1821600
09/07/2024,158.29,159.19,156.38,156.51,156.51,1356600
10/07/2024,154.17,154.58,141.98,148.9,148.9,3773400
11/07/2024,149.14,149.23,146.12,148.11,148.11,2966400
12/07/2024,149.85,151.67,147.97,149.68,149.68,2373000
15/07/2024,149.67,152.06,149.37,149.93,149.93,2434200
16/07/2024,151.67,152.16,148.9,152.15,152.15,2289600
17/07/2024,151.28,155.54,148.25,148.27,148.27,2183400
18/07/2024,149.75,152.8,146.83,147.81,147.81,2086200
19/07/2024,147.86,148.72,144.98,145.21,145.21,1538400
22/07/2024,146.67,148.32,145.47,147.32,147.32,1890600
23/07/2024,147.84,151.12,147.04,147.07,147.07,2299200
24/07/2024,146.38,147.16,140.92,141.01,141.01,2683800
25/07/2024,141.67,142.6,136.75,140.25,140.25,5346000
26/07/2024,159.97,163.33,148.83,149.12,149.12,7816200
29/07/2024,149.58,155.38,148.57,153.54,153.54,3219600
30/07/2024,153.74,155.0,151.18,151.87,151.87,1952400
31/07/2024,153.86,155.5,152.79,153.77,153.77,1846200
01/08/2024,153.79,155.48,149.17,151.04,151.04,1522200
02/08/2024,147.15,147.15,142.4,144.22,144.22,1846200
05/08/2024,137.44,143.83,134.48,141.75,141.75,2247000
06/08/2024,143.88,147.06,142.13,144.87,144.87,1873800
07/08/2024,147.0,147.33,140.25,140.55,140.55,2365200
08/08/2024,142.36,147.62,141.07,147.32,147.32,2382000
09/08/2024,146.8,148.72,145.77,148.38,148.38,1294200
12/08/2024,148.34,153.15,148.34,153.05,153.05,2084400
13/08/2024,153.33,157.46,153.33,157.39,157.39,1936200
14/08/2024,156.62,158.33,152.96,153.23,153.23,1563600
15/08/2024,158.96,161.08,156.18,157.93,157.93,1918200
16/08/2024,157.9,160.52,157.1,158.42,158.42,1732200
19/08/2024,158.58,160.99,158.58,160.54,160.54,984000
20/08/2024,160.88,161.66,157.33,158.11,158.11,1178400
21/08/2024,159.62,160.7,158.1,159.59,159.59,1790400
22/08/2024,159.98,160.67,158.58,159.15,159.15,1050600
23/08/2024,159.19,163.42,159.19,162.43,162.43,1303200
26/08/2024,161.97,162.24,156.96,157.51,157.51,1437000
27/08/2024,156.79,159.25,155.72,158.81,158.81,1071600
28/08/2024,159.63,160.67,157.1,158.26,158.26,1650000
29/08/2024,158.12,159.49,156.74,156.9,156.9,1112400
30/08/2024,157.68,159.92,155.96,159.88,159.88,1722600
03/09/2024,159.37,159.84,148.99,149.84,149.84,2817000
04/09/2024,148.63,149.86,146.91,149.23,149.23,1781400
05/09/2024,148.29,148.53,145.22,146.56,146.56,1507800
06/09/2024,146.76,147.5,142.7,143.33,143.33,2334000
09/09/2024,144.5,149.53,144.5,149.01,149.01,2385600
10/09/2024,147.0,148.74,145.2,148.45,148.45,1704600
11/09/2024,147.44,151.94,146.77,151.54,151.54,2273400
12/09/2024,151.95,155.11,151.54,153.19,153.19,998400
13/09/2024,154.12,157.59,153.68,155.85,155.85,1381800
16/09/2024,157.16,157.16,153.07,156.28,156.28,1551600
17/09/2024,156.33,159.25,152.63,155.1,155.1,1036000
