Date,Open,High,Low,Close,Adj Close,Volume
27/06/1997,16.0,16.12,15.75,16.0,12.88,2807400
30/06/1997,16.0,16.0,15.56,15.62,12.58,498600
01/07/1997,15.75,16.5,15.5,16.31,13.13,530900
02/07/1997,16.44,16.44,15.62,15.88,12.78,327200
03/07/1997,16.0,16.5,15.88,16.38,13.19,131800
07/07/1997,16.5,17.0,16.12,17.0,13.69,45500
08/07/1997,17.12,17.38,17.0,17.0,13.69,167700
09/07/1997,17.0,17.06,16.62,16.75,13.49,96300
10/07/1997,16.56,16.75,16.5,16.75,13.49,79900
11/07/1997,16.75,17.12,16.62,16.75,13.49,145000
14/07/1997,17.0,17.62,16.88,17.56,14.14,124700
15/07/1997,17.5,17.75,17.06,17.38,13.99,53100
16/07/1997,17.44,17.88,17.44,17.88,14.39,144200
17/07/1997,17.94,18.25,17.94,18.0,14.49,185800
18/07/1997,18.25,18.31,17.62,18.0,14.49,179700
21/07/1997,18.0,18.0,17.5,17.62,14.19,79100
22/07/1997,17.62,17.88,17.62,17.62,14.19,64700
23/07/1997,18.0,18.0,17.38,17.88,14.39,92400
24/07/1997,17.88,18.06,17.81,17.94,14.44,46300
25/07/1997,18.12,18.62,18.12,18.25,14.7,150600
28/07/1997,18.12,18.25,17.62,17.75,14.29,46800
29/07/1997,17.81,18.0,17.62,17.62,14.19,68000
30/07/1997,17.56,18.12,17.56,18.0,14.49,76200
31/07/1997,18.12,18.12,17.62,17.88,14.39,71000
01/08/1997,17.81,18.12,17.5,18.12,14.59,66800
04/08/1997,18.0,18.06,17.88,18.0,14.49,77200
05/08/1997,18.12,19.62,18.06,19.62,15.8,76800
06/08/1997,19.75,20.0,19.19,19.44,15.65,48700
07/08/1997,19.5,19.69,19.0,19.69,15.85,222200
08/08/1997,19.56,19.56,18.94,19.06,15.35,91600
11/08/1997,19.12,19.12,18.5,18.88,15.2,35400
12/08/1997,19.0,19.5,18.75,18.88,15.2,50100
13/08/1997,18.75,18.88,17.75,18.0,14.49,51600
14/08/1997,17.94,18.25,17.0,17.75,14.29,71200
15/08/1997,17.81,17.88,17.38,17.5,14.09,39000
18/08/1997,17.38,17.88,17.25,17.88,14.39,23100
19/08/1997,18.12,18.31,17.62,18.31,14.75,16400
20/08/1997,18.19,18.44,18.12,18.12,14.59,16000
21/08/1997,18.19,18.88,18.19,18.69,15.05,43000
22/08/1997,18.56,19.0,18.38,19.0,15.3,14300
25/08/1997,18.88,18.94,18.0,18.31,14.75,65300
26/08/1997,18.31,18.31,17.5,17.62,14.19,19000
27/08/1997,17.69,17.69,17.38,17.62,14.19,20600
28/08/1997,17.62,17.94,17.5,17.75,14.29,39700
29/08/1997,17.75,17.81,17.69,17.81,14.34,41300
02/09/1997,17.94,18.25,17.88,18.12,14.59,46700
03/09/1997,18.25,18.5,18.0,18.5,14.9,63100
04/09/1997,18.62,19.88,18.62,19.38,15.6,91100
05/09/1997,19.5,20.0,19.38,20.0,16.1,46300
08/09/1997,19.94,20.0,19.75,20.0,16.1,33900
09/09/1997,20.0,20.0,19.5,19.94,16.05,61400
10/09/1997,19.94,20.06,19.75,20.0,16.1,57100
11/09/1997,20.0,20.0,19.81,19.88,16.0,2200
12/09/1997,20.0,20.19,19.88,20.0,16.1,48100
15/09/1997,20.06,20.06,19.88,19.88,16.0,10000
16/09/1997,19.88,20.12,19.88,20.06,16.15,4600
17/09/1997,20.12,20.56,19.88,20.5,16.51,24400
18/09/1997,20.5,20.88,20.5,20.69,16.66,57600
19/09/1997,20.62,20.81,20.5,20.56,16.56,14700
22/09/1997,20.5,21.0,20.5,20.88,16.81,27300
23/09/1997,21.0,21.44,20.88,20.94,16.86,156600
24/09/1997,21.31,21.56,21.12,21.31,17.16,115700
25/09/1997,21.31,21.38,20.38,20.38,16.41,38700
26/09/1997,20.25,20.25,19.19,19.19,15.45,28200
29/09/1997,19.25,19.31,18.06,18.44,14.85,127900
30/09/1997,18.5,19.25,18.5,19.12,15.4,300000
01/10/1997,19.31,19.31,18.5,18.81,15.15,43200
02/10/1997,18.94,18.94,18.38,18.38,14.8,67600
03/10/1997,18.5,18.94,18.5,18.81,15.15,59600
06/10/1997,18.94,18.94,18.62,18.81,15.15,77400
07/10/1997,18.75,19.0,18.62,18.62,15.0,58300
08/10/1997,18.75,19.12,18.69,19.06,15.35,29600
09/10/1997,19.12,20.06,19.0,19.62,15.8,47200
10/10/1997,19.44,19.5,18.75,18.75,15.1,55700
13/10/1997,18.81,19.0,18.62,18.69,15.05,109100
14/10/1997,18.69,18.75,18.12,18.31,14.75,33900
15/10/1997,18.25,18.75,18.0,18.44,14.85,168900
16/10/1997,18.5,18.75,18.0,18.12,14.59,24500
17/10/1997,18.0,18.0,17.75,17.81,14.34,22100
20/10/1997,17.94,18.62,17.94,18.56,14.95,29400
21/10/1997,18.44,18.62,17.38,17.75,14.29,57800
22/10/1997,17.88,18.06,17.56,17.75,14.29,51800
23/10/1997,17.62,17.75,17.5,17.75,14.29,15100
24/10/1997,17.88,18.0,17.0,17.06,13.74,64000
27/10/1997,16.94,16.94,15.5,15.88,12.78,58500
28/10/1997,15.25,16.25,15.0,16.25,13.08,122200
29/10/1997,16.25,16.25,15.75,15.94,12.83,157600
30/10/1997,15.88,16.81,15.88,16.75,13.49,58000
31/10/1997,17.0,17.0,16.56,17.0,13.69,119600
03/11/1997,16.88,17.12,16.88,17.06,13.74,43100
04/11/1997,17.0,17.0,16.88,16.94,13.64,5000
05/11/1997,16.81,16.88,16.62,16.75,13.49,13400
06/11/1997,16.88,16.94,16.5,16.5,13.29,8700
07/11/1997,16.12,17.12,16.12,16.38,13.19,58700
10/11/1997,16.5,16.69,16.5,16.62,13.39,11100
11/11/1997,16.5,16.75,16.38,16.5,13.29,25900
12/11/1997,16.38,16.38,15.75,15.75,12.68,17300
13/11/1997,15.94,16.0,15.62,16.0,12.88,250100
14/11/1997,16.06,16.06,15.5,15.5,12.48,125400
17/11/1997,15.62,15.69,15.5,15.56,12.53,68400
18/11/1997,15.0,15.38,15.0,15.31,12.33,52000
19/11/1997,15.19,16.38,15.19,16.38,13.19,61400
20/11/1997,16.62,16.88,16.31,16.75,13.49,47800
21/11/1997,16.88,17.31,16.88,17.31,13.94,26300
24/11/1997,17.44,17.44,16.88,16.94,13.64,28400
25/11/1997,16.81,17.12,16.81,16.94,13.64,43700
26/11/1997,17.0,17.06,16.94,16.94,13.64,36900
28/11/1997,17.06,17.25,17.0,17.0,13.69,21000
01/12/1997,17.06,17.12,17.0,17.0,13.69,10100
02/12/1997,16.88,17.0,16.62,16.62,13.39,49900
03/12/1997,16.69,16.69,16.31,16.44,13.24,9900
04/12/1997,16.44,16.56,16.38,16.5,13.29,23900
05/12/1997,16.5,17.25,16.44,17.25,13.89,47600
08/12/1997,17.25,17.25,16.75,16.94,13.64,53500
09/12/1997,16.88,17.12,16.81,17.12,13.79,40100
10/12/1997,17.12,18.0,17.0,17.62,14.19,168100
11/12/1997,17.62,17.88,17.62,17.81,14.34,71100
12/12/1997,17.88,18.0,17.75,17.75,14.29,3400
15/12/1997,17.62,17.88,17.56,17.88,14.39,27400
16/12/1997,18.0,18.5,17.75,18.12,14.59,43200
17/12/1997,18.06,19.12,18.06,19.0,15.3,107100
18/12/1997,18.88,19.25,18.88,19.06,15.35,46600
19/12/1997,19.0,19.25,18.88,19.25,15.5,30600
22/12/1997,19.25,19.25,19.0,19.0,15.3,7400
23/12/1997,19.0,19.38,18.94,19.38,15.6,19000
24/12/1997,19.5,19.5,19.06,19.06,15.35,4100
26/12/1997,19.06,19.19,19.06,19.06,15.35,1400
29/12/1997,19.06,19.38,19.0,19.25,15.5,10300
30/12/1997,19.25,19.5,19.19,19.5,15.7,29000
31/12/1997,19.5,20.0,19.5,19.75,15.9,134200
02/01/1998,19.62,19.69,19.12,19.19,15.45,15600
05/01/1998,19.0,19.09,18.62,19.0,15.3,240300
06/01/1998,19.06,19.06,18.75,19.06,15.35,15200
07/01/1998,19.0,19.12,18.75,18.75,15.1,9300
08/01/1998,18.62,18.62,18.25,18.25,14.7,32000
09/01/1998,18.25,18.25,18.12,18.25,14.7,9200
12/01/1998,18.12,18.25,18.12,18.19,14.64,9100
13/01/1998,18.19,18.75,18.19,18.75,15.1,38300
14/01/1998,18.75,19.12,18.75,18.88,15.2,27400
15/01/1998,18.88,19.12,18.88,18.88,15.2,17900
16/01/1998,18.88,19.0,18.75,18.75,15.1,20300
20/01/1998,18.88,19.0,18.75,19.0,15.3,12700
21/01/1998,18.88,19.25,18.88,18.88,15.2,43700
22/01/1998,18.81,19.0,18.75,18.88,15.2,20800
23/01/1998,18.81,18.81,18.81,18.81,15.15,12900
26/01/1998,18.81,19.0,18.81,18.88,15.2,83300
27/01/1998,18.81,18.94,18.75,18.94,15.25,106500
28/01/1998,18.94,19.06,18.88,19.06,15.35,15300
29/01/1998,19.06,19.12,19.0,19.06,15.35,22400
30/01/1998,19.12,19.31,19.0,19.31,15.55,49000
02/02/1998,19.19,19.75,19.19,19.69,15.85,15700
03/02/1998,19.62,19.62,19.44,19.62,15.8,57900
04/02/1998,19.5,19.75,19.38,19.56,15.75,38100
05/02/1998,19.62,19.62,19.25,19.5,15.7,10900
06/02/1998,19.5,19.5,19.12,19.31,15.55,14600
09/02/1998,19.44,19.62,19.25,19.25,15.5,11100
10/02/1998,19.31,19.75,19.19,19.5,15.7,17300
11/02/1998,19.5,19.5,18.88,18.88,15.2,17300
12/02/1998,19.0,19.12,18.81,18.88,15.2,16600
13/02/1998,19.0,19.12,18.81,19.0,15.3,18000
17/02/1998,19.12,19.38,19.12,19.38,15.6,23600
18/02/1998,19.5,20.12,19.5,20.06,16.15,59900
19/02/1998,20.12,20.25,20.06,20.06,16.15,30700
20/02/1998,20.0,20.12,20.0,20.12,16.2,19600
23/02/1998,20.0,20.25,19.94,20.0,16.1,21700
24/02/1998,19.88,19.88,19.62,19.69,15.85,16800
25/02/1998,19.75,19.88,19.38,19.5,15.7,6600
26/02/1998,19.88,20.38,19.75,19.75,15.9,66000
27/02/1998,19.88,19.88,19.31,19.38,15.6,20600
02/03/1998,19.31,19.5,18.94,19.5,15.7,140900
03/03/1998,19.25,19.38,19.12,19.38,15.6,4100
04/03/1998,19.44,19.44,19.31,19.31,15.55,2200
05/03/1998,19.19,19.62,18.88,19.62,15.8,37800
06/03/1998,19.5,19.5,19.44,19.5,15.7,4700
09/03/1998,19.38,19.5,19.12,19.19,15.45,12200
10/03/1998,19.31,19.38,19.0,19.0,15.3,13500
11/03/1998,19.12,19.44,19.12,19.44,15.65,2200
12/03/1998,19.5,19.5,19.0,19.0,15.3,4000
13/03/1998,19.0,19.25,18.88,19.0,15.3,36000
16/03/1998,19.0,19.25,19.0,19.25,15.5,3500
17/03/1998,19.25,19.44,19.25,19.44,15.65,2300
18/03/1998,19.44,19.75,19.38,19.75,15.9,16900
19/03/1998,19.62,19.62,19.5,19.5,15.7,4500
20/03/1998,19.75,20.12,19.75,20.12,16.2,21300
23/03/1998,20.25,20.5,20.25,20.5,16.51,29500
24/03/1998,20.44,20.88,20.44,20.62,16.61,30100
25/03/1998,20.56,20.75,20.5,20.5,16.51,18000
26/03/1998,20.5,20.88,20.5,20.88,16.81,4600
27/03/1998,20.94,20.94,20.88,20.88,16.81,23400
30/03/1998,21.0,22.25,21.0,21.12,17.01,83700
31/03/1998,21.25,21.62,21.19,21.62,17.41,21500
01/04/1998,21.62,21.75,21.38,21.62,17.41,6500
02/04/1998,21.5,21.56,21.44,21.5,17.31,7400
03/04/1998,21.5,21.5,21.25,21.25,17.11,5600
06/04/1998,21.31,21.44,21.31,21.44,17.26,5100
07/04/1998,21.38,21.44,21.25,21.44,17.26,4400
08/04/1998,21.38,22.5,21.38,22.5,18.12,28000
09/04/1998,22.5,22.5,21.88,22.0,17.71,24200
13/04/1998,22.0,22.19,21.88,22.06,17.76,35200
14/04/1998,22.06,22.19,22.06,22.06,17.76,28800
15/04/1998,22.0,22.62,21.88,22.62,18.22,33600
16/04/1998,23.19,23.38,22.62,23.0,18.52,59700
17/04/1998,23.0,23.62,23.0,23.62,19.02,23300
20/04/1998,23.62,24.0,23.62,23.88,19.22,15000
21/04/1998,23.88,24.12,23.69,24.0,19.32,39800
22/04/1998,23.94,24.75,23.94,24.12,19.43,44100
23/04/1998,24.12,24.44,23.5,23.5,18.92,38600
24/04/1998,23.38,23.38,23.19,23.25,18.72,59700
27/04/1998,23.19,23.25,22.94,23.06,18.57,34200
28/04/1998,23.12,23.25,23.0,23.06,18.57,30100
29/04/1998,23.06,23.25,22.88,23.12,18.62,18600
30/04/1998,23.25,23.38,23.12,23.38,18.82,5200
01/05/1998,23.38,23.38,23.0,23.0,18.52,4200
04/05/1998,22.88,22.88,22.38,22.62,18.22,15400
05/05/1998,22.5,22.88,22.38,22.88,18.42,3500
06/05/1998,23.0,23.06,22.88,23.06,18.57,5700
07/05/1998,23.12,23.56,23.12,23.44,18.87,12300
08/05/1998,23.19,23.88,23.19,23.62,19.02,29400
11/05/1998,23.62,23.62,23.5,23.56,18.97,20300
12/05/1998,23.56,23.62,23.25,23.25,18.72,10300
13/05/1998,23.5,23.5,23.0,23.12,18.62,9400
14/05/1998,23.0,23.12,23.0,23.06,18.57,11500
15/05/1998,22.88,22.88,21.38,21.44,17.26,46800
18/05/1998,21.38,21.38,20.88,20.88,16.81,35200
19/05/1998,20.88,21.0,20.88,21.0,16.91,15100
20/05/1998,21.0,21.0,20.88,21.0,16.91,10300
21/05/1998,21.0,21.19,20.94,21.12,17.01,28500
22/05/1998,21.25,21.94,21.25,21.94,17.66,6100
26/05/1998,21.12,21.25,21.06,21.06,16.96,19900
27/05/1998,21.0,21.0,20.75,20.81,16.76,45100
28/05/1998,20.88,21.38,20.88,21.25,17.11,28700
29/05/1998,21.38,22.0,21.38,22.0,17.71,39000
01/06/1998,22.0,22.88,22.0,22.5,18.12,50300
02/06/1998,22.62,23.0,22.38,22.75,18.32,106300
03/06/1998,22.62,22.94,22.62,22.69,18.27,20700
04/06/1998,22.69,22.75,22.5,22.69,18.27,64200
05/06/1998,22.81,23.0,22.69,23.0,18.52,9000
08/06/1998,22.88,22.94,22.88,22.94,18.47,32800
09/06/1998,22.69,22.69,22.0,22.0,17.71,21400
10/06/1998,21.88,22.0,21.62,21.62,17.41,12100
11/06/1998,21.62,21.62,21.19,21.19,17.06,26700
12/06/1998,21.06,21.12,20.81,20.81,16.76,24800
15/06/1998,20.56,20.75,19.75,20.12,16.2,102300
16/06/1998,19.75,19.94,19.12,19.69,15.85,1381700
17/06/1998,19.75,20.44,19.69,20.19,16.26,817800
18/06/1998,20.12,20.25,20.06,20.12,16.2,49800
19/06/1998,20.12,20.38,20.12,20.25,16.31,44500
22/06/1998,20.25,20.75,20.0,20.62,16.61,87200
23/06/1998,20.38,20.62,20.06,20.12,16.2,31000
24/06/1998,20.12,21.0,20.06,20.62,16.61,51600
25/06/1998,20.62,20.88,20.62,20.88,16.81,19400
26/06/1998,21.0,23.75,21.0,23.5,18.92,176500
29/06/1998,23.0,23.19,22.88,23.06,18.57,119000
30/06/1998,23.06,23.38,23.0,23.38,18.82,158200
01/07/1998,23.5,23.75,23.38,23.69,19.07,81000
02/07/1998,23.56,23.62,23.38,23.44,18.87,35600
06/07/1998,23.94,24.5,23.75,24.12,19.43,51600
07/07/1998,24.0,24.5,23.75,24.5,19.73,29300
08/07/1998,24.25,24.25,23.88,24.06,19.38,59500
09/07/1998,24.12,25.25,24.0,25.12,20.23,117000
10/07/1998,25.25,25.62,25.06,25.62,20.63,48700
13/07/1998,25.62,26.62,25.62,26.19,21.09,141200
14/07/1998,26.19,26.25,25.88,25.88,20.83,82400
15/07/1998,25.5,25.5,25.06,25.12,20.23,21700
16/07/1998,25.06,25.06,24.5,24.56,19.78,37900
17/07/1998,24.81,24.88,24.5,24.75,19.93,11400
20/07/1998,24.88,24.88,24.56,24.75,19.93,5300
21/07/1998,24.75,25.0,24.62,24.69,19.88,19900
22/07/1998,24.69,24.69,24.25,24.31,19.58,36100
23/07/1998,24.31,24.56,24.12,24.25,19.53,16300
24/07/1998,24.12,24.25,23.75,23.88,19.22,29100
27/07/1998,23.88,23.88,22.94,23.12,18.62,22200
28/07/1998,23.0,23.0,22.25,22.38,18.02,29200
29/07/1998,22.5,22.81,22.5,22.62,18.22,31700
30/07/1998,22.62,22.69,22.25,22.5,18.12,26500
31/07/1998,22.5,22.62,22.31,22.31,17.97,21500
03/08/1998,22.12,22.19,21.56,21.88,17.61,26900
04/08/1998,21.88,21.88,19.88,20.62,16.61,50300
05/08/1998,20.62,20.75,19.88,19.94,16.05,70800
06/08/1998,20.0,20.62,19.88,19.94,16.05,180100
07/08/1998,19.94,20.25,19.56,19.62,15.8,138500
10/08/1998,19.62,20.25,19.62,20.25,16.31,18100
11/08/1998,20.12,20.12,19.5,19.62,15.8,25400
12/08/1998,19.69,20.81,19.69,20.81,16.76,163500
13/08/1998,20.81,20.81,20.25,20.25,16.31,60000
14/08/1998,20.25,20.62,20.25,20.44,16.46,33100
17/08/1998,20.31,20.5,20.25,20.5,16.51,16700
18/08/1998,20.5,21.81,20.5,21.5,17.31,72700
19/08/1998,21.38,21.38,20.5,20.5,16.51,12600
20/08/1998,20.56,20.56,20.06,20.06,16.15,9800
21/08/1998,20.12,20.12,19.5,19.81,15.95,18100
24/08/1998,19.88,20.12,19.88,20.12,16.2,44500
25/08/1998,20.25,21.25,20.25,20.75,16.71,22300
26/08/1998,20.62,20.69,20.0,20.06,16.15,28000
27/08/1998,20.0,20.06,19.62,19.69,15.85,99600
28/08/1998,19.69,19.75,19.19,19.25,15.5,16800
31/08/1998,19.12,19.12,17.81,17.88,14.39,43500
01/09/1998,17.75,19.06,17.75,19.06,15.35,137800
02/09/1998,19.19,19.19,18.94,18.94,15.25,16000
03/09/1998,18.81,18.88,18.5,18.5,14.9,6900
04/09/1998,18.0,18.06,17.31,17.5,14.09,58500
08/09/1998,17.88,18.0,17.88,17.94,14.44,36900
09/09/1998,17.94,17.94,16.31,16.31,13.13,19800
10/09/1998,16.38,16.5,15.31,15.31,12.33,20700
11/09/1998,15.25,16.56,15.25,16.56,13.34,112000
14/09/1998,16.69,16.75,16.25,16.25,13.08,20100
15/09/1998,16.0,16.19,15.75,16.19,13.03,21300
16/09/1998,16.44,16.44,16.0,16.12,12.98,14900
17/09/1998,15.88,15.88,15.56,15.69,12.63,48700
18/09/1998,16.0,16.0,15.62,15.94,12.83,72500
21/09/1998,15.94,16.0,15.62,15.88,12.78,35500
22/09/1998,15.88,16.69,15.62,16.69,13.44,36500
23/09/1998,16.75,18.5,16.75,18.06,14.54,163700
24/09/1998,17.94,17.94,17.38,17.62,14.19,12800
25/09/1998,17.75,19.0,17.62,18.69,15.05,55300
28/09/1998,18.62,18.75,18.06,18.06,14.54,75500
29/09/1998,18.25,18.75,18.19,18.62,15.0,40600
30/09/1998,18.62,20.12,18.62,20.12,16.2,67800
01/10/1998,20.12,20.12,18.94,19.0,15.3,54900
02/10/1998,19.06,19.06,18.25,18.38,14.8,33200
05/10/1998,18.38,18.38,17.5,17.5,14.09,22900
06/10/1998,17.12,17.38,16.69,16.81,13.54,13800
07/10/1998,16.88,16.88,15.94,16.62,13.39,16800
08/10/1998,16.62,16.62,16.25,16.5,13.29,55400
09/10/1998,16.5,16.5,16.06,16.12,12.98,45900
12/10/1998,16.12,16.12,15.0,15.12,12.18,518900
13/10/1998,15.25,15.62,15.19,15.25,12.28,35800
14/10/1998,15.25,15.25,14.31,14.31,11.52,82700
15/10/1998,14.44,15.25,14.19,15.25,12.28,38500
16/10/1998,15.5,16.31,15.5,16.19,13.03,21500
19/10/1998,16.12,16.25,16.09,16.16,13.01,77900
20/10/1998,16.19,16.25,16.0,16.06,12.93,28200
21/10/1998,16.0,16.06,15.88,15.94,12.83,29600
22/10/1998,16.0,16.75,16.0,16.69,13.44,23000
23/10/1998,16.62,17.5,16.62,17.5,14.09,21700
26/10/1998,17.62,17.62,16.81,16.94,13.64,45900
27/10/1998,16.94,17.25,16.94,17.0,13.69,92400
28/10/1998,17.06,17.06,16.75,16.88,13.59,32100
29/10/1998,16.88,17.38,16.88,17.38,13.99,45900
30/10/1998,17.38,19.0,17.38,19.0,15.3,24000
02/11/1998,19.12,20.0,19.12,19.31,15.55,57300
03/11/1998,19.31,19.38,19.06,19.12,15.4,38100
04/11/1998,19.12,19.25,18.31,19.25,15.5,72600
05/11/1998,19.38,19.38,18.75,18.94,15.25,47700
06/11/1998,18.88,19.19,18.88,18.94,15.25,35000
09/11/1998,19.0,19.12,18.5,18.5,14.9,16000
10/11/1998,18.56,18.56,18.06,18.38,14.8,21400
11/11/1998,18.38,18.62,18.38,18.62,15.0,20200
12/11/1998,18.62,18.69,18.0,18.0,14.49,41100
13/11/1998,18.12,18.12,17.88,17.88,14.39,10200
16/11/1998,17.88,18.31,17.88,18.25,14.7,45700
17/11/1998,18.25,19.69,18.25,19.62,15.8,112700
18/11/1998,19.75,20.0,19.44,19.88,16.0,13800
19/11/1998,19.75,20.25,19.62,19.94,16.05,33500
20/11/1998,19.62,20.5,19.62,20.5,16.51,21000
23/11/1998,20.5,20.5,19.5,19.5,15.7,36800
24/11/1998,19.62,19.62,18.75,18.81,15.15,14500
25/11/1998,18.81,18.81,18.25,18.25,14.7,26600
27/11/1998,18.12,18.19,18.12,18.19,14.64,3100
30/11/1998,18.25,18.75,18.19,18.75,15.1,37800
01/12/1998,18.88,19.62,18.88,19.62,15.8,10400
02/12/1998,19.5,20.0,19.5,19.56,15.75,27300
03/12/1998,19.69,19.88,19.25,19.31,15.55,19700
04/12/1998,19.19,19.56,19.12,19.5,15.7,43100
07/12/1998,19.62,20.0,19.62,20.0,16.1,41200
08/12/1998,19.81,19.94,19.81,19.94,16.05,16600
09/12/1998,19.94,20.0,19.88,19.94,16.05,93500
10/12/1998,20.0,20.0,19.25,19.25,15.5,19500
11/12/1998,19.12,19.12,18.94,19.06,15.35,35200
14/12/1998,19.0,19.0,18.81,18.88,15.2,20100
15/12/1998,18.88,19.0,18.88,19.0,15.3,38900
16/12/1998,19.0,19.0,18.88,18.94,15.25,12800
17/12/1998,18.88,18.88,18.62,18.69,15.05,47400
18/12/1998,18.75,18.75,17.88,17.88,14.39,55800
21/12/1998,17.94,17.94,17.38,17.44,14.04,23100
22/12/1998,17.38,17.38,16.62,16.81,13.54,34200
23/12/1998,16.88,17.0,16.69,17.0,13.69,75000
24/12/1998,17.0,17.5,17.0,17.25,13.89,10900
28/12/1998,17.31,18.0,17.12,18.0,14.49,25000
29/12/1998,18.0,18.0,17.69,17.88,14.39,11900
30/12/1998,18.0,18.0,17.75,17.75,14.29,68100
31/12/1998,17.75,17.88,17.62,17.88,14.39,29300
04/01/1999,17.75,18.25,17.75,18.12,14.59,69500
05/01/1999,18.12,18.12,17.75,17.75,14.29,18000
06/01/1999,17.75,17.88,17.62,17.69,14.24,14200
07/01/1999,17.62,17.69,17.5,17.5,14.09,22900
08/01/1999,17.56,18.0,17.5,17.94,14.44,45200
11/01/1999,18.0,18.25,17.62,17.62,14.19,80200
12/01/1999,18.0,18.03,17.25,17.25,13.89,68500
13/01/1999,17.12,17.62,17.0,17.62,14.19,32500
14/01/1999,17.94,18.5,17.81,18.25,14.7,22200
15/01/1999,18.19,18.19,17.94,18.0,14.49,47700
19/01/1999,17.75,18.0,17.62,18.0,14.49,40300
20/01/1999,17.5,18.0,17.38,17.56,14.14,156200
21/01/1999,17.44,17.56,17.12,17.25,13.89,76800
22/01/1999,17.25,17.38,16.75,16.88,13.59,29100
25/01/1999,16.94,17.06,16.88,17.06,13.74,23200
26/01/1999,17.0,17.06,17.0,17.0,13.69,29400
27/01/1999,17.12,17.12,16.88,16.94,13.64,19300
28/01/1999,17.06,17.06,17.0,17.06,13.74,17700
29/01/1999,17.0,18.0,16.88,18.0,14.49,45100
01/02/1999,18.0,18.25,17.38,17.75,14.29,26100
02/02/1999,17.5,17.5,16.62,16.94,13.64,53700
03/02/1999,16.94,16.94,16.5,16.69,13.44,19700
04/02/1999,16.75,17.0,16.75,17.0,13.69,35800
05/02/1999,16.88,16.88,16.12,16.12,12.98,30100
08/02/1999,16.19,16.31,15.62,15.75,12.68,34800
09/02/1999,15.81,15.81,15.5,15.62,12.58,19500
10/02/1999,15.12,15.56,15.0,15.56,12.53,37500
11/02/1999,15.69,16.0,15.69,16.0,12.88,27000
12/02/1999,16.0,16.06,15.75,15.88,12.78,17500
16/02/1999,15.81,15.88,15.06,15.12,12.18,26400
17/02/1999,15.12,15.12,14.75,14.81,11.93,31400
18/02/1999,15.0,15.38,14.94,15.0,12.08,47200
19/02/1999,15.0,15.0,14.38,14.5,11.68,75800
22/02/1999,14.62,15.0,14.62,15.0,12.08,28300
23/02/1999,15.0,15.25,15.0,15.12,12.18,261600
24/02/1999,15.25,15.5,14.81,14.81,11.93,30500
25/02/1999,15.25,15.62,14.75,14.75,11.88,116000
26/02/1999,14.75,14.75,13.25,13.5,10.87,201400
01/03/1999,13.5,14.0,13.0,13.88,11.17,151000
02/03/1999,13.88,14.12,13.75,13.81,11.12,78000
03/03/1999,13.81,13.81,13.0,13.0,10.47,50200
04/03/1999,13.12,13.12,12.56,12.69,10.22,106200
05/03/1999,12.75,13.25,12.75,13.12,10.57,48700
08/03/1999,13.12,13.12,12.62,12.69,10.22,65700
09/03/1999,12.75,12.75,12.5,12.5,10.07,100800
10/03/1999,12.56,12.69,12.44,12.44,10.01,67300
11/03/1999,12.62,12.62,12.38,12.44,10.01,54000
12/03/1999,12.5,12.56,12.25,12.25,9.86,66600
15/03/1999,12.38,12.44,12.25,12.38,9.96,20400
16/03/1999,12.38,12.38,12.19,12.25,9.86,12600
17/03/1999,12.12,12.12,11.75,11.88,9.56,171200
18/03/1999,11.81,12.0,11.62,11.88,9.56,203700
19/03/1999,11.62,11.88,11.62,11.81,9.51,113100
22/03/1999,11.75,11.75,11.38,11.62,9.36,126200
23/03/1999,11.5,11.81,11.5,11.75,9.46,64700
24/03/1999,11.81,12.5,11.81,12.44,10.01,78100
25/03/1999,12.5,13.38,12.5,13.25,10.67,91900
26/03/1999,15.5,16.62,14.25,15.0,12.08,679900
29/03/1999,15.5,16.5,15.31,15.38,12.38,270000
30/03/1999,15.5,15.5,14.75,14.88,11.98,134200
31/03/1999,14.94,14.94,14.38,14.62,11.78,223400
01/04/1999,14.62,14.75,14.5,14.69,11.83,101800
05/04/1999,14.75,15.12,14.62,15.0,12.08,107000
06/04/1999,14.94,15.12,14.75,14.94,12.03,83900
07/04/1999,14.94,14.94,14.5,14.5,11.68,34600
08/04/1999,14.5,14.5,13.25,14.0,11.27,110400
09/04/1999,13.94,13.94,13.5,13.94,11.22,36200
12/04/1999,13.25,13.62,13.12,13.62,10.97,95200
13/04/1999,13.75,14.44,13.69,14.38,11.57,57500
14/04/1999,15.12,15.88,15.12,15.38,12.38,186200
15/04/1999,15.44,15.62,15.12,15.19,12.23,57600
16/04/1999,15.12,15.12,14.62,14.69,11.83,29700
19/04/1999,14.94,15.94,14.88,15.31,12.33,163700
20/04/1999,15.19,15.62,15.06,15.62,12.58,42300
21/04/1999,15.75,16.06,15.62,15.94,12.83,48900
22/04/1999,16.0,16.0,15.19,15.56,12.53,21900
23/04/1999,15.5,15.94,15.5,15.88,12.78,32200
26/04/1999,15.94,16.25,15.31,15.56,12.53,41600
27/04/1999,15.69,15.75,15.5,15.62,12.58,11200
28/04/1999,15.75,16.0,15.5,15.88,12.78,24600
29/04/1999,16.0,16.25,15.75,16.0,12.88,38700
30/04/1999,16.0,16.06,15.56,15.75,12.68,63100
03/05/1999,16.0,16.5,15.62,16.12,12.98,122500
04/05/1999,16.25,16.38,16.06,16.12,12.98,35600
05/05/1999,16.12,16.12,15.25,15.38,12.38,52000
06/05/1999,15.31,16.25,15.25,16.12,12.98,123700
07/05/1999,16.06,16.19,15.38,15.38,12.38,106600
10/05/1999,15.44,15.44,14.94,14.94,12.03,109200
11/05/1999,14.88,16.38,14.75,16.31,13.13,394800
12/05/1999,16.19,17.75,16.19,17.69,14.24,317900
13/05/1999,17.38,18.12,17.25,17.62,14.19,236500
14/05/1999,17.5,17.5,17.12,17.25,13.89,70800
17/05/1999,17.12,17.12,16.12,17.0,13.69,151000
18/05/1999,17.12,17.12,16.75,16.94,13.64,12400
19/05/1999,16.94,16.94,16.38,16.38,13.19,17300
20/05/1999,16.5,16.69,16.31,16.31,13.13,50300
21/05/1999,16.31,16.5,16.12,16.5,13.29,25800
24/05/1999,16.62,16.69,16.31,16.44,13.24,88000
25/05/1999,16.44,17.19,16.44,17.19,13.84,46300
26/05/1999,17.19,17.69,17.19,17.25,13.89,111800
27/05/1999,17.19,17.19,16.62,16.62,13.39,13700
28/05/1999,16.62,16.62,15.25,15.75,12.68,78900
01/06/1999,15.88,16.06,15.75,16.06,12.93,47200
02/06/1999,16.06,16.25,15.75,15.88,12.78,51900
03/06/1999,16.0,16.12,15.88,16.06,12.93,146600
04/06/1999,16.12,16.12,15.75,15.81,12.73,31700
07/06/1999,15.81,16.0,15.81,15.88,12.78,14500
08/06/1999,15.94,16.25,15.94,16.19,13.03,290600
09/06/1999,16.19,16.19,15.75,16.12,12.98,97300
10/06/1999,16.06,16.06,15.81,15.88,12.78,10700
11/06/1999,16.0,16.0,15.81,16.0,12.88,14300
14/06/1999,15.81,16.0,15.5,15.81,12.73,31800
15/06/1999,15.88,16.56,15.88,16.56,13.34,78300
16/06/1999,16.5,17.19,16.5,17.19,13.84,210600
17/06/1999,17.19,17.81,17.19,17.75,14.29,103400
18/06/1999,17.88,17.88,17.44,17.5,14.09,70100
21/06/1999,17.62,17.62,17.44,17.62,14.19,103500
22/06/1999,17.62,17.94,17.62,17.69,14.24,68900
23/06/1999,17.56,17.88,17.56,17.88,14.39,95200
24/06/1999,17.88,17.88,17.44,17.69,14.24,45800
25/06/1999,17.56,17.69,17.56,17.69,14.24,24800
28/06/1999,17.75,17.81,17.56,17.81,14.34,46900
29/06/1999,17.75,18.5,17.56,18.38,14.8,176700
30/06/1999,18.44,18.56,18.0,18.0,14.49,154200
01/07/1999,18.0,18.38,18.0,18.06,14.54,51900
02/07/1999,18.19,18.19,17.88,18.19,14.64,125200
06/07/1999,18.25,18.25,18.0,18.0,14.49,26300
07/07/1999,18.0,18.19,17.94,18.06,14.54,65900
08/07/1999,18.12,18.62,18.0,18.44,14.85,61300
09/07/1999,18.5,18.5,18.0,18.06,14.54,79100
12/07/1999,18.0,18.06,17.62,17.62,14.19,204500
13/07/1999,17.62,17.88,17.25,17.31,13.94,32500
14/07/1999,17.31,17.44,17.06,17.44,14.04,14600
15/07/1999,17.5,17.5,17.31,17.38,13.99,36300
16/07/1999,17.19,17.38,17.0,17.12,13.79,32600
19/07/1999,16.88,16.88,15.75,16.0,12.88,72200
20/07/1999,16.0,16.81,16.0,16.44,13.24,28200
21/07/1999,16.62,17.69,16.62,17.06,13.74,101600
22/07/1999,17.12,17.19,16.5,16.62,13.39,16300
23/07/1999,16.56,17.06,16.38,17.06,13.74,28100
26/07/1999,17.12,17.25,16.56,16.62,13.39,21900
27/07/1999,16.62,17.0,16.31,17.0,13.69,36900
28/07/1999,17.0,17.0,16.88,16.94,13.64,10400
29/07/1999,16.81,16.81,16.62,16.69,13.44,15100
30/07/1999,16.62,16.69,16.0,16.12,12.98,15000
02/08/1999,16.0,16.0,15.75,15.94,12.83,13000
03/08/1999,15.69,15.94,15.69,15.88,12.78,25700
04/08/1999,15.94,16.0,15.75,15.94,12.83,23400
05/08/1999,15.94,15.94,14.94,15.06,12.13,153400
06/08/1999,15.06,15.06,14.31,14.94,12.03,41200
09/08/1999,15.0,15.12,14.5,14.5,11.68,40700
10/08/1999,14.38,14.5,13.88,14.12,11.37,98500
11/08/1999,14.25,14.62,14.25,14.62,11.78,7600
12/08/1999,14.75,14.88,14.56,14.81,11.93,10500
13/08/1999,14.75,14.88,14.5,14.62,11.78,18500
16/08/1999,14.5,14.5,13.94,14.0,11.27,48700
17/08/1999,14.12,14.12,13.75,13.88,11.17,28100
18/08/1999,14.0,14.0,13.38,13.38,10.77,28500
19/08/1999,13.31,13.31,12.75,12.94,10.42,103600
20/08/1999,13.0,14.0,13.0,14.0,11.27,211100
23/08/1999,14.12,14.94,14.12,14.75,11.88,31400
24/08/1999,14.88,14.88,14.0,14.19,11.42,96300
25/08/1999,14.25,14.31,14.0,14.19,11.42,29200
26/08/1999,14.06,14.25,14.06,14.19,11.42,15200
27/08/1999,14.06,14.25,14.06,14.19,11.42,8600
30/08/1999,14.12,14.12,13.94,13.94,11.22,19100
31/08/1999,14.0,14.19,13.81,14.12,11.37,24700
01/09/1999,14.0,14.25,14.0,14.25,11.47,10500
02/09/1999,14.25,14.5,14.25,14.5,11.68,10900
03/09/1999,14.56,15.25,14.5,15.25,12.28,28200
07/09/1999,15.38,15.69,15.38,15.69,12.63,36500
08/09/1999,15.62,15.62,15.0,15.06,12.13,53100
09/09/1999,15.0,15.0,14.75,14.88,11.98,6900
10/09/1999,14.75,15.0,14.56,15.0,12.08,16400
13/09/1999,14.88,14.88,14.56,14.88,11.98,8700
14/09/1999,14.88,14.94,14.25,14.31,11.52,21800
15/09/1999,14.25,14.62,14.12,14.38,11.57,37500
16/09/1999,14.38,14.38,14.06,14.06,11.32,6100
17/09/1999,14.0,14.12,13.88,13.94,11.22,13800
20/09/1999,13.81,13.94,13.69,13.75,11.07,7500
21/09/1999,13.69,13.69,12.44,12.75,10.27,99300
22/09/1999,12.81,12.94,12.69,12.75,10.27,19100
23/09/1999,12.62,12.75,12.38,12.5,10.07,42400
24/09/1999,12.44,12.56,12.12,12.19,9.81,26300
27/09/1999,12.12,12.31,12.0,12.0,9.66,20700
28/09/1999,12.06,12.12,11.69,11.75,9.46,25700
29/09/1999,11.75,11.75,11.62,11.69,9.41,58000
30/09/1999,11.69,11.88,11.25,11.81,9.51,634000
01/10/1999,11.75,12.0,11.38,11.62,9.36,79800
04/10/1999,11.62,11.69,11.5,11.69,9.41,16200
05/10/1999,7.5,7.5,6.44,6.5,5.23,2514800
06/10/1999,6.69,7.19,6.62,6.75,5.44,1411400
07/10/1999,6.94,7.19,6.62,7.19,5.79,619500
08/10/1999,7.25,7.5,7.19,7.5,6.04,363800
11/10/1999,7.5,7.62,7.31,7.38,5.94,211900
12/10/1999,7.5,7.5,7.0,7.19,5.79,381800
13/10/1999,7.12,7.31,6.88,7.25,5.84,287500
14/10/1999,7.25,7.25,6.88,7.12,5.74,302500
15/10/1999,7.0,7.06,6.75,6.88,5.54,124200
18/10/1999,6.88,6.94,6.62,6.81,5.49,101300
19/10/1999,6.88,7.06,6.56,6.81,5.49,203200
20/10/1999,6.88,7.25,6.81,7.12,5.74,180200
21/10/1999,7.0,7.12,7.0,7.06,5.69,200100
22/10/1999,7.06,7.5,7.06,7.5,6.04,100200
25/10/1999,7.5,7.94,7.5,7.88,6.34,139400
26/10/1999,8.19,8.69,8.19,8.5,6.84,314500
27/10/1999,8.38,8.5,7.88,8.31,6.69,128500
28/10/1999,8.25,8.44,7.44,7.5,6.04,129400
29/10/1999,7.5,7.69,7.25,7.25,5.84,232200
01/11/1999,7.31,7.69,7.19,7.62,6.14,86500
02/11/1999,7.38,7.38,7.19,7.19,5.79,105300
03/11/1999,7.25,7.38,7.12,7.25,5.84,110500
04/11/1999,7.19,7.25,6.88,7.06,5.69,155700
05/11/1999,7.0,7.31,6.94,7.25,5.84,485100
08/11/1999,7.38,7.62,7.25,7.31,5.89,93000
09/11/1999,7.44,7.44,7.12,7.12,5.74,65100
10/11/1999,7.12,7.19,7.0,7.19,5.79,56600
11/11/1999,7.06,7.19,7.0,7.12,5.74,63900
12/11/1999,7.0,7.19,7.0,7.19,5.79,88600
15/11/1999,7.19,8.19,7.12,7.88,6.34,133400
16/11/1999,7.88,8.5,7.88,8.06,6.49,234300
17/11/1999,8.12,8.38,8.12,8.31,6.69,209400
18/11/1999,8.38,9.0,8.31,8.75,7.05,283200
19/11/1999,8.81,8.88,8.25,8.38,6.74,138700
22/11/1999,8.38,8.38,7.75,7.94,6.39,159700
23/11/1999,7.94,8.75,7.81,8.06,6.49,252300
24/11/1999,8.06,9.0,8.0,9.0,7.25,311100
26/11/1999,9.0,9.0,8.75,8.75,7.05,65500
29/11/1999,8.62,8.94,8.38,8.62,6.94,166100
30/11/1999,8.5,8.62,8.0,8.25,6.64,215900
01/12/1999,8.19,8.44,7.81,7.94,6.39,125500
02/12/1999,7.75,7.81,7.44,7.56,6.09,262900
03/12/1999,7.62,7.88,7.38,7.88,6.34,184100
06/12/1999,7.75,7.75,7.25,7.25,5.84,218200
07/12/1999,7.25,7.38,7.0,7.12,5.74,79800
08/12/1999,7.12,7.5,7.0,7.19,5.79,81000
09/12/1999,7.12,7.38,7.12,7.38,5.94,89900
10/12/1999,7.31,7.38,7.06,7.38,5.94,86700
13/12/1999,7.25,7.38,7.12,7.19,5.79,142100
14/12/1999,7.12,7.25,7.0,7.0,5.64,71500
15/12/1999,6.94,6.94,6.56,6.69,5.38,286600
16/12/1999,6.81,6.94,6.5,6.62,5.33,137800
17/12/1999,6.5,7.06,6.5,7.06,5.69,136800
20/12/1999,7.0,7.19,7.0,7.0,5.64,88000
21/12/1999,7.12,7.12,6.69,7.06,5.69,106200
22/12/1999,7.0,7.25,6.88,7.25,5.84,212000
23/12/1999,7.12,7.69,7.12,7.69,6.19,96100
27/12/1999,7.62,7.69,7.44,7.44,5.99,66000
28/12/1999,7.31,7.31,6.81,7.12,5.74,106500
29/12/1999,7.0,7.19,7.0,7.12,5.74,56200
30/12/1999,7.12,7.44,7.0,7.44,5.99,134800
31/12/1999,7.31,7.38,7.19,7.38,5.94,56400
03/01/2000,7.38,7.38,6.88,7.06,5.69,76600
04/01/2000,7.0,7.19,6.94,6.94,5.59,70200
05/01/2000,6.94,7.12,6.94,7.0,5.64,45400
06/01/2000,6.94,7.12,6.94,7.0,5.64,38300
07/01/2000,6.94,7.06,6.94,6.94,5.59,54300
10/01/2000,7.0,7.06,7.0,7.0,5.64,53300
11/01/2000,7.0,7.0,6.88,6.94,5.59,69800
12/01/2000,6.88,7.0,6.75,6.81,5.49,117300
13/01/2000,6.88,7.19,6.81,7.0,5.64,75100
14/01/2000,7.06,7.19,7.06,7.19,5.79,83400
18/01/2000,7.06,7.19,7.06,7.19,5.79,79800
19/01/2000,7.0,7.12,6.94,7.12,5.74,46400
20/01/2000,7.06,7.06,6.94,7.0,5.64,122400
21/01/2000,6.94,7.12,6.94,7.0,5.64,50500
24/01/2000,7.12,7.25,7.06,7.12,5.74,159600
25/01/2000,7.25,7.25,7.12,7.19,5.79,110700
26/01/2000,7.19,7.25,7.12,7.19,5.79,79000
27/01/2000,7.19,7.19,7.0,7.06,5.69,30300
28/01/2000,7.06,7.31,7.06,7.25,5.84,45200
31/01/2000,7.12,7.31,7.0,7.0,5.64,99600
01/02/2000,7.06,7.19,6.94,7.06,5.69,225800
02/02/2000,7.0,7.12,7.0,7.06,5.69,88500
03/02/2000,7.0,7.12,6.88,7.0,5.64,74100
04/02/2000,6.94,7.0,6.81,6.81,5.49,48000
07/02/2000,6.88,6.94,6.75,6.94,5.59,76100
08/02/2000,6.88,6.94,6.81,6.81,5.49,22400
09/02/2000,6.88,6.94,6.88,6.94,5.59,86000
10/02/2000,6.88,7.19,6.88,7.06,5.69,171900
11/02/2000,7.0,7.12,7.0,7.0,5.64,71200
14/02/2000,7.0,7.12,7.0,7.12,5.74,30500
15/02/2000,7.12,7.25,7.12,7.19,5.79,49900
16/02/2000,7.25,7.44,7.12,7.38,5.94,37400
17/02/2000,7.44,9.38,7.44,8.25,6.64,523700
18/02/2000,8.25,8.69,8.25,8.31,6.69,151700
22/02/2000,8.38,8.75,8.31,8.38,6.74,116200
23/02/2000,8.38,8.88,8.25,8.75,7.05,196400
24/02/2000,8.0,8.12,7.12,8.0,6.44,327100
25/02/2000,7.88,7.94,7.5,7.56,6.09,83600
28/02/2000,7.75,8.06,7.75,7.94,6.39,160600
29/02/2000,8.0,8.0,7.75,7.88,6.34,203200
01/03/2000,7.75,7.88,7.75,7.81,6.29,43200
02/03/2000,7.81,7.88,7.5,7.81,6.29,72900
03/03/2000,7.5,7.69,7.25,7.62,6.14,52900
06/03/2000,7.5,7.5,7.25,7.31,5.89,41800
07/03/2000,7.19,7.25,7.19,7.19,5.79,27900
08/03/2000,8.0,8.06,7.81,7.88,6.34,180200
09/03/2000,8.0,8.12,7.19,7.62,6.14,115000
10/03/2000,7.75,7.94,7.5,7.62,6.14,91600
13/03/2000,7.44,7.88,7.44,7.88,6.34,62400
14/03/2000,7.94,8.19,7.81,7.94,6.39,105800
15/03/2000,7.88,7.94,7.75,7.81,6.29,22300
16/03/2000,7.69,7.88,7.69,7.69,6.19,42000
17/03/2000,7.62,7.94,7.62,7.81,6.29,29600
20/03/2000,7.75,7.94,7.62,7.62,6.14,37600
21/03/2000,7.56,7.62,7.38,7.5,6.04,24000
22/03/2000,7.56,7.56,7.19,7.31,5.89,40800
23/03/2000,7.38,8.0,7.38,8.0,6.44,152800
24/03/2000,8.0,8.0,7.75,7.75,6.24,20900
27/03/2000,7.62,7.81,7.62,7.69,6.19,19200
28/03/2000,7.62,7.69,7.38,7.38,5.94,29100
29/03/2000,7.44,7.5,7.38,7.38,5.94,19400
30/03/2000,7.5,7.5,6.88,7.0,5.64,70200
31/03/2000,6.94,7.06,6.38,6.38,5.13,101800
03/04/2000,6.62,6.81,6.5,6.56,5.28,52100
04/04/2000,6.56,6.62,5.62,6.0,4.83,102900
05/04/2000,6.25,6.94,6.25,6.75,5.44,69500
06/04/2000,6.88,7.5,6.88,7.12,5.74,93800
07/04/2000,7.12,7.12,6.81,7.06,5.69,34300
10/04/2000,7.0,7.12,6.88,6.88,5.54,21300
11/04/2000,6.88,6.88,6.44,6.44,5.18,32100
12/04/2000,6.75,6.88,6.62,6.69,5.38,40400
13/04/2000,6.62,6.75,6.62,6.62,5.33,139600
14/04/2000,6.56,6.69,6.25,6.31,5.08,76100
17/04/2000,6.25,6.38,6.19,6.38,5.13,63700
18/04/2000,6.5,6.5,6.25,6.44,5.18,43400
19/04/2000,6.44,6.69,6.38,6.62,5.33,37100
20/04/2000,6.69,6.69,6.5,6.56,5.28,14700
24/04/2000,6.62,6.75,6.62,6.75,5.44,19200
25/04/2000,6.62,6.69,6.56,6.69,5.38,78200
26/04/2000,6.69,6.75,6.62,6.69,5.38,11000
27/04/2000,6.69,6.94,6.69,6.94,5.59,34800
28/04/2000,6.88,6.94,6.81,6.88,5.54,27600
01/05/2000,6.88,6.94,6.88,6.94,5.59,21800
02/05/2000,6.88,6.94,6.81,6.88,5.54,19300
03/05/2000,6.94,6.94,6.81,6.88,5.54,3300
04/05/2000,6.81,7.06,6.81,7.06,5.69,95100
05/05/2000,7.0,7.12,6.94,7.0,5.64,18900
08/05/2000,7.06,7.12,7.06,7.06,5.69,16900
09/05/2000,7.06,7.12,7.06,7.06,5.69,21300
10/05/2000,7.06,7.12,7.0,7.0,5.64,39500
11/05/2000,7.06,7.06,6.94,7.0,5.64,16700
12/05/2000,7.0,7.06,6.88,6.88,5.54,33000
15/05/2000,7.0,7.0,6.81,7.0,5.64,26300
16/05/2000,7.0,7.0,6.88,6.94,5.59,18300
17/05/2000,6.88,6.94,6.88,6.94,5.59,14000
18/05/2000,6.88,6.88,6.75,6.75,5.44,26100
19/05/2000,6.88,6.88,6.56,6.56,5.28,42100
22/05/2000,6.62,6.62,6.31,6.44,5.18,37200
23/05/2000,6.38,6.62,6.31,6.31,5.08,29700
24/05/2000,6.31,6.31,6.19,6.31,5.08,52600
25/05/2000,6.25,6.44,6.25,6.25,5.03,18400
26/05/2000,6.25,6.25,6.06,6.19,4.98,41000
30/05/2000,6.19,6.25,6.19,6.19,4.98,11600
31/05/2000,6.25,6.25,6.0,6.06,4.88,125900
01/06/2000,6.06,6.06,6.0,6.06,4.88,64300
02/06/2000,6.06,6.25,6.06,6.19,4.98,74000
05/06/2000,6.25,6.25,5.94,6.06,4.88,32800
06/06/2000,5.94,5.94,5.62,5.75,4.63,65800
07/06/2000,5.75,5.75,5.44,5.5,4.43,93700
08/06/2000,5.5,5.62,5.25,5.25,4.23,84400
09/06/2000,5.25,5.5,5.25,5.44,4.38,29100
12/06/2000,5.5,5.75,5.5,5.62,4.53,68000
13/06/2000,5.62,5.62,5.5,5.56,4.48,40900
14/06/2000,5.56,5.62,5.5,5.62,4.53,34100
15/06/2000,5.62,5.62,5.5,5.5,4.43,12300
16/06/2000,5.56,5.56,5.5,5.5,4.43,28000
19/06/2000,5.5,5.5,5.44,5.5,4.43,4800
20/06/2000,5.44,5.5,5.31,5.38,4.33,23400
21/06/2000,5.25,5.25,5.0,5.0,4.03,79700
22/06/2000,5.06,5.06,4.81,4.94,3.98,53000
23/06/2000,5.0,5.0,4.88,5.0,4.03,34800
26/06/2000,5.0,5.0,4.88,4.94,3.98,77800
27/06/2000,4.88,4.88,4.44,4.81,3.88,119600
28/06/2000,4.38,4.44,3.88,3.88,3.12,220100
29/06/2000,3.94,3.94,3.88,3.94,3.17,49400
30/06/2000,3.88,4.0,3.88,4.0,3.22,115400
03/07/2000,3.94,4.0,3.94,3.94,3.17,17200
05/07/2000,4.0,4.0,3.75,3.88,3.12,71700
06/07/2000,3.81,3.88,3.81,3.88,3.12,18300
07/07/2000,3.81,3.88,3.75,3.75,3.02,69400
10/07/2000,3.75,3.88,3.75,3.81,3.07,23400
11/07/2000,3.81,3.81,3.62,3.69,2.97,68300
12/07/2000,3.69,3.69,3.38,3.62,2.92,964200
13/07/2000,3.69,4.19,3.69,4.12,3.32,86100
14/07/2000,4.25,4.81,4.25,4.75,3.82,130100
17/07/2000,4.88,5.0,4.88,4.94,3.98,66900
18/07/2000,4.94,5.0,4.88,4.94,3.98,75000
19/07/2000,4.94,5.0,4.88,4.88,3.93,22300
20/07/2000,4.88,4.94,4.62,4.69,3.77,75500
21/07/2000,4.69,4.81,4.62,4.69,3.77,24800
24/07/2000,4.69,4.88,4.69,4.81,3.88,28300
25/07/2000,4.88,4.88,4.75,4.81,3.88,14800
26/07/2000,4.75,4.81,4.56,4.56,3.67,17500
27/07/2000,4.56,4.56,4.19,4.31,3.47,52700
28/07/2000,4.38,4.38,4.25,4.25,3.42,17600
31/07/2000,4.31,4.44,4.12,4.44,3.57,49800
01/08/2000,4.44,4.5,4.38,4.5,3.62,21400
02/08/2000,4.5,4.56,4.38,4.5,3.62,26900
03/08/2000,4.44,4.44,4.31,4.31,3.47,19000
04/08/2000,4.19,4.25,4.12,4.19,3.37,57000
07/08/2000,4.12,4.19,4.06,4.12,3.32,34400
08/08/2000,4.12,4.19,3.94,3.94,3.17,36000
09/08/2000,3.94,4.0,3.81,3.81,3.07,28000
10/08/2000,3.81,3.88,3.81,3.81,3.07,15400
11/08/2000,3.88,4.12,3.88,4.0,3.22,99100
14/08/2000,3.94,4.06,3.88,4.06,3.27,62100
15/08/2000,4.0,4.19,4.0,4.12,3.32,47800
16/08/2000,4.12,4.19,4.06,4.12,3.32,11500
17/08/2000,4.06,4.25,4.06,4.25,3.42,36700
18/08/2000,4.31,4.44,3.81,3.81,3.07,535700
21/08/2000,3.88,4.12,3.88,4.12,3.32,106200
22/08/2000,4.19,4.44,4.19,4.25,3.42,75300
23/08/2000,4.19,4.5,4.19,4.5,3.62,33600
24/08/2000,4.5,4.69,4.5,4.62,3.72,54300
25/08/2000,4.75,4.94,4.69,4.94,3.98,49900
28/08/2000,5.0,5.25,5.0,5.12,4.13,116200
29/08/2000,5.19,5.5,5.19,5.38,4.33,66200
30/08/2000,5.44,5.62,5.44,5.56,4.48,32800
31/08/2000,5.5,5.5,5.44,5.5,4.43,38600
01/09/2000,5.5,5.56,5.44,5.5,4.43,17000
05/09/2000,5.44,5.5,5.38,5.38,4.33,18700
06/09/2000,5.25,5.25,5.0,5.12,4.13,64100
07/09/2000,5.25,5.25,5.06,5.12,4.13,23700
08/09/2000,5.06,5.31,5.06,5.25,4.23,36100
11/09/2000,5.25,5.38,5.25,5.31,4.28,52700
12/09/2000,5.31,5.5,5.25,5.5,4.43,37200
13/09/2000,5.44,5.44,5.38,5.44,4.38,14300
14/09/2000,5.38,5.44,5.31,5.31,4.28,14600
15/09/2000,5.31,5.38,5.31,5.38,4.33,42700
18/09/2000,5.38,5.38,5.25,5.25,4.23,35900
19/09/2000,5.31,5.38,5.25,5.31,4.28,21100
20/09/2000,5.25,5.31,5.12,5.31,4.28,60400
21/09/2000,5.25,5.25,5.06,5.06,4.08,41100
22/09/2000,5.06,5.12,5.0,5.06,4.08,18800
25/09/2000,5.06,5.19,5.06,5.19,4.18,15900
26/09/2000,5.19,5.25,5.12,5.19,4.18,38100
27/09/2000,5.19,5.19,5.12,5.12,4.13,62700
28/09/2000,5.12,5.19,5.06,5.19,4.18,22500
29/09/2000,5.19,5.25,5.19,5.19,4.18,57400
02/10/2000,5.19,5.19,4.88,4.88,3.93,23000
03/10/2000,4.88,4.94,4.5,4.5,3.62,62800
04/10/2000,4.56,4.62,4.25,4.31,3.47,20600
05/10/2000,4.25,4.25,4.12,4.12,3.32,28400
06/10/2000,4.06,4.06,3.69,3.81,3.07,22700
09/10/2000,3.75,3.75,3.44,3.62,2.92,38900
10/10/2000,3.62,3.69,3.62,3.62,2.92,21300
11/10/2000,3.62,3.62,3.25,3.31,2.67,77200
12/10/2000,3.38,3.38,2.88,2.94,2.37,122600
13/10/2000,3.0,3.06,2.81,2.94,2.37,59700
16/10/2000,2.94,3.12,2.94,3.0,2.42,43200
17/10/2000,3.06,3.12,3.0,3.12,2.52,17500
18/10/2000,3.12,3.12,2.94,2.94,2.37,34500
19/10/2000,2.94,3.0,2.88,3.0,2.42,15000
20/10/2000,2.94,3.0,2.94,3.0,2.42,8300
23/10/2000,3.0,3.19,3.0,3.19,2.57,32300
24/10/2000,3.31,3.31,3.06,3.12,2.52,50000
25/10/2000,3.19,3.19,3.0,3.0,2.42,29600
26/10/2000,2.94,3.06,2.94,3.0,2.42,29300
27/10/2000,3.0,3.0,2.88,2.88,2.31,27500
30/10/2000,2.88,2.88,2.69,2.81,2.26,111100
31/10/2000,2.88,2.94,2.69,2.94,2.37,69600
01/11/2000,2.94,3.0,2.88,2.88,2.31,25900
02/11/2000,2.94,3.0,2.88,3.0,2.42,29400
03/11/2000,3.0,3.12,3.0,3.12,2.52,27900
06/11/2000,3.06,3.12,3.0,3.06,2.47,50300
07/11/2000,3.0,3.19,2.94,3.12,2.52,63800
08/11/2000,3.12,3.19,3.06,3.12,2.52,6800
09/11/2000,3.19,3.19,3.06,3.06,2.47,13200
10/11/2000,3.12,3.12,3.0,3.0,2.42,13700
13/11/2000,3.0,3.0,2.88,2.88,2.31,24700
14/11/2000,2.88,3.06,2.88,3.0,2.42,64400
15/11/2000,3.0,3.0,3.0,3.0,2.42,18700
16/11/2000,3.0,3.31,3.0,3.31,2.67,104600
17/11/2000,3.5,3.5,3.38,3.38,2.72,32200
20/11/2000,3.38,3.44,3.25,3.38,2.72,23000
21/11/2000,3.38,3.38,3.25,3.25,2.62,26900
22/11/2000,3.25,3.25,3.19,3.25,2.62,16400
24/11/2000,3.25,3.31,3.25,3.31,2.67,12000
27/11/2000,3.25,3.5,3.25,3.31,2.67,94400
28/11/2000,3.25,3.25,3.19,3.19,2.57,23100
29/11/2000,3.19,3.19,3.0,3.06,2.47,24400
30/11/2000,3.06,3.12,3.0,3.12,2.52,35900
01/12/2000,3.06,3.19,3.06,3.19,2.57,20500
04/12/2000,3.12,3.19,3.06,3.12,2.52,24400
05/12/2000,3.06,3.19,3.06,3.19,2.57,28500
06/12/2000,3.12,3.19,2.94,2.94,2.37,52600
07/12/2000,2.88,2.94,2.88,2.94,2.37,19600
08/12/2000,2.88,2.94,2.81,2.94,2.37,18800
11/12/2000,2.88,2.94,2.81,2.88,2.31,41600
12/12/2000,2.81,2.94,2.81,2.81,2.26,5700
13/12/2000,2.81,2.81,2.5,2.56,2.06,308300
14/12/2000,2.56,2.56,2.5,2.56,2.06,34300
15/12/2000,2.5,2.62,2.5,2.56,2.06,40100
18/12/2000,2.56,2.62,2.44,2.56,2.06,56500
19/12/2000,2.56,2.56,2.31,2.38,1.91,104800
20/12/2000,2.31,2.38,2.19,2.19,1.76,85800
21/12/2000,2.19,2.19,2.06,2.12,1.71,74300
22/12/2000,2.12,2.12,2.0,2.12,1.71,106600
26/12/2000,2.06,2.12,2.0,2.12,1.71,57100
27/12/2000,2.06,2.06,2.0,2.06,1.66,274500
28/12/2000,2.0,2.19,2.0,2.19,1.76,124400
29/12/2000,2.25,2.31,2.06,2.12,1.71,226400
02/01/2001,2.19,2.25,2.12,2.12,1.71,31500
03/01/2001,2.12,2.19,2.12,2.19,1.76,42000
04/01/2001,2.12,2.19,2.12,2.12,1.71,33200
05/01/2001,2.19,2.19,2.06,2.19,1.76,43000
08/01/2001,2.19,2.19,2.12,2.12,1.71,6800
09/01/2001,2.19,2.25,2.19,2.25,1.81,26200
10/01/2001,2.25,2.38,2.25,2.31,1.86,33400
11/01/2001,2.31,2.5,2.25,2.5,2.01,56000
12/01/2001,2.5,2.56,2.44,2.5,2.01,16100
16/01/2001,2.56,2.56,2.12,2.12,1.71,160000
17/01/2001,2.19,2.31,2.12,2.12,1.71,68100
18/01/2001,2.19,2.19,2.12,2.19,1.76,20700
19/01/2001,2.19,2.25,2.12,2.12,1.71,70900
22/01/2001,2.25,2.25,2.12,2.19,1.76,52500
23/01/2001,2.19,2.31,2.19,2.31,1.86,19000
24/01/2001,2.31,2.38,2.25,2.31,1.86,21500
25/01/2001,2.38,2.38,2.31,2.38,1.91,14900
26/01/2001,2.31,2.44,2.31,2.38,1.91,64400
29/01/2001,2.45,2.48,2.4,2.45,1.97,117400
30/01/2001,2.4,2.45,2.32,2.45,1.97,31800
31/01/2001,2.45,2.5,2.45,2.47,1.99,67600
01/02/2001,2.5,2.55,2.31,2.45,1.97,71600
02/02/2001,2.49,2.5,2.46,2.47,1.99,70400
05/02/2001,2.5,2.5,2.47,2.5,2.01,52800
06/02/2001,2.5,2.5,2.45,2.49,2.0,21600
07/02/2001,2.48,2.49,2.45,2.49,2.0,6500
08/02/2001,2.5,2.5,2.45,2.45,1.97,37300
09/02/2001,2.49,2.5,2.45,2.5,2.01,17300
12/02/2001,2.5,2.5,2.49,2.5,2.01,48500
13/02/2001,2.5,2.5,2.48,2.48,2.0,37300
14/02/2001,2.48,2.49,2.48,2.49,2.0,7500
15/02/2001,2.5,2.5,2.47,2.5,2.01,24100
16/02/2001,2.5,2.5,2.45,2.46,1.98,49800
20/02/2001,2.44,2.45,2.4,2.43,1.96,29300
21/02/2001,2.43,2.43,2.37,2.42,1.95,16400
22/02/2001,2.42,2.46,2.36,2.44,1.96,9700
23/02/2001,2.44,2.45,2.35,2.44,1.96,24000
26/02/2001,2.44,2.48,2.41,2.48,2.0,27300
27/02/2001,2.49,2.5,2.45,2.46,1.98,14300
28/02/2001,2.49,2.55,2.43,2.48,2.0,132300
01/03/2001,2.48,2.55,2.48,2.55,2.05,155300
02/03/2001,2.52,2.8,2.51,2.78,2.24,130900
05/03/2001,2.79,2.8,2.73,2.74,2.21,33800
06/03/2001,2.79,2.8,2.75,2.78,2.24,37200
07/03/2001,2.75,2.77,2.73,2.75,2.21,14000
08/03/2001,2.7,2.7,2.55,2.55,2.05,81800
09/03/2001,2.52,2.56,2.5,2.5,2.01,49000
12/03/2001,2.51,2.51,2.45,2.45,1.97,23600
13/03/2001,2.45,2.45,2.35,2.44,1.96,42800
14/03/2001,2.4,2.5,2.4,2.49,2.0,39800
15/03/2001,2.52,2.52,2.43,2.46,1.98,26700
16/03/2001,2.48,2.48,2.4,2.45,1.97,45100
19/03/2001,2.4,2.4,2.27,2.34,1.88,45700
20/03/2001,2.38,2.38,2.3,2.3,1.85,19000
21/03/2001,2.3,2.4,2.26,2.38,1.92,6800
22/03/2001,2.4,2.42,2.35,2.42,1.95,17000
23/03/2001,2.42,2.45,2.42,2.45,1.97,16600
26/03/2001,2.48,2.5,2.44,2.44,1.96,19900
27/03/2001,2.41,2.45,2.36,2.4,1.93,30700
28/03/2001,2.3,2.45,2.3,2.4,1.93,67500
29/03/2001,2.41,2.45,2.4,2.42,1.95,44500
30/03/2001,2.42,2.44,2.41,2.44,1.96,14000
02/04/2001,2.42,2.42,2.25,2.31,1.86,55900
03/04/2001,2.3,2.3,2.16,2.25,1.81,30300
04/04/2001,2.25,2.25,2.15,2.15,1.73,53600
05/04/2001,2.18,2.18,2.15,2.18,1.76,15900
06/04/2001,2.18,2.2,2.13,2.14,1.72,7500
09/04/2001,2.1,2.15,2.1,2.13,1.72,10100
10/04/2001,2.18,2.2,2.15,2.16,1.74,45700
11/04/2001,2.15,2.16,2.09,2.1,1.69,44700
12/04/2001,2.14,2.18,2.05,2.05,1.65,38600
16/04/2001,2.09,2.09,2.07,2.08,1.67,18100
17/04/2001,2.1,2.1,2.01,2.02,1.63,28700
18/04/2001,2.02,2.02,1.95,1.95,1.57,97000
19/04/2001,1.98,1.98,1.94,1.95,1.57,32300
20/04/2001,1.95,1.97,1.9,1.96,1.58,97900
23/04/2001,1.9,1.95,1.9,1.9,1.53,29900
24/04/2001,1.9,1.9,1.82,1.85,1.49,22300
25/04/2001,1.86,1.89,1.85,1.89,1.52,24700
26/04/2001,1.89,1.89,1.84,1.84,1.48,7300
27/04/2001,1.89,1.9,1.79,1.8,1.45,34800
30/04/2001,1.79,1.85,1.79,1.84,1.48,27600
01/05/2001,1.81,1.84,1.7,1.8,1.45,76700
02/05/2001,1.85,2.1,1.85,2.02,1.63,109600
03/05/2001,2.1,2.14,2.06,2.14,1.72,65400
04/05/2001,2.15,2.26,2.15,2.26,1.82,101900
07/05/2001,2.25,2.35,2.02,2.03,1.63,183000
08/05/2001,2.05,2.08,2.01,2.08,1.67,59700
09/05/2001,2.1,2.23,2.1,2.23,1.8,243100
10/05/2001,2.28,2.9,2.25,2.9,2.34,506400
11/05/2001,3.0,3.35,2.99,3.17,2.55,317700
14/05/2001,3.27,3.5,3.15,3.18,2.56,141000
15/05/2001,3.15,3.41,3.1,3.23,2.6,135700
16/05/2001,3.28,3.35,3.22,3.25,2.62,261900
17/05/2001,3.26,3.34,3.26,3.3,2.66,73800
18/05/2001,3.3,3.3,3.15,3.15,2.54,70700
21/05/2001,3.22,3.29,3.18,3.29,2.65,72100
22/05/2001,3.26,3.4,3.25,3.35,2.7,90100
23/05/2001,3.4,3.55,3.4,3.46,2.79,95300
24/05/2001,3.56,3.63,3.5,3.63,2.92,115400
25/05/2001,3.69,4.3,3.69,4.24,3.41,140000
29/05/2001,4.25,4.25,3.95,3.95,3.18,74200
30/05/2001,3.95,4.1,3.82,3.82,3.08,131800
31/05/2001,3.82,3.9,3.6,3.62,2.91,112500
01/06/2001,3.65,3.7,3.4,3.5,2.82,144700
04/06/2001,3.43,3.5,3.4,3.43,2.76,77400
05/06/2001,3.38,3.8,3.3,3.8,3.06,136800
06/06/2001,3.8,3.95,3.8,3.94,3.17,30600
07/06/2001,3.98,4.0,3.85,4.0,3.22,37700
08/06/2001,3.98,4.04,3.98,4.01,3.23,9400
11/06/2001,4.0,4.04,3.87,3.87,3.12,75200
12/06/2001,3.85,3.96,3.85,3.95,3.18,23300
13/06/2001,3.98,3.98,3.82,3.85,3.1,30800
14/06/2001,3.88,3.88,3.75,3.81,3.07,22500
15/06/2001,3.78,3.83,3.66,3.7,2.98,38600
18/06/2001,3.66,3.71,3.65,3.7,2.98,17600
19/06/2001,3.71,3.71,3.55,3.55,2.86,65800
20/06/2001,3.52,3.62,3.4,3.62,2.91,38400
21/06/2001,3.62,3.67,3.58,3.59,2.89,7900
22/06/2001,3.55,3.68,3.55,3.6,2.9,18200
25/06/2001,3.55,3.65,3.55,3.58,2.88,30100
26/06/2001,3.58,3.67,3.55,3.67,2.96,40400
27/06/2001,3.67,3.67,3.62,3.64,2.93,30900
28/06/2001,3.63,3.64,3.63,3.64,2.93,38400
29/06/2001,3.64,3.64,3.62,3.62,2.91,287900
02/07/2001,3.62,3.75,3.62,3.66,2.95,158500
03/07/2001,3.66,3.67,3.61,3.63,2.92,22700
05/07/2001,3.6,3.64,3.6,3.62,2.91,35500
06/07/2001,3.61,3.61,3.5,3.5,2.82,65300
09/07/2001,3.5,3.5,3.31,3.31,2.67,48700
10/07/2001,3.31,3.32,3.25,3.26,2.62,37900
11/07/2001,3.24,3.24,3.1,3.1,2.5,31000
12/07/2001,3.11,3.22,3.11,3.2,2.58,78300
13/07/2001,3.23,3.34,3.21,3.31,2.67,34700
16/07/2001,3.34,3.34,3.25,3.26,2.62,17500
17/07/2001,3.27,3.3,3.25,3.3,2.66,37100
18/07/2001,3.35,3.46,3.33,3.44,2.77,38500
19/07/2001,3.42,3.52,3.42,3.51,2.83,41200
20/07/2001,3.51,3.73,3.48,3.73,3.0,59200
23/07/2001,3.83,4.05,3.78,3.78,3.04,108800
24/07/2001,3.8,3.84,3.6,3.65,2.94,41800
25/07/2001,3.65,3.71,3.65,3.71,2.99,18300
26/07/2001,3.68,3.68,3.55,3.55,2.86,20700
27/07/2001,3.54,3.65,3.54,3.65,2.94,18800
30/07/2001,3.62,3.72,3.62,3.69,2.97,14000
31/07/2001,3.7,3.78,3.7,3.71,2.99,31600
01/08/2001,3.7,3.79,3.7,3.79,3.05,16400
02/08/2001,3.82,3.97,3.82,3.88,3.12,44300
03/08/2001,3.93,4.05,3.88,4.0,3.22,63400
06/08/2001,4.01,4.06,3.92,3.94,3.17,45500
07/08/2001,3.95,4.1,3.95,4.1,3.3,65500
08/08/2001,4.1,4.75,4.1,4.4,3.54,457000
09/08/2001,4.41,4.48,4.05,4.13,3.33,199400
10/08/2001,4.05,4.05,4.0,4.0,3.22,66000
13/08/2001,3.99,3.99,3.6,3.7,2.98,150300
14/08/2001,3.7,3.73,3.55,3.6,2.9,182200
15/08/2001,3.6,3.71,3.6,3.65,2.94,72300
16/08/2001,3.65,3.74,3.61,3.64,2.93,38800
17/08/2001,3.63,3.72,3.6,3.6,2.9,22100
20/08/2001,3.6,3.68,3.6,3.68,2.96,25400
21/08/2001,3.7,3.7,3.6,3.6,2.9,15000
22/08/2001,3.6,3.67,3.59,3.6,2.9,32700
23/08/2001,3.59,3.59,3.55,3.55,2.86,32200
24/08/2001,3.55,3.58,3.55,3.56,2.87,12800
27/08/2001,3.5,3.58,3.5,3.56,2.87,29600
28/08/2001,3.52,3.55,3.46,3.48,2.8,33800
29/08/2001,3.46,3.5,3.46,3.48,2.8,25000
30/08/2001,3.5,3.5,3.45,3.46,2.79,22700
31/08/2001,3.48,3.59,3.48,3.51,2.83,70100
04/09/2001,3.5,3.5,3.4,3.4,2.74,31000
05/09/2001,3.37,3.37,3.3,3.3,2.66,17400
06/09/2001,3.3,3.3,3.3,3.3,2.66,10700
07/09/2001,3.3,3.35,3.27,3.27,2.63,38500
10/09/2001,3.25,3.25,3.18,3.18,2.56,34800
17/09/2001,3.15,3.2,3.1,3.17,2.55,20100
18/09/2001,3.1,3.1,3.07,3.07,2.47,23600
19/09/2001,3.05,3.15,2.95,3.0,2.42,95000
20/09/2001,2.95,2.95,2.38,2.38,1.92,64800
21/09/2001,2.38,2.38,2.0,2.15,1.73,112800
24/09/2001,2.18,2.3,2.18,2.25,1.81,233900
25/09/2001,2.25,2.3,2.22,2.28,1.84,54400
26/09/2001,2.25,2.38,2.22,2.3,1.85,35500
27/09/2001,2.3,2.75,2.3,2.74,2.21,43500
28/09/2001,2.8,3.03,2.8,3.02,2.43,129800
01/10/2001,3.04,3.05,3.02,3.04,2.45,10100
02/10/2001,3.04,3.1,3.03,3.03,2.44,48400
03/10/2001,3.0,3.0,2.92,2.94,2.37,52500
04/10/2001,2.96,3.0,2.95,2.98,2.4,57500
05/10/2001,2.94,2.95,2.9,2.93,2.36,41400
08/10/2001,2.9,2.95,2.85,2.95,2.38,37300
09/10/2001,2.93,2.93,2.8,2.8,2.25,73300
10/10/2001,2.8,2.8,2.63,2.63,2.12,85600
11/10/2001,2.63,2.65,2.6,2.6,2.09,144900
12/10/2001,2.6,2.6,2.55,2.58,2.08,42800
15/10/2001,2.57,2.57,2.51,2.53,2.04,72200
16/10/2001,2.55,2.55,2.5,2.5,2.01,113400
17/10/2001,2.5,2.5,2.39,2.4,1.93,242400
18/10/2001,2.4,2.4,2.28,2.29,1.84,166200
19/10/2001,2.3,2.32,2.3,2.32,1.87,41600
22/10/2001,2.34,2.37,2.31,2.37,1.91,77200
23/10/2001,2.36,2.37,2.35,2.37,1.91,46300
24/10/2001,2.37,2.41,2.37,2.41,1.94,84100
25/10/2001,2.42,2.54,2.42,2.54,2.05,55500
26/10/2001,2.5,2.59,2.5,2.56,2.06,56300
29/10/2001,2.6,2.64,2.6,2.64,2.13,107500
30/10/2001,2.64,2.64,2.58,2.58,2.08,42400
31/10/2001,2.58,2.8,2.58,2.8,2.25,154100
01/11/2001,2.8,3.08,2.8,3.07,2.47,72600
02/11/2001,3.02,3.05,2.99,3.05,2.46,49000
05/11/2001,3.08,3.11,2.97,2.99,2.41,79700
06/11/2001,2.99,3.0,2.96,2.97,2.39,44400
07/11/2001,2.96,2.97,2.93,2.93,2.36,31400
08/11/2001,2.95,2.95,2.9,2.93,2.36,82500
09/11/2001,2.96,2.98,2.95,2.98,2.4,39200
12/11/2001,2.97,3.0,2.97,3.0,2.42,39300
13/11/2001,3.02,3.07,2.99,3.07,2.47,259000
14/11/2001,3.25,3.55,3.01,3.04,2.45,371600
15/11/2001,3.05,3.15,3.05,3.05,2.46,53400
16/11/2001,3.06,3.09,2.95,2.97,2.39,134100
19/11/2001,3.0,3.03,2.98,3.0,2.42,80400
20/11/2001,3.0,3.06,3.0,3.02,2.43,40000
21/11/2001,3.01,3.02,2.98,3.0,2.42,49900
23/11/2001,3.01,3.24,3.01,3.24,2.61,66800
26/11/2001,3.24,3.3,3.12,3.19,2.57,88800
27/11/2001,3.24,3.3,3.2,3.3,2.66,76500
28/11/2001,3.28,3.29,3.25,3.25,2.62,22000
29/11/2001,3.25,3.43,3.25,3.43,2.76,56100
30/11/2001,3.43,3.43,3.39,3.4,2.74,22700
03/12/2001,3.4,3.4,3.3,3.3,2.66,36700
04/12/2001,3.33,3.41,3.33,3.4,2.74,16900
05/12/2001,3.4,3.4,3.29,3.33,2.68,124900
06/12/2001,3.35,3.38,3.3,3.38,2.72,32300
07/12/2001,3.37,3.49,3.35,3.45,2.78,153100
10/12/2001,3.43,3.45,3.33,3.33,2.68,53500
11/12/2001,3.35,3.35,3.2,3.25,2.62,47600
12/12/2001,3.22,3.28,3.2,3.25,2.62,38600
13/12/2001,3.22,3.29,3.2,3.25,2.62,52700
14/12/2001,3.22,3.25,3.2,3.2,2.58,41600
17/12/2001,3.2,3.23,3.19,3.23,2.6,31900
18/12/2001,3.22,3.29,3.2,3.25,2.62,33300
19/12/2001,3.23,3.24,3.22,3.23,2.6,28700
20/12/2001,3.4,3.4,3.3,3.31,2.67,77000
21/12/2001,3.3,3.31,3.28,3.29,2.65,43200
24/12/2001,3.29,3.29,3.25,3.29,2.65,11300
26/12/2001,3.28,3.43,3.27,3.38,2.72,59600
27/12/2001,3.4,3.49,3.39,3.43,2.76,109800
28/12/2001,3.44,3.61,3.44,3.61,2.91,80200
31/12/2001,3.6,3.84,3.6,3.7,2.98,182900
02/01/2002,3.7,3.72,3.6,3.65,2.94,67300
03/01/2002,3.65,3.74,3.65,3.72,3.0,30800
04/01/2002,3.7,4.05,3.7,4.03,3.24,166100
07/01/2002,4.0,4.05,3.99,4.0,3.22,68000
08/01/2002,4.0,4.15,4.0,4.1,3.3,66700
09/01/2002,4.1,4.56,4.1,4.45,3.58,253500
10/01/2002,4.45,4.45,4.3,4.3,3.46,63200
11/01/2002,4.3,4.33,4.1,4.1,3.3,79900
14/01/2002,4.08,4.08,3.8,4.02,3.24,103300
15/01/2002,4.01,4.45,4.01,4.2,3.38,72000
16/01/2002,4.21,4.35,4.2,4.2,3.38,21000
17/01/2002,4.15,4.25,4.15,4.25,3.42,8700
18/01/2002,4.3,4.3,3.5,3.71,2.99,352000
22/01/2002,3.76,4.04,3.75,4.0,3.22,101600
23/01/2002,4.03,4.03,3.88,3.92,3.16,42700
24/01/2002,3.95,4.0,3.95,3.99,3.21,12800
25/01/2002,3.95,4.0,3.9,3.9,3.14,32200
28/01/2002,3.93,3.95,3.89,3.89,3.13,28400
29/01/2002,3.95,3.95,3.8,3.85,3.1,31700
30/01/2002,3.85,3.95,3.82,3.94,3.17,69500
31/01/2002,3.94,4.22,3.94,4.12,3.32,126200
01/02/2002,4.15,4.2,4.12,4.2,3.38,29000
04/02/2002,4.18,4.18,4.05,4.06,3.27,46700
05/02/2002,4.07,4.07,3.84,3.96,3.19,55900
06/02/2002,3.96,4.1,3.95,4.04,3.25,39100
07/02/2002,4.1,4.15,4.05,4.05,3.26,35600
08/02/2002,4.08,4.08,3.87,3.9,3.14,57200
11/02/2002,3.88,4.1,3.88,4.1,3.3,88800
12/02/2002,4.2,4.46,3.75,3.9,3.14,346900
13/02/2002,3.9,3.99,3.8,3.94,3.17,220300
14/02/2002,3.94,4.05,3.94,4.04,3.25,95100
15/02/2002,4.04,4.05,4.01,4.02,3.24,26600
19/02/2002,4.03,4.03,3.95,4.02,3.24,56000
20/02/2002,4.0,4.0,3.9,3.9,3.14,77600
21/02/2002,3.95,3.98,3.85,3.85,3.1,145300
22/02/2002,3.85,3.85,3.5,3.63,2.92,110200
25/02/2002,3.65,3.73,3.63,3.63,2.92,44400
26/02/2002,3.7,3.9,3.7,3.9,3.14,103200
27/02/2002,3.9,3.9,3.85,3.87,3.12,43400
28/02/2002,3.9,3.93,3.9,3.9,3.14,46900
01/03/2002,3.9,4.02,3.9,4.0,3.22,77200
04/03/2002,3.98,4.01,3.92,3.98,3.2,88900
05/03/2002,3.98,4.19,3.95,4.18,3.37,197100
06/03/2002,4.18,4.18,3.85,3.9,3.14,143300
07/03/2002,3.9,4.02,3.85,4.0,3.22,159300
08/03/2002,3.98,4.04,3.85,4.0,3.22,86000
11/03/2002,4.04,4.1,4.01,4.07,3.28,62600
12/03/2002,4.05,4.15,4.0,4.11,3.31,50300
13/03/2002,4.1,4.14,3.85,3.9,3.14,92700
14/03/2002,3.95,3.95,3.9,3.9,3.14,22400
15/03/2002,3.88,3.95,3.75,3.75,3.02,45100
18/03/2002,3.78,3.89,3.78,3.81,3.07,16200
19/03/2002,3.81,3.82,3.75,3.8,3.06,18500
20/03/2002,3.75,3.85,3.75,3.85,3.1,18500
21/03/2002,3.82,3.89,3.82,3.86,3.11,35200
22/03/2002,3.86,3.9,3.86,3.89,3.13,14000
25/03/2002,3.9,4.01,3.86,4.01,3.23,288400
26/03/2002,4.04,4.18,4.0,4.1,3.3,211200
27/03/2002,4.15,4.25,4.08,4.15,3.34,212100
28/03/2002,4.17,4.19,4.03,4.13,3.33,118100
01/04/2002,4.17,4.17,4.05,4.06,3.27,49400
02/04/2002,4.05,4.19,4.05,4.18,3.37,224200
03/04/2002,4.15,4.72,4.15,4.72,3.8,666200
04/04/2002,4.67,4.69,4.5,4.56,3.67,167100
05/04/2002,4.55,4.61,4.46,4.49,3.62,222900
08/04/2002,4.49,4.72,4.46,4.72,3.8,380700
09/04/2002,4.75,4.99,4.75,4.88,3.93,527300
10/04/2002,4.88,4.95,4.85,4.94,3.98,373900
11/04/2002,4.93,4.94,4.85,4.9,3.95,167000
12/04/2002,4.94,4.98,4.6,4.71,3.79,294100
15/04/2002,4.75,4.85,4.63,4.83,3.89,351300
16/04/2002,4.75,4.9,4.55,4.89,3.94,230600
17/04/2002,4.9,4.98,4.85,4.9,3.95,367400
18/04/2002,4.9,4.9,4.82,4.9,3.95,98000
19/04/2002,4.9,4.9,4.78,4.79,3.86,99000
22/04/2002,4.75,4.88,4.65,4.85,3.91,109800
23/04/2002,4.85,4.86,4.8,4.85,3.91,110600
24/04/2002,4.85,4.85,4.82,4.85,3.91,155200
25/04/2002,4.79,4.84,4.7,4.84,3.9,53200
26/04/2002,4.77,4.86,4.77,4.85,3.91,163900
29/04/2002,4.87,4.9,4.6,4.76,3.83,126000
30/04/2002,4.8,4.8,4.65,4.7,3.78,134900
01/05/2002,4.7,4.7,4.38,4.45,3.58,190500
02/05/2002,4.45,4.47,4.38,4.38,3.53,79500
03/05/2002,4.36,4.55,4.3,4.4,3.54,90500
06/05/2002,4.4,4.56,4.34,4.38,3.53,66800
07/05/2002,4.45,4.47,3.9,3.9,3.14,122300
08/05/2002,3.98,4.14,3.9,4.14,3.33,127000
09/05/2002,4.12,4.2,4.11,4.2,3.38,78700
10/05/2002,4.2,4.39,4.12,4.36,3.51,60300
13/05/2002,4.32,4.32,4.27,4.3,3.46,37500
14/05/2002,4.35,4.55,4.3,4.51,3.63,369100
15/05/2002,4.27,4.5,4.15,4.42,3.56,316200
16/05/2002,4.5,4.75,4.45,4.74,3.82,132100
17/05/2002,4.8,4.98,4.75,4.93,3.97,192000
20/05/2002,4.91,4.91,4.79,4.9,3.95,120500
21/05/2002,4.9,4.9,4.76,4.8,3.86,80800
22/05/2002,4.8,4.8,4.7,4.73,3.81,94000
23/05/2002,4.71,4.77,4.7,4.77,3.84,53700
24/05/2002,4.76,4.9,4.6,4.6,3.7,94200
28/05/2002,4.6,4.74,4.6,4.74,3.82,69700
29/05/2002,4.73,4.74,4.6,4.72,3.8,28700
30/05/2002,4.72,4.73,4.54,4.65,3.74,31100
31/05/2002,4.63,4.7,4.61,4.7,3.78,19500
03/06/2002,4.73,4.73,4.4,4.44,3.58,31300
04/06/2002,4.45,4.45,4.24,4.26,3.43,48400
05/06/2002,4.23,4.23,4.05,4.05,3.26,55700
06/06/2002,4.06,4.31,4.05,4.23,3.41,35800
07/06/2002,4.2,4.39,4.2,4.39,3.53,10700
10/06/2002,4.35,4.45,4.35,4.43,3.57,22900
11/06/2002,4.45,4.6,4.43,4.55,3.66,34400
12/06/2002,4.55,4.75,4.48,4.69,3.78,54400
13/06/2002,4.69,4.75,4.66,4.7,3.78,93000
14/06/2002,4.7,4.71,4.65,4.69,3.78,40300
17/06/2002,4.69,4.97,4.68,4.88,3.93,183600
18/06/2002,4.88,4.94,4.83,4.9,3.95,393800
19/06/2002,4.86,4.86,4.55,4.61,3.71,92500
20/06/2002,4.65,4.93,4.65,4.84,3.9,85700
21/06/2002,4.85,4.92,4.82,4.89,3.94,92700
24/06/2002,4.91,4.91,4.8,4.9,3.95,85700
25/06/2002,4.9,5.0,4.44,4.45,3.58,332600
26/06/2002,4.45,4.6,4.4,4.6,3.7,186400
27/06/2002,4.55,4.93,4.49,4.85,3.91,471700
28/06/2002,4.85,4.97,4.8,4.97,4.0,1308200
01/07/2002,4.97,4.97,4.72,4.8,3.86,78900
02/07/2002,4.8,4.8,4.65,4.68,3.77,78600
03/07/2002,4.5,4.6,4.45,4.5,3.62,91800
05/07/2002,4.51,4.54,4.48,4.5,3.62,19600
08/07/2002,4.45,4.55,4.45,4.49,3.62,181400
09/07/2002,4.5,4.5,4.38,4.5,3.62,78200
10/07/2002,4.42,4.42,4.05,4.13,3.33,122300
11/07/2002,4.09,4.09,3.64,3.83,3.08,136500
12/07/2002,3.9,4.0,3.8,4.0,3.22,133200
15/07/2002,4.0,4.0,3.65,4.0,3.22,100600
16/07/2002,3.92,3.92,3.55,3.55,2.86,82300
17/07/2002,3.55,3.95,3.55,3.95,3.18,70800
18/07/2002,3.98,3.98,3.6,3.6,2.9,64200
19/07/2002,3.52,3.52,3.22,3.4,2.74,174600
22/07/2002,3.41,3.42,3.29,3.29,2.65,60400
23/07/2002,3.35,3.4,2.5,3.19,2.57,146100
24/07/2002,3.17,3.55,3.06,3.55,2.86,61000
25/07/2002,3.5,3.5,3.26,3.5,2.82,44300
26/07/2002,3.6,3.83,3.6,3.67,2.96,62200
29/07/2002,3.6,3.85,3.6,3.83,3.08,104200
30/07/2002,3.88,3.88,3.6,3.65,2.94,53000
31/07/2002,3.35,3.91,3.06,3.7,2.98,131700
01/08/2002,3.7,3.78,3.58,3.78,3.04,95900
02/08/2002,3.75,3.78,3.19,3.22,2.59,54100
05/08/2002,3.27,3.27,3.18,3.18,2.56,49200
06/08/2002,3.2,3.35,3.17,3.35,2.7,30000
07/08/2002,3.35,3.75,3.35,3.69,2.97,52800
08/08/2002,3.61,3.74,3.6,3.74,3.01,16300
09/08/2002,3.65,3.7,3.0,3.25,2.62,106100
12/08/2002,3.18,3.34,3.07,3.34,2.69,110400
13/08/2002,3.38,3.41,3.2,3.2,2.58,35700
14/08/2002,3.5,3.5,3.25,3.36,2.71,82000
15/08/2002,3.36,3.36,3.23,3.28,2.64,68100
16/08/2002,3.27,3.45,3.25,3.32,2.67,80300
19/08/2002,3.28,3.38,3.25,3.25,2.62,53200
20/08/2002,3.2,3.24,2.8,3.09,2.49,279100
21/08/2002,3.15,3.27,3.15,3.23,2.6,37000
22/08/2002,3.25,3.33,3.21,3.21,2.58,53500
23/08/2002,3.2,3.25,3.14,3.14,2.53,54200
26/08/2002,3.14,3.27,3.13,3.2,2.58,71400
27/08/2002,3.18,3.25,3.06,3.17,2.55,38600
28/08/2002,3.15,3.17,3.07,3.15,2.54,89700
29/08/2002,3.1,3.2,3.07,3.18,2.56,146800
30/08/2002,3.16,3.23,3.11,3.15,2.54,23300
03/09/2002,3.15,3.15,3.05,3.1,2.5,39600
04/09/2002,3.1,3.39,3.1,3.39,2.73,99600
05/09/2002,3.4,3.4,3.3,3.3,2.66,22500
06/09/2002,3.3,3.38,3.22,3.38,2.72,18300
09/09/2002,3.4,3.44,3.2,3.32,2.67,39900
10/09/2002,3.37,3.38,3.13,3.3,2.66,36200
11/09/2002,3.35,3.4,3.22,3.25,2.62,13100
12/09/2002,3.21,3.26,3.18,3.21,2.58,43200
13/09/2002,3.21,3.4,3.21,3.35,2.7,21500
16/09/2002,3.35,3.35,3.2,3.34,2.69,25700
17/09/2002,3.33,3.33,3.2,3.22,2.59,22300
18/09/2002,3.18,3.29,3.18,3.21,2.58,21800
19/09/2002,3.29,3.29,3.19,3.2,2.58,63800
20/09/2002,3.29,3.3,3.15,3.19,2.57,93100
23/09/2002,3.2,3.22,3.12,3.12,2.51,61300
24/09/2002,3.12,3.23,3.1,3.19,2.57,76400
25/09/2002,3.1,3.25,3.1,3.25,2.62,41500
26/09/2002,3.3,3.3,3.06,3.14,2.53,35300
27/09/2002,3.12,3.12,3.04,3.05,2.46,54700
30/09/2002,3.0,3.05,3.0,3.04,2.45,53600
01/10/2002,3.04,3.05,2.92,2.94,2.37,129900
02/10/2002,2.93,3.01,2.92,2.92,2.35,53000
03/10/2002,2.93,2.95,2.9,2.91,2.34,45400
04/10/2002,2.91,2.92,2.76,2.76,2.22,72000
07/10/2002,2.75,2.83,2.7,2.72,2.19,76200
08/10/2002,2.7,2.75,2.65,2.75,2.21,89200
09/10/2002,2.7,2.96,2.65,2.65,2.13,56300
10/10/2002,2.65,2.75,2.65,2.71,2.18,39500
11/10/2002,2.7,2.79,2.7,2.74,2.21,24400
14/10/2002,2.74,2.79,2.67,2.67,2.15,14900
15/10/2002,2.7,2.9,2.7,2.77,2.23,48300
16/10/2002,2.7,2.7,2.65,2.68,2.16,33700
17/10/2002,2.68,2.74,2.67,2.74,2.21,20900
18/10/2002,2.75,3.0,2.72,2.9,2.34,48400
21/10/2002,2.9,2.92,2.85,2.9,2.34,8800
22/10/2002,2.9,2.95,2.85,2.91,2.34,38900
23/10/2002,2.9,3.05,2.9,3.04,2.45,50000
24/10/2002,3.0,3.08,3.0,3.02,2.43,51600
25/10/2002,3.1,3.48,3.01,3.48,2.8,44400
28/10/2002,3.48,3.48,3.3,3.3,2.66,18800
29/10/2002,3.23,3.24,3.01,3.24,2.61,26600
30/10/2002,3.23,3.28,3.13,3.24,2.61,18500
31/10/2002,3.2,3.32,3.16,3.3,2.66,11700
01/11/2002,3.3,3.44,3.29,3.39,2.73,34300
04/11/2002,3.39,3.49,3.35,3.49,2.81,19900
05/11/2002,3.48,3.48,3.25,3.29,2.65,153400
06/11/2002,3.3,3.3,3.19,3.25,2.62,68100
07/11/2002,3.24,3.26,3.22,3.24,2.61,63900
08/11/2002,3.14,3.14,2.96,3.0,2.42,96700
11/11/2002,3.0,3.03,2.95,2.95,2.38,36800
12/11/2002,2.99,3.12,2.99,3.12,2.51,49800
13/11/2002,3.08,3.24,3.05,3.2,2.58,63400
14/11/2002,3.2,3.35,3.05,3.22,2.59,42900
15/11/2002,3.21,3.3,3.18,3.19,2.57,17900
18/11/2002,3.24,3.25,3.01,3.03,2.44,44700
19/11/2002,3.04,3.15,3.03,3.04,2.45,58900
20/11/2002,3.01,3.05,2.99,3.0,2.42,104700
21/11/2002,3.0,3.0,2.95,3.0,2.42,49400
22/11/2002,3.0,3.05,2.95,2.99,2.41,79100
25/11/2002,2.96,3.18,2.95,3.12,2.51,71100
26/11/2002,3.15,3.19,3.1,3.19,2.57,38000
27/11/2002,3.19,3.42,3.1,3.42,2.75,55700
29/11/2002,3.36,3.4,3.1,3.15,2.54,15600
02/12/2002,3.15,3.34,3.1,3.34,2.69,21800
03/12/2002,3.28,3.3,3.12,3.18,2.56,17500
04/12/2002,3.15,3.32,3.15,3.29,2.65,34100
05/12/2002,3.25,3.25,3.06,3.08,2.48,15100
06/12/2002,3.18,3.3,3.12,3.12,2.51,35000
09/12/2002,3.16,3.2,3.0,3.02,2.43,27500
10/12/2002,3.05,3.25,3.0,3.18,2.56,45900
11/12/2002,3.21,3.22,3.08,3.1,2.5,38800
12/12/2002,3.1,3.34,3.08,3.3,2.66,74000
13/12/2002,3.25,3.38,3.2,3.38,2.72,65800
16/12/2002,3.33,3.45,3.33,3.45,2.78,27200
17/12/2002,3.42,3.58,3.4,3.54,2.85,98900
18/12/2002,3.53,3.55,3.43,3.44,2.77,27900
19/12/2002,3.45,3.55,3.42,3.55,2.86,24200
20/12/2002,3.55,3.55,3.48,3.55,2.86,97700
23/12/2002,3.5,3.58,3.5,3.57,2.87,38100
24/12/2002,3.57,3.58,3.51,3.58,2.88,17600
26/12/2002,3.6,3.6,3.42,3.52,2.83,33600
27/12/2002,3.55,3.55,3.39,3.39,2.73,22200
30/12/2002,3.37,3.42,3.31,3.35,2.7,46100
31/12/2002,3.37,3.44,3.3,3.35,2.7,83800
02/01/2003,3.32,3.35,3.24,3.35,2.7,64000
03/01/2003,3.31,3.31,3.22,3.26,2.62,20000
06/01/2003,3.28,3.38,3.28,3.36,2.71,7300
07/01/2003,3.32,3.32,3.13,3.15,2.54,25300
08/01/2003,3.15,3.22,3.14,3.17,2.55,26800
09/01/2003,3.2,3.28,3.2,3.23,2.6,30600
10/01/2003,3.27,3.3,3.19,3.25,2.62,15900
13/01/2003,3.25,3.37,3.25,3.27,2.63,19500
14/01/2003,3.3,3.37,3.28,3.33,2.68,62200
15/01/2003,3.34,3.45,3.33,3.41,2.75,53900
16/01/2003,3.4,3.4,3.2,3.26,2.62,88600
17/01/2003,3.28,3.28,3.09,3.11,2.5,16200
21/01/2003,3.15,3.15,3.06,3.1,2.5,16300
22/01/2003,3.08,3.17,3.0,3.08,2.48,40200
23/01/2003,3.12,3.21,3.08,3.18,2.56,31000
24/01/2003,3.16,3.16,3.05,3.05,2.46,31200
27/01/2003,3.05,3.15,3.05,3.07,2.47,29900
28/01/2003,3.1,3.1,3.05,3.1,2.5,10400
29/01/2003,3.08,3.12,3.05,3.12,2.51,15400
30/01/2003,3.12,3.12,3.01,3.01,2.42,34200
31/01/2003,3.01,3.1,3.01,3.09,2.49,17700
03/02/2003,3.07,3.1,3.05,3.05,2.46,6600
04/02/2003,3.05,3.08,3.05,3.08,2.48,21500
05/02/2003,3.08,3.08,3.01,3.02,2.43,22100
06/02/2003,3.0,3.01,2.95,2.96,2.38,18100
07/02/2003,2.96,2.96,2.83,2.85,2.29,38600
10/02/2003,2.8,2.96,2.8,2.96,2.38,180500
11/02/2003,2.93,2.93,2.85,2.85,2.29,15100
12/02/2003,2.85,2.86,2.85,2.85,2.29,22800
13/02/2003,2.85,2.95,2.85,2.95,2.38,12700
14/02/2003,2.95,3.0,2.8,2.83,2.28,28200
18/02/2003,2.88,2.92,2.82,2.92,2.35,18700
19/02/2003,2.9,2.99,2.69,2.76,2.22,31600
20/02/2003,2.74,2.81,2.74,2.78,2.24,11800
21/02/2003,2.79,2.9,2.72,2.89,2.33,23900
24/02/2003,2.9,2.9,2.72,2.73,2.2,42000
25/02/2003,2.72,2.87,2.71,2.8,2.25,55100
26/02/2003,2.78,2.78,2.71,2.75,2.21,17800
27/02/2003,2.76,2.76,2.72,2.76,2.22,10900
28/02/2003,2.73,2.76,2.72,2.72,2.19,15200
03/03/2003,2.72,2.76,2.72,2.75,2.21,12200
04/03/2003,2.73,2.75,2.66,2.75,2.21,38400
05/03/2003,2.74,2.76,2.65,2.7,2.17,182900
06/03/2003,2.69,2.74,2.69,2.74,2.21,20700
07/03/2003,2.73,2.76,2.72,2.72,2.19,6200
10/03/2003,2.68,2.71,2.61,2.61,2.1,17200
11/03/2003,2.61,2.61,2.55,2.61,2.1,29500
12/03/2003,2.61,2.61,2.57,2.61,2.1,18700
13/03/2003,2.6,2.72,2.6,2.72,2.19,16900
14/03/2003,2.75,2.75,2.62,2.62,2.11,14100
17/03/2003,2.62,2.8,2.62,2.7,2.17,36400
18/03/2003,2.65,2.7,2.63,2.69,2.17,11400
19/03/2003,2.68,2.7,2.51,2.7,2.17,44000
20/03/2003,2.65,2.69,2.58,2.69,2.17,25100
21/03/2003,2.66,2.75,2.56,2.7,2.17,57300
24/03/2003,2.7,2.75,2.53,2.54,2.05,15400
25/03/2003,2.54,2.68,2.52,2.63,2.12,36300
26/03/2003,2.6,2.6,2.4,2.4,1.93,24900
27/03/2003,2.4,2.5,2.12,2.5,2.01,116100
28/03/2003,2.5,2.8,2.35,2.4,1.93,28100
31/03/2003,2.36,2.39,2.21,2.21,1.78,32900
01/04/2003,2.21,2.42,2.2,2.42,1.95,220000
02/04/2003,2.47,2.6,2.35,2.44,1.96,41800
03/04/2003,2.41,2.45,2.28,2.32,1.87,90400
04/04/2003,2.23,2.32,2.1,2.1,1.69,105900
07/04/2003,2.18,2.2,1.94,1.97,1.59,179000
08/04/2003,1.89,1.94,1.85,1.9,1.53,102100
09/04/2003,1.85,1.99,1.85,1.87,1.51,42000
10/04/2003,1.9,1.98,1.81,1.85,1.49,82100
11/04/2003,1.89,1.89,1.75,1.78,1.43,77800
14/04/2003,1.79,1.83,1.79,1.81,1.46,56700
15/04/2003,1.76,1.8,1.73,1.77,1.43,76200
16/04/2003,1.85,1.9,1.7,1.74,1.4,71700
17/04/2003,1.8,1.83,1.75,1.83,1.47,83500
21/04/2003,1.84,1.86,1.65,1.76,1.42,154300
22/04/2003,1.76,1.92,1.75,1.92,1.55,364200
23/04/2003,1.94,1.94,1.88,1.9,1.53,121400
24/04/2003,1.94,1.95,1.85,1.92,1.55,149000
25/04/2003,1.97,2.0,1.79,1.81,1.46,65600
28/04/2003,1.85,1.97,1.85,1.97,1.59,50900
29/04/2003,2.0,2.02,1.98,1.99,1.6,51000
30/04/2003,2.04,2.04,1.95,1.97,1.59,27100
01/05/2003,1.95,1.97,1.91,1.96,1.58,16400
02/05/2003,2.0,2.08,2.0,2.06,1.66,46600
05/05/2003,2.06,2.07,2.01,2.04,1.64,45200
06/05/2003,2.04,2.43,2.04,2.31,1.86,114700
07/05/2003,2.41,2.85,2.3,2.75,2.21,358300
08/05/2003,2.95,2.95,2.61,2.65,2.13,262500
09/05/2003,2.7,2.79,2.66,2.69,2.17,31600
12/05/2003,2.7,2.7,2.6,2.7,2.17,98800
13/05/2003,2.6,2.69,2.25,2.69,2.17,179500
14/05/2003,2.7,2.7,2.36,2.4,1.93,57500
15/05/2003,2.45,2.58,2.42,2.5,2.01,162000
16/05/2003,2.45,2.51,2.4,2.49,2.0,32300
19/05/2003,2.5,2.55,2.21,2.46,1.98,34100
20/05/2003,2.42,2.46,2.37,2.42,1.95,150700
21/05/2003,2.46,2.5,2.3,2.38,1.92,131600
22/05/2003,2.4,2.4,2.3,2.36,1.9,140800
23/05/2003,2.33,2.41,2.32,2.41,1.94,143700
27/05/2003,2.38,2.75,2.38,2.68,2.16,145100
28/05/2003,2.78,2.79,2.61,2.63,2.12,33400
29/05/2003,2.65,2.92,2.65,2.75,2.21,69700
30/05/2003,2.8,2.9,2.7,2.8,2.25,80100
02/06/2003,2.8,3.0,2.8,2.8,2.25,114100
03/06/2003,2.85,3.08,2.84,3.06,2.46,113900
04/06/2003,3.06,3.14,3.0,3.13,2.52,174400
05/06/2003,3.13,3.3,3.13,3.3,2.66,172700
06/06/2003,3.3,3.45,3.22,3.27,2.63,91700
09/06/2003,3.25,3.3,3.15,3.28,2.64,151500
10/06/2003,3.27,3.33,3.02,3.06,2.46,233000
11/06/2003,3.06,3.08,2.94,3.08,2.48,70100
12/06/2003,3.05,3.08,2.95,2.99,2.41,141600
13/06/2003,3.0,3.03,2.85,2.86,2.3,137500
16/06/2003,2.88,2.96,2.6,2.83,2.28,80400
17/06/2003,2.9,2.9,2.55,2.63,2.12,103300
18/06/2003,2.6,2.71,2.6,2.67,2.15,116000
19/06/2003,2.67,2.7,2.63,2.63,2.12,100200
20/06/2003,2.73,2.78,2.67,2.75,2.21,48500
23/06/2003,2.82,2.82,2.54,2.55,2.05,99200
24/06/2003,2.53,2.56,2.52,2.54,2.05,58700
25/06/2003,2.55,2.71,2.55,2.7,2.17,84100
26/06/2003,2.75,2.75,2.62,2.68,2.16,67800
27/06/2003,2.65,2.9,2.65,2.9,2.34,151800
30/06/2003,2.95,2.99,2.58,2.63,2.12,875300
01/07/2003,2.64,2.78,2.64,2.76,2.22,191200
02/07/2003,2.8,2.8,2.7,2.76,2.22,116600
03/07/2003,2.72,2.8,2.72,2.77,2.23,49500
07/07/2003,2.84,2.84,2.72,2.74,2.21,85900
08/07/2003,2.78,2.87,2.7,2.82,2.27,129200
09/07/2003,2.8,3.08,2.8,2.99,2.41,465500
10/07/2003,3.09,3.13,2.94,2.96,2.38,14500
11/07/2003,3.02,3.02,2.8,2.82,2.27,43200
14/07/2003,2.83,2.94,2.6,2.65,2.13,403900
15/07/2003,2.75,2.76,2.69,2.7,2.17,28800
16/07/2003,2.69,2.73,2.68,2.7,2.17,107300
17/07/2003,2.7,2.88,2.7,2.81,2.26,220300
18/07/2003,2.83,2.83,2.72,2.77,2.23,83400
21/07/2003,2.75,2.89,2.75,2.89,2.33,34700
22/07/2003,2.95,3.0,2.93,3.0,2.42,83500
23/07/2003,3.05,3.11,3.0,3.03,2.44,58000
24/07/2003,3.04,3.2,3.03,3.14,2.53,187000
25/07/2003,3.15,3.38,3.15,3.26,2.62,695600
28/07/2003,3.24,3.4,3.24,3.27,2.63,107500
29/07/2003,3.28,3.28,3.13,3.2,2.58,72900
30/07/2003,3.18,3.2,3.04,3.04,2.45,84500
31/07/2003,3.08,3.25,3.02,3.25,2.62,68500
01/08/2003,3.23,3.31,3.17,3.31,2.67,92900
04/08/2003,3.33,3.34,3.22,3.29,2.65,77700
05/08/2003,3.29,3.35,3.05,3.35,2.7,162800
06/08/2003,3.35,3.35,3.18,3.28,2.64,55400
07/08/2003,3.25,3.3,3.09,3.3,2.66,63700
08/08/2003,3.29,3.35,3.26,3.3,2.66,47700
11/08/2003,3.3,3.33,3.18,3.28,2.64,33100
12/08/2003,3.29,3.37,3.28,3.3,2.66,39300
13/08/2003,3.3,3.38,3.3,3.38,2.72,636900
14/08/2003,3.39,3.39,3.36,3.36,2.71,13900
15/08/2003,3.35,3.4,3.33,3.4,2.74,34000
18/08/2003,3.4,3.43,3.27,3.29,2.65,221800
19/08/2003,3.27,3.37,3.27,3.31,2.67,406000
20/08/2003,3.29,3.48,3.29,3.47,2.79,391700
21/08/2003,3.48,3.5,3.43,3.49,2.81,111200
22/08/2003,3.48,3.5,3.4,3.48,2.8,97700
25/08/2003,3.5,3.9,3.35,3.9,3.14,142000
26/08/2003,3.88,3.88,3.75,3.78,3.04,90600
27/08/2003,3.74,3.74,3.67,3.7,2.98,60200
28/08/2003,3.68,3.74,3.54,3.74,3.01,51100
29/08/2003,3.7,3.73,3.66,3.72,3.0,24400
02/09/2003,3.71,3.71,3.48,3.7,2.98,110200
03/09/2003,3.7,3.87,3.67,3.87,3.12,159600
04/09/2003,3.87,3.95,3.82,3.9,3.14,87500
05/09/2003,3.85,3.94,3.8,3.83,3.08,53100
08/09/2003,3.85,3.85,3.75,3.78,3.04,46300
09/09/2003,3.76,4.0,3.73,4.0,3.22,254400
10/09/2003,4.0,4.07,3.98,4.05,3.26,146500
11/09/2003,4.02,4.04,3.97,3.98,3.2,71800
12/09/2003,3.98,4.0,3.94,3.99,3.21,38200
15/09/2003,3.99,4.0,3.87,3.97,3.2,64100
16/09/2003,3.97,4.05,3.97,4.04,3.25,72100
17/09/2003,4.05,4.05,3.95,3.98,3.2,87000
18/09/2003,3.98,4.0,3.97,4.0,3.22,140800
19/09/2003,4.0,4.0,3.98,4.0,3.22,90300
22/09/2003,4.0,4.05,3.93,3.98,3.2,79100
23/09/2003,4.0,4.15,4.0,4.13,3.33,46800
24/09/2003,4.1,4.19,4.1,4.18,3.37,67700
25/09/2003,4.18,4.18,4.02,4.08,3.29,56400
26/09/2003,4.08,4.08,3.81,3.89,3.13,115700
29/09/2003,3.86,3.96,3.7,3.88,3.12,79400
30/09/2003,3.89,3.89,3.8,3.81,3.07,32900
01/10/2003,3.78,4.01,3.78,4.01,3.23,113300
02/10/2003,3.98,4.05,3.93,4.02,3.24,107500
03/10/2003,4.0,4.03,3.81,3.88,3.12,199300
06/10/2003,3.89,4.01,3.89,3.98,3.2,38000
07/10/2003,4.0,4.01,3.92,3.95,3.18,59100
08/10/2003,3.98,3.98,3.94,3.95,3.18,43100
09/10/2003,3.97,3.97,3.92,3.95,3.18,33000
10/10/2003,3.95,4.03,3.93,4.01,3.23,109000
13/10/2003,4.04,4.15,3.96,4.11,3.31,66200
14/10/2003,4.18,4.26,4.17,4.26,3.43,72100
15/10/2003,4.26,4.26,4.22,4.23,3.41,19900
16/10/2003,4.2,4.24,4.2,4.24,3.41,32300
17/10/2003,4.23,4.28,4.23,4.26,3.43,57100
20/10/2003,4.3,4.3,4.22,4.26,3.43,34500
21/10/2003,4.26,4.5,4.25,4.45,3.58,74600
22/10/2003,4.5,4.8,4.49,4.55,3.66,162400
23/10/2003,4.53,4.57,4.45,4.56,3.67,30300
24/10/2003,4.57,4.57,4.28,4.3,3.46,157400
27/10/2003,4.3,4.32,4.28,4.3,3.46,10900
28/10/2003,4.25,4.35,3.99,4.1,3.3,128900
29/10/2003,4.1,4.35,4.08,4.25,3.42,105500
30/10/2003,4.26,4.26,4.15,4.18,3.37,85200
31/10/2003,4.15,4.18,4.1,4.13,3.33,11700
03/11/2003,4.1,4.22,4.02,4.14,3.33,64500
04/11/2003,4.17,4.25,4.17,4.25,3.42,386700
05/11/2003,4.22,4.38,4.22,4.31,3.47,216400
06/11/2003,4.31,4.31,4.22,4.25,3.42,29200
07/11/2003,4.28,4.35,4.25,4.29,3.45,59400
10/11/2003,4.29,4.29,3.95,4.02,3.24,32400
11/11/2003,4.02,4.15,4.02,4.13,3.33,28200
12/11/2003,4.14,4.38,4.13,4.38,3.53,136500
13/11/2003,4.3,4.3,4.13,4.14,3.33,57200
14/11/2003,4.16,4.28,4.16,4.28,3.45,93800
17/11/2003,4.24,4.26,4.08,4.2,3.38,97400
18/11/2003,4.19,4.25,4.16,4.25,3.42,57800
19/11/2003,4.23,4.23,4.15,4.18,3.37,63300
20/11/2003,4.19,4.26,4.19,4.26,3.43,73700
21/11/2003,4.28,4.4,4.28,4.32,3.48,239700
24/11/2003,4.36,4.89,4.36,4.75,3.82,435900
25/11/2003,4.74,4.93,4.65,4.84,3.9,434700
26/11/2003,4.88,4.95,4.65,4.66,3.75,287300
28/11/2003,4.67,4.81,4.67,4.81,3.87,138900
01/12/2003,4.88,4.88,4.66,4.82,3.88,220400
02/12/2003,4.82,4.98,4.76,4.94,3.98,1096900
03/12/2003,4.94,4.94,4.81,4.9,3.95,92300
04/12/2003,4.85,4.91,4.84,4.9,3.95,139900
05/12/2003,4.87,4.88,4.85,4.86,3.91,33900
08/12/2003,4.86,4.95,4.8,4.85,3.91,85800
09/12/2003,4.92,4.92,4.83,4.85,3.91,102500
10/12/2003,4.87,5.0,4.84,4.93,3.97,150700
11/12/2003,4.93,5.27,4.92,5.25,4.23,554300
12/12/2003,5.25,5.28,5.12,5.28,4.25,299600
15/12/2003,5.5,5.52,5.23,5.38,4.33,261400
16/12/2003,5.39,5.39,5.18,5.28,4.25,187200
17/12/2003,5.3,5.39,5.25,5.27,4.24,112100
18/12/2003,5.29,5.35,5.18,5.35,4.31,159900
19/12/2003,5.28,5.35,5.25,5.3,4.27,57200
22/12/2003,5.26,5.35,5.23,5.33,4.29,126800
23/12/2003,5.35,5.35,5.22,5.3,4.27,94100
24/12/2003,5.31,5.34,5.25,5.3,4.27,43700
26/12/2003,5.32,5.34,5.3,5.32,4.28,9000
29/12/2003,5.3,5.4,5.27,5.27,4.24,203400
30/12/2003,5.28,5.72,5.28,5.68,4.57,307300
31/12/2003,5.65,5.65,5.36,5.48,4.41,274900
02/01/2004,5.44,5.47,5.19,5.3,4.27,90200
05/01/2004,5.3,5.8,5.26,5.7,4.59,222200
06/01/2004,5.65,5.76,5.6,5.7,4.59,348000
07/01/2004,5.73,5.78,5.69,5.73,4.61,104800
08/01/2004,5.73,6.12,5.73,6.1,4.91,464300
09/01/2004,6.03,6.08,6.0,6.04,4.86,199200
12/01/2004,6.04,6.05,6.0,6.01,4.84,51200
13/01/2004,5.96,6.2,5.96,6.2,4.99,105400
14/01/2004,6.2,6.35,6.08,6.35,5.11,205500
15/01/2004,6.35,6.6,6.3,6.5,5.23,286800
16/01/2004,6.5,6.55,6.47,6.55,5.27,416300
20/01/2004,6.59,6.86,6.58,6.75,5.44,390300
21/01/2004,6.75,6.84,6.72,6.75,5.44,574700
22/01/2004,6.77,6.83,6.63,6.74,5.43,180300
23/01/2004,6.74,6.84,6.67,6.77,5.45,246500
26/01/2004,6.75,6.85,6.69,6.82,5.49,244500
27/01/2004,6.85,6.9,6.74,6.75,5.44,148000
28/01/2004,6.85,7.0,6.83,6.85,5.52,224800
29/01/2004,6.9,6.94,6.3,6.46,5.2,249100
30/01/2004,6.49,6.8,6.45,6.69,5.39,111500
02/02/2004,6.88,6.92,6.67,6.68,5.38,224800
03/02/2004,6.73,6.85,6.66,6.7,5.39,157000
04/02/2004,6.73,6.79,6.7,6.79,5.47,223500
05/02/2004,6.76,6.78,6.45,6.57,5.29,202600
06/02/2004,6.6,6.8,6.59,6.8,5.48,131300
09/02/2004,6.83,6.83,6.32,6.4,5.15,109600
10/02/2004,6.48,6.65,6.48,6.6,5.31,192700
11/02/2004,6.6,6.71,6.58,6.71,5.4,96000
12/02/2004,6.71,6.75,6.63,6.7,5.39,153600
13/02/2004,6.67,6.75,6.6,6.7,5.39,86600
17/02/2004,6.7,6.7,6.65,6.67,5.37,40700
18/02/2004,6.65,6.68,6.5,6.63,5.34,105700
19/02/2004,6.67,6.7,6.5,6.55,5.27,173000
20/02/2004,6.57,6.64,6.5,6.56,5.28,66500
23/02/2004,6.56,6.56,6.35,6.42,5.17,377200
24/02/2004,6.38,6.5,6.38,6.48,5.22,114700
25/02/2004,6.48,6.6,6.45,6.6,5.31,95000
26/02/2004,6.6,6.6,6.38,6.45,5.19,60500
27/02/2004,6.35,6.6,6.0,6.49,5.23,358600
01/03/2004,6.39,6.68,6.27,6.6,5.31,272200
02/03/2004,6.52,6.69,6.5,6.66,5.36,148000
03/03/2004,6.66,6.66,6.55,6.64,5.35,163400
04/03/2004,6.64,6.65,6.59,6.65,5.35,95400
05/03/2004,6.6,6.85,6.6,6.67,5.37,259000
08/03/2004,7.4,7.7,7.08,7.35,5.92,1571800
09/03/2004,7.4,7.49,7.22,7.49,6.03,445100
10/03/2004,7.49,7.49,7.3,7.3,5.88,207800
11/03/2004,7.24,7.45,7.1,7.18,5.78,234300
12/03/2004,7.2,7.35,7.16,7.3,5.88,144000
15/03/2004,7.26,7.27,7.06,7.14,5.75,121200
16/03/2004,7.19,7.35,7.06,7.35,5.92,190100
17/03/2004,7.35,7.45,7.15,7.2,5.8,97200
18/03/2004,7.25,7.35,7.12,7.3,5.88,67100
19/03/2004,7.28,7.28,7.15,7.24,5.83,119500
22/03/2004,7.14,7.25,7.05,7.15,5.76,115600
23/03/2004,7.13,7.14,6.85,6.9,5.56,171100
24/03/2004,6.85,6.93,6.75,6.76,5.44,104200
25/03/2004,6.82,6.99,6.75,6.98,5.62,88500
26/03/2004,6.99,7.18,6.98,7.12,5.73,68200
29/03/2004,7.0,7.02,6.83,6.9,5.56,114500
30/03/2004,6.88,7.2,6.8,7.18,5.78,161200
31/03/2004,7.18,7.3,7.16,7.22,5.81,228800
01/04/2004,7.28,7.3,7.21,7.27,5.85,115900
02/04/2004,7.28,7.3,7.15,7.28,5.86,112300
05/04/2004,7.29,7.29,7.18,7.2,5.8,62700
06/04/2004,7.2,7.3,7.16,7.3,5.88,44900
07/04/2004,7.3,7.3,7.16,7.24,5.83,48300
08/04/2004,7.16,7.45,7.0,7.32,5.89,115700
12/04/2004,7.36,7.39,7.3,7.3,5.88,142800
13/04/2004,7.2,7.21,7.0,7.18,5.78,78200
14/04/2004,7.08,7.08,6.85,7.07,5.69,73600
15/04/2004,7.0,7.15,6.92,7.04,5.67,54400
16/04/2004,7.04,7.2,7.02,7.2,5.8,48700
19/04/2004,7.2,7.2,6.95,7.17,5.77,115600
20/04/2004,7.18,7.22,7.13,7.14,5.75,86200
21/04/2004,7.1,7.2,6.97,7.12,5.73,69300
22/04/2004,7.02,7.2,7.02,7.17,5.77,54600
23/04/2004,7.19,7.22,7.14,7.18,5.78,31700
26/04/2004,7.19,7.45,7.19,7.36,5.93,178900
27/04/2004,7.29,7.4,7.25,7.3,5.88,73700
28/04/2004,7.28,7.3,7.1,7.26,5.85,33700
29/04/2004,7.23,7.25,7.0,7.01,5.64,73500
30/04/2004,7.0,7.0,6.7,6.82,5.49,155500
03/05/2004,6.82,6.99,6.75,6.99,5.63,187000
04/05/2004,7.11,7.43,7.1,7.2,5.8,236300
05/05/2004,7.2,7.45,7.2,7.35,5.92,131400
06/05/2004,7.37,7.39,7.28,7.3,5.88,99700
07/05/2004,7.32,7.37,7.14,7.24,5.83,38900
10/05/2004,7.2,7.2,6.77,7.0,5.64,116300
11/05/2004,7.0,7.05,6.97,7.0,5.64,62600
12/05/2004,6.95,6.99,6.75,6.95,5.6,81400
13/05/2004,6.95,6.98,6.76,6.86,5.52,44500
14/05/2004,6.86,7.09,6.86,7.09,5.71,40000
17/05/2004,7.0,7.0,6.7,6.78,5.46,54300
18/05/2004,6.78,6.85,6.75,6.8,5.48,47200
19/05/2004,6.81,6.93,6.75,6.89,5.55,35300
20/05/2004,6.87,7.0,6.85,7.0,5.64,63200
21/05/2004,6.98,7.0,6.91,6.99,5.63,27800
24/05/2004,6.99,7.0,6.91,7.0,5.64,78800
25/05/2004,6.95,7.02,6.87,6.99,5.63,102900
26/05/2004,7.0,7.0,6.9,6.99,5.63,37400
27/05/2004,6.99,7.0,6.91,6.98,5.62,40700
28/05/2004,6.98,7.05,6.98,7.05,5.68,62600
01/06/2004,7.05,7.05,6.91,7.05,5.68,88800
02/06/2004,7.05,7.25,6.98,7.21,5.81,155500
03/06/2004,7.25,7.3,7.2,7.25,5.84,156200
04/06/2004,7.22,7.29,7.1,7.25,5.84,47200
07/06/2004,7.22,7.9,7.1,7.76,6.25,400400
08/06/2004,7.7,7.71,7.51,7.62,6.14,202800
09/06/2004,7.7,7.73,7.51,7.6,6.12,167000
10/06/2004,7.65,7.65,7.51,7.62,6.14,47400
14/06/2004,7.62,7.65,7.54,7.59,6.11,117600
15/06/2004,7.57,7.6,7.33,7.5,6.04,127600
16/06/2004,7.45,7.64,7.41,7.6,6.12,110100
17/06/2004,7.6,7.64,7.37,7.62,6.14,81000
18/06/2004,7.62,7.69,7.5,7.57,6.1,138000
21/06/2004,7.57,7.6,7.22,7.33,5.9,81200
22/06/2004,7.3,7.53,7.25,7.29,5.87,104300
23/06/2004,7.29,7.3,7.11,7.22,5.81,203700
24/06/2004,7.32,7.34,6.99,7.08,5.7,295800
25/06/2004,7.12,7.27,6.2,6.2,4.99,2015100
28/06/2004,6.55,6.88,6.55,6.75,5.44,755100
29/06/2004,6.75,6.8,6.55,6.59,5.31,418400
30/06/2004,6.47,6.54,6.35,6.39,5.15,341000
01/07/2004,6.34,6.48,6.33,6.37,5.13,256700
02/07/2004,6.7,6.75,6.6,6.7,5.39,264100
06/07/2004,6.76,6.95,6.65,6.89,5.55,302800
07/07/2004,6.9,7.0,6.71,6.9,5.56,146900
08/07/2004,6.8,6.81,6.17,6.25,5.03,148200
09/07/2004,6.2,6.32,5.94,6.24,5.02,209100
12/07/2004,6.25,6.49,6.25,6.41,5.16,112600
13/07/2004,6.42,6.46,6.31,6.31,5.08,94900
14/07/2004,6.22,6.44,6.2,6.21,5.0,112900
15/07/2004,6.25,6.31,6.08,6.12,4.93,86100
16/07/2004,6.09,6.15,5.65,5.75,4.63,423200
19/07/2004,5.7,5.96,5.7,5.96,4.8,93800
20/07/2004,6.0,6.15,5.84,6.07,4.89,123600
21/07/2004,6.17,6.24,5.72,5.72,4.61,123100
22/07/2004,5.8,6.05,5.8,5.99,4.82,191700
23/07/2004,5.89,5.89,5.59,5.7,4.59,145400
26/07/2004,5.63,5.77,5.25,5.31,4.28,308000
27/07/2004,5.39,5.77,5.38,5.61,4.52,311500
28/07/2004,5.55,6.07,5.52,5.95,4.79,202100
29/07/2004,6.0,6.08,5.75,5.9,4.75,70500
30/07/2004,5.8,6.07,5.68,5.99,4.82,132100
02/08/2004,5.89,6.17,5.77,6.17,4.97,161200
03/08/2004,6.18,6.31,5.92,6.11,4.92,333800
04/08/2004,6.1,6.33,5.92,6.25,5.03,192700
05/08/2004,6.15,6.3,6.09,6.19,4.98,337600
06/08/2004,6.09,6.23,6.02,6.09,4.9,127500
09/08/2004,6.1,6.35,5.96,6.29,5.06,289900
10/08/2004,6.25,6.28,6.08,6.21,5.0,160300
11/08/2004,6.17,6.45,6.0,6.32,5.09,94500
12/08/2004,6.22,6.24,6.0,6.03,4.86,72400
13/08/2004,6.03,6.3,6.02,6.29,5.06,73100
16/08/2004,6.38,6.5,6.26,6.5,5.23,94900
17/08/2004,6.53,6.54,6.32,6.54,5.27,103000
18/08/2004,6.48,6.73,6.33,6.68,5.38,155300
19/08/2004,6.68,6.84,6.58,6.71,5.4,165800
20/08/2004,6.71,6.93,6.68,6.93,5.58,118800
23/08/2004,6.9,6.95,6.65,6.7,5.39,160600
24/08/2004,6.74,6.84,6.4,6.64,5.35,113400
25/08/2004,6.6,6.84,6.6,6.8,5.48,119000
26/08/2004,6.75,6.87,6.69,6.87,5.53,187300
27/08/2004,6.85,6.86,6.6,6.75,5.44,142400
30/08/2004,6.7,6.74,6.55,6.59,5.31,60400
31/08/2004,6.61,6.71,6.41,6.7,5.39,58300
01/09/2004,6.68,6.89,6.37,6.5,5.23,145800
02/09/2004,6.4,6.87,6.35,6.79,5.47,65600
03/09/2004,6.75,6.79,6.4,6.59,5.31,69000
07/09/2004,6.59,6.75,6.5,6.73,5.42,274700
08/09/2004,6.75,6.92,6.75,6.87,5.53,275400
09/09/2004,6.89,7.0,6.72,7.0,5.64,268300
10/09/2004,7.0,7.2,6.95,7.16,5.77,145300
13/09/2004,7.1,7.15,6.66,6.95,5.6,221500
14/09/2004,6.91,7.09,6.86,7.06,5.68,194800
15/09/2004,7.09,7.09,7.0,7.05,5.68,126700
16/09/2004,7.1,7.2,7.09,7.18,5.78,253500
17/09/2004,7.25,7.29,7.15,7.25,5.84,266600
20/09/2004,7.2,7.25,7.06,7.22,5.81,48800
21/09/2004,7.22,7.25,7.16,7.25,5.84,46500
22/09/2004,7.2,7.22,7.03,7.07,5.69,60700
23/09/2004,7.08,7.22,7.05,7.13,5.74,30700
24/09/2004,7.1,7.23,7.1,7.19,5.79,74200
27/09/2004,7.13,7.13,6.87,6.9,5.56,31000
28/09/2004,6.9,7.0,6.75,6.76,5.44,70300
29/09/2004,6.76,6.9,6.75,6.8,5.48,69800
30/09/2004,6.8,6.86,6.55,6.6,5.31,109700
01/10/2004,6.65,6.9,6.6,6.82,5.49,258200
04/10/2004,6.8,6.97,6.75,6.78,5.46,84100
05/10/2004,6.76,6.85,6.63,6.73,5.42,56200
06/10/2004,6.65,6.8,6.65,6.79,5.47,64600
07/10/2004,6.76,6.81,6.3,6.34,5.11,61900
08/10/2004,6.24,6.52,6.07,6.16,4.96,83700
11/10/2004,6.16,6.3,6.13,6.24,5.02,59900
12/10/2004,6.24,6.56,6.2,6.5,5.23,30300
13/10/2004,6.5,6.5,6.03,6.37,5.13,82800
14/10/2004,6.32,6.37,6.25,6.3,5.07,58900
15/10/2004,6.3,6.35,6.25,6.35,5.11,35300
18/10/2004,6.3,6.43,6.2,6.28,5.06,76900
19/10/2004,6.34,6.46,6.23,6.31,5.08,37700
20/10/2004,6.26,6.4,6.22,6.3,5.07,51700
21/10/2004,6.33,6.48,6.26,6.3,5.07,44800
22/10/2004,6.26,6.4,6.1,6.13,4.94,97200
25/10/2004,6.13,6.5,6.13,6.44,5.19,53300
26/10/2004,6.45,6.67,6.42,6.58,5.3,92300
27/10/2004,6.63,6.8,6.57,6.7,5.39,97900
28/10/2004,6.64,6.88,6.59,6.87,5.53,71200
29/10/2004,6.83,6.95,6.75,6.93,5.58,76400
01/11/2004,6.87,6.93,6.72,6.81,5.48,71500
02/11/2004,6.85,6.9,6.67,6.73,5.42,71600
03/11/2004,6.73,6.82,6.2,6.75,5.44,290800
04/11/2004,6.7,6.76,6.65,6.69,5.39,173500
05/11/2004,6.69,6.7,6.35,6.45,5.19,39000
08/11/2004,6.4,6.5,6.3,6.42,5.17,48300
09/11/2004,6.36,6.57,6.21,6.42,5.17,39800
10/11/2004,6.42,6.65,6.32,6.53,5.26,39400
11/11/2004,6.49,6.7,6.38,6.59,5.31,87600
12/11/2004,6.6,6.6,6.46,6.55,5.27,70500
15/11/2004,6.54,6.7,6.37,6.66,5.36,84000
16/11/2004,6.6,6.73,6.53,6.62,5.33,74700
17/11/2004,6.69,7.0,6.69,6.83,5.5,52200
18/11/2004,6.85,6.92,6.76,6.85,5.52,60500
19/11/2004,6.85,7.0,6.75,6.9,5.56,100000
22/11/2004,6.82,7.0,6.8,7.0,5.64,74900
23/11/2004,6.98,7.14,6.87,7.02,5.65,112700
24/11/2004,7.05,7.19,7.02,7.19,5.79,46200
26/11/2004,7.22,7.28,7.2,7.2,5.8,8600
29/11/2004,7.1,7.3,7.05,7.2,5.8,55500
30/11/2004,7.14,7.3,7.02,7.2,5.8,74800
01/12/2004,7.28,7.5,7.2,7.45,6.0,161200
02/12/2004,7.4,7.51,7.36,7.46,6.01,123100
03/12/2004,7.48,7.5,7.35,7.45,6.0,62000
06/12/2004,7.22,7.48,7.12,7.12,5.73,128100
07/12/2004,7.1,7.18,7.01,7.06,5.68,85700
08/12/2004,7.0,7.45,7.0,7.45,6.0,67500
09/12/2004,7.4,7.44,7.22,7.38,5.94,52700
10/12/2004,7.35,7.5,7.23,7.48,6.02,35300
13/12/2004,7.49,7.59,7.32,7.59,6.11,69900
14/12/2004,7.55,7.95,7.55,7.81,6.29,241800
15/12/2004,7.91,7.92,7.7,7.71,6.21,166600
16/12/2004,7.71,7.75,7.33,7.49,6.03,99800
17/12/2004,7.47,7.49,7.12,7.33,5.9,86600
20/12/2004,7.3,7.55,7.3,7.42,5.97,83900
21/12/2004,7.42,7.59,7.33,7.48,6.02,88600
22/12/2004,7.5,7.7,7.5,7.59,6.11,122500
23/12/2004,7.68,7.7,7.63,7.68,6.18,37000
27/12/2004,7.68,7.7,7.51,7.69,6.19,81800
28/12/2004,7.66,7.83,7.65,7.8,6.28,107800
29/12/2004,7.78,7.88,7.73,7.83,6.3,47300
30/12/2004,7.77,7.81,7.54,7.64,6.15,39900
31/12/2004,7.64,7.71,7.45,7.68,6.18,66100
03/01/2005,7.84,7.9,7.32,7.42,5.97,221800
04/01/2005,7.5,7.55,6.92,6.95,5.6,144200
05/01/2005,6.95,7.3,6.9,7.01,5.64,101400
06/01/2005,7.06,7.1,6.96,7.0,5.64,69000
07/01/2005,7.03,7.03,6.87,6.92,5.57,79300
10/01/2005,6.92,7.31,6.92,7.13,5.74,50100
11/01/2005,7.1,7.22,6.95,6.96,5.6,50400
12/01/2005,7.01,7.14,6.89,7.1,5.72,50300
13/01/2005,7.1,7.1,6.92,7.0,5.64,46800
14/01/2005,7.05,7.13,6.94,7.12,5.73,35200
18/01/2005,7.17,7.4,6.99,7.38,5.94,44600
19/01/2005,7.28,7.3,7.03,7.07,5.69,295500
20/01/2005,7.0,7.01,6.67,6.68,5.38,163500
21/01/2005,6.7,7.06,6.7,6.97,5.61,132700
24/01/2005,6.95,7.1,6.92,6.96,5.6,85500
25/01/2005,7.04,7.05,6.75,6.98,5.62,81900
26/01/2005,6.98,7.0,6.85,6.99,5.63,66700
27/01/2005,6.94,7.0,6.9,7.0,5.64,52000
28/01/2005,6.96,6.96,6.71,6.79,5.47,61700
31/01/2005,7.0,7.0,6.72,6.81,5.48,151100
01/02/2005,6.76,7.17,6.72,7.17,5.77,742000
02/02/2005,7.12,7.4,7.12,7.36,5.93,196000
03/02/2005,7.36,7.36,7.18,7.21,5.81,94000
04/02/2005,7.11,7.33,7.02,7.29,5.87,139900
07/02/2005,7.36,7.38,7.17,7.28,5.86,58700
08/02/2005,7.18,7.23,7.0,7.14,5.75,30400
09/02/2005,7.03,7.27,7.03,7.2,5.8,86300
10/02/2005,7.14,7.22,7.02,7.14,5.75,52300
11/02/2005,7.1,7.4,7.0,7.4,5.96,57100
14/02/2005,7.3,7.39,7.25,7.38,5.94,69600
15/02/2005,7.3,7.5,7.18,7.49,6.03,900700
16/02/2005,7.49,7.68,7.3,7.64,6.15,191400
17/02/2005,7.63,7.68,7.53,7.55,6.08,722900
18/02/2005,7.59,7.63,7.47,7.56,6.09,204800
22/02/2005,7.46,7.5,7.18,7.21,5.81,471000
23/02/2005,7.31,7.38,7.16,7.16,5.77,91800
24/02/2005,7.17,7.22,7.0,7.14,5.75,72400
25/02/2005,7.19,7.54,7.18,7.49,6.03,106600
28/02/2005,7.5,7.75,7.4,7.72,6.22,208100
01/03/2005,7.7,7.97,7.7,7.89,6.35,241600
02/03/2005,7.75,7.9,7.64,7.86,6.33,417100
03/03/2005,7.9,8.55,7.9,8.21,6.61,1135100
04/03/2005,8.15,8.2,7.88,8.03,6.47,251700
07/03/2005,7.98,8.1,7.94,8.0,6.44,225400
08/03/2005,7.95,8.09,7.89,7.89,6.35,157000
09/03/2005,7.9,8.05,7.87,7.87,6.34,110000
10/03/2005,7.92,7.99,7.76,7.85,6.32,126800
11/03/2005,7.8,7.8,7.52,7.6,6.12,88000
14/03/2005,7.6,7.81,7.58,7.8,6.28,85000
15/03/2005,7.85,7.85,7.58,7.79,6.27,121700
16/03/2005,7.72,7.8,7.55,7.69,6.19,147200
17/03/2005,7.77,7.84,7.6,7.84,6.31,51700
18/03/2005,7.93,7.93,7.57,7.7,6.2,219000
21/03/2005,7.7,7.7,7.47,7.57,6.1,107400
22/03/2005,7.6,7.75,7.47,7.5,6.04,64700
23/03/2005,7.46,7.65,7.46,7.48,6.02,113600
24/03/2005,7.51,7.89,7.5,7.83,6.3,92100
28/03/2005,7.85,7.86,7.72,7.8,6.28,84600
29/03/2005,7.8,7.89,7.7,7.8,6.28,141900
30/03/2005,7.83,7.94,7.59,7.94,6.39,81500
31/03/2005,7.9,7.9,7.63,7.75,6.24,161200
01/04/2005,7.75,7.84,7.43,7.52,6.06,167900
04/04/2005,7.45,7.95,7.45,7.93,6.39,145400
05/04/2005,7.83,7.95,7.8,7.95,6.4,79200
06/04/2005,7.95,8.0,7.85,7.93,6.39,106000
07/04/2005,7.91,7.99,7.8,7.97,6.42,53500
08/04/2005,7.97,7.98,7.62,7.63,6.14,80700
11/04/2005,7.67,7.68,7.51,7.54,6.07,78300
12/04/2005,7.5,7.8,7.32,7.77,6.26,135900
13/04/2005,7.77,8.05,7.65,7.98,6.43,262100
14/04/2005,8.0,8.04,7.7,7.71,6.21,134000
15/04/2005,7.71,7.75,7.28,7.44,5.99,94600
18/04/2005,7.37,7.9,7.37,7.67,6.18,106400
19/04/2005,7.74,7.75,7.46,7.5,6.04,99200
20/04/2005,7.51,7.55,7.23,7.41,5.97,131900
21/04/2005,7.51,7.89,7.4,7.83,6.3,98900
22/04/2005,7.76,7.89,7.31,7.36,5.93,165600
25/04/2005,7.46,7.6,7.03,7.21,5.81,134800
26/04/2005,7.11,7.58,7.05,7.08,5.7,109600
27/04/2005,7.09,7.42,6.94,7.13,5.74,87500
28/04/2005,7.13,7.35,7.03,7.17,5.77,107300
29/04/2005,7.19,7.25,7.0,7.14,5.75,69300
02/05/2005,7.14,7.23,7.03,7.15,5.76,72100
03/05/2005,7.16,7.23,6.61,6.64,5.35,88600
04/05/2005,6.74,6.88,6.62,6.8,5.48,128200
05/05/2005,6.75,6.76,6.25,6.35,5.11,244700
06/05/2005,6.4,6.49,6.2,6.26,5.04,256200
09/05/2005,6.25,6.76,6.25,6.68,5.38,387900
10/05/2005,6.58,6.68,6.5,6.64,5.35,220700
11/05/2005,6.69,6.74,6.57,6.58,5.3,268400
12/05/2005,6.62,6.64,6.45,6.49,5.23,167100
13/05/2005,6.5,6.57,6.2,6.25,5.03,188600
16/05/2005,6.25,6.49,6.25,6.46,5.2,106400
17/05/2005,6.47,6.47,6.17,6.32,5.09,138600
18/05/2005,6.42,6.6,6.23,6.38,5.14,113600
19/05/2005,6.28,6.7,6.28,6.49,5.23,110900
20/05/2005,6.52,6.65,6.33,6.49,5.23,59400
23/05/2005,6.46,6.62,6.44,6.48,5.22,90000
24/05/2005,6.45,6.47,6.22,6.29,5.06,115200
25/05/2005,6.3,6.45,6.15,6.26,5.04,84800
26/05/2005,6.28,6.43,6.22,6.31,5.08,95500
27/05/2005,6.31,6.35,6.25,6.28,5.06,51600
31/05/2005,6.27,6.4,6.27,6.29,5.06,62300
01/06/2005,6.29,6.42,6.28,6.39,5.15,66600
02/06/2005,6.4,6.45,6.32,6.42,5.17,126100
03/06/2005,6.42,6.46,6.28,6.3,5.07,62900
06/06/2005,6.35,6.35,6.2,6.29,5.06,94900
07/06/2005,6.3,6.4,6.2,6.32,5.09,69100
08/06/2005,6.31,6.45,6.26,6.32,5.09,80800
09/06/2005,6.3,6.44,6.28,6.37,5.13,100800
10/06/2005,6.4,6.41,6.26,6.33,5.1,97200
13/06/2005,6.34,6.49,6.28,6.42,5.17,155800
14/06/2005,6.43,6.49,6.34,6.43,5.18,69900
15/06/2005,6.5,6.53,6.3,6.47,5.21,76400
16/06/2005,6.48,6.72,6.38,6.71,5.4,70900
17/06/2005,6.7,6.7,6.54,6.65,5.35,247300
20/06/2005,6.64,6.67,6.51,6.56,5.28,43700
21/06/2005,6.57,6.67,6.55,6.64,5.35,87500
22/06/2005,6.65,6.75,6.55,6.65,5.35,116800
23/06/2005,6.62,6.64,6.56,6.57,5.29,111300
24/06/2005,6.56,6.6,6.4,6.6,5.31,160800
27/06/2005,6.56,6.56,6.38,6.42,5.17,93300
28/06/2005,6.45,6.6,6.37,6.6,5.31,76200
29/06/2005,6.59,6.6,6.45,6.6,5.31,80100
30/06/2005,6.6,6.6,6.4,6.58,5.3,113900
01/07/2005,6.52,6.55,6.41,6.5,5.23,35200
05/07/2005,6.5,6.6,6.47,6.55,5.27,69000
06/07/2005,6.54,6.57,6.4,6.42,5.17,69900
07/07/2005,6.35,6.53,6.22,6.47,5.21,89700
08/07/2005,6.47,6.9,6.4,6.8,5.48,65600
11/07/2005,6.8,7.15,6.8,7.06,5.68,169000
12/07/2005,7.04,7.44,6.92,7.25,5.84,99800
13/07/2005,7.25,7.43,7.2,7.3,5.88,91400
14/07/2005,7.36,7.47,7.25,7.26,5.85,87600
15/07/2005,7.25,7.39,7.1,7.29,5.87,112800
18/07/2005,7.27,7.32,6.97,7.06,5.68,113700
19/07/2005,7.11,7.39,7.01,7.29,5.87,75300
20/07/2005,7.25,7.46,7.09,7.38,5.94,67800
21/07/2005,7.39,7.45,7.15,7.22,5.81,46100
22/07/2005,7.25,7.52,7.25,7.52,6.06,59500
25/07/2005,7.55,7.63,7.29,7.29,5.87,60400
26/07/2005,7.3,7.6,7.2,7.43,5.98,98200
27/07/2005,7.43,7.6,7.4,7.6,6.12,60900
28/07/2005,7.63,7.68,7.48,7.68,6.18,119800
29/07/2005,7.67,7.88,7.6,7.75,6.24,159100
01/08/2005,7.77,7.95,7.65,7.95,6.4,167300
02/08/2005,7.9,7.91,7.67,7.81,6.29,137800
03/08/2005,7.81,8.0,7.74,8.0,6.44,156300
04/08/2005,7.9,8.24,7.81,8.08,6.51,244400
05/08/2005,8.0,8.13,7.83,8.03,6.47,190900
08/08/2005,8.07,8.25,7.95,8.16,6.57,132800
09/08/2005,8.15,8.28,8.04,8.11,6.53,119400
10/08/2005,8.16,8.24,7.75,7.94,6.39,110300
11/08/2005,7.94,8.08,7.91,8.05,6.48,47900
12/08/2005,7.95,8.1,7.79,8.04,6.47,69000
15/08/2005,8.05,8.2,7.82,8.16,6.57,101300
16/08/2005,8.11,8.11,7.95,8.03,6.47,86800
17/08/2005,7.97,8.14,7.78,8.02,6.46,128600
18/08/2005,8.02,8.02,7.6,7.84,6.31,79000
19/08/2005,7.85,7.85,7.48,7.58,6.1,92000
22/08/2005,7.63,7.99,7.63,7.81,6.29,82600
23/08/2005,7.81,7.93,7.65,7.68,6.18,52800
24/08/2005,7.66,8.0,7.66,7.71,6.21,75000
25/08/2005,8.0,8.19,7.94,8.03,6.47,165800
26/08/2005,8.03,8.04,7.74,7.83,6.3,61200
29/08/2005,7.82,7.88,7.64,7.81,6.29,56400
30/08/2005,7.82,7.83,7.68,7.8,6.28,79000
31/08/2005,7.77,8.24,7.69,8.23,6.63,247900
01/09/2005,8.24,8.5,8.11,8.4,6.76,228400
02/09/2005,8.45,8.48,7.98,8.07,6.5,95200
06/09/2005,8.12,8.37,8.03,8.26,6.65,132900
07/09/2005,8.24,8.28,8.13,8.26,6.65,53300
08/09/2005,8.17,8.18,7.93,8.04,6.47,62900
09/09/2005,8.05,8.12,8.04,8.08,6.51,15200
12/09/2005,8.0,8.25,7.93,8.1,6.52,77200
13/09/2005,8.04,8.26,7.97,8.22,6.62,78700
14/09/2005,8.12,8.19,7.91,7.91,6.37,51300
15/09/2005,7.95,8.08,7.91,8.08,6.51,67100
16/09/2005,8.15,8.19,7.99,8.15,6.56,215000
19/09/2005,8.13,8.22,8.05,8.17,6.58,54900
20/09/2005,8.2,8.3,8.05,8.3,6.68,206200
21/09/2005,8.3,8.3,8.05,8.15,6.56,135300
22/09/2005,8.1,8.5,8.03,8.31,6.69,206300
23/09/2005,8.31,8.67,8.28,8.65,6.97,186500
26/09/2005,8.67,8.69,8.45,8.55,6.88,144400
27/09/2005,8.55,8.74,8.38,8.68,6.99,134400
28/09/2005,8.65,8.65,8.46,8.5,6.84,160200
29/09/2005,8.49,8.7,8.4,8.65,6.97,100800
30/09/2005,8.66,8.81,8.51,8.81,7.09,83600
03/10/2005,8.83,9.43,8.83,9.39,7.56,355900
04/10/2005,9.5,9.59,9.34,9.57,7.71,359000
05/10/2005,9.47,9.49,8.93,9.16,7.38,223500
06/10/2005,9.12,9.28,8.94,9.1,7.33,232900
07/10/2005,9.12,9.29,8.97,9.03,7.27,147500
10/10/2005,9.08,9.08,8.8,8.98,7.23,79600
11/10/2005,9.0,9.02,8.6,8.61,6.93,101200
12/10/2005,8.61,8.65,8.3,8.53,6.87,121500
13/10/2005,8.45,8.7,8.3,8.66,6.97,61300
14/10/2005,8.76,8.83,8.46,8.82,7.1,79100
17/10/2005,8.8,8.81,8.35,8.54,6.88,95900
18/10/2005,8.49,8.6,8.1,8.27,6.66,147600
19/10/2005,8.22,8.9,8.07,8.78,7.07,156900
20/10/2005,8.73,8.81,8.3,8.4,6.76,82600
21/10/2005,8.41,8.56,8.36,8.49,6.84,198800
24/10/2005,8.51,8.99,8.51,8.76,7.05,79400
25/10/2005,8.77,9.0,8.1,8.47,6.82,221800
26/10/2005,8.42,8.72,8.37,8.68,6.99,88900
27/10/2005,8.65,8.7,8.3,8.59,6.92,79900
28/10/2005,8.64,8.75,8.59,8.67,6.98,60900
31/10/2005,8.69,8.79,8.41,8.5,6.84,129500
01/11/2005,8.5,8.54,8.4,8.5,6.84,49400
02/11/2005,8.5,8.57,8.37,8.55,6.88,99800
03/11/2005,8.65,9.11,8.55,9.08,7.31,255900
04/11/2005,9.0,9.13,9.0,9.11,7.34,100100
07/11/2005,9.17,9.36,9.14,9.31,7.5,186500
08/11/2005,9.3,9.35,9.12,9.3,7.49,120900
09/11/2005,9.3,9.48,9.2,9.45,7.61,158300
10/11/2005,9.45,9.66,9.31,9.55,7.69,325200
11/11/2005,9.56,9.78,9.43,9.6,7.73,211900
14/11/2005,9.67,9.75,9.57,9.65,7.77,106100
15/11/2005,9.66,9.67,9.41,9.5,7.65,155700
16/11/2005,9.45,9.47,9.04,9.2,7.41,131600
17/11/2005,9.22,9.5,9.21,9.32,7.5,154600
18/11/2005,9.42,9.67,9.33,9.58,7.71,211800
21/11/2005,9.58,9.79,9.58,9.65,7.77,143300
22/11/2005,9.66,9.82,9.64,9.78,7.87,157100
23/11/2005,9.77,9.95,9.61,9.72,7.83,90200
25/11/2005,9.68,9.82,9.64,9.8,7.89,30300
28/11/2005,9.73,9.8,9.33,9.42,7.6,146200
29/11/2005,9.47,9.54,9.3,9.37,7.56,132600
30/11/2005,9.41,9.54,9.35,9.39,7.58,132200
01/12/2005,9.45,9.55,9.4,9.4,7.59,170700
02/12/2005,9.35,9.55,9.27,9.5,7.67,184800
05/12/2005,9.5,9.5,9.13,9.3,7.51,107800
06/12/2005,9.35,9.6,9.35,9.47,7.64,195700
07/12/2005,9.5,9.5,9.28,9.39,7.58,76400
08/12/2005,9.43,9.59,9.43,9.5,7.67,151500
09/12/2005,9.5,9.6,9.36,9.5,7.67,90000
12/12/2005,9.49,9.52,9.28,9.3,7.51,130700
13/12/2005,9.25,9.52,9.21,9.31,7.52,260100
14/12/2005,9.4,9.62,9.4,9.45,7.63,84900
15/12/2005,9.45,9.47,9.25,9.3,7.51,201500
16/12/2005,9.3,9.4,9.21,9.31,7.52,298200
19/12/2005,9.33,9.65,9.17,9.53,7.69,346000
20/12/2005,9.53,9.53,9.35,9.35,7.55,83200
21/12/2005,9.35,9.51,9.31,9.39,7.58,73400
22/12/2005,9.42,9.73,9.42,9.5,7.67,99100
23/12/2005,9.49,9.51,9.4,9.5,7.67,14800
27/12/2005,9.5,9.54,9.36,9.39,7.58,75700
28/12/2005,9.45,9.5,9.29,9.48,7.65,93400
29/12/2005,9.48,9.51,9.18,9.35,7.55,178000
30/12/2005,9.27,9.32,9.05,9.2,7.43,111000
03/01/2006,9.24,9.41,8.88,9.39,7.58,169900
04/01/2006,9.39,9.55,9.38,9.46,7.64,171600
05/01/2006,9.5,9.6,9.44,9.45,7.63,384800
06/01/2006,9.49,9.55,9.4,9.44,7.62,91100
09/01/2006,9.45,9.6,9.45,9.6,7.75,417500
10/01/2006,9.6,10.35,9.46,10.15,8.19,493100
11/01/2006,10.16,10.48,9.65,9.98,8.06,243300
12/01/2006,9.95,10.18,9.85,10.05,8.11,104400
13/01/2006,10.04,10.22,10.04,10.14,8.19,92200
17/01/2006,10.06,10.22,9.58,10.17,8.21,161800
18/01/2006,10.07,10.2,9.92,10.17,8.21,127400
19/01/2006,10.14,10.4,10.06,10.39,8.39,173600
20/01/2006,10.4,10.4,9.91,10.18,8.22,102500
23/01/2006,10.21,10.65,10.21,10.4,8.4,77600
24/01/2006,10.4,10.57,10.13,10.53,8.5,110500
25/01/2006,10.48,10.59,10.34,10.59,8.55,109800
26/01/2006,10.56,10.99,10.56,10.99,8.87,141700
27/01/2006,10.9,11.0,10.76,10.82,8.73,93600
30/01/2006,10.74,10.83,10.51,10.52,8.49,85800
31/01/2006,10.49,10.68,10.2,10.51,8.48,264400
01/02/2006,10.4,10.68,10.38,10.49,8.47,334400
02/02/2006,10.49,10.56,10.28,10.49,8.47,182400
03/02/2006,10.51,10.7,10.46,10.59,8.55,330300
06/02/2006,10.6,10.64,10.44,10.55,8.52,213200
07/02/2006,10.55,10.8,10.23,10.56,8.52,284600
08/02/2006,10.57,10.6,10.27,10.54,8.51,109400
09/02/2006,10.5,10.66,10.42,10.55,8.52,175200
10/02/2006,10.52,10.55,10.25,10.44,8.43,105600
13/02/2006,10.39,10.5,10.25,10.41,8.4,80200
14/02/2006,10.42,10.5,10.1,10.5,8.48,131000
15/02/2006,10.48,10.5,10.36,10.5,8.48,255000
16/02/2006,10.5,10.5,10.34,10.45,8.44,218300
17/02/2006,10.47,10.5,10.35,10.36,8.36,151800
21/02/2006,10.34,10.5,10.15,10.24,8.27,223800
22/02/2006,10.23,10.37,10.13,10.24,8.27,170200
23/02/2006,10.01,10.4,10.01,10.22,8.25,330900
24/02/2006,10.2,10.6,9.96,10.5,8.48,271100
27/02/2006,10.6,11.48,10.6,11.18,9.03,377000
28/02/2006,11.18,11.25,10.63,10.99,8.87,247900
01/03/2006,10.99,11.35,10.94,11.3,9.12,334900
02/03/2006,11.3,11.5,11.18,11.4,9.2,295700
03/03/2006,11.4,12.05,11.34,11.91,9.61,250700
06/03/2006,11.99,12.0,11.38,11.42,9.22,244900
07/03/2006,11.37,11.38,11.01,11.1,8.96,266400
08/03/2006,10.9,11.65,10.89,11.55,9.35,171300
09/03/2006,11.56,12.07,11.55,11.98,9.7,255700
10/03/2006,11.98,12.23,11.74,12.05,9.76,269100
13/03/2006,12.2,12.33,12.0,12.1,9.8,362700
14/03/2006,12.23,12.48,12.15,12.23,9.9,395800
15/03/2006,12.28,12.69,12.1,12.68,10.27,326200
16/03/2006,12.72,13.08,12.72,13.0,10.53,270200
17/03/2006,13.0,13.15,12.61,12.75,10.33,582500
20/03/2006,12.61,12.74,12.42,12.59,10.2,158300
21/03/2006,12.56,12.7,12.25,12.32,9.98,237400
22/03/2006,12.32,12.47,12.14,12.35,10.0,332800
23/03/2006,12.35,13.25,12.35,13.25,10.73,1185000
24/03/2006,13.29,13.58,13.25,13.45,10.89,812500
27/03/2006,13.45,13.5,13.26,13.39,10.84,508500
28/03/2006,13.39,13.47,13.14,13.36,10.82,311900
29/03/2006,13.35,13.6,13.22,13.59,11.01,205200
30/03/2006,13.65,13.66,13.33,13.44,10.88,305000
31/03/2006,13.48,13.51,13.25,13.5,10.93,344700
03/04/2006,13.5,13.72,13.32,13.5,10.93,260100
04/04/2006,13.51,13.92,13.35,13.85,11.22,321300
05/04/2006,13.79,14.1,13.62,13.97,11.31,281600
06/04/2006,13.97,13.97,13.46,13.7,11.09,177900
07/04/2006,13.71,13.96,13.51,13.72,11.11,266200
10/04/2006,13.78,14.25,13.69,14.15,11.46,384300
11/04/2006,14.17,14.17,13.53,13.6,11.01,275000
12/04/2006,13.5,13.91,13.15,13.9,11.26,196400
13/04/2006,13.87,14.15,13.63,14.03,11.36,294700
17/04/2006,14.08,14.32,13.85,14.27,11.56,228300
18/04/2006,14.32,14.78,14.27,14.75,11.94,307600
19/04/2006,14.8,15.16,14.64,14.98,12.13,337600
20/04/2006,14.98,15.07,14.62,14.92,12.08,199100
21/04/2006,15.15,15.19,14.65,14.66,11.87,217600
24/04/2006,14.85,14.85,14.4,14.75,11.94,217600
25/04/2006,14.95,14.95,14.53,14.66,11.87,294900
26/04/2006,15.24,15.24,14.88,14.95,12.11,1010500
27/04/2006,14.9,15.01,14.6,14.72,11.92,392600
28/04/2006,14.62,15.29,14.6,15.26,12.36,374200
01/05/2006,15.2,15.35,14.93,15.1,12.23,344800
02/05/2006,15.11,15.53,14.91,15.3,12.39,224500
03/05/2006,15.35,15.72,15.15,15.54,12.58,325200
04/05/2006,15.3,15.38,14.51,14.87,12.04,450000
05/05/2006,14.89,15.25,14.89,14.98,12.13,372300
08/05/2006,14.92,15.16,14.69,14.96,12.11,293400
09/05/2006,14.97,15.15,14.81,15.02,12.16,413300
10/05/2006,15.04,15.17,14.9,15.04,12.18,326100
11/05/2006,14.97,15.0,14.59,14.62,11.84,348700
12/05/2006,14.52,14.52,13.59,14.28,11.56,445100
15/05/2006,14.1,14.1,13.38,13.62,11.03,308200
16/05/2006,13.52,14.42,13.52,14.21,11.51,474700
17/05/2006,13.96,13.96,13.3,13.47,10.91,395600
18/05/2006,13.3,13.74,12.75,12.9,10.45,345700
19/05/2006,12.88,13.5,12.58,13.42,10.87,369500
22/05/2006,13.2,13.58,12.5,13.27,10.75,681800
23/05/2006,13.27,13.68,12.79,12.89,10.44,567700
24/05/2006,12.85,12.96,12.5,12.8,10.37,271700
25/05/2006,12.95,13.16,12.8,13.07,10.58,250300
26/05/2006,13.11,13.17,12.9,13.06,10.6,151300
30/05/2006,13.31,13.56,12.8,12.87,10.45,468600
31/05/2006,12.85,13.1,12.75,13.0,10.56,337300
01/06/2006,13.0,13.4,12.96,13.18,10.7,292100
02/06/2006,13.25,13.56,12.94,13.44,10.91,256000
05/06/2006,13.45,13.45,12.65,12.66,10.28,207100
06/06/2006,12.62,12.63,12.07,12.33,10.01,330000
07/06/2006,12.2,12.74,12.17,12.38,10.05,239600
08/06/2006,12.3,12.93,12.07,12.81,10.4,385700
09/06/2006,12.83,13.26,12.17,12.17,9.88,253500
12/06/2006,12.2,12.31,11.9,11.9,9.66,299300
13/06/2006,11.9,12.34,11.82,11.83,9.61,301200
14/06/2006,11.82,12.25,11.82,12.01,9.75,199200
15/06/2006,12.1,13.03,12.1,12.92,10.49,262300
16/06/2006,12.97,13.3,12.5,12.67,10.29,807800
19/06/2006,12.65,12.7,12.05,12.15,9.87,385300
20/06/2006,12.1,12.52,12.01,12.31,10.0,276200
21/06/2006,12.28,13.1,12.28,12.94,10.51,237400
22/06/2006,12.98,12.98,12.6,12.81,10.4,259100
23/06/2006,12.77,13.19,12.65,13.1,10.64,207200
26/06/2006,13.24,13.85,13.17,13.68,11.11,384700
27/06/2006,13.72,13.94,13.22,13.32,10.82,308300
28/06/2006,13.33,13.33,12.67,12.83,10.42,302600
29/06/2006,13.03,13.94,12.97,13.83,11.23,367400
30/06/2006,13.93,14.31,13.66,14.29,11.6,474700
03/07/2006,14.39,14.5,14.22,14.29,11.6,80800
05/07/2006,14.19,14.25,13.8,13.94,11.32,196100
06/07/2006,13.94,14.16,13.86,14.05,11.41,139600
07/07/2006,14.02,14.02,13.5,13.51,10.97,91600
10/07/2006,13.53,13.97,13.5,13.63,11.07,153200
11/07/2006,13.58,13.91,13.19,13.91,11.29,145600
12/07/2006,13.85,13.85,13.16,13.17,10.69,131000
13/07/2006,13.07,13.07,12.64,12.79,10.39,207700
14/07/2006,12.69,12.72,12.1,12.58,10.21,199700
17/07/2006,12.4,12.7,12.33,12.65,10.27,236100
18/07/2006,12.68,12.8,12.29,12.58,10.21,187600
19/07/2006,12.62,13.3,12.62,13.08,10.62,191000
20/07/2006,13.17,13.25,12.47,12.5,10.15,239700
21/07/2006,12.5,12.5,11.74,12.12,9.84,154500
24/07/2006,12.37,13.16,12.28,12.96,10.52,230400
25/07/2006,12.99,13.4,12.94,13.13,10.66,283700
26/07/2006,13.03,13.19,12.65,13.01,10.56,149400
27/07/2006,13.1,13.26,12.61,12.76,10.36,185700
28/07/2006,12.75,13.59,12.75,13.51,10.97,178500
31/07/2006,13.46,13.84,13.15,13.84,11.24,206800
01/08/2006,13.7,13.7,13.28,13.47,10.94,172600
02/08/2006,13.57,14.13,13.53,13.9,11.29,266600
03/08/2006,13.85,13.97,13.35,13.44,10.91,401000
04/08/2006,13.45,13.45,12.45,13.03,10.58,468300
07/08/2006,12.98,13.35,12.85,13.28,10.78,146800
08/08/2006,13.28,13.28,12.3,12.37,10.04,207000
09/08/2006,12.6,12.67,12.2,12.29,9.98,282200
10/08/2006,12.2,12.52,12.1,12.38,10.05,203000
11/08/2006,12.28,12.59,12.22,12.46,10.12,142200
14/08/2006,12.52,13.05,12.5,12.71,10.32,312200
15/08/2006,12.75,12.9,12.53,12.6,10.23,209800
16/08/2006,12.64,13.1,12.58,12.75,10.35,205100
17/08/2006,12.74,12.82,12.65,12.77,10.37,140300
18/08/2006,12.77,12.8,12.5,12.75,10.35,96000
21/08/2006,12.75,12.75,12.25,12.61,10.24,252600
22/08/2006,12.56,12.85,12.51,12.71,10.32,85200
23/08/2006,12.8,12.85,12.4,12.42,10.08,122100
24/08/2006,12.45,12.6,12.17,12.34,10.02,113800
25/08/2006,12.34,12.6,12.23,12.55,10.19,96900
28/08/2006,12.6,13.25,12.48,12.57,10.21,164700
29/08/2006,12.52,12.89,12.31,12.89,10.5,194300
30/08/2006,12.92,13.27,12.73,13.15,10.71,128100
31/08/2006,13.16,13.32,13.02,13.03,10.61,149600
01/09/2006,13.05,13.21,12.88,13.06,10.63,80100
05/09/2006,13.11,13.5,12.95,13.1,10.67,169000
06/09/2006,13.0,13.01,12.5,12.7,10.34,167700
07/09/2006,12.6,12.77,12.4,12.71,10.35,189200
08/09/2006,12.7,12.75,12.4,12.45,10.14,189700
11/09/2006,12.3,12.38,12.07,12.21,9.94,143400
12/09/2006,12.31,12.34,12.1,12.24,9.97,149500
13/09/2006,12.28,12.35,12.0,12.07,9.83,360800
14/09/2006,12.06,12.7,12.06,12.54,10.21,135700
15/09/2006,12.67,12.7,12.25,12.3,10.02,277900
18/09/2006,12.21,12.34,11.85,12.27,9.99,155800
19/09/2006,12.24,12.26,12.0,12.17,9.91,158800
20/09/2006,12.27,12.35,12.08,12.21,9.94,135200
21/09/2006,12.25,12.31,11.85,11.93,9.71,117200
22/09/2006,11.87,11.94,11.8,11.84,9.64,221600
25/09/2006,11.84,12.2,11.65,12.13,9.88,136900
26/09/2006,12.13,12.23,11.95,12.03,9.8,250300
27/09/2006,11.93,12.06,11.89,11.97,9.75,186900
28/09/2006,11.97,12.08,11.81,11.9,9.69,102300
29/09/2006,11.86,11.87,11.42,11.46,9.33,175100
02/10/2006,11.36,11.36,10.52,10.61,8.64,799700
03/10/2006,10.61,10.84,10.42,10.48,8.53,685500
04/10/2006,10.49,10.89,10.49,10.82,8.81,711100
05/10/2006,10.85,11.21,10.77,11.15,9.08,344000
06/10/2006,11.1,11.17,10.89,11.0,8.96,169200
09/10/2006,10.92,11.25,10.8,11.14,9.07,200500
10/10/2006,11.19,11.33,11.04,11.31,9.21,291800
11/10/2006,11.3,11.35,10.97,11.19,9.11,154600
12/10/2006,11.25,11.5,11.25,11.4,9.28,183300
13/10/2006,11.4,11.46,11.32,11.33,9.23,137800
16/10/2006,11.33,11.56,11.33,11.49,9.36,155200
17/10/2006,11.35,11.45,11.17,11.39,9.27,524000
18/10/2006,11.5,11.6,11.3,11.3,9.2,85000
19/10/2006,11.25,11.45,11.23,11.3,9.2,130800
20/10/2006,11.35,11.35,11.12,11.2,9.12,145900
23/10/2006,11.19,11.29,11.0,11.07,9.01,92600
24/10/2006,11.04,11.25,11.03,11.06,9.01,85600
25/10/2006,11.03,11.37,11.03,11.2,9.12,134200
26/10/2006,11.32,11.45,11.03,11.35,9.24,170600
27/10/2006,11.34,11.45,11.06,11.13,9.06,130800
30/10/2006,11.05,11.5,10.98,11.45,9.32,292800
31/10/2006,11.49,11.74,11.49,11.61,9.45,261100
01/11/2006,11.61,11.68,11.33,11.42,9.3,242400
02/11/2006,12.0,13.07,11.98,12.95,10.54,867200
03/11/2006,12.9,12.95,12.52,12.55,10.22,308500
06/11/2006,12.6,12.73,12.42,12.48,10.16,199300
07/11/2006,12.46,12.71,12.41,12.55,10.22,241200
08/11/2006,12.54,13.28,12.5,13.26,10.8,311600
09/11/2006,13.32,13.32,12.93,13.09,10.66,389400
10/11/2006,13.1,13.3,13.06,13.26,10.8,255000
13/11/2006,13.23,13.36,13.08,13.09,10.66,314600
14/11/2006,13.1,13.38,13.0,13.28,10.81,255000
15/11/2006,13.28,13.49,13.25,13.44,10.94,222100
16/11/2006,13.41,13.54,13.2,13.28,10.81,107900
17/11/2006,13.4,13.85,13.32,13.72,11.17,333100
20/11/2006,13.65,13.94,13.6,13.72,11.17,185700
21/11/2006,13.8,14.03,13.79,13.95,11.36,152500
22/11/2006,14.02,14.08,13.83,13.85,11.28,97300
24/11/2006,13.8,13.94,13.8,13.8,11.24,34800
27/11/2006,13.75,13.8,13.45,13.72,11.17,343600
28/11/2006,13.67,13.92,13.51,13.7,11.18,252300
29/11/2006,13.78,14.08,13.42,13.52,11.04,412500
30/11/2006,13.5,13.65,13.41,13.49,11.01,311200
01/12/2006,13.42,13.45,13.12,13.28,10.84,240600
04/12/2006,13.33,13.68,13.21,13.37,10.91,351700
05/12/2006,13.43,13.65,13.33,13.58,11.09,236300
06/12/2006,13.48,13.48,13.22,13.27,10.83,280200
07/12/2006,13.25,13.4,13.02,13.24,10.81,335100
08/12/2006,13.18,13.24,12.98,13.0,10.61,178800
11/12/2006,13.0,13.09,12.84,13.0,10.61,227900
12/12/2006,13.0,13.0,12.74,12.82,10.47,243500
13/12/2006,12.92,13.0,12.8,12.95,10.57,254000
14/12/2006,12.94,13.36,12.94,13.27,10.83,260100
15/12/2006,13.75,14.0,12.64,12.64,10.32,292000
18/12/2006,12.65,12.79,12.51,12.56,10.25,377100
19/12/2006,12.5,12.77,12.39,12.73,10.39,177800
20/12/2006,12.73,12.88,12.66,12.7,10.37,171400
21/12/2006,12.73,12.95,12.04,12.08,9.86,323300
22/12/2006,12.13,12.45,12.06,12.22,9.98,279700
26/12/2006,12.0,12.22,12.0,12.12,9.89,284200
27/12/2006,12.1,12.49,12.1,12.4,10.12,216500
28/12/2006,12.43,12.84,12.4,12.66,10.33,291600
29/12/2006,12.64,12.75,12.51,12.64,10.32,209500
03/01/2007,12.78,12.95,12.5,12.68,10.35,441100
04/01/2007,12.62,12.92,12.46,12.78,10.43,290500
05/01/2007,12.3,12.74,12.3,12.37,10.1,268000
08/01/2007,12.37,12.74,12.3,12.52,10.22,222900
09/01/2007,12.6,12.6,12.44,12.52,10.22,145900
10/01/2007,12.45,12.52,11.96,12.08,9.86,146900
11/01/2007,12.08,12.54,12.02,12.33,10.07,236900
12/01/2007,12.33,12.57,12.2,12.35,10.08,135600
16/01/2007,12.43,12.45,12.11,12.16,9.93,228400
17/01/2007,12.11,12.2,12.06,12.15,9.92,150700
18/01/2007,12.12,12.12,11.9,12.03,9.82,200400
19/01/2007,12.01,12.34,11.95,12.32,10.06,220300
22/01/2007,12.27,12.32,12.0,12.1,9.88,210900
23/01/2007,12.06,12.48,11.95,12.41,10.13,135900
24/01/2007,12.39,12.59,12.31,12.53,10.23,122500
25/01/2007,12.56,12.6,12.15,12.29,10.03,172100
26/01/2007,12.28,12.45,11.98,12.33,10.07,170600
29/01/2007,12.32,12.6,12.18,12.45,10.16,209900
30/01/2007,12.45,12.56,12.26,12.36,10.09,96600
31/01/2007,12.32,12.43,12.03,12.25,10.0,194100
01/02/2007,12.3,12.4,12.2,12.39,10.11,133100
02/02/2007,12.44,13.1,12.4,12.99,10.6,346200
05/02/2007,12.93,12.93,12.55,12.75,10.41,217800
06/02/2007,12.81,12.84,12.65,12.8,10.45,101900
07/02/2007,12.82,12.92,12.78,12.9,10.53,157900
08/02/2007,12.9,12.9,12.7,12.87,10.51,99200
09/02/2007,12.85,13.07,12.75,12.76,10.42,196300
12/02/2007,12.8,12.92,12.7,12.76,10.42,91700
13/02/2007,12.83,13.23,12.83,13.16,10.74,196500
14/02/2007,13.13,13.44,13.12,13.27,10.83,146200
15/02/2007,13.3,13.46,13.14,13.33,10.88,186400
16/02/2007,13.33,13.49,12.98,13.43,10.96,191500
20/02/2007,13.36,13.5,13.02,13.5,11.02,159500
21/02/2007,13.41,13.6,13.3,13.46,10.99,216000
22/02/2007,13.94,14.0,13.4,13.99,11.42,349900
23/02/2007,13.99,13.99,13.75,13.91,11.36,279600
26/02/2007,13.95,13.95,13.73,13.78,11.25,306300
27/02/2007,13.45,13.7,13.2,13.32,10.87,402200
28/02/2007,13.32,13.64,12.99,13.61,11.11,286000
01/03/2007,12.61,13.2,11.8,13.13,10.72,695100
02/03/2007,12.93,12.98,12.55,12.9,10.53,560900
05/03/2007,12.7,12.96,12.4,12.47,10.18,460400
06/03/2007,12.8,13.2,12.55,12.62,10.3,323700
07/03/2007,12.62,13.11,12.48,13.03,10.67,353600
08/03/2007,13.18,13.42,12.79,13.09,10.72,293700
09/03/2007,13.19,13.25,12.91,13.03,10.67,344000
12/03/2007,13.09,13.2,12.91,12.95,10.6,184400
13/03/2007,12.85,12.98,12.54,12.69,10.39,241600
14/03/2007,12.65,12.97,12.5,12.9,10.56,180800
15/03/2007,12.85,13.22,12.71,13.08,10.71,126400
16/03/2007,13.09,13.09,12.74,12.79,10.47,317400
19/03/2007,12.69,12.69,12.0,12.1,9.91,687500
20/03/2007,12.06,12.25,12.0,12.15,9.95,267900
21/03/2007,12.15,12.42,12.05,12.34,10.1,320200
22/03/2007,12.43,12.45,12.29,12.34,10.1,337000
23/03/2007,12.38,12.5,12.23,12.35,10.11,256200
26/03/2007,12.35,12.41,12.16,12.3,10.07,616200
27/03/2007,12.28,12.28,11.91,11.99,9.82,402400
28/03/2007,11.95,12.09,11.85,11.94,9.77,469700
29/03/2007,12.0,12.0,11.73,11.86,9.71,232600
30/03/2007,11.85,12.1,11.85,11.98,9.81,312500
02/04/2007,11.98,12.19,11.92,12.11,9.91,209400
03/04/2007,12.12,12.32,12.01,12.13,9.93,193300
04/04/2007,12.06,12.12,12.01,12.06,9.87,267500
05/04/2007,12.0,12.2,11.97,12.14,9.94,107500
09/04/2007,12.13,12.14,11.95,12.02,9.84,404100
10/04/2007,12.04,12.15,11.9,11.92,9.76,317900
11/04/2007,11.9,12.01,11.75,11.86,9.71,743300
12/04/2007,11.8,11.99,11.75,11.78,9.64,377000
13/04/2007,11.78,12.05,11.75,12.02,9.84,336400
16/04/2007,12.1,12.25,12.02,12.19,9.98,182600
17/04/2007,12.21,12.36,12.15,12.35,10.11,309600
18/04/2007,12.29,12.44,12.25,12.36,10.12,252000
19/04/2007,12.26,12.46,12.2,12.42,10.17,312100
20/04/2007,12.55,12.6,12.43,12.51,10.24,230500
23/04/2007,12.45,12.63,12.45,12.48,10.22,150400
24/04/2007,12.5,12.57,12.29,12.37,10.13,177600
25/04/2007,12.44,12.55,12.35,12.52,10.25,188800
26/04/2007,12.5,12.72,12.41,12.69,10.39,135600
27/04/2007,12.7,12.72,12.45,12.52,10.25,192100
30/04/2007,12.51,12.62,12.38,12.49,10.22,319300
01/05/2007,12.46,12.63,12.4,12.51,10.24,354900
02/05/2007,12.9,13.28,12.71,12.89,10.55,804200
03/05/2007,12.9,13.18,12.6,12.9,10.56,877700
04/05/2007,12.91,13.42,12.88,13.22,10.82,403600
07/05/2007,13.32,13.32,13.17,13.31,10.9,243800
08/05/2007,13.23,13.32,13.11,13.31,10.9,362900
09/05/2007,13.3,13.48,13.25,13.35,10.93,280700
10/05/2007,13.3,13.33,13.01,13.07,10.7,317600
11/05/2007,13.1,13.74,13.1,13.74,11.25,525800
14/05/2007,13.74,13.75,13.63,13.66,11.18,358900
15/05/2007,13.61,13.81,13.58,13.6,11.13,560200
16/05/2007,13.6,13.79,13.55,13.79,11.29,531000
17/05/2007,13.71,13.78,13.45,13.51,11.06,210800
18/05/2007,13.51,13.74,13.45,13.64,11.17,234600
21/05/2007,13.61,14.07,13.61,13.94,11.41,209800
22/05/2007,13.9,13.93,13.66,13.83,11.32,156800
23/05/2007,13.84,13.98,13.78,13.91,11.39,168700
24/05/2007,13.86,13.99,13.67,13.76,11.26,237500
25/05/2007,13.79,13.84,13.73,13.78,11.28,282000
29/05/2007,13.8,13.95,13.76,13.83,11.35,193800
30/05/2007,13.73,14.07,13.66,14.04,11.52,250300
31/05/2007,14.04,14.25,14.0,14.0,11.49,548700
01/06/2007,14.1,14.21,13.93,13.94,11.44,423100
04/06/2007,13.82,14.01,13.82,13.98,11.47,338000
05/06/2007,13.94,14.02,13.78,13.87,11.38,172400
06/06/2007,13.74,13.75,13.58,13.63,11.19,393800
07/06/2007,14.47,14.47,13.44,13.45,11.04,360400
08/06/2007,13.5,14.02,13.44,13.87,11.38,266800
11/06/2007,13.82,13.92,13.63,13.92,11.42,228000
12/06/2007,13.82,13.82,13.62,13.69,11.24,312100
13/06/2007,13.7,14.08,13.66,14.06,11.54,110600
14/06/2007,14.06,14.27,14.0,14.03,11.51,111600
15/06/2007,14.5,14.54,14.01,14.11,11.58,270000
18/06/2007,14.11,14.19,13.89,14.09,11.56,142900
19/06/2007,13.99,13.99,13.63,13.87,11.38,239900
20/06/2007,13.86,13.86,13.61,13.73,11.27,225800
21/06/2007,13.66,13.88,13.43,13.84,11.36,262500
22/06/2007,13.84,13.89,13.7,13.88,11.39,321600
25/06/2007,13.88,13.98,13.62,13.75,11.28,297800
26/06/2007,13.77,13.85,13.63,13.69,11.24,197700
27/06/2007,13.59,13.94,13.5,13.91,11.42,165200
28/06/2007,13.94,14.4,13.94,14.25,11.69,144100
29/06/2007,14.32,14.43,14.17,14.18,11.64,264200
02/07/2007,14.28,14.3,14.13,14.25,11.69,118800
03/07/2007,14.25,14.34,14.1,14.1,11.57,84300
05/07/2007,14.06,14.14,13.94,14.11,11.58,93500
06/07/2007,14.08,14.27,14.01,14.14,11.6,79900
09/07/2007,14.13,14.15,13.92,14.08,11.56,130900
10/07/2007,13.94,14.27,13.94,14.15,11.61,238200
11/07/2007,14.11,14.13,13.85,14.1,11.57,105000
12/07/2007,14.21,14.51,14.14,14.51,11.91,107000
13/07/2007,14.47,14.47,14.22,14.38,11.8,114700
16/07/2007,14.32,14.76,14.32,14.59,11.97,170200
17/07/2007,14.56,14.7,14.4,14.56,11.95,204600
18/07/2007,14.52,14.54,14.14,14.47,11.88,229500
19/07/2007,14.61,14.73,14.44,14.44,11.85,105400
20/07/2007,14.41,14.41,13.82,14.03,11.51,229400
23/07/2007,14.03,14.39,13.8,13.99,11.48,186900
24/07/2007,13.75,13.84,13.49,13.65,11.2,247200
25/07/2007,13.7,13.75,13.21,13.48,11.06,310200
26/07/2007,13.19,13.53,12.82,13.24,10.87,315400
27/07/2007,13.15,13.3,12.7,12.91,10.6,299800
30/07/2007,13.8,13.8,12.6,13.08,10.73,265100
31/07/2007,13.21,13.36,12.92,12.94,10.62,244600
01/08/2007,12.83,13.2,12.51,12.96,10.64,211200
02/08/2007,13.11,18.3,12.14,14.8,12.15,1049900
03/08/2007,14.75,14.95,14.0,14.22,11.67,475800
06/08/2007,14.21,15.14,13.86,15.02,12.33,747500
07/08/2007,14.87,15.0,14.01,14.45,11.86,357600
08/08/2007,14.61,15.04,13.61,14.57,11.96,669700
09/08/2007,14.28,14.65,13.78,14.13,11.6,633900
10/08/2007,14.18,15.06,13.9,14.85,12.19,481500
13/08/2007,15.1,15.1,14.37,14.72,12.08,290400
14/08/2007,14.64,14.74,14.26,14.32,11.75,186200
15/08/2007,14.21,15.0,14.01,14.12,11.59,229800
16/08/2007,14.0,14.93,13.81,14.3,11.74,572100
17/08/2007,14.3,14.99,14.11,14.57,11.96,395600
20/08/2007,14.75,14.88,14.38,14.56,11.95,163100
21/08/2007,14.42,15.15,14.3,14.47,11.88,189500
22/08/2007,14.67,15.09,14.59,15.03,12.34,166400
23/08/2007,15.0,15.04,14.6,14.6,11.98,127900
24/08/2007,14.64,15.37,14.62,15.22,12.49,240400
27/08/2007,15.23,15.28,14.93,15.08,12.38,304800
28/08/2007,15.04,15.1,14.8,14.86,12.2,227800
29/08/2007,15.0,15.0,14.33,14.53,11.95,238500
30/08/2007,14.36,15.1,14.36,14.73,12.12,142600
31/08/2007,14.93,14.93,14.5,14.55,11.97,121600
04/09/2007,14.59,15.3,14.59,15.02,12.36,384800
05/09/2007,15.1,15.1,14.51,14.68,12.08,266600
06/09/2007,14.75,14.98,14.42,14.91,12.27,138700
07/09/2007,14.61,14.69,14.4,14.49,11.92,304800
10/09/2007,14.48,14.48,13.63,14.03,11.54,201000
11/09/2007,14.05,14.32,13.96,14.26,11.73,203900
12/09/2007,14.21,14.38,13.67,13.77,11.33,146800
13/09/2007,13.81,13.85,13.5,13.66,11.24,179000
14/09/2007,13.47,13.9,13.3,13.56,11.15,161900
17/09/2007,13.67,14.01,13.5,13.58,11.17,426800
18/09/2007,13.61,14.95,13.61,14.92,12.27,328200
19/09/2007,15.0,15.43,14.94,15.0,12.34,326500
20/09/2007,15.02,15.35,14.99,15.27,12.56,235400
21/09/2007,15.4,15.4,15.1,15.18,12.49,279500
24/09/2007,15.08,15.44,14.63,15.15,12.46,361000
25/09/2007,15.02,15.02,14.11,14.3,11.76,255200
26/09/2007,14.42,14.66,14.3,14.37,11.82,281600
27/09/2007,14.46,14.68,14.07,14.12,11.62,146800
28/09/2007,14.14,14.52,13.72,14.2,11.68,178800
01/10/2007,14.06,14.53,13.87,14.53,11.95,305700
02/10/2007,14.53,14.71,14.46,14.57,11.99,195800
03/10/2007,14.44,14.71,14.37,14.49,11.92,145600
04/10/2007,14.52,14.75,14.26,14.61,12.02,120100
05/10/2007,14.71,15.1,14.58,14.84,12.21,458100
08/10/2007,14.66,14.94,14.5,14.9,12.26,174100
09/10/2007,15.03,15.25,14.63,15.1,12.42,220600
10/10/2007,15.09,15.5,14.92,15.42,12.69,203400
11/10/2007,15.5,15.5,14.76,15.17,12.48,314100
12/10/2007,15.17,15.54,15.15,15.19,12.5,198100
15/10/2007,15.0,15.1,14.67,14.93,12.28,190700
16/10/2007,14.94,15.2,14.72,15.03,12.36,150900
17/10/2007,15.22,15.45,15.05,15.24,12.54,146300
18/10/2007,15.2,15.21,14.91,15.08,12.41,209600
19/10/2007,15.05,15.24,14.25,14.32,11.78,218000
22/10/2007,14.12,14.5,14.0,14.29,11.76,285300
23/10/2007,14.4,14.74,14.3,14.68,12.08,245900
24/10/2007,14.54,14.86,14.26,14.67,12.07,197000
25/10/2007,14.78,14.86,14.5,14.67,12.07,200800
26/10/2007,14.91,15.02,14.56,14.82,12.19,140200
29/10/2007,14.87,14.96,14.45,14.64,12.04,307400
30/10/2007,14.6,14.62,14.4,14.58,11.99,217300
31/10/2007,14.52,15.0,14.35,14.62,12.03,347400
01/11/2007,14.5,14.75,13.18,13.95,11.48,821600
02/11/2007,14.0,14.0,13.08,13.23,10.88,452100
05/11/2007,13.24,13.78,12.95,13.66,11.24,368200
06/11/2007,13.66,13.73,13.38,13.45,11.06,356700
07/11/2007,13.35,13.56,13.0,13.28,10.92,297800
08/11/2007,13.42,13.42,12.99,13.21,10.87,269500
09/11/2007,13.2,13.3,12.85,12.96,10.66,354800
12/11/2007,12.94,13.12,12.58,12.69,10.44,426000
13/11/2007,12.78,12.95,12.55,12.59,10.36,418500
14/11/2007,12.61,13.02,12.59,12.7,10.45,478900
15/11/2007,12.68,12.86,12.6,12.75,10.49,425300
16/11/2007,12.7,12.7,12.24,12.5,10.28,350300
19/11/2007,12.42,13.14,12.35,12.81,10.54,640100
20/11/2007,12.84,12.85,12.0,12.22,10.05,595500
21/11/2007,12.17,12.25,11.89,11.92,9.81,371500
23/11/2007,12.04,12.22,12.04,12.15,10.0,104800
26/11/2007,12.14,12.44,11.99,12.02,9.89,385900
27/11/2007,12.04,12.14,11.74,11.8,9.71,254500
28/11/2007,11.8,12.18,11.72,11.78,9.73,359100
29/11/2007,11.79,12.19,11.74,12.07,9.97,198100
30/11/2007,12.24,12.25,11.74,11.75,9.7,391000
03/12/2007,11.81,12.18,11.25,11.25,9.29,483400
04/12/2007,11.11,11.38,10.9,11.16,9.22,454100
05/12/2007,11.39,11.53,11.34,11.49,9.49,301300
06/12/2007,11.5,11.79,11.36,11.6,9.58,753600
07/12/2007,11.6,12.11,11.45,12.06,9.96,541100
10/12/2007,12.11,12.27,12.02,12.23,10.1,298700
11/12/2007,12.25,12.28,11.63,11.77,9.72,522700
12/12/2007,12.08,12.22,11.59,11.64,9.61,293800
13/12/2007,11.52,11.86,11.52,11.79,9.74,263900
14/12/2007,11.62,11.92,11.52,11.52,9.51,160800
17/12/2007,11.41,11.61,11.2,11.49,9.49,389000
18/12/2007,11.66,11.99,11.58,11.92,9.84,216500
19/12/2007,11.86,12.18,11.8,12.15,10.03,272700
20/12/2007,12.25,12.71,12.18,12.71,10.5,444100
21/12/2007,12.94,13.13,12.89,13.13,10.84,580600
24/12/2007,13.03,13.29,13.0,13.29,10.97,93900
26/12/2007,13.23,13.23,13.03,13.14,10.85,133600
27/12/2007,13.2,13.39,13.1,13.2,10.9,222700
28/12/2007,13.2,13.37,13.19,13.31,10.99,273100
31/12/2007,13.27,13.3,12.6,12.78,10.55,224400
02/01/2008,12.79,12.79,12.18,12.32,10.17,259500
03/01/2008,12.46,12.52,11.97,11.97,9.88,225300
04/01/2008,11.83,11.89,11.37,11.44,9.45,175400
07/01/2008,11.47,11.92,11.31,11.68,9.65,196400
08/01/2008,11.72,12.0,11.01,11.09,9.16,283700
09/01/2008,11.0,11.38,10.82,11.38,9.4,202400
10/01/2008,11.25,11.64,11.12,11.46,9.46,183000
11/01/2008,11.35,11.5,11.07,11.08,9.15,192500
14/01/2008,11.18,11.52,11.13,11.45,9.46,107900
15/01/2008,11.31,11.32,10.74,11.16,9.22,182100
16/01/2008,11.18,11.36,10.5,10.61,8.76,429100
17/01/2008,10.6,10.74,10.04,10.12,8.36,241900
18/01/2008,10.15,10.27,9.53,9.78,8.08,303400
22/01/2008,9.38,10.28,9.34,10.19,8.41,413900
23/01/2008,9.93,10.75,9.52,10.68,8.82,356200
24/01/2008,10.73,10.96,10.43,10.81,8.93,232600
25/01/2008,10.96,11.12,10.7,11.1,9.17,300200
28/01/2008,11.09,11.61,10.79,11.5,9.5,330500
29/01/2008,11.55,11.85,11.27,11.55,9.54,190700
30/01/2008,11.44,12.27,11.41,11.62,9.6,271900
31/01/2008,11.38,12.29,11.25,12.27,10.13,306500
01/02/2008,12.3,12.3,11.42,11.79,9.74,322200
04/02/2008,11.79,12.24,11.55,12.11,10.0,279000
05/02/2008,11.85,12.1,11.41,11.46,9.46,253500
06/02/2008,11.57,11.73,11.13,11.26,9.3,197300
07/02/2008,11.24,11.69,11.06,11.68,9.65,265400
08/02/2008,11.64,11.64,10.69,11.0,9.08,247500
11/02/2008,11.06,11.39,10.86,11.09,9.16,132600
12/02/2008,11.13,11.31,10.89,11.04,9.12,125300
13/02/2008,11.21,11.71,11.21,11.62,9.6,168500
14/02/2008,11.67,11.67,11.04,11.11,9.17,99100
15/02/2008,11.04,11.11,10.78,11.07,9.14,150900
19/02/2008,11.24,11.44,11.13,11.2,9.25,101100
20/02/2008,11.11,11.35,10.98,11.21,9.26,162200
21/02/2008,11.37,11.69,10.96,11.0,9.08,135000
22/02/2008,10.99,11.1,10.67,11.03,9.11,131600
25/02/2008,11.01,11.49,10.85,11.38,9.4,119700
26/02/2008,11.32,12.06,11.3,11.93,9.85,239200
27/02/2008,11.83,12.22,11.15,11.15,9.21,464600
28/02/2008,11.69,11.78,11.36,11.61,9.59,702700
29/02/2008,11.52,12.43,11.43,11.9,9.83,401100
03/03/2008,11.95,12.9,11.8,12.88,10.64,617700
04/03/2008,12.76,13.34,12.46,12.47,10.3,511500
05/03/2008,12.7,12.96,12.51,12.68,10.47,610200
06/03/2008,12.65,13.0,12.46,12.49,10.35,205400
07/03/2008,12.89,12.93,12.0,12.65,10.48,238900
10/03/2008,12.75,12.97,12.1,12.15,10.07,242500
11/03/2008,12.53,12.81,11.98,12.6,10.44,420700
12/03/2008,12.66,13.3,12.41,13.12,10.87,521100
13/03/2008,12.94,13.25,12.76,13.1,10.86,279200
14/03/2008,13.24,13.24,12.45,12.66,10.49,154600
17/03/2008,12.29,12.4,12.01,12.01,9.95,269900
18/03/2008,12.36,12.46,11.96,12.45,10.32,407500
19/03/2008,12.54,13.05,12.1,12.15,10.07,257800
20/03/2008,12.7,13.05,11.85,12.93,10.72,630300
24/03/2008,13.12,13.2,12.88,13.04,10.81,700800
25/03/2008,13.05,13.09,12.87,13.05,10.81,375400
26/03/2008,13.04,13.27,12.99,13.15,10.9,443100
27/03/2008,13.12,13.41,12.98,13.2,10.94,401100
28/03/2008,13.19,13.34,12.99,13.08,10.84,523500
31/03/2008,13.1,13.48,12.89,13.01,10.78,429400
01/04/2008,13.05,13.69,12.96,13.69,11.35,530000
02/04/2008,13.6,14.0,13.45,13.72,11.37,370400
03/04/2008,13.62,13.77,13.3,13.75,11.39,228300
04/04/2008,13.65,13.77,13.39,13.48,11.17,319200
07/04/2008,13.56,13.74,13.46,13.49,11.18,300800
08/04/2008,13.33,13.68,13.19,13.59,11.26,258200
09/04/2008,13.65,13.82,13.41,13.53,11.21,303500
10/04/2008,13.37,13.81,13.37,13.62,11.29,282300
11/04/2008,13.43,13.43,12.99,13.03,10.8,190500
14/04/2008,13.0,13.22,12.91,12.99,10.77,193400
15/04/2008,13.06,13.38,12.95,13.38,11.09,361000
16/04/2008,13.54,13.84,13.39,13.81,11.44,417500
17/04/2008,13.8,13.88,13.58,13.65,11.31,240400
18/04/2008,13.88,14.07,13.67,14.07,11.66,275300
21/04/2008,13.98,14.04,13.52,13.83,11.46,168700
22/04/2008,13.73,13.83,12.74,13.06,10.82,410000
23/04/2008,13.13,13.43,12.99,13.23,10.96,151500
24/04/2008,13.28,13.88,13.02,13.6,11.27,301900
25/04/2008,13.68,13.73,13.56,13.66,11.32,370200
28/04/2008,13.67,14.24,13.67,14.09,11.68,262300
29/04/2008,14.15,14.17,13.8,13.89,11.51,178300
30/04/2008,13.87,13.95,13.46,13.6,11.27,346400
01/05/2008,13.47,13.85,13.47,13.75,11.39,339200
02/05/2008,14.62,14.62,13.19,13.45,11.15,589900
05/05/2008,13.55,13.64,12.97,13.19,10.93,376100
06/05/2008,13.18,13.91,13.02,13.74,11.39,452400
07/05/2008,13.78,14.09,13.4,13.48,11.17,522800
08/05/2008,13.51,13.78,13.39,13.73,11.38,377300
09/05/2008,13.63,13.88,13.6,13.75,11.39,332000
12/05/2008,13.8,13.95,13.71,13.75,11.39,299400
13/05/2008,13.81,14.03,13.68,13.85,11.48,263800
14/05/2008,13.84,13.88,13.57,13.63,11.3,311800
15/05/2008,13.59,13.97,13.51,13.94,11.55,241500
16/05/2008,13.94,14.11,13.6,13.97,11.58,370900
19/05/2008,13.99,14.07,13.43,13.44,11.14,308700
20/05/2008,13.51,13.85,13.51,13.7,11.35,376600
21/05/2008,13.81,14.03,13.6,13.7,11.35,397900
22/05/2008,13.77,14.01,13.65,13.78,11.42,320600
23/05/2008,13.6,13.73,13.16,13.46,11.15,325000
27/05/2008,13.54,13.58,13.24,13.45,11.15,261900
28/05/2008,13.52,13.64,13.36,13.5,11.23,186300
29/05/2008,13.49,13.54,13.27,13.33,11.08,234300
30/05/2008,13.33,13.54,13.27,13.4,11.14,299500
02/06/2008,13.25,13.59,13.0,13.03,10.83,209900
03/06/2008,13.12,13.4,13.03,13.29,11.05,223300
04/06/2008,13.26,13.67,13.11,13.55,11.27,311000
05/06/2008,13.57,14.13,13.55,14.0,11.64,318600
06/06/2008,13.93,14.04,13.61,13.75,11.43,308900
09/06/2008,13.71,14.03,13.49,13.56,11.28,342100
10/06/2008,13.49,13.7,13.35,13.54,11.26,314800
11/06/2008,13.5,13.67,13.41,13.41,11.15,289000
12/06/2008,13.64,13.67,13.42,13.53,11.25,300500
13/06/2008,13.65,13.93,13.44,13.55,11.27,499200
16/06/2008,13.45,13.77,13.39,13.54,11.26,510200
17/06/2008,13.49,13.59,13.43,13.49,11.22,376800
18/06/2008,13.41,13.48,12.94,13.22,10.99,667900
19/06/2008,13.22,13.38,13.08,13.25,11.02,207200
20/06/2008,13.25,13.56,12.46,13.03,10.83,616700
23/06/2008,13.06,13.19,13.02,13.05,10.85,328000
24/06/2008,13.0,13.06,12.74,12.86,10.69,230000
25/06/2008,12.86,13.18,12.85,13.1,10.89,575400
26/06/2008,12.91,13.51,12.91,13.19,10.97,630000
27/06/2008,13.19,13.48,13.08,13.34,11.09,594200
30/06/2008,13.38,13.6,13.34,13.44,11.18,376200
01/07/2008,13.35,13.5,12.89,13.14,10.93,552100
02/07/2008,13.17,13.17,12.77,12.82,10.66,410800
03/07/2008,12.84,12.87,12.24,12.58,10.46,224900
07/07/2008,12.57,12.83,12.28,12.53,10.42,255900
08/07/2008,12.57,12.97,12.48,12.8,10.64,369700
09/07/2008,12.83,12.99,12.51,12.54,10.43,375500
10/07/2008,12.5,13.05,12.35,12.5,10.39,776900
11/07/2008,12.4,12.43,11.69,12.07,10.04,794200
14/07/2008,12.1,12.79,12.1,12.42,10.33,749300
15/07/2008,12.24,12.69,11.95,12.39,10.3,588200
16/07/2008,12.52,12.76,12.35,12.54,10.43,352800
17/07/2008,12.62,12.77,12.2,12.4,10.31,395100
18/07/2008,12.39,12.66,12.28,12.48,10.38,220800
21/07/2008,12.55,12.62,12.36,12.51,10.4,162000
22/07/2008,12.52,12.85,12.44,12.82,10.66,239200
23/07/2008,12.81,13.05,12.72,12.82,10.66,149400
24/07/2008,12.88,13.06,12.5,12.92,10.74,414100
25/07/2008,13.06,13.37,12.91,13.01,10.82,318800
28/07/2008,13.0,13.05,12.72,12.98,10.79,305900
29/07/2008,13.12,13.5,12.96,13.47,11.2,424900
30/07/2008,13.5,13.82,13.32,13.51,11.23,246600
31/07/2008,13.34,13.63,13.17,13.26,11.03,288800
01/08/2008,13.5,14.61,13.32,14.04,11.67,846100
04/08/2008,13.45,13.45,12.52,13.2,10.98,624600
05/08/2008,13.39,13.9,13.37,13.56,11.28,488000
06/08/2008,13.63,13.75,12.69,13.63,11.33,307600
07/08/2008,13.53,13.53,13.0,13.04,10.84,322000
08/08/2008,13.11,13.94,13.04,13.9,11.56,283000
11/08/2008,13.99,14.26,13.71,14.25,11.85,286600
12/08/2008,14.23,14.24,13.85,14.23,11.83,276300
13/08/2008,14.25,14.31,13.75,14.05,11.68,253200
14/08/2008,13.79,14.35,13.79,14.14,11.76,205700
15/08/2008,14.32,14.32,13.03,13.29,11.05,397800
18/08/2008,13.37,13.71,13.29,13.41,11.15,174900
19/08/2008,13.6,14.05,13.38,13.82,11.49,289300
20/08/2008,13.91,14.4,13.65,14.18,11.79,338100
21/08/2008,14.22,14.55,13.9,14.42,11.99,354400
22/08/2008,14.47,14.88,14.44,14.56,12.11,388100
25/08/2008,14.67,14.7,14.19,14.26,11.86,372900
26/08/2008,14.28,14.62,14.18,14.52,12.07,215400
27/08/2008,14.49,15.34,14.34,14.99,12.5,486600
28/08/2008,15.07,15.37,15.0,15.25,12.72,315100
29/08/2008,15.29,15.5,15.21,15.24,12.71,239600
02/09/2008,15.16,15.82,14.98,15.48,12.91,617800
03/09/2008,15.65,15.65,14.57,14.85,12.39,953600
04/09/2008,14.63,14.85,14.31,14.74,12.29,402000
05/09/2008,14.7,14.9,14.25,14.7,12.26,354300
08/09/2008,15.11,15.14,14.76,15.13,12.62,427400
09/09/2008,15.08,15.1,14.43,14.5,12.09,307300
10/09/2008,14.47,14.96,14.21,14.74,12.29,350700
11/09/2008,14.6,14.99,14.36,14.9,12.43,258900
12/09/2008,14.75,15.0,14.6,14.85,12.39,230700
15/09/2008,14.76,14.99,14.39,14.51,12.1,296300
16/09/2008,14.05,14.66,13.5,14.63,12.2,415100
17/09/2008,14.61,15.39,13.87,13.87,11.57,915700
18/09/2008,14.19,14.42,12.78,14.04,11.71,773700
19/09/2008,15.48,15.48,14.59,15.01,12.52,1050200
22/09/2008,15.01,15.41,14.66,14.71,12.27,326300
23/09/2008,14.48,14.68,14.35,14.56,12.14,494400
24/09/2008,14.6,14.69,13.79,14.03,11.7,409900
25/09/2008,13.75,14.45,13.75,14.13,11.79,213900
26/09/2008,13.89,14.11,13.69,14.04,11.71,245500
29/09/2008,13.8,13.8,13.0,13.47,11.24,443800
30/09/2008,13.56,13.56,12.89,13.36,11.14,350900
01/10/2008,13.35,13.35,12.75,12.95,10.8,272900
02/10/2008,12.95,12.95,12.44,12.44,10.38,380500
03/10/2008,12.61,12.75,11.77,11.85,9.88,378800
06/10/2008,11.61,11.87,11.2,11.68,9.74,564500
07/10/2008,11.9,11.99,11.42,11.49,9.58,555600
08/10/2008,11.4,11.65,10.83,11.24,9.38,944500
09/10/2008,11.14,11.65,10.56,10.63,8.87,515400
10/10/2008,10.25,11.36,10.06,10.99,9.17,1082600
13/10/2008,11.45,11.71,11.07,11.69,9.75,213100
14/10/2008,11.75,11.86,11.09,11.36,9.48,250100
15/10/2008,11.35,11.76,10.62,10.63,8.87,219700
16/10/2008,10.62,11.46,10.39,11.35,9.47,598000
17/10/2008,10.99,11.61,10.79,10.93,9.12,434900
20/10/2008,11.21,11.27,10.76,11.24,9.38,217200
21/10/2008,11.1,11.44,10.95,11.14,9.29,220200
22/10/2008,11.05,11.26,10.6,10.84,9.04,309500
23/10/2008,10.94,10.97,9.75,10.06,8.39,451800
24/10/2008,9.43,9.98,9.24,9.62,8.02,453100
27/10/2008,9.51,9.62,8.84,8.84,7.37,366200
28/10/2008,8.97,9.28,8.48,9.19,7.67,401800
29/10/2008,9.28,9.37,9.03,9.06,7.56,324400
30/10/2008,9.13,9.14,8.21,8.39,7.0,686100
31/10/2008,8.2,9.35,7.16,9.33,7.78,1776400
03/11/2008,9.24,9.47,8.65,8.82,7.36,564900
04/11/2008,8.92,9.18,8.75,8.97,7.48,406600
05/11/2008,8.78,8.94,8.4,8.44,7.04,446100
06/11/2008,8.26,8.75,8.26,8.49,7.08,264800
07/11/2008,8.52,8.6,8.11,8.35,6.96,553600
10/11/2008,8.34,8.6,8.3,8.4,7.01,349300
11/11/2008,8.34,8.48,8.12,8.23,6.86,466000
12/11/2008,8.08,8.26,7.74,7.75,6.46,357100
13/11/2008,7.77,7.85,7.12,7.8,6.51,578400
14/11/2008,7.7,7.82,7.1,7.1,5.92,460200
17/11/2008,7.22,7.73,6.94,7.47,6.23,325900
18/11/2008,7.52,7.78,7.24,7.59,6.33,335000
19/11/2008,7.57,7.69,6.92,6.93,5.78,269100
20/11/2008,6.78,7.1,6.54,6.65,5.55,606400
21/11/2008,6.73,7.26,6.17,7.19,6.0,727100
24/11/2008,7.2,7.95,7.04,7.59,6.33,714400
25/11/2008,7.67,7.75,7.37,7.56,6.34,387100
26/11/2008,7.37,8.43,7.3,8.41,7.06,253600
28/11/2008,8.29,8.44,8.16,8.35,7.01,138300
01/12/2008,8.09,8.33,7.09,7.12,5.97,433700
02/12/2008,7.07,7.85,6.97,7.81,6.55,316900
03/12/2008,7.63,8.57,7.58,8.44,7.08,428700
04/12/2008,8.32,8.81,8.05,8.28,6.95,351600
05/12/2008,8.2,8.84,8.12,8.84,7.42,315500
08/12/2008,9.08,9.89,8.98,9.69,8.13,531100
09/12/2008,9.8,10.08,9.21,9.28,7.79,570300
10/12/2008,9.33,9.77,9.19,9.62,8.07,336500
11/12/2008,9.58,9.77,9.07,9.23,7.74,394100
12/12/2008,9.01,9.87,8.89,9.76,8.19,357700
15/12/2008,9.96,10.09,9.52,9.77,8.2,363600
16/12/2008,9.9,10.39,9.6,10.35,8.68,421700
17/12/2008,10.25,10.25,9.67,9.85,8.26,484300
18/12/2008,9.83,10.04,9.55,9.87,8.28,264100
19/12/2008,10.19,10.54,9.93,10.4,8.73,608900
22/12/2008,10.36,10.39,9.43,9.84,8.26,258100
23/12/2008,9.93,10.31,9.68,9.77,8.2,162200
24/12/2008,9.74,9.87,9.53,9.53,8.0,169000
26/12/2008,9.59,10.02,9.51,10.0,8.39,147900
29/12/2008,9.96,9.96,9.09,9.39,7.88,254700
30/12/2008,9.52,10.26,9.37,10.25,8.6,412200
31/12/2008,10.31,10.75,10.21,10.66,8.94,340500
02/01/2009,10.68,11.08,10.45,11.02,9.25,173800
05/01/2009,11.08,11.27,10.77,10.97,9.2,299800
06/01/2009,11.04,11.55,10.7,11.44,9.6,330700
07/01/2009,11.11,11.26,10.67,10.84,9.1,282400
08/01/2009,10.78,11.47,10.67,11.41,9.57,269500
09/01/2009,11.38,11.38,10.55,10.62,8.91,223400
12/01/2009,10.57,10.57,10.07,10.27,8.62,251800
13/01/2009,10.02,10.62,10.0,10.5,8.81,167300
14/01/2009,10.34,10.56,10.0,10.24,8.59,348500
15/01/2009,10.15,10.65,9.76,10.42,8.74,330000
16/01/2009,10.5,10.61,10.0,10.54,8.84,235200
20/01/2009,10.37,10.42,9.98,10.1,8.47,296500
21/01/2009,10.11,10.49,9.72,10.42,8.74,462500
22/01/2009,10.16,10.42,9.93,10.2,8.56,301200
23/01/2009,10.1,10.37,9.76,10.11,8.48,164000
26/01/2009,10.12,10.58,9.93,10.26,8.61,147100
27/01/2009,10.25,10.64,10.16,10.48,8.79,169200
28/01/2009,10.68,11.07,10.51,10.88,9.13,208600
29/01/2009,10.8,10.83,10.38,10.55,8.85,207300
30/01/2009,10.68,10.68,9.99,10.23,8.58,313100
02/02/2009,10.12,10.72,10.01,10.67,8.95,221100
03/02/2009,10.79,10.92,10.45,10.72,8.99,285100
04/02/2009,10.72,11.05,10.45,10.69,8.97,315200
05/02/2009,10.65,10.94,10.4,10.59,8.89,339500
06/02/2009,10.53,11.01,10.5,10.93,9.17,244000
09/02/2009,10.98,11.18,10.65,11.07,9.29,306800
10/02/2009,11.06,11.38,10.73,10.9,9.15,350600
11/02/2009,10.92,11.09,10.76,10.95,9.19,160100
12/02/2009,10.77,11.05,10.47,10.98,9.21,157900
13/02/2009,11.04,11.25,10.75,11.0,9.23,205200
17/02/2009,10.55,10.79,10.25,10.34,8.68,313800
18/02/2009,10.46,10.54,9.65,9.73,8.16,340700
19/02/2009,9.76,10.2,9.76,9.82,8.24,228900
20/02/2009,9.53,10.0,9.23,9.39,7.88,354800
23/02/2009,9.5,9.57,8.99,9.02,7.57,260500
24/02/2009,9.17,9.62,9.17,9.48,7.95,442900
25/02/2009,9.41,9.41,8.73,8.92,7.48,307500
26/02/2009,9.11,9.12,8.5,8.53,7.16,569900
27/02/2009,8.9,10.06,8.88,9.52,7.99,827900
02/03/2009,9.4,9.8,9.12,9.16,7.69,590000
03/03/2009,9.27,9.49,8.94,9.06,7.6,462700
04/03/2009,9.19,9.47,9.1,9.35,7.85,251100
05/03/2009,9.16,9.48,8.96,9.02,7.57,204800
06/03/2009,9.17,9.32,8.91,9.14,7.71,213900
09/03/2009,9.0,9.09,8.04,8.2,6.91,420900
10/03/2009,8.42,8.64,8.27,8.49,7.16,348800
11/03/2009,8.57,9.29,8.56,9.07,7.65,317700
12/03/2009,9.0,9.42,8.9,9.33,7.87,273400
13/03/2009,9.35,9.74,9.31,9.73,8.21,209900
16/03/2009,9.83,9.94,9.58,9.77,8.24,308200
17/03/2009,9.79,10.0,9.53,9.95,8.39,210100
18/03/2009,9.94,10.49,9.72,10.32,8.7,308900
19/03/2009,10.4,10.52,10.13,10.26,8.65,188100
20/03/2009,10.23,10.35,9.95,10.01,8.44,225900
23/03/2009,10.26,10.42,9.92,10.41,8.78,250300
24/03/2009,10.23,10.55,10.19,10.3,8.69,300900
25/03/2009,10.41,10.77,9.93,10.52,8.87,262400
26/03/2009,10.56,11.27,10.51,11.0,9.28,295100
27/03/2009,10.83,11.0,10.71,10.9,9.19,221000
30/03/2009,10.65,10.65,10.0,10.4,8.77,282400
31/03/2009,10.56,10.59,10.1,10.37,8.74,265300
01/04/2009,10.44,10.74,10.25,10.56,8.9,334900
02/04/2009,10.83,11.32,10.62,11.05,9.32,358100
03/04/2009,11.0,11.47,10.95,11.47,9.67,253200
06/04/2009,11.38,11.38,10.69,10.89,9.18,179800
07/04/2009,10.79,11.0,10.4,10.61,8.95,263400
08/04/2009,10.66,11.04,10.45,10.77,9.08,139500
09/04/2009,11.0,11.31,10.84,11.03,9.3,261700
13/04/2009,10.87,11.05,10.48,10.82,9.12,189700
14/04/2009,10.6,10.69,9.8,10.19,8.59,315300
15/04/2009,10.15,10.6,10.01,10.48,8.84,149200
16/04/2009,10.6,10.79,10.32,10.73,9.05,308400
17/04/2009,10.74,10.82,10.63,10.77,9.08,188300
20/04/2009,10.52,10.57,10.01,10.24,8.64,177600
21/04/2009,10.28,10.84,10.12,10.82,9.12,219900
22/04/2009,10.64,11.24,10.62,10.81,9.12,303800
23/04/2009,10.85,10.85,10.28,10.74,9.06,255200
24/04/2009,10.81,10.93,10.42,10.7,9.02,236000
27/04/2009,10.52,10.69,10.13,10.3,8.69,282400
28/04/2009,10.28,11.09,10.14,10.79,9.1,201000
29/04/2009,10.91,11.6,10.88,11.34,9.56,264400
30/04/2009,11.38,11.44,10.78,10.79,9.1,273800
01/05/2009,10.79,10.85,9.52,9.78,8.25,651800
04/05/2009,9.73,9.96,9.52,9.71,8.19,580400
05/05/2009,9.7,10.15,9.56,9.99,8.42,461300
06/05/2009,10.13,10.25,9.83,10.15,8.56,328300
07/05/2009,10.11,10.18,9.8,10.05,8.47,343900
08/05/2009,10.13,10.59,10.11,10.54,8.89,418400
11/05/2009,10.36,10.36,9.63,9.73,8.21,289200
12/05/2009,9.74,9.81,9.29,9.31,7.85,367800
13/05/2009,9.19,9.3,8.68,8.98,7.57,341000
14/05/2009,9.05,9.29,8.8,9.11,7.68,328400
15/05/2009,9.05,9.22,8.91,8.95,7.55,253200
18/05/2009,9.05,9.5,8.89,9.46,7.98,248800
19/05/2009,9.38,9.57,9.16,9.21,7.77,262500
20/05/2009,9.3,9.54,9.14,9.23,7.78,310000
21/05/2009,9.14,9.19,9.0,9.1,7.67,446200
22/05/2009,9.2,9.4,8.9,8.93,7.53,393000
26/05/2009,8.89,9.4,8.86,9.06,7.64,685300
27/05/2009,9.05,9.25,8.82,8.89,7.53,600700
28/05/2009,8.86,9.13,8.62,9.08,7.7,253000
29/05/2009,9.08,9.41,9.08,9.33,7.91,393100
01/06/2009,9.63,9.83,9.5,9.72,8.24,375000
02/06/2009,9.72,10.19,9.7,10.13,8.59,437200
03/06/2009,10.07,10.13,9.92,10.08,8.54,281900
04/06/2009,10.11,10.25,9.96,10.11,8.57,284100
05/06/2009,10.12,10.16,9.94,10.0,8.47,175900
08/06/2009,9.88,10.28,9.76,10.03,8.5,388700
09/06/2009,10.11,10.31,10.03,10.15,8.6,183400
10/06/2009,10.2,10.36,10.05,10.33,8.75,221500
11/06/2009,10.31,10.64,10.21,10.39,8.81,275400
12/06/2009,10.46,10.57,10.13,10.5,8.9,290300
15/06/2009,10.24,10.39,10.02,10.08,8.54,240300
16/06/2009,10.19,10.31,10.03,10.16,8.61,245900
17/06/2009,10.08,10.4,9.98,10.23,8.67,195500
18/06/2009,10.16,10.34,10.0,10.23,8.67,386900
19/06/2009,10.29,10.38,9.95,10.02,8.49,570300
22/06/2009,9.92,9.94,9.73,9.75,8.26,402900
23/06/2009,9.76,9.89,9.61,9.74,8.25,420800
24/06/2009,9.7,10.03,9.7,9.94,8.42,585300
25/06/2009,9.9,10.42,9.71,10.42,8.83,555300
26/06/2009,10.48,10.48,10.07,10.22,8.66,489000
29/06/2009,10.39,10.43,10.12,10.25,8.69,293800
30/06/2009,10.23,10.36,10.2,10.25,8.69,316600
01/07/2009,10.35,10.55,10.22,10.37,8.79,157300
02/07/2009,10.04,10.29,10.03,10.29,8.72,248700
06/07/2009,10.2,10.3,9.9,10.01,8.48,247500
07/07/2009,10.04,10.04,9.74,9.77,8.28,286700
08/07/2009,9.84,10.04,9.59,9.75,8.26,282400
09/07/2009,9.79,9.94,9.58,9.73,8.25,174200
10/07/2009,9.65,9.82,9.57,9.76,8.27,168300
13/07/2009,9.77,9.84,9.45,9.81,8.31,177400
14/07/2009,9.78,10.07,9.72,10.02,8.49,207900
15/07/2009,10.13,10.87,10.13,10.78,9.14,275000
16/07/2009,10.76,10.79,10.45,10.57,8.96,192300
17/07/2009,10.59,10.85,10.52,10.75,9.11,187000
20/07/2009,10.77,10.96,10.67,10.78,9.14,110800
21/07/2009,10.87,10.95,10.69,10.87,9.21,85700
22/07/2009,10.81,11.05,10.74,10.91,9.25,91900
23/07/2009,10.85,11.35,10.85,11.19,9.48,180700
24/07/2009,11.07,11.22,10.82,11.22,9.51,105300
27/07/2009,11.24,11.29,11.07,11.29,9.57,139900
28/07/2009,11.26,11.4,11.12,11.3,9.58,127400
29/07/2009,11.25,11.39,11.08,11.24,9.53,114300
30/07/2009,11.34,11.87,11.18,11.63,9.86,221300
31/07/2009,10.71,11.92,10.71,11.78,9.98,337900
03/08/2009,11.06,11.42,10.66,11.39,9.65,473500
04/08/2009,11.27,11.44,11.15,11.32,9.59,223700
05/08/2009,11.29,11.34,11.05,11.29,9.57,170700
06/08/2009,11.3,11.45,10.89,11.06,9.37,159900
07/08/2009,11.24,12.13,11.21,12.02,10.19,221500
10/08/2009,12.0,12.03,11.66,11.99,10.16,157400
11/08/2009,11.9,12.47,11.86,12.24,10.37,334300
12/08/2009,12.3,12.73,12.27,12.5,10.59,288500
13/08/2009,12.5,12.69,12.29,12.34,10.46,138800
14/08/2009,12.31,12.31,12.02,12.1,10.25,286000
17/08/2009,11.91,12.1,11.63,11.83,10.03,168600
18/08/2009,12.91,12.91,11.83,12.55,10.64,361000
19/08/2009,12.44,12.45,12.13,12.4,10.51,161200
20/08/2009,12.49,12.64,12.23,12.53,10.62,174200
21/08/2009,12.72,13.12,12.38,12.62,10.7,313900
24/08/2009,12.78,12.79,12.48,12.63,10.7,156600
25/08/2009,12.78,12.78,12.39,12.4,10.51,171900
26/08/2009,12.43,12.52,12.17,12.38,10.49,220200
27/08/2009,12.38,12.38,11.85,12.08,10.28,90000
28/08/2009,12.24,12.24,11.8,11.96,10.18,108900
31/08/2009,11.9,12.09,11.72,11.87,10.1,164000
01/09/2009,11.76,11.8,10.78,11.18,9.51,629600
02/09/2009,11.18,11.18,10.4,10.62,9.04,515000
03/09/2009,10.71,11.06,10.65,11.02,9.38,290000
04/09/2009,10.99,11.3,10.91,11.24,9.56,170000
08/09/2009,11.29,11.5,11.03,11.05,9.4,159200
09/09/2009,11.06,11.37,11.06,11.27,9.59,149600
10/09/2009,11.24,11.34,10.96,11.06,9.41,186200
11/09/2009,11.05,11.37,11.02,11.24,9.56,191300
14/09/2009,11.17,11.31,11.13,11.29,9.61,109700
15/09/2009,11.39,11.4,11.15,11.34,9.65,158800
16/09/2009,11.34,11.62,11.19,11.58,9.85,115000
17/09/2009,11.6,11.85,11.48,11.74,9.99,175800
18/09/2009,11.77,12.0,11.41,11.98,10.19,278600
21/09/2009,11.89,12.01,11.7,11.8,10.04,187400
22/09/2009,11.84,11.93,11.41,11.63,9.9,310600
23/09/2009,12.3,12.6,12.27,12.34,10.5,1169000
24/09/2009,12.33,12.52,12.2,12.38,10.53,367700
25/09/2009,12.38,12.64,12.24,12.32,10.48,398400
28/09/2009,12.34,12.64,12.32,12.46,10.6,259800
29/09/2009,12.51,12.69,12.2,12.22,10.4,4882400
30/09/2009,12.14,12.2,11.57,11.59,9.86,454500
01/10/2009,11.5,11.72,11.35,11.41,9.71,291500
02/10/2009,11.28,11.47,11.21,11.25,9.57,190700
05/10/2009,11.27,11.43,11.11,11.14,9.48,268300
06/10/2009,11.26,11.46,11.24,11.45,9.74,139400
07/10/2009,11.44,11.52,11.35,11.45,9.74,176700
08/10/2009,11.5,11.61,11.12,11.13,9.47,265800
09/10/2009,11.11,11.31,11.07,11.19,9.52,235000
12/10/2009,11.2,11.45,11.06,11.1,9.45,445800
13/10/2009,11.14,11.22,10.94,11.21,9.54,252200
14/10/2009,11.3,11.5,11.3,11.4,9.7,198900
15/10/2009,11.37,11.45,11.25,11.31,9.62,302700
16/10/2009,11.26,11.46,11.15,11.34,9.65,171300
19/10/2009,11.41,11.62,11.36,11.47,9.76,112800
20/10/2009,11.51,11.51,11.29,11.4,9.7,118900
21/10/2009,11.34,11.63,11.13,11.15,9.49,236300
22/10/2009,11.15,11.61,11.06,11.49,9.78,161000
23/10/2009,11.49,11.66,11.17,11.26,9.58,161100
26/10/2009,11.27,11.55,11.03,11.08,9.43,244400
27/10/2009,11.06,11.38,10.9,11.1,9.45,119200
28/10/2009,11.11,11.15,10.81,10.82,9.21,205400
29/10/2009,10.9,11.1,10.9,11.1,9.45,185100
30/10/2009,10.99,11.05,10.72,10.9,9.28,424300
02/11/2009,10.93,11.22,10.67,10.9,9.28,273500
03/11/2009,10.88,11.18,10.73,11.08,9.43,233300
04/11/2009,11.17,11.44,10.68,10.69,9.1,292200
05/11/2009,10.73,11.51,10.73,11.5,9.79,432700
06/11/2009,11.41,11.42,10.92,11.0,9.36,245300
09/11/2009,11.08,11.47,11.04,11.44,9.73,317000
10/11/2009,11.42,11.99,11.42,11.78,10.02,333900
11/11/2009,11.85,11.85,11.56,11.69,9.95,371900
12/11/2009,11.63,11.74,11.26,11.34,9.65,184500
13/11/2009,11.41,11.46,11.01,11.24,9.56,259600
16/11/2009,11.27,11.74,11.25,11.63,9.9,291100
17/11/2009,11.61,11.61,11.42,11.48,9.77,196000
18/11/2009,11.48,11.48,11.17,11.23,9.56,148600
19/11/2009,11.11,11.19,10.91,11.13,9.47,156200
20/11/2009,11.08,11.15,10.92,11.04,9.39,154700
23/11/2009,11.23,11.62,11.23,11.5,9.79,249200
24/11/2009,11.5,11.56,11.35,11.48,9.81,221800
25/11/2009,11.51,11.8,11.43,11.66,9.97,213700
27/11/2009,11.35,11.61,11.34,11.35,9.7,120200
30/11/2009,11.35,11.46,11.32,11.39,9.73,325300
01/12/2009,11.54,11.73,11.47,11.63,9.94,195100
02/12/2009,11.67,11.85,11.54,11.6,9.91,148100
03/12/2009,11.67,11.75,11.55,11.66,9.97,226500
04/12/2009,11.77,11.95,11.6,11.79,10.08,188300
07/12/2009,11.82,11.86,11.65,11.71,10.01,121100
08/12/2009,11.69,11.84,11.6,11.79,10.08,191600
09/12/2009,11.83,11.91,11.58,11.82,10.1,118500
10/12/2009,11.9,12.0,11.79,12.0,10.26,523600
11/12/2009,11.99,12.05,11.78,12.02,10.27,232600
14/12/2009,12.12,12.48,12.05,12.41,10.61,294600
15/12/2009,12.43,12.49,12.35,12.4,10.6,419600
16/12/2009,12.46,12.6,12.34,12.44,10.63,252500
17/12/2009,12.4,12.47,12.12,12.24,10.46,229900
18/12/2009,12.38,12.48,12.1,12.48,10.67,497200
21/12/2009,12.56,12.68,12.43,12.59,10.76,218500
22/12/2009,12.65,12.7,12.51,12.54,10.72,265100
23/12/2009,12.64,12.69,12.58,12.63,10.79,77600
24/12/2009,12.71,12.78,12.67,12.76,10.91,26900
28/12/2009,12.76,12.76,12.62,12.72,10.87,87700
29/12/2009,12.76,12.76,12.59,12.6,10.77,111600
30/12/2009,12.61,12.68,12.45,12.6,10.77,105600
31/12/2009,12.63,12.67,12.33,12.34,10.55,156500
04/01/2010,12.53,12.73,12.43,12.72,10.87,108500
05/01/2010,12.74,12.74,12.43,12.58,10.75,162300
06/01/2010,12.6,12.88,12.52,12.77,10.91,346300
07/01/2010,12.78,13.25,12.73,13.24,11.32,187100
08/01/2010,13.16,13.34,13.11,13.16,11.25,178500
11/01/2010,13.22,13.22,12.93,12.98,11.09,141100
12/01/2010,12.93,13.02,12.7,12.96,11.08,83300
13/01/2010,12.97,13.1,12.91,12.99,11.1,223000
14/01/2010,13.01,13.29,12.81,13.26,11.33,138300
15/01/2010,13.29,13.3,12.71,13.09,11.19,256200
19/01/2010,13.14,13.15,12.9,13.0,11.11,179300
20/01/2010,12.87,12.92,12.45,12.49,10.67,243600
21/01/2010,12.54,12.72,12.2,12.28,10.49,181300
22/01/2010,12.25,12.39,11.96,12.08,10.32,133200
25/01/2010,12.19,12.2,12.0,12.12,10.36,59200
26/01/2010,12.1,12.13,11.98,12.02,10.27,109500
27/01/2010,11.94,12.06,11.89,12.01,10.26,143100
28/01/2010,12.02,12.02,11.72,11.82,10.1,124500
29/01/2010,11.88,12.07,11.73,11.73,10.02,159500
01/02/2010,11.76,11.89,11.47,11.86,10.14,136300
02/02/2010,11.83,12.01,11.73,11.84,10.12,114300
03/02/2010,11.81,12.01,11.7,11.88,10.15,92800
04/02/2010,11.81,11.86,11.41,11.46,9.79,126700
05/02/2010,11.47,11.59,11.23,11.59,9.91,125500
08/02/2010,11.55,11.65,11.21,11.23,9.6,235000
09/02/2010,11.38,11.49,11.22,11.41,9.75,140200
10/02/2010,11.43,11.43,11.19,11.25,9.61,132600
11/02/2010,11.21,11.39,11.17,11.38,9.73,328700
12/02/2010,11.26,11.48,11.26,11.44,9.78,289700
16/02/2010,11.49,11.57,11.32,11.45,9.79,243500
17/02/2010,11.52,11.59,11.41,11.54,9.86,315800
18/02/2010,11.57,11.8,11.54,11.77,10.06,134600
19/02/2010,11.78,11.91,11.72,11.83,10.11,206300
22/02/2010,11.83,12.0,11.81,11.96,10.22,274900
23/02/2010,11.91,11.99,11.66,11.86,10.14,178300
24/02/2010,11.86,11.95,11.74,11.8,10.08,132100
25/02/2010,11.65,11.8,11.43,11.79,10.08,179200
26/02/2010,11.8,11.87,11.65,11.72,10.02,179400
01/03/2010,11.81,12.17,11.81,12.13,10.37,402500
02/03/2010,12.18,12.4,11.73,11.94,10.2,648800
03/03/2010,11.93,12.05,11.74,11.78,10.07,432300
04/03/2010,11.88,11.92,11.75,11.82,10.1,194200
05/03/2010,11.84,12.02,11.84,11.95,10.21,205100
08/03/2010,11.94,12.09,11.75,11.77,10.1,293000
09/03/2010,11.75,11.86,11.65,11.7,10.04,332900
10/03/2010,11.67,11.89,11.65,11.77,10.1,179500
11/03/2010,11.71,12.31,11.66,12.31,10.56,260400
12/03/2010,12.33,12.44,12.2,12.41,10.65,241300
15/03/2010,12.43,12.44,12.26,12.36,10.61,185000
16/03/2010,12.37,12.44,12.29,12.37,10.62,143300
17/03/2010,12.36,12.44,12.25,12.3,10.56,264200
18/03/2010,12.33,12.5,12.33,12.46,10.69,125300
19/03/2010,12.68,12.69,12.5,12.68,10.88,307600
22/03/2010,12.57,12.96,12.55,12.94,11.11,153000
23/03/2010,12.91,13.24,12.71,13.22,11.35,199700
24/03/2010,13.13,13.22,12.95,12.98,11.14,266700
25/03/2010,13.02,13.02,12.45,12.46,10.69,160100
26/03/2010,12.54,12.55,12.3,12.36,10.61,152900
29/03/2010,12.36,12.42,12.27,12.36,10.61,103200
30/03/2010,12.42,12.64,12.3,12.54,10.76,128300
31/03/2010,12.46,12.79,12.46,12.49,10.72,224300
01/04/2010,12.66,12.84,12.5,12.58,10.8,153100
05/04/2010,12.58,13.0,12.51,13.0,11.16,137400
06/04/2010,12.89,13.02,12.8,12.83,11.01,120700
07/04/2010,12.75,13.08,12.7,13.06,11.21,154700
08/04/2010,12.98,13.01,12.9,12.91,11.08,79600
09/04/2010,12.89,13.02,12.89,12.93,11.1,75300
12/04/2010,12.91,13.05,12.87,12.98,11.14,198100
13/04/2010,12.91,12.96,12.8,12.84,11.02,190500
14/04/2010,12.87,12.98,12.8,12.95,11.11,183900
15/04/2010,12.89,13.09,12.87,13.06,11.21,424900
16/04/2010,13.08,13.15,12.89,13.08,11.23,172600
19/04/2010,12.99,13.15,12.8,13.01,11.17,156700
20/04/2010,12.98,13.3,12.98,13.25,11.37,142500
21/04/2010,13.24,13.3,13.09,13.28,11.4,119800
22/04/2010,13.12,13.4,13.12,13.36,11.47,208800
23/04/2010,13.36,13.92,13.35,13.9,11.93,202600
26/04/2010,13.92,13.96,13.72,13.92,11.95,252300
27/04/2010,13.9,14.29,13.8,13.96,11.98,296000
28/04/2010,14.01,14.16,13.9,14.08,12.08,169800
29/04/2010,14.21,14.48,14.07,14.48,12.43,167900
30/04/2010,14.44,14.5,14.07,14.08,12.08,352800
03/05/2010,14.21,14.41,14.04,14.38,12.34,180600
04/05/2010,14.15,14.38,13.95,14.2,12.19,445400
05/05/2010,13.38,13.38,11.75,12.1,10.38,1227800
06/05/2010,11.85,11.94,11.14,11.3,9.7,741300
07/05/2010,11.19,11.56,10.86,10.93,9.38,659700
10/05/2010,11.34,11.45,11.0,11.1,9.53,430100
11/05/2010,10.96,11.42,10.9,11.21,9.62,471000
12/05/2010,11.23,12.04,11.12,11.96,10.26,303500
13/05/2010,11.87,12.02,11.49,11.69,10.03,177100
14/05/2010,11.63,11.63,11.16,11.48,9.85,323000
17/05/2010,11.58,11.92,11.36,11.89,10.2,314400
18/05/2010,12.07,12.15,11.48,11.53,9.9,188500
19/05/2010,11.46,11.58,11.11,11.23,9.64,218600
20/05/2010,11.01,11.16,10.79,10.84,9.3,345900
21/05/2010,10.73,11.1,10.64,10.9,9.35,344100
24/05/2010,10.86,10.96,10.59,10.62,9.11,116200
25/05/2010,10.42,10.58,10.23,10.54,9.05,130100
26/05/2010,10.52,10.75,10.28,10.32,8.9,201800
27/05/2010,10.56,11.06,10.49,11.02,9.5,245600
28/05/2010,10.93,11.16,10.83,11.02,9.5,212200
01/06/2010,10.75,10.88,10.37,10.39,8.96,405000
02/06/2010,10.37,10.53,10.25,10.36,8.93,600500
03/06/2010,10.46,10.67,10.33,10.44,9.0,310300
04/06/2010,10.31,10.31,9.87,9.92,8.55,234700
07/06/2010,9.9,10.09,9.66,9.66,8.33,210700
08/06/2010,9.75,10.27,9.67,10.06,8.67,617200
09/06/2010,10.2,10.31,9.99,10.1,8.71,518500
10/06/2010,10.31,10.39,10.08,10.36,8.93,181500
11/06/2010,10.23,10.69,10.23,10.61,9.15,189400
14/06/2010,10.67,10.84,10.37,10.41,8.98,128000
15/06/2010,10.41,10.8,10.36,10.75,9.27,143500
16/06/2010,10.62,10.73,10.53,10.59,9.13,86500
17/06/2010,10.59,10.61,10.34,10.46,9.02,662800
18/06/2010,10.55,10.71,10.45,10.55,9.1,211200
21/06/2010,10.72,10.79,10.37,10.5,9.05,351200
22/06/2010,10.5,10.64,10.3,10.35,8.93,456000
23/06/2010,10.3,10.63,10.21,10.5,9.05,291500
24/06/2010,10.38,10.56,10.11,10.12,8.73,191800
25/06/2010,10.17,10.59,9.93,10.41,8.98,443700
28/06/2010,10.4,10.53,10.22,10.32,8.9,154400
29/06/2010,10.13,10.13,9.84,9.94,8.57,168100
30/06/2010,9.95,10.1,9.59,9.66,8.33,249500
01/07/2010,9.68,9.86,9.51,9.8,8.45,210500
02/07/2010,9.86,9.95,9.7,9.85,8.49,138100
06/07/2010,9.93,10.09,9.64,9.69,8.36,192800
07/07/2010,9.77,10.07,9.75,10.07,8.68,184200
08/07/2010,10.18,10.29,10.02,10.26,8.85,72300
09/07/2010,10.21,10.38,10.1,10.36,8.93,77000
12/07/2010,10.29,10.49,10.07,10.19,8.79,80900
13/07/2010,10.36,10.51,10.27,10.45,9.01,172000
14/07/2010,10.38,10.38,10.15,10.29,8.87,59000
15/07/2010,10.31,10.32,10.0,10.25,8.84,105700
16/07/2010,10.23,10.25,9.76,9.78,8.43,177800
19/07/2010,9.8,10.02,9.69,9.99,8.61,139700
20/07/2010,9.85,10.18,9.8,10.16,8.76,128400
21/07/2010,10.26,10.27,10.04,10.18,8.78,165500
22/07/2010,10.35,10.63,10.34,10.6,9.14,189700
23/07/2010,10.52,10.99,10.51,10.97,9.46,242300
26/07/2010,11.04,11.37,11.0,11.27,9.72,217500
27/07/2010,11.39,11.71,11.3,11.52,9.93,253300
28/07/2010,11.51,11.59,11.43,11.52,9.93,196900
29/07/2010,11.65,11.65,11.38,11.46,9.88,165200
30/07/2010,11.24,11.56,11.2,11.41,9.84,152000
02/08/2010,11.59,11.76,11.45,11.76,10.14,190800
03/08/2010,11.74,11.94,11.32,11.68,10.07,211100
04/08/2010,11.74,11.83,11.51,11.62,10.02,202500
05/08/2010,11.52,11.61,11.45,11.47,9.89,112600
06/08/2010,11.27,11.52,11.11,11.35,9.79,154100
09/08/2010,11.39,11.54,11.32,11.5,9.92,110100
10/08/2010,11.33,11.34,10.94,11.13,9.6,111200
11/08/2010,10.88,10.89,10.45,10.52,9.07,193300
12/08/2010,10.29,10.58,10.21,10.5,9.05,145800
13/08/2010,10.43,10.43,10.13,10.23,8.82,126900
16/08/2010,10.15,10.51,10.0,10.51,9.06,166900
17/08/2010,10.66,10.84,10.64,10.69,9.22,216500
18/08/2010,10.66,10.88,10.59,10.74,9.26,99700
19/08/2010,10.67,10.67,10.42,10.47,9.03,131000
20/08/2010,10.39,10.49,10.24,10.48,9.04,168600
23/08/2010,10.55,10.69,10.34,10.37,8.94,191100
24/08/2010,10.2,10.54,10.18,10.38,8.95,224200
25/08/2010,10.3,10.52,10.29,10.5,9.05,165500
26/08/2010,10.53,10.58,10.35,10.4,8.97,103500
27/08/2010,10.5,10.72,10.38,10.72,9.29,99600
30/08/2010,10.68,10.71,10.52,10.55,9.14,134600
31/08/2010,10.51,10.74,10.37,10.43,9.04,126800
01/09/2010,10.62,10.92,10.46,10.92,9.46,150600
02/09/2010,10.87,10.93,10.73,10.86,9.41,77500
03/09/2010,11.01,11.07,10.78,11.01,9.54,100400
07/09/2010,10.97,11.07,10.79,10.81,9.37,93400
08/09/2010,10.82,10.98,10.68,10.77,9.33,163000
09/09/2010,10.95,10.95,10.55,10.75,9.31,115400
10/09/2010,10.82,10.88,10.6,10.7,9.27,84400
13/09/2010,10.77,11.0,10.69,10.96,9.5,157200
14/09/2010,10.91,10.99,10.76,10.92,9.46,96400
15/09/2010,10.85,11.0,10.84,10.91,9.45,136700
16/09/2010,10.87,10.87,10.56,10.6,9.18,171200
17/09/2010,10.66,10.66,10.38,10.5,9.1,279500
20/09/2010,10.5,10.71,10.4,10.6,9.18,290800
21/09/2010,10.61,10.64,10.54,10.54,9.13,198100
22/09/2010,10.53,10.58,10.45,10.51,9.11,256800
23/09/2010,10.4,10.5,10.34,10.4,9.01,282500
24/09/2010,10.58,10.58,10.5,10.58,9.17,194200
27/09/2010,10.6,10.62,10.44,10.48,9.08,127100
28/09/2010,10.54,10.62,10.32,10.61,9.19,316200
29/09/2010,10.54,10.73,10.54,10.72,9.29,124200
30/09/2010,10.83,10.88,10.55,10.73,9.3,110100
01/10/2010,10.84,10.86,10.68,10.8,9.36,149500
04/10/2010,10.75,10.82,10.65,10.69,9.26,153000
05/10/2010,10.83,10.91,10.69,10.86,9.41,185800
06/10/2010,10.81,10.96,10.79,10.96,9.5,114800
07/10/2010,11.02,11.09,10.93,10.97,9.51,118800
08/10/2010,11.01,11.26,10.88,11.21,9.71,110100
11/10/2010,11.2,11.24,11.07,11.16,9.67,118500
12/10/2010,11.09,11.2,10.93,11.16,9.67,203300
13/10/2010,11.23,11.36,11.08,11.15,9.66,244600
14/10/2010,11.17,11.26,11.1,11.25,9.75,144500
15/10/2010,11.39,11.4,11.17,11.24,9.74,133900
18/10/2010,11.27,11.38,11.21,11.36,9.84,59200
19/10/2010,11.16,11.4,10.93,10.98,9.51,99100
20/10/2010,11.06,11.23,11.0,11.08,9.6,72200
21/10/2010,11.16,11.42,10.92,11.41,9.89,164000
22/10/2010,11.46,11.54,11.34,11.41,9.89,107200
25/10/2010,11.51,11.66,11.38,11.45,9.92,143800
26/10/2010,11.35,11.48,11.22,11.41,9.89,100500
27/10/2010,11.3,11.35,11.14,11.3,9.79,132100
28/10/2010,11.4,11.41,11.18,11.38,9.86,102600
29/10/2010,11.32,11.51,11.28,11.45,9.92,88900
01/11/2010,11.46,11.68,11.16,11.36,9.84,133000
02/11/2010,11.51,11.66,11.48,11.58,10.03,120100
03/11/2010,11.63,11.68,10.57,10.68,9.25,642800
04/11/2010,10.86,11.2,10.85,11.13,9.64,247200
05/11/2010,11.18,11.4,11.07,11.37,9.85,178100
08/11/2010,11.16,11.28,11.07,11.23,9.73,122000
09/11/2010,11.26,11.35,11.13,11.27,9.77,143400
10/11/2010,11.32,11.53,11.18,11.51,9.97,179600
11/11/2010,11.36,11.57,11.34,11.46,9.93,204300
12/11/2010,11.32,11.35,11.16,11.26,9.76,86700
15/11/2010,11.32,11.48,11.18,11.35,9.83,124700
16/11/2010,11.28,11.29,10.96,11.05,9.57,131100
17/11/2010,11.07,11.07,10.85,10.88,9.43,68000
18/11/2010,11.03,11.18,10.96,11.06,9.58,79100
19/11/2010,11.0,11.25,10.97,11.21,9.71,70100
22/11/2010,11.16,11.19,10.9,11.11,9.63,50200
23/11/2010,10.94,11.2,10.89,11.13,9.64,62200
24/11/2010,11.26,11.49,11.24,11.38,9.86,102500
26/11/2010,11.24,11.42,11.2,11.35,9.88,18300
29/11/2010,11.26,11.43,11.05,11.39,9.91,60900
30/11/2010,11.24,11.24,11.07,11.15,9.7,137200
01/12/2010,11.38,11.71,11.33,11.71,10.19,127200
02/12/2010,11.7,11.92,11.63,11.91,10.37,120600
03/12/2010,11.81,12.1,11.75,12.06,10.5,154600
06/12/2010,12.01,12.18,11.89,12.17,10.59,86500
07/12/2010,12.27,12.4,12.09,12.17,10.59,111200
08/12/2010,12.21,12.39,12.21,12.25,10.66,86700
09/12/2010,12.37,12.38,12.18,12.27,10.68,112800
10/12/2010,12.32,12.5,12.16,12.36,10.76,88700
13/12/2010,12.4,12.43,12.13,12.23,10.64,155000
14/12/2010,12.3,12.48,12.29,12.39,10.78,109200
15/12/2010,12.4,12.55,12.33,12.42,10.81,135200
16/12/2010,12.43,12.65,12.35,12.57,10.94,98900
17/12/2010,12.57,12.81,12.49,12.81,11.15,286000
20/12/2010,12.85,12.99,12.73,12.81,11.15,117900
21/12/2010,12.89,12.99,12.82,12.99,11.31,62500
22/12/2010,13.0,13.16,12.88,13.06,11.37,76600
23/12/2010,13.04,13.31,13.04,13.19,11.48,57600
27/12/2010,13.2,13.5,13.15,13.39,11.65,40000
28/12/2010,13.44,13.44,13.22,13.36,11.63,56500
29/12/2010,13.38,13.44,13.26,13.31,11.58,25100
30/12/2010,13.28,13.9,13.28,13.32,11.59,93300
31/12/2010,13.26,13.42,13.14,13.17,11.46,80700
03/01/2011,13.26,13.66,13.06,13.49,11.74,114200
04/01/2011,13.49,13.49,12.91,13.03,11.34,87700
05/01/2011,12.99,13.15,12.87,13.14,11.44,68000
06/01/2011,13.17,13.17,12.79,13.01,11.32,123100
07/01/2011,13.06,13.1,12.63,12.85,11.18,52100
10/01/2011,12.74,12.85,12.57,12.66,11.02,96500
11/01/2011,12.73,13.0,12.67,12.75,11.1,39500
12/01/2011,12.91,13.19,12.83,13.08,11.38,57900
13/01/2011,13.1,13.1,12.89,13.03,11.34,57800
14/01/2011,13.02,13.38,12.96,13.32,11.59,51200
18/01/2011,13.26,13.31,13.05,13.23,11.51,65500
19/01/2011,13.19,13.29,12.58,12.59,10.96,92100
20/01/2011,12.51,12.63,12.28,12.29,10.7,117600
21/01/2011,12.35,12.39,12.08,12.12,10.55,122700
24/01/2011,12.09,12.66,12.09,12.64,11.0,48400
25/01/2011,12.52,12.82,12.45,12.81,11.15,94300
26/01/2011,12.88,13.47,12.88,13.37,11.64,96900
27/01/2011,13.32,13.34,13.12,13.16,11.45,91600
28/01/2011,13.1,13.16,12.66,12.75,11.1,190200
31/01/2011,12.82,12.89,12.68,12.73,11.08,158500
01/02/2011,12.82,12.99,12.74,12.97,11.29,210700
02/02/2011,12.9,13.02,12.9,13.01,11.32,74500
03/02/2011,13.03,13.03,12.67,12.92,11.24,65400
04/02/2011,12.91,13.0,12.78,12.91,11.24,88800
07/02/2011,12.88,13.18,12.88,13.1,11.4,98900
08/02/2011,13.05,13.11,12.95,13.02,11.33,87700
09/02/2011,12.93,13.08,12.84,12.95,11.27,157500
10/02/2011,12.83,12.96,12.72,12.77,11.11,78200
11/02/2011,12.73,12.82,12.59,12.82,11.16,62500
14/02/2011,12.78,12.92,12.78,12.89,11.22,52200
15/02/2011,12.86,13.0,12.72,12.72,11.07,132000
16/02/2011,12.79,13.01,12.79,12.95,11.27,57200
17/02/2011,12.93,12.97,12.68,12.9,11.23,74400
18/02/2011,12.97,12.99,12.84,12.99,11.31,79800
22/02/2011,12.83,12.92,12.75,12.8,11.14,82100
23/02/2011,12.77,12.77,12.32,12.4,10.79,113000
24/02/2011,12.44,12.61,12.34,12.5,10.88,139400
25/02/2011,12.56,12.82,12.47,12.8,11.14,97600
28/02/2011,12.93,13.5,12.93,13.27,11.55,191300
01/03/2011,13.31,13.45,12.86,12.99,11.31,237800
02/03/2011,13.37,14.25,13.37,13.75,11.97,379700
03/03/2011,13.93,14.04,13.84,13.94,12.13,249800
04/03/2011,13.98,14.12,13.78,13.91,12.11,135900
07/03/2011,13.83,13.88,13.35,13.46,11.71,113400
08/03/2011,13.44,13.88,13.37,13.77,11.98,286200
09/03/2011,13.71,14.05,13.68,14.01,12.24,165700
10/03/2011,13.78,13.79,13.34,13.43,11.73,126300
11/03/2011,13.33,13.55,13.21,13.44,11.74,74100
14/03/2011,13.21,13.53,12.95,13.45,11.75,68200
15/03/2011,13.09,13.26,13.04,13.18,11.51,113800
16/03/2011,13.15,13.2,12.83,12.85,11.22,116700
17/03/2011,13.13,13.14,12.91,12.93,11.29,54200
18/03/2011,13.05,13.22,12.94,13.21,11.54,137800
21/03/2011,13.41,13.8,13.41,13.79,12.05,80900
22/03/2011,13.79,14.07,13.72,14.05,12.27,134600
23/03/2011,14.01,14.1,13.79,14.07,12.29,57300
24/03/2011,14.12,14.13,13.8,13.87,12.12,72200
25/03/2011,13.94,14.06,13.72,13.74,12.0,97900
28/03/2011,13.77,13.8,13.49,13.49,11.78,45800
29/03/2011,13.51,13.62,13.09,13.59,11.87,67000
30/03/2011,13.7,14.09,13.62,14.0,12.23,83400
31/03/2011,13.93,14.07,13.9,14.07,12.29,133100
01/04/2011,14.09,14.23,13.95,13.99,12.22,224800
04/04/2011,14.03,14.21,13.92,14.19,12.39,94200
05/04/2011,14.12,14.4,14.05,14.16,12.37,79500
06/04/2011,14.26,14.36,14.12,14.3,12.49,49000
07/04/2011,14.27,14.41,14.14,14.14,12.35,43900
08/04/2011,14.27,14.27,13.82,13.84,12.09,59400
11/04/2011,13.76,13.77,13.14,13.19,11.52,318100
12/04/2011,13.06,13.1,12.73,12.74,11.13,143500
13/04/2011,12.79,12.79,12.35,12.57,10.98,141300
14/04/2011,12.46,12.91,12.43,12.8,11.18,67700
15/04/2011,12.77,12.84,12.6,12.79,11.17,159200
18/04/2011,12.56,12.64,12.38,12.49,10.91,66600
19/04/2011,12.57,12.66,12.4,12.51,10.93,49800
20/04/2011,11.31,12.42,11.31,12.42,10.85,427600
21/04/2011,12.5,12.5,11.91,11.98,10.46,217400
25/04/2011,12.01,12.13,11.98,12.0,10.48,65500
26/04/2011,12.03,12.39,12.03,12.2,10.66,94900
27/04/2011,12.19,12.19,11.84,11.93,10.42,241800
28/04/2011,11.9,12.02,11.85,11.97,10.46,95200
29/04/2011,12.02,12.33,12.02,12.21,10.67,119000
02/05/2011,12.21,12.22,11.73,11.9,10.39,117000
03/05/2011,11.82,11.98,11.7,11.75,10.26,186000
04/05/2011,11.62,11.65,11.2,11.34,9.91,237000
05/05/2011,11.2,11.39,10.85,11.1,9.7,189900
06/05/2011,11.27,11.3,10.77,10.79,9.42,118700
09/05/2011,10.81,10.83,10.56,10.66,9.31,100000
10/05/2011,10.68,11.29,10.67,11.23,9.81,151800
11/05/2011,11.16,11.16,10.88,11.03,9.63,317700
12/05/2011,10.95,11.33,10.95,11.2,9.78,130000
13/05/2011,11.19,11.23,11.01,11.04,9.64,142000
16/05/2011,11.0,11.13,10.92,10.95,9.56,118500
17/05/2011,11.0,11.1,10.73,10.76,9.4,305800
18/05/2011,10.82,10.95,10.78,10.9,9.52,77200
19/05/2011,10.99,11.08,10.75,10.9,9.52,114500
20/05/2011,10.83,10.98,10.76,10.85,9.48,108000
23/05/2011,10.6,10.83,10.53,10.65,9.3,81400
24/05/2011,10.71,10.71,10.13,10.14,8.86,180200
25/05/2011,10.06,10.37,10.06,10.27,9.02,146700
26/05/2011,10.22,10.54,10.15,10.47,9.19,116600
27/05/2011,10.5,10.57,10.32,10.33,9.07,69500
31/05/2011,10.43,10.52,10.26,10.37,9.1,224200
01/06/2011,10.33,10.41,10.09,10.29,9.03,404600
02/06/2011,10.28,10.43,10.26,10.36,9.09,145000
03/06/2011,10.15,10.42,10.12,10.39,9.12,186600
06/06/2011,10.37,10.58,10.26,10.43,9.16,188500
07/06/2011,10.54,10.58,10.38,10.39,9.12,62200
08/06/2011,10.32,10.42,10.3,10.35,9.09,92600
09/06/2011,10.38,10.39,10.3,10.33,9.07,87100
10/06/2011,10.23,10.27,10.03,10.06,8.83,91100
13/06/2011,10.09,10.18,10.01,10.07,8.84,74300
14/06/2011,10.2,10.34,10.2,10.29,9.03,105200
15/06/2011,10.15,10.28,10.06,10.24,8.99,112600
16/06/2011,10.23,10.26,10.02,10.1,8.87,140200
17/06/2011,10.15,10.3,10.01,10.05,8.82,188500
20/06/2011,10.04,10.25,9.98,10.15,8.91,66000
21/06/2011,10.25,10.42,10.2,10.4,9.13,103200
22/06/2011,10.32,10.43,10.31,10.37,9.1,68100
23/06/2011,10.22,10.56,10.2,10.54,9.25,105000
24/06/2011,10.56,10.59,10.35,10.4,9.13,318000
27/06/2011,10.41,10.52,10.33,10.43,9.16,95300
28/06/2011,10.46,10.49,10.39,10.46,9.18,91000
29/06/2011,10.5,10.5,10.35,10.45,9.17,72800
30/06/2011,10.45,10.68,10.41,10.61,9.31,96000
01/07/2011,10.64,10.91,10.63,10.87,9.54,195800
05/07/2011,10.85,10.97,10.75,10.94,9.6,100800
06/07/2011,10.88,11.01,10.86,10.92,9.59,104800
07/07/2011,11.06,11.3,11.01,11.25,9.88,74600
08/07/2011,11.07,11.12,10.97,11.06,9.71,94300
11/07/2011,10.89,10.91,10.71,10.8,9.48,55700
12/07/2011,10.77,10.87,10.69,10.73,9.42,70100
13/07/2011,10.78,10.95,10.7,10.76,9.45,86100
14/07/2011,10.81,10.81,10.68,10.72,9.41,99400
15/07/2011,10.74,10.77,10.63,10.7,9.39,99500
18/07/2011,10.64,10.67,10.5,10.53,9.24,81100
19/07/2011,10.62,10.87,10.47,10.85,9.52,168500
20/07/2011,10.84,10.84,10.55,10.73,9.42,176800
21/07/2011,10.81,11.01,10.75,10.97,9.63,110100
22/07/2011,10.96,10.96,10.64,10.69,9.38,71100
25/07/2011,10.53,10.73,10.49,10.56,9.27,67200
26/07/2011,10.53,10.72,10.4,10.48,9.2,144600
27/07/2011,10.46,10.51,10.24,10.25,9.0,202400
28/07/2011,10.22,10.42,10.1,10.24,8.99,79200
29/07/2011,10.08,10.47,10.08,10.44,9.16,123400
01/08/2011,10.54,10.7,10.09,10.36,9.09,319000
02/08/2011,10.3,10.48,9.96,9.97,8.75,162900
03/08/2011,11.35,12.53,11.18,11.88,10.43,624700
04/08/2011,11.7,11.94,11.2,11.21,9.84,254000
05/08/2011,11.32,11.36,10.55,10.61,9.31,379400
08/08/2011,10.33,10.58,9.6,9.6,8.43,328800
09/08/2011,9.88,10.1,9.15,10.0,8.78,306100
10/08/2011,9.68,9.82,9.13,9.2,8.08,246800
11/08/2011,9.28,9.92,9.25,9.75,8.56,264300
12/08/2011,9.81,9.9,9.47,9.76,8.57,115500
15/08/2011,9.85,10.06,9.74,9.98,8.76,70600
16/08/2011,9.85,9.96,9.73,9.83,8.63,126700
17/08/2011,9.91,10.02,9.64,9.67,8.49,91500
18/08/2011,9.32,9.43,8.88,8.95,7.86,250500
19/08/2011,8.78,9.11,8.78,8.97,7.87,233200
22/08/2011,9.24,9.24,8.91,8.96,7.87,97100
23/08/2011,8.95,9.17,8.88,9.17,8.05,185600
24/08/2011,9.07,9.33,9.06,9.3,8.21,117400
25/08/2011,9.37,9.44,8.98,8.99,7.93,110100
26/08/2011,8.92,9.38,8.85,9.37,8.27,96800
29/08/2011,9.51,9.7,9.38,9.69,8.55,133400
30/08/2011,9.61,9.87,9.44,9.77,8.62,110900
31/08/2011,9.83,9.93,9.49,9.56,8.44,161500
01/09/2011,9.58,9.74,9.28,9.41,8.31,237400
02/09/2011,9.18,9.3,8.99,9.0,7.94,201700
06/09/2011,8.74,9.15,8.74,9.13,8.06,152100
07/09/2011,9.29,9.72,9.28,9.61,8.48,167500
08/09/2011,9.53,9.7,9.4,9.49,8.38,125800
09/09/2011,9.36,9.6,9.23,9.33,8.23,199600
12/09/2011,9.15,9.47,9.11,9.28,8.19,84800
13/09/2011,9.33,9.64,9.25,9.55,8.43,73400
14/09/2011,9.63,9.91,9.36,9.79,8.64,131600
15/09/2011,9.86,10.04,9.71,9.97,8.8,96000
16/09/2011,10.05,10.15,9.87,9.87,8.71,223900
19/09/2011,9.69,9.79,9.47,9.6,8.47,62900
20/09/2011,9.57,9.73,9.21,9.21,8.13,91300
21/09/2011,9.23,9.32,8.62,8.64,7.63,151800
22/09/2011,8.4,8.69,8.35,8.51,7.51,176400
23/09/2011,8.54,8.83,8.54,8.67,7.65,163100
26/09/2011,8.77,8.85,8.53,8.77,7.74,132900
27/09/2011,9.0,9.26,8.88,8.98,7.93,172900
28/09/2011,8.97,8.97,8.56,8.56,7.56,117400
29/09/2011,8.77,8.86,8.54,8.79,7.76,81500
30/09/2011,8.61,8.78,8.31,8.32,7.34,152200
03/10/2011,8.28,8.42,7.85,7.88,6.96,226500
04/10/2011,7.83,8.9,7.81,8.84,7.8,297500
05/10/2011,8.89,9.07,8.67,8.97,7.92,129300
06/10/2011,8.9,9.5,8.86,9.49,8.38,132000
07/10/2011,9.46,9.46,8.89,8.96,7.91,82600
10/10/2011,9.19,9.73,9.16,9.72,8.58,143700
11/10/2011,9.58,9.91,9.57,9.8,8.65,100300
12/10/2011,9.9,10.22,9.72,10.12,8.93,102800
13/10/2011,10.0,10.02,9.77,9.97,8.8,59800
14/10/2011,10.1,10.18,9.95,10.17,8.98,72100
17/10/2011,10.03,10.1,9.69,9.71,8.57,74700
18/10/2011,9.79,10.0,9.59,9.95,8.78,146900
19/10/2011,9.91,9.95,9.54,9.59,8.46,70800
20/10/2011,9.59,9.66,9.2,9.65,8.52,58700
21/10/2011,9.88,9.89,9.57,9.84,8.68,104000
24/10/2011,9.85,10.31,9.8,10.25,9.05,101000
25/10/2011,10.1,10.22,9.87,10.0,8.83,109900
26/10/2011,10.24,10.25,9.85,10.13,8.94,115200
27/10/2011,10.54,11.32,10.42,11.27,9.95,226700
28/10/2011,11.25,11.59,11.21,11.22,9.9,141700
31/10/2011,11.02,11.16,10.82,11.0,9.71,164800
01/11/2011,10.51,10.86,10.31,10.55,9.31,212300
02/11/2011,10.76,11.15,10.68,11.12,9.81,218800
03/11/2011,11.3,11.83,11.06,11.75,10.37,190500
04/11/2011,12.0,12.0,10.56,10.67,9.42,88300
07/11/2011,10.64,10.81,10.07,10.16,8.97,152600
08/11/2011,10.28,10.33,9.8,10.11,8.92,140800
09/11/2011,9.78,9.97,9.38,9.42,8.31,154400
10/11/2011,9.64,9.7,9.33,9.4,8.3,174100
11/11/2011,9.55,9.68,9.42,9.58,8.46,166300
14/11/2011,9.5,9.66,9.22,9.37,8.27,134200
15/11/2011,9.31,9.74,8.96,9.68,8.54,330000
16/11/2011,9.6,9.98,9.6,9.73,8.59,110600
17/11/2011,9.71,9.81,9.5,9.65,8.52,87400
18/11/2011,9.65,9.89,9.65,9.85,8.69,101000
21/11/2011,9.62,9.69,9.49,9.53,8.41,98500
22/11/2011,9.56,9.85,9.43,9.6,8.47,110900
23/11/2011,9.45,9.45,8.97,9.0,7.99,83800
25/11/2011,8.93,9.13,8.6,8.6,7.63,64400
28/11/2011,8.91,9.52,8.91,9.49,8.42,166800
29/11/2011,9.48,9.64,9.4,9.54,8.46,155700
30/11/2011,10.05,10.5,10.04,10.43,9.25,300800
01/12/2011,10.37,10.6,10.27,10.4,9.23,158400
02/12/2011,10.59,10.81,10.44,10.51,9.32,73100
05/12/2011,10.71,11.0,10.61,10.86,9.64,129400
06/12/2011,10.84,11.01,10.77,10.95,9.72,146400
07/12/2011,10.86,11.15,10.7,11.11,9.86,97800
08/12/2011,10.97,10.97,10.6,10.64,9.44,119900
09/12/2011,10.7,11.31,10.63,11.12,9.87,144000
12/12/2011,10.94,11.02,10.76,10.98,9.74,87000
13/12/2011,11.14,11.33,10.58,10.69,9.48,128700
14/12/2011,10.5,10.5,10.08,10.12,8.98,167800
15/12/2011,10.32,10.35,10.14,10.29,9.13,74300
16/12/2011,10.41,10.82,10.26,10.36,9.19,289200
19/12/2011,10.48,10.68,10.09,10.12,8.98,77800
20/12/2011,10.41,10.76,10.37,10.73,9.52,119200
21/12/2011,10.67,11.05,10.48,11.03,9.79,59200
22/12/2011,11.09,11.3,10.97,11.01,9.77,69900
23/12/2011,11.08,11.12,10.82,10.96,9.72,26500
27/12/2011,10.87,11.12,10.87,11.04,9.8,27700
28/12/2011,11.01,11.03,10.46,10.54,9.35,66400
29/12/2011,10.59,10.95,10.59,10.76,9.55,70400
30/12/2011,10.7,10.84,10.7,10.72,9.51,85700
03/01/2012,11.08,11.16,10.92,11.02,9.78,107400
04/01/2012,10.91,11.02,10.8,10.93,9.7,49200
05/01/2012,10.81,11.06,10.6,11.02,9.78,54600
06/01/2012,11.03,11.03,10.75,10.87,9.64,57800
09/01/2012,10.97,10.97,10.66,10.68,9.48,59200
10/01/2012,10.89,11.03,10.86,11.0,9.76,59400
11/01/2012,10.91,11.21,10.91,11.07,9.82,92900
12/01/2012,11.14,11.44,11.0,11.4,10.11,65800
13/01/2012,11.24,11.3,11.03,11.07,9.82,53900
17/01/2012,11.16,11.17,10.87,10.99,9.75,83400
18/01/2012,10.98,11.37,10.95,11.36,10.08,47500
19/01/2012,11.36,11.57,11.33,11.55,10.25,44900
20/01/2012,11.54,11.77,11.51,11.66,10.35,41700
23/01/2012,11.61,11.81,11.43,11.5,10.2,34800
24/01/2012,11.42,11.77,11.42,11.72,10.4,66700
25/01/2012,11.66,11.99,11.53,11.98,10.63,55100
26/01/2012,12.0,12.19,11.78,12.07,10.71,111300
27/01/2012,12.01,12.31,12.01,12.25,10.87,72400
30/01/2012,12.13,12.42,12.01,12.33,10.94,64300
31/01/2012,12.42,12.42,11.9,11.96,10.61,110200
01/02/2012,12.08,12.65,11.95,12.57,11.15,171200
02/02/2012,12.58,12.88,12.49,12.75,11.31,97300
03/02/2012,12.94,13.05,12.87,12.94,11.48,450800
06/02/2012,12.88,12.95,12.61,12.92,11.46,58100
07/02/2012,12.91,12.91,12.54,12.68,11.25,42300
08/02/2012,12.75,12.79,12.61,12.75,11.31,76500
09/02/2012,12.82,12.82,12.65,12.67,11.24,19100
10/02/2012,12.47,12.64,12.2,12.22,10.84,224200
13/02/2012,12.44,12.48,12.27,12.35,10.96,68500
14/02/2012,12.3,12.35,12.03,12.13,10.76,84900
15/02/2012,12.23,12.23,11.84,11.91,10.57,150200
16/02/2012,11.92,12.18,11.92,12.16,10.79,77500
17/02/2012,12.1,12.18,11.84,12.1,10.74,97300
21/02/2012,12.14,12.29,12.01,12.08,10.72,61100
22/02/2012,12.01,12.08,11.62,11.88,10.54,73400
23/02/2012,11.94,12.36,11.93,12.32,10.93,118900
24/02/2012,12.28,12.3,12.02,12.08,10.72,50100
27/02/2012,11.93,12.12,11.64,11.96,10.61,48200
28/02/2012,11.94,11.94,11.66,11.77,10.44,92700
29/02/2012,11.86,11.88,11.36,11.44,10.15,146400
01/03/2012,11.55,11.55,10.93,10.93,9.7,174000
02/03/2012,10.95,10.96,10.09,10.18,9.03,226500
05/03/2012,10.17,10.39,10.17,10.27,9.11,175300
06/03/2012,10.1,10.15,9.97,9.97,8.85,148300
07/03/2012,9.99,10.13,9.99,10.1,8.96,73100
08/03/2012,10.16,10.21,9.97,10.17,9.07,249800
09/03/2012,10.15,10.53,10.15,10.34,9.22,147700
12/03/2012,10.33,10.48,10.31,10.45,9.32,398000
13/03/2012,10.57,10.75,10.47,10.74,9.58,138700
14/03/2012,10.73,10.79,10.68,10.7,9.54,101100
15/03/2012,10.71,10.86,10.59,10.84,9.67,66600
16/03/2012,10.89,10.95,10.82,10.87,9.69,180800
19/03/2012,10.81,11.21,10.77,11.03,9.83,102800
20/03/2012,10.89,10.89,10.67,10.71,9.55,110300
21/03/2012,10.78,10.87,10.68,10.69,9.53,45500
22/03/2012,10.52,10.52,10.33,10.46,9.33,82700
23/03/2012,10.44,10.83,10.35,10.78,9.61,105400
26/03/2012,10.95,11.23,10.9,11.21,10.0,90000
27/03/2012,11.19,11.37,11.06,11.06,9.86,92800
28/03/2012,11.07,11.19,10.85,11.18,9.97,97700
29/03/2012,11.05,11.28,10.99,11.2,9.99,107100
30/03/2012,11.33,11.35,10.9,10.91,9.73,86300
02/04/2012,10.84,11.25,10.79,11.25,10.03,177900
03/04/2012,11.21,11.33,10.81,10.94,9.75,98100
04/04/2012,10.74,10.78,10.39,10.45,9.32,84600
05/04/2012,10.37,10.49,10.32,10.41,9.28,81600
09/04/2012,10.14,10.17,9.96,10.0,8.92,81800
10/04/2012,9.96,10.02,9.61,9.73,8.68,118300
11/04/2012,9.4,9.87,9.4,9.79,8.73,110100
12/04/2012,9.77,10.18,9.74,10.09,9.0,123700
13/04/2012,10.04,10.04,9.81,9.86,8.79,104500
16/04/2012,9.94,10.02,9.74,9.86,8.79,52100
17/04/2012,9.98,10.17,9.98,10.05,8.96,69300
18/04/2012,9.94,9.99,9.69,9.82,8.76,54700
19/04/2012,9.83,9.88,9.59,9.8,8.74,154100
20/04/2012,9.94,10.26,9.9,10.11,9.01,82200
23/04/2012,9.87,10.02,9.76,9.98,8.9,131400
24/04/2012,10.01,10.28,9.94,10.28,9.17,104100
25/04/2012,10.46,10.66,10.36,10.53,9.39,121900
26/04/2012,10.49,10.55,10.43,10.49,9.35,47300
27/04/2012,10.52,10.86,10.42,10.82,9.65,86000
30/04/2012,10.77,10.77,10.56,10.58,9.43,86000
01/05/2012,10.59,10.9,10.33,10.36,9.24,120300
02/05/2012,10.25,10.66,10.09,10.63,9.48,93000
03/05/2012,10.56,10.6,10.1,10.18,9.08,149900
04/05/2012,10.1,10.1,9.8,9.8,8.74,136600
07/05/2012,9.76,9.94,9.76,9.82,8.76,59000
08/05/2012,9.75,10.01,9.6,9.95,8.87,86200
09/05/2012,9.78,9.95,9.75,9.75,8.69,56000
10/05/2012,9.8,9.85,9.69,9.77,8.76,52500
11/05/2012,9.68,9.83,9.61,9.7,8.69,64000
14/05/2012,9.55,9.68,9.49,9.59,8.6,105300
15/05/2012,9.58,9.88,9.5,9.6,8.6,69000
16/05/2012,9.63,9.79,9.6,9.62,8.62,59600
17/05/2012,9.63,9.64,9.33,9.34,8.37,72200
18/05/2012,9.31,9.5,9.26,9.35,8.38,99500
21/05/2012,9.41,9.59,9.16,9.53,8.54,78700
22/05/2012,9.51,9.65,9.13,9.18,8.23,107000
23/05/2012,9.07,9.36,8.98,9.32,8.35,87000
24/05/2012,9.31,9.46,8.99,9.29,8.33,49400
25/05/2012,9.31,9.35,9.16,9.3,8.34,57200
29/05/2012,9.21,9.42,8.97,9.21,8.25,128600
30/05/2012,9.08,9.08,8.91,8.94,8.01,191800
31/05/2012,8.98,9.14,8.82,9.08,8.14,154000
01/06/2012,8.81,9.18,8.81,9.0,8.07,148000
04/06/2012,9.05,9.18,8.99,9.04,8.1,90700
05/06/2012,9.01,9.26,8.98,9.02,8.08,91600
06/06/2012,9.13,9.29,9.1,9.29,8.33,107200
07/06/2012,9.46,9.54,9.27,9.31,8.34,93400
08/06/2012,9.26,9.6,9.16,9.56,8.57,93600
11/06/2012,9.72,9.72,9.13,9.16,8.21,133300
12/06/2012,9.25,9.37,9.07,9.36,8.39,54800
13/06/2012,9.35,9.5,9.25,9.31,8.34,99200
14/06/2012,9.35,9.54,9.35,9.45,8.47,69600
15/06/2012,9.44,9.9,9.37,9.85,8.83,145300
18/06/2012,9.73,9.88,9.67,9.7,8.69,65100
19/06/2012,9.72,10.09,9.71,10.04,9.0,71100
20/06/2012,10.06,10.09,9.81,9.85,8.83,55200
21/06/2012,9.81,9.94,9.28,9.3,8.34,63900
22/06/2012,9.39,9.45,9.18,9.3,8.34,397300
25/06/2012,9.15,9.33,9.14,9.2,8.25,77800
26/06/2012,9.19,9.37,9.1,9.28,8.32,53500
27/06/2012,9.3,9.41,9.28,9.38,8.41,67300
28/06/2012,9.27,9.57,9.22,9.57,8.58,55700
29/06/2012,9.84,10.08,9.79,10.02,8.98,104400
02/07/2012,10.0,10.43,9.96,10.4,9.32,161700
03/07/2012,10.44,10.75,10.39,10.73,9.62,62300
05/07/2012,10.68,10.9,10.59,10.77,9.65,76200
06/07/2012,10.61,10.7,10.12,10.17,9.11,83500
09/07/2012,10.15,10.28,10.0,10.15,9.1,116400
10/07/2012,10.26,10.26,9.88,9.95,8.92,46300
11/07/2012,10.0,10.05,9.87,9.99,8.95,61000
12/07/2012,9.92,10.46,9.86,10.39,9.31,58900
13/07/2012,10.41,10.7,10.41,10.59,9.49,88800
16/07/2012,10.54,10.7,10.44,10.48,9.39,73700
17/07/2012,10.6,10.6,10.23,10.44,9.36,40400
18/07/2012,10.45,10.66,10.37,10.46,9.37,93900
19/07/2012,10.52,10.56,10.39,10.46,9.37,32100
20/07/2012,10.32,10.35,10.1,10.12,9.07,93700
23/07/2012,9.9,10.19,9.86,10.07,9.03,43900
24/07/2012,10.12,10.18,9.63,9.67,8.67,45300
25/07/2012,9.76,9.83,9.43,9.44,8.46,40700
26/07/2012,9.65,9.72,9.43,9.5,8.51,32600
27/07/2012,9.55,10.25,9.29,10.18,9.12,68500
30/07/2012,10.22,10.28,9.96,9.98,8.94,30700
31/07/2012,9.91,10.16,9.78,9.79,8.77,53000
01/08/2012,9.88,10.1,8.98,9.1,8.16,168300
02/08/2012,9.55,10.35,9.55,10.03,8.99,118800
03/08/2012,10.26,10.75,10.23,10.75,9.63,92300
06/08/2012,10.79,10.8,10.48,10.67,9.56,79200
07/08/2012,10.8,10.87,10.68,10.73,9.62,98000
08/08/2012,10.67,10.79,10.62,10.74,9.63,53000
09/08/2012,10.69,10.82,10.67,10.71,9.64,46100
10/08/2012,10.69,10.71,10.49,10.62,9.56,68300
13/08/2012,10.63,10.81,10.6,10.81,9.73,45900
14/08/2012,10.93,10.93,10.36,10.43,9.39,106200
15/08/2012,10.42,10.72,10.42,10.67,9.61,64600
16/08/2012,10.64,10.96,10.5,10.93,9.84,55100
17/08/2012,10.79,11.05,10.73,10.97,9.88,82900
20/08/2012,10.91,11.02,10.78,11.02,9.92,44200
21/08/2012,11.1,11.46,10.98,11.04,9.94,68300
22/08/2012,11.04,11.04,10.67,10.75,9.68,74800
23/08/2012,10.77,10.77,10.63,10.68,9.62,20900
24/08/2012,10.62,10.83,10.6,10.83,9.75,28700
27/08/2012,10.87,10.92,10.62,10.91,9.82,34100
28/08/2012,10.88,11.1,10.84,11.0,9.9,59000
29/08/2012,11.05,11.06,10.92,10.94,9.85,64600
30/08/2012,10.85,10.85,10.65,10.68,9.62,27900
31/08/2012,10.83,10.83,10.26,10.32,9.29,125700
04/09/2012,10.3,10.38,10.17,10.33,9.3,107000
05/09/2012,10.36,10.39,10.14,10.18,9.17,112700
06/09/2012,10.3,11.09,10.3,11.02,9.92,86100
07/09/2012,11.12,11.15,10.94,11.03,9.93,44200
10/09/2012,11.05,11.38,11.05,11.21,10.09,45700
11/09/2012,11.25,11.42,11.13,11.3,10.18,37700
12/09/2012,11.38,11.38,11.05,11.23,10.11,49500
13/09/2012,11.28,11.63,11.05,11.52,10.37,99700
14/09/2012,11.61,11.73,11.41,11.54,10.39,122900
17/09/2012,11.5,11.69,11.17,11.67,10.51,48500
18/09/2012,11.65,11.65,11.43,11.49,10.35,98700
19/09/2012,11.52,11.52,11.3,11.42,10.28,48500
20/09/2012,11.36,11.51,11.25,11.46,10.32,29300
21/09/2012,11.65,11.83,11.63,11.82,10.64,194000
24/09/2012,11.73,11.87,11.57,11.67,10.51,87400
25/09/2012,11.79,11.88,11.31,11.33,10.2,102800
26/09/2012,11.41,11.5,11.09,11.17,10.06,53800
27/09/2012,11.23,11.29,11.04,11.25,10.13,73200
28/09/2012,11.17,11.2,10.91,10.93,9.84,59000
01/10/2012,11.02,11.14,10.84,10.92,9.83,63900
02/10/2012,11.0,11.0,10.86,10.95,9.86,39800
03/10/2012,10.96,10.96,10.78,10.79,9.72,32200
04/10/2012,10.85,10.89,10.54,10.89,9.81,41300
05/10/2012,10.92,11.2,10.92,11.09,9.99,25600
08/10/2012,10.99,11.0,10.77,10.78,9.71,27200
09/10/2012,10.76,10.76,10.19,10.25,9.23,103100
10/10/2012,10.27,10.37,10.1,10.33,9.3,54400
11/10/2012,10.47,10.57,10.32,10.33,9.3,42100
12/10/2012,10.36,10.5,10.22,10.32,9.29,56000
15/10/2012,10.36,10.56,10.19,10.54,9.49,52300
16/10/2012,10.59,10.83,10.59,10.7,9.63,40700
17/10/2012,10.75,10.83,10.57,10.83,9.75,48400
18/10/2012,10.85,11.03,10.84,10.88,9.8,44000
19/10/2012,10.75,10.75,10.14,10.25,9.23,77000
22/10/2012,10.23,10.3,10.12,10.22,9.2,41600
23/10/2012,10.14,10.31,10.1,10.26,9.24,42500
24/10/2012,10.34,10.56,10.23,10.55,9.5,130300
25/10/2012,10.68,10.82,10.53,10.81,9.73,65300
26/10/2012,10.83,10.98,10.66,10.73,9.66,83300
31/10/2012,10.77,10.93,10.72,10.9,9.81,46100
01/11/2012,10.96,10.97,10.77,10.8,9.72,66700
02/11/2012,10.84,10.97,10.5,10.64,9.58,87200
05/11/2012,10.62,11.01,10.62,10.72,9.65,47200
06/11/2012,10.8,10.93,10.66,10.92,9.83,46300
07/11/2012,10.67,10.77,10.27,10.27,9.29,59600
08/11/2012,10.21,10.21,9.9,9.9,8.96,79600
09/11/2012,9.85,10.45,9.85,10.22,9.24,54200
12/11/2012,10.3,10.37,10.13,10.21,9.24,24300
13/11/2012,10.16,10.33,9.99,10.01,9.05,36900
14/11/2012,10.07,10.07,9.57,9.61,8.69,92300
15/11/2012,9.63,9.82,9.52,9.69,8.77,67800
16/11/2012,9.63,10.11,9.5,10.02,9.06,108800
19/11/2012,10.19,10.39,10.08,10.38,9.39,40100
20/11/2012,10.32,10.42,10.17,10.2,9.23,44400
21/11/2012,10.21,10.42,9.98,10.37,9.38,48300
23/11/2012,10.39,10.52,10.38,10.51,9.51,26500
26/11/2012,10.46,10.7,10.45,10.69,9.67,56400
27/11/2012,10.69,10.85,10.67,10.77,9.74,38700
28/11/2012,10.67,10.75,10.5,10.69,9.67,57100
29/11/2012,10.65,10.93,10.45,10.89,9.85,74500
30/11/2012,10.95,10.95,10.65,10.81,9.78,109100
03/12/2012,10.91,11.0,10.8,10.98,9.93,40500
04/12/2012,11.0,11.18,10.88,11.16,10.1,66000
05/12/2012,11.19,11.22,11.05,11.14,10.08,50400
06/12/2012,11.15,11.19,10.96,11.16,10.1,78800
07/12/2012,11.07,11.07,10.68,10.74,9.72,65400
10/12/2012,10.81,10.98,10.74,10.94,9.9,45800
11/12/2012,11.07,11.47,11.02,11.44,10.35,112300
12/12/2012,11.45,11.71,11.33,11.44,10.35,183800
13/12/2012,11.47,11.5,11.28,11.4,10.31,45500
14/12/2012,11.33,11.48,11.2,11.35,10.27,57200
17/12/2012,11.41,11.84,11.32,11.82,10.69,292500
18/12/2012,11.83,11.87,11.71,11.86,10.73,148300
19/12/2012,11.86,11.89,11.69,11.77,10.65,84900
20/12/2012,11.77,11.8,11.66,11.74,10.62,88400
21/12/2012,11.58,11.81,11.51,11.75,10.63,339200
24/12/2012,11.74,11.85,11.46,11.81,10.68,68600
26/12/2012,11.86,12.04,11.71,11.92,10.78,101800
27/12/2012,11.96,11.97,11.58,11.81,10.68,73600
28/12/2012,11.73,11.97,11.68,11.72,10.6,80000
31/12/2012,11.77,12.21,11.63,12.16,11.0,124200
02/01/2013,12.51,12.68,12.24,12.45,11.26,263100
03/01/2013,12.5,12.62,12.42,12.55,11.35,73500
04/01/2013,12.66,12.96,12.59,12.78,11.56,102600
07/01/2013,12.69,12.7,12.59,12.66,11.45,39600
08/01/2013,12.64,12.77,12.46,12.54,11.34,32500
09/01/2013,12.62,12.68,12.53,12.6,11.4,81600
10/01/2013,12.7,12.75,12.58,12.68,11.47,78900
11/01/2013,12.68,12.68,12.4,12.59,11.39,253800
14/01/2013,12.54,12.84,12.53,12.65,11.44,259800
15/01/2013,12.52,12.72,12.48,12.63,11.42,92000
16/01/2013,12.59,12.59,12.37,12.43,11.24,67200
17/01/2013,12.55,12.62,12.43,12.49,11.3,110400
18/01/2013,12.51,12.59,12.48,12.53,11.33,87900
22/01/2013,12.5,12.86,12.45,12.83,11.61,131200
23/01/2013,12.86,12.87,12.73,12.86,11.63,97000
24/01/2013,12.9,12.97,12.69,12.72,11.51,168100
25/01/2013,12.83,12.83,12.63,12.81,11.59,77300
28/01/2013,12.83,13.02,12.67,12.93,11.7,113200
29/01/2013,12.92,13.14,12.85,12.98,11.74,85900
30/01/2013,13.0,13.0,12.57,12.64,11.43,67300
31/01/2013,12.64,12.93,12.62,12.91,11.68,79900
01/02/2013,13.01,13.05,12.95,13.01,11.77,115700
04/02/2013,12.43,12.43,11.9,12.09,10.94,162500
05/02/2013,12.15,12.3,12.1,12.25,11.08,130100
06/02/2013,12.15,12.16,11.83,11.9,10.76,113000
07/02/2013,11.92,12.05,11.74,11.95,10.81,102800
08/02/2013,12.01,12.1,11.93,12.03,10.88,33400
11/02/2013,12.06,12.07,11.89,11.99,10.85,59300
12/02/2013,12.04,12.25,12.03,12.14,10.98,66900
13/02/2013,12.2,12.32,12.04,12.17,11.01,86700
14/02/2013,12.12,12.28,12.1,12.2,11.04,58800
15/02/2013,12.25,12.65,12.19,12.45,11.26,82800
19/02/2013,12.5,12.84,12.5,12.83,11.61,155700
20/02/2013,12.88,12.92,12.4,12.4,11.22,107000
21/02/2013,12.39,12.62,12.36,12.55,11.35,48400
22/02/2013,12.68,12.79,12.49,12.77,11.55,59900
25/02/2013,12.85,12.85,12.23,12.26,11.09,98600
26/02/2013,12.35,12.66,12.19,12.43,11.24,36900
27/02/2013,12.45,12.83,12.45,12.62,11.42,68400
28/02/2013,12.63,12.75,12.44,12.48,11.29,77600
01/03/2013,12.28,12.85,12.08,12.78,11.56,92800
04/03/2013,12.69,12.73,12.02,12.15,10.99,171200
05/03/2013,12.29,12.38,12.16,12.24,11.07,152500
06/03/2013,12.29,12.83,12.29,12.82,11.6,66700
07/03/2013,12.74,12.75,12.43,12.45,11.31,65400
08/03/2013,12.62,12.91,12.44,12.88,11.7,128600
11/03/2013,12.81,12.95,12.66,12.73,11.56,57800
12/03/2013,12.76,12.83,12.56,12.79,11.61,61900
13/03/2013,12.79,12.99,12.68,12.87,11.69,48600
14/03/2013,12.93,13.39,12.86,13.3,12.08,71000
15/03/2013,13.24,13.66,13.23,13.61,12.36,143800
18/03/2013,13.4,13.69,13.4,13.61,12.36,60300
19/03/2013,13.67,13.74,13.45,13.66,12.41,108400
20/03/2013,13.89,13.96,13.68,13.86,12.59,90900
21/03/2013,13.85,13.85,13.45,13.78,12.51,149300
22/03/2013,13.9,14.0,13.8,13.97,12.69,76600
25/03/2013,14.0,14.18,13.83,14.1,12.8,101500
26/03/2013,14.24,14.27,13.97,14.19,12.89,59700
27/03/2013,14.09,14.18,14.02,14.11,12.81,54700
28/03/2013,14.19,14.2,14.02,14.09,12.8,84600
01/04/2013,14.07,14.16,13.52,13.65,12.4,122600
02/04/2013,13.82,13.87,13.26,13.32,12.1,50900
03/04/2013,13.33,13.46,13.11,13.24,12.02,90800
04/04/2013,13.26,13.42,13.26,13.38,12.15,37300
05/04/2013,13.12,13.28,12.9,13.07,11.87,106900
08/04/2013,13.15,13.33,13.07,13.29,12.07,50400
09/04/2013,13.31,13.38,13.05,13.07,11.87,57600
10/04/2013,13.07,13.67,13.07,13.52,12.28,89600
11/04/2013,13.48,13.7,13.41,13.52,12.28,39500
12/04/2013,13.42,13.53,13.31,13.48,12.24,42100
15/04/2013,13.31,13.37,12.28,12.4,11.26,109300
16/04/2013,12.58,12.67,12.4,12.55,11.4,82400
17/04/2013,12.44,12.55,11.95,12.2,11.08,142100
18/04/2013,12.26,12.33,11.98,12.05,10.94,81300
19/04/2013,12.07,12.26,11.93,12.23,11.11,70500
22/04/2013,12.31,12.63,11.87,12.49,11.34,104800
23/04/2013,12.64,12.8,12.46,12.76,11.59,51800
24/04/2013,12.79,12.91,12.61,12.67,11.51,47000
25/04/2013,12.69,13.07,12.69,12.73,11.56,52000
26/04/2013,12.71,12.71,12.48,12.6,11.44,88100
29/04/2013,12.72,12.78,12.57,12.64,11.48,53600
30/04/2013,12.67,12.9,12.46,12.83,11.65,146100
01/05/2013,12.72,12.74,11.66,11.7,10.63,157000
02/05/2013,12.3,13.25,12.3,12.87,11.69,386100
03/05/2013,13.14,13.7,12.81,13.41,12.18,209900
06/05/2013,13.45,13.54,13.31,13.48,12.24,52900
07/05/2013,13.55,13.79,13.44,13.49,12.25,66800
08/05/2013,13.48,13.56,13.31,13.5,12.26,140400
09/05/2013,13.46,13.51,13.08,13.09,11.93,130600
10/05/2013,13.16,13.39,13.09,13.35,12.17,62000
13/05/2013,13.36,13.48,13.21,13.32,12.14,39500
14/05/2013,13.31,13.55,13.19,13.5,12.31,92200
15/05/2013,13.41,13.49,13.28,13.45,12.26,69800
16/05/2013,13.37,13.52,13.27,13.32,12.14,38800
17/05/2013,13.45,13.55,13.31,13.51,12.31,126000
20/05/2013,13.48,13.54,13.37,13.5,12.31,80100
21/05/2013,13.52,13.75,13.41,13.57,12.37,102900
22/05/2013,13.56,13.88,13.37,13.48,12.29,108700
23/05/2013,13.29,13.72,13.29,13.59,12.39,145700
24/05/2013,13.52,13.65,13.43,13.58,12.38,61400
28/05/2013,13.85,14.3,13.85,14.0,12.76,212300
29/05/2013,13.9,13.97,13.59,13.76,12.54,237600
30/05/2013,13.85,13.94,13.63,13.9,12.67,52200
31/05/2013,13.75,14.08,13.75,13.82,12.6,71100
03/06/2013,14.13,14.63,13.98,14.59,13.3,335500
04/06/2013,14.65,14.87,14.51,14.6,13.31,775600
05/06/2013,14.61,14.66,14.33,14.53,13.24,150200
06/06/2013,14.5,14.9,14.39,14.87,13.55,148700
07/06/2013,14.88,14.98,14.6,14.75,13.44,335100
10/06/2013,14.88,14.96,14.68,14.87,13.55,123900
11/06/2013,14.59,14.81,14.49,14.69,13.39,93300
12/06/2013,14.88,14.88,14.25,14.38,13.11,121800
13/06/2013,14.42,14.95,14.37,14.87,13.55,38200
14/06/2013,14.87,14.87,14.33,14.37,13.1,48600
17/06/2013,14.52,14.55,14.34,14.48,13.2,47400
18/06/2013,14.57,14.96,14.49,14.95,13.63,135500
19/06/2013,14.9,15.03,14.59,14.67,13.37,94200
20/06/2013,14.3,14.38,14.07,14.17,12.92,73100
21/06/2013,14.15,14.41,13.94,14.31,13.04,232800
24/06/2013,14.11,14.2,13.9,13.96,12.72,79600
25/06/2013,14.18,14.24,14.05,14.13,12.88,70800
26/06/2013,14.63,14.91,14.45,14.64,13.34,177800
27/06/2013,14.82,15.35,14.71,15.33,13.97,141600
28/06/2013,15.32,15.42,14.92,14.92,13.6,390000
01/07/2013,15.15,15.43,15.1,15.33,13.97,128700
02/07/2013,15.36,15.46,14.92,15.17,13.83,84500
03/07/2013,15.16,15.4,15.15,15.39,14.03,42500
05/07/2013,15.5,15.56,15.26,15.56,14.18,65300
08/07/2013,15.69,15.73,15.47,15.61,14.23,83100
09/07/2013,15.79,15.97,15.66,15.95,14.54,156400
10/07/2013,15.98,16.08,15.75,15.96,14.55,100800
11/07/2013,16.25,16.26,15.95,16.01,14.59,131200
12/07/2013,15.98,16.05,15.86,15.95,14.54,82200
15/07/2013,15.87,16.04,15.81,15.91,14.5,92700
16/07/2013,15.98,16.03,15.86,15.89,14.48,88600
17/07/2013,16.0,16.0,15.81,15.89,14.48,167700
18/07/2013,15.97,16.34,15.9,16.13,14.7,188700
19/07/2013,16.13,16.23,15.99,16.19,14.76,176700
22/07/2013,16.26,16.44,16.16,16.36,14.91,115200
23/07/2013,16.5,16.58,16.05,16.09,14.67,150700
24/07/2013,16.18,16.3,15.79,15.8,14.4,106600
25/07/2013,15.75,16.13,15.75,16.11,14.68,129900
26/07/2013,15.9,16.12,15.84,15.98,14.57,89000
29/07/2013,15.97,16.05,15.35,15.38,14.02,60900
30/07/2013,15.54,15.54,15.2,15.47,14.1,104500
31/07/2013,15.55,15.62,15.26,15.45,14.08,137700
01/08/2013,15.83,17.22,15.83,16.21,14.78,223400
02/08/2013,16.16,16.39,16.05,16.31,14.87,165300
05/08/2013,16.32,16.4,16.08,16.39,14.94,189200
06/08/2013,16.26,16.26,15.99,16.13,14.7,118100
07/08/2013,16.09,16.23,15.76,16.14,14.71,187600
08/08/2013,16.31,16.31,15.89,16.0,14.63,188000
09/08/2013,15.97,16.11,15.65,16.09,14.72,89300
12/08/2013,16.01,16.26,15.96,16.12,14.74,116500
13/08/2013,16.19,16.42,15.93,16.36,14.96,100800
14/08/2013,16.43,16.46,16.23,16.27,14.88,107200
15/08/2013,15.88,16.22,15.78,15.9,14.54,90700
16/08/2013,15.75,16.13,15.69,15.83,14.48,129300
19/08/2013,15.85,16.25,15.67,15.73,14.39,170300
20/08/2013,15.71,16.31,15.71,16.25,14.86,184700
21/08/2013,16.14,16.35,16.03,16.2,14.82,47500
22/08/2013,16.24,16.54,16.24,16.48,15.07,111200
23/08/2013,16.51,16.57,16.29,16.46,15.05,73800
26/08/2013,16.51,16.51,16.06,16.19,14.81,70800
27/08/2013,15.9,16.03,15.59,15.62,14.29,85600
28/08/2013,15.65,15.68,15.44,15.44,14.12,91600
29/08/2013,15.45,15.78,15.41,15.59,14.26,52700
30/08/2013,15.53,15.61,15.01,15.1,13.81,126400
03/09/2013,15.4,15.65,15.23,15.42,14.1,116900
04/09/2013,15.43,15.54,15.15,15.2,13.9,190600
05/09/2013,15.21,15.45,15.21,15.28,13.98,89000
06/09/2013,15.44,15.73,15.22,15.69,14.35,220200
09/09/2013,15.75,16.04,15.73,15.95,14.59,93500
10/09/2013,16.13,16.16,15.85,15.97,14.61,89700
11/09/2013,15.89,16.14,15.86,15.99,14.62,147700
12/09/2013,15.94,16.12,15.75,15.78,14.43,56900
13/09/2013,15.88,16.13,15.77,16.04,14.67,49800
16/09/2013,16.22,16.3,15.95,16.08,14.71,95200
17/09/2013,16.08,16.24,16.08,16.17,14.79,81100
18/09/2013,16.16,16.77,16.08,16.47,15.06,105700
19/09/2013,16.55,16.69,16.45,16.62,15.2,129500
20/09/2013,16.57,16.74,16.44,16.7,15.27,290600
23/09/2013,16.7,16.77,16.45,16.71,15.28,107200
24/09/2013,16.74,16.96,16.47,16.73,15.3,88900
25/09/2013,16.81,17.1,16.61,16.97,15.52,74900
26/09/2013,17.05,17.1,16.71,16.98,15.53,84000
27/09/2013,16.81,16.97,16.8,16.82,15.38,55200
30/09/2013,16.59,16.91,16.49,16.81,15.37,150800
01/10/2013,16.79,17.36,16.76,17.34,15.86,293900
02/10/2013,17.18,17.35,16.72,16.82,15.38,106000
03/10/2013,16.82,16.82,16.31,16.64,15.22,93200
04/10/2013,16.6,16.99,16.53,16.82,15.38,40000
07/10/2013,16.62,16.66,16.35,16.4,15.0,63900
08/10/2013,16.44,16.53,16.06,16.16,14.78,87400
09/10/2013,16.25,16.61,16.04,16.29,14.9,202800
10/10/2013,16.59,16.8,16.59,16.76,15.33,110700
11/10/2013,16.63,17.46,16.61,17.38,15.9,109100
14/10/2013,17.29,17.59,17.29,17.52,16.02,67100
15/10/2013,17.4,17.4,17.02,17.09,15.63,94200
16/10/2013,17.2,17.21,17.0,17.16,15.69,100900
17/10/2013,17.1,17.48,17.1,17.48,15.99,186000
18/10/2013,17.69,17.85,17.44,17.84,16.32,172300
21/10/2013,17.95,18.05,17.81,18.04,16.5,94600
22/10/2013,18.05,18.43,18.05,18.35,16.78,107500
23/10/2013,18.25,18.73,18.25,18.47,16.89,107800
24/10/2013,18.57,18.61,18.29,18.53,16.95,160500
25/10/2013,18.6,18.65,18.34,18.47,16.89,70100
28/10/2013,18.45,18.47,18.31,18.47,16.89,118600
29/10/2013,18.54,18.65,18.36,18.53,16.95,164600
30/10/2013,18.6,18.61,18.19,18.34,16.77,199400
31/10/2013,19.44,19.8,18.62,18.63,17.04,368800
01/11/2013,18.5,19.09,18.26,18.91,17.3,298200
04/11/2013,19.11,19.87,19.11,19.75,18.06,400400
05/11/2013,19.7,20.0,19.39,19.97,18.26,325200
06/11/2013,20.0,20.15,19.64,19.95,18.3,380700
07/11/2013,20.14,20.3,19.6,19.62,17.99,269300
08/11/2013,19.61,20.03,19.5,19.85,18.21,225000
11/11/2013,19.85,19.95,19.63,19.65,18.02,237000
12/11/2013,19.64,20.34,19.59,20.24,18.56,392800
13/11/2013,20.06,20.06,19.73,19.93,18.28,150400
14/11/2013,19.97,20.12,19.72,19.91,18.26,155300
15/11/2013,19.87,19.94,19.65,19.73,18.1,114600
18/11/2013,19.87,20.18,19.6,19.79,18.15,232700
19/11/2013,19.76,20.0,19.54,19.63,18.0,80400
20/11/2013,19.7,19.75,19.31,19.41,17.8,132800
21/11/2013,19.56,20.95,19.53,20.58,18.87,552100
22/11/2013,20.71,20.92,20.48,20.5,18.8,333700
25/11/2013,20.21,20.35,19.57,19.77,18.13,320400
26/11/2013,19.76,20.25,19.6,20.14,18.47,352600
27/11/2013,20.23,20.81,20.23,20.43,18.74,265600
29/11/2013,20.5,20.72,20.45,20.5,18.8,132500
02/12/2013,20.41,20.53,19.94,20.22,18.54,210400
03/12/2013,20.23,20.56,20.06,20.31,18.63,431900
04/12/2013,20.29,20.39,19.85,19.94,18.29,378200
05/12/2013,20.01,20.3,19.94,20.15,18.48,264000
06/12/2013,20.36,20.36,20.04,20.07,18.41,291000
09/12/2013,20.15,20.19,19.9,20.11,18.44,156300
10/12/2013,20.14,20.45,19.99,20.0,18.34,268800
11/12/2013,19.99,20.01,19.02,19.26,17.66,286300
12/12/2013,19.24,19.26,18.84,18.98,17.41,342500
13/12/2013,19.1,19.2,18.82,18.88,17.32,194300
16/12/2013,18.93,19.14,18.92,19.06,17.48,345600
17/12/2013,19.11,19.15,18.84,18.86,17.3,314700
18/12/2013,18.94,18.95,18.52,18.87,17.31,310200
19/12/2013,18.89,18.97,18.54,18.66,17.11,245900
20/12/2013,18.67,18.8,18.5,18.59,17.05,786200
23/12/2013,18.7,19.59,18.65,19.46,17.85,236100
24/12/2013,19.45,19.51,19.3,19.33,17.73,126400
26/12/2013,19.43,19.75,19.35,19.6,17.98,150200
27/12/2013,19.69,19.69,19.19,19.31,17.71,144400
30/12/2013,19.24,19.52,19.23,19.34,17.74,128500
31/12/2013,19.44,19.52,19.34,19.39,17.78,221200
02/01/2014,19.41,19.47,18.99,19.1,17.52,137200
03/01/2014,19.13,19.13,18.8,18.93,17.36,161400
06/01/2014,19.03,19.03,18.64,18.65,17.1,214500
07/01/2014,18.76,19.07,18.62,18.85,17.29,211500
08/01/2014,18.88,19.0,18.71,18.78,17.22,274400
09/01/2014,18.9,19.2,18.74,18.96,17.39,302400
10/01/2014,18.95,19.1,18.78,18.95,17.38,257900
13/01/2014,18.81,18.82,17.97,18.27,16.76,330100
14/01/2014,18.44,18.79,18.4,18.67,17.12,194900
15/01/2014,18.74,19.0,18.62,18.76,17.21,194800
16/01/2014,18.78,19.16,18.72,19.14,17.55,390000
17/01/2014,19.14,19.37,18.99,19.12,17.54,123300
21/01/2014,19.3,19.47,19.03,19.42,17.81,167500
22/01/2014,19.39,19.69,19.29,19.62,17.99,122400
23/01/2014,19.56,19.62,19.22,19.33,17.73,179300
24/01/2014,19.16,19.23,18.36,18.53,16.99,135600
27/01/2014,18.52,18.54,17.81,18.14,16.64,138100
28/01/2014,18.14,18.38,17.86,17.96,16.47,149500
29/01/2014,17.7,17.8,17.3,17.4,15.96,167000
30/01/2014,17.5,17.67,17.14,17.47,16.02,159600
31/01/2014,17.08,17.26,16.98,17.04,15.63,244000
03/02/2014,17.03,17.03,16.08,16.41,15.05,202900
04/02/2014,16.45,16.6,16.09,16.29,14.94,208700
05/02/2014,16.24,16.37,15.92,16.25,14.9,189600
06/02/2014,16.28,16.68,16.28,16.44,15.08,184700
07/02/2014,16.5,16.65,16.28,16.6,15.22,176800
10/02/2014,16.6,16.6,16.15,16.21,14.87,204500
11/02/2014,16.19,16.19,15.45,15.56,14.27,391400
12/02/2014,15.63,15.66,15.5,15.58,14.29,235100
13/02/2014,15.39,15.91,15.39,15.89,14.57,166700
14/02/2014,15.88,15.95,15.44,15.86,14.55,139000
18/02/2014,15.86,16.29,15.76,16.2,14.86,304100
19/02/2014,16.18,16.44,16.01,16.08,14.75,137600
20/02/2014,16.14,16.5,16.07,16.37,15.01,119800
21/02/2014,16.45,16.56,16.31,16.54,15.17,235700
24/02/2014,16.51,16.8,16.43,16.7,15.32,195100
25/02/2014,16.74,16.74,16.44,16.5,15.13,192900
26/02/2014,16.54,16.88,16.42,16.57,15.2,199600
27/02/2014,16.54,16.95,16.4,16.93,15.53,212500
28/02/2014,16.9,17.0,16.03,16.43,15.07,721300
03/03/2014,16.19,16.2,15.85,16.01,14.68,383900
04/03/2014,16.25,16.68,16.21,16.61,15.23,867500
05/03/2014,16.62,16.72,16.5,16.61,15.23,234200
06/03/2014,16.65,16.94,16.61,16.82,15.48,215200
07/03/2014,16.97,17.09,16.77,17.03,15.67,203600
10/03/2014,17.05,17.24,16.82,16.86,15.51,149000
11/03/2014,16.86,16.86,16.23,16.46,15.15,394100
12/03/2014,16.4,16.55,16.08,16.53,15.21,185800
13/03/2014,16.64,16.64,16.38,16.45,15.14,170700
14/03/2014,16.41,16.64,16.31,16.54,15.22,119900
17/03/2014,16.66,16.66,16.01,16.06,14.78,275100
18/03/2014,16.1,16.2,16.02,16.14,14.85,465800
19/03/2014,16.14,16.2,16.01,16.15,14.86,320200
20/03/2014,16.19,16.3,16.08,16.22,14.93,170900
21/03/2014,16.25,16.54,16.22,16.3,15.0,221500
24/03/2014,16.35,16.46,15.82,15.95,14.68,228300
25/03/2014,16.11,16.21,15.95,16.03,14.75,163100
26/03/2014,16.19,16.2,15.68,15.68,14.43,156600
27/03/2014,15.67,15.79,15.38,15.39,14.16,137200
28/03/2014,15.47,15.56,15.21,15.33,14.11,151600
31/03/2014,15.38,15.47,15.23,15.24,14.02,264100
01/04/2014,15.27,15.39,15.26,15.36,14.13,182100
02/04/2014,15.35,15.46,15.23,15.32,14.1,177700
03/04/2014,15.37,15.73,15.3,15.6,14.36,319000
04/04/2014,15.7,15.98,15.24,15.25,14.03,369700
07/04/2014,15.27,15.34,14.79,15.1,13.89,263900
08/04/2014,15.06,15.22,15.04,15.14,13.93,175700
09/04/2014,15.27,15.5,15.17,15.4,14.17,298800
10/04/2014,15.44,15.58,14.94,15.03,13.83,205400
11/04/2014,14.86,15.05,14.68,14.79,13.61,245800
14/04/2014,14.91,15.0,14.66,14.73,13.55,253800
15/04/2014,14.75,14.78,14.38,14.61,13.44,137400
16/04/2014,14.74,14.84,14.62,14.66,13.49,94100
17/04/2014,14.64,14.96,14.57,14.89,13.7,229800
21/04/2014,15.57,15.93,15.21,15.44,14.21,303100
22/04/2014,15.53,15.89,15.37,15.84,14.58,335800
23/04/2014,15.77,15.99,15.69,15.72,14.47,234100
24/04/2014,15.87,15.87,15.54,15.65,14.4,174700
25/04/2014,15.64,15.64,15.42,15.48,14.24,200800
28/04/2014,15.48,15.6,14.94,15.12,13.91,244200
29/04/2014,15.16,15.24,14.89,14.98,13.78,115600
30/04/2014,14.99,15.08,14.61,15.0,13.8,172800
01/05/2014,14.24,15.19,14.04,14.91,13.72,441100
02/05/2014,14.96,16.05,14.92,15.79,14.53,274300
05/05/2014,15.61,15.71,14.98,15.28,14.06,181700
06/05/2014,15.3,15.53,15.11,15.3,14.08,283800
07/05/2014,15.27,15.4,15.1,15.39,14.16,159900
08/05/2014,15.3,15.54,14.98,15.01,13.86,179800
09/05/2014,14.89,15.23,14.86,15.22,14.06,93400
12/05/2014,15.38,16.26,15.28,16.26,15.02,294500
13/05/2014,16.21,16.27,15.83,15.96,14.74,350400
14/05/2014,15.88,15.88,15.5,15.57,14.38,273800
15/05/2014,15.45,15.45,15.01,15.33,14.16,184300
16/05/2014,15.29,15.6,15.21,15.58,14.39,125500
19/05/2014,15.61,16.01,15.52,15.71,14.51,109800
20/05/2014,15.63,15.77,15.42,15.61,14.42,321500
21/05/2014,15.64,15.76,15.45,15.54,14.35,146100
22/05/2014,15.54,15.65,15.45,15.52,14.33,85300
23/05/2014,15.48,15.91,15.47,15.9,14.68,101100
27/05/2014,15.98,16.38,15.9,16.26,15.02,81700
28/05/2014,16.18,16.26,15.75,15.78,14.57,157800
29/05/2014,15.89,15.89,15.68,15.87,14.66,57600
30/05/2014,16.09,16.53,16.08,16.5,15.24,273400
02/06/2014,16.43,16.48,15.92,16.01,14.79,129700
03/06/2014,15.99,16.16,15.65,15.77,14.56,134100
04/06/2014,15.77,15.93,15.6,15.71,14.51,115600
05/06/2014,15.71,16.29,15.64,16.28,15.03,158600
06/06/2014,16.43,16.72,16.26,16.63,15.36,152700
09/06/2014,16.58,17.19,16.56,17.14,15.83,185800
10/06/2014,17.01,17.23,16.95,17.14,15.83,107300
11/06/2014,17.02,17.04,16.47,16.61,15.34,163800
12/06/2014,16.58,16.58,16.15,16.23,14.99,81100
13/06/2014,16.23,16.23,15.93,15.94,14.72,133000
16/06/2014,15.98,15.99,15.58,15.88,14.67,83600
17/06/2014,15.8,16.16,15.76,15.93,14.71,139700
18/06/2014,15.93,16.01,15.74,16.0,14.78,85400
19/06/2014,15.99,16.11,15.72,15.96,14.74,84100
20/06/2014,15.94,16.08,15.89,15.97,14.75,243300
23/06/2014,15.98,15.98,15.57,15.74,14.54,88600
24/06/2014,15.69,15.88,15.43,15.47,14.29,144000
25/06/2014,15.42,15.57,15.19,15.54,14.35,87200
26/06/2014,15.6,15.67,15.28,15.61,14.42,101900
27/06/2014,15.52,16.0,15.48,15.91,14.69,210600
30/06/2014,15.85,15.92,15.65,15.8,14.59,140900
01/07/2014,15.91,16.6,15.9,16.38,15.13,223500
02/07/2014,16.33,16.48,16.16,16.18,14.94,115700
03/07/2014,16.21,16.46,16.19,16.33,15.08,60200
07/07/2014,16.3,16.3,15.88,15.97,14.75,142300
08/07/2014,15.88,15.96,15.69,15.9,14.68,240100
09/07/2014,15.97,16.27,15.93,15.96,14.74,146700
10/07/2014,15.62,15.74,15.46,15.55,14.36,113500
11/07/2014,15.51,15.65,15.37,15.55,14.36,99600
14/07/2014,15.78,15.91,15.73,15.77,14.56,63300
15/07/2014,15.72,15.91,15.42,15.55,14.36,108500
16/07/2014,15.58,15.71,15.33,15.63,14.43,129600
17/07/2014,15.45,15.62,15.45,15.49,14.3,128600
18/07/2014,15.5,15.91,15.5,15.88,14.67,140900
21/07/2014,15.74,15.86,15.61,15.75,14.55,125800
22/07/2014,15.82,16.07,15.82,15.85,14.64,73100
23/07/2014,15.88,16.11,15.8,15.98,14.76,105800
24/07/2014,15.94,15.96,15.68,15.73,14.53,116600
25/07/2014,15.56,15.67,15.48,15.52,14.33,128600
28/07/2014,15.51,15.53,15.28,15.5,14.31,121400
29/07/2014,15.51,15.74,15.51,15.61,14.42,122600
30/07/2014,15.69,15.77,15.52,15.66,14.46,144900
31/07/2014,14.63,15.08,13.28,14.9,13.76,652700
01/08/2014,14.82,14.83,14.25,14.31,13.22,241300
04/08/2014,14.33,14.49,14.22,14.44,13.34,200100
05/08/2014,14.31,14.74,14.31,14.63,13.51,190000
06/08/2014,14.6,14.76,14.59,14.65,13.53,219300
07/08/2014,14.62,14.76,14.5,14.59,13.47,289900
08/08/2014,14.51,14.97,14.51,14.79,13.71,258100
11/08/2014,14.86,15.05,14.75,14.84,13.76,89600
12/08/2014,14.73,14.94,14.58,14.71,13.64,178500
13/08/2014,14.75,14.96,14.69,14.7,13.63,68300
14/08/2014,14.68,14.86,14.64,14.75,13.67,72000
15/08/2014,14.93,15.0,14.45,14.65,13.58,151800
18/08/2014,14.84,15.1,14.75,15.1,14.0,123100
19/08/2014,15.18,15.22,14.93,14.96,13.87,83800
20/08/2014,14.96,15.13,14.81,14.89,13.8,108000
21/08/2014,14.87,15.22,14.75,15.15,14.04,111700
22/08/2014,15.09,15.24,14.91,15.16,14.05,76100
25/08/2014,15.24,15.33,15.03,15.12,14.02,50200
26/08/2014,15.12,15.38,15.05,15.24,14.13,133700
27/08/2014,15.23,15.3,15.1,15.19,14.08,63400
28/08/2014,15.15,15.17,14.85,15.07,13.97,50000
29/08/2014,15.07,15.23,14.95,15.2,14.09,55200
02/09/2014,15.29,15.39,15.09,15.32,14.2,86800
03/09/2014,15.44,15.53,15.0,15.1,14.0,115000
04/09/2014,15.09,15.3,14.83,14.9,13.81,161100
05/09/2014,14.87,15.04,14.67,14.86,13.78,152700
08/09/2014,14.82,15.11,14.77,14.92,13.83,118500
09/09/2014,14.83,14.95,14.71,14.74,13.66,109700
10/09/2014,14.7,14.96,14.61,14.91,13.82,154000
11/09/2014,14.82,15.09,14.82,15.0,13.9,86600
12/09/2014,15.02,15.08,14.89,14.99,13.9,98900
15/09/2014,14.93,14.93,14.6,14.76,13.68,83900
16/09/2014,14.69,14.79,14.56,14.6,13.53,117600
17/09/2014,14.57,14.78,14.38,14.55,13.49,187500
18/09/2014,14.58,14.78,14.58,14.67,13.6,121700
19/09/2014,14.73,14.88,14.54,14.61,13.54,251400
22/09/2014,14.56,14.56,14.34,14.38,13.33,110700
23/09/2014,14.3,14.41,14.06,14.14,13.11,111100
24/09/2014,14.13,14.22,13.86,13.97,12.95,155900
25/09/2014,13.91,14.01,13.71,13.78,12.77,110300
26/09/2014,13.8,13.99,13.8,13.94,12.92,97400
29/09/2014,13.78,13.99,13.78,13.87,12.86,91800
30/09/2014,13.85,13.95,13.55,13.55,12.56,146200
01/10/2014,13.49,13.59,13.2,13.4,12.42,147400
02/10/2014,13.4,13.64,13.35,13.55,12.56,147500
03/10/2014,13.66,13.82,13.48,13.49,12.51,125800
06/10/2014,13.5,13.62,13.19,13.23,12.26,120100
07/10/2014,13.09,13.19,12.94,12.98,12.03,102400
08/10/2014,12.91,13.24,12.82,13.07,12.12,140100
09/10/2014,13.03,13.03,12.76,12.81,11.87,113000
10/10/2014,12.7,13.09,12.63,12.99,12.04,159300
13/10/2014,13.0,13.26,12.98,13.15,12.19,156700
14/10/2014,13.25,13.67,13.16,13.25,12.28,166900
15/10/2014,13.05,13.83,12.99,13.74,12.74,235400
16/10/2014,13.47,14.1,13.42,13.85,12.84,284200
17/10/2014,14.0,14.15,13.84,13.93,12.91,295400
20/10/2014,13.85,14.16,13.85,14.14,13.11,135500
21/10/2014,14.18,14.45,14.13,14.45,13.39,126700
22/10/2014,14.53,14.58,14.32,14.37,13.32,140500
23/10/2014,14.49,14.79,14.39,14.59,13.52,105800
24/10/2014,14.64,14.74,14.43,14.72,13.65,81900
27/10/2014,14.69,14.85,14.51,14.83,13.75,118500
28/10/2014,14.85,15.64,14.76,15.64,14.5,195200
29/10/2014,15.7,15.75,15.33,15.6,14.46,109600
30/10/2014,13.84,15.26,13.84,15.19,14.08,204400
31/10/2014,15.44,15.45,15.22,15.36,14.24,211400
03/11/2014,15.43,15.55,15.02,15.14,14.03,196300
04/11/2014,15.13,15.54,15.13,15.3,14.18,173900
05/11/2014,15.36,15.41,14.92,14.98,13.89,160200
06/11/2014,14.96,15.05,14.78,14.9,13.87,179600
07/11/2014,14.83,14.98,14.83,14.96,13.92,113900
10/11/2014,14.97,15.21,14.95,15.11,14.06,76700
11/11/2014,15.05,15.11,14.84,15.02,13.98,108500
12/11/2014,14.9,15.25,14.81,15.17,14.12,73000
13/11/2014,15.13,15.33,14.88,14.9,13.87,50100
14/11/2014,14.95,15.0,14.85,14.9,13.87,57600
17/11/2014,14.81,14.91,14.24,14.28,13.29,97000
18/11/2014,14.25,14.53,14.22,14.35,13.36,92000
19/11/2014,14.38,14.38,13.99,14.17,13.19,68400
20/11/2014,14.13,14.57,14.13,14.48,13.48,95100
21/11/2014,14.69,14.89,14.62,14.72,13.7,104800
24/11/2014,14.79,15.04,14.62,15.01,13.97,178400
25/11/2014,15.02,15.09,14.89,15.06,14.02,76500
26/11/2014,15.07,15.09,14.9,15.03,13.99,81700
28/11/2014,14.96,14.96,14.3,14.37,13.37,96800
01/12/2014,14.42,14.86,14.35,14.71,13.69,146200
02/12/2014,14.82,15.27,14.82,15.12,14.07,204300
03/12/2014,15.06,15.72,15.06,15.67,14.58,231200
04/12/2014,15.62,15.92,15.53,15.85,14.75,146500
05/12/2014,15.84,16.34,15.84,16.3,15.17,168100
08/12/2014,16.25,16.34,15.95,15.96,14.85,259600
09/12/2014,15.76,16.37,15.68,16.34,15.21,214000
10/12/2014,16.23,16.25,15.78,15.8,14.71,217500
11/12/2014,15.82,16.3,15.82,15.84,14.74,127900
12/12/2014,15.57,15.77,15.47,15.53,14.45,153100
15/12/2014,15.58,15.85,15.5,15.56,14.48,114700
16/12/2014,15.56,15.99,15.56,15.76,14.67,166800
17/12/2014,15.79,16.5,15.64,16.4,15.26,209300
18/12/2014,16.64,16.82,16.43,16.75,15.59,115100
19/12/2014,16.75,17.19,16.69,17.13,15.94,647800
22/12/2014,17.17,17.24,16.8,17.04,15.86,125000
23/12/2014,17.17,17.42,17.07,17.12,15.93,133100
24/12/2014,17.07,17.26,16.89,17.18,15.99,73600
26/12/2014,17.28,17.5,17.15,17.42,16.21,45300
29/12/2014,17.25,17.6,17.11,17.4,16.19,106200
30/12/2014,17.4,17.58,17.18,17.3,16.1,67700
31/12/2014,17.39,17.5,17.11,17.12,15.93,113600
02/01/2015,17.16,17.18,16.6,16.88,15.71,119300
05/01/2015,16.75,16.82,16.45,16.6,15.45,132400
06/01/2015,16.6,16.71,16.21,16.3,15.17,208000
07/01/2015,16.36,16.45,16.24,16.44,15.3,118300
08/01/2015,16.61,16.93,16.49,16.79,15.63,269100
09/01/2015,16.74,16.87,16.44,16.62,15.47,133900
12/01/2015,16.62,16.84,16.43,16.79,15.63,168000
13/01/2015,16.97,17.05,16.44,16.84,15.67,209200
14/01/2015,16.6,16.85,16.51,16.78,15.62,85000
15/01/2015,16.87,16.88,16.15,16.16,15.04,127100
16/01/2015,16.07,16.29,15.88,16.21,15.09,161000
20/01/2015,16.17,16.21,15.58,15.87,14.77,153300
21/01/2015,15.8,15.9,15.64,15.87,14.77,147000
22/01/2015,15.97,16.43,15.67,16.31,15.18,100800
23/01/2015,16.31,16.45,16.1,16.38,15.25,83800
26/01/2015,16.32,16.73,16.25,16.61,15.46,68500
27/01/2015,16.35,16.6,16.26,16.54,15.39,57600
28/01/2015,16.7,16.79,16.22,16.45,15.31,154300
29/01/2015,16.48,16.99,16.42,16.98,15.8,96700
30/01/2015,16.81,16.95,16.63,16.65,15.5,172600
02/02/2015,16.73,17.3,16.59,17.26,16.06,133300
03/02/2015,17.33,18.17,17.33,18.11,16.86,211900
04/02/2015,17.97,18.12,17.6,17.71,16.48,90300
05/02/2015,17.72,17.9,17.72,17.82,16.59,113200
06/02/2015,17.4,17.68,17.06,17.25,16.05,181100
09/02/2015,17.24,17.45,16.97,17.06,15.88,98100
10/02/2015,17.11,17.11,16.56,16.81,15.65,90200
11/02/2015,16.79,16.86,16.38,16.68,15.52,85700
12/02/2015,16.9,16.99,16.65,16.92,15.75,96600
13/02/2015,16.93,17.11,16.7,16.96,15.78,99400
17/02/2015,16.9,17.1,16.72,16.99,15.81,57100
18/02/2015,16.91,17.3,16.68,17.23,16.04,111100
19/02/2015,17.11,17.26,16.93,16.94,15.77,60900
20/02/2015,16.86,16.98,16.61,16.66,15.51,148300
23/02/2015,16.57,16.78,16.4,16.76,15.6,84400
24/02/2015,16.75,17.06,16.75,16.85,15.68,66100
25/02/2015,16.85,16.96,16.68,16.77,15.61,98000
26/02/2015,16.71,16.95,16.65,16.88,15.71,69100
27/02/2015,18.5,19.24,18.03,18.7,17.4,478900
02/03/2015,18.63,19.39,18.46,18.74,17.44,342200
03/03/2015,18.66,18.98,18.56,18.75,17.45,134200
04/03/2015,18.74,18.74,18.4,18.65,17.36,174700
05/03/2015,18.7,19.29,18.6,18.99,17.67,330500
06/03/2015,18.76,19.14,18.69,18.85,17.54,148100
09/03/2015,18.84,19.18,18.8,18.94,17.63,508300
10/03/2015,18.72,19.07,18.7,18.84,17.59,245800
11/03/2015,18.91,19.03,18.71,18.97,17.71,254600
12/03/2015,19.08,19.75,18.98,19.66,18.36,368400
13/03/2015,19.73,19.76,19.26,19.42,18.13,236300
16/03/2015,19.42,19.51,19.29,19.34,18.06,177500
17/03/2015,19.14,19.7,19.1,19.56,18.26,208600
18/03/2015,19.52,19.94,19.28,19.86,18.54,112200
19/03/2015,19.7,19.77,19.6,19.71,18.4,74800
20/03/2015,19.84,20.0,19.68,19.74,18.43,227400
23/03/2015,19.7,19.98,19.65,19.83,18.51,144200
24/03/2015,19.86,20.17,19.71,20.01,18.68,174500
25/03/2015,20.15,20.18,19.64,19.67,18.37,176500
26/03/2015,19.67,20.34,19.53,20.29,18.94,252600
27/03/2015,20.33,20.54,20.05,20.31,18.96,300400
30/03/2015,20.51,21.44,20.42,21.18,19.78,447200
31/03/2015,21.03,21.1,20.83,21.04,19.64,232000
01/04/2015,20.99,21.18,20.89,21.04,19.64,254100
02/04/2015,21.02,21.37,20.94,21.13,19.73,184900
06/04/2015,20.97,21.1,19.96,20.3,18.95,341300
07/04/2015,20.21,20.44,20.08,20.14,18.8,261000
08/04/2015,20.13,20.41,20.04,20.3,18.95,359200
09/04/2015,20.36,20.49,20.1,20.35,19.0,107000
10/04/2015,20.4,20.78,20.26,20.76,19.38,302600
13/04/2015,20.72,21.02,20.55,20.97,19.58,166700
14/04/2015,20.96,21.25,20.87,21.21,19.8,221400
15/04/2015,21.4,21.4,21.0,21.17,19.77,140400
16/04/2015,21.03,21.05,20.69,20.77,19.39,139100
17/04/2015,20.6,20.6,20.1,20.11,18.78,116600
20/04/2015,20.22,20.32,19.98,20.15,18.81,142600
21/04/2015,20.18,20.45,19.98,20.34,18.99,91300
22/04/2015,20.29,20.41,19.97,20.41,19.06,142400
23/04/2015,20.4,20.72,20.37,20.54,19.18,103700
24/04/2015,20.58,20.58,20.35,20.44,19.08,67200
27/04/2015,20.59,21.17,20.59,20.7,19.33,274700
28/04/2015,20.74,20.87,20.56,20.65,19.28,150400
29/04/2015,20.59,20.81,20.44,20.6,19.23,175000
30/04/2015,21.0,21.68,20.41,20.69,19.32,417700
01/05/2015,20.84,21.24,20.8,21.12,19.72,316800
04/05/2015,21.25,21.48,21.15,21.32,19.91,331400
05/05/2015,21.38,21.69,21.32,21.4,19.98,246700
06/05/2015,21.5,21.57,21.26,21.34,19.92,196900
07/05/2015,21.43,21.8,21.18,21.69,20.25,356000
08/05/2015,21.87,22.0,21.61,21.82,20.37,272400
11/05/2015,21.9,22.2,21.87,21.95,20.49,438300
12/05/2015,21.86,22.14,21.46,22.0,20.6,283100
13/05/2015,22.11,22.45,21.97,22.26,20.84,224600
14/05/2015,22.34,22.77,22.31,22.5,21.07,196700
15/05/2015,22.55,22.82,22.33,22.4,20.97,171100
18/05/2015,22.4,22.45,22.16,22.23,20.81,417900
19/05/2015,22.22,22.64,22.13,22.45,21.02,659100
20/05/2015,22.6,22.96,22.25,22.79,21.34,532900
21/05/2015,22.8,23.01,22.7,22.79,21.34,227500
22/05/2015,22.78,23.12,22.55,22.63,21.19,216900
26/05/2015,22.6,22.6,22.12,22.2,20.78,181800
27/05/2015,22.2,22.33,21.9,22.21,20.79,274900
28/05/2015,22.17,22.51,22.12,22.4,20.97,243200
29/05/2015,22.37,22.57,22.16,22.45,21.02,279700
01/06/2015,22.61,23.12,22.39,22.86,21.4,544000
02/06/2015,22.72,23.03,22.61,22.85,21.39,364700
03/06/2015,22.99,23.56,22.81,23.49,21.99,283300
04/06/2015,23.46,23.48,23.03,23.07,21.6,151100
05/06/2015,23.02,23.27,22.77,23.16,21.68,155200
08/06/2015,23.17,23.19,22.79,22.8,21.35,143300
09/06/2015,22.84,23.0,22.74,22.94,21.48,207600
10/06/2015,23.2,23.77,23.17,23.65,22.14,361100
11/06/2015,23.69,23.95,23.52,23.66,22.15,192600
12/06/2015,23.59,23.96,23.36,23.9,22.38,221800
15/06/2015,23.92,23.92,22.93,23.05,21.58,356200
16/06/2015,23.06,23.25,22.63,22.68,21.23,357100
17/06/2015,22.74,22.98,22.59,22.8,21.35,191400
18/06/2015,22.96,23.42,22.8,23.4,21.91,224600
19/06/2015,23.5,23.5,23.17,23.2,21.72,231300
22/06/2015,23.29,23.49,23.22,23.4,21.91,164300
23/06/2015,23.41,23.66,23.31,23.43,21.94,149100
24/06/2015,23.37,23.37,22.88,23.04,21.57,160300
25/06/2015,23.18,23.18,22.88,22.98,21.51,201600
26/06/2015,23.01,23.32,23.01,23.26,21.78,721200
29/06/2015,23.13,23.55,22.85,22.89,21.43,228400
30/06/2015,23.09,23.19,22.82,22.95,21.49,210000
01/07/2015,23.14,23.45,23.0,23.27,21.79,217000
02/07/2015,23.28,23.37,22.64,23.08,21.61,133900
06/07/2015,22.81,23.24,22.81,23.18,21.7,134000
07/07/2015,23.14,23.19,22.64,23.11,21.64,262400
08/07/2015,22.91,23.25,22.77,23.09,21.62,160600
09/07/2015,23.33,23.5,23.1,23.16,21.68,219300
10/07/2015,23.41,23.73,23.32,23.47,21.97,126100
13/07/2015,23.59,23.65,23.34,23.45,21.95,290800
14/07/2015,23.42,23.88,23.18,23.74,22.23,316100
15/07/2015,23.68,23.78,22.91,22.98,21.51,341400
16/07/2015,23.18,23.38,22.99,23.11,21.64,267200
17/07/2015,23.07,23.75,22.96,23.36,21.87,509000
20/07/2015,23.43,23.64,23.11,23.63,22.12,313500
21/07/2015,23.71,24.46,23.71,24.22,22.68,544100
22/07/2015,24.22,25.51,24.15,25.45,23.83,550300
23/07/2015,25.55,25.56,24.93,25.5,23.87,444600
24/07/2015,25.39,25.62,24.68,24.87,23.28,434900
27/07/2015,24.82,24.82,23.98,24.54,22.98,264700
28/07/2015,24.6,24.6,24.1,24.2,22.66,326300
29/07/2015,24.25,24.45,24.05,24.39,22.83,248700
30/07/2015,24.31,24.74,24.25,24.48,22.92,214000
31/07/2015,26.0,28.14,25.79,27.64,25.88,830500
03/08/2015,27.9,27.95,27.37,27.62,25.86,489200
04/08/2015,27.85,28.8,27.8,28.79,26.95,639400
05/08/2015,28.96,29.46,28.78,29.45,27.57,475000
06/08/2015,29.51,30.01,28.41,29.23,27.37,457000
07/08/2015,29.08,29.58,27.98,28.45,26.64,512700
10/08/2015,28.7,30.32,28.5,30.12,28.2,814900
11/08/2015,29.17,29.56,27.35,27.93,26.15,920800
12/08/2015,27.75,28.46,27.47,28.43,26.68,590800
13/08/2015,28.58,29.65,28.46,29.35,27.54,870400
14/08/2015,29.38,29.47,29.08,29.33,27.52,284200
17/08/2015,29.3,29.37,28.88,29.29,27.49,404300
18/08/2015,29.37,29.7,29.05,29.18,27.38,342900
19/08/2015,29.07,29.79,29.0,29.45,27.64,460900
20/08/2015,29.26,29.58,29.0,29.26,27.46,332100
21/08/2015,28.74,29.44,28.18,28.75,26.98,381000
24/08/2015,27.25,28.72,26.15,27.6,25.9,600400
25/08/2015,28.28,28.37,26.99,27.01,25.35,472500
26/08/2015,27.7,27.75,26.83,27.38,25.69,576900
27/08/2015,27.74,27.93,27.13,27.76,26.05,384400
28/08/2015,27.7,28.06,27.47,27.66,25.96,348900
31/08/2015,27.45,27.96,27.3,27.72,26.01,383200
01/09/2015,27.2,28.0,27.2,27.5,25.81,486400
02/09/2015,27.86,28.15,27.65,28.06,26.33,678500
03/09/2015,28.14,28.7,27.73,28.06,26.33,523500
04/09/2015,27.64,28.15,27.64,28.02,26.29,214900
08/09/2015,28.49,28.64,28.38,28.49,26.74,509400
09/09/2015,28.65,28.85,28.42,28.49,26.74,513800
10/09/2015,28.46,28.79,28.31,28.44,26.69,332600
11/09/2015,28.3,28.52,28.27,28.41,26.66,387900
14/09/2015,28.42,28.86,28.37,28.74,26.97,539800
15/09/2015,28.9,29.19,28.84,28.95,27.17,550300
16/09/2015,29.0,29.21,28.72,28.94,27.16,293500
17/09/2015,28.9,29.3,28.84,28.9,27.12,329600
18/09/2015,28.5,28.99,28.3,28.44,26.69,469600
21/09/2015,28.68,29.06,28.56,28.7,26.93,286400
22/09/2015,28.44,28.49,27.52,28.0,26.28,564500
23/09/2015,28.06,28.3,27.6,27.83,26.12,309200
24/09/2015,27.67,27.74,26.97,27.21,25.53,354900
25/09/2015,27.34,27.39,26.6,26.8,25.15,436000
28/09/2015,26.63,26.91,25.56,25.7,24.12,383600
29/09/2015,25.66,26.28,25.45,26.18,24.57,519200
30/09/2015,26.42,27.32,26.42,27.26,25.58,495800
01/10/2015,27.32,27.55,26.95,27.47,25.78,297300
02/10/2015,27.12,27.65,26.71,27.65,25.95,250900
05/10/2015,27.86,28.47,27.68,28.23,26.49,233300
06/10/2015,28.3,28.44,27.62,27.7,25.99,181700
07/10/2015,27.78,28.76,27.72,28.6,26.84,378300
08/10/2015,28.57,29.28,28.26,29.08,27.29,473400
09/10/2015,29.15,29.85,29.0,29.49,27.67,439700
12/10/2015,29.46,30.21,29.34,30.03,28.18,321200
13/10/2015,29.86,30.89,29.7,30.24,28.38,507700
14/10/2015,30.12,30.32,29.46,29.52,27.7,321900
15/10/2015,29.5,29.73,29.21,29.5,27.68,390600
16/10/2015,29.6,29.63,28.99,29.33,27.52,231800
19/10/2015,29.25,29.8,28.9,29.77,27.94,409700
20/10/2015,29.84,30.22,29.8,30.1,28.25,219800
21/10/2015,30.17,30.46,29.41,29.65,27.82,189600
22/10/2015,29.74,30.61,29.49,30.49,28.61,271700
23/10/2015,30.63,30.8,29.86,30.1,28.25,378500
26/10/2015,30.06,30.63,29.89,30.57,28.69,382700
27/10/2015,30.4,30.53,29.7,29.89,28.05,332600
28/10/2015,30.06,30.54,29.86,30.44,28.57,418300
29/10/2015,30.28,30.28,29.46,29.8,27.96,250100
30/10/2015,31.19,35.0,31.19,31.93,29.96,1512800
02/11/2015,32.19,32.3,30.34,31.28,29.35,662100
03/11/2015,31.31,31.99,31.01,31.49,29.55,398100
04/11/2015,31.65,32.45,31.49,31.98,30.01,465000
05/11/2015,31.92,32.06,31.68,31.88,29.92,337000
06/11/2015,31.64,31.9,31.1,31.31,29.44,398800
09/11/2015,31.31,31.37,30.34,30.52,28.7,328200
10/11/2015,30.7,31.74,30.7,31.4,29.53,420900
11/11/2015,31.42,31.49,30.71,30.95,29.1,262000
12/11/2015,30.81,30.94,29.65,29.85,28.07,235200
13/11/2015,29.82,30.47,29.46,29.9,28.12,214000
16/11/2015,29.9,30.89,29.79,30.76,28.92,439500
17/11/2015,31.05,31.05,29.89,29.92,28.13,211300
18/11/2015,29.95,30.68,29.72,30.5,28.68,302400
19/11/2015,30.5,30.69,29.96,30.65,28.82,289900
20/11/2015,30.97,31.4,30.85,31.18,29.32,413800
23/11/2015,31.09,31.59,31.04,31.57,29.69,301800
24/11/2015,31.46,32.53,31.21,32.46,30.52,360200
25/11/2015,32.46,32.7,32.01,32.07,30.16,164900
27/11/2015,32.04,32.56,31.95,32.42,30.49,94300
30/11/2015,32.48,32.48,31.72,31.74,29.85,275100
01/12/2015,31.79,32.09,31.56,32.06,30.15,364900
02/12/2015,31.94,33.15,31.94,32.34,30.41,343500
03/12/2015,32.55,33.17,32.04,32.19,30.27,398100
04/12/2015,32.21,33.17,32.11,33.13,31.15,298500
07/12/2015,33.05,34.0,32.37,33.61,31.6,646900
08/12/2015,33.23,33.98,32.4,33.71,31.7,584000
09/12/2015,33.68,33.93,32.5,32.61,30.66,453200
10/12/2015,32.62,32.77,32.13,32.36,30.43,224900
11/12/2015,31.92,32.19,31.17,31.33,29.46,265600
14/12/2015,31.26,31.49,30.29,30.73,28.9,454600
15/12/2015,30.95,31.09,30.31,30.93,29.08,334100
16/12/2015,31.05,31.35,30.66,31.1,29.24,267900
17/12/2015,31.23,31.24,29.42,29.53,27.77,483300
18/12/2015,29.33,29.66,28.73,29.03,27.3,1407100
21/12/2015,29.03,29.04,27.89,28.22,26.54,594400
22/12/2015,28.35,28.54,28.17,28.38,26.69,500000
23/12/2015,28.66,28.69,28.23,28.41,26.71,253800
24/12/2015,28.33,29.02,28.33,28.74,27.03,140500
28/12/2015,28.48,28.78,28.35,28.61,26.9,204500
29/12/2015,28.91,29.51,28.77,29.44,27.68,250900
30/12/2015,29.35,29.58,28.79,28.8,27.08,165000
31/12/2015,28.83,28.94,28.41,28.42,26.72,240600
04/01/2016,27.98,28.13,27.02,27.17,25.55,389200
05/01/2016,27.38,27.95,27.18,27.84,26.18,308700
06/01/2016,27.38,28.19,27.38,27.61,25.96,643400
07/01/2016,27.03,27.49,26.62,26.95,25.34,488400
08/01/2016,27.87,29.31,27.87,28.22,26.54,923600
11/01/2016,28.51,29.5,28.31,28.62,26.91,568700
12/01/2016,29.04,29.38,28.79,29.28,27.53,436800
13/01/2016,29.28,29.41,28.19,28.32,26.63,360700
14/01/2016,28.45,28.95,28.05,28.5,26.8,280700
15/01/2016,27.83,28.41,27.74,28.09,26.41,635700
19/01/2016,28.34,28.4,27.07,27.44,25.8,352800
20/01/2016,27.02,27.97,26.51,27.64,25.99,349500
21/01/2016,27.64,27.85,26.95,27.04,25.43,519600
22/01/2016,27.52,27.8,27.19,27.76,26.1,328200
25/01/2016,27.6,27.81,27.43,27.48,25.84,183100
26/01/2016,27.65,28.27,27.39,28.27,26.58,204000
27/01/2016,28.23,28.31,27.62,27.7,26.05,189800
28/01/2016,28.01,28.18,27.7,27.96,26.29,174900
29/01/2016,28.09,28.42,27.8,28.34,26.65,380300
01/02/2016,28.28,28.49,28.03,28.39,26.7,387000
02/02/2016,28.24,28.63,27.4,27.8,26.14,234300
03/02/2016,27.96,27.96,26.18,26.29,24.72,355200
04/02/2016,26.29,26.41,25.56,25.81,24.27,346600
05/02/2016,25.83,25.96,24.94,25.25,23.74,390500
08/02/2016,24.9,24.9,24.22,24.67,23.2,285300
09/02/2016,24.33,25.0,24.24,24.7,23.23,218300
10/02/2016,24.91,25.49,24.78,25.27,23.76,204800
11/02/2016,24.96,25.42,24.84,25.28,23.77,344300
12/02/2016,25.6,25.64,25.26,25.55,24.03,310400
16/02/2016,25.78,26.05,25.25,25.57,24.04,204200
17/02/2016,25.67,26.3,25.59,26.2,24.64,300400
18/02/2016,26.23,26.38,25.4,25.64,24.11,166000
19/02/2016,25.61,26.77,25.45,26.77,25.17,301000
22/02/2016,27.02,27.26,26.88,27.13,25.51,289000
23/02/2016,27.0,27.81,26.89,27.05,25.44,427000
24/02/2016,27.73,29.05,26.51,28.44,26.74,595100
25/02/2016,28.45,28.65,28.04,28.47,26.77,302200
26/02/2016,28.69,29.29,28.5,28.66,26.95,269100
29/02/2016,28.73,28.93,28.01,28.05,26.38,276700
01/03/2016,28.39,29.06,28.05,29.05,27.32,220400
02/03/2016,28.93,29.37,28.63,29.36,27.61,215900
03/03/2016,29.49,29.97,29.37,29.96,28.17,220700
04/03/2016,30.0,30.57,29.89,30.53,28.71,391900
07/03/2016,30.46,30.62,30.1,30.41,28.6,196200
08/03/2016,30.3,30.73,30.12,30.34,28.53,237400
09/03/2016,30.32,30.67,30.04,30.27,28.53,268100
10/03/2016,30.38,30.39,29.24,29.4,27.71,180000
11/03/2016,29.58,29.73,29.35,29.67,27.96,159500
14/03/2016,29.54,29.62,29.22,29.43,27.73,131800
15/03/2016,29.16,29.23,28.65,28.83,27.17,187600
16/03/2016,28.79,29.33,28.42,28.89,27.22,240700
17/03/2016,28.9,30.17,28.82,30.06,28.33,346800
18/03/2016,30.2,30.42,29.94,30.28,28.53,289000
21/03/2016,30.17,30.4,29.87,30.25,28.51,161400
22/03/2016,30.06,30.55,30.04,30.41,28.66,118200
23/03/2016,30.24,30.62,30.09,30.36,28.61,194400
24/03/2016,30.22,30.42,30.0,30.32,28.57,147500
28/03/2016,30.46,30.73,30.34,30.55,28.79,153400
29/03/2016,30.48,32.08,30.33,31.9,30.06,362400
30/03/2016,32.0,32.4,31.93,32.27,30.41,284200
31/03/2016,32.21,32.43,31.6,31.77,29.94,344500
01/04/2016,31.57,32.38,31.38,32.37,30.5,186600
04/04/2016,32.37,32.37,30.98,31.33,29.52,259300
05/04/2016,31.12,32.64,31.0,32.61,30.73,496800
06/04/2016,32.65,32.86,31.93,32.33,30.47,209400
07/04/2016,32.08,32.29,31.58,31.96,30.12,261100
08/04/2016,32.16,32.82,32.1,32.58,30.7,220300
11/04/2016,32.81,33.33,32.61,32.75,30.86,268400
12/04/2016,32.74,33.18,32.56,32.88,30.98,145700
13/04/2016,33.18,33.24,32.64,33.18,31.27,200400
14/04/2016,32.95,33.22,32.66,33.05,31.14,133700
15/04/2016,32.89,33.13,32.52,32.81,30.92,225800
18/04/2016,32.77,33.62,32.59,33.3,31.38,199200
19/04/2016,33.49,33.71,33.3,33.59,31.65,208200
20/04/2016,33.48,33.48,33.0,33.17,31.26,217400
21/04/2016,33.08,33.76,33.0,33.18,31.27,156300
22/04/2016,33.12,33.47,32.97,33.26,31.34,224000
25/04/2016,33.12,33.12,32.19,32.42,30.55,253800
26/04/2016,32.55,33.34,32.41,33.17,31.26,270100
27/04/2016,33.17,33.45,32.61,32.84,30.95,194300
28/04/2016,32.39,32.4,30.47,30.65,28.88,695900
29/04/2016,30.65,30.65,29.14,29.49,27.79,407400
02/05/2016,29.68,31.19,29.58,31.19,29.39,350500
03/05/2016,30.93,31.19,30.62,30.72,28.95,233900
04/05/2016,30.66,30.85,30.25,30.68,28.91,158200
05/05/2016,30.75,31.16,30.4,30.6,28.84,179100
06/05/2016,30.51,31.18,30.42,31.16,29.36,179900
09/05/2016,31.11,31.34,30.74,31.12,29.33,223400
10/05/2016,31.43,31.82,31.34,31.44,29.63,148900
11/05/2016,31.3,31.54,31.03,31.08,29.35,84100
12/05/2016,31.11,31.63,31.1,31.24,29.5,141900
13/05/2016,31.18,31.28,30.7,30.9,29.18,141000
16/05/2016,31.04,31.28,30.79,31.01,29.29,156100
17/05/2016,30.98,30.98,30.32,30.52,28.82,250700
18/05/2016,30.4,30.79,30.12,30.48,28.79,189400
19/05/2016,30.28,30.48,29.65,30.01,28.34,148800
20/05/2016,30.16,31.1,30.06,31.09,29.36,228900
23/05/2016,31.47,31.85,30.59,31.0,29.28,254700
24/05/2016,31.1,32.0,31.1,31.83,30.06,134600
25/05/2016,32.0,32.24,31.38,31.8,30.03,238900
26/05/2016,31.78,31.89,30.85,31.35,29.61,271600
27/05/2016,31.53,31.69,31.13,31.54,29.79,170100
31/05/2016,31.6,32.05,31.49,32.0,30.22,222400
01/06/2016,31.66,32.29,31.62,32.04,30.26,234400
02/06/2016,32.02,32.33,31.9,32.14,30.35,158000
03/06/2016,32.1,32.35,31.95,32.2,30.41,119700
06/06/2016,32.25,32.44,32.04,32.22,30.43,124800
07/06/2016,32.05,32.22,31.41,31.76,30.0,695600
08/06/2016,31.76,32.93,31.76,32.8,30.98,170600
09/06/2016,32.65,32.98,32.49,32.84,31.02,142600
10/06/2016,32.58,32.89,32.34,32.57,30.76,165700
13/06/2016,32.51,32.55,31.72,31.83,30.06,149400
14/06/2016,31.65,31.93,31.43,31.86,30.09,125400
15/06/2016,31.91,32.1,31.57,32.0,30.22,185100
16/06/2016,31.71,32.25,31.6,32.24,30.45,303200
17/06/2016,32.16,32.16,31.62,31.9,30.13,412400
20/06/2016,32.26,32.32,32.03,32.18,30.39,228600
21/06/2016,32.18,32.18,31.52,31.79,30.02,162600
22/06/2016,31.94,31.94,31.56,31.82,30.05,151000
23/06/2016,32.15,32.37,32.05,32.18,30.39,118200
24/06/2016,30.73,31.54,30.5,31.24,29.5,603900
27/06/2016,30.77,31.15,30.54,31.0,29.28,270800
28/06/2016,31.07,31.24,30.57,30.92,29.2,289600
29/06/2016,31.26,31.57,31.16,31.53,29.78,282500
30/06/2016,31.53,32.59,31.51,32.57,30.76,182400
01/07/2016,32.51,32.87,32.33,32.47,30.67,113700
05/07/2016,32.05,32.25,31.74,32.15,30.36,161700
06/07/2016,32.03,32.34,31.88,32.28,30.49,138400
07/07/2016,32.44,32.71,32.29,32.68,30.86,160400
08/07/2016,33.0,33.6,32.87,33.43,31.57,174400
11/07/2016,33.58,33.85,33.4,33.48,31.62,199400
12/07/2016,32.57,32.77,31.25,31.41,29.67,642800
13/07/2016,31.33,31.66,31.06,31.53,29.78,339000
14/07/2016,31.53,32.25,31.22,32.1,30.32,491000
15/07/2016,32.35,32.35,31.74,31.93,30.16,266000
18/07/2016,31.87,32.11,31.59,31.77,30.01,243700
19/07/2016,31.75,31.85,31.07,31.08,29.35,222000
20/07/2016,31.31,31.79,30.99,31.49,29.74,163000
21/07/2016,31.51,31.64,31.05,31.26,29.52,144800
22/07/2016,31.13,31.29,30.79,31.17,29.44,268300
25/07/2016,31.21,31.58,31.09,31.39,29.65,306000
26/07/2016,31.39,31.57,31.21,31.55,29.8,207100
27/07/2016,31.57,32.05,31.54,31.89,30.12,169300
28/07/2016,31.7,32.17,31.7,31.92,30.15,169400
29/07/2016,31.76,31.97,29.61,30.38,28.69,1010700
01/08/2016,30.31,30.49,29.97,30.29,28.61,311700
02/08/2016,30.16,30.17,29.13,29.14,27.52,343900
03/08/2016,29.15,29.34,28.41,28.55,26.96,480200
04/08/2016,28.72,29.32,28.72,29.02,27.41,304900
05/08/2016,29.05,29.31,28.93,28.96,27.35,312400
08/08/2016,28.95,29.11,28.41,28.41,26.83,250700
09/08/2016,28.41,28.91,28.37,28.82,27.22,293600
10/08/2016,28.42,28.64,27.98,28.15,26.65,341400
11/08/2016,28.19,28.48,27.85,27.87,26.39,308900
12/08/2016,28.99,29.91,28.5,29.2,27.65,396000
15/08/2016,29.27,29.6,29.2,29.21,27.65,315500
16/08/2016,29.08,29.1,28.16,28.16,26.66,286700
17/08/2016,28.43,28.79,28.17,28.66,27.13,319900
18/08/2016,28.72,28.78,28.41,28.64,27.12,126400
19/08/2016,28.62,28.71,28.42,28.64,27.12,174400
22/08/2016,28.58,29.03,28.38,29.03,27.48,236900
23/08/2016,29.04,29.15,28.93,29.0,27.46,211300
24/08/2016,28.91,29.06,28.7,29.02,27.47,211000
25/08/2016,28.97,29.23,28.97,29.12,27.57,141900
26/08/2016,29.04,29.27,28.63,28.7,27.17,231500
29/08/2016,28.82,28.82,28.46,28.55,27.03,148200
30/08/2016,28.69,28.86,28.54,28.74,27.21,221500
31/08/2016,28.63,28.64,28.12,28.39,26.88,214600
01/09/2016,28.37,28.56,27.92,28.53,27.01,152300
02/09/2016,28.64,28.9,28.61,28.89,27.35,108300
06/09/2016,28.93,28.98,28.44,28.55,27.03,226100
07/09/2016,28.58,28.85,28.58,28.84,27.3,170700
08/09/2016,28.82,28.96,28.62,28.74,27.21,208200
09/09/2016,28.46,28.67,27.78,27.97,26.48,434600
12/09/2016,27.87,27.91,26.82,26.9,25.47,479100
13/09/2016,26.74,26.74,26.2,26.29,24.89,293300
14/09/2016,26.28,26.52,26.15,26.26,24.86,379400
15/09/2016,26.05,26.65,26.05,26.62,25.2,494200
16/09/2016,26.65,30.14,26.65,30.13,28.53,1605500
19/09/2016,30.43,30.56,29.8,30.39,28.77,786000
20/09/2016,30.47,30.47,29.84,30.26,28.65,473600
21/09/2016,30.48,30.48,29.73,29.94,28.35,436900
22/09/2016,29.94,30.22,29.65,29.86,28.27,540700
23/09/2016,29.86,29.9,28.91,29.3,27.74,396900
26/09/2016,29.16,29.51,29.04,29.26,27.7,242000
27/09/2016,29.13,29.19,28.78,29.09,27.54,392600
28/09/2016,29.19,29.19,28.86,29.15,27.6,275400
29/09/2016,29.22,29.22,28.82,28.96,27.42,390500
30/09/2016,29.31,29.69,29.01,29.31,27.75,466400
03/10/2016,29.06,29.27,28.82,29.01,27.47,510800
04/10/2016,28.95,29.29,28.9,29.23,27.67,324600
05/10/2016,29.31,30.05,29.23,29.84,28.25,255300
06/10/2016,29.75,30.0,29.53,29.89,28.3,208800
07/10/2016,29.83,29.94,28.05,28.53,27.01,1092900
10/10/2016,28.61,29.39,28.61,29.1,27.55,280000
11/10/2016,29.12,29.31,27.96,28.09,26.59,361000
12/10/2016,28.07,28.35,27.9,28.2,26.7,154700
13/10/2016,28.03,28.06,27.55,27.6,26.13,393400
14/10/2016,27.73,27.96,27.6,27.7,26.23,256700
17/10/2016,27.72,28.22,27.65,27.9,26.41,289000
18/10/2016,28.14,28.28,27.97,28.03,26.54,173100
19/10/2016,28.16,28.16,27.63,27.85,26.37,192800
20/10/2016,27.84,27.84,27.43,27.46,26.0,294000
21/10/2016,27.11,27.41,27.04,27.21,25.76,399800
24/10/2016,27.5,27.7,27.15,27.25,25.8,321600
25/10/2016,27.35,27.4,26.9,27.25,25.8,232500
26/10/2016,27.0,27.65,26.95,27.25,25.8,223700
27/10/2016,27.25,28.0,27.15,27.3,25.85,397100
28/10/2016,28.25,29.25,27.15,28.75,27.22,407100
31/10/2016,29.05,29.05,28.45,28.85,27.31,276400
01/11/2016,28.8,28.8,27.6,28.0,26.51,384200
02/11/2016,28.05,28.45,28.0,28.35,26.84,339500
03/11/2016,28.45,28.9,28.2,28.55,27.03,244100
04/11/2016,28.45,28.9,28.1,28.75,27.22,361700
07/11/2016,29.15,29.35,28.7,28.8,27.27,238000
08/11/2016,28.55,28.98,28.4,28.7,27.24,182900
09/11/2016,28.55,30.45,28.55,30.25,28.71,294300
10/11/2016,30.65,31.65,30.5,31.3,29.71,359300
11/11/2016,31.45,32.45,31.33,31.9,30.28,537400
14/11/2016,32.2,32.5,31.8,32.3,30.65,312400
15/11/2016,32.45,32.6,31.75,32.0,30.37,217400
16/11/2016,32.05,32.65,31.95,32.35,30.7,194200
17/11/2016,32.35,32.75,32.08,32.3,30.65,194500
18/11/2016,32.3,32.45,32.15,32.35,30.7,155100
21/11/2016,32.2,33.45,32.2,33.25,31.56,285000
22/11/2016,33.3,33.35,32.5,33.2,31.51,241800
23/11/2016,33.25,33.8,33.1,33.65,31.94,145000
25/11/2016,33.9,34.2,33.6,34.1,32.36,100600
28/11/2016,34.1,34.1,32.95,33.0,31.32,182300
29/11/2016,33.15,33.8,33.1,33.2,31.51,175300
30/11/2016,33.45,33.45,32.15,32.2,30.56,225000
01/12/2016,32.35,32.5,32.0,32.2,30.56,215400
02/12/2016,32.25,32.4,31.8,32.05,30.42,146300
05/12/2016,32.25,33.25,32.2,33.1,31.41,212400
06/12/2016,33.1,33.55,32.65,33.55,31.84,182600
07/12/2016,33.6,34.0,33.15,33.95,32.22,170900
08/12/2016,34.0,34.8,33.85,34.7,32.93,187900
09/12/2016,34.85,34.85,34.2,34.35,32.6,214900
12/12/2016,34.25,34.9,34.2,34.6,32.84,378200
13/12/2016,34.85,34.95,34.15,34.7,32.93,270100
14/12/2016,34.5,34.75,34.1,34.15,32.41,221600
15/12/2016,34.3,34.67,33.75,34.2,32.46,216900
16/12/2016,34.4,34.9,33.9,34.3,32.55,1767600
19/12/2016,34.5,34.65,33.8,34.25,32.51,230600
20/12/2016,34.55,34.95,34.2,34.35,32.6,259800
21/12/2016,34.4,34.75,34.3,34.35,32.6,150100
22/12/2016,34.4,34.6,33.75,33.8,32.08,162900
23/12/2016,33.85,34.0,33.53,33.7,31.98,157000
27/12/2016,33.95,35.25,33.9,34.6,32.84,200100
28/12/2016,34.6,34.65,33.5,33.6,31.89,125400
29/12/2016,33.7,34.0,33.35,33.65,31.94,144200
30/12/2016,33.75,33.96,33.15,33.3,31.6,132200
03/01/2017,33.45,33.65,32.75,33.2,31.51,266300
04/01/2017,33.05,34.05,33.05,34.0,32.27,281600
05/01/2017,34.0,34.1,33.35,33.45,31.75,112800
06/01/2017,33.6,33.63,32.8,32.8,31.13,207900
09/01/2017,32.7,32.85,32.15,32.3,30.65,244100
10/01/2017,32.25,32.8,32.25,32.5,30.84,285100
11/01/2017,32.45,32.95,32.35,32.95,31.27,287600
12/01/2017,33.0,33.0,32.25,32.65,30.99,133000
13/01/2017,33.0,34.0,33.0,33.8,32.08,175900
17/01/2017,33.75,33.75,32.8,32.9,31.22,158900
18/01/2017,33.05,33.1,32.6,33.05,31.37,207100
19/01/2017,33.0,33.1,32.73,33.0,31.32,237600
20/01/2017,33.05,33.3,32.8,33.25,31.56,182000
23/01/2017,33.2,33.4,32.6,32.85,31.18,160200
24/01/2017,32.9,33.9,32.9,33.7,31.98,169100
25/01/2017,33.9,34.25,33.8,34.05,32.32,173200
26/01/2017,33.9,34.35,33.9,34.05,32.32,181800
27/01/2017,34.2,34.2,33.75,33.95,32.22,151900
30/01/2017,33.7,33.85,33.21,33.65,31.94,122300
31/01/2017,33.45,33.85,33.1,33.85,32.13,175700
01/02/2017,34.1,34.2,33.6,33.75,32.03,153300
02/02/2017,33.7,33.85,33.15,33.7,31.98,257200
03/02/2017,34.05,34.45,33.85,34.4,32.65,148300
06/02/2017,34.25,34.4,33.45,33.55,31.84,85200
07/02/2017,33.7,33.8,33.3,33.65,31.94,114000
08/02/2017,33.45,33.45,32.67,32.9,31.22,115500
09/02/2017,32.95,33.7,32.5,33.5,31.79,122500
10/02/2017,33.65,34.15,33.2,34.05,32.32,142200
13/02/2017,34.4,34.5,33.8,34.1,32.36,85400
14/02/2017,33.9,34.25,33.3,34.25,32.51,138100
15/02/2017,34.05,34.45,33.7,34.0,32.27,115200
16/02/2017,34.0,34.1,33.6,34.05,32.32,116800
17/02/2017,34.1,34.1,33.4,33.65,31.94,132900
21/02/2017,33.8,34.45,33.75,34.35,32.6,84600
22/02/2017,34.25,34.26,33.63,33.7,31.98,82600
23/02/2017,33.9,33.9,32.65,32.85,31.18,189400
24/02/2017,34.4,38.85,34.4,38.65,36.68,686800
27/02/2017,38.75,39.67,38.53,38.65,36.68,333500
28/02/2017,38.55,38.65,37.7,38.15,36.21,261500
01/03/2017,39.0,39.3,38.25,38.45,36.49,308900
02/03/2017,38.35,38.6,38.05,38.4,36.44,173200
03/03/2017,38.4,38.55,37.3,37.6,35.68,273400
06/03/2017,37.6,37.6,36.7,36.95,35.07,336200
07/03/2017,37.0,37.4,36.6,36.7,34.83,163300
08/03/2017,36.85,37.15,36.25,36.25,34.47,127700
09/03/2017,36.15,36.35,35.35,35.65,33.9,177300
10/03/2017,35.8,36.38,35.8,36.15,34.37,114300
13/03/2017,36.0,36.4,35.9,36.1,34.33,138700
14/03/2017,36.0,36.0,35.4,35.8,34.04,93100
15/03/2017,36.0,36.45,35.8,36.2,34.42,131000
16/03/2017,36.55,36.65,35.8,36.15,34.37,99100
17/03/2017,36.2,36.55,35.6,36.4,34.61,367500
20/03/2017,36.4,36.4,35.8,36.1,34.33,114300
21/03/2017,36.2,36.25,35.0,35.1,33.38,145900
22/03/2017,34.95,35.5,34.6,35.1,33.38,105000
23/03/2017,35.05,35.55,34.85,35.0,33.28,79300
24/03/2017,35.1,35.4,34.7,34.95,33.23,109200
27/03/2017,34.5,35.2,33.95,35.0,33.28,125500
28/03/2017,34.95,35.35,34.65,35.25,33.52,82100
29/03/2017,35.1,35.7,34.95,35.45,33.71,92700
30/03/2017,35.45,35.95,35.45,35.9,34.14,141600
31/03/2017,35.6,36.95,35.6,36.65,34.85,401800
03/04/2017,36.75,36.8,35.14,35.5,33.76,290800
04/04/2017,35.5,35.75,35.15,35.4,33.66,203900
05/04/2017,35.65,36.2,35.05,35.35,33.61,171200
06/04/2017,35.35,35.45,34.85,35.25,33.52,179800
07/04/2017,35.0,35.35,34.9,35.15,33.42,225700
10/04/2017,35.05,35.4,34.67,34.95,33.23,140600
11/04/2017,35.15,36.65,35.1,36.4,34.61,249000
12/04/2017,36.4,36.4,35.58,35.65,33.9,127200
13/04/2017,35.7,35.8,34.9,34.95,33.23,106800
17/04/2017,34.95,35.7,34.95,35.55,33.8,102900
18/04/2017,35.4,35.65,35.0,35.45,33.71,182700
19/04/2017,35.6,36.03,35.3,35.45,33.71,170700
20/04/2017,35.6,35.9,35.3,35.75,33.99,172700
21/04/2017,35.55,35.65,35.1,35.15,33.42,280000
24/04/2017,35.75,36.3,35.35,35.9,34.14,355800
25/04/2017,36.3,36.8,36.15,36.45,34.66,196200
26/04/2017,36.35,37.15,36.05,37.05,35.23,254700
27/04/2017,36.95,37.1,35.35,36.65,34.85,469600
28/04/2017,36.55,37.15,36.22,36.7,34.9,265600
01/05/2017,36.8,37.85,35.9,37.05,35.23,418700
02/05/2017,37.0,37.3,36.0,36.2,34.42,251300
03/05/2017,35.9,35.95,35.2,35.65,33.9,199500
04/05/2017,35.95,36.25,35.55,36.05,34.28,137800
05/05/2017,36.15,36.15,35.2,35.6,33.85,173600
08/05/2017,35.45,35.8,35.17,35.3,33.57,100100
09/05/2017,35.25,36.0,35.2,35.5,33.76,179000
10/05/2017,35.45,35.55,35.05,35.35,33.68,231700
11/05/2017,35.3,35.58,34.8,35.2,33.54,181200
12/05/2017,35.15,35.15,34.5,34.65,33.02,196200
15/05/2017,34.75,35.2,34.7,35.1,33.45,172600
16/05/2017,35.1,35.35,34.6,35.1,33.45,383200
17/05/2017,35.1,35.4,34.6,35.35,33.68,433700
18/05/2017,35.25,35.65,34.83,35.0,33.35,345900
19/05/2017,35.0,35.4,34.75,34.8,33.16,316400
22/05/2017,34.8,35.0,34.6,34.8,33.16,122500
23/05/2017,34.85,35.08,34.6,34.9,33.26,188900
24/05/2017,34.9,35.1,34.6,34.8,33.16,155600
25/05/2017,35.0,35.35,34.65,34.9,33.26,148500
26/05/2017,34.85,34.95,34.7,34.9,33.26,128300
30/05/2017,34.75,34.95,34.35,34.45,32.83,174300
31/05/2017,34.45,34.7,33.95,34.45,32.83,304800
01/06/2017,34.55,34.55,33.95,34.55,32.92,304600
02/06/2017,34.45,35.45,34.4,34.9,33.26,248200
05/06/2017,34.85,34.85,34.05,34.3,32.68,211600
06/06/2017,34.0,34.6,33.9,34.4,32.78,257000
07/06/2017,34.4,34.4,34.0,34.3,32.68,187900
08/06/2017,34.35,35.28,34.19,35.0,33.35,191400
09/06/2017,35.0,36.3,34.95,36.3,34.59,188200
12/06/2017,36.4,36.7,35.83,35.95,34.26,286400
13/06/2017,36.0,36.42,35.8,36.1,34.4,171900
14/06/2017,36.15,36.2,35.8,35.85,34.16,127100
15/06/2017,35.75,36.0,35.45,35.7,34.02,106400
16/06/2017,35.5,35.9,35.35,35.65,33.97,320500
19/06/2017,35.6,35.9,35.55,35.7,34.02,168100
20/06/2017,35.5,35.65,35.0,35.1,33.45,162300
21/06/2017,35.1,35.25,34.8,34.95,33.3,278100
22/06/2017,34.95,35.28,34.9,35.1,33.45,122500
23/06/2017,35.1,35.5,34.95,35.4,33.73,252200
26/06/2017,35.4,36.33,35.35,36.2,34.49,362400
27/06/2017,36.15,36.5,35.5,36.05,34.35,343300
28/06/2017,36.35,36.85,36.15,36.75,35.02,181500
29/06/2017,36.9,36.9,36.5,36.85,35.11,176500
30/06/2017,36.95,37.28,36.65,37.1,35.35,147900
03/07/2017,37.05,37.25,36.9,37.15,35.4,110900
05/07/2017,37.1,37.25,36.25,36.7,34.97,243800
06/07/2017,36.45,36.55,35.92,36.0,34.3,229800
07/07/2017,36.2,36.35,35.5,36.3,34.59,251900
10/07/2017,36.0,36.2,35.5,35.6,33.92,250700
11/07/2017,35.55,36.35,35.5,35.65,33.97,401000
12/07/2017,36.0,36.45,35.75,36.15,34.45,137000
13/07/2017,36.1,36.65,36.05,36.6,34.88,212400
14/07/2017,36.45,36.9,36.45,36.7,34.97,168700
17/07/2017,36.7,36.75,36.25,36.6,34.88,137600
18/07/2017,36.4,36.6,36.1,36.15,34.45,154400
19/07/2017,36.15,36.7,36.05,36.55,34.83,211500
20/07/2017,36.5,36.85,36.3,36.75,35.02,130900
21/07/2017,37.1,37.1,36.1,36.55,34.83,403400
24/07/2017,36.45,36.5,35.9,36.15,34.45,159200
25/07/2017,36.35,36.85,36.3,36.45,34.73,182900
26/07/2017,36.45,36.45,35.9,36.4,34.69,122700
27/07/2017,36.55,37.35,36.4,36.7,34.97,199600
28/07/2017,35.85,35.85,33.7,33.75,32.16,476300
31/07/2017,33.65,33.8,32.61,33.3,31.73,492500
01/08/2017,33.7,34.2,33.5,33.5,31.92,215100
02/08/2017,33.5,33.55,32.75,33.05,31.49,189100
03/08/2017,33.05,33.35,32.7,32.9,31.35,178600
04/08/2017,32.9,33.45,32.9,33.2,31.64,185500
07/08/2017,33.15,33.5,33.0,33.35,31.78,174500
08/08/2017,33.35,34.3,33.35,33.95,32.35,259500
09/08/2017,33.7,33.95,33.4,33.6,32.02,157900
10/08/2017,33.3,33.35,32.55,32.55,31.09,133200
11/08/2017,32.3,32.8,31.9,32.55,31.09,154100
14/08/2017,32.95,33.4,32.95,33.05,31.56,144400
15/08/2017,33.1,33.24,32.6,32.6,31.13,135000
16/08/2017,32.7,32.9,32.6,32.8,31.32,112500
17/08/2017,32.55,33.15,32.45,32.8,31.32,186700
18/08/2017,32.6,32.98,32.5,32.9,31.42,301100
21/08/2017,32.95,32.95,32.65,32.8,31.32,236300
22/08/2017,32.8,33.23,32.8,33.15,31.66,168700
23/08/2017,32.9,33.03,32.8,32.95,31.47,123300
24/08/2017,33.0,33.2,32.9,32.95,31.47,93900
25/08/2017,33.1,33.4,32.95,33.0,31.52,135900
28/08/2017,33.05,33.55,33.05,33.25,31.75,127200
29/08/2017,33.1,33.45,33.1,33.35,31.85,116600
30/08/2017,33.4,33.73,33.2,33.7,32.18,110800
31/08/2017,33.85,34.3,33.8,34.05,32.52,99900
01/09/2017,34.2,34.35,34.0,34.35,32.8,90000
05/09/2017,34.2,34.4,33.7,34.0,32.47,167800
06/09/2017,34.1,34.45,33.85,34.1,32.57,151900
07/09/2017,34.15,34.15,33.3,33.4,31.9,225200
08/09/2017,33.45,34.15,33.35,34.0,32.47,167800
11/09/2017,34.25,34.3,34.0,34.05,32.52,101000
12/09/2017,34.15,34.5,34.05,34.05,32.52,126700
13/09/2017,34.05,34.38,34.05,34.25,32.71,182600
14/09/2017,34.2,34.3,33.85,34.0,32.47,123900
15/09/2017,34.05,34.65,33.85,34.6,33.04,291300
18/09/2017,34.65,35.0,34.45,34.65,33.09,245600
19/09/2017,34.65,34.75,34.25,34.3,32.76,135200
20/09/2017,34.2,34.6,34.15,34.35,32.8,135500
21/09/2017,34.3,34.6,34.15,34.4,32.85,207700
22/09/2017,34.3,34.92,34.28,34.75,33.19,151700
25/09/2017,34.75,34.98,34.65,34.85,33.28,150600
26/09/2017,34.95,36.1,34.85,35.8,34.19,148400
27/09/2017,35.95,36.7,35.75,36.55,34.91,209400
28/09/2017,36.45,36.5,35.65,35.75,34.14,202700
29/09/2017,35.65,35.9,35.5,35.7,34.09,202700
02/10/2017,35.85,36.8,35.85,36.8,35.14,132200
03/10/2017,36.8,36.85,36.5,36.85,35.19,123500
04/10/2017,36.9,37.0,36.53,36.75,35.1,121300
05/10/2017,36.85,37.1,36.65,36.8,35.14,136400
06/10/2017,36.7,37.1,36.7,37.0,35.34,89700
09/10/2017,37.0,37.35,36.95,37.25,35.57,162300
10/10/2017,37.5,37.5,37.2,37.3,35.62,145300
11/10/2017,37.3,37.7,37.3,37.4,35.72,120700
12/10/2017,37.4,37.75,37.3,37.4,35.72,112900
13/10/2017,37.7,37.75,37.45,37.55,35.86,128600
16/10/2017,37.65,37.8,36.65,36.8,35.14,146900
17/10/2017,36.85,36.95,36.1,36.3,34.67,134200
18/10/2017,36.3,36.5,36.06,36.3,34.67,137800
19/10/2017,36.2,36.2,35.5,35.7,34.09,161000
20/10/2017,36.05,36.65,35.7,36.35,34.72,185500
23/10/2017,36.35,36.77,36.15,36.25,34.62,119200
24/10/2017,36.3,36.6,35.95,36.45,34.81,78100
25/10/2017,36.3,36.73,35.85,36.7,35.05,135000
26/10/2017,36.75,37.65,36.75,37.5,35.81,147500
27/10/2017,38.4,42.58,37.9,42.45,40.54,361000
30/10/2017,42.5,44.05,42.3,42.65,40.73,344800
31/10/2017,42.9,44.68,42.6,44.3,42.31,370900
01/11/2017,44.4,44.5,42.1,42.45,40.54,286900
02/11/2017,42.5,42.7,41.68,41.95,40.06,263500
03/11/2017,41.95,42.45,41.85,42.25,40.35,156800
06/11/2017,42.35,42.75,42.01,42.5,40.59,192300
07/11/2017,42.65,42.9,42.25,42.55,40.64,179400
08/11/2017,42.3,43.0,41.9,42.95,41.02,161700
09/11/2017,42.55,42.6,41.55,41.95,40.13,132300
10/11/2017,40.4,41.5,40.25,41.15,39.37,437900
13/11/2017,40.85,41.0,40.25,40.45,38.7,294100
14/11/2017,40.1,40.45,39.65,40.25,38.51,187900
15/11/2017,40.15,40.85,39.82,40.7,38.94,407600
16/11/2017,41.05,41.4,41.0,41.35,39.56,107500
17/11/2017,41.05,41.5,40.95,41.4,39.61,97600
20/11/2017,41.4,41.9,41.4,41.8,39.99,214500
21/11/2017,42.0,43.1,42.0,42.85,40.99,157100
22/11/2017,42.85,43.08,41.95,42.0,40.18,96600
24/11/2017,42.05,42.45,41.7,42.15,40.32,58400
27/11/2017,42.15,42.35,41.7,41.85,40.04,131800
28/11/2017,41.9,42.8,41.65,42.75,40.9,132000
29/11/2017,42.7,43.2,42.68,43.15,41.28,94500
30/11/2017,43.4,43.65,42.65,42.95,41.09,147500
01/12/2017,43.1,43.1,41.1,42.55,40.71,103200
04/12/2017,43.2,43.8,42.65,43.25,41.38,108400
05/12/2017,43.25,43.5,42.8,43.05,41.19,101100
06/12/2017,43.0,43.6,42.8,43.05,41.19,108500
07/12/2017,42.95,43.4,42.6,42.85,40.99,300900
08/12/2017,43.2,43.5,42.65,43.3,41.42,95200
11/12/2017,43.45,43.45,42.7,43.05,41.19,266800
12/12/2017,43.25,43.8,42.9,42.9,41.04,121400
13/12/2017,42.9,43.5,42.9,43.2,41.33,138200
14/12/2017,43.15,43.15,42.45,42.55,40.71,186400
15/12/2017,42.75,43.95,42.75,43.55,41.66,826900
18/12/2017,44.0,44.25,43.55,44.0,42.09,111600
19/12/2017,44.0,44.2,43.55,43.75,41.86,133000
20/12/2017,44.05,44.5,43.85,44.15,42.24,112700
21/12/2017,44.35,44.8,43.85,44.65,42.72,116700
22/12/2017,44.7,44.7,44.1,44.3,42.38,96400
26/12/2017,44.4,44.6,43.8,43.9,42.0,69300
27/12/2017,43.9,44.0,43.6,43.8,41.9,69500
28/12/2017,43.9,44.15,43.7,43.85,41.95,60800
29/12/2017,44.0,44.25,43.55,43.65,41.76,135700
02/01/2018,43.85,44.3,43.05,43.5,41.62,113900
03/01/2018,43.45,43.45,42.95,43.0,41.14,111700
04/01/2018,43.15,43.35,42.75,42.95,41.09,140500
05/01/2018,43.0,43.0,41.88,42.25,40.42,195200
08/01/2018,42.1,42.45,41.7,42.25,40.42,276600
09/01/2018,42.35,42.8,41.95,42.0,40.18,194600
10/01/2018,42.1,42.45,41.6,42.35,40.52,92700
11/01/2018,42.4,43.75,42.1,43.7,41.81,230200
12/01/2018,43.75,44.65,43.45,44.1,42.19,103300
16/01/2018,44.45,44.7,43.0,43.1,41.23,135200
17/01/2018,43.4,43.6,43.0,43.55,41.66,199500
18/01/2018,43.5,43.6,42.97,43.05,41.19,62200
19/01/2018,42.95,43.95,42.95,43.95,42.05,136600
22/01/2018,43.9,43.9,43.25,43.5,41.62,55800
23/01/2018,43.5,43.55,42.95,43.55,41.66,51900
24/01/2018,43.85,43.88,43.28,43.3,41.42,82800
25/01/2018,43.55,44.45,42.95,44.45,42.52,172100
26/01/2018,44.6,44.65,43.2,43.8,41.9,146200
29/01/2018,43.8,44.2,43.7,43.9,42.0,81100
30/01/2018,43.55,44.1,43.25,43.6,41.71,218900
31/01/2018,43.85,44.1,42.55,42.6,40.76,137600
01/02/2018,42.45,43.05,42.15,43.0,41.14,217300
02/02/2018,42.8,42.95,42.4,42.6,40.76,120400
05/02/2018,42.15,42.5,40.85,40.9,39.13,221600
06/02/2018,40.05,41.45,40.05,40.95,39.18,188200
07/02/2018,40.95,41.25,40.55,40.7,38.94,159900
08/02/2018,40.85,40.95,39.9,39.9,38.17,170500
09/02/2018,40.35,41.0,39.65,40.6,38.84,162500
12/02/2018,40.65,41.0,39.9,40.5,38.75,141800
13/02/2018,40.3,41.0,40.3,40.85,39.08,63300
14/02/2018,40.35,41.2,40.25,41.1,39.32,139000
15/02/2018,41.25,41.5,40.65,41.45,39.65,62500
16/02/2018,41.25,41.9,41.25,41.4,39.61,119200
20/02/2018,41.25,41.5,40.55,40.6,38.84,185600
21/02/2018,40.65,41.45,40.6,40.8,39.03,149000
22/02/2018,40.95,42.05,40.6,42.0,40.18,189700
23/02/2018,40.4,42.0,39.4,41.0,39.22,236500
26/02/2018,41.45,42.5,41.1,42.45,40.61,124600
27/02/2018,42.4,43.25,41.25,41.35,39.56,230400
28/02/2018,41.5,42.2,40.95,41.05,39.27,323600
01/03/2018,41.0,41.4,40.45,40.45,38.7,151900
02/03/2018,40.1,41.0,39.85,40.9,39.13,172200
05/03/2018,40.75,40.95,40.4,40.65,38.89,137100
06/03/2018,40.9,41.6,40.53,41.45,39.65,167400
07/03/2018,41.2,42.7,41.2,42.5,40.66,340800
08/03/2018,42.65,42.65,41.3,41.7,39.89,154800
09/03/2018,41.8,42.65,41.75,42.6,40.83,76000
12/03/2018,42.75,43.1,42.4,42.6,40.83,128600
13/03/2018,42.8,43.4,42.3,42.45,40.68,119300
14/03/2018,42.55,42.6,42.15,42.35,40.59,143700
15/03/2018,42.5,42.65,42.15,42.35,40.59,271600
16/03/2018,42.3,42.9,42.3,42.85,41.07,379200
19/03/2018,42.7,42.7,41.5,42.15,40.4,250500
20/03/2018,42.2,42.45,41.95,42.1,40.35,150600
21/03/2018,42.0,42.5,41.95,42.05,40.3,70600
22/03/2018,41.8,41.95,40.75,40.8,39.1,156500
23/03/2018,40.9,40.9,39.85,39.85,38.19,158800
26/03/2018,40.55,41.0,39.95,40.55,38.86,155900
27/03/2018,40.6,40.65,39.9,40.05,38.38,149400
28/03/2018,40.1,40.6,39.9,40.55,38.86,146800
29/03/2018,40.7,41.55,40.55,41.25,39.53,158400
02/04/2018,41.15,41.4,39.95,40.4,38.72,293900
03/04/2018,40.55,41.35,40.45,41.3,39.58,200100
04/04/2018,40.65,41.08,40.15,41.05,39.34,179000
05/04/2018,41.2,41.55,41.0,41.5,39.77,105400
06/04/2018,41.2,41.55,40.38,40.5,38.82,173300
09/04/2018,40.65,40.75,40.05,40.15,38.48,125300
10/04/2018,40.65,41.1,40.5,40.95,39.25,82000
11/04/2018,40.9,41.0,40.55,40.95,39.25,77500
12/04/2018,41.15,41.45,40.95,41.05,39.34,56100
13/04/2018,41.15,41.15,40.6,40.65,38.96,71000
16/04/2018,40.85,41.9,40.85,41.65,39.92,261400
17/04/2018,41.75,42.4,41.5,41.65,39.92,189600
18/04/2018,41.9,42.95,41.83,42.85,41.07,154900
19/04/2018,42.6,42.8,42.0,42.15,40.4,160500
20/04/2018,42.1,42.3,41.5,41.75,40.01,69400
23/04/2018,41.75,42.1,41.55,41.85,40.11,83100
24/04/2018,42.05,42.15,41.35,41.7,39.97,98700
25/04/2018,41.7,41.88,41.2,41.65,39.92,105000
26/04/2018,41.95,41.95,41.23,41.55,39.82,106100
27/04/2018,48.7,48.95,43.35,43.75,41.93,238800
30/04/2018,43.45,43.6,41.95,42.2,40.45,254000
01/05/2018,42.0,42.0,41.3,42.0,40.25,152600
02/05/2018,42.0,42.25,41.45,42.0,40.25,123700
03/05/2018,41.95,42.6,41.4,42.45,40.68,131600
04/05/2018,42.25,42.93,41.7,42.75,40.97,114800
07/05/2018,43.0,43.2,42.45,42.95,41.16,188400
08/05/2018,43.1,44.45,42.95,44.4,42.55,130100
09/05/2018,44.65,45.15,44.25,44.9,43.03,195600
10/05/2018,45.0,45.55,44.7,45.5,43.61,141600
11/05/2018,45.35,45.65,44.75,45.15,43.35,117700
14/05/2018,45.2,45.25,44.7,44.75,42.96,94900
15/05/2018,44.55,44.85,44.4,44.75,42.96,83800
16/05/2018,44.9,46.1,44.78,45.7,43.88,229600
17/05/2018,45.75,46.35,45.75,46.1,44.26,117800
18/05/2018,46.3,46.35,45.95,46.05,44.21,137200
21/05/2018,46.2,46.65,45.95,46.6,44.74,136400
22/05/2018,46.75,46.75,45.9,46.0,44.16,95700
23/05/2018,45.85,46.25,45.5,45.75,43.92,209400
24/05/2018,45.65,46.4,45.3,46.25,44.4,170000
25/05/2018,46.1,46.5,45.55,46.45,44.6,167600
29/05/2018,46.2,46.8,45.93,46.4,44.55,234400
30/05/2018,46.9,47.65,46.9,47.55,45.65,162600
31/05/2018,47.55,47.7,46.8,46.85,44.98,130900
01/06/2018,47.2,47.65,46.95,47.1,45.22,110800
04/06/2018,47.4,47.83,47.2,47.7,45.8,122400
05/06/2018,47.6,48.8,47.6,48.5,46.57,125900
06/06/2018,48.4,48.85,47.9,48.15,46.23,117500
07/06/2018,48.25,48.25,46.55,47.45,45.56,352600
08/06/2018,47.15,47.85,47.15,47.45,45.56,139300
11/06/2018,47.3,47.55,47.05,47.35,45.46,97200
12/06/2018,47.35,47.9,47.05,47.9,45.99,94800
13/06/2018,47.85,47.85,47.25,47.45,45.56,165100
14/06/2018,47.6,47.6,47.02,47.55,45.65,95400
15/06/2018,47.35,48.1,47.1,47.9,45.99,241300
18/06/2018,47.75,48.95,47.7,48.6,46.66,107400
19/06/2018,48.25,48.54,47.45,48.05,46.13,179600
20/06/2018,48.0,48.15,47.4,47.55,45.65,353700
21/06/2018,47.7,47.7,46.35,46.45,44.6,350800
22/06/2018,46.75,46.95,46.0,46.35,44.5,406900
25/06/2018,46.15,46.35,45.35,45.95,44.12,486600
26/06/2018,46.0,46.75,45.85,46.6,44.74,618600
27/06/2018,46.6,46.8,45.85,45.95,44.12,209100
28/06/2018,45.8,46.25,45.6,45.75,43.92,197300
29/06/2018,45.85,46.4,45.75,45.8,43.97,266600
02/07/2018,45.3,46.28,45.05,46.25,44.4,186100
03/07/2018,46.45,46.8,46.35,46.65,44.79,58400
05/07/2018,46.85,47.2,46.2,47.15,45.27,87500
06/07/2018,47.2,47.75,47.15,47.6,45.7,88700
09/07/2018,47.85,47.9,47.3,47.75,45.84,108000
10/07/2018,47.8,48.15,47.35,47.8,45.89,137800
11/07/2018,47.55,48.05,47.5,47.55,45.65,103500
12/07/2018,47.85,47.85,46.9,47.6,45.7,118500
13/07/2018,47.5,48.6,47.5,48.3,46.37,129100
16/07/2018,48.25,48.25,47.05,47.45,45.56,85200
17/07/2018,47.25,48.0,47.25,47.55,45.65,68200
18/07/2018,47.65,47.8,47.0,47.8,45.89,186300
19/07/2018,47.75,48.85,47.4,48.6,46.66,132500
20/07/2018,48.5,48.8,48.15,48.55,46.61,120100
23/07/2018,48.25,48.6,48.08,48.2,46.28,99300
24/07/2018,48.2,48.55,47.6,47.95,46.04,263700
25/07/2018,47.95,48.3,47.2,48.2,46.28,190400
26/07/2018,48.35,49.93,48.35,49.1,47.14,215900
27/07/2018,51.55,59.05,51.55,54.35,52.18,852500
30/07/2018,54.65,54.95,54.0,54.75,52.57,530500
31/07/2018,54.95,55.7,53.85,55.55,53.33,835400
01/08/2018,56.1,56.8,55.05,55.3,53.09,277400
02/08/2018,55.0,55.45,54.8,54.95,52.76,639200
03/08/2018,55.15,55.3,54.95,55.25,53.05,266400
06/08/2018,55.85,56.2,55.6,55.7,53.48,311300
07/08/2018,55.95,56.0,55.55,55.65,53.43,238600
08/08/2018,55.55,56.2,55.05,55.75,53.53,278100
09/08/2018,55.9,56.05,55.65,55.8,53.57,173800
10/08/2018,55.4,55.9,55.1,55.3,53.17,171500
13/08/2018,55.4,55.4,54.3,54.85,52.74,351500
14/08/2018,55.05,56.05,54.95,55.8,53.66,591600
15/08/2018,55.6,56.15,55.23,55.4,53.27,575300
16/08/2018,55.6,55.9,55.35,55.55,53.42,180400
17/08/2018,55.3,56.5,55.2,55.85,53.7,672700
20/08/2018,56.0,56.55,55.75,56.45,54.28,270500
21/08/2018,56.7,57.6,56.7,57.25,55.05,501700
22/08/2018,57.15,57.35,56.5,56.95,54.76,565900
23/08/2018,56.85,57.15,56.55,56.95,54.76,212500
24/08/2018,57.2,57.5,56.4,56.8,54.62,524700
27/08/2018,57.1,57.45,56.35,56.6,54.42,153300
28/08/2018,56.8,56.8,56.05,56.25,54.09,271300
29/08/2018,56.45,56.65,56.11,56.5,54.33,278700
30/08/2018,56.45,56.9,56.35,56.75,54.57,292000
31/08/2018,56.6,57.4,56.3,57.4,55.19,517200
04/09/2018,57.2,57.2,55.91,56.2,54.04,406800
05/09/2018,56.3,56.6,56.0,56.6,54.42,223300
06/09/2018,56.6,57.5,56.6,56.8,54.62,211300
07/09/2018,56.7,57.23,56.5,56.9,54.71,159000
10/09/2018,57.25,57.95,56.85,57.3,55.1,127300
11/09/2018,57.4,57.7,57.1,57.2,55.0,207400
12/09/2018,57.25,58.45,57.0,58.35,56.11,223700
13/09/2018,58.55,58.55,56.1,56.7,54.52,210100
14/09/2018,56.6,56.9,55.9,56.5,54.33,264100
17/09/2018,56.45,56.6,55.3,55.55,53.42,246000
18/09/2018,55.65,55.85,54.95,55.0,52.89,242400
19/09/2018,54.9,55.6,54.05,54.3,52.21,290600
20/09/2018,54.25,55.0,54.1,54.6,52.5,242300
21/09/2018,54.65,55.25,54.3,54.45,52.36,509700
24/09/2018,54.4,54.9,54.25,54.65,52.55,403800
25/09/2018,54.8,55.85,54.75,55.5,53.37,448900
26/09/2018,55.5,55.75,54.75,54.75,52.65,288900
27/09/2018,54.85,55.98,54.85,55.3,53.17,239600
28/09/2018,55.25,56.5,55.25,56.4,54.23,276500
01/10/2018,56.65,56.65,54.87,55.34,53.21,326300
02/10/2018,55.5,56.06,55.05,55.3,53.17,262200
03/10/2018,55.4,55.84,55.05,55.78,53.64,214500
04/10/2018,55.52,55.64,54.37,54.92,52.81,154100
05/10/2018,54.97,55.4,54.19,54.55,52.45,298900
08/10/2018,54.45,54.66,53.61,53.99,51.92,324500
09/10/2018,53.83,54.56,53.8,54.24,52.16,427700
10/10/2018,54.26,54.62,53.02,53.17,51.13,324800
11/10/2018,52.61,53.8,52.01,52.65,50.63,506600
12/10/2018,53.13,53.2,51.27,51.74,49.75,440500
15/10/2018,51.72,52.31,51.62,51.93,49.93,547500
16/10/2018,52.3,53.77,51.77,53.66,51.6,221800
17/10/2018,53.45,53.59,52.35,52.62,50.6,402600
18/10/2018,52.57,53.06,51.86,51.93,49.93,255700
19/10/2018,51.9,52.61,51.8,52.0,50.0,188600
22/10/2018,52.36,52.99,51.85,51.92,49.92,281100
23/10/2018,51.21,51.68,50.78,51.04,49.08,215400
24/10/2018,50.98,51.29,48.77,48.9,47.02,406400
25/10/2018,48.88,50.81,48.82,50.3,48.37,362400
26/10/2018,52.3,55.41,51.18,53.47,51.42,999400
29/10/2018,54.15,54.2,51.25,51.93,49.93,503700
30/10/2018,51.95,54.53,51.95,54.41,52.32,396900
31/10/2018,54.96,55.3,53.42,53.48,51.42,362900
01/11/2018,53.79,53.96,52.85,53.81,51.74,366700
02/11/2018,53.89,54.51,53.34,54.3,52.21,399900
05/11/2018,54.4,56.75,54.2,56.59,54.42,534600
06/11/2018,56.59,58.96,56.43,58.13,55.9,594800
07/11/2018,58.33,58.88,57.15,58.7,56.44,221900
08/11/2018,58.43,59.83,58.2,59.2,57.01,211100
09/11/2018,58.79,59.06,57.29,57.82,55.68,348300
12/11/2018,57.73,57.78,56.54,56.95,54.85,134000
13/11/2018,56.97,57.43,56.05,56.44,54.35,256300
14/11/2018,56.96,57.37,55.56,55.6,53.55,370200
15/11/2018,55.29,56.22,55.14,56.11,54.04,271600
16/11/2018,55.44,56.51,54.8,55.13,53.09,372100
19/11/2018,54.94,55.08,53.35,53.69,51.71,268300
20/11/2018,53.42,53.55,52.13,52.56,50.62,195500
21/11/2018,52.75,53.19,51.98,52.11,50.18,195100
23/11/2018,51.67,53.09,51.55,51.65,49.74,117300
26/11/2018,52.01,53.1,52.01,52.27,50.34,210800
27/11/2018,52.05,52.13,50.75,51.42,49.52,270400
28/11/2018,51.61,52.43,50.92,52.12,50.19,318900
29/11/2018,52.09,52.6,51.64,52.05,50.13,524300
30/11/2018,51.99,52.88,51.99,52.66,50.71,315700
03/12/2018,53.39,53.49,51.01,51.58,49.67,266400
04/12/2018,51.52,51.56,48.21,48.3,46.52,218100
06/12/2018,47.62,48.33,47.14,48.01,46.24,249300
07/12/2018,48.07,48.62,46.31,46.52,44.8,257100
10/12/2018,46.26,46.65,45.76,46.23,44.52,324800
11/12/2018,47.41,47.97,46.44,46.8,45.07,243100
12/12/2018,47.34,47.6,46.7,46.86,45.13,289800
13/12/2018,46.99,47.3,46.2,46.27,44.56,202600
14/12/2018,45.7,46.42,44.89,45.08,43.41,210600
17/12/2018,44.81,45.38,44.09,44.28,42.64,382300
18/12/2018,44.73,45.26,44.15,44.18,42.55,248300
19/12/2018,44.18,44.96,42.75,43.2,41.6,188300
20/12/2018,43.07,43.63,42.65,42.95,41.36,222600
21/12/2018,43.02,43.63,41.41,41.47,39.94,937400
24/12/2018,41.41,42.49,41.14,41.3,39.77,123500
26/12/2018,41.31,43.31,41.31,43.28,41.68,148500
27/12/2018,42.58,43.05,41.5,42.72,41.14,257400
28/12/2018,42.79,43.64,42.53,42.96,41.37,177400
31/12/2018,43.08,43.71,42.9,43.68,42.07,170800
02/01/2019,43.99,43.99,43.13,43.46,41.85,222600
03/01/2019,43.39,43.76,42.82,43.05,41.46,203100
04/01/2019,43.66,44.8,43.66,44.69,43.04,175900
07/01/2019,44.56,45.75,44.28,45.34,43.66,222400
08/01/2019,45.55,46.06,45.05,46.06,44.36,211200
09/01/2019,46.21,46.29,45.74,45.95,44.25,125400
10/01/2019,45.66,46.47,45.32,46.46,44.74,150600
11/01/2019,46.27,47.08,46.04,47.05,45.31,195300
14/01/2019,46.85,48.29,46.54,47.96,46.19,600800
15/01/2019,48.05,48.05,47.13,47.9,46.13,325800
16/01/2019,47.9,48.02,47.42,47.93,46.16,209900
17/01/2019,47.44,48.11,47.44,48.09,46.31,202700
18/01/2019,48.45,48.7,48.01,48.16,46.38,174500
22/01/2019,47.83,48.13,47.41,48.05,46.27,216700
23/01/2019,48.26,48.57,47.2,47.5,45.74,182600
24/01/2019,47.52,47.93,47.52,47.83,46.06,86600
25/01/2019,48.08,48.28,47.58,47.62,45.86,176200
28/01/2019,47.17,47.44,46.42,46.93,45.2,120000
29/01/2019,47.1,47.73,46.6,47.42,45.67,206700
30/01/2019,47.75,48.05,46.71,47.92,46.15,158300
31/01/2019,47.96,48.15,47.4,47.97,46.2,281900
01/02/2019,48.15,48.27,47.06,47.28,45.53,202500
04/02/2019,47.12,48.05,46.7,47.85,46.08,195000
05/02/2019,48.12,48.61,47.92,48.59,46.79,136300
06/02/2019,48.57,48.77,48.29,48.59,46.79,102500
07/02/2019,48.25,48.25,47.33,47.86,46.09,129200
08/02/2019,47.57,48.1,47.05,48.09,46.31,94800
11/02/2019,48.19,48.73,47.81,48.71,46.91,157200
12/02/2019,49.04,49.55,49.04,49.43,47.6,107300
13/02/2019,49.58,50.02,49.18,49.78,47.94,132600
14/02/2019,49.55,50.68,49.55,50.0,48.15,194200
15/02/2019,50.35,50.68,50.03,50.66,48.79,200700
19/02/2019,50.29,51.09,50.24,51.02,49.13,150600
20/02/2019,51.11,51.69,50.81,51.64,49.73,203400
21/02/2019,51.67,52.14,51.22,51.95,50.03,229200
22/02/2019,51.75,55.0,50.5,54.44,52.43,600100
25/02/2019,54.88,55.41,54.16,54.35,52.34,470400
26/02/2019,54.55,54.77,53.79,54.09,52.09,246200
27/02/2019,53.97,54.44,52.67,53.59,51.61,244100
28/02/2019,53.65,53.98,53.28,53.62,51.64,195800
01/03/2019,54.14,54.32,53.24,53.63,51.65,188000
04/03/2019,53.78,54.05,52.8,53.02,51.06,314700
05/03/2019,53.21,53.58,52.78,52.9,50.95,190400
06/03/2019,52.95,53.24,52.02,52.04,50.12,137300
07/03/2019,52.06,52.18,51.61,52.02,50.1,221900
08/03/2019,51.8,52.45,51.6,52.05,50.22,184900
11/03/2019,52.06,53.24,51.86,53.17,51.3,206000
12/03/2019,51.84,52.85,50.68,52.58,50.73,193300
13/03/2019,52.65,53.12,52.6,52.8,50.94,182900
14/03/2019,52.82,52.82,52.37,52.44,50.59,137900
15/03/2019,52.49,52.87,52.19,52.46,50.61,333100
18/03/2019,52.47,52.79,52.19,52.77,50.91,250900
19/03/2019,53.25,53.62,52.06,52.27,50.43,231200
20/03/2019,52.29,53.01,51.76,52.05,50.22,315600
21/03/2019,51.8,52.98,51.8,52.37,50.53,184500
22/03/2019,51.98,52.07,50.48,50.6,48.82,186700
25/03/2019,50.62,51.37,50.3,51.28,49.48,165600
26/03/2019,51.57,51.94,51.14,51.46,49.65,183200
27/03/2019,51.46,51.94,51.1,51.81,49.99,210800
28/03/2019,51.96,52.5,51.68,52.47,50.62,115200
29/03/2019,52.73,53.09,52.14,52.39,50.55,325700
01/04/2019,52.82,53.11,52.48,53.01,51.14,232800
02/04/2019,52.9,52.9,51.94,52.77,50.91,205300
03/04/2019,53.0,53.62,52.9,53.41,51.53,184800
04/04/2019,53.48,53.85,53.19,53.63,51.74,219700
05/04/2019,53.74,54.42,53.3,54.41,52.5,355800
08/04/2019,54.42,54.65,54.03,54.36,52.45,138900
09/04/2019,54.2,54.25,53.68,53.9,52.0,147700
10/04/2019,54.0,54.25,53.69,54.04,52.14,457200
11/04/2019,54.27,54.8,54.07,54.63,52.71,339400
12/04/2019,55.1,55.33,54.73,55.17,53.23,253000
15/04/2019,55.29,57.49,55.01,57.13,55.12,598200
16/04/2019,57.28,58.2,57.0,57.75,55.72,278400
17/04/2019,57.88,58.21,57.04,57.59,55.56,215900
18/04/2019,57.52,57.94,57.12,57.59,55.56,197200
22/04/2019,57.21,57.8,56.57,56.94,54.94,223900
23/04/2019,56.95,57.42,56.64,57.26,55.24,562900
24/04/2019,57.38,58.09,57.01,57.64,55.61,205200
25/04/2019,57.3,57.42,56.19,56.77,54.77,323300
26/04/2019,55.57,55.57,51.01,54.2,52.29,660400
29/04/2019,53.99,54.07,52.54,52.58,50.73,388200
30/04/2019,52.51,54.27,52.02,54.1,52.2,352400
01/05/2019,54.47,54.47,52.46,52.59,50.74,466100
02/05/2019,52.37,53.04,51.95,52.65,50.8,224000
03/05/2019,52.91,52.93,51.87,52.32,50.48,214800
06/05/2019,51.58,52.27,51.18,52.08,50.25,233200
07/05/2019,51.86,52.33,50.68,51.0,49.21,171000
08/05/2019,51.02,51.07,50.04,50.1,48.34,156100
09/05/2019,49.76,50.21,49.4,49.9,48.14,166200
10/05/2019,49.43,50.0,48.83,49.61,47.96,176900
13/05/2019,48.64,48.88,47.41,47.53,45.95,248300
14/05/2019,47.55,48.63,47.29,48.56,46.95,382700
15/05/2019,48.17,48.85,48.12,48.55,46.94,283300
16/05/2019,48.59,49.39,48.59,49.07,47.44,302600
17/05/2019,48.64,49.18,48.48,48.79,47.17,253000
20/05/2019,48.42,48.87,48.18,48.27,46.66,284000
21/05/2019,48.46,49.62,48.46,49.6,47.95,188600
22/05/2019,49.39,49.6,49.24,49.46,47.82,183300
23/05/2019,48.8,49.37,48.44,49.36,47.72,315500
24/05/2019,49.79,49.79,49.03,49.27,47.63,236300
28/05/2019,49.46,49.81,48.97,48.98,47.35,200900
29/05/2019,48.78,49.28,48.58,48.65,47.03,196500
30/05/2019,48.84,49.46,47.92,48.19,46.59,190500
31/05/2019,47.5,47.83,46.85,47.18,45.61,164800
03/06/2019,47.05,48.09,47.02,47.66,46.08,200500
04/06/2019,48.27,49.32,48.11,49.28,47.64,116500
05/06/2019,49.3,49.33,48.54,49.06,47.43,102800
06/06/2019,49.25,49.34,48.44,49.06,47.43,205400
07/06/2019,49.21,49.81,49.09,49.28,47.64,110700
10/06/2019,49.4,49.77,48.65,48.77,47.15,169000
11/06/2019,49.14,49.21,48.24,48.53,46.92,183500
12/06/2019,48.37,48.72,48.26,48.44,46.83,135300
13/06/2019,48.6,49.03,48.53,48.86,47.24,206100
14/06/2019,48.86,49.35,48.6,48.98,47.35,158400
17/06/2019,49.14,49.28,48.59,48.72,47.1,185700
18/06/2019,49.02,50.58,49.02,50.36,48.69,233400
19/06/2019,50.31,50.31,49.23,50.14,48.47,167100
20/06/2019,50.65,51.67,50.56,51.18,49.48,188900
21/06/2019,50.88,50.92,50.24,50.72,49.03,284800
24/06/2019,50.69,50.94,49.86,49.97,48.31,134000
25/06/2019,49.97,50.64,49.73,50.24,48.57,170800
26/06/2019,50.43,50.43,49.84,50.13,48.46,134900
27/06/2019,50.21,50.76,50.19,50.63,48.95,223300
28/06/2019,50.83,51.91,50.83,50.99,49.29,430600
01/07/2019,51.72,51.92,50.73,51.19,49.49,177800
02/07/2019,51.06,51.1,50.37,51.09,49.39,140300
03/07/2019,51.31,51.75,50.76,51.74,50.02,76400
05/07/2019,51.45,51.9,51.06,51.78,50.06,137100
08/07/2019,51.63,52.39,51.28,52.23,50.49,179500
09/07/2019,51.89,52.29,51.75,52.22,50.48,146300
10/07/2019,52.52,52.92,52.21,52.3,50.56,189600
11/07/2019,52.28,52.47,51.63,52.16,50.43,147400
12/07/2019,52.16,53.11,52.16,52.91,51.15,178000
15/07/2019,52.9,53.31,52.29,52.88,51.12,144100
16/07/2019,53.0,53.42,52.42,52.9,51.14,193400
17/07/2019,52.91,53.28,52.62,52.82,51.06,222400
18/07/2019,52.84,53.22,52.59,52.88,51.12,222800
19/07/2019,52.83,53.17,52.11,52.2,50.46,236600
22/07/2019,52.23,52.59,51.59,51.63,49.91,160600
23/07/2019,51.64,52.56,51.42,52.2,50.46,146400
24/07/2019,52.03,53.21,52.03,53.15,51.38,287400
25/07/2019,53.09,53.66,52.12,52.37,50.63,343700
26/07/2019,48.24,50.44,41.63,41.64,40.26,1429600
29/07/2019,43.27,43.3,40.14,40.47,39.12,988300
30/07/2019,40.7,42.85,40.62,42.77,41.35,577800
31/07/2019,42.78,42.98,41.7,42.0,40.6,504500
01/08/2019,41.96,42.11,40.35,40.94,39.58,347000
02/08/2019,40.63,41.66,40.21,41.32,39.95,458100
05/08/2019,40.48,40.76,39.03,39.65,38.33,586900
06/08/2019,39.77,40.1,39.26,39.67,38.35,380400
07/08/2019,39.2,39.8,38.79,39.12,37.82,392400
08/08/2019,39.24,40.96,39.09,40.81,39.45,454600
09/08/2019,40.63,40.84,39.73,40.3,39.06,335400
12/08/2019,39.8,39.95,38.54,38.93,37.73,362100
13/08/2019,38.63,39.92,38.58,39.04,37.83,241500
14/08/2019,38.47,38.64,37.23,37.74,36.57,577700
15/08/2019,37.82,38.2,37.38,37.97,36.8,334200
16/08/2019,38.34,39.0,38.07,38.45,37.26,269300
19/08/2019,39.02,39.15,38.3,38.41,37.22,280400
20/08/2019,38.29,38.32,37.59,37.8,36.63,365100
21/08/2019,38.23,38.52,38.01,38.14,36.96,378900
22/08/2019,38.31,38.54,37.77,38.39,37.2,554300
23/08/2019,38.11,38.32,36.73,36.79,35.65,305200
26/08/2019,37.21,37.31,36.58,37.05,35.91,391200
27/08/2019,37.36,37.61,36.51,36.57,35.44,303100
28/08/2019,36.43,37.24,36.27,37.0,35.86,411500
29/08/2019,37.44,38.25,37.44,38.05,36.88,561000
30/08/2019,38.3,39.23,38.24,38.66,37.47,320800
03/09/2019,38.47,38.6,37.55,37.59,36.43,392800
04/09/2019,38.0,38.14,36.99,37.39,36.24,263800
05/09/2019,37.9,38.65,37.61,38.39,37.2,388200
06/09/2019,38.4,38.68,37.93,37.98,36.81,214600
09/09/2019,38.17,39.64,37.8,39.36,38.14,521700
10/09/2019,39.44,41.05,39.24,41.03,39.76,406500
11/09/2019,41.37,41.89,40.82,41.87,40.58,397800
12/09/2019,41.76,41.76,40.4,40.41,39.16,319200
13/09/2019,40.96,42.35,40.85,42.32,41.01,441500
16/09/2019,42.07,43.01,41.99,42.9,41.58,385400
17/09/2019,42.52,42.72,42.14,42.59,41.27,318500
18/09/2019,42.48,42.73,42.07,42.51,41.2,394200
19/09/2019,42.52,43.35,42.52,43.05,41.72,520600
20/09/2019,43.6,43.6,42.45,42.63,41.31,799000
23/09/2019,42.22,42.95,41.7,42.93,41.6,365100
24/09/2019,42.91,43.69,42.91,43.15,41.82,625000
25/09/2019,43.04,43.73,43.02,43.65,42.3,293000
26/09/2019,43.66,44.2,43.35,44.02,42.66,269800
27/09/2019,44.14,44.46,43.88,44.17,42.81,365300
30/09/2019,44.31,44.62,43.96,44.23,42.86,504400
01/10/2019,44.4,45.16,43.45,43.49,42.15,546200
02/10/2019,43.46,43.56,42.56,42.87,41.55,364000
03/10/2019,42.57,43.16,42.39,43.14,41.81,391300
04/10/2019,43.22,43.29,42.55,43.18,41.85,286800
07/10/2019,43.12,43.25,42.6,42.63,41.31,375200
08/10/2019,42.33,42.33,41.41,41.74,40.45,439800
09/10/2019,41.96,42.05,41.32,41.82,40.53,347300
10/10/2019,41.97,43.01,41.97,42.89,41.57,290800
11/10/2019,43.5,44.7,43.48,43.49,42.15,336900
14/10/2019,43.29,43.31,42.74,43.05,41.72,262100
15/10/2019,43.26,43.77,42.72,43.32,41.98,315100
16/10/2019,43.25,43.77,43.0,43.31,41.97,267100
17/10/2019,43.51,44.48,43.38,44.17,42.81,395900
18/10/2019,43.92,45.24,43.92,45.15,43.76,477700
21/10/2019,45.54,45.92,45.36,45.42,44.02,246100
22/10/2019,45.38,46.18,44.8,46.11,44.69,273100
23/10/2019,46.1,46.89,45.91,46.85,45.4,251900
24/10/2019,46.83,47.67,46.46,47.08,45.63,481700
25/10/2019,48.71,53.29,48.71,51.57,49.98,786500
28/10/2019,52.0,52.42,50.79,50.79,49.22,492100
29/10/2019,51.03,51.87,50.8,51.52,49.93,499600
30/10/2019,51.46,51.7,50.22,50.99,49.42,231200
31/10/2019,50.78,51.0,49.79,50.41,48.85,316700
01/11/2019,50.57,51.76,50.44,51.68,50.08,266400
04/11/2019,52.0,52.57,50.83,52.3,50.68,338700
05/11/2019,52.54,52.85,51.3,51.32,49.74,241300
06/11/2019,51.33,51.34,50.51,50.98,49.41,193000
07/11/2019,51.38,51.86,50.86,51.03,49.55,196400
08/11/2019,50.81,51.18,50.54,50.89,49.42,138700
11/11/2019,50.54,51.09,50.29,51.08,49.6,168500
12/11/2019,51.01,51.47,50.25,50.35,48.89,162400
13/11/2019,49.94,50.38,49.65,50.21,48.76,242700
14/11/2019,50.15,51.13,50.15,50.59,49.12,360000
15/11/2019,51.02,51.19,50.42,50.56,49.09,127300
18/11/2019,50.2,50.87,49.82,50.51,49.05,152600
19/11/2019,50.64,51.19,50.37,50.4,48.94,248000
20/11/2019,50.91,51.61,50.39,51.09,49.61,285500
21/11/2019,51.16,51.69,49.51,50.05,48.6,201700
22/11/2019,50.22,50.56,49.88,50.4,48.94,116900
25/11/2019,50.54,51.93,50.26,51.33,49.84,198500
26/11/2019,51.34,51.85,50.86,51.0,49.52,194800
27/11/2019,51.09,51.61,50.66,51.22,49.74,140000
29/11/2019,50.97,51.6,50.38,51.1,49.62,122600
02/12/2019,51.13,51.55,50.01,50.36,48.9,184400
03/12/2019,49.74,49.8,49.01,49.51,48.08,170600
04/12/2019,49.83,50.42,49.3,49.32,47.89,317800
05/12/2019,49.81,49.94,49.21,49.35,47.92,332900
06/12/2019,49.96,50.36,49.58,49.65,48.21,253400
09/12/2019,49.28,49.85,49.04,49.57,48.13,259600
10/12/2019,49.55,49.58,48.73,48.89,47.47,246900
11/12/2019,48.78,49.22,48.69,48.77,47.36,139800
12/12/2019,49.23,50.44,48.98,49.83,48.39,206100
13/12/2019,49.75,50.03,49.5,49.63,48.19,261600
16/12/2019,50.01,50.6,50.01,50.06,48.61,242900
17/12/2019,49.99,50.68,49.82,50.64,49.17,218900
18/12/2019,50.61,50.65,49.79,49.88,48.43,365900
19/12/2019,49.75,50.33,49.48,49.98,48.53,150800
20/12/2019,50.1,50.51,49.86,50.29,48.83,507000
23/12/2019,50.3,51.57,50.3,51.08,49.6,213500
24/12/2019,51.06,51.08,50.72,50.95,49.47,91000
26/12/2019,50.96,51.01,50.49,50.99,49.51,185800
27/12/2019,51.06,51.24,50.05,50.13,48.68,199500
30/12/2019,50.12,50.49,49.82,50.07,48.62,181100
31/12/2019,49.89,50.41,49.61,49.85,48.41,242700
02/01/2020,50.18,50.35,48.9,49.22,47.79,170900
03/01/2020,48.54,49.2,48.54,49.18,47.75,201400
06/01/2020,48.7,49.85,48.63,49.4,47.97,200100
07/01/2020,49.57,49.57,48.73,48.91,47.49,141900
08/01/2020,48.85,49.23,48.56,48.72,47.31,146000
09/01/2020,48.87,49.14,48.3,48.37,46.97,178300
10/01/2020,48.32,48.92,48.16,48.21,46.81,321300
13/01/2020,48.29,48.83,47.77,48.65,47.24,205700
14/01/2020,48.62,49.49,48.57,48.81,47.4,243100
15/01/2020,48.55,48.9,48.34,48.79,47.38,152800
16/01/2020,49.2,49.92,49.11,49.71,48.27,173900
17/01/2020,49.8,49.91,49.11,49.46,48.03,136100
21/01/2020,49.29,49.7,49.1,49.62,48.18,147900
22/01/2020,49.76,50.27,49.59,49.97,48.52,186300
23/01/2020,49.84,50.33,49.22,50.25,48.79,198900
24/01/2020,50.16,50.16,49.23,49.41,47.98,139800
27/01/2020,48.66,49.13,48.44,48.76,47.35,218200
28/01/2020,48.98,49.27,48.59,49.0,47.58,118700
29/01/2020,49.04,49.12,47.89,48.05,46.66,130000
30/01/2020,47.52,48.15,47.41,47.91,46.52,160300
31/01/2020,47.59,47.83,46.04,46.4,45.06,264400
03/02/2020,46.66,47.53,46.57,46.97,45.61,311200
04/02/2020,47.54,47.93,47.21,47.24,45.87,164500
05/02/2020,47.83,49.25,47.75,49.16,47.74,162900
06/02/2020,49.16,49.44,48.68,49.11,47.69,189100
07/02/2020,48.86,48.86,47.67,47.72,46.34,120000
10/02/2020,47.65,48.61,47.4,48.61,47.2,235200
11/02/2020,49.1,50.34,49.08,49.32,47.89,198800
12/02/2020,49.72,49.87,49.13,49.61,48.17,188300
13/02/2020,49.29,50.24,49.14,50.1,48.65,136400
14/02/2020,50.1,50.25,49.02,49.15,47.73,256700
18/02/2020,49.03,49.05,48.28,48.44,47.04,153000
19/02/2020,48.64,48.89,48.19,48.34,46.94,234900
20/02/2020,48.07,49.18,48.02,49.08,47.66,244400
21/02/2020,48.85,49.29,48.21,48.85,47.43,227200
24/02/2020,47.3,48.1,46.8,48.01,46.62,202900
25/02/2020,48.07,48.07,45.6,46.13,44.79,363100
26/02/2020,46.3,46.97,45.04,45.45,44.13,192400
27/02/2020,45.64,46.91,43.23,43.27,42.02,447400
28/02/2020,41.92,43.1,41.55,42.22,41.0,292300
02/03/2020,42.18,43.27,41.49,43.17,41.92,192700
03/03/2020,43.12,44.88,42.51,43.42,42.16,277700
04/03/2020,44.29,44.42,43.32,44.25,42.97,244200
05/03/2020,42.82,43.69,41.74,42.24,41.02,238200
06/03/2020,40.65,42.4,40.65,42.16,41.04,268200
09/03/2020,38.87,40.74,38.35,39.32,38.28,431100
10/03/2020,40.72,41.08,38.34,40.79,39.71,749900
11/03/2020,39.5,41.43,39.27,40.72,39.64,511900
12/03/2020,37.57,38.91,33.86,33.89,32.99,445500
13/03/2020,35.64,37.86,34.43,37.86,36.85,340100
16/03/2020,33.0,34.65,30.87,31.46,30.62,387400
17/03/2020,32.02,36.04,30.1,36.03,35.07,602100
18/03/2020,33.59,35.56,31.97,33.53,32.64,497100
19/03/2020,33.11,36.46,29.76,33.03,32.15,512400
20/03/2020,33.17,34.49,32.25,32.75,31.88,492000
23/03/2020,33.12,33.72,29.43,29.95,29.15,413400
24/03/2020,31.5,34.44,31.5,33.71,32.81,291100
25/03/2020,33.46,36.53,32.68,33.04,32.16,409900
26/03/2020,33.82,37.19,33.42,36.79,35.81,307700
27/03/2020,35.34,35.5,32.47,32.94,32.07,326300
30/03/2020,32.98,35.73,32.3,35.39,34.45,383300
31/03/2020,35.23,36.55,34.29,36.55,35.58,430900
01/04/2020,34.73,35.96,33.91,34.75,33.83,338000
02/04/2020,34.47,36.55,33.85,34.3,33.39,348200
03/04/2020,34.0,34.3,30.58,31.33,30.5,384900
06/04/2020,32.48,34.63,31.92,32.97,32.09,326900
07/04/2020,33.61,34.49,32.17,33.34,32.45,425400
08/04/2020,34.0,35.24,33.33,34.81,33.89,319100
09/04/2020,35.85,37.97,34.93,37.83,36.83,260200
13/04/2020,37.37,37.37,36.19,36.68,35.71,193300
14/04/2020,37.78,38.15,36.55,36.96,35.98,252800
15/04/2020,35.48,36.2,32.82,33.04,32.16,270600
16/04/2020,32.85,33.38,31.28,31.53,30.69,388600
17/04/2020,32.91,34.29,32.31,33.53,32.64,476900
20/04/2020,31.59,31.73,30.61,30.84,30.02,474300
21/04/2020,30.01,30.61,29.13,29.47,28.69,395300
22/04/2020,30.19,30.63,29.61,30.17,29.37,398100
23/04/2020,30.26,31.66,29.7,29.97,29.17,452100
24/04/2020,30.12,31.3,29.0,31.07,30.24,347400
27/04/2020,31.54,33.34,30.86,33.2,32.32,470200
28/04/2020,35.89,36.6,34.67,35.49,34.55,829900
29/04/2020,34.99,36.55,33.41,35.85,34.9,580100
30/04/2020,34.99,35.22,33.28,33.3,32.42,397200
01/05/2020,32.42,32.6,31.39,32.6,31.73,352000
04/05/2020,32.43,32.43,31.23,31.75,30.91,526200
05/05/2020,32.66,34.17,32.53,33.36,32.47,319000
06/05/2020,34.02,34.42,32.31,32.46,31.6,178600
07/05/2020,32.85,33.35,32.52,32.61,31.74,141400
08/05/2020,33.35,33.68,32.94,33.19,32.31,266700
11/05/2020,32.8,33.12,32.0,32.55,31.69,260300
12/05/2020,32.55,32.72,30.65,30.67,29.86,211400
13/05/2020,30.32,30.32,28.74,29.66,28.87,273700
14/05/2020,28.83,29.77,27.54,29.75,29.06,310300
15/05/2020,29.61,30.82,29.17,30.61,29.9,316300
18/05/2020,32.08,34.58,30.95,34.42,33.62,433200
19/05/2020,34.01,34.28,32.54,32.56,31.81,182000
20/05/2020,33.42,33.94,32.97,33.91,33.13,219600
21/05/2020,33.97,34.38,33.7,33.82,33.04,136900
22/05/2020,33.95,34.27,33.49,33.8,33.02,167200
26/05/2020,35.54,37.14,35.38,37.01,36.16,463700
27/05/2020,38.02,40.07,37.63,40.0,39.08,453500
28/05/2020,40.49,40.49,37.83,37.99,37.11,417600
29/05/2020,37.17,37.65,36.75,37.0,36.15,423800
01/06/2020,37.29,38.5,37.29,38.05,37.17,302000
02/06/2020,38.77,39.86,38.42,38.92,38.02,280100
03/06/2020,39.99,41.64,39.96,40.74,39.8,270000
04/06/2020,40.3,41.12,39.85,41.07,40.12,261500
05/06/2020,42.93,43.18,42.12,42.48,41.5,250100
08/06/2020,43.2,43.62,42.44,42.74,41.75,163600
09/06/2020,41.53,42.7,40.01,41.78,40.81,172300
10/06/2020,41.51,41.51,39.9,40.08,39.15,164700
11/06/2020,37.88,38.5,36.8,36.83,35.98,277100
12/06/2020,38.71,39.13,36.93,37.73,36.86,309800
15/06/2020,36.83,39.6,36.83,39.17,38.27,201000
16/06/2020,41.12,41.22,39.58,40.23,39.3,159500
17/06/2020,40.14,40.43,39.09,39.16,38.26,123300
18/06/2020,38.59,39.25,38.23,38.56,37.67,210900
19/06/2020,38.99,39.13,37.93,38.25,37.37,350000
22/06/2020,37.84,38.96,37.25,38.86,37.96,142600
23/06/2020,39.51,39.54,38.7,39.14,38.24,237700
24/06/2020,38.33,38.71,37.25,37.44,36.58,139500
25/06/2020,37.11,38.07,37.05,38.02,37.14,201100
26/06/2020,37.49,38.53,37.33,38.16,37.28,734900
29/06/2020,39.05,40.37,38.3,40.02,39.1,316800
30/06/2020,39.52,40.78,39.52,40.75,39.81,282600
01/07/2020,40.75,41.02,39.65,39.7,38.78,202900
02/07/2020,40.83,41.18,39.86,40.01,39.09,180900
06/07/2020,41.07,41.12,40.0,40.8,39.86,245000
07/07/2020,40.28,40.33,39.14,39.39,38.48,263600
08/07/2020,39.15,40.04,38.4,39.08,38.18,166200
09/07/2020,38.86,38.96,37.37,37.75,36.88,241600
10/07/2020,37.7,39.08,37.7,38.88,37.98,125300
13/07/2020,39.53,39.92,38.8,38.98,38.08,185700
14/07/2020,39.09,40.65,38.86,40.56,39.62,241200
15/07/2020,41.59,42.77,41.59,42.44,41.46,227100
16/07/2020,42.44,42.92,41.71,42.01,41.04,182100
17/07/2020,42.03,42.78,41.74,41.89,40.92,160300
20/07/2020,41.3,41.65,40.32,40.77,39.83,143400
21/07/2020,41.34,42.12,41.17,41.56,40.6,161200
22/07/2020,41.23,42.16,41.15,41.89,40.92,149900
23/07/2020,41.97,42.3,41.77,42.02,41.05,207500
24/07/2020,42.02,42.02,41.01,41.08,40.13,134400
27/07/2020,40.88,43.31,40.32,43.01,42.02,274200
28/07/2020,47.64,52.4,47.08,48.0,46.89,1024000
29/07/2020,48.59,49.41,48.59,48.8,47.67,583300
30/07/2020,48.03,49.26,47.85,48.93,47.8,494100
31/07/2020,48.57,49.88,47.2,49.71,48.56,410500
03/08/2020,50.0,51.13,49.63,50.8,49.63,326700
04/08/2020,50.61,51.22,50.03,50.72,49.55,294100
05/08/2020,51.35,52.84,50.24,51.93,50.73,700100
06/08/2020,51.96,52.17,50.91,51.5,50.31,328000
07/08/2020,51.51,52.53,51.15,52.43,51.22,342500
10/08/2020,52.8,54.69,52.51,53.5,52.26,335200
11/08/2020,54.31,55.57,53.86,54.3,53.05,287000
12/08/2020,55.03,55.59,54.54,54.88,53.61,203600
13/08/2020,54.24,55.21,53.26,53.27,52.14,240100
14/08/2020,52.75,53.67,52.29,53.03,51.9,163000
17/08/2020,55.17,55.35,53.8,55.13,53.96,349000
18/08/2020,55.0,55.01,53.3,53.44,52.31,311300
19/08/2020,53.54,54.02,52.94,53.1,51.97,253900
20/08/2020,52.85,53.74,52.1,52.28,51.17,225600
21/08/2020,51.93,52.71,51.6,52.34,51.23,269600
24/08/2020,52.93,52.99,51.65,52.15,51.04,243900
25/08/2020,52.44,52.64,51.23,51.55,50.46,237300
26/08/2020,51.55,51.8,51.07,51.32,50.23,241200
27/08/2020,51.73,52.09,50.56,51.11,50.03,248300
28/08/2020,51.64,52.08,50.78,51.2,50.11,174400
31/08/2020,51.15,51.55,50.67,50.67,49.59,211700
01/09/2020,50.49,52.79,50.0,52.47,51.36,368400
02/09/2020,52.62,53.63,52.2,53.48,52.34,321400
03/09/2020,53.44,53.45,50.9,51.81,50.71,320400
04/09/2020,52.62,53.03,50.62,51.3,50.21,311700
08/09/2020,51.25,51.32,50.11,50.27,49.2,194900
09/09/2020,50.9,50.95,49.19,49.88,48.82,238100
10/09/2020,50.0,51.06,49.57,50.86,49.78,318700
11/09/2020,51.3,51.49,50.48,50.52,49.45,141500
14/09/2020,51.01,51.79,50.23,51.57,50.48,195400
15/09/2020,51.87,52.14,50.81,50.96,49.88,134200
16/09/2020,51.23,53.09,51.0,52.55,51.43,327300
17/09/2020,51.71,52.92,51.35,52.36,51.25,197100
18/09/2020,52.6,53.36,51.72,52.66,51.54,600600
21/09/2020,51.22,51.73,49.47,50.14,49.08,264100
22/09/2020,50.39,51.7,49.88,51.47,50.38,303800
23/09/2020,51.35,52.38,49.92,49.93,48.87,279100
24/09/2020,50.17,51.0,49.55,50.32,49.25,211600
25/09/2020,49.76,50.7,49.76,50.39,49.32,161700
28/09/2020,51.02,52.08,50.98,51.84,50.74,152600
29/09/2020,51.84,52.13,51.2,51.51,50.42,358800
30/09/2020,51.77,52.96,51.2,51.51,50.42,201300
01/10/2020,51.5,52.24,51.11,52.0,50.9,188100
02/10/2020,51.24,52.97,51.24,52.59,51.47,112900
05/10/2020,53.0,54.4,52.87,54.05,52.9,240600
06/10/2020,54.83,56.37,54.57,55.19,54.02,357600
07/10/2020,55.84,56.46,55.38,56.2,55.01,341500
08/10/2020,56.9,57.79,56.65,57.62,56.4,210200
09/10/2020,57.74,58.11,56.78,57.64,56.42,136200
12/10/2020,57.82,58.14,57.19,57.98,56.75,194800
13/10/2020,57.3,57.46,56.04,56.42,55.22,249000
14/10/2020,56.73,57.06,55.7,55.77,54.59,157900
15/10/2020,55.0,56.54,54.84,56.49,55.29,213100
16/10/2020,56.37,56.89,56.07,56.07,54.88,144800
19/10/2020,56.35,56.47,54.25,54.59,53.43,214900
20/10/2020,55.19,55.87,54.87,55.46,54.28,142300
21/10/2020,55.5,55.81,54.77,54.9,53.73,160100
22/10/2020,55.03,55.65,54.28,55.51,54.33,152900
23/10/2020,55.93,56.31,54.8,55.11,53.94,137600
26/10/2020,54.06,54.9,53.41,54.18,53.03,250200
27/10/2020,51.89,52.51,46.24,47.18,46.18,1075900
28/10/2020,45.81,46.8,44.2,44.22,43.28,728000
29/10/2020,43.62,45.32,43.62,44.68,43.73,362700
30/10/2020,44.7,46.22,44.68,45.8,44.83,446600
02/11/2020,46.59,47.07,45.5,46.63,45.64,357200
03/11/2020,47.74,48.4,46.83,47.55,46.54,250400
04/11/2020,46.68,47.54,45.64,46.32,45.34,206700
05/11/2020,46.61,48.23,46.61,47.68,46.67,214500
06/11/2020,47.89,48.25,46.54,46.6,45.72,201700
09/11/2020,51.18,51.48,48.3,48.42,47.5,283100
10/11/2020,49.15,51.71,49.15,51.11,50.14,334100
11/11/2020,51.4,51.54,48.92,50.59,49.63,187300
12/11/2020,49.97,50.62,49.01,49.63,48.69,256000
13/11/2020,50.18,51.37,49.85,50.34,49.39,181700
16/11/2020,51.41,51.5,50.16,51.05,50.08,256000
17/11/2020,50.52,50.57,49.63,49.8,48.86,272500
18/11/2020,50.26,50.49,49.21,49.27,48.34,201400
19/11/2020,49.0,50.12,48.11,49.79,48.85,289500
20/11/2020,49.42,49.68,48.36,49.22,48.29,188200
23/11/2020,49.84,51.05,49.67,51.01,50.04,304700
24/11/2020,51.61,52.73,51.25,52.37,51.38,399400
25/11/2020,52.04,52.29,51.17,51.4,50.43,181900
27/11/2020,51.33,51.51,50.35,51.42,50.44,77800
30/11/2020,51.3,51.87,50.1,50.39,49.43,312900
01/12/2020,51.11,51.84,49.94,50.12,49.17,312500
02/12/2020,50.21,50.63,49.64,49.93,48.98,243300
03/12/2020,49.98,51.12,49.98,50.89,49.93,138300
04/12/2020,51.47,51.84,51.12,51.41,50.44,125000
07/12/2020,51.5,51.6,50.54,51.38,50.41,186700
08/12/2020,51.06,51.66,50.67,51.35,50.38,142100
09/12/2020,51.77,52.75,51.43,51.93,50.95,136200
10/12/2020,51.48,51.54,50.33,51.06,50.09,147400
11/12/2020,50.84,51.49,50.83,51.09,50.12,153800
14/12/2020,52.02,52.53,50.84,51.34,50.37,262200
15/12/2020,51.78,53.21,51.24,53.12,52.11,193000
16/12/2020,53.4,53.82,52.38,53.42,52.41,240200
17/12/2020,53.76,54.01,52.16,53.73,52.71,233100
18/12/2020,53.76,54.69,53.12,53.2,52.19,691000
21/12/2020,52.17,52.92,52.01,52.71,51.71,171500
22/12/2020,52.64,53.99,52.58,53.64,52.62,217900
23/12/2020,54.1,54.7,53.53,53.62,52.6,178300
24/12/2020,53.96,54.5,53.38,53.55,52.53,61900
28/12/2020,53.98,54.84,53.53,53.68,52.66,200600
29/12/2020,53.8,53.91,52.25,52.71,51.71,116500
30/12/2020,52.73,53.5,52.42,52.69,51.69,126700
31/12/2020,52.6,52.9,52.27,52.66,51.66,97200
04/01/2021,52.74,52.94,51.12,51.58,50.6,202500
05/01/2021,51.33,53.41,51.33,52.95,51.95,143000
06/01/2021,54.0,57.45,54.0,57.07,55.99,377000
07/01/2021,57.24,58.78,57.09,58.54,57.43,193400
08/01/2021,58.5,58.5,56.65,57.0,55.92,232000
11/01/2021,56.34,57.09,56.1,57.02,55.94,207200
12/01/2021,57.17,57.37,56.37,57.0,55.92,344800
13/01/2021,56.79,57.0,54.62,55.14,54.09,233200
14/01/2021,55.64,56.15,54.96,55.24,54.19,191300
15/01/2021,54.65,55.24,54.0,54.87,53.83,302100
19/01/2021,55.41,56.69,55.2,56.52,55.45,293200
20/01/2021,56.64,58.05,56.64,57.56,56.47,232100
21/01/2021,57.56,59.1,57.0,58.17,57.07,313600
22/01/2021,57.65,58.8,57.26,58.53,57.42,169700
25/01/2021,58.12,58.82,56.44,57.78,56.68,175500
26/01/2021,58.16,58.22,56.51,56.61,55.54,104100
27/01/2021,57.4,58.14,55.36,57.2,56.12,332500
28/01/2021,58.43,59.29,56.4,56.47,55.4,268400
29/01/2021,56.6,57.08,55.22,55.43,54.38,190100
01/02/2021,55.86,56.35,54.29,56.06,55.0,214000
02/02/2021,57.09,58.12,56.14,58.02,56.92,178800
03/02/2021,57.76,57.96,56.19,56.97,55.89,604700
04/02/2021,56.91,57.9,56.62,57.7,56.61,165100
05/02/2021,58.55,58.55,57.9,58.1,57.0,196000
08/02/2021,60.0,64.8,59.89,64.78,63.55,445700
09/02/2021,64.99,66.25,64.58,65.44,64.2,323200
10/02/2021,65.97,66.27,63.32,64.1,62.88,236700
11/02/2021,64.72,65.51,62.83,64.06,62.85,280600
12/02/2021,63.57,63.98,62.77,63.37,62.17,206400
16/02/2021,63.77,63.92,61.54,61.7,60.53,166600
17/02/2021,61.09,61.59,60.05,60.88,59.73,214300
18/02/2021,60.67,61.0,59.62,59.64,58.51,117700
19/02/2021,59.83,61.1,59.71,60.56,59.41,115300
22/02/2021,60.32,61.98,59.85,61.81,60.64,241500
23/02/2021,61.39,62.39,60.96,61.75,60.58,169700
24/02/2021,62.05,63.9,61.6,63.87,62.66,216700
25/02/2021,63.6,63.96,62.32,62.62,61.43,170300
26/02/2021,63.07,63.99,59.63,61.94,60.77,348400
01/03/2021,63.49,65.87,63.1,65.51,64.27,357900
02/03/2021,65.41,66.69,65.04,66.5,65.24,547300
03/03/2021,66.99,69.52,66.7,68.25,66.96,311600
04/03/2021,67.87,69.96,66.29,67.24,65.97,319900
05/03/2021,68.22,69.94,67.44,69.88,68.55,264000
08/03/2021,70.77,73.99,70.76,73.49,72.1,450300
09/03/2021,73.6,75.14,72.64,74.31,72.9,391300
10/03/2021,74.59,75.63,73.91,74.7,73.28,278800
11/03/2021,75.1,75.96,73.97,74.23,72.93,217600
12/03/2021,74.76,75.31,74.21,74.66,73.36,290700
15/03/2021,74.27,74.66,72.28,73.41,72.13,233700
16/03/2021,72.88,73.18,71.61,72.79,71.52,208400
17/03/2021,73.07,74.86,72.64,74.69,73.39,155700
18/03/2021,74.31,75.63,73.54,73.87,72.58,185400
19/03/2021,73.69,74.13,71.59,73.25,71.97,525300
22/03/2021,73.42,73.86,72.16,73.24,71.96,166500
23/03/2021,71.94,73.06,70.8,71.5,70.25,216200
24/03/2021,72.23,73.72,70.76,70.91,69.67,136300
25/03/2021,70.26,73.23,69.63,72.54,71.27,188600
26/03/2021,73.47,75.12,72.82,75.07,73.76,138400
29/03/2021,74.94,75.86,73.25,73.35,72.07,147200
30/03/2021,73.47,75.4,73.09,75.2,73.89,114900
31/03/2021,75.46,76.4,74.62,74.77,73.47,252000
01/04/2021,75.06,76.28,74.84,76.05,74.72,169600
05/04/2021,77.21,77.32,75.63,76.42,75.09,186200
06/04/2021,76.31,77.25,75.46,76.79,75.45,177300
07/04/2021,76.64,76.95,74.93,75.0,73.69,143200
08/04/2021,75.16,77.26,75.03,77.21,75.86,256000
09/04/2021,77.2,79.43,76.98,79.29,77.91,212800
12/04/2021,79.78,80.14,79.21,79.41,78.02,246700
13/04/2021,79.13,79.64,78.31,79.2,77.82,180900
14/04/2021,79.17,80.61,79.17,80.01,78.61,195500
15/04/2021,80.53,80.95,79.1,80.05,78.65,170400
16/04/2021,80.65,81.39,80.31,80.93,79.52,214500
19/04/2021,81.11,81.52,80.37,81.24,79.82,181700
20/04/2021,81.04,81.49,79.12,80.2,78.8,274400
21/04/2021,80.2,80.81,79.27,80.46,79.06,179700
22/04/2021,80.96,80.99,78.69,79.32,77.94,157400
23/04/2021,79.8,81.3,79.3,80.63,79.22,153900
26/04/2021,81.14,82.56,81.14,81.85,80.42,149500
27/04/2021,81.85,82.92,81.21,82.03,80.6,166700
28/04/2021,81.91,82.41,81.12,81.41,79.99,88900
29/04/2021,81.76,83.35,81.02,82.19,80.76,240000
30/04/2021,82.84,83.21,81.95,82.36,80.92,198500
03/05/2021,83.35,85.04,83.21,84.9,83.42,294100
04/05/2021,84.86,86.47,84.86,85.72,84.22,147400
05/05/2021,85.72,86.03,84.38,84.95,83.47,211500
06/05/2021,85.28,86.74,85.02,86.59,85.08,113500
07/05/2021,86.58,87.49,85.69,86.87,85.35,110400
10/05/2021,87.2,88.53,86.27,86.28,84.77,171200
11/05/2021,85.44,86.18,83.78,86.12,84.62,134600
12/05/2021,85.64,86.25,80.12,80.5,79.1,203000
13/05/2021,80.61,82.72,80.61,82.11,80.79,327400
14/05/2021,82.64,83.02,81.66,82.91,81.58,217800
17/05/2021,82.43,83.23,81.47,83.01,81.68,114700
18/05/2021,83.13,83.13,81.88,82.02,80.7,116800
19/05/2021,80.74,81.11,78.69,80.31,79.02,144400
20/05/2021,80.22,80.79,79.4,80.69,79.4,95400
21/05/2021,81.72,82.21,80.44,80.89,79.59,72100
24/05/2021,81.52,81.75,80.39,80.78,79.48,123700
25/05/2021,80.91,81.48,79.26,79.41,78.14,138800
26/05/2021,79.49,80.47,79.21,80.17,78.88,118700
27/05/2021,81.34,81.63,80.75,80.8,79.5,125900
28/05/2021,81.2,82.91,80.69,82.9,81.57,159700
01/06/2021,83.53,85.13,83.2,84.53,83.17,261700
02/06/2021,84.09,84.25,82.3,83.08,81.75,245100
03/06/2021,82.55,85.27,80.9,85.17,83.8,335500
04/06/2021,85.36,86.53,84.4,86.25,84.87,289700
07/06/2021,86.37,86.37,85.0,85.75,84.37,216000
08/06/2021,86.0,86.98,85.1,86.46,85.07,189300
09/06/2021,86.5,86.57,85.06,85.39,84.02,148800
10/06/2021,85.75,85.95,82.97,83.45,82.11,159500
11/06/2021,83.9,84.33,83.31,83.96,82.61,115600
14/06/2021,84.43,85.7,83.97,84.9,83.54,335800
15/06/2021,84.9,84.95,82.59,83.61,82.27,194700
16/06/2021,83.38,83.97,82.24,83.18,81.85,157300
17/06/2021,83.09,83.41,80.91,81.25,79.95,167500
18/06/2021,79.74,80.19,77.18,77.24,76.0,369900
21/06/2021,78.05,79.79,78.05,79.22,77.95,208100
22/06/2021,79.04,79.57,77.69,79.18,77.91,117400
23/06/2021,79.39,79.82,78.63,78.72,77.46,127900
24/06/2021,79.23,79.39,78.08,79.23,77.96,180500
25/06/2021,79.39,80.81,79.35,79.35,78.08,1401700
28/06/2021,79.36,79.95,77.54,78.05,76.8,194600
29/06/2021,78.39,78.75,77.96,78.38,77.12,101500
30/06/2021,77.9,79.03,77.54,78.79,77.53,115100
01/07/2021,80.17,80.63,79.04,79.12,77.85,133600
02/07/2021,79.34,79.42,77.22,77.68,76.43,117100
06/07/2021,77.41,77.41,74.93,76.22,75.0,139800
07/07/2021,75.77,77.32,75.77,76.77,75.54,263800
08/07/2021,75.15,77.54,74.79,76.02,74.8,134800
09/07/2021,77.42,78.79,77.14,77.92,76.67,90800
12/07/2021,77.08,77.99,76.8,77.86,76.61,69600
13/07/2021,77.17,78.46,76.44,76.88,75.65,87100
14/07/2021,77.15,77.75,75.95,76.21,74.99,78400
15/07/2021,75.39,76.37,74.8,75.32,74.11,97800
16/07/2021,76.05,76.5,73.28,73.43,72.25,162200
19/07/2021,71.97,73.56,71.21,72.37,71.21,125800
20/07/2021,72.29,76.12,72.07,75.05,73.85,206300
21/07/2021,75.76,76.77,75.76,76.25,75.03,67400
22/07/2021,75.72,76.23,73.98,74.12,72.93,72100
23/07/2021,74.76,75.61,73.75,75.38,74.17,80300
26/07/2021,75.83,76.25,74.64,74.97,73.77,59700
27/07/2021,74.16,75.06,73.45,74.37,73.18,107800
28/07/2021,75.27,75.57,73.3,74.27,73.08,105500
29/07/2021,72.36,75.18,70.45,74.87,73.67,227000
30/07/2021,74.46,75.31,74.24,74.75,73.55,161100
02/08/2021,74.82,76.43,72.84,73.1,71.93,169300
03/08/2021,73.0,74.92,71.56,74.89,73.69,230000
04/08/2021,74.1,75.65,73.8,74.12,72.93,200300
05/08/2021,74.85,75.63,74.31,75.55,74.34,157600
06/08/2021,76.24,77.13,75.83,76.26,75.04,140900
09/08/2021,76.0,77.63,75.57,76.27,75.05,141000
10/08/2021,76.26,77.42,76.12,77.31,76.07,118200
11/08/2021,77.9,78.61,77.22,77.71,76.46,136100
12/08/2021,77.6,77.91,75.94,77.03,75.91,96300
13/08/2021,77.23,77.23,76.05,76.28,75.17,47600
16/08/2021,75.63,76.92,75.05,76.5,75.39,119400
17/08/2021,75.71,75.73,73.97,74.88,73.79,129100
18/08/2021,74.86,75.72,74.04,74.12,73.04,67800
19/08/2021,73.2,74.35,72.71,73.27,72.21,104500
20/08/2021,72.98,74.74,72.98,74.38,73.3,102300
23/08/2021,74.98,76.28,73.76,75.73,74.63,93600
24/08/2021,75.67,76.49,75.08,75.69,74.59,75400
25/08/2021,75.57,76.62,75.23,75.23,74.14,86500
26/08/2021,75.01,75.24,73.47,74.04,72.96,80300
27/08/2021,74.22,76.87,74.22,75.97,74.87,168300
30/08/2021,76.29,76.69,75.58,75.68,74.58,69500
31/08/2021,76.0,76.5,75.05,75.98,74.88,176300
01/09/2021,75.95,75.95,73.75,74.72,73.63,130100
02/09/2021,75.44,76.89,74.7,76.38,75.27,72400
03/09/2021,75.84,76.48,75.25,76.46,75.35,77800
07/09/2021,76.02,76.2,74.52,74.52,73.44,101200
08/09/2021,74.23,74.88,73.28,73.61,72.54,128600
09/09/2021,73.2,73.63,72.59,72.73,71.67,104700
10/09/2021,73.09,73.69,71.59,71.7,70.66,116600
13/09/2021,72.0,72.76,70.78,71.81,70.77,152300
14/09/2021,72.26,72.26,69.38,69.59,68.58,103700
15/09/2021,69.39,70.92,69.09,70.48,69.46,144700
16/09/2021,70.48,70.92,69.54,69.8,68.79,96800
17/09/2021,70.22,71.49,68.42,69.51,68.5,480000
20/09/2021,67.91,70.3,67.91,69.82,68.81,156300
21/09/2021,70.15,70.15,68.53,69.14,68.14,122900
22/09/2021,69.49,71.34,69.49,70.14,69.12,122800
23/09/2021,70.95,73.09,70.95,72.49,71.44,164000
24/09/2021,72.43,73.11,72.05,72.17,71.12,126400
27/09/2021,72.24,74.52,72.24,74.11,73.03,127000
28/09/2021,74.32,74.32,72.11,72.15,71.1,151700
29/09/2021,72.45,73.57,71.52,72.99,71.93,265100
30/09/2021,73.61,74.0,71.11,71.32,70.28,123000
01/10/2021,71.59,74.42,71.04,74.06,72.98,160600
04/10/2021,73.88,75.66,73.48,75.28,74.19,166800
05/10/2021,75.68,77.13,74.97,76.52,75.41,171000
06/10/2021,75.68,77.17,74.03,76.75,75.64,122100
07/10/2021,77.63,78.54,77.37,78.09,76.96,149500
08/10/2021,78.08,78.58,77.2,78.46,77.32,87900
11/10/2021,78.46,79.23,77.81,78.1,76.97,99900
12/10/2021,78.06,79.05,77.65,78.37,77.23,120300
13/10/2021,78.79,79.27,77.18,78.48,77.34,81500
14/10/2021,79.26,81.47,79.26,81.35,80.17,101100
15/10/2021,82.81,82.81,80.29,80.38,79.21,209000
18/10/2021,79.88,81.18,79.8,80.71,79.54,123700
19/10/2021,81.01,81.66,79.81,81.09,79.91,90000
20/10/2021,81.0,82.13,80.17,82.13,80.94,75600
21/10/2021,81.95,84.03,81.53,83.16,81.95,189000
22/10/2021,83.22,85.12,82.73,84.16,82.94,107300
25/10/2021,84.4,85.89,84.04,85.65,84.41,136800
26/10/2021,86.0,86.3,84.28,85.52,84.28,92900
27/10/2021,85.32,86.31,82.58,82.84,81.64,155400
28/10/2021,83.31,90.69,82.94,89.1,87.81,275100
29/10/2021,89.89,91.85,89.74,91.47,90.14,239500
01/11/2021,91.81,93.69,91.23,92.57,91.23,177900
02/11/2021,92.78,94.95,91.76,94.13,92.76,127500
03/11/2021,93.75,95.7,92.94,95.38,93.99,132500
04/11/2021,95.62,96.55,93.68,94.09,92.72,218400
05/11/2021,95.65,99.53,95.44,99.02,97.58,139400
08/11/2021,100.44,101.3,98.69,99.08,97.64,117200
09/11/2021,98.88,99.97,98.11,99.08,97.64,102600
10/11/2021,98.43,99.98,97.49,98.1,96.8,99100
11/11/2021,98.06,100.15,97.79,99.31,98.0,81000
12/11/2021,99.57,100.7,99.25,99.89,98.57,87600
15/11/2021,100.77,101.0,99.97,100.65,99.32,106800
16/11/2021,100.65,102.66,100.65,102.22,100.87,94700
17/11/2021,102.25,103.3,100.66,102.34,100.99,137700
18/11/2021,102.53,103.19,100.54,102.81,101.45,121100
19/11/2021,101.51,103.73,101.12,101.8,100.45,129600
22/11/2021,102.38,103.74,102.0,102.53,101.17,102300
23/11/2021,102.4,103.42,101.68,102.49,101.13,98600
24/11/2021,101.92,102.94,101.64,102.15,100.8,48800
26/11/2021,98.27,100.45,96.03,98.29,96.99,101700
29/11/2021,100.02,100.02,97.3,97.86,96.57,143700
30/11/2021,96.77,97.47,94.18,94.87,93.62,245400
01/12/2021,97.56,98.44,93.71,93.73,92.49,177300
02/12/2021,94.95,97.39,93.73,95.33,94.07,251600
03/12/2021,96.3,96.4,92.48,94.56,93.31,121700
06/12/2021,96.36,97.17,94.77,96.3,95.03,104400
07/12/2021,96.36,98.26,96.36,97.16,95.87,87700
08/12/2021,97.82,98.46,96.23,98.04,96.74,75900
09/12/2021,97.12,97.53,96.25,96.55,95.27,97100
10/12/2021,96.94,97.4,95.51,96.84,95.56,124600
13/12/2021,96.69,97.15,95.42,96.63,95.35,143500
14/12/2021,96.44,97.03,94.67,95.95,94.68,261400
15/12/2021,95.82,98.8,94.16,98.72,97.41,232200
16/12/2021,99.33,99.33,95.74,96.69,95.41,239500
17/12/2021,95.35,97.17,94.21,94.98,93.72,485800
20/12/2021,93.56,93.88,91.0,93.26,92.03,177800
21/12/2021,94.27,97.1,93.77,96.81,95.53,107200
22/12/2021,97.17,97.94,96.53,97.94,96.64,87600
23/12/2021,98.18,99.21,96.97,98.84,97.53,158400
27/12/2021,99.0,100.93,98.31,100.93,99.6,97600
28/12/2021,100.51,101.16,99.38,99.39,98.08,119900
29/12/2021,99.68,100.28,99.08,99.59,98.27,84300
30/12/2021,100.03,101.32,98.25,98.34,97.04,82600
31/12/2021,98.47,99.48,98.38,98.94,97.63,57800
03/01/2022,99.44,100.33,97.5,98.11,96.81,190300
04/01/2022,98.36,100.47,98.12,99.27,97.96,171800
05/01/2022,98.91,99.53,95.59,95.59,94.33,126200
06/01/2022,96.64,98.27,94.83,97.85,96.56,95400
07/01/2022,97.46,97.66,94.79,95.87,94.6,224900
10/01/2022,95.15,96.15,94.01,95.95,94.68,136100
11/01/2022,95.78,97.08,93.57,97.0,95.72,156000
12/01/2022,97.0,98.3,96.65,97.73,96.44,229100
13/01/2022,98.58,98.58,97.34,97.91,96.61,151600
14/01/2022,96.61,97.39,95.48,96.94,95.66,135400
18/01/2022,95.57,96.19,92.33,93.19,91.96,182000
19/01/2022,93.97,93.97,89.86,90.15,88.96,198400
20/01/2022,91.03,93.4,90.61,91.36,90.15,231200
21/01/2022,90.93,92.55,87.91,88.22,87.05,202600
24/01/2022,86.77,90.49,85.55,90.11,88.92,219700
25/01/2022,88.48,89.51,85.19,88.26,87.09,165000
26/01/2022,89.8,90.71,85.19,86.46,85.32,137700
27/01/2022,86.59,89.8,84.82,85.37,84.24,135500
28/01/2022,84.99,87.53,83.83,87.39,86.23,246300
31/01/2022,87.03,89.82,86.89,89.78,88.59,273000
01/02/2022,90.0,90.49,88.26,88.98,87.8,319100
02/02/2022,89.61,89.93,86.52,87.13,85.98,284900
03/02/2022,86.07,86.79,84.88,85.23,84.1,230500
04/02/2022,85.0,85.46,83.7,84.57,83.45,148700
07/02/2022,84.7,85.71,84.5,84.89,83.77,142500
08/02/2022,85.07,87.21,85.07,85.92,84.78,161400
09/02/2022,87.26,89.99,86.24,89.52,88.34,184600
10/02/2022,87.76,89.64,86.49,87.18,86.03,117400
11/02/2022,87.34,88.22,85.43,86.8,85.65,108200
14/02/2022,86.96,88.1,85.77,87.28,86.13,157200
15/02/2022,88.61,90.03,87.97,89.55,88.37,115000
16/02/2022,89.03,91.17,88.82,90.13,88.94,183000
17/02/2022,89.17,89.91,87.61,87.98,86.82,111400
18/02/2022,87.78,88.65,86.69,88.22,87.05,132600
22/02/2022,86.89,87.87,85.29,85.84,84.7,124800
23/02/2022,86.12,86.71,84.11,84.39,83.27,142300
24/02/2022,80.0,84.73,80.0,82.68,81.59,348200
25/02/2022,84.0,86.84,82.55,86.08,84.94,147100
28/02/2022,84.77,86.46,84.39,85.98,84.84,237300
01/03/2022,86.0,86.58,82.9,83.53,82.43,308400
02/03/2022,84.58,87.68,84.58,86.84,85.69,92500
03/03/2022,87.68,88.14,85.19,85.76,84.63,98100
04/03/2022,84.35,85.84,84.08,85.0,83.88,137200
07/03/2022,84.8,85.71,83.85,83.99,82.88,106600
08/03/2022,83.88,86.51,83.33,86.0,84.86,411100
09/03/2022,87.51,89.51,86.99,89.41,88.23,163700
10/03/2022,87.36,90.64,87.36,90.52,89.45,136100
11/03/2022,90.94,92.45,90.24,90.78,89.71,116200
14/03/2022,91.3,91.52,89.51,90.68,89.61,111600
15/03/2022,91.61,91.64,89.44,91.12,90.05,174600
16/03/2022,91.81,92.56,89.87,91.92,90.84,143300
17/03/2022,91.56,93.09,90.86,92.5,91.41,99200
18/03/2022,92.58,92.67,91.28,92.33,91.24,305400
21/03/2022,92.35,93.08,90.73,93.0,91.9,126400
22/03/2022,93.58,94.63,92.69,94.53,93.42,243800
23/03/2022,93.61,94.85,91.02,91.16,90.09,338400
24/03/2022,90.85,90.93,86.12,87.83,86.79,201700
25/03/2022,88.13,88.61,86.99,88.09,87.05,108700
28/03/2022,87.77,88.21,86.62,88.21,87.17,106000
29/03/2022,89.56,91.64,89.56,91.12,90.05,126900
30/03/2022,91.23,91.7,89.6,90.0,88.94,109900
31/03/2022,89.8,90.91,88.87,89.01,87.96,143600
01/04/2022,89.49,90.37,88.46,90.13,89.07,170200
04/04/2022,90.51,90.51,88.11,89.8,88.74,125400
05/04/2022,89.75,89.82,88.52,88.9,87.85,154100
06/04/2022,88.01,88.85,86.68,87.47,86.44,194200
07/04/2022,87.18,88.25,86.69,87.76,86.73,183500
08/04/2022,87.6,88.3,86.68,86.99,85.96,110500
11/04/2022,86.93,88.0,86.38,86.7,85.68,113100
12/04/2022,87.75,89.41,87.26,87.75,86.72,84900
13/04/2022,87.84,89.18,87.64,88.82,87.77,64500
14/04/2022,89.16,89.76,88.39,88.57,87.53,93000
18/04/2022,87.99,89.19,86.55,87.17,86.14,96900
19/04/2022,87.56,89.63,87.35,89.08,88.03,128100
20/04/2022,90.3,93.63,90.3,91.67,90.59,113100
21/04/2022,92.59,92.84,88.71,89.43,88.38,157400
22/04/2022,88.87,88.91,86.46,86.64,85.62,141100
25/04/2022,85.8,86.77,84.23,86.74,85.72,140500
26/04/2022,85.46,86.45,84.05,84.27,83.28,148400
27/04/2022,84.12,86.93,84.12,85.06,84.06,140700
28/04/2022,87.25,87.29,83.02,86.02,85.01,137800
29/04/2022,85.06,86.59,84.03,84.42,83.42,129500
02/05/2022,84.22,85.97,82.0,84.01,83.02,117600
03/05/2022,84.61,86.41,84.0,85.67,84.66,130100
04/05/2022,86.02,90.53,86.02,90.3,89.24,144200
05/05/2022,88.98,89.16,85.67,86.75,85.73,134400
06/05/2022,86.31,87.22,84.4,85.21,84.21,168900
09/05/2022,83.78,85.1,82.41,82.98,82.0,166100
10/05/2022,83.64,85.18,82.53,83.99,83.0,156900
11/05/2022,84.05,84.79,81.12,81.58,80.62,158600
12/05/2022,81.58,83.33,80.66,82.58,81.61,125200
13/05/2022,83.49,85.42,83.49,84.1,83.25,98800
16/05/2022,83.88,84.61,82.39,84.08,83.23,122000
17/05/2022,85.54,86.06,85.07,85.58,84.71,104500
18/05/2022,84.83,87.82,83.31,83.72,82.87,248600
19/05/2022,82.55,84.41,82.01,83.32,82.48,149500
20/05/2022,84.43,84.96,80.88,82.47,81.64,116200
23/05/2022,83.11,84.3,82.43,84.13,83.28,166500
24/05/2022,85.15,87.59,84.79,87.48,86.6,251500
25/05/2022,87.1,87.96,85.39,86.52,85.65,134900
26/05/2022,87.19,89.0,87.09,88.43,87.54,122400
27/05/2022,88.74,91.67,88.74,91.6,90.67,88800
31/05/2022,90.4,91.19,88.88,89.72,88.81,296400
01/06/2022,90.15,90.15,87.13,89.3,88.4,137600
02/06/2022,89.65,92.46,89.36,92.0,91.07,116900
03/06/2022,91.01,91.5,90.21,91.3,90.38,133700
06/06/2022,92.35,93.1,91.07,91.89,90.96,135700
07/06/2022,90.71,92.71,90.71,92.56,91.62,111000
08/06/2022,91.84,92.44,90.84,92.24,91.31,121500
09/06/2022,91.5,93.0,91.33,91.64,90.71,96400
10/06/2022,89.67,90.24,88.25,89.2,88.3,80800
13/06/2022,86.26,87.58,86.26,87.04,86.16,157700
14/06/2022,87.04,87.34,84.93,85.62,84.75,97600
15/06/2022,85.98,87.19,82.87,83.87,83.02,299400
16/06/2022,82.09,82.09,75.24,75.82,75.05,228900
17/06/2022,76.19,79.27,75.28,75.33,74.57,296400
21/06/2022,76.41,77.35,74.14,76.31,75.54,193400
22/06/2022,75.56,78.39,74.88,77.9,77.11,162900
23/06/2022,77.69,79.91,77.69,79.3,78.5,142400
24/06/2022,79.96,83.07,79.96,83.02,82.18,317900
27/06/2022,83.86,84.67,82.41,83.7,82.85,81900
28/06/2022,83.94,85.1,82.18,82.38,81.55,355800
29/06/2022,82.81,82.83,79.66,81.25,80.43,106400
30/06/2022,79.83,83.89,79.83,83.15,82.31,143500
01/07/2022,82.76,85.09,81.77,84.17,83.32,125000
05/07/2022,82.49,86.52,82.25,86.39,85.52,353900
06/07/2022,86.11,86.11,83.99,84.99,84.13,93200
07/07/2022,85.71,87.62,85.71,87.25,86.37,79800
08/07/2022,87.09,87.28,85.61,86.01,85.14,106900
11/07/2022,85.63,86.54,85.62,86.08,85.21,64500
12/07/2022,86.2,86.94,84.4,84.8,83.94,99100
13/07/2022,83.5,85.29,83.2,84.09,83.24,109200
14/07/2022,82.84,84.38,82.27,84.23,83.38,74600
15/07/2022,85.54,86.3,83.99,85.26,84.4,91800
18/07/2022,86.54,86.62,84.18,84.3,83.45,69500
19/07/2022,85.26,88.88,85.26,88.86,87.96,150900
20/07/2022,88.85,90.14,88.22,89.62,88.71,98000
21/07/2022,89.65,91.3,88.9,91.28,90.36,100300
22/07/2022,91.76,92.24,89.36,91.28,90.36,98200
25/07/2022,91.35,91.76,89.29,89.84,88.93,165100
26/07/2022,89.36,91.16,89.25,90.88,89.96,144400
27/07/2022,90.5,93.73,90.43,92.59,91.65,128000
28/07/2022,95.38,99.0,95.23,98.42,97.42,303500
29/07/2022,99.76,106.08,99.02,105.66,104.59,283200
01/08/2022,105.07,106.79,102.96,105.43,104.36,250500
02/08/2022,105.11,105.6,102.84,104.71,103.65,186300
03/08/2022,105.0,105.61,102.53,104.49,103.43,170600
04/08/2022,105.2,105.2,101.07,101.71,100.68,206600
05/08/2022,100.97,102.71,100.72,102.55,101.51,204700
08/08/2022,103.5,105.29,102.61,103.4,102.35,141500
09/08/2022,103.48,103.48,100.19,100.64,99.62,228800
10/08/2022,102.86,104.05,101.51,102.75,101.71,225100
11/08/2022,104.67,105.9,103.23,104.39,103.33,136600
12/08/2022,105.98,108.52,104.5,108.44,107.34,120100
15/08/2022,107.28,109.0,106.79,108.27,107.18,104300
16/08/2022,107.53,108.32,106.72,107.54,106.45,172000
17/08/2022,106.24,108.13,105.57,107.34,106.39,90800
18/08/2022,107.36,108.01,105.46,107.79,106.84,121500
19/08/2022,106.91,106.94,104.03,105.05,104.12,123200
22/08/2022,103.38,104.0,102.18,102.62,101.71,87800
23/08/2022,103.33,104.54,101.49,101.77,100.87,174000
24/08/2022,101.74,103.17,101.65,102.3,101.4,193400
25/08/2022,102.24,105.57,102.09,105.28,104.35,147200
26/08/2022,105.28,105.96,101.8,102.42,101.52,157600
29/08/2022,101.32,104.24,100.79,102.78,101.87,188500
30/08/2022,103.02,103.02,99.48,99.82,98.94,93600
31/08/2022,99.96,101.42,99.96,100.34,99.45,102400
01/09/2022,99.79,101.08,98.71,100.99,100.1,120200
02/09/2022,102.02,102.86,99.98,100.53,99.64,133300
06/09/2022,100.19,100.19,97.88,98.61,97.74,151000
07/09/2022,99.14,101.09,98.66,100.72,99.83,183800
08/09/2022,99.81,101.47,99.81,101.29,100.4,95800
09/09/2022,102.4,103.55,102.01,102.93,102.02,82700
12/09/2022,103.36,104.51,102.58,104.42,103.5,132900
13/09/2022,101.52,103.01,100.8,101.8,100.9,212500
14/09/2022,101.29,102.2,99.03,100.03,99.15,124000
15/09/2022,99.06,101.15,98.58,99.09,98.22,100200
16/09/2022,98.0,99.87,97.06,99.79,98.91,300200
19/09/2022,98.85,103.0,98.85,102.88,101.97,111100
20/09/2022,101.79,103.69,101.32,103.65,102.74,210500
21/09/2022,104.87,106.18,102.77,103.09,102.18,201600
22/09/2022,102.36,102.36,99.47,100.33,99.44,233800
23/09/2022,99.16,99.99,97.4,98.15,97.28,159200
26/09/2022,97.29,99.55,96.53,96.6,95.75,138400
27/09/2022,97.96,98.76,95.28,96.48,95.63,126500
28/09/2022,97.49,100.58,97.26,99.71,98.83,221500
29/09/2022,98.98,100.37,95.67,96.79,95.94,149800
30/09/2022,97.36,100.55,97.31,97.33,96.47,225400
03/10/2022,98.47,104.22,98.47,103.38,102.47,220100
04/10/2022,105.0,107.98,105.0,106.9,105.96,215000
05/10/2022,104.64,105.81,102.92,103.0,102.09,299800
06/10/2022,102.5,103.4,101.74,103.31,102.4,166500
07/10/2022,102.59,102.71,100.01,100.76,99.87,187300
10/10/2022,101.47,102.46,100.62,101.03,100.14,123900
11/10/2022,100.66,103.4,100.03,102.27,101.37,153300
12/10/2022,102.61,102.61,99.86,100.81,99.92,81400
13/10/2022,98.98,103.69,97.5,103.3,102.39,153600
14/10/2022,103.93,104.3,101.11,101.32,100.43,179700
17/10/2022,103.31,104.72,102.92,104.56,103.64,216100
18/10/2022,107.07,107.94,105.24,107.77,106.82,154600
19/10/2022,106.91,106.91,104.8,106.75,105.81,123800
20/10/2022,106.55,106.82,102.8,103.67,102.76,210300
21/10/2022,105.11,107.76,104.15,106.59,105.65,168400
24/10/2022,106.7,109.71,106.54,108.32,107.36,253400
25/10/2022,107.94,111.89,107.94,110.22,109.25,205500
26/10/2022,110.96,113.37,109.2,109.68,108.71,184500
27/10/2022,110.93,119.81,110.93,118.44,117.4,355300
28/10/2022,120.65,122.82,119.31,121.5,120.43,262700
31/10/2022,121.21,123.93,120.75,123.28,122.19,274400
01/11/2022,123.88,124.17,120.81,120.99,119.92,236900
02/11/2022,120.56,120.75,115.87,116.71,115.68,315300
03/11/2022,116.06,118.69,115.93,117.22,116.19,186000
04/11/2022,118.46,119.97,117.1,119.38,118.33,174000
07/11/2022,120.58,121.95,119.43,121.76,120.69,223000
08/11/2022,122.26,123.0,118.81,119.94,118.88,237500
09/11/2022,119.07,121.32,117.16,117.75,116.71,221100
10/11/2022,122.26,124.77,120.99,123.87,122.78,184200
11/11/2022,123.85,125.65,121.25,121.58,120.51,188200
14/11/2022,121.05,125.29,120.37,121.92,120.84,266700
15/11/2022,122.78,123.73,120.25,121.31,120.24,344900
16/11/2022,121.29,122.1,119.52,121.45,120.53,178900
17/11/2022,119.47,123.75,118.75,123.75,122.81,294900
18/11/2022,125.96,127.42,124.1,125.15,124.2,369900
21/11/2022,124.77,127.39,124.65,125.98,125.02,227100
22/11/2022,126.25,127.43,124.62,126.92,125.96,168700
23/11/2022,126.92,128.68,125.74,126.06,125.1,219100
25/11/2022,126.71,127.27,125.69,126.02,125.06,118300
28/11/2022,124.92,127.74,123.34,123.76,122.82,281000
29/11/2022,123.17,126.64,123.17,124.31,123.37,280300
30/11/2022,124.57,126.76,121.37,126.76,125.8,269200
01/12/2022,127.3,127.3,125.1,125.78,124.82,130000
02/12/2022,124.34,127.03,124.34,126.0,125.04,132200
05/12/2022,124.65,124.65,121.09,123.37,122.43,215000
06/12/2022,123.33,124.08,121.46,121.66,120.74,223700
07/12/2022,122.09,123.04,120.71,121.28,120.36,161000
08/12/2022,122.14,122.78,120.49,121.9,120.97,132200
09/12/2022,121.56,121.93,120.06,120.63,119.71,132300
12/12/2022,120.67,120.94,119.59,120.36,119.45,193500
13/12/2022,123.88,124.16,120.74,121.6,120.68,196700
14/12/2022,121.59,122.83,119.13,119.99,119.08,173000
15/12/2022,118.82,118.82,116.17,117.53,116.64,190400
16/12/2022,115.81,116.87,115.11,116.0,115.12,441700
19/12/2022,115.89,117.73,115.15,116.7,115.81,144000
20/12/2022,116.63,117.2,115.91,115.98,115.1,165900
21/12/2022,116.84,118.2,115.43,117.24,116.35,142500
22/12/2022,116.02,117.17,114.74,116.89,116.0,126200
23/12/2022,116.57,118.35,116.54,118.19,117.29,78000
27/12/2022,118.91,118.91,117.34,117.45,116.56,90500
28/12/2022,117.38,117.78,115.2,115.37,114.49,84800
29/12/2022,116.81,118.18,116.14,117.77,116.88,118700
30/12/2022,116.85,116.92,114.84,115.08,114.21,253000
03/01/2023,115.67,117.18,114.62,117.1,116.21,188100
04/01/2023,117.57,118.86,114.12,114.88,114.01,178100
05/01/2023,114.48,114.67,111.28,111.86,111.01,208400
06/01/2023,113.51,114.71,112.74,113.76,112.9,307100
09/01/2023,114.44,116.32,113.72,114.62,113.75,184400
10/01/2023,114.08,115.57,114.08,115.4,114.52,173400
11/01/2023,115.93,117.59,115.24,117.12,116.23,129900
12/01/2023,117.25,121.34,116.4,120.79,119.87,424400
13/01/2023,120.42,125.0,120.42,124.23,123.29,252500
17/01/2023,123.66,124.81,117.98,119.8,118.89,193900
18/01/2023,120.03,121.85,118.86,118.86,117.96,128700
19/01/2023,118.41,119.18,114.58,114.74,113.87,161700
20/01/2023,115.86,117.14,113.81,117.09,116.2,196700
23/01/2023,117.22,118.73,116.16,118.06,117.16,114600
24/01/2023,116.73,120.92,116.73,119.67,118.76,103300
25/01/2023,118.88,119.72,117.82,118.2,117.3,91800
26/01/2023,119.51,120.08,117.25,119.39,118.48,137100
27/01/2023,119.25,119.99,119.01,119.15,118.25,78600
30/01/2023,118.03,121.0,118.03,118.06,117.16,138600
31/01/2023,118.2,121.04,118.2,121.04,120.12,229000
01/02/2023,120.92,122.45,119.44,121.92,120.99,327100
02/02/2023,122.0,123.42,120.8,121.98,121.05,166500
03/02/2023,121.56,124.92,121.56,122.33,121.4,176100
06/02/2023,122.13,122.42,120.21,120.97,120.05,123700
07/02/2023,120.05,122.23,119.14,121.49,120.57,170200
08/02/2023,120.88,121.56,119.72,120.3,119.39,180200
09/02/2023,121.37,121.76,118.69,118.79,117.89,113300
10/02/2023,118.74,120.52,117.72,119.96,119.05,386300
13/02/2023,120.57,123.07,119.76,122.37,121.44,213200
14/02/2023,122.0,123.54,120.82,122.39,121.46,123700
15/02/2023,121.1,125.09,121.1,124.48,123.53,149500
16/02/2023,122.96,126.82,122.96,125.88,124.92,267900
17/02/2023,126.45,127.99,126.31,127.63,126.66,284700
21/02/2023,126.48,128.09,122.81,123.66,122.72,319600
22/02/2023,123.8,125.05,123.38,123.9,122.96,299800
23/02/2023,127.33,140.05,127.33,136.0,134.97,441500
24/02/2023,140.43,146.86,136.15,146.81,145.7,688300
27/02/2023,147.8,148.86,145.29,146.9,145.78,545200
28/02/2023,147.19,148.89,145.21,145.44,144.34,367800
01/03/2023,146.4,147.64,145.27,146.94,145.82,384400
02/03/2023,146.56,148.32,145.72,147.2,146.08,243000
03/03/2023,147.83,152.13,147.13,151.04,149.89,254900
06/03/2023,150.69,151.53,149.2,150.83,149.68,269900
07/03/2023,151.5,151.91,148.77,149.08,147.95,173600
08/03/2023,149.59,149.59,147.13,148.82,147.69,186700
09/03/2023,148.85,149.51,144.17,145.0,144.07,220400
10/03/2023,145.0,145.0,139.41,140.98,140.07,289600
13/03/2023,138.35,140.4,136.26,137.0,136.12,263600
14/03/2023,140.6,141.94,139.4,140.59,139.69,332200
15/03/2023,137.54,137.54,133.18,136.12,135.25,270700
16/03/2023,134.16,140.71,134.16,139.02,138.13,174100
17/03/2023,137.74,137.74,134.26,134.43,133.57,821600
20/03/2023,136.1,139.95,136.1,139.15,138.26,289600
21/03/2023,141.44,142.2,139.21,141.22,140.31,294500
22/03/2023,140.66,141.5,139.39,139.97,139.07,327200
23/03/2023,140.07,141.2,135.18,135.69,134.82,199600
24/03/2023,133.81,138.45,132.56,137.89,137.0,198900
27/03/2023,139.13,141.45,138.07,139.71,138.81,160400
28/03/2023,139.06,142.85,138.88,141.94,141.03,227900
29/03/2023,143.0,145.9,142.4,143.96,143.03,323400
30/03/2023,144.59,145.47,139.55,142.53,141.61,388100
31/03/2023,143.32,146.45,143.32,145.96,145.02,282800
03/04/2023,145.82,147.68,145.2,146.61,145.67,270000
04/04/2023,147.32,147.32,138.76,140.2,139.3,469200
05/04/2023,138.57,139.32,129.74,131.62,130.77,381100
06/04/2023,131.6,132.15,129.14,129.31,128.48,365700
10/04/2023,128.66,132.48,127.09,130.55,129.71,335300
11/04/2023,130.78,132.45,128.71,129.67,128.84,295900
12/04/2023,130.76,131.5,128.98,130.56,129.72,188900
13/04/2023,131.08,132.69,129.93,131.75,130.9,144900
14/04/2023,131.38,134.04,130.54,130.98,130.14,176900
17/04/2023,132.29,133.44,131.44,132.46,131.61,118300
18/04/2023,133.65,134.74,131.72,132.75,131.9,137500
19/04/2023,132.88,134.88,132.25,134.12,133.26,195900
20/04/2023,133.61,137.55,133.51,137.5,136.62,217500
21/04/2023,137.23,138.28,135.61,136.19,135.31,350400
24/04/2023,136.62,137.77,133.57,134.01,133.15,208600
25/04/2023,132.61,133.91,131.42,131.88,131.03,284400
26/04/2023,130.4,133.1,129.77,132.83,131.98,628800
27/04/2023,133.24,149.39,133.24,148.85,147.89,603400
28/04/2023,148.61,150.94,147.82,149.49,148.53,333800
01/05/2023,149.21,152.49,147.09,147.51,146.56,221800
02/05/2023,147.27,150.81,145.41,150.3,149.33,295500
03/05/2023,150.89,153.9,149.37,149.7,148.74,380100
04/05/2023,148.42,148.89,145.23,147.99,147.04,339000
05/05/2023,149.9,154.15,149.0,151.87,150.89,464700
08/05/2023,152.01,153.51,147.62,147.92,146.97,242200
09/05/2023,147.56,149.4,146.01,148.35,147.4,161400
10/05/2023,150.36,150.65,148.19,150.3,149.33,402800
11/05/2023,148.82,150.79,148.7,150.0,149.04,294200
12/05/2023,150.01,152.63,150.01,150.29,149.32,228900
15/05/2023,150.39,152.15,149.63,151.45,150.48,253200
16/05/2023,150.17,151.32,149.12,150.66,149.69,162300
17/05/2023,151.04,152.4,149.45,151.21,150.44,204500
18/05/2023,151.59,154.48,150.73,154.03,153.24,211000
19/05/2023,155.5,156.19,149.58,151.32,150.55,184400
22/05/2023,151.26,153.26,149.23,150.99,150.22,203500
23/05/2023,150.06,151.03,147.04,147.07,146.32,304000
24/05/2023,147.2,149.23,144.81,144.84,144.1,220400
25/05/2023,145.36,150.18,145.0,150.16,149.39,284600
26/05/2023,150.73,152.32,149.79,150.0,149.23,175300
30/05/2023,150.96,152.05,150.24,151.34,150.57,221100
31/05/2023,150.23,152.89,146.31,147.98,147.22,285500
01/06/2023,147.41,148.79,144.45,148.38,147.62,222100
02/06/2023,150.14,154.93,150.14,154.86,154.07,286500
05/06/2023,153.1,153.6,149.62,152.28,151.5,215300
06/06/2023,151.82,159.5,151.42,158.84,158.03,310900
07/06/2023,158.81,161.94,157.59,158.15,157.34,331800
08/06/2023,157.35,159.72,156.39,158.23,157.42,143800
09/06/2023,157.91,158.59,155.9,158.04,157.23,167700
12/06/2023,158.89,162.75,157.05,160.29,159.47,328900
13/06/2023,160.58,162.16,158.02,158.34,157.53,272500
14/06/2023,158.34,161.79,156.73,160.38,159.56,359100
15/06/2023,160.15,163.61,160.0,162.65,161.82,353900
16/06/2023,164.9,165.05,160.54,161.58,160.76,602600
20/06/2023,161.53,162.1,159.6,159.7,158.88,276600
21/06/2023,159.77,164.86,158.81,164.35,163.51,243000
22/06/2023,164.16,164.93,161.74,162.08,161.25,183900
23/06/2023,160.55,163.64,159.16,160.57,159.75,397400
26/06/2023,160.52,164.0,160.44,161.0,160.18,206400
27/06/2023,160.19,163.07,160.1,162.0,161.17,165200
28/06/2023,162.75,163.16,160.71,160.93,160.11,146900
29/06/2023,160.72,166.62,160.6,166.3,165.45,253100
30/06/2023,167.53,167.53,164.0,164.2,163.36,210100
03/07/2023,164.2,165.88,163.76,164.44,163.6,94300
05/07/2023,163.47,163.91,160.15,161.91,161.08,169300
06/07/2023,160.37,161.67,157.32,159.77,158.95,163300
07/07/2023,159.77,162.1,159.58,159.84,159.02,199900
10/07/2023,159.42,163.62,159.42,163.26,162.43,115500
11/07/2023,163.25,164.57,160.82,164.0,163.16,186800
12/07/2023,166.03,166.38,164.36,164.55,163.71,131400
13/07/2023,165.0,166.76,164.36,166.16,165.31,129400
14/07/2023,167.11,167.88,163.01,163.78,162.94,141000
17/07/2023,163.83,166.69,163.83,165.95,165.1,178200
18/07/2023,165.95,172.02,165.68,170.06,169.19,271500
19/07/2023,169.66,170.88,165.1,169.2,168.34,157300
20/07/2023,169.7,169.7,165.34,165.85,165.0,100200
21/07/2023,167.36,167.36,164.64,164.79,163.95,168100
24/07/2023,165.24,167.46,164.6,167.09,166.24,143800
25/07/2023,166.19,168.52,166.19,167.51,166.65,116600
26/07/2023,166.43,167.7,164.68,165.88,165.03,150500
27/07/2023,170.12,171.07,153.3,165.38,164.54,470100
28/07/2023,169.16,174.56,169.16,173.78,172.89,206300
31/07/2023,175.0,176.27,171.97,173.97,173.08,180900
01/08/2023,173.35,176.09,172.85,173.66,172.77,155400
02/08/2023,172.07,175.84,171.48,174.76,173.87,170800
03/08/2023,175.0,177.23,173.25,176.81,175.91,209800
04/08/2023,177.39,179.95,175.91,177.51,176.6,221800
07/08/2023,177.32,182.12,177.32,181.15,180.23,174300
08/08/2023,180.02,182.94,177.62,181.04,180.12,304500
09/08/2023,180.12,180.5,177.09,177.41,176.5,173500
10/08/2023,178.01,179.72,175.16,176.8,175.9,313800
11/08/2023,176.44,179.33,176.44,178.03,177.12,115800
14/08/2023,177.08,180.11,175.92,177.85,176.94,163000
15/08/2023,177.68,180.38,176.89,178.93,178.02,214200
16/08/2023,178.83,181.83,178.78,179.09,178.4,164300
17/08/2023,178.89,179.61,173.1,173.76,173.09,195100
18/08/2023,172.94,177.77,172.7,176.72,176.04,253900
21/08/2023,176.56,179.12,174.25,177.02,176.34,150800
22/08/2023,175.91,180.74,175.54,178.6,177.91,252400
23/08/2023,180.24,182.86,179.62,181.7,181.0,205600
24/08/2023,181.86,183.04,178.74,179.42,178.73,312800
25/08/2023,180.0,182.67,177.8,181.75,181.05,348300
28/08/2023,182.8,185.43,180.86,181.19,180.49,169200
29/08/2023,180.77,184.46,180.0,184.19,183.48,269900
30/08/2023,184.68,186.71,183.12,183.7,182.99,413300
31/08/2023,183.91,186.3,183.31,184.57,183.86,240900
01/09/2023,185.45,187.88,184.92,185.96,185.24,139800
05/09/2023,184.25,185.97,181.82,185.4,184.69,542400
06/09/2023,185.23,188.11,184.23,187.89,187.17,226000
07/09/2023,187.83,188.29,184.69,188.1,187.38,200900
08/09/2023,188.1,189.82,186.53,186.87,186.15,222300
11/09/2023,188.6,189.4,187.02,188.13,187.41,210600
12/09/2023,187.85,189.91,186.06,187.47,186.75,429800
13/09/2023,187.27,189.29,185.62,188.49,187.76,483700
14/09/2023,189.63,192.33,188.0,188.65,187.92,209500
15/09/2023,187.98,188.83,184.19,187.68,186.96,944800
18/09/2023,186.92,187.37,183.71,183.89,183.18,246000
19/09/2023,183.89,185.13,180.22,182.22,181.52,188300
20/09/2023,182.67,184.63,179.35,179.47,178.78,262600
21/09/2023,177.8,177.8,170.39,170.51,169.85,292300
22/09/2023,170.34,172.39,169.38,170.38,169.72,247900
25/09/2023,170.37,172.97,170.37,171.97,171.31,160400
26/09/2023,171.49,172.65,168.09,169.6,168.95,194000
27/09/2023,171.39,173.76,171.39,172.77,172.1,265500
28/09/2023,172.73,177.69,172.11,176.47,175.79,283800
29/09/2023,177.78,177.78,169.88,170.41,169.75,310700
02/10/2023,169.97,170.87,164.62,166.17,165.53,235600
03/10/2023,164.86,166.0,162.5,165.36,164.72,178700
04/10/2023,165.53,168.3,164.67,166.44,165.8,243700
05/10/2023,166.17,167.28,164.88,166.03,165.39,199900
06/10/2023,164.89,170.48,164.89,168.76,168.11,224600
09/10/2023,168.03,170.6,166.25,170.04,169.38,221900
10/10/2023,170.67,172.58,168.74,168.96,168.31,257500
11/10/2023,170.13,170.46,168.1,169.02,168.37,222800
12/10/2023,168.93,168.93,164.28,165.13,164.49,232400
13/10/2023,165.56,168.11,158.33,158.84,158.23,354500
16/10/2023,160.32,164.33,159.84,160.24,159.62,378700
17/10/2023,159.68,165.16,159.68,163.61,162.98,287800
18/10/2023,162.63,162.63,157.5,157.93,157.32,334500
19/10/2023,158.6,159.3,153.83,154.03,153.44,356900
20/10/2023,154.58,155.82,153.23,153.56,152.97,305500
23/10/2023,153.52,155.46,152.97,153.07,152.48,365800
24/10/2023,155.46,157.04,153.34,154.83,154.23,282600
25/10/2023,153.12,154.77,151.89,152.12,151.53,202500
26/10/2023,152.57,155.22,152.18,153.58,152.99,309100
27/10/2023,166.98,176.71,164.55,175.92,175.24,747500
30/10/2023,178.69,180.71,176.33,179.49,178.8,508100
31/10/2023,180.28,182.72,179.45,181.85,181.15,422900
01/11/2023,181.49,184.96,179.72,184.88,184.17,311800
02/11/2023,189.11,189.98,185.72,187.65,186.93,424600
03/11/2023,190.08,191.27,186.47,187.81,187.09,426200
06/11/2023,187.26,189.08,185.4,187.22,186.5,363400
07/11/2023,186.27,187.91,184.05,186.3,185.58,301300
08/11/2023,187.43,188.85,184.98,185.08,184.37,288800
09/11/2023,186.16,187.16,183.23,185.26,184.55,262100
10/11/2023,186.95,188.62,186.02,187.68,186.96,202200
13/11/2023,186.29,190.5,184.85,189.21,188.48,144400
14/11/2023,193.42,201.84,193.42,201.61,200.83,393400
15/11/2023,200.66,202.67,199.09,199.35,198.83,1351100
16/11/2023,200.0,202.9,193.27,193.77,193.26,331400
17/11/2023,194.66,197.11,194.32,194.98,194.47,256100
20/11/2023,195.46,196.25,193.85,194.18,193.67,277400
21/11/2023,192.96,194.51,191.61,192.91,192.41,176500
22/11/2023,194.06,198.24,194.06,197.78,197.26,174900
24/11/2023,198.48,199.3,198.07,198.82,198.3,72600
27/11/2023,198.99,199.62,196.45,198.63,198.11,338100
28/11/2023,198.05,198.05,189.27,189.3,188.8,323100
29/11/2023,191.44,192.85,190.84,191.28,190.78,372200
30/11/2023,191.9,193.61,191.02,193.58,193.07,325200
01/12/2023,192.6,197.55,192.6,196.61,196.1,284600
04/12/2023,191.83,192.38,185.83,188.96,188.47,551700
05/12/2023,188.13,190.67,186.36,188.72,188.23,443500
06/12/2023,189.1,192.4,186.37,186.54,186.05,260500
07/12/2023,187.61,190.9,186.56,188.87,188.38,252200
08/12/2023,188.5,194.56,188.5,194.01,193.5,354300
11/12/2023,194.97,196.33,192.06,196.04,195.53,284600
12/12/2023,196.61,200.35,196.17,198.0,197.48,403900
13/12/2023,198.09,203.9,196.14,200.98,200.45,358000
14/12/2023,204.86,206.73,201.06,205.39,204.85,357800
15/12/2023,206.0,206.0,201.18,203.37,202.84,6746100
18/12/2023,204.74,206.24,202.07,203.08,202.55,292500
19/12/2023,205.74,208.94,204.52,207.24,206.7,253100
20/12/2023,206.97,211.61,206.05,207.08,206.54,378300
21/12/2023,208.65,210.15,206.16,206.53,205.99,240000
22/12/2023,208.0,209.79,206.81,207.77,207.23,235900
26/12/2023,208.3,210.25,207.83,209.24,208.69,137700
27/12/2023,209.09,210.71,206.46,207.39,206.85,150700
28/12/2023,207.58,208.29,205.1,206.46,205.92,139700
29/12/2023,205.83,207.82,205.45,205.67,205.13,227500
02/01/2024,204.38,205.89,200.02,202.08,201.55,211500
03/01/2024,200.0,200.0,194.63,195.96,195.45,349100
04/01/2024,195.76,197.95,195.13,197.28,196.76,364400
05/01/2024,196.68,198.62,195.21,195.89,195.38,207600
08/01/2024,196.46,199.25,195.8,198.95,198.43,150300
09/01/2024,196.67,199.89,194.3,198.94,198.42,145400
10/01/2024,198.99,203.31,198.99,203.12,202.59,216700
11/01/2024,202.54,206.16,200.81,205.77,205.23,821100
12/01/2024,207.85,207.89,203.09,203.33,202.8,400800
16/01/2024,201.62,203.58,200.34,202.22,201.69,258600
17/01/2024,200.22,203.83,198.3,202.44,201.91,206100
18/01/2024,204.55,207.32,202.77,204.57,204.03,211100
19/01/2024,205.78,206.68,200.62,204.7,204.16,246000
22/01/2024,207.23,209.96,206.77,209.4,208.85,153300
23/01/2024,210.0,210.0,202.19,204.14,203.61,159200
24/01/2024,205.84,205.84,200.15,200.49,199.97,168700
25/01/2024,203.24,205.89,201.61,205.54,205.0,261400
26/01/2024,206.09,208.44,205.77,207.35,206.81,174600
29/01/2024,207.21,213.12,206.84,213.0,212.44,235800
30/01/2024,212.65,222.2,212.65,222.18,221.6,371300
31/01/2024,222.16,222.17,216.28,217.47,216.9,445800
01/02/2024,219.05,225.39,217.55,225.0,224.41,249000
02/02/2024,222.45,231.92,222.45,231.29,230.68,275100
05/02/2024,228.52,228.93,220.99,224.07,223.48,264200
06/02/2024,224.07,226.69,222.87,226.56,225.97,203900
07/02/2024,228.05,233.92,224.94,231.95,231.34,297900
08/02/2024,232.21,238.34,232.21,237.17,236.55,274800
09/02/2024,236.1,241.37,235.76,240.5,239.87,266500
12/02/2024,240.0,245.85,238.74,243.72,243.08,310300
13/02/2024,237.0,240.4,233.09,237.74,237.12,382600
14/02/2024,240.87,247.68,240.12,247.62,246.97,270000
15/02/2024,249.98,253.09,245.53,252.8,252.14,441500
16/02/2024,251.18,252.79,247.55,248.5,247.85,297100
20/02/2024,244.38,247.16,241.64,247.0,246.35,408700
21/02/2024,246.46,246.85,239.8,241.86,241.23,337100
22/02/2024,242.84,250.16,242.84,247.85,247.2,350900
23/02/2024,267.9,292.41,266.41,279.06,278.33,775000
26/02/2024,279.93,285.43,274.37,284.68,283.94,523700
27/02/2024,289.01,292.17,281.95,291.15,290.39,432700
28/02/2024,291.15,294.94,288.16,293.89,293.12,500700
29/02/2024,297.17,306.0,293.87,305.73,304.93,644100
01/03/2024,305.67,315.42,303.0,314.43,313.61,499800
04/03/2024,314.94,329.43,314.94,320.2,319.36,547200
05/03/2024,317.95,322.43,312.87,314.93,314.11,789500
06/03/2024,315.73,317.77,310.94,313.51,312.69,393400
07/03/2024,313.58,314.43,307.39,314.26,313.69,531600
08/03/2024,317.7,320.24,308.38,310.02,309.46,353300
11/03/2024,308.79,309.38,294.82,296.77,296.23,629000
12/03/2024,297.03,303.12,295.45,302.03,301.48,598500
13/03/2024,302.65,306.19,298.83,300.06,299.51,438200
14/03/2024,300.5,303.84,297.71,302.44,301.89,525000
15/03/2024,301.92,309.92,301.92,308.57,308.01,1024500
18/03/2024,310.39,314.91,307.04,309.54,308.98,315600
19/03/2024,307.15,312.95,307.15,310.58,310.01,383300
20/03/2024,310.91,314.99,309.2,314.31,313.74,263400
21/03/2024,318.04,325.33,317.65,323.29,322.7,518500
22/03/2024,323.47,323.65,318.68,321.58,320.99,201100
25/03/2024,321.03,323.82,318.9,318.92,318.34,174000
26/03/2024,320.0,321.29,317.4,318.25,317.67,207500
27/03/2024,322.42,322.42,315.65,317.96,317.38,251000
28/03/2024,317.85,320.0,316.29,317.71,317.13,238300
01/04/2024,320.0,323.56,316.5,319.49,318.91,287600
02/04/2024,315.12,315.34,310.76,314.02,313.45,321900
03/04/2024,311.88,321.54,311.88,320.56,319.98,261400
04/04/2024,325.0,335.25,311.98,312.5,311.93,274200
05/04/2024,313.69,324.2,312.75,323.4,322.81,303900
08/04/2024,325.0,326.65,319.35,322.13,321.54,217400
09/04/2024,324.24,324.44,305.0,306.15,305.59,430500
10/04/2024,298.9,306.55,297.68,303.76,303.21,405500
11/04/2024,304.66,311.7,302.95,310.14,309.58,287300
12/04/2024,308.63,312.03,306.12,307.58,307.02,230900
15/04/2024,313.05,314.0,299.92,303.99,303.44,250500
16/04/2024,301.07,306.66,299.01,303.64,303.09,221100
17/04/2024,305.29,305.74,293.52,299.64,299.09,374400
18/04/2024,301.52,303.63,292.04,292.24,291.71,324900
19/04/2024,292.5,295.49,287.45,290.73,290.2,411200
22/04/2024,292.9,299.38,290.69,295.23,294.69,228700
23/04/2024,298.26,308.63,296.66,308.47,307.91,334000
24/04/2024,316.27,319.69,306.17,308.69,308.13,330600
25/04/2024,304.58,314.59,304.45,311.4,310.83,459500
26/04/2024,320.01,323.99,293.98,302.0,301.45,663000
29/04/2024,305.26,311.15,301.57,310.69,310.12,448700
30/04/2024,308.41,314.04,308.41,309.41,308.85,406000
01/05/2024,310.0,311.82,298.83,301.94,301.39,301800
02/05/2024,303.61,308.62,299.11,307.71,307.15,284500
03/05/2024,313.0,317.93,312.58,315.03,314.46,363900
06/05/2024,319.08,337.33,319.08,335.54,334.93,508200
07/05/2024,333.08,345.74,331.04,343.63,343.0,634000
08/05/2024,342.36,346.57,336.66,346.21,345.58,359700
09/05/2024,347.39,351.49,345.02,347.21,346.58,348800
10/05/2024,349.24,352.45,341.56,344.8,344.47,253400
13/05/2024,345.13,345.75,332.13,332.49,332.17,284000
14/05/2024,331.75,335.68,317.7,334.32,334.0,440500
15/05/2024,337.56,343.97,334.72,339.56,339.24,494500
16/05/2024,337.98,341.01,319.39,321.6,321.29,489600
17/05/2024,324.0,326.28,315.15,316.23,315.93,489200
20/05/2024,318.94,321.87,314.04,321.22,320.91,331600
21/05/2024,318.51,327.8,318.19,327.36,327.05,256500
22/05/2024,327.7,331.63,324.91,328.81,328.5,321300
23/05/2024,332.06,336.85,327.98,330.62,330.3,299100
24/05/2024,332.09,343.73,332.09,342.32,341.99,347300
28/05/2024,345.2,346.87,333.72,338.83,338.51,396700
29/05/2024,335.39,341.53,335.39,337.9,337.58,276900
30/05/2024,338.26,341.69,333.19,335.22,334.9,234700
31/05/2024,336.13,343.7,319.83,327.34,327.03,498500
03/06/2024,331.66,331.85,306.07,316.74,316.44,481300
04/06/2024,316.27,317.0,297.2,301.0,300.71,693300
05/06/2024,303.2,321.75,303.05,319.65,319.34,495600
06/06/2024,318.57,320.45,302.31,305.03,304.74,297700
07/06/2024,304.59,308.7,301.65,304.73,304.44,271400
10/06/2024,301.12,307.8,300.75,307.35,307.06,226400
11/06/2024,306.4,308.42,300.75,301.09,300.8,346200
12/06/2024,311.08,323.01,311.08,318.77,318.47,354100
13/06/2024,318.0,325.0,314.28,324.91,324.6,301600
14/06/2024,316.85,324.0,312.46,313.85,313.55,263900
17/06/2024,313.36,325.76,310.78,321.85,321.54,296700
18/06/2024,320.62,328.58,318.33,327.19,326.88,313300
20/06/2024,328.03,335.79,318.64,322.4,322.09,333300
21/06/2024,319.24,319.24,293.02,316.31,316.01,1012900
24/06/2024,315.73,320.56,312.23,318.1,317.8,327200
25/06/2024,318.58,321.36,310.94,321.09,320.78,276600
26/06/2024,318.78,323.6,311.14,313.5,313.2,385500
27/06/2024,315.66,317.98,310.43,315.93,315.63,473700
28/06/2024,316.79,320.59,303.21,304.12,303.83,5281900
01/07/2024,306.89,311.11,294.31,294.76,294.48,580900
02/07/2024,294.58,297.16,290.3,293.86,293.58,745300
03/07/2024,293.7,312.21,291.13,311.85,311.55,436600
05/07/2024,310.19,311.12,300.01,302.32,302.03,364500
08/07/2024,305.66,308.47,302.11,302.12,301.83,242000
09/07/2024,302.57,308.92,299.96,301.13,300.84,319100
10/07/2024,303.44,310.72,302.18,309.62,309.32,230900
11/07/2024,313.57,322.5,310.25,319.06,318.75,306300
12/07/2024,321.95,328.0,318.43,321.82,321.51,211500
15/07/2024,323.04,330.0,320.0,322.76,322.45,276500
16/07/2024,325.55,336.7,323.69,330.03,329.71,304400
17/07/2024,325.13,327.54,302.76,302.88,302.59,538500
18/07/2024,306.92,308.8,295.04,301.35,301.06,677400
19/07/2024,302.63,308.56,298.64,304.28,303.99,487500
22/07/2024,307.89,318.06,307.09,317.83,317.53,253400
23/07/2024,317.16,330.8,317.0,329.13,328.82,361300
24/07/2024,322.18,326.52,298.55,299.88,299.59,611800
25/07/2024,305.67,308.73,290.63,292.14,291.86,983700
26/07/2024,302.28,315.34,298.0,309.76,309.46,698200
29/07/2024,313.92,323.05,313.18,314.0,313.7,507800
30/07/2024,315.88,319.56,301.09,305.69,305.4,485400
31/07/2024,316.08,341.17,316.08,332.42,332.1,643100
01/08/2024,333.25,339.99,317.19,326.67,326.36,745600
02/08/2024,311.0,316.05,299.25,306.18,305.89,687700
05/08/2024,275.36,304.2,272.93,300.9,300.61,487900
06/08/2024,303.16,314.33,298.39,309.63,309.33,289400
07/08/2024,318.55,321.66,299.47,300.72,300.43,393500
08/08/2024,306.03,316.34,299.6,316.1,315.8,274200
09/08/2024,316.71,320.35,310.0,313.58,313.28,188600
12/08/2024,314.47,317.34,309.1,312.89,312.89,271200
13/08/2024,316.22,321.61,311.15,320.78,320.78,210500
14/08/2024,328.46,331.73,325.72,329.63,329.63,293600
15/08/2024,335.86,340.0,331.89,337.44,337.44,185200
16/08/2024,336.69,337.55,328.5,330.63,330.63,216600
19/08/2024,329.9,333.1,325.22,332.83,332.83,184700
20/08/2024,333.61,334.47,322.62,330.71,330.71,227900
21/08/2024,329.18,344.03,328.74,344.02,344.02,299100
22/08/2024,344.51,347.73,336.97,336.99,336.99,324800
23/08/2024,340.0,343.49,336.75,338.5,338.5,413900
26/08/2024,339.42,345.62,334.47,337.51,337.51,226000
27/08/2024,333.99,339.19,331.33,335.54,335.54,193200
28/08/2024,335.31,343.79,331.49,339.19,339.19,306200
29/08/2024,341.94,358.89,339.82,347.33,347.33,585000
30/08/2024,349.36,359.34,347.74,353.52,353.52,445700
03/09/2024,352.94,352.94,314.11,314.82,314.82,574400
04/09/2024,313.03,319.51,310.01,313.99,313.99,237100
05/09/2024,312.17,313.65,304.06,307.26,307.26,243700
06/09/2024,308.95,313.14,300.22,302.61,302.61,229300
09/09/2024,306.08,311.04,303.68,309.21,309.21,287300
10/09/2024,310.74,318.54,307.99,317.24,317.24,277300
11/09/2024,318.8,334.27,311.86,334.05,334.05,310200
12/09/2024,334.82,345.57,330.45,339.02,339.02,221700
13/09/2024,343.25,351.75,342.99,347.73,347.73,241000
16/09/2024,345.32,351.8,340.41,350.12,350.12,152800
17/09/2024,353.24,357.62,350.14,356.93,356.93,201700
