Date,Open,High,Low,Close,Adj Close,Volume
02/11/2007,3.45,3.95,3.45,3.88,3.88,2560
05/11/2007,3.88,3.88,3.88,3.88,3.88,0
06/11/2007,4.07,4.2,4.07,4.2,4.2,880
07/11/2007,4.38,4.7,4.38,4.57,4.57,1440
08/11/2007,4.57,4.57,4.57,4.57,4.57,0
09/11/2007,5.07,5.07,4.95,5.0,5.0,1440
12/11/2007,5.32,5.32,5.32,5.32,5.32,200
13/11/2007,5.32,5.32,5.32,5.32,5.32,0
14/11/2007,5.32,5.32,5.32,5.32,5.32,0
15/11/2007,5.38,5.38,5.38,5.38,5.38,240
16/11/2007,5.38,5.38,5.38,5.38,5.38,0
19/11/2007,5.38,5.38,5.38,5.38,5.38,0
20/11/2007,5.62,5.62,5.62,5.62,5.62,80
21/11/2007,5.62,5.62,5.62,5.62,5.62,0
23/11/2007,5.62,5.62,5.62,5.62,5.62,0
26/11/2007,5.62,5.62,5.62,5.62,5.62,0
27/11/2007,5.62,5.62,5.62,5.62,5.62,2400
28/11/2007,6.25,6.32,5.75,5.95,5.95,24400
29/11/2007,5.95,5.95,5.95,5.95,5.95,4040
30/11/2007,5.95,5.95,5.95,5.95,5.95,0
03/12/2007,5.95,5.95,5.95,5.95,5.95,0
04/12/2007,5.95,5.95,5.95,5.95,5.95,0
05/12/2007,5.95,5.95,5.95,5.95,5.95,0
06/12/2007,5.95,5.95,5.95,5.95,5.95,0
07/12/2007,7.5,7.5,6.88,6.88,6.88,4240
10/12/2007,6.88,6.88,6.88,6.88,6.88,0
11/12/2007,8.12,8.12,8.12,8.12,8.12,120
12/12/2007,8.12,8.12,8.12,8.12,8.12,120
13/12/2007,8.12,8.12,8.12,8.12,8.12,0
14/12/2007,8.12,8.12,7.5,7.82,7.82,640
17/12/2007,7.82,7.82,7.82,7.82,7.82,0
18/12/2007,7.82,7.82,7.82,7.82,7.82,0
19/12/2007,8.12,8.12,8.12,8.12,8.12,240
20/12/2007,8.12,8.12,8.12,8.12,8.12,0
21/12/2007,8.12,8.12,8.12,8.12,8.12,0
24/12/2007,8.12,8.12,8.12,8.12,8.12,0
26/12/2007,8.12,8.12,8.12,8.12,8.12,0
27/12/2007,8.12,8.12,8.12,8.12,8.12,0
28/12/2007,8.12,8.12,8.12,8.12,8.12,0
31/12/2007,8.12,8.12,8.12,8.12,8.12,0
02/01/2008,8.12,8.12,8.12,8.12,8.12,0
03/01/2008,8.12,8.12,8.12,8.12,8.12,0
04/01/2008,8.12,8.12,8.12,8.12,8.12,0
07/01/2008,8.12,8.12,8.12,8.12,8.12,0
08/01/2008,5.62,8.12,5.62,8.12,8.12,280
09/01/2008,8.12,8.12,8.12,8.12,8.12,160
10/01/2008,8.12,8.12,8.12,8.12,8.12,0
11/01/2008,8.12,8.12,8.12,8.12,8.12,120
14/01/2008,8.12,8.12,8.12,8.12,8.12,0
15/01/2008,8.12,8.12,8.12,8.12,8.12,0
16/01/2008,8.12,8.12,8.12,8.12,8.12,80
17/01/2008,8.12,8.12,8.12,8.12,8.12,0
18/01/2008,8.12,8.12,8.12,8.12,8.12,0
22/01/2008,8.12,8.12,8.12,8.12,8.12,0
23/01/2008,8.12,8.12,8.12,8.12,8.12,0
24/01/2008,8.12,8.12,8.12,8.12,8.12,0
25/01/2008,8.12,8.12,8.12,8.12,8.12,0
28/01/2008,8.12,8.12,8.12,8.12,8.12,0
29/01/2008,7.25,8.12,7.25,8.12,8.12,200
30/01/2008,8.12,8.12,8.12,8.12,8.12,0
31/01/2008,8.12,8.12,8.12,8.12,8.12,0
01/02/2008,8.12,8.12,8.12,8.12,8.12,0
04/02/2008,7.25,7.5,7.25,7.5,7.5,480
05/02/2008,7.5,7.5,7.5,7.5,7.5,0
06/02/2008,7.5,7.5,7.5,7.5,7.5,0
07/02/2008,7.5,7.5,7.5,7.5,7.5,0
08/02/2008,7.5,7.5,7.5,7.5,7.5,0
11/02/2008,7.5,7.5,7.5,7.5,7.5,0
12/02/2008,7.5,7.5,7.5,7.5,7.5,0
13/02/2008,7.5,7.5,7.5,7.5,7.5,0
14/02/2008,7.5,7.5,7.5,7.5,7.5,600
15/02/2008,7.5,7.5,7.5,7.5,7.5,0
19/02/2008,7.5,7.5,7.5,7.5,7.5,0
20/02/2008,7.5,7.5,7.5,7.5,7.5,0
21/02/2008,7.5,7.5,7.5,7.5,7.5,0
22/02/2008,7.5,7.5,7.5,7.5,7.5,0
25/02/2008,7.5,7.5,7.5,7.5,7.5,0
26/02/2008,7.5,7.5,7.5,7.5,7.5,0
27/02/2008,7.5,7.5,7.5,7.5,7.5,0
28/02/2008,7.5,7.5,7.5,7.5,7.5,0
29/02/2008,7.5,7.5,7.5,7.5,7.5,0
03/03/2008,7.5,7.5,7.5,7.5,7.5,0
04/03/2008,7.12,7.5,7.12,7.5,7.5,400
05/03/2008,7.5,7.5,7.5,7.5,7.5,0
06/03/2008,7.5,7.5,7.5,7.5,7.5,0
07/03/2008,7.5,7.5,7.5,7.5,7.5,0
10/03/2008,7.5,7.5,7.5,7.5,7.5,0
11/03/2008,7.5,7.5,7.5,7.5,7.5,0
12/03/2008,7.5,7.5,7.5,7.5,7.5,0
13/03/2008,5.7,6.25,5.7,6.25,6.25,1800
14/03/2008,6.25,6.25,6.25,6.25,6.25,0
17/03/2008,6.25,6.25,6.25,6.25,6.25,0
18/03/2008,6.25,6.25,6.25,6.25,6.25,0
19/03/2008,6.25,6.25,6.25,6.25,6.25,0
20/03/2008,6.25,6.25,6.25,6.25,6.25,0
24/03/2008,6.25,6.25,6.25,6.25,6.25,0
25/03/2008,6.25,6.25,6.25,6.25,6.25,0
26/03/2008,6.25,6.25,6.25,6.25,6.25,0
27/03/2008,6.25,6.25,6.25,6.25,6.25,0
28/03/2008,3.12,5.0,3.12,5.0,5.0,160
31/03/2008,3.75,3.75,3.75,3.75,3.75,200
01/04/2008,5.5,5.5,5.5,5.5,5.5,40
02/04/2008,5.5,5.5,5.5,5.5,5.5,0
03/04/2008,5.5,5.5,5.5,5.5,5.5,1160
04/04/2008,5.5,5.5,5.5,5.5,5.5,280
07/04/2008,5.0,5.0,5.0,5.0,5.0,480
08/04/2008,5.0,5.0,5.0,5.0,5.0,0
09/04/2008,5.0,5.0,5.0,5.0,5.0,0
10/04/2008,5.0,5.0,5.0,5.0,5.0,0
11/04/2008,5.0,5.0,5.0,5.0,5.0,0
14/04/2008,5.0,5.0,5.0,5.0,5.0,0
15/04/2008,5.0,5.0,5.0,5.0,5.0,0
16/04/2008,5.0,5.0,5.0,5.0,5.0,0
17/04/2008,5.0,5.0,5.0,5.0,5.0,0
18/04/2008,5.0,5.0,5.0,5.0,5.0,0
21/04/2008,5.0,5.0,5.0,5.0,5.0,0
22/04/2008,5.0,5.0,5.0,5.0,5.0,0
23/04/2008,4.38,4.38,4.35,4.35,4.35,800
24/04/2008,4.38,4.38,4.38,4.38,4.38,280
25/04/2008,4.38,4.38,4.38,4.38,4.38,0
28/04/2008,4.38,4.38,4.38,4.38,4.38,0
29/04/2008,4.38,4.38,4.38,4.38,4.38,0
30/04/2008,4.12,5.0,3.25,5.0,5.0,520
01/05/2008,5.0,5.0,5.0,5.0,5.0,0
02/05/2008,5.0,5.0,5.0,5.0,5.0,0
05/05/2008,5.0,5.0,5.0,5.0,5.0,0
06/05/2008,5.0,5.0,5.0,5.0,5.0,0
07/05/2008,5.0,5.0,5.0,5.0,5.0,0
08/05/2008,4.5,5.25,4.0,5.25,5.25,4000
09/05/2008,4.25,4.5,3.88,3.88,3.88,1280
12/05/2008,4.25,4.25,4.25,4.25,4.25,1200
13/05/2008,4.38,4.38,4.38,4.38,4.38,80
14/05/2008,4.25,4.25,4.25,4.25,4.25,800
15/05/2008,4.25,4.25,4.25,4.25,4.25,0
16/05/2008,3.38,4.38,3.38,4.38,4.38,280
19/05/2008,4.38,4.38,4.38,4.38,4.38,0
20/05/2008,4.38,4.38,4.38,4.38,4.38,0
21/05/2008,4.38,4.38,4.38,4.38,4.38,0
22/05/2008,4.38,4.38,4.38,4.38,4.38,0
23/05/2008,4.38,4.38,4.38,4.38,4.38,0
27/05/2008,3.12,4.03,3.12,4.03,4.03,4600
28/05/2008,4.03,4.03,4.03,4.03,4.03,0
29/05/2008,4.03,4.03,4.03,4.03,4.03,0
30/05/2008,4.0,4.0,4.0,4.0,4.0,80
02/06/2008,4.0,4.0,4.0,4.0,4.0,0
03/06/2008,4.0,4.0,4.0,4.0,4.0,0
04/06/2008,4.0,4.0,4.0,4.0,4.0,0
05/06/2008,3.75,3.75,3.75,3.75,3.75,800
06/06/2008,3.75,4.38,2.62,4.38,4.38,2680
09/06/2008,3.25,4.38,3.25,4.38,4.38,3200
10/06/2008,3.75,3.75,3.75,3.75,3.75,1600
11/06/2008,3.75,4.0,3.75,4.0,4.0,3800
12/06/2008,4.0,4.0,4.0,4.0,4.0,0
13/06/2008,3.25,3.25,3.25,3.25,3.25,200
16/06/2008,3.25,3.25,3.25,3.25,3.25,0
17/06/2008,3.25,3.25,3.25,3.25,3.25,0
18/06/2008,3.38,3.38,3.38,3.38,3.38,1600
19/06/2008,3.38,3.38,3.38,3.38,3.38,400
20/06/2008,3.38,3.38,3.38,3.38,3.38,0
23/06/2008,3.38,3.38,3.38,3.38,3.38,0
24/06/2008,3.38,3.38,3.38,3.38,3.38,0
25/06/2008,4.62,4.62,3.38,3.38,3.38,600
26/06/2008,3.38,3.38,3.38,3.38,3.38,0
27/06/2008,3.38,3.38,3.38,3.38,3.38,0
30/06/2008,3.38,3.38,3.38,3.38,3.38,0
01/07/2008,3.38,3.38,3.38,3.38,3.38,0
02/07/2008,3.38,3.38,3.38,3.38,3.38,400
03/07/2008,3.38,3.38,3.38,3.38,3.38,0
07/07/2008,3.38,3.38,3.38,3.38,3.38,0
08/07/2008,4.5,8.12,3.35,4.38,4.38,3480
09/07/2008,3.5,3.5,3.5,3.5,3.5,400
10/07/2008,3.12,3.12,3.12,3.12,3.12,1400
11/07/2008,2.62,2.62,1.88,2.53,2.53,2840
14/07/2008,2.53,2.53,2.53,2.53,2.53,0
15/07/2008,2.53,2.53,2.53,2.53,2.53,0
16/07/2008,2.53,2.53,2.53,2.53,2.53,0
17/07/2008,2.75,3.1,2.62,3.1,3.1,3000
18/07/2008,3.12,3.12,3.12,3.12,3.12,80
21/07/2008,2.53,3.0,1.62,3.0,3.0,1520
22/07/2008,3.0,3.0,2.75,2.75,2.75,400
23/07/2008,2.88,2.88,2.53,2.53,2.53,20240
24/07/2008,2.53,2.53,2.53,2.53,2.53,0
25/07/2008,2.38,2.38,2.38,2.38,2.38,400
28/07/2008,2.38,2.38,2.38,2.38,2.38,0
29/07/2008,2.38,2.38,2.38,2.38,2.38,0
30/07/2008,2.38,2.38,2.38,2.38,2.38,0
31/07/2008,2.38,2.38,2.38,2.38,2.38,0
01/08/2008,1.88,1.88,1.88,1.88,1.88,1200
04/08/2008,2.2,2.53,2.2,2.53,2.53,2760
05/08/2008,2.53,2.53,2.53,2.53,2.53,0
06/08/2008,2.53,2.53,2.53,2.53,2.53,0
07/08/2008,2.53,2.53,2.53,2.53,2.53,0
08/08/2008,2.75,2.75,2.75,2.75,2.75,80
11/08/2008,2.75,2.75,2.75,2.75,2.75,0
12/08/2008,2.75,2.75,2.75,2.75,2.75,0
13/08/2008,2.25,2.75,2.25,2.75,2.75,640
14/08/2008,2.25,2.38,2.25,2.38,2.38,1200
15/08/2008,2.75,2.75,2.75,2.75,2.75,480
18/08/2008,2.75,2.75,2.75,2.75,2.75,0
19/08/2008,2.75,2.75,2.75,2.75,2.75,0
20/08/2008,2.38,2.38,2.38,2.38,2.38,1400
21/08/2008,2.38,2.38,2.38,2.38,2.38,200
22/08/2008,2.38,2.38,2.38,2.38,2.38,0
25/08/2008,2.38,2.5,2.38,2.5,2.5,2800
26/08/2008,2.25,2.5,2.25,2.25,2.25,3200
27/08/2008,2.25,2.5,2.0,2.38,2.38,9280
28/08/2008,2.38,2.38,2.38,2.38,2.38,3920
29/08/2008,2.38,2.38,2.38,2.38,2.38,0
02/09/2008,2.0,2.38,2.0,2.38,2.38,3520
03/09/2008,2.12,2.25,2.12,2.25,2.25,6680
04/09/2008,2.25,2.25,2.25,2.25,2.25,0
05/09/2008,2.15,2.25,2.12,2.12,2.12,7320
08/09/2008,2.12,2.12,2.12,2.12,2.12,0
09/09/2008,2.2,2.2,2.2,2.2,2.2,80
10/09/2008,2.2,2.2,2.2,2.2,2.2,0
11/09/2008,2.2,2.28,2.0,2.12,2.12,7880
12/09/2008,2.1,2.38,1.77,2.12,2.12,960
15/09/2008,1.77,1.77,1.77,1.77,1.77,1000
16/09/2008,1.1,1.75,1.1,1.75,1.75,7320
17/09/2008,1.75,2.05,1.5,1.5,1.5,6000
18/09/2008,1.5,1.88,1.5,1.88,1.88,1080
19/09/2008,1.62,1.62,1.25,1.62,1.62,9080
22/09/2008,1.62,1.62,1.62,1.62,1.62,0
23/09/2008,1.5,1.73,1.5,1.73,1.73,5000
24/09/2008,1.6,1.75,1.6,1.75,1.75,11720
25/09/2008,1.75,1.75,1.58,1.58,1.58,6120
26/09/2008,1.5,1.5,1.48,1.48,1.48,5600
29/09/2008,1.48,1.48,1.48,1.48,1.48,0
30/09/2008,1.5,1.5,1.15,1.45,1.45,4080
01/10/2008,1.62,1.62,1.38,1.5,1.5,2280
02/10/2008,1.5,1.5,1.27,1.27,1.27,4000
03/10/2008,1.5,1.62,1.5,1.62,1.62,4000
06/10/2008,1.33,1.5,1.27,1.27,1.27,9000
07/10/2008,1.3,1.3,1.27,1.27,1.27,2600
08/10/2008,1.27,1.38,1.0,1.38,1.38,5360
09/10/2008,1.38,1.5,1.38,1.38,1.38,2800
10/10/2008,1.38,1.38,1.38,1.38,1.38,0
13/10/2008,1.38,1.45,1.38,1.45,1.45,2080
14/10/2008,1.45,1.45,1.45,1.45,1.45,0
15/10/2008,1.27,1.27,1.25,1.25,1.25,1200
16/10/2008,1.25,1.25,1.25,1.25,1.25,0
17/10/2008,1.25,1.25,1.25,1.25,1.25,0
20/10/2008,1.25,1.25,1.25,1.25,1.25,0
21/10/2008,1.23,1.23,1.23,1.23,1.23,200
22/10/2008,1.23,1.23,1.23,1.23,1.23,0
23/10/2008,0.62,1.25,0.62,1.25,1.25,1040
24/10/2008,1.25,1.25,0.65,1.05,1.05,11960
27/10/2008,1.05,1.05,1.05,1.05,1.05,2400
28/10/2008,1.0,1.0,1.0,1.0,1.0,1480
29/10/2008,0.62,0.62,0.62,0.62,0.62,1000
30/10/2008,0.75,0.75,0.62,0.62,0.62,4000
31/10/2008,0.95,0.95,0.95,0.95,0.95,1600
03/11/2008,0.62,1.0,0.62,1.0,1.0,440
04/11/2008,0.62,0.95,0.62,0.95,0.95,4080
05/11/2008,0.62,1.02,0.62,0.98,0.98,6240
06/11/2008,0.55,0.55,0.55,0.55,0.55,400
07/11/2008,1.0,1.0,0.62,0.93,0.93,6680
10/11/2008,0.65,1.0,0.65,1.0,1.0,2080
11/11/2008,0.65,0.93,0.55,0.93,0.93,3000
12/11/2008,0.88,0.88,0.88,0.88,0.88,2000
13/11/2008,0.68,0.68,0.55,0.55,0.55,5200
14/11/2008,0.62,0.7,0.55,0.7,0.7,4480
17/11/2008,0.5,0.5,0.5,0.5,0.5,2000
18/11/2008,0.7,0.7,0.7,0.7,0.7,80
19/11/2008,0.47,0.52,0.47,0.52,0.52,6200
20/11/2008,0.52,0.52,0.52,0.52,0.52,0
21/11/2008,0.52,0.52,0.52,0.52,0.52,0
24/11/2008,0.52,0.52,0.52,0.52,0.52,0
25/11/2008,0.55,0.55,0.55,0.55,0.55,1000
26/11/2008,0.55,0.55,0.55,0.55,0.55,0
28/11/2008,0.55,0.55,0.55,0.55,0.55,0
01/12/2008,0.55,0.55,0.55,0.55,0.55,0
02/12/2008,0.45,0.45,0.43,0.43,0.43,5200
03/12/2008,0.45,0.55,0.43,0.55,0.55,8560
04/12/2008,0.75,0.75,0.75,0.75,0.75,6000
05/12/2008,1.25,1.25,1.0,1.0,1.0,8000
08/12/2008,0.47,0.47,0.47,0.47,0.47,800
09/12/2008,0.38,0.75,0.35,0.75,0.75,21080
10/12/2008,0.73,0.73,0.5,0.62,0.62,24240
11/12/2008,0.5,0.5,0.45,0.5,0.5,4200
12/12/2008,0.5,0.5,0.5,0.5,0.5,0
15/12/2008,0.47,0.47,0.38,0.43,0.43,7720
16/12/2008,0.47,0.47,0.47,0.47,0.47,1600
17/12/2008,0.43,0.68,0.43,0.68,0.68,5040
18/12/2008,0.43,0.43,0.43,0.43,0.43,9000
19/12/2008,0.38,0.7,0.3,0.7,0.7,9240
22/12/2008,0.38,0.38,0.38,0.38,0.38,4000
23/12/2008,0.38,0.38,0.3,0.38,0.38,68400
24/12/2008,0.38,0.38,0.38,0.38,0.38,2000
26/12/2008,0.35,0.6,0.32,0.6,0.6,13280
29/12/2008,0.4,0.62,0.4,0.62,0.62,22400
30/12/2008,0.62,0.62,0.62,0.62,0.62,0
31/12/2008,0.38,0.38,0.38,0.38,0.38,11400
02/01/2009,0.4,0.47,0.4,0.47,0.47,14000
05/01/2009,0.47,0.47,0.43,0.43,0.43,6000
06/01/2009,0.43,0.47,0.4,0.43,0.43,19200
07/01/2009,0.4,0.4,0.4,0.4,0.4,4200
08/01/2009,0.4,0.47,0.4,0.47,0.47,11200
09/01/2009,0.43,0.62,0.43,0.62,0.62,1320
12/01/2009,0.43,0.5,0.43,0.45,0.45,13160
13/01/2009,0.43,0.5,0.43,0.5,0.5,6040
14/01/2009,0.5,0.5,0.5,0.5,0.5,0
15/01/2009,0.5,0.5,0.5,0.5,0.5,0
16/01/2009,0.5,0.5,0.5,0.5,0.5,0
20/01/2009,0.35,0.43,0.35,0.43,0.43,28640
21/01/2009,0.43,0.62,0.43,0.62,0.62,32720
22/01/2009,0.57,0.62,0.52,0.62,0.62,3000
23/01/2009,0.62,0.62,0.62,0.62,0.62,0
26/01/2009,0.62,0.75,0.62,0.75,0.75,11240
27/01/2009,0.68,0.73,0.68,0.73,0.73,2440
28/01/2009,0.68,0.68,0.57,0.57,0.57,2000
29/01/2009,0.75,0.75,0.75,0.75,0.75,40
30/01/2009,0.75,0.75,0.75,0.75,0.75,0
02/02/2009,0.75,0.75,0.75,0.75,0.75,0
03/02/2009,0.75,0.75,0.75,0.75,0.75,0
04/02/2009,0.7,0.7,0.7,0.7,0.7,760
05/02/2009,0.7,0.7,0.7,0.7,0.7,0
06/02/2009,0.75,0.75,0.75,0.75,0.75,40
09/02/2009,0.6,0.6,0.6,0.6,0.6,3600
10/02/2009,0.75,0.75,0.75,0.75,0.75,40
11/02/2009,0.75,0.75,0.73,0.73,0.73,3560
12/02/2009,0.6,0.75,0.6,0.75,0.75,2040
13/02/2009,0.75,0.75,0.75,0.75,0.75,0
17/02/2009,0.75,0.75,0.75,0.75,0.75,0
18/02/2009,0.75,0.75,0.75,0.75,0.75,0
19/02/2009,0.62,0.75,0.6,0.75,0.75,760
20/02/2009,0.6,0.73,0.5,0.73,0.73,6880
23/02/2009,0.5,0.5,0.5,0.5,0.5,1080
24/02/2009,0.7,0.7,0.7,0.7,0.7,80
25/02/2009,0.7,0.7,0.7,0.7,0.7,0
26/02/2009,0.47,0.75,0.47,0.75,0.75,7960
27/02/2009,0.75,0.75,0.75,0.75,0.75,0
02/03/2009,0.75,0.75,0.75,0.75,0.75,0
03/03/2009,0.75,0.75,0.75,0.75,0.75,0
04/03/2009,0.6,0.6,0.6,0.6,0.6,400
05/03/2009,0.6,0.6,0.6,0.6,0.6,80
06/03/2009,0.45,0.5,0.35,0.5,0.5,34240
09/03/2009,0.35,0.6,0.35,0.6,0.6,6080
10/03/2009,0.35,0.6,0.35,0.6,0.6,4040
11/03/2009,0.43,0.43,0.38,0.38,0.38,12120
12/03/2009,0.35,0.35,0.35,0.35,0.35,3200
13/03/2009,0.38,0.38,0.32,0.35,0.35,6280
16/03/2009,0.35,0.35,0.35,0.35,0.35,2400
17/03/2009,0.35,0.35,0.35,0.35,0.35,0
18/03/2009,0.32,0.32,0.32,0.32,0.32,1120
19/03/2009,0.32,0.32,0.32,0.32,0.32,0
20/03/2009,0.32,0.32,0.32,0.32,0.32,0
23/03/2009,0.38,0.38,0.38,0.38,0.38,8000
24/03/2009,0.38,0.45,0.35,0.45,0.45,28760
25/03/2009,0.45,0.45,0.45,0.45,0.45,0
26/03/2009,0.5,0.5,0.38,0.45,0.45,7440
27/03/2009,0.5,0.6,0.5,0.55,0.55,3360
30/03/2009,0.62,0.75,0.6,0.7,0.7,56920
31/03/2009,0.7,0.73,0.62,0.65,0.65,11240
01/04/2009,0.65,0.65,0.5,0.5,0.5,10240
02/04/2009,0.62,0.62,0.5,0.62,0.62,10920
03/04/2009,0.57,0.57,0.57,0.57,0.57,3200
06/04/2009,0.57,0.68,0.57,0.62,0.62,2520
07/04/2009,0.73,0.75,0.73,0.75,0.75,8280
08/04/2009,0.5,0.73,0.5,0.73,0.73,15080
09/04/2009,0.73,0.73,0.73,0.73,0.73,0
13/04/2009,0.73,0.73,0.5,0.73,0.73,10440
14/04/2009,0.5,0.73,0.5,0.73,0.73,840
15/04/2009,0.5,0.73,0.5,0.73,0.73,1400
16/04/2009,0.62,0.88,0.62,0.75,0.75,19600
17/04/2009,0.88,0.88,0.62,0.88,0.88,4320
20/04/2009,0.75,0.75,0.5,0.5,0.5,25280
21/04/2009,0.57,0.57,0.57,0.57,0.57,4240
22/04/2009,0.62,0.7,0.5,0.7,0.7,23040
23/04/2009,0.7,0.7,0.7,0.7,0.7,2000
24/04/2009,0.6,0.6,0.52,0.52,0.52,7800
27/04/2009,0.55,0.57,0.55,0.57,0.57,1200
28/04/2009,0.57,0.57,0.57,0.57,0.57,4000
29/04/2009,0.52,0.52,0.52,0.52,0.52,2000
30/04/2009,0.5,0.62,0.5,0.5,0.5,13200
01/05/2009,0.65,0.65,0.62,0.62,0.62,1120
04/05/2009,0.65,0.65,0.65,0.65,0.65,1840
05/05/2009,0.65,0.7,0.62,0.7,0.7,3440
06/05/2009,0.62,0.62,0.62,0.62,0.62,10880
07/05/2009,0.62,0.62,0.57,0.62,0.62,20320
08/05/2009,0.7,0.7,0.55,0.7,0.7,21040
11/05/2009,0.73,0.93,0.43,0.55,0.55,34000
12/05/2009,0.62,0.62,0.52,0.52,0.52,4520
13/05/2009,0.5,0.6,0.5,0.5,0.5,3000
14/05/2009,0.5,0.6,0.5,0.6,0.6,1800
15/05/2009,0.62,0.7,0.5,0.62,0.62,17320
18/05/2009,0.7,0.7,0.7,0.7,0.7,400
19/05/2009,0.68,0.68,0.68,0.68,0.68,2600
20/05/2009,0.55,0.55,0.5,0.5,0.5,14800
21/05/2009,0.5,0.5,0.47,0.47,0.47,4320
22/05/2009,0.62,0.62,0.62,0.62,0.62,1400
26/05/2009,0.6,0.6,0.43,0.47,0.47,6440
27/05/2009,0.5,0.5,0.5,0.5,0.5,2000
28/05/2009,0.45,0.62,0.45,0.62,0.62,23720
29/05/2009,0.25,0.62,0.25,0.62,0.62,14720
01/06/2009,0.5,0.62,0.5,0.62,0.62,2400
02/06/2009,0.62,0.62,0.62,0.62,0.62,0
03/06/2009,0.62,0.62,0.45,0.62,0.62,2680
04/06/2009,0.62,0.62,0.62,0.62,0.62,200
05/06/2009,0.62,0.62,0.47,0.62,0.62,14000
08/06/2009,0.47,0.6,0.47,0.6,0.6,20720
09/06/2009,0.62,0.62,0.57,0.57,0.57,840
10/06/2009,0.47,0.62,0.47,0.62,0.62,5120
11/06/2009,0.6,0.62,0.5,0.62,0.62,6400
12/06/2009,0.62,0.62,0.4,0.5,0.5,12200
15/06/2009,0.5,0.5,0.43,0.47,0.47,14600
16/06/2009,0.47,0.5,0.43,0.5,0.5,5160
17/06/2009,0.47,0.52,0.47,0.52,0.52,2120
18/06/2009,0.52,0.55,0.52,0.55,0.55,1800
19/06/2009,0.47,0.47,0.45,0.47,0.47,4800
22/06/2009,0.43,0.47,0.43,0.47,0.47,6840
23/06/2009,0.45,0.45,0.38,0.43,0.43,22760
24/06/2009,0.43,0.55,0.4,0.55,0.55,6560
25/06/2009,0.55,0.55,0.55,0.55,0.55,0
26/06/2009,0.5,0.55,0.5,0.5,0.5,14920
29/06/2009,0.47,0.5,0.43,0.5,0.5,3200
30/06/2009,0.5,0.52,0.43,0.5,0.5,21000
01/07/2009,0.47,0.52,0.47,0.52,0.52,6320
02/07/2009,0.5,0.52,0.47,0.5,0.5,14480
06/07/2009,0.5,0.52,0.43,0.52,0.52,15840
07/07/2009,0.4,0.5,0.35,0.5,0.5,19800
08/07/2009,0.45,0.5,0.45,0.5,0.5,21440
09/07/2009,0.5,0.52,0.47,0.52,0.52,9600
10/07/2009,0.5,0.5,0.47,0.47,0.47,5400
13/07/2009,0.47,0.5,0.47,0.5,0.5,11320
14/07/2009,0.5,0.52,0.47,0.52,0.52,24200
15/07/2009,0.52,0.52,0.5,0.5,0.5,840
16/07/2009,0.5,0.5,0.5,0.5,0.5,3360
17/07/2009,0.5,0.55,0.47,0.55,0.55,15080
20/07/2009,0.47,0.6,0.47,0.57,0.57,16720
21/07/2009,0.52,0.6,0.52,0.6,0.6,7440
22/07/2009,0.57,0.6,0.55,0.57,0.57,13720
23/07/2009,0.57,0.6,0.57,0.6,0.6,11160
24/07/2009,0.57,0.6,0.45,0.6,0.6,19440
27/07/2009,0.55,0.57,0.55,0.57,0.57,12000
28/07/2009,0.6,0.6,0.6,0.6,0.6,2400
29/07/2009,0.6,0.6,0.45,0.57,0.57,34840
30/07/2009,0.57,0.57,0.5,0.5,0.5,21520
31/07/2009,0.5,0.75,0.5,0.65,0.65,19200
03/08/2009,0.65,0.65,0.52,0.52,0.52,7200
04/08/2009,0.65,0.65,0.65,0.65,0.65,1320
05/08/2009,0.65,0.65,0.52,0.65,0.65,6200
06/08/2009,0.65,0.65,0.55,0.65,0.65,3960
07/08/2009,0.65,0.65,0.6,0.65,0.65,5000
10/08/2009,0.6,0.77,0.6,0.77,0.77,21840
11/08/2009,0.77,1.17,0.77,0.9,0.9,74600
12/08/2009,0.9,0.9,0.75,0.9,0.9,24000
13/08/2009,0.9,1.0,0.88,1.0,1.0,25600
14/08/2009,1.0,1.0,0.88,1.0,1.0,31120
17/08/2009,0.95,0.95,0.7,0.85,0.85,38280
18/08/2009,0.85,0.85,0.82,0.85,0.85,27720
19/08/2009,0.82,0.85,0.5,0.73,0.73,79960
20/08/2009,0.77,1.05,0.77,0.98,0.98,77280
21/08/2009,1.05,1.05,0.9,1.0,1.0,38440
24/08/2009,1.05,1.08,0.9,1.0,1.0,20680
25/08/2009,1.08,1.2,1.0,1.2,1.2,109480
26/08/2009,1.23,1.33,1.1,1.27,1.27,57520
27/08/2009,1.33,1.88,1.25,1.62,1.62,128600
28/08/2009,1.77,1.92,1.65,1.92,1.92,90160
31/08/2009,1.8,1.8,1.52,1.6,1.6,44080
01/09/2009,1.38,1.75,1.38,1.73,1.73,72800
02/09/2009,1.67,1.8,1.67,1.8,1.8,30760
03/09/2009,1.8,1.8,1.65,1.75,1.75,39400
04/09/2009,1.67,1.85,1.67,1.75,1.75,47840
08/09/2009,1.75,1.85,1.67,1.77,1.77,55640
09/09/2009,1.83,1.85,1.67,1.8,1.8,38080
10/09/2009,1.73,1.88,1.73,1.88,1.88,57080
11/09/2009,1.85,1.85,1.73,1.8,1.8,68560
14/09/2009,1.83,2.25,1.83,2.0,2.0,92560
15/09/2009,2.0,2.22,2.0,2.22,2.22,77440
16/09/2009,2.22,2.47,2.12,2.47,2.47,39720
17/09/2009,2.47,2.47,2.12,2.4,2.4,63920
18/09/2009,2.45,2.45,2.25,2.42,2.42,102560
21/09/2009,2.45,2.75,2.42,2.7,2.7,113600
22/09/2009,2.7,3.03,2.62,3.0,3.0,109440
23/09/2009,3.12,3.38,3.08,3.38,3.38,118160
24/09/2009,3.88,4.0,3.17,3.4,3.4,43400
25/09/2009,3.45,3.75,3.38,3.75,3.75,68880
28/09/2009,3.75,3.88,3.5,3.62,3.62,40680
29/09/2009,3.75,3.75,2.88,3.45,3.45,29840
30/09/2009,3.25,3.33,2.95,3.33,3.33,12200
01/10/2009,3.28,3.28,3.0,3.25,3.25,13360
02/10/2009,2.97,3.38,2.9,3.28,3.28,43840
05/10/2009,3.35,3.35,3.1,3.1,3.1,32160
06/10/2009,3.1,3.1,2.6,2.7,2.7,36280
07/10/2009,2.7,2.75,1.55,2.75,2.75,63960
08/10/2009,2.62,2.7,2.25,2.7,2.7,19560
09/10/2009,2.7,2.7,2.38,2.5,2.5,9760
12/10/2009,2.5,2.65,2.4,2.65,2.65,31760
13/10/2009,2.62,2.65,2.38,2.4,2.4,19240
14/10/2009,2.25,2.35,2.0,2.17,2.17,49880
15/10/2009,2.15,2.15,2.0,2.12,2.12,9120
16/10/2009,2.0,2.0,1.77,1.88,1.88,38040
19/10/2009,1.88,2.38,1.85,2.38,2.38,29760
20/10/2009,2.15,2.35,2.12,2.25,2.25,11880
21/10/2009,2.25,2.53,2.25,2.47,2.47,21280
22/10/2009,2.47,2.47,2.2,2.25,2.25,27000
23/10/2009,2.25,2.25,1.8,2.15,2.15,13360
26/10/2009,2.2,2.2,1.88,2.05,2.05,4920
27/10/2009,2.05,2.05,1.85,2.0,2.0,14800
28/10/2009,1.8,2.12,1.62,2.0,2.0,28160
29/10/2009,2.0,2.1,1.9,1.98,1.98,14120
30/10/2009,1.98,2.2,1.92,2.2,2.2,15560
02/11/2009,2.2,2.2,2.12,2.17,2.17,5680
03/11/2009,2.17,2.25,2.0,2.25,2.25,23840
04/11/2009,2.2,2.25,2.1,2.12,2.12,14040
05/11/2009,2.03,2.2,2.03,2.12,2.12,15800
06/11/2009,2.2,2.2,2.0,2.12,2.12,17480
09/11/2009,2.2,2.25,2.15,2.17,2.17,14160
10/11/2009,2.12,2.22,2.0,2.05,2.05,23560
11/11/2009,2.05,2.28,2.05,2.2,2.2,9240
12/11/2009,2.12,2.12,2.0,2.12,2.12,7880
13/11/2009,2.12,2.25,2.12,2.17,2.17,6160
16/11/2009,2.17,2.17,2.0,2.12,2.12,4520
17/11/2009,2.12,2.12,2.03,2.12,2.12,7560
18/11/2009,2.12,2.12,2.0,2.03,2.03,6240
19/11/2009,2.1,2.1,2.1,2.1,2.1,320
20/11/2009,2.12,2.12,2.0,2.0,2.0,6640
23/11/2009,2.12,2.12,2.0,2.12,2.12,2600
24/11/2009,2.0,2.12,2.0,2.1,2.1,7800
25/11/2009,2.0,2.1,2.0,2.1,2.1,2560
27/11/2009,2.0,2.12,2.0,2.12,2.12,1920
30/11/2009,2.17,2.17,2.03,2.03,2.03,2200
01/12/2009,1.9,2.25,1.9,2.12,2.12,20840
02/12/2009,2.08,2.12,1.67,2.0,2.0,48040
03/12/2009,2.12,2.15,1.67,2.03,2.03,25240
04/12/2009,2.0,2.0,1.88,2.0,2.0,2400
07/12/2009,1.73,2.0,1.73,1.88,1.88,9680
08/12/2009,1.88,2.0,1.73,1.88,1.88,21320
09/12/2009,1.88,1.88,1.62,1.85,1.85,3080
10/12/2009,1.85,1.85,1.62,1.83,1.83,16840
11/12/2009,1.83,1.85,1.75,1.85,1.85,19320
14/12/2009,1.85,1.85,1.5,1.75,1.75,44800
15/12/2009,1.75,1.75,1.62,1.75,1.75,42560
16/12/2009,1.73,1.75,1.55,1.62,1.62,29240
17/12/2009,1.62,1.62,1.58,1.62,1.62,6720
18/12/2009,1.62,1.75,1.6,1.7,1.7,23720
21/12/2009,1.73,1.73,1.5,1.65,1.65,12840
22/12/2009,1.65,1.83,1.62,1.77,1.77,81760
23/12/2009,1.83,2.0,1.83,2.0,2.0,45560
24/12/2009,2.0,2.1,2.0,2.1,2.1,6680
28/12/2009,1.88,2.08,1.88,2.0,2.0,29760
29/12/2009,1.8,2.0,1.73,1.92,1.92,24600
30/12/2009,1.92,1.92,1.75,1.88,1.88,11640
31/12/2009,1.85,1.85,1.85,1.85,1.85,120
04/01/2010,1.75,1.85,1.62,1.77,1.77,6680
05/01/2010,1.77,1.77,1.73,1.73,1.73,1880
06/01/2010,1.75,1.95,1.7,1.9,1.9,9520
07/01/2010,1.88,1.95,1.88,1.95,1.95,6160
08/01/2010,1.95,1.95,1.7,1.75,1.75,24400
11/01/2010,1.75,1.95,1.73,1.88,1.88,10160
12/01/2010,1.85,1.85,1.75,1.75,1.75,9080
13/01/2010,1.75,1.75,1.45,1.52,1.52,31280
14/01/2010,1.67,1.88,1.52,1.77,1.77,25000
15/01/2010,1.62,1.7,1.5,1.62,1.62,19240
19/01/2010,1.62,1.62,1.55,1.6,1.6,6480
20/01/2010,1.6,1.6,1.45,1.58,1.58,33960
21/01/2010,1.58,1.58,1.4,1.4,1.4,32120
22/01/2010,1.45,1.55,1.27,1.38,1.38,24680
25/01/2010,1.35,1.35,1.2,1.33,1.33,14040
26/01/2010,1.33,1.33,1.2,1.3,1.3,14200
27/01/2010,1.3,1.3,1.2,1.25,1.25,18720
28/01/2010,1.15,1.25,1.12,1.23,1.23,15560
29/01/2010,1.27,1.27,1.0,1.1,1.1,33920
01/02/2010,1.0,1.23,1.0,1.1,1.1,28240
02/02/2010,1.2,1.27,1.02,1.27,1.27,17000
03/02/2010,1.12,1.23,1.0,1.05,1.05,21240
04/02/2010,1.12,1.27,1.0,1.27,1.27,47400
05/02/2010,1.25,1.25,1.02,1.17,1.17,13400
08/02/2010,1.2,1.2,1.08,1.2,1.2,8840
09/02/2010,1.2,1.27,1.2,1.23,1.23,20160
10/02/2010,1.27,1.33,1.25,1.25,1.25,18040
11/02/2010,1.25,1.3,1.12,1.27,1.27,14160
12/02/2010,1.12,1.27,1.12,1.17,1.17,25000
16/02/2010,1.17,1.17,1.0,1.17,1.17,7240
17/02/2010,1.17,1.17,1.12,1.12,1.12,6960
18/02/2010,1.12,1.12,1.0,1.1,1.1,37800
19/02/2010,1.08,1.12,1.0,1.0,1.0,19000
22/02/2010,1.12,1.12,1.02,1.08,1.08,23760
23/02/2010,1.08,1.3,1.08,1.3,1.3,24640
24/02/2010,1.25,1.3,1.08,1.08,1.08,23200
25/02/2010,1.02,1.12,1.0,1.12,1.12,31720
26/02/2010,1.1,1.1,0.93,1.0,1.0,16280
01/03/2010,1.02,1.08,1.02,1.08,1.08,4640
02/03/2010,1.05,1.05,1.05,1.05,1.05,4520
03/03/2010,1.1,1.1,1.05,1.05,1.05,5800
04/03/2010,1.1,1.25,1.05,1.23,1.23,46120
05/03/2010,1.23,1.25,1.0,1.2,1.2,22200
08/03/2010,1.23,1.23,1.1,1.23,1.23,8560
09/03/2010,1.23,1.23,1.08,1.15,1.15,13040
10/03/2010,1.12,1.23,1.08,1.17,1.17,20400
11/03/2010,1.23,1.23,1.15,1.17,1.17,7200
12/03/2010,1.1,1.5,1.1,1.5,1.5,33240
15/03/2010,1.4,1.5,1.4,1.4,1.4,29000
16/03/2010,1.42,1.48,1.4,1.48,1.48,12800
17/03/2010,1.48,1.48,1.4,1.48,1.48,8040
18/03/2010,1.45,1.45,1.38,1.42,1.42,3200
19/03/2010,1.5,1.5,1.4,1.5,1.5,25200
22/03/2010,1.45,1.5,1.25,1.38,1.38,21360
23/03/2010,1.35,1.35,1.25,1.27,1.27,10240
24/03/2010,1.25,1.25,1.12,1.25,1.25,18000
25/03/2010,1.25,1.27,1.15,1.27,1.27,19720
26/03/2010,1.05,1.85,1.05,1.27,1.27,18760
29/03/2010,1.27,1.27,1.17,1.23,1.23,15320
30/03/2010,1.25,1.25,1.02,1.25,1.25,5280
31/03/2010,1.25,1.25,1.2,1.25,1.25,7800
01/04/2010,1.25,1.25,1.15,1.2,1.2,30480
05/04/2010,1.12,1.25,1.02,1.23,1.23,10480
06/04/2010,1.17,1.23,1.1,1.1,1.1,38560
07/04/2010,1.12,1.2,1.1,1.1,1.1,19280
08/04/2010,1.1,1.12,1.0,1.1,1.1,3440
09/04/2010,1.1,1.2,1.0,1.12,1.12,15920
12/04/2010,1.08,1.08,1.05,1.08,1.08,12600
13/04/2010,1.08,1.08,1.0,1.05,1.05,3400
14/04/2010,1.05,1.05,1.0,1.05,1.05,7960
15/04/2010,1.05,1.08,1.0,1.08,1.08,16040
16/04/2010,1.08,1.23,1.02,1.23,1.23,20560
19/04/2010,1.02,1.15,1.02,1.15,1.15,2680
20/04/2010,1.12,1.12,1.02,1.12,1.12,1480
21/04/2010,1.12,1.23,1.1,1.23,1.23,24080
22/04/2010,1.12,1.23,1.05,1.2,1.2,5000
23/04/2010,1.2,1.23,1.12,1.2,1.2,17120
26/04/2010,1.12,1.12,1.02,1.1,1.1,13640
27/04/2010,1.1,1.15,1.1,1.12,1.12,13560
28/04/2010,1.12,1.2,1.12,1.2,1.2,15920
29/04/2010,1.2,1.2,1.2,1.2,1.2,4840
30/04/2010,1.17,1.2,1.05,1.2,1.2,12160
03/05/2010,1.2,1.2,1.17,1.2,1.2,6000
04/05/2010,1.17,1.2,1.08,1.2,1.2,7400
05/05/2010,1.05,1.2,1.02,1.12,1.12,11560
06/05/2010,1.02,1.12,1.0,1.12,1.12,6040
07/05/2010,1.12,1.12,1.08,1.1,1.1,3000
10/05/2010,1.08,1.1,1.02,1.05,1.05,53760
11/05/2010,1.08,1.08,1.0,1.05,1.05,24280
12/05/2010,1.05,1.1,0.9,1.08,1.08,36520
13/05/2010,1.0,1.08,0.75,0.85,0.85,81240
14/05/2010,0.98,1.05,0.82,0.9,0.9,19400
17/05/2010,0.95,0.95,0.9,0.9,0.9,10960
18/05/2010,0.75,0.95,0.75,0.93,0.93,23960
19/05/2010,0.88,0.93,0.82,0.93,0.93,17480
20/05/2010,0.93,1.05,0.8,0.82,0.82,41800
21/05/2010,1.0,1.02,0.88,0.9,0.9,11080
24/05/2010,1.02,1.02,0.85,0.98,0.98,16200
25/05/2010,0.98,0.98,0.88,0.95,0.95,16240
26/05/2010,0.88,0.95,0.88,0.95,0.95,10200
27/05/2010,0.95,0.95,0.88,0.88,0.88,6640
28/05/2010,0.95,0.95,0.8,0.88,0.88,37560
01/06/2010,0.88,0.93,0.85,0.88,0.88,23000
02/06/2010,0.88,0.88,0.85,0.85,0.85,2440
03/06/2010,0.88,0.88,0.85,0.88,0.88,19640
04/06/2010,0.88,0.88,0.85,0.85,0.85,17720
07/06/2010,0.88,0.88,0.82,0.88,0.88,50760
08/06/2010,0.85,0.93,0.82,0.82,0.82,24600
09/06/2010,0.9,0.93,0.77,0.88,0.88,31720
10/06/2010,0.88,0.88,0.77,0.88,0.88,11120
11/06/2010,0.88,0.88,0.88,0.88,0.88,800
14/06/2010,0.88,0.88,0.77,0.88,0.88,11240
15/06/2010,0.77,0.88,0.77,0.85,0.85,12800
16/06/2010,0.77,0.82,0.77,0.82,0.82,19800
17/06/2010,0.88,0.93,0.82,0.93,0.93,32200
18/06/2010,0.93,0.93,0.85,0.93,0.93,27280
21/06/2010,0.93,1.0,0.93,1.0,1.0,52400
22/06/2010,1.0,1.0,0.93,0.98,0.98,27800
23/06/2010,0.98,0.98,0.98,0.98,0.98,2320
24/06/2010,0.98,0.98,0.9,0.95,0.95,6160
25/06/2010,0.93,1.0,0.9,1.0,1.0,25080
28/06/2010,1.0,1.0,0.85,0.95,0.95,6120
29/06/2010,0.98,0.98,0.98,0.98,0.98,1360
30/06/2010,0.85,0.98,0.85,0.98,0.98,11240
01/07/2010,0.93,0.98,0.93,0.98,0.98,2240
02/07/2010,0.98,0.98,0.85,0.95,0.95,10360
06/07/2010,0.85,0.93,0.77,0.93,0.93,14560
07/07/2010,0.9,0.9,0.88,0.88,0.88,3600
08/07/2010,0.88,0.9,0.88,0.9,0.9,8000
09/07/2010,0.77,0.9,0.75,0.82,0.82,21760
12/07/2010,0.82,0.82,0.7,0.8,0.8,15960
13/07/2010,0.77,0.85,0.7,0.82,0.82,12080
14/07/2010,0.82,0.9,0.7,0.7,0.7,36440
15/07/2010,0.7,0.82,0.62,0.68,0.68,28200
16/07/2010,0.62,0.73,0.55,0.73,0.73,27880
19/07/2010,0.73,0.88,0.6,0.82,0.82,13000
20/07/2010,0.68,0.82,0.55,0.7,0.7,16000
21/07/2010,0.68,0.75,0.57,0.75,0.75,22600
22/07/2010,0.75,0.75,0.73,0.75,0.75,10960
23/07/2010,0.8,0.88,0.75,0.77,0.77,16000
26/07/2010,0.82,0.9,0.75,0.8,0.8,65920
27/07/2010,0.73,0.82,0.73,0.8,0.8,11680
28/07/2010,0.8,0.8,0.75,0.75,0.75,3440
29/07/2010,0.75,0.75,0.75,0.75,0.75,2640
30/07/2010,0.75,0.75,0.75,0.75,0.75,2840
02/08/2010,0.8,0.8,0.73,0.73,0.73,4800
03/08/2010,0.73,0.8,0.7,0.75,0.75,13720
04/08/2010,0.77,0.8,0.7,0.8,0.8,32800
05/08/2010,0.8,0.8,0.73,0.75,0.75,7000
06/08/2010,0.75,0.8,0.75,0.8,0.8,8960
09/08/2010,0.8,0.8,0.77,0.8,0.8,1600
10/08/2010,0.73,0.8,0.73,0.8,0.8,2320
11/08/2010,0.75,0.77,0.73,0.73,0.73,15880
12/08/2010,0.73,0.73,0.73,0.73,0.73,2200
13/08/2010,0.73,0.73,0.68,0.73,0.73,20120
16/08/2010,0.68,0.73,0.68,0.73,0.73,5240
17/08/2010,0.62,0.73,0.62,0.73,0.73,3560
18/08/2010,0.73,0.73,0.65,0.73,0.73,9360
19/08/2010,0.73,0.75,0.65,0.7,0.7,29880
20/08/2010,0.7,0.7,0.7,0.7,0.7,400
23/08/2010,0.75,0.75,0.68,0.73,0.73,22000
24/08/2010,0.73,0.73,0.68,0.68,0.68,4560
25/08/2010,0.68,0.7,0.62,0.7,0.7,3800
26/08/2010,0.7,0.7,0.62,0.7,0.7,2320
27/08/2010,0.73,0.73,0.73,0.73,0.73,200
30/08/2010,0.73,0.73,0.68,0.7,0.7,1680
31/08/2010,0.7,0.73,0.68,0.73,0.73,16600
01/09/2010,0.73,0.73,0.62,0.73,0.73,3400
02/09/2010,0.65,0.7,0.65,0.7,0.7,9440
03/09/2010,0.7,0.73,0.65,0.73,0.73,25200
07/09/2010,0.73,0.73,0.73,0.73,0.73,10080
08/09/2010,0.73,0.75,0.7,0.75,0.75,7160
09/09/2010,0.73,0.75,0.73,0.75,0.75,7000
10/09/2010,0.65,0.75,0.65,0.75,0.75,7760
13/09/2010,0.75,0.75,0.68,0.75,0.75,4280
14/09/2010,0.68,0.73,0.68,0.73,0.73,4280
15/09/2010,0.7,0.7,0.62,0.7,0.7,3600
16/09/2010,0.6,0.68,0.6,0.68,0.68,19360
17/09/2010,0.68,0.7,0.6,0.6,0.6,3480
20/09/2010,0.62,0.68,0.6,0.68,0.68,17760
21/09/2010,0.62,0.62,0.55,0.62,0.62,8080
22/09/2010,0.62,0.68,0.55,0.68,0.68,17320
23/09/2010,0.55,0.68,0.55,0.68,0.68,27200
24/09/2010,0.55,0.65,0.55,0.62,0.62,7480
27/09/2010,0.62,0.62,0.55,0.6,0.6,13720
28/09/2010,0.57,0.62,0.57,0.57,0.57,16800
29/09/2010,0.5,0.57,0.47,0.57,0.57,15640
30/09/2010,0.57,0.57,0.5,0.5,0.5,10120
01/10/2010,0.5,0.57,0.5,0.5,0.5,25800
04/10/2010,0.5,0.57,0.5,0.57,0.57,4760
05/10/2010,0.57,0.57,0.5,0.57,0.57,38040
06/10/2010,0.57,0.57,0.5,0.55,0.55,19680
07/10/2010,0.55,0.57,0.55,0.57,0.57,74960
08/10/2010,0.57,0.57,0.5,0.55,0.55,9560
11/10/2010,0.55,0.6,0.55,0.6,0.6,61400
12/10/2010,0.52,0.6,0.52,0.55,0.55,5840
13/10/2010,0.55,0.55,0.52,0.55,0.55,11800
14/10/2010,0.5,0.55,0.5,0.55,0.55,6800
15/10/2010,0.55,0.55,0.47,0.55,0.55,15600
18/10/2010,0.55,0.55,0.5,0.52,0.52,61880
19/10/2010,0.52,0.55,0.5,0.52,0.52,19520
20/10/2010,0.52,0.52,0.5,0.52,0.52,13920
21/10/2010,0.5,0.52,0.5,0.52,0.52,9960
22/10/2010,0.52,0.55,0.5,0.55,0.55,7000
25/10/2010,0.52,0.55,0.5,0.52,0.52,20160
26/10/2010,0.5,0.5,0.5,0.5,0.5,5120
27/10/2010,0.5,0.5,0.5,0.5,0.5,14360
28/10/2010,0.5,0.5,0.32,0.47,0.47,27000
29/10/2010,0.45,0.52,0.43,0.52,0.52,26680
01/11/2010,0.45,0.52,0.4,0.52,0.52,12720
02/11/2010,0.45,0.52,0.45,0.52,0.52,3560
03/11/2010,0.5,0.5,0.45,0.5,0.5,8080
04/11/2010,0.5,0.5,0.43,0.47,0.47,6920
05/11/2010,0.5,0.5,0.4,0.47,0.47,19400
08/11/2010,0.43,0.43,0.38,0.43,0.43,23720
09/11/2010,0.43,0.43,0.38,0.4,0.4,16280
10/11/2010,0.4,0.43,0.38,0.43,0.43,21760
11/11/2010,0.4,0.43,0.38,0.43,0.43,13400
12/11/2010,0.43,0.43,0.38,0.4,0.4,23400
15/11/2010,0.38,0.38,0.32,0.38,0.38,12360
16/11/2010,0.38,0.4,0.3,0.35,0.35,19800
17/11/2010,0.35,0.38,0.32,0.38,0.38,18000
18/11/2010,0.38,0.38,0.35,0.38,0.38,19760
19/11/2010,0.38,0.38,0.32,0.38,0.38,7840
22/11/2010,0.38,0.38,0.38,0.38,0.38,3600
23/11/2010,0.3,0.38,0.3,0.38,0.38,3200
24/11/2010,0.35,0.35,0.35,0.35,0.35,2400
26/11/2010,0.35,0.35,0.35,0.35,0.35,1000
29/11/2010,0.32,0.35,0.32,0.35,0.35,4200
30/11/2010,0.35,0.35,0.32,0.32,0.32,2280
01/12/2010,0.3,0.32,0.22,0.32,0.32,36160
02/12/2010,0.32,0.38,0.28,0.38,0.38,10280
03/12/2010,0.28,0.35,0.28,0.32,0.32,9160
06/12/2010,0.32,0.32,0.32,0.32,0.32,0
07/12/2010,0.32,0.32,0.25,0.32,0.32,4720
08/12/2010,0.25,0.32,0.25,0.3,0.3,15480
09/12/2010,0.3,0.3,0.25,0.28,0.28,31360
10/12/2010,0.3,0.32,0.28,0.32,0.32,62920
13/12/2010,0.35,0.35,0.28,0.32,0.32,29720
14/12/2010,0.32,0.32,0.32,0.32,0.32,17080
15/12/2010,0.32,0.32,0.28,0.32,0.32,12880
16/12/2010,0.32,0.32,0.28,0.3,0.3,3680
17/12/2010,0.3,0.3,0.25,0.3,0.3,14200
20/12/2010,0.3,0.32,0.25,0.32,0.32,24480
21/12/2010,0.25,0.32,0.25,0.32,0.32,3920
22/12/2010,0.3,0.3,0.25,0.3,0.3,14480
23/12/2010,0.28,0.32,0.28,0.28,0.28,15280
27/12/2010,0.32,0.32,0.25,0.32,0.32,22600
28/12/2010,0.32,0.32,0.25,0.32,0.32,3240
29/12/2010,0.22,0.32,0.22,0.28,0.28,13760
30/12/2010,0.28,0.3,0.22,0.28,0.28,17280
31/12/2010,0.25,0.3,0.25,0.3,0.3,26880
03/01/2011,0.3,0.3,0.22,0.25,0.25,17960
04/01/2011,0.25,0.25,0.22,0.25,0.25,3840
05/01/2011,0.25,0.3,0.22,0.3,0.3,7480
06/01/2011,0.25,0.28,0.25,0.28,0.28,17240
07/01/2011,0.28,0.28,0.22,0.28,0.28,9600
10/01/2011,0.28,0.28,0.25,0.25,0.25,1800
11/01/2011,0.25,0.25,0.25,0.25,0.25,6200
12/01/2011,0.25,0.25,0.22,0.25,0.25,21440
13/01/2011,0.28,0.3,0.28,0.28,0.28,84920
14/01/2011,0.32,0.32,0.25,0.25,0.25,18560
18/01/2011,0.25,0.25,0.25,0.25,0.25,16600
19/01/2011,0.25,0.47,0.25,0.4,0.4,243080
20/01/2011,0.4,0.4,0.3,0.3,0.3,84200
21/01/2011,0.3,0.32,0.3,0.32,0.32,33400
24/01/2011,0.32,0.32,0.3,0.3,0.3,13600
25/01/2011,0.3,0.3,0.25,0.28,0.28,29040
26/01/2011,0.28,0.3,0.25,0.3,0.3,13960
27/01/2011,0.28,0.28,0.28,0.28,0.28,960
28/01/2011,0.3,0.3,0.28,0.28,0.28,5400
31/01/2011,0.28,0.3,0.28,0.28,0.28,12680
01/02/2011,0.3,0.3,0.3,0.3,0.3,200
02/02/2011,0.28,0.28,0.28,0.28,0.28,4600
03/02/2011,0.28,0.28,0.28,0.28,0.28,4000
04/02/2011,0.28,0.3,0.28,0.3,0.3,8840
07/02/2011,0.3,0.32,0.28,0.32,0.32,8720
08/02/2011,0.32,0.32,0.32,0.32,0.32,0
09/02/2011,0.35,0.35,0.28,0.3,0.3,12920
10/02/2011,0.3,0.3,0.28,0.28,0.28,4680
11/02/2011,0.3,0.3,0.3,0.3,0.3,16880
14/02/2011,0.28,0.32,0.28,0.32,0.32,28160
15/02/2011,0.32,0.38,0.32,0.38,0.38,133920
16/02/2011,0.38,0.38,0.38,0.38,0.38,31000
17/02/2011,0.38,0.38,0.35,0.35,0.35,68560
18/02/2011,0.38,0.38,0.32,0.38,0.38,3040
22/02/2011,0.38,0.38,0.32,0.35,0.35,4440
23/02/2011,0.32,0.35,0.28,0.35,0.35,25520
24/02/2011,0.35,0.35,0.35,0.35,0.35,80
25/02/2011,0.35,0.38,0.3,0.38,0.38,32320
28/02/2011,0.38,0.38,0.38,0.38,0.38,0
01/03/2011,0.35,0.35,0.3,0.35,0.35,7320
02/03/2011,0.35,0.35,0.3,0.3,0.3,13120
03/03/2011,0.3,0.35,0.3,0.3,0.3,21800
04/03/2011,0.3,0.3,0.3,0.3,0.3,0
07/03/2011,0.3,0.32,0.3,0.32,0.32,2200
08/03/2011,0.32,0.32,0.3,0.32,0.32,7720
09/03/2011,0.32,0.32,0.3,0.32,0.32,18400
10/03/2011,0.32,0.32,0.3,0.3,0.3,14480
11/03/2011,0.32,0.32,0.3,0.3,0.3,2560
14/03/2011,0.32,0.32,0.3,0.32,0.32,3120
15/03/2011,0.3,0.3,0.3,0.3,0.3,2000
16/03/2011,0.28,0.32,0.28,0.3,0.3,24240
17/03/2011,0.28,0.3,0.25,0.28,0.28,16360
18/03/2011,0.28,0.28,0.25,0.25,0.25,23800
21/03/2011,0.28,0.3,0.28,0.28,0.28,15000
22/03/2011,0.25,0.25,0.25,0.25,0.25,2120
23/03/2011,0.3,0.3,0.3,0.3,0.3,4960
24/03/2011,0.3,0.3,0.3,0.3,0.3,0
25/03/2011,0.3,0.3,0.3,0.3,0.3,800
28/03/2011,0.28,0.28,0.25,0.28,0.28,19080
29/03/2011,0.25,0.28,0.22,0.28,0.28,9880
30/03/2011,0.25,0.28,0.25,0.28,0.28,27720
31/03/2011,0.28,0.28,0.25,0.25,0.25,12800
01/04/2011,0.25,0.28,0.22,0.28,0.28,19760
04/04/2011,0.22,0.28,0.22,0.22,0.22,69440
05/04/2011,0.25,0.25,0.22,0.22,0.22,25520
06/04/2011,0.25,0.25,0.2,0.22,0.22,24920
07/04/2011,0.22,0.25,0.17,0.25,0.25,23080
08/04/2011,0.2,0.2,0.2,0.2,0.2,24080
11/04/2011,0.2,0.25,0.2,0.2,0.2,52520
12/04/2011,0.25,0.25,0.2,0.22,0.22,30240
13/04/2011,0.2,0.22,0.2,0.22,0.22,38600
14/04/2011,0.2,0.25,0.2,0.25,0.25,32240
15/04/2011,0.2,0.2,0.2,0.2,0.2,10200
18/04/2011,0.2,0.2,0.2,0.2,0.2,0
19/04/2011,0.17,0.22,0.17,0.22,0.22,32840
20/04/2011,0.22,0.22,0.2,0.2,0.2,6000
21/04/2011,0.22,0.25,0.2,0.25,0.25,29520
25/04/2011,0.25,0.25,0.22,0.25,0.25,27960
26/04/2011,0.25,0.28,0.25,0.25,0.25,25120
27/04/2011,0.28,0.28,0.28,0.28,0.28,23160
28/04/2011,0.28,0.3,0.28,0.3,0.3,20920
29/04/2011,0.28,0.3,0.28,0.3,0.3,20800
02/05/2011,0.28,0.3,0.28,0.3,0.3,2000
03/05/2011,0.3,0.3,0.28,0.28,0.28,7280
04/05/2011,0.28,0.28,0.28,0.28,0.28,2000
05/05/2011,0.3,0.3,0.28,0.3,0.3,3440
06/05/2011,0.3,0.3,0.28,0.3,0.3,6000
09/05/2011,0.3,0.3,0.3,0.3,0.3,0
10/05/2011,0.3,0.3,0.28,0.3,0.3,65600
11/05/2011,0.3,0.3,0.3,0.3,0.3,8160
12/05/2011,0.3,0.3,0.28,0.28,0.28,17440
13/05/2011,0.28,0.32,0.28,0.28,0.28,5920
16/05/2011,0.28,0.3,0.28,0.3,0.3,4400
17/05/2011,0.28,0.3,0.28,0.28,0.28,31320
18/05/2011,0.28,0.28,0.25,0.28,0.28,20440
19/05/2011,0.28,0.28,0.25,0.25,0.25,11600
20/05/2011,0.25,0.28,0.25,0.25,0.25,8920
23/05/2011,0.25,0.25,0.22,0.25,0.25,11680
24/05/2011,0.25,0.28,0.22,0.25,0.25,90400
25/05/2011,0.25,0.25,0.22,0.22,0.22,6000
26/05/2011,0.25,0.25,0.2,0.22,0.22,107600
27/05/2011,0.22,0.22,0.2,0.22,0.22,57440
31/05/2011,0.22,0.22,0.2,0.22,0.22,22760
01/06/2011,0.2,0.22,0.2,0.22,0.22,55040
02/06/2011,0.2,0.22,0.2,0.2,0.2,77040
03/06/2011,0.2,0.2,0.2,0.2,0.2,12040
06/06/2011,0.2,0.2,0.2,0.2,0.2,19000
07/06/2011,0.2,0.2,0.2,0.2,0.2,5560
08/06/2011,0.2,0.22,0.2,0.22,0.22,27920
09/06/2011,0.22,0.22,0.22,0.22,0.22,4120
10/06/2011,0.22,0.22,0.22,0.22,0.22,16760
13/06/2011,0.22,0.22,0.2,0.22,0.22,24640
14/06/2011,0.22,0.28,0.22,0.22,0.22,56280
15/06/2011,0.25,0.28,0.25,0.28,0.28,17280
16/06/2011,0.25,0.28,0.25,0.28,0.28,31520
17/06/2011,0.25,0.25,0.25,0.25,0.25,45720
20/06/2011,0.25,0.28,0.25,0.28,0.28,18760
21/06/2011,0.25,0.25,0.22,0.25,0.25,13240
22/06/2011,0.25,0.3,0.25,0.3,0.3,43080
23/06/2011,0.3,0.3,0.28,0.28,0.28,26800
24/06/2011,0.3,0.3,0.3,0.3,0.3,7400
27/06/2011,0.28,0.28,0.28,0.28,0.28,8880
28/06/2011,0.25,0.28,0.25,0.28,0.28,8520
29/06/2011,0.28,0.28,0.28,0.28,0.28,0
30/06/2011,0.28,0.28,0.25,0.25,0.25,20800
01/07/2011,0.28,0.28,0.28,0.28,0.28,1480
05/07/2011,0.28,0.3,0.25,0.3,0.3,56960
06/07/2011,0.3,0.3,0.28,0.3,0.3,51280
07/07/2011,0.28,0.3,0.28,0.3,0.3,3640
08/07/2011,0.3,0.3,0.28,0.3,0.3,8200
11/07/2011,0.3,0.3,0.25,0.25,0.25,33080
12/07/2011,0.25,0.28,0.22,0.28,0.28,13560
13/07/2011,0.25,0.25,0.22,0.25,0.25,11160
14/07/2011,0.22,0.25,0.22,0.25,0.25,12200
15/07/2011,0.25,0.25,0.22,0.25,0.25,43080
18/07/2011,0.25,0.25,0.25,0.25,0.25,7040
19/07/2011,0.25,0.25,0.25,0.25,0.25,4400
20/07/2011,0.25,0.28,0.25,0.25,0.25,108400
21/07/2011,0.25,0.25,0.25,0.25,0.25,30360
22/07/2011,0.25,0.28,0.25,0.25,0.25,28480
25/07/2011,0.25,0.28,0.25,0.28,0.28,1400
26/07/2011,0.25,0.25,0.25,0.25,0.25,11720
27/07/2011,0.25,0.25,0.25,0.25,0.25,9320
28/07/2011,0.25,0.25,0.2,0.25,0.25,64480
29/07/2011,0.22,0.25,0.22,0.25,0.25,10160
01/08/2011,0.2,0.25,0.2,0.25,0.25,3640
02/08/2011,0.25,0.28,0.22,0.25,0.25,6280
03/08/2011,0.25,0.25,0.25,0.25,0.25,0
04/08/2011,0.22,0.25,0.22,0.25,0.25,7200
05/08/2011,0.25,0.25,0.25,0.25,0.25,280
08/08/2011,0.25,0.25,0.2,0.25,0.25,22080
09/08/2011,0.25,0.25,0.25,0.25,0.25,1720
10/08/2011,0.25,0.25,0.22,0.25,0.25,30960
11/08/2011,0.25,0.25,0.22,0.22,0.22,7160
12/08/2011,0.25,0.25,0.22,0.25,0.25,5040
15/08/2011,0.22,0.25,0.22,0.25,0.25,29680
16/08/2011,0.28,0.28,0.25,0.28,0.28,70840
17/08/2011,0.28,0.28,0.25,0.28,0.28,20120
18/08/2011,0.25,0.28,0.25,0.25,0.25,37920
19/08/2011,0.25,0.25,0.25,0.25,0.25,7920
22/08/2011,0.28,0.28,0.28,0.28,0.28,3600
23/08/2011,0.28,0.3,0.28,0.28,0.28,43120
24/08/2011,0.3,0.3,0.28,0.3,0.3,98000
25/08/2011,0.3,0.3,0.28,0.28,0.28,66600
26/08/2011,0.28,0.3,0.28,0.3,0.3,39000
29/08/2011,0.28,0.28,0.28,0.28,0.28,3200
30/08/2011,0.28,0.28,0.28,0.28,0.28,3880
31/08/2011,0.3,0.3,0.28,0.28,0.28,10520
01/09/2011,0.28,0.28,0.25,0.25,0.25,2960
02/09/2011,0.28,0.3,0.28,0.28,0.28,8480
06/09/2011,0.28,0.3,0.25,0.3,0.3,26720
07/09/2011,0.3,0.35,0.3,0.35,0.35,40320
08/09/2011,0.35,0.38,0.3,0.35,0.35,59720
09/09/2011,0.35,0.35,0.32,0.32,0.32,21280
12/09/2011,0.35,0.38,0.35,0.38,0.38,62800
13/09/2011,0.38,0.4,0.38,0.4,0.4,36480
14/09/2011,0.4,0.4,0.35,0.4,0.4,20640
15/09/2011,0.4,0.4,0.38,0.4,0.4,18560
16/09/2011,0.4,0.4,0.35,0.38,0.38,20360
19/09/2011,0.38,0.38,0.35,0.38,0.38,19720
20/09/2011,0.4,0.4,0.32,0.35,0.35,64600
21/09/2011,0.32,0.32,0.25,0.28,0.28,89560
22/09/2011,0.3,0.32,0.3,0.32,0.32,33640
23/09/2011,0.3,0.32,0.3,0.32,0.32,6000
26/09/2011,0.3,0.32,0.3,0.3,0.3,5400
27/09/2011,0.3,0.3,0.28,0.3,0.3,16720
28/09/2011,0.3,0.32,0.28,0.32,0.32,40480
29/09/2011,0.28,0.3,0.28,0.3,0.3,2600
30/09/2011,0.28,0.28,0.28,0.28,0.28,10600
03/10/2011,0.3,0.3,0.22,0.25,0.25,45640
04/10/2011,0.25,0.3,0.25,0.25,0.25,22600
05/10/2011,0.25,0.28,0.25,0.28,0.28,2200
06/10/2011,0.28,0.3,0.28,0.3,0.3,6840
07/10/2011,0.28,0.28,0.28,0.28,0.28,6000
10/10/2011,0.3,0.3,0.25,0.25,0.25,4440
11/10/2011,0.25,0.28,0.25,0.28,0.28,13840
12/10/2011,0.25,0.3,0.25,0.3,0.3,10440
13/10/2011,0.25,0.3,0.25,0.3,0.3,2520
14/10/2011,0.28,0.3,0.28,0.3,0.3,7480
17/10/2011,0.28,0.28,0.28,0.28,0.28,2680
18/10/2011,0.28,0.28,0.25,0.25,0.25,79400
19/10/2011,0.22,0.25,0.22,0.25,0.25,20200
20/10/2011,0.25,0.28,0.22,0.22,0.22,64640
21/10/2011,0.22,0.22,0.22,0.22,0.22,0
24/10/2011,0.25,0.25,0.22,0.22,0.22,51120
25/10/2011,0.22,0.28,0.22,0.22,0.22,8720
26/10/2011,0.28,0.28,0.25,0.25,0.25,7760
27/10/2011,0.25,0.25,0.22,0.25,0.25,17600
28/10/2011,0.25,0.25,0.25,0.25,0.25,24800
31/10/2011,0.22,0.22,0.22,0.22,0.22,51880
01/11/2011,0.22,0.25,0.22,0.25,0.25,6240
02/11/2011,0.22,0.28,0.22,0.28,0.28,16840
03/11/2011,0.28,0.28,0.28,0.28,0.28,2000
04/11/2011,0.22,0.25,0.22,0.25,0.25,2440
07/11/2011,0.22,0.25,0.22,0.25,0.25,4160
08/11/2011,0.25,0.25,0.22,0.22,0.22,3800
09/11/2011,0.22,0.25,0.22,0.25,0.25,3000
10/11/2011,0.22,0.25,0.22,0.25,0.25,2200
11/11/2011,0.25,0.25,0.22,0.25,0.25,5280
14/11/2011,0.25,0.25,0.22,0.25,0.25,17160
15/11/2011,0.25,0.25,0.22,0.25,0.25,10400
16/11/2011,0.25,0.25,0.25,0.25,0.25,7280
17/11/2011,0.25,0.25,0.25,0.25,0.25,10080
18/11/2011,0.25,0.25,0.22,0.22,0.22,19440
21/11/2011,0.25,0.25,0.25,0.25,0.25,10000
22/11/2011,0.22,0.22,0.22,0.22,0.22,2000
23/11/2011,0.22,0.22,0.22,0.22,0.22,6400
25/11/2011,0.22,0.25,0.22,0.25,0.25,3800
28/11/2011,0.25,0.25,0.25,0.25,0.25,17600
29/11/2011,0.25,0.25,0.25,0.25,0.25,16920
30/11/2011,0.22,0.22,0.22,0.22,0.22,14960
01/12/2011,0.22,0.25,0.22,0.25,0.25,4760
02/12/2011,0.22,0.25,0.22,0.22,0.22,7400
05/12/2011,0.22,0.25,0.22,0.22,0.22,9680
06/12/2011,0.22,0.22,0.2,0.2,0.2,136520
07/12/2011,0.2,0.22,0.2,0.22,0.22,41680
08/12/2011,0.22,0.22,0.2,0.22,0.22,29640
09/12/2011,0.2,0.22,0.2,0.22,0.22,4400
12/12/2011,0.22,0.22,0.2,0.2,0.2,30400
13/12/2011,0.2,0.2,0.17,0.17,0.17,63560
14/12/2011,0.2,0.2,0.2,0.2,0.2,4160
15/12/2011,0.2,0.22,0.17,0.2,0.2,56240
16/12/2011,0.22,0.22,0.22,0.22,0.22,280
19/12/2011,0.17,0.22,0.17,0.2,0.2,17240
20/12/2011,0.22,0.22,0.2,0.2,0.2,16360
21/12/2011,0.2,0.2,0.17,0.2,0.2,38160
22/12/2011,0.17,0.17,0.17,0.17,0.17,8000
23/12/2011,0.2,0.2,0.2,0.2,0.2,4000
27/12/2011,0.2,0.2,0.2,0.2,0.2,6000
28/12/2011,0.2,0.2,0.2,0.2,0.2,21600
29/12/2011,0.2,0.2,0.2,0.2,0.2,6360
30/12/2011,0.2,0.2,0.2,0.2,0.2,41640
03/01/2012,0.2,0.2,0.2,0.2,0.2,2880
04/01/2012,0.2,0.2,0.2,0.2,0.2,4200
05/01/2012,0.2,0.2,0.2,0.2,0.2,29960
06/01/2012,0.2,0.2,0.2,0.2,0.2,1760
09/01/2012,0.2,0.2,0.2,0.2,0.2,38240
10/01/2012,0.2,0.2,0.2,0.2,0.2,20800
11/01/2012,0.2,0.2,0.2,0.2,0.2,2520
12/01/2012,0.2,0.22,0.2,0.22,0.22,22400
13/01/2012,0.22,0.22,0.2,0.22,0.22,61440
17/01/2012,0.2,0.2,0.15,0.15,0.15,125120
18/01/2012,0.15,0.2,0.15,0.2,0.2,103400
19/01/2012,0.17,0.2,0.17,0.2,0.2,21800
20/01/2012,0.2,0.2,0.2,0.2,0.2,0
23/01/2012,0.2,0.2,0.2,0.2,0.2,6200
24/01/2012,0.2,0.2,0.17,0.17,0.17,4400
25/01/2012,0.17,0.2,0.17,0.2,0.2,7000
26/01/2012,0.2,0.2,0.17,0.17,0.17,11480
27/01/2012,0.17,0.2,0.17,0.2,0.2,10320
30/01/2012,0.2,0.2,0.2,0.2,0.2,600
31/01/2012,0.2,0.25,0.2,0.25,0.25,85600
01/02/2012,0.22,0.25,0.22,0.25,0.25,34800
02/02/2012,0.25,0.25,0.22,0.22,0.22,12000
03/02/2012,0.22,0.22,0.22,0.22,0.22,8120
06/02/2012,0.22,0.25,0.22,0.25,0.25,29120
07/02/2012,0.25,0.25,0.25,0.25,0.25,10480
08/02/2012,0.25,0.25,0.22,0.25,0.25,14400
09/02/2012,0.25,0.25,0.25,0.25,0.25,2440
10/02/2012,0.25,0.25,0.22,0.25,0.25,14440
13/02/2012,0.25,0.25,0.22,0.22,0.22,20800
14/02/2012,0.25,0.25,0.22,0.25,0.25,16120
15/02/2012,0.25,0.25,0.2,0.2,0.2,40840
16/02/2012,0.2,0.22,0.2,0.22,0.22,29040
17/02/2012,0.2,0.22,0.2,0.22,0.22,29000
21/02/2012,0.22,0.22,0.2,0.22,0.22,8400
22/02/2012,0.22,0.22,0.2,0.22,0.22,5440
23/02/2012,0.22,0.22,0.2,0.2,0.2,20800
24/02/2012,0.22,0.22,0.22,0.22,0.22,10240
27/02/2012,0.22,0.22,0.22,0.22,0.22,8080
28/02/2012,0.2,0.22,0.2,0.22,0.22,14400
29/02/2012,0.22,0.22,0.2,0.2,0.2,8200
01/03/2012,0.2,0.22,0.2,0.22,0.22,13280
02/03/2012,0.22,0.22,0.22,0.22,0.22,2000
05/03/2012,0.2,0.22,0.2,0.22,0.22,14240
06/03/2012,0.2,0.22,0.2,0.2,0.2,5600
07/03/2012,0.2,0.22,0.2,0.22,0.22,22200
08/03/2012,0.22,0.22,0.22,0.22,0.22,20600
09/03/2012,0.22,0.22,0.22,0.22,0.22,19120
12/03/2012,0.22,0.22,0.2,0.22,0.22,21000
13/03/2012,0.22,0.22,0.2,0.2,0.2,32520
14/03/2012,0.2,0.2,0.2,0.2,0.2,8200
15/03/2012,0.2,0.2,0.2,0.2,0.2,4000
16/03/2012,0.2,0.2,0.2,0.2,0.2,14800
19/03/2012,0.2,0.2,0.17,0.17,0.17,11000
20/03/2012,0.2,0.2,0.17,0.17,0.17,24200
21/03/2012,0.2,0.22,0.2,0.22,0.22,15040
22/03/2012,0.22,0.22,0.2,0.22,0.22,12520
23/03/2012,0.2,0.22,0.2,0.22,0.22,19440
26/03/2012,0.22,0.22,0.22,0.22,0.22,5600
27/03/2012,0.22,0.22,0.22,0.22,0.22,7600
28/03/2012,0.22,0.25,0.22,0.25,0.25,12640
29/03/2012,0.22,0.22,0.22,0.22,0.22,35200
30/03/2012,0.22,0.22,0.2,0.22,0.22,19720
02/04/2012,0.22,0.22,0.2,0.22,0.22,17120
03/04/2012,0.2,0.22,0.2,0.22,0.22,4280
04/04/2012,0.22,0.22,0.22,0.22,0.22,1120
05/04/2012,0.22,0.22,0.22,0.22,0.22,3720
09/04/2012,0.22,0.22,0.2,0.2,0.2,4760
10/04/2012,0.2,0.22,0.2,0.22,0.22,12880
11/04/2012,0.22,0.22,0.22,0.22,0.22,4000
12/04/2012,0.22,0.22,0.2,0.22,0.22,17320
13/04/2012,0.22,0.22,0.17,0.22,0.22,2720
16/04/2012,0.22,0.22,0.22,0.22,0.22,6200
17/04/2012,0.22,0.22,0.2,0.2,0.2,15240
18/04/2012,0.2,0.2,0.2,0.2,0.2,0
19/04/2012,0.2,0.22,0.2,0.22,0.22,2320
20/04/2012,0.22,0.22,0.22,0.22,0.22,5200
23/04/2012,0.2,0.22,0.2,0.22,0.22,10000
24/04/2012,0.2,0.22,0.2,0.22,0.22,7200
25/04/2012,0.22,0.22,0.22,0.22,0.22,0
26/04/2012,0.2,0.22,0.2,0.22,0.22,14640
27/04/2012,0.22,0.22,0.22,0.22,0.22,10800
30/04/2012,0.22,0.22,0.22,0.22,0.22,240
01/05/2012,0.22,0.22,0.22,0.22,0.22,2400
02/05/2012,0.2,0.2,0.2,0.2,0.2,4000
03/05/2012,0.2,0.2,0.2,0.2,0.2,1120
04/05/2012,0.2,0.22,0.2,0.2,0.2,6400
07/05/2012,0.2,0.2,0.2,0.2,0.2,8800
08/05/2012,0.22,0.22,0.2,0.22,0.22,4320
09/05/2012,0.2,0.2,0.2,0.2,0.2,3600
10/05/2012,0.2,0.2,0.2,0.2,0.2,10400
11/05/2012,0.2,0.2,0.2,0.2,0.2,0
14/05/2012,0.2,0.22,0.17,0.22,0.22,43600
15/05/2012,0.22,0.22,0.17,0.2,0.2,7480
16/05/2012,0.2,0.2,0.2,0.2,0.2,1800
17/05/2012,0.17,0.17,0.15,0.15,0.15,150000
18/05/2012,0.17,0.2,0.17,0.17,0.17,17200
21/05/2012,0.17,0.2,0.17,0.2,0.2,23760
22/05/2012,0.15,0.22,0.15,0.2,0.2,102160
23/05/2012,0.17,0.17,0.1,0.12,0.12,124400
24/05/2012,0.17,0.17,0.15,0.15,0.15,6640
25/05/2012,0.15,0.15,0.15,0.15,0.15,60000
29/05/2012,0.15,0.17,0.15,0.17,0.17,38360
30/05/2012,0.15,0.17,0.15,0.17,0.17,74680
31/05/2012,0.15,0.17,0.15,0.17,0.17,33000
01/06/2012,0.17,0.17,0.17,0.17,0.17,7920
04/06/2012,0.17,0.17,0.17,0.17,0.17,27880
05/06/2012,0.17,0.17,0.17,0.17,0.17,240
06/06/2012,0.17,0.17,0.17,0.17,0.17,0
07/06/2012,0.17,0.2,0.17,0.17,0.17,21280
08/06/2012,0.2,0.2,0.17,0.17,0.17,21840
11/06/2012,0.2,0.2,0.2,0.2,0.2,400
12/06/2012,0.17,0.2,0.17,0.2,0.2,12000
13/06/2012,0.2,0.2,0.17,0.2,0.2,16240
14/06/2012,0.2,0.2,0.2,0.2,0.2,2200
15/06/2012,0.17,0.2,0.17,0.2,0.2,10080
18/06/2012,0.17,0.2,0.17,0.2,0.2,13000
19/06/2012,0.2,0.2,0.2,0.2,0.2,4800
20/06/2012,0.2,0.2,0.2,0.2,0.2,37640
21/06/2012,0.2,0.22,0.2,0.22,0.22,120040
22/06/2012,0.22,0.3,0.2,0.22,0.22,71960
25/06/2012,0.2,0.2,0.2,0.2,0.2,3560
26/06/2012,0.22,0.22,0.2,0.22,0.22,6440
27/06/2012,0.22,0.22,0.22,0.22,0.22,27080
28/06/2012,0.2,0.22,0.2,0.2,0.2,4360
29/06/2012,0.2,0.2,0.2,0.2,0.2,24000
02/07/2012,0.22,0.22,0.22,0.22,0.22,1600
03/07/2012,0.2,0.2,0.2,0.2,0.2,12000
05/07/2012,0.2,0.22,0.2,0.22,0.22,25920
06/07/2012,0.22,0.22,0.22,0.22,0.22,0
09/07/2012,0.2,0.2,0.17,0.17,0.17,39360
10/07/2012,0.2,0.2,0.17,0.2,0.2,3240
11/07/2012,0.2,0.2,0.2,0.2,0.2,64360
12/07/2012,0.22,0.25,0.2,0.2,0.2,102320
13/07/2012,0.22,0.22,0.2,0.2,0.2,3600
16/07/2012,0.22,0.22,0.22,0.22,0.22,5200
17/07/2012,0.22,0.22,0.22,0.22,0.22,10280
18/07/2012,0.22,0.22,0.22,0.22,0.22,35680
19/07/2012,0.22,0.22,0.22,0.22,0.22,13600
20/07/2012,0.22,0.22,0.22,0.22,0.22,24680
23/07/2012,0.22,0.22,0.2,0.22,0.22,33040
24/07/2012,0.2,0.22,0.2,0.2,0.2,22960
25/07/2012,0.2,0.22,0.2,0.22,0.22,19200
26/07/2012,0.2,0.22,0.2,0.2,0.2,18680
27/07/2012,0.2,0.2,0.2,0.2,0.2,13320
30/07/2012,0.2,0.2,0.2,0.2,0.2,3800
31/07/2012,0.2,0.2,0.2,0.2,0.2,8600
01/08/2012,0.2,0.2,0.2,0.2,0.2,4240
02/08/2012,0.2,0.2,0.2,0.2,0.2,31560
03/08/2012,0.2,0.2,0.2,0.2,0.2,16760
06/08/2012,0.2,0.2,0.2,0.2,0.2,29000
07/08/2012,0.2,0.2,0.2,0.2,0.2,14600
08/08/2012,0.2,0.2,0.2,0.2,0.2,11280
09/08/2012,0.2,0.2,0.2,0.2,0.2,10000
10/08/2012,0.2,0.2,0.2,0.2,0.2,22280
13/08/2012,0.2,0.22,0.2,0.2,0.2,39280
14/08/2012,0.2,0.2,0.2,0.2,0.2,0
15/08/2012,0.22,0.25,0.22,0.25,0.25,233480
16/08/2012,0.25,0.28,0.25,0.25,0.25,57920
17/08/2012,0.28,0.28,0.25,0.25,0.25,61840
20/08/2012,0.28,0.28,0.28,0.28,0.28,880
21/08/2012,0.25,0.28,0.25,0.25,0.25,21680
22/08/2012,0.28,0.3,0.25,0.3,0.3,41840
23/08/2012,0.3,0.32,0.28,0.3,0.3,50160
24/08/2012,0.3,0.32,0.28,0.32,0.32,60560
27/08/2012,0.32,0.35,0.3,0.35,0.35,140680
28/08/2012,0.35,0.35,0.35,0.35,0.35,37680
29/08/2012,0.35,0.35,0.32,0.35,0.35,10960
30/08/2012,0.35,0.35,0.32,0.32,0.32,34840
31/08/2012,0.32,0.35,0.3,0.35,0.35,22000
04/09/2012,0.32,0.32,0.3,0.32,0.32,40120
05/09/2012,0.32,0.32,0.3,0.32,0.32,19880
06/09/2012,0.3,0.32,0.3,0.32,0.32,32360
07/09/2012,0.32,0.32,0.3,0.32,0.32,16520
10/09/2012,0.32,0.32,0.32,0.32,0.32,53600
11/09/2012,0.32,0.35,0.3,0.35,0.35,56160
12/09/2012,0.32,0.35,0.3,0.35,0.35,80400
13/09/2012,0.32,0.35,0.3,0.3,0.3,53280
14/09/2012,0.32,0.32,0.3,0.32,0.32,4200
17/09/2012,0.3,0.32,0.3,0.32,0.32,10320
18/09/2012,0.3,0.32,0.25,0.32,0.32,82720
19/09/2012,0.32,0.32,0.28,0.28,0.28,21720
20/09/2012,0.25,0.28,0.22,0.25,0.25,96160
21/09/2012,0.25,0.25,0.22,0.25,0.25,33000
24/09/2012,0.22,0.25,0.22,0.25,0.25,10080
25/09/2012,0.25,0.25,0.22,0.25,0.25,6120
26/09/2012,0.25,0.25,0.22,0.22,0.22,42080
27/09/2012,0.22,0.25,0.22,0.25,0.25,11600
28/09/2012,0.25,0.25,0.25,0.25,0.25,0
01/10/2012,0.25,0.3,0.25,0.3,0.3,16400
02/10/2012,0.3,0.3,0.28,0.28,0.28,30160
03/10/2012,0.3,0.3,0.28,0.3,0.3,19920
04/10/2012,0.3,0.3,0.25,0.3,0.3,20320
05/10/2012,0.28,0.28,0.28,0.28,0.28,18720
08/10/2012,0.3,0.3,0.3,0.3,0.3,7440
09/10/2012,0.28,0.3,0.25,0.25,0.25,14160
10/10/2012,0.28,0.28,0.28,0.28,0.28,21720
11/10/2012,0.3,0.3,0.25,0.28,0.28,40040
12/10/2012,0.3,0.3,0.25,0.28,0.28,16800
15/10/2012,0.28,0.3,0.28,0.28,0.28,26520
16/10/2012,0.3,0.3,0.28,0.28,0.28,24440
17/10/2012,0.28,0.3,0.28,0.28,0.28,1440
18/10/2012,0.3,0.3,0.28,0.3,0.3,13120
19/10/2012,0.28,0.3,0.25,0.3,0.3,24240
22/10/2012,0.3,0.3,0.28,0.28,0.28,6920
23/10/2012,0.25,0.3,0.25,0.28,0.28,15760
24/10/2012,0.28,0.28,0.25,0.25,0.25,50960
25/10/2012,0.25,0.28,0.25,0.25,0.25,27440
26/10/2012,0.28,0.28,0.28,0.28,0.28,320
31/10/2012,0.25,0.28,0.25,0.28,0.28,6120
01/11/2012,0.25,0.28,0.25,0.25,0.25,9920
02/11/2012,0.28,0.28,0.25,0.28,0.28,4040
05/11/2012,0.28,0.28,0.28,0.28,0.28,800
06/11/2012,0.25,0.25,0.22,0.25,0.25,22800
07/11/2012,0.25,0.25,0.25,0.25,0.25,2360
08/11/2012,0.25,0.25,0.25,0.25,0.25,4240
09/11/2012,0.25,0.25,0.22,0.25,0.25,24120
12/11/2012,0.25,0.25,0.25,0.25,0.25,120
13/11/2012,0.25,0.25,0.25,0.25,0.25,2400
14/11/2012,0.25,0.25,0.22,0.25,0.25,82520
15/11/2012,0.25,0.28,0.25,0.25,0.25,104840
16/11/2012,0.25,0.28,0.25,0.25,0.25,22960
19/11/2012,0.25,0.3,0.25,0.25,0.25,44320
20/11/2012,0.25,0.28,0.25,0.25,0.25,18400
21/11/2012,0.25,0.28,0.25,0.28,0.28,39720
23/11/2012,0.25,0.25,0.25,0.25,0.25,15480
26/11/2012,0.25,0.25,0.22,0.22,0.22,22200
27/11/2012,0.22,0.25,0.22,0.25,0.25,40920
28/11/2012,0.25,0.25,0.25,0.25,0.25,23640
29/11/2012,0.25,0.25,0.22,0.22,0.22,59040
30/11/2012,0.22,0.25,0.22,0.25,0.25,63200
03/12/2012,0.22,0.25,0.22,0.25,0.25,25680
04/12/2012,0.25,0.25,0.22,0.22,0.22,45520
05/12/2012,0.22,0.25,0.22,0.22,0.22,23760
06/12/2012,0.25,0.25,0.22,0.22,0.22,47040
07/12/2012,0.25,0.25,0.22,0.25,0.25,6880
10/12/2012,0.22,0.22,0.22,0.22,0.22,880
11/12/2012,0.22,0.22,0.22,0.22,0.22,15440
12/12/2012,0.22,0.22,0.22,0.22,0.22,17720
13/12/2012,0.22,0.22,0.2,0.22,0.22,13640
14/12/2012,0.22,0.25,0.22,0.25,0.25,6400
17/12/2012,0.2,0.2,0.2,0.2,0.2,9480
18/12/2012,0.22,0.22,0.2,0.22,0.22,17960
19/12/2012,0.22,0.22,0.22,0.22,0.22,1720
20/12/2012,0.25,0.25,0.22,0.25,0.25,9560
21/12/2012,0.22,0.22,0.2,0.22,0.22,35880
24/12/2012,0.22,0.22,0.22,0.22,0.22,0
26/12/2012,0.2,0.22,0.2,0.22,0.22,42600
27/12/2012,0.2,0.22,0.2,0.22,0.22,2200
28/12/2012,0.2,0.22,0.2,0.22,0.22,3400
31/12/2012,0.22,0.25,0.22,0.22,0.22,16080
02/01/2013,0.22,0.25,0.22,0.22,0.22,12600
03/01/2013,0.22,0.22,0.22,0.22,0.22,12360
04/01/2013,0.22,0.25,0.22,0.25,0.25,71120
07/01/2013,0.25,0.25,0.22,0.22,0.22,18520
08/01/2013,0.22,0.22,0.22,0.22,0.22,28000
09/01/2013,0.22,0.22,0.22,0.22,0.22,27280
10/01/2013,0.25,0.25,0.22,0.25,0.25,7360
11/01/2013,0.25,0.25,0.2,0.25,0.25,55440
14/01/2013,0.22,0.22,0.2,0.22,0.22,24240
15/01/2013,0.22,0.22,0.2,0.22,0.22,21280
16/01/2013,0.2,0.22,0.2,0.22,0.22,45400
17/01/2013,0.22,0.22,0.2,0.2,0.2,12840
18/01/2013,0.22,0.22,0.2,0.2,0.2,18520
22/01/2013,0.2,0.22,0.2,0.22,0.22,33760
23/01/2013,0.22,0.22,0.22,0.22,0.22,47720
24/01/2013,0.22,0.25,0.22,0.25,0.25,111240
25/01/2013,0.25,0.25,0.22,0.25,0.25,46960
28/01/2013,0.22,0.25,0.22,0.25,0.25,24320
29/01/2013,0.25,0.25,0.22,0.25,0.25,109800
30/01/2013,0.25,0.3,0.25,0.3,0.3,203160
31/01/2013,0.3,0.3,0.25,0.3,0.3,301720
01/02/2013,0.25,0.28,0.25,0.28,0.28,15680
04/02/2013,0.25,0.28,0.25,0.25,0.25,18040
05/02/2013,0.25,0.25,0.25,0.25,0.25,38040
06/02/2013,0.25,0.25,0.25,0.25,0.25,13440
07/02/2013,0.25,0.28,0.22,0.28,0.28,123720
08/02/2013,0.25,0.28,0.25,0.28,0.28,22120
11/02/2013,0.22,0.28,0.22,0.25,0.25,18640
12/02/2013,0.28,0.28,0.22,0.25,0.25,12440
13/02/2013,0.25,0.25,0.22,0.25,0.25,25720
14/02/2013,0.3,0.32,0.28,0.3,0.3,1468360
15/02/2013,0.3,0.3,0.28,0.28,0.28,262240
19/02/2013,0.28,0.28,0.25,0.25,0.25,176600
20/02/2013,0.25,0.25,0.25,0.25,0.25,75680
21/02/2013,0.25,0.28,0.25,0.25,0.25,38080
22/02/2013,0.25,0.25,0.25,0.25,0.25,11040
25/02/2013,0.25,0.25,0.22,0.25,0.25,60320
26/02/2013,0.25,0.25,0.25,0.25,0.25,28480
27/02/2013,0.25,0.25,0.25,0.25,0.25,19280
28/02/2013,0.25,0.28,0.25,0.28,0.28,97200
01/03/2013,0.28,0.28,0.25,0.25,0.25,18760
04/03/2013,0.25,0.28,0.25,0.25,0.25,47600
05/03/2013,0.25,0.25,0.25,0.25,0.25,49920
06/03/2013,0.25,0.25,0.25,0.25,0.25,52440
07/03/2013,0.25,0.28,0.25,0.25,0.25,30280
08/03/2013,0.28,0.28,0.25,0.25,0.25,26280
11/03/2013,0.25,0.28,0.25,0.28,0.28,40520
12/03/2013,0.28,0.28,0.28,0.28,0.28,11800
13/03/2013,0.28,0.28,0.25,0.25,0.25,42840
14/03/2013,0.25,0.28,0.25,0.25,0.25,12320
15/03/2013,0.25,0.28,0.25,0.28,0.28,14080
18/03/2013,0.28,0.28,0.25,0.28,0.28,106160
19/03/2013,0.25,0.28,0.22,0.25,0.25,8920
20/03/2013,0.25,0.25,0.22,0.22,0.22,6600
21/03/2013,0.22,0.25,0.22,0.25,0.25,26480
22/03/2013,0.25,0.25,0.25,0.25,0.25,9160
25/03/2013,0.25,0.25,0.25,0.25,0.25,21880
26/03/2013,0.25,0.25,0.22,0.22,0.22,14120
27/03/2013,0.22,0.25,0.22,0.25,0.25,20600
28/03/2013,0.25,0.25,0.22,0.22,0.22,37040
01/04/2013,0.25,0.3,0.25,0.28,0.28,359320
02/04/2013,0.28,0.28,0.28,0.28,0.28,70440
03/04/2013,0.28,0.28,0.28,0.28,0.28,7840
04/04/2013,0.28,0.28,0.25,0.25,0.25,75000
05/04/2013,0.25,0.28,0.25,0.25,0.25,10520
08/04/2013,0.25,0.25,0.25,0.25,0.25,23800
09/04/2013,0.25,0.25,0.25,0.25,0.25,21600
10/04/2013,0.25,0.25,0.22,0.25,0.25,9680
11/04/2013,0.22,0.25,0.22,0.25,0.25,760
12/04/2013,0.25,0.25,0.22,0.22,0.22,41400
15/04/2013,0.25,0.25,0.22,0.25,0.25,9880
16/04/2013,0.25,0.25,0.22,0.25,0.25,6040
17/04/2013,0.25,0.25,0.22,0.25,0.25,12160
18/04/2013,0.25,0.25,0.25,0.25,0.25,800
19/04/2013,0.25,0.25,0.22,0.25,0.25,23080
22/04/2013,0.22,0.22,0.22,0.22,0.22,14000
23/04/2013,0.22,0.22,0.22,0.22,0.22,23440
24/04/2013,0.22,0.22,0.22,0.22,0.22,13080
25/04/2013,0.22,0.22,0.22,0.22,0.22,38400
26/04/2013,0.22,0.22,0.22,0.22,0.22,7600
29/04/2013,0.25,0.25,0.22,0.22,0.22,47400
30/04/2013,0.22,0.22,0.22,0.22,0.22,6480
01/05/2013,0.22,0.22,0.22,0.22,0.22,20000
02/05/2013,0.22,0.22,0.22,0.22,0.22,800
03/05/2013,0.22,0.22,0.22,0.22,0.22,9840
06/05/2013,0.22,0.25,0.22,0.25,0.25,47760
07/05/2013,0.25,0.25,0.22,0.22,0.22,17280
08/05/2013,0.22,0.25,0.22,0.25,0.25,19880
09/05/2013,0.22,0.22,0.22,0.22,0.22,61240
10/05/2013,0.22,0.25,0.22,0.25,0.25,168880
13/05/2013,0.25,0.25,0.25,0.25,0.25,23640
14/05/2013,0.25,0.25,0.25,0.25,0.25,12320
15/05/2013,0.25,0.28,0.25,0.25,0.25,113480
16/05/2013,0.28,0.3,0.25,0.28,0.28,226160
17/05/2013,0.28,0.28,0.25,0.28,0.28,61600
20/05/2013,0.3,0.3,0.28,0.28,0.28,56600
21/05/2013,0.28,0.28,0.25,0.28,0.28,33200
22/05/2013,0.28,0.3,0.28,0.3,0.3,32120
23/05/2013,0.28,0.28,0.22,0.28,0.28,52600
24/05/2013,0.28,0.28,0.25,0.28,0.28,17280
28/05/2013,0.28,0.28,0.25,0.25,0.25,41960
29/05/2013,0.25,0.25,0.25,0.25,0.25,23920
30/05/2013,0.25,0.25,0.25,0.25,0.25,23280
31/05/2013,0.25,0.28,0.25,0.28,0.28,32880
03/06/2013,0.25,0.28,0.25,0.25,0.25,58840
04/06/2013,0.28,0.28,0.25,0.28,0.28,89360
05/06/2013,0.28,0.28,0.25,0.25,0.25,12200
06/06/2013,0.25,0.28,0.25,0.28,0.28,82800
07/06/2013,0.25,0.28,0.25,0.28,0.28,27200
10/06/2013,0.25,0.25,0.25,0.25,0.25,104400
11/06/2013,0.25,0.25,0.22,0.22,0.22,102800
12/06/2013,0.25,0.25,0.25,0.25,0.25,49000
13/06/2013,0.25,0.28,0.25,0.25,0.25,30000
14/06/2013,0.25,0.28,0.25,0.28,0.28,26840
17/06/2013,0.28,0.28,0.28,0.28,0.28,18200
18/06/2013,0.28,0.28,0.25,0.25,0.25,121840
19/06/2013,0.28,0.28,0.25,0.28,0.28,38400
20/06/2013,0.25,0.28,0.25,0.28,0.28,10280
21/06/2013,0.25,0.28,0.25,0.28,0.28,18760
24/06/2013,0.28,0.28,0.25,0.25,0.25,50480
25/06/2013,0.25,0.28,0.25,0.28,0.28,105520
26/06/2013,0.28,0.3,0.28,0.3,0.3,366080
27/06/2013,0.3,0.3,0.3,0.3,0.3,53680
28/06/2013,0.3,0.32,0.28,0.32,0.32,241400
01/07/2013,0.32,0.38,0.32,0.35,0.35,344680
02/07/2013,0.38,0.43,0.35,0.35,0.35,259000
03/07/2013,0.38,0.43,0.38,0.43,0.43,71280
05/07/2013,0.43,0.43,0.38,0.38,0.38,29680
08/07/2013,0.35,0.38,0.32,0.38,0.38,41760
09/07/2013,0.35,0.38,0.35,0.35,0.35,30720
10/07/2013,0.35,0.38,0.35,0.38,0.38,39640
11/07/2013,0.38,0.4,0.38,0.4,0.4,38480
12/07/2013,0.35,0.4,0.35,0.4,0.4,44000
15/07/2013,0.4,0.55,0.38,0.45,0.45,369600
16/07/2013,0.45,0.45,0.4,0.43,0.43,51840
17/07/2013,0.43,0.43,0.4,0.43,0.43,65640
18/07/2013,0.43,0.43,0.4,0.43,0.43,26920
19/07/2013,0.43,0.43,0.4,0.43,0.43,17520
22/07/2013,0.4,0.43,0.38,0.4,0.4,81880
23/07/2013,0.4,0.45,0.38,0.43,0.43,71880
24/07/2013,0.43,0.45,0.43,0.45,0.45,29640
25/07/2013,0.45,0.47,0.45,0.47,0.47,114720
26/07/2013,0.45,0.45,0.45,0.45,0.45,130000
29/07/2013,0.45,0.5,0.45,0.47,0.47,59400
30/07/2013,0.5,0.5,0.45,0.5,0.5,111400
31/07/2013,0.5,0.52,0.47,0.5,0.5,51840
01/08/2013,0.5,0.5,0.47,0.5,0.5,15400
02/08/2013,0.47,0.52,0.47,0.52,0.52,79520
05/08/2013,0.52,0.55,0.47,0.55,0.55,58560
06/08/2013,0.52,0.55,0.5,0.55,0.55,14360
07/08/2013,0.55,0.62,0.52,0.62,0.62,120680
08/08/2013,0.62,0.62,0.57,0.6,0.6,42560
09/08/2013,0.6,0.62,0.57,0.62,0.62,22600
12/08/2013,0.62,0.73,0.6,0.7,0.7,326480
13/08/2013,0.7,0.7,0.52,0.6,0.6,75480
14/08/2013,0.52,0.6,0.43,0.5,0.5,313040
15/08/2013,0.5,0.5,0.43,0.5,0.5,92040
16/08/2013,0.5,0.55,0.5,0.52,0.52,6720
19/08/2013,0.52,0.52,0.5,0.5,0.5,3720
20/08/2013,0.5,0.5,0.4,0.47,0.47,62080
21/08/2013,0.47,0.47,0.43,0.45,0.45,25400
22/08/2013,0.45,0.45,0.43,0.43,0.43,16440
23/08/2013,0.43,0.45,0.43,0.45,0.45,51440
26/08/2013,0.45,0.45,0.43,0.43,0.43,23240
27/08/2013,0.43,0.45,0.43,0.45,0.45,35440
28/08/2013,0.43,0.45,0.43,0.43,0.43,36920
29/08/2013,0.43,0.43,0.43,0.43,0.43,1280
30/08/2013,0.43,0.43,0.43,0.43,0.43,16560
03/09/2013,0.43,0.43,0.38,0.43,0.43,46840
04/09/2013,0.4,0.43,0.4,0.43,0.43,26040
05/09/2013,0.43,0.43,0.4,0.43,0.43,12800
06/09/2013,0.43,0.43,0.4,0.4,0.4,4200
09/09/2013,0.43,0.43,0.4,0.4,0.4,1320
10/09/2013,0.4,0.43,0.38,0.38,0.38,165600
11/09/2013,0.38,0.43,0.38,0.4,0.4,34040
12/09/2013,0.43,0.43,0.43,0.43,0.43,12520
13/09/2013,0.4,0.43,0.4,0.43,0.43,58960
16/09/2013,0.43,0.43,0.4,0.4,0.4,40080
17/09/2013,0.43,0.43,0.4,0.4,0.4,20400
18/09/2013,0.43,0.43,0.43,0.43,0.43,6600
19/09/2013,0.43,0.45,0.43,0.45,0.45,38880
20/09/2013,0.45,0.5,0.45,0.47,0.47,58200
23/09/2013,0.45,0.5,0.45,0.5,0.5,36120
24/09/2013,0.45,0.5,0.45,0.47,0.47,43800
25/09/2013,0.5,0.5,0.45,0.5,0.5,66000
26/09/2013,0.5,0.5,0.43,0.43,0.43,54160
27/09/2013,0.43,0.47,0.43,0.47,0.47,4160
30/09/2013,0.52,0.52,0.52,0.52,0.52,4400
01/10/2013,0.49,0.5,0.44,0.46,0.46,95600
02/10/2013,0.47,0.47,0.44,0.44,0.44,64000
03/10/2013,0.44,0.45,0.44,0.45,0.45,5200
04/10/2013,0.43,0.46,0.41,0.46,0.46,25200
07/10/2013,0.44,0.46,0.44,0.46,0.46,11600
08/10/2013,0.44,0.44,0.44,0.44,0.44,11600
09/10/2013,0.3,0.44,0.3,0.43,0.43,38400
10/10/2013,0.41,0.43,0.4,0.41,0.41,70000
11/10/2013,0.41,0.42,0.41,0.41,0.41,4000
14/10/2013,0.41,0.47,0.41,0.47,0.47,155200
15/10/2013,0.47,0.47,0.47,0.47,0.47,0
16/10/2013,0.44,0.44,0.44,0.44,0.44,6000
17/10/2013,0.41,0.44,0.4,0.44,0.44,14000
18/10/2013,0.44,0.44,0.41,0.43,0.43,4000
21/10/2013,0.45,0.52,0.44,0.52,0.52,112800
22/10/2013,0.52,0.54,0.52,0.54,0.54,51200
23/10/2013,0.53,0.53,0.47,0.52,0.52,9200
24/10/2013,0.52,0.52,0.45,0.49,0.49,66800
25/10/2013,0.45,0.47,0.45,0.47,0.47,20400
28/10/2013,0.47,0.49,0.47,0.49,0.49,800
29/10/2013,0.49,0.49,0.48,0.49,0.49,10400
30/10/2013,0.49,0.52,0.48,0.51,0.51,14000
31/10/2013,0.5,0.5,0.4,0.5,0.5,5200
01/11/2013,0.43,0.52,0.43,0.49,0.49,28400
04/11/2013,0.49,0.52,0.48,0.52,0.52,22000
05/11/2013,0.52,0.52,0.52,0.52,0.52,24000
06/11/2013,0.52,0.52,0.47,0.5,0.5,32800
07/11/2013,0.45,0.45,0.44,0.45,0.45,105600
08/11/2013,0.45,0.5,0.43,0.5,0.5,137600
11/11/2013,0.5,0.5,0.48,0.5,0.5,5200
12/11/2013,0.5,0.5,0.4,0.49,0.49,13600
13/11/2013,0.47,0.52,0.47,0.51,0.51,172400
14/11/2013,0.54,0.54,0.5,0.54,0.54,203200
15/11/2013,0.54,0.54,0.46,0.47,0.47,42800
18/11/2013,0.46,0.47,0.42,0.45,0.45,32400
19/11/2013,0.45,0.47,0.42,0.47,0.47,81200
20/11/2013,0.46,0.46,0.46,0.46,0.46,4400
21/11/2013,0.46,0.46,0.44,0.45,0.45,20800
22/11/2013,0.45,0.47,0.45,0.47,0.47,156800
25/11/2013,0.47,0.52,0.47,0.5,0.5,36000
26/11/2013,0.49,0.49,0.49,0.49,0.49,400
27/11/2013,0.47,0.5,0.45,0.45,0.45,438800
29/11/2013,0.47,0.5,0.47,0.5,0.5,24000
02/12/2013,0.5,0.5,0.5,0.5,0.5,0
03/12/2013,0.46,0.52,0.46,0.51,0.51,432400
04/12/2013,0.5,0.5,0.47,0.48,0.48,5200
05/12/2013,0.47,0.5,0.47,0.5,0.5,28400
06/12/2013,0.5,0.52,0.5,0.52,0.52,264800
09/12/2013,0.52,0.54,0.52,0.54,0.54,78000
10/12/2013,0.52,0.55,0.52,0.55,0.55,98800
11/12/2013,0.55,0.55,0.54,0.55,0.55,70000
12/12/2013,0.56,0.57,0.55,0.57,0.57,132000
13/12/2013,0.56,0.56,0.55,0.55,0.55,15600
16/12/2013,0.52,0.57,0.52,0.56,0.56,94800
17/12/2013,0.55,0.56,0.55,0.56,0.56,36400
18/12/2013,0.55,0.55,0.55,0.55,0.55,38400
19/12/2013,0.54,0.55,0.52,0.55,0.55,134800
20/12/2013,0.55,0.57,0.55,0.57,0.57,52000
23/12/2013,0.57,0.57,0.55,0.56,0.56,25200
24/12/2013,0.52,0.56,0.52,0.56,0.56,68400
26/12/2013,0.55,0.57,0.55,0.57,0.57,4400
27/12/2013,0.56,0.57,0.56,0.57,0.57,10400
30/12/2013,0.56,0.56,0.56,0.56,0.56,26000
31/12/2013,0.56,0.66,0.55,0.61,0.61,123200
02/01/2014,0.62,0.68,0.57,0.63,0.63,96800
03/01/2014,0.64,0.65,0.56,0.64,0.64,97600
06/01/2014,0.65,0.67,0.58,0.6,0.6,72800
07/01/2014,0.58,0.59,0.56,0.57,0.57,144400
08/01/2014,0.56,0.56,0.56,0.56,0.56,26000
09/01/2014,0.55,0.56,0.5,0.56,0.56,60000
10/01/2014,0.56,0.56,0.52,0.56,0.56,32000
13/01/2014,0.52,0.56,0.52,0.56,0.56,7600
14/01/2014,0.53,0.55,0.51,0.54,0.54,22400
15/01/2014,0.52,0.54,0.51,0.52,0.52,88000
16/01/2014,0.52,0.54,0.51,0.54,0.54,48400
17/01/2014,0.54,0.54,0.5,0.54,0.54,51200
21/01/2014,0.49,0.52,0.49,0.52,0.52,29200
22/01/2014,0.5,0.53,0.5,0.5,0.5,14800
23/01/2014,0.5,0.54,0.5,0.53,0.53,25600
24/01/2014,0.52,0.53,0.51,0.51,0.51,23600
27/01/2014,0.52,0.53,0.52,0.53,0.53,22000
28/01/2014,0.52,0.53,0.49,0.5,0.5,20400
29/01/2014,0.51,0.52,0.5,0.52,0.52,17600
30/01/2014,0.52,0.52,0.51,0.51,0.51,3600
31/01/2014,0.5,0.52,0.5,0.52,0.52,68400
03/02/2014,0.51,0.51,0.44,0.5,0.5,63600
04/02/2014,0.5,0.52,0.49,0.51,0.51,96400
05/02/2014,0.51,0.51,0.5,0.5,0.5,21600
06/02/2014,0.55,0.55,0.49,0.55,0.55,4000
07/02/2014,0.54,0.59,0.45,0.55,0.55,88800
10/02/2014,0.54,0.57,0.54,0.57,0.57,7600
11/02/2014,0.56,0.57,0.56,0.57,0.57,21600
12/02/2014,0.56,0.56,0.45,0.56,0.56,198000
13/02/2014,0.55,0.57,0.55,0.57,0.57,43600
14/02/2014,0.57,0.64,0.56,0.59,0.59,667600
18/02/2014,0.65,0.65,0.61,0.65,0.65,979600
19/02/2014,0.66,0.77,0.65,0.75,0.75,796000
20/02/2014,0.76,0.81,0.75,0.81,0.81,595200
21/02/2014,0.8,0.82,0.75,0.8,0.8,247600
24/02/2014,0.8,0.8,0.75,0.78,0.78,184000
25/02/2014,0.78,0.79,0.7,0.75,0.75,247200
26/02/2014,0.71,0.8,0.71,0.77,0.77,78400
27/02/2014,0.76,0.76,0.73,0.75,0.75,70800
28/02/2014,0.76,0.76,0.72,0.75,0.75,49600
03/03/2014,0.71,0.75,0.7,0.74,0.74,28400
04/03/2014,0.74,0.75,0.7,0.7,0.7,73200
05/03/2014,0.7,0.74,0.69,0.71,0.71,56800
06/03/2014,0.71,0.72,0.7,0.71,0.71,14000
07/03/2014,0.68,0.7,0.68,0.7,0.7,96800
10/03/2014,0.71,0.73,0.71,0.73,0.73,28400
11/03/2014,0.72,0.74,0.72,0.74,0.74,25200
12/03/2014,0.73,0.76,0.65,0.73,0.73,114400
13/03/2014,0.73,0.73,0.7,0.72,0.72,20000
14/03/2014,0.73,0.73,0.72,0.73,0.73,9600
17/03/2014,0.73,0.74,0.7,0.71,0.71,41600
18/03/2014,0.7,0.75,0.66,0.75,0.75,11600
19/03/2014,0.75,0.75,0.68,0.7,0.7,19200
20/03/2014,0.7,0.75,0.7,0.71,0.71,37200
21/03/2014,0.71,0.71,0.69,0.69,0.69,40400
24/03/2014,0.69,0.71,0.68,0.71,0.71,26400
25/03/2014,0.71,0.75,0.67,0.67,0.67,62800
26/03/2014,0.68,0.73,0.67,0.73,0.73,19600
27/03/2014,0.72,0.72,0.71,0.71,0.71,1600
28/03/2014,0.73,0.73,0.71,0.72,0.72,24800
31/03/2014,0.69,0.69,0.52,0.62,0.62,307600
01/04/2014,0.59,0.59,0.56,0.57,0.57,146800
02/04/2014,0.56,0.56,0.53,0.54,0.54,86400
03/04/2014,0.55,0.57,0.55,0.56,0.56,16800
04/04/2014,0.55,0.58,0.54,0.54,0.54,85200
07/04/2014,0.53,0.55,0.53,0.55,0.55,46400
08/04/2014,0.53,0.55,0.53,0.55,0.55,24000
09/04/2014,0.56,0.57,0.55,0.57,0.57,4800
10/04/2014,0.58,0.58,0.55,0.55,0.55,59200
11/04/2014,0.55,0.58,0.55,0.58,0.58,5200
14/04/2014,0.58,0.58,0.54,0.54,0.54,11200
15/04/2014,0.54,0.55,0.53,0.53,0.53,23200
16/04/2014,0.55,0.55,0.55,0.55,0.55,22000
17/04/2014,0.54,0.56,0.54,0.56,0.56,11600
21/04/2014,0.56,0.56,0.55,0.55,0.55,6000
22/04/2014,0.56,0.6,0.56,0.6,0.6,50000
23/04/2014,0.59,0.59,0.58,0.59,0.59,4000
24/04/2014,0.59,0.59,0.59,0.59,0.59,800
25/04/2014,0.59,0.59,0.55,0.59,0.59,7600
28/04/2014,0.55,0.58,0.55,0.57,0.57,15200
29/04/2014,0.57,0.59,0.57,0.59,0.59,10400
30/04/2014,0.59,0.64,0.59,0.6,0.6,72800
01/05/2014,0.6,0.65,0.6,0.65,0.65,118800
02/05/2014,0.65,0.65,0.59,0.59,0.59,16400
05/05/2014,0.62,0.62,0.59,0.62,0.62,6000
06/05/2014,0.61,0.66,0.6,0.66,0.66,28800
07/05/2014,0.61,0.63,0.6,0.61,0.61,33200
08/05/2014,0.6,0.61,0.58,0.61,0.61,8800
09/05/2014,0.58,0.61,0.56,0.61,0.61,26800
12/05/2014,0.6,0.6,0.56,0.56,0.56,126000
13/05/2014,0.56,0.57,0.56,0.57,0.57,30000
14/05/2014,0.57,0.62,0.56,0.62,0.62,53600
15/05/2014,0.61,0.61,0.53,0.56,0.56,377200
16/05/2014,0.56,0.61,0.55,0.6,0.6,5600
19/05/2014,0.55,0.59,0.55,0.59,0.59,4000
20/05/2014,0.56,0.56,0.55,0.55,0.55,25200
21/05/2014,0.56,0.58,0.56,0.58,0.58,19200
22/05/2014,0.56,0.56,0.56,0.56,0.56,6000
23/05/2014,0.58,0.6,0.55,0.55,0.55,18000
27/05/2014,0.57,0.57,0.55,0.56,0.56,44000
28/05/2014,0.55,0.57,0.55,0.55,0.55,37600
29/05/2014,0.55,0.55,0.53,0.55,0.55,36400
30/05/2014,0.54,0.54,0.52,0.54,0.54,32000
02/06/2014,0.5,0.54,0.5,0.52,0.52,48000
03/06/2014,0.52,0.54,0.52,0.52,0.52,10400
04/06/2014,0.52,0.56,0.52,0.56,0.56,65200
05/06/2014,0.54,0.56,0.51,0.54,0.54,11200
06/06/2014,0.53,0.53,0.51,0.52,0.52,12800
09/06/2014,0.52,0.52,0.52,0.52,0.52,2000
10/06/2014,0.52,0.52,0.52,0.52,0.52,8000
11/06/2014,0.54,0.54,0.51,0.51,0.51,20000
12/06/2014,0.54,0.54,0.5,0.52,0.52,33600
13/06/2014,0.5,0.52,0.5,0.5,0.5,58400
16/06/2014,0.5,0.54,0.49,0.54,0.54,90000
17/06/2014,0.5,0.51,0.5,0.5,0.5,48400
18/06/2014,0.49,0.5,0.49,0.5,0.5,9200
19/06/2014,0.47,0.49,0.47,0.49,0.49,6000
20/06/2014,0.49,0.54,0.49,0.54,0.54,6000
23/06/2014,0.54,0.55,0.49,0.55,0.55,27600
24/06/2014,0.5,0.55,0.5,0.54,0.54,30400
25/06/2014,0.54,0.55,0.53,0.54,0.54,33600
26/06/2014,0.57,0.57,0.55,0.55,0.55,30000
27/06/2014,0.56,0.57,0.56,0.56,0.56,43600
30/06/2014,0.56,0.56,0.56,0.56,0.56,60800
01/07/2014,0.54,0.56,0.54,0.56,0.56,34000
02/07/2014,0.56,0.56,0.56,0.56,0.56,19600
03/07/2014,0.56,0.56,0.56,0.56,0.56,60400
07/07/2014,0.57,0.57,0.57,0.57,0.57,6800
08/07/2014,0.57,0.57,0.57,0.57,0.57,4800
09/07/2014,0.57,0.57,0.57,0.57,0.57,6800
10/07/2014,0.57,0.57,0.56,0.57,0.57,6800
11/07/2014,0.57,0.57,0.57,0.57,0.57,35200
14/07/2014,0.62,0.63,0.59,0.61,0.61,180400
15/07/2014,0.63,0.65,0.62,0.64,0.64,63200
16/07/2014,0.64,0.69,0.64,0.69,0.69,87200
17/07/2014,0.69,0.69,0.65,0.67,0.67,33600
18/07/2014,0.66,0.67,0.66,0.66,0.66,43200
21/07/2014,0.65,0.69,0.65,0.68,0.68,88000
22/07/2014,0.68,0.68,0.61,0.62,0.62,98000
23/07/2014,0.62,0.67,0.62,0.66,0.66,34400
24/07/2014,0.66,0.66,0.65,0.66,0.66,16800
25/07/2014,0.67,0.67,0.58,0.65,0.65,68800
28/07/2014,0.64,0.64,0.62,0.62,0.62,2800
29/07/2014,0.62,0.64,0.6,0.6,0.6,21600
30/07/2014,0.59,0.62,0.59,0.61,0.61,36400
31/07/2014,0.62,0.62,0.6,0.6,0.6,20400
01/08/2014,0.6,0.6,0.6,0.6,0.6,0
04/08/2014,0.6,0.6,0.6,0.6,0.6,1200
05/08/2014,0.62,0.63,0.62,0.63,0.63,10800
06/08/2014,0.63,0.63,0.57,0.63,0.63,18800
07/08/2014,0.64,0.66,0.64,0.66,0.66,36000
08/08/2014,0.67,0.68,0.64,0.65,0.65,26000
11/08/2014,0.65,0.68,0.65,0.68,0.68,67200
12/08/2014,0.68,0.68,0.64,0.65,0.65,17200
13/08/2014,0.65,0.67,0.65,0.66,0.66,44000
14/08/2014,0.66,0.68,0.66,0.68,0.68,36400
15/08/2014,0.68,0.68,0.67,0.67,0.67,15200
18/08/2014,0.67,0.68,0.66,0.66,0.66,70400
19/08/2014,0.66,0.68,0.66,0.68,0.68,30400
20/08/2014,0.65,0.66,0.65,0.66,0.66,42800
21/08/2014,0.67,0.68,0.65,0.67,0.67,20800
22/08/2014,0.68,0.68,0.67,0.68,0.68,21600
25/08/2014,0.68,0.72,0.68,0.72,0.72,133200
26/08/2014,0.72,0.72,0.69,0.69,0.69,42800
27/08/2014,0.69,0.71,0.67,0.71,0.71,27200
28/08/2014,0.69,0.7,0.68,0.7,0.7,14400
29/08/2014,0.7,0.71,0.7,0.7,0.7,1200
02/09/2014,0.71,0.73,0.69,0.71,0.71,25600
03/09/2014,0.7,0.7,0.7,0.7,0.7,10800
04/09/2014,0.7,0.7,0.68,0.68,0.68,4000
05/09/2014,0.68,0.68,0.65,0.66,0.66,56800
08/09/2014,0.66,0.66,0.65,0.66,0.66,16400
09/09/2014,0.66,0.67,0.66,0.66,0.66,244000
10/09/2014,0.66,0.66,0.65,0.66,0.66,212400
11/09/2014,0.65,0.65,0.65,0.65,0.65,22800
12/09/2014,0.66,0.72,0.66,0.7,0.7,163200
15/09/2014,0.7,0.7,0.69,0.7,0.7,54400
16/09/2014,0.7,0.72,0.7,0.71,0.71,88000
17/09/2014,0.71,0.71,0.65,0.71,0.71,80400
18/09/2014,0.71,0.71,0.7,0.7,0.7,11600
19/09/2014,0.7,0.7,0.65,0.7,0.7,33600
22/09/2014,0.7,0.7,0.68,0.7,0.7,51200
23/09/2014,0.7,0.71,0.7,0.71,0.71,28800
24/09/2014,0.71,0.71,0.68,0.7,0.7,63600
25/09/2014,0.68,0.68,0.68,0.68,0.68,400
26/09/2014,0.68,0.68,0.68,0.68,0.68,0
29/09/2014,0.68,0.7,0.65,0.7,0.7,10800
30/09/2014,0.65,0.68,0.65,0.68,0.68,36800
01/10/2014,0.68,0.68,0.65,0.65,0.65,25600
02/10/2014,0.65,0.68,0.65,0.68,0.68,7600
03/10/2014,0.66,0.66,0.66,0.66,0.66,40000
06/10/2014,0.65,0.69,0.65,0.68,0.68,19600
07/10/2014,0.68,0.69,0.65,0.65,0.65,122400
08/10/2014,0.65,0.66,0.65,0.66,0.66,40800
09/10/2014,0.65,0.65,0.65,0.65,0.65,38400
10/10/2014,0.65,0.66,0.65,0.65,0.65,9200
13/10/2014,0.64,0.66,0.64,0.65,0.65,55200
14/10/2014,0.65,0.65,0.64,0.64,0.64,37600
15/10/2014,0.64,0.66,0.64,0.66,0.66,22400
16/10/2014,0.66,0.66,0.66,0.66,0.66,2000
17/10/2014,0.66,0.66,0.6,0.62,0.62,96400
20/10/2014,0.62,0.69,0.61,0.69,0.69,26800
21/10/2014,0.66,0.67,0.65,0.67,0.67,19200
22/10/2014,0.68,0.68,0.65,0.65,0.65,52400
23/10/2014,0.64,0.65,0.64,0.65,0.65,6400
24/10/2014,0.63,0.64,0.61,0.62,0.62,44400
27/10/2014,0.62,0.65,0.62,0.65,0.65,4400
28/10/2014,0.65,0.65,0.63,0.63,0.63,4400
29/10/2014,0.63,0.63,0.63,0.63,0.63,0
30/10/2014,0.62,0.65,0.62,0.65,0.65,30400
31/10/2014,0.63,0.65,0.63,0.64,0.64,15200
03/11/2014,0.63,0.65,0.63,0.63,0.63,20400
04/11/2014,0.64,0.65,0.63,0.65,0.65,11600
05/11/2014,0.65,0.65,0.63,0.63,0.63,9600
06/11/2014,0.63,0.65,0.63,0.64,0.64,57600
07/11/2014,0.64,0.66,0.62,0.63,0.63,40000
10/11/2014,0.64,0.64,0.63,0.63,0.63,8400
11/11/2014,0.65,0.65,0.65,0.65,0.65,35200
12/11/2014,0.65,0.65,0.65,0.65,0.65,16800
13/11/2014,0.65,0.65,0.64,0.64,0.64,12000
14/11/2014,0.64,0.7,0.62,0.66,0.66,143600
17/11/2014,0.66,0.68,0.66,0.68,0.68,22000
18/11/2014,0.68,0.69,0.68,0.68,0.68,36000
19/11/2014,0.68,0.68,0.64,0.68,0.68,4400
20/11/2014,0.68,0.71,0.68,0.71,0.71,6800
21/11/2014,0.7,0.71,0.69,0.69,0.69,24400
24/11/2014,0.69,0.69,0.68,0.68,0.68,51200
25/11/2014,0.68,0.7,0.68,0.69,0.69,17600
26/11/2014,0.69,0.73,0.69,0.71,0.71,162800
28/11/2014,0.7,0.71,0.69,0.69,0.69,6000
01/12/2014,0.68,0.68,0.65,0.68,0.68,27600
02/12/2014,0.71,0.71,0.68,0.7,0.7,24000
03/12/2014,0.7,0.7,0.7,0.7,0.7,400
04/12/2014,0.69,0.69,0.69,0.69,0.69,32000
05/12/2014,0.69,0.7,0.69,0.7,0.7,70400
08/12/2014,0.7,0.7,0.62,0.66,0.66,32400
09/12/2014,0.65,0.68,0.65,0.68,0.68,40400
10/12/2014,0.65,0.65,0.65,0.65,0.65,9200
11/12/2014,0.66,0.67,0.65,0.65,0.65,343600
12/12/2014,0.62,0.65,0.62,0.65,0.65,7200
15/12/2014,0.64,0.64,0.6,0.62,0.62,30400
16/12/2014,0.62,0.67,0.61,0.67,0.67,8000
17/12/2014,0.63,0.68,0.58,0.66,0.66,50400
18/12/2014,0.68,0.68,0.62,0.67,0.67,33200
19/12/2014,0.66,0.67,0.66,0.67,0.67,36000
22/12/2014,0.66,0.66,0.66,0.66,0.66,9200
23/12/2014,0.66,0.66,0.66,0.66,0.66,0
24/12/2014,0.66,0.66,0.66,0.66,0.66,0
26/12/2014,0.64,0.68,0.64,0.67,0.67,4800
29/12/2014,0.65,0.67,0.65,0.67,0.67,5200
30/12/2014,0.64,0.65,0.62,0.65,0.65,3600
31/12/2014,0.65,0.65,0.6,0.65,0.65,16000
02/01/2015,0.61,0.64,0.6,0.64,0.64,30400
05/01/2015,0.62,0.62,0.6,0.62,0.62,22000
06/01/2015,0.61,0.61,0.51,0.59,0.59,66000
07/01/2015,0.6,0.61,0.6,0.61,0.61,9200
08/01/2015,0.62,0.62,0.58,0.61,0.61,83600
09/01/2015,0.61,0.61,0.61,0.61,0.61,2800
12/01/2015,0.61,0.61,0.54,0.55,0.55,109600
13/01/2015,0.59,0.6,0.57,0.6,0.6,19600
14/01/2015,0.58,0.6,0.56,0.59,0.59,101600
15/01/2015,0.6,0.62,0.59,0.61,0.61,262000
16/01/2015,0.58,0.61,0.58,0.6,0.6,62000
20/01/2015,0.6,0.63,0.59,0.61,0.61,81600
21/01/2015,0.61,0.61,0.6,0.6,0.6,38800
22/01/2015,0.59,0.6,0.59,0.6,0.6,46000
23/01/2015,0.6,0.61,0.58,0.6,0.6,60800
26/01/2015,0.59,0.59,0.58,0.58,0.58,64800
27/01/2015,0.58,0.6,0.58,0.6,0.6,34800
28/01/2015,0.58,0.58,0.58,0.58,0.58,4000
29/01/2015,0.58,0.58,0.58,0.58,0.58,0
30/01/2015,0.58,0.59,0.58,0.59,0.59,29200
02/02/2015,0.59,0.6,0.57,0.57,0.57,113200
03/02/2015,0.57,0.6,0.57,0.58,0.58,57200
04/02/2015,0.58,0.6,0.56,0.59,0.59,347200
05/02/2015,0.59,0.59,0.57,0.57,0.57,24800
06/02/2015,0.57,0.61,0.55,0.58,0.58,50400
09/02/2015,0.58,0.59,0.56,0.56,0.56,26800
10/02/2015,0.56,0.61,0.56,0.61,0.61,5600
11/02/2015,0.59,0.61,0.56,0.6,0.6,33600
12/02/2015,0.57,0.6,0.57,0.57,0.57,5200
13/02/2015,0.57,0.57,0.57,0.57,0.57,2000
17/02/2015,0.57,0.57,0.57,0.57,0.57,3600
18/02/2015,0.57,0.57,0.56,0.57,0.57,54000
19/02/2015,0.57,0.57,0.57,0.57,0.57,16800
20/02/2015,0.57,0.57,0.57,0.57,0.57,14000
23/02/2015,0.57,0.57,0.57,0.57,0.57,36000
24/02/2015,0.55,0.59,0.52,0.58,0.58,113600
25/02/2015,0.57,0.57,0.51,0.51,0.51,98400
26/02/2015,0.51,0.53,0.5,0.51,0.51,205600
27/02/2015,0.51,0.51,0.5,0.5,0.5,133200
02/03/2015,0.51,0.56,0.47,0.5,0.5,162400
03/03/2015,0.49,0.49,0.46,0.49,0.49,116800
04/03/2015,0.51,0.51,0.47,0.51,0.51,151600
05/03/2015,0.51,0.52,0.51,0.52,0.52,91600
06/03/2015,0.51,0.54,0.51,0.54,0.54,459200
09/03/2015,0.53,0.53,0.5,0.52,0.52,6400
10/03/2015,0.5,0.54,0.5,0.51,0.51,13200
11/03/2015,0.52,0.52,0.51,0.51,0.51,28800
12/03/2015,0.53,0.54,0.51,0.52,0.52,56800
13/03/2015,0.52,0.52,0.52,0.52,0.52,1600
16/03/2015,0.52,0.52,0.52,0.52,0.52,28000
17/03/2015,0.54,0.55,0.51,0.55,0.55,8400
18/03/2015,0.55,0.55,0.53,0.55,0.55,26400
19/03/2015,0.54,0.54,0.52,0.52,0.52,4400
20/03/2015,0.52,0.55,0.52,0.55,0.55,26000
23/03/2015,0.54,0.54,0.52,0.54,0.54,11200
24/03/2015,0.52,0.53,0.52,0.52,0.52,8000
25/03/2015,0.51,0.51,0.51,0.51,0.51,1200
26/03/2015,0.51,0.52,0.51,0.52,0.52,28000
27/03/2015,0.52,0.55,0.51,0.54,0.54,16800
30/03/2015,0.54,0.54,0.54,0.54,0.54,0
31/03/2015,0.54,0.54,0.5,0.54,0.54,96400
01/04/2015,0.54,0.54,0.51,0.54,0.54,20800
02/04/2015,0.5,0.52,0.5,0.52,0.52,13600
06/04/2015,0.5,0.5,0.5,0.5,0.5,4800
07/04/2015,0.5,0.51,0.46,0.46,0.46,20400
08/04/2015,0.5,0.5,0.5,0.5,0.5,400
09/04/2015,0.49,0.49,0.48,0.48,0.48,25200
10/04/2015,0.48,0.5,0.48,0.5,0.5,14000
13/04/2015,0.5,0.5,0.48,0.5,0.5,74800
14/04/2015,0.5,0.52,0.5,0.52,0.52,2000
15/04/2015,0.52,0.52,0.52,0.52,0.52,0
16/04/2015,0.47,0.47,0.47,0.47,0.47,11600
17/04/2015,0.47,0.5,0.47,0.5,0.5,22000
20/04/2015,0.5,0.5,0.49,0.5,0.5,14400
21/04/2015,0.49,0.5,0.48,0.48,0.48,26800
22/04/2015,0.49,0.49,0.47,0.47,0.47,2000
23/04/2015,0.47,0.47,0.47,0.47,0.47,18400
24/04/2015,0.47,0.47,0.47,0.47,0.47,0
27/04/2015,0.46,0.47,0.44,0.47,0.47,32400
28/04/2015,0.48,0.48,0.48,0.48,0.48,2000
29/04/2015,0.46,0.46,0.46,0.46,0.46,4400
30/04/2015,0.44,0.47,0.4,0.44,0.44,36000
01/05/2015,0.44,0.45,0.44,0.44,0.44,54800
04/05/2015,0.43,0.43,0.4,0.43,0.43,68800
05/05/2015,0.44,0.5,0.44,0.5,0.5,14800
06/05/2015,0.5,0.5,0.5,0.5,0.5,0
07/05/2015,0.5,0.5,0.5,0.5,0.5,0
08/05/2015,0.5,0.5,0.5,0.5,0.5,2000
11/05/2015,0.5,0.5,0.5,0.5,0.5,1200
12/05/2015,0.49,0.49,0.49,0.49,0.49,800
13/05/2015,0.47,0.47,0.41,0.43,0.43,12000
14/05/2015,0.41,0.45,0.41,0.45,0.45,10400
15/05/2015,0.46,0.46,0.46,0.46,0.46,3600
18/05/2015,0.45,0.5,0.41,0.41,0.41,12400
19/05/2015,0.46,0.5,0.45,0.45,0.45,10000
20/05/2015,0.45,0.45,0.45,0.45,0.45,1600
21/05/2015,0.45,0.46,0.42,0.44,0.44,35600
22/05/2015,0.45,0.45,0.44,0.44,0.44,1600
26/05/2015,0.43,0.43,0.42,0.43,0.43,21600
27/05/2015,0.42,0.44,0.39,0.39,0.39,55200
28/05/2015,0.4,0.41,0.4,0.4,0.4,20000
29/05/2015,0.4,0.4,0.39,0.4,0.4,46800
01/06/2015,0.39,0.4,0.39,0.4,0.4,42000
02/06/2015,0.43,0.46,0.43,0.46,0.46,12000
03/06/2015,0.45,0.46,0.41,0.44,0.44,8000
04/06/2015,0.45,0.45,0.45,0.45,0.45,15200
05/06/2015,0.46,0.46,0.45,0.45,0.45,10000
08/06/2015,0.45,0.45,0.42,0.42,0.42,20800
09/06/2015,0.42,0.44,0.42,0.43,0.43,16400
10/06/2015,0.42,0.42,0.42,0.42,0.42,2000
11/06/2015,0.42,0.42,0.42,0.42,0.42,1600
12/06/2015,0.42,0.42,0.42,0.42,0.42,0
15/06/2015,0.41,0.41,0.41,0.41,0.41,12000
16/06/2015,0.4,0.4,0.4,0.4,0.4,400
17/06/2015,0.39,0.39,0.39,0.39,0.39,8000
18/06/2015,0.39,0.4,0.39,0.4,0.4,42400
19/06/2015,0.43,0.47,0.43,0.47,0.47,14000
22/06/2015,0.47,0.47,0.44,0.44,0.44,5200
23/06/2015,0.44,0.44,0.43,0.43,0.43,24800
24/06/2015,0.43,0.43,0.43,0.43,0.43,20000
25/06/2015,0.42,0.42,0.42,0.42,0.42,4000
26/06/2015,0.43,0.43,0.39,0.4,0.4,11600
29/06/2015,0.4,0.41,0.39,0.4,0.4,16800
30/06/2015,0.41,0.43,0.41,0.43,0.43,10000
01/07/2015,0.43,0.43,0.4,0.43,0.43,10000
02/07/2015,0.43,0.43,0.39,0.4,0.4,12800
06/07/2015,0.41,0.41,0.41,0.41,0.41,800
07/07/2015,0.42,0.43,0.38,0.39,0.39,24400
08/07/2015,0.4,0.4,0.38,0.4,0.4,68400
09/07/2015,0.44,0.44,0.44,0.44,0.44,1600
10/07/2015,0.44,0.44,0.4,0.41,0.41,6800
13/07/2015,0.41,0.41,0.41,0.41,0.41,0
14/07/2015,0.41,0.41,0.41,0.41,0.41,400
15/07/2015,0.39,0.39,0.38,0.39,0.39,88400
16/07/2015,0.41,0.41,0.41,0.41,0.41,800
17/07/2015,0.4,0.43,0.4,0.4,0.4,14800
20/07/2015,0.4,0.41,0.4,0.41,0.41,4400
21/07/2015,0.4,0.4,0.4,0.4,0.4,11600
22/07/2015,0.4,0.4,0.4,0.4,0.4,4000
23/07/2015,0.4,0.4,0.4,0.4,0.4,2800
24/07/2015,0.4,0.43,0.4,0.43,0.43,4800
27/07/2015,0.43,0.43,0.43,0.43,0.43,0
28/07/2015,0.43,0.43,0.4,0.4,0.4,14800
29/07/2015,0.4,0.4,0.4,0.4,0.4,400
30/07/2015,0.4,0.4,0.4,0.4,0.4,2800
31/07/2015,0.4,0.4,0.4,0.4,0.4,14800
03/08/2015,0.41,0.41,0.41,0.41,0.41,4000
04/08/2015,0.4,0.4,0.4,0.4,0.4,32000
05/08/2015,0.4,0.4,0.39,0.4,0.4,20400
06/08/2015,0.4,0.4,0.4,0.4,0.4,1200
07/08/2015,0.4,0.4,0.4,0.4,0.4,0
10/08/2015,0.4,0.41,0.4,0.41,0.41,3200
11/08/2015,0.41,0.41,0.4,0.4,0.4,8000
12/08/2015,0.39,0.39,0.39,0.39,0.39,800
13/08/2015,0.39,0.41,0.39,0.41,0.41,40400
14/08/2015,0.39,0.39,0.38,0.39,0.39,62400
17/08/2015,0.39,0.47,0.39,0.43,0.43,20400
18/08/2015,0.42,0.43,0.42,0.43,0.43,26800
19/08/2015,0.38,0.4,0.38,0.4,0.4,52000
20/08/2015,0.4,0.47,0.38,0.43,0.43,25200
21/08/2015,0.38,0.42,0.37,0.41,0.41,61200
24/08/2015,0.38,0.42,0.37,0.39,0.39,126800
25/08/2015,0.38,0.39,0.38,0.39,0.39,54800
26/08/2015,0.37,0.38,0.37,0.38,0.38,42400
27/08/2015,0.38,0.4,0.38,0.4,0.4,152800
28/08/2015,0.4,0.41,0.4,0.41,0.41,23200
31/08/2015,0.41,0.41,0.39,0.41,0.41,26000
01/09/2015,0.38,0.4,0.37,0.4,0.4,56000
02/09/2015,0.4,0.4,0.4,0.4,0.4,0
03/09/2015,0.37,0.4,0.37,0.4,0.4,15200
04/09/2015,0.4,0.4,0.4,0.4,0.4,400
08/09/2015,0.38,0.38,0.38,0.38,0.38,3600
09/09/2015,0.38,0.4,0.38,0.38,0.38,31600
10/09/2015,0.38,0.4,0.38,0.4,0.4,47600
11/09/2015,0.4,0.4,0.37,0.38,0.38,23600
14/09/2015,0.38,0.38,0.37,0.38,0.38,49600
15/09/2015,0.38,0.38,0.38,0.38,0.38,19600
16/09/2015,0.37,0.4,0.37,0.38,0.38,118800
17/09/2015,0.38,0.4,0.38,0.39,0.39,58800
18/09/2015,0.38,0.39,0.38,0.39,0.39,33600
21/09/2015,0.38,0.38,0.38,0.38,0.38,16400
22/09/2015,0.38,0.38,0.37,0.37,0.37,17200
23/09/2015,0.38,0.39,0.38,0.38,0.38,73200
24/09/2015,0.38,0.39,0.34,0.37,0.37,116400
25/09/2015,0.36,0.43,0.35,0.4,0.4,41600
28/09/2015,0.39,0.39,0.37,0.39,0.39,176800
29/09/2015,0.34,0.4,0.34,0.38,0.38,23200
30/09/2015,0.38,0.38,0.36,0.38,0.38,93200
01/10/2015,0.36,0.39,0.36,0.39,0.39,240400
02/10/2015,0.39,0.39,0.39,0.39,0.39,38000
05/10/2015,0.39,0.39,0.39,0.39,0.39,35200
06/10/2015,0.39,0.39,0.39,0.39,0.39,6800
07/10/2015,0.4,0.4,0.36,0.39,0.39,46000
08/10/2015,0.37,0.37,0.37,0.37,0.37,8000
09/10/2015,0.36,0.37,0.36,0.37,0.37,106000
12/10/2015,0.38,0.38,0.37,0.37,0.37,40800
13/10/2015,0.37,0.37,0.37,0.37,0.37,114400
14/10/2015,0.37,0.37,0.35,0.37,0.37,126000
15/10/2015,0.37,0.38,0.36,0.36,0.36,37600
16/10/2015,0.36,0.36,0.36,0.36,0.36,50000
19/10/2015,0.35,0.35,0.35,0.35,0.35,58000
20/10/2015,0.35,0.38,0.34,0.37,0.37,23600
21/10/2015,0.37,0.38,0.34,0.35,0.35,81600
22/10/2015,0.4,0.4,0.36,0.4,0.4,6400
23/10/2015,0.36,0.36,0.34,0.35,0.35,58400
26/10/2015,0.35,0.36,0.34,0.34,0.34,38800
27/10/2015,0.34,0.34,0.34,0.34,0.34,29200
28/10/2015,0.34,0.34,0.34,0.34,0.34,9200
29/10/2015,0.35,0.35,0.34,0.34,0.34,50400
30/10/2015,0.34,0.35,0.34,0.35,0.35,10000
02/11/2015,0.34,0.35,0.34,0.35,0.35,30400
03/11/2015,0.35,0.36,0.35,0.36,0.36,28800
04/11/2015,0.35,0.35,0.33,0.35,0.35,63200
05/11/2015,0.35,0.35,0.34,0.35,0.35,40800
06/11/2015,0.36,0.36,0.36,0.36,0.36,33200
09/11/2015,0.36,0.37,0.33,0.37,0.37,58800
10/11/2015,0.36,0.37,0.36,0.37,0.37,13600
11/11/2015,0.37,0.37,0.36,0.36,0.36,19200
12/11/2015,0.37,0.38,0.37,0.38,0.38,90400
13/11/2015,0.38,0.46,0.38,0.44,0.44,102400
16/11/2015,0.45,0.46,0.41,0.41,0.41,11600
17/11/2015,0.43,0.43,0.41,0.43,0.43,12800
18/11/2015,0.43,0.43,0.41,0.41,0.41,56800
19/11/2015,0.41,0.41,0.39,0.39,0.39,59600
20/11/2015,0.39,0.41,0.39,0.41,0.41,71200
23/11/2015,0.41,0.43,0.39,0.39,0.39,22000
24/11/2015,0.41,0.41,0.41,0.41,0.41,30000
25/11/2015,0.41,0.43,0.41,0.42,0.42,22400
27/11/2015,0.41,0.43,0.41,0.41,0.41,21200
30/11/2015,0.39,0.45,0.38,0.45,0.45,81600
01/12/2015,0.41,0.47,0.41,0.47,0.47,15200
02/12/2015,0.41,0.47,0.41,0.47,0.47,16800
03/12/2015,0.47,0.49,0.47,0.47,0.47,29200
04/12/2015,0.45,0.47,0.45,0.47,0.47,13200
07/12/2015,0.47,0.47,0.44,0.46,0.46,23600
08/12/2015,0.46,0.47,0.42,0.47,0.47,20400
09/12/2015,0.47,0.47,0.45,0.45,0.45,13600
10/12/2015,0.44,0.46,0.42,0.43,0.43,28800
11/12/2015,0.43,0.43,0.37,0.38,0.38,37200
14/12/2015,0.43,0.46,0.41,0.41,0.41,32000
15/12/2015,0.41,0.41,0.35,0.36,0.36,45600
16/12/2015,0.39,0.39,0.35,0.37,0.37,25200
17/12/2015,0.38,0.39,0.38,0.39,0.39,10000
18/12/2015,0.36,0.41,0.36,0.38,0.38,7600
21/12/2015,0.41,0.41,0.4,0.4,0.4,7600
22/12/2015,0.4,0.4,0.34,0.35,0.35,302800
23/12/2015,0.38,0.38,0.38,0.38,0.38,6800
24/12/2015,0.41,0.41,0.41,0.41,0.41,6800
28/12/2015,0.4,0.4,0.38,0.39,0.39,8800
29/12/2015,0.39,0.41,0.39,0.41,0.41,12400
30/12/2015,0.41,0.43,0.4,0.43,0.43,8000
31/12/2015,0.41,0.43,0.4,0.4,0.4,12800
04/01/2016,0.43,0.43,0.38,0.38,0.38,29200
05/01/2016,0.38,0.38,0.38,0.38,0.38,0
06/01/2016,0.35,0.39,0.35,0.39,0.39,38000
07/01/2016,0.37,0.38,0.34,0.36,0.36,57200
08/01/2016,0.37,0.39,0.34,0.35,0.35,26000
11/01/2016,0.32,0.39,0.32,0.35,0.35,19600
12/01/2016,0.35,0.35,0.34,0.35,0.35,29600
13/01/2016,0.34,0.34,0.32,0.33,0.33,33200
14/01/2016,0.32,0.32,0.32,0.32,0.32,10000
15/01/2016,0.32,0.39,0.31,0.32,0.32,70400
19/01/2016,0.32,0.33,0.32,0.32,0.32,26400
20/01/2016,0.32,0.34,0.31,0.34,0.34,29200
21/01/2016,0.32,0.33,0.32,0.33,0.33,9600
22/01/2016,0.33,0.33,0.31,0.31,0.31,5600
25/01/2016,0.3,0.32,0.3,0.32,0.32,29200
26/01/2016,0.31,0.32,0.31,0.32,0.32,16000
27/01/2016,0.31,0.31,0.31,0.31,0.31,31200
28/01/2016,0.32,0.33,0.31,0.33,0.33,31200
29/01/2016,0.33,0.33,0.33,0.33,0.33,0
01/02/2016,0.32,0.33,0.31,0.33,0.33,8000
02/02/2016,0.31,0.31,0.31,0.31,0.31,1600
03/02/2016,0.29,0.29,0.29,0.29,0.29,6400
04/02/2016,0.29,0.29,0.28,0.29,0.29,99200
05/02/2016,0.28,0.29,0.26,0.28,0.28,94000
08/02/2016,0.28,0.28,0.27,0.27,0.27,11200
09/02/2016,0.27,0.28,0.26,0.27,0.27,23600
10/02/2016,0.26,0.28,0.26,0.28,0.28,36800
11/02/2016,0.27,0.27,0.26,0.27,0.27,120800
12/02/2016,0.27,0.27,0.27,0.27,0.27,2000
16/02/2016,0.29,0.29,0.28,0.28,0.28,4400
17/02/2016,0.29,0.3,0.28,0.29,0.29,12400
18/02/2016,0.28,0.28,0.28,0.28,0.28,6800
19/02/2016,0.28,0.28,0.27,0.28,0.28,17600
22/02/2016,0.28,0.28,0.26,0.26,0.26,150800
23/02/2016,0.26,0.27,0.25,0.26,0.26,155200
24/02/2016,0.26,0.26,0.25,0.26,0.26,63200
25/02/2016,0.26,0.29,0.26,0.29,0.29,13600
26/02/2016,0.28,0.29,0.28,0.29,0.29,14800
29/02/2016,0.29,0.31,0.29,0.3,0.3,44400
01/03/2016,0.3,0.3,0.3,0.3,0.3,0
02/03/2016,0.3,0.3,0.3,0.3,0.3,0
03/03/2016,0.31,0.31,0.3,0.3,0.3,29600
04/03/2016,0.3,0.31,0.3,0.31,0.31,30400
07/03/2016,0.31,0.31,0.31,0.31,0.31,1600
08/03/2016,0.31,0.31,0.31,0.31,0.31,0
09/03/2016,0.31,0.31,0.31,0.31,0.31,8000
10/03/2016,0.31,0.32,0.31,0.31,0.31,39200
11/03/2016,0.31,0.31,0.3,0.3,0.3,20000
14/03/2016,0.29,0.3,0.29,0.29,0.29,3200
15/03/2016,0.29,0.29,0.29,0.29,0.29,19600
16/03/2016,0.29,0.29,0.26,0.29,0.29,18000
17/03/2016,0.29,0.29,0.29,0.29,0.29,0
18/03/2016,0.26,0.27,0.26,0.27,0.27,30000
21/03/2016,0.27,0.27,0.27,0.27,0.27,0
22/03/2016,0.27,0.27,0.26,0.26,0.26,8000
23/03/2016,0.26,0.26,0.26,0.26,0.26,0
24/03/2016,0.27,0.27,0.27,0.27,0.27,36000
28/03/2016,0.27,0.27,0.27,0.27,0.27,40000
29/03/2016,0.27,0.27,0.27,0.27,0.27,4000
30/03/2016,0.27,0.27,0.27,0.27,0.27,1200
31/03/2016,0.28,0.28,0.28,0.28,0.28,10000
01/04/2016,0.28,0.28,0.28,0.28,0.28,2400
04/04/2016,0.28,0.28,0.28,0.28,0.28,0
05/04/2016,0.26,0.26,0.26,0.26,0.26,1200
06/04/2016,0.26,0.26,0.26,0.26,0.26,8000
07/04/2016,0.26,0.27,0.26,0.27,0.27,3200
08/04/2016,0.27,0.27,0.25,0.26,0.26,16800
11/04/2016,0.26,0.26,0.26,0.26,0.26,1200
12/04/2016,0.26,0.26,0.25,0.26,0.26,72800
13/04/2016,0.26,0.26,0.25,0.25,0.25,110400
14/04/2016,0.25,0.25,0.25,0.25,0.25,39600
15/04/2016,0.25,0.25,0.25,0.25,0.25,114800
18/04/2016,0.25,0.25,0.25,0.25,0.25,0
19/04/2016,0.25,0.25,0.25,0.25,0.25,4400
20/04/2016,0.26,0.26,0.25,0.25,0.25,12000
21/04/2016,0.26,0.26,0.26,0.26,0.26,28000
22/04/2016,0.28,0.28,0.28,0.28,0.28,2000
25/04/2016,0.26,0.3,0.26,0.27,0.27,22400
26/04/2016,0.27,0.29,0.27,0.27,0.27,5200
27/04/2016,0.27,0.27,0.27,0.27,0.27,3600
28/04/2016,0.28,0.28,0.28,0.28,0.28,2000
29/04/2016,0.28,0.28,0.28,0.28,0.28,55200
02/05/2016,0.28,0.28,0.28,0.28,0.28,0
03/05/2016,0.28,0.31,0.28,0.29,0.29,17200
04/05/2016,0.3,0.32,0.3,0.32,0.32,32400
05/05/2016,0.32,0.32,0.32,0.32,0.32,46800
06/05/2016,0.32,0.37,0.32,0.37,0.37,32800
09/05/2016,0.36,0.36,0.33,0.35,0.35,28000
10/05/2016,0.35,0.35,0.32,0.32,0.32,16400
11/05/2016,0.32,0.34,0.32,0.32,0.32,7600
12/05/2016,0.32,0.32,0.32,0.32,0.32,0
13/05/2016,0.32,0.36,0.32,0.35,0.35,44000
16/05/2016,0.35,0.35,0.34,0.35,0.35,114000
17/05/2016,0.37,0.41,0.35,0.36,0.36,226800
18/05/2016,0.36,0.38,0.32,0.36,0.36,83200
19/05/2016,0.34,0.35,0.34,0.35,0.35,40000
20/05/2016,0.35,0.39,0.35,0.39,0.39,140400
23/05/2016,0.39,0.39,0.37,0.37,0.37,16000
24/05/2016,0.35,0.36,0.34,0.35,0.35,106800
25/05/2016,0.37,0.37,0.35,0.37,0.37,31600
26/05/2016,0.36,0.36,0.35,0.35,0.35,9200
27/05/2016,0.35,0.37,0.35,0.37,0.37,17600
31/05/2016,0.37,0.37,0.37,0.37,0.37,400
01/06/2016,0.36,0.36,0.36,0.36,0.36,8000
02/06/2016,0.37,0.56,0.36,0.37,0.37,127200
03/06/2016,0.36,0.37,0.36,0.37,0.37,2400
06/06/2016,0.37,0.39,0.37,0.39,0.39,8000
07/06/2016,0.37,0.38,0.37,0.38,0.38,11200
08/06/2016,0.39,0.39,0.38,0.38,0.38,18400
09/06/2016,0.38,0.39,0.38,0.38,0.38,42800
10/06/2016,0.38,0.38,0.38,0.38,0.38,191600
13/06/2016,0.38,0.39,0.38,0.38,0.38,177200
14/06/2016,0.37,0.37,0.37,0.37,0.37,1600
15/06/2016,0.37,0.38,0.37,0.37,0.37,110800
16/06/2016,0.38,0.38,0.37,0.37,0.37,205200
17/06/2016,0.37,0.37,0.37,0.37,0.37,237600
20/06/2016,0.37,0.37,0.37,0.37,0.37,22400
21/06/2016,0.37,0.37,0.34,0.35,0.35,99200
22/06/2016,0.34,0.34,0.3,0.31,0.31,61600
23/06/2016,0.33,0.36,0.33,0.36,0.36,30000
24/06/2016,0.35,0.35,0.35,0.35,0.35,9200
27/06/2016,0.35,0.35,0.35,0.35,0.35,0
28/06/2016,0.34,0.36,0.34,0.35,0.35,62400
29/06/2016,0.35,0.37,0.33,0.33,0.33,323200
30/06/2016,0.34,0.37,0.34,0.35,0.35,120000
01/07/2016,0.34,0.35,0.34,0.35,0.35,16000
05/07/2016,0.34,0.34,0.34,0.34,0.34,1600
06/07/2016,0.37,0.37,0.34,0.37,0.37,46800
07/07/2016,0.36,0.36,0.35,0.35,0.35,12000
08/07/2016,0.35,0.35,0.34,0.35,0.35,18000
11/07/2016,0.35,0.35,0.35,0.35,0.35,13600
12/07/2016,0.34,0.36,0.34,0.35,0.35,17200
13/07/2016,0.35,0.35,0.35,0.35,0.35,6000
14/07/2016,0.35,0.37,0.35,0.36,0.36,48400
15/07/2016,0.36,0.37,0.34,0.36,0.36,246000
18/07/2016,0.34,0.35,0.34,0.35,0.35,57200
19/07/2016,0.35,0.36,0.35,0.36,0.36,43600
20/07/2016,0.37,0.37,0.36,0.36,0.36,24400
21/07/2016,0.36,0.36,0.34,0.34,0.34,504400
22/07/2016,0.34,0.35,0.34,0.35,0.35,111200
25/07/2016,0.34,0.37,0.34,0.34,0.34,562800
26/07/2016,0.35,0.35,0.34,0.34,0.34,2400
27/07/2016,0.35,0.35,0.34,0.34,0.34,447600
28/07/2016,0.34,0.34,0.34,0.34,0.34,0
29/07/2016,0.34,0.36,0.34,0.34,0.34,74400
01/08/2016,0.35,0.35,0.34,0.34,0.34,67600
02/08/2016,0.34,0.34,0.34,0.34,0.34,316400
03/08/2016,0.34,0.35,0.34,0.35,0.35,32000
04/08/2016,0.34,0.35,0.34,0.35,0.35,59600
05/08/2016,0.35,0.35,0.34,0.35,0.35,50800
08/08/2016,0.35,0.35,0.34,0.34,0.34,172000
09/08/2016,0.34,0.36,0.34,0.35,0.35,13200
10/08/2016,0.35,0.35,0.34,0.34,0.34,56400
11/08/2016,0.35,0.37,0.35,0.36,0.36,120400
12/08/2016,0.35,0.36,0.35,0.35,0.35,85200
15/08/2016,0.36,0.36,0.35,0.35,0.35,65200
16/08/2016,0.4,0.45,0.39,0.44,0.44,326400
17/08/2016,0.44,0.46,0.43,0.46,0.46,318000
18/08/2016,0.46,0.47,0.45,0.46,0.46,186000
19/08/2016,0.46,0.46,0.43,0.44,0.44,33200
22/08/2016,0.44,0.44,0.4,0.44,0.44,118000
23/08/2016,0.43,0.43,0.42,0.43,0.43,46800
24/08/2016,0.43,0.44,0.43,0.44,0.44,100800
25/08/2016,0.44,0.44,0.43,0.44,0.44,28400
26/08/2016,0.43,0.44,0.43,0.43,0.43,93200
29/08/2016,0.43,0.45,0.43,0.45,0.45,264000
30/08/2016,0.46,0.46,0.43,0.45,0.45,97200
31/08/2016,0.45,0.46,0.45,0.46,0.46,148000
01/09/2016,0.46,0.47,0.46,0.46,0.46,282400
02/09/2016,0.46,0.47,0.46,0.47,0.47,78000
06/09/2016,0.47,0.48,0.47,0.47,0.47,42000
07/09/2016,0.47,0.47,0.46,0.47,0.47,60800
08/09/2016,0.47,0.47,0.46,0.46,0.46,16400
09/09/2016,0.47,0.48,0.46,0.47,0.47,239200
12/09/2016,0.47,0.47,0.47,0.47,0.47,6800
13/09/2016,0.47,0.47,0.46,0.46,0.46,30400
14/09/2016,0.46,0.47,0.46,0.46,0.46,12000
15/09/2016,0.46,0.47,0.46,0.47,0.47,5200
16/09/2016,0.46,0.47,0.46,0.47,0.47,66000
19/09/2016,0.48,0.48,0.47,0.47,0.47,49600
20/09/2016,0.47,0.48,0.47,0.47,0.47,20000
21/09/2016,0.47,0.47,0.46,0.47,0.47,54000
22/09/2016,0.47,0.47,0.46,0.47,0.47,15600
23/09/2016,0.48,0.48,0.47,0.48,0.48,12400
26/09/2016,0.47,0.47,0.47,0.47,0.47,33200
27/09/2016,0.47,0.48,0.47,0.47,0.47,61600
28/09/2016,0.47,0.47,0.44,0.47,0.47,147600
29/09/2016,0.47,0.47,0.47,0.47,0.47,85200
30/09/2016,0.45,0.47,0.45,0.47,0.47,5600
03/10/2016,0.46,0.47,0.46,0.47,0.47,8400
04/10/2016,0.47,0.47,0.45,0.47,0.47,36000
05/10/2016,0.47,0.47,0.46,0.46,0.46,29600
06/10/2016,0.46,0.46,0.46,0.46,0.46,8000
07/10/2016,0.46,0.46,0.46,0.46,0.46,4800
10/10/2016,0.46,0.46,0.46,0.46,0.46,16000
11/10/2016,0.46,0.46,0.45,0.45,0.45,26000
12/10/2016,0.45,0.46,0.45,0.46,0.46,49200
13/10/2016,0.46,0.46,0.45,0.46,0.46,12800
14/10/2016,0.46,0.47,0.46,0.46,0.46,78800
17/10/2016,0.46,0.46,0.45,0.46,0.46,14800
18/10/2016,0.46,0.46,0.45,0.46,0.46,68000
19/10/2016,0.46,0.46,0.45,0.45,0.45,30400
20/10/2016,0.44,0.46,0.44,0.46,0.46,12000
21/10/2016,0.46,0.47,0.46,0.47,0.47,12400
24/10/2016,0.47,0.47,0.46,0.46,0.46,4400
25/10/2016,0.47,0.47,0.47,0.47,0.47,6400
26/10/2016,0.47,0.47,0.45,0.45,0.45,2400
27/10/2016,0.45,0.45,0.45,0.45,0.45,130400
28/10/2016,0.43,0.45,0.43,0.44,0.44,12800
31/10/2016,0.44,0.46,0.44,0.45,0.45,200000
01/11/2016,0.45,0.45,0.45,0.45,0.45,2000
02/11/2016,0.45,0.46,0.43,0.44,0.44,59600
03/11/2016,0.44,0.44,0.44,0.44,0.44,66000
04/11/2016,0.44,0.44,0.44,0.44,0.44,6000
07/11/2016,0.44,0.44,0.44,0.44,0.44,86400
08/11/2016,0.38,0.39,0.29,0.3,0.3,1168000
09/11/2016,0.29,0.31,0.29,0.29,0.29,78400
10/11/2016,0.29,0.31,0.25,0.31,0.31,189200
11/11/2016,0.31,0.31,0.29,0.3,0.3,88000
14/11/2016,0.3,0.3,0.28,0.28,0.28,43600
15/11/2016,0.26,0.29,0.26,0.28,0.28,152400
16/11/2016,0.25,0.3,0.25,0.3,0.3,24400
17/11/2016,0.28,0.3,0.28,0.29,0.29,27200
18/11/2016,0.28,0.3,0.28,0.29,0.29,54000
21/11/2016,0.28,0.28,0.26,0.26,0.26,32400
22/11/2016,0.26,0.31,0.21,0.28,0.28,119200
23/11/2016,0.28,0.28,0.28,0.28,0.28,1600
25/11/2016,0.27,0.27,0.27,0.27,0.27,10800
28/11/2016,0.26,0.28,0.26,0.26,0.26,30800
29/11/2016,0.27,0.27,0.25,0.26,0.26,57200
30/11/2016,0.26,0.26,0.26,0.26,0.26,19600
01/12/2016,0.26,0.26,0.26,0.26,0.26,3200
02/12/2016,0.26,0.26,0.25,0.26,0.26,78800
05/12/2016,0.26,0.26,0.25,0.26,0.26,93600
06/12/2016,0.25,0.26,0.25,0.26,0.26,121200
07/12/2016,0.26,0.26,0.26,0.26,0.26,168800
08/12/2016,0.26,0.26,0.26,0.26,0.26,244800
09/12/2016,0.26,0.27,0.25,0.27,0.27,208400
12/12/2016,0.26,0.26,0.25,0.25,0.25,146800
13/12/2016,0.25,0.26,0.25,0.25,0.25,106400
14/12/2016,0.25,0.25,0.22,0.22,0.22,310400
15/12/2016,0.22,0.27,0.22,0.26,0.26,616000
16/12/2016,0.25,0.25,0.25,0.25,0.25,6400
19/12/2016,0.25,0.25,0.23,0.23,0.23,138400
20/12/2016,0.23,0.25,0.23,0.23,0.23,34800
21/12/2016,0.23,0.24,0.23,0.23,0.23,28800
22/12/2016,0.24,0.24,0.23,0.23,0.23,46000
23/12/2016,0.23,0.25,0.22,0.22,0.22,334400
27/12/2016,0.25,0.25,0.23,0.23,0.23,82000
28/12/2016,0.24,0.24,0.22,0.22,0.22,109200
29/12/2016,0.22,0.24,0.22,0.22,0.22,24800
30/12/2016,0.22,0.24,0.22,0.24,0.24,75200
03/01/2017,0.24,0.24,0.22,0.22,0.22,24400
04/01/2017,0.22,0.22,0.22,0.22,0.22,0
05/01/2017,0.22,0.22,0.22,0.22,0.22,22000
06/01/2017,0.22,0.22,0.22,0.22,0.22,3200
09/01/2017,0.22,0.22,0.22,0.22,0.22,20000
10/01/2017,0.22,0.22,0.22,0.22,0.22,43200
11/01/2017,0.22,0.22,0.22,0.22,0.22,12400
12/01/2017,0.22,0.22,0.22,0.22,0.22,33200
13/01/2017,0.22,0.22,0.22,0.22,0.22,124400
17/01/2017,0.22,0.22,0.22,0.22,0.22,40000
18/01/2017,0.22,0.22,0.22,0.22,0.22,12800
19/01/2017,0.22,0.22,0.22,0.22,0.22,114400
20/01/2017,0.21,0.21,0.21,0.21,0.21,43200
23/01/2017,0.21,0.21,0.21,0.21,0.21,2400
24/01/2017,0.21,0.21,0.21,0.21,0.21,0
25/01/2017,0.21,0.22,0.19,0.21,0.21,172800
26/01/2017,0.19,0.21,0.19,0.21,0.21,14000
27/01/2017,0.2,0.2,0.18,0.2,0.2,87200
30/01/2017,0.2,0.2,0.18,0.18,0.18,66800
31/01/2017,0.19,0.19,0.19,0.19,0.19,12000
01/02/2017,0.19,0.19,0.19,0.19,0.19,16400
02/02/2017,0.19,0.19,0.18,0.19,0.19,124400
03/02/2017,0.19,0.19,0.19,0.19,0.19,66800
06/02/2017,0.18,0.18,0.16,0.18,0.18,130800
07/02/2017,0.18,0.18,0.17,0.17,0.17,185200
08/02/2017,0.17,0.17,0.16,0.16,0.16,455600
09/02/2017,0.15,0.16,0.15,0.15,0.15,97600
10/02/2017,0.15,0.17,0.15,0.17,0.17,25600
13/02/2017,0.16,0.16,0.16,0.16,0.16,3600
14/02/2017,0.17,0.17,0.15,0.15,0.15,7200
15/02/2017,0.15,0.16,0.15,0.15,0.15,5200
16/02/2017,0.16,0.16,0.16,0.16,0.16,800
17/02/2017,0.16,0.16,0.16,0.16,0.16,0
21/02/2017,0.16,0.16,0.15,0.15,0.15,62400
22/02/2017,0.15,0.15,0.15,0.15,0.15,4000
23/02/2017,0.15,0.16,0.15,0.15,0.15,32800
24/02/2017,0.17,0.18,0.16,0.17,0.17,135200
27/02/2017,0.17,0.17,0.16,0.16,0.16,551600
28/02/2017,0.16,0.18,0.16,0.16,0.16,234800
01/03/2017,0.16,0.18,0.16,0.17,0.17,239200
02/03/2017,0.17,0.17,0.16,0.16,0.16,73200
03/03/2017,0.17,0.17,0.17,0.17,0.17,18400
06/03/2017,0.16,0.17,0.16,0.17,0.17,35200
07/03/2017,0.16,0.17,0.16,0.17,0.17,473200
08/03/2017,0.17,0.17,0.17,0.17,0.17,0
09/03/2017,0.17,0.17,0.17,0.17,0.17,5600
10/03/2017,0.17,0.17,0.16,0.16,0.16,17200
13/03/2017,0.17,0.17,0.16,0.16,0.16,7200
14/03/2017,0.16,0.16,0.16,0.16,0.16,12800
15/03/2017,0.16,0.16,0.16,0.16,0.16,24400
16/03/2017,0.16,0.16,0.16,0.16,0.16,800
17/03/2017,0.16,0.16,0.16,0.16,0.16,4000
20/03/2017,0.16,0.16,0.16,0.16,0.16,1200
21/03/2017,0.16,0.16,0.15,0.16,0.16,12400
22/03/2017,0.15,0.15,0.15,0.15,0.15,10400
23/03/2017,0.15,0.15,0.15,0.15,0.15,5600
24/03/2017,0.15,0.15,0.15,0.15,0.15,8000
27/03/2017,0.15,0.16,0.15,0.15,0.15,41200
28/03/2017,0.16,0.17,0.16,0.16,0.16,404800
29/03/2017,0.16,0.16,0.15,0.15,0.15,2800
30/03/2017,0.15,0.15,0.15,0.15,0.15,0
31/03/2017,0.15,0.15,0.15,0.15,0.15,16400
03/04/2017,0.16,0.16,0.16,0.16,0.16,11200
04/04/2017,0.16,0.16,0.16,0.16,0.16,0
05/04/2017,0.16,0.16,0.09,0.12,0.12,475200
06/04/2017,0.12,0.15,0.12,0.15,0.15,50800
07/04/2017,0.15,0.15,0.15,0.15,0.15,0
10/04/2017,0.15,0.15,0.14,0.14,0.14,3600
11/04/2017,0.14,0.15,0.14,0.14,0.14,18800
12/04/2017,0.14,0.14,0.14,0.14,0.14,0
13/04/2017,0.14,0.14,0.14,0.14,0.14,4000
17/04/2017,0.14,0.14,0.14,0.14,0.14,8000
18/04/2017,0.14,0.16,0.14,0.16,0.16,192000
19/04/2017,0.16,0.16,0.16,0.16,0.16,58000
20/04/2017,0.16,0.16,0.16,0.16,0.16,4800
21/04/2017,0.16,0.16,0.16,0.16,0.16,0
24/04/2017,0.16,0.16,0.09,0.16,0.16,49200
25/04/2017,0.14,0.16,0.14,0.16,0.16,28000
26/04/2017,0.15,0.16,0.14,0.16,0.16,34400
27/04/2017,0.16,0.16,0.16,0.16,0.16,0
28/04/2017,0.16,0.16,0.16,0.16,0.16,0
01/05/2017,0.16,0.16,0.16,0.16,0.16,16400
02/05/2017,0.16,0.16,0.16,0.16,0.16,254000
03/05/2017,0.16,0.16,0.16,0.16,0.16,0
04/05/2017,0.16,0.16,0.15,0.15,0.15,12000
05/05/2017,0.15,0.17,0.15,0.17,0.17,45200
08/05/2017,0.16,0.16,0.16,0.16,0.16,2400
09/05/2017,0.16,0.16,0.16,0.16,0.16,13200
10/05/2017,0.16,0.16,0.14,0.16,0.16,80800
11/05/2017,0.15,0.16,0.15,0.15,0.15,26000
12/05/2017,0.15,0.15,0.14,0.14,0.14,39200
15/05/2017,0.15,0.16,0.15,0.15,0.15,18800
16/05/2017,0.16,0.16,0.16,0.16,0.16,32800
17/05/2017,0.14,0.16,0.14,0.15,0.15,38800
18/05/2017,0.15,0.15,0.14,0.15,0.15,56800
19/05/2017,0.16,0.16,0.13,0.16,0.16,69600
22/05/2017,0.15,0.16,0.14,0.15,0.15,54400
23/05/2017,0.15,0.15,0.15,0.15,0.15,0
24/05/2017,0.14,0.14,0.13,0.14,0.14,72000
25/05/2017,0.14,0.14,0.13,0.14,0.14,41200
26/05/2017,0.14,0.14,0.14,0.14,0.14,18000
30/05/2017,0.14,0.14,0.13,0.13,0.13,20000
31/05/2017,0.13,0.14,0.13,0.14,0.14,13600
01/06/2017,0.14,0.14,0.13,0.14,0.14,52000
02/06/2017,0.13,0.14,0.13,0.13,0.13,16000
05/06/2017,0.13,0.13,0.13,0.13,0.13,30400
06/06/2017,0.13,0.14,0.13,0.13,0.13,20400
07/06/2017,0.13,0.14,0.13,0.14,0.14,26000
08/06/2017,0.14,0.14,0.12,0.13,0.13,69600
09/06/2017,0.13,0.14,0.13,0.13,0.13,125200
12/06/2017,0.14,0.14,0.13,0.13,0.13,8400
13/06/2017,0.13,0.14,0.13,0.13,0.13,85200
14/06/2017,0.13,0.14,0.13,0.14,0.14,32800
15/06/2017,0.13,0.13,0.13,0.13,0.13,4000
16/06/2017,0.12,0.14,0.12,0.14,0.14,45200
19/06/2017,0.14,0.14,0.12,0.12,0.12,47200
20/06/2017,0.12,0.13,0.12,0.12,0.12,661600
21/06/2017,0.11,0.12,0.11,0.12,0.12,24000
22/06/2017,0.12,0.12,0.12,0.12,0.12,14800
23/06/2017,0.13,0.13,0.13,0.13,0.13,8000
26/06/2017,0.12,0.13,0.12,0.13,0.13,84000
27/06/2017,0.13,0.13,0.13,0.13,0.13,4000
28/06/2017,0.13,0.13,0.12,0.12,0.12,20000
29/06/2017,0.13,0.13,0.13,0.13,0.13,4000
30/06/2017,0.13,0.13,0.13,0.13,0.13,16000
03/07/2017,0.13,0.13,0.12,0.13,0.13,45200
05/07/2017,0.13,0.13,0.13,0.13,0.13,4000
06/07/2017,0.12,0.13,0.12,0.13,0.13,130000
07/07/2017,0.12,0.13,0.12,0.13,0.13,28000
10/07/2017,0.13,0.13,0.12,0.12,0.12,24000
11/07/2017,0.13,0.13,0.11,0.12,0.12,21600
12/07/2017,0.12,0.13,0.12,0.13,0.13,10400
13/07/2017,0.13,0.13,0.13,0.13,0.13,0
14/07/2017,0.12,0.12,0.12,0.12,0.12,38000
17/07/2017,0.12,0.12,0.12,0.12,0.12,6800
18/07/2017,0.11,0.11,0.11,0.11,0.11,21200
19/07/2017,0.12,0.13,0.12,0.13,0.13,14800
20/07/2017,0.12,0.13,0.12,0.12,0.12,28000
21/07/2017,0.12,0.12,0.12,0.12,0.12,0
24/07/2017,0.12,0.12,0.11,0.11,0.11,41200
25/07/2017,0.11,0.11,0.11,0.11,0.11,78000
26/07/2017,0.12,0.12,0.12,0.12,0.12,1600
27/07/2017,0.12,0.12,0.12,0.12,0.12,105600
28/07/2017,0.12,0.12,0.12,0.12,0.12,12000
31/07/2017,0.12,0.12,0.12,0.12,0.12,48000
01/08/2017,0.12,0.12,0.12,0.12,0.12,31200
02/08/2017,0.12,0.12,0.12,0.12,0.12,6400
03/08/2017,0.12,0.12,0.12,0.12,0.12,32000
04/08/2017,0.12,0.12,0.12,0.12,0.12,92400
07/08/2017,0.12,0.12,0.12,0.12,0.12,45200
08/08/2017,0.11,0.12,0.11,0.11,0.11,248000
09/08/2017,0.11,0.11,0.11,0.11,0.11,10000
10/08/2017,0.11,0.12,0.11,0.12,0.12,91600
11/08/2017,0.11,0.12,0.11,0.12,0.12,36800
14/08/2017,0.12,0.12,0.12,0.12,0.12,0
15/08/2017,0.12,0.12,0.1,0.1,0.1,297200
16/08/2017,0.1,0.1,0.08,0.09,0.09,976000
17/08/2017,0.09,0.09,0.08,0.09,0.09,114800
18/08/2017,0.08,0.09,0.08,0.09,0.09,85600
21/08/2017,0.09,0.1,0.09,0.1,0.1,56000
22/08/2017,0.09,0.09,0.09,0.09,0.09,7200
23/08/2017,0.1,0.1,0.09,0.1,0.1,39200
24/08/2017,0.09,0.09,0.09,0.09,0.09,26000
25/08/2017,0.08,0.09,0.05,0.08,0.08,1990800
28/08/2017,0.07,0.09,0.07,0.08,0.08,68400
29/08/2017,0.08,0.08,0.07,0.08,0.08,72400
30/08/2017,0.08,0.09,0.08,0.08,0.08,46000
31/08/2017,0.08,0.08,0.08,0.08,0.08,181200
01/09/2017,0.08,0.08,0.08,0.08,0.08,69200
05/09/2017,0.08,0.08,0.08,0.08,0.08,10800
06/09/2017,0.08,0.08,0.08,0.08,0.08,79600
07/09/2017,0.08,0.08,0.08,0.08,0.08,23600
08/09/2017,0.06,0.08,0.06,0.08,0.08,12800
11/09/2017,0.08,0.08,0.08,0.08,0.08,47200
12/09/2017,0.08,0.08,0.08,0.08,0.08,20000
13/09/2017,0.08,0.08,0.08,0.08,0.08,130000
14/09/2017,0.08,0.08,0.08,0.08,0.08,131600
15/09/2017,0.08,0.08,0.08,0.08,0.08,211600
18/09/2017,0.08,0.08,0.08,0.08,0.08,12400
19/09/2017,0.08,0.08,0.08,0.08,0.08,161600
20/09/2017,0.08,0.08,0.08,0.08,0.08,4000
21/09/2017,0.08,0.08,0.08,0.08,0.08,163600
22/09/2017,0.08,0.08,0.08,0.08,0.08,178400
25/09/2017,0.08,0.08,0.08,0.08,0.08,72800
26/09/2017,0.08,0.08,0.08,0.08,0.08,7200
27/09/2017,0.08,0.08,0.08,0.08,0.08,1600
28/09/2017,0.08,0.08,0.08,0.08,0.08,84000
29/09/2017,0.08,0.09,0.08,0.09,0.09,412000
02/10/2017,0.09,0.09,0.08,0.08,0.08,69200
03/10/2017,0.09,0.1,0.09,0.1,0.1,68000
04/10/2017,0.09,0.09,0.09,0.09,0.09,250400
05/10/2017,0.08,0.08,0.08,0.08,0.08,80000
06/10/2017,0.08,0.08,0.08,0.08,0.08,75200
09/10/2017,0.08,0.08,0.08,0.08,0.08,21200
10/10/2017,0.09,0.09,0.08,0.08,0.08,103200
11/10/2017,0.08,0.08,0.08,0.08,0.08,28000
12/10/2017,0.08,0.08,0.08,0.08,0.08,3200
13/10/2017,0.08,0.08,0.08,0.08,0.08,58000
16/10/2017,0.08,0.08,0.08,0.08,0.08,4000
17/10/2017,0.08,0.08,0.08,0.08,0.08,0
18/10/2017,0.08,0.09,0.08,0.09,0.09,29600
19/10/2017,0.09,0.09,0.09,0.09,0.09,0
20/10/2017,0.09,0.09,0.09,0.09,0.09,0
23/10/2017,0.09,0.11,0.09,0.11,0.11,30000
24/10/2017,0.11,0.11,0.11,0.11,0.11,0
25/10/2017,0.1,0.1,0.1,0.1,0.1,11600
26/10/2017,0.1,0.1,0.1,0.1,0.1,9200
27/10/2017,0.1,0.1,0.1,0.1,0.1,0
30/10/2017,0.1,0.1,0.1,0.1,0.1,0
31/10/2017,0.09,0.1,0.09,0.1,0.1,48400
01/11/2017,0.09,0.09,0.09,0.09,0.09,10000
02/11/2017,0.09,0.09,0.07,0.07,0.07,84000
03/11/2017,0.07,0.07,0.06,0.07,0.07,44000
06/11/2017,0.07,0.08,0.06,0.08,0.08,380800
07/11/2017,0.08,0.08,0.08,0.08,0.08,0
08/11/2017,0.08,0.08,0.07,0.07,0.07,45200
09/11/2017,0.07,0.08,0.07,0.08,0.08,31600
10/11/2017,0.08,0.08,0.06,0.08,0.08,4000
13/11/2017,0.08,0.08,0.07,0.08,0.08,27600
14/11/2017,0.08,0.08,0.08,0.08,0.08,22000
15/11/2017,0.06,0.06,0.05,0.06,0.06,54000
16/11/2017,0.06,0.06,0.05,0.05,0.05,115200
17/11/2017,0.06,0.06,0.06,0.06,0.06,53200
20/11/2017,0.06,0.06,0.06,0.06,0.06,52400
21/11/2017,0.06,0.06,0.05,0.05,0.05,103200
22/11/2017,0.06,0.06,0.05,0.05,0.05,150000
24/11/2017,0.06,0.06,0.06,0.06,0.06,54000
27/11/2017,0.06,0.06,0.06,0.06,0.06,33200
28/11/2017,0.07,0.07,0.06,0.07,0.07,52000
29/11/2017,0.08,0.08,0.06,0.07,0.07,67200
30/11/2017,0.07,0.07,0.07,0.07,0.07,0
01/12/2017,0.08,0.08,0.07,0.07,0.07,31200
04/12/2017,0.07,0.07,0.07,0.07,0.07,20000
05/12/2017,0.07,0.07,0.06,0.06,0.06,5600
06/12/2017,0.07,0.07,0.07,0.07,0.07,20800
07/12/2017,0.07,0.07,0.07,0.07,0.07,2000
08/12/2017,0.07,0.07,0.07,0.07,0.07,0
11/12/2017,0.07,0.08,0.07,0.08,0.08,35600
12/12/2017,0.06,0.08,0.06,0.07,0.07,13600
13/12/2017,0.08,0.08,0.06,0.06,0.06,28400
14/12/2017,0.07,0.08,0.07,0.07,0.07,35600
15/12/2017,0.07,0.07,0.07,0.07,0.07,3200
18/12/2017,0.07,0.07,0.07,0.07,0.07,5600
19/12/2017,0.07,0.07,0.07,0.07,0.07,26000
20/12/2017,0.06,0.07,0.05,0.06,0.06,308000
21/12/2017,0.06,0.06,0.06,0.06,0.06,260400
22/12/2017,0.07,0.07,0.07,0.07,0.07,27600
26/12/2017,0.07,0.07,0.07,0.07,0.07,3200
27/12/2017,0.07,0.07,0.06,0.06,0.06,326800
28/12/2017,0.07,0.07,0.06,0.06,0.06,93600
29/12/2017,0.06,0.06,0.06,0.06,0.06,132800
02/01/2018,0.06,0.06,0.06,0.06,0.06,45600
03/01/2018,0.06,0.06,0.06,0.06,0.06,108400
04/01/2018,0.06,0.06,0.06,0.06,0.06,4000
05/01/2018,0.06,0.06,0.06,0.06,0.06,22000
08/01/2018,0.06,0.06,0.06,0.06,0.06,22000
09/01/2018,0.06,0.06,0.06,0.06,0.06,0
10/01/2018,0.06,0.06,0.06,0.06,0.06,0
11/01/2018,0.06,0.06,0.06,0.06,0.06,8800
12/01/2018,0.06,0.06,0.06,0.06,0.06,50000
16/01/2018,0.06,0.06,0.06,0.06,0.06,80800
17/01/2018,0.06,0.06,0.06,0.06,0.06,145600
18/01/2018,0.06,0.06,0.06,0.06,0.06,12800
19/01/2018,0.06,0.07,0.06,0.07,0.07,23200
22/01/2018,0.07,0.07,0.07,0.07,0.07,10000
23/01/2018,0.06,0.07,0.06,0.07,0.07,150000
24/01/2018,0.07,0.07,0.07,0.07,0.07,10000
25/01/2018,0.07,0.07,0.07,0.07,0.07,10000
26/01/2018,0.08,0.09,0.06,0.06,0.06,120000
29/01/2018,0.08,0.08,0.08,0.08,0.08,107600
30/01/2018,0.08,0.09,0.07,0.08,0.08,150000
31/01/2018,0.08,0.08,0.07,0.08,0.08,97200
01/02/2018,0.08,0.08,0.07,0.08,0.08,32000
02/02/2018,0.07,0.08,0.07,0.08,0.08,84800
05/02/2018,0.08,0.08,0.08,0.08,0.08,88000
06/02/2018,0.08,0.08,0.08,0.08,0.08,0
07/02/2018,0.08,0.08,0.08,0.08,0.08,0
08/02/2018,0.08,0.08,0.08,0.08,0.08,20000
09/02/2018,0.06,0.07,0.06,0.07,0.07,163200
12/02/2018,0.08,0.08,0.07,0.07,0.07,26000
13/02/2018,0.08,0.08,0.07,0.07,0.07,19200
14/02/2018,0.08,0.08,0.06,0.08,0.08,56000
15/02/2018,0.08,0.09,0.07,0.09,0.09,144400
16/02/2018,0.09,0.09,0.09,0.09,0.09,85200
20/02/2018,0.1,0.1,0.09,0.09,0.09,26800
21/02/2018,0.09,0.09,0.09,0.09,0.09,10000
22/02/2018,0.09,0.09,0.09,0.09,0.09,0
23/02/2018,0.08,0.09,0.07,0.07,0.07,94400
26/02/2018,0.08,0.09,0.07,0.09,0.09,23600
27/02/2018,0.09,0.09,0.07,0.07,0.07,2800
28/02/2018,0.07,0.07,0.07,0.07,0.07,0
01/03/2018,0.07,0.08,0.07,0.07,0.07,36000
02/03/2018,0.07,0.07,0.07,0.07,0.07,6000
05/03/2018,0.09,0.09,0.09,0.09,0.09,16000
06/03/2018,0.08,0.08,0.08,0.08,0.08,6400
07/03/2018,0.08,0.08,0.08,0.08,0.08,20000
08/03/2018,0.08,0.09,0.08,0.09,0.09,57200
09/03/2018,0.09,0.09,0.09,0.09,0.09,0
12/03/2018,0.08,0.08,0.08,0.08,0.08,49200
13/03/2018,0.08,0.08,0.08,0.08,0.08,0
14/03/2018,0.08,0.08,0.08,0.08,0.08,6400
15/03/2018,0.08,0.08,0.08,0.08,0.08,1200
16/03/2018,0.08,0.08,0.08,0.08,0.08,0
19/03/2018,0.08,0.08,0.08,0.08,0.08,25600
20/03/2018,0.08,0.08,0.08,0.08,0.08,0
21/03/2018,0.08,0.08,0.08,0.08,0.08,0
22/03/2018,0.08,0.08,0.08,0.08,0.08,0
23/03/2018,0.07,0.07,0.07,0.07,0.07,3200
26/03/2018,0.09,0.09,0.08,0.08,0.08,5600
27/03/2018,0.08,0.08,0.08,0.08,0.08,0
28/03/2018,0.08,0.08,0.08,0.08,0.08,0
29/03/2018,0.08,0.08,0.08,0.08,0.08,0
02/04/2018,0.08,0.08,0.08,0.08,0.08,0
03/04/2018,0.08,0.08,0.08,0.08,0.08,0
04/04/2018,0.08,0.08,0.08,0.08,0.08,0
05/04/2018,0.07,0.07,0.07,0.07,0.07,800
06/04/2018,0.07,0.07,0.07,0.07,0.07,0
09/04/2018,0.07,0.07,0.06,0.06,0.06,46000
10/04/2018,0.06,0.06,0.06,0.06,0.06,0
11/04/2018,0.06,0.06,0.06,0.06,0.06,132800
12/04/2018,0.06,0.06,0.06,0.06,0.06,6800
13/04/2018,0.06,0.06,0.06,0.06,0.06,0
16/04/2018,0.06,0.08,0.06,0.08,0.08,7600
17/04/2018,0.08,0.08,0.08,0.08,0.08,0
18/04/2018,0.06,0.08,0.06,0.08,0.08,12400
19/04/2018,0.08,0.08,0.08,0.08,0.08,10000
20/04/2018,0.08,0.08,0.08,0.08,0.08,0
23/04/2018,0.08,0.08,0.08,0.08,0.08,0
24/04/2018,0.06,0.06,0.06,0.06,0.06,6000
25/04/2018,0.07,0.07,0.07,0.07,0.07,20000
26/04/2018,0.07,0.07,0.07,0.07,0.07,0
27/04/2018,0.07,0.07,0.07,0.07,0.07,0
30/04/2018,0.07,0.07,0.07,0.07,0.07,0
01/05/2018,0.06,0.07,0.06,0.06,0.06,58400
02/05/2018,0.06,0.07,0.06,0.07,0.07,24800
03/05/2018,0.07,0.07,0.07,0.07,0.07,2000
04/05/2018,0.06,0.07,0.06,0.07,0.07,24000
07/05/2018,0.07,0.07,0.06,0.07,0.07,58400
08/05/2018,0.07,0.07,0.07,0.07,0.07,10000
09/05/2018,0.07,0.07,0.07,0.07,0.07,8800
10/05/2018,0.06,0.07,0.06,0.07,0.07,22000
11/05/2018,0.07,0.07,0.07,0.07,0.07,0
14/05/2018,0.07,0.07,0.07,0.07,0.07,0
15/05/2018,0.06,0.06,0.06,0.06,0.06,30800
16/05/2018,0.09,0.1,0.09,0.09,0.09,257200
17/05/2018,0.09,0.09,0.09,0.09,0.09,140800
18/05/2018,0.09,0.09,0.09,0.09,0.09,166000
21/05/2018,0.09,0.09,0.09,0.09,0.09,68800
22/05/2018,0.09,0.09,0.09,0.09,0.09,6000
23/05/2018,0.09,0.09,0.09,0.09,0.09,20000
24/05/2018,0.09,0.1,0.09,0.1,0.1,36800
25/05/2018,0.09,0.09,0.09,0.09,0.09,78400
29/05/2018,0.1,0.1,0.09,0.09,0.09,55200
30/05/2018,0.09,0.1,0.09,0.09,0.09,99200
31/05/2018,0.09,0.09,0.09,0.09,0.09,29600
01/06/2018,0.09,0.09,0.09,0.09,0.09,0
04/06/2018,0.09,0.09,0.09,0.09,0.09,64800
05/06/2018,0.09,0.09,0.09,0.09,0.09,7200
06/06/2018,0.09,0.09,0.09,0.09,0.09,20800
07/06/2018,0.09,0.09,0.09,0.09,0.09,4800
08/06/2018,0.09,0.09,0.09,0.09,0.09,12400
11/06/2018,0.09,0.09,0.09,0.09,0.09,16000
12/06/2018,0.09,0.09,0.09,0.09,0.09,8000
13/06/2018,0.09,0.09,0.09,0.09,0.09,0
14/06/2018,0.09,0.09,0.09,0.09,0.09,0
15/06/2018,0.09,0.09,0.09,0.09,0.09,0
18/06/2018,0.09,0.09,0.09,0.09,0.09,33600
19/06/2018,0.09,0.09,0.09,0.09,0.09,30000
20/06/2018,0.09,0.09,0.09,0.09,0.09,800
21/06/2018,0.09,0.09,0.09,0.09,0.09,35200
22/06/2018,0.09,0.09,0.09,0.09,0.09,12000
25/06/2018,0.09,0.09,0.09,0.09,0.09,0
26/06/2018,0.09,0.09,0.09,0.09,0.09,4400
27/06/2018,0.09,0.09,0.09,0.09,0.09,1200
28/06/2018,0.09,0.09,0.09,0.09,0.09,0
29/06/2018,0.09,0.09,0.09,0.09,0.09,188400
02/07/2018,0.09,0.09,0.09,0.09,0.09,0
03/07/2018,0.09,0.09,0.09,0.09,0.09,0
05/07/2018,0.09,0.09,0.09,0.09,0.09,12800
06/07/2018,0.09,0.09,0.09,0.09,0.09,0
09/07/2018,0.08,0.09,0.08,0.09,0.09,44400
10/07/2018,0.09,0.09,0.09,0.09,0.09,12000
11/07/2018,0.09,0.09,0.09,0.09,0.09,12000
12/07/2018,0.09,0.09,0.09,0.09,0.09,0
13/07/2018,0.09,0.09,0.09,0.09,0.09,0
16/07/2018,0.09,0.09,0.09,0.09,0.09,0
17/07/2018,0.08,0.09,0.08,0.09,0.09,113600
18/07/2018,0.08,0.09,0.08,0.09,0.09,76000
19/07/2018,0.09,0.09,0.09,0.09,0.09,81200
20/07/2018,0.09,0.09,0.09,0.09,0.09,0
23/07/2018,0.08,0.08,0.08,0.08,0.08,64000
24/07/2018,0.08,0.08,0.08,0.08,0.08,12000
25/07/2018,0.09,0.09,0.06,0.08,0.08,56400
26/07/2018,0.08,0.08,0.08,0.08,0.08,0
27/07/2018,0.08,0.08,0.08,0.08,0.08,24000
30/07/2018,0.08,0.08,0.07,0.08,0.08,66000
31/07/2018,0.07,0.07,0.07,0.07,0.07,16000
01/08/2018,0.08,0.08,0.08,0.08,0.08,55200
02/08/2018,0.08,0.08,0.08,0.08,0.08,52000
03/08/2018,0.08,0.08,0.08,0.08,0.08,70000
06/08/2018,0.07,0.08,0.07,0.08,0.08,20400
07/08/2018,0.09,0.09,0.07,0.07,0.07,36000
08/08/2018,0.07,0.08,0.07,0.08,0.08,31200
09/08/2018,0.07,0.08,0.07,0.08,0.08,48000
10/08/2018,0.08,0.08,0.08,0.08,0.08,0
13/08/2018,0.07,0.08,0.07,0.08,0.08,32800
14/08/2018,0.08,0.08,0.06,0.08,0.08,220800
15/08/2018,0.07,0.08,0.06,0.08,0.08,170800
16/08/2018,0.06,0.07,0.06,0.07,0.07,363200
17/08/2018,0.07,0.07,0.07,0.07,0.07,4000
20/08/2018,0.06,0.08,0.06,0.08,0.08,126800
21/08/2018,0.08,0.08,0.06,0.08,0.08,50800
22/08/2018,0.07,0.08,0.07,0.08,0.08,81200
23/08/2018,0.08,0.08,0.08,0.08,0.08,14000
24/08/2018,0.08,0.08,0.08,0.08,0.08,78000
27/08/2018,0.08,0.08,0.08,0.08,0.08,59600
28/08/2018,0.08,0.08,0.08,0.08,0.08,159200
29/08/2018,0.07,0.08,0.07,0.08,0.08,410400
30/08/2018,0.08,0.08,0.08,0.08,0.08,20000
31/08/2018,0.08,0.08,0.08,0.08,0.08,35200
04/09/2018,0.08,0.08,0.08,0.08,0.08,12000
05/09/2018,0.08,0.08,0.08,0.08,0.08,4000
06/09/2018,0.08,0.08,0.08,0.08,0.08,20000
07/09/2018,0.08,0.08,0.08,0.08,0.08,60000
10/09/2018,0.08,0.1,0.08,0.1,0.1,44000
11/09/2018,0.09,0.09,0.09,0.09,0.09,400
12/09/2018,0.09,0.09,0.08,0.08,0.08,24000
13/09/2018,0.08,0.09,0.08,0.09,0.09,128800
14/09/2018,0.09,0.09,0.09,0.09,0.09,68000
17/09/2018,0.1,0.1,0.1,0.1,0.1,29600
18/09/2018,0.1,0.1,0.1,0.1,0.1,0
19/09/2018,0.1,0.1,0.1,0.1,0.1,0
20/09/2018,0.1,0.11,0.1,0.11,0.11,82400
21/09/2018,0.1,0.1,0.1,0.1,0.1,30000
24/09/2018,0.1,0.11,0.1,0.1,0.1,42000
25/09/2018,0.1,0.1,0.1,0.1,0.1,0
26/09/2018,0.11,0.11,0.1,0.1,0.1,40000
27/09/2018,0.1,0.1,0.1,0.1,0.1,20000
28/09/2018,0.1,0.1,0.1,0.1,0.1,20000
01/10/2018,0.1,0.11,0.1,0.1,0.1,17600
02/10/2018,0.1,0.1,0.1,0.1,0.1,42000
03/10/2018,0.1,0.1,0.1,0.1,0.1,0
04/10/2018,0.1,0.1,0.1,0.1,0.1,62000
05/10/2018,0.1,0.11,0.1,0.11,0.11,62000
08/10/2018,0.1,0.11,0.1,0.1,0.1,24000
09/10/2018,0.1,0.1,0.1,0.1,0.1,48800
10/10/2018,0.1,0.1,0.1,0.1,0.1,10000
11/10/2018,0.11,0.11,0.11,0.11,0.11,11200
12/10/2018,0.11,0.12,0.11,0.12,0.12,120000
15/10/2018,0.12,0.12,0.12,0.12,0.12,80000
16/10/2018,0.12,0.12,0.12,0.12,0.12,5600
17/10/2018,0.12,0.13,0.12,0.13,0.13,144000
18/10/2018,0.13,0.13,0.12,0.12,0.12,29200
19/10/2018,0.12,0.12,0.12,0.12,0.12,10800
22/10/2018,0.12,0.12,0.12,0.12,0.12,28800
23/10/2018,0.12,0.12,0.12,0.12,0.12,70400
24/10/2018,0.12,0.12,0.12,0.12,0.12,126800
25/10/2018,0.12,0.12,0.12,0.12,0.12,8800
26/10/2018,0.12,0.13,0.12,0.13,0.13,30000
29/10/2018,0.12,0.13,0.12,0.13,0.13,11200
30/10/2018,0.12,0.12,0.12,0.12,0.12,12000
31/10/2018,0.12,0.12,0.12,0.12,0.12,16000
01/11/2018,0.13,0.13,0.13,0.13,0.13,100000
02/11/2018,0.14,0.14,0.12,0.14,0.14,258400
05/11/2018,0.14,0.14,0.13,0.13,0.13,76000
06/11/2018,0.14,0.14,0.14,0.14,0.14,40000
07/11/2018,0.14,0.14,0.14,0.14,0.14,12800
08/11/2018,0.14,0.14,0.13,0.13,0.13,9600
09/11/2018,0.14,0.14,0.14,0.14,0.14,2000
12/11/2018,0.13,0.13,0.11,0.12,0.12,48400
13/11/2018,0.14,0.14,0.14,0.14,0.14,1600
14/11/2018,0.14,0.14,0.14,0.14,0.14,8000
15/11/2018,0.12,0.13,0.12,0.13,0.13,315600
16/11/2018,0.11,0.11,0.11,0.11,0.11,56000
19/11/2018,0.11,0.12,0.11,0.12,0.12,16000
20/11/2018,0.14,0.14,0.14,0.14,0.14,13600
21/11/2018,0.12,0.13,0.12,0.13,0.13,13200
23/11/2018,0.13,0.13,0.13,0.13,0.13,0
26/11/2018,0.13,0.13,0.13,0.13,0.13,0
27/11/2018,0.13,0.13,0.13,0.13,0.13,400
28/11/2018,0.12,0.12,0.12,0.12,0.12,17600
29/11/2018,0.12,0.12,0.12,0.12,0.12,24000
30/11/2018,0.12,0.12,0.12,0.12,0.12,0
03/12/2018,0.12,0.12,0.09,0.12,0.12,29200
04/12/2018,0.12,0.12,0.12,0.12,0.12,0
06/12/2018,0.12,0.12,0.12,0.12,0.12,0
07/12/2018,0.12,0.12,0.12,0.12,0.12,2400
10/12/2018,0.12,0.12,0.1,0.12,0.12,44400
11/12/2018,0.12,0.12,0.12,0.12,0.12,0
12/12/2018,0.12,0.12,0.12,0.12,0.12,20000
13/12/2018,0.1,0.1,0.1,0.1,0.1,20000
14/12/2018,0.1,0.1,0.1,0.1,0.1,52000
17/12/2018,0.1,0.1,0.1,0.1,0.1,20000
18/12/2018,0.1,0.1,0.1,0.1,0.1,37600
19/12/2018,0.1,0.11,0.1,0.1,0.1,73600
20/12/2018,0.1,0.1,0.1,0.1,0.1,60000
21/12/2018,0.09,0.09,0.09,0.09,0.09,24800
24/12/2018,0.07,0.07,0.07,0.07,0.07,800
26/12/2018,0.09,0.09,0.09,0.09,0.09,48000
27/12/2018,0.07,0.11,0.07,0.11,0.11,160000
28/12/2018,0.07,0.11,0.07,0.11,0.11,160000
31/12/2018,0.09,0.11,0.09,0.11,0.11,154000
02/01/2019,0.1,0.11,0.1,0.11,0.11,25200
03/01/2019,0.11,0.11,0.1,0.1,0.1,40000
04/01/2019,0.1,0.1,0.1,0.1,0.1,50400
07/01/2019,0.1,0.1,0.1,0.1,0.1,0
08/01/2019,0.1,0.1,0.1,0.1,0.1,20000
09/01/2019,0.1,0.12,0.1,0.12,0.12,40000
10/01/2019,0.11,0.11,0.11,0.11,0.11,30000
11/01/2019,0.11,0.11,0.1,0.1,0.1,22800
14/01/2019,0.12,0.12,0.1,0.1,0.1,28800
15/01/2019,0.12,0.12,0.12,0.12,0.12,50000
16/01/2019,0.13,0.13,0.12,0.13,0.13,28000
17/01/2019,0.13,0.13,0.13,0.13,0.13,8400
18/01/2019,0.14,0.14,0.14,0.14,0.14,34400
22/01/2019,0.14,0.14,0.14,0.14,0.14,400
23/01/2019,0.14,0.14,0.13,0.13,0.13,10400
24/01/2019,0.13,0.13,0.13,0.13,0.13,16000
25/01/2019,0.13,0.13,0.13,0.13,0.13,0
28/01/2019,0.14,0.14,0.14,0.14,0.14,8000
29/01/2019,0.13,0.13,0.13,0.13,0.13,1200
30/01/2019,0.13,0.13,0.11,0.12,0.12,92400
31/01/2019,0.12,0.12,0.12,0.12,0.12,0
01/02/2019,0.12,0.12,0.12,0.12,0.12,0
04/02/2019,0.12,0.14,0.12,0.14,0.14,30800
05/02/2019,0.14,0.14,0.12,0.12,0.12,40000
06/02/2019,0.12,0.12,0.12,0.12,0.12,0
07/02/2019,0.12,0.12,0.12,0.12,0.12,0
08/02/2019,0.12,0.12,0.12,0.12,0.12,0
11/02/2019,0.12,0.12,0.12,0.12,0.12,0
12/02/2019,0.12,0.12,0.12,0.12,0.12,0
13/02/2019,0.12,0.12,0.12,0.12,0.12,0
14/02/2019,0.12,0.13,0.12,0.13,0.13,4400
15/02/2019,0.14,0.14,0.12,0.12,0.12,29600
19/02/2019,0.14,0.14,0.14,0.14,0.14,103600
20/02/2019,0.14,0.14,0.14,0.14,0.14,37600
21/02/2019,0.14,0.14,0.14,0.14,0.14,0
22/02/2019,0.13,0.14,0.13,0.14,0.14,21600
25/02/2019,0.13,0.13,0.13,0.13,0.13,20000
26/02/2019,0.14,0.14,0.12,0.12,0.12,48000
27/02/2019,0.12,0.14,0.12,0.14,0.14,63600
28/02/2019,0.13,0.13,0.13,0.13,0.13,20000
01/03/2019,0.14,0.14,0.14,0.14,0.14,4000
04/03/2019,0.14,0.14,0.13,0.13,0.13,23600
05/03/2019,0.14,0.14,0.14,0.14,0.14,1200
06/03/2019,0.14,0.14,0.13,0.13,0.13,32800
07/03/2019,0.13,0.14,0.13,0.14,0.14,23600
08/03/2019,0.13,0.13,0.12,0.12,0.12,58400
11/03/2019,0.12,0.12,0.12,0.12,0.12,20800
12/03/2019,0.13,0.13,0.12,0.13,0.13,28000
13/03/2019,0.13,0.13,0.13,0.13,0.13,400
14/03/2019,0.13,0.13,0.12,0.12,0.12,24800
15/03/2019,0.12,0.14,0.12,0.14,0.14,6000
18/03/2019,0.14,0.14,0.14,0.14,0.14,0
19/03/2019,0.14,0.14,0.14,0.14,0.14,16400
20/03/2019,0.14,0.14,0.14,0.14,0.14,800
21/03/2019,0.13,0.14,0.13,0.14,0.14,24400
22/03/2019,0.13,0.13,0.13,0.13,0.13,27600
25/03/2019,0.13,0.13,0.13,0.13,0.13,24000
26/03/2019,0.13,0.13,0.13,0.13,0.13,400
27/03/2019,0.13,0.13,0.13,0.13,0.13,0
28/03/2019,0.13,0.14,0.13,0.14,0.14,4400
29/03/2019,0.14,0.14,0.14,0.14,0.14,8000
01/04/2019,0.14,0.14,0.14,0.14,0.14,6000
02/04/2019,0.13,0.14,0.12,0.14,0.14,55600
03/04/2019,0.14,0.14,0.14,0.14,0.14,0
04/04/2019,0.14,0.14,0.14,0.14,0.14,400
05/04/2019,0.14,0.14,0.14,0.14,0.14,4400
08/04/2019,0.14,0.14,0.14,0.14,0.14,0
09/04/2019,0.14,0.14,0.14,0.14,0.14,8000
10/04/2019,0.14,0.14,0.14,0.14,0.14,127200
11/04/2019,0.14,0.14,0.14,0.14,0.14,400
12/04/2019,0.14,0.14,0.14,0.14,0.14,4800
15/04/2019,0.14,0.14,0.14,0.14,0.14,87200
16/04/2019,0.14,0.14,0.14,0.14,0.14,0
17/04/2019,0.14,0.14,0.14,0.14,0.14,0
18/04/2019,0.14,0.14,0.14,0.14,0.14,0
22/04/2019,1.5,1.5,1.5,1.5,1.5,2800
23/04/2019,1.75,1.75,1.75,1.75,1.75,4400
24/04/2019,1.75,1.75,1.75,1.75,1.75,0
25/04/2019,1.75,1.75,1.64,1.72,1.72,3200
26/04/2019,1.75,1.77,1.73,1.73,1.73,3200
29/04/2019,1.73,1.73,1.73,1.73,1.73,0
30/04/2019,1.73,1.73,1.73,1.73,1.73,0
01/05/2019,1.73,1.73,1.73,1.73,1.73,0
02/05/2019,1.7,1.7,1.7,1.7,1.7,2400
03/05/2019,1.7,1.7,1.7,1.7,1.7,800
06/05/2019,1.7,1.7,1.7,1.7,1.7,800
07/05/2019,1.7,1.7,1.7,1.7,1.7,400
08/05/2019,1.7,1.7,1.7,1.7,1.7,400
09/05/2019,1.73,1.73,1.73,1.73,1.73,5600
10/05/2019,1.71,1.71,1.71,1.71,1.71,800
13/05/2019,1.71,1.71,1.71,1.71,1.71,0
14/05/2019,1.71,1.71,1.71,1.71,1.71,0
15/05/2019,1.71,1.79,1.71,1.79,1.79,4800
16/05/2019,2.26,2.78,2.26,2.5,2.5,58400
17/05/2019,2.5,2.5,2.5,2.5,2.5,0
20/05/2019,2.45,2.5,2.45,2.5,2.5,2400
21/05/2019,2.39,2.5,2.39,2.5,2.5,6000
22/05/2019,2.45,2.45,1.79,2.25,2.25,44000
23/05/2019,2.25,2.38,2.12,2.38,2.38,12800
24/05/2019,2.38,2.38,2.38,2.38,2.38,0
28/05/2019,2.38,2.38,2.38,2.38,2.38,0
29/05/2019,2.25,2.25,2.25,2.25,2.25,2400
30/05/2019,2.25,2.25,2.25,2.25,2.25,4000
31/05/2019,2.25,2.38,2.25,2.38,2.38,14400
03/06/2019,2.38,2.38,2.38,2.38,2.38,0
04/06/2019,2.25,2.25,2.25,2.25,2.25,2000
05/06/2019,2.25,2.25,2.25,2.25,2.25,400
06/06/2019,2.25,2.25,2.25,2.25,2.25,0
07/06/2019,2.33,2.35,2.33,2.35,2.35,9200
10/06/2019,2.35,2.35,2.35,2.35,2.35,0
11/06/2019,2.34,2.34,2.03,2.2,2.2,9600
12/06/2019,2.31,2.31,2.31,2.31,2.31,3200
13/06/2019,2.3,2.31,2.3,2.31,2.31,1600
14/06/2019,2.31,2.31,2.31,2.31,2.31,0
17/06/2019,2.31,2.31,2.31,2.31,2.31,800
18/06/2019,2.3,2.3,2.3,2.3,2.3,800
19/06/2019,2.3,2.3,2.3,2.3,2.3,0
20/06/2019,2.33,2.33,2.33,2.33,2.33,1600
21/06/2019,2.33,2.33,2.33,2.33,2.33,0
24/06/2019,2.25,2.31,2.25,2.31,2.31,1600
25/06/2019,2.29,2.31,2.29,2.31,2.31,1200
26/06/2019,2.29,2.31,2.29,2.31,2.31,1200
27/06/2019,2.31,2.31,2.31,2.31,2.31,400
28/06/2019,2.31,2.31,2.31,2.31,2.31,0
01/07/2019,2.29,2.29,2.29,2.29,2.29,400
02/07/2019,2.29,2.29,2.29,2.29,2.29,0
03/07/2019,2.29,2.29,2.29,2.29,2.29,0
05/07/2019,2.29,2.29,2.29,2.29,2.29,10400
08/07/2019,2.31,2.31,2.3,2.3,2.3,19200
09/07/2019,2.3,2.33,2.3,2.31,2.31,9200
10/07/2019,2.25,2.25,2.25,2.25,2.25,800
11/07/2019,2.25,2.78,2.25,2.4,2.4,21200
12/07/2019,2.42,2.7,2.41,2.7,2.7,10000
15/07/2019,2.7,2.83,2.62,2.62,2.62,4800
16/07/2019,2.75,2.75,2.75,2.75,2.75,4000
17/07/2019,2.75,2.75,2.75,2.75,2.75,400
18/07/2019,2.75,2.75,2.75,2.75,2.75,1200
19/07/2019,2.76,2.76,2.76,2.76,2.76,3200
22/07/2019,2.76,2.76,2.76,2.76,2.76,1200
23/07/2019,2.76,2.76,2.76,2.76,2.76,1200
24/07/2019,2.76,2.76,2.72,2.72,2.72,15600
25/07/2019,2.72,2.72,2.72,2.72,2.72,0
26/07/2019,2.72,2.72,2.72,2.72,2.72,0
29/07/2019,2.69,2.69,2.69,2.69,2.69,4000
30/07/2019,2.69,2.69,2.69,2.69,2.69,4000
31/07/2019,2.69,2.69,2.69,2.69,2.69,2000
01/08/2019,2.62,2.75,2.62,2.75,2.75,800
02/08/2019,2.62,2.75,2.62,2.75,2.75,800
05/08/2019,2.62,2.62,2.62,2.62,2.62,800
06/08/2019,2.75,2.75,2.62,2.69,2.69,8400
07/08/2019,2.75,2.75,2.62,2.69,2.69,400
08/08/2019,2.69,2.69,2.69,2.69,2.69,0
09/08/2019,2.62,2.67,2.53,2.62,2.62,6400
12/08/2019,2.56,2.56,2.26,2.5,2.5,20400
13/08/2019,2.45,2.45,2.44,2.44,2.44,2400
14/08/2019,2.38,2.41,2.12,2.12,2.12,16800
15/08/2019,2.38,2.41,2.12,2.12,2.12,16800
16/08/2019,2.25,2.25,2.25,2.25,2.25,6400
19/08/2019,2.25,2.26,2.25,2.25,2.25,14400
20/08/2019,2.12,2.38,2.12,2.38,2.38,13200
21/08/2019,2.5,2.5,2.5,2.5,2.5,18400
22/08/2019,2.17,2.33,2.17,2.33,2.33,4800
23/08/2019,2.25,2.25,2.25,2.25,2.25,4000
26/08/2019,2.25,2.25,2.25,2.25,2.25,0
27/08/2019,2.56,2.56,2.56,2.56,2.56,400
28/08/2019,2.56,2.56,2.56,2.56,2.56,0
29/08/2019,2.56,2.56,2.56,2.56,2.56,0
30/08/2019,2.56,2.56,2.56,2.56,2.56,0
03/09/2019,2.56,2.56,2.56,2.56,2.56,0
04/09/2019,2.25,2.25,2.25,2.25,2.25,800
05/09/2019,2.25,2.25,2.25,2.25,2.25,0
06/09/2019,2.17,2.25,2.17,2.17,2.17,13200
09/09/2019,2.17,2.17,2.17,2.17,2.17,0
10/09/2019,2.25,2.25,2.25,2.25,2.25,400
11/09/2019,2.37,2.37,2.33,2.33,2.33,8000
12/09/2019,2.33,2.38,2.33,2.38,2.38,4400
13/09/2019,2.47,2.47,2.47,2.47,2.47,400
16/09/2019,2.33,2.45,2.33,2.44,2.44,121600
17/09/2019,2.44,2.44,2.44,2.44,2.44,0
18/09/2019,2.44,2.44,2.44,2.44,2.44,0
19/09/2019,2.33,2.33,2.33,2.33,2.33,400
20/09/2019,2.42,2.42,2.42,2.42,2.42,1600
23/09/2019,2.44,2.5,2.44,2.5,2.5,30800
24/09/2019,2.42,2.42,2.25,2.3,2.3,3200
25/09/2019,2.3,2.3,2.3,2.3,2.3,0
26/09/2019,2.3,2.3,2.3,2.3,2.3,0
27/09/2019,2.5,2.5,2.5,2.5,2.5,4000
30/09/2019,2.5,2.62,2.5,2.55,2.55,194800
01/10/2019,2.53,2.53,2.53,2.53,2.53,800
02/10/2019,2.53,2.53,2.53,2.53,2.53,0
03/10/2019,2.53,2.53,2.53,2.53,2.53,0
04/10/2019,2.6,2.6,2.6,2.6,2.6,1200
07/10/2019,2.5,2.5,2.5,2.5,2.5,400
08/10/2019,2.5,2.5,2.5,2.5,2.5,0
09/10/2019,2.44,2.46,2.44,2.46,2.46,24000
10/10/2019,2.46,2.46,2.46,2.46,2.46,0
11/10/2019,2.46,2.46,2.46,2.46,2.46,0
14/10/2019,2.46,2.46,2.46,2.46,2.46,0
15/10/2019,2.46,2.46,2.46,2.46,2.46,0
16/10/2019,2.46,2.46,2.46,2.46,2.46,0
17/10/2019,2.46,2.46,2.46,2.46,2.46,0
18/10/2019,2.46,2.46,2.46,2.46,2.46,0
21/10/2019,2.46,2.46,2.46,2.46,2.46,400
22/10/2019,2.46,2.46,2.46,2.46,2.46,400
23/10/2019,2.5,2.55,2.5,2.53,2.53,16400
24/10/2019,2.53,2.53,2.53,2.53,2.53,0
25/10/2019,2.53,2.53,2.46,2.5,2.5,36000
28/10/2019,2.4,2.5,2.4,2.5,2.5,1600
29/10/2019,2.4,2.55,2.4,2.53,2.53,14400
30/10/2019,2.5,2.5,2.5,2.5,2.5,1600
31/10/2019,2.5,2.5,2.47,2.47,2.47,7600
01/11/2019,2.47,2.47,2.47,2.47,2.47,0
04/11/2019,2.53,2.53,2.53,2.53,2.53,2000
05/11/2019,2.53,2.53,2.42,2.42,2.42,12400
06/11/2019,2.53,2.53,2.53,2.53,2.53,27200
07/11/2019,2.53,2.53,2.53,2.53,2.53,0
08/11/2019,2.54,2.54,2.53,2.53,2.53,14400
11/11/2019,2.61,3.4,2.61,3.25,3.25,51200
12/11/2019,3.38,3.43,3.38,3.4,3.4,9200
13/11/2019,3.4,3.4,3.4,3.4,3.4,800
14/11/2019,3.4,3.4,3.25,3.26,3.26,14000
15/11/2019,3.38,3.38,3.38,3.38,3.38,4000
18/11/2019,3.28,3.29,3.28,3.29,3.29,8000
19/11/2019,3.31,3.31,3.31,3.31,3.31,2000
20/11/2019,3.25,3.25,3.25,3.25,3.25,4000
21/11/2019,3.25,3.25,3.25,3.25,3.25,400
22/11/2019,3.31,3.34,3.31,3.34,3.34,57600
25/11/2019,3.35,3.35,3.35,3.35,3.35,8400
26/11/2019,3.25,3.25,3.25,3.25,3.25,800
27/11/2019,3.25,3.25,3.25,3.25,3.25,0
29/11/2019,3.25,3.25,3.25,3.25,3.25,0
02/12/2019,3.28,3.3,3.28,3.3,3.3,4400
03/12/2019,3.39,3.4,3.39,3.4,3.4,4800
04/12/2019,3.4,3.4,3.4,3.4,3.4,0
05/12/2019,3.4,3.4,3.39,3.39,3.39,4400
06/12/2019,3.4,3.44,3.4,3.44,3.44,4000
09/12/2019,3.44,3.44,3.44,3.44,3.44,0
10/12/2019,3.44,3.44,3.44,3.44,3.44,0
11/12/2019,3.33,3.33,3.33,3.33,3.33,800
12/12/2019,3.33,3.33,3.33,3.33,3.33,0
13/12/2019,3.33,3.33,3.33,3.33,3.33,0
16/12/2019,3.33,3.33,3.31,3.31,3.31,2000
17/12/2019,3.31,3.31,3.31,3.31,3.31,0
18/12/2019,3.31,3.31,3.31,3.31,3.31,0
19/12/2019,3.31,3.31,3.31,3.31,3.31,0
20/12/2019,3.27,3.27,3.26,3.26,3.26,6800
23/12/2019,3.3,3.3,3.28,3.3,3.3,4400
24/12/2019,3.3,3.3,3.3,3.3,3.3,0
26/12/2019,3.33,3.33,3.33,3.33,3.33,2800
27/12/2019,3.44,3.44,3.36,3.36,3.36,32400
30/12/2019,3.38,3.53,3.38,3.53,3.53,27600
31/12/2019,3.5,3.53,3.47,3.53,3.53,11200
02/01/2020,3.54,3.55,3.5,3.52,3.52,7600
03/01/2020,3.52,3.52,3.52,3.52,3.52,0
06/01/2020,3.59,3.59,3.58,3.58,3.58,9200
07/01/2020,3.59,3.6,3.59,3.6,3.6,4400
08/01/2020,3.6,3.6,3.6,3.6,3.6,0
09/01/2020,3.58,3.58,3.58,3.58,3.58,2000
10/01/2020,3.59,3.59,3.59,3.59,3.59,400
13/01/2020,3.59,3.59,3.59,3.59,3.59,800
14/01/2020,3.59,3.59,3.59,3.59,3.59,10000
15/01/2020,3.59,3.59,3.59,3.59,3.59,0
16/01/2020,3.59,3.59,3.59,3.59,3.59,800
17/01/2020,3.63,3.67,3.59,3.59,3.59,2800
21/01/2020,3.59,3.59,3.59,3.59,3.59,0
22/01/2020,3.59,3.59,3.59,3.59,3.59,0
23/01/2020,3.59,3.59,3.59,3.59,3.59,0
24/01/2020,3.59,3.59,3.59,3.59,3.59,0
27/01/2020,3.59,3.59,3.59,3.59,3.59,0
28/01/2020,3.59,3.59,3.59,3.59,3.59,4000
29/01/2020,3.59,3.59,3.59,3.59,3.59,4000
30/01/2020,3.59,3.59,3.59,3.59,3.59,800
31/01/2020,3.59,3.59,3.59,3.59,3.59,1200
03/02/2020,3.59,3.59,3.59,3.59,3.59,0
04/02/2020,3.59,3.59,3.59,3.59,3.59,0
05/02/2020,3.59,3.59,3.59,3.59,3.59,0
06/02/2020,3.59,3.59,3.59,3.59,3.59,0
07/02/2020,3.59,3.59,3.59,3.59,3.59,0
10/02/2020,3.59,3.59,3.59,3.59,3.59,0
11/02/2020,3.59,3.59,3.59,3.59,3.59,0
12/02/2020,3.69,3.69,3.69,3.69,3.69,1200
13/02/2020,3.69,3.69,3.69,3.69,3.69,0
14/02/2020,3.6,3.6,3.6,3.6,3.6,400
18/02/2020,3.6,3.6,3.22,3.22,3.22,5600
19/02/2020,3.34,3.38,3.34,3.38,3.38,5200
20/02/2020,3.38,3.38,3.38,3.38,3.38,400
21/02/2020,3.38,3.38,3.38,3.38,3.38,0
24/02/2020,3.34,3.38,3.31,3.31,3.31,28000
25/02/2020,3.31,3.31,3.31,3.31,3.31,0
26/02/2020,3.31,3.31,3.31,3.31,3.31,0
27/02/2020,3.31,3.31,3.31,3.31,3.31,0
28/02/2020,3.31,3.31,3.31,3.31,3.31,0
02/03/2020,3.31,3.31,3.31,3.31,3.31,0
03/03/2020,3.19,3.33,3.19,3.33,3.33,4000
04/03/2020,3.33,3.33,3.33,3.33,3.33,0
05/03/2020,3.33,3.33,3.33,3.33,3.33,0
06/03/2020,3.33,3.33,3.33,3.33,3.33,0
09/03/2020,3.25,3.25,3.0,3.17,3.17,12400
10/03/2020,3.17,3.17,3.17,3.17,3.17,0
11/03/2020,3.17,3.17,3.17,3.17,3.17,0
12/03/2020,3.01,3.01,2.5,2.76,2.76,6800
13/03/2020,2.76,2.76,2.76,2.76,2.76,0
16/03/2020,2.4,2.41,2.4,2.4,2.4,2000
17/03/2020,2.31,2.31,2.0,2.0,2.0,6000
18/03/2020,1.92,1.92,1.92,1.92,1.92,400
19/03/2020,1.92,1.92,1.92,1.92,1.92,0
20/03/2020,1.92,1.92,1.92,1.92,1.92,0
23/03/2020,1.92,1.92,1.92,1.92,1.92,0
24/03/2020,1.92,1.92,1.92,1.92,1.92,0
25/03/2020,2.17,2.88,2.17,2.5,2.5,11200
26/03/2020,2.5,2.5,2.5,2.5,2.5,0
27/03/2020,2.14,2.14,2.14,2.14,2.14,1200
30/03/2020,2.14,2.14,2.14,2.14,2.14,0
31/03/2020,2.38,2.38,2.25,2.25,2.25,6400
01/04/2020,2.25,2.25,2.25,2.25,2.25,0
02/04/2020,2.25,2.25,2.25,2.25,2.25,0
03/04/2020,2.25,2.25,2.25,2.25,2.25,2000
06/04/2020,2.25,2.25,2.25,2.25,2.25,4400
07/04/2020,2.25,2.25,2.25,2.25,2.25,0
08/04/2020,2.38,2.38,2.38,2.38,2.38,2000
09/04/2020,2.38,2.38,2.38,2.38,2.38,0
13/04/2020,2.38,2.38,2.38,2.38,2.38,0
14/04/2020,2.38,2.38,2.38,2.38,2.38,0
15/04/2020,2.38,2.38,2.38,2.38,2.38,0
16/04/2020,2.38,2.38,2.38,2.38,2.38,0
17/04/2020,2.38,2.38,2.38,2.38,2.38,3600
20/04/2020,2.26,2.38,2.26,2.38,2.38,2400
21/04/2020,2.25,2.25,2.25,2.25,2.25,2000
22/04/2020,2.25,2.25,2.25,2.25,2.25,4800
23/04/2020,2.25,2.25,2.25,2.25,2.25,0
24/04/2020,2.25,2.25,2.25,2.25,2.25,0
27/04/2020,2.25,2.25,2.25,2.25,2.25,4400
28/04/2020,2.25,2.25,2.25,2.25,2.25,0
29/04/2020,2.25,2.25,2.25,2.25,2.25,0
30/04/2020,2.25,2.25,2.25,2.25,2.25,0
01/05/2020,2.31,2.31,2.25,2.25,2.25,5600
04/05/2020,2.57,2.57,2.2,2.26,2.26,1200
05/05/2020,2.25,2.25,2.25,2.25,2.25,9600
06/05/2020,2.26,2.28,2.25,2.25,2.25,12800
07/05/2020,2.26,2.26,2.26,2.26,2.26,1600
08/05/2020,2.26,2.26,2.26,2.26,2.26,0
11/05/2020,2.3,2.3,2.25,2.25,2.25,4000
12/05/2020,2.38,2.38,2.38,2.38,2.38,400
13/05/2020,2.28,2.28,2.28,2.28,2.28,2000
14/05/2020,2.28,2.28,2.28,2.28,2.28,800
15/05/2020,2.38,2.56,2.38,2.56,2.56,22400
18/05/2020,2.62,2.75,2.62,2.75,2.75,6000
19/05/2020,2.75,2.75,2.75,2.75,2.75,400
20/05/2020,2.75,2.75,2.75,2.75,2.75,0
21/05/2020,2.75,2.75,2.75,2.75,2.75,0
22/05/2020,2.75,2.75,2.75,2.75,2.75,0
26/05/2020,2.75,2.75,2.75,2.75,2.75,0
27/05/2020,2.75,2.75,2.75,2.75,2.75,0
28/05/2020,2.75,2.75,2.75,2.75,2.75,0
29/05/2020,2.75,2.75,2.75,2.75,2.75,0
01/06/2020,2.75,2.75,2.75,2.75,2.75,0
02/06/2020,2.75,2.75,2.75,2.75,2.75,0
03/06/2020,2.65,2.65,2.65,2.65,2.65,1200
04/06/2020,2.65,2.65,2.65,2.65,2.65,0
05/06/2020,2.75,3.06,2.75,3.06,3.06,20000
08/06/2020,3.06,3.06,3.06,3.06,3.06,0
09/06/2020,3.0,3.0,2.88,2.88,2.88,800
10/06/2020,2.88,2.88,2.88,2.88,2.88,0
11/06/2020,2.88,2.88,2.88,2.88,2.88,0
12/06/2020,2.88,2.88,2.88,2.88,2.88,0
15/06/2020,2.88,2.88,2.88,2.88,2.88,0
16/06/2020,3.0,3.0,2.88,2.88,2.88,400
17/06/2020,2.88,2.88,2.88,2.88,2.88,400
18/06/2020,2.88,2.88,2.88,2.88,2.88,0
19/06/2020,2.65,2.65,2.65,2.65,2.65,800
22/06/2020,2.65,2.65,2.65,2.65,2.65,0
23/06/2020,2.5,2.53,2.5,2.53,2.53,14000
24/06/2020,2.5,2.5,2.5,2.5,2.5,6800
25/06/2020,2.5,2.5,2.5,2.5,2.5,0
26/06/2020,2.58,2.59,2.58,2.59,2.59,3200
29/06/2020,2.59,2.59,2.59,2.59,2.59,0
30/06/2020,2.59,2.59,2.59,2.59,2.59,0
01/07/2020,2.59,2.59,2.59,2.59,2.59,0
02/07/2020,2.59,2.59,2.59,2.59,2.59,0
06/07/2020,2.59,2.59,2.59,2.59,2.59,0
07/07/2020,2.59,2.59,2.59,2.59,2.59,0
08/07/2020,2.64,2.64,2.64,2.64,2.64,4800
09/07/2020,2.64,2.64,2.64,2.64,2.64,0
10/07/2020,2.64,2.64,2.64,2.64,2.64,0
13/07/2020,2.64,2.64,2.64,2.64,2.64,0
14/07/2020,2.64,2.64,2.64,2.64,2.64,0
15/07/2020,2.64,2.64,2.64,2.64,2.64,0
16/07/2020,2.64,2.64,2.64,2.64,2.64,0
17/07/2020,2.62,2.75,1.94,2.75,2.75,6800
20/07/2020,2.74,2.74,2.49,2.62,2.62,20800
21/07/2020,2.56,2.56,2.56,2.56,2.56,4000
22/07/2020,2.56,2.56,2.52,2.56,2.56,9200
23/07/2020,2.52,2.52,2.52,2.52,2.52,1200
24/07/2020,2.52,2.52,2.51,2.51,2.51,1200
27/07/2020,2.51,2.51,2.51,2.51,2.51,0
28/07/2020,2.51,2.51,2.51,2.51,2.51,0
29/07/2020,2.51,2.51,2.51,2.51,2.51,0
30/07/2020,2.51,2.51,2.51,2.51,2.51,0
31/07/2020,2.5,2.5,2.5,2.5,2.5,2400
03/08/2020,2.48,2.48,2.48,2.48,2.48,2000
04/08/2020,2.47,2.51,2.47,2.51,2.51,2800
05/08/2020,2.51,2.51,2.51,2.51,2.51,0
06/08/2020,2.51,2.51,2.51,2.51,2.51,0
07/08/2020,2.51,2.51,2.51,2.51,2.51,0
10/08/2020,2.51,2.51,2.51,2.51,2.51,0
11/08/2020,2.54,2.62,2.5,2.5,2.5,6800
12/08/2020,2.56,2.56,2.56,2.56,2.56,2000
13/08/2020,2.47,3.12,2.38,3.12,3.12,23200
14/08/2020,3.12,3.12,3.12,3.12,3.12,1600
17/08/2020,3.12,3.12,3.12,3.12,3.12,0
18/08/2020,3.12,3.25,3.12,3.19,3.19,22000
19/08/2020,3.19,3.19,3.19,3.19,3.19,0
20/08/2020,3.25,3.25,3.25,3.25,3.25,800
21/08/2020,3.25,3.26,3.25,3.26,3.26,2800
24/08/2020,3.26,3.26,3.26,3.26,3.26,0
25/08/2020,3.26,3.38,3.26,3.38,3.38,10000
26/08/2020,3.49,3.65,3.49,3.65,3.65,4400
27/08/2020,3.65,3.65,3.65,3.65,3.65,0
28/08/2020,3.65,3.65,3.65,3.65,3.65,0
31/08/2020,3.68,3.68,3.65,3.65,3.65,3200
01/09/2020,3.65,3.65,3.65,3.65,3.65,800
02/09/2020,3.65,3.65,3.65,3.65,3.65,0
03/09/2020,3.65,3.65,3.65,3.65,3.65,1600
04/09/2020,3.65,3.65,3.65,3.65,3.65,0
08/09/2020,3.65,3.65,3.65,3.65,3.65,0
09/09/2020,3.65,3.65,3.65,3.65,3.65,0
10/09/2020,3.69,3.74,3.63,3.63,3.63,13200
11/09/2020,3.63,3.63,3.63,3.63,3.63,0
14/09/2020,3.63,3.63,3.63,3.63,3.63,400
15/09/2020,3.63,3.63,3.63,3.63,3.63,800
16/09/2020,3.63,3.63,3.63,3.63,3.63,0
17/09/2020,3.74,3.74,3.74,3.74,3.74,400
18/09/2020,3.74,3.74,3.74,3.74,3.74,0
21/09/2020,3.65,3.65,3.63,3.63,3.63,4800
22/09/2020,3.69,3.69,3.69,3.69,3.69,400
23/09/2020,3.69,3.69,3.69,3.69,3.69,0
24/09/2020,3.69,3.69,3.69,3.69,3.69,0
25/09/2020,3.69,3.69,3.69,3.69,3.69,0
28/09/2020,3.69,3.69,3.69,3.69,3.69,0
29/09/2020,3.69,3.69,3.69,3.69,3.69,0
30/09/2020,3.69,3.69,3.69,3.69,3.69,0
01/10/2020,3.69,3.69,3.69,3.69,3.69,0
02/10/2020,3.69,3.69,3.69,3.69,3.69,0
05/10/2020,3.74,3.91,3.63,3.91,3.91,5200
06/10/2020,3.91,3.91,3.91,3.91,3.91,0
07/10/2020,3.91,3.91,3.91,3.91,3.91,0
08/10/2020,3.91,3.91,3.91,3.91,3.91,0
09/10/2020,3.91,3.91,3.91,3.91,3.91,0
12/10/2020,3.91,3.91,3.91,3.91,3.91,0
13/10/2020,3.9,3.9,3.5,3.5,3.5,7200
14/10/2020,3.5,3.5,3.5,3.5,3.5,5200
15/10/2020,3.5,3.5,3.5,3.5,3.5,0
16/10/2020,3.63,3.63,3.63,3.63,3.63,800
19/10/2020,3.63,3.63,3.63,3.63,3.63,0
20/10/2020,3.62,3.7,3.62,3.7,3.7,2800
21/10/2020,3.75,3.75,3.75,3.75,3.75,4400
22/10/2020,3.75,3.75,3.75,3.75,3.75,400
23/10/2020,3.75,3.75,3.75,3.75,3.75,0
26/10/2020,3.75,3.75,3.75,3.75,3.75,400
27/10/2020,3.8,3.81,3.63,3.63,3.63,2400
28/10/2020,3.63,3.63,3.63,3.63,3.63,0
29/10/2020,3.74,3.74,3.74,3.74,3.74,12000
30/10/2020,3.63,3.78,3.63,3.78,3.78,2400
02/11/2020,3.78,3.78,3.78,3.78,3.78,0
03/11/2020,3.78,3.78,3.78,3.78,3.78,0
04/11/2020,3.74,3.81,3.74,3.81,3.81,3600
05/11/2020,3.83,3.83,3.83,3.83,3.83,400
06/11/2020,3.83,3.83,3.83,3.83,3.83,0
09/11/2020,3.84,3.92,3.84,3.92,3.92,800
10/11/2020,3.92,3.92,3.92,3.92,3.92,0
11/11/2020,3.99,3.99,3.99,3.99,3.99,400
12/11/2020,4.31,5.62,4.31,5.12,5.12,64000
13/11/2020,5.25,5.25,5.25,5.25,5.25,1200
16/11/2020,5.01,5.01,5.01,5.01,5.01,400
17/11/2020,5.01,5.01,5.01,5.01,5.01,0
18/11/2020,4.88,4.88,4.88,4.88,4.88,7200
19/11/2020,5.0,5.04,5.0,5.04,5.04,1600
20/11/2020,4.88,5.12,4.88,5.12,5.12,1600
23/11/2020,4.93,5.12,4.88,5.12,5.12,6800
24/11/2020,4.88,5.2,4.81,5.2,5.2,6800
25/11/2020,5.2,5.2,5.2,5.2,5.2,400
27/11/2020,5.24,5.24,5.24,5.24,5.24,400
30/11/2020,5.0,5.12,4.8,5.12,5.12,7200
01/12/2020,5.12,5.12,5.12,5.12,5.12,0
02/12/2020,5.25,5.25,5.25,5.25,5.25,400
03/12/2020,5.25,5.25,5.25,5.25,5.25,0
04/12/2020,5.25,5.25,5.25,5.25,5.25,0
07/12/2020,5.25,5.25,5.25,5.25,5.25,0
08/12/2020,4.81,5.25,4.81,5.25,5.25,800
09/12/2020,5.25,5.25,5.25,5.25,5.25,0
10/12/2020,5.22,5.22,5.22,5.22,5.22,2000
11/12/2020,5.22,5.22,5.22,5.22,5.22,0
14/12/2020,5.22,5.22,5.22,5.22,5.22,0
15/12/2020,5.22,5.22,5.22,5.22,5.22,0
16/12/2020,5.22,5.22,5.22,5.22,5.22,0
17/12/2020,5.22,5.22,5.22,5.22,5.22,0
18/12/2020,5.22,5.22,5.22,5.22,5.22,0
21/12/2020,5.03,5.03,5.03,5.03,5.03,1600
22/12/2020,5.12,5.12,5.12,5.12,5.12,8000
23/12/2020,5.12,5.12,5.12,5.12,5.12,0
24/12/2020,5.12,5.12,5.12,5.12,5.12,0
28/12/2020,5.25,5.31,5.25,5.31,5.31,7200
29/12/2020,5.31,5.36,5.31,5.36,5.36,5200
30/12/2020,5.4,5.4,5.4,5.4,5.4,2000
31/12/2020,5.4,5.4,5.4,5.4,5.4,0
04/01/2021,5.4,5.4,5.4,5.4,5.4,0
05/01/2021,5.4,5.4,5.4,5.4,5.4,0
06/01/2021,5.31,5.31,4.15,5.12,5.12,19200
07/01/2021,5.12,5.12,5.12,5.12,5.12,0
08/01/2021,5.12,5.12,5.12,5.12,5.12,0
11/01/2021,5.03,5.37,5.03,5.25,5.25,2800
12/01/2021,5.26,5.26,5.26,5.26,5.26,400
13/01/2021,5.26,5.26,5.26,5.26,5.26,0
14/01/2021,5.26,5.26,5.25,5.25,5.25,2800
15/01/2021,5.25,5.25,5.25,5.25,5.25,0
19/01/2021,5.25,5.25,5.25,5.25,5.25,0
20/01/2021,5.25,5.25,5.25,5.25,5.25,0
21/01/2021,5.0,5.0,4.76,5.0,5.0,6000
22/01/2021,5.0,5.0,5.0,5.0,5.0,0
25/01/2021,5.0,5.0,5.0,5.0,5.0,1200
26/01/2021,5.0,5.0,5.0,5.0,5.0,0
27/01/2021,5.0,5.0,5.0,5.0,5.0,800
28/01/2021,5.0,5.0,5.0,5.0,5.0,0
29/01/2021,5.0,5.0,5.0,5.0,5.0,0
01/02/2021,4.76,5.0,4.76,5.0,5.0,1600
02/02/2021,5.22,5.22,5.22,5.22,5.22,400
03/02/2021,5.22,5.22,5.22,5.22,5.22,0
04/02/2021,5.22,5.22,5.22,5.22,5.22,0
05/02/2021,4.76,4.76,4.76,4.76,4.76,2400
08/02/2021,5.0,5.29,5.0,5.25,5.25,14800
09/02/2021,5.38,5.44,5.38,5.44,5.44,2800
10/02/2021,5.5,5.5,5.5,5.5,5.5,1200
11/02/2021,5.56,5.56,5.56,5.56,5.56,400
12/02/2021,5.56,5.56,5.56,5.56,5.56,1200
16/02/2021,5.75,5.75,5.62,5.62,5.62,1200
17/02/2021,5.62,5.62,5.62,5.62,5.62,0
18/02/2021,5.62,6.0,5.56,5.91,5.91,35600
19/02/2021,5.94,6.05,5.94,6.05,6.05,8400
22/02/2021,6.06,6.12,6.05,6.12,6.12,2400
23/02/2021,6.21,6.21,6.21,6.21,6.21,400
24/02/2021,6.25,6.25,6.21,6.21,6.21,1200
25/02/2021,6.21,6.21,6.21,6.21,6.21,0
26/02/2021,6.21,6.21,6.21,6.21,6.21,0
01/03/2021,6.21,6.21,6.21,6.21,6.21,0
02/03/2021,6.21,6.21,6.21,6.21,6.21,0
03/03/2021,6.12,6.26,6.12,6.26,6.26,8000
04/03/2021,6.26,6.26,6.26,6.26,6.26,0
05/03/2021,6.28,6.38,6.28,6.36,6.36,7200
08/03/2021,5.51,5.57,5.51,5.57,5.57,2800
09/03/2021,6.12,6.5,6.12,6.5,6.5,800
10/03/2021,6.75,6.75,5.88,6.45,6.45,3600
11/03/2021,6.5,6.5,6.5,6.5,6.5,800
12/03/2021,6.5,6.5,6.5,6.5,6.5,0
15/03/2021,6.62,6.75,6.31,6.75,6.75,7200
16/03/2021,6.5,6.5,5.9,6.5,6.5,4800
17/03/2021,6.5,6.5,6.5,6.5,6.5,400
18/03/2021,6.5,7.38,6.5,7.38,7.38,10800
19/03/2021,7.36,7.36,7.36,7.36,7.36,400
22/03/2021,7.36,7.36,7.36,7.36,7.36,0
23/03/2021,7.38,7.38,7.38,7.38,7.38,400
24/03/2021,7.38,7.38,7.38,7.38,7.38,0
25/03/2021,6.77,7.38,6.01,6.01,6.01,2800
26/03/2021,6.01,6.01,6.01,6.01,6.01,0
29/03/2021,7.5,8.75,7.5,7.62,7.62,31200
30/03/2021,7.88,7.88,7.75,7.75,7.75,4800
31/03/2021,8.0,8.12,8.0,8.12,8.12,10000
01/04/2021,8.61,8.61,8.61,8.61,8.61,400
05/04/2021,8.61,8.61,8.61,8.61,8.61,0
06/04/2021,8.61,8.61,8.61,8.61,8.61,0
07/04/2021,8.25,8.25,8.25,8.25,8.25,2800
08/04/2021,8.12,8.12,8.12,8.12,8.12,2000
09/04/2021,8.25,8.25,8.0,8.0,8.0,4400
12/04/2021,8.0,8.0,8.0,8.0,8.0,4000
13/04/2021,8.0,8.0,8.0,8.0,8.0,0
14/04/2021,8.5,8.77,8.5,8.75,8.75,15600
15/04/2021,8.5,8.5,8.5,8.5,8.5,400
16/04/2021,8.49,8.49,8.25,8.25,8.25,1200
19/04/2021,8.49,8.49,8.27,8.27,8.27,2000
20/04/2021,8.27,8.27,8.27,8.27,8.27,0
21/04/2021,8.27,8.27,8.27,8.27,8.27,0
22/04/2021,8.24,8.24,8.0,8.0,8.0,5200
23/04/2021,8.12,10.62,8.12,9.75,9.75,14800
26/04/2021,10.0,10.0,10.0,10.0,10.0,800
27/04/2021,9.88,9.88,9.88,9.88,9.88,400
28/04/2021,9.5,9.5,9.25,9.25,9.25,2800
29/04/2021,9.75,10.0,9.75,10.0,10.0,6000
30/04/2021,9.99,9.99,9.99,9.99,9.99,400
03/05/2021,10.0,10.31,10.0,10.31,10.31,7200
04/05/2021,10.31,10.31,10.31,10.31,10.31,0
05/05/2021,10.31,10.31,10.31,10.31,10.31,400
06/05/2021,10.43,10.43,10.43,10.43,10.43,1200
07/05/2021,9.88,9.88,9.88,9.88,9.88,1200
10/05/2021,9.51,9.51,9.5,9.51,9.51,4400
11/05/2021,9.51,9.51,9.51,9.51,9.51,0
12/05/2021,9.62,9.62,9.5,9.5,9.5,800
13/05/2021,9.5,9.5,9.5,9.5,9.5,0
14/05/2021,9.62,9.75,9.01,9.25,9.25,18000
17/05/2021,9.44,9.44,9.25,9.25,9.25,3600
18/05/2021,9.25,9.25,9.25,9.25,9.25,4000
19/05/2021,9.0,9.0,9.0,9.0,9.0,4400
20/05/2021,9.0,9.0,9.0,9.0,9.0,0
21/05/2021,9.0,9.0,9.0,9.0,9.0,0
24/05/2021,9.24,9.25,9.24,9.25,9.25,1200
25/05/2021,9.25,9.25,9.25,9.25,9.25,0
26/05/2021,9.25,9.25,9.25,9.25,9.25,0
27/05/2021,9.38,9.38,9.38,9.38,9.38,1200
28/05/2021,9.38,9.38,9.38,9.38,9.38,0
01/06/2021,9.25,9.25,9.0,9.0,9.0,6800
02/06/2021,9.0,9.0,9.0,9.0,9.0,0
03/06/2021,8.94,9.0,8.94,9.0,9.0,2400
04/06/2021,9.0,9.0,9.0,9.0,9.0,800
07/06/2021,9.0,9.38,9.0,9.38,9.38,2000
08/06/2021,9.25,9.25,8.94,8.94,8.94,4400
09/06/2021,9.0,9.12,9.0,9.0,9.0,2400
10/06/2021,9.25,9.25,9.25,9.25,9.25,1200
11/06/2021,9.25,9.38,9.25,9.38,9.38,1200
14/06/2021,9.38,9.38,9.38,9.38,9.38,0
15/06/2021,9.38,9.38,9.38,9.38,9.38,0
16/06/2021,9.0,9.25,7.0,9.25,9.25,22000
17/06/2021,9.25,9.25,9.25,9.25,9.25,2000
18/06/2021,9.25,9.25,9.25,9.25,9.25,0
21/06/2021,9.25,9.25,9.25,9.25,9.25,0
22/06/2021,9.25,9.5,9.0,9.5,9.5,3200
23/06/2021,9.25,9.5,9.25,9.5,9.5,15200
24/06/2021,9.5,9.5,9.5,9.5,9.5,0
25/06/2021,9.62,9.62,9.62,9.62,9.62,400
28/06/2021,9.62,9.62,9.62,9.62,9.62,0
29/06/2021,9.5,9.75,9.5,9.75,9.75,8000
30/06/2021,9.75,9.75,9.75,9.75,9.75,0
01/07/2021,9.75,9.75,9.75,9.75,9.75,0
02/07/2021,9.75,9.75,9.75,9.75,9.75,0
06/07/2021,9.71,9.71,9.71,9.71,9.71,400
07/07/2021,9.75,10.0,9.75,10.0,10.0,11200
08/07/2021,10.0,10.0,10.0,10.0,10.0,800
09/07/2021,10.0,10.0,10.0,10.0,10.0,0
12/07/2021,10.0,10.0,10.0,10.0,10.0,0
13/07/2021,10.0,10.02,10.0,10.02,10.02,4400
14/07/2021,10.12,10.43,9.75,10.43,10.43,5200
15/07/2021,9.77,10.45,9.77,10.45,10.45,12000
16/07/2021,10.45,10.45,10.45,10.45,10.45,400
19/07/2021,10.49,10.5,10.49,10.5,10.5,800
20/07/2021,10.5,10.5,10.5,10.5,10.5,0
21/07/2021,10.65,10.65,10.65,10.65,10.65,800
22/07/2021,10.65,10.65,10.65,10.65,10.65,0
23/07/2021,10.5,10.5,10.5,10.5,10.5,400
26/07/2021,10.5,10.5,10.5,10.5,10.5,0
27/07/2021,10.5,10.5,10.5,10.5,10.5,0
28/07/2021,10.5,10.5,10.5,10.5,10.5,0
29/07/2021,10.5,10.5,10.5,10.5,10.5,0
30/07/2021,10.44,10.44,10.44,10.44,10.44,4000
02/08/2021,10.44,10.44,10.44,10.44,10.44,0
03/08/2021,10.44,10.44,10.44,10.44,10.44,2800
04/08/2021,10.44,10.44,10.44,10.44,10.44,0
05/08/2021,10.44,10.44,10.44,10.44,10.44,0
06/08/2021,10.44,10.44,10.44,10.44,10.44,0
09/08/2021,10.44,10.44,10.44,10.44,10.44,0
10/08/2021,10.44,10.44,10.44,10.44,10.44,0
11/08/2021,10.44,10.44,10.44,10.44,10.44,0
12/08/2021,10.44,10.44,10.44,10.44,10.44,0
13/08/2021,10.44,10.44,10.44,10.44,10.44,1200
16/08/2021,10.44,10.44,10.44,10.44,10.44,0
17/08/2021,10.5,11.93,10.5,11.88,11.88,65600
18/08/2021,11.88,11.99,11.88,11.88,11.88,10000
19/08/2021,11.88,11.88,11.88,11.88,11.88,0
20/08/2021,11.88,11.88,11.84,11.88,11.88,7600
23/08/2021,11.88,11.89,11.81,11.81,11.81,5600
24/08/2021,11.81,11.81,11.81,11.81,11.81,0
25/08/2021,11.84,11.9,11.76,11.76,11.76,2400
26/08/2021,11.81,11.93,11.8,11.93,11.93,9200
27/08/2021,11.93,12.0,11.93,12.0,12.0,3200
30/08/2021,12.0,12.07,12.0,12.07,12.07,10400
31/08/2021,12.07,12.07,11.75,11.75,11.75,6400
01/09/2021,11.75,11.75,11.75,11.75,11.75,0
02/09/2021,11.5,11.76,11.5,11.75,11.75,1600
03/09/2021,11.57,11.62,11.5,11.62,11.62,2400
07/09/2021,11.62,11.62,11.62,11.62,11.62,0
08/09/2021,11.62,11.62,11.62,11.62,11.62,0
09/09/2021,11.62,11.62,11.62,11.62,11.62,0
10/09/2021,11.25,11.25,11.25,11.25,11.25,1200
13/09/2021,11.25,11.25,11.25,11.25,11.25,0
14/09/2021,11.75,11.88,11.75,11.88,11.88,800
15/09/2021,11.88,11.88,11.88,11.88,11.88,400
16/09/2021,11.88,12.62,11.88,12.5,12.5,20000
17/09/2021,12.5,12.5,12.5,12.5,12.5,2000
20/09/2021,12.49,12.49,12.49,12.49,12.49,1600
21/09/2021,12.5,12.69,12.5,12.69,12.69,9200
22/09/2021,12.69,13.06,12.69,13.06,13.06,6800
23/09/2021,13.12,13.81,13.12,13.75,13.75,16400
24/09/2021,13.75,13.75,13.75,13.75,13.75,400
27/09/2021,13.75,13.75,13.75,13.75,13.75,0
28/09/2021,13.25,13.25,11.75,13.12,13.12,3200
29/09/2021,13.12,13.12,13.12,13.12,13.12,0
30/09/2021,13.12,13.12,13.12,13.12,13.12,0
01/10/2021,13.25,13.25,13.25,13.25,13.25,1200
04/10/2021,13.25,13.25,13.25,13.25,13.25,0
05/10/2021,13.25,13.25,13.25,13.25,13.25,0
06/10/2021,13.25,13.25,13.25,13.25,13.25,0
07/10/2021,13.49,13.49,13.49,13.49,13.49,800
08/10/2021,13.49,13.49,13.49,13.49,13.49,0
11/10/2021,13.5,13.5,13.5,13.5,13.5,800
12/10/2021,13.5,13.5,13.5,13.5,13.5,0
13/10/2021,13.5,13.5,13.5,13.5,13.5,400
14/10/2021,13.49,13.5,13.06,13.5,13.5,2800
15/10/2021,13.74,13.8,13.74,13.8,13.8,10000
18/10/2021,13.75,13.75,13.56,13.56,13.56,3200
19/10/2021,13.69,13.69,13.69,13.69,13.69,1200
20/10/2021,13.56,13.56,13.56,13.56,13.56,1600
21/10/2021,13.69,13.84,13.69,13.75,13.75,4000
22/10/2021,13.75,13.75,13.75,13.75,13.75,0
25/10/2021,13.77,13.77,13.76,13.76,13.76,2000
26/10/2021,13.76,13.76,12.76,12.76,12.76,1600
27/10/2021,13.5,13.5,13.5,13.5,13.5,1200
28/10/2021,13.5,13.5,13.5,13.5,13.5,0
29/10/2021,13.5,13.5,13.5,13.5,13.5,0
01/11/2021,13.5,13.5,13.5,13.5,13.5,0
02/11/2021,13.5,13.5,13.5,13.5,13.5,0
03/11/2021,13.5,13.5,13.5,13.5,13.5,0
04/11/2021,13.44,13.5,13.25,13.5,13.5,8400
05/11/2021,13.51,13.51,13.51,13.51,13.51,1600
08/11/2021,13.8,13.8,13.8,13.8,13.8,1200
09/11/2021,13.8,13.8,13.8,13.8,13.8,2400
10/11/2021,13.8,13.81,13.6,13.75,13.75,3200
11/11/2021,13.6,13.63,13.6,13.63,13.63,1600
12/11/2021,13.44,13.44,12.0,12.25,12.25,42800
15/11/2021,12.25,12.31,12.0,12.25,12.25,28800
16/11/2021,12.25,12.75,12.25,12.75,12.75,16400
17/11/2021,12.45,12.75,12.38,12.5,12.5,4000
18/11/2021,12.25,12.5,12.25,12.25,12.25,4800
19/11/2021,12.26,12.26,12.26,12.26,12.26,1600
22/11/2021,12.38,12.5,12.25,12.25,12.25,2000
23/11/2021,12.05,12.25,12.0,12.12,12.12,14400
24/11/2021,12.0,12.12,12.0,12.12,12.12,1200
26/11/2021,12.0,12.12,11.5,12.0,12.0,4400
29/11/2021,11.5,11.98,11.5,11.98,11.98,4000
30/11/2021,11.94,11.94,11.88,11.88,11.88,2000
01/12/2021,12.01,12.25,12.0,12.0,12.0,1600
02/12/2021,12.0,12.25,10.51,12.0,12.0,5600
03/12/2021,12.14,12.14,12.0,12.0,12.0,4800
06/12/2021,12.25,12.25,12.25,12.25,12.25,400
07/12/2021,12.88,12.88,12.5,12.5,12.5,1200
08/12/2021,14.0,14.0,14.0,14.0,14.0,100
09/12/2021,14.0,14.25,14.0,14.25,14.25,500
10/12/2021,14.0,14.0,13.75,13.75,13.75,200
13/12/2021,13.75,13.75,10.0,12.9,12.9,8300
14/12/2021,13.0,14.5,12.9,14.25,14.25,11800
15/12/2021,14.25,14.5,14.25,14.25,14.25,10500
16/12/2021,14.25,14.25,14.25,14.25,14.25,0
17/12/2021,14.65,14.65,14.63,14.63,14.63,200
20/12/2021,14.25,14.87,14.25,14.87,14.87,2300
21/12/2021,14.7,14.9,14.7,14.9,14.9,400
22/12/2021,14.6,15.0,14.0,14.9,14.9,40700
23/12/2021,14.1,15.0,12.5,15.0,15.0,3200
27/12/2021,14.25,15.0,14.25,15.0,15.0,300
28/12/2021,14.75,14.99,14.75,14.99,14.99,200
29/12/2021,15.0,16.0,15.0,16.0,16.0,4900
30/12/2021,16.0,16.0,16.0,16.0,16.0,500
31/12/2021,16.0,16.0,16.0,16.0,16.0,500
03/01/2022,15.0,16.0,15.0,15.99,15.99,2600
04/01/2022,16.0,16.4,15.75,16.35,16.35,1500
05/01/2022,16.4,16.85,16.26,16.7,16.7,1700
06/01/2022,16.75,16.75,16.15,16.15,16.15,700
07/01/2022,16.25,16.25,16.2,16.2,16.2,300
10/01/2022,16.0,16.25,15.95,16.25,16.25,700
11/01/2022,16.17,16.17,16.17,16.17,16.17,1200
12/01/2022,16.35,16.4,16.22,16.4,16.4,900
13/01/2022,16.27,16.27,16.1,16.1,16.1,500
14/01/2022,16.0,16.1,15.9,16.1,16.1,400
18/01/2022,16.0,16.0,15.5,15.5,15.5,1800
19/01/2022,16.0,16.1,15.62,15.62,15.62,1200
20/01/2022,15.65,15.65,15.65,15.65,15.65,300
21/01/2022,15.65,15.65,15.65,15.65,15.65,0
24/01/2022,15.35,15.75,13.9,15.7,15.7,10000
25/01/2022,15.5,15.5,14.3,14.78,14.78,18600
26/01/2022,15.02,15.02,14.2,14.2,14.2,4100
27/01/2022,13.85,14.3,13.81,14.3,14.3,2600
28/01/2022,14.3,14.3,13.9,13.9,13.9,1300
31/01/2022,14.3,14.3,13.5,13.8,13.8,7500
01/02/2022,14.0,14.7,14.0,14.7,14.7,1200
02/02/2022,14.2,14.2,14.1,14.1,14.1,300
03/02/2022,14.1,14.7,14.1,14.5,14.5,700
04/02/2022,14.5,14.5,14.5,14.5,14.5,0
07/02/2022,14.18,14.23,14.0,14.0,14.0,6800
08/02/2022,14.0,14.0,14.0,14.0,14.0,0
09/02/2022,13.85,14.0,13.85,14.0,14.0,2200
10/02/2022,13.65,13.85,13.5,13.85,13.85,800
11/02/2022,13.85,13.85,13.55,13.75,13.75,900
14/02/2022,13.5,13.8,13.5,13.75,13.75,700
15/02/2022,13.75,14.1,13.55,14.1,14.1,1300
16/02/2022,13.85,14.2,13.85,14.2,14.2,800
17/02/2022,14.0,14.0,13.5,14.0,14.0,500
18/02/2022,14.0,14.0,14.0,14.0,14.0,0
22/02/2022,14.0,14.0,14.0,14.0,14.0,200
23/02/2022,13.95,14.0,13.95,14.0,14.0,500
24/02/2022,13.95,14.0,13.95,14.0,14.0,200
25/02/2022,13.9,14.0,13.9,14.0,14.0,700
28/02/2022,14.0,14.0,14.0,14.0,14.0,0
01/03/2022,13.7,13.8,13.7,13.8,13.8,700
02/03/2022,13.8,13.8,13.8,13.8,13.8,0
03/03/2022,13.55,13.55,13.0,13.0,13.0,3900
04/03/2022,13.0,13.0,12.0,12.0,12.0,6800
07/03/2022,12.5,12.5,12.5,12.5,12.5,1000
08/03/2022,12.0,12.0,12.0,12.0,12.0,1100
09/03/2022,12.0,12.0,11.85,12.0,12.0,1500
10/03/2022,11.85,12.0,11.85,12.0,12.0,400
11/03/2022,12.0,12.0,12.0,12.0,12.0,4800
14/03/2022,12.0,12.0,12.0,12.0,12.0,600
15/03/2022,12.0,12.0,12.0,12.0,12.0,500
16/03/2022,12.0,12.0,11.7,11.83,11.83,1700
17/03/2022,11.8,12.0,11.8,12.0,12.0,400
18/03/2022,12.0,12.0,12.0,12.0,12.0,300
21/03/2022,11.95,12.15,11.95,12.15,12.15,200
22/03/2022,12.15,12.15,12.08,12.13,12.13,500
23/03/2022,12.0,12.0,12.0,12.0,12.0,100
24/03/2022,12.13,12.15,12.13,12.15,12.15,900
25/03/2022,12.05,12.05,11.6,12.0,12.0,1200
28/03/2022,11.95,11.95,11.95,11.95,11.95,400
29/03/2022,11.99,11.99,11.8,11.8,11.8,800
30/03/2022,11.8,11.8,11.8,11.8,11.8,0
31/03/2022,11.0,11.99,11.0,11.99,11.99,3300
01/04/2022,11.13,11.14,10.51,10.91,10.91,28800
04/04/2022,10.51,10.75,9.75,10.25,10.25,31000
05/04/2022,9.91,9.91,9.91,9.91,9.91,1000
06/04/2022,10.02,10.2,9.91,10.15,10.15,5200
07/04/2022,10.1,10.5,10.1,10.5,10.5,600
08/04/2022,10.49,10.49,10.25,10.48,10.48,7800
11/04/2022,10.23,10.48,10.15,10.48,10.48,21200
12/04/2022,10.48,10.48,10.48,10.48,10.48,0
13/04/2022,10.5,11.25,10.5,11.0,11.0,7900
14/04/2022,11.12,11.12,10.7,11.0,11.0,800
18/04/2022,10.4,11.0,10.4,11.0,11.0,1600
19/04/2022,10.6,11.0,10.41,11.0,11.0,1200
20/04/2022,11.0,11.0,10.6,10.71,10.71,1100
21/04/2022,10.71,10.71,10.71,10.71,10.71,0
22/04/2022,10.6,10.75,10.6,10.62,10.62,1000
25/04/2022,10.6,10.75,10.55,10.67,10.67,10400
26/04/2022,10.68,10.68,10.55,10.55,10.55,16000
27/04/2022,10.75,10.75,10.55,10.75,10.75,4700
28/04/2022,11.0,11.03,10.6,10.6,10.6,1300
29/04/2022,10.85,10.85,10.85,10.85,10.85,100
02/05/2022,10.85,10.85,10.85,10.85,10.85,0
03/05/2022,10.6,10.75,10.6,10.75,10.75,4800
04/05/2022,10.77,11.05,10.77,11.05,11.05,600
05/05/2022,10.65,10.65,10.65,10.65,10.65,400
06/05/2022,10.65,10.65,10.65,10.65,10.65,0
09/05/2022,10.64,11.1,10.5,11.1,11.1,8400
10/05/2022,10.4,11.0,10.4,10.5,10.5,500
11/05/2022,10.5,10.5,10.5,10.5,10.5,7100
12/05/2022,10.5,10.65,10.5,10.65,10.65,500
13/05/2022,10.5,10.5,10.5,10.5,10.5,800
16/05/2022,10.5,10.5,10.5,10.5,10.5,0
17/05/2022,10.54,10.55,10.54,10.55,10.55,1300
18/05/2022,10.63,10.65,10.63,10.65,10.65,300
19/05/2022,10.55,10.55,10.55,10.55,10.55,5500
20/05/2022,10.6,10.6,10.55,10.55,10.55,6100
23/05/2022,11.0,11.0,11.0,11.0,11.0,200
24/05/2022,10.45,10.45,10.45,10.45,10.45,200
25/05/2022,10.45,10.45,10.45,10.45,10.45,0
26/05/2022,10.45,10.45,10.45,10.45,10.45,200
27/05/2022,10.45,10.45,10.45,10.45,10.45,0
31/05/2022,10.45,10.61,10.45,10.45,10.45,13000
01/06/2022,10.45,10.45,10.45,10.45,10.45,0
02/06/2022,10.75,10.75,10.75,10.75,10.75,300
03/06/2022,10.75,10.75,10.75,10.75,10.75,0
06/06/2022,10.75,10.75,10.75,10.75,10.75,0
07/06/2022,10.75,10.75,10.75,10.75,10.75,0
08/06/2022,10.5,11.0,10.5,11.0,11.0,800
09/06/2022,11.0,11.0,11.0,11.0,11.0,0
10/06/2022,11.0,11.0,11.0,11.0,11.0,0
13/06/2022,11.0,11.0,10.55,11.0,11.0,8000
14/06/2022,10.55,10.57,10.55,10.55,10.55,2000
15/06/2022,10.55,10.81,10.55,10.57,10.57,1800
16/06/2022,10.55,10.55,9.75,9.75,9.75,8600
17/06/2022,10.25,10.25,10.0,10.0,10.0,700
21/06/2022,10.12,10.43,10.12,10.43,10.43,2100
22/06/2022,9.5,9.5,9.5,9.5,9.5,200
23/06/2022,10.0,10.1,10.0,10.0,10.0,7100
24/06/2022,10.0,10.5,10.0,10.35,10.35,4000
27/06/2022,10.5,10.5,10.5,10.5,10.5,1100
28/06/2022,9.85,9.85,9.85,9.85,9.85,300
29/06/2022,10.5,10.5,10.5,10.5,10.5,100
30/06/2022,10.5,10.65,10.5,10.5,10.5,1000
01/07/2022,9.85,10.8,9.85,10.5,10.5,5300
05/07/2022,10.4,10.55,9.85,10.5,10.5,1700
06/07/2022,10.5,10.5,10.25,10.5,10.5,2500
07/07/2022,10.25,10.8,10.25,10.8,10.8,2300
08/07/2022,10.25,10.25,10.25,10.25,10.25,800
11/07/2022,10.8,10.8,10.5,10.8,10.8,2400
12/07/2022,10.8,11.0,10.8,11.0,11.0,9800
13/07/2022,11.0,11.0,11.0,11.0,11.0,200
14/07/2022,11.15,11.5,11.0,11.0,11.0,4300
15/07/2022,11.5,12.8,11.5,12.5,12.5,18500
18/07/2022,12.5,12.5,12.5,12.5,12.5,0
19/07/2022,11.63,12.45,11.63,12.4,12.4,600
20/07/2022,12.4,12.4,12.4,12.4,12.4,0
21/07/2022,12.4,12.5,12.4,12.5,12.5,5500
22/07/2022,12.5,12.5,12.5,12.5,12.5,5000
25/07/2022,12.7,12.88,12.7,12.8,12.8,6700
26/07/2022,12.55,13.23,12.55,13.23,13.23,36700
27/07/2022,13.23,13.23,13.23,13.23,13.23,0
28/07/2022,13.25,13.25,13.25,13.25,13.25,300
29/07/2022,13.23,13.25,13.23,13.25,13.25,300
01/08/2022,13.25,13.5,13.0,13.5,13.5,35500
02/08/2022,13.5,13.5,13.5,13.5,13.5,0
03/08/2022,13.5,13.5,13.5,13.5,13.5,5200
04/08/2022,13.5,14.0,13.5,13.95,13.95,4100
05/08/2022,14.0,14.0,14.0,14.0,14.0,3600
08/08/2022,14.0,14.0,14.0,14.0,14.0,0
09/08/2022,14.25,14.8,14.15,14.8,14.8,3300
10/08/2022,14.8,14.8,14.8,14.8,14.8,0
11/08/2022,14.9,15.0,14.5,15.0,15.0,2300
12/08/2022,15.0,15.15,15.0,15.15,15.15,1500
15/08/2022,15.0,15.7,15.0,15.65,15.65,1100
16/08/2022,15.7,15.85,15.5,15.85,15.85,1400
17/08/2022,15.85,15.85,15.5,15.5,15.5,1400
18/08/2022,15.75,15.75,15.75,15.75,15.75,200
19/08/2022,15.75,15.75,15.75,15.75,15.75,0
22/08/2022,16.52,16.9,16.5,16.6,16.6,6800
23/08/2022,16.6,16.6,16.6,16.6,16.6,100
24/08/2022,16.6,16.6,16.6,16.6,16.6,0
25/08/2022,16.5,16.6,16.5,16.6,16.6,1400
26/08/2022,15.5,16.6,15.5,16.6,16.6,2200
29/08/2022,16.6,16.6,16.6,16.6,16.6,0
30/08/2022,15.78,16.5,15.78,16.45,16.45,2600
31/08/2022,16.45,16.8,16.45,16.8,16.8,1800
01/09/2022,16.85,16.85,16.75,16.8,16.8,1000
02/09/2022,16.5,16.5,16.03,16.5,16.5,1200
06/09/2022,16.25,16.25,16.25,16.25,16.25,1100
07/09/2022,16.25,16.65,16.25,16.65,16.65,2600
08/09/2022,16.25,16.65,16.25,16.5,16.5,2500
09/09/2022,16.5,16.65,16.5,16.65,16.65,800
12/09/2022,16.65,16.65,16.65,16.65,16.65,0
13/09/2022,16.65,16.65,16.65,16.65,16.65,0
14/09/2022,16.25,16.5,16.25,16.5,16.5,1200
15/09/2022,16.3,16.65,16.25,16.65,16.65,1200
16/09/2022,16.25,16.25,16.25,16.25,16.25,500
19/09/2022,16.25,16.25,16.25,16.25,16.25,0
20/09/2022,16.25,16.31,16.25,16.25,16.25,1900
21/09/2022,16.25,16.25,16.25,16.25,16.25,2200
22/09/2022,16.25,16.25,16.25,16.25,16.25,100
23/09/2022,16.25,16.3,16.24,16.3,16.3,2900
26/09/2022,16.3,16.3,16.3,16.3,16.3,2000
27/09/2022,16.3,16.3,16.25,16.25,16.25,1200
28/09/2022,16.25,16.25,16.25,16.25,16.25,0
29/09/2022,16.0,16.0,16.0,16.0,16.0,200
30/09/2022,16.0,16.0,16.0,16.0,16.0,0
03/10/2022,16.0,16.0,15.0,15.0,15.0,1700
04/10/2022,16.0,16.25,16.0,16.25,16.25,600
05/10/2022,16.25,16.25,16.25,16.25,16.25,0
06/10/2022,16.0,16.13,16.0,16.0,16.0,3700
07/10/2022,16.25,16.25,16.25,16.25,16.25,500
10/10/2022,16.15,16.15,16.15,16.15,16.15,4000
11/10/2022,16.15,16.15,16.15,16.15,16.15,0
12/10/2022,16.25,16.25,16.15,16.15,16.15,4900
13/10/2022,16.15,16.15,16.15,16.15,16.15,100
14/10/2022,16.02,16.02,16.0,16.0,16.0,200
17/10/2022,16.0,16.0,16.0,16.0,16.0,0
18/10/2022,16.0,16.0,16.0,16.0,16.0,100
19/10/2022,16.0,16.0,16.0,16.0,16.0,0
20/10/2022,16.0,16.0,16.0,16.0,16.0,300
21/10/2022,16.01,16.01,16.01,16.01,16.01,900
24/10/2022,15.5,15.5,15.5,15.5,15.5,200
25/10/2022,14.42,14.42,14.05,14.2,14.2,15100
26/10/2022,15.45,15.45,15.45,15.45,15.45,100
27/10/2022,15.45,15.45,15.45,15.45,15.45,0
28/10/2022,15.45,15.45,15.45,15.45,15.45,200
31/10/2022,15.0,16.0,15.0,15.9,15.9,500
01/11/2022,15.9,15.9,15.9,15.9,15.9,100
02/11/2022,15.9,15.9,15.9,15.9,15.9,0
03/11/2022,15.9,15.9,15.9,15.9,15.9,0
04/11/2022,15.0,16.0,15.0,15.9,15.9,2300
07/11/2022,15.9,15.9,15.9,15.9,15.9,0
08/11/2022,15.9,15.9,15.9,15.9,15.9,0
09/11/2022,15.9,15.9,15.9,15.9,15.9,0
10/11/2022,16.0,16.0,14.5,16.0,16.0,14700
11/11/2022,15.5,16.0,15.5,16.0,16.0,200
14/11/2022,16.0,16.0,16.0,16.0,16.0,0
15/11/2022,16.0,16.0,16.0,16.0,16.0,0
16/11/2022,16.0,16.0,16.0,16.0,16.0,0
17/11/2022,16.0,16.0,16.0,16.0,16.0,0
18/11/2022,16.0,16.0,16.0,16.0,16.0,400
21/11/2022,15.5,15.5,15.5,15.5,15.5,200
22/11/2022,15.0,15.0,15.0,15.0,15.0,3700
23/11/2022,15.0,15.0,15.0,15.0,15.0,0
25/11/2022,15.0,15.0,15.0,15.0,15.0,0
28/11/2022,15.0,15.0,15.0,15.0,15.0,0
29/11/2022,15.0,15.0,15.0,15.0,15.0,0
30/11/2022,15.0,15.0,15.0,15.0,15.0,0
01/12/2022,14.9,15.0,14.2,15.0,15.0,10600
02/12/2022,14.6,14.6,14.6,14.6,14.6,100
05/12/2022,15.0,17.0,15.0,16.25,16.25,22800
06/12/2022,16.5,16.5,15.75,16.3,16.3,3100
07/12/2022,16.3,16.3,16.3,16.3,16.3,2200
08/12/2022,16.2,17.33,16.2,17.0,17.0,4000
09/12/2022,17.0,17.15,17.0,17.0,17.0,700
12/12/2022,16.95,16.95,16.85,16.85,16.85,3000
13/12/2022,16.85,16.85,16.85,16.85,16.85,0
14/12/2022,16.54,16.65,16.3,16.65,16.65,2200
15/12/2022,16.47,16.5,16.25,16.5,16.5,1200
16/12/2022,16.25,16.65,16.25,16.65,16.65,1200
19/12/2022,16.65,16.65,16.65,16.65,16.65,0
20/12/2022,16.05,16.45,16.0,16.45,16.45,3500
21/12/2022,16.0,16.5,16.0,16.5,16.5,400
22/12/2022,16.25,16.5,16.25,16.5,16.5,3200
23/12/2022,16.5,16.5,16.5,16.5,16.5,0
27/12/2022,16.03,16.5,16.03,16.5,16.5,1500
28/12/2022,16.0,16.0,16.0,16.0,16.0,100
29/12/2022,16.0,16.0,15.8,15.8,15.8,400
30/12/2022,15.8,15.95,15.8,15.95,15.95,500
03/01/2023,15.98,15.98,15.98,15.98,15.98,100
04/01/2023,15.98,15.98,15.98,15.98,15.98,0
05/01/2023,15.98,15.98,15.98,15.98,15.98,0
06/01/2023,15.9,16.0,15.05,15.5,15.5,1700
09/01/2023,16.0,16.0,16.0,16.0,16.0,300
10/01/2023,16.0,16.0,16.0,16.0,16.0,0
11/01/2023,15.9,16.0,15.9,16.0,16.0,600
12/01/2023,16.0,16.0,16.0,16.0,16.0,0
13/01/2023,16.0,16.0,16.0,16.0,16.0,100
17/01/2023,16.0,16.5,16.0,16.5,16.5,900
18/01/2023,16.5,16.5,16.5,16.5,16.5,0
19/01/2023,16.0,16.23,16.0,16.0,16.0,2400
20/01/2023,16.0,16.9,16.0,16.9,16.9,1800
23/01/2023,16.9,16.9,16.9,16.9,16.9,0
24/01/2023,16.9,16.9,16.0,16.0,16.0,2100
25/01/2023,16.0,16.0,16.0,16.0,16.0,1900
26/01/2023,15.98,16.2,15.98,16.2,16.2,1500
27/01/2023,16.2,16.21,16.2,16.21,16.21,200
30/01/2023,16.0,17.0,16.0,16.5,16.5,5700
31/01/2023,16.5,17.0,16.5,17.0,17.0,700
01/02/2023,17.0,17.25,17.0,17.1,17.1,4700
02/02/2023,16.1,17.0,16.1,17.0,17.0,11600
03/02/2023,16.05,17.0,16.05,17.0,17.0,1800
06/02/2023,17.0,17.0,17.0,17.0,17.0,1300
07/02/2023,17.0,17.0,17.0,17.0,17.0,1000
08/02/2023,17.12,17.13,17.12,17.12,17.12,1900
09/02/2023,17.25,17.25,17.25,17.25,17.25,1300
10/02/2023,17.25,17.25,17.25,17.25,17.25,400
13/02/2023,17.25,17.5,17.25,17.5,17.5,2200
14/02/2023,17.25,17.5,17.25,17.5,17.5,2700
15/02/2023,17.5,17.5,17.25,17.25,17.25,2100
16/02/2023,17.2,17.25,17.0,17.25,17.25,2000
17/02/2023,17.25,17.5,17.25,17.25,17.25,6900
21/02/2023,17.0,17.25,17.0,17.25,17.25,300
22/02/2023,17.25,17.25,17.1,17.25,17.25,2100
23/02/2023,17.25,18.75,17.25,18.7,18.7,10800
24/02/2023,18.75,18.87,18.75,18.87,18.87,3100
27/02/2023,18.87,18.87,18.5,18.8,18.8,4200
28/02/2023,18.87,19.0,18.7,19.0,19.0,3800
01/03/2023,19.0,19.0,18.88,19.0,19.0,1400
02/03/2023,19.0,19.0,18.99,19.0,19.0,1700
03/03/2023,19.0,19.0,18.95,18.95,18.95,1200
06/03/2023,19.0,19.19,18.74,19.0,19.0,2200
07/03/2023,19.0,19.0,19.0,19.0,19.0,200
08/03/2023,18.99,19.18,18.25,19.15,19.15,4400
09/03/2023,19.0,19.19,18.25,19.19,19.19,1800
10/03/2023,19.0,19.0,18.25,19.0,19.0,2200
13/03/2023,18.5,19.0,18.0,18.51,18.51,2600
14/03/2023,18.08,19.0,18.0,19.0,19.0,2300
15/03/2023,19.0,19.0,19.0,19.0,19.0,0
16/03/2023,18.2,18.2,17.97,18.0,18.0,400
17/03/2023,17.5,17.5,17.25,17.5,17.5,4100
20/03/2023,17.5,17.5,17.5,17.5,17.5,0
21/03/2023,18.0,18.0,17.75,17.75,17.75,900
22/03/2023,17.5,17.5,17.5,17.5,17.5,1000
23/03/2023,17.55,17.55,17.02,17.02,17.02,500
24/03/2023,17.02,17.02,17.02,17.02,17.02,0
27/03/2023,17.02,17.02,16.0,17.0,17.0,4800
28/03/2023,17.2,17.2,17.2,17.2,17.2,300
29/03/2023,16.9,17.5,16.5,17.0,17.0,1300
30/03/2023,16.45,16.5,16.45,16.5,16.5,1900
31/03/2023,16.5,16.75,16.5,16.75,16.75,1100
03/04/2023,16.25,16.75,16.25,16.75,16.75,7200
04/04/2023,16.5,16.5,16.15,16.15,16.15,25500
05/04/2023,16.02,16.2,16.02,16.2,16.2,600
06/04/2023,16.02,16.33,16.0,16.28,16.28,3100
10/04/2023,16.96,17.0,16.75,16.75,16.75,1300
11/04/2023,16.23,16.88,16.23,16.75,16.75,400
12/04/2023,16.75,16.75,16.75,16.75,16.75,2400
13/04/2023,17.0,17.0,17.0,17.0,17.0,1300
14/04/2023,17.0,17.0,17.0,17.0,17.0,900
17/04/2023,17.05,17.05,17.05,17.05,17.05,100
18/04/2023,17.05,17.05,17.05,17.05,17.05,0
19/04/2023,17.0,17.0,17.0,17.0,17.0,1600
20/04/2023,17.0,17.0,17.0,17.0,17.0,400
21/04/2023,16.75,17.0,16.75,17.0,17.0,300
24/04/2023,17.0,17.0,16.0,17.0,17.0,1800
25/04/2023,17.0,17.0,17.0,17.0,17.0,0
26/04/2023,17.0,17.0,17.0,17.0,17.0,0
27/04/2023,17.0,17.0,17.0,17.0,17.0,500
28/04/2023,17.0,17.0,17.0,17.0,17.0,0
01/05/2023,16.95,17.45,16.95,17.0,17.0,900
02/05/2023,17.0,17.0,17.0,17.0,17.0,0
03/05/2023,16.0,17.1,16.0,17.1,17.1,900
04/05/2023,17.0,17.25,17.0,17.25,17.25,300
05/05/2023,17.25,17.25,17.25,17.25,17.25,0
08/05/2023,17.25,17.25,17.25,17.25,17.25,200
09/05/2023,17.25,17.25,16.5,17.2,17.2,800
10/05/2023,17.2,17.2,17.2,17.2,17.2,0
11/05/2023,17.3,17.3,17.0,17.0,17.0,1300
12/05/2023,17.0,17.0,17.0,17.0,17.0,0
15/05/2023,17.0,17.0,17.0,17.0,17.0,0
16/05/2023,17.0,17.5,17.0,17.0,17.0,2100
17/05/2023,17.05,17.31,16.55,17.0,17.0,5000
18/05/2023,16.95,17.01,16.95,17.0,17.0,1800
19/05/2023,16.98,17.0,16.9,17.0,17.0,600
22/05/2023,17.0,17.0,16.75,16.75,16.75,700
23/05/2023,17.0,17.0,17.0,17.0,17.0,300
24/05/2023,16.75,16.75,16.75,16.75,16.75,1200
25/05/2023,16.75,16.75,16.75,16.75,16.75,0
26/05/2023,17.0,17.0,17.0,17.0,17.0,700
30/05/2023,17.0,17.0,17.0,17.0,17.0,0
31/05/2023,17.0,17.0,17.0,17.0,17.0,0
01/06/2023,16.5,16.5,16.0,16.0,16.0,1700
02/06/2023,16.0,16.0,16.0,16.0,16.0,200
05/06/2023,15.6,15.75,15.5,15.5,15.5,28100
06/06/2023,16.01,16.05,16.01,16.02,16.02,400
07/06/2023,16.05,16.05,16.0,16.0,16.0,700
08/06/2023,16.0,16.0,16.0,16.0,16.0,200
09/06/2023,16.0,16.0,15.75,15.75,15.75,1400
12/06/2023,15.95,16.0,15.8,15.8,15.8,1300
13/06/2023,15.8,15.8,15.8,15.8,15.8,0
14/06/2023,15.75,15.75,15.75,15.75,15.75,100
15/06/2023,15.75,16.0,15.75,16.0,16.0,500
16/06/2023,15.5,16.5,15.25,16.5,16.5,3100
20/06/2023,16.5,16.5,16.25,16.5,16.5,1200
21/06/2023,16.5,16.5,16.47,16.47,16.47,200
22/06/2023,17.0,17.2,17.0,17.19,17.19,1100
23/06/2023,17.16,17.16,17.16,17.16,17.16,200
26/06/2023,17.16,17.16,17.16,17.16,17.16,0
27/06/2023,17.0,17.0,17.0,17.0,17.0,500
28/06/2023,17.0,17.0,17.0,17.0,17.0,0
29/06/2023,17.0,17.0,17.0,17.0,17.0,0
30/06/2023,17.0,17.0,17.0,17.0,17.0,0
03/07/2023,17.0,17.0,17.0,17.0,17.0,200
05/07/2023,17.0,17.0,17.0,17.0,17.0,0
06/07/2023,17.0,17.0,17.0,17.0,17.0,0
07/07/2023,17.0,17.0,17.0,17.0,17.0,0
10/07/2023,17.0,17.0,17.0,17.0,17.0,100
11/07/2023,16.75,17.0,16.75,17.0,17.0,300
12/07/2023,17.0,18.0,17.0,18.0,18.0,4800
13/07/2023,17.6,18.23,17.6,17.65,17.65,2000
14/07/2023,17.0,17.22,16.8,17.22,17.22,500
17/07/2023,16.98,17.2,16.98,17.2,17.2,800
18/07/2023,17.0,17.5,17.0,17.5,17.5,1100
19/07/2023,16.92,17.52,16.92,17.5,17.5,1600
20/07/2023,17.5,17.6,17.5,17.5,17.5,4500
21/07/2023,18.0,18.0,17.5,17.5,17.5,400
24/07/2023,17.5,18.0,17.5,17.8,17.8,1600
25/07/2023,18.5,18.95,18.5,18.95,18.95,700
26/07/2023,18.95,18.95,18.95,18.95,18.95,0
27/07/2023,18.75,18.75,18.75,18.75,18.75,200
28/07/2023,18.75,18.75,18.75,18.75,18.75,100
31/07/2023,18.75,19.32,18.65,19.32,19.32,5500
01/08/2023,19.32,19.32,19.32,19.32,19.32,200
02/08/2023,18.29,19.3,18.29,19.0,19.0,1700
03/08/2023,19.05,19.05,18.98,19.0,19.0,2900
04/08/2023,19.32,19.32,19.2,19.2,19.2,3200
07/08/2023,19.2,19.2,19.2,19.2,19.2,600
08/08/2023,19.2,19.2,19.1,19.1,19.1,2000
09/08/2023,19.1,19.1,19.1,19.1,19.1,0
10/08/2023,19.0,19.2,17.65,18.0,18.0,1600
11/08/2023,18.0,18.0,17.97,17.97,17.97,300
14/08/2023,19.13,19.13,17.53,18.0,18.0,4500
15/08/2023,18.0,18.15,17.35,18.15,18.15,3700
16/08/2023,18.0,19.4,18.0,18.58,18.58,2800
17/08/2023,18.3,18.9,17.75,17.8,17.8,4700
18/08/2023,18.0,18.25,18.0,18.25,18.25,6400
21/08/2023,18.25,18.33,18.0,18.0,18.0,5300
22/08/2023,18.1,18.14,17.33,18.0,18.0,5800
23/08/2023,18.3,18.3,17.95,18.0,18.0,1700
24/08/2023,17.75,18.49,17.75,18.49,18.49,1100
25/08/2023,18.0,18.0,18.0,18.0,18.0,200
28/08/2023,17.96,17.96,17.85,17.85,17.85,900
29/08/2023,17.8,17.85,17.33,17.45,17.45,4000
30/08/2023,17.5,17.7,17.5,17.7,17.7,1100
31/08/2023,17.4,17.4,17.4,17.4,17.4,400
01/09/2023,17.1,18.0,17.1,18.0,18.0,1900
05/09/2023,17.5,17.5,17.15,17.5,17.5,2200
06/09/2023,17.4,17.4,17.3,17.3,17.3,700
07/09/2023,17.05,17.05,16.55,16.94,16.94,3200
08/09/2023,17.0,17.0,17.0,17.0,17.0,600
11/09/2023,17.0,17.0,15.65,16.0,16.0,15000
12/09/2023,15.71,16.0,15.65,16.0,16.0,4300
13/09/2023,16.0,16.0,16.0,16.0,16.0,700
14/09/2023,17.0,17.5,15.99,16.55,16.55,28100
15/09/2023,16.15,16.43,16.1,16.43,16.43,4500
18/09/2023,16.95,17.05,15.75,16.29,16.29,6200
19/09/2023,16.0,16.0,15.21,15.5,15.5,12000
20/09/2023,15.9,15.9,15.6,15.6,15.6,700
21/09/2023,15.58,15.58,15.38,15.38,15.38,2800
22/09/2023,15.41,15.41,15.41,15.41,15.41,200
25/09/2023,15.46,15.5,15.4,15.4,15.4,2700
26/09/2023,15.21,15.28,15.19,15.28,15.28,5300
27/09/2023,15.4,17.78,15.05,17.29,17.29,34800
28/09/2023,17.5,19.52,17.5,18.85,18.85,42300
29/09/2023,18.02,18.85,18.0,18.26,18.26,22400
02/10/2023,18.44,19.95,18.04,19.87,19.87,27200
03/10/2023,20.0,20.0,19.0,19.05,19.05,3200
04/10/2023,19.0,20.0,18.53,18.62,18.62,7400
05/10/2023,19.53,19.53,19.15,19.25,19.25,16200
06/10/2023,19.25,19.5,19.09,19.49,19.49,2800
09/10/2023,19.33,19.99,19.04,19.62,19.62,9500
10/10/2023,19.64,20.0,19.27,19.75,19.75,2000
11/10/2023,19.85,19.85,19.15,19.32,19.32,8200
12/10/2023,19.63,19.84,19.26,19.5,19.5,1600
13/10/2023,19.25,20.0,19.25,19.56,19.56,4600
16/10/2023,19.97,20.41,19.97,20.03,20.03,7900
17/10/2023,19.61,20.25,19.16,20.25,20.25,7900
18/10/2023,19.5,20.2,19.5,19.96,19.96,3400
19/10/2023,20.0,20.47,20.0,20.39,20.39,26700
20/10/2023,20.2,20.55,20.2,20.4,20.4,2100
23/10/2023,20.64,21.66,20.41,21.66,21.66,20700
24/10/2023,21.75,22.74,20.71,21.9,21.9,49600
25/10/2023,21.9,22.39,21.9,22.25,22.25,4300
26/10/2023,22.25,22.25,21.34,21.96,21.96,2800
27/10/2023,22.39,22.55,21.13,22.25,22.25,3700
30/10/2023,22.31,22.45,22.0,22.45,22.45,1500
31/10/2023,21.55,22.49,21.55,22.02,22.02,1000
01/11/2023,22.0,22.49,21.5,22.09,22.09,9700
02/11/2023,22.49,22.49,22.1,22.28,22.28,8200
03/11/2023,22.2,22.2,21.7,22.05,22.05,6200
06/11/2023,21.62,22.49,21.62,22.1,22.1,2000
07/11/2023,21.51,22.47,21.51,22.28,22.28,3000
08/11/2023,21.95,21.95,21.95,21.95,21.95,800
09/11/2023,21.95,21.95,21.95,21.95,21.95,300
10/11/2023,21.96,22.28,21.5,22.0,22.0,2900
13/11/2023,22.0,22.0,19.01,20.0,20.0,17200
14/11/2023,19.54,20.0,18.0,19.09,19.09,23900
15/11/2023,19.47,20.57,19.15,20.37,20.37,3200
16/11/2023,19.84,19.84,19.84,19.84,19.84,800
17/11/2023,19.28,20.0,18.86,20.0,20.0,7900
20/11/2023,19.98,20.0,19.9,19.9,19.9,3100
21/11/2023,19.95,19.95,19.05,19.9,19.9,700
22/11/2023,19.35,19.95,18.89,19.6,19.6,2800
24/11/2023,19.5,19.95,19.25,19.5,19.5,1700
27/11/2023,19.51,19.75,19.2,19.2,19.2,2600
28/11/2023,19.56,19.95,19.1,19.88,19.88,12600
29/11/2023,19.05,19.9,19.05,19.13,19.13,6900
30/11/2023,19.06,19.2,19.01,19.17,19.17,4100
01/12/2023,19.15,19.8,19.02,19.8,19.8,2300
04/12/2023,19.8,19.8,19.16,19.16,19.16,10900
05/12/2023,19.49,19.79,19.33,19.33,19.33,9200
06/12/2023,19.27,19.8,19.27,19.8,19.8,11600
07/12/2023,20.14,20.15,19.73,20.15,20.15,14200
08/12/2023,19.83,20.16,19.57,20.16,20.16,7100
11/12/2023,20.0,20.63,20.0,20.33,20.33,10500
12/12/2023,21.04,21.65,20.18,21.6,21.6,8000
13/12/2023,21.56,22.63,21.5,22.03,22.03,12500
14/12/2023,21.72,23.17,21.72,22.29,22.29,11400
15/12/2023,22.78,25.84,22.15,22.15,22.15,68700
18/12/2023,22.68,24.84,21.08,21.08,21.08,12600
19/12/2023,21.01,21.71,20.79,20.79,20.79,15200
20/12/2023,21.2,22.51,19.83,21.24,21.24,10700
21/12/2023,21.7,21.7,20.56,21.33,21.33,3400
22/12/2023,21.33,21.64,20.66,21.07,21.07,6900
26/12/2023,21.72,21.72,19.0,19.62,19.62,18300
27/12/2023,19.7,19.7,19.05,19.15,19.15,7600
28/12/2023,19.5,20.34,18.87,18.87,18.87,5000
29/12/2023,19.05,19.32,18.92,19.1,19.1,9000
02/01/2024,19.1,19.49,19.0,19.49,19.49,5900
03/01/2024,19.48,19.84,19.1,19.79,19.79,4000
04/01/2024,19.71,20.19,19.12,19.5,19.5,3600
05/01/2024,19.55,19.55,19.55,19.55,19.55,200
08/01/2024,19.5,20.18,19.01,20.18,20.18,1700
09/01/2024,20.15,20.15,19.15,19.45,19.45,10900
10/01/2024,19.31,19.31,19.23,19.26,19.26,3200
11/01/2024,19.95,19.95,19.2,19.2,19.2,700
12/01/2024,19.35,19.35,19.35,19.35,19.35,200
16/01/2024,19.3,19.84,19.3,19.84,19.84,800
17/01/2024,19.82,20.47,19.03,20.47,20.47,2400
18/01/2024,19.54,21.86,19.54,21.86,21.86,5900
19/01/2024,20.84,21.98,20.84,21.98,21.98,4400
22/01/2024,21.52,21.79,21.52,21.79,21.79,700
23/01/2024,22.01,22.51,21.95,22.48,22.48,5700
24/01/2024,21.68,21.75,21.68,21.75,21.75,300
25/01/2024,21.53,21.53,21.53,21.53,21.53,200
26/01/2024,21.68,23.0,21.68,22.53,22.53,11200
29/01/2024,22.6,22.74,21.81,22.01,22.01,3500
30/01/2024,22.16,22.29,22.0,22.29,22.29,1800
31/01/2024,22.48,22.48,22.0,22.23,22.23,7100
01/02/2024,22.25,22.25,21.32,22.0,22.0,7800
02/02/2024,22.14,22.25,21.49,21.86,21.86,27500
05/02/2024,21.36,21.85,20.87,20.87,20.87,1500
06/02/2024,21.41,22.0,21.41,22.0,22.0,4400
07/02/2024,22.05,22.85,21.99,22.3,22.3,2600
08/02/2024,22.22,22.67,22.22,22.51,22.51,4000
09/02/2024,23.2,23.2,22.5,22.5,22.5,1900
12/02/2024,22.7,23.3,22.0,22.0,22.0,5300
13/02/2024,22.0,22.12,21.3,21.71,21.71,5700
14/02/2024,22.04,22.5,22.0,22.1,22.1,2900
15/02/2024,22.0,22.25,21.83,22.05,22.05,9300
16/02/2024,22.25,23.19,21.52,22.37,22.37,1500
20/02/2024,21.71,22.7,21.53,22.48,22.48,1700
21/02/2024,22.08,22.5,22.08,22.5,22.5,600
22/02/2024,22.21,22.35,22.0,22.19,22.19,3000
23/02/2024,22.09,22.3,22.09,22.22,22.22,3500
26/02/2024,22.25,22.33,22.25,22.33,22.33,1300
27/02/2024,22.23,22.45,22.23,22.43,22.43,6000
28/02/2024,22.24,23.19,22.24,22.6,22.6,10100
29/02/2024,22.72,22.72,22.47,22.47,22.47,2500
01/03/2024,22.57,23.01,22.01,22.59,22.59,5300
04/03/2024,22.89,22.89,22.59,22.59,22.59,4300
05/03/2024,22.27,22.27,22.27,22.27,22.27,800
06/03/2024,22.2,22.2,22.0,22.05,22.05,1900
07/03/2024,22.0,22.0,21.01,21.76,21.76,9400
08/03/2024,21.75,21.76,21.75,21.76,21.76,1200
11/03/2024,21.4,21.7,21.4,21.59,21.59,4100
12/03/2024,21.73,21.73,21.73,21.73,21.73,500
13/03/2024,21.72,21.9,21.62,21.7,21.7,19600
14/03/2024,21.7,21.9,21.45,21.9,21.9,1100
15/03/2024,21.77,21.99,21.19,21.75,21.75,2100
18/03/2024,21.65,21.98,21.6,21.75,21.75,1100
19/03/2024,21.61,21.75,21.61,21.75,21.75,1000
20/03/2024,21.74,22.06,21.5,22.06,22.06,6700
21/03/2024,22.07,22.09,21.55,21.55,21.55,3300
22/03/2024,21.9,22.1,21.9,22.1,22.1,1500
25/03/2024,22.22,23.45,22.22,23.45,23.45,12200
26/03/2024,23.53,24.69,23.45,23.99,23.99,5200
27/03/2024,24.25,24.25,23.2,23.8,23.8,3600
28/03/2024,24.08,24.08,23.81,23.81,23.81,2200
01/04/2024,24.2,24.68,23.43,24.5,24.5,12800
02/04/2024,24.69,24.87,23.01,24.87,24.87,6500
03/04/2024,24.46,25.74,24.17,25.74,25.74,13400
04/04/2024,25.59,26.3,25.59,25.8,25.8,13300
05/04/2024,26.4,28.9,26.0,27.77,27.77,38500
08/04/2024,27.77,28.79,27.01,28.49,28.49,12600
09/04/2024,28.5,28.5,27.0,27.0,27.0,4400
10/04/2024,27.0,28.26,26.38,28.26,28.26,8900
11/04/2024,27.7,28.46,27.36,28.3,28.3,13600
12/04/2024,28.1,28.29,27.8,28.21,28.21,7300
15/04/2024,28.5,29.75,27.75,29.05,29.05,21100
16/04/2024,29.05,29.05,28.5,28.61,28.61,2700
17/04/2024,28.68,29.77,28.56,29.6,29.6,14700
18/04/2024,29.45,29.45,28.88,29.09,29.09,8900
19/04/2024,29.05,29.27,28.43,28.87,28.87,13200
22/04/2024,28.98,28.98,27.85,28.04,28.04,4200
23/04/2024,28.55,29.31,27.81,27.95,27.95,3900
24/04/2024,28.6,28.6,27.93,28.0,28.0,2100
25/04/2024,28.0,28.21,27.51,28.0,28.0,1800
26/04/2024,28.0,28.72,27.7,28.72,28.72,1900
29/04/2024,28.33,28.88,28.33,28.45,28.45,4400
30/04/2024,28.01,28.01,27.48,27.74,27.74,1700
01/05/2024,27.97,28.5,27.75,27.75,27.75,9800
02/05/2024,27.7,28.1,27.7,28.1,28.1,700
03/05/2024,28.6,28.6,27.95,27.95,27.95,1200
06/05/2024,27.85,27.86,27.2,27.6,27.6,3600
07/05/2024,27.32,28.99,27.21,28.99,28.99,2800
08/05/2024,29.0,29.99,28.79,29.7,29.7,18500
09/05/2024,30.24,30.24,29.7,30.05,30.05,2100
10/05/2024,30.21,30.25,29.49,30.0,30.0,6700
13/05/2024,30.15,30.47,29.96,30.47,30.47,3100
14/05/2024,30.09,30.8,29.5,29.62,29.62,7400
15/05/2024,30.0,30.0,27.1,29.57,29.57,4100
16/05/2024,29.0,29.48,27.72,27.99,27.99,5000
17/05/2024,28.75,28.75,27.23,27.75,27.75,3100
20/05/2024,27.83,28.95,27.75,27.75,27.75,4400
21/05/2024,27.81,28.5,27.75,27.8,27.8,5100
22/05/2024,28.25,28.29,28.0,28.0,28.0,3300
23/05/2024,28.9,29.49,28.48,29.45,29.45,14300
24/05/2024,29.6,30.1,29.45,30.0,30.0,7400
28/05/2024,30.0,34.01,30.0,30.84,30.84,24800
29/05/2024,30.5,31.0,30.0,30.8,30.8,6700
30/05/2024,30.8,30.8,30.39,30.57,30.57,3200
31/05/2024,30.8,31.13,30.5,30.69,30.69,15300
03/06/2024,31.07,33.24,31.07,33.0,33.0,29500
04/06/2024,33.0,33.0,31.55,32.38,32.38,11300
05/06/2024,32.48,32.75,30.5,30.6,30.6,9200
06/06/2024,30.41,31.0,29.28,30.15,30.15,5800
07/06/2024,30.34,30.34,27.66,27.93,27.93,15500
10/06/2024,27.63,30.8,27.63,30.38,30.38,12800
11/06/2024,29.51,29.51,29.51,29.51,29.51,1000
12/06/2024,30.0,30.4,28.04,30.4,30.4,7900
13/06/2024,30.41,30.77,30.0,30.77,30.77,2400
14/06/2024,29.27,29.88,28.61,29.88,29.88,4700
17/06/2024,29.88,30.47,27.36,27.36,27.36,17000
18/06/2024,27.37,29.65,27.37,27.69,27.69,7100
20/06/2024,27.78,29.08,27.78,29.08,29.08,3500
21/06/2024,29.09,35.0,28.27,35.0,35.0,93200
24/06/2024,33.51,34.1,30.81,32.79,32.79,40100
25/06/2024,33.01,34.39,33.01,33.2,33.2,18000
26/06/2024,33.79,33.79,33.17,33.5,33.5,4200
27/06/2024,33.5,33.76,32.98,33.0,33.0,1500
28/06/2024,32.82,33.75,32.82,33.3,33.3,8400
01/07/2024,32.9,33.33,32.43,32.99,32.99,6100
02/07/2024,32.9,33.87,32.19,33.6,33.6,7300
03/07/2024,34.0,34.15,30.43,30.43,30.43,9500
05/07/2024,31.67,33.0,31.67,32.3,32.3,3100
08/07/2024,33.96,33.98,32.51,32.51,32.51,1300
09/07/2024,34.0,34.0,32.73,32.73,32.73,1600
10/07/2024,33.99,33.99,30.74,32.2,32.2,13000
11/07/2024,32.33,32.85,30.5,32.08,32.08,2700
12/07/2024,32.5,33.6,32.31,32.73,32.73,2900
15/07/2024,33.0,33.47,32.23,32.7,32.7,3600
16/07/2024,32.53,33.21,32.53,33.21,33.21,1800
17/07/2024,32.78,34.0,31.5,31.6,31.6,5100
18/07/2024,32.2,32.2,31.3,31.55,31.55,5000
19/07/2024,31.58,32.3,31.58,32.3,32.3,2500
22/07/2024,31.7,32.88,31.7,32.5,32.5,2000
23/07/2024,32.4,33.74,31.75,33.2,33.2,6200
24/07/2024,33.32,33.35,33.0,33.0,33.0,2400
25/07/2024,33.3,33.75,33.3,33.75,33.75,1800
26/07/2024,32.97,33.94,32.97,33.77,33.77,1400
29/07/2024,33.81,34.0,31.48,33.08,33.08,8100
30/07/2024,32.18,33.1,31.5,32.47,32.47,8700
31/07/2024,32.8,32.8,32.5,32.5,32.5,2000
01/08/2024,32.35,32.78,32.0,32.04,32.04,2700
02/08/2024,32.16,32.16,30.89,30.89,30.89,3900
05/08/2024,30.0,30.6,26.75,29.39,29.39,15800
06/08/2024,29.56,30.05,29.37,29.37,29.37,900
07/08/2024,29.4,29.74,28.45,29.17,29.17,11200
08/08/2024,29.0,30.25,28.4,30.2,30.2,12700
09/08/2024,29.5,30.45,29.5,29.96,29.96,10200
12/08/2024,29.6,30.1,29.5,29.93,29.93,7000
13/08/2024,30.23,32.0,30.1,32.0,32.0,5500
14/08/2024,32.57,32.57,29.98,30.4,30.4,6400
15/08/2024,28.41,31.5,28.41,31.18,31.18,10800
16/08/2024,31.4,31.4,30.19,30.9,30.9,3600
19/08/2024,30.83,30.83,29.4,30.55,30.55,11000
20/08/2024,30.28,30.88,30.0,30.88,30.88,3000
21/08/2024,30.52,31.17,30.52,31.17,31.17,2900
22/08/2024,31.47,31.49,31.2,31.49,31.49,3100
23/08/2024,31.5,32.88,31.5,32.88,32.88,6100
26/08/2024,32.83,32.89,32.83,32.89,32.89,2100
27/08/2024,32.9,33.55,32.7,33.19,33.19,6400
28/08/2024,32.98,33.19,32.88,33.19,33.19,1600
29/08/2024,33.11,33.38,33.11,33.2,33.2,4300
30/08/2024,33.2,33.28,32.71,33.25,33.25,4100
03/09/2024,33.04,33.31,33.04,33.31,33.31,2100
04/09/2024,33.29,33.29,32.74,33.18,33.18,1100
05/09/2024,33.2,33.45,32.8,33.45,33.45,4400
06/09/2024,33.48,33.48,32.88,33.45,33.45,3700
09/09/2024,33.89,33.99,33.3,33.3,33.3,11200
10/09/2024,33.5,33.5,33.04,33.3,33.3,5200
11/09/2024,33.44,33.5,33.3,33.4,33.4,2000
12/09/2024,33.41,33.6,32.95,33.6,33.6,4700
13/09/2024,33.77,33.79,33.0,33.05,33.05,4700
16/09/2024,32.78,33.29,32.62,32.62,32.62,3300
17/09/2024,32.79,33.67,32.29,33.28,33.28,2600
