Date,Open,High,Low,Close,Adj Close,Volume
02/01/1990,3.18,3.24,3.18,3.24,0.86,15865
03/01/1990,3.24,3.24,3.2,3.2,0.84,240419
04/01/1990,3.2,3.2,3.2,3.2,0.84,0
05/01/1990,3.22,3.22,3.22,3.22,0.85,1831
08/01/1990,3.24,3.24,3.22,3.22,0.85,6102
09/01/1990,3.2,3.2,3.2,3.2,0.84,7322
10/01/1990,3.22,3.26,3.22,3.22,0.85,101903
11/01/1990,3.26,3.32,3.26,3.32,0.88,32951
12/01/1990,3.28,3.28,3.22,3.24,0.86,77495
15/01/1990,3.22,3.22,3.18,3.2,0.84,270929
16/01/1990,3.2,3.2,3.13,3.13,0.83,54918
17/01/1990,3.13,3.15,3.11,3.11,0.82,15255
18/01/1990,3.11,3.11,3.09,3.09,0.82,75665
19/01/1990,3.09,3.15,3.09,3.15,0.83,50036
22/01/1990,3.11,3.11,3.09,3.11,0.82,28679
23/01/1990,3.09,3.11,3.09,3.11,0.82,24408
24/01/1990,3.07,3.09,3.03,3.05,0.81,12814
25/01/1990,3.09,3.11,3.09,3.11,0.82,53087
26/01/1990,3.11,3.11,3.09,3.11,0.82,387477
29/01/1990,3.09,3.11,3.05,3.07,0.81,11594
30/01/1990,3.03,3.03,3.01,3.01,0.8,9763
31/01/1990,2.99,2.99,2.95,2.95,0.78,128142
01/02/1990,2.97,2.97,2.95,2.97,0.79,37832
02/02/1990,2.97,2.99,2.97,2.99,0.79,4271
05/02/1990,2.97,3.03,2.95,3.03,0.8,67122
06/02/1990,3.01,3.03,2.99,3.03,0.8,43934
07/02/1990,3.01,3.01,2.99,3.01,0.8,16475
08/02/1990,2.99,3.03,2.99,3.03,0.8,47596
09/02/1990,3.03,3.03,3.03,3.03,0.8,34171
12/02/1990,3.01,3.01,3.01,3.01,0.8,18916
13/02/1990,3.01,3.01,3.01,3.01,0.8,1831
14/02/1990,2.99,3.03,2.99,3.03,0.8,108005
15/02/1990,3.07,3.07,3.05,3.05,0.81,4882
16/02/1990,3.03,3.03,3.03,3.03,0.8,122650
20/02/1990,3.07,3.11,3.07,3.11,0.83,30510
21/02/1990,3.09,3.09,3.05,3.07,0.81,14645
22/02/1990,3.07,3.07,3.07,3.07,0.81,0
23/02/1990,3.07,3.07,3.05,3.05,0.81,31120
26/02/1990,3.03,3.05,3.03,3.03,0.8,27459
27/02/1990,3.05,3.05,3.05,3.05,0.81,43934
28/02/1990,3.07,3.11,3.07,3.09,0.82,20137
01/03/1990,3.11,3.11,3.11,3.11,0.83,91530
02/03/1990,3.09,3.13,3.07,3.13,0.83,32341
05/03/1990,3.09,3.09,3.07,3.09,0.82,6712
06/03/1990,3.09,3.11,3.09,3.11,0.83,39663
07/03/1990,3.11,3.13,3.11,3.11,0.83,142787
08/03/1990,3.11,3.11,3.11,3.11,0.83,86648
09/03/1990,3.15,3.15,3.15,3.15,0.84,3661
12/03/1990,3.15,3.24,3.15,3.22,0.85,67732
13/03/1990,3.22,3.22,3.22,3.22,0.85,7322
14/03/1990,3.22,3.22,3.22,3.22,0.85,0
15/03/1990,3.22,3.22,3.22,3.22,0.85,1220
16/03/1990,3.22,3.24,3.22,3.22,0.85,12814
19/03/1990,3.22,3.28,3.22,3.26,0.86,36002
20/03/1990,3.24,3.26,3.2,3.22,0.85,295337
21/03/1990,3.22,3.22,3.22,3.22,0.85,6102
22/03/1990,3.22,3.24,3.22,3.22,0.85,117769
23/03/1990,3.22,3.22,3.22,3.22,0.85,4882
26/03/1990,3.24,3.24,3.22,3.22,0.85,4271
27/03/1990,3.24,3.26,3.24,3.26,0.86,92140
28/03/1990,3.28,3.28,3.28,3.28,0.87,1831
29/03/1990,3.24,3.24,3.24,3.24,0.86,28679
30/03/1990,3.24,3.24,3.18,3.22,0.85,16475
02/04/1990,3.22,3.22,3.2,3.2,0.85,82377
03/04/1990,3.2,3.2,3.15,3.2,0.85,10984
04/04/1990,3.18,3.2,3.18,3.2,0.85,52477
05/04/1990,3.18,3.22,3.18,3.22,0.85,103734
06/04/1990,3.22,3.22,3.22,3.22,0.85,0
09/04/1990,3.18,3.18,3.05,3.05,0.81,57969
10/04/1990,3.05,3.05,3.05,3.05,0.81,0
11/04/1990,3.05,3.05,3.05,3.05,0.81,610
12/04/1990,3.03,3.05,3.01,3.01,0.8,40883
16/04/1990,3.01,3.01,3.01,3.01,0.8,1220
17/04/1990,2.99,3.01,2.99,3.01,0.8,19526
18/04/1990,2.99,2.99,2.93,2.95,0.78,42104
19/04/1990,2.95,2.95,2.95,2.95,0.78,24408
20/04/1990,2.93,2.93,2.93,2.93,0.78,1220
23/04/1990,2.93,2.95,2.93,2.93,0.78,4882
24/04/1990,2.91,2.91,2.87,2.87,0.76,69563
25/04/1990,2.85,2.87,2.85,2.85,0.75,20137
26/04/1990,2.85,2.85,2.85,2.85,0.75,1831
27/04/1990,2.87,2.87,2.87,2.87,0.76,29900
30/04/1990,2.85,2.85,2.83,2.83,0.75,5492
01/05/1990,2.87,2.87,2.85,2.85,0.76,23188
02/05/1990,2.85,2.85,2.85,2.85,0.76,0
03/05/1990,2.87,2.87,2.85,2.85,0.76,17086
04/05/1990,2.85,2.85,2.85,2.85,0.76,1220
07/05/1990,2.85,2.85,2.85,2.85,0.76,9153
08/05/1990,2.87,2.87,2.85,2.85,0.76,8543
09/05/1990,2.85,2.85,2.85,2.85,0.76,13424
10/05/1990,2.87,2.87,2.83,2.85,0.76,23188
11/05/1990,2.83,2.83,2.81,2.81,0.75,34781
14/05/1990,2.83,2.87,2.81,2.85,0.76,89089
15/05/1990,2.85,2.91,2.85,2.91,0.77,95191
16/05/1990,2.91,2.91,2.91,2.91,0.77,610
17/05/1990,2.95,2.95,2.95,2.95,0.78,112887
18/05/1990,2.93,2.95,2.93,2.93,0.78,64681
21/05/1990,2.93,2.93,2.93,2.93,0.78,3051
22/05/1990,2.93,2.93,2.89,2.89,0.77,23188
23/05/1990,2.87,2.87,2.79,2.79,0.74,20137
24/05/1990,2.77,2.81,2.75,2.79,0.74,170856
25/05/1990,2.79,2.79,2.75,2.75,0.73,431411
29/05/1990,2.7,2.7,2.66,2.68,0.71,9763
30/05/1990,2.68,2.79,2.68,2.75,0.73,280692
31/05/1990,2.77,2.77,2.75,2.75,0.73,61020
01/06/1990,2.75,2.79,2.75,2.79,0.74,216621
04/06/1990,2.79,2.79,2.77,2.79,0.74,125701
05/06/1990,2.79,2.87,2.79,2.87,0.76,65902
06/06/1990,2.87,2.87,2.85,2.85,0.76,57969
07/06/1990,2.87,2.87,2.85,2.85,0.76,6102
08/06/1990,2.85,2.85,2.83,2.83,0.75,100683
11/06/1990,2.87,2.87,2.87,2.87,0.76,54308
12/06/1990,2.87,2.91,2.87,2.89,0.77,74444
13/06/1990,2.89,2.89,2.87,2.87,0.76,72004
14/06/1990,2.87,2.91,2.87,2.91,0.77,34171
15/06/1990,2.89,2.91,2.89,2.91,0.77,43934
18/06/1990,2.89,2.89,2.89,2.89,0.77,6712
19/06/1990,2.89,2.91,2.89,2.91,0.77,67122
20/06/1990,2.89,2.91,2.81,2.83,0.75,245911
21/06/1990,2.87,2.97,2.87,2.95,0.78,75055
22/06/1990,2.99,2.99,2.97,2.97,0.79,54308
25/06/1990,2.93,2.93,2.89,2.91,0.77,105565
26/06/1990,2.89,2.89,2.85,2.85,0.76,36612
27/06/1990,2.87,2.87,2.83,2.83,0.75,99463
28/06/1990,2.85,2.87,2.83,2.83,0.75,190993
29/06/1990,2.83,2.91,2.83,2.91,0.77,115328
02/07/1990,2.89,2.91,2.87,2.87,0.76,68342
03/07/1990,2.89,2.89,2.87,2.89,0.77,58579
05/07/1990,2.89,2.89,2.87,2.87,0.76,18306
06/07/1990,2.87,2.87,2.87,2.87,0.76,1831
09/07/1990,2.85,2.85,2.85,2.85,0.76,13424
10/07/1990,2.85,2.85,2.85,2.85,0.76,25018
11/07/1990,2.83,2.83,2.81,2.81,0.75,29290
12/07/1990,2.81,2.83,2.81,2.83,0.75,153160
13/07/1990,2.85,2.91,2.83,2.91,0.77,181840
16/07/1990,2.87,2.89,2.87,2.89,0.77,281912
17/07/1990,2.91,2.91,2.87,2.87,0.76,20747
18/07/1990,2.87,2.87,2.85,2.85,0.76,108616
19/07/1990,2.87,2.87,2.83,2.83,0.75,84818
20/07/1990,2.85,2.85,2.83,2.83,0.75,15255
23/07/1990,2.83,2.83,2.79,2.81,0.75,21967
24/07/1990,2.81,2.81,2.7,2.72,0.72,30510
25/07/1990,2.62,2.64,2.58,2.58,0.69,127532
26/07/1990,2.6,2.6,2.58,2.58,0.69,81157
27/07/1990,2.58,2.58,2.54,2.54,0.68,92140
30/07/1990,2.52,2.58,2.52,2.58,0.69,20747
31/07/1990,2.6,2.64,2.6,2.64,0.71,18916
01/08/1990,2.68,2.75,2.68,2.75,0.73,105565
02/08/1990,2.72,2.72,2.66,2.66,0.71,18916
03/08/1990,2.62,2.62,2.58,2.58,0.69,9763
06/08/1990,2.52,2.52,2.5,2.52,0.67,18306
07/08/1990,2.5,2.5,2.48,2.48,0.66,19526
08/08/1990,2.48,2.5,2.48,2.5,0.67,6102
09/08/1990,2.5,2.5,2.5,2.5,0.67,9153
10/08/1990,2.5,2.5,2.5,2.5,0.67,15255
13/08/1990,2.54,2.54,2.54,2.54,0.68,6712
14/08/1990,2.52,2.52,2.52,2.52,0.67,1831
15/08/1990,2.52,2.52,2.52,2.52,0.67,11594
16/08/1990,2.56,2.56,2.5,2.5,0.67,18306
17/08/1990,2.48,2.5,2.48,2.48,0.66,104344
20/08/1990,2.46,2.46,2.44,2.46,0.66,19526
21/08/1990,2.46,2.46,2.44,2.44,0.65,87869
22/08/1990,2.42,2.42,2.42,2.42,0.65,22577
23/08/1990,2.4,2.42,2.4,2.42,0.65,580910
24/08/1990,2.38,2.38,2.34,2.34,0.62,20747
27/08/1990,2.36,2.36,2.34,2.34,0.62,21357
28/08/1990,2.34,2.34,2.31,2.34,0.62,25628
29/08/1990,2.38,2.38,2.34,2.34,0.62,27459
30/08/1990,2.34,2.34,2.31,2.31,0.62,7322
31/08/1990,2.29,2.29,2.29,2.29,0.61,6712
04/09/1990,2.29,2.29,2.29,2.29,0.61,0
05/09/1990,2.31,2.31,2.29,2.31,0.62,72614
06/09/1990,2.31,2.31,2.29,2.29,0.61,10984
07/09/1990,2.31,2.31,2.31,2.31,0.62,36612
10/09/1990,2.31,2.31,2.31,2.31,0.62,27459
11/09/1990,2.31,2.36,2.31,2.36,0.63,91530
12/09/1990,2.36,2.38,2.36,2.38,0.63,29900
13/09/1990,2.38,2.38,2.38,2.38,0.63,610
14/09/1990,2.36,2.36,2.34,2.34,0.62,68953
17/09/1990,2.34,2.34,2.27,2.29,0.61,215401
18/09/1990,2.27,2.27,2.25,2.25,0.6,8543
19/09/1990,2.25,2.27,2.25,2.27,0.61,97022
20/09/1990,2.25,2.25,2.23,2.23,0.6,6712
21/09/1990,2.25,2.25,2.17,2.19,0.59,82377
24/09/1990,2.19,2.19,2.19,2.19,0.59,0
25/09/1990,2.19,2.19,2.19,2.19,0.59,0
26/09/1990,2.17,2.17,2.15,2.15,0.57,212350
27/09/1990,2.15,2.17,2.15,2.17,0.58,49426
28/09/1990,2.13,2.15,2.13,2.15,0.57,14645
01/10/1990,2.19,2.19,2.15,2.17,0.58,78106
02/10/1990,2.15,2.21,2.15,2.21,0.59,23798
03/10/1990,2.21,2.21,2.17,2.17,0.58,18916
04/10/1990,2.17,2.17,2.17,2.17,0.58,0
05/10/1990,2.15,2.15,2.15,2.15,0.57,7322
08/10/1990,2.19,2.19,2.15,2.15,0.57,13424
09/10/1990,2.13,2.13,2.11,2.11,0.56,13424
10/10/1990,2.07,2.07,2.03,2.03,0.54,12204
11/10/1990,2.01,2.01,1.93,1.95,0.52,30510
12/10/1990,1.95,1.95,1.95,1.95,0.52,30510
15/10/1990,1.95,1.95,1.84,1.84,0.49,65291
16/10/1990,1.8,1.8,1.76,1.76,0.47,78106
17/10/1990,1.76,1.78,1.76,1.76,0.47,92750
18/10/1990,1.76,1.8,1.76,1.78,0.48,64681
19/10/1990,1.8,1.8,1.76,1.8,0.48,79936
22/10/1990,1.78,1.8,1.76,1.78,0.48,50036
23/10/1990,1.76,1.78,1.76,1.78,0.48,62851
24/10/1990,1.76,1.76,1.72,1.72,0.46,119599
25/10/1990,1.72,1.72,1.68,1.68,0.45,133024
26/10/1990,1.68,1.68,1.68,1.68,0.45,31730
29/10/1990,1.7,1.7,1.68,1.68,0.45,7933
30/10/1990,1.62,1.62,1.58,1.58,0.42,116548
31/10/1990,1.58,1.58,1.56,1.56,0.42,205027
01/11/1990,1.56,1.58,1.56,1.58,0.42,434462
02/11/1990,1.58,1.64,1.58,1.6,0.43,93361
05/11/1990,1.64,1.68,1.64,1.66,0.45,29290
06/11/1990,1.68,1.74,1.68,1.74,0.47,28069
07/11/1990,1.72,1.74,1.7,1.72,0.46,32341
08/11/1990,1.72,1.76,1.72,1.76,0.47,39663
09/11/1990,1.78,1.78,1.74,1.74,0.47,3051
12/11/1990,1.78,1.82,1.78,1.82,0.49,23188
13/11/1990,1.84,1.84,1.84,1.84,0.5,6102
14/11/1990,1.84,1.84,1.84,1.84,0.5,0
15/11/1990,1.86,1.86,1.82,1.86,0.5,178789
16/11/1990,1.88,1.88,1.84,1.84,0.5,10373
19/11/1990,1.86,1.91,1.86,1.91,0.51,35392
20/11/1990,1.93,2.05,1.93,2.03,0.54,77495
21/11/1990,2.01,2.01,1.99,2.01,0.54,41494
23/11/1990,2.05,2.07,2.05,2.07,0.56,6712
26/11/1990,2.05,2.05,2.05,2.05,0.55,22577
27/11/1990,2.05,2.09,2.05,2.09,0.56,7322
28/11/1990,2.11,2.11,2.11,2.11,0.57,610
29/11/1990,2.11,2.11,2.09,2.09,0.56,2441
30/11/1990,2.07,2.17,2.07,2.17,0.58,54308
03/12/1990,2.17,2.21,2.17,2.17,0.58,91530
04/12/1990,2.13,2.13,2.13,2.13,0.57,3661
05/12/1990,2.15,2.25,2.15,2.25,0.61,92140
06/12/1990,2.31,2.4,2.31,2.4,0.64,43324
07/12/1990,2.38,2.42,2.36,2.38,0.64,139126
10/12/1990,2.36,2.36,2.34,2.36,0.63,208688
11/12/1990,2.34,2.36,2.31,2.31,0.62,314253
12/12/1990,2.31,2.31,2.25,2.25,0.61,72614
13/12/1990,2.27,2.27,2.25,2.25,0.61,84208
14/12/1990,2.27,2.27,2.21,2.23,0.6,48206
17/12/1990,2.5,2.5,2.44,2.44,0.65,304490
18/12/1990,2.42,2.42,2.4,2.4,0.64,15255
19/12/1990,2.42,2.5,2.42,2.5,0.67,120820
20/12/1990,2.48,2.5,2.46,2.48,0.67,95801
21/12/1990,2.5,2.56,2.5,2.56,0.69,43324
24/12/1990,2.62,2.83,2.6,2.83,0.76,131803
26/12/1990,2.79,2.79,2.77,2.77,0.74,33561
27/12/1990,2.81,2.81,2.79,2.79,0.75,10373
28/12/1990,2.77,2.79,2.75,2.77,0.74,25628
31/12/1990,2.77,2.79,2.72,2.75,0.74,57969
02/01/1991,2.77,2.79,2.7,2.7,0.73,29900
03/01/1991,2.7,2.7,2.66,2.66,0.72,6102
04/01/1991,2.64,2.64,2.64,2.64,0.71,1220
07/01/1991,2.64,2.64,2.58,2.58,0.69,37832
08/01/1991,2.6,2.6,2.56,2.56,0.69,12204
09/01/1991,2.58,2.59,2.58,2.59,0.7,9153
10/01/1991,2.56,2.56,2.54,2.54,0.68,5492
11/01/1991,2.54,2.56,2.52,2.54,0.68,36612
14/01/1991,2.54,2.56,2.52,2.52,0.68,28069
15/01/1991,2.5,2.54,2.5,2.54,0.68,35392
16/01/1991,2.56,2.6,2.56,2.6,0.7,28679
17/01/1991,2.62,2.66,2.62,2.66,0.72,12814
18/01/1991,2.68,2.7,2.68,2.7,0.73,7933
21/01/1991,2.68,2.75,2.66,2.75,0.74,190382
22/01/1991,2.72,2.75,2.72,2.75,0.74,37832
23/01/1991,2.77,2.85,2.77,2.85,0.76,26849
24/01/1991,2.85,2.91,2.85,2.91,0.78,48206
25/01/1991,2.91,2.91,2.91,2.91,0.78,10984
28/01/1991,2.89,2.89,2.89,2.89,0.78,14035
29/01/1991,2.87,2.95,2.87,2.95,0.79,48816
30/01/1991,2.95,3.01,2.93,3.01,0.81,245911
31/01/1991,2.99,3.11,2.97,3.11,0.84,293506
01/02/1991,3.07,3.11,3.03,3.11,0.84,118989
04/02/1991,3.11,3.18,3.07,3.18,0.86,164144
05/02/1991,3.2,3.24,3.2,3.24,0.87,306320
06/02/1991,3.22,3.22,3.18,3.2,0.86,240419
07/02/1991,3.15,3.15,3.05,3.09,0.83,82987
08/02/1991,3.05,3.05,3.03,3.05,0.82,89699
11/02/1991,3.03,3.18,3.03,3.18,0.86,285574
12/02/1991,3.22,3.32,3.22,3.26,0.88,155601
13/02/1991,3.28,3.32,3.28,3.32,0.89,103734
14/02/1991,3.34,3.4,3.32,3.4,0.92,249572
15/02/1991,3.38,3.42,3.38,3.42,0.92,95191
19/02/1991,3.44,3.48,3.42,3.48,0.94,176958
20/02/1991,3.44,3.48,3.44,3.46,0.93,255674
21/02/1991,3.44,3.44,3.44,3.44,0.93,40273
22/02/1991,3.42,3.48,3.42,3.42,0.92,217841
25/02/1991,3.44,3.48,3.42,3.44,0.93,51867
26/02/1991,3.42,3.42,3.36,3.36,0.91,7933
27/02/1991,3.34,3.36,3.32,3.36,0.91,51257
28/02/1991,3.34,3.36,3.3,3.34,0.9,82987
01/03/1991,3.32,3.36,3.32,3.32,0.89,10984
04/03/1991,3.34,3.38,3.32,3.34,0.9,112887
05/03/1991,3.34,3.34,3.32,3.34,0.9,28679
06/03/1991,3.38,3.42,3.36,3.4,0.92,32341
07/03/1991,3.44,3.44,3.42,3.42,0.92,145838
08/03/1991,3.4,3.4,3.32,3.32,0.89,436903
11/03/1991,3.28,3.3,3.28,3.3,0.89,12204
12/03/1991,3.32,3.32,3.18,3.22,0.87,26239
13/03/1991,3.2,3.26,3.18,3.26,0.88,46985
14/03/1991,3.26,3.34,3.26,3.34,0.9,26239
15/03/1991,3.34,3.34,3.24,3.24,0.87,26849
18/03/1991,3.11,3.11,3.07,3.09,0.83,169025
19/03/1991,3.05,3.05,3.05,3.05,0.82,32951
20/03/1991,3.01,3.05,3.01,3.05,0.82,26239
21/03/1991,3.03,3.03,3.03,3.03,0.82,9153
22/03/1991,3.07,3.07,3.05,3.07,0.83,12814
25/03/1991,3.07,3.07,3.03,3.05,0.82,12814
26/03/1991,3.05,3.11,3.05,3.11,0.84,93971
27/03/1991,3.09,3.13,3.09,3.13,0.84,256284
28/03/1991,3.11,3.13,3.11,3.13,0.84,63461
01/04/1991,3.2,3.2,3.18,3.18,0.86,336220
02/04/1991,3.2,3.24,3.2,3.22,0.87,502195
03/04/1991,3.22,3.24,3.22,3.22,0.87,111667
04/04/1991,3.24,3.24,3.22,3.24,0.87,34781
05/04/1991,3.24,3.26,3.22,3.24,0.87,358798
08/04/1991,3.26,3.26,3.22,3.22,0.87,4882
09/04/1991,3.22,3.24,3.22,3.24,0.87,10984
10/04/1991,3.2,3.22,3.2,3.22,0.87,37222
11/04/1991,3.22,3.26,3.22,3.24,0.87,203807
12/04/1991,3.28,3.44,3.28,3.44,0.93,188552
15/04/1991,3.52,3.52,3.44,3.5,0.94,335610
16/04/1991,3.5,3.5,3.46,3.5,0.94,59189
17/04/1991,3.48,3.5,3.46,3.5,0.94,230045
18/04/1991,3.5,3.52,3.46,3.5,0.94,146448
19/04/1991,3.52,3.52,3.48,3.52,0.95,591284
22/04/1991,3.48,3.52,3.46,3.5,0.94,339881
23/04/1991,3.52,3.54,3.48,3.54,0.95,275200
24/04/1991,3.54,3.54,3.52,3.52,0.95,1831
25/04/1991,3.52,3.61,3.52,3.61,0.97,78716
26/04/1991,3.56,3.56,3.56,3.56,0.96,35392
29/04/1991,3.54,3.54,3.52,3.52,0.95,87869
30/04/1991,3.5,3.54,3.5,3.54,0.96,451548
01/05/1991,3.54,3.61,3.54,3.61,0.97,124481
02/05/1991,3.61,3.61,3.61,3.61,0.97,154991
03/05/1991,3.61,3.69,3.58,3.58,0.97,154381
06/05/1991,3.58,3.61,3.56,3.56,0.96,165364
07/05/1991,3.61,3.63,3.58,3.63,0.98,42104
08/05/1991,3.63,3.69,3.63,3.69,1.0,91530
09/05/1991,3.69,3.69,3.65,3.69,1.0,12814
10/05/1991,3.69,3.71,3.65,3.67,0.99,69563
13/05/1991,3.67,3.67,3.67,3.67,0.99,10984
14/05/1991,3.65,3.71,3.65,3.71,1.0,55528
15/05/1991,3.69,3.69,3.69,3.69,1.0,6712
16/05/1991,3.69,3.85,3.69,3.81,1.03,73224
17/05/1991,3.83,3.83,3.77,3.83,1.04,51867
20/05/1991,3.83,3.85,3.79,3.81,1.03,48816
21/05/1991,3.81,3.81,3.77,3.77,1.02,17696
22/05/1991,3.77,3.77,3.65,3.67,0.99,114107
23/05/1991,3.67,3.67,3.61,3.65,0.99,41494
24/05/1991,3.65,3.71,3.63,3.71,1.0,116548
28/05/1991,3.71,3.71,3.69,3.71,1.0,46985
29/05/1991,3.71,3.77,3.71,3.73,1.01,142177
30/05/1991,3.73,3.81,3.73,3.81,1.03,129362
31/05/1991,3.83,3.91,3.81,3.91,1.06,67732
03/06/1991,3.89,4.1,3.89,4.1,1.11,117769
04/06/1991,4.1,4.1,3.99,4.08,1.1,96412
05/06/1991,4.1,4.1,4.02,4.06,1.1,31730
06/06/1991,4.14,4.16,4.02,4.1,1.11,179399
07/06/1991,4.06,4.1,4.04,4.08,1.1,54918
10/06/1991,4.04,4.06,3.97,3.97,1.07,42714
11/06/1991,3.97,3.97,3.95,3.95,1.07,28679
12/06/1991,3.91,3.91,3.81,3.89,1.05,217231
13/06/1991,3.85,3.91,3.85,3.91,1.06,28069
14/06/1991,3.91,3.91,3.85,3.87,1.05,204417
17/06/1991,3.87,3.87,3.79,3.79,1.02,18916
18/06/1991,3.77,3.77,3.73,3.77,1.02,209299
19/06/1991,3.75,3.79,3.73,3.77,1.02,46985
20/06/1991,3.73,3.77,3.69,3.77,1.02,107395
21/06/1991,3.75,3.75,3.73,3.73,1.01,149499
24/06/1991,3.73,3.73,3.61,3.65,0.99,39053
25/06/1991,3.61,3.61,3.48,3.54,0.96,111667
26/06/1991,3.58,3.61,3.58,3.61,0.97,98242
27/06/1991,3.73,3.85,3.73,3.85,1.04,93361
28/06/1991,3.93,3.93,3.87,3.89,1.05,117158
01/07/1991,3.89,3.93,3.89,3.93,1.06,97632
02/07/1991,3.91,3.93,3.91,3.93,1.06,67732
03/07/1991,3.91,3.91,3.91,3.91,1.06,1831
05/07/1991,3.89,3.89,3.79,3.87,1.05,123260
08/07/1991,3.87,3.95,3.87,3.93,1.06,11594
09/07/1991,3.99,4.2,3.99,4.18,1.13,319135
10/07/1991,4.14,4.18,4.06,4.1,1.11,115328
11/07/1991,4.08,4.14,4.08,4.14,1.12,138515
12/07/1991,4.16,4.16,4.12,4.12,1.11,34781
15/07/1991,4.16,4.18,4.14,4.14,1.12,17086
16/07/1991,4.14,4.4,4.14,4.32,1.17,123871
17/07/1991,4.3,4.3,4.3,4.3,1.16,93361
18/07/1991,4.3,4.3,4.26,4.26,1.15,2441
19/07/1991,4.22,4.22,4.22,4.22,1.14,4271
22/07/1991,4.2,4.22,4.1,4.1,1.11,92140
23/07/1991,4.08,4.1,4.06,4.06,1.1,23188
24/07/1991,4.06,4.06,4.0,4.04,1.09,15255
25/07/1991,4.04,4.04,4.04,4.04,1.09,610
26/07/1991,4.02,4.02,4.02,4.02,1.08,4882
29/07/1991,4.04,4.08,4.04,4.08,1.1,9763
30/07/1991,4.02,4.02,4.02,4.02,1.09,92750
31/07/1991,4.04,4.04,3.99,4.04,1.09,27459
01/08/1991,4.04,4.04,3.99,4.02,1.09,26849
02/08/1991,4.04,4.04,3.99,4.04,1.09,181840
05/08/1991,4.04,4.06,4.04,4.04,1.09,190382
06/08/1991,4.02,4.04,4.02,4.02,1.09,93971
07/08/1991,4.02,4.02,4.02,4.02,1.09,50647
08/08/1991,4.02,4.04,4.02,4.04,1.09,6712
09/08/1991,4.04,4.04,4.02,4.04,1.09,57359
12/08/1991,4.06,4.1,4.06,4.1,1.11,193433
13/08/1991,4.12,4.14,4.12,4.12,1.12,50036
14/08/1991,4.14,4.18,4.12,4.12,1.12,107395
15/08/1991,4.16,4.16,4.08,4.1,1.11,50036
16/08/1991,4.12,4.12,4.08,4.1,1.11,100683
19/08/1991,4.06,4.06,3.97,3.99,1.08,12814
20/08/1991,3.97,3.97,3.93,3.93,1.07,15865
21/08/1991,3.93,4.02,3.91,4.02,1.09,344153
22/08/1991,4.02,4.02,4.02,4.02,1.09,122040
23/08/1991,3.99,4.02,3.99,4.02,1.09,93971
26/08/1991,3.99,3.99,3.97,3.97,1.08,39053
27/08/1991,3.99,3.99,3.95,3.95,1.07,28069
28/08/1991,3.95,3.95,3.95,3.95,1.07,9153
29/08/1991,3.93,3.93,3.89,3.93,1.07,30510
30/08/1991,3.93,3.97,3.93,3.93,1.07,46985
03/09/1991,3.91,3.93,3.85,3.91,1.06,77495
04/09/1991,3.91,3.93,3.89,3.89,1.05,275810
05/09/1991,3.91,3.93,3.89,3.93,1.07,59800
06/09/1991,3.93,3.97,3.93,3.97,1.08,17086
09/09/1991,3.97,3.99,3.97,3.99,1.08,222113
10/09/1991,3.99,4.02,3.97,4.02,1.09,175127
11/09/1991,3.97,3.99,3.97,3.99,1.08,3661
12/09/1991,3.97,3.97,3.95,3.95,1.07,12204
13/09/1991,3.97,3.97,3.93,3.97,1.08,92750
16/09/1991,3.97,3.97,3.93,3.93,1.07,10373
17/09/1991,3.93,3.93,3.91,3.91,1.06,9153
18/09/1991,3.89,3.89,3.89,3.89,1.05,4882
19/09/1991,3.93,3.97,3.91,3.91,1.06,211129
20/09/1991,3.97,3.97,3.93,3.93,1.07,29290
23/09/1991,3.95,3.95,3.93,3.93,1.07,39053
24/09/1991,3.93,3.93,3.89,3.89,1.05,14645
25/09/1991,4.1,4.3,4.1,4.26,1.15,279472
26/09/1991,4.24,4.28,4.2,4.28,1.16,73224
27/09/1991,4.3,4.36,4.3,4.36,1.18,355136
30/09/1991,4.38,4.38,4.36,4.38,1.19,72614
01/10/1991,4.38,4.4,4.36,4.38,1.19,77495
02/10/1991,4.36,4.42,4.32,4.42,1.2,165974
03/10/1991,4.42,4.45,4.42,4.42,1.2,90310
04/10/1991,4.42,4.42,4.34,4.4,1.19,408224
07/10/1991,4.4,4.4,4.32,4.32,1.17,89699
08/10/1991,4.36,4.36,4.32,4.34,1.18,83597
09/10/1991,4.32,4.34,4.3,4.32,1.17,133634
10/10/1991,4.3,4.32,4.3,4.3,1.17,84818
11/10/1991,4.34,4.38,4.34,4.36,1.18,106785
14/10/1991,4.38,4.42,4.38,4.4,1.19,12814
15/10/1991,4.42,4.47,4.42,4.45,1.2,13424
16/10/1991,4.47,4.75,4.47,4.75,1.29,313643
17/10/1991,4.75,4.75,4.69,4.69,1.27,253233
18/10/1991,4.69,4.69,4.67,4.69,1.27,82987
21/10/1991,4.77,4.83,4.75,4.79,1.3,50647
22/10/1991,4.81,4.98,4.81,4.92,1.33,293506
23/10/1991,4.88,4.9,4.77,4.83,1.31,186721
24/10/1991,4.79,4.79,4.61,4.61,1.25,72614
25/10/1991,4.59,4.63,4.59,4.63,1.25,31730
28/10/1991,4.59,4.63,4.59,4.63,1.25,64071
29/10/1991,4.59,4.67,4.59,4.67,1.27,187331
30/10/1991,4.67,4.75,4.67,4.73,1.28,358187
31/10/1991,4.73,4.73,4.71,4.73,1.28,10373
01/11/1991,4.69,4.69,4.65,4.67,1.27,61020
04/11/1991,4.79,4.88,4.79,4.85,1.32,289845
05/11/1991,4.83,4.92,4.83,4.92,1.33,196484
06/11/1991,4.92,5.04,4.88,5.0,1.36,186111
07/11/1991,4.98,4.98,4.88,4.88,1.32,104344
08/11/1991,4.92,4.92,4.88,4.88,1.32,42714
11/11/1991,4.83,4.88,4.83,4.85,1.32,187942
12/11/1991,4.83,4.88,4.83,4.88,1.32,17086
13/11/1991,4.88,5.0,4.85,5.0,1.36,37222
14/11/1991,5.0,5.02,4.96,4.96,1.35,17086
15/11/1991,4.98,5.02,4.83,4.85,1.32,65902
18/11/1991,4.83,4.83,4.71,4.83,1.31,49426
19/11/1991,4.79,4.88,4.79,4.81,1.31,62851
20/11/1991,4.83,4.85,4.81,4.83,1.31,122650
21/11/1991,4.83,4.88,4.79,4.83,1.31,598606
22/11/1991,4.83,4.83,4.81,4.83,1.31,54308
25/11/1991,4.81,4.83,4.75,4.81,1.31,56138
26/11/1991,4.79,4.79,4.75,4.75,1.29,86038
27/11/1991,4.75,4.77,4.75,4.75,1.29,58579
29/11/1991,4.75,4.75,4.75,4.75,1.29,0
02/12/1991,4.75,4.75,4.67,4.67,1.27,74444
03/12/1991,4.71,4.75,4.69,4.75,1.29,397850
04/12/1991,4.75,4.77,4.67,4.67,1.27,511348
05/12/1991,4.73,4.75,4.73,4.75,1.29,81767
06/12/1991,4.75,4.75,4.73,4.73,1.28,147058
09/12/1991,4.71,4.75,4.71,4.75,1.29,225164
10/12/1991,4.73,4.75,4.73,4.73,1.28,20137
11/12/1991,4.75,4.75,4.73,4.75,1.29,50647
12/12/1991,4.75,4.9,4.75,4.79,1.3,222113
13/12/1991,4.75,4.75,4.73,4.73,1.28,39663
16/12/1991,4.75,4.79,4.75,4.75,1.29,217231
17/12/1991,4.77,4.79,4.75,4.77,1.3,300218
18/12/1991,4.75,4.77,4.73,4.77,1.3,214180
19/12/1991,4.75,4.79,4.73,4.79,1.3,50647
20/12/1991,4.81,4.9,4.81,4.88,1.32,211739
23/12/1991,4.9,5.18,4.9,5.16,1.4,674271
24/12/1991,5.2,5.37,5.2,5.37,1.46,389918
26/12/1991,5.41,5.57,5.41,5.57,1.51,327677
27/12/1991,5.78,5.88,5.72,5.86,1.59,1252130
30/12/1991,5.94,6.1,5.94,6.06,1.65,809125
31/12/1991,6.1,6.17,5.98,5.98,1.62,458870
02/01/1992,5.9,5.94,5.74,5.9,1.6,278861
03/01/1992,5.86,5.9,5.84,5.88,1.6,188552
06/01/1992,5.94,6.33,5.92,6.23,1.69,488160
07/01/1992,6.27,6.27,6.1,6.17,1.67,341102
08/01/1992,6.19,6.19,6.08,6.15,1.67,234317
09/01/1992,6.15,6.51,6.15,6.49,1.76,2260181
10/01/1992,6.72,6.88,6.58,6.7,1.82,1467531
13/01/1992,6.7,6.88,6.66,6.78,1.84,464362
14/01/1992,6.74,6.76,6.6,6.74,1.83,568096
15/01/1992,6.76,7.7,6.72,7.46,2.02,1692085
16/01/1992,7.48,7.87,7.25,7.62,2.07,2180855
17/01/1992,7.62,7.62,7.31,7.31,1.98,649863
20/01/1992,7.37,7.48,7.33,7.33,1.99,318524
21/01/1992,7.21,7.21,6.99,7.01,1.9,584572
22/01/1992,6.99,7.17,6.96,7.07,1.92,349645
23/01/1992,7.09,7.17,7.09,7.11,1.93,112277
24/01/1992,7.15,7.15,7.07,7.09,1.92,138515
27/01/1992,7.13,7.4,7.13,7.4,2.01,323406
28/01/1992,7.46,7.76,7.46,7.68,2.09,444226
29/01/1992,7.74,7.78,7.6,7.64,2.07,825601
30/01/1992,7.44,7.56,7.42,7.5,2.03,264217
31/01/1992,7.48,7.74,7.33,7.7,2.09,389918
03/02/1992,7.78,8.03,7.76,7.8,2.12,756648
04/02/1992,7.8,7.83,7.66,7.68,2.09,390528
05/02/1992,7.7,7.7,7.5,7.5,2.04,288625
06/02/1992,7.54,7.54,7.29,7.35,2.0,329508
07/02/1992,7.29,7.29,7.01,7.15,1.94,929335
10/02/1992,7.17,7.17,6.96,7.05,1.92,389308
11/02/1992,7.09,7.11,6.99,7.03,1.91,861602
12/02/1992,7.11,7.66,7.11,7.62,2.07,1631675
13/02/1992,7.74,7.97,7.7,7.91,2.15,770072
14/02/1992,7.91,7.91,7.83,7.87,2.14,293506
18/02/1992,7.91,8.32,7.91,8.32,2.26,537586
19/02/1992,8.28,8.34,8.28,8.32,2.26,519890
20/02/1992,8.32,8.4,8.17,8.38,2.28,1390036
21/02/1992,8.38,8.75,8.38,8.5,2.31,439954
24/02/1992,8.52,8.52,8.07,8.24,2.24,411275
25/02/1992,8.28,8.3,8.03,8.07,2.19,363679
26/02/1992,7.95,8.19,7.95,8.03,2.18,339271
27/02/1992,8.28,8.69,8.24,8.24,2.24,728579
28/02/1992,8.24,8.32,7.99,8.11,2.2,272149
02/03/1992,8.07,8.11,7.95,8.11,2.2,341712
03/03/1992,8.07,8.15,7.99,8.11,2.2,177263
04/03/1992,8.11,8.15,8.03,8.15,2.22,180924
05/03/1992,8.11,8.19,8.07,8.07,2.19,108616
06/03/1992,8.03,8.15,7.95,8.07,2.19,122040
09/03/1992,8.03,8.11,7.99,8.11,2.2,68037
10/03/1992,8.11,8.32,8.03,8.32,2.26,131803
11/03/1992,8.24,8.28,7.99,8.11,2.2,149194
12/03/1992,7.99,8.15,7.95,8.15,2.22,210824
13/03/1992,8.19,8.19,7.95,8.03,2.18,54003
16/03/1992,8.07,8.19,7.74,7.87,2.14,216316
17/03/1992,7.87,7.95,7.74,7.91,2.15,123871
18/03/1992,8.11,8.81,8.07,8.81,2.39,688611
19/03/1992,9.01,9.75,9.01,9.42,2.56,1156024
20/03/1992,9.42,9.51,9.01,9.05,2.46,394799
23/03/1992,9.18,9.18,8.6,8.69,2.36,464057
24/03/1992,8.64,8.73,8.32,8.52,2.32,580300
25/03/1992,8.48,9.55,8.48,9.42,2.56,1162126
26/03/1992,9.26,9.26,8.69,9.18,2.49,975405
27/03/1992,9.26,9.26,8.81,8.85,2.41,522026
30/03/1992,9.01,9.1,8.19,8.19,2.23,494872
31/03/1992,8.11,8.44,8.03,8.32,2.26,634913
01/04/1992,8.28,8.64,8.15,8.6,2.34,406393
02/04/1992,8.69,8.77,8.6,8.64,2.35,421038
03/04/1992,8.52,8.52,8.32,8.4,2.28,228520
06/04/1992,8.4,8.77,8.4,8.69,2.36,448802
07/04/1992,8.64,8.69,8.19,8.32,2.26,149499
08/04/1992,8.03,8.4,7.95,8.19,2.23,958319
09/04/1992,8.15,8.69,8.03,8.56,2.33,301439
10/04/1992,8.6,8.89,8.44,8.48,2.3,325237
13/04/1992,8.4,8.48,8.19,8.32,2.26,339881
14/04/1992,8.36,8.4,8.28,8.36,2.27,213570
15/04/1992,8.36,8.85,8.19,8.64,2.35,896689
16/04/1992,8.64,8.64,8.24,8.28,2.25,172687
20/04/1992,8.24,8.4,8.19,8.32,2.26,261166
21/04/1992,8.28,8.28,7.66,7.7,2.09,526603
22/04/1992,7.74,7.83,7.42,7.42,2.02,444531
23/04/1992,7.29,7.62,7.05,7.46,2.03,606234
24/04/1992,7.54,7.87,7.54,7.58,2.06,334695
27/04/1992,7.66,7.95,7.58,7.58,2.06,288320
28/04/1992,7.62,7.66,7.25,7.25,1.97,399376
29/04/1992,7.21,7.25,6.88,7.01,1.91,338356
30/04/1992,7.05,7.37,7.05,7.21,1.96,841771
01/05/1992,7.29,7.33,7.09,7.13,1.94,266963
04/05/1992,7.13,7.25,7.09,7.21,1.96,342627
05/05/1992,7.21,7.46,7.21,7.37,2.01,609285
06/05/1992,7.37,7.54,7.29,7.29,1.98,411275
07/05/1992,7.33,7.33,7.13,7.21,1.96,255369
08/05/1992,7.13,7.17,6.96,7.09,1.93,291371
11/05/1992,7.17,7.17,6.92,6.96,1.9,230351
12/05/1992,6.96,7.01,6.88,6.96,1.9,330728
13/05/1992,6.92,6.96,6.72,6.8,1.85,183975
14/05/1992,6.72,6.76,6.39,6.56,1.78,429276
15/05/1992,6.47,6.47,6.27,6.39,1.74,323101
18/05/1992,6.68,6.84,6.56,6.68,1.82,247741
19/05/1992,6.68,6.68,6.56,6.6,1.8,151635
20/05/1992,6.88,6.96,6.72,6.92,1.88,382290
21/05/1992,6.8,6.96,6.8,6.88,1.87,178178
22/05/1992,6.88,7.01,6.8,7.01,1.91,180314
26/05/1992,6.96,7.01,6.76,6.84,1.86,115023
27/05/1992,6.88,6.88,6.6,6.64,1.81,187331
28/05/1992,6.56,6.68,6.47,6.68,1.82,284048
29/05/1992,6.76,7.25,6.76,7.17,1.95,408529
01/06/1992,7.21,7.5,7.13,7.5,2.04,473820
02/06/1992,7.46,7.87,7.46,7.78,2.12,359713
03/06/1992,7.78,7.87,7.74,7.83,2.13,276116
04/06/1992,7.74,7.78,7.54,7.66,2.08,220892
05/06/1992,7.58,7.62,7.46,7.54,2.05,147058
08/06/1992,7.58,7.74,7.58,7.62,2.07,39968
09/06/1992,7.62,7.62,7.46,7.5,2.04,168720
10/06/1992,7.42,7.42,7.09,7.09,1.93,122955
11/06/1992,7.09,7.09,6.8,7.05,1.92,261776
12/06/1992,7.13,7.21,7.09,7.09,1.93,137600
15/06/1992,7.01,7.01,6.88,6.92,1.88,99768
16/06/1992,7.01,7.13,6.88,6.92,1.88,144617
17/06/1992,6.88,6.96,6.84,6.88,1.87,204417
18/06/1992,6.84,6.92,6.76,6.8,1.85,64681
19/06/1992,6.84,6.88,6.72,6.84,1.86,64376
22/06/1992,6.84,6.84,6.72,6.8,1.85,46680
23/06/1992,6.8,6.92,6.76,6.84,1.86,447887
24/06/1992,6.92,7.21,6.92,7.17,1.95,510737
25/06/1992,7.21,7.25,6.92,7.05,1.92,185501
26/06/1992,7.13,7.13,7.05,7.09,1.93,40578
29/06/1992,7.13,7.58,7.13,7.58,2.06,196179
30/06/1992,7.5,7.87,7.5,7.83,2.13,221808
01/07/1992,7.95,8.15,7.95,8.07,2.2,506466
02/07/1992,8.07,8.48,8.07,8.4,2.29,640405
06/07/1992,8.4,8.44,7.95,8.32,2.26,244080
07/07/1992,8.32,8.52,8.28,8.4,2.29,248351
08/07/1992,8.4,8.4,8.19,8.28,2.25,167195
09/07/1992,8.44,8.85,8.4,8.85,2.41,417987
10/07/1992,8.93,9.18,8.77,9.05,2.46,389308
13/07/1992,9.01,9.18,8.69,9.01,2.45,368256
14/07/1992,9.01,9.34,9.01,9.3,2.53,447582
15/07/1992,9.18,9.18,8.97,9.1,2.48,204417
16/07/1992,9.14,9.18,8.93,9.18,2.5,143702
17/07/1992,9.14,9.3,9.14,9.26,2.52,191908
20/07/1992,9.18,9.34,9.1,9.26,2.52,301439
21/07/1992,9.18,9.51,9.14,9.51,2.59,326457
22/07/1992,9.34,9.55,9.34,9.51,2.59,331339
23/07/1992,9.51,9.71,9.51,9.71,2.64,261166
24/07/1992,9.75,10.0,9.63,9.67,2.63,439649
27/07/1992,9.59,9.59,9.42,9.46,2.58,161093
28/07/1992,9.34,9.67,9.3,9.51,2.59,232486
29/07/1992,9.59,10.12,9.59,9.83,2.68,555282
30/07/1992,9.83,10.0,9.83,9.91,2.7,258725
31/07/1992,10.0,10.0,9.91,10.0,2.72,381375
03/08/1992,9.87,9.87,9.79,9.83,2.68,211434
04/08/1992,9.83,9.83,9.42,9.42,2.57,246826
05/08/1992,9.34,9.59,9.01,9.55,2.6,394494
06/08/1992,9.59,9.96,9.55,9.91,2.7,252928
07/08/1992,9.87,9.87,9.71,9.79,2.67,346594
10/08/1992,9.71,9.79,9.63,9.63,2.62,106785
11/08/1992,9.55,9.55,9.42,9.51,2.59,436293
12/08/1992,9.51,9.55,9.46,9.46,2.58,546739
13/08/1992,9.51,9.51,9.34,9.42,2.57,118379
14/08/1992,9.55,9.63,9.55,9.59,2.61,67122
17/08/1992,9.59,9.63,9.55,9.55,2.6,131193
18/08/1992,9.55,9.59,9.46,9.46,2.58,228825
19/08/1992,9.42,9.42,9.22,9.26,2.52,130583
20/08/1992,9.22,9.26,9.01,9.1,2.48,236758
21/08/1992,9.14,9.3,9.1,9.22,2.51,663898
24/08/1992,9.18,9.26,9.14,9.22,2.51,320660
25/08/1992,9.22,9.34,9.22,9.26,2.52,95801
26/08/1992,9.26,9.38,9.26,9.3,2.53,125701
27/08/1992,9.51,10.2,9.51,9.87,2.69,954048
28/08/1992,9.87,9.96,9.46,9.51,2.59,633693
31/08/1992,9.59,9.96,9.42,9.42,2.57,462227
01/09/1992,9.38,9.38,9.14,9.26,2.52,392359
02/09/1992,9.18,9.22,8.32,8.73,2.38,1191721
03/09/1992,8.19,8.48,7.62,7.7,2.1,1910536
04/09/1992,7.7,8.28,7.66,7.95,2.17,1753410
08/09/1992,7.95,8.11,7.91,8.03,2.19,456430
09/09/1992,7.99,8.11,7.91,7.91,2.15,891807
10/09/1992,7.91,8.03,7.87,7.87,2.14,394494
11/09/1992,7.91,7.91,7.25,7.7,2.1,1949589
14/09/1992,7.95,8.36,7.78,8.32,2.27,968998
15/09/1992,8.24,8.24,7.99,8.03,2.19,450633
16/09/1992,7.99,8.07,7.95,8.07,2.2,202892
17/09/1992,8.07,8.07,7.78,7.78,2.12,181535
18/09/1992,7.87,8.36,7.87,8.11,2.21,970218
21/09/1992,8.15,8.15,7.99,8.07,2.2,176043
22/09/1992,8.11,8.4,8.07,8.28,2.25,457955
23/09/1992,8.32,8.4,8.28,8.4,2.29,240419
24/09/1992,8.4,8.4,7.95,8.11,2.21,427445
25/09/1992,8.03,8.11,7.87,7.87,2.14,176958
28/09/1992,7.91,7.99,7.78,7.83,2.13,156821
29/09/1992,7.78,7.87,7.7,7.87,2.14,204112
30/09/1992,7.78,7.83,7.74,7.83,2.13,139431
01/10/1992,7.83,8.11,7.54,8.03,2.19,330423
02/10/1992,7.95,7.99,7.78,7.83,2.13,50342
05/10/1992,7.58,7.83,7.42,7.83,2.13,389308
06/10/1992,7.83,7.83,7.7,7.7,2.1,268488
07/10/1992,7.58,7.58,7.21,7.29,1.99,556502
08/10/1992,7.37,7.42,6.68,6.88,1.87,902486
09/10/1992,7.05,7.37,7.01,7.21,1.96,254453
12/10/1992,7.46,7.78,7.42,7.78,2.12,609590
13/10/1992,7.83,8.03,7.78,7.95,2.17,413716
14/10/1992,7.95,7.95,7.78,7.91,2.15,348729
15/10/1992,7.74,7.87,7.74,7.83,2.13,151330
16/10/1992,7.83,7.87,7.7,7.87,2.14,330423
19/10/1992,7.74,7.95,7.7,7.95,2.17,102209
20/10/1992,8.15,8.36,8.03,8.11,2.21,776174
21/10/1992,8.19,8.28,8.15,8.19,2.23,341407
22/10/1992,8.24,8.4,8.24,8.4,2.29,95191
23/10/1992,8.44,8.52,8.32,8.4,2.29,244080
26/10/1992,8.48,8.56,8.4,8.48,2.31,110446
27/10/1992,8.48,8.48,8.44,8.48,2.31,22272
28/10/1992,8.52,8.52,8.36,8.44,2.3,69258
29/10/1992,8.44,8.73,8.44,8.56,2.33,100683
30/10/1992,8.56,8.6,8.48,8.52,2.32,52477
02/11/1992,8.6,8.97,8.56,8.97,2.45,174517
03/11/1992,9.01,9.01,8.77,8.85,2.41,139736
04/11/1992,8.81,8.81,8.64,8.64,2.36,95191
05/11/1992,8.73,9.05,8.6,9.01,2.46,104344
06/11/1992,9.01,9.14,8.93,9.05,2.47,254759
09/11/1992,9.01,9.01,8.85,8.97,2.45,91835
10/11/1992,9.01,9.01,8.85,8.85,2.41,137600
11/11/1992,8.85,9.05,8.85,9.05,2.47,242249
12/11/1992,9.05,9.14,9.01,9.01,2.46,92140
13/11/1992,9.01,9.1,8.97,9.01,2.46,71088
16/11/1992,8.93,9.05,8.93,8.93,2.44,37832
17/11/1992,8.97,9.01,8.85,9.01,2.46,48511
18/11/1992,9.01,9.1,8.97,9.1,2.48,48511
19/11/1992,9.01,9.18,9.01,9.1,2.48,93361
20/11/1992,9.1,9.18,9.05,9.1,2.48,86954
23/11/1992,9.26,9.26,9.01,9.01,2.46,100073
24/11/1992,8.93,9.01,8.89,8.93,2.44,98242
25/11/1992,8.81,8.89,8.81,8.85,2.41,89089
27/11/1992,8.93,8.97,8.85,8.85,2.41,94581
30/11/1992,8.85,8.85,8.69,8.73,2.38,53393
01/12/1992,8.77,8.77,8.64,8.73,2.38,50342
02/12/1992,8.77,9.83,8.52,9.67,2.64,371002
03/12/1992,9.67,9.71,9.34,9.42,2.57,432632
04/12/1992,9.46,9.51,9.18,9.18,2.5,126006
07/12/1992,8.93,9.3,8.77,9.22,2.51,217536
08/12/1992,9.18,9.55,9.05,9.34,2.55,407309
09/12/1992,9.46,9.46,9.34,9.34,2.55,138210
10/12/1992,9.42,9.42,9.3,9.42,2.57,167195
11/12/1992,9.38,9.46,9.38,9.42,2.57,193128
14/12/1992,9.34,9.51,9.3,9.38,2.56,272149
15/12/1992,9.38,9.38,9.26,9.26,2.53,77801
16/12/1992,9.34,9.34,8.93,9.01,2.46,49426
17/12/1992,9.01,9.01,8.85,8.89,2.42,87259
18/12/1992,8.93,9.1,8.93,9.01,2.46,127532
21/12/1992,9.01,9.18,8.97,9.05,2.47,270929
22/12/1992,9.05,9.1,8.69,8.97,2.45,163229
23/12/1992,8.89,8.89,8.52,8.89,2.42,237673
24/12/1992,8.89,8.89,8.69,8.69,2.37,48816
28/12/1992,8.73,8.89,8.69,8.89,2.42,153465
29/12/1992,8.89,9.34,8.89,9.22,2.51,449717
30/12/1992,9.26,9.26,9.1,9.14,2.49,243775
31/12/1992,9.18,9.3,9.18,9.26,2.53,148889
04/01/1993,9.18,9.18,9.05,9.1,2.48,175127
05/01/1993,9.14,9.18,9.01,9.14,2.49,177263
06/01/1993,9.1,9.14,9.05,9.1,2.48,45460
07/01/1993,9.1,9.1,8.85,8.89,2.42,81767
08/01/1993,9.01,9.22,9.01,9.1,2.48,221808
11/01/1993,9.3,9.34,9.18,9.22,2.51,299303
12/01/1993,9.3,9.3,9.1,9.1,2.48,172382
13/01/1993,9.1,9.55,9.05,9.51,2.59,373442
14/01/1993,9.51,9.79,9.51,9.75,2.66,566266
15/01/1993,9.83,9.83,9.55,9.59,2.61,300218
18/01/1993,9.55,9.75,9.55,9.63,2.63,82987
19/01/1993,9.67,9.67,9.42,9.46,2.58,62546
20/01/1993,9.42,9.63,9.42,9.63,2.63,62240
21/01/1993,9.55,9.67,9.55,9.55,2.6,68648
22/01/1993,9.59,9.87,9.55,9.83,2.68,147058
25/01/1993,9.75,10.16,9.75,10.12,2.76,334695
26/01/1993,10.16,10.45,10.16,10.32,2.82,347814
27/01/1993,10.41,10.41,10.16,10.32,2.82,296252
28/01/1993,10.37,10.37,10.08,10.16,2.77,166890
29/01/1993,10.2,10.2,9.83,10.0,2.73,242249
01/02/1993,9.96,10.08,9.87,10.08,2.75,158652
02/02/1993,10.04,10.12,10.04,10.12,2.76,118684
03/02/1993,10.0,10.04,9.83,10.04,2.74,294116
04/02/1993,10.0,10.45,10.0,10.45,2.85,251402
05/02/1993,10.41,10.69,10.32,10.69,2.92,227910
08/02/1993,10.65,10.9,10.61,10.69,2.92,149804
09/02/1993,10.49,10.49,10.2,10.24,2.8,154076
10/02/1993,10.24,10.32,10.24,10.32,2.82,65291
11/02/1993,10.41,10.45,10.28,10.28,2.81,34476
12/02/1993,10.24,10.32,10.2,10.24,2.8,221503
16/02/1993,10.2,10.2,9.34,9.59,2.62,294422
17/02/1993,9.34,9.55,9.34,9.55,2.61,148279
18/02/1993,9.51,9.67,9.42,9.46,2.58,144007
19/02/1993,9.46,9.51,9.46,9.51,2.59,141566
22/02/1993,9.59,9.75,9.51,9.59,2.62,140956
23/02/1993,9.67,9.67,9.42,9.55,2.61,155601
24/02/1993,9.51,9.59,9.51,9.59,2.62,182755
25/02/1993,9.67,10.0,9.63,9.75,2.66,251097
26/02/1993,9.67,9.83,9.67,9.75,2.66,2938723
01/03/1993,9.75,9.87,9.75,9.87,2.7,957404
02/03/1993,9.83,10.08,9.83,10.0,2.73,348119
03/03/1993,10.04,10.57,10.0,10.49,2.86,572063
04/03/1993,10.49,10.53,10.37,10.53,2.87,384426
05/03/1993,10.53,10.53,10.41,10.41,2.84,111972
08/03/1993,10.37,10.45,10.37,10.41,2.84,212655
09/03/1993,10.49,11.06,10.49,11.02,3.01,357577
10/03/1993,10.98,10.98,10.73,10.82,2.95,191603
11/03/1993,10.94,11.31,10.94,11.14,3.04,808820
12/03/1993,10.9,10.9,10.73,10.82,2.95,281607
15/03/1993,10.78,10.98,10.78,10.9,2.98,146448
16/03/1993,10.82,10.9,10.82,10.82,2.95,259335
17/03/1993,10.82,10.82,10.57,10.65,2.91,64071
18/03/1993,10.73,10.9,10.65,10.65,2.91,66817
19/03/1993,10.69,10.69,10.57,10.65,2.91,43934
22/03/1993,10.73,10.73,10.32,10.49,2.86,219672
23/03/1993,10.41,10.49,10.32,10.32,2.82,47291
24/03/1993,10.28,10.65,10.24,10.65,2.91,121125
25/03/1993,10.61,10.65,10.24,10.45,2.85,236453
26/03/1993,10.49,10.53,10.49,10.53,2.87,31730
29/03/1993,10.45,10.53,10.45,10.53,2.87,17696
30/03/1993,10.49,10.57,10.41,10.41,2.84,92140
31/03/1993,10.32,10.65,10.2,10.65,2.91,204722
01/04/1993,10.65,10.73,10.53,10.73,2.93,90310
02/04/1993,10.69,10.69,10.41,10.45,2.85,83597
05/04/1993,10.45,10.45,10.37,10.45,2.85,24103
06/04/1993,10.41,10.41,9.91,10.04,2.74,142177
07/04/1993,10.08,10.12,9.79,10.08,2.75,232486
08/04/1993,10.12,10.24,10.08,10.2,2.78,86343
12/04/1993,10.16,10.45,10.16,10.28,2.81,139431
13/04/1993,10.37,10.65,10.37,10.61,2.9,151025
14/04/1993,10.61,10.78,10.61,10.73,2.93,54613
15/04/1993,10.73,10.73,10.61,10.61,2.9,66207
16/04/1993,10.69,10.69,10.61,10.65,2.91,101293
19/04/1993,10.65,10.65,10.41,10.53,2.87,43324
20/04/1993,10.53,10.65,10.53,10.53,2.87,52172
21/04/1993,10.53,10.61,10.45,10.53,2.87,97327
22/04/1993,10.57,10.57,10.04,10.16,2.77,228825
23/04/1993,10.12,10.16,10.04,10.16,2.77,205637
26/04/1993,10.08,10.08,9.51,9.67,2.64,191298
27/04/1993,9.55,9.63,9.46,9.59,2.62,529959
28/04/1993,9.63,9.75,9.55,9.71,2.65,36612
29/04/1993,9.75,10.0,9.75,10.0,2.73,73529
30/04/1993,9.96,10.12,9.96,10.04,2.74,55833
03/05/1993,10.0,10.16,9.91,10.16,2.78,120209
04/05/1993,10.2,10.32,10.2,10.32,2.82,89394
05/05/1993,10.37,10.49,10.37,10.49,2.87,84208
06/05/1993,10.53,10.57,10.41,10.45,2.85,242555
07/05/1993,10.45,10.45,10.37,10.37,2.83,14645
10/05/1993,10.28,10.28,10.12,10.2,2.79,87259
11/05/1993,10.16,10.24,10.04,10.04,2.74,78106
12/05/1993,10.12,10.16,10.0,10.0,2.73,31730
13/05/1993,9.96,9.96,9.67,9.67,2.64,54308
14/05/1993,9.67,9.67,9.55,9.55,2.61,271539
17/05/1993,9.59,9.63,9.51,9.51,2.6,65291
18/05/1993,9.55,9.59,9.46,9.51,2.6,222723
19/05/1993,9.51,9.51,9.42,9.42,2.57,244080
20/05/1993,9.51,9.75,9.51,9.75,2.66,140346
21/05/1993,9.75,9.83,9.75,9.79,2.68,138821
24/05/1993,9.75,9.75,9.71,9.71,2.65,53087
25/05/1993,9.75,9.79,9.67,9.67,2.64,44545
26/05/1993,9.59,9.59,9.18,9.42,2.57,617217
27/05/1993,9.46,9.55,8.85,9.05,2.47,278861
28/05/1993,9.14,9.22,9.1,9.22,2.52,250792
01/06/1993,9.18,9.18,9.1,9.1,2.49,116853
02/06/1993,9.1,9.71,8.89,9.71,2.65,991270
03/06/1993,9.67,9.83,9.59,9.75,2.66,306931
04/06/1993,9.91,10.04,9.87,9.96,2.72,269708
07/06/1993,10.04,10.04,9.96,10.0,2.73,101598
08/06/1993,10.0,10.0,9.83,9.83,2.69,42714
09/06/1993,9.79,9.91,9.67,9.75,2.66,87564
10/06/1993,9.75,9.96,9.67,9.96,2.72,54918
11/06/1993,10.0,10.04,9.91,9.91,2.71,60105
14/06/1993,9.96,9.96,9.83,9.87,2.7,168415
15/06/1993,9.87,9.91,9.83,9.83,2.69,79631
16/06/1993,9.87,9.91,9.79,9.79,2.68,65597
17/06/1993,9.75,9.75,9.55,9.63,2.63,73834
18/06/1993,9.26,9.26,9.18,9.26,2.53,703256
21/06/1993,9.26,9.34,9.22,9.26,2.53,152550
22/06/1993,9.26,9.26,9.14,9.14,2.5,257199
23/06/1993,9.14,9.22,9.14,9.14,2.5,101293
24/06/1993,9.18,9.42,9.18,9.34,2.55,251402
25/06/1993,9.3,9.51,9.3,9.34,2.55,165364
28/06/1993,9.34,9.42,9.34,9.38,2.56,221503
29/06/1993,9.42,9.59,9.3,9.55,2.61,247436
30/06/1993,9.51,9.83,9.51,9.79,2.68,158347
01/07/1993,9.63,9.71,9.55,9.71,2.65,97022
02/07/1993,9.67,9.71,9.63,9.71,2.65,111667
06/07/1993,9.71,9.75,9.59,9.63,2.63,126617
07/07/1993,9.63,9.71,9.38,9.38,2.56,62240
08/07/1993,9.34,9.59,9.34,9.59,2.62,217841
09/07/1993,9.55,9.59,9.42,9.46,2.59,179704
12/07/1993,9.55,9.63,9.51,9.55,2.61,89089
13/07/1993,9.59,9.71,9.59,9.67,2.64,218757
14/07/1993,9.71,9.87,9.63,9.83,2.69,259030
15/07/1993,9.83,9.83,9.75,9.79,2.68,38748
16/07/1993,9.83,9.83,9.71,9.75,2.66,83292
19/07/1993,9.83,9.83,9.63,9.63,2.63,38443
20/07/1993,9.63,9.79,9.63,9.79,2.68,92140
21/07/1993,9.96,9.96,9.63,9.67,2.64,139736
22/07/1993,9.63,9.63,9.51,9.51,2.6,68648
23/07/1993,9.51,9.67,9.51,9.63,2.63,48511
26/07/1993,9.67,9.83,9.63,9.83,2.69,99768
27/07/1993,9.83,9.87,9.67,9.67,2.64,100073
28/07/1993,9.67,9.75,9.59,9.63,2.63,34171
29/07/1993,9.63,9.79,9.63,9.75,2.66,32341
30/07/1993,9.71,9.75,9.67,9.67,2.64,29900
02/08/1993,9.75,9.87,9.75,9.83,2.69,504635
03/08/1993,9.87,9.91,9.83,9.83,2.69,172992
04/08/1993,9.83,9.87,9.79,9.79,2.68,68953
05/08/1993,9.83,9.87,9.79,9.83,2.69,70478
06/08/1993,9.96,9.96,9.83,9.87,2.7,120209
09/08/1993,9.91,10.0,9.91,9.96,2.72,162923
10/08/1993,9.91,9.91,9.71,9.71,2.66,51562
11/08/1993,9.67,9.67,9.55,9.63,2.63,152550
12/08/1993,9.63,9.79,9.63,9.75,2.67,702340
13/08/1993,9.79,9.87,9.79,9.87,2.7,998287
16/08/1993,9.96,10.24,9.87,10.0,2.73,212960
17/08/1993,10.0,10.0,9.63,9.96,2.72,446972
18/08/1993,9.91,10.32,9.91,10.32,2.82,430496
19/08/1993,10.32,10.69,10.32,10.69,2.92,402732
20/08/1993,10.69,10.69,10.57,10.61,2.9,154076
23/08/1993,10.57,10.73,10.57,10.73,2.94,177263
24/08/1993,10.73,10.94,10.73,10.86,2.97,357272
25/08/1993,10.9,10.98,10.86,10.94,2.99,148889
26/08/1993,10.9,11.1,10.9,11.06,3.03,294422
27/08/1993,10.98,11.02,10.94,11.02,3.01,81157
30/08/1993,11.02,11.1,11.02,11.06,3.03,130583
31/08/1993,11.02,11.06,10.98,11.06,3.03,152245
01/09/1993,11.31,11.55,11.31,11.51,3.15,511958
02/09/1993,11.47,11.51,11.31,11.39,3.12,308151
03/09/1993,11.27,11.8,11.27,11.76,3.22,357272
07/09/1993,11.68,11.68,11.43,11.47,3.14,122040
08/09/1993,11.39,11.47,11.14,11.47,3.14,212045
09/09/1993,11.43,11.43,11.14,11.31,3.09,159262
10/09/1993,11.31,11.39,11.23,11.31,3.09,104039
13/09/1993,11.31,11.47,11.23,11.35,3.1,81157
14/09/1993,11.27,11.27,11.14,11.14,3.05,123871
15/09/1993,11.18,11.18,10.98,11.14,3.05,230656
16/09/1993,11.14,11.23,11.1,11.23,3.07,123260
17/09/1993,11.23,11.35,11.14,11.35,3.1,110751
20/09/1993,11.35,11.39,11.31,11.31,3.09,53698
21/09/1993,11.31,11.47,11.23,11.27,3.08,207468
22/09/1993,11.35,11.64,11.35,11.51,3.15,174517
23/09/1993,11.47,11.51,11.14,11.27,3.08,210519
24/09/1993,11.35,11.47,11.27,11.43,3.13,436598
27/09/1993,11.43,11.43,11.06,11.1,3.04,172992
28/09/1993,11.14,11.14,11.02,11.06,3.03,69563
29/09/1993,11.06,11.14,11.02,11.1,3.04,101293
30/09/1993,11.1,11.14,11.06,11.14,3.05,28679
01/10/1993,11.18,11.18,11.02,11.06,3.03,117464
04/10/1993,11.1,11.31,11.02,11.23,3.07,106480
05/10/1993,11.31,11.35,11.23,11.31,3.09,53698
06/10/1993,11.31,11.31,11.18,11.23,3.07,72614
07/10/1993,11.23,11.23,10.98,11.02,3.01,49426
08/10/1993,11.02,11.02,10.82,10.82,2.96,61325
11/10/1993,10.86,10.9,10.65,10.65,2.91,75360
12/10/1993,10.65,10.69,10.57,10.65,2.91,172382
13/10/1993,10.73,10.82,10.61,10.61,2.9,211739
14/10/1993,10.69,10.82,10.65,10.65,2.91,120820
15/10/1993,10.69,10.73,10.65,10.65,2.91,74444
18/10/1993,10.73,10.73,10.49,10.65,2.91,68648
19/10/1993,10.73,10.94,10.73,10.9,2.98,144923
20/10/1993,10.86,10.86,10.32,10.37,2.84,120209
21/10/1993,10.45,10.53,10.45,10.49,2.87,74750
22/10/1993,10.53,10.69,10.53,10.53,2.88,121430
25/10/1993,10.32,10.57,10.32,10.53,2.88,119904
26/10/1993,10.45,10.98,10.45,10.98,3.0,349340
27/10/1993,10.98,11.06,10.98,11.06,3.03,88174
28/10/1993,11.06,11.14,11.02,11.02,3.01,169941
29/10/1993,10.98,11.02,10.73,10.78,2.95,159872
01/11/1993,10.73,10.94,10.49,10.49,2.87,702035
02/11/1993,10.53,10.73,10.49,10.57,2.89,122040
03/11/1993,10.57,10.61,10.12,10.16,2.78,597691
04/11/1993,10.16,10.32,9.42,9.63,2.64,268183
05/11/1993,9.63,9.83,9.63,9.79,2.68,523552
08/11/1993,10.08,10.32,9.91,10.2,2.79,585792
09/11/1993,10.45,10.45,10.08,10.08,2.76,186721
10/11/1993,10.16,10.24,10.08,10.24,2.8,88479
11/11/1993,10.24,10.32,10.2,10.32,2.83,43629
12/11/1993,10.24,10.41,10.24,10.41,2.85,52782
15/11/1993,10.57,10.61,10.24,10.28,2.82,101293
16/11/1993,10.28,10.32,10.2,10.28,2.82,96107
17/11/1993,10.37,10.45,10.2,10.24,2.8,108921
18/11/1993,10.24,10.28,9.91,10.04,2.75,77495
19/11/1993,10.04,10.08,9.83,10.04,2.75,136380
22/11/1993,10.04,10.08,9.51,9.83,2.69,333779
23/11/1993,9.83,9.91,9.75,9.87,2.7,84208
24/11/1993,9.91,10.2,9.91,10.2,2.79,121735
26/11/1993,10.16,10.16,10.08,10.16,2.78,54003
29/11/1993,10.24,10.32,10.08,10.12,2.77,111972
30/11/1993,10.12,10.12,9.75,9.75,2.67,115938
01/12/1993,9.79,10.0,9.79,9.96,2.73,223943
02/12/1993,10.04,10.37,10.0,10.37,2.84,282523
03/12/1993,10.32,10.32,10.04,10.2,2.79,164754
06/12/1993,10.24,10.32,10.2,10.2,2.79,192213
07/12/1993,10.2,10.24,9.87,10.12,2.77,284963
08/12/1993,10.16,10.16,9.91,10.04,2.75,134549
09/12/1993,10.08,10.16,10.0,10.04,2.75,217536
10/12/1993,9.96,10.28,9.91,10.2,2.79,470769
13/12/1993,10.16,10.28,10.04,10.28,2.82,213875
14/12/1993,10.37,10.73,10.37,10.73,2.94,180924
15/12/1993,10.73,10.86,10.53,10.86,2.97,127837
16/12/1993,10.78,11.1,10.78,10.9,2.98,194959
17/12/1993,10.98,11.1,10.94,11.02,3.02,115633
20/12/1993,11.18,11.27,11.1,11.27,3.08,371002
21/12/1993,11.23,11.27,10.98,11.06,3.03,402427
22/12/1993,10.98,11.02,10.9,11.02,3.02,148584
23/12/1993,11.02,11.02,10.86,10.86,2.97,171161
27/12/1993,10.9,10.98,10.82,10.82,2.96,149499
28/12/1993,10.86,10.86,10.65,10.65,2.92,115023
29/12/1993,10.69,10.73,10.57,10.65,2.92,197400
30/12/1993,10.69,10.78,10.65,10.78,2.95,75970
31/12/1993,10.78,11.23,10.69,11.18,3.06,221198
03/01/1994,11.14,11.23,10.98,11.06,3.03,92445
04/01/1994,11.06,11.23,10.98,11.23,3.07,101598
05/01/1994,11.18,11.39,11.14,11.31,3.1,260250
06/01/1994,11.27,11.43,11.27,11.39,3.12,84513
07/01/1994,11.35,11.47,11.31,11.39,3.12,104039
10/01/1994,11.39,11.39,11.14,11.23,3.07,90310
11/01/1994,11.31,11.64,11.27,11.55,3.16,353306
12/01/1994,11.64,11.72,11.51,11.72,3.21,394494
13/01/1994,11.68,11.76,11.64,11.76,3.22,207468
14/01/1994,11.76,11.96,11.72,11.88,3.25,319135
17/01/1994,11.84,11.92,11.8,11.92,3.26,57359
18/01/1994,11.96,12.05,11.88,11.92,3.26,262386
19/01/1994,11.96,12.37,11.96,12.21,3.34,799057
20/01/1994,12.25,12.29,12.0,12.13,3.32,184586
21/01/1994,12.13,12.13,11.96,12.09,3.31,139736
24/01/1994,12.0,12.09,11.88,11.92,3.26,58579
25/01/1994,11.96,12.05,11.51,11.55,3.16,131803
26/01/1994,11.39,11.43,11.14,11.43,3.13,422258
27/01/1994,11.43,11.8,11.43,11.76,3.22,104039
28/01/1994,11.68,11.84,11.59,11.64,3.19,137295
31/01/1994,11.64,11.64,11.55,11.55,3.16,298388
01/02/1994,11.59,11.68,11.51,11.55,3.17,340797
02/02/1994,11.64,11.8,11.64,11.76,3.22,284048
03/02/1994,11.8,11.84,11.76,11.76,3.22,73224
04/02/1994,11.8,11.8,11.18,11.18,3.06,375578
07/02/1994,11.27,11.39,10.78,10.78,2.95,646812
08/02/1994,10.86,11.14,10.86,11.06,3.03,399681
09/02/1994,11.1,11.68,11.06,11.64,3.19,239504
10/02/1994,11.59,11.84,11.27,11.27,3.09,220892
11/02/1994,11.27,11.35,11.27,11.31,3.1,34781
14/02/1994,11.35,11.43,11.27,11.39,3.12,70783
15/02/1994,11.43,11.43,11.27,11.31,3.1,39053
16/02/1994,11.39,11.39,11.06,11.18,3.06,147058
17/02/1994,11.31,11.35,10.9,11.02,3.02,134854
18/02/1994,10.9,10.98,10.82,10.94,3.0,483584
22/02/1994,11.02,11.06,10.86,10.86,2.97,93361
23/02/1994,10.82,11.02,10.82,11.02,3.02,113192
24/02/1994,11.02,11.02,10.82,10.82,2.96,153465
25/02/1994,10.86,11.1,10.86,11.1,3.04,202281
28/02/1994,11.1,11.23,10.94,11.18,3.06,177873
01/03/1994,11.23,11.27,11.06,11.27,3.09,139736
02/03/1994,11.18,11.18,10.82,10.9,2.99,317304
03/03/1994,10.94,10.94,10.53,10.57,2.9,189162
04/03/1994,10.65,11.06,10.65,10.98,3.01,269403
07/03/1994,10.98,11.18,10.98,11.02,3.02,80852
08/03/1994,11.06,11.06,10.65,10.78,2.95,312422
09/03/1994,10.86,10.94,10.73,10.78,2.95,143092
10/03/1994,10.78,10.78,10.65,10.65,2.92,166280
11/03/1994,10.73,10.78,10.61,10.65,2.92,82682
14/03/1994,10.69,10.82,10.65,10.69,2.93,129973
15/03/1994,10.65,10.78,10.61,10.73,2.94,162313
16/03/1994,10.78,11.02,10.73,10.98,3.01,73834
17/03/1994,10.9,11.02,10.9,10.94,3.0,129668
18/03/1994,10.86,10.9,10.78,10.82,2.96,211129
21/03/1994,10.73,10.78,10.69,10.73,2.94,35087
22/03/1994,10.78,10.82,10.65,10.73,2.94,157737
23/03/1994,11.1,11.55,11.1,11.43,3.13,837805
24/03/1994,11.43,11.43,11.06,11.18,3.06,390833
25/03/1994,11.23,11.27,11.02,11.02,3.02,92750
28/03/1994,11.1,11.1,10.82,10.94,3.0,662372
29/03/1994,10.98,11.1,10.86,10.86,2.97,408224
30/03/1994,10.78,10.78,10.37,10.37,2.84,619353
31/03/1994,10.32,10.32,10.0,10.16,2.78,612336
04/04/1994,10.08,10.08,9.87,9.96,2.73,493652
05/04/1994,10.04,10.32,10.0,10.2,2.8,475346
06/04/1994,10.32,10.32,10.24,10.28,2.82,559859
07/04/1994,10.28,10.41,10.28,10.41,2.85,159872
08/04/1994,10.37,10.41,10.16,10.2,2.8,189162
11/04/1994,10.2,10.28,10.16,10.24,2.81,55528
12/04/1994,10.28,10.41,10.12,10.16,2.78,222723
13/04/1994,10.16,10.32,10.16,10.2,2.8,300829
14/04/1994,10.12,10.32,10.12,10.28,2.82,320965
15/04/1994,10.28,10.28,10.12,10.12,2.77,107395
18/04/1994,10.12,10.12,9.67,9.75,2.67,165669
19/04/1994,9.71,9.75,9.05,9.38,2.57,260250
20/04/1994,9.46,9.63,9.22,9.34,2.56,213570
21/04/1994,9.46,10.02,9.34,9.83,2.69,216214
22/04/1994,9.83,9.89,9.77,9.83,2.69,88276
25/04/1994,9.83,9.89,9.34,9.59,2.63,110446
26/04/1994,9.65,9.77,9.59,9.71,2.66,91733
28/04/1994,9.77,9.96,9.71,9.77,2.68,248148
29/04/1994,9.71,10.08,9.71,10.08,2.76,152347
02/05/1994,10.08,10.32,10.02,10.32,2.83,87462
03/05/1994,10.26,11.12,10.26,11.12,3.05,351679
04/05/1994,11.06,11.06,10.63,11.06,3.03,235334
05/05/1994,11.0,11.0,10.82,10.88,2.98,302252
06/05/1994,10.88,10.88,10.57,10.57,2.9,237978
09/05/1994,10.45,10.57,10.26,10.39,2.85,188348
10/05/1994,10.51,10.51,10.2,10.32,2.83,74444
11/05/1994,10.39,10.39,10.08,10.26,2.82,124684
12/05/1994,10.14,10.2,10.08,10.2,2.8,98242
13/05/1994,10.26,10.32,9.96,10.14,2.78,127735
16/05/1994,10.08,10.26,10.02,10.2,2.8,85428
17/05/1994,10.32,10.39,10.02,10.14,2.78,96005
18/05/1994,10.14,10.14,9.83,9.89,2.71,160076
19/05/1994,9.96,10.08,9.53,9.77,2.68,120616
20/05/1994,9.77,9.77,9.71,9.71,2.66,155194
23/05/1994,9.59,9.65,9.46,9.59,2.63,68749
24/05/1994,9.53,9.53,9.34,9.34,2.56,244690
25/05/1994,9.22,9.34,9.16,9.28,2.55,95395
26/05/1994,9.34,9.71,9.22,9.4,2.58,412292
27/05/1994,9.34,9.46,9.28,9.4,2.58,97429
31/05/1994,9.4,9.4,8.79,9.1,2.5,364493
01/06/1994,9.03,9.1,8.79,8.91,2.44,262589
02/06/1994,8.91,8.97,8.85,8.85,2.43,256487
03/06/1994,8.85,9.03,8.79,9.03,2.48,257301
06/06/1994,9.03,9.53,9.03,9.4,2.58,647422
07/06/1994,9.53,9.77,9.4,9.59,2.63,327271
08/06/1994,9.59,9.89,9.46,9.46,2.6,397850
09/06/1994,9.53,9.53,9.28,9.28,2.55,69156
10/06/1994,9.34,9.46,9.34,9.46,2.6,40273
13/06/1994,9.4,9.77,9.4,9.65,2.65,156618
14/06/1994,9.77,9.89,9.65,9.89,2.71,230656
15/06/1994,9.89,9.89,9.71,9.83,2.7,61834
16/06/1994,9.89,10.26,9.46,10.2,2.8,370391
17/06/1994,10.2,10.39,9.96,10.32,2.83,224960
20/06/1994,9.71,10.2,9.71,9.77,2.68,196688
21/06/1994,9.83,9.83,9.46,9.46,2.6,95191
22/06/1994,9.83,10.02,9.53,9.59,2.63,281709
23/06/1994,9.71,9.77,9.59,9.59,2.63,180416
24/06/1994,9.53,9.53,9.22,9.28,2.55,86648
27/06/1994,9.22,9.59,9.1,9.4,2.58,50036
28/06/1994,9.34,9.59,9.34,9.59,2.63,41900
29/06/1994,9.65,9.65,9.4,9.46,2.6,144007
30/06/1994,9.46,9.53,9.1,9.28,2.55,199739
01/07/1994,9.34,9.65,9.22,9.65,2.65,199535
05/07/1994,9.65,10.08,9.65,10.08,2.77,221503
06/07/1994,10.02,10.32,10.02,10.26,2.82,355543
07/07/1994,10.26,10.57,10.26,10.51,2.88,181026
08/07/1994,10.39,10.45,10.2,10.2,2.8,137295
11/07/1994,10.26,10.32,9.89,9.96,2.73,107802
12/07/1994,9.96,10.02,9.65,9.96,2.73,130176
13/07/1994,10.02,10.08,9.77,10.02,2.75,74444
14/07/1994,10.08,10.32,10.08,10.32,2.83,75665
15/07/1994,10.32,10.32,10.14,10.32,2.83,68749
18/07/1994,10.39,10.75,10.26,10.75,2.95,242046
19/07/1994,10.82,10.82,10.69,10.75,2.95,122854
20/07/1994,10.63,10.63,10.02,10.08,2.77,84614
21/07/1994,10.08,10.08,9.77,9.83,2.7,26239
22/07/1994,9.83,10.02,9.77,9.77,2.68,89293
25/07/1994,9.83,9.89,9.77,9.77,2.68,63257
26/07/1994,9.89,10.08,9.89,9.89,2.71,156821
27/07/1994,9.89,9.89,9.77,9.83,2.7,50443
28/07/1994,9.83,9.89,9.77,9.89,2.71,40070
29/07/1994,9.83,10.02,9.83,9.89,2.71,75868
01/08/1994,9.83,10.14,9.83,10.02,2.75,94988
02/08/1994,9.96,10.08,9.77,9.77,2.68,111056
03/08/1994,9.83,9.83,9.59,9.77,2.68,110039
04/08/1994,9.77,9.77,9.46,9.46,2.6,98446
05/08/1994,9.46,9.46,9.28,9.28,2.55,55325
08/08/1994,9.28,9.28,9.22,9.22,2.53,39663
09/08/1994,9.1,9.16,8.97,9.03,2.48,222723
10/08/1994,9.16,9.16,9.03,9.16,2.52,28273
11/08/1994,9.1,9.22,8.97,9.03,2.48,161703
12/08/1994,9.1,9.22,8.91,9.22,2.53,29290
15/08/1994,9.1,9.16,9.03,9.1,2.5,51257
16/08/1994,8.97,9.1,8.91,9.1,2.5,180823
17/08/1994,9.28,9.53,9.1,9.28,2.55,242453
18/08/1994,9.22,9.34,9.16,9.22,2.53,237775
19/08/1994,9.22,9.28,8.91,9.16,2.52,161296
22/08/1994,9.1,9.16,9.03,9.03,2.48,219469
23/08/1994,9.03,9.16,9.03,9.1,2.5,85835
24/08/1994,9.03,9.28,8.97,9.16,2.52,118175
25/08/1994,9.22,9.65,9.22,9.46,2.6,169432
26/08/1994,9.46,9.59,9.46,9.59,2.63,72004
29/08/1994,9.59,9.65,9.59,9.59,2.63,55935
30/08/1994,9.59,9.65,9.53,9.53,2.62,72004
31/08/1994,9.53,9.71,9.53,9.71,2.67,57969
01/09/1994,9.65,9.77,9.65,9.65,2.65,78106
02/09/1994,9.65,10.2,9.65,10.14,2.79,233096
06/09/1994,10.02,10.02,9.71,9.83,2.7,87259
07/09/1994,9.77,9.77,9.71,9.77,2.68,16475
08/09/1994,9.77,10.14,9.77,9.89,2.72,68953
09/09/1994,9.96,9.96,9.53,9.53,2.62,104344
12/09/1994,9.89,10.02,9.83,9.89,2.72,135871
13/09/1994,9.96,10.02,9.83,9.89,2.72,51664
14/09/1994,9.89,9.89,9.71,9.89,2.72,88886
15/09/1994,9.83,10.02,9.83,9.96,2.73,104751
16/09/1994,10.08,10.08,9.83,9.83,2.7,118175
19/09/1994,9.83,9.83,9.46,9.53,2.62,1485227
20/09/1994,9.59,9.59,9.46,9.46,2.6,98446
21/09/1994,9.46,9.46,9.22,9.34,2.57,64071
22/09/1994,9.53,9.71,8.17,8.24,2.26,1775275
23/09/1994,8.17,8.17,7.74,7.87,2.16,5265009
26/09/1994,7.87,7.93,7.74,7.87,2.16,1130701
27/09/1994,7.8,7.8,7.44,7.44,2.04,863433
28/09/1994,7.44,7.56,7.01,7.37,2.03,2348863
29/09/1994,7.37,7.37,7.13,7.25,1.99,1207586
30/09/1994,7.31,7.56,7.19,7.5,2.06,755224
03/10/1994,7.62,7.74,7.56,7.62,2.09,677322
04/10/1994,7.62,7.68,7.25,7.37,2.03,357577
05/10/1994,7.37,7.37,7.13,7.13,1.96,469244
06/10/1994,7.13,7.31,7.01,7.31,2.01,765191
07/10/1994,7.31,7.56,7.25,7.56,2.08,528840
10/10/1994,7.56,7.68,7.5,7.62,2.09,303676
11/10/1994,7.68,7.8,7.68,7.74,2.13,816854
12/10/1994,7.87,7.87,7.68,7.74,2.13,203197
13/10/1994,7.74,7.87,7.74,7.74,2.13,237368
14/10/1994,7.74,7.8,7.68,7.68,2.11,82987
17/10/1994,7.8,7.93,7.74,7.87,2.16,310388
18/10/1994,7.8,7.8,7.37,7.56,2.08,399681
19/10/1994,7.56,7.74,7.56,7.62,2.09,324423
20/10/1994,7.68,7.68,7.62,7.62,2.09,128956
21/10/1994,7.56,7.87,7.56,7.87,2.16,236147
24/10/1994,7.74,7.8,7.62,7.68,2.11,94784
25/10/1994,7.56,7.56,7.37,7.44,2.04,352492
26/10/1994,7.56,7.62,7.25,7.25,1.99,486126
27/10/1994,7.25,7.5,7.25,7.37,2.03,117769
28/10/1994,7.44,7.56,7.44,7.5,2.06,106582
31/10/1994,7.56,7.62,7.44,7.44,2.05,242453
01/11/1994,7.31,7.44,7.19,7.31,2.01,439547
02/11/1994,7.31,7.37,7.19,7.25,2.0,226791
03/11/1994,7.31,7.37,7.25,7.31,2.01,282319
04/11/1994,7.31,7.31,7.25,7.31,2.01,150109
07/11/1994,7.31,7.62,7.31,7.31,2.01,179195
08/11/1994,7.37,7.44,7.31,7.37,2.03,92547
09/11/1994,7.44,7.5,7.37,7.37,2.03,195467
10/11/1994,7.31,7.44,7.31,7.37,2.03,107192
11/11/1994,7.37,7.37,7.22,7.25,2.0,63868
14/11/1994,7.25,7.37,7.25,7.37,2.03,265030
15/11/1994,7.44,7.68,7.44,7.62,2.1,281912
16/11/1994,7.62,7.62,7.44,7.5,2.06,460904
17/11/1994,7.5,7.56,7.44,7.44,2.05,505042
18/11/1994,7.44,7.44,7.37,7.44,2.05,37019
21/11/1994,7.37,7.62,7.31,7.56,2.08,119599
22/11/1994,7.62,7.62,7.37,7.5,2.06,187128
23/11/1994,7.5,7.56,7.44,7.56,2.08,115938
25/11/1994,7.56,7.62,7.56,7.62,2.1,110446
28/11/1994,7.62,7.8,7.62,7.8,2.15,241843
29/11/1994,7.74,7.87,7.74,7.74,2.13,170449
30/11/1994,7.8,7.8,7.68,7.68,2.11,140753
01/12/1994,7.62,7.68,7.62,7.62,2.1,90513
02/12/1994,7.62,7.68,7.56,7.68,2.11,86242
05/12/1994,7.62,7.93,7.62,7.87,2.16,156008
06/12/1994,7.8,7.87,7.56,7.56,2.08,189365
07/12/1994,7.56,7.74,7.5,7.62,2.1,463955
08/12/1994,7.68,7.68,7.56,7.56,2.08,441175
09/12/1994,7.62,7.62,7.44,7.5,2.06,172890
12/12/1994,7.5,7.56,7.5,7.5,2.06,112480
13/12/1994,7.56,7.56,7.44,7.5,2.06,81767
14/12/1994,7.5,7.62,7.44,7.44,2.05,306117
15/12/1994,7.44,7.87,7.44,7.87,2.16,201569
16/12/1994,7.87,8.11,7.74,8.05,2.22,555892
19/12/1994,8.17,8.24,8.11,8.17,2.25,432225
20/12/1994,8.24,8.24,8.11,8.11,2.23,257708
21/12/1994,8.17,8.17,7.93,7.99,2.2,340695
22/12/1994,7.99,8.05,7.93,7.99,2.2,88276
23/12/1994,7.93,8.11,7.93,8.05,2.22,94784
27/12/1994,7.99,8.17,7.93,8.17,2.25,99259
28/12/1994,8.17,8.17,7.99,8.05,2.22,127532
29/12/1994,7.99,7.99,7.74,7.74,2.13,202383
30/12/1994,7.68,7.8,7.62,7.62,2.1,335000
03/01/1995,7.74,7.87,7.68,7.87,2.16,373036
04/01/1995,7.8,8.05,7.8,8.05,2.22,329508
05/01/1995,8.05,8.11,7.93,7.93,2.18,185704
06/01/1995,7.93,8.05,7.87,7.93,2.18,99056
09/01/1995,7.93,8.17,7.93,8.17,2.25,229028
10/01/1995,8.17,8.24,7.99,8.05,2.22,148889
11/01/1995,7.93,8.05,7.93,7.99,2.2,170856
12/01/1995,7.99,8.11,7.99,8.05,2.22,224147
13/01/1995,8.11,8.24,8.11,8.17,2.25,137295
16/01/1995,8.17,8.24,8.11,8.24,2.27,103124
17/01/1995,8.24,8.6,8.2,8.6,2.37,716171
18/01/1995,8.48,8.48,7.87,7.99,2.2,696645
19/01/1995,7.99,8.11,7.93,8.11,2.23,122650
20/01/1995,8.11,8.11,7.99,8.05,2.22,187738
23/01/1995,8.11,8.11,7.93,7.93,2.18,84818
24/01/1995,7.99,8.05,7.74,7.74,2.13,170042
25/01/1995,7.68,7.68,7.62,7.68,2.11,87259
26/01/1995,7.68,7.8,7.62,7.8,2.15,87055
27/01/1995,7.87,7.87,7.74,7.74,2.13,86445
30/01/1995,7.87,7.87,7.74,7.74,2.13,215197
31/01/1995,7.68,7.68,7.56,7.56,2.08,340695
01/02/1995,7.5,7.62,7.5,7.62,2.1,196484
02/02/1995,7.62,7.68,7.56,7.56,2.08,136685
03/02/1995,7.62,7.93,7.56,7.93,2.18,457650
06/02/1995,7.99,8.6,7.99,8.3,2.29,466600
07/02/1995,8.36,8.54,8.36,8.48,2.34,326254
08/02/1995,8.36,8.48,8.36,8.42,2.32,337237
09/02/1995,8.42,8.48,8.36,8.48,2.34,186518
10/02/1995,8.48,8.54,8.42,8.54,2.35,233503
13/02/1995,8.54,8.54,8.36,8.48,2.34,149906
14/02/1995,8.54,8.6,8.24,8.24,2.27,491414
15/02/1995,8.36,8.48,8.3,8.48,2.34,315880
16/02/1995,8.36,8.42,8.24,8.36,2.3,627692
17/02/1995,8.3,8.36,8.11,8.3,2.29,397240
21/02/1995,8.3,8.36,8.3,8.3,2.29,104751
22/02/1995,8.17,8.36,8.17,8.3,2.29,60003
23/02/1995,8.3,8.3,8.24,8.24,2.27,226181
24/02/1995,8.24,8.42,8.24,8.36,2.3,426937
27/02/1995,8.3,8.42,8.3,8.36,2.3,264623
28/02/1995,8.36,8.42,8.33,8.36,2.3,131193
01/03/1995,8.36,8.36,8.3,8.36,2.3,102717
02/03/1995,8.24,8.3,8.17,8.17,2.25,19730
03/03/1995,8.24,8.24,8.17,8.24,2.27,107802
06/03/1995,8.3,8.3,8.17,8.17,2.25,112684
07/03/1995,8.17,8.24,7.99,7.99,2.2,178178
08/03/1995,7.99,8.24,7.99,8.24,2.27,167195
09/03/1995,8.17,8.24,8.11,8.17,2.25,101090
10/03/1995,8.17,8.3,8.17,8.24,2.27,115735
13/03/1995,8.3,8.3,8.24,8.3,2.29,327474
14/03/1995,8.3,8.36,8.24,8.36,2.3,266047
15/03/1995,8.3,8.3,8.24,8.3,2.29,64478
16/03/1995,8.24,8.3,8.24,8.24,2.27,85225
17/03/1995,8.24,8.24,7.93,8.17,2.25,396833
20/03/1995,8.17,8.24,8.17,8.17,2.25,33968
21/03/1995,8.24,8.3,8.11,8.11,2.24,89089
22/03/1995,8.24,8.36,8.11,8.3,2.29,71190
23/03/1995,8.17,8.24,8.05,8.24,2.27,49019
24/03/1995,8.24,8.42,8.24,8.24,2.27,213367
27/03/1995,8.24,8.24,8.11,8.11,2.24,49833
28/03/1995,8.17,8.17,8.05,8.05,2.22,173500
29/03/1995,8.05,8.11,7.99,7.99,2.2,186111
30/03/1995,8.11,8.11,7.99,7.99,2.2,280692
31/03/1995,7.99,8.05,7.93,7.99,2.2,103734
03/04/1995,8.11,8.24,8.05,8.17,2.25,119599
04/04/1995,8.17,8.24,7.99,7.99,2.2,239198
05/04/1995,8.05,8.17,8.05,8.11,2.24,93767
06/04/1995,8.11,8.11,7.93,7.99,2.2,353916
07/04/1995,7.93,7.99,7.8,7.87,2.17,304693
10/04/1995,7.8,7.87,7.8,7.8,2.15,120820
11/04/1995,7.93,8.11,7.87,8.11,2.24,210722
12/04/1995,8.11,8.17,8.05,8.11,2.24,71800
13/04/1995,8.05,8.17,8.05,8.11,2.24,120820
17/04/1995,8.17,8.17,7.93,7.99,2.2,135668
18/04/1995,7.99,8.05,7.8,7.8,2.15,222723
19/04/1995,7.87,7.87,7.56,7.56,2.08,211536
20/04/1995,7.56,7.62,7.56,7.62,2.1,148075
21/04/1995,7.62,7.93,7.62,7.93,2.18,179602
24/04/1995,7.87,8.24,7.87,8.24,2.27,274387
25/04/1995,8.17,8.24,8.11,8.17,2.25,196281
26/04/1995,8.11,8.17,8.05,8.05,2.22,313439
27/04/1995,8.05,8.05,7.99,7.99,2.2,78106
28/04/1995,7.99,8.11,7.99,8.11,2.24,57359
01/05/1995,7.99,8.05,7.99,7.99,2.2,24611
02/05/1995,8.05,8.17,7.99,8.17,2.26,133227
03/05/1995,8.24,8.3,8.17,8.24,2.27,224350
04/05/1995,8.36,8.42,8.3,8.42,2.32,468634
05/05/1995,8.54,8.91,8.54,8.91,2.46,565452
08/05/1995,9.16,9.77,9.1,9.77,2.7,1302980
09/05/1995,9.83,10.14,9.83,10.14,2.8,1027577
10/05/1995,10.14,10.26,9.77,9.77,2.7,594335
11/05/1995,9.71,9.89,9.71,9.83,2.71,132413
12/05/1995,9.89,9.89,9.77,9.89,2.73,166585
15/05/1995,9.83,10.02,9.83,10.02,2.76,130786
16/05/1995,10.02,10.02,9.89,9.89,2.73,161906
17/05/1995,10.02,10.14,9.83,9.83,2.71,706205
18/05/1995,9.89,9.89,9.77,9.83,2.71,115531
19/05/1995,9.83,9.83,9.71,9.71,2.68,90310
22/05/1995,9.71,9.89,9.65,9.83,2.71,90106
23/05/1995,9.89,10.02,9.83,9.83,2.71,275200
24/05/1995,9.89,10.02,9.77,9.77,2.7,194450
25/05/1995,9.71,9.71,9.53,9.65,2.66,153974
26/05/1995,9.59,9.59,9.22,9.4,2.6,248351
30/05/1995,9.4,9.4,9.1,9.34,2.58,169432
31/05/1995,9.28,9.59,9.28,9.59,2.65,140753
01/06/1995,9.59,9.71,9.53,9.59,2.65,149499
02/06/1995,9.53,9.83,9.46,9.77,2.7,305507
05/06/1995,9.77,9.77,9.71,9.77,2.7,141566
06/06/1995,9.89,9.89,9.77,9.83,2.71,328898
07/06/1995,9.89,9.89,9.53,9.59,2.65,265640
08/06/1995,9.59,9.71,9.59,9.59,2.65,98242
09/06/1995,9.59,9.59,9.46,9.46,2.61,19323
12/06/1995,9.46,9.53,9.4,9.53,2.63,45562
13/06/1995,9.53,9.65,9.4,9.53,2.63,114107
14/06/1995,9.83,10.02,9.71,9.71,2.68,241639
15/06/1995,9.83,9.89,9.71,9.83,2.71,115531
16/06/1995,9.71,9.83,9.71,9.83,2.71,59596
19/06/1995,9.71,9.77,9.65,9.77,2.7,86038
20/06/1995,9.83,9.83,9.46,9.46,2.61,112073
21/06/1995,9.46,9.59,9.46,9.53,2.63,129159
22/06/1995,9.46,9.46,9.16,9.22,2.54,341305
23/06/1995,9.22,9.28,9.1,9.1,2.51,217841
26/06/1995,9.1,9.16,8.85,8.97,2.48,237978
27/06/1995,8.91,9.16,8.91,9.16,2.53,186721
28/06/1995,9.22,9.46,9.03,9.03,2.49,304490
29/06/1995,9.16,9.28,9.1,9.22,2.54,210316
30/06/1995,9.34,9.46,9.22,9.22,2.54,83801
03/07/1995,9.28,9.28,9.1,9.28,2.56,59800
05/07/1995,9.28,9.53,9.22,9.46,2.61,143194
06/07/1995,9.46,10.32,9.46,10.32,2.85,232690
07/07/1995,10.26,10.32,9.77,10.02,2.76,323406
10/07/1995,10.14,10.39,10.14,10.39,2.87,371002
11/07/1995,10.32,10.32,10.08,10.14,2.8,237571
12/07/1995,10.26,10.39,10.02,10.14,2.8,252216
13/07/1995,10.32,10.32,10.14,10.26,2.83,177975
14/07/1995,10.32,10.45,10.26,10.39,2.87,177568
17/07/1995,10.51,10.51,10.26,10.32,2.85,254657
18/07/1995,10.26,10.39,10.14,10.14,2.8,89903
19/07/1995,10.14,10.2,9.71,9.77,2.7,136278
20/07/1995,9.89,9.89,9.46,9.53,2.63,227605
21/07/1995,9.65,9.65,9.34,9.4,2.6,235130
24/07/1995,9.53,9.65,9.4,9.65,2.66,177365
25/07/1995,9.77,9.83,9.53,9.53,2.63,114514
26/07/1995,9.65,9.65,9.53,9.53,2.63,112887
27/07/1995,9.53,9.59,9.46,9.53,2.63,90310
28/07/1995,9.59,9.59,9.4,9.4,2.6,120820
31/07/1995,9.53,9.59,9.4,9.46,2.61,141363
01/08/1995,9.46,9.46,9.1,9.16,2.53,982829
02/08/1995,9.22,9.4,9.22,9.28,2.56,216011
03/08/1995,9.4,9.4,9.16,9.16,2.53,124888
04/08/1995,9.22,9.34,9.16,9.22,2.55,80953
07/08/1995,9.22,9.28,9.16,9.16,2.53,126515
08/08/1995,9.28,9.28,9.1,9.16,2.53,249368
09/08/1995,9.22,9.22,9.16,9.16,2.53,50036
10/08/1995,9.22,9.22,9.03,9.1,2.51,56952
11/08/1995,9.03,9.22,8.73,8.79,2.43,409037
14/08/1995,8.85,9.34,8.85,9.34,2.58,174924
15/08/1995,9.4,9.53,9.1,9.1,2.51,197908
16/08/1995,9.16,9.46,9.16,9.34,2.58,200146
17/08/1995,9.34,9.53,9.28,9.28,2.56,106378
18/08/1995,9.34,9.4,9.28,9.4,2.6,110446
21/08/1995,9.53,9.71,9.46,9.65,2.67,139736
22/08/1995,9.59,9.71,9.59,9.65,2.67,75868
23/08/1995,9.65,9.77,9.65,9.65,2.67,52681
24/08/1995,9.59,9.59,9.46,9.46,2.62,61834
25/08/1995,9.53,9.53,9.28,9.46,2.62,170246
28/08/1995,9.46,9.53,9.34,9.4,2.6,125091
29/08/1995,9.4,9.46,9.28,9.46,2.62,60206
30/08/1995,9.46,9.53,9.34,9.53,2.63,80546
31/08/1995,9.46,9.65,9.46,9.53,2.63,59189
01/09/1995,9.53,9.71,9.53,9.71,2.68,53291
05/09/1995,9.59,9.89,9.46,9.83,2.72,185908
06/09/1995,10.08,10.32,9.89,10.2,2.82,674881
07/09/1995,10.2,10.2,10.02,10.08,2.79,165974
08/09/1995,10.14,10.14,10.08,10.08,2.79,38849
11/09/1995,10.14,10.2,10.14,10.14,2.8,90310
12/09/1995,10.14,10.14,9.96,10.02,2.77,169432
13/09/1995,10.14,10.2,10.08,10.14,2.8,67325
14/09/1995,10.14,10.14,9.96,9.96,2.75,38443
15/09/1995,9.96,10.02,9.89,9.96,2.75,188755
18/09/1995,9.96,10.02,9.96,10.02,2.77,66715
19/09/1995,10.02,10.2,9.96,10.2,2.82,285574
20/09/1995,10.08,10.2,10.08,10.08,2.79,128956
21/09/1995,10.08,10.14,10.08,10.14,2.8,267268
22/09/1995,10.08,10.14,10.08,10.08,2.79,131600
25/09/1995,10.14,10.14,9.96,10.08,2.79,174721
26/09/1995,10.02,10.14,9.96,10.14,2.8,315677
27/09/1995,10.2,10.2,10.02,10.14,2.8,149906
28/09/1995,10.2,10.39,10.14,10.32,2.85,197908
29/09/1995,10.45,10.69,10.45,10.69,2.96,528840
02/10/1995,10.69,10.94,10.51,10.82,2.99,544095
03/10/1995,10.69,10.94,10.69,10.88,3.01,290252
04/10/1995,10.88,11.31,10.88,11.25,3.11,302863
05/10/1995,11.25,11.43,11.25,11.43,3.16,511958
06/10/1995,11.43,11.43,11.25,11.31,3.13,292489
09/10/1995,11.18,11.18,10.69,10.69,2.96,260149
10/10/1995,10.69,11.06,10.45,11.06,3.06,201569
11/10/1995,11.0,11.0,10.82,10.82,2.99,66715
12/10/1995,10.88,10.88,10.69,10.88,3.01,160889
13/10/1995,10.88,11.37,10.88,11.31,3.13,130990
16/10/1995,11.31,11.68,11.31,11.62,3.21,305914
17/10/1995,11.55,11.68,11.43,11.43,3.16,134854
18/10/1995,11.31,11.49,11.12,11.12,3.07,188348
19/10/1995,11.25,11.31,11.06,11.06,3.06,129566
20/10/1995,11.18,11.43,11.12,11.31,3.13,64478
23/10/1995,11.18,11.18,11.0,11.18,3.09,34375
24/10/1995,11.18,11.18,11.06,11.12,3.07,25018
25/10/1995,11.06,11.31,11.0,11.25,3.11,134854
26/10/1995,11.25,11.25,11.12,11.18,3.09,96412
27/10/1995,11.18,11.18,10.88,10.94,3.02,98649
30/10/1995,11.0,11.43,11.0,11.37,3.14,114514
31/10/1995,11.31,11.37,11.25,11.25,3.11,85835
01/11/1995,11.25,11.25,11.18,11.18,3.09,66715
02/11/1995,11.18,11.43,11.18,11.37,3.15,133227
03/11/1995,11.43,11.43,11.12,11.18,3.09,51053
06/11/1995,11.12,11.18,11.06,11.12,3.08,67325
07/11/1995,11.12,11.12,10.94,11.0,3.04,186314
08/11/1995,11.0,11.12,11.0,11.06,3.06,184687
09/11/1995,11.12,11.12,11.0,11.12,3.08,97225
10/11/1995,11.12,11.18,11.06,11.12,3.08,163737
13/11/1995,11.12,11.12,11.0,11.06,3.06,128549
14/11/1995,11.06,11.06,10.82,11.0,3.04,158245
15/11/1995,10.94,10.94,10.57,10.57,2.92,282929
16/11/1995,10.57,10.63,10.45,10.51,2.91,170653
17/11/1995,10.45,10.51,10.39,10.51,2.91,195264
20/11/1995,10.45,10.88,10.26,10.88,3.01,164957
21/11/1995,10.82,10.88,10.75,10.82,2.99,105768
22/11/1995,10.82,10.82,10.75,10.75,2.98,363476
24/11/1995,10.75,10.88,10.75,10.75,2.98,12814
27/11/1995,10.82,11.0,10.75,10.94,3.03,31527
28/11/1995,10.88,10.94,10.75,10.75,2.98,263200
29/11/1995,10.75,10.75,10.63,10.75,2.98,84614
30/11/1995,10.82,10.88,10.75,10.88,3.01,156821
01/12/1995,10.88,10.94,10.82,10.88,3.01,57155
04/12/1995,10.88,11.55,10.88,11.55,3.2,208892
05/12/1995,11.49,11.68,11.49,11.68,3.23,186314
06/12/1995,11.62,11.92,11.62,11.92,3.3,241029
07/12/1995,11.86,11.86,11.8,11.8,3.26,283743
08/12/1995,11.74,12.05,11.74,12.05,3.33,221096
11/12/1995,11.92,11.92,11.86,11.92,3.3,290862
12/12/1995,11.8,11.92,11.8,11.8,3.26,280285
13/12/1995,11.86,11.86,11.74,11.74,3.25,140753
14/12/1995,11.8,11.8,11.74,11.8,3.26,36205
15/12/1995,11.92,11.92,11.74,11.74,3.25,47189
18/12/1995,11.62,11.62,11.31,11.55,3.2,158652
19/12/1995,11.62,11.8,11.62,11.62,3.21,141363
20/12/1995,11.62,11.92,11.62,11.74,3.25,115938
21/12/1995,11.8,12.05,11.8,12.05,3.33,130176
22/12/1995,11.98,12.17,11.98,12.11,3.35,58986
26/12/1995,12.05,12.17,12.05,12.11,3.35,70173
27/12/1995,12.17,12.23,12.11,12.23,3.38,65088
28/12/1995,12.23,12.54,12.23,12.54,3.47,279065
29/12/1995,12.48,12.54,12.35,12.35,3.42,116955
02/01/1996,12.35,12.66,12.35,12.66,3.5,259335
03/01/1996,12.66,13.03,12.66,12.91,3.57,167398
04/01/1996,12.84,12.84,12.41,12.41,3.43,179195
05/01/1996,12.23,12.54,12.23,12.54,3.47,102717
08/01/1996,12.54,12.72,12.54,12.72,3.52,47189
09/01/1996,12.78,12.78,12.66,12.66,3.5,130583
10/01/1996,12.6,12.6,11.92,11.92,3.3,148685
11/01/1996,11.98,12.17,11.92,11.98,3.32,109429
12/01/1996,12.11,12.23,11.86,11.86,3.28,324220
15/01/1996,11.68,11.74,11.43,11.43,3.16,314050
16/01/1996,11.49,11.49,11.43,11.49,3.18,177365
17/01/1996,11.43,11.62,11.43,11.43,3.16,212350
18/01/1996,11.55,11.55,11.43,11.55,3.2,124074
19/01/1996,11.55,12.23,11.43,12.23,3.38,183874
22/01/1996,12.23,12.66,12.23,12.66,3.5,282726
23/01/1996,12.72,12.72,12.6,12.6,3.49,236351
24/01/1996,12.72,12.78,12.72,12.78,3.54,178585
25/01/1996,12.66,12.91,12.66,12.78,3.54,265437
26/01/1996,12.78,12.91,12.66,12.78,3.54,91327
29/01/1996,12.78,12.91,12.78,12.84,3.55,153364
30/01/1996,12.91,13.03,12.78,12.97,3.59,160076
31/01/1996,12.97,12.97,12.29,12.84,3.55,427750
01/02/1996,12.91,13.09,12.84,12.91,3.57,282726
02/02/1996,12.84,12.91,12.78,12.91,3.57,87259
05/02/1996,12.84,13.03,12.78,13.03,3.61,655558
06/02/1996,12.97,12.97,12.66,12.78,3.54,152347
07/02/1996,12.66,12.66,12.29,12.41,3.44,140143
08/02/1996,12.41,12.84,12.41,12.6,3.49,108005
09/02/1996,12.6,12.72,12.54,12.66,3.51,54308
12/02/1996,12.66,12.72,12.54,12.72,3.52,67529
13/02/1996,12.66,12.78,12.54,12.78,3.54,75461
14/02/1996,12.84,13.15,12.84,13.09,3.63,254860
15/02/1996,13.09,13.27,13.03,13.27,3.68,320355
16/02/1996,13.21,13.27,12.97,13.09,3.63,149906
20/02/1996,12.97,12.97,12.54,12.54,3.47,135668
21/02/1996,12.48,12.48,12.17,12.23,3.39,197501
22/02/1996,12.35,12.84,12.35,12.78,3.54,197298
23/02/1996,12.72,12.72,12.41,12.54,3.47,76885
26/02/1996,12.6,12.78,12.48,12.54,3.47,304693
27/02/1996,12.41,12.41,12.11,12.11,3.35,334390
28/02/1996,12.11,12.66,12.11,12.23,3.39,266251
29/02/1996,12.11,12.11,11.68,11.74,3.25,187738
01/03/1996,11.92,12.11,11.92,11.98,3.32,73834
04/03/1996,11.86,11.92,11.68,11.86,3.28,177161
05/03/1996,11.68,11.8,11.62,11.8,3.27,204010
06/03/1996,11.8,12.11,11.74,12.05,3.34,135668
07/03/1996,12.11,12.17,11.92,11.98,3.32,104954
08/03/1996,11.74,11.74,11.37,11.37,3.15,200756
11/03/1996,11.25,11.49,11.25,11.31,3.13,211739
12/03/1996,11.31,11.31,11.25,11.31,3.13,283946
13/03/1996,11.37,11.62,11.37,11.49,3.18,165568
14/03/1996,11.49,11.8,11.43,11.74,3.25,153567
15/03/1996,11.74,12.11,11.74,11.92,3.3,156415
18/03/1996,11.92,12.23,11.89,12.23,3.39,249368
19/03/1996,12.23,12.35,12.23,12.29,3.4,106175
20/03/1996,12.29,12.29,12.11,12.17,3.37,135058
21/03/1996,11.98,12.17,11.92,12.05,3.34,269098
22/03/1996,12.05,12.35,12.05,12.29,3.4,181636
25/03/1996,12.29,12.29,12.17,12.17,3.37,250996
26/03/1996,12.17,12.23,12.05,12.11,3.35,330322
27/03/1996,11.98,12.41,11.98,12.11,3.35,513382
28/03/1996,12.11,12.23,12.11,12.11,3.35,344966
29/03/1996,12.11,12.35,12.05,12.23,3.39,101903
01/04/1996,12.29,12.35,12.17,12.29,3.4,98039
02/04/1996,12.35,12.72,12.17,12.72,3.52,350865
03/04/1996,12.66,12.78,12.6,12.72,3.52,180619
04/04/1996,12.72,12.84,12.66,12.84,3.56,310592
08/04/1996,12.29,12.48,12.17,12.48,3.45,316490
09/04/1996,12.48,12.66,12.35,12.66,3.51,284963
10/04/1996,12.6,12.6,12.29,12.29,3.4,135058
11/04/1996,12.29,12.29,12.05,12.11,3.35,185704
12/04/1996,12.05,12.29,12.05,12.23,3.39,61223
15/04/1996,12.23,12.29,12.17,12.29,3.4,141160
16/04/1996,12.23,12.29,12.11,12.17,3.37,124074
17/04/1996,12.11,12.23,12.11,12.17,3.37,90106
18/04/1996,12.17,12.23,12.11,12.17,3.37,89496
19/04/1996,12.17,12.23,12.11,12.17,3.37,47189
22/04/1996,12.17,12.29,12.11,12.17,3.37,117972
23/04/1996,12.17,12.23,12.11,12.11,3.35,270319
24/04/1996,12.11,12.23,12.11,12.11,3.35,52070
25/04/1996,12.11,12.17,11.98,12.11,3.35,118582
26/04/1996,12.11,12.23,12.11,12.23,3.39,113497
29/04/1996,12.17,12.29,12.11,12.23,3.39,95801
30/04/1996,12.23,12.29,12.11,12.29,3.4,60003
01/05/1996,12.23,12.29,12.17,12.23,3.39,154177
02/05/1996,12.17,12.35,12.11,12.17,3.37,261979
03/05/1996,12.11,12.11,11.98,12.05,3.34,154787
06/05/1996,11.98,12.05,11.92,11.92,3.31,97022
07/05/1996,11.8,11.92,11.74,11.74,3.25,207875
08/05/1996,11.68,11.68,11.55,11.68,3.24,98852
09/05/1996,11.62,12.11,11.62,12.05,3.34,164754
10/05/1996,11.98,12.17,11.98,11.98,3.32,72410
13/05/1996,11.98,12.05,11.98,11.98,3.32,83597
14/05/1996,11.98,12.54,11.98,12.48,3.46,253233
15/05/1996,12.48,12.48,12.29,12.35,3.42,100683
16/05/1996,12.29,12.29,12.17,12.29,3.41,47392
17/05/1996,12.29,12.41,12.29,12.41,3.44,96412
20/05/1996,12.35,12.35,12.23,12.29,3.41,41697
21/05/1996,12.29,12.35,12.23,12.29,3.41,193433
22/05/1996,12.23,12.29,12.23,12.23,3.39,32137
23/05/1996,12.23,12.29,12.17,12.23,3.39,72004
24/05/1996,12.23,12.35,12.17,12.35,3.42,151330
28/05/1996,12.29,12.35,12.23,12.29,3.41,107192
29/05/1996,12.29,12.29,12.17,12.29,3.41,65291
30/05/1996,12.29,12.35,12.23,12.29,3.41,100073
31/05/1996,12.35,12.35,12.23,12.23,3.39,108209
03/06/1996,12.23,12.29,12.17,12.23,3.39,72817
04/06/1996,12.23,12.35,12.23,12.29,3.41,185501
05/06/1996,12.35,12.48,12.29,12.41,3.44,161093
06/06/1996,12.48,12.66,12.41,12.48,3.46,133227
07/06/1996,12.29,12.41,12.23,12.41,3.44,299608
10/06/1996,12.41,12.48,12.29,12.35,3.42,50443
11/06/1996,12.35,12.48,12.35,12.41,3.44,61020
12/06/1996,12.41,12.48,12.35,12.35,3.42,31120
13/06/1996,12.41,12.48,12.35,12.35,3.42,53901
14/06/1996,12.35,13.09,12.35,12.91,3.58,483482
17/06/1996,12.84,12.91,12.78,12.84,3.56,129566
18/06/1996,12.78,12.84,12.66,12.66,3.51,158449
19/06/1996,12.66,12.84,12.66,12.78,3.54,55732
20/06/1996,12.78,12.84,12.78,12.78,3.54,86445
21/06/1996,12.91,12.91,12.78,12.84,3.56,60003
24/06/1996,12.84,13.09,12.84,13.03,3.61,142787
25/06/1996,13.03,13.15,12.97,12.97,3.59,94174
26/06/1996,12.97,13.21,12.66,12.66,3.51,70580
27/06/1996,12.72,12.84,12.6,12.66,3.51,122040
28/06/1996,12.66,12.72,12.29,12.29,3.41,508703
01/07/1996,12.41,12.54,12.29,12.35,3.42,247131
02/07/1996,12.41,12.41,12.29,12.29,3.41,205841
03/07/1996,12.35,12.35,12.29,12.29,3.41,53494
05/07/1996,12.23,12.23,11.92,11.92,3.31,48613
08/07/1996,11.8,12.05,11.8,12.05,3.34,125905
09/07/1996,11.92,11.98,11.86,11.86,3.29,99666
10/07/1996,11.86,11.86,11.43,11.55,3.2,267878
11/07/1996,11.49,11.62,11.37,11.43,3.17,333779
12/07/1996,11.43,11.49,11.43,11.43,3.17,82987
15/07/1996,11.49,11.49,11.12,11.12,3.08,300218
16/07/1996,11.0,11.06,10.69,10.75,2.98,245097
17/07/1996,10.75,11.55,10.75,11.31,3.13,183060
18/07/1996,11.18,11.55,11.18,11.49,3.19,159059
19/07/1996,11.43,11.49,11.25,11.37,3.15,131600
22/07/1996,11.37,11.37,11.25,11.37,3.15,81970
23/07/1996,11.37,11.37,11.06,11.06,3.07,121633
24/07/1996,11.0,11.0,10.63,10.63,2.95,125701
25/07/1996,10.69,11.0,10.63,11.0,3.05,89293
26/07/1996,11.06,11.18,11.0,11.06,3.07,126922
29/07/1996,11.12,11.12,10.88,10.94,3.03,54511
30/07/1996,10.88,11.06,10.82,11.06,3.07,71190
31/07/1996,11.0,11.0,10.82,11.0,3.05,454192
01/08/1996,10.82,11.12,10.82,11.06,3.07,203400
02/08/1996,11.31,11.8,11.31,11.68,3.24,685865
05/08/1996,11.62,11.68,11.25,11.31,3.14,287811
06/08/1996,11.37,11.43,11.37,11.43,3.17,93767
07/08/1996,11.43,11.43,11.31,11.37,3.16,85225
08/08/1996,11.43,11.43,11.37,11.43,3.17,69156
09/08/1996,11.37,11.43,11.25,11.37,3.16,307337
12/08/1996,11.37,11.37,11.31,11.37,3.16,123057
13/08/1996,11.25,11.37,11.12,11.25,3.12,109836
14/08/1996,11.25,11.25,11.12,11.12,3.09,151330
15/08/1996,11.06,11.18,11.0,11.0,3.05,169025
16/08/1996,11.06,11.18,11.0,11.18,3.1,156618
19/08/1996,11.12,11.18,10.88,11.0,3.05,100276
20/08/1996,11.06,11.25,11.06,11.25,3.12,41087
21/08/1996,11.18,11.31,11.12,11.25,3.12,126108
22/08/1996,11.25,11.31,11.18,11.25,3.12,53698
23/08/1996,11.12,11.18,11.06,11.12,3.09,37832
26/08/1996,11.18,11.31,11.12,11.25,3.12,32137
27/08/1996,11.12,11.25,11.12,11.25,3.12,67325
28/08/1996,11.25,11.37,11.25,11.25,3.12,76275
29/08/1996,11.18,11.25,11.12,11.12,3.09,91327
30/08/1996,11.06,11.12,11.0,11.0,3.05,43528
03/09/1996,11.0,11.0,10.69,10.82,3.0,79123
04/09/1996,10.88,11.06,10.82,11.0,3.05,64885
05/09/1996,11.0,11.12,10.94,11.0,3.05,48002
06/09/1996,11.06,11.12,10.88,10.88,3.02,153364
09/09/1996,10.94,11.06,10.88,11.06,3.07,32544
10/09/1996,11.12,11.18,11.06,11.06,3.07,36612
11/09/1996,11.06,11.25,11.06,11.25,3.12,63257
12/09/1996,11.31,11.31,11.25,11.25,3.12,58172
13/09/1996,11.18,11.43,11.18,11.31,3.14,125294
16/09/1996,11.18,11.31,11.12,11.18,3.1,89089
17/09/1996,11.12,11.18,11.06,11.12,3.09,69970
18/09/1996,11.12,11.37,11.06,11.31,3.14,101903
19/09/1996,11.31,11.37,11.06,11.06,3.07,220486
20/09/1996,11.12,11.12,11.0,11.06,3.07,254047
23/09/1996,11.12,11.12,11.0,11.06,3.07,51867
24/09/1996,11.0,11.0,10.88,10.94,3.04,139126
25/09/1996,11.06,11.12,10.69,10.82,3.0,257911
26/09/1996,10.88,10.88,10.75,10.82,3.0,198518
27/09/1996,10.75,10.88,10.75,10.82,3.0,122243
30/09/1996,10.75,11.06,10.75,10.94,3.04,538196
01/10/1996,11.0,11.06,10.82,10.94,3.04,1476887
02/10/1996,10.88,11.12,10.82,11.12,3.09,489787
03/10/1996,11.06,11.06,10.94,10.94,3.04,221299
04/10/1996,11.06,11.12,11.0,11.06,3.07,370798
07/10/1996,11.06,11.18,11.0,11.0,3.05,449107
08/10/1996,11.06,11.12,11.0,11.06,3.07,96615
09/10/1996,11.12,11.31,11.0,11.06,3.07,50647
10/10/1996,11.0,11.06,11.0,11.0,3.05,51053
11/10/1996,11.06,11.12,11.0,11.0,3.05,234927
14/10/1996,11.06,11.06,11.0,11.06,3.07,68139
15/10/1996,11.12,11.12,10.88,10.94,3.04,237775
16/10/1996,10.94,11.06,10.88,10.88,3.02,249368
17/10/1996,10.88,10.88,10.82,10.88,3.02,231673
18/10/1996,10.94,10.94,10.82,10.82,3.0,84614
21/10/1996,10.88,10.94,10.82,10.94,3.04,109429
22/10/1996,10.94,11.0,10.88,11.0,3.05,115735
23/10/1996,11.0,11.06,10.94,11.0,3.05,97632
24/10/1996,11.0,11.18,11.0,11.12,3.09,151940
25/10/1996,11.12,11.31,11.12,11.18,3.1,124888
28/10/1996,11.25,11.25,10.94,10.94,3.04,121430
29/10/1996,10.94,11.0,10.88,10.94,3.04,88682
30/10/1996,11.06,11.06,10.88,10.88,3.02,27459
31/10/1996,10.82,10.94,10.82,10.94,3.04,111260
01/11/1996,10.94,11.0,10.88,10.88,3.02,58376
04/11/1996,10.88,11.06,10.88,11.0,3.06,96615
05/11/1996,11.06,11.06,10.94,11.0,3.06,40680
06/11/1996,11.06,11.37,11.06,11.37,3.16,232690
07/11/1996,11.31,11.37,11.25,11.37,3.16,114514
08/11/1996,11.31,11.37,11.25,11.31,3.14,91530
11/11/1996,11.18,11.49,11.12,11.43,3.18,113294
12/11/1996,11.43,11.55,11.43,11.55,3.21,109226
13/11/1996,11.62,11.68,11.49,11.62,3.23,209909
14/11/1996,11.62,11.86,11.62,11.74,3.26,390325
15/11/1996,11.74,11.8,11.62,11.62,3.23,89903
18/11/1996,11.68,12.05,11.62,12.05,3.35,199535
19/11/1996,12.05,12.6,11.98,12.6,3.5,395003
20/11/1996,12.54,12.6,12.23,12.41,3.45,190179
21/11/1996,12.41,12.72,12.41,12.72,3.53,301032
22/11/1996,12.72,13.09,12.72,12.97,3.6,266047
25/11/1996,13.09,13.15,12.97,13.03,3.62,175941
26/11/1996,13.03,13.03,12.66,12.66,3.52,365510
27/11/1996,12.66,13.15,12.66,12.91,3.59,251199
29/11/1996,12.84,12.91,12.78,12.78,3.55,32137
02/12/1996,12.6,12.91,12.41,12.84,3.57,170042
03/12/1996,12.91,13.21,12.84,13.09,3.64,173500
04/12/1996,13.03,13.03,12.84,12.84,3.57,91123
05/12/1996,12.91,12.97,12.72,12.72,3.53,56138
06/12/1996,12.54,12.66,12.29,12.66,3.52,190789
09/12/1996,12.6,13.09,12.6,13.03,3.62,234520
10/12/1996,13.03,13.09,12.91,12.97,3.6,95598
11/12/1996,12.91,12.91,12.6,12.72,3.53,74851
12/12/1996,12.66,12.66,12.48,12.6,3.5,44748
13/12/1996,12.54,12.54,12.29,12.41,3.45,246928
16/12/1996,12.41,12.72,12.41,12.66,3.52,144007
17/12/1996,12.6,12.66,12.6,12.66,3.52,74444
18/12/1996,12.66,12.66,12.6,12.66,3.52,111870
19/12/1996,12.66,12.78,12.66,12.66,3.52,26645
20/12/1996,12.78,12.91,12.72,12.84,3.57,220079
23/12/1996,12.84,12.97,12.78,12.97,3.6,43731
24/12/1996,12.91,13.03,12.91,12.91,3.59,7322
26/12/1996,12.91,13.03,12.91,13.03,3.62,43324
27/12/1996,13.09,13.15,13.09,13.15,3.65,19933
30/12/1996,13.15,13.34,13.09,13.27,3.69,131803
31/12/1996,13.27,13.4,13.27,13.4,3.72,67529
02/01/1997,13.27,13.27,12.78,12.84,3.57,202790
03/01/1997,12.97,13.21,12.97,13.21,3.67,156211
06/01/1997,13.27,13.46,13.27,13.27,3.69,124481
07/01/1997,13.34,13.4,13.21,13.4,3.72,92344
08/01/1997,13.46,13.64,13.46,13.52,3.76,92344
09/01/1997,13.52,13.52,13.15,13.34,3.71,156415
10/01/1997,13.21,13.27,13.09,13.09,3.64,58986
13/01/1997,13.21,13.27,13.15,13.27,3.69,43731
14/01/1997,13.34,13.4,13.34,13.4,3.72,63868
15/01/1997,13.46,13.52,13.09,13.09,3.64,176348
16/01/1997,13.09,13.21,13.09,13.09,3.64,50443
17/01/1997,13.03,13.27,13.03,13.27,3.69,78919
20/01/1997,13.34,13.4,13.27,13.34,3.71,43934
21/01/1997,13.21,13.4,13.21,13.27,3.69,89496
22/01/1997,13.34,13.46,13.27,13.34,3.71,128752
23/01/1997,13.27,13.34,13.15,13.27,3.69,81157
24/01/1997,13.27,13.27,13.15,13.21,3.67,74648
27/01/1997,13.15,13.21,12.84,12.84,3.57,84411
28/01/1997,12.91,13.15,12.84,12.84,3.57,177161
29/01/1997,12.84,13.03,12.84,12.97,3.6,63461
30/01/1997,13.09,13.15,13.03,13.15,3.65,144821
31/01/1997,13.09,13.15,12.97,13.09,3.64,200756
03/02/1997,13.09,13.21,13.09,13.15,3.65,148889
04/02/1997,13.27,13.27,13.15,13.21,3.67,239402
05/02/1997,13.21,13.27,12.91,12.91,3.59,52477
06/02/1997,12.91,12.97,12.78,12.91,3.59,364900
07/02/1997,12.84,13.03,12.78,12.78,3.55,58172
10/02/1997,12.91,12.91,12.72,12.78,3.55,78309
11/02/1997,12.72,12.84,12.66,12.72,3.54,328694
12/02/1997,12.72,12.84,12.6,12.66,3.52,88072
13/02/1997,12.72,12.84,12.66,12.78,3.55,71597
14/02/1997,12.78,12.78,12.72,12.78,3.55,181433
18/02/1997,12.66,12.78,12.6,12.78,3.55,105971
19/02/1997,12.72,12.91,12.66,12.91,3.59,73021
20/02/1997,12.84,12.97,12.72,12.78,3.55,294523
21/02/1997,12.78,12.78,12.66,12.72,3.54,95801
24/02/1997,12.66,12.84,12.66,12.71,3.53,98649
25/02/1997,12.78,12.91,12.72,12.78,3.55,34375
26/02/1997,12.84,12.91,12.66,12.66,3.52,272353
27/02/1997,12.72,12.72,12.54,12.54,3.49,87665
28/02/1997,12.6,12.6,12.29,12.41,3.45,161906
03/03/1997,12.35,12.41,12.23,12.23,3.4,44748
04/03/1997,12.23,12.35,12.17,12.35,3.44,109633
05/03/1997,12.35,12.48,12.29,12.48,3.47,84614
06/03/1997,12.48,12.66,12.48,12.66,3.52,71597
07/03/1997,12.66,12.78,12.66,12.72,3.54,9356
10/03/1997,12.72,12.78,12.72,12.78,3.55,51053
11/03/1997,12.84,12.84,12.72,12.78,3.55,67529
12/03/1997,12.78,12.78,12.66,12.66,3.52,100073
13/03/1997,12.72,12.72,12.54,12.54,3.49,42307
14/03/1997,12.54,12.54,12.29,12.35,3.44,91733
17/03/1997,12.35,12.41,12.11,12.29,3.42,65291
18/03/1997,12.29,12.35,12.11,12.17,3.38,101700
19/03/1997,12.23,12.23,12.11,12.23,3.4,101903
20/03/1997,12.23,12.23,12.17,12.17,3.38,63868
21/03/1997,12.66,12.66,12.29,12.29,3.42,163737
24/03/1997,12.29,12.29,12.11,12.11,3.37,68139
25/03/1997,12.17,12.17,11.8,11.92,3.32,82174
26/03/1997,11.98,12.54,11.98,12.23,3.4,1616216
27/03/1997,12.29,12.29,12.11,12.11,3.37,196078
31/03/1997,12.05,12.17,11.98,12.05,3.35,350662
01/04/1997,11.98,12.29,11.98,12.29,3.42,202993
02/04/1997,12.29,12.35,12.23,12.35,3.44,450938
03/04/1997,12.29,12.29,12.17,12.23,3.4,255877
04/04/1997,12.17,12.23,12.11,12.17,3.38,119599
07/04/1997,12.17,12.54,12.17,12.54,3.49,150719
08/04/1997,12.54,12.54,12.48,12.48,3.47,43731
09/04/1997,12.54,12.97,12.48,12.91,3.59,127125
10/04/1997,12.91,13.34,12.91,13.27,3.69,400901
11/04/1997,13.27,13.27,12.91,12.97,3.61,75055
14/04/1997,12.91,12.91,12.72,12.78,3.55,84818
15/04/1997,12.78,12.91,12.72,12.78,3.55,99463
16/04/1997,12.84,12.97,12.84,12.91,3.59,136888
17/04/1997,12.91,13.09,12.91,12.97,3.61,116955
18/04/1997,12.97,13.09,12.84,13.09,3.64,84614
21/04/1997,13.09,13.09,12.84,12.91,3.59,387070
22/04/1997,12.97,12.97,12.78,12.78,3.55,177568
23/04/1997,12.84,13.21,12.78,13.15,3.66,87665
24/04/1997,13.15,13.27,13.09,13.21,3.67,173704
25/04/1997,13.15,13.15,12.78,12.91,3.59,141770
28/04/1997,12.91,13.03,12.91,12.97,3.61,85631
29/04/1997,13.03,13.27,13.03,13.27,3.69,132007
30/04/1997,13.27,13.27,13.21,13.21,3.67,84411
01/05/1997,13.09,13.21,13.09,13.15,3.66,301439
02/05/1997,13.21,13.27,13.09,13.21,3.68,187738
05/05/1997,13.21,13.4,13.15,13.21,3.68,198112
06/05/1997,13.21,13.34,13.09,13.34,3.71,238792
07/05/1997,13.27,13.27,13.15,13.27,3.69,73631
08/05/1997,13.27,13.27,13.21,13.21,3.68,55121
09/05/1997,13.27,13.34,13.21,13.21,3.68,68546
12/05/1997,13.27,13.27,13.15,13.21,3.68,23594
13/05/1997,13.27,13.34,13.21,13.21,3.68,54308
14/05/1997,13.27,13.27,13.21,13.21,3.68,41290
15/05/1997,13.09,13.15,13.03,13.09,3.64,89903
16/05/1997,13.15,13.34,13.15,13.27,3.69,83191
19/05/1997,13.21,13.4,13.21,13.34,3.71,67529
20/05/1997,13.27,13.27,13.09,13.15,3.66,24815
21/05/1997,13.27,13.34,13.21,13.21,3.68,81360
22/05/1997,13.27,13.46,13.27,13.4,3.73,96208
23/05/1997,13.4,13.52,13.34,13.34,3.71,183060
27/05/1997,13.34,13.34,13.27,13.27,3.69,22984
28/05/1997,13.34,13.34,12.91,13.03,3.63,198112
29/05/1997,13.09,13.15,13.03,13.03,3.63,61223
30/05/1997,13.03,13.03,12.72,12.91,3.59,242860
02/06/1997,12.97,12.97,12.78,12.84,3.58,141973
03/06/1997,12.84,13.09,12.84,13.03,3.63,43934
04/06/1997,13.09,13.21,12.97,12.97,3.61,41494
05/06/1997,13.03,13.15,12.91,13.09,3.64,43934
06/06/1997,13.09,13.27,12.97,12.97,3.61,132617
09/06/1997,12.91,13.21,12.91,13.09,3.64,146041
10/06/1997,13.09,13.09,12.91,12.97,3.61,132210
11/06/1997,14.87,15.06,14.44,15.06,4.19,1623946
12/06/1997,15.06,16.16,15.06,15.73,4.38,1241554
13/06/1997,15.67,16.04,15.43,16.04,4.46,485109
16/06/1997,16.04,16.04,15.67,15.79,4.4,327271
17/06/1997,15.73,15.79,15.67,15.79,4.4,231876
18/06/1997,15.79,15.92,15.73,15.73,4.38,610810
19/06/1997,15.79,16.04,15.79,16.04,4.46,126311
20/06/1997,15.86,16.1,15.86,16.04,4.46,180212
23/06/1997,15.98,16.16,15.79,16.16,4.5,102920
24/06/1997,16.04,16.1,15.76,15.79,4.4,242453
25/06/1997,15.86,16.04,15.67,15.7,4.37,286387
26/06/1997,15.92,15.92,15.24,15.43,4.29,225367
27/06/1997,15.49,15.92,15.49,15.67,4.36,474125
30/06/1997,15.67,15.82,15.61,15.7,4.37,421445
01/07/1997,15.64,15.86,15.64,15.76,4.39,180416
02/07/1997,15.73,16.1,15.73,16.1,4.48,137498
03/07/1997,16.04,16.29,16.04,16.25,4.52,40883
07/07/1997,16.25,16.59,16.1,16.16,4.5,336424
08/07/1997,16.16,16.19,16.1,16.1,4.48,132210
09/07/1997,16.16,16.16,15.98,16.04,4.46,34578
10/07/1997,16.04,16.1,15.98,16.1,4.48,207265
11/07/1997,16.1,16.22,16.04,16.19,4.51,62037
14/07/1997,16.29,16.47,16.22,16.41,4.57,194247
15/07/1997,16.47,16.59,16.47,16.59,4.62,143194
16/07/1997,16.59,16.75,16.59,16.72,4.65,214587
17/07/1997,16.72,16.72,16.59,16.62,4.63,47799
18/07/1997,16.72,16.84,16.59,16.75,4.66,269302
21/07/1997,16.99,17.45,16.87,17.33,4.82,258725
22/07/1997,17.45,17.79,17.45,17.76,4.94,113090
23/07/1997,17.82,17.88,17.64,17.79,4.95,295337
24/07/1997,17.85,17.85,17.45,17.7,4.93,147872
25/07/1997,17.7,17.73,17.64,17.7,4.93,242249
28/07/1997,17.76,17.76,17.39,17.39,4.84,81157
29/07/1997,17.39,17.88,17.33,17.85,4.97,197095
30/07/1997,17.94,18.44,17.94,18.38,5.11,301439
31/07/1997,18.38,18.44,18.19,18.31,5.1,175941
01/08/1997,18.31,18.5,18.25,18.47,5.14,328084
04/08/1997,18.47,18.47,18.25,18.44,5.14,98649
05/08/1997,18.44,18.5,18.38,18.41,5.13,49223
06/08/1997,18.34,18.34,18.19,18.31,5.1,136481
07/08/1997,18.38,18.44,18.31,18.41,5.13,86038
08/08/1997,18.28,18.28,17.61,17.85,4.97,185501
11/08/1997,17.91,17.91,17.76,17.82,4.96,48206
12/08/1997,17.76,17.76,17.55,17.55,4.89,166178
13/08/1997,17.64,17.64,17.42,17.45,4.86,88479
14/08/1997,17.51,17.67,17.24,17.45,4.86,143804
15/08/1997,17.45,17.64,17.45,17.61,4.9,157228
18/08/1997,17.55,17.67,17.51,17.58,4.9,182450
19/08/1997,17.51,17.62,17.36,17.51,4.88,270319
20/08/1997,17.51,17.88,17.51,17.88,4.98,93157
21/08/1997,17.88,18.25,17.88,18.19,5.07,308151
22/08/1997,18.1,18.16,17.73,17.88,4.98,121430
25/08/1997,17.82,18.07,17.82,18.07,5.03,56342
26/08/1997,17.98,18.04,17.94,18.01,5.02,52477
27/08/1997,18.13,18.31,17.98,18.19,5.07,106988
28/08/1997,18.31,18.31,17.94,18.1,5.04,216214
29/08/1997,18.1,18.41,18.04,18.38,5.12,105565
02/09/1997,18.31,18.44,18.19,18.31,5.1,81360
03/09/1997,18.25,18.38,18.19,18.25,5.08,185704
04/09/1997,18.19,18.31,18.13,18.16,5.06,133430
05/09/1997,18.16,18.41,18.16,18.34,5.11,102107
08/09/1997,18.41,18.5,18.34,18.41,5.13,86852
09/09/1997,18.41,18.47,18.41,18.41,5.13,56342
10/09/1997,18.41,18.5,18.41,18.47,5.14,35595
11/09/1997,18.44,18.5,18.44,18.47,5.14,88479
12/09/1997,18.47,18.53,18.41,18.5,5.15,149092
15/09/1997,18.5,19.17,18.5,19.02,5.3,303269
16/09/1997,18.93,20.03,18.93,19.79,5.51,484295
17/09/1997,19.82,20.31,19.79,20.25,5.64,170042
18/09/1997,20.28,20.77,20.28,20.5,5.71,239402
19/09/1997,20.5,20.65,20.37,20.4,5.68,397444
22/09/1997,20.34,20.43,20.34,20.37,5.67,149906
23/09/1997,20.43,20.83,20.43,20.71,5.77,406800
24/09/1997,20.71,20.71,20.16,20.16,5.61,724714
25/09/1997,20.16,20.16,19.91,19.97,5.56,107802
26/09/1997,19.97,20.77,19.97,20.77,5.79,317101
29/09/1997,20.71,20.71,20.28,20.28,5.65,252013
30/09/1997,20.34,21.08,20.34,20.89,5.82,180416
01/10/1997,20.89,20.96,20.74,20.96,5.84,86242
02/10/1997,21.08,21.17,20.99,21.17,5.9,99869
03/10/1997,21.17,21.6,21.17,21.45,5.97,174517
06/10/1997,21.45,21.45,20.93,21.23,5.91,407817
07/10/1997,21.14,21.6,21.14,21.6,6.02,261572
08/10/1997,21.63,21.82,21.63,21.82,6.08,200146
09/10/1997,21.82,21.97,21.82,21.91,6.1,402732
10/10/1997,21.91,21.91,21.63,21.66,6.03,106785
13/10/1997,21.63,21.69,21.36,21.39,5.96,379748
14/10/1997,21.39,21.39,21.26,21.32,5.94,101090
15/10/1997,21.2,21.54,21.02,21.51,5.99,412699
16/10/1997,21.51,21.82,21.51,21.66,6.03,448497
17/10/1997,21.54,21.54,20.96,21.14,5.89,216621
20/10/1997,21.14,21.17,21.05,21.14,5.89,81767
21/10/1997,21.02,21.14,21.02,21.14,5.89,202180
22/10/1997,21.14,21.14,20.99,21.05,5.86,100683
23/10/1997,20.8,20.8,20.43,20.43,5.69,225774
24/10/1997,20.43,20.59,20.43,20.53,5.72,136888
27/10/1997,20.46,20.46,19.36,19.36,5.39,103734
28/10/1997,18.87,19.2,18.31,19.2,5.35,903299
29/10/1997,19.48,20.13,19.48,20.07,5.59,381782
30/10/1997,19.85,20.0,19.6,19.85,5.53,313236
31/10/1997,20.03,20.03,19.73,20.0,5.57,204824
03/11/1997,7.77,8.42,7.77,8.17,5.9,660033
04/11/1997,8.17,8.54,8.14,8.48,6.13,999508
05/11/1997,8.7,8.97,8.6,8.67,6.26,1551332
06/11/1997,8.73,8.85,8.73,8.85,6.4,588436
07/11/1997,8.85,8.85,8.54,8.73,6.31,260149
10/11/1997,8.79,8.79,8.6,8.73,6.31,526806
11/11/1997,8.76,9.1,8.76,9.1,6.58,860382
12/11/1997,8.97,9.06,8.79,8.79,6.35,1247249
13/11/1997,8.85,8.88,8.67,8.73,6.31,297371
14/11/1997,8.79,8.79,8.6,8.73,6.31,360221
17/11/1997,8.97,9.16,8.85,8.85,6.4,721256
18/11/1997,8.79,8.97,8.79,8.97,6.49,263810
19/11/1997,9.0,9.28,9.0,9.25,6.69,389918
20/11/1997,9.43,9.89,9.43,9.83,7.11,995440
21/11/1997,9.83,10.08,9.71,9.86,7.13,484295
24/11/1997,9.86,9.93,9.74,9.89,7.15,492228
25/11/1997,9.89,10.02,9.83,9.99,7.22,644981
26/11/1997,10.08,10.42,10.02,10.36,7.49,1305828
28/11/1997,10.39,10.45,10.14,10.26,7.42,193027
01/12/1997,10.2,10.36,10.17,10.29,7.44,892723
02/12/1997,10.29,10.32,10.26,10.29,7.44,457650
03/12/1997,10.29,10.29,9.93,9.96,7.2,534739
04/12/1997,10.08,10.45,10.08,10.32,7.46,422665
05/12/1997,10.32,10.32,10.14,10.2,7.38,194044
08/12/1997,10.2,10.2,9.89,10.08,7.29,395613
09/12/1997,10.05,10.08,9.93,9.99,7.22,354526
10/12/1997,9.93,9.99,9.89,9.99,7.22,311812
11/12/1997,10.02,10.02,9.93,9.93,7.18,302049
12/12/1997,9.96,9.96,9.49,9.83,7.11,198518
15/12/1997,9.83,9.83,9.62,9.71,7.02,125294
16/12/1997,9.62,9.65,9.34,9.62,6.95,256487
17/12/1997,9.59,9.77,9.59,9.65,6.98,207265
18/12/1997,9.65,9.68,9.59,9.68,7.0,143397
19/12/1997,9.56,9.65,9.46,9.59,6.93,182653
22/12/1997,9.83,9.96,9.71,9.86,7.13,347407
23/12/1997,9.86,10.32,9.8,10.26,7.42,608980
24/12/1997,10.32,10.39,10.26,10.32,7.46,272759
26/12/1997,10.32,10.32,10.2,10.29,7.44,112684
29/12/1997,10.32,10.63,10.17,10.51,7.6,579283
30/12/1997,10.57,10.63,10.48,10.6,7.66,789802
31/12/1997,10.63,10.63,10.45,10.6,7.66,323609
02/01/1998,10.63,10.63,10.54,10.57,7.64,402325
05/01/1998,10.57,10.88,10.57,10.72,7.75,572368
06/01/1998,10.82,10.82,10.54,10.63,7.69,975506
07/01/1998,10.57,10.6,10.48,10.57,7.64,337237
08/01/1998,10.57,10.57,10.45,10.57,7.64,807295
09/01/1998,10.51,10.54,10.2,10.32,7.46,609590
12/01/1998,10.14,10.39,10.08,10.39,7.51,1032052
13/01/1998,10.45,10.69,10.45,10.54,7.62,509314
14/01/1998,10.63,10.66,10.57,10.66,7.71,711493
15/01/1998,10.69,10.82,10.63,10.72,7.75,882146
16/01/1998,10.88,10.88,10.08,10.23,7.4,1254571
20/01/1998,10.42,10.57,10.32,10.57,7.64,674678
21/01/1998,10.63,10.75,10.54,10.72,7.75,474329
22/01/1998,10.79,11.25,10.72,11.22,8.11,1657100
23/01/1998,11.4,11.4,11.06,11.18,8.09,1212264
26/01/1998,11.25,11.25,10.57,11.12,8.04,711086
27/01/1998,11.12,11.31,11.12,11.28,8.15,458870
28/01/1998,11.31,11.4,11.18,11.4,8.24,589860
29/01/1998,11.31,11.89,11.28,11.86,8.57,877874
30/01/1998,11.98,12.2,11.86,12.08,8.73,758682
02/02/1998,12.54,12.66,12.23,12.35,8.93,1124192
03/02/1998,12.48,12.51,12.17,12.44,9.0,587012
04/02/1998,12.54,12.97,12.48,12.97,9.38,966150
05/02/1998,13.27,13.52,12.97,13.27,9.6,1209213
06/02/1998,13.31,13.4,12.97,13.12,9.49,408020
09/02/1998,13.21,13.24,13.03,13.09,9.47,875840
10/02/1998,13.15,13.27,13.06,13.21,9.56,630743
11/02/1998,13.21,13.83,13.15,13.77,9.96,765801
12/02/1998,13.74,13.92,13.7,13.77,9.96,420428
13/02/1998,13.83,13.95,13.83,13.92,10.07,356764
17/02/1998,14.01,14.13,13.7,13.77,9.96,360628
18/02/1998,13.83,14.01,13.52,13.61,9.85,271336
19/02/1998,13.58,13.67,13.46,13.64,9.87,284353
20/02/1998,13.58,13.64,13.52,13.64,9.87,151330
23/02/1998,13.64,13.7,13.46,13.46,9.73,272759
24/02/1998,13.49,13.49,13.27,13.49,9.76,200146
25/02/1998,13.67,13.89,13.49,13.58,9.82,271539
26/02/1998,13.58,13.67,13.37,13.52,9.78,375070
27/02/1998,13.52,13.77,13.49,13.74,9.93,259945
02/03/1998,13.74,13.74,13.64,13.7,9.91,233503
03/03/1998,13.74,13.8,13.64,13.77,9.96,449717
04/03/1998,13.92,14.38,13.83,14.38,10.4,1164262
05/03/1998,14.35,14.47,14.13,14.29,10.33,400901
06/03/1998,14.35,14.56,14.29,14.41,10.42,449311
09/03/1998,14.41,14.5,14.26,14.44,10.45,428564
10/03/1998,14.47,14.56,14.41,14.5,10.49,545315
11/03/1998,14.6,14.69,14.5,14.66,10.6,496499
12/03/1998,14.69,14.72,14.56,14.63,10.58,272963
13/03/1998,14.56,14.63,14.32,14.44,10.45,172280
16/03/1998,14.5,15.12,14.5,14.93,10.8,423682
17/03/1998,14.93,15.24,14.72,15.15,10.96,410665
18/03/1998,15.18,15.18,15.06,15.15,10.96,700916
19/03/1998,15.09,15.09,14.5,14.75,10.67,757868
20/03/1998,14.75,15.46,14.72,15.36,11.11,1269216
23/03/1998,15.24,15.3,14.9,14.93,10.8,548977
24/03/1998,14.75,15.3,14.69,15.24,11.02,561791
25/03/1998,15.55,16.56,15.55,16.16,11.69,1013542
26/03/1998,16.29,16.78,16.22,16.29,11.78,731630
27/03/1998,16.41,16.65,16.1,16.13,11.67,472702
30/03/1998,16.13,16.47,16.13,16.32,11.8,555892
31/03/1998,16.38,17.02,16.38,16.93,12.25,600030
01/04/1998,17.02,17.21,16.47,16.53,11.96,901265
02/04/1998,16.72,17.39,16.72,16.9,12.22,739359
03/04/1998,17.02,17.08,16.84,17.05,12.33,415953
06/04/1998,17.18,17.21,16.65,16.69,12.07,270522
07/04/1998,16.65,16.9,16.65,16.75,12.11,298795
08/04/1998,16.75,16.9,16.69,16.72,12.09,437310
09/04/1998,17.21,17.7,17.21,17.27,12.49,621387
13/04/1998,17.33,17.39,17.15,17.21,12.45,263810
14/04/1998,17.27,17.33,17.21,17.21,12.45,204214
15/04/1998,17.21,17.33,17.15,17.33,12.53,303473
16/04/1998,17.42,17.42,16.99,17.36,12.56,348424
17/04/1998,17.36,17.7,17.18,17.7,12.8,339068
20/04/1998,17.76,17.79,17.39,17.42,12.6,246928
21/04/1998,17.45,17.51,17.39,17.39,12.58,206248
22/04/1998,17.39,17.48,17.24,17.39,12.58,322592
23/04/1998,17.45,17.45,15.24,16.41,11.87,905333
24/04/1998,16.29,16.35,15.73,15.86,11.47,571757
27/04/1998,15.24,15.24,13.7,14.26,10.31,2281945
28/04/1998,14.56,14.75,13.09,13.24,9.58,2890924
29/04/1998,13.27,13.58,12.84,13.24,9.58,2761358
30/04/1998,13.34,13.67,13.34,13.49,9.76,2590299
01/05/1998,13.58,14.01,13.58,13.61,9.85,1001338
04/05/1998,13.77,14.6,13.74,14.41,10.43,1246435
05/05/1998,14.41,14.5,14.07,14.35,10.38,759496
06/05/1998,14.23,14.29,13.92,13.98,10.12,470261
07/05/1998,13.98,14.01,13.58,13.67,9.89,764377
08/05/1998,13.67,14.1,13.67,14.01,10.14,443209
11/05/1998,14.01,14.07,13.92,13.92,10.07,325237
12/05/1998,13.77,13.89,13.64,13.89,10.05,195671
13/05/1998,13.89,13.95,13.7,13.77,9.96,466600
14/05/1998,13.67,13.77,13.52,13.52,9.78,367747
15/05/1998,13.52,13.52,13.03,13.03,9.43,398054
18/05/1998,12.91,13.03,12.17,12.54,9.07,1658524
19/05/1998,12.57,13.27,12.57,12.94,9.36,605318
20/05/1998,12.81,12.91,12.48,12.54,9.07,645795
21/05/1998,12.78,13.03,12.29,12.69,9.18,772513
22/05/1998,12.66,12.78,12.32,12.57,9.09,253843
26/05/1998,12.6,12.6,12.23,12.29,8.89,593318
27/05/1998,12.2,12.2,11.89,11.95,8.65,472091
28/05/1998,11.95,12.44,11.92,12.35,8.94,950692
29/05/1998,13.27,13.43,12.84,13.03,9.43,1248266
01/06/1998,13.15,13.67,13.09,13.21,9.56,887638
02/06/1998,13.24,13.74,13.24,13.74,9.94,951302
03/06/1998,13.8,14.01,13.74,13.77,9.96,552638
04/06/1998,13.89,13.89,13.55,13.8,9.98,195874
05/06/1998,13.8,14.63,13.77,14.56,10.54,782887
08/06/1998,14.63,14.66,14.26,14.26,10.32,218858
09/06/1998,14.26,14.47,14.26,14.26,10.32,234317
10/06/1998,14.5,14.56,14.26,14.32,10.36,552841
11/06/1998,14.26,14.41,14.13,14.13,10.23,306117
12/06/1998,14.2,14.23,13.64,14.23,10.29,509110
15/06/1998,14.32,14.32,13.7,13.74,9.94,593318
16/06/1998,13.64,14.13,13.64,14.04,10.16,342932
17/06/1998,14.93,14.93,14.26,14.29,10.34,1141684
18/06/1998,14.29,14.38,13.4,13.64,9.87,418801
19/06/1998,13.74,13.89,13.34,13.34,9.65,706612
22/06/1998,13.46,14.38,13.37,14.07,10.18,1466107
23/06/1998,14.93,14.96,14.69,14.93,10.81,1483396
24/06/1998,15.36,16.04,15.27,15.82,11.45,2257537
25/06/1998,15.98,16.07,15.36,15.36,11.12,1051985
26/06/1998,15.36,15.73,15.3,15.3,11.07,413512
29/06/1998,15.3,15.39,15.06,15.09,10.92,709052
30/06/1998,15.06,15.7,14.5,14.5,10.49,2216043
01/07/1998,15.24,16.32,15.24,15.73,11.38,2180041
02/07/1998,15.98,16.41,15.79,16.19,11.72,690746
06/07/1998,16.38,16.69,16.25,16.65,12.05,645592
07/07/1998,16.72,16.9,16.25,16.47,11.92,821533
08/07/1998,16.59,16.59,15.7,16.13,11.67,1000931
09/07/1998,16.13,16.13,15.61,15.82,11.45,635828
10/07/1998,15.89,15.98,15.73,15.98,11.56,560570
13/07/1998,16.04,16.22,15.92,16.19,11.72,395003
14/07/1998,16.22,16.29,16.01,16.19,11.72,615692
15/07/1998,16.25,16.25,15.55,15.76,11.41,241029
16/07/1998,15.79,16.04,15.76,16.04,11.61,248351
17/07/1998,16.04,16.1,15.67,15.73,11.38,434056
20/07/1998,15.73,15.98,15.73,15.98,11.56,306524
21/07/1998,16.1,16.47,15.55,15.73,11.38,985066
22/07/1998,15.73,15.73,14.84,14.84,10.74,893333
23/07/1998,14.84,14.87,14.47,14.56,10.54,1829176
24/07/1998,14.5,14.5,13.86,13.86,10.03,2096444
27/07/1998,13.89,14.29,13.77,14.23,10.29,810346
28/07/1998,14.23,14.23,13.4,13.4,9.69,424903
29/07/1998,13.58,13.83,13.27,13.27,9.61,788175
30/07/1998,13.31,13.77,13.27,13.58,9.83,985270
31/07/1998,13.58,13.74,13.4,13.58,9.83,780039
03/08/1998,13.58,13.64,13.06,13.06,9.45,525179
04/08/1998,13.15,13.27,12.35,12.41,8.98,587623
05/08/1998,12.38,13.15,12.26,12.63,9.14,556909
06/08/1998,12.29,12.75,12.29,12.54,9.08,337847
07/08/1998,12.72,13.43,12.72,13.24,9.59,642744
10/08/1998,13.34,13.34,12.84,13.03,9.43,475956
11/08/1998,12.84,12.84,12.41,12.66,9.16,350051
12/08/1998,12.66,13.06,12.66,12.94,9.37,346390
13/08/1998,12.78,13.4,12.72,13.09,9.48,320965
14/08/1998,13.03,13.24,12.87,12.94,9.37,165974
17/08/1998,13.0,13.15,12.78,13.09,9.48,285167
18/08/1998,13.4,14.01,13.34,13.98,10.12,1016390
19/08/1998,14.01,14.01,13.77,13.83,10.01,538196
20/08/1998,13.83,13.83,13.4,13.55,9.81,302456
21/08/1998,13.55,13.55,13.03,13.27,9.61,525992
24/08/1998,13.24,13.4,13.15,13.21,9.57,527620
25/08/1998,13.4,13.77,13.4,13.4,9.7,570130
26/08/1998,13.21,13.24,12.94,12.94,9.37,361645
27/08/1998,12.84,12.97,12.05,12.05,8.72,730613
28/08/1998,12.17,12.48,11.58,11.8,8.54,535145
31/08/1998,10.94,11.22,8.91,8.91,6.45,1810870
01/09/1998,9.4,10.08,9.06,9.96,7.21,1199653
02/09/1998,10.2,10.32,9.46,9.46,6.85,785327
03/09/1998,9.46,9.68,9.1,9.16,6.63,538196
04/09/1998,9.28,9.71,9.22,9.43,6.83,678136
08/09/1998,9.86,10.14,9.59,9.77,7.07,928318
09/09/1998,9.77,10.29,9.71,9.8,7.1,668983
10/09/1998,9.62,9.68,9.4,9.53,6.9,570740
11/09/1998,9.53,9.68,9.25,9.49,6.87,480838
14/09/1998,9.71,10.08,9.71,10.02,7.25,365510
15/09/1998,10.11,10.32,10.05,10.29,7.45,628303
16/09/1998,10.48,10.48,9.96,9.96,7.21,512771
17/09/1998,9.89,9.96,9.71,9.8,7.1,397240
18/09/1998,9.74,10.26,9.4,9.4,6.81,723087
21/09/1998,9.34,9.65,8.85,9.49,6.87,821533
22/09/1998,10.2,10.2,9.34,9.59,6.94,1050154
23/09/1998,9.89,10.69,9.89,10.69,7.74,1521025
24/09/1998,10.54,11.0,10.48,10.72,7.76,865874
25/09/1998,10.69,11.49,10.57,11.25,8.14,644168
28/09/1998,11.49,11.58,11.31,11.55,8.36,783497
29/09/1998,11.55,11.58,10.72,11.15,8.07,440768
30/09/1998,10.97,10.97,10.32,10.97,7.94,308965
01/10/1998,10.6,10.6,9.49,9.68,7.01,1243588
02/10/1998,9.71,9.77,9.19,9.43,6.83,820922
05/10/1998,9.46,9.65,8.94,9.06,6.56,403546
06/10/1998,9.19,9.37,8.97,9.06,6.56,289642
07/10/1998,9.06,9.06,8.24,8.3,6.01,516839
08/10/1998,7.87,8.11,7.31,8.05,5.83,624438
09/10/1998,7.93,8.11,7.44,7.56,5.47,658406
12/10/1998,7.68,8.11,7.68,7.74,5.61,643964
13/10/1998,7.87,8.05,7.77,7.8,5.65,418597
14/10/1998,7.87,8.63,7.74,8.6,6.23,936454
15/10/1998,8.54,8.79,8.17,8.73,6.32,1115649
16/10/1998,8.67,9.1,8.54,8.85,6.41,954556
19/10/1998,8.97,9.37,8.91,9.03,6.54,891299
20/10/1998,9.22,10.45,9.22,9.83,7.12,980795
21/10/1998,9.86,10.29,9.59,9.71,7.03,397444
22/10/1998,9.8,10.32,9.8,10.32,7.47,606946
23/10/1998,10.23,10.57,10.17,10.45,7.56,401105
26/10/1998,10.66,10.69,10.51,10.51,7.61,340288
27/10/1998,10.69,10.88,10.36,10.57,7.65,605318
28/10/1998,10.54,10.54,9.83,9.83,7.12,509110
29/10/1998,9.83,9.93,9.74,9.83,7.12,577453
30/10/1998,9.86,10.05,9.86,9.96,7.21,400901
02/11/1998,10.11,10.39,10.02,10.29,7.45,439751
03/11/1998,10.48,10.69,10.32,10.32,7.47,348831
04/11/1998,10.51,10.6,10.26,10.57,7.66,1352000
05/11/1998,10.57,11.28,10.51,11.25,8.15,1413427
06/11/1998,11.06,11.31,10.88,11.25,8.15,441785
09/11/1998,11.25,11.52,11.18,11.31,8.19,467820
10/11/1998,11.25,11.31,10.69,10.82,7.83,366120
11/11/1998,10.88,10.88,9.99,10.32,7.48,790412
12/11/1998,10.26,10.48,10.23,10.32,7.48,342526
13/11/1998,10.32,11.0,10.29,10.82,7.83,815634
16/11/1998,10.88,11.0,10.48,10.57,7.66,362255
17/11/1998,10.32,11.09,10.26,11.06,8.01,711493
18/11/1998,11.06,11.06,10.72,10.97,7.95,418190
19/11/1998,11.09,11.31,11.09,11.22,8.12,488567
20/11/1998,11.28,11.86,11.28,11.31,8.19,1069884
23/11/1998,11.86,11.98,11.43,11.49,8.32,585385
24/11/1998,11.37,11.95,11.37,11.8,8.55,344560
25/11/1998,11.8,11.8,11.49,11.55,8.37,251809
27/11/1998,11.55,11.55,11.46,11.46,8.3,172687
30/11/1998,11.46,11.46,10.94,10.94,7.92,680170
01/12/1998,10.94,10.94,10.63,10.88,7.88,695831
02/12/1998,10.88,11.52,10.88,11.49,8.32,481651
03/12/1998,11.46,11.51,11.34,11.43,8.28,661864
04/12/1998,11.55,11.62,11.4,11.58,8.39,306931
07/12/1998,11.77,12.01,11.71,11.89,8.61,360425
08/12/1998,11.92,12.29,11.8,11.95,8.66,734477
09/12/1998,11.95,11.98,11.55,11.8,8.55,549587
10/12/1998,11.77,11.86,11.62,11.62,8.41,409444
11/12/1998,11.49,11.98,11.46,11.86,8.59,381375
14/12/1998,11.74,11.89,11.68,11.74,8.5,596979
15/12/1998,11.74,11.77,11.58,11.77,8.52,674271
16/12/1998,11.77,11.8,11.62,11.74,8.5,416156
17/12/1998,11.74,11.77,11.55,11.62,8.41,565045
18/12/1998,11.65,11.65,11.46,11.55,8.37,612031
21/12/1998,11.62,12.08,11.58,11.89,8.61,729596
22/12/1998,12.11,12.26,11.86,12.2,8.84,352085
23/12/1998,12.29,12.32,11.86,11.86,8.59,528637
24/12/1998,11.8,11.92,11.71,11.86,8.59,149702
28/12/1998,12.01,12.11,11.86,12.05,8.72,611014
29/12/1998,12.17,12.44,12.17,12.44,9.01,448904
30/12/1998,12.38,12.54,12.23,12.35,8.95,498940
31/12/1998,12.35,12.44,12.05,12.41,8.99,359204
04/01/1999,12.54,12.75,12.29,12.48,9.04,547553
05/01/1999,12.29,12.38,12.17,12.26,8.88,372629
06/01/1999,12.17,12.84,12.11,12.54,9.08,914283
07/01/1999,12.29,12.54,12.29,12.35,8.95,474736
08/01/1999,12.41,12.54,11.74,12.38,8.97,812786
11/01/1999,12.38,12.48,12.01,12.23,8.86,607352
12/01/1999,12.91,13.43,12.63,12.97,9.39,2742239
13/01/1999,12.78,12.87,12.35,12.72,9.21,820719
14/01/1999,12.75,12.91,12.35,12.66,9.17,782683
15/01/1999,12.75,12.94,12.66,12.84,9.3,437920
19/01/1999,12.84,13.27,12.84,12.94,9.37,601657
20/01/1999,12.84,13.31,12.84,13.27,9.62,718816
21/01/1999,13.21,13.27,12.84,13.03,9.44,644168
22/01/1999,12.91,13.03,12.81,13.03,9.44,321372
25/01/1999,13.06,13.21,12.97,13.12,9.5,486126
26/01/1999,13.12,13.43,13.09,13.27,9.62,787361
27/01/1999,13.37,13.43,13.0,13.21,9.57,644168
28/01/1999,13.27,13.27,13.03,13.15,9.53,679153
29/01/1999,13.27,13.61,13.09,13.46,9.75,523348
01/02/1999,13.27,13.64,13.09,13.49,9.77,483482
02/02/1999,13.37,13.7,13.24,13.55,9.82,622404
03/02/1999,13.4,13.4,12.97,13.12,9.51,597589
04/02/1999,13.18,13.24,12.48,12.6,9.13,735698
05/02/1999,12.66,12.75,12.38,12.57,9.11,513178
08/02/1999,12.51,12.51,11.92,12.26,8.88,937267
09/02/1999,12.26,12.26,11.92,11.98,8.68,672847
10/02/1999,11.86,11.86,11.37,11.65,8.44,918554
11/02/1999,11.71,12.11,11.62,12.11,8.77,402325
12/02/1999,12.05,12.23,11.8,11.83,8.57,558740
16/02/1999,11.98,12.38,11.98,12.26,8.88,616302
17/02/1999,12.17,12.17,11.8,11.83,8.57,394189
18/02/1999,11.8,11.8,11.22,11.49,8.33,460904
19/02/1999,11.43,12.01,11.37,11.77,8.53,383816
22/02/1999,11.77,12.05,11.74,11.89,8.62,255470
23/02/1999,12.11,12.11,11.71,11.8,8.55,292896
24/02/1999,11.8,12.01,11.55,11.71,8.48,323609
25/02/1999,11.62,11.86,11.25,11.28,8.17,589453
26/02/1999,11.28,11.68,11.22,11.4,8.26,398664
01/03/1999,11.52,11.86,11.25,11.4,8.26,607556
02/03/1999,11.49,11.49,11.18,11.31,8.19,505449
03/03/1999,11.31,11.37,11.09,11.15,8.08,252623
04/03/1999,11.12,11.18,10.75,10.97,7.95,690950
05/03/1999,11.92,11.92,11.68,11.71,8.48,431411
08/03/1999,11.65,11.68,11.18,11.22,8.13,205231
09/03/1999,11.15,11.43,10.82,11.06,8.02,420835
10/03/1999,11.25,11.49,11.06,11.12,8.06,225164
11/03/1999,11.15,11.37,11.03,11.25,8.15,185908
12/03/1999,11.37,11.49,10.75,10.91,7.9,221503
15/03/1999,10.97,11.12,10.6,10.66,7.73,216011
16/03/1999,10.66,10.97,10.6,10.94,7.93,293303
17/03/1999,10.63,10.82,10.6,10.69,7.75,192213
18/03/1999,10.69,10.79,10.39,10.63,7.7,721256
19/03/1999,10.57,10.69,10.48,10.63,7.7,259742
22/03/1999,10.51,10.66,10.45,10.48,7.59,223537
23/03/1999,10.63,10.69,10.08,10.32,7.48,567079
24/03/1999,10.57,11.12,10.48,11.12,8.06,754207
25/03/1999,11.43,11.49,11.03,11.06,8.02,307948
26/03/1999,11.09,11.09,10.82,10.94,7.93,284150
29/03/1999,10.94,11.15,10.82,10.82,7.84,442802
30/03/1999,10.72,11.22,10.68,10.97,7.95,332152
31/03/1999,11.06,11.28,11.0,11.0,7.97,317304
01/04/1999,11.0,11.03,10.85,10.88,7.88,274997
05/04/1999,11.12,11.37,11.03,11.06,8.02,459887
06/04/1999,11.06,11.15,10.88,11.0,7.97,536366
07/04/1999,11.12,11.12,10.6,10.82,7.84,344153
08/04/1999,10.91,11.12,10.75,11.03,7.99,337237
09/04/1999,10.97,11.06,10.82,11.03,7.99,195671
12/04/1999,11.15,11.18,10.91,11.0,7.97,240826
13/04/1999,11.0,11.25,10.69,10.75,7.79,271336
14/04/1999,10.88,12.23,10.88,12.08,8.75,1055849
15/04/1999,12.11,13.67,12.11,13.43,9.73,2605554
16/04/1999,13.31,13.31,12.66,12.78,9.26,1092055
19/04/1999,13.03,13.31,12.54,12.54,9.09,579487
20/04/1999,12.54,12.57,12.11,12.29,8.91,523958
21/04/1999,12.2,12.48,12.14,12.38,8.97,399884
22/04/1999,12.51,12.54,12.05,12.11,8.77,270929
23/04/1999,12.08,12.84,11.98,12.72,9.22,390935
26/04/1999,12.72,13.34,12.72,13.03,9.44,596979
27/04/1999,13.03,13.09,12.84,12.87,9.33,464362
28/04/1999,12.91,12.91,12.08,12.26,8.88,703154
29/04/1999,12.26,12.41,12.17,12.23,8.86,577453
30/04/1999,12.29,12.35,11.89,11.89,8.62,509110
03/05/1999,11.8,11.8,11.46,11.62,8.42,872179
04/05/1999,11.71,12.29,11.43,11.46,8.31,1397968
05/05/1999,11.4,11.43,10.88,11.15,8.09,1064189
06/05/1999,11.12,11.12,10.82,10.94,7.93,1530788
07/05/1999,11.12,11.43,11.12,11.43,8.29,364493
10/05/1999,11.43,11.68,11.43,11.58,8.4,347814
11/05/1999,11.58,11.65,11.34,11.52,8.35,738342
12/05/1999,11.49,11.55,11.34,11.43,8.29,374053
13/05/1999,11.62,11.68,11.43,11.68,8.47,306524
14/05/1999,11.49,11.52,11.25,11.31,8.2,298184
17/05/1999,11.25,11.34,10.82,11.0,7.98,465583
18/05/1999,11.06,11.12,10.88,11.0,7.98,398664
19/05/1999,11.06,11.09,10.51,10.6,7.69,412902
20/05/1999,10.6,11.06,10.6,10.85,7.86,757868
21/05/1999,11.0,11.03,10.82,10.85,7.86,162720
24/05/1999,10.82,11.22,10.82,11.0,7.98,674474
25/05/1999,10.94,11.12,10.91,10.94,7.93,301846
26/05/1999,11.06,11.12,10.57,10.57,7.66,582334
27/05/1999,10.69,10.75,10.51,10.63,7.71,144617
28/05/1999,10.63,11.18,10.63,11.12,8.06,440564
01/06/1999,11.12,11.22,11.03,11.09,8.04,208282
02/06/1999,11.18,11.46,11.18,11.18,8.11,554062
03/06/1999,11.25,11.49,11.25,11.43,8.29,329711
04/06/1999,11.31,11.86,11.31,11.65,8.44,422869
07/06/1999,11.52,11.65,11.43,11.62,8.42,150313
08/06/1999,11.65,12.26,11.65,11.86,8.6,720850
09/06/1999,11.74,11.98,11.65,11.92,8.64,341509
10/06/1999,11.8,11.8,11.49,11.52,8.35,226994
11/06/1999,11.52,11.71,11.49,11.52,8.35,213163
14/06/1999,11.58,11.62,11.18,11.25,8.15,366527
15/06/1999,11.49,11.55,11.31,11.4,8.27,305914
16/06/1999,11.55,11.8,11.55,11.74,8.51,389714
17/06/1999,11.68,12.05,11.52,11.98,8.69,411275
18/06/1999,12.08,12.08,11.68,11.71,8.49,161703
21/06/1999,11.83,12.05,11.83,11.95,8.67,397647
22/06/1999,11.95,12.11,11.55,11.77,8.53,391545
23/06/1999,11.62,11.62,11.18,11.22,8.13,698476
24/06/1999,11.22,11.52,11.15,11.18,8.11,549180
25/06/1999,11.22,11.62,11.22,11.46,8.31,343543
28/06/1999,11.34,11.43,11.15,11.25,8.15,428767
29/06/1999,11.28,11.28,11.18,11.22,8.13,386867
30/06/1999,11.18,11.8,11.03,11.8,8.56,1114225
01/07/1999,11.8,12.11,11.8,11.89,8.62,544502
02/07/1999,11.8,11.8,11.49,11.55,8.38,272963
06/07/1999,11.37,11.55,11.31,11.31,8.2,371612
07/07/1999,11.43,11.43,11.22,11.25,8.15,411275
08/07/1999,11.25,11.31,11.12,11.18,8.11,319338
09/07/1999,11.28,11.34,11.15,11.28,8.18,362255
12/07/1999,11.28,11.34,11.06,11.18,8.11,295133
13/07/1999,11.18,11.18,10.88,10.94,7.93,471888
14/07/1999,11.18,11.18,10.82,10.94,7.93,508500
15/07/1999,11.0,11.03,10.57,10.69,7.75,801396
16/07/1999,10.63,10.82,10.54,10.6,7.69,338051
19/07/1999,10.66,10.91,10.48,10.6,7.69,357374
20/07/1999,10.63,10.63,10.45,10.54,7.64,250589
21/07/1999,10.48,10.63,10.14,10.32,7.49,397037
22/07/1999,10.32,10.42,10.17,10.32,7.49,208078
23/07/1999,10.26,10.29,9.99,10.17,7.37,250385
26/07/1999,10.11,10.17,9.93,9.96,7.22,292286
27/07/1999,9.93,10.26,9.93,10.2,7.4,422055
28/07/1999,10.26,10.32,10.02,10.05,7.29,254453
29/07/1999,10.14,10.14,9.62,9.74,7.06,441378
30/07/1999,9.86,9.86,9.4,9.62,6.97,322999
02/08/1999,9.49,10.08,9.49,9.86,7.15,310592
03/08/1999,9.71,9.86,9.59,9.74,7.06,222723
04/08/1999,9.65,9.71,9.19,9.22,6.69,451345
05/08/1999,9.22,9.62,9.22,9.37,6.8,262183
06/08/1999,9.37,9.46,9.22,9.34,6.78,346390
09/08/1999,9.34,9.34,9.16,9.16,6.64,232283
10/08/1999,9.16,9.16,8.67,8.79,6.38,497923
11/08/1999,8.79,8.94,8.67,8.79,6.38,760513
12/08/1999,8.88,9.1,8.82,8.85,6.42,338254
13/08/1999,9.1,9.1,8.97,9.06,6.58,270725
16/08/1999,8.97,9.06,8.79,9.03,6.55,188959
17/08/1999,9.19,9.22,8.91,9.22,6.69,218248
18/08/1999,9.22,9.22,8.63,8.82,6.4,544705
19/08/1999,8.82,8.85,8.6,8.85,6.42,932182
20/08/1999,9.1,9.1,8.88,8.94,6.49,450124
23/08/1999,8.97,9.03,8.94,8.97,6.51,476973
24/08/1999,9.03,9.1,8.85,8.94,6.49,608369
25/08/1999,8.88,9.46,8.88,9.46,6.87,1602995
26/08/1999,9.49,9.65,9.46,9.59,6.96,633998
27/08/1999,9.56,9.59,9.34,9.4,6.82,324016
30/08/1999,9.4,9.49,9.37,9.43,6.84,662881
31/08/1999,9.68,9.68,9.22,9.34,6.78,274793
01/09/1999,9.28,9.4,9.22,9.25,6.71,206451
02/09/1999,9.22,9.22,9.06,9.16,6.64,176551
03/09/1999,9.28,9.46,9.28,9.4,6.82,232283
07/09/1999,9.46,9.56,9.34,9.37,6.8,255674
08/09/1999,9.31,9.34,8.79,8.82,6.4,851839
09/09/1999,8.88,8.88,8.45,8.57,6.22,1339186
10/09/1999,8.7,8.7,8.54,8.67,6.29,447480
13/09/1999,8.67,8.73,8.54,8.67,6.29,222926
14/09/1999,8.57,9.16,8.57,9.13,6.62,698679
15/09/1999,9.13,9.13,8.94,8.97,6.51,249979
16/09/1999,8.97,8.97,8.79,8.85,6.42,338661
17/09/1999,8.82,8.97,8.76,8.76,6.35,381782
20/09/1999,8.88,8.91,8.79,8.85,6.42,362662
21/09/1999,8.91,8.91,8.73,8.85,6.42,676915
22/09/1999,8.73,8.76,8.08,8.11,5.89,2228654
23/09/1999,8.05,8.27,7.96,8.08,5.86,1816362
24/09/1999,8.08,8.11,7.87,7.9,5.73,929945
27/09/1999,7.93,7.99,7.59,7.68,5.57,1154092
28/09/1999,7.68,7.68,7.56,7.62,5.53,853263
29/09/1999,7.62,7.65,7.53,7.53,5.46,746885
30/09/1999,7.59,7.84,7.59,7.84,5.68,681797
01/10/1999,7.53,7.8,7.53,7.68,5.57,840042
04/10/1999,7.74,7.8,7.37,7.37,5.35,1188059
05/10/1999,7.41,7.62,7.31,7.44,5.39,678339
06/10/1999,7.37,7.53,7.19,7.37,5.35,553451
07/10/1999,7.37,7.47,7.34,7.41,5.37,551621
08/10/1999,7.37,7.41,7.37,7.37,5.35,284150
11/10/1999,7.44,7.44,7.34,7.37,5.35,1598317
12/10/1999,7.34,7.37,7.22,7.25,5.26,613861
13/10/1999,7.22,7.28,7.13,7.13,5.17,331949
14/10/1999,7.13,7.22,7.04,7.1,5.15,487143
15/10/1999,7.1,7.13,6.91,7.13,5.17,394189
18/10/1999,7.01,7.07,6.88,6.94,5.04,457650
19/10/1999,6.91,7.07,6.76,6.88,4.99,636845
20/10/1999,6.82,6.85,6.42,6.64,4.82,1765512
21/10/1999,6.7,6.73,6.54,6.54,4.75,731630
22/10/1999,6.61,6.73,6.58,6.7,4.86,386053
25/10/1999,6.64,6.79,6.58,6.73,4.88,845737
26/10/1999,6.85,6.98,6.82,6.94,5.04,867704
27/10/1999,6.94,7.25,6.91,7.25,5.26,737935
28/10/1999,7.74,7.74,7.44,7.56,5.48,830686
29/10/1999,7.87,8.08,7.87,8.08,5.86,1074155
01/11/1999,8.08,8.33,8.05,8.2,5.95,547349
02/11/1999,8.24,8.51,8.24,8.39,6.09,831092
03/11/1999,8.36,8.39,8.24,8.27,6.0,509314
04/11/1999,8.39,8.51,8.33,8.45,6.14,466193
05/11/1999,8.54,8.67,8.54,8.67,6.29,548977
08/11/1999,8.67,8.7,8.6,8.67,6.29,443819
09/11/1999,8.7,8.76,8.57,8.57,6.22,700916
10/11/1999,8.48,8.7,8.48,8.67,6.29,567689
11/11/1999,8.54,8.63,8.36,8.48,6.16,664915
12/11/1999,8.51,8.54,8.33,8.36,6.07,548570
15/11/1999,8.36,8.7,8.36,8.7,6.31,371408
16/11/1999,8.45,9.1,8.45,9.1,6.6,599623
17/11/1999,9.03,9.03,8.67,8.67,6.29,381782
18/11/1999,8.63,8.67,8.39,8.6,6.25,697662
19/11/1999,8.54,8.6,8.36,8.48,6.16,630337
22/11/1999,8.42,8.51,8.3,8.39,6.09,287811
23/11/1999,8.27,8.6,8.11,8.42,6.11,610403
24/11/1999,8.39,8.45,8.05,8.08,5.87,374256
26/11/1999,8.11,8.42,8.08,8.33,6.05,114107
29/11/1999,8.2,8.2,7.99,8.11,5.89,344356
30/11/1999,8.08,8.36,8.02,8.02,5.82,412699
01/12/1999,8.14,8.2,7.96,7.96,5.78,275200
02/12/1999,7.99,8.39,7.99,8.08,5.87,359611
03/12/1999,8.14,8.36,8.14,8.33,6.05,473312
06/12/1999,8.45,8.45,8.24,8.3,6.02,540027
07/12/1999,8.33,8.33,8.14,8.14,5.91,169025
08/12/1999,8.17,8.17,7.68,7.71,5.6,571351
09/12/1999,7.84,7.84,7.62,7.65,5.56,412292
10/12/1999,7.77,7.84,7.56,7.65,5.56,605115
13/12/1999,7.74,8.11,7.59,8.11,5.89,528840
14/12/1999,8.05,8.05,7.65,7.74,5.62,802210
15/12/1999,7.65,7.77,7.59,7.65,5.56,1661168
16/12/1999,7.68,7.77,7.62,7.65,5.56,1047103
17/12/1999,7.65,7.84,7.62,7.62,5.53,837601
20/12/1999,7.62,7.96,7.62,7.74,5.62,446666
21/12/1999,7.65,8.11,7.65,7.87,5.71,772717
22/12/1999,7.77,7.9,7.71,7.77,5.64,730206
23/12/1999,7.77,7.9,7.74,7.87,5.71,1070494
27/12/1999,7.84,7.93,7.74,7.77,5.64,746275
28/12/1999,7.77,7.9,7.74,7.8,5.67,355543
29/12/1999,7.84,8.05,7.8,8.05,5.85,330322
30/12/1999,8.05,8.14,7.74,8.08,5.87,400901
31/12/1999,8.05,8.11,7.87,7.99,5.8,339271
03/01/2000,7.93,8.02,7.74,7.84,5.69,387070
04/01/2000,7.71,7.87,7.71,7.77,5.64,548163
05/01/2000,7.77,7.9,7.77,7.8,5.67,222723
06/01/2000,7.77,7.84,7.71,7.8,5.67,511144
07/01/2000,7.8,8.02,7.77,7.96,5.78,914283
10/01/2000,7.96,8.11,7.87,8.02,5.82,2106004
11/01/2000,8.05,8.05,7.87,7.87,5.71,580504
12/01/2000,7.99,8.14,7.74,7.93,5.76,908588
13/01/2000,8.05,8.24,8.05,8.11,5.89,312016
14/01/2000,8.17,8.36,8.14,8.14,5.91,401308
18/01/2000,8.17,8.2,8.08,8.08,5.87,681593
19/01/2000,7.9,8.17,7.9,8.02,5.82,449514
20/01/2000,8.02,8.11,7.99,8.08,5.87,677322
21/01/2000,8.05,8.11,7.93,8.02,5.82,1111378
24/01/2000,8.02,8.11,7.99,8.02,5.82,1095512
25/01/2000,8.05,8.08,7.93,7.96,5.78,1067647
26/01/2000,8.02,8.02,7.9,7.93,5.76,1342033
27/01/2000,7.93,8.05,7.9,7.96,5.78,817668
28/01/2000,8.02,8.02,7.74,7.74,5.62,649253
31/01/2000,7.87,7.93,7.8,7.84,5.69,455209
01/02/2000,7.87,7.93,7.84,7.87,5.71,639693
02/02/2000,7.87,7.9,7.84,7.87,5.71,311812
03/02/2000,7.9,8.36,7.87,8.05,5.85,642744
04/02/2000,8.08,8.24,8.02,8.17,5.94,2411510
07/02/2000,8.11,8.24,7.99,8.02,5.83,1357085
08/02/2000,7.96,8.48,7.93,7.93,5.76,475142
09/02/2000,8.05,8.17,8.05,8.14,5.92,359815
10/02/2000,8.11,8.11,7.9,7.96,5.78,538400
11/02/2000,7.9,7.93,7.77,7.77,5.65,303676
14/02/2000,7.87,7.87,7.74,7.8,5.67,243470
15/02/2000,7.8,8.17,7.8,8.17,5.94,582538
16/02/2000,8.05,8.08,7.87,7.87,5.72,217638
17/02/2000,7.9,9.16,7.9,8.33,6.05,2888280
18/02/2000,8.42,8.6,8.05,8.17,5.94,939505
22/02/2000,8.24,8.3,8.02,8.02,5.83,529450
23/02/2000,8.02,8.05,7.74,7.84,5.69,1203111
24/02/2000,7.96,7.96,7.5,7.74,5.63,829872
25/02/2000,7.74,7.74,7.65,7.68,5.58,265844
28/02/2000,7.65,7.84,7.59,7.84,5.69,236351
29/02/2000,7.71,8.11,7.71,8.11,5.89,278861
01/03/2000,8.08,8.3,8.02,8.3,6.03,319541
02/03/2000,8.3,8.42,8.27,8.3,6.03,262996
03/03/2000,8.42,8.6,8.36,8.39,6.1,333373
06/03/2000,8.39,8.54,8.17,8.33,6.05,320965
07/03/2000,8.2,8.39,7.99,7.99,5.81,192010
08/03/2000,8.05,8.2,8.05,8.14,5.92,340492
09/03/2000,7.99,8.3,7.99,8.3,6.03,233300
10/03/2000,8.3,8.42,8.17,8.3,6.03,361442
13/03/2000,8.11,8.39,8.11,8.27,6.01,242453
14/03/2000,8.2,8.45,8.2,8.3,6.03,206248
15/03/2000,8.3,9.06,8.2,8.85,6.43,772310
16/03/2000,8.88,9.77,8.88,9.4,6.83,1270233
17/03/2000,9.71,10.2,9.65,10.2,7.41,1285691
20/03/2000,10.14,10.45,9.99,10.45,7.59,706408
21/03/2000,10.48,10.48,10.08,10.26,7.46,953539
22/03/2000,10.23,10.29,10.05,10.08,7.32,778005
23/03/2000,10.08,10.42,10.08,10.39,7.55,970421
24/03/2000,10.39,10.42,10.02,10.36,7.52,787361
27/03/2000,10.32,10.32,10.14,10.26,7.46,358798
28/03/2000,10.26,10.29,10.08,10.14,7.37,521111
29/03/2000,10.14,10.17,10.08,10.11,7.35,317304
30/03/2000,10.11,10.54,10.08,10.29,7.48,1125616
31/03/2000,10.32,10.69,10.29,10.66,7.75,569113
03/04/2000,10.57,10.6,9.86,10.14,7.37,997474
04/04/2000,10.39,10.39,9.65,9.65,7.01,626065
05/04/2000,9.53,10.26,9.53,10.08,7.32,936250
06/04/2000,10.17,10.26,10.05,10.05,7.3,398054
07/04/2000,10.08,10.23,10.05,10.08,7.32,581927
10/04/2000,10.02,10.17,9.96,9.96,7.23,569520
11/04/2000,9.99,9.99,9.77,9.8,7.12,518873
12/04/2000,9.83,10.36,9.83,10.08,7.32,531891
13/04/2000,10.17,10.29,10.11,10.11,7.35,250385
14/04/2000,10.17,10.17,9.31,9.37,6.81,593928
17/04/2000,9.25,9.34,9.03,9.16,6.65,651897
18/04/2000,9.16,9.65,9.0,9.65,7.01,540637
19/04/2000,9.53,9.65,9.46,9.56,6.94,292082
20/04/2000,9.53,9.77,9.4,9.65,7.01,321779
24/04/2000,9.65,9.68,9.34,9.34,6.79,259335
25/04/2000,9.46,9.59,9.34,9.49,6.9,615692
26/04/2000,9.46,9.46,9.22,9.25,6.72,275404
27/04/2000,9.34,9.34,9.22,9.31,6.77,303880
28/04/2000,9.34,9.37,8.94,9.16,6.65,622201
01/05/2000,9.22,9.43,9.22,9.28,6.74,187738
02/05/2000,9.16,9.25,8.97,9.0,6.54,361035
03/05/2000,8.91,9.28,8.79,9.03,6.57,725121
04/05/2000,8.97,9.28,8.97,9.1,6.61,319745
05/05/2000,8.97,9.25,8.97,9.25,6.73,540841
08/05/2000,9.19,9.19,8.82,8.85,6.44,363476
09/05/2000,8.91,9.19,8.85,8.91,6.48,884993
10/05/2000,9.0,9.0,8.6,8.6,6.26,443412
11/05/2000,8.73,9.28,8.73,9.1,6.61,519484
12/05/2000,9.16,9.4,8.94,9.22,6.7,316084
15/05/2000,9.1,9.31,8.94,9.31,6.77,233503
16/05/2000,9.31,9.49,9.16,9.46,6.88,394189
17/05/2000,9.34,9.49,9.22,9.34,6.79,482872
18/05/2000,9.28,9.43,9.16,9.16,6.66,316287
19/05/2000,8.85,8.94,8.6,8.85,6.44,501788
22/05/2000,8.97,8.97,8.54,8.85,6.44,226181
23/05/2000,8.73,8.79,8.57,8.73,6.35,194654
24/05/2000,8.82,9.31,8.73,9.19,6.68,670203
25/05/2000,9.31,9.49,9.16,9.16,6.66,897401
26/05/2000,9.28,9.28,8.88,9.0,6.55,181229
30/05/2000,9.13,9.37,9.1,9.34,6.79,200756
31/05/2000,9.25,9.59,9.25,9.28,6.75,287201
01/06/2000,9.46,9.49,8.79,8.85,6.44,375070
02/06/2000,9.1,9.8,9.1,9.68,7.04,1280403
05/06/2000,9.68,9.68,9.34,9.49,6.9,476159
06/06/2000,9.4,9.62,9.4,9.59,6.97,500974
07/06/2000,9.53,9.53,9.25,9.34,6.79,315067
08/06/2000,9.34,9.43,9.28,9.37,6.82,214384
09/06/2000,9.43,9.62,9.34,9.59,6.97,351882
12/06/2000,9.4,9.49,9.03,9.13,6.64,247945
13/06/2000,9.03,9.59,9.03,9.59,6.97,384223
14/06/2000,9.46,9.74,9.4,9.62,6.99,284963
15/06/2000,9.62,9.77,9.53,9.68,7.04,419411
16/06/2000,9.8,9.8,9.25,9.34,6.79,257098
19/06/2000,9.25,9.65,9.25,9.65,7.02,176551
20/06/2000,9.59,9.62,9.22,9.22,6.7,127125
21/06/2000,9.46,9.46,9.1,9.13,6.64,184891
22/06/2000,9.16,9.22,9.0,9.06,6.59,254860
23/06/2000,9.1,9.1,9.0,9.0,6.55,285167
26/06/2000,9.0,9.13,9.0,9.06,6.59,199535
27/06/2000,9.0,9.71,9.0,9.46,6.88,477176
28/06/2000,9.43,9.56,9.16,9.37,6.82,213773
29/06/2000,9.96,10.11,9.89,10.02,7.28,1286708
30/06/2000,9.89,10.02,9.4,9.96,7.25,1111988
03/07/2000,9.8,10.02,9.68,9.99,7.26,281099
05/07/2000,10.14,10.69,10.08,10.66,7.75,1254164
06/07/2000,10.6,11.43,10.6,10.69,7.78,3562958
07/07/2000,10.94,12.01,10.79,11.0,8.0,6655045
10/07/2000,11.0,11.28,10.72,10.72,7.8,1278979
11/07/2000,10.72,10.94,10.69,10.79,7.84,839635
12/07/2000,10.91,11.37,10.85,11.37,8.27,888044
13/07/2000,11.25,11.37,11.12,11.25,8.18,620167
14/07/2000,11.25,11.43,11.25,11.31,8.22,527416
17/07/2000,11.52,11.52,11.31,11.34,8.25,285167
18/07/2000,11.25,11.28,10.91,11.06,8.04,244690
19/07/2000,11.18,11.22,10.97,11.06,8.04,243470
20/07/2000,11.15,11.28,11.09,11.22,8.16,142787
21/07/2000,11.28,11.62,11.23,11.55,8.4,862009
24/07/2000,11.55,11.65,11.18,11.4,8.29,590063
25/07/2000,11.34,11.62,11.31,11.58,8.42,836584
26/07/2000,11.52,11.52,11.4,11.46,8.33,280489
27/07/2000,11.49,11.71,11.4,11.62,8.45,454192
28/07/2000,11.55,11.8,11.4,11.43,8.31,434462
31/07/2000,11.52,11.89,11.52,11.8,8.58,833330
01/08/2000,11.83,12.11,11.8,12.08,8.78,796921
02/08/2000,11.98,12.05,11.77,11.77,8.56,875434
03/08/2000,11.62,12.05,11.62,12.05,8.76,650270
04/08/2000,12.05,12.48,12.05,12.48,9.08,802210
07/08/2000,12.54,13.43,12.54,13.43,9.77,1502109
08/08/2000,13.52,14.01,13.46,13.8,10.04,2892145
09/08/2000,13.89,13.98,13.46,13.49,9.81,965540
10/08/2000,13.4,13.55,13.37,13.43,9.77,551824
11/08/2000,13.46,13.86,13.46,13.8,10.04,903706
14/08/2000,13.83,14.47,13.8,14.13,10.28,1769173
15/08/2000,14.01,14.07,13.43,13.77,10.02,1089817
16/08/2000,13.27,13.52,12.97,13.21,9.61,1154092
17/08/2000,13.34,13.34,12.78,13.06,9.5,905130
18/08/2000,13.15,13.17,12.69,12.97,9.43,560164
21/08/2000,13.03,13.18,12.94,13.03,9.48,636845
22/08/2000,12.91,12.91,12.54,12.78,9.3,427954
23/08/2000,12.78,12.78,12.23,12.29,8.94,383612
24/08/2000,12.41,12.75,12.26,12.66,9.21,535145
25/08/2000,12.66,13.0,12.63,12.91,9.39,336017
28/08/2000,12.81,13.03,12.72,12.72,9.26,376290
29/08/2000,12.48,13.0,12.48,12.84,9.35,444022
30/08/2000,12.87,13.52,12.81,13.46,9.79,986287
31/08/2000,13.46,13.95,13.46,13.58,9.88,1133141
01/09/2000,13.67,13.74,13.37,13.67,9.95,262793
05/09/2000,13.77,13.77,13.4,13.4,9.75,685051
06/09/2000,13.52,13.61,13.21,13.37,9.73,557723
07/09/2000,13.49,13.49,12.97,13.37,9.73,356560
08/09/2000,13.27,13.34,13.18,13.27,9.66,214587
11/09/2000,13.4,13.92,13.27,13.92,10.13,546739
12/09/2000,13.89,13.89,13.27,13.4,9.75,250792
13/09/2000,13.49,13.49,13.27,13.4,9.75,472702
14/09/2000,13.77,13.89,13.43,13.77,10.02,411885
15/09/2000,13.64,13.7,13.12,13.18,9.59,667152
18/09/2000,13.27,13.31,12.63,12.72,9.26,758479
19/09/2000,12.72,12.94,12.6,12.91,9.39,560570
20/09/2000,13.12,13.49,13.06,13.38,9.74,847975
21/09/2000,13.52,13.67,13.06,13.57,9.87,949675
22/09/2000,13.46,13.77,13.31,13.7,9.97,452158
25/09/2000,13.8,13.89,13.49,13.89,10.11,1473633
26/09/2000,13.64,13.86,13.61,13.7,9.97,479821
27/09/2000,13.7,14.13,13.7,13.95,10.15,576842
28/09/2000,14.01,14.38,14.01,14.32,10.42,1448411
29/09/2000,14.23,14.75,14.1,14.63,10.64,983236
02/10/2000,14.84,14.93,14.6,14.84,10.8,1024322
03/10/2000,14.87,15.49,14.87,15.36,11.18,1066630
04/10/2000,15.0,15.49,15.0,15.43,11.22,629320
05/10/2000,15.12,15.15,13.49,14.01,10.19,1818599
06/10/2000,14.01,14.32,13.89,14.29,10.4,1427868
09/10/2000,14.41,15.46,14.35,15.46,11.25,1504753
10/10/2000,15.43,15.52,14.93,15.18,11.04,1469768
11/10/2000,15.15,15.27,14.75,15.03,10.93,1125412
12/10/2000,15.03,15.06,14.38,14.63,10.64,1535263
13/10/2000,14.47,14.6,14.01,14.04,10.22,1408138
16/10/2000,14.04,14.53,14.04,14.41,10.49,881332
17/10/2000,14.6,14.63,14.35,14.38,10.46,1201280
18/10/2000,14.32,14.32,13.83,14.2,10.33,516026
19/10/2000,14.07,14.72,14.07,14.63,10.64,788378
20/10/2000,14.72,14.75,14.5,14.5,10.55,532705
23/10/2000,14.38,14.72,14.32,14.35,10.44,472498
24/10/2000,14.29,14.69,14.26,14.69,10.69,586809
25/10/2000,14.56,14.56,14.04,14.07,10.24,488567
26/10/2000,14.38,14.53,14.23,14.53,10.57,752580
27/10/2000,14.41,14.6,14.17,14.47,10.53,355747
30/10/2000,14.47,15.46,14.47,15.46,11.25,1042628
31/10/2000,15.33,15.86,15.15,15.79,11.49,1310506
01/11/2000,15.76,15.82,15.58,15.73,11.45,654338
02/11/2000,15.98,16.29,15.98,16.16,11.76,727562
03/11/2000,16.1,16.56,16.1,16.38,11.92,510127
06/11/2000,16.38,16.84,16.35,16.72,12.17,1093885
07/11/2000,16.84,16.84,16.62,16.81,12.23,627896
08/11/2000,16.84,17.15,16.59,17.05,12.41,580504
09/11/2000,16.84,16.93,16.35,16.87,12.28,714544
10/11/2000,16.62,16.69,15.73,15.73,11.45,431208
13/11/2000,15.73,16.29,15.73,16.29,11.85,626472
14/11/2000,16.59,16.59,15.95,16.07,11.7,804447
15/11/2000,16.01,16.19,15.89,16.1,11.72,530264
16/11/2000,16.04,16.13,15.73,15.76,11.47,204620
17/11/2000,16.01,16.19,15.82,16.01,11.65,423275
20/11/2000,16.13,16.13,15.79,15.89,11.56,571961
21/11/2000,15.76,16.44,15.76,16.38,11.92,641320
22/11/2000,16.25,16.32,15.98,16.1,11.72,1151041
24/11/2000,16.1,16.22,15.98,16.19,11.79,315880
27/11/2000,16.22,16.72,16.22,16.62,12.1,969201
28/11/2000,16.59,16.78,16.25,16.78,12.21,885400
29/11/2000,16.81,16.81,16.25,16.38,11.92,585589
30/11/2000,16.22,16.22,15.49,15.58,11.34,1063375
01/12/2000,15.7,16.41,15.64,16.41,11.94,580300
04/12/2000,16.41,16.41,16.04,16.13,11.74,1149617
05/12/2000,16.07,17.94,16.07,17.94,13.06,2549212
06/12/2000,17.21,17.67,16.84,17.15,12.48,1414647
07/12/2000,17.18,18.16,17.18,17.88,13.02,1408748
08/12/2000,17.91,18.65,17.91,18.65,13.58,1823074
11/12/2000,18.68,19.36,18.59,19.33,14.07,1610318
12/12/2000,18.96,19.3,17.82,17.82,12.97,1270233
13/12/2000,17.82,18.65,17.82,18.22,13.26,1080257
14/12/2000,18.25,18.28,17.48,17.91,13.04,1131514
15/12/2000,17.73,17.88,17.39,17.51,12.75,1925995
18/12/2000,17.64,17.64,17.39,17.48,12.73,1564756
19/12/2000,17.51,17.67,17.21,17.21,12.52,2278283
20/12/2000,17.27,17.27,15.89,15.92,11.59,1717103
21/12/2000,16.1,16.32,15.92,16.16,11.76,1248062
22/12/2000,16.29,16.78,16.19,16.62,12.1,1320269
26/12/2000,16.65,17.79,16.65,17.58,12.79,1253961
27/12/2000,17.7,17.79,17.05,17.45,12.7,686882
28/12/2000,17.58,18.56,17.58,18.5,13.46,1927418
29/12/2000,18.53,18.9,17.82,17.82,12.97,1283861
02/01/2001,18.31,18.31,17.05,17.27,12.57,969608
03/01/2001,17.45,18.84,17.27,18.84,13.71,2591113
04/01/2001,18.96,19.67,18.96,19.3,14.05,3022727
05/01/2001,19.3,19.48,18.47,18.71,13.62,1625573
08/01/2001,18.84,19.08,18.38,18.53,13.49,1413020
09/01/2001,18.5,19.08,18.47,19.02,13.84,1061748
10/01/2001,19.39,19.76,19.27,19.6,14.27,3059950
11/01/2001,19.63,19.67,19.27,19.42,14.14,1757376
12/01/2001,19.42,19.63,18.56,19.2,13.98,1525703
16/01/2001,19.42,19.51,19.05,19.05,13.87,1912977
17/01/2001,19.3,20.03,19.3,19.67,14.31,2471513
18/01/2001,19.91,20.03,19.6,19.94,14.52,1508618
19/01/2001,19.94,19.94,18.68,18.68,13.6,1744969
22/01/2001,18.81,18.81,17.12,17.18,12.5,2506295
23/01/2001,17.21,18.38,17.05,18.22,13.26,1900163
24/01/2001,18.47,18.99,18.16,18.81,13.69,1807616
25/01/2001,18.71,19.2,18.5,18.56,13.51,1791751
26/01/2001,18.31,18.44,17.98,18.31,13.33,986490
29/01/2001,18.58,18.68,17.76,17.88,13.01,1287522
30/01/2001,17.88,18.19,17.21,18.19,13.24,1565570
31/01/2001,18.19,18.68,17.45,18.09,13.17,1520618
01/02/2001,17.9,18.34,17.26,17.75,12.92,1690254
02/02/2001,17.7,18.09,17.5,17.55,12.78,1269419
05/02/2001,17.67,17.89,17.63,17.76,12.93,1162228
06/02/2001,17.8,18.71,17.72,18.14,13.21,1658727
07/02/2001,18.19,18.56,17.95,18.07,13.16,1009271
08/02/2001,17.82,17.97,17.5,17.62,12.83,769462
09/02/2001,17.55,17.57,17.11,17.45,12.71,693797
12/02/2001,17.21,17.94,17.11,17.87,13.01,868315
13/02/2001,17.87,18.44,17.87,18.11,13.18,763564
14/02/2001,17.99,18.15,17.9,18.07,13.16,761123
15/02/2001,17.82,18.6,17.82,18.44,13.42,1351593
16/02/2001,18.19,18.44,17.99,18.09,13.17,584572
20/02/2001,18.22,18.38,17.33,17.53,12.76,724307
21/02/2001,17.65,17.89,17.28,17.31,12.6,928724
22/02/2001,17.23,17.35,16.25,16.79,12.22,2166617
23/02/2001,16.47,16.84,16.45,16.67,12.14,1611945
26/02/2001,16.79,17.53,16.79,17.52,12.76,817871
27/02/2001,17.48,17.65,17.03,17.31,12.6,730816
28/02/2001,17.21,17.56,17.21,17.45,12.71,692374
01/03/2001,17.82,17.82,16.84,17.13,12.48,1034696
02/03/2001,17.13,18.18,17.06,17.55,12.78,671627
05/03/2001,17.7,17.94,17.6,17.8,12.96,1625980
06/03/2001,17.8,18.23,17.8,18.03,13.13,985880
07/03/2001,18.13,18.56,17.82,18.51,13.48,1371730
08/03/2001,18.44,18.53,18.19,18.19,13.25,811973
09/03/2001,18.31,18.34,17.72,17.72,12.91,662270
12/03/2001,17.77,17.86,17.06,17.08,12.44,452362
13/03/2001,17.33,17.33,16.97,17.29,12.59,624031
14/03/2001,17.21,17.31,16.62,16.91,12.31,1074155
15/03/2001,16.91,17.51,16.91,17.29,12.59,643151
16/03/2001,17.82,17.82,16.86,16.87,12.29,1038764
19/03/2001,16.76,17.94,16.76,17.87,13.01,1465090
20/03/2001,18.13,18.98,18.13,18.56,13.51,3025372
21/03/2001,18.68,19.91,18.68,19.19,13.98,4975774
22/03/2001,19.32,19.4,17.96,18.68,13.6,2767460
23/03/2001,18.51,19.35,18.41,19.06,13.88,2174346
26/03/2001,19.42,19.89,19.35,19.6,14.27,2698508
27/03/2001,19.72,21.02,19.57,21.0,15.29,3325590
28/03/2001,20.8,21.44,20.49,21.29,15.5,3134597
29/03/2001,21.21,21.78,20.85,21.2,15.44,1880230
30/03/2001,20.38,20.6,19.42,19.6,14.27,6428660
02/04/2001,19.85,19.86,19.03,19.33,14.08,2269741
03/04/2001,19.37,19.67,18.58,18.64,13.57,1691271
04/04/2001,18.76,19.34,18.6,18.91,13.77,2592130
05/04/2001,19.42,19.86,18.83,19.38,14.11,2215636
06/04/2001,19.3,19.3,18.24,18.53,13.49,2144650
09/04/2001,18.65,19.49,18.65,19.49,14.19,966353
10/04/2001,19.62,20.65,19.62,20.35,14.82,2123089
11/04/2001,20.82,20.82,19.67,20.16,14.68,1937588
12/04/2001,20.13,20.35,19.89,19.99,14.55,1038764
16/04/2001,20.3,20.34,19.96,20.02,14.58,1024933
17/04/2001,20.01,20.3,19.52,19.52,14.21,1021882
18/04/2001,19.79,20.6,19.09,20.4,14.86,2829294
19/04/2001,20.4,21.98,20.22,21.63,15.75,3039406
20/04/2001,21.56,21.63,20.85,21.25,15.47,1279793
23/04/2001,21.25,21.25,20.6,20.68,15.06,773734
24/04/2001,20.81,21.6,20.81,21.06,15.33,1843618
25/04/2001,21.14,22.34,21.14,22.0,16.02,3250332
26/04/2001,22.22,22.61,21.42,21.71,15.8,2914315
27/04/2001,22.1,22.12,21.72,22.07,16.07,1873517
30/04/2001,22.12,22.32,21.14,21.52,15.67,1933317
01/05/2001,21.44,21.46,20.45,21.3,15.51,1541365
02/05/2001,21.58,21.63,20.88,21.14,15.39,1269826
03/05/2001,20.94,21.26,20.64,21.14,15.4,1371119
04/05/2001,21.14,21.98,20.89,21.98,16.01,1805582
07/05/2001,21.93,22.95,21.63,21.73,15.83,2124920
08/05/2001,21.98,22.11,21.19,21.68,15.79,1482583
09/05/2001,21.68,21.68,21.17,21.3,15.52,820312
10/05/2001,21.58,22.2,21.41,22.03,16.05,852246
11/05/2001,22.05,22.07,21.25,21.29,15.51,1127446
14/05/2001,21.17,21.38,20.72,21.29,15.51,1103242
15/05/2001,21.31,21.34,20.84,21.01,15.3,1435801
16/05/2001,20.53,21.19,20.45,21.09,15.36,1794191
17/05/2001,20.89,21.61,20.85,21.12,15.38,1324948
18/05/2001,21.34,21.44,20.72,21.19,15.43,988727
21/05/2001,21.24,21.28,19.54,19.76,14.39,2444258
22/05/2001,19.81,20.0,18.97,19.72,14.36,2274826
23/05/2001,19.71,19.71,18.7,18.85,13.73,2338490
24/05/2001,18.93,19.59,18.29,18.48,13.46,2352524
25/05/2001,18.41,18.42,17.77,17.95,13.08,2440190
29/05/2001,17.76,18.02,17.53,17.64,12.84,2597621
30/05/2001,17.64,18.29,17.6,17.99,13.11,2481683
31/05/2001,18.17,18.52,18.11,18.19,13.25,1790734
01/06/2001,18.14,19.08,18.1,18.95,13.8,2662709
04/06/2001,18.88,19.01,18.39,18.53,13.5,1122158
05/06/2001,18.88,19.22,18.56,19.11,13.92,1822261
06/06/2001,19.05,19.32,18.93,19.12,13.93,1835685
07/06/2001,19.0,19.0,18.75,18.88,13.75,1188873
08/06/2001,18.81,19.15,18.77,18.97,13.82,315270
11/06/2001,18.97,19.0,18.49,18.53,13.5,769666
12/06/2001,18.53,18.53,17.73,17.9,13.03,2247773
13/06/2001,17.9,18.53,17.78,17.79,12.96,1038357
14/06/2001,17.79,17.82,17.34,17.35,12.64,1237689
15/06/2001,17.34,17.67,17.22,17.44,12.7,1077817
18/06/2001,17.67,18.07,17.41,17.5,12.75,709663
19/06/2001,17.8,18.07,17.55,17.78,12.95,470057
20/06/2001,19.05,20.16,18.9,20.05,14.6,3695371
21/06/2001,20.4,20.89,20.26,20.78,15.14,3383966
22/06/2001,21.02,21.02,19.69,20.11,14.65,3091070
25/06/2001,20.26,20.77,20.03,20.23,14.73,1599741
26/06/2001,20.85,20.85,19.91,20.29,14.77,2564671
27/06/2001,20.29,20.88,20.16,20.73,15.1,1067850
28/06/2001,20.75,21.61,20.75,21.61,15.74,1884298
29/06/2001,21.48,21.55,20.24,20.5,14.93,3315827
02/07/2001,20.6,20.94,20.5,20.85,15.18,1268606
03/07/2001,21.09,21.63,21.04,21.53,15.68,1116666
05/07/2001,21.53,22.06,21.17,21.83,15.9,2097868
06/07/2001,21.8,21.8,20.8,21.19,15.44,1129480
09/07/2001,21.16,21.77,21.04,21.72,15.82,1701441
10/07/2001,22.37,22.41,21.83,21.98,16.01,2365745
11/07/2001,21.98,22.22,21.73,22.1,16.1,1660151
12/07/2001,22.59,23.3,22.47,23.04,16.78,2013050
13/07/2001,23.11,23.34,22.62,22.84,16.63,1783411
16/07/2001,22.89,23.69,22.89,23.6,17.19,2219297
17/07/2001,23.28,23.35,22.91,23.02,16.77,2239841
18/07/2001,23.03,23.84,22.86,23.8,17.33,2279911
19/07/2001,23.94,24.52,23.94,24.37,17.75,2433884
20/07/2001,24.34,24.34,23.72,23.84,17.37,1434580
23/07/2001,24.12,24.27,22.98,22.98,16.74,1939826
24/07/2001,22.96,22.97,21.89,22.47,16.36,2396866
25/07/2001,22.47,22.62,21.88,22.17,16.15,1748630
26/07/2001,22.17,22.29,21.78,22.19,16.16,1258232
27/07/2001,22.42,22.47,21.49,21.83,15.9,2052306
30/07/2001,21.9,22.05,21.78,21.88,15.93,1268809
31/07/2001,22.0,22.96,21.86,22.56,16.43,1487464
01/08/2001,22.59,23.05,22.39,22.6,16.46,806074
02/08/2001,22.59,22.62,21.63,22.22,16.19,887434
03/08/2001,22.2,22.2,21.66,21.78,15.87,907367
06/08/2001,21.66,21.71,20.48,20.65,15.04,2153599
07/08/2001,20.62,20.63,19.81,20.12,14.66,3949621
08/08/2001,20.08,20.88,19.96,20.09,14.64,1943894
09/08/2001,20.38,20.57,19.71,20.16,14.69,1217552
10/08/2001,20.16,20.38,19.91,19.97,14.55,1107920
13/08/2001,19.69,19.73,19.0,19.73,14.38,3147818
14/08/2001,19.67,19.81,19.14,19.25,14.02,2885636
15/08/2001,19.25,19.3,18.78,18.93,13.79,2473141
16/08/2001,19.08,20.11,19.0,19.99,14.56,2719051
17/08/2001,19.91,19.91,19.24,19.46,14.18,1439462
20/08/2001,19.69,19.85,19.37,19.54,14.24,1451666
21/08/2001,19.62,19.99,19.28,19.32,14.08,1903010
22/08/2001,19.54,19.66,18.83,19.19,13.98,1630454
23/08/2001,19.67,20.33,19.64,19.86,14.47,2374695
24/08/2001,20.16,21.03,19.79,20.94,15.26,2725153
27/08/2001,20.94,20.94,20.16,20.46,14.9,2221942
28/08/2001,20.45,20.62,20.29,20.46,14.91,1091038
29/08/2001,20.55,21.24,20.4,20.89,15.22,1418308
30/08/2001,20.85,21.76,20.85,21.31,15.53,2472124
31/08/2001,21.31,21.9,21.31,21.9,15.96,2051086
04/09/2001,21.9,22.24,21.39,22.17,16.15,2144039
05/09/2001,22.0,22.34,21.16,21.65,15.77,2929570
06/09/2001,21.58,21.58,20.65,20.86,15.2,2022406
07/09/2001,20.7,20.7,19.57,19.62,14.29,3076222
10/09/2001,19.17,19.76,18.98,19.23,14.01,2057391
17/09/2001,18.66,18.66,17.72,17.85,13.01,1901383
18/09/2001,17.85,18.14,17.4,17.78,12.96,2203025
19/09/2001,17.9,18.38,16.57,17.85,13.0,3286334
20/09/2001,17.23,17.23,15.99,16.3,11.87,3258468
21/09/2001,15.76,16.27,15.26,16.21,11.81,3286944
24/09/2001,16.72,17.4,16.69,17.39,12.67,2401951
25/09/2001,17.39,18.14,16.99,17.28,12.59,2182075
26/09/2001,17.45,17.45,16.61,17.02,12.4,1648760
27/09/2001,16.76,17.82,15.9,17.58,12.81,2335846
28/09/2001,17.45,18.19,17.33,17.72,12.91,1251317
01/10/2001,17.6,17.6,17.14,17.23,12.55,1445971
02/10/2001,17.35,17.5,16.97,17.2,12.53,1634929
03/10/2001,16.96,18.52,16.79,18.43,13.42,3217991
04/10/2001,18.73,18.73,18.0,18.16,13.23,1792971
05/10/2001,17.97,18.04,17.35,17.55,12.79,1816362
08/10/2001,17.55,17.57,17.06,17.19,12.52,923029
09/10/2001,17.21,17.53,17.08,17.51,12.75,677322
10/10/2001,17.38,18.44,17.31,18.33,13.36,1956098
11/10/2001,18.19,19.81,18.14,19.2,13.99,3295080
12/10/2001,19.31,19.31,18.49,18.89,13.76,1355864
15/10/2001,18.66,18.66,17.85,18.36,13.38,1371730
16/10/2001,18.58,18.9,17.9,17.9,13.04,1490312
17/10/2001,18.56,18.73,17.18,17.48,12.74,2646234
18/10/2001,17.21,17.48,16.76,16.83,12.26,2037865
19/10/2001,16.83,17.18,16.45,17.06,12.43,1578994
22/10/2001,17.06,17.35,16.51,16.67,12.14,2875262
23/10/2001,16.86,17.16,16.64,16.81,12.25,1095106
24/10/2001,16.76,16.96,16.52,16.72,12.18,902079
25/10/2001,16.47,17.11,15.93,16.96,12.36,1721578
26/10/2001,17.06,18.19,16.84,18.09,13.18,2090138
29/10/2001,18.09,18.09,16.91,17.04,12.41,1036526
30/10/2001,16.99,17.0,16.28,16.47,12.0,1472616
31/10/2001,16.59,17.85,16.59,17.83,12.99,2629555
01/11/2001,17.82,18.76,17.49,18.69,13.62,2526635
02/11/2001,18.49,19.1,17.77,17.94,13.08,2974522
05/11/2001,18.07,18.56,18.07,18.31,13.35,1682932
06/11/2001,18.31,18.78,18.14,18.71,13.64,1147786
07/11/2001,18.68,19.69,18.68,19.56,14.26,1954064
08/11/2001,19.44,19.71,18.81,18.91,13.78,1589571
09/11/2001,18.81,18.92,18.52,18.63,13.58,1558247
12/11/2001,18.51,19.53,18.29,19.41,14.14,1212061
13/11/2001,19.64,20.01,19.42,19.9,14.5,1475057
14/11/2001,20.02,20.35,19.88,19.95,14.54,1515330
15/11/2001,19.64,19.64,18.64,18.67,13.61,2702372
16/11/2001,18.67,18.95,18.49,18.87,13.76,1588351
19/11/2001,18.88,18.88,17.94,18.78,13.68,2021593
20/11/2001,18.58,18.58,17.81,17.99,13.11,1694119
21/11/2001,17.99,18.36,17.35,18.22,13.28,1913384
23/11/2001,18.22,18.53,17.95,18.53,13.5,448700
26/11/2001,18.39,18.53,17.87,17.99,13.11,2047018
27/11/2001,18.0,18.0,17.34,17.53,12.77,2580943
28/11/2001,17.51,17.67,17.21,17.5,12.76,1364814
29/11/2001,17.45,17.8,17.16,17.7,12.9,1897722
30/11/2001,17.87,18.72,17.87,18.29,13.33,5025200
03/12/2001,18.29,18.71,17.97,18.48,13.47,2200585
04/12/2001,18.46,19.07,18.41,18.95,13.81,2403171
05/12/2001,19.25,20.67,19.25,19.99,14.57,4473580
06/12/2001,20.11,20.5,19.74,19.89,14.5,1985591
07/12/2001,19.71,19.81,19.24,19.31,14.07,2379170
10/12/2001,19.31,19.32,18.85,18.91,13.78,906757
11/12/2001,18.93,19.28,18.93,19.0,13.85,1121344
12/12/2001,19.27,20.51,19.27,20.19,14.72,2852278
13/12/2001,20.2,20.94,19.91,20.45,14.91,2890517
14/12/2001,20.38,20.92,20.1,20.27,14.77,1520008
17/12/2001,20.18,20.75,20.16,20.28,14.78,1472819
18/12/2001,21.76,22.1,20.93,21.63,15.77,5036184
19/12/2001,22.1,23.33,22.05,23.02,16.78,6569210
20/12/2001,23.01,23.5,22.47,22.69,16.54,3179956
21/12/2001,22.69,22.98,22.17,22.98,16.75,3453529
24/12/2001,22.91,23.69,22.86,23.48,17.11,984659
26/12/2001,23.48,23.82,23.47,23.6,17.2,1534043
27/12/2001,23.6,23.8,23.01,23.33,17.0,1522449
28/12/2001,23.35,23.82,23.18,23.57,17.18,1315184
31/12/2001,23.53,23.67,22.96,23.02,16.78,1071918
02/01/2002,23.02,23.18,22.13,22.79,16.61,1623946
03/01/2002,22.52,23.07,22.1,22.35,16.29,2159701
04/01/2002,22.37,22.86,22.12,22.62,16.48,2786987
07/01/2002,22.76,23.24,22.54,23.06,16.8,1706119
08/01/2002,23.13,23.27,22.63,23.12,16.85,2289877
09/01/2002,23.8,24.12,23.57,23.97,17.47,4689997
10/01/2002,24.07,24.29,23.16,23.16,16.88,3552381
11/01/2002,23.28,23.34,22.38,22.87,16.67,4116002
14/01/2002,22.88,23.62,22.64,23.18,16.89,2337269
15/01/2002,23.19,23.72,23.11,23.6,17.2,2472327
16/01/2002,23.5,23.84,23.21,23.57,17.18,1694119
17/01/2002,23.5,24.51,23.48,24.43,17.81,2752409
18/01/2002,24.09,24.36,23.84,24.34,17.74,2954182
22/01/2002,24.58,25.39,24.46,24.56,17.9,2210551
23/01/2002,24.58,25.07,23.8,25.07,18.27,3456580
24/01/2002,25.31,25.93,25.28,25.9,18.88,3924196
25/01/2002,25.9,26.13,25.63,25.79,18.79,2970657
28/01/2002,25.79,26.79,25.76,26.79,19.53,3764120
29/01/2002,26.81,27.29,26.56,26.79,19.53,4295401
30/01/2002,26.79,27.67,26.6,27.66,20.16,4419679
31/01/2002,27.73,27.79,27.22,27.26,19.87,3197651
01/02/2002,27.13,27.52,26.55,26.94,19.64,3067069
04/02/2002,26.77,27.13,26.77,26.82,19.55,2871194
05/02/2002,26.79,26.8,26.26,26.43,19.26,2562230
06/02/2002,26.3,26.62,25.74,25.79,18.8,2301878
07/02/2002,25.58,26.0,25.2,25.81,18.82,2836820
08/02/2002,25.79,26.16,25.27,25.66,18.71,2185126
11/02/2002,25.76,26.38,25.62,26.25,19.14,1624963
12/02/2002,26.18,26.7,26.1,26.4,19.25,1743952
13/02/2002,26.52,26.89,26.14,26.3,19.17,1694119
14/02/2002,26.32,26.77,26.24,26.5,19.32,1201687
15/02/2002,26.5,26.59,25.96,25.96,18.93,1046493
19/02/2002,25.99,26.42,25.74,25.97,18.93,1613979
20/02/2002,26.03,26.23,24.93,25.81,18.82,2415172
21/02/2002,25.71,26.75,25.33,26.18,19.09,1719747
22/02/2002,26.18,26.18,25.47,26.03,18.98,1594859
25/02/2002,26.06,27.15,26.06,26.99,19.67,1815548
26/02/2002,27.33,28.0,27.33,27.62,20.13,3286130
27/02/2002,28.02,28.24,26.66,26.98,19.67,6018403
28/02/2002,27.1,27.59,26.9,27.14,19.79,2498362
01/03/2002,27.26,28.22,27.04,28.22,20.57,2830108
04/03/2002,28.42,29.62,28.42,29.32,21.37,4093222
05/03/2002,28.59,29.1,27.67,27.91,20.34,4883634
06/03/2002,28.05,29.24,27.43,28.93,21.09,2576671
07/03/2002,29.4,29.42,27.79,28.07,20.46,3556449
08/03/2002,28.51,28.56,27.49,28.02,20.43,3011947
11/03/2002,28.06,28.64,27.48,28.02,20.43,3203753
12/03/2002,27.7,28.42,27.52,28.2,20.55,3538957
13/03/2002,28.44,28.59,27.83,27.9,20.34,3829412
14/03/2002,28.1,28.22,27.31,27.31,19.91,2598232
15/03/2002,27.31,27.31,26.6,26.82,19.55,3091883
18/03/2002,26.84,27.26,25.96,26.06,19.0,4481919
19/03/2002,26.11,27.29,25.69,26.94,19.64,5316062
20/03/2002,27.16,27.26,25.77,25.87,18.86,6655655
21/03/2002,26.08,26.5,24.93,25.13,18.32,6474019
22/03/2002,25.54,26.87,25.27,26.79,19.53,6422152
25/03/2002,26.92,27.09,26.11,26.31,19.18,4620841
26/03/2002,26.33,27.42,26.33,27.36,19.94,3310742
27/03/2002,27.24,27.41,25.94,26.28,19.16,3718559
28/03/2002,26.28,26.52,25.66,25.94,18.91,2203432
01/04/2002,25.69,25.69,25.07,25.43,18.54,2250621
02/04/2002,25.12,25.79,24.91,25.22,18.39,2402764
03/04/2002,25.22,25.87,25.17,25.75,18.77,1718933
04/04/2002,25.66,25.98,25.2,25.31,18.45,2079358
05/04/2002,25.44,25.81,25.07,25.53,18.61,1378849
08/04/2002,25.22,26.64,25.13,26.5,19.32,2895602
09/04/2002,26.6,27.34,26.4,27.3,19.9,3252773
10/04/2002,27.37,27.62,26.62,26.89,19.6,2145667
11/04/2002,26.82,26.97,26.17,26.25,19.14,1728290
12/04/2002,26.29,26.85,26.13,26.85,19.57,1146362
15/04/2002,26.55,27.24,26.26,26.86,19.58,2697084
16/04/2002,26.4,26.51,25.98,26.39,19.24,2549009
17/04/2002,26.43,26.92,26.14,26.5,19.32,1898536
18/04/2002,26.5,26.55,25.39,26.07,19.0,2063696
19/04/2002,25.96,26.27,25.71,26.2,19.1,1504550
22/04/2002,26.25,26.91,26.2,26.91,19.62,2983471
23/04/2002,27.07,28.36,27.04,27.95,20.37,4385507
24/04/2002,28.03,28.36,27.36,27.85,20.3,2581553
25/04/2002,27.86,27.97,27.2,27.74,20.22,1779140
26/04/2002,27.74,27.93,26.84,26.89,19.6,2109868
29/04/2002,26.89,27.7,26.89,27.35,19.93,1536077
30/04/2002,27.42,27.85,27.12,27.31,19.91,1326982
01/05/2002,27.46,27.94,26.97,27.85,20.3,1604216
02/05/2002,27.73,28.27,27.16,28.22,20.57,2404595
03/05/2002,28.16,28.32,27.8,28.32,20.65,1631268
06/05/2002,28.32,28.59,27.28,27.29,19.9,2011219
07/05/2002,27.35,27.91,27.31,27.6,20.12,1278166
08/05/2002,27.83,28.02,27.06,27.5,20.05,1887349
09/05/2002,27.5,27.78,27.14,27.5,20.05,1531805
10/05/2002,27.61,27.67,26.84,26.84,19.57,1148193
13/05/2002,26.99,27.23,26.45,26.82,19.56,1651405
14/05/2002,26.82,27.87,26.58,27.79,20.26,1841380
15/05/2002,27.65,27.88,27.19,27.24,19.86,1643472
16/05/2002,26.94,26.95,26.25,26.32,19.19,3209449
17/05/2002,26.5,27.03,26.18,27.03,19.71,1315388
20/05/2002,27.08,27.24,26.62,26.76,19.51,1091038
21/05/2002,26.78,26.79,26.06,26.16,19.07,1955894
22/05/2002,26.12,26.48,25.81,26.06,19.0,1525093
23/05/2002,26.16,26.5,25.72,26.49,19.32,1634116
24/05/2002,26.55,27.34,26.28,27.22,19.85,1520822
28/05/2002,27.36,27.38,26.6,26.75,19.5,1366441
29/05/2002,26.97,27.02,26.49,26.57,19.37,1384137
30/05/2002,26.57,26.84,26.2,26.41,19.26,1421359
31/05/2002,26.5,26.97,26.5,26.9,19.62,1173415
03/06/2002,26.8,26.94,25.9,25.9,18.89,1413833
04/06/2002,25.9,26.01,24.64,24.88,18.14,3325997
05/06/2002,24.98,25.7,24.75,25.62,18.68,2479243
06/06/2002,25.79,26.44,25.72,26.23,19.12,1991489
07/06/2002,25.81,26.74,25.74,26.55,19.36,1267792
10/06/2002,26.6,26.84,26.3,26.33,19.2,1358102
11/06/2002,26.48,26.74,26.25,26.29,19.17,1048120
12/06/2002,26.29,26.61,26.17,26.59,19.39,1169550
13/06/2002,26.55,26.55,25.73,25.91,18.89,2334625
14/06/2002,25.76,26.35,25.37,26.25,19.14,2913908
17/06/2002,26.33,27.34,26.2,27.29,19.9,2410900
18/06/2002,27.54,28.18,27.48,28.17,20.54,3463292
19/06/2002,28.29,29.6,28.29,29.1,21.21,7260973
20/06/2002,29.1,30.48,29.08,30.26,22.06,7678350
21/06/2002,30.26,30.46,29.7,30.2,22.02,4024879
24/06/2002,30.2,30.22,29.25,29.5,21.51,4881193
25/06/2002,29.82,30.2,28.62,28.78,20.98,3788935
26/06/2002,28.39,29.73,28.38,29.69,21.65,3379288
27/06/2002,29.69,30.24,29.33,29.38,21.42,3670963
28/06/2002,29.42,30.41,29.42,30.09,21.94,2659862
01/07/2002,30.31,31.13,30.19,31.12,22.69,5210498
02/07/2002,31.12,31.45,29.67,30.3,22.09,5702319
03/07/2002,30.3,30.48,29.21,30.26,22.06,3351829
05/07/2002,30.38,31.0,30.38,30.73,22.41,986287
08/07/2002,30.74,31.1,30.37,30.67,22.36,2506498
09/07/2002,30.58,30.88,29.97,29.97,21.85,2462971
10/07/2002,29.9,30.32,29.42,29.44,21.47,2966182
11/07/2002,29.15,29.25,27.59,27.94,20.37,6694911
12/07/2002,27.75,28.17,26.87,27.41,19.99,4392423
15/07/2002,27.46,28.02,26.16,28.02,20.43,4794341
16/07/2002,27.56,27.75,26.42,26.63,19.42,4915568
17/07/2002,26.87,27.68,25.16,26.28,19.16,6358691
18/07/2002,26.4,27.04,25.88,26.02,18.97,3184430
19/07/2002,25.57,26.11,24.09,24.14,17.6,6712200
22/07/2002,24.14,24.22,22.44,22.7,16.55,6677825
23/07/2002,22.71,24.19,22.71,23.7,17.28,4965401
24/07/2002,23.23,25.04,22.49,25.02,18.25,4469715
25/07/2002,25.07,25.81,23.17,23.97,17.48,6573278
26/07/2002,24.04,24.28,23.62,23.95,17.47,4556363
29/07/2002,24.4,25.81,24.37,25.79,18.8,3659776
30/07/2002,25.79,26.4,24.95,25.82,18.82,3416306
31/07/2002,25.76,26.11,24.78,24.95,18.19,3715304
01/08/2002,24.66,24.95,23.87,23.98,17.49,3859108
02/08/2002,23.99,23.99,21.51,21.74,15.86,8728097
05/08/2002,21.83,22.27,21.24,22.12,16.13,4404424
06/08/2002,22.32,23.23,22.32,23.01,16.78,3723034
07/08/2002,23.45,23.52,22.11,22.46,16.38,3667302
08/08/2002,22.52,23.72,22.27,23.55,17.18,2446292
09/08/2002,23.5,23.94,23.07,23.67,17.27,2566298
12/08/2002,23.43,23.59,23.14,23.45,17.1,1307048
13/08/2002,23.25,23.6,23.02,23.11,16.85,1788903
14/08/2002,23.11,23.8,22.91,23.65,17.25,3531227
15/08/2002,24.09,25.34,24.09,25.28,18.43,4168886
16/08/2002,24.93,25.68,24.54,25.49,18.59,2864279
19/08/2002,25.54,26.35,25.54,26.3,19.18,2816683
20/08/2002,26.06,26.25,25.74,25.94,18.92,1891417
21/08/2002,26.06,26.22,25.4,25.64,18.7,2034407
22/08/2002,25.64,26.81,25.61,26.74,19.5,2253469
23/08/2002,26.89,27.35,26.45,26.67,19.45,3154734
26/08/2002,26.72,27.72,26.38,27.63,20.15,3594485
27/08/2002,27.58,27.73,26.5,26.57,19.38,3212093
28/08/2002,26.48,26.92,26.07,26.16,19.08,1507804
29/08/2002,25.93,26.25,25.66,25.85,18.85,2385679
30/08/2002,25.86,26.7,25.79,25.96,18.93,1545026
03/09/2002,25.88,25.89,24.9,25.05,18.27,3148429
04/09/2002,25.44,26.38,25.27,26.34,19.21,2656607
05/09/2002,26.72,27.5,26.62,27.2,19.84,4314317
06/09/2002,27.68,27.86,27.29,27.42,20.0,3025778
09/09/2002,27.3,28.76,27.29,28.65,20.89,2695457
10/09/2002,28.64,28.65,28.07,28.53,20.81,2971064
11/09/2002,28.76,28.96,28.53,28.53,20.81,1181754
12/09/2002,28.34,28.37,27.63,27.66,20.17,1995354
13/09/2002,27.65,28.6,27.61,28.58,20.85,2401137
16/09/2002,28.59,28.91,28.07,28.54,20.82,2027695
17/09/2002,28.66,28.81,28.24,28.41,20.72,2848820
18/09/2002,28.76,28.76,27.65,27.85,20.31,4844785
19/09/2002,27.38,27.46,26.23,26.25,19.15,6620467
20/09/2002,26.57,27.57,26.43,27.46,20.03,5408609
23/09/2002,27.38,27.83,26.96,27.33,19.93,3680930
24/09/2002,26.67,27.21,26.43,26.54,19.36,4901737
25/09/2002,26.99,27.36,25.81,27.07,19.75,5801578
26/09/2002,27.07,28.2,27.04,28.0,20.42,4827902
27/09/2002,27.88,28.27,27.43,27.53,20.08,3280028
30/09/2002,27.14,27.71,26.72,27.42,20.0,3459427
01/10/2002,27.42,28.36,26.62,28.29,20.64,5044523
02/10/2002,28.3,28.93,27.88,27.98,20.41,5098628
03/10/2002,27.73,28.27,27.37,27.61,20.13,4669657
04/10/2002,27.61,27.73,26.31,26.39,19.24,6229939
07/10/2002,26.39,26.39,25.02,25.52,18.61,6155698
08/10/2002,25.66,26.16,24.95,25.97,18.94,4762814
09/10/2002,25.49,25.49,24.61,24.61,17.95,5109205
10/10/2002,24.57,25.6,24.39,25.59,18.67,3896330
11/10/2002,25.71,27.11,25.71,26.72,19.49,4500632
14/10/2002,26.72,27.14,26.47,26.92,19.63,1647743
15/10/2002,27.38,28.15,27.37,28.09,20.49,3276977
16/10/2002,27.53,27.83,27.29,27.4,19.99,2377746
17/10/2002,28.05,29.05,28.05,28.91,21.09,4470935
18/10/2002,28.92,28.92,28.02,28.19,20.56,3261519
21/10/2002,28.02,29.45,27.73,29.41,21.45,3702287
22/10/2002,29.13,29.35,27.97,28.52,20.8,4358455
23/10/2002,28.52,29.08,28.33,28.98,21.14,3327827
24/10/2002,29.06,29.15,27.93,27.98,20.41,2798174
25/10/2002,27.99,28.34,27.39,28.09,20.49,3231823
28/10/2002,28.27,28.27,27.04,27.19,19.83,2647454
29/10/2002,27.19,27.61,26.92,27.19,19.83,3791579
30/10/2002,27.04,27.14,26.25,26.52,19.34,3398407
31/10/2002,26.5,27.36,26.45,27.12,19.78,3467563
01/11/2002,27.07,27.34,26.82,27.14,19.8,2923672
04/11/2002,27.48,27.71,27.11,27.11,19.78,2389950
05/11/2002,27.1,27.35,26.68,27.07,19.75,2698915
06/11/2002,27.07,27.78,26.58,27.72,20.22,4350116
07/11/2002,27.72,27.72,26.12,26.21,19.12,6100780
08/11/2002,26.18,26.35,25.24,25.34,18.49,4638537
11/11/2002,25.27,25.66,24.92,25.29,18.45,2551450
12/11/2002,25.69,25.7,24.7,24.93,18.19,4346251
13/11/2002,24.83,25.07,24.21,24.61,17.95,6754100
14/11/2002,24.95,25.39,24.71,25.38,18.51,3873753
15/11/2002,25.17,25.9,25.17,25.87,18.87,2148107
18/11/2002,25.92,26.11,25.07,25.13,18.33,3037982
19/11/2002,25.12,25.4,24.89,25.13,18.33,2571586
20/11/2002,25.14,25.86,24.51,25.79,18.81,5265619
21/11/2002,25.96,26.34,25.91,26.08,19.03,3023541
22/11/2002,26.03,26.43,25.87,26.01,18.97,2609419
25/11/2002,25.94,26.52,25.85,25.95,18.93,2198551
26/11/2002,25.96,26.46,25.17,25.21,18.39,3471224
27/11/2002,25.54,26.3,25.46,26.3,19.19,1864364
29/11/2002,26.3,26.35,26.0,26.07,19.02,454396
02/12/2002,26.35,26.47,25.81,26.1,19.04,1976641
03/12/2002,26.1,26.1,24.58,24.66,17.99,5049405
04/12/2002,24.78,25.01,24.39,24.71,18.02,5828834
05/12/2002,24.95,24.95,24.14,24.5,17.88,2897840
06/12/2002,24.12,24.75,23.97,24.31,17.74,2925502
09/12/2002,24.32,24.68,24.02,24.63,17.97,3070933
10/12/2002,24.64,24.66,23.74,24.16,17.63,3869888
11/12/2002,24.12,24.68,23.75,24.53,17.9,3742763
12/12/2002,24.54,25.41,24.41,25.28,18.44,2619182
13/12/2002,25.28,25.28,24.64,24.67,18.0,2805700
16/12/2002,25.0,26.03,24.93,26.0,18.97,4569381
17/12/2002,26.0,26.33,25.59,25.74,18.78,2501006
18/12/2002,26.2,26.2,25.73,25.82,18.83,2534364
19/12/2002,25.86,26.2,25.71,25.89,18.89,1770800
20/12/2002,26.03,26.53,26.03,26.48,19.32,1856839
23/12/2002,26.64,26.64,26.21,26.32,19.2,926284
24/12/2002,26.45,26.45,26.21,26.24,19.15,394799
26/12/2002,26.38,26.6,26.26,26.33,19.21,461311
27/12/2002,26.33,26.46,25.76,25.76,18.79,1546654
30/12/2002,25.86,25.86,25.03,25.44,18.56,2792885
31/12/2002,25.49,25.52,24.95,25.37,18.51,1312540
02/01/2003,25.22,26.61,25.07,26.49,19.32,3223687
03/01/2003,26.49,26.49,26.11,26.18,19.09,1345694
06/01/2003,26.18,26.61,26.01,26.51,19.34,3728729
07/01/2003,26.51,27.26,26.5,27.04,19.73,2598435
08/01/2003,27.28,27.87,27.13,27.28,19.9,4214245
09/01/2003,27.63,27.81,27.41,27.71,20.22,3155141
10/01/2003,27.72,28.0,27.39,27.87,20.33,2875262
13/01/2003,27.93,28.12,27.38,27.38,19.98,2447512
14/01/2003,27.38,27.41,26.92,26.99,19.69,4432493
15/01/2003,26.99,27.38,26.82,27.32,19.93,2297403
16/01/2003,27.44,28.15,27.35,28.05,20.46,3886567
17/01/2003,28.0,28.17,27.78,28.02,20.44,1827549
21/01/2003,28.18,28.28,27.65,27.65,20.17,2286013
22/01/2003,27.65,27.84,27.26,27.26,19.88,2586028
23/01/2003,27.48,27.75,27.01,27.75,20.25,1764088
24/01/2003,27.7,27.7,27.26,27.34,19.94,2002880
27/01/2003,27.24,27.24,26.57,26.73,19.5,2377136
28/01/2003,26.83,26.98,26.5,26.89,19.62,1640828
29/01/2003,26.77,27.19,26.39,27.06,19.74,1393697
30/01/2003,26.99,27.01,26.32,26.32,19.2,1296268
31/01/2003,26.3,27.53,25.74,26.48,19.32,3290198
03/02/2003,26.3,26.97,26.3,26.58,19.39,1597504
04/02/2003,26.41,26.47,26.2,26.38,19.25,994219
05/02/2003,26.65,27.22,26.52,26.82,19.57,2582366
06/02/2003,26.55,26.96,25.94,26.04,19.0,3032084
07/02/2003,26.15,26.41,25.61,25.77,18.8,2203432
10/02/2003,26.01,26.16,25.57,26.01,18.98,2825633
11/02/2003,26.03,26.52,26.03,26.3,19.19,2278690
12/02/2003,26.16,26.29,25.76,25.84,18.85,2339507
13/02/2003,25.88,25.9,24.95,25.04,18.27,3961418
14/02/2003,25.17,25.68,25.17,25.54,18.64,2279707
18/02/2003,25.66,26.86,25.65,26.52,19.35,3156361
19/02/2003,26.53,26.72,26.26,26.3,19.19,1996981
20/02/2003,26.4,26.4,26.01,26.25,19.16,1722391
21/02/2003,26.25,26.73,26.09,26.73,19.5,1754122
24/02/2003,26.61,26.62,26.11,26.2,19.12,1397765
25/02/2003,26.08,26.92,25.96,26.9,19.63,2499379
26/02/2003,26.88,27.04,26.56,26.61,19.42,1985591
27/02/2003,26.73,26.8,26.06,26.59,19.4,2848210
28/02/2003,26.59,26.62,26.11,26.54,19.37,1379866
03/03/2003,26.61,27.08,26.61,26.77,19.54,1688423
04/03/2003,25.42,25.81,24.74,24.85,18.13,12997463
05/03/2003,24.83,25.07,24.01,24.29,17.72,6296247
06/03/2003,24.29,24.49,23.86,24.02,17.52,3607706
07/03/2003,23.84,24.87,23.7,24.56,17.92,2686304
10/03/2003,24.57,24.57,23.87,24.0,17.51,1779750
11/03/2003,24.12,24.41,23.89,23.97,17.49,1537907
12/03/2003,23.97,24.27,23.86,24.22,17.68,2027288
13/03/2003,24.95,25.39,24.36,25.32,18.48,3585128
14/03/2003,25.44,25.67,24.98,25.04,18.27,2537822
17/03/2003,24.96,25.7,24.77,25.59,18.67,2423511
18/03/2003,25.47,25.69,25.26,25.59,18.67,2661692
19/03/2003,25.81,26.53,25.77,26.31,19.2,3565602
20/03/2003,26.32,26.76,25.82,26.68,19.47,2016711
21/03/2003,26.88,27.75,26.85,27.49,20.06,3932536
24/03/2003,27.04,27.13,26.74,26.79,19.55,2694847
25/03/2003,26.45,27.13,26.28,26.89,19.62,4123732
26/03/2003,26.92,26.92,26.25,26.42,19.28,3023744
27/03/2003,26.35,26.77,25.98,26.51,19.35,2447309
28/03/2003,26.4,26.72,26.23,26.51,19.35,1075986
31/03/2003,26.2,26.61,25.92,26.33,19.21,1558654
01/04/2003,26.33,26.98,25.96,26.92,19.64,2551653
02/04/2003,27.29,28.22,27.29,27.88,20.34,5799544
03/04/2003,28.07,28.18,27.71,28.14,20.53,2556941
04/04/2003,28.14,28.17,27.51,27.7,20.21,3456986
07/04/2003,27.7,28.27,27.68,27.68,20.2,2244926
08/04/2003,27.63,27.79,27.04,27.54,20.1,4175395
09/04/2003,27.54,27.89,27.47,27.75,20.25,1915418
10/04/2003,27.75,28.08,27.58,28.04,20.46,1215722
11/04/2003,28.05,28.12,27.78,27.87,20.33,1185619
14/04/2003,27.87,28.34,27.73,28.34,20.68,1398985
15/04/2003,28.35,28.76,28.29,28.67,20.92,2041322
16/04/2003,28.67,28.87,28.58,28.69,20.93,1746189
17/04/2003,28.69,28.86,28.49,28.78,21.0,2056577
21/04/2003,28.66,28.83,28.54,28.62,20.89,1667880
22/04/2003,26.49,27.04,25.57,26.81,21.51,3762493
23/04/2003,26.99,27.02,26.35,26.93,21.6,3618893
24/04/2003,26.87,26.87,26.47,26.53,21.28,2441817
25/04/2003,26.53,26.53,25.96,26.09,20.93,2142819
28/04/2003,25.98,26.45,25.96,26.3,21.1,2075900
29/04/2003,26.51,26.71,26.1,26.32,21.11,2138548
30/04/2003,26.32,26.76,26.13,26.67,21.39,2237197
01/05/2003,26.6,26.6,25.84,26.05,20.9,2009795
02/05/2003,26.05,26.61,25.9,26.44,21.21,1996778
05/05/2003,26.5,26.77,26.3,26.69,21.41,2317743
06/05/2003,26.74,26.83,26.27,26.38,21.16,2611046
07/05/2003,26.3,27.51,26.25,27.43,22.01,4619214
08/05/2003,27.43,28.22,27.29,27.73,22.25,5428543
09/05/2003,27.95,28.67,27.77,28.66,22.99,4006573
12/05/2003,28.63,29.67,28.48,29.58,23.73,4646470
13/05/2003,29.45,29.67,29.18,29.49,23.66,2584400
14/05/2003,29.4,29.62,29.07,29.46,23.64,2577281
15/05/2003,29.47,29.99,29.46,29.99,24.06,2900891
16/05/2003,29.99,29.99,29.45,29.5,23.66,2883398
19/05/2003,29.33,29.42,29.04,29.07,23.32,2112919
20/05/2003,28.97,29.45,28.77,29.05,23.3,2404391
21/05/2003,29.05,29.4,28.81,29.25,23.47,1838939
22/05/2003,29.25,30.75,29.25,30.64,24.58,5032523
23/05/2003,30.65,31.66,30.56,31.08,24.93,3991928
27/05/2003,31.03,31.53,30.78,31.1,24.95,3046525
28/05/2003,31.1,32.52,31.1,32.34,25.94,4870006
29/05/2003,32.35,33.52,31.94,32.06,25.71,6815120
30/05/2003,32.06,32.97,31.88,32.96,26.44,4830140
02/06/2003,33.09,33.4,32.76,32.77,26.29,3253180
03/06/2003,32.94,32.98,32.35,32.94,26.43,3850972
04/06/2003,33.07,34.18,33.07,34.04,27.3,3213517
05/06/2003,34.04,35.07,33.76,34.96,28.05,3461461
06/06/2003,35.5,35.5,34.02,34.02,27.29,3318471
09/06/2003,33.93,34.02,33.02,33.07,26.53,3544448
10/06/2003,33.38,34.6,33.28,34.29,27.51,4653182
11/06/2003,35.05,37.22,35.05,37.09,29.76,9527866
12/06/2003,36.78,37.36,36.13,36.99,29.67,6432525
13/06/2003,36.99,37.32,36.58,37.02,29.7,3600790
16/06/2003,37.32,38.27,37.01,38.24,30.67,4067186
17/06/2003,40.06,40.12,37.57,38.13,30.59,3997013
18/06/2003,38.13,38.13,37.12,37.51,30.09,3768595
19/06/2003,37.39,38.03,36.82,37.38,29.99,3269452
20/06/2003,37.38,37.98,35.93,36.21,29.05,4119053
23/06/2003,36.21,36.85,35.8,36.63,29.38,4609654
24/06/2003,36.38,37.26,35.89,36.85,29.56,3259078
25/06/2003,36.8,37.11,35.84,35.85,28.76,3258061
26/06/2003,35.96,36.85,35.5,36.79,29.52,3187685
27/06/2003,36.79,37.1,36.07,36.28,29.1,2183702
30/06/2003,36.4,36.63,35.15,35.15,28.2,3250129
01/07/2003,35.13,35.86,34.29,35.85,28.76,4121901
02/07/2003,35.85,36.41,35.45,36.41,29.2,3118732
03/07/2003,36.11,36.35,35.76,36.23,29.06,1318032
07/07/2003,36.23,36.94,35.83,36.92,29.62,2323031
08/07/2003,36.82,37.66,36.7,37.61,30.17,3062187
09/07/2003,37.61,37.61,36.78,36.93,29.63,2841498
10/07/2003,36.58,36.8,35.74,35.95,28.84,2624267
11/07/2003,36.13,36.22,35.58,35.8,28.72,1670524
14/07/2003,36.28,36.73,36.02,36.65,29.4,1727273
15/07/2003,36.86,37.02,34.59,34.97,28.05,6680063
16/07/2003,34.97,35.64,34.59,35.29,28.31,5828630
17/07/2003,35.03,35.43,33.82,34.04,27.3,4101764
18/07/2003,34.04,34.24,33.06,33.6,26.96,4345844
21/07/2003,33.6,34.01,32.52,32.67,26.21,3068289
22/07/2003,32.68,33.7,32.26,33.68,27.02,5211718
23/07/2003,33.9,34.41,33.12,33.47,26.85,2395849
24/07/2003,33.7,34.07,33.01,33.31,26.72,2892551
25/07/2003,33.55,33.8,32.63,33.33,26.74,2769494
28/07/2003,33.46,33.51,32.5,32.73,26.26,2818107
29/07/2003,32.73,33.41,32.47,32.83,26.34,2801225
30/07/2003,32.94,33.16,32.42,33.16,26.6,2336456
31/07/2003,33.16,33.16,31.84,32.05,25.71,3354676
01/08/2003,32.04,32.19,30.63,31.07,24.93,4541719
04/08/2003,30.92,31.61,30.73,31.61,25.36,2496328
05/08/2003,31.83,32.08,30.9,30.92,24.81,2260994
06/08/2003,31.12,32.54,31.1,32.54,26.11,3562348
07/08/2003,32.55,32.69,31.86,32.69,26.23,2553077
08/08/2003,33.06,33.49,32.97,33.22,26.65,2319167
11/08/2003,33.22,33.48,32.4,32.94,26.43,2164379
12/08/2003,32.82,33.17,32.16,33.16,26.6,2530703
13/08/2003,33.16,33.16,31.92,31.95,25.64,2650302
14/08/2003,31.96,32.1,31.5,32.05,25.72,2159091
15/08/2003,31.94,32.51,31.88,32.44,26.03,765394
18/08/2003,32.44,32.65,32.11,32.52,26.09,1886535
19/08/2003,32.87,33.7,32.77,33.68,27.02,2782512
20/08/2003,33.68,33.68,32.87,33.45,26.84,1767749
21/08/2003,33.57,34.01,33.48,34.0,27.28,1700221
22/08/2003,34.13,34.13,33.36,33.43,26.82,1249690
25/08/2003,33.6,33.82,33.24,33.53,26.9,1852364
26/08/2003,33.59,33.68,32.65,33.51,26.88,2065934
27/08/2003,33.05,33.37,32.94,33.08,26.54,1245622
28/08/2003,33.11,33.65,32.84,33.59,26.95,1128667
29/08/2003,33.59,33.59,33.05,33.06,26.53,1886128
02/09/2003,33.07,33.07,32.38,32.85,26.35,2662099
03/09/2003,32.96,34.22,32.55,34.22,27.46,3370135
04/09/2003,33.94,35.24,33.85,35.21,28.25,4480699
05/09/2003,35.21,35.35,34.25,34.71,27.85,2301471
08/09/2003,35.15,35.3,34.61,35.2,28.24,1924164
09/09/2003,35.1,35.1,34.55,35.06,28.13,1860296
10/09/2003,34.64,34.7,33.36,33.43,26.82,3065645
11/09/2003,33.55,34.32,33.49,34.22,27.46,3137038
12/09/2003,34.22,34.97,33.84,34.84,27.96,2234959
15/09/2003,34.85,35.74,34.85,35.52,28.5,3364033
16/09/2003,35.65,36.76,35.28,36.69,29.44,3690490
17/09/2003,35.9,37.02,35.67,36.65,29.4,5026828
18/09/2003,36.65,37.13,36.26,37.06,29.74,2443851
19/09/2003,37.07,37.07,36.61,36.87,29.58,2713966
22/09/2003,36.87,36.87,36.03,36.14,28.99,3058526
23/09/2003,36.38,36.54,36.18,36.45,29.24,2000032
24/09/2003,37.61,37.95,37.07,37.36,29.98,6436593
25/09/2003,37.36,38.25,37.07,37.27,29.9,3058526
26/09/2003,37.81,38.1,37.03,37.24,29.88,2501413
29/09/2003,37.25,37.92,37.25,37.78,30.32,2597215
30/09/2003,37.81,38.79,37.58,38.24,30.69,4204888
01/10/2003,38.25,40.5,38.07,40.39,32.41,6691250
02/10/2003,40.39,40.73,39.82,40.68,32.64,7086253
03/10/2003,40.93,40.93,39.68,40.39,32.41,3679303
06/10/2003,40.39,41.28,40.32,41.15,33.01,2736544
07/10/2003,41.15,41.76,40.65,41.23,33.08,2712746
08/10/2003,41.3,41.77,41.0,41.48,33.28,2917976
09/10/2003,41.48,42.09,40.94,42.0,33.7,2986929
10/10/2003,42.01,42.19,41.37,41.66,33.42,1935148
13/10/2003,41.89,42.99,41.89,42.88,34.41,2849431
14/10/2003,42.89,43.02,42.4,42.93,34.45,2200585
15/10/2003,42.93,42.93,40.97,41.13,33.0,4759357
16/10/2003,41.13,41.85,41.08,41.42,33.23,3108766
17/10/2003,41.68,41.68,40.9,40.98,32.88,2181058
20/10/2003,40.98,41.68,40.9,41.35,33.18,1821650
21/10/2003,41.54,42.04,40.68,42.01,33.71,2795936
22/10/2003,41.96,42.16,41.21,41.8,33.54,2495311
23/10/2003,41.56,43.08,41.4,42.63,34.2,4161157
24/10/2003,42.6,42.6,41.67,42.07,33.75,2412934
27/10/2003,42.4,43.46,42.3,42.89,34.41,2710305
28/10/2003,42.89,43.61,42.7,43.6,34.99,1952233
29/10/2003,43.61,45.66,43.27,45.61,36.6,6546429
30/10/2003,45.61,45.61,44.89,44.99,36.09,4502056
31/10/2003,44.99,45.4,44.99,45.16,36.23,1974404
03/11/2003,45.16,45.67,45.16,45.62,36.61,2709085
04/11/2003,45.56,45.71,45.12,45.14,36.22,2576468
05/11/2003,45.14,46.74,44.38,46.67,37.55,3730966
06/11/2003,46.39,46.89,45.89,46.7,37.57,2945232
07/11/2003,45.78,45.88,44.29,44.73,35.99,6146138
10/11/2003,44.86,44.89,43.56,43.65,35.12,3504379
11/11/2003,43.68,44.71,43.56,44.23,35.58,2064510
12/11/2003,44.35,45.35,44.35,45.32,36.46,1920299
13/11/2003,45.28,45.88,44.99,45.78,36.83,2070409
14/11/2003,45.77,45.95,45.14,45.14,36.32,1897315
17/11/2003,45.14,45.19,43.63,45.15,36.32,1809446
18/11/2003,45.23,46.08,45.12,45.26,36.41,2709898
19/11/2003,45.53,46.04,45.13,45.52,36.62,2155633
20/11/2003,45.39,45.91,45.19,45.5,36.6,1750664
21/11/2003,45.7,45.87,45.26,45.87,36.9,1818599
24/11/2003,46.21,47.68,46.21,47.67,38.35,2702372
25/11/2003,47.67,48.46,47.2,48.38,38.93,2908417
26/11/2003,48.38,48.38,47.39,47.87,38.51,2259774
28/11/2003,47.98,48.32,47.97,48.13,38.72,754817
01/12/2003,48.57,50.04,48.5,49.9,40.15,3168972
02/12/2003,49.9,49.9,49.26,49.56,39.88,2712746
03/12/2003,49.46,49.46,48.02,48.06,38.67,2827057
04/12/2003,48.35,49.12,47.89,48.23,38.8,2595384
05/12/2003,47.98,48.23,47.52,47.6,38.29,2365542
08/12/2003,47.65,49.02,47.65,48.92,39.36,1898536
09/12/2003,48.92,48.92,46.99,47.01,37.82,2979607
10/12/2003,46.76,46.76,44.32,44.62,35.9,5540413
11/12/2003,44.69,45.67,44.69,45.35,36.49,4478665
12/12/2003,45.72,45.82,45.22,45.6,36.69,2158481
15/12/2003,45.72,45.88,44.55,44.72,35.98,2751799
16/12/2003,45.0,45.48,43.67,44.67,35.94,6581414
17/12/2003,45.72,46.2,45.08,46.12,37.1,4789663
18/12/2003,46.34,47.43,46.14,47.12,37.91,3565602
19/12/2003,47.12,47.38,46.78,47.03,37.83,2413138
22/12/2003,47.0,48.4,46.94,48.23,38.8,3791783
23/12/2003,48.23,48.75,47.95,48.74,39.21,2611656
24/12/2003,48.74,48.74,47.86,48.45,38.98,1236875
26/12/2003,48.67,49.09,48.65,48.87,39.32,850212
29/12/2003,49.04,49.13,48.4,48.89,39.34,1274708
30/12/2003,48.85,48.85,47.64,47.79,38.45,2792072
31/12/2003,47.79,47.84,46.95,47.2,37.97,2738578
02/01/2004,47.2,47.41,45.77,46.11,37.1,4554533
05/01/2004,46.14,46.39,44.51,45.49,36.6,6346690
06/01/2004,45.49,47.0,45.45,46.45,37.37,5701302
07/01/2004,46.45,46.46,45.28,45.86,36.89,3469597
08/01/2004,44.89,44.89,42.89,43.98,35.39,9594378
09/01/2004,44.94,45.92,44.88,45.32,36.47,5517428
12/01/2004,45.11,45.23,43.63,44.06,35.45,4564093
13/01/2004,44.06,44.15,42.4,43.02,34.61,6359504
14/01/2004,42.77,44.08,42.77,43.85,35.28,3299148
15/01/2004,44.2,44.69,43.32,44.37,35.69,2902111
16/01/2004,44.42,44.74,44.3,44.65,35.92,2941978
20/01/2004,44.65,44.84,43.94,44.51,35.81,2457479
21/01/2004,45.22,46.39,44.74,45.71,36.78,3269553
22/01/2004,46.31,46.7,45.19,46.38,37.32,2612368
23/01/2004,46.93,47.09,45.61,45.92,36.94,2510973
26/01/2004,46.12,46.18,45.35,45.66,36.74,2385475
27/01/2004,46.46,46.61,45.62,45.84,36.88,2306556
28/01/2004,45.84,45.92,42.6,42.98,34.58,5203887
29/01/2004,43.23,43.75,41.84,43.35,34.88,3160836
30/01/2004,43.17,43.84,42.53,43.36,34.89,2409070
02/02/2004,43.36,43.7,42.85,43.18,34.74,2251638
03/02/2004,43.26,44.19,43.1,43.94,35.35,1763275
04/02/2004,43.82,43.93,42.52,42.82,34.55,1848194
05/02/2004,42.82,43.24,41.89,42.61,34.37,2028203
06/02/2004,42.7,44.4,42.7,44.26,35.71,1890603
09/02/2004,44.27,44.63,43.82,44.55,35.95,1612657
10/02/2004,44.54,44.72,43.95,44.32,35.75,1607470
11/02/2004,44.32,46.12,43.85,45.95,37.07,2587553
12/02/2004,45.95,46.61,45.53,46.12,37.21,1643370
13/02/2004,46.12,46.67,45.79,46.05,37.15,1462446
17/02/2004,46.58,47.16,46.56,46.88,37.83,2099698
18/02/2004,46.68,46.84,45.73,46.57,37.57,1558858
19/02/2004,46.7,46.99,45.8,45.82,36.97,1559671
20/02/2004,46.12,46.12,45.04,45.48,36.69,1403460
23/02/2004,45.62,46.06,44.77,45.05,36.35,1377323
24/02/2004,44.84,45.82,44.84,45.39,36.62,1011610
25/02/2004,45.14,45.54,43.77,45.4,36.63,2411917
26/02/2004,44.54,47.05,44.54,46.96,37.89,2521448
27/02/2004,47.12,48.92,47.03,48.62,39.23,2288962
01/03/2004,49.48,51.25,48.86,51.19,41.3,4091594
02/03/2004,51.03,51.52,50.39,50.84,41.01,2942283
03/03/2004,51.23,51.47,50.04,51.18,41.29,1933520
04/03/2004,51.18,52.49,50.93,52.21,42.13,2223264
05/03/2004,52.8,54.38,52.61,54.38,43.87,3188295
08/03/2004,54.38,55.26,53.96,54.85,44.25,3271892
09/03/2004,54.85,55.0,54.32,54.41,43.9,2207297
10/03/2004,54.87,55.25,52.9,53.16,42.89,2262011
11/03/2004,53.16,54.2,52.9,53.49,43.16,1852466
12/03/2004,54.08,54.76,53.0,54.65,44.09,1857144
15/03/2004,54.77,56.03,54.74,55.04,44.41,2526838
16/03/2004,55.56,55.56,54.23,55.07,44.43,2594570
17/03/2004,53.97,54.38,51.41,52.85,42.64,7885513
18/03/2004,52.8,53.48,52.62,53.2,42.92,2163769
19/03/2004,53.09,53.19,51.93,52.31,42.2,1793174
22/03/2004,52.31,52.51,51.82,52.1,42.04,1728188
23/03/2004,52.7,53.04,52.01,52.75,42.56,1514313
24/03/2004,52.56,53.49,51.98,52.26,42.16,1756156
25/03/2004,52.26,52.92,52.04,52.6,42.43,1592724
26/03/2004,52.89,53.07,52.5,52.83,42.62,1193348
29/03/2004,52.85,53.2,52.17,52.4,42.28,1534043
30/03/2004,52.56,53.98,52.39,53.73,43.35,1658524
31/03/2004,53.76,54.31,52.98,53.13,42.86,1894366
01/04/2004,53.52,53.85,52.86,53.25,42.97,1587232
02/04/2004,51.38,51.97,50.88,51.35,41.43,3380508
05/04/2004,51.38,52.29,49.66,50.47,40.72,2955911
06/04/2004,50.69,51.29,50.55,50.78,40.97,1416071
07/04/2004,50.92,51.03,50.05,50.5,40.74,1197924
08/04/2004,50.75,50.82,49.27,49.63,40.04,1602080
12/04/2004,49.64,49.64,48.48,48.74,39.32,1621708
13/04/2004,48.75,48.75,47.55,47.98,38.71,2387509
14/04/2004,46.71,48.36,46.64,47.93,38.67,2539856
15/04/2004,48.47,48.64,47.35,48.06,38.78,1602995
16/04/2004,48.67,48.79,47.96,48.39,39.04,1584893
19/04/2004,48.4,48.4,47.47,47.65,38.44,1022187
20/04/2004,46.9,47.41,46.39,46.4,37.44,2003999
21/04/2004,46.45,47.44,46.29,47.27,38.13,2169770
22/04/2004,47.79,48.79,47.61,48.25,38.93,1965149
23/04/2004,48.0,48.13,47.27,47.51,38.33,1162329
26/04/2004,47.59,48.42,47.35,47.64,38.44,908791
27/04/2004,48.18,48.87,47.96,48.58,39.2,1443733
28/04/2004,48.23,48.52,46.81,46.94,37.87,1290166
29/04/2004,46.94,47.61,45.0,46.02,37.13,2173838
30/04/2004,46.21,46.67,45.88,46.07,37.17,1411901
03/05/2004,46.21,46.86,45.37,46.47,37.49,1874840
04/05/2004,46.72,47.13,46.0,46.36,37.4,1415257
05/05/2004,46.82,46.82,46.11,46.74,37.81,836686
06/05/2004,46.49,46.72,45.35,45.72,36.99,1376204
07/05/2004,44.99,44.99,43.41,43.76,35.4,3427087
10/05/2004,43.51,43.76,41.88,42.51,34.39,2498464
11/05/2004,42.52,43.4,42.04,42.85,34.66,1950301
12/05/2004,42.86,43.1,41.34,43.1,34.86,3687032
13/05/2004,42.85,43.71,42.22,43.17,34.92,1826024
14/05/2004,43.76,43.95,42.95,43.48,35.17,2324150
17/05/2004,42.82,43.73,42.33,42.52,34.39,1882162
18/05/2004,42.53,43.04,41.86,42.36,34.27,1635743
19/05/2004,42.52,42.52,40.92,40.92,33.11,2830921
20/05/2004,41.4,41.45,40.64,41.2,33.33,2322116
21/05/2004,41.21,42.33,41.07,41.58,33.64,3483327
24/05/2004,42.18,42.71,41.45,42.57,34.43,2669828
25/05/2004,42.54,44.54,42.23,44.41,35.93,2783936
26/05/2004,44.49,45.08,43.4,44.34,35.87,3185956
27/05/2004,44.53,45.23,44.35,45.1,36.49,2039594
28/05/2004,45.22,45.59,44.92,45.13,36.51,1484718
01/06/2004,44.94,45.53,44.06,44.64,36.11,1869856
02/06/2004,44.84,45.15,43.62,44.14,35.71,1547976
03/06/2004,44.07,44.1,43.4,43.67,35.32,1420546
04/06/2004,44.02,44.17,43.09,43.46,35.16,1494583
07/06/2004,43.68,45.72,43.3,45.58,36.87,2073663
08/06/2004,45.03,45.03,44.1,44.5,36.0,2363000
09/06/2004,44.25,44.62,43.47,43.48,35.17,1480650
10/06/2004,43.66,43.95,43.22,43.56,35.24,1549908
14/06/2004,43.57,43.91,42.6,42.77,34.6,1478515
15/06/2004,44.25,44.29,42.85,42.85,34.66,2916044
16/06/2004,43.0,44.19,41.8,42.18,34.12,5675063
17/06/2004,42.56,43.47,42.12,42.87,34.68,2497752
18/06/2004,43.02,43.6,42.7,43.5,35.19,1888671
21/06/2004,42.77,43.71,42.72,43.15,34.9,1625064
22/06/2004,43.02,43.51,42.87,43.2,34.94,1285895
23/06/2004,42.87,43.66,42.84,43.55,35.23,1819515
24/06/2004,43.81,45.66,43.76,44.73,36.18,3976979
25/06/2004,44.79,45.69,44.31,45.13,36.51,1588046
28/06/2004,45.03,45.45,43.59,43.67,35.32,1168126
29/06/2004,42.77,43.64,42.67,43.2,34.94,1733680
30/06/2004,43.2,44.1,43.1,43.97,35.57,1603504
01/07/2004,44.03,44.35,43.52,43.67,35.32,1274606
02/07/2004,44.4,45.29,44.33,44.53,36.02,1495499
06/07/2004,44.52,44.52,43.28,43.67,35.32,1257215
07/07/2004,43.89,44.36,43.41,43.84,35.47,855806
08/07/2004,43.26,43.29,41.38,41.47,33.55,2510261
09/07/2004,41.74,42.56,41.52,41.93,33.92,1620996
12/07/2004,41.69,42.33,41.42,42.02,33.99,829364
13/07/2004,42.11,43.46,42.04,43.22,34.96,1675304
14/07/2004,42.67,43.37,42.23,42.39,34.29,1348644
15/07/2004,42.59,42.59,41.73,42.18,34.12,1404477
16/07/2004,42.48,43.1,42.4,42.44,34.33,1197619
19/07/2004,42.54,42.54,41.17,41.75,33.77,1341932
20/07/2004,40.71,41.55,39.68,41.52,33.59,2734408
21/07/2004,41.45,42.04,40.61,40.71,32.93,1646421
22/07/2004,40.72,41.91,40.71,41.63,33.68,1402341
23/07/2004,41.39,42.02,40.95,41.17,33.3,1599538
26/07/2004,41.03,41.56,39.94,40.3,32.6,1567095
27/07/2004,40.81,41.3,39.63,40.62,32.86,1810769
28/07/2004,40.37,41.0,40.03,40.79,32.99,900859
29/07/2004,41.03,41.82,40.27,41.76,33.78,1482989
30/07/2004,41.85,42.14,41.54,41.97,33.95,816549
02/08/2004,41.79,42.17,41.57,41.97,33.95,1241859
03/08/2004,42.01,42.06,41.39,41.53,33.6,1191416
04/08/2004,41.25,42.07,40.92,41.72,33.85,933098
05/08/2004,42.53,42.85,41.49,41.49,33.67,1167719
06/08/2004,41.69,42.5,41.43,41.56,33.72,1324948
09/08/2004,41.33,42.33,41.15,41.32,33.52,974795
10/08/2004,41.35,42.4,41.22,42.24,34.27,1205857
11/08/2004,42.0,42.4,41.58,41.87,33.97,1371119
12/08/2004,41.79,41.99,41.08,41.72,33.85,856924
13/08/2004,41.75,42.24,41.54,42.06,34.12,868010
16/08/2004,42.06,43.13,42.03,42.98,34.87,1406613
17/08/2004,43.36,44.9,43.36,43.85,35.58,3057102
18/08/2004,44.0,44.44,43.51,44.25,35.9,848381
19/08/2004,44.0,44.29,43.67,43.97,35.68,730816
20/08/2004,44.02,44.51,43.9,44.35,35.98,821838
23/08/2004,44.49,45.23,43.92,44.84,36.38,845229
24/08/2004,45.31,45.58,44.42,44.71,36.28,1290370
25/08/2004,45.03,45.18,43.44,44.44,36.06,1997083
26/08/2004,44.4,44.79,44.13,44.51,36.12,771089
27/08/2004,44.64,45.07,44.28,44.75,36.31,482363
30/08/2004,44.74,44.99,44.02,44.02,35.72,680068
31/08/2004,44.25,45.12,44.19,45.03,36.54,1064392
01/09/2004,45.04,46.09,45.04,46.01,37.33,1296777
02/09/2004,45.94,46.12,45.33,45.84,37.19,850314
03/09/2004,45.62,46.18,45.38,45.67,37.06,520399
07/09/2004,46.46,46.92,46.03,46.91,38.06,1550620
08/09/2004,46.8,46.8,45.95,46.12,37.42,915097
09/09/2004,46.09,46.51,46.03,46.16,37.45,1233011
10/09/2004,46.26,46.31,45.48,45.97,37.3,849805
13/09/2004,46.07,46.23,45.9,46.19,37.48,627489
14/09/2004,46.21,46.62,45.69,46.47,37.7,1229451
15/09/2004,46.48,46.64,46.08,46.11,37.41,1537602
16/09/2004,46.21,46.7,46.02,46.7,37.89,1509228
17/09/2004,47.0,47.11,46.62,46.76,37.94,1049341
20/09/2004,46.77,46.77,44.59,45.18,36.66,3512921
21/09/2004,45.43,46.75,45.33,46.45,37.69,2702779
22/09/2004,46.45,47.89,45.97,47.49,38.53,3027304
23/09/2004,47.48,47.48,46.33,46.76,37.93,1919282
24/09/2004,46.8,46.9,45.86,46.81,37.98,1798056
27/09/2004,46.88,47.94,45.85,47.65,38.66,2282758
28/09/2004,47.65,47.82,46.6,46.89,38.05,1543603
29/09/2004,46.9,47.53,46.26,46.4,37.65,1389120
30/09/2004,46.25,46.87,46.09,46.8,37.97,1373865
01/10/2004,46.9,47.05,46.46,46.8,37.97,1342440
04/10/2004,47.05,47.06,44.44,44.54,36.14,3040728
05/10/2004,43.88,44.64,42.54,43.88,35.61,5557905
06/10/2004,44.1,44.97,43.93,44.3,35.94,2357508
07/10/2004,44.29,44.29,42.5,42.51,34.49,2930587
08/10/2004,43.22,43.46,42.18,42.97,34.86,2386289
11/10/2004,43.07,43.41,42.28,42.6,34.56,1067240
12/10/2004,42.51,43.22,42.39,43.02,34.9,1293319
13/10/2004,43.02,43.02,41.52,42.06,34.13,1995151
14/10/2004,42.17,42.63,41.57,41.92,34.01,1529263
15/10/2004,41.99,42.31,41.71,42.01,34.08,1472514
18/10/2004,41.33,41.99,40.81,41.98,34.06,1751681
19/10/2004,41.98,42.63,41.49,41.54,33.71,1221926
20/10/2004,41.46,41.63,40.68,41.48,33.66,1587537
21/10/2004,41.73,42.43,41.36,42.02,34.09,1031035
22/10/2004,41.54,41.98,41.48,41.74,33.87,941945
25/10/2004,41.75,43.51,41.71,43.07,34.94,2315201
26/10/2004,43.26,44.28,43.15,44.2,35.86,2235875
27/10/2004,44.3,44.49,43.48,44.32,35.96,2086782
28/10/2004,44.32,44.72,43.98,44.08,35.76,1453496
29/10/2004,44.08,44.35,43.59,44.23,35.88,1048730
01/11/2004,44.35,44.5,43.93,44.0,35.7,1361255
02/11/2004,44.2,45.1,43.71,44.74,36.3,1889586
03/11/2004,45.23,45.23,43.94,44.26,36.02,2269639
04/11/2004,42.58,44.18,42.48,43.95,35.77,3919010
05/11/2004,43.95,44.4,42.7,43.15,35.11,3173549
08/11/2004,43.14,43.2,42.66,42.82,34.85,1894671
09/11/2004,42.92,44.42,42.92,43.42,35.34,2442631
10/11/2004,43.41,43.76,43.26,43.48,35.39,1600250
11/11/2004,43.81,43.86,43.1,43.3,35.24,1650896
12/11/2004,43.63,45.76,43.63,45.53,37.05,2647251
15/11/2004,45.97,47.84,45.47,47.35,38.54,3241077
16/11/2004,46.92,47.15,46.02,46.36,37.73,2989065
17/11/2004,47.94,47.94,46.72,46.96,38.22,1497736
18/11/2004,47.08,47.3,46.55,47.05,38.29,1234435
19/11/2004,47.13,47.13,45.31,45.59,37.1,1807921
22/11/2004,45.49,45.93,45.28,45.71,37.2,1342542
23/11/2004,45.72,45.72,44.87,45.33,36.89,1683338
24/11/2004,45.92,46.36,45.03,46.14,37.55,1118700
26/11/2004,45.9,46.19,45.39,45.91,37.36,520806
29/11/2004,45.52,45.52,44.35,44.4,36.13,1871280
30/11/2004,44.25,45.21,44.05,44.18,35.95,1522144
01/12/2004,44.49,45.36,44.35,45.31,36.87,1151854
02/12/2004,45.23,45.24,44.05,44.13,35.91,1885416
03/12/2004,44.25,45.24,44.2,45.22,36.8,2596503
06/12/2004,44.94,45.61,44.74,45.24,36.82,1386781
07/12/2004,45.25,45.25,44.17,44.2,35.97,963709
08/12/2004,44.84,44.94,43.41,43.53,35.43,1979285
09/12/2004,44.72,46.44,44.72,46.36,37.73,2848210
10/12/2004,47.2,50.2,46.31,49.27,40.1,5627163
13/12/2004,49.41,49.85,48.93,49.75,40.49,2646844
14/12/2004,49.28,50.15,48.92,49.98,40.67,2545754
15/12/2004,52.52,55.91,52.52,55.41,45.09,9534375
16/12/2004,54.33,54.82,53.34,54.26,44.16,3748255
17/12/2004,54.67,55.21,53.34,53.96,43.92,3596824
20/12/2004,54.87,54.97,53.88,53.88,43.85,1888569
21/12/2004,54.01,54.43,53.2,53.59,43.61,1570757
22/12/2004,53.83,55.07,53.83,54.46,44.32,1421461
23/12/2004,54.41,54.42,53.44,54.05,43.99,1384442
27/12/2004,54.08,54.57,52.51,53.25,43.34,1859279
28/12/2004,53.45,54.67,53.38,54.42,44.29,1806192
29/12/2004,54.92,55.51,54.31,55.01,44.77,1563129
30/12/2004,54.97,55.67,54.54,55.56,45.21,1032357
31/12/2004,56.19,56.24,55.64,55.73,45.36,1181754
03/01/2005,55.73,56.0,54.31,55.06,44.81,2361372
04/01/2005,55.02,55.02,51.97,52.54,42.76,3734424
05/01/2005,53.59,53.78,51.5,52.05,42.36,2655184
06/01/2005,51.62,52.79,51.62,52.64,42.84,2049458
07/01/2005,52.64,53.59,52.36,52.97,43.11,1568926
10/01/2005,53.1,54.82,53.1,54.08,44.01,2147599
11/01/2005,54.08,54.54,53.2,53.99,43.94,1612555
12/01/2005,53.22,54.26,53.15,54.18,44.09,2357609
13/01/2005,54.71,55.83,54.28,55.1,44.84,1727883
14/01/2005,55.35,56.84,54.88,56.57,46.04,2301674
18/01/2005,56.58,57.42,56.15,56.86,46.28,1934741
19/01/2005,57.33,57.94,56.22,56.64,46.09,1979692
20/01/2005,56.65,57.07,54.41,54.47,44.33,2595689
21/01/2005,54.62,55.27,53.87,53.89,43.86,2257028
24/01/2005,53.7,54.18,52.56,53.38,43.44,2566806
25/01/2005,53.38,54.35,53.34,54.19,44.1,2062883
26/01/2005,54.19,55.95,54.19,55.75,45.37,2030237
27/01/2005,55.64,56.03,54.66,54.93,44.7,1838533
28/01/2005,55.09,56.21,54.98,55.32,45.02,1664626
31/01/2005,55.57,55.69,53.79,55.53,45.19,2980725
01/02/2005,55.8,56.6,55.72,56.21,45.75,1950606
02/02/2005,56.22,57.11,56.05,56.88,46.29,2490938
03/02/2005,55.9,56.96,55.8,56.18,45.83,1636658
04/02/2005,56.93,59.21,56.82,58.61,47.81,3598451
07/02/2005,58.51,59.05,57.29,57.77,47.13,2320997
08/02/2005,58.31,59.49,58.04,58.76,47.94,1878704
09/02/2005,58.46,59.22,57.47,57.54,46.94,1502007
10/02/2005,57.31,58.01,56.81,57.78,47.13,1533331
11/02/2005,55.7,57.12,55.19,56.65,46.21,3023643
14/02/2005,56.89,57.09,56.08,56.42,46.03,1067545
15/02/2005,56.4,56.41,55.24,55.73,45.46,2304624
16/02/2005,56.34,57.13,55.39,57.08,46.56,1461531
17/02/2005,57.2,58.23,56.79,57.57,46.96,1670016
18/02/2005,57.08,57.15,56.1,57.01,46.51,1480549
22/02/2005,56.69,57.53,54.83,54.92,44.8,1817277
23/02/2005,55.41,56.39,54.13,54.91,44.79,2902925
24/02/2005,55.06,57.82,55.06,57.76,47.12,2310726
25/02/2005,57.82,61.39,57.46,61.26,49.97,4120477
28/02/2005,61.06,61.45,59.02,59.8,48.79,2054950
01/03/2005,60.77,60.85,59.78,60.32,49.21,1730527
02/03/2005,59.49,59.7,58.36,58.55,47.77,2010101
03/03/2005,58.95,59.19,58.21,58.49,47.71,2559891
04/03/2005,59.1,61.05,59.08,60.93,49.71,2612470
07/03/2005,60.88,60.96,60.0,60.53,49.38,1336948
08/03/2005,59.6,59.77,58.37,58.58,47.79,1791852
09/03/2005,57.65,58.51,56.44,56.7,46.25,3238026
10/03/2005,57.52,57.52,55.06,56.23,45.87,2985404
11/03/2005,56.24,57.03,55.45,56.02,45.7,1362983
14/03/2005,56.02,56.41,54.88,56.29,45.92,2360559
15/03/2005,57.37,57.72,55.55,56.08,45.75,2056984
16/03/2005,56.76,56.8,55.09,55.63,45.38,2526228
17/03/2005,55.66,55.66,53.59,54.57,44.52,3226433
18/03/2005,54.63,55.5,54.13,54.28,44.28,2080274
21/03/2005,54.28,54.97,53.39,53.95,44.01,2497854
22/03/2005,55.8,57.09,54.66,54.67,44.6,5829444
23/03/2005,54.67,54.84,54.04,54.28,44.28,2486463
24/03/2005,55.01,56.52,54.81,55.34,45.14,2632301
28/03/2005,55.8,56.08,54.95,55.76,45.49,2612571
29/03/2005,55.85,57.41,55.57,55.69,45.43,4174887
30/03/2005,55.7,56.28,55.25,55.51,45.28,2814344
31/03/2005,56.39,56.43,55.48,55.73,45.46,1687203
01/04/2005,56.64,57.72,55.93,56.33,45.95,2282758
04/04/2005,56.63,57.3,55.72,56.93,46.44,1865483
05/04/2005,57.18,57.68,56.46,56.52,46.11,1598521
06/04/2005,56.56,56.56,55.39,55.59,45.34,2351711
07/04/2005,55.91,56.78,55.75,56.55,46.13,1919791
08/04/2005,56.55,56.91,55.82,56.01,45.69,1554790
11/04/2005,55.92,56.54,55.58,56.1,45.76,1348034
12/04/2005,55.31,57.51,54.92,57.36,46.8,2891331
13/04/2005,57.18,57.35,55.73,56.07,45.74,2010304
14/04/2005,56.03,56.24,53.77,53.9,43.97,2450156
15/04/2005,54.1,54.35,52.11,52.11,42.51,2588875
18/04/2005,52.31,52.86,52.02,52.65,42.95,2077426
19/04/2005,52.18,53.44,51.77,52.69,42.99,2095020
20/04/2005,52.26,52.79,51.41,51.57,42.07,2626708
21/04/2005,51.87,52.81,51.8,52.26,42.63,2339405
22/04/2005,52.39,52.61,51.46,51.67,42.15,1694017
25/04/2005,52.11,53.55,52.04,53.31,43.49,1980811
26/04/2005,52.87,54.62,52.68,52.92,43.17,2958962
27/04/2005,52.81,52.92,52.06,52.26,42.63,3073476
28/04/2005,52.26,52.76,49.56,50.61,41.29,3794224
29/04/2005,51.13,51.37,49.84,50.61,41.29,2785665
02/05/2005,50.9,51.11,49.88,50.61,41.29,2048035
03/05/2005,50.57,50.84,49.56,49.77,40.6,2943605
04/05/2005,49.73,51.18,49.46,51.03,41.74,3278706
05/05/2005,50.79,52.21,50.74,51.67,42.27,2268825
06/05/2005,51.52,52.66,51.0,52.11,42.63,1690763
09/05/2005,52.12,53.19,52.09,52.91,43.28,1547976
10/05/2005,52.92,52.97,52.02,52.02,42.55,1367458
11/05/2005,52.26,52.8,51.57,52.42,42.88,1404375
12/05/2005,52.61,52.61,50.78,50.78,41.54,1838533
13/05/2005,50.93,51.28,49.93,50.43,41.25,1330643
16/05/2005,50.19,52.28,50.19,52.2,42.7,1973794
17/05/2005,52.2,52.51,51.38,52.35,42.82,1586215
18/05/2005,54.08,55.15,53.19,54.79,44.82,2852990
19/05/2005,54.8,55.51,54.47,55.04,45.03,2093088
20/05/2005,55.06,55.11,53.98,54.65,44.7,1706221
23/05/2005,54.16,55.51,54.16,55.03,45.02,2359440
24/05/2005,55.16,55.56,54.68,55.03,45.02,1869958
25/05/2005,55.23,55.23,54.43,54.44,44.54,1541569
26/05/2005,55.31,57.05,55.31,56.51,46.22,2452801
27/05/2005,56.71,56.74,56.11,56.6,46.3,840551
31/05/2005,56.84,57.42,56.39,57.04,46.66,2925299
01/06/2005,56.55,58.25,56.5,57.86,47.33,2164278
02/06/2005,57.87,58.36,57.47,58.34,47.72,1367458
03/06/2005,58.58,58.83,57.64,57.77,47.25,1990574
06/06/2005,58.03,58.77,57.59,58.58,47.92,1097445
07/06/2005,58.95,59.49,58.62,58.72,48.03,1627403
08/06/2005,58.9,58.9,57.61,57.67,47.17,1708967
09/06/2005,57.68,58.94,56.83,58.34,47.72,1988032
10/06/2005,58.39,58.93,57.56,57.86,47.33,836483
13/06/2005,57.86,58.59,57.27,58.53,47.88,1267792
14/06/2005,58.31,59.47,58.26,59.47,48.65,1760834
15/06/2005,59.64,60.69,59.62,60.62,49.59,1472209
16/06/2005,60.96,61.53,60.13,61.15,50.02,1438750
17/06/2005,63.04,64.21,61.61,62.28,50.95,4454053
20/06/2005,62.51,62.51,60.7,61.03,49.92,3030253
21/06/2005,62.54,63.03,60.53,62.35,51.0,6931872
22/06/2005,62.88,63.06,61.46,61.93,50.66,2804784
23/06/2005,61.85,62.74,61.18,61.26,50.11,2181668
24/06/2005,61.46,61.62,60.2,60.2,49.24,1953759
27/06/2005,60.28,62.21,60.23,62.0,50.71,1807514
28/06/2005,62.54,62.76,62.12,62.68,51.28,1893857
29/06/2005,62.65,62.83,61.19,61.19,50.05,1502211
30/06/2005,62.17,63.16,62.17,62.39,51.03,2314997
01/07/2005,62.82,62.91,61.77,62.33,50.99,2716712
05/07/2005,62.0,63.13,61.57,63.0,51.53,1733477
06/07/2005,63.12,63.52,62.39,62.64,51.24,1606352
07/07/2005,62.44,64.24,61.46,64.1,52.43,2450970
08/07/2005,63.96,64.5,63.63,64.42,52.7,1302980
11/07/2005,64.5,65.91,64.45,65.66,53.71,1639607
12/07/2005,65.44,65.74,64.77,65.07,53.23,1373255
13/07/2005,65.31,65.45,64.71,65.3,53.41,1227621
14/07/2005,65.83,66.2,64.32,64.85,53.04,1963624
15/07/2005,64.85,65.72,64.71,65.58,53.64,1783818
18/07/2005,65.39,65.96,64.46,65.17,53.31,1688830
19/07/2005,65.29,66.17,64.74,65.88,53.89,1354746
20/07/2005,65.73,67.01,65.7,66.68,54.54,1552044
21/07/2005,66.47,66.47,64.84,65.16,53.3,2141294
22/07/2005,65.35,65.63,64.78,65.29,53.41,1695542
25/07/2005,65.29,65.85,63.81,63.84,52.22,2359338
26/07/2005,64.01,65.19,63.72,64.5,52.76,2173431
27/07/2005,65.15,65.15,63.91,65.01,53.18,1830092
28/07/2005,65.83,67.71,65.69,67.13,54.91,2610537
29/07/2005,66.86,66.9,65.95,66.15,54.11,1421359
01/08/2005,65.18,66.76,65.18,66.36,54.28,1563841
02/08/2005,66.36,66.65,65.32,66.03,54.01,1787988
03/08/2005,65.88,65.88,64.91,65.25,53.48,1270335
04/08/2005,64.9,65.58,64.57,64.9,53.19,1213993
05/08/2005,64.21,64.21,61.18,61.98,50.8,4603349
08/08/2005,61.98,62.56,59.88,60.27,49.4,3329556
09/08/2005,60.51,61.21,59.82,60.5,49.59,2960589
10/08/2005,61.46,62.23,60.2,60.72,49.77,3535702
11/08/2005,61.13,61.8,60.6,61.47,50.38,1957725
12/08/2005,61.31,61.85,60.77,61.7,50.58,1613471
15/08/2005,61.65,61.94,61.06,61.49,50.41,1598826
16/08/2005,61.55,61.8,60.33,60.48,49.58,1933215
17/08/2005,60.48,60.48,59.32,59.64,48.88,2929469
18/08/2005,59.42,60.07,58.85,59.5,48.77,1815650
19/08/2005,59.49,59.85,58.86,58.89,48.27,2069900
22/08/2005,59.0,59.11,58.29,58.72,48.13,2108038
23/08/2005,58.73,58.95,57.16,57.94,47.5,3105613
24/08/2005,57.85,60.4,57.21,59.1,48.44,3319997
25/08/2005,59.39,60.12,58.22,58.28,47.77,1628929
26/08/2005,58.24,58.48,56.74,57.43,47.08,1998303
29/08/2005,57.23,58.22,56.76,57.42,47.07,1620590
30/08/2005,57.41,58.5,57.28,58.48,47.93,1913791
31/08/2005,58.7,61.17,58.35,61.06,50.05,2629250
01/09/2005,60.96,61.15,60.2,60.56,49.64,2409578
02/09/2005,60.82,60.98,59.91,59.98,49.16,1459598
06/09/2005,60.23,61.2,60.23,61.14,50.12,1258639
07/09/2005,61.14,61.55,60.89,61.42,50.34,1264640
08/09/2005,59.79,59.93,58.9,59.93,49.12,2004710
09/09/2005,60.37,61.66,60.29,61.5,50.41,2006134
12/09/2005,61.31,61.73,61.06,61.26,50.21,1386273
13/09/2005,61.26,61.46,60.58,60.69,49.74,1095411
14/09/2005,60.52,61.45,60.42,61.05,50.04,1442513
15/09/2005,61.16,61.67,60.98,61.26,50.21,1926605
16/09/2005,61.5,61.65,59.39,59.79,49.01,4268959
19/09/2005,59.83,59.92,57.79,58.01,47.55,6183970
20/09/2005,58.05,58.39,53.05,53.2,43.6,8076404
21/09/2005,54.97,55.55,52.5,52.6,43.11,7901785
22/09/2005,53.24,56.77,52.75,56.23,46.09,5145918
23/09/2005,56.24,56.25,55.09,55.46,45.46,2128683
26/09/2005,55.75,56.98,55.64,56.12,46.0,2780478
27/09/2005,57.18,57.44,55.36,56.05,45.94,4984317
28/09/2005,56.32,56.34,54.84,55.6,45.58,3144971
29/09/2005,55.6,57.39,55.32,57.38,47.04,3401051
30/09/2005,58.88,59.16,57.99,58.76,48.17,3959181
03/10/2005,60.77,61.26,59.67,60.67,49.73,24600111
04/10/2005,60.22,60.33,58.21,58.32,47.8,6622806
05/10/2005,58.26,58.26,55.27,56.66,46.44,5718998
06/10/2005,56.85,56.93,55.44,56.19,46.06,4013692
07/10/2005,56.26,57.35,56.05,56.64,46.42,3272096
10/10/2005,56.26,56.33,54.07,54.19,44.42,4024167
11/10/2005,55.36,55.83,53.92,54.52,44.69,4228788
12/10/2005,53.98,54.67,53.14,53.45,43.81,3802970
13/10/2005,53.24,54.22,52.25,54.11,44.35,3335353
14/10/2005,55.36,55.85,54.01,54.87,44.97,3256332
17/10/2005,54.86,55.74,54.35,54.99,45.07,2208416
18/10/2005,54.99,55.0,52.93,52.95,43.4,4414492
19/10/2005,52.21,55.42,51.47,55.35,45.37,5221481
20/10/2005,55.06,55.8,54.18,54.7,44.84,4405847
21/10/2005,55.12,55.89,54.2,54.51,44.68,4796884
24/10/2005,55.26,56.94,55.11,56.82,46.58,3694761
25/10/2005,56.82,57.11,55.57,55.85,45.78,3192363
26/10/2005,55.56,55.65,54.47,54.51,44.68,3208635
27/10/2005,54.6,54.6,52.16,52.44,42.98,4507751
28/10/2005,53.15,54.2,52.9,54.2,44.43,2609520
31/10/2005,54.32,55.67,54.14,54.65,44.8,2655082
01/11/2005,55.21,56.1,54.09,56.01,45.91,2959165
02/11/2005,56.01,58.26,55.63,57.67,47.27,3630487
03/11/2005,58.26,59.07,56.59,57.01,46.86,3440714
04/11/2005,57.4,57.9,56.28,56.86,46.74,1787174
07/11/2005,57.09,57.75,56.18,57.37,47.16,2109868
08/11/2005,54.34,55.22,53.95,54.38,44.69,5090899
09/11/2005,54.41,54.94,53.5,53.59,44.05,3247790
10/11/2005,53.59,55.34,53.21,55.34,45.48,2475785
11/11/2005,55.2,56.21,54.62,54.99,45.19,1501194
14/11/2005,54.79,55.18,54.24,54.44,44.75,1282539
15/11/2005,54.44,55.16,53.6,54.08,44.45,1895180
16/11/2005,54.52,54.87,53.47,54.45,44.76,2208924
17/11/2005,54.46,56.92,54.16,56.18,46.18,3258671
18/11/2005,56.78,56.78,55.36,55.95,45.99,2186957
21/11/2005,55.68,56.54,55.47,56.41,46.37,1598317
22/11/2005,56.05,58.6,55.6,58.11,47.76,2301471
23/11/2005,58.01,58.87,57.73,58.12,47.77,1609708
25/11/2005,58.77,58.86,58.11,58.42,48.01,525484
28/11/2005,58.26,58.27,56.6,56.69,46.59,2061561
29/11/2005,56.93,58.8,56.45,56.48,46.42,2963640
30/11/2005,56.49,57.67,56.09,56.72,46.62,1685271
01/12/2005,57.4,57.69,56.94,57.54,47.29,1111378
02/12/2005,57.52,58.17,57.32,57.93,47.61,952014
05/12/2005,57.82,57.83,56.89,57.16,46.98,1204942
06/12/2005,57.4,57.91,57.28,57.38,47.17,1049544
07/12/2005,57.23,57.24,55.3,55.63,45.73,2049357
08/12/2005,55.83,56.99,54.68,56.39,46.35,2318150
09/12/2005,56.47,56.9,55.88,56.83,46.71,1307455
12/12/2005,57.02,57.52,56.83,57.14,46.96,1693305
13/12/2005,57.03,58.5,56.75,58.13,47.78,2105393
14/12/2005,58.14,60.67,57.92,59.57,48.96,3052627
15/12/2005,60.91,61.79,60.26,61.56,50.6,6394286
16/12/2005,62.68,62.79,61.69,61.8,50.79,3207008
19/12/2005,61.81,62.05,60.42,60.7,49.89,1977353
20/12/2005,61.03,61.57,60.4,61.04,50.17,1460921
21/12/2005,61.11,61.3,60.27,60.67,49.86,1383934
22/12/2005,60.82,61.77,60.47,61.23,50.33,1264029
23/12/2005,61.23,61.6,60.2,60.62,49.82,1519296
27/12/2005,60.77,61.61,60.59,60.8,49.97,1110666
28/12/2005,60.56,60.79,60.02,60.17,49.45,951607
29/12/2005,60.04,61.77,59.66,60.42,49.66,1472413
30/12/2005,60.03,60.34,59.62,60.0,49.32,1046595
03/01/2006,60.17,61.95,59.26,61.72,50.73,2634233
04/01/2006,61.53,61.53,60.51,61.04,50.17,1924469
05/01/2006,61.04,62.5,60.76,61.86,50.84,1645303
06/01/2006,61.26,61.69,60.88,61.57,50.61,2502939
09/01/2006,61.57,64.73,61.28,64.15,52.73,2962826
10/01/2006,63.77,65.33,63.28,64.81,53.27,1835177
11/01/2006,64.82,65.09,64.24,64.85,53.3,1494380
12/01/2006,64.65,64.66,63.77,64.14,52.72,1947555
13/01/2006,63.91,64.07,62.57,62.92,51.72,2196618
17/01/2006,62.92,62.93,61.97,62.37,51.26,1368577
18/01/2006,62.12,62.82,61.17,62.21,51.13,1586723
19/01/2006,62.05,62.29,61.24,61.57,50.61,1366340
20/01/2006,62.14,62.14,60.3,60.72,49.91,1766529
23/01/2006,60.62,60.72,59.88,60.19,49.47,1253351
24/01/2006,61.65,62.8,61.3,61.89,50.87,2678270
25/01/2006,61.89,61.9,59.94,60.42,49.66,2011321
26/01/2006,61.31,61.9,60.87,61.89,50.87,2057086
27/01/2006,61.67,63.23,61.61,62.28,51.19,2357813
30/01/2006,62.28,62.45,61.55,61.9,50.88,1118293
31/01/2006,61.7,61.73,60.82,61.51,50.56,1594351
01/02/2006,61.12,61.14,60.08,60.53,49.75,2132242
02/02/2006,60.56,61.04,59.27,59.37,48.8,1971149
03/02/2006,58.84,60.42,58.09,59.78,49.27,2356287
06/02/2006,59.79,59.98,58.9,59.2,48.79,1219993
07/02/2006,58.82,58.83,56.7,56.88,46.88,3139784
08/02/2006,56.86,57.03,55.68,56.92,46.91,2541076
09/02/2006,56.75,57.69,56.57,56.7,46.72,1299929
10/02/2006,56.59,56.6,55.16,56.1,46.23,1627505
13/02/2006,56.1,56.16,55.21,55.47,45.71,1287420
14/02/2006,55.46,56.69,54.31,56.34,46.43,2397272
15/02/2006,56.25,57.69,55.92,57.09,47.05,2256113
16/02/2006,57.92,58.01,56.75,57.83,47.66,2059832
17/02/2006,57.83,58.16,56.96,57.27,47.19,1354237
21/02/2006,57.87,58.45,56.69,57.82,47.65,1453598
22/02/2006,57.82,60.32,57.59,60.04,49.48,2354864
23/02/2006,59.93,60.54,59.36,59.91,49.37,1971760
24/02/2006,59.91,59.93,59.12,59.68,49.18,991778
27/02/2006,59.09,59.9,58.64,59.43,48.98,1627200
28/02/2006,59.31,59.93,58.51,58.86,48.51,2084647
01/03/2006,58.55,58.83,57.77,58.26,48.01,1701339
02/03/2006,58.06,58.55,57.35,58.29,48.04,2332591
03/03/2006,58.06,58.28,56.95,57.26,47.19,1878196
06/03/2006,57.26,57.37,56.0,56.29,46.39,2132344
07/03/2006,56.29,56.29,54.79,55.43,45.68,2038780
08/03/2006,55.11,55.57,54.49,55.47,45.71,2689050
09/03/2006,55.47,55.77,54.2,54.25,44.71,1921927
10/03/2006,54.24,55.61,54.14,55.37,45.63,1494278
13/03/2006,55.85,56.56,55.75,55.84,46.02,1518686
14/03/2006,55.85,57.97,55.76,57.88,47.7,2432359
15/03/2006,57.89,58.0,57.24,57.85,47.67,2044373
16/03/2006,58.26,59.29,58.04,58.9,48.54,2512397
17/03/2006,59.19,60.01,58.92,59.01,48.63,2010304
20/03/2006,59.01,59.11,57.76,57.87,47.69,1873416
21/03/2006,57.87,57.87,56.34,56.68,46.71,2261401
22/03/2006,56.68,57.28,56.12,56.24,46.35,1521839
23/03/2006,56.5,58.63,56.31,58.46,48.17,3022931
24/03/2006,58.47,59.07,57.28,58.92,48.55,2388018
27/03/2006,59.49,60.23,59.18,59.31,48.88,1772021
28/03/2006,60.41,60.85,59.38,60.01,49.45,3994064
29/03/2006,59.76,60.54,59.38,60.09,49.52,2013253
30/03/2006,60.09,60.22,58.92,59.54,49.07,2664235
31/03/2006,59.54,59.79,59.02,59.37,48.93,1412715
03/04/2006,58.95,59.49,58.33,58.41,48.13,1910943
04/04/2006,58.42,59.12,58.25,58.57,48.27,1320981
05/04/2006,58.77,61.34,58.75,61.24,50.47,2363000
06/04/2006,60.72,60.91,59.99,60.25,49.65,1789412
07/04/2006,60.26,60.75,59.8,60.38,49.76,1702458
10/04/2006,60.37,61.11,59.74,59.88,49.35,1188466
11/04/2006,60.23,60.86,59.66,59.76,49.25,1707848
12/04/2006,59.76,59.76,58.46,58.65,48.34,1760020
13/04/2006,58.46,58.6,57.67,58.36,48.09,1709374
17/04/2006,58.36,58.68,56.59,56.84,46.85,2348558
18/04/2006,56.54,58.51,55.76,58.35,48.08,3736051
19/04/2006,57.72,58.07,56.61,57.0,46.97,2457581
20/04/2006,56.19,56.78,55.85,56.44,46.51,2036848
21/04/2006,56.88,56.88,55.52,55.53,45.76,2538025
24/04/2006,55.53,55.53,54.44,54.46,44.88,3024660
25/04/2006,54.77,54.78,53.65,54.14,44.62,3058729
26/04/2006,54.08,56.58,54.07,55.28,45.56,3816394
27/04/2006,54.57,55.28,53.52,54.68,45.06,3918806
28/04/2006,53.83,55.12,53.6,54.01,44.51,3258265
01/05/2006,54.02,54.47,53.34,53.46,44.06,2487379
02/05/2006,51.72,52.8,51.57,52.35,43.14,3816496
03/05/2006,51.67,52.87,51.25,52.36,43.28,3087002
04/05/2006,52.36,52.61,51.65,51.65,42.69,2107021
05/05/2006,52.56,53.82,52.01,53.58,44.29,2337981
08/05/2006,53.33,53.83,52.64,52.66,43.53,2137327
09/05/2006,52.75,52.75,51.38,51.58,42.64,2664947
10/05/2006,51.66,52.71,51.66,52.1,43.07,2651116
11/05/2006,51.67,52.0,50.27,50.34,41.61,3127275
12/05/2006,49.99,50.05,48.87,49.7,41.08,2879025
15/05/2006,49.76,50.17,48.32,48.98,40.48,2657930
16/05/2006,49.02,49.27,47.91,48.11,39.77,2984387
17/05/2006,47.48,48.26,46.91,47.4,39.18,2659658
18/05/2006,47.73,49.26,47.7,48.2,39.84,3710626
19/05/2006,48.28,48.7,47.72,47.94,39.62,2634640
22/05/2006,47.69,47.93,46.81,47.4,39.18,3027711
23/05/2006,48.15,49.12,47.44,47.72,39.44,4075221
24/05/2006,47.72,49.21,47.3,47.87,39.57,3539567
25/05/2006,47.69,48.37,47.26,48.0,39.68,1763478
26/05/2006,48.01,48.54,48.01,48.17,39.82,1043035
30/05/2006,47.94,47.94,46.79,47.02,38.87,2116784
31/05/2006,47.06,47.3,46.51,47.11,38.94,1982031
01/06/2006,47.12,47.83,46.78,47.75,39.47,3146293
02/06/2006,47.94,48.28,46.79,47.28,39.08,2762782
05/06/2006,47.28,47.28,45.66,45.72,37.79,2715288
06/06/2006,45.48,45.49,43.66,44.25,36.57,5147342
07/06/2006,44.59,45.15,43.79,43.95,36.33,3960401
08/06/2006,43.95,44.04,42.86,43.77,36.18,3417222
09/06/2006,44.28,44.84,43.86,44.39,36.69,2155633
12/06/2006,44.05,44.26,43.02,43.04,35.58,1881755
13/06/2006,42.77,43.44,42.09,42.34,35.0,2879330
14/06/2006,42.25,42.97,42.09,42.92,35.48,2522669
15/06/2006,42.93,44.98,42.74,44.63,36.89,3745611
16/06/2006,44.63,45.02,43.81,44.14,36.49,2224586
19/06/2006,44.16,44.61,42.91,43.15,35.66,2298115
20/06/2006,43.41,43.57,42.4,42.41,35.05,3223585
21/06/2006,42.47,44.2,42.46,44.09,36.44,2886449
22/06/2006,44.09,44.36,43.37,43.81,36.21,1813921
23/06/2006,43.59,44.28,43.41,43.8,36.2,1777106
26/06/2006,44.11,45.71,43.51,44.92,37.13,4410526
27/06/2006,44.9,45.08,43.2,43.24,35.74,3256129
28/06/2006,43.24,43.24,42.27,42.81,35.39,1983760
29/06/2006,42.92,44.15,42.38,44.1,36.45,1946233
30/06/2006,44.2,44.2,43.27,43.63,36.06,1945013
03/07/2006,43.63,43.74,42.87,43.52,35.97,1000118
05/07/2006,43.51,43.72,42.81,43.46,35.92,1682016
06/07/2006,42.87,43.87,42.82,43.21,35.71,2730442
07/07/2006,43.01,44.06,42.99,43.6,36.04,2157871
10/07/2006,43.6,43.82,43.14,43.17,35.68,1082291
11/07/2006,42.97,42.98,41.87,42.35,35.01,1732663
12/07/2006,42.25,42.52,40.7,40.89,33.8,2015389
13/07/2006,40.9,41.33,40.38,40.38,33.38,2003897
14/07/2006,40.17,40.18,38.01,39.4,32.57,4738915
17/07/2006,39.4,40.39,39.23,40.37,33.37,4371269
18/07/2006,40.31,40.65,39.2,39.83,32.93,3700660
19/07/2006,39.92,41.76,39.73,41.72,34.49,4057932
20/07/2006,41.69,41.71,40.62,40.87,33.78,3332506
21/07/2006,40.87,42.44,40.07,41.97,34.69,4092917
24/07/2006,42.37,44.08,42.18,44.04,36.4,3535804
25/07/2006,43.66,45.23,43.33,44.46,36.75,3317047
26/07/2006,44.64,44.68,43.45,44.44,36.74,1844126
27/07/2006,44.45,45.14,43.28,43.62,36.05,2074477
28/07/2006,44.12,45.12,43.66,44.7,36.95,2104580
31/07/2006,44.49,44.7,43.65,43.98,36.36,1792971
01/08/2006,43.42,44.62,43.23,44.42,36.72,2254994
02/08/2006,44.44,45.15,44.2,44.31,36.75,1853381
03/08/2006,43.9,46.95,43.76,46.28,38.39,3426375
04/08/2006,46.61,48.13,45.7,46.05,38.2,3563060
07/08/2006,46.05,47.35,45.8,46.62,38.67,2609825
08/08/2006,46.85,47.53,45.2,45.57,37.8,2640539
09/08/2006,45.54,45.57,43.47,43.77,36.31,3629571
10/08/2006,43.77,44.24,43.3,43.9,36.42,1914909
11/08/2006,43.56,43.75,42.61,42.84,35.54,1841584
14/08/2006,43.41,43.41,41.68,42.08,34.91,2098681
15/08/2006,42.76,43.24,42.03,43.04,35.7,2472225
16/08/2006,43.24,44.54,43.2,44.44,36.87,3115478
17/08/2006,44.44,45.96,44.26,45.1,37.41,2785766
18/08/2006,45.23,45.38,44.42,45.28,37.56,1378544
21/08/2006,45.28,45.28,44.25,44.47,36.89,2143124
22/08/2006,44.93,45.39,44.25,44.31,36.75,1653845
23/08/2006,44.32,44.35,42.98,43.59,36.16,1805277
24/08/2006,43.59,44.23,43.04,44.11,36.59,1595165
25/08/2006,44.11,44.21,43.41,44.01,36.51,1357187
28/08/2006,44.13,45.03,44.09,44.5,36.92,1487668
29/08/2006,44.13,44.86,43.51,44.75,37.12,2121665
30/08/2006,44.54,44.55,43.62,43.92,36.44,2065120
31/08/2006,43.9,44.4,43.47,44.09,36.57,2353847
01/09/2006,44.25,44.51,43.53,44.04,36.53,1322507
05/09/2006,44.29,44.43,43.46,43.82,36.35,1464073
06/09/2006,43.36,43.8,42.5,42.77,35.48,2277877
07/09/2006,42.28,43.45,41.53,42.53,35.28,3693642
08/09/2006,41.79,43.19,41.32,42.0,34.84,5635400
11/09/2006,41.79,42.91,41.09,42.39,35.16,2776715
12/09/2006,42.4,44.94,42.04,44.71,37.09,4060169
13/09/2006,44.79,45.23,44.38,44.46,36.88,2058205
14/09/2006,44.15,44.57,43.57,44.52,36.93,2018948
15/09/2006,45.03,47.21,45.0,45.61,37.84,4825868
18/09/2006,45.62,46.61,45.24,45.56,37.79,2141090
19/09/2006,45.57,46.02,44.65,45.29,37.57,1958234
20/09/2006,45.54,46.18,44.78,44.93,37.27,1584893
21/09/2006,44.75,46.02,44.26,44.49,36.91,2202619
22/09/2006,44.4,45.71,43.99,45.04,37.37,2088511
25/09/2006,45.54,46.41,44.76,46.1,38.24,3025880
26/09/2006,45.23,47.12,45.18,46.17,38.3,4393237
27/09/2006,46.18,46.95,44.92,45.36,37.63,3472648
28/09/2006,45.37,45.83,44.37,45.01,37.34,2342456
29/09/2006,45.46,45.85,44.49,44.49,36.91,1929351
02/10/2006,44.5,45.44,43.85,44.87,37.22,2778851
03/10/2006,44.68,44.75,43.81,44.12,36.6,2288962
04/10/2006,43.95,45.5,43.48,45.15,37.46,2995065
05/10/2006,45.14,45.44,44.02,44.88,37.23,2135700
06/10/2006,44.5,44.74,43.96,44.37,36.8,2439885
09/10/2006,44.2,46.05,43.8,45.43,37.68,3209042
10/10/2006,46.16,46.9,46.04,46.14,38.27,3139581
11/10/2006,46.2,46.57,45.43,45.75,37.95,2716000
12/10/2006,46.12,47.07,46.12,46.92,38.92,2139463
13/10/2006,46.12,46.8,45.28,45.54,37.77,3204872
16/10/2006,46.39,46.58,45.74,46.22,38.34,2139260
17/10/2006,46.02,46.39,45.48,45.73,37.94,2401442
18/10/2006,46.12,46.59,44.98,45.11,37.42,2600876
19/10/2006,45.33,46.09,45.0,45.3,37.58,2041119
20/10/2006,45.5,45.55,44.75,45.35,37.62,1465395
23/10/2006,45.3,45.59,44.32,44.63,37.02,2456055
24/10/2006,44.51,45.61,44.41,45.57,37.8,1426546
25/10/2006,45.48,47.01,45.15,46.68,38.72,2698915
26/10/2006,46.68,47.82,46.54,47.46,39.37,3191855
27/10/2006,47.47,47.55,46.39,46.85,38.87,2116275
30/10/2006,46.85,47.48,46.33,46.9,38.91,1452785
31/10/2006,46.91,47.21,46.22,46.69,38.73,1644896
01/11/2006,46.97,47.13,45.76,46.01,38.29,2010609
02/11/2006,46.0,46.41,45.4,45.67,38.02,1784123
03/11/2006,45.57,45.73,44.99,45.5,37.87,1982743
06/11/2006,45.87,45.87,45.4,45.7,38.04,1466921
07/11/2006,45.35,45.55,44.74,44.91,37.38,2030441
08/11/2006,44.26,44.89,43.49,44.47,37.02,3298945
09/11/2006,44.69,44.69,43.85,44.04,36.66,1831617
10/11/2006,44.12,45.67,44.12,45.45,37.83,2228145
13/11/2006,45.49,46.07,45.09,45.49,37.86,1547162
14/11/2006,46.19,47.55,45.84,47.44,39.49,3232128
15/11/2006,47.44,48.62,47.31,48.13,40.06,3014286
16/11/2006,48.38,49.27,48.0,48.57,40.43,2761664
17/11/2006,48.19,48.96,47.56,48.52,40.38,2367068
20/11/2006,48.52,48.82,48.01,48.29,40.19,1502821
21/11/2006,48.09,49.12,48.09,48.92,40.72,1232706
22/11/2006,49.41,50.42,49.34,50.18,41.76,2116174
24/11/2006,49.98,50.56,49.71,50.02,41.63,641930
27/11/2006,50.04,50.31,49.27,49.57,41.26,2373068
28/11/2006,49.55,50.08,48.66,49.04,40.81,1748020
29/11/2006,49.41,49.85,48.79,49.09,40.86,2434393
30/11/2006,49.66,52.11,49.46,51.62,42.97,4195939
01/12/2006,51.45,52.16,50.7,51.64,42.98,2683863
04/12/2006,51.87,51.92,51.05,51.33,42.72,1759105
05/12/2006,51.32,53.0,51.32,52.64,43.81,2982556
06/12/2006,53.34,53.7,52.96,53.26,44.33,2718034
07/12/2006,52.65,53.02,51.76,52.36,43.58,2455953
08/12/2006,52.31,52.32,51.05,51.42,42.8,2163057
11/12/2006,51.23,52.16,51.13,51.48,42.85,1262911
12/12/2006,51.59,51.86,51.02,51.2,42.62,1223553
13/12/2006,51.33,52.15,51.26,51.33,42.72,1511160
14/12/2006,51.34,52.06,51.03,51.8,43.11,1155617
15/12/2006,52.36,52.79,51.77,52.13,43.39,1926808
18/12/2006,52.36,52.5,51.66,51.78,43.1,1237486
19/12/2006,50.8,51.24,50.36,50.65,42.16,2405408
20/12/2006,50.65,51.33,50.49,50.7,42.2,1224875
21/12/2006,50.7,51.08,50.28,50.33,41.89,1074766
22/12/2006,50.18,50.29,49.72,49.84,41.49,1356983
26/12/2006,49.84,50.64,49.81,50.39,41.94,830584
27/12/2006,50.69,51.84,50.64,51.73,43.06,1262504
28/12/2006,51.5,52.11,51.25,51.42,42.8,1032764
29/12/2006,51.37,51.95,51.35,51.58,42.93,962489
03/01/2007,50.69,51.43,49.41,49.78,41.44,3860024
04/01/2007,52.11,52.31,48.97,49.25,40.99,1965658
05/01/2007,49.24,49.31,48.6,48.83,40.64,1925995
08/01/2007,48.73,48.73,47.52,47.91,39.87,2006846
09/01/2007,47.91,48.32,47.68,47.96,39.92,1317422
10/01/2007,47.97,48.41,47.53,48.2,40.12,1510957
11/01/2007,48.41,49.27,48.21,49.11,40.87,1832126
12/01/2007,49.11,49.78,48.95,49.31,41.04,1720967
16/01/2007,48.85,49.64,48.23,48.89,40.69,2225908
17/01/2007,50.15,51.39,49.82,51.08,42.52,7001435
18/01/2007,51.19,52.06,51.0,51.18,42.6,3371253
19/01/2007,51.32,52.79,51.08,52.59,43.77,3031779
22/01/2007,52.57,52.85,51.84,52.61,43.79,2164990
23/01/2007,52.06,52.93,51.4,52.35,43.57,4414899
24/01/2007,52.26,52.87,51.45,52.73,43.89,2119530
25/01/2007,52.73,52.75,50.92,51.02,42.47,3564788
26/01/2007,51.27,51.47,50.53,50.85,42.32,2239536
29/01/2007,50.85,51.51,50.65,51.05,42.49,2069087
30/01/2007,51.28,51.75,50.85,50.96,42.42,1631268
31/01/2007,51.13,53.71,51.1,53.47,44.51,4228381
01/02/2007,53.71,54.72,53.53,54.1,45.16,4524938
02/02/2007,54.13,55.59,54.1,55.17,46.06,2910044
05/02/2007,55.18,55.51,54.1,54.56,45.55,1513398
06/02/2007,54.48,54.54,53.79,54.41,45.42,1652828
07/02/2007,54.41,54.83,53.78,54.14,45.2,1097852
08/02/2007,53.59,54.46,52.38,52.65,43.95,3941384
09/02/2007,52.65,52.87,51.56,51.83,43.27,1794802
12/02/2007,51.63,52.11,50.97,51.31,42.83,2037356
13/02/2007,51.52,52.11,51.26,51.88,43.31,1910333
14/02/2007,51.72,52.58,51.61,51.86,43.29,1727680
15/02/2007,51.91,52.7,51.9,52.31,43.67,1433665
16/02/2007,52.06,52.11,51.15,52.07,43.47,1651100
20/02/2007,52.07,52.7,51.72,52.22,43.59,1557536
21/02/2007,51.82,52.07,50.66,51.82,43.26,1593842
22/02/2007,52.22,52.37,50.74,51.09,42.65,1853076
23/02/2007,51.02,51.02,49.81,50.12,41.84,2397984
26/02/2007,50.23,50.57,49.75,50.14,41.85,1557942
27/02/2007,49.36,49.66,48.19,48.77,40.71,3076628
28/02/2007,48.92,49.26,47.94,48.37,40.38,2517177
01/03/2007,47.69,49.07,46.76,48.43,40.43,3159819
02/03/2007,48.34,48.58,47.72,47.89,39.97,1736528
05/03/2007,47.31,47.31,46.22,46.26,38.62,3225517
06/03/2007,46.77,47.58,46.47,47.1,39.32,2425240
07/03/2007,47.6,48.08,47.06,47.44,39.61,2445275
08/03/2007,47.69,48.63,47.57,47.93,40.01,1881959
09/03/2007,48.07,48.28,46.76,47.44,39.61,2184923
12/03/2007,47.44,47.44,44.9,45.13,37.68,4466766
13/03/2007,44.88,44.88,42.35,43.1,35.98,5323283
14/03/2007,43.26,44.86,42.46,44.42,37.09,5590652
15/03/2007,43.93,45.16,43.93,44.83,37.42,2194889
16/03/2007,45.0,45.55,44.28,44.42,37.09,3040220
19/03/2007,44.59,45.18,44.55,44.73,37.34,1946741
20/03/2007,44.74,45.41,44.2,44.79,37.39,2549009
21/03/2007,44.8,46.4,44.59,45.98,38.38,3863380
22/03/2007,45.32,46.87,45.02,45.34,37.85,2912586
23/03/2007,45.0,45.65,44.38,44.82,37.41,4525447
26/03/2007,45.07,45.13,43.17,43.8,36.56,5221075
27/03/2007,42.23,44.03,41.93,43.76,36.53,7518274
28/03/2007,43.22,43.24,42.23,42.81,35.74,5789476
29/03/2007,43.2,43.2,42.08,42.33,35.34,3837039
30/03/2007,42.34,42.65,41.46,41.5,34.65,3775511
02/04/2007,41.64,41.71,40.75,40.81,34.06,3974233
03/04/2007,40.81,41.6,40.63,41.22,34.41,3329455
04/04/2007,41.33,41.45,40.96,41.2,34.39,5085610
05/04/2007,41.2,42.0,40.9,41.99,35.05,4091188
09/04/2007,42.18,42.28,41.51,42.19,35.22,2538635
10/04/2007,41.9,42.3,41.49,41.57,34.7,2731865
11/04/2007,41.47,41.47,40.16,40.29,33.64,3335048
12/04/2007,40.18,41.36,39.97,40.91,34.15,3841718
13/04/2007,41.09,41.09,40.17,40.42,33.74,1943487
16/04/2007,40.59,41.23,40.47,40.83,34.08,2606266
17/04/2007,41.55,42.41,41.41,41.92,34.99,3562958
18/04/2007,41.67,43.47,41.01,43.2,36.06,5165852
19/04/2007,43.16,44.04,42.62,42.97,35.87,3188600
20/04/2007,43.92,44.25,43.23,43.6,36.4,2943198
23/04/2007,43.62,43.75,42.33,42.44,35.43,1902502
24/04/2007,42.65,42.84,41.63,42.52,35.49,2681422
25/04/2007,42.61,42.92,41.62,42.42,35.41,2126445
26/04/2007,42.42,43.75,42.18,43.45,36.27,3468784
27/04/2007,43.42,43.42,42.17,42.42,35.41,2090647
30/04/2007,42.66,42.86,41.88,42.0,35.06,2508939
01/05/2007,42.14,43.06,41.58,42.71,35.66,3508853
02/05/2007,42.65,43.46,42.54,43.12,36.13,1970641
03/05/2007,43.22,43.48,42.93,43.17,36.17,1688118
04/05/2007,43.31,43.36,42.33,42.63,35.71,1558654
07/05/2007,42.62,42.96,42.06,42.37,35.5,1086461
08/05/2007,42.36,42.58,41.66,42.48,35.59,1690763
09/05/2007,42.23,42.74,41.69,42.45,35.57,1768868
10/05/2007,42.2,42.21,41.03,41.4,34.68,2868652
11/05/2007,41.78,42.18,41.05,41.34,34.64,1823176
14/05/2007,41.33,41.45,40.72,41.33,34.63,2192652
15/05/2007,41.41,41.78,40.88,41.38,34.67,3045101
16/05/2007,41.49,42.46,41.07,42.41,35.53,2848007
17/05/2007,42.48,44.01,42.31,43.9,36.79,3432578
18/05/2007,44.05,44.2,43.4,43.78,36.68,2156955
21/05/2007,43.88,45.04,43.77,44.65,37.41,2669523
22/05/2007,44.66,46.28,44.48,45.72,38.31,3155141
23/05/2007,45.76,46.55,45.12,45.37,38.01,2348965
24/05/2007,45.21,46.62,44.94,45.1,37.79,3085476
25/05/2007,45.33,45.56,44.35,44.73,37.48,2176380
29/05/2007,44.74,45.08,44.39,44.94,37.65,1553569
30/05/2007,44.54,45.63,44.28,45.38,38.02,1508516
31/05/2007,45.38,45.81,44.48,44.89,37.61,1438445
01/06/2007,44.97,45.13,44.05,44.29,37.11,2621826
04/06/2007,44.08,44.75,43.76,44.6,37.37,2129903
05/06/2007,44.3,44.69,43.95,44.13,36.98,1484820
06/06/2007,43.97,43.98,43.3,43.54,36.48,1604012
07/06/2007,43.13,43.17,41.69,41.71,34.95,2773969
08/06/2007,41.78,42.57,41.32,42.44,35.56,1986710
11/06/2007,42.45,42.63,41.63,42.34,35.48,2262113
12/06/2007,42.0,42.0,41.16,41.24,34.55,2561620
13/06/2007,42.04,42.04,40.64,41.34,34.64,2092579
14/06/2007,41.42,41.55,40.94,41.07,34.41,2132039
15/06/2007,41.5,41.9,41.01,41.06,34.4,2256621
18/06/2007,41.06,41.3,40.45,40.5,33.94,1506584
19/06/2007,40.55,41.28,40.32,40.98,34.34,2597113
20/06/2007,41.28,41.29,40.28,40.28,33.75,1884501
21/06/2007,40.12,40.22,39.51,39.62,33.19,2596808
22/06/2007,39.46,39.51,38.81,39.07,32.73,2772342
25/06/2007,39.09,39.22,37.98,38.1,31.92,3573331
26/06/2007,37.51,38.11,36.78,36.92,30.94,5866158
27/06/2007,36.35,37.44,36.24,37.23,31.19,5367726
28/06/2007,36.98,37.13,36.4,36.51,30.59,3941587
29/06/2007,36.52,36.75,35.76,35.95,30.12,4573958
02/07/2007,35.77,35.83,34.77,35.04,29.36,5661436
03/07/2007,35.04,35.48,34.56,34.62,29.01,2359338
05/07/2007,34.85,35.45,34.77,35.4,29.66,4372897
06/07/2007,35.2,36.77,35.17,36.43,30.52,4869091
09/07/2007,36.13,36.81,35.63,35.7,29.91,3886160
10/07/2007,35.6,35.6,34.13,34.28,28.72,4508971
11/07/2007,34.1,34.86,33.88,34.14,28.6,3518617
12/07/2007,34.24,34.73,33.96,34.55,28.95,2479141
13/07/2007,34.7,36.28,34.49,35.79,29.99,4542736
16/07/2007,35.44,35.67,34.47,34.85,29.2,3211889
17/07/2007,34.72,34.78,33.94,34.01,28.5,3037576
18/07/2007,33.5,34.16,32.81,33.57,28.13,4283706
19/07/2007,33.64,34.05,33.43,33.59,28.14,3457902
20/07/2007,33.43,33.53,32.17,32.65,27.36,3625402
23/07/2007,32.72,32.84,31.68,31.78,26.63,4000166
24/07/2007,31.49,32.16,30.58,31.4,26.31,7165070
25/07/2007,31.61,32.08,30.53,31.4,26.31,5680860
26/07/2007,30.82,31.12,30.09,30.88,25.88,6327266
27/07/2007,30.46,31.69,30.22,30.55,25.6,4350218
30/07/2007,30.49,30.85,30.15,30.59,25.63,2758613
31/07/2007,30.9,31.13,30.11,30.15,25.26,3826259
01/08/2007,29.99,30.0,27.27,29.86,25.15,8742742
02/08/2007,29.7,31.35,29.03,31.24,26.31,7479933
03/08/2007,31.09,31.4,30.64,30.88,26.01,6883768
06/08/2007,30.96,31.82,29.28,31.82,26.8,6863936
07/08/2007,31.67,35.08,31.11,33.91,28.56,8977161
08/08/2007,33.92,36.31,33.92,35.43,29.84,10316855
09/08/2007,34.41,36.47,34.08,35.87,30.21,11141540
10/08/2007,34.66,35.89,34.12,34.86,29.36,7270431
13/08/2007,34.63,35.04,32.21,32.37,27.26,4724474
14/08/2007,32.76,32.76,30.93,30.97,26.09,4969672
15/08/2007,30.97,31.17,29.46,29.52,24.86,5649130
16/08/2007,28.59,30.66,27.3,30.44,25.64,10730367
17/08/2007,33.29,33.29,29.57,29.92,25.2,8043962
20/08/2007,29.95,30.05,28.82,29.36,24.73,5169920
21/08/2007,28.67,29.6,28.36,28.92,24.36,5147647
22/08/2007,29.12,29.65,28.56,28.86,24.31,3798597
23/08/2007,29.22,30.81,28.76,29.49,24.84,4243941
24/08/2007,29.1,30.25,28.72,29.4,24.76,2746307
27/08/2007,29.3,29.73,28.07,28.08,23.65,3004015
28/08/2007,27.8,27.85,26.71,26.77,22.55,4312894
29/08/2007,26.83,27.7,26.47,27.63,23.27,3291826
30/08/2007,27.1,27.6,26.79,27.06,22.79,2416494
31/08/2007,28.32,28.42,27.04,27.8,23.41,3165107
04/09/2007,27.61,28.48,27.33,28.09,23.66,2687117
05/09/2007,27.92,27.98,26.73,27.31,23.0,3368304
06/09/2007,27.33,27.52,26.55,27.06,22.79,2277877
07/09/2007,26.52,26.71,25.82,26.08,21.96,3176803
10/09/2007,26.15,26.25,25.07,25.45,21.43,2704406
11/09/2007,25.46,25.68,24.91,25.28,21.29,4158411
12/09/2007,25.11,25.59,24.58,24.64,20.75,3486276
13/09/2007,24.83,25.15,24.25,24.65,20.76,4990317
14/09/2007,24.51,25.54,24.04,25.28,21.29,4759662
17/09/2007,25.08,25.63,24.99,25.28,21.29,4211499
18/09/2007,25.5,25.94,24.88,25.82,21.75,9416912
19/09/2007,26.11,27.29,25.84,26.57,22.38,11108793
20/09/2007,26.55,26.57,24.97,25.13,21.17,4026201
21/09/2007,25.28,25.47,24.38,24.9,20.97,4457816
24/09/2007,24.84,24.93,23.65,23.78,20.03,5047473
25/09/2007,22.31,23.72,22.12,22.83,19.23,11310871
26/09/2007,22.92,23.06,21.83,21.89,18.44,5612823
27/09/2007,21.94,22.45,21.24,22.12,18.63,8611651
28/09/2007,22.07,22.38,21.9,22.27,18.76,6380760
01/10/2007,22.76,23.17,22.66,22.88,19.27,6465476
02/10/2007,22.89,25.07,22.89,24.31,20.47,7989552
03/10/2007,24.5,26.03,24.27,25.39,21.38,8187359
04/10/2007,25.41,25.81,23.6,23.93,20.16,7466407
05/10/2007,24.3,24.78,23.93,24.53,20.66,5620552
08/10/2007,24.58,24.72,23.93,24.16,20.35,2068476
09/10/2007,24.12,24.56,23.62,24.5,20.64,2521245
10/10/2007,24.38,25.0,24.31,24.89,20.96,2872923
11/10/2007,25.22,25.7,24.73,24.87,20.94,5088865
12/10/2007,24.92,24.92,23.65,23.8,20.04,3748255
15/10/2007,23.6,23.7,23.11,23.24,19.57,4619316
16/10/2007,22.94,23.1,22.4,22.59,19.02,3968029
17/10/2007,22.79,23.15,21.29,21.86,18.41,5864327
18/10/2007,21.82,21.82,21.21,21.44,18.05,5270704
19/10/2007,21.2,21.44,20.39,20.73,17.46,10586767
22/10/2007,20.35,22.44,20.18,22.18,18.68,9652550
23/10/2007,22.62,22.86,21.53,22.06,18.58,5410237
24/10/2007,21.74,22.51,21.14,22.2,18.7,6830681
25/10/2007,22.19,23.13,22.04,22.83,19.23,7824595
26/10/2007,23.21,24.08,22.71,23.88,20.12,4437374
29/10/2007,23.94,24.37,23.48,24.14,20.33,3637606
30/10/2007,24.11,24.46,23.51,24.31,20.47,3088934
31/10/2007,24.53,24.58,22.22,22.47,18.92,10384790
01/11/2007,21.98,22.15,20.99,21.06,17.86,6760101
02/11/2007,21.39,21.45,20.5,20.82,17.66,5229719
05/11/2007,20.08,21.36,20.08,20.86,17.69,4626028
06/11/2007,21.38,21.38,20.39,21.13,17.92,4158411
07/11/2007,20.7,21.03,20.12,20.12,17.06,4207736
08/11/2007,19.98,20.48,19.0,19.53,16.56,6187733
09/11/2007,19.0,19.98,18.88,19.59,16.61,4612400
12/11/2007,19.59,20.48,19.44,19.7,16.71,4558194
13/11/2007,19.9,20.82,19.9,20.77,17.61,4210482
14/11/2007,21.03,21.63,20.45,20.5,17.39,5147546
15/11/2007,20.38,20.98,19.55,19.66,16.67,4213736
16/11/2007,19.81,19.82,18.58,18.92,16.05,5320944
19/11/2007,18.74,18.89,17.25,17.28,14.65,7729302
20/11/2007,17.55,17.82,15.13,15.65,13.28,13004176
21/11/2007,15.22,15.56,14.68,14.72,12.49,7634111
23/11/2007,14.85,15.52,14.82,15.33,13.0,3000048
26/11/2007,15.5,15.63,14.26,14.26,12.09,7039572
27/11/2007,14.5,14.7,13.77,14.25,12.09,8416590
28/11/2007,14.38,15.03,14.38,14.81,12.56,7232497
29/11/2007,14.73,14.81,14.17,14.52,12.32,5515191
30/11/2007,14.98,15.97,14.98,15.58,13.21,8043148
03/12/2007,15.85,16.56,15.01,16.46,13.96,11985447
04/12/2007,16.04,16.85,15.47,15.55,13.19,8747726
05/12/2007,15.78,16.3,15.49,15.98,13.55,6437203
06/12/2007,15.97,18.51,15.81,18.42,15.62,14043550
07/12/2007,17.89,18.93,17.7,18.01,15.28,8938210
10/12/2007,18.1,18.96,17.85,18.7,15.86,6289230
11/12/2007,18.97,19.12,16.66,16.74,14.2,11048281
12/12/2007,17.34,17.94,16.36,16.79,14.25,6975196
13/12/2007,16.48,17.57,16.22,17.45,14.8,7002452
14/12/2007,17.24,17.37,16.76,16.85,14.3,5586279
17/12/2007,16.75,17.24,16.46,16.53,14.02,4888414
18/12/2007,16.62,16.96,16.24,16.64,14.11,3548720
19/12/2007,16.68,16.95,16.29,16.62,14.1,3314098
20/12/2007,16.72,16.93,16.31,16.83,14.28,2629047
21/12/2007,17.43,17.43,16.52,16.91,14.35,5973858
24/12/2007,16.91,17.64,16.62,17.6,14.93,1989862
26/12/2007,17.53,17.84,17.29,17.78,15.08,2604334
27/12/2007,17.57,17.84,17.33,17.38,14.75,4219126
28/12/2007,17.59,17.65,16.72,17.21,14.6,4138478
31/12/2007,16.97,18.09,16.87,17.59,14.92,5336504
02/01/2008,17.43,17.72,16.83,16.91,14.35,3310132
03/01/2008,16.74,17.07,16.24,16.44,13.94,5162597
04/01/2008,16.11,16.11,15.31,15.55,13.19,7977043
07/01/2008,15.78,16.02,15.24,15.51,13.15,6841766
08/01/2008,15.15,15.88,14.26,14.38,12.19,7479018
09/01/2008,14.38,14.46,12.8,13.63,11.56,11854559
10/01/2008,13.55,14.92,13.03,14.46,12.27,13802622
11/01/2008,14.26,14.75,13.76,14.1,11.96,9441625
14/01/2008,14.19,14.76,13.67,14.67,12.44,10186170
15/01/2008,14.49,14.52,13.69,13.74,11.65,9196934
16/01/2008,13.52,14.62,13.51,14.01,11.88,10058944
17/01/2008,14.19,14.75,13.43,13.68,11.6,11433216
18/01/2008,13.9,13.9,12.59,12.77,10.83,11678821
22/01/2008,11.8,13.45,11.78,12.93,10.97,11340872
23/01/2008,12.53,14.91,12.28,14.69,12.46,20499161
24/01/2008,14.86,16.24,14.68,15.94,13.52,16508961
25/01/2008,16.22,19.23,16.22,16.7,14.16,17227777
28/01/2008,16.44,18.64,15.79,18.19,15.43,15425754
29/01/2008,18.45,18.92,17.42,18.5,15.69,9901207
30/01/2008,18.34,19.17,17.53,17.9,15.18,10723146
31/01/2008,17.15,20.72,17.15,20.2,17.13,14305732
01/02/2008,19.8,21.28,19.37,21.04,17.85,8569852
04/02/2008,20.72,20.85,19.25,19.49,16.53,7428066
05/02/2008,19.12,20.21,18.68,18.78,15.93,10903359
06/02/2008,18.9,19.37,18.14,18.95,16.21,9328534
07/02/2008,18.53,20.17,18.51,18.86,16.13,8904242
08/02/2008,18.58,19.41,18.44,19.01,16.26,5146935
11/02/2008,19.04,19.9,18.4,19.52,16.7,4704744
12/02/2008,19.89,20.04,18.94,19.23,16.45,4832682
13/02/2008,19.47,19.55,18.78,19.44,16.63,5054388
14/02/2008,19.48,19.52,18.68,18.85,16.12,3930298
15/02/2008,18.78,18.88,17.92,18.28,15.64,5613840
19/02/2008,18.47,18.52,17.81,17.98,15.38,3593366
20/02/2008,17.54,18.89,17.27,18.87,16.14,6372115
21/02/2008,18.83,19.36,17.94,18.09,15.48,6465374
22/02/2008,18.1,18.12,17.16,17.97,15.37,6587923
25/02/2008,18.05,18.49,17.43,18.47,15.8,5472986
26/02/2008,18.12,20.62,18.05,20.07,17.17,13876660
27/02/2008,19.76,21.08,19.72,20.85,17.83,9441218
28/02/2008,20.62,20.65,18.97,19.12,16.35,6291569
29/02/2008,18.86,19.07,18.19,18.3,15.65,5092526
03/03/2008,18.04,18.27,16.18,16.45,14.07,11927478
04/03/2008,16.25,17.14,15.92,16.88,14.44,9145881
05/03/2008,17.13,17.17,16.23,16.59,14.19,4988080
06/03/2008,16.26,16.45,15.43,15.78,13.5,7441287
07/03/2008,15.44,16.04,14.95,15.45,13.21,5808494
10/03/2008,15.25,15.96,14.65,14.73,12.6,5912330
11/03/2008,15.68,15.98,14.64,15.69,13.42,11488846
12/03/2008,15.44,16.18,14.97,15.07,12.89,7332468
13/03/2008,14.74,15.82,14.22,15.71,13.44,11996329
14/03/2008,16.22,16.22,14.51,15.27,13.06,8640127
17/03/2008,14.89,14.89,13.18,13.92,11.91,10163491
18/03/2008,14.64,15.81,14.6,15.79,13.51,11381959
19/03/2008,15.81,16.76,15.72,15.74,13.47,9274023
20/03/2008,15.75,17.5,15.75,17.42,14.9,8983771
24/03/2008,17.6,19.46,17.21,18.47,15.8,12408620
25/03/2008,18.51,18.91,17.97,18.55,15.87,9393114
26/03/2008,18.12,18.36,17.2,17.3,14.79,7853172
27/03/2008,17.95,18.62,17.13,17.6,15.06,9940565
28/03/2008,17.49,18.25,17.45,17.64,15.09,8848103
31/03/2008,17.57,18.68,17.29,18.5,15.82,7125611
01/04/2008,18.97,21.14,18.81,21.02,17.98,13430400
02/04/2008,21.05,22.32,20.54,21.02,17.98,18403429
03/04/2008,20.94,21.41,20.16,21.37,18.28,9674111
04/04/2008,21.36,21.61,20.45,21.26,18.18,7928430
07/04/2008,21.57,22.35,21.31,21.45,18.34,7190495
08/04/2008,21.33,21.33,19.17,19.67,16.82,13100689
09/04/2008,19.81,20.06,18.11,18.27,15.63,9936904
10/04/2008,18.23,19.09,18.15,18.48,15.8,6649044
11/04/2008,18.13,18.49,17.72,17.84,15.26,6608161
14/04/2008,17.67,17.99,16.71,16.78,14.36,7747303
15/04/2008,16.98,17.4,16.44,17.11,14.63,6900548
16/04/2008,17.62,18.19,17.06,18.19,15.56,7337248
17/04/2008,17.93,18.44,17.63,18.16,15.53,6937567
18/04/2008,18.71,18.93,17.68,18.37,15.71,5459561
21/04/2008,18.29,18.29,17.66,18.02,15.42,4350116
22/04/2008,17.95,18.11,17.23,17.61,15.06,4483241
23/04/2008,17.8,17.8,16.46,16.75,14.32,5633468
24/04/2008,16.75,18.37,16.62,18.07,15.46,6856919
25/04/2008,18.22,18.82,17.75,18.69,15.99,5645164
28/04/2008,18.9,19.44,18.37,19.21,16.43,5624620
29/04/2008,19.15,20.16,19.13,19.94,17.06,8063285
30/04/2008,20.02,20.1,18.08,18.11,15.49,9225410
01/05/2008,17.94,19.47,17.94,19.11,16.49,6540429
02/05/2008,19.49,19.75,18.7,18.95,16.35,4504598
05/05/2008,18.89,19.55,18.74,19.17,16.54,3449562
06/05/2008,18.72,19.67,18.19,19.64,16.94,5782560
07/05/2008,19.56,19.81,18.43,18.6,16.05,4277807
08/05/2008,18.75,18.98,17.89,18.05,15.58,4466054
09/05/2008,17.95,18.78,17.84,18.1,15.62,3671777
12/05/2008,18.03,18.39,17.73,18.26,15.76,3676658
13/05/2008,18.5,18.55,17.69,18.41,15.88,4645961
14/05/2008,18.49,19.79,18.41,19.59,16.9,7603601
15/05/2008,19.65,20.23,19.31,20.1,17.34,5788662
16/05/2008,20.59,20.59,19.17,19.68,16.98,5541125
19/05/2008,19.77,19.8,18.92,19.0,16.39,4953299
20/05/2008,18.98,19.13,18.18,18.52,15.98,4330284
21/05/2008,18.49,18.52,17.02,17.14,14.79,5854157
22/05/2008,17.12,17.55,16.84,17.0,14.67,5240093
23/05/2008,16.95,16.95,16.27,16.6,14.32,5434340
27/05/2008,16.62,17.28,16.51,17.19,14.83,4610366
28/05/2008,17.45,17.59,16.61,17.24,14.87,4834615
29/05/2008,17.22,17.33,16.76,16.93,14.61,5148359
30/05/2008,17.16,17.3,16.31,16.6,14.32,4707490
02/06/2008,16.45,16.52,15.97,16.31,14.08,3880567
03/06/2008,16.45,16.93,16.13,16.84,14.53,5618823
04/06/2008,16.76,16.86,16.12,16.25,14.02,5892193
05/06/2008,16.51,16.71,15.59,16.09,13.88,6914888
06/06/2008,15.75,15.85,14.95,14.98,12.92,6130374
09/06/2008,15.05,15.78,14.49,14.93,12.88,7294331
10/06/2008,14.88,15.63,14.47,15.4,13.29,6064269
11/06/2008,15.48,15.5,14.39,14.44,12.46,5578855
12/06/2008,14.66,15.26,14.57,14.73,12.71,3382745
13/06/2008,14.8,15.4,14.75,15.09,13.02,4058745
16/06/2008,15.01,15.78,14.77,15.64,13.5,3743882
17/06/2008,15.74,15.82,14.78,15.02,12.96,4644029
18/06/2008,14.94,15.67,14.75,15.45,13.33,4902143
19/06/2008,15.59,15.81,15.15,15.55,13.41,5544481
20/06/2008,15.35,15.55,14.9,14.98,12.92,5434950
23/06/2008,15.16,15.19,13.76,13.93,12.02,5811341
24/06/2008,13.96,15.15,13.57,14.47,12.49,9862256
25/06/2008,14.55,15.22,14.13,14.33,12.36,9165306
26/06/2008,14.01,14.04,12.71,13.12,11.32,13862524
27/06/2008,13.35,13.35,11.87,12.41,10.71,11309447
30/06/2008,12.41,12.48,11.87,12.13,10.47,7602990
01/07/2008,11.81,11.91,10.88,11.63,10.04,15690683
02/07/2008,11.77,11.89,11.26,11.26,9.71,6667655
03/07/2008,11.24,11.46,10.79,11.28,9.73,5577431
07/07/2008,11.3,11.58,10.19,10.67,9.21,7303891
08/07/2008,10.66,12.37,10.47,12.29,10.61,9693230
09/07/2008,12.76,12.83,11.18,11.24,9.7,9999754
10/07/2008,11.03,11.48,10.52,10.76,9.28,8859189
11/07/2008,10.38,10.82,9.84,10.14,8.75,9408776
14/07/2008,10.82,10.82,9.91,10.07,8.69,8104880
15/07/2008,10.18,10.83,9.17,10.35,8.93,9376740
16/07/2008,10.27,11.89,10.1,11.51,9.94,8282753
17/07/2008,12.13,12.51,11.06,12.1,10.44,9078759
18/07/2008,12.42,12.6,11.47,11.97,10.33,4813970
21/07/2008,12.06,12.54,11.81,12.05,10.39,5062219
22/07/2008,11.63,12.8,11.31,12.76,11.16,5111544
23/07/2008,12.76,13.93,12.58,13.31,11.64,9274125
24/07/2008,13.1,13.35,10.78,10.88,9.52,9808253
25/07/2008,10.78,11.73,10.49,11.32,9.89,8298313
28/07/2008,11.4,11.57,10.43,10.57,9.24,6193632
29/07/2008,10.65,11.88,10.55,11.73,10.26,6688911
30/07/2008,12.02,12.19,10.93,11.49,10.05,5797205
31/07/2008,11.2,12.39,11.01,11.9,10.4,6382794
01/08/2008,11.78,12.03,11.12,11.65,10.19,6278958
04/08/2008,11.53,11.66,10.99,11.44,10.0,5713404
05/08/2008,11.59,12.25,11.5,12.16,10.63,6272856
06/08/2008,11.96,12.53,11.65,12.48,10.91,5284027
07/08/2008,12.18,12.97,11.83,12.06,10.55,8097761
08/08/2008,11.99,12.68,11.87,12.16,10.63,7465187
11/08/2008,12.13,13.27,12.02,12.71,11.12,9327924
12/08/2008,12.73,12.73,11.1,11.23,9.82,7573091
13/08/2008,11.3,11.34,10.64,10.91,9.54,7689944
14/08/2008,10.87,11.73,10.76,11.47,10.03,10523509
15/08/2008,11.68,12.06,11.48,11.62,10.16,4987266
18/08/2008,11.72,11.72,10.64,10.78,9.42,4734033
19/08/2008,10.57,10.78,10.13,10.25,8.96,4567449
20/08/2008,10.32,10.68,9.95,10.66,9.32,5656859
21/08/2008,10.31,11.4,10.28,11.28,9.86,7393183
22/08/2008,11.54,11.68,10.84,11.63,10.17,5497190
25/08/2008,11.47,11.79,11.1,11.45,10.01,5964502
26/08/2008,11.38,11.62,10.67,10.86,9.49,5897888
27/08/2008,11.19,12.05,10.95,12.0,10.49,10693552
28/08/2008,12.29,12.97,11.94,12.89,11.27,8816271
29/08/2008,12.59,13.29,12.49,12.93,11.3,7946940
02/09/2008,13.28,14.19,12.78,13.3,11.63,8451270
03/09/2008,13.36,13.57,12.85,13.48,11.79,7362063
04/09/2008,13.21,13.35,12.06,12.28,10.74,9404199
05/09/2008,12.05,13.47,11.74,13.33,11.66,7860495
08/09/2008,14.64,15.73,13.72,14.7,12.85,15871811
09/09/2008,14.5,14.8,12.83,13.15,11.49,11330906
10/09/2008,13.26,13.78,12.47,13.12,11.47,8618058
11/09/2008,12.56,13.87,12.3,13.75,12.02,8108846
12/09/2008,13.42,14.49,13.29,14.12,12.34,6661553
15/09/2008,13.26,14.23,12.97,13.22,11.55,7038860
16/09/2008,12.63,14.3,12.39,14.22,12.43,7973280
17/09/2008,13.54,14.15,12.39,12.51,10.94,9306465
18/09/2008,12.88,14.9,10.96,14.76,12.9,17037089
19/09/2008,16.11,16.62,15.06,16.47,14.4,14294545
22/09/2008,16.03,16.47,12.78,13.51,11.81,11787335
23/09/2008,13.37,14.06,12.37,12.5,10.93,13953342
24/09/2008,12.78,15.13,12.63,14.52,12.7,13077400
25/09/2008,14.89,15.1,13.54,14.74,12.89,8897936
26/09/2008,13.47,15.19,13.47,15.02,13.14,7931888
29/09/2008,14.84,15.21,13.23,13.58,11.87,9373791
30/09/2008,13.9,14.94,13.22,14.94,13.06,6843698
01/10/2008,14.65,15.26,14.0,15.08,13.19,5836665
02/10/2008,14.77,15.24,13.61,13.66,11.94,5871650
03/10/2008,14.12,14.38,11.64,11.88,10.38,10753758
06/10/2008,11.23,11.89,10.57,11.79,10.31,10657143
07/10/2008,12.09,12.09,10.13,10.27,8.97,8915734
08/10/2008,9.84,11.06,9.7,10.29,9.0,9649398
09/10/2008,10.83,10.87,8.53,8.85,7.74,10237427
10/10/2008,8.01,9.61,7.75,9.55,8.35,11492202
13/10/2008,10.13,10.34,9.02,9.47,8.28,8836408
14/10/2008,10.26,10.26,8.95,9.27,8.11,10241393
15/10/2008,9.05,9.12,8.26,8.61,7.53,8314382
16/10/2008,8.67,8.91,7.7,8.83,7.72,10236410
17/10/2008,8.19,9.17,8.07,8.78,7.68,8829797
20/10/2008,8.86,9.72,8.4,9.54,8.34,5845309
21/10/2008,9.18,9.56,8.82,8.86,7.78,4310860
22/10/2008,8.55,9.01,7.99,8.3,7.29,9130016
23/10/2008,8.36,8.7,6.25,6.97,6.12,14489708
24/10/2008,6.04,7.35,6.03,6.41,5.63,10831762
27/10/2008,6.41,6.98,6.22,6.33,5.56,6815324
28/10/2008,6.61,6.71,5.53,6.24,5.48,14624053
29/10/2008,6.22,7.23,6.18,6.68,5.86,17752244
30/10/2008,7.17,7.35,6.49,6.88,6.04,11617700
31/10/2008,6.86,7.74,6.6,7.61,6.68,7635636
03/11/2008,7.59,8.21,7.42,7.88,6.91,7081880
04/11/2008,8.09,9.12,8.06,8.92,7.83,7005198
05/11/2008,8.78,9.77,8.36,8.42,7.39,7117271
06/11/2008,8.57,8.8,8.06,8.29,7.28,5813782
07/11/2008,8.2,8.38,7.27,7.62,6.69,6042404
10/11/2008,7.86,8.07,6.73,6.99,6.14,4419170
11/11/2008,6.77,7.37,6.3,7.08,6.22,5660622
12/11/2008,6.78,6.88,6.13,6.18,5.42,4833394
13/11/2008,6.15,6.53,5.22,6.53,5.73,9188798
14/11/2008,6.27,7.01,5.95,6.19,5.44,5209989
17/11/2008,6.05,6.21,5.62,5.92,5.2,6308248
18/11/2008,5.89,6.12,5.48,5.79,5.08,6090305
19/11/2008,5.75,5.77,4.67,4.7,4.13,7271042
20/11/2008,4.77,4.77,3.66,3.74,3.28,9975346
21/11/2008,4.03,4.03,3.36,3.58,3.14,12346278
24/11/2008,3.79,4.63,3.48,4.5,3.95,9728927
25/11/2008,5.05,7.3,4.66,5.93,5.21,22448139
26/11/2008,5.9,7.46,5.56,7.28,6.39,13754111
28/11/2008,6.95,7.72,6.34,6.99,6.14,4105324
01/12/2008,6.87,6.96,6.2,6.25,5.49,6823867
02/12/2008,6.55,7.29,5.99,7.18,6.3,7225988
03/12/2008,7.01,8.02,6.72,7.6,6.67,11459149
04/12/2008,7.49,9.07,7.29,8.36,7.34,14971664
05/12/2008,8.33,9.1,7.64,8.91,7.82,9037062
08/12/2008,9.21,9.71,8.44,9.65,8.47,8216241
09/12/2008,9.61,10.31,8.68,8.91,7.82,8161730
10/12/2008,8.9,9.62,8.56,9.53,8.36,5518852
11/12/2008,9.29,9.83,8.6,8.83,7.75,5366302
12/12/2008,8.49,9.69,8.34,9.51,8.35,5209481
15/12/2008,9.42,9.71,8.42,8.65,7.6,5128223
16/12/2008,8.63,9.65,8.49,9.65,8.47,7213378
17/12/2008,9.55,10.63,9.29,10.08,8.85,7616618
18/12/2008,10.54,11.11,9.71,9.95,8.74,9847611
19/12/2008,10.41,10.42,9.73,9.82,8.62,6305603
22/12/2008,9.89,9.89,8.56,8.75,7.68,5799748
23/12/2008,8.73,8.99,8.29,8.53,7.48,3734831
24/12/2008,8.76,8.76,8.13,8.18,7.18,1277759
26/12/2008,8.47,8.53,8.15,8.44,7.41,1218875
29/12/2008,8.47,8.47,7.89,8.22,7.22,3381322
30/12/2008,8.29,8.52,7.83,8.52,7.48,4204787
31/12/2008,8.42,8.67,8.12,8.53,7.48,5258500
02/01/2009,8.46,9.17,8.3,9.03,7.92,3470513
05/01/2009,8.94,10.37,8.71,10.03,8.8,8581243
06/01/2009,10.2,11.08,10.14,10.98,9.64,8892038
07/01/2009,10.68,10.79,10.21,10.39,9.12,6613043
08/01/2009,10.82,11.37,10.24,11.23,9.86,7942363
09/01/2009,11.09,11.09,8.09,9.0,7.9,59281133
12/01/2009,9.31,9.34,8.1,8.21,7.21,17393446
13/01/2009,8.16,8.64,7.94,8.52,7.48,9590107
14/01/2009,8.36,8.42,7.68,7.77,6.82,8078743
15/01/2009,7.83,7.95,6.9,7.44,6.53,10595716
16/01/2009,7.74,7.94,6.97,7.72,6.78,7794085
20/01/2009,7.4,7.77,6.6,6.67,5.85,6252211
21/01/2009,6.82,7.0,6.06,6.96,6.11,7686384
22/01/2009,6.62,6.91,6.36,6.44,5.65,6765287
23/01/2009,6.28,7.01,6.07,6.73,5.9,5529022
26/01/2009,7.42,8.59,7.05,7.69,6.75,14362888
27/01/2009,7.59,8.08,7.5,7.63,6.7,5329995
28/01/2009,8.01,9.26,7.85,8.71,7.65,7889174
29/01/2009,8.52,8.65,7.81,7.87,6.91,5138291
30/01/2009,7.87,7.94,7.44,7.56,6.67,5450205
02/02/2009,7.38,8.4,7.31,7.69,6.78,7646721
03/02/2009,7.98,8.59,7.71,8.45,7.45,7359012
04/02/2009,8.48,8.82,7.72,7.77,6.85,8033588
05/02/2009,7.8,8.39,7.67,8.24,7.27,8041724
06/02/2009,8.26,9.82,8.26,9.14,8.07,11848253
09/02/2009,9.1,9.1,8.35,8.56,7.56,8537715
10/02/2009,8.41,9.03,7.12,7.24,6.39,12945596
11/02/2009,7.43,7.94,7.03,7.54,6.65,8034605
12/02/2009,7.23,7.35,6.54,7.17,6.32,11474506
13/02/2009,7.14,7.5,6.84,7.36,6.5,6723692
17/02/2009,7.09,7.3,6.77,7.18,6.33,6839020
18/02/2009,7.48,7.61,6.56,6.78,5.99,8874647
19/02/2009,6.76,7.08,5.75,5.78,5.1,13366634
20/02/2009,5.49,5.98,5.45,5.77,5.09,10683687
23/02/2009,5.99,6.5,5.85,6.2,5.47,11099843
24/02/2009,6.29,7.75,6.19,7.28,6.42,11500948
25/02/2009,7.13,7.46,6.7,7.2,6.35,9541189
26/02/2009,7.37,7.68,7.01,7.12,6.28,6940211
27/02/2009,6.97,7.13,6.45,6.57,5.8,7875953
02/03/2009,6.3,6.78,6.26,6.5,5.73,6532089
03/03/2009,6.64,6.77,5.94,5.99,5.28,7348944
04/03/2009,6.07,6.52,5.62,6.4,5.65,9731775
05/03/2009,6.16,6.35,5.88,6.01,5.3,7218056
06/03/2009,6.1,6.36,5.76,5.98,5.27,7290263
09/03/2009,6.02,6.92,5.83,6.15,5.42,7662281
10/03/2009,6.37,7.54,6.28,7.45,6.58,9685908
11/03/2009,7.42,7.82,7.29,7.41,6.54,6563311
12/03/2009,7.56,8.46,7.23,8.38,7.39,9353044
13/03/2009,8.36,8.63,7.92,8.35,7.37,5209379
16/03/2009,8.49,8.65,7.68,7.71,6.8,5671097
17/03/2009,8.04,8.39,7.55,8.38,7.39,6916617
18/03/2009,8.29,9.58,7.78,9.18,8.1,10149965
19/03/2009,9.38,9.44,8.32,8.36,7.37,6910820
20/03/2009,8.65,8.65,7.82,7.97,7.04,6093661
23/03/2009,8.36,9.63,8.1,9.6,8.47,8703079
24/03/2009,9.33,9.86,9.15,9.27,8.18,7209208
25/03/2009,9.54,11.06,8.55,9.23,8.15,14951934
26/03/2009,9.49,10.4,9.45,10.11,8.92,8617448
27/03/2009,10.08,10.46,9.66,10.09,8.9,7247447
30/03/2009,9.59,9.62,8.33,8.56,7.56,9336162
31/03/2009,8.96,8.96,7.02,7.38,6.52,22268029
01/04/2009,7.19,7.6,6.91,6.99,6.17,13614071
02/04/2009,7.34,7.4,7.02,7.21,6.36,10182814
03/04/2009,7.22,7.64,6.96,7.55,6.66,7007639
06/04/2009,7.48,7.48,7.14,7.42,6.55,6224955
07/04/2009,7.16,7.25,6.9,7.01,6.19,5006183
08/04/2009,7.67,8.0,7.16,7.36,6.5,9239750
09/04/2009,7.58,8.04,7.43,8.04,7.1,7437321
13/04/2009,7.87,8.18,7.63,8.08,7.13,6433644
14/04/2009,7.93,8.09,7.58,7.65,6.75,6356352
15/04/2009,7.62,8.89,7.54,8.54,7.54,11543764
16/04/2009,8.69,8.87,8.12,8.65,7.63,7147374
17/04/2009,8.64,9.39,8.64,9.18,8.1,5480206
20/04/2009,8.84,8.89,7.38,7.47,6.59,9722927
21/04/2009,7.25,8.01,7.23,7.89,6.96,6599008
22/04/2009,7.78,8.31,7.47,7.84,6.91,7558954
23/04/2009,8.11,8.59,7.61,8.53,7.52,11307413
24/04/2009,8.75,10.12,8.63,9.8,8.65,23373406
27/04/2009,9.68,10.73,9.59,9.86,8.7,13393483
28/04/2009,9.69,10.17,9.41,9.7,8.55,6946924
29/04/2009,10.04,10.21,9.73,9.9,8.74,6247533
30/04/2009,10.03,10.08,9.53,9.58,8.45,6940415
01/05/2009,9.6,9.83,9.15,9.3,8.24,4165225
04/05/2009,9.57,10.26,9.53,10.17,9.01,6343436
05/05/2009,10.14,10.69,9.95,10.34,9.16,7199648
06/05/2009,10.55,10.76,9.58,10.31,9.14,7722488
07/05/2009,10.51,10.51,9.42,9.65,8.55,7976941
08/05/2009,9.87,10.17,9.29,10.15,8.99,5618010
11/05/2009,9.91,10.11,9.52,9.66,8.55,4839903
12/05/2009,9.73,9.91,8.99,9.23,8.18,5375760
13/05/2009,8.77,9.01,8.38,8.44,7.47,6435881
14/05/2009,8.45,9.26,8.23,8.88,7.87,5588822
15/05/2009,8.93,9.3,8.55,8.66,7.67,3790156
18/05/2009,9.32,10.25,9.12,9.85,8.73,12893119
19/05/2009,9.72,10.17,9.62,9.8,8.69,8614702
20/05/2009,10.03,10.41,9.68,9.73,8.62,6626772
21/05/2009,9.56,9.85,9.1,9.29,8.23,7461627
22/05/2009,9.3,9.45,8.97,9.27,8.21,4510395
26/05/2009,9.16,9.73,9.1,9.6,8.5,4807461
27/05/2009,9.59,10.11,9.17,9.21,8.16,6599516
28/05/2009,9.34,9.44,8.42,8.75,7.75,10518729
29/05/2009,8.79,9.39,8.78,9.35,8.28,8493476
01/06/2009,9.51,9.67,9.19,9.43,8.35,7280703
02/06/2009,9.36,9.83,9.19,9.56,8.47,4680031
03/06/2009,9.44,9.45,8.92,9.07,8.03,3915450
04/06/2009,9.11,9.13,8.67,8.84,7.83,5895244
05/06/2009,9.05,9.15,8.2,8.31,7.36,10951971
08/06/2009,8.27,8.81,8.22,8.72,7.73,6327367
09/06/2009,8.76,8.97,8.6,8.78,7.78,4212414
10/06/2009,8.96,8.99,8.31,8.52,7.54,6609381
11/06/2009,8.59,8.59,8.02,8.06,7.14,7153680
12/06/2009,8.07,8.09,7.77,7.85,6.95,6777695
15/06/2009,7.71,7.76,7.41,7.49,6.64,5210600
16/06/2009,7.87,8.05,7.46,7.59,6.73,7685978
17/06/2009,7.62,7.81,7.26,7.64,6.77,5789984
18/06/2009,7.63,7.67,7.29,7.39,6.55,4517921
19/06/2009,7.55,7.77,7.43,7.66,6.79,5560956
22/06/2009,7.57,7.64,7.29,7.31,6.47,5593805
23/06/2009,7.36,7.61,7.16,7.35,6.52,5164936
24/06/2009,7.47,7.98,7.45,7.69,6.81,8562021
25/06/2009,8.01,9.08,7.95,9.04,8.01,23192177
26/06/2009,8.96,9.28,8.75,9.03,8.0,8084031
29/06/2009,9.15,9.58,9.01,9.55,8.46,11342093
30/06/2009,9.51,9.8,9.39,9.53,8.44,8809559
01/07/2009,9.6,9.64,9.24,9.46,8.38,8319772
02/07/2009,9.23,9.34,8.92,9.01,7.98,4789358
06/07/2009,8.85,9.0,8.68,8.82,7.81,7630043
07/07/2009,8.73,8.76,8.35,8.39,7.43,4810207
08/07/2009,8.43,8.45,7.85,8.08,7.16,8835594
09/07/2009,8.19,8.47,8.16,8.33,7.38,6138917
10/07/2009,8.27,8.27,7.88,8.18,7.25,4932043
13/07/2009,8.21,8.37,7.85,8.33,7.38,5907448
14/07/2009,8.22,8.72,8.16,8.64,7.66,5861683
15/07/2009,8.86,9.21,8.82,9.0,7.97,5076457
16/07/2009,9.0,9.51,8.85,9.39,8.32,5069338
17/07/2009,9.64,9.83,9.43,9.58,8.48,5130257
20/07/2009,9.68,10.0,9.55,9.73,8.66,3328133
21/07/2009,9.81,9.92,9.45,9.7,8.62,4089255
22/07/2009,9.6,10.7,9.58,10.44,9.29,10975871
23/07/2009,10.57,11.54,10.47,11.07,9.85,13708245
24/07/2009,10.88,11.06,10.56,10.92,9.72,5275484
27/07/2009,11.17,11.82,10.49,11.67,10.38,15448027
28/07/2009,11.25,11.57,10.95,11.45,10.18,11829337
29/07/2009,11.3,11.55,11.07,11.45,10.18,5192090
30/07/2009,11.61,11.66,11.19,11.49,10.23,6559243
31/07/2009,11.44,11.8,11.38,11.64,10.36,5781442
03/08/2009,11.83,12.08,11.7,12.01,10.68,5637536
04/08/2009,11.84,12.65,11.47,12.36,11.0,8565479
05/08/2009,12.37,12.85,12.15,12.49,11.11,7612245
06/08/2009,12.45,12.68,12.13,12.26,10.91,6158850
07/08/2009,12.64,13.59,12.54,13.21,11.75,11470133
10/08/2009,13.16,13.16,12.54,12.61,11.21,7723708
11/08/2009,12.59,12.83,12.19,12.78,11.37,7233616
12/08/2009,13.24,13.73,13.05,13.29,11.83,8077929
13/08/2009,13.53,13.75,13.1,13.52,12.03,6821934
14/08/2009,13.52,13.56,12.96,13.19,11.73,6213463
17/08/2009,12.65,12.97,12.18,12.62,11.22,7999519
18/08/2009,12.56,13.03,12.45,12.97,11.54,5362438
19/08/2009,12.55,13.38,12.49,13.29,11.83,6956280
20/08/2009,13.35,14.07,13.28,13.83,12.31,6957500
21/08/2009,14.05,14.41,13.95,14.28,12.7,6608263
24/08/2009,14.44,14.99,14.26,14.33,12.74,7628110
25/08/2009,14.57,15.16,14.48,14.72,13.09,8191732
26/08/2009,14.9,15.51,14.55,15.32,13.63,10839695
27/08/2009,15.04,15.12,14.36,15.08,13.42,8941362
28/08/2009,15.19,15.65,14.84,15.47,13.76,6788678
31/08/2009,15.2,15.2,14.65,14.9,13.25,7733166
01/09/2009,14.83,15.37,14.16,14.23,12.66,8000739
02/09/2009,14.01,14.39,13.76,13.82,12.29,5866666
03/09/2009,13.88,14.3,13.63,14.25,12.67,5499122
04/09/2009,14.37,14.86,14.17,14.85,13.21,4515480
08/09/2009,15.12,15.23,14.67,15.14,13.47,4771662
09/09/2009,15.08,15.54,14.8,15.34,13.65,8373673
10/09/2009,15.47,15.64,15.0,15.59,13.87,5016556
11/09/2009,15.64,15.86,15.22,15.45,13.74,4729660
14/09/2009,15.23,15.41,15.0,15.41,13.71,3390983
15/09/2009,15.49,16.08,15.44,16.0,14.23,6121832
16/09/2009,16.18,17.1,16.11,17.09,15.2,6815120
17/09/2009,17.12,17.36,16.02,16.32,14.52,7522444
18/09/2009,16.8,17.08,16.26,16.26,14.47,8400522
21/09/2009,15.84,15.9,14.99,15.75,14.01,8908310
22/09/2009,15.89,16.14,15.5,15.62,13.9,5356641
23/09/2009,15.6,15.83,15.25,15.25,13.57,6091728
24/09/2009,15.49,15.76,14.3,14.57,12.96,8803152
25/09/2009,14.38,14.74,14.16,14.35,12.76,5680047
28/09/2009,14.46,14.62,14.21,14.41,12.81,4251874
29/09/2009,14.67,15.08,14.47,14.52,12.92,5322775
30/09/2009,14.53,14.63,13.83,14.01,12.47,6688911
01/10/2009,13.9,13.9,12.98,13.03,11.59,9376130
02/10/2009,12.73,13.06,12.39,12.81,11.4,7436101
05/10/2009,13.06,13.37,12.77,13.14,11.69,6660435
06/10/2009,13.36,13.87,13.31,13.45,11.97,6205022
07/10/2009,13.46,13.47,12.94,12.96,11.53,6431203
08/10/2009,13.26,14.43,13.13,14.15,12.59,10299159
09/10/2009,14.17,14.37,13.82,14.09,12.54,5760593
12/10/2009,14.26,14.43,13.96,14.1,12.54,3710016
13/10/2009,14.08,15.0,14.01,14.88,13.23,9914631
14/10/2009,15.19,15.22,14.66,14.94,13.29,7009469
15/10/2009,14.79,14.95,14.7,14.83,13.19,3827988
16/10/2009,14.68,14.8,14.34,14.41,12.81,3893279
19/10/2009,14.55,14.7,14.1,14.15,12.59,3652759
20/10/2009,14.14,14.14,13.65,13.75,12.23,4412966
21/10/2009,13.77,14.09,13.43,13.45,12.0,3885143
22/10/2009,13.35,14.64,13.18,14.47,12.91,7313450
23/10/2009,14.55,14.94,13.67,13.89,12.4,7261685
26/10/2009,13.89,14.36,13.27,13.34,11.9,6327062
27/10/2009,13.34,13.76,13.18,13.42,11.97,5867378
28/10/2009,13.16,13.26,12.31,12.42,11.08,7974907
29/10/2009,12.78,13.02,12.43,12.7,11.33,7132526
30/10/2009,12.6,12.77,12.29,12.39,11.05,8153289
02/11/2009,12.56,12.84,11.85,12.38,11.04,8679587
03/11/2009,12.13,12.91,12.09,12.87,11.48,5326029
04/11/2009,12.98,13.89,12.97,13.31,11.88,8441303
05/11/2009,13.46,14.03,13.01,13.28,11.85,6650977
06/11/2009,13.45,14.11,13.37,13.9,12.4,7505257
09/11/2009,14.17,14.41,13.95,14.37,12.82,5013607
10/11/2009,14.37,14.62,13.89,14.06,12.54,4704439
11/11/2009,14.56,15.06,14.38,14.87,13.26,7336028
12/11/2009,14.86,14.86,14.22,14.3,12.76,3980741
13/11/2009,14.33,14.73,14.17,14.23,12.69,3452207
16/11/2009,14.49,14.75,14.24,14.41,12.85,4262857
17/11/2009,14.35,14.55,14.1,14.28,12.74,4306181
18/11/2009,14.02,14.72,14.02,14.38,12.83,3353354
19/11/2009,14.27,14.27,13.62,13.93,12.43,4819766
20/11/2009,13.6,13.73,13.26,13.44,11.99,5063948
23/11/2009,13.77,14.03,13.31,13.42,11.97,4644639
24/11/2009,13.38,13.5,12.67,12.82,11.44,7453491
25/11/2009,12.88,13.08,12.8,12.92,11.53,3336980
27/11/2009,12.49,12.87,12.35,12.65,11.28,2175465
30/11/2009,12.66,12.81,12.33,12.46,11.11,5054999
01/12/2009,12.65,12.95,12.6,12.66,11.3,4964892
02/12/2009,12.77,12.93,12.42,12.58,11.22,3649199
03/12/2009,12.58,12.58,12.02,12.05,10.75,6790509
04/12/2009,12.42,12.53,11.89,12.22,10.9,4890956
07/12/2009,12.25,12.38,11.75,11.79,10.52,5580076
08/12/2009,11.62,11.85,11.52,11.62,10.37,5007708
09/12/2009,11.79,11.81,11.5,11.65,10.4,3647776
10/12/2009,11.84,11.85,11.39,11.44,10.2,3585739
11/12/2009,11.44,11.69,11.37,11.65,10.4,3845989
14/12/2009,11.85,12.05,11.55,11.99,10.69,3732390
15/12/2009,11.91,12.15,11.78,11.85,10.57,5507360
16/12/2009,11.96,12.53,11.9,12.41,11.07,5142359
17/12/2009,12.25,12.4,12.0,12.11,10.81,3307487
18/12/2009,12.12,12.26,11.86,12.24,10.92,5201650
21/12/2009,12.31,12.68,12.06,12.65,11.28,5336606
22/12/2009,12.73,13.23,12.64,13.05,11.64,6706607
23/12/2009,13.22,13.3,13.0,13.05,11.64,5775238
24/12/2009,13.04,13.16,13.0,13.14,11.72,526196
28/12/2009,13.24,13.26,12.65,12.73,11.36,2757901
29/12/2009,12.8,12.86,12.44,12.63,11.26,2466428
30/12/2009,12.58,12.87,12.46,12.69,11.33,2020881
31/12/2009,12.71,12.72,12.53,12.56,11.2,1627912
04/01/2010,12.6,12.8,12.44,12.79,11.41,4570195
05/01/2010,12.73,13.37,12.51,13.32,11.89,6310587
06/01/2010,13.28,13.52,13.03,13.47,12.02,6471171
07/01/2010,14.68,15.73,14.38,15.2,13.56,29197460
08/01/2010,15.14,15.8,14.94,15.68,13.99,8788406
11/01/2010,15.8,16.08,15.71,15.99,14.26,6513478
12/01/2010,15.88,16.25,15.68,15.86,14.15,7508003
13/01/2010,16.02,16.17,15.59,15.98,14.26,5270704
14/01/2010,16.24,16.56,16.01,16.08,14.34,5075644
15/01/2010,16.0,16.11,15.59,15.69,14.0,5731507
19/01/2010,15.5,16.07,15.5,15.94,14.22,4880481
20/01/2010,15.79,15.87,15.45,15.48,13.81,5628790
21/01/2010,15.51,15.61,15.02,15.05,13.43,4638334
22/01/2010,15.05,15.31,14.46,14.53,13.0,6465578
25/01/2010,14.8,14.85,14.18,14.45,12.93,5067101
26/01/2010,14.38,14.7,14.27,14.32,12.81,4183023
27/01/2010,14.31,14.91,14.06,14.86,13.29,6378929
28/01/2010,15.07,15.6,14.77,15.13,13.54,8421065
29/01/2010,15.23,15.69,15.01,15.1,13.51,7185105
01/02/2010,15.21,15.23,14.81,15.06,13.47,4719999
02/02/2010,15.38,16.35,15.38,16.27,14.56,10596632
03/02/2010,16.1,16.24,15.64,15.99,14.3,4385101
04/02/2010,15.62,15.72,14.99,15.08,13.49,5912635
05/02/2010,15.04,15.19,13.98,14.46,12.94,8785660
08/02/2010,14.5,15.59,14.28,15.13,13.54,9143745
09/02/2010,15.14,15.41,14.78,15.34,13.72,5415423
10/02/2010,15.41,15.44,14.93,15.35,13.73,4095764
11/02/2010,15.69,16.72,15.54,16.71,14.94,12930138
12/02/2010,16.5,16.9,16.27,16.68,14.92,10665381
16/02/2010,16.89,17.08,16.86,17.05,15.25,5540616
17/02/2010,17.23,17.58,16.8,17.05,15.25,5846530
18/02/2010,16.94,17.0,16.47,16.76,14.99,5372506
19/02/2010,16.64,17.15,16.64,17.02,15.22,6255974
22/02/2010,17.14,17.25,16.69,16.88,15.1,5887616
23/02/2010,16.79,16.96,15.82,16.01,14.32,8482695
24/02/2010,16.18,16.28,15.0,16.0,14.31,13348328
25/02/2010,15.64,16.05,15.33,16.0,14.31,7294331
26/02/2010,15.94,16.19,15.53,16.14,14.43,5888939
01/03/2010,16.2,16.42,16.14,16.36,14.64,3961825
02/03/2010,16.52,16.67,16.22,16.32,14.6,3460343
03/03/2010,16.36,16.69,16.28,16.51,14.77,3945553
04/03/2010,16.4,16.65,16.07,16.27,14.56,4230720
05/03/2010,16.43,16.76,16.33,16.73,14.96,4109900
08/03/2010,16.81,17.02,16.7,16.91,15.13,4574466
09/03/2010,16.98,17.18,16.72,17.0,15.21,4078068
10/03/2010,17.0,17.12,16.52,16.65,14.89,5499529
11/03/2010,16.53,16.6,16.16,16.36,14.64,5935110
12/03/2010,16.46,16.54,15.95,16.06,14.36,4424764
15/03/2010,16.22,16.22,15.59,15.82,14.15,6335096
16/03/2010,15.99,16.56,15.83,16.46,14.72,7431931
17/03/2010,16.48,16.73,16.3,16.36,14.64,4401271
18/03/2010,16.28,16.46,16.14,16.26,14.55,2619182
19/03/2010,15.84,16.45,15.83,15.84,14.17,5555261
22/03/2010,15.62,16.14,15.62,16.03,14.34,4643012
23/03/2010,16.11,16.84,15.9,16.77,15.01,9765031
24/03/2010,17.79,18.02,17.24,17.39,15.56,15676343
25/03/2010,17.68,18.27,17.51,17.75,15.88,9356502
26/03/2010,17.92,18.61,17.87,17.99,16.1,10461269
29/03/2010,18.16,18.25,17.5,17.94,16.04,6568905
30/03/2010,17.57,18.18,17.57,17.75,15.88,6440254
31/03/2010,17.62,17.74,16.88,16.92,15.14,7871478
01/04/2010,17.03,17.31,16.73,16.84,15.07,5926466
05/04/2010,17.07,17.43,16.89,17.27,15.44,5413593
06/04/2010,17.17,17.19,16.76,17.0,15.21,4885261
07/04/2010,17.02,17.23,16.5,16.67,14.91,6320655
08/04/2010,16.6,17.06,16.53,16.97,15.18,5486918
09/04/2010,17.09,17.31,16.98,17.23,15.41,4088543
12/04/2010,17.29,17.41,16.75,16.88,15.1,6277738
13/04/2010,16.93,17.26,16.84,16.99,15.2,4860650
14/04/2010,17.11,18.12,16.99,17.97,16.08,13795605
15/04/2010,17.9,17.93,17.35,17.49,15.65,5623603
16/04/2010,17.37,17.39,16.7,16.86,15.08,7054929
19/04/2010,16.72,17.28,16.69,16.95,15.16,5718896
20/04/2010,17.16,17.7,17.04,17.67,15.81,5396507
21/04/2010,17.73,18.32,17.6,18.21,16.29,6388997
22/04/2010,18.07,19.51,17.77,19.41,17.36,9635261
23/04/2010,19.89,21.43,19.75,20.19,18.06,17388564
26/04/2010,19.83,20.68,19.76,19.76,17.68,12918341
27/04/2010,19.47,19.66,18.53,18.62,16.66,13820318
28/04/2010,18.83,19.37,18.75,19.03,17.02,6868513
29/04/2010,19.12,20.57,19.11,20.18,18.05,8684265
30/04/2010,20.26,20.82,19.55,19.59,17.52,6914481
03/05/2010,19.77,20.61,19.64,20.36,18.25,5027234
04/05/2010,20.0,20.16,19.08,19.69,17.64,8523986
05/05/2010,19.32,19.78,18.83,18.99,17.02,5293078
06/05/2010,18.78,19.31,16.51,18.14,16.26,7588244
07/05/2010,18.02,18.39,16.88,17.2,15.41,9544952
10/05/2010,18.43,19.47,18.09,19.43,17.41,9739301
11/05/2010,19.14,19.76,18.94,19.13,17.15,6790712
12/05/2010,19.37,19.71,18.74,19.13,17.15,7544208
13/05/2010,19.18,19.23,18.31,18.44,16.52,7192224
14/05/2010,18.44,18.44,17.65,18.1,16.23,5450306
17/05/2010,18.18,18.18,17.02,18.11,16.23,9690586
18/05/2010,18.38,18.88,17.81,17.86,16.0,9778252
19/05/2010,17.56,18.35,17.44,17.85,16.0,11380433
20/05/2010,17.27,17.76,17.08,17.15,15.37,10250546
21/05/2010,16.69,17.36,16.59,17.18,15.4,7471899
24/05/2010,17.19,17.57,16.98,17.01,15.25,5444815
25/05/2010,16.5,16.91,16.25,16.87,15.12,7971348
26/05/2010,17.14,17.89,16.87,16.96,15.2,6450017
27/05/2010,17.57,17.58,16.86,17.28,15.48,5911719
28/05/2010,17.19,17.5,16.92,17.01,15.25,3817615
01/06/2010,16.74,16.87,16.04,16.06,14.39,7233311
02/06/2010,16.15,16.44,16.13,16.27,14.59,6537581
03/06/2010,16.5,16.51,15.73,16.01,14.35,5857005
04/06/2010,15.67,15.87,15.09,15.21,13.63,7501494
07/06/2010,15.21,15.4,14.44,14.51,13.01,5595127
08/06/2010,14.55,14.75,13.99,14.5,13.0,6918651
09/06/2010,14.69,14.97,14.08,14.19,12.72,4730169
10/06/2010,14.45,15.41,14.27,15.32,13.73,11885577
11/06/2010,15.06,15.51,14.93,15.29,13.7,5263687
14/06/2010,15.49,15.62,14.93,15.0,13.44,4925534
15/06/2010,15.21,15.53,15.0,15.5,13.89,5132087
16/06/2010,15.22,15.67,15.04,15.29,13.7,5348708
17/06/2010,15.28,15.28,14.69,15.04,13.48,4899499
18/06/2010,15.09,15.09,14.41,14.49,12.99,4759255
21/06/2010,14.8,14.97,14.25,14.33,12.84,6439136
22/06/2010,14.31,14.6,13.89,13.96,12.51,6195564
23/06/2010,14.03,14.76,13.72,14.49,12.99,10574563
24/06/2010,14.64,14.95,14.09,14.33,12.84,15841809
25/06/2010,14.34,14.46,13.77,14.43,12.94,10133490
28/06/2010,14.47,14.58,14.08,14.13,12.66,5577533
29/06/2010,14.13,14.19,13.58,13.74,12.31,7398370
30/06/2010,13.78,14.1,13.63,13.68,12.26,5134935
01/07/2010,13.67,13.91,13.08,13.85,12.42,8722606
02/07/2010,13.92,13.97,13.24,13.42,12.03,4251772
06/07/2010,13.75,14.0,13.21,13.36,11.98,4570093
07/07/2010,13.32,14.06,13.32,14.03,12.58,4824851
08/07/2010,14.32,14.54,13.64,13.94,12.5,7631263
09/07/2010,14.0,14.38,13.85,14.33,12.84,5120188
12/07/2010,14.33,14.63,14.1,14.5,13.0,5658791
13/07/2010,14.69,15.1,14.45,14.99,13.43,5188429
14/07/2010,14.84,14.84,14.13,14.35,12.86,6642841
15/07/2010,14.31,14.67,13.82,14.63,13.11,5934805
16/07/2010,14.62,14.67,13.76,13.82,12.38,4089764
19/07/2010,13.83,13.93,13.45,13.59,12.21,4078170
20/07/2010,13.37,14.46,13.24,14.44,12.98,5782459
21/07/2010,14.54,14.59,13.95,14.07,12.65,4359065
22/07/2010,14.34,14.85,14.22,14.51,13.05,6073524
23/07/2010,14.44,14.81,14.23,14.68,13.2,5562583
26/07/2010,14.8,15.3,14.61,15.16,13.63,6727658
27/07/2010,15.4,15.49,14.74,14.77,13.28,3786596
28/07/2010,14.72,14.81,14.08,14.27,12.82,4031490
29/07/2010,14.36,14.7,14.09,14.46,13.0,3990403
30/07/2010,14.27,14.73,14.13,14.52,13.05,3169481
02/08/2010,14.79,15.0,14.41,14.93,13.42,3619706
03/08/2010,14.82,14.88,14.36,14.38,12.92,3385186
04/08/2010,14.41,14.6,14.17,14.21,12.77,4200312
05/08/2010,14.08,14.43,13.97,14.27,12.82,2630471
06/08/2010,14.04,14.26,13.87,14.15,12.72,3941078
09/08/2010,14.29,14.64,14.21,14.55,13.08,3008998
10/08/2010,14.35,14.39,13.76,13.79,12.39,7053098
11/08/2010,13.47,13.56,13.24,13.4,12.05,4623079
12/08/2010,13.27,13.48,13.03,13.19,11.85,7034691
13/08/2010,13.22,13.34,13.03,13.11,11.78,2862143
16/08/2010,12.98,13.1,12.79,12.92,11.61,3257146
17/08/2010,13.09,13.32,12.89,13.06,11.74,3984809
18/08/2010,13.04,13.35,12.87,13.25,11.91,3350405
19/08/2010,13.16,13.19,12.65,12.67,11.39,4298249
20/08/2010,12.59,12.61,12.3,12.56,11.29,4835428
23/08/2010,12.6,12.67,12.42,12.51,11.24,4465952
24/08/2010,12.27,12.84,11.73,12.68,11.4,11831066
25/08/2010,12.71,13.19,12.47,13.13,11.8,5960535
26/08/2010,13.15,13.31,12.73,12.85,11.55,4305063
27/08/2010,13.01,13.29,12.79,13.24,11.91,3910975
30/08/2010,13.24,13.36,12.89,12.91,11.6,3066357
31/08/2010,12.89,13.2,12.78,12.93,11.62,3502548
01/09/2010,13.21,13.57,13.2,13.51,12.14,3979318
02/09/2010,13.61,13.88,13.41,13.75,12.36,3192058
03/09/2010,14.0,14.29,13.76,14.21,12.77,3951350
07/09/2010,14.13,14.15,13.85,13.9,12.5,3471835
08/09/2010,13.93,14.29,13.88,14.2,12.76,3229178
09/09/2010,14.33,14.47,14.13,14.31,12.86,2997811
10/09/2010,14.36,14.56,14.22,14.29,12.84,3315318
13/09/2010,14.49,14.75,14.28,14.69,13.2,3754357
14/09/2010,14.68,14.7,14.36,14.49,13.03,3856871
15/09/2010,14.37,14.48,14.23,14.25,12.81,3909246
16/09/2010,14.17,14.2,13.62,13.85,12.45,7248871
17/09/2010,13.93,14.09,13.71,13.76,12.36,6216514
20/09/2010,14.53,15.04,14.26,14.89,13.38,12984242
21/09/2010,15.14,15.24,14.79,14.96,13.44,7329519
22/09/2010,14.83,15.05,14.52,14.57,13.1,5620756
23/09/2010,14.4,14.81,14.37,14.44,12.98,4762611
24/09/2010,14.73,15.12,14.67,14.98,13.46,2994658
27/09/2010,15.0,15.22,14.83,15.14,13.61,3333726
28/09/2010,15.24,15.38,14.9,15.35,13.8,3645640
29/09/2010,15.13,15.27,14.92,14.99,13.47,3049475
30/09/2010,15.11,15.29,14.93,15.12,13.59,2948486
01/10/2010,15.4,15.61,15.26,15.41,13.85,5177242
04/10/2010,15.43,15.44,15.01,15.1,13.58,2778139
05/10/2010,15.22,15.34,15.02,15.21,13.67,3047441
06/10/2010,15.24,15.51,15.1,15.15,13.62,3108562
07/10/2010,15.29,15.32,14.93,15.11,13.58,2784953
08/10/2010,15.12,15.91,15.07,15.85,14.25,7417693
11/10/2010,15.83,16.33,15.75,16.02,14.4,6700606
12/10/2010,15.91,15.93,15.54,15.63,14.09,4715727
13/10/2010,15.91,15.99,15.56,15.59,14.04,4527176
14/10/2010,15.56,16.2,15.42,15.73,14.18,9408369
15/10/2010,15.89,15.89,15.0,15.06,13.57,7023402
18/10/2010,15.09,15.17,14.57,14.89,13.41,6426525
19/10/2010,14.75,15.16,14.39,14.53,13.1,6441068
20/10/2010,14.54,14.62,13.87,14.15,12.75,6421745
21/10/2010,14.29,14.68,14.26,14.49,13.06,5084593
22/10/2010,14.48,14.73,14.48,14.57,13.13,3625198
25/10/2010,14.77,14.94,14.55,14.65,13.2,4567042
26/10/2010,14.56,14.75,14.47,14.65,13.2,3174871
27/10/2010,14.56,14.74,14.27,14.43,13.01,4090069
28/10/2010,14.57,14.63,14.2,14.35,12.93,2744273
29/10/2010,14.33,14.44,14.19,14.27,12.86,2383950
01/11/2010,14.37,14.57,14.17,14.32,12.9,3408781
02/11/2010,14.42,15.48,14.34,15.37,13.85,11797709
03/11/2010,15.42,15.42,14.78,15.19,13.69,6058778
04/11/2010,14.87,15.73,14.85,15.55,14.01,12457843
05/11/2010,15.51,15.68,15.37,15.59,14.04,14647343
08/11/2010,15.57,16.03,15.53,15.86,14.29,6790001
09/11/2010,15.99,16.22,15.61,15.67,14.12,6345266
10/11/2010,15.7,16.09,15.64,16.07,14.48,5097204
11/11/2010,15.9,16.26,15.81,16.17,14.57,3416408
12/11/2010,16.01,16.17,15.59,15.78,14.22,4091594
15/11/2010,15.89,15.91,15.48,15.62,14.08,4375744
16/11/2010,15.46,15.71,15.28,15.5,13.96,5546108
17/11/2010,15.47,15.59,15.06,15.24,13.73,4543753
18/11/2010,15.44,15.62,15.32,15.37,13.85,2634945
19/11/2010,15.39,15.39,15.05,15.31,13.8,2940757
22/11/2010,15.19,15.31,14.82,14.98,13.49,3784155
23/11/2010,14.8,14.91,14.56,14.61,13.17,3856667
24/11/2010,14.74,15.19,14.72,15.02,13.54,2600672
26/11/2010,14.95,14.96,14.75,14.8,13.33,739359
29/11/2010,14.74,15.11,14.65,14.74,13.28,4107053
30/11/2010,14.55,15.12,14.55,14.94,13.46,3483327
01/12/2010,15.23,15.68,15.15,15.49,13.95,6524360
02/12/2010,15.54,16.96,15.54,16.6,14.96,13312428
03/12/2010,16.59,17.01,16.29,16.97,15.29,5932263
06/12/2010,16.89,17.15,16.76,17.12,15.43,3287453
07/12/2010,17.38,17.6,17.2,17.23,15.52,5665707
08/12/2010,17.24,17.57,16.84,17.26,15.55,5194429
09/12/2010,17.44,17.45,17.01,17.25,15.54,4879363
10/12/2010,17.31,17.52,17.01,17.39,15.67,4145801
13/12/2010,17.54,17.65,17.35,17.41,15.69,3369118
14/12/2010,17.47,17.49,16.93,16.96,15.28,4205397
15/12/2010,16.93,17.35,16.77,16.78,15.12,5269280
16/12/2010,16.85,16.98,16.66,16.91,15.24,3610248
17/12/2010,16.87,17.14,16.82,17.03,15.35,4667725
20/12/2010,17.24,18.0,17.19,17.94,16.16,4766679
21/12/2010,18.07,18.24,17.71,18.21,16.41,6140239
22/12/2010,18.28,18.74,17.88,18.64,16.8,5270704
23/12/2010,18.52,18.7,17.76,17.87,16.1,6112984
27/12/2010,17.87,18.42,17.7,18.27,16.46,3214737
28/12/2010,18.25,18.31,17.99,18.09,16.3,2546568
29/12/2010,18.18,18.33,18.09,18.21,16.41,2273809
30/12/2010,18.22,18.48,18.14,18.3,16.49,2642573
31/12/2010,18.3,18.5,18.28,18.44,16.61,2434088
03/01/2011,18.57,18.91,18.53,18.73,16.88,4351438
04/01/2011,18.83,18.85,18.12,18.31,16.5,4144173
05/01/2011,18.28,18.78,18.25,18.78,16.92,3291317
06/01/2011,18.41,19.01,18.38,18.82,16.96,6291264
07/01/2011,19.13,19.47,18.82,19.09,17.2,6199022
10/01/2011,18.99,19.09,18.44,18.58,16.75,6017284
11/01/2011,19.74,20.35,19.47,19.9,17.93,15679903
12/01/2011,20.11,20.18,19.76,20.12,18.13,5521496
13/01/2011,20.15,20.15,19.71,19.83,17.87,4777052
14/01/2011,19.79,20.31,19.72,20.29,18.28,4054779
18/01/2011,20.29,20.3,19.77,20.15,18.15,3732899
19/01/2011,20.17,20.19,19.33,19.46,17.53,4551889
20/01/2011,19.45,19.92,19.22,19.55,17.61,4944146
21/01/2011,19.8,19.82,19.09,19.14,17.29,4501445
24/01/2011,19.21,19.65,19.14,19.55,17.65,3255214
25/01/2011,19.58,19.96,19.08,19.44,17.55,4415712
26/01/2011,19.6,20.23,19.4,20.04,18.09,5869209
27/01/2011,19.92,20.35,19.32,19.83,17.91,5412677
28/01/2011,19.83,19.93,19.22,19.33,17.45,3381118
31/01/2011,19.39,19.53,18.97,19.04,17.19,2932316
01/02/2011,19.18,19.7,19.18,19.61,17.7,3232738
02/02/2011,19.48,19.67,19.12,19.3,17.43,3309623
03/02/2011,19.22,19.36,18.95,19.34,17.46,2986319
04/02/2011,19.24,19.34,18.98,19.19,17.33,1988947
07/02/2011,19.29,19.94,19.23,19.53,17.63,3158192
08/02/2011,19.49,20.35,19.49,20.32,18.35,5450103
09/02/2011,20.32,20.91,20.27,20.5,18.51,4998352
10/02/2011,20.32,20.61,20.23,20.48,18.49,3011235
11/02/2011,20.3,20.7,20.01,20.56,18.56,3212703
14/02/2011,20.35,20.44,19.9,20.26,18.29,3335862
15/02/2011,20.03,20.37,19.89,20.13,18.17,6125188
16/02/2011,20.41,20.83,20.37,20.5,18.51,3038898
17/02/2011,20.44,21.09,20.35,21.02,18.98,3973521
18/02/2011,21.08,21.18,20.65,20.7,18.69,3098697
22/02/2011,20.41,20.43,19.54,19.62,17.71,5484986
23/02/2011,19.68,20.25,18.62,19.48,17.59,8337468
24/02/2011,19.44,19.89,19.23,19.61,17.7,5587398
25/02/2011,19.71,20.01,19.46,19.98,18.04,3378983
28/02/2011,20.16,20.25,19.62,19.82,17.9,5029167
01/03/2011,19.97,19.97,19.17,19.39,17.51,6018504
02/03/2011,19.3,20.04,19.3,19.79,17.87,6034268
03/03/2011,20.04,20.26,19.64,19.98,18.04,3398102
04/03/2011,19.97,19.98,19.37,19.46,17.57,3891652
07/03/2011,19.55,19.65,18.99,19.09,17.23,3425459
08/03/2011,19.17,19.96,19.1,19.82,17.9,4191667
09/03/2011,19.81,20.09,19.58,20.04,18.09,2903332
10/03/2011,19.72,19.85,19.45,19.51,17.61,2424731
11/03/2011,19.31,19.56,19.28,19.44,17.55,2545856
14/03/2011,19.2,19.5,18.83,19.01,17.16,4399135
15/03/2011,18.46,19.5,18.46,19.35,17.47,5974570
16/03/2011,19.06,19.24,18.67,18.8,16.97,6271941
17/03/2011,19.14,19.2,18.87,18.97,17.13,3258671
18/03/2011,19.3,19.44,19.03,19.34,17.46,4226042
21/03/2011,19.5,19.61,19.14,19.49,17.6,2414765
22/03/2011,19.47,19.5,19.06,19.19,17.33,2433986
23/03/2011,19.07,19.46,19.0,19.42,17.53,4048067
24/03/2011,19.44,19.62,19.09,19.54,17.64,3069916
25/03/2011,19.54,19.87,19.45,19.7,17.78,3131038
28/03/2011,19.76,19.94,19.42,19.42,17.53,3911992
29/03/2011,19.18,19.32,18.44,18.75,16.93,10513441
30/03/2011,18.53,18.58,17.81,17.96,16.22,12367940
31/03/2011,17.96,18.1,17.76,17.82,16.09,4978520
01/04/2011,17.94,18.41,17.9,18.0,16.26,4414797
04/04/2011,18.0,18.09,17.71,17.77,16.04,3425765
05/04/2011,17.6,18.3,17.37,18.01,16.26,6671012
06/04/2011,18.04,18.14,17.75,18.01,16.26,5323080
07/04/2011,17.94,18.31,17.93,18.09,16.34,4010946
08/04/2011,18.13,18.48,17.97,18.06,16.31,4543041
11/04/2011,18.07,18.07,17.71,17.9,16.16,3927654
12/04/2011,17.75,18.07,17.75,18.01,16.26,3595400
13/04/2011,18.17,18.2,17.73,17.89,16.15,3446918
14/04/2011,17.81,17.92,17.7,17.85,16.11,2895704
15/04/2011,17.89,18.16,17.78,18.13,16.37,3449969
18/04/2011,17.89,18.21,17.8,18.03,16.28,3882092
19/04/2011,18.22,18.6,18.16,18.48,16.68,4545583
20/04/2011,18.78,18.96,18.47,18.76,16.94,4632537
21/04/2011,18.91,18.91,18.3,18.59,16.79,3457597
25/04/2011,18.45,18.99,18.4,18.82,17.03,4105426
26/04/2011,18.94,19.07,18.71,18.88,17.08,3864600
27/04/2011,18.87,19.0,18.67,18.84,17.05,4649927
28/04/2011,18.88,18.98,18.51,18.64,16.87,4225737
29/04/2011,18.66,19.04,18.62,18.67,16.89,3138869
02/05/2011,18.81,18.81,17.95,18.05,16.33,5627061
03/05/2011,17.97,18.13,17.76,18.11,16.39,4510293
04/05/2011,18.11,18.23,17.95,18.21,16.48,3765951
05/05/2011,18.02,18.72,17.97,18.41,16.65,4428832
06/05/2011,18.65,18.77,18.17,18.22,16.49,2855329
09/05/2011,18.17,18.2,17.92,17.96,16.25,2414053
10/05/2011,17.99,18.28,17.86,18.09,16.37,3111308
11/05/2011,18.04,18.16,17.63,17.67,15.99,6095288
12/05/2011,17.58,17.67,17.23,17.44,15.78,4862989
13/05/2011,17.42,17.47,17.19,17.23,15.59,3265384
16/05/2011,17.17,17.55,17.17,17.29,15.64,3907924
17/05/2011,17.19,17.26,17.05,17.22,15.58,4181701
18/05/2011,17.23,17.59,17.23,17.54,15.87,2204144
19/05/2011,17.55,17.71,17.43,17.62,15.94,1772733
20/05/2011,17.63,17.74,17.44,17.66,15.98,2621318
23/05/2011,17.48,17.75,17.39,17.55,15.88,2353135
24/05/2011,17.56,17.79,17.38,17.42,15.77,2429918
25/05/2011,17.36,18.1,17.29,17.71,16.02,5002420
26/05/2011,17.64,18.24,17.49,18.2,16.47,3133682
27/05/2011,18.19,18.72,18.17,18.58,16.81,3257654
31/05/2011,18.7,18.73,18.27,18.66,16.89,3209754
01/06/2011,18.58,18.7,18.21,18.24,16.5,3783952
02/06/2011,18.24,18.46,17.79,17.88,16.17,4155055
03/06/2011,17.59,17.94,17.57,17.68,16.0,2655590
06/06/2011,17.6,17.63,17.12,17.14,15.51,2941266
07/06/2011,17.19,17.21,16.75,16.76,15.16,4264790
08/06/2011,16.71,16.82,16.39,16.5,14.93,5196565
09/06/2011,16.54,17.03,16.32,16.76,15.16,3311250
10/06/2011,16.67,16.72,16.12,16.41,14.85,4105527
13/06/2011,16.49,16.67,16.28,16.58,15.0,3477632
14/06/2011,16.77,17.15,16.75,16.94,15.33,3546177
15/06/2011,16.72,16.89,16.53,16.61,15.03,3642996
16/06/2011,16.67,17.3,16.62,16.95,15.34,4784375
17/06/2011,17.1,17.22,16.9,17.17,15.53,3265079
20/06/2011,17.06,17.36,16.88,17.3,15.65,2517075
21/06/2011,17.39,17.7,17.32,17.54,15.87,3277181
22/06/2011,17.48,18.15,17.36,17.8,16.1,7131611
23/06/2011,18.06,18.54,17.78,18.2,16.47,7749947
24/06/2011,18.22,18.23,17.57,17.74,16.05,3714389
27/06/2011,17.7,18.19,17.52,18.13,16.41,3102765
28/06/2011,18.26,18.26,18.01,18.18,16.45,2647454
29/06/2011,18.2,18.29,17.82,18.08,16.36,4675454
30/06/2011,18.16,18.33,17.8,17.85,16.15,6469646
01/07/2011,17.88,18.53,17.88,18.45,16.69,3298233
05/07/2011,18.39,18.45,18.02,18.27,16.57,2390357
06/07/2011,18.11,18.17,17.93,17.99,16.32,2282657
07/07/2011,18.21,18.78,18.14,18.58,16.85,3426680
08/07/2011,18.32,18.54,18.01,18.53,16.81,3186770
11/07/2011,18.26,18.29,17.88,17.9,16.23,2737866
12/07/2011,17.78,18.08,17.64,17.73,16.08,3147513
13/07/2011,17.86,18.09,17.69,17.74,16.08,2525109
14/07/2011,17.75,17.86,17.52,17.54,15.91,3479666
15/07/2011,17.64,17.64,17.37,17.44,15.82,3150259
18/07/2011,17.4,17.44,16.85,17.08,15.49,4230008
19/07/2011,17.33,18.28,17.33,18.21,16.51,7344062
20/07/2011,18.24,18.24,18.04,18.08,16.4,3234162
21/07/2011,18.27,18.44,18.08,18.32,16.61,3388339
22/07/2011,18.35,18.35,18.01,18.29,16.58,2246350
25/07/2011,18.11,18.22,17.94,17.99,16.32,2164074
26/07/2011,17.96,17.96,17.62,17.74,16.08,3099714
27/07/2011,17.67,17.7,17.04,17.17,15.57,4648809
28/07/2011,17.15,18.18,17.15,17.35,15.73,4663759
29/07/2011,17.13,17.69,17.03,17.39,15.77,3471631
01/08/2011,17.61,17.7,17.09,17.28,15.67,2960487
02/08/2011,17.05,17.23,16.66,16.68,15.12,4455070
03/08/2011,16.72,17.01,16.08,16.77,15.21,5002013
04/08/2011,16.53,16.58,15.39,15.41,13.97,7299924
05/08/2011,15.51,15.73,14.86,15.17,13.76,8494493
08/08/2011,14.71,14.96,13.62,13.9,12.61,9072454
09/08/2011,14.15,14.48,13.42,14.43,13.09,7687300
10/08/2011,14.08,14.18,12.99,13.1,11.88,10154440
11/08/2011,13.18,14.01,12.88,13.8,12.51,6635417
12/08/2011,13.92,14.2,13.64,13.85,12.56,4050203
15/08/2011,13.93,14.72,13.88,14.67,13.3,4890753
16/08/2011,14.49,14.78,14.32,14.46,13.12,3911585
17/08/2011,14.49,14.68,14.0,14.16,12.84,3690693
18/08/2011,13.8,13.8,12.94,13.08,11.86,5789679
19/08/2011,12.95,13.24,12.47,12.51,11.34,4641588
22/08/2011,12.85,12.92,12.43,12.5,11.33,5387252
23/08/2011,12.6,12.75,12.18,12.5,11.33,6609483
24/08/2011,12.19,12.95,12.19,12.92,11.72,5200735
25/08/2011,13.03,13.44,12.9,13.18,11.95,6858851
26/08/2011,13.02,13.67,12.72,13.35,12.11,6758982
29/08/2011,13.6,14.12,13.6,14.1,12.79,5817037
30/08/2011,14.04,14.73,13.88,14.41,13.07,6230345
31/08/2011,14.84,15.03,14.4,14.45,13.11,6224447
01/09/2011,14.54,14.73,14.12,14.14,12.82,3693439
02/09/2011,13.73,13.96,13.52,13.65,12.38,3177515
06/09/2011,13.13,13.72,13.03,13.57,12.3,3811919
07/09/2011,13.83,14.16,13.6,14.08,12.77,4501954
08/09/2011,14.0,14.37,13.59,13.72,12.44,4771459
09/09/2011,13.43,13.53,12.93,13.25,12.02,6860072
12/09/2011,13.04,13.34,12.9,13.28,12.05,4313300
13/09/2011,13.29,13.48,13.04,13.11,11.88,3628249
14/09/2011,13.23,13.72,13.01,13.49,12.23,3690591
15/09/2011,13.7,13.72,13.24,13.62,12.35,3190024
16/09/2011,13.66,13.91,13.45,13.57,12.3,5163512
19/09/2011,13.74,14.41,13.66,14.23,12.9,7911243
20/09/2011,14.35,14.51,13.82,13.86,12.57,5046863
21/09/2011,13.83,14.26,13.66,13.67,12.39,5939077
22/09/2011,13.48,13.56,12.69,12.92,11.72,7979484
23/09/2011,12.99,13.43,12.87,13.18,11.95,4174988
26/09/2011,13.28,13.73,12.9,13.68,12.4,4586060
27/09/2011,13.99,14.16,13.33,13.48,12.22,5250161
28/09/2011,13.48,13.6,13.03,13.1,11.88,4204278
29/09/2011,13.43,14.0,13.27,14.0,12.7,6852139
30/09/2011,13.82,13.82,13.29,13.31,12.07,5409525
03/10/2011,13.19,13.47,12.52,12.53,11.36,4359574
04/10/2011,12.28,12.98,11.94,12.97,11.76,7424100
05/10/2011,13.06,13.72,12.76,13.59,12.32,5229007
06/10/2011,13.6,14.11,13.42,14.07,12.76,3745306
07/10/2011,14.22,14.34,13.63,13.88,12.59,4874583
10/10/2011,14.23,14.74,14.16,14.74,13.36,4028134
11/10/2011,14.58,15.0,14.5,14.74,13.36,3206906
12/10/2011,14.95,15.4,14.71,15.03,13.63,5814392
13/10/2011,14.94,15.37,14.59,14.92,13.53,6629315
14/10/2011,15.14,15.31,14.72,15.05,13.65,4409204
17/10/2011,14.94,15.02,14.29,14.33,13.02,3807851
18/10/2011,14.3,15.98,14.12,15.65,14.23,10494321
19/10/2011,16.03,16.09,15.21,15.3,13.91,9289583
20/10/2011,15.25,15.95,14.62,15.82,14.38,9263039
21/10/2011,15.99,16.82,15.98,16.45,14.96,9753132
24/10/2011,16.53,16.96,16.39,16.74,15.21,5485495
25/10/2011,16.39,16.57,15.68,15.72,14.29,7950194
26/10/2011,16.05,16.31,15.66,16.2,14.73,5119985
27/10/2011,16.75,17.12,16.21,16.9,15.37,6028369
28/10/2011,16.74,16.9,16.38,16.76,15.24,5501868
31/10/2011,16.49,16.69,16.25,16.26,14.79,3727508
01/11/2011,15.76,16.08,15.35,15.53,14.11,6137493
02/11/2011,15.83,16.39,15.67,16.23,14.76,4645554
03/11/2011,16.42,16.87,15.92,16.78,15.26,6567786
04/11/2011,16.59,17.0,16.52,16.88,15.35,4578737
07/11/2011,16.95,17.35,16.74,17.2,15.63,6147358
08/11/2011,17.34,17.86,17.27,17.73,16.12,7334197
09/11/2011,17.2,17.37,16.52,16.66,15.14,6878683
10/11/2011,16.87,17.49,16.83,17.39,15.81,7165579
11/11/2011,17.51,17.89,17.32,17.81,16.19,5524039
14/11/2011,17.69,17.82,17.42,17.62,16.02,3351320
15/11/2011,17.45,17.9,17.3,17.74,16.13,4063118
16/11/2011,17.5,18.51,17.4,18.06,16.42,7705809
17/11/2011,18.09,18.31,17.53,17.82,16.2,6000707
18/11/2011,17.72,17.85,17.22,17.37,15.8,6972552
21/11/2011,17.07,17.22,16.82,17.03,15.48,5389185
22/11/2011,16.42,17.06,16.31,16.8,15.28,15513521
23/11/2011,16.58,16.62,16.15,16.17,14.7,10460964
25/11/2011,16.05,16.54,16.04,16.17,14.7,2401849
28/11/2011,16.64,16.9,16.37,16.51,15.01,8584700
29/11/2011,16.65,17.0,16.4,16.74,15.21,6193022
30/11/2011,17.6,18.16,17.21,18.1,16.46,8534867
01/12/2011,18.01,18.38,17.82,18.14,16.49,5579465
02/12/2011,18.35,18.59,18.05,18.1,16.46,5469833
05/12/2011,18.48,19.04,18.37,18.96,17.23,9273515
06/12/2011,18.94,19.27,18.77,18.95,17.23,7834561
07/12/2011,18.85,19.46,18.85,19.27,17.52,9182188
08/12/2011,19.12,19.17,18.58,18.7,17.0,5941009
09/12/2011,18.82,19.36,18.73,19.31,17.56,5169411
12/12/2011,18.98,19.27,18.71,19.2,17.46,5784798
13/12/2011,19.32,19.45,18.32,18.41,16.73,6350657
14/12/2011,18.27,18.37,17.91,17.93,16.3,4914958
15/12/2011,18.18,18.46,18.05,18.09,16.45,5498004
16/12/2011,18.23,18.63,18.2,18.46,16.78,6061930
19/12/2011,18.62,18.83,18.14,18.2,16.55,6394286
20/12/2011,18.61,19.41,18.61,19.35,17.59,5946908
21/12/2011,19.45,19.72,19.08,19.65,17.86,7326875
22/12/2011,19.79,19.85,19.21,19.25,17.5,4165530
23/12/2011,19.45,19.45,18.75,19.05,17.32,4021523
27/12/2011,19.01,19.15,18.92,18.98,17.25,2531211
28/12/2011,18.98,19.11,18.52,18.66,16.97,2186855
29/12/2011,18.78,19.55,18.78,19.53,17.75,3671777
30/12/2011,19.5,19.65,19.32,19.32,17.57,1919384
03/01/2012,19.73,20.26,19.55,19.56,17.78,5370370
04/01/2012,19.53,19.93,19.23,19.87,18.07,3821276
05/01/2012,19.68,20.47,19.3,20.42,18.57,6371912
06/01/2012,20.36,20.58,20.05,20.06,18.24,4943027
09/01/2012,20.24,20.49,20.17,20.33,18.49,4459342
10/01/2012,20.59,21.13,20.29,20.41,18.56,9201511
11/01/2012,20.66,22.15,20.62,21.88,19.89,15210557
12/01/2012,21.28,22.07,21.16,21.81,19.83,9616040
13/01/2012,21.49,21.8,21.17,21.64,19.68,5065982
17/01/2012,21.98,22.05,21.09,21.66,19.69,7451457
18/01/2012,21.6,22.72,21.47,22.62,20.56,9325178
19/01/2012,22.39,22.62,22.12,22.27,20.25,8332179
20/01/2012,22.24,22.36,21.53,21.69,19.72,6990756
23/01/2012,21.84,22.07,21.29,21.39,19.44,6863835
24/01/2012,21.19,22.04,21.05,22.0,20.0,7895276
25/01/2012,21.99,22.7,21.73,22.42,20.42,7795915
26/01/2012,22.59,22.72,21.7,21.76,19.82,6263805
27/01/2012,21.64,22.14,21.4,21.91,19.95,6585685
30/01/2012,21.61,21.85,21.43,21.77,19.83,3920027
31/01/2012,22.13,22.37,20.97,21.13,19.24,6454289
01/02/2012,21.38,21.62,21.13,21.47,19.55,5060897
02/02/2012,21.54,21.69,21.13,21.38,19.47,4063220
03/02/2012,21.91,23.08,21.87,22.95,20.9,8059623
06/02/2012,22.68,22.9,22.08,22.31,20.32,5350946
07/02/2012,22.2,22.78,22.12,22.38,20.38,5188429
08/02/2012,22.42,23.02,22.18,22.98,20.93,6279365
09/02/2012,23.14,23.42,22.66,23.34,21.26,6377912
10/02/2012,22.82,23.24,22.77,22.96,20.91,6423779
13/02/2012,23.19,23.7,23.06,23.56,21.46,6685656
14/02/2012,23.46,23.68,23.11,23.4,21.31,5781950
15/02/2012,23.54,23.94,23.09,23.17,21.1,7778321
16/02/2012,23.18,23.5,22.71,23.02,20.96,5980570
17/02/2012,22.97,23.2,22.75,22.97,20.92,4052135
21/02/2012,22.99,23.2,21.99,22.15,20.18,5825986
22/02/2012,22.19,22.42,21.64,21.72,19.78,6737218
23/02/2012,21.73,22.46,21.67,22.28,20.29,5287180
24/02/2012,22.43,22.63,21.82,22.01,20.04,4223194
27/02/2012,21.77,22.77,21.76,22.56,20.54,4995301
28/02/2012,22.52,22.59,21.94,22.13,20.16,4829631
29/02/2012,22.14,23.35,22.11,22.99,20.94,9228767
01/03/2012,23.13,23.39,22.77,22.99,20.94,5470341
02/03/2012,22.85,23.07,22.37,22.57,20.55,4187599
05/03/2012,22.46,22.83,22.27,22.48,20.47,3065238
06/03/2012,22.17,22.26,21.83,21.99,20.02,4223703
07/03/2012,22.03,23.35,22.03,23.23,21.15,8964753
08/03/2012,23.41,24.67,23.37,24.28,22.11,8993331
09/03/2012,24.68,25.57,24.62,25.02,22.79,9455964
12/03/2012,25.18,25.5,24.93,25.11,22.87,5118256
13/03/2012,25.21,26.3,25.21,26.24,23.9,6619653
14/03/2012,26.31,26.55,25.77,25.93,23.61,6950483
15/03/2012,25.93,26.56,25.69,26.44,24.08,8727589
16/03/2012,26.62,26.62,25.91,26.13,23.79,6678232
19/03/2012,26.21,26.37,25.6,26.11,23.78,7271042
20/03/2012,25.9,26.11,25.58,25.99,23.67,4288689
21/03/2012,26.15,26.47,25.81,26.18,23.84,4948925
22/03/2012,25.89,26.0,25.42,25.68,23.39,3742052
23/03/2012,25.06,25.93,24.59,25.43,23.16,11342093
26/03/2012,25.84,25.96,25.07,25.96,23.64,8340926
27/03/2012,26.67,27.81,26.57,27.17,24.74,17016647
28/03/2012,27.15,27.55,26.83,27.21,24.78,7889784
29/03/2012,27.0,27.0,26.33,26.76,24.37,7171274
30/03/2012,26.8,26.98,26.43,26.73,24.34,7060319
02/04/2012,26.51,26.56,26.12,26.13,23.79,6505241
03/04/2012,26.14,26.34,25.76,26.32,23.97,8908310
04/04/2012,25.92,26.28,25.58,26.19,23.86,7447389
05/04/2012,26.06,26.35,25.58,25.81,23.51,6492426
09/04/2012,25.39,26.04,25.23,25.98,23.66,6398252
10/04/2012,25.85,26.19,24.06,24.09,21.94,11077673
11/04/2012,24.48,25.68,24.48,25.32,23.06,7498544
12/04/2012,25.31,26.07,25.09,26.06,23.73,6088372
13/04/2012,26.29,26.35,25.32,25.67,23.38,5449391
16/04/2012,26.04,26.46,25.18,25.36,23.1,4932348
17/04/2012,25.58,25.8,25.38,25.4,23.13,3980640
18/04/2012,25.07,25.4,24.75,25.12,22.88,4564499
19/04/2012,25.15,25.41,23.99,24.44,22.26,7980602
20/04/2012,24.55,25.66,24.38,25.34,23.08,6523343
23/04/2012,24.79,24.86,23.89,24.31,22.17,7330028
24/04/2012,24.41,25.16,24.24,24.85,22.66,4766882
25/04/2012,25.1,25.59,24.88,25.47,23.23,3490954
26/04/2012,25.86,26.97,25.67,26.92,24.56,8530291
27/04/2012,27.17,28.24,26.99,27.94,25.48,8074777
30/04/2012,27.73,27.86,27.09,27.28,24.88,3819242
01/05/2012,27.29,28.27,26.88,27.79,25.35,4827394
02/05/2012,27.57,29.58,27.57,28.53,26.03,12853253
03/05/2012,28.59,28.86,27.93,27.97,25.52,4854243
04/05/2012,27.81,28.35,27.37,27.65,25.22,5998266
07/05/2012,27.57,28.09,27.48,27.9,25.45,5249652
08/05/2012,27.58,27.74,26.38,27.44,25.03,7765202
09/05/2012,27.04,28.69,26.73,28.46,25.96,10012060
10/05/2012,28.71,28.91,27.54,27.63,25.2,6754711
11/05/2012,27.27,28.42,26.95,27.97,25.52,4532261
14/05/2012,27.79,28.67,27.79,27.9,25.45,5358675
15/05/2012,27.94,29.44,27.43,28.67,26.15,10856068
16/05/2012,29.07,29.62,28.68,28.78,26.25,8992924
17/05/2012,28.81,29.05,26.36,26.44,24.12,11726315
18/05/2012,26.57,26.6,24.98,25.74,23.48,11124455
21/05/2012,25.78,26.7,25.2,26.56,24.23,6200242
22/05/2012,26.6,27.64,26.56,27.15,24.76,6735083
23/05/2012,26.95,28.0,26.61,27.94,25.48,8324857
24/05/2012,28.01,28.52,27.2,27.79,25.35,8566700
25/05/2012,27.89,28.02,27.48,27.73,25.29,4471139
29/05/2012,28.02,28.35,27.55,28.27,25.79,5056016
30/05/2012,27.93,27.93,26.29,26.37,24.06,9073166
31/05/2012,26.31,27.23,25.52,26.83,24.48,8409675
01/06/2012,25.79,25.94,24.16,24.6,22.44,16069007
04/06/2012,24.69,24.78,23.09,23.28,21.24,14540354
05/06/2012,23.24,25.09,23.22,24.85,22.66,12081045
06/06/2012,25.21,26.4,25.15,25.85,23.58,9617464
07/06/2012,26.38,26.79,25.52,25.6,23.36,8596701
08/06/2012,24.78,26.16,24.76,26.11,23.81,5783882
11/06/2012,26.36,26.49,24.88,24.92,22.73,4333132
12/06/2012,25.01,25.37,24.71,25.15,22.94,5498817
13/06/2012,25.2,25.2,23.97,24.25,22.12,9126660
14/06/2012,24.35,25.31,24.3,25.12,22.92,7749845
15/06/2012,25.32,25.59,24.88,25.47,23.23,4658369
18/06/2012,25.32,26.67,25.28,26.52,24.19,8489713
19/06/2012,26.69,27.01,26.35,26.58,24.24,6590262
20/06/2012,26.64,27.04,26.18,26.46,24.14,6024708
21/06/2012,26.58,26.7,25.62,25.65,23.4,7348334
22/06/2012,25.97,26.21,25.34,25.93,23.65,4250755
25/06/2012,25.76,26.44,25.36,26.14,23.84,7330231
26/06/2012,26.36,27.62,26.35,26.93,24.57,10943835
27/06/2012,28.03,28.95,27.57,28.22,25.74,18135754
28/06/2012,28.04,28.91,27.87,28.87,26.33,6883056
29/06/2012,29.48,30.41,29.12,30.39,27.72,8231293
02/07/2012,30.62,30.68,29.75,30.58,27.89,6409134
03/07/2012,30.67,30.73,30.3,30.53,27.85,2725865
05/07/2012,30.42,31.05,30.18,30.97,28.25,4958078
06/07/2012,30.56,31.37,30.29,31.28,28.53,5665910
09/07/2012,31.07,31.27,30.58,30.94,28.26,7871478
10/07/2012,31.22,31.35,29.69,30.0,27.4,7887852
11/07/2012,30.35,30.35,29.3,29.48,26.92,6890480
12/07/2012,29.36,30.85,29.15,30.54,27.89,6772101
13/07/2012,30.88,31.29,30.4,30.5,27.86,6006402
16/07/2012,30.56,31.09,30.01,30.87,28.19,3520040
17/07/2012,31.05,31.05,30.0,30.63,27.97,6026844
18/07/2012,30.55,31.22,29.59,29.87,27.28,6852749
19/07/2012,29.84,30.08,29.02,29.81,27.23,8321704
20/07/2012,29.6,30.83,29.6,30.32,27.7,5503597
23/07/2012,29.75,30.67,29.66,30.32,27.7,4747153
24/07/2012,30.28,30.72,29.4,29.75,27.17,4785188
25/07/2012,29.98,30.16,28.47,28.55,26.08,6321469
26/07/2012,29.13,29.85,28.97,29.69,27.11,5739745
27/07/2012,29.85,30.28,28.86,29.83,27.25,4849971
30/07/2012,29.77,30.13,28.8,29.07,26.55,4147733
31/07/2012,29.09,29.42,28.57,28.72,26.23,4781832
01/08/2012,28.91,29.28,28.37,28.49,26.02,4521480
02/08/2012,28.29,29.23,28.03,29.1,26.57,5488952
03/08/2012,29.5,29.87,28.93,29.59,27.02,6456119
06/08/2012,29.7,29.99,29.01,29.2,26.67,3338404
07/08/2012,29.41,29.99,28.77,29.86,27.27,4147631
08/08/2012,29.67,30.25,29.27,30.2,27.58,3852498
09/08/2012,30.13,31.3,30.13,30.96,28.28,5437899
10/08/2012,30.96,31.01,30.25,30.68,28.02,3202635
13/08/2012,30.71,30.99,30.14,30.71,28.05,4422119
14/08/2012,30.92,31.33,30.61,30.76,28.09,3520040
15/08/2012,30.75,31.07,30.38,30.81,28.14,3024965
16/08/2012,30.78,32.0,30.52,31.87,29.11,5704150
17/08/2012,32.17,32.26,31.48,32.19,29.4,3669234
20/08/2012,32.17,32.2,30.92,31.35,28.63,4298961
21/08/2012,31.44,31.82,30.55,30.66,28.0,6096813
22/08/2012,31.08,32.18,31.03,31.81,29.05,7425931
23/08/2012,31.61,32.16,31.44,31.49,28.76,4243636
24/08/2012,31.47,32.3,31.34,32.08,29.3,4029456
27/08/2012,32.2,32.25,31.41,31.47,28.75,3507633
28/08/2012,31.47,32.04,31.43,31.73,28.98,3934366
29/08/2012,31.67,31.96,31.53,31.68,28.93,2784444
30/08/2012,31.58,31.76,30.92,31.56,28.83,2597418
31/08/2012,31.9,32.25,31.37,31.89,29.12,2708373
04/09/2012,31.86,32.59,31.63,32.31,29.51,3176396
05/09/2012,32.24,32.5,31.99,32.33,29.53,3053237
06/09/2012,32.56,33.63,32.45,33.51,30.61,5691742
07/09/2012,33.57,33.65,32.95,33.36,30.47,3427595
10/09/2012,33.38,33.43,32.58,32.64,29.81,4907534
11/09/2012,32.59,32.98,32.34,32.53,29.71,4925738
12/09/2012,32.74,33.94,32.74,33.94,31.0,6172376
13/09/2012,33.89,34.85,33.24,34.53,31.54,4968452
14/09/2012,35.07,36.14,34.98,35.86,32.75,6580193
17/09/2012,35.9,36.0,34.98,35.34,32.28,4020811
18/09/2012,35.29,35.88,34.74,35.0,31.96,3796868
19/09/2012,34.96,36.07,34.88,35.65,32.56,5067406
20/09/2012,35.4,36.07,35.16,35.99,32.87,4996318
21/09/2012,36.27,37.25,36.13,36.88,33.69,8735827
24/09/2012,37.63,37.63,35.44,36.34,33.19,14165488
25/09/2012,36.21,36.88,35.57,35.65,32.56,8882173
26/09/2012,35.46,36.18,33.7,34.06,31.11,10066063
27/09/2012,33.91,35.08,33.68,34.67,31.66,5800561
28/09/2012,34.42,34.59,34.1,34.19,31.22,3694354
01/10/2012,34.68,34.75,33.94,34.07,31.12,3248807
02/10/2012,34.52,34.55,33.82,34.41,31.42,5400168
03/10/2012,34.44,36.88,34.44,36.78,33.6,8970449
04/10/2012,36.8,36.93,36.11,36.88,33.69,7253651
05/10/2012,37.25,37.58,37.01,37.29,34.05,5970705
08/10/2012,37.14,37.42,36.76,36.98,33.78,5878260
09/10/2012,36.86,36.92,36.05,36.22,33.08,5516411
10/10/2012,36.16,36.88,36.05,36.17,33.03,4106036
11/10/2012,36.37,36.38,34.78,35.12,32.11,5501563
12/10/2012,35.29,35.4,34.66,35.16,32.15,6651383
15/10/2012,35.26,36.53,35.19,36.43,33.31,4148038
16/10/2012,36.67,36.74,35.81,36.7,33.55,3849243
17/10/2012,37.34,38.29,37.17,37.49,34.28,7203920
18/10/2012,37.44,38.07,37.42,38.03,34.77,4604569
19/10/2012,37.99,38.59,37.67,38.08,34.82,8538122
22/10/2012,37.88,38.34,37.17,37.54,34.32,3745611
23/10/2012,37.0,37.41,36.63,37.12,33.94,3988369
24/10/2012,37.24,37.91,37.09,37.56,34.34,3713372
25/10/2012,38.0,38.16,36.23,36.88,33.72,4941705
26/10/2012,36.76,37.02,35.79,36.4,33.28,3746120
31/10/2012,36.8,37.33,36.06,36.84,33.69,3411527
01/11/2012,37.0,37.94,36.87,37.65,34.42,3949723
02/11/2012,37.86,38.33,36.64,36.69,33.54,4178751
05/11/2012,36.68,38.04,36.47,37.97,34.72,3539363
06/11/2012,37.99,38.35,37.57,38.24,34.96,5311384
07/11/2012,37.68,38.67,37.56,38.4,35.11,6254957
08/11/2012,38.45,38.45,37.33,37.77,34.53,4379202
09/11/2012,37.56,38.24,36.08,37.47,34.26,7974704
12/11/2012,37.71,38.06,35.7,35.77,32.71,7180732
13/11/2012,35.47,36.48,35.18,35.6,32.55,6710675
14/11/2012,35.91,35.94,34.35,34.42,31.47,6892718
15/11/2012,34.35,35.3,33.35,34.32,31.38,9398707
16/11/2012,34.41,35.85,34.25,35.53,32.48,7013639
19/11/2012,36.17,36.91,35.67,36.19,33.09,5598382
20/11/2012,36.5,37.86,36.39,37.46,34.25,6977840
21/11/2012,37.49,38.15,37.23,37.68,34.45,4104714
23/11/2012,37.83,38.2,37.29,38.03,34.77,1253351
26/11/2012,37.69,38.08,37.34,37.9,34.65,6093152
27/11/2012,37.94,38.64,37.78,38.07,34.81,4892075
28/11/2012,37.81,38.19,36.82,37.74,34.5,5579974
29/11/2012,37.89,38.33,37.33,37.59,34.37,4381948
30/11/2012,37.61,37.7,36.93,37.4,34.2,10821999
03/12/2012,37.67,37.76,37.14,37.18,33.99,4631621
04/12/2012,37.64,37.74,36.9,37.15,33.96,5657063
05/12/2012,37.16,37.24,35.43,35.81,32.74,5948230
06/12/2012,35.53,36.17,34.92,35.68,32.63,5105035
07/12/2012,35.83,36.42,35.53,36.08,32.98,3155344
10/12/2012,36.09,36.38,35.57,35.99,32.9,2478429
11/12/2012,36.16,36.52,35.64,35.8,32.73,4821495
12/12/2012,36.11,37.5,36.04,37.24,34.05,5130358
13/12/2012,37.12,37.42,36.44,36.58,33.44,3306877
14/12/2012,36.49,36.81,36.15,36.69,33.54,2987946
17/12/2012,36.73,38.15,36.73,38.15,34.88,4122410
18/12/2012,38.29,39.06,38.08,39.05,35.7,5451120
19/12/2012,39.01,39.21,37.71,38.61,35.3,8068776
20/12/2012,38.46,39.0,38.03,38.63,35.32,4277197
21/12/2012,38.11,38.14,37.34,37.82,34.58,5511937
24/12/2012,37.73,38.21,37.55,37.64,34.41,1273589
26/12/2012,37.83,38.18,37.35,37.37,34.17,2601689
27/12/2012,37.51,37.86,36.4,37.44,34.23,4035253
28/12/2012,37.09,37.42,36.76,36.99,33.82,2225094
31/12/2012,36.96,38.07,36.63,38.02,34.76,3056797
02/01/2013,39.28,39.33,38.8,39.21,35.85,3458207
03/01/2013,39.28,40.14,38.83,39.24,35.88,4062203
04/01/2013,39.23,39.6,38.91,39.56,36.17,3091985
07/01/2013,39.38,40.55,39.29,40.53,37.06,4801766
08/01/2013,40.45,40.69,39.91,40.48,37.01,2959572
09/01/2013,40.78,41.3,40.56,41.01,37.5,3330573
10/01/2013,41.23,41.26,40.04,40.33,36.88,3650318
11/01/2013,40.43,41.1,39.85,40.27,36.81,3352744
14/01/2013,40.46,40.76,39.98,40.33,36.88,4126884
15/01/2013,40.02,40.61,39.13,40.0,36.57,13196897
16/01/2013,40.07,40.48,39.76,39.84,36.43,4803189
17/01/2013,40.36,41.42,40.28,41.24,37.7,5966942
18/01/2013,41.35,41.63,40.91,41.38,37.83,3976979
22/01/2013,41.32,41.48,40.5,41.37,37.82,4362218
23/01/2013,41.23,41.98,41.22,41.9,38.31,3635470
24/01/2013,41.96,42.42,41.43,41.59,38.03,4150886
25/01/2013,41.72,42.46,41.42,42.35,38.72,3217585
28/01/2013,42.35,42.5,41.09,41.21,37.68,3882398
29/01/2013,41.7,42.27,41.33,41.97,38.37,3979521
30/01/2013,41.81,41.82,40.61,40.9,37.43,3985420
31/01/2013,40.51,40.98,40.0,40.85,37.38,3415188
01/02/2013,41.15,41.56,40.33,40.38,36.96,3411120
04/02/2013,40.33,40.76,39.85,39.87,36.49,3208025
05/02/2013,40.18,40.61,39.16,40.29,36.87,4145495
06/02/2013,40.14,40.68,39.91,40.02,36.62,2399612
07/02/2013,40.07,40.26,39.02,39.45,36.1,3444579
08/02/2013,39.58,39.68,38.8,39.29,35.96,3690591
11/02/2013,39.19,39.51,38.55,38.61,35.34,4539278
12/02/2013,38.63,40.86,38.63,40.19,36.78,6005690
13/02/2013,40.21,40.59,39.78,40.15,36.74,2631182
14/02/2013,40.12,40.36,39.88,39.96,36.57,2227128
15/02/2013,39.94,40.44,39.39,39.53,36.17,2678371
19/02/2013,39.58,39.91,38.37,39.24,35.91,3863685
20/02/2013,38.84,38.94,36.41,36.56,33.46,7688215
21/02/2013,36.57,37.25,36.0,37.06,33.92,6933804
22/02/2013,37.24,37.58,36.8,37.25,34.09,3393322
25/02/2013,37.52,37.73,36.02,36.05,32.99,3795139
26/02/2013,36.29,37.47,36.15,37.37,34.2,5730388
27/02/2013,37.48,38.5,37.19,38.29,35.04,4415204
28/02/2013,38.38,39.08,37.87,37.94,34.73,4110104
01/03/2013,37.8,38.39,37.15,38.19,34.95,3968334
04/03/2013,38.11,39.2,38.1,39.19,35.87,4105832
05/03/2013,39.36,40.29,39.3,40.01,36.62,4212719
06/03/2013,40.29,41.02,40.18,40.56,37.12,4204583
07/03/2013,40.39,40.81,39.92,40.73,37.27,2978996
08/03/2013,41.08,41.14,40.25,41.02,37.54,3849854
11/03/2013,40.83,41.39,40.68,41.11,37.62,3000048
12/03/2013,40.96,41.1,40.26,40.3,36.89,3448952
13/03/2013,40.24,40.68,39.7,40.49,37.06,3950842
14/03/2013,40.56,41.36,40.55,41.24,37.74,3185854
15/03/2013,41.35,41.59,40.71,41.07,37.59,3972809
18/03/2013,40.56,41.1,40.34,40.88,37.42,3160429
19/03/2013,41.51,41.59,40.31,40.73,37.27,4515887
20/03/2013,41.04,43.17,40.44,42.67,39.05,9970871
21/03/2013,42.58,42.67,41.4,41.68,38.15,6750643
22/03/2013,41.79,41.88,41.12,41.42,37.9,3581976
25/03/2013,41.43,42.15,40.64,40.87,37.4,3540380
26/03/2013,41.0,41.28,40.57,41.02,37.54,3076832
27/03/2013,40.6,41.13,40.47,41.09,37.61,2571078
28/03/2013,41.14,41.15,40.42,40.79,37.33,4041761
01/04/2013,40.69,40.95,39.76,39.93,36.54,3721915
02/04/2013,40.06,40.45,39.34,39.36,36.02,3758018
03/04/2013,39.34,39.46,37.45,38.28,35.03,6752168
04/04/2013,38.52,38.54,37.81,38.14,34.91,4549041
05/04/2013,37.44,38.84,37.32,38.68,35.4,4285536
08/04/2013,38.62,39.78,38.09,39.76,36.39,4171632
09/04/2013,39.72,39.95,38.8,39.08,35.76,3321115
10/04/2013,39.19,39.22,38.35,38.85,35.55,3768697
11/04/2013,38.77,39.06,38.24,38.41,35.15,4411949
12/04/2013,38.13,40.1,38.08,39.8,36.43,6134849
15/04/2013,39.39,39.45,37.03,37.15,34.0,6246617
16/04/2013,38.2,38.57,37.1,38.05,34.82,6227498
17/04/2013,37.66,37.77,36.76,37.65,34.46,4294791
18/04/2013,37.66,37.68,36.2,36.61,33.5,4702303
19/04/2013,36.88,37.65,36.15,37.53,34.35,4549346
22/04/2013,37.53,38.21,36.49,38.14,34.94,4980452
23/04/2013,39.68,40.83,39.18,40.76,37.34,8183901
24/04/2013,40.88,41.53,40.19,40.72,37.3,4980351
25/04/2013,40.84,41.79,40.47,41.23,37.77,3541092
26/04/2013,41.67,42.15,41.1,41.59,38.1,4097086
29/04/2013,41.56,42.18,40.68,40.73,37.31,3815479
30/04/2013,40.6,40.94,39.79,40.53,37.13,5029370
01/05/2013,40.12,40.34,39.55,39.7,36.37,3389356
02/05/2013,40.07,41.5,39.77,41.22,37.76,4049491
03/05/2013,41.75,42.6,41.06,41.41,37.93,4683183
06/05/2013,41.34,41.76,41.06,41.42,37.94,1921723
07/05/2013,41.46,41.65,40.84,41.49,38.01,2150040
08/05/2013,41.36,41.62,40.72,41.54,38.06,3185854
09/05/2013,41.52,42.89,41.51,41.69,38.19,3371558
10/05/2013,41.6,42.17,41.55,41.97,38.45,2364525
13/05/2013,41.77,42.7,41.74,42.52,38.95,2958860
14/05/2013,42.48,43.38,42.29,43.15,39.53,4045118
15/05/2013,43.04,43.45,42.64,42.97,39.37,2917366
16/05/2013,42.56,43.08,41.66,42.22,38.68,4833903
17/05/2013,42.39,43.24,42.39,43.09,39.47,2690677
20/05/2013,43.06,43.66,42.29,42.5,38.93,3066255
21/05/2013,42.58,42.74,40.91,41.76,38.26,4824648
22/05/2013,42.1,43.08,41.14,41.58,38.09,4926653
23/05/2013,40.95,43.06,40.56,42.67,39.09,8150238
24/05/2013,42.2,42.25,41.64,42.07,38.55,2966284
28/05/2013,42.77,42.97,41.09,41.5,38.02,4170514
29/05/2013,41.01,41.08,39.55,39.69,36.36,6770372
30/05/2013,39.8,40.41,39.19,39.47,36.16,4278824
31/05/2013,39.3,39.96,38.6,38.66,35.42,4754678
03/06/2013,38.92,39.23,37.36,38.57,35.34,5440950
04/06/2013,38.71,39.23,37.18,37.4,34.27,8414150
05/06/2013,37.35,37.84,36.18,36.82,33.74,6622907
06/06/2013,36.79,37.98,36.28,37.91,34.73,6168715
07/06/2013,38.39,38.94,37.25,37.95,34.77,6342521
10/06/2013,37.44,37.59,36.28,36.69,33.61,5896363
11/06/2013,36.22,36.85,35.72,36.01,32.99,5767305
12/06/2013,36.74,36.89,35.9,36.11,33.08,5847140
13/06/2013,36.15,38.44,36.14,38.08,34.89,7701639
14/06/2013,37.95,38.98,37.95,38.38,35.16,4928789
17/06/2013,38.75,39.3,38.28,38.66,35.42,5056219
18/06/2013,38.59,38.75,37.72,38.66,35.42,5091305
19/06/2013,38.68,38.86,37.14,37.22,34.1,5766085
20/06/2013,36.68,36.68,33.88,34.36,31.47,17969170
21/06/2013,34.68,35.08,32.8,34.66,31.75,16268441
24/06/2013,34.1,34.95,33.24,34.41,31.52,13598409
25/06/2013,35.98,36.32,34.22,34.64,31.74,22120665
26/06/2013,35.05,35.64,34.72,35.41,32.44,8014367
27/06/2013,36.02,36.87,35.75,36.76,33.67,8764201
28/06/2013,36.44,36.46,35.4,35.44,32.46,9011434
01/07/2013,35.69,36.29,34.8,34.88,31.95,6835664
02/07/2013,34.8,35.2,34.14,34.41,31.52,5745542
03/07/2013,34.23,34.96,34.13,34.76,31.84,2451682
05/07/2013,34.77,34.77,32.55,33.36,30.56,8993840
08/07/2013,33.55,33.78,32.45,32.5,29.81,7665739
09/07/2013,32.74,34.6,32.73,34.42,31.57,12380653
10/07/2013,34.41,34.7,33.61,33.98,31.17,5763746
11/07/2013,35.18,36.94,35.12,36.81,33.77,11183339
12/07/2013,36.63,37.24,36.07,36.43,33.41,6434152
15/07/2013,36.47,36.56,34.44,34.96,32.06,7558344
16/07/2013,34.98,35.84,34.38,34.89,32.0,8331162
17/07/2013,34.78,35.49,34.3,35.05,32.15,5446645
18/07/2013,35.39,35.67,34.45,34.58,31.72,4334963
19/07/2013,34.41,35.14,34.41,34.94,32.04,3194397
22/07/2013,34.93,35.28,34.03,34.22,31.38,4368117
23/07/2013,34.15,34.87,33.93,34.68,31.81,4462799
24/07/2013,34.34,34.49,32.89,33.35,30.59,8883495
25/07/2013,32.73,32.87,31.42,32.81,30.1,12401705
26/07/2013,32.65,33.08,32.6,33.0,30.27,6303569
29/07/2013,32.92,33.22,32.55,32.76,30.05,4648199
30/07/2013,32.92,33.14,32.43,32.57,29.87,4654199
31/07/2013,32.56,33.97,32.28,33.3,30.55,7186834
01/08/2013,33.75,34.46,33.01,33.43,30.66,8362994
02/08/2013,33.74,34.47,33.66,34.13,31.3,3981758
05/08/2013,33.95,34.08,33.24,33.43,30.66,4428425
06/08/2013,33.21,33.39,32.68,32.74,30.03,4600603
07/08/2013,32.61,32.74,31.56,31.71,29.09,5691844
08/08/2013,31.96,32.4,31.62,31.8,29.17,4436866
09/08/2013,31.69,32.56,31.52,32.38,29.7,6322079
12/08/2013,32.17,33.28,32.15,32.48,29.79,4793935
13/08/2013,32.55,32.56,31.35,31.62,29.0,5536243
14/08/2013,31.48,31.58,30.83,31.13,28.55,8431133
15/08/2013,30.76,32.86,30.38,32.72,30.01,9760963
16/08/2013,32.74,34.03,32.74,33.31,30.56,9824627
19/08/2013,33.17,33.29,31.76,31.85,29.21,4876007
20/08/2013,32.04,32.96,31.54,32.85,30.13,4645859
21/08/2013,32.63,33.21,32.34,32.46,29.77,4622265
22/08/2013,32.5,33.36,32.46,33.0,30.27,3399831
23/08/2013,33.09,33.19,31.64,32.06,29.4,5228397
26/08/2013,32.06,32.61,31.75,32.25,29.58,2804378
27/08/2013,31.78,32.03,31.47,31.73,29.1,3114664
28/08/2013,31.61,31.66,30.99,31.09,28.52,5082966
29/08/2013,31.03,32.52,30.97,32.07,29.42,4752848
30/08/2013,32.08,32.1,31.21,31.28,28.69,3973012
03/09/2013,31.6,31.65,30.94,31.06,28.49,4159428
04/09/2013,31.05,31.67,30.99,31.29,28.7,4459748
05/09/2013,31.26,31.32,30.57,31.0,28.44,4485479
06/09/2013,31.59,32.41,31.28,31.71,29.09,5626044
09/09/2013,31.72,33.52,31.7,33.42,30.65,6641213
10/09/2013,33.58,33.68,32.68,32.92,30.19,6056947
11/09/2013,32.89,34.64,32.86,34.03,31.21,6137697
12/09/2013,34.0,35.35,33.89,34.32,31.48,7329112
13/09/2013,34.4,34.58,33.26,33.9,31.1,4438391
16/09/2013,35.0,35.59,34.09,34.19,31.36,7023707
17/09/2013,34.14,34.98,34.14,34.45,31.6,3677269
18/09/2013,34.41,36.92,33.8,36.71,33.67,10912817
19/09/2013,36.99,37.21,35.61,35.66,32.71,6671927
20/09/2013,35.69,35.85,34.22,34.56,31.7,8088913
23/09/2013,34.41,34.42,33.52,33.96,31.15,6304688
24/09/2013,34.93,36.31,34.5,35.41,32.48,13069467
25/09/2013,35.69,36.3,35.02,35.78,32.82,5919957
26/09/2013,36.01,36.04,35.16,35.88,32.91,4394050
27/09/2013,35.68,35.89,35.07,35.26,32.34,4248619
30/09/2013,34.65,35.18,34.43,34.81,31.93,4425069
01/10/2013,34.75,35.22,34.63,35.12,32.21,3659471
02/10/2013,34.91,35.78,34.79,35.5,32.56,3766053
03/10/2013,35.47,35.88,34.79,35.12,32.21,4646978
04/10/2013,35.07,35.12,33.89,34.11,31.29,6152240
07/10/2013,33.75,34.62,33.7,34.12,31.29,3098087
08/10/2013,34.1,34.48,33.0,33.17,30.42,4789968
09/10/2013,33.25,33.33,32.11,32.82,30.1,9216257
10/10/2013,33.27,33.95,33.1,33.24,30.48,4914347
11/10/2013,33.31,34.41,33.31,34.24,31.4,4849565
14/10/2013,33.76,34.01,33.2,33.74,30.94,4535413
15/10/2013,33.32,33.48,32.57,32.78,30.07,6799255
16/10/2013,32.96,33.58,32.45,33.29,30.57,5289824
17/10/2013,33.09,34.88,32.94,34.77,31.93,6220887
18/10/2013,34.97,35.02,34.28,34.45,31.64,2949300
21/10/2013,34.56,34.71,33.3,34.13,31.34,4501547
22/10/2013,34.25,35.89,34.23,35.57,32.66,6712810
23/10/2013,35.26,36.91,35.24,35.94,33.0,5857106
24/10/2013,36.07,37.14,36.0,36.59,33.6,5739846
25/10/2013,36.68,36.78,35.97,36.37,33.4,3266197
28/10/2013,36.38,37.16,35.69,36.21,33.26,6202581
29/10/2013,36.31,36.76,35.81,36.76,33.75,3672794
30/10/2013,36.73,36.76,35.69,36.03,33.08,4774408
31/10/2013,36.03,36.03,34.94,34.96,32.1,6021759
01/11/2013,35.06,35.13,33.8,34.4,31.59,6377709
04/11/2013,34.37,35.18,34.37,34.54,31.72,3246366
05/11/2013,34.41,34.54,33.4,33.74,30.98,5121612
06/11/2013,33.86,34.31,33.46,33.94,31.17,3879448
07/11/2013,34.34,35.1,33.64,33.67,30.92,6282111
08/11/2013,33.33,33.33,31.84,32.24,29.61,12669074
11/11/2013,32.11,32.3,31.61,32.04,29.42,4734237
12/11/2013,32.03,32.73,31.71,32.36,29.72,7121441
13/11/2013,32.09,33.02,32.09,32.77,30.1,6028573
14/11/2013,32.81,34.32,32.65,33.65,30.9,9122897
15/11/2013,33.77,34.31,33.31,33.6,30.85,5607128
18/11/2013,33.86,34.56,33.72,33.94,31.17,6007724
19/11/2013,33.8,34.1,33.39,33.64,30.89,3528278
20/11/2013,34.6,35.0,33.82,33.97,31.2,7149510
21/11/2013,34.16,34.54,33.27,34.34,31.53,5521903
22/11/2013,34.41,34.41,33.79,33.97,31.2,3654691
25/11/2013,33.98,34.1,33.25,33.74,30.98,3835514
26/11/2013,33.95,35.65,33.92,35.45,32.55,7365012
27/11/2013,35.49,36.0,35.17,35.35,32.46,4310860
29/11/2013,35.4,35.44,34.68,35.16,32.29,1567909
02/12/2013,35.22,35.37,34.49,34.59,31.77,3621537
03/12/2013,34.37,34.87,34.23,34.72,31.88,4767899
04/12/2013,34.52,34.72,33.65,33.94,31.17,5894939
05/12/2013,33.92,34.13,33.52,33.65,30.9,3543635
06/12/2013,34.18,34.69,33.82,33.96,31.19,3896941
09/12/2013,34.06,35.22,34.06,34.65,31.82,5257585
10/12/2013,34.85,35.88,34.85,35.15,32.28,4458426
11/12/2013,35.05,35.08,34.16,34.44,31.63,3065441
12/12/2013,34.41,34.52,33.98,34.31,31.5,2237298
13/12/2013,34.38,34.76,34.34,34.41,31.6,2755256
16/12/2013,34.59,34.98,34.37,34.41,31.6,2638505
17/12/2013,34.4,34.76,33.78,34.61,31.78,4012167
18/12/2013,36.08,37.16,34.98,36.8,33.8,14466317
19/12/2013,36.54,36.73,36.01,36.42,33.45,4384287
20/12/2013,36.37,37.1,36.34,36.76,33.75,6103017
23/12/2013,37.12,38.35,37.04,38.1,34.99,6763050
24/12/2013,37.99,38.84,37.6,38.32,35.19,2839973
26/12/2013,38.26,38.92,38.25,38.6,35.45,3283588
27/12/2013,38.58,39.08,38.35,38.89,35.71,2663625
30/12/2013,38.9,39.24,38.64,39.09,35.89,3123207
31/12/2013,39.08,39.13,38.68,38.9,35.72,2789529
02/01/2014,38.51,38.91,38.13,38.76,35.59,2488396
03/01/2014,38.82,39.27,38.19,38.2,35.08,3192668
06/01/2014,38.42,38.79,37.44,37.55,34.48,4944146
07/01/2014,37.82,38.21,37.53,37.72,34.64,3200499
08/01/2014,37.61,38.37,37.24,37.96,34.86,3688151
09/01/2014,38.04,38.28,37.28,37.78,34.69,2987539
10/01/2014,38.15,39.18,37.97,38.53,35.39,5866565
13/01/2014,38.31,38.41,37.36,37.54,34.47,4572330
14/01/2014,37.76,37.98,37.2,37.59,34.52,2675117
15/01/2014,37.53,37.73,37.15,37.44,34.38,2302895
16/01/2014,37.43,37.91,36.92,37.79,34.7,3203550
17/01/2014,37.71,37.73,36.81,36.85,33.84,4269163
21/01/2014,36.97,37.11,36.18,36.65,33.65,3766663
22/01/2014,36.68,37.54,36.44,37.18,34.14,3794325
23/01/2014,37.0,37.6,36.81,37.56,34.49,4185870
24/01/2014,37.62,37.69,36.27,36.41,33.44,5249042
27/01/2014,36.71,37.32,35.8,36.29,33.33,6925465
28/01/2014,36.81,38.51,36.62,37.88,34.82,8221937
29/01/2014,37.2,38.41,37.07,38.35,35.25,5679437
30/01/2014,38.96,39.14,37.91,38.2,35.12,4680539
31/01/2014,37.73,40.16,37.61,39.49,36.3,6815426
03/02/2014,39.33,39.47,38.25,38.56,35.45,6981807
04/02/2014,38.69,39.29,38.09,39.18,36.02,4859938
05/02/2014,38.85,39.27,38.47,38.92,35.78,6636230
06/02/2014,40.26,41.18,39.99,41.01,37.7,6993807
07/02/2014,41.16,41.54,40.55,41.07,37.76,5549159
10/02/2014,41.2,41.23,39.55,40.21,36.96,5244567
11/02/2014,40.0,40.24,39.49,39.91,36.69,4798613
12/02/2014,40.05,40.27,39.27,39.46,36.27,4976588
13/02/2014,39.23,40.42,38.89,40.31,37.06,4503174
14/02/2014,40.13,40.81,39.89,40.79,37.49,3137750
18/02/2014,40.78,41.28,39.86,40.45,37.19,2886043
19/02/2014,40.33,41.06,39.99,40.26,37.01,2886551
20/02/2014,40.32,40.68,39.9,40.6,37.32,2767460
21/02/2014,40.69,41.72,40.56,41.15,37.83,3863583
24/02/2014,41.06,41.95,40.93,41.12,37.8,4705761
25/02/2014,41.06,42.04,40.78,41.55,38.2,3490039
26/02/2014,41.59,43.62,41.21,43.05,39.57,7791237
27/02/2014,42.84,43.66,42.5,43.59,40.07,4353879
28/02/2014,43.63,43.64,42.68,43.15,39.66,4769832
03/03/2014,42.65,43.36,42.61,43.11,39.63,4175904
04/03/2014,43.27,43.56,42.61,42.99,39.52,5336301
05/03/2014,42.86,42.92,42.34,42.43,39.0,4151394
06/03/2014,42.49,42.63,41.89,42.18,38.78,3208838
07/03/2014,42.34,42.51,41.09,41.36,38.02,5195446
10/03/2014,41.26,41.35,40.27,40.35,37.1,7242362
11/03/2014,40.59,41.23,40.08,40.45,37.19,4819360
12/03/2014,40.07,40.8,39.72,40.77,37.48,4623282
13/03/2014,40.84,41.0,39.3,39.68,36.47,5034150
14/03/2014,39.62,40.07,39.12,39.35,36.18,4470224
17/03/2014,39.53,39.99,39.05,39.39,36.21,4259806
18/03/2014,39.48,40.34,39.41,39.92,36.7,3695473
19/03/2014,41.75,42.01,40.46,40.65,37.37,9543426
20/03/2014,41.74,41.79,39.19,39.65,36.45,11869000
21/03/2014,39.67,39.83,38.42,38.91,35.77,8731148
24/03/2014,38.94,39.09,37.96,38.53,35.42,5434543
25/03/2014,38.79,39.1,38.37,38.47,35.36,3714389
26/03/2014,38.68,38.86,38.01,38.02,34.95,3480174
27/03/2014,37.98,38.81,37.71,38.34,35.24,3646352
28/03/2014,38.5,39.21,38.36,38.92,35.78,2553077
31/03/2014,39.09,39.28,38.49,38.96,35.81,2985607
01/04/2014,38.97,39.99,38.89,39.72,36.52,3228772
02/04/2014,39.71,40.1,39.25,39.8,36.59,2231807
03/04/2014,39.72,39.91,39.25,39.86,36.65,2746917
04/04/2014,40.11,40.92,39.47,39.8,36.59,3512820
07/04/2014,39.71,39.78,38.33,38.53,35.42,2982251
08/04/2014,38.59,39.16,38.22,38.93,35.79,2706237
09/04/2014,38.97,39.46,38.11,38.96,35.81,3052220
10/04/2014,38.95,39.66,38.5,38.53,35.42,2904349
11/04/2014,38.24,38.86,37.9,38.08,35.01,3565907
14/04/2014,38.31,38.72,37.86,38.3,35.21,3039305
15/04/2014,38.31,39.12,37.62,38.14,35.06,4009014
16/04/2014,38.36,38.5,37.82,38.12,35.05,3163379
17/04/2014,38.14,38.24,37.26,37.58,34.55,4961231
21/04/2014,37.59,37.81,37.15,37.39,34.41,3297114
22/04/2014,37.58,38.14,37.4,37.79,34.77,2963945
23/04/2014,37.81,37.83,36.7,37.55,34.56,4508666
24/04/2014,38.1,39.11,37.86,38.85,35.75,5203074
25/04/2014,38.78,38.78,37.78,37.96,34.94,3669539
28/04/2014,38.0,39.39,37.88,38.21,35.16,4414797
29/04/2014,38.18,38.32,37.86,38.09,35.05,2338388
30/04/2014,38.0,38.36,37.62,37.94,34.92,2572807
01/05/2014,37.73,39.04,37.73,38.71,35.62,2906281
02/05/2014,38.63,39.63,38.48,39.21,36.09,2542500
05/05/2014,38.98,39.07,38.49,38.55,35.48,3753747
06/05/2014,38.53,38.58,37.67,37.95,34.93,3032389
07/05/2014,38.07,38.23,37.65,37.92,34.89,2216450
08/05/2014,37.87,38.52,37.48,37.75,34.74,2352931
09/05/2014,37.6,38.08,37.47,37.76,34.75,2681117
12/05/2014,37.9,38.81,37.88,38.57,35.5,3455258
13/05/2014,38.72,39.76,38.72,39.12,36.0,4522192
14/05/2014,39.17,39.17,37.89,37.94,34.92,4300791
15/05/2014,37.96,38.04,36.83,37.85,34.83,5353895
16/05/2014,38.06,38.35,37.56,37.89,34.86,3568043
19/05/2014,37.73,37.85,37.33,37.7,34.69,3141208
20/05/2014,37.59,37.9,37.13,37.38,34.4,2847295
21/05/2014,37.43,37.71,37.19,37.64,34.64,1944707
22/05/2014,37.65,38.7,37.45,38.34,35.28,3059950
23/05/2014,38.39,39.98,38.37,39.86,36.68,5277010
27/05/2014,40.01,40.4,39.53,39.79,36.62,3702389
28/05/2014,40.05,40.48,39.61,39.7,36.53,3231111
29/05/2014,39.96,40.58,39.51,40.19,36.98,3998030
30/05/2014,40.07,40.23,39.64,40.22,37.01,3641063
02/06/2014,40.19,40.29,39.82,40.16,36.96,1822566
03/06/2014,39.97,40.38,39.9,40.13,36.93,1507397
04/06/2014,39.93,40.23,39.66,39.88,36.7,1858974
05/06/2014,39.92,40.58,39.75,40.3,37.09,2447614
06/06/2014,40.42,41.15,40.32,40.98,37.72,2186042
09/06/2014,40.88,41.57,40.87,41.14,37.86,2750578
10/06/2014,40.99,41.19,40.84,40.97,37.71,1251012
11/06/2014,40.7,40.84,40.08,40.26,37.05,2045187
12/06/2014,40.22,40.37,39.7,39.83,36.66,2181160
13/06/2014,39.82,39.83,39.34,39.51,36.36,2630471
16/06/2014,39.54,40.2,39.4,40.1,36.9,2318658
17/06/2014,39.89,40.7,39.39,40.61,37.37,3091883
18/06/2014,40.54,40.77,39.6,40.73,37.48,3723847
19/06/2014,40.71,41.16,40.3,40.47,37.24,1998914
20/06/2014,40.3,40.38,39.68,40.0,36.81,4448968
23/06/2014,40.12,40.73,39.78,39.82,36.65,4440019
24/06/2014,39.81,40.99,39.78,40.36,37.15,4665182
25/06/2014,40.46,40.94,39.98,40.83,37.57,3063916
26/06/2014,41.11,41.78,40.31,40.63,37.39,5549769
27/06/2014,40.6,40.95,40.12,40.89,37.63,3483530
30/06/2014,40.77,41.72,40.67,41.28,37.99,3288571
01/07/2014,41.2,41.96,41.15,41.84,38.5,3548923
02/07/2014,41.75,41.91,41.03,41.23,37.94,2295674
03/07/2014,41.26,41.38,40.94,41.23,37.94,1174330
07/07/2014,40.85,41.02,40.2,40.39,37.17,2572502
08/07/2014,40.29,40.45,40.01,40.18,37.01,1946741
09/07/2014,40.3,40.85,40.19,40.29,37.11,2709797
10/07/2014,39.75,40.34,39.56,39.97,36.82,2014880
11/07/2014,39.96,40.11,39.48,39.6,36.47,2328015
14/07/2014,39.77,39.92,39.33,39.38,36.28,2673185
15/07/2014,39.44,39.46,39.07,39.22,36.13,2046204
16/07/2014,39.31,40.15,39.06,40.01,36.86,3265282
17/07/2014,39.56,39.58,38.6,38.66,35.61,2947469
18/07/2014,38.72,38.99,38.48,38.77,35.71,1662388
21/07/2014,38.69,39.06,38.43,38.68,35.63,1878806
22/07/2014,38.93,39.41,38.74,39.19,36.1,2445580
23/07/2014,39.11,40.0,38.91,39.83,36.69,2490023
24/07/2014,39.57,39.72,38.36,38.61,35.57,4245568
25/07/2014,38.44,38.47,37.53,37.79,34.81,3824225
28/07/2014,37.81,37.81,36.66,37.01,34.09,4818038
29/07/2014,37.11,37.13,36.48,36.84,33.94,3133377
30/07/2014,36.92,37.02,36.26,36.41,33.54,2744680
31/07/2014,36.09,36.2,35.46,35.62,32.82,5109306
01/08/2014,35.83,36.02,35.14,35.56,32.75,3166328
04/08/2014,35.72,36.15,35.46,35.88,33.05,2783122
05/08/2014,35.62,36.16,35.31,35.59,32.78,3017236
06/08/2014,35.39,35.63,35.15,35.33,32.54,4047558
07/08/2014,35.48,35.62,35.25,35.36,32.57,3158802
08/08/2014,35.5,36.09,35.33,36.03,33.19,3524617
11/08/2014,36.09,36.38,35.9,35.93,33.1,2013253
12/08/2014,35.84,36.16,35.77,35.94,33.11,2646031
13/08/2014,36.03,36.14,35.65,35.95,33.11,2221026
14/08/2014,36.04,36.57,35.93,36.55,33.67,1666660
15/08/2014,36.7,36.78,36.04,36.32,33.46,1790530
18/08/2014,36.63,37.16,36.61,36.92,34.01,2286419
19/08/2014,37.82,38.35,37.76,38.15,35.14,4977503
20/08/2014,37.98,38.49,37.85,38.35,35.32,3469089
21/08/2014,38.4,38.68,38.04,38.37,35.34,1695949
22/08/2014,38.28,38.69,38.05,38.52,35.48,2278182
25/08/2014,38.61,38.91,38.15,38.3,35.28,3382034
26/08/2014,38.39,38.57,38.03,38.22,35.21,2586434
27/08/2014,38.3,38.47,38.15,38.26,35.24,1696356
28/08/2014,38.1,38.46,37.83,38.3,35.28,2096749
29/08/2014,38.41,38.73,38.26,38.53,35.49,2023322
02/09/2014,38.69,38.69,38.15,38.45,35.42,1886840
03/09/2014,38.47,38.58,37.47,37.62,34.65,3494615
04/09/2014,37.71,38.18,37.7,38.06,35.06,2325472
05/09/2014,38.07,38.46,37.95,38.23,35.22,2475175
08/09/2014,38.22,38.75,38.03,38.4,35.37,2404697
09/09/2014,38.74,38.82,38.28,38.46,35.42,2506193
10/09/2014,38.44,38.89,38.09,38.74,35.69,2132344
11/09/2014,38.49,39.02,38.47,38.95,35.88,2072138
12/09/2014,38.74,38.89,37.99,38.41,35.38,3623469
15/09/2014,38.47,38.82,38.29,38.57,35.53,2566501
16/09/2014,38.5,38.95,38.21,38.48,35.44,4008912
17/09/2014,39.68,41.27,39.68,40.71,37.5,11651057
18/09/2014,40.82,40.82,40.28,40.69,37.48,3070628
19/09/2014,40.78,41.0,39.82,40.34,37.16,4481105
22/09/2014,40.31,40.33,39.16,39.21,36.12,3416306
23/09/2014,39.07,39.61,38.81,39.38,36.28,3379084
24/09/2014,38.84,39.55,38.56,39.29,36.19,3358846
25/09/2014,39.16,39.27,38.44,38.78,35.72,2738578
26/09/2014,38.91,39.15,38.61,39.08,35.99,1739477
29/09/2014,38.62,39.0,38.62,38.75,35.7,1484820
30/09/2014,38.73,38.85,38.15,38.18,35.17,3256637
01/10/2014,38.17,38.42,37.75,37.91,34.92,2383340
02/10/2014,37.99,38.48,37.5,38.36,35.33,2455241
03/10/2014,38.57,39.24,38.41,39.18,36.09,3151480
06/10/2014,39.47,39.89,39.35,39.69,36.56,3271181
07/10/2014,39.49,39.99,39.17,39.18,36.09,2924078
08/10/2014,39.27,40.23,39.13,40.19,37.02,3511396
09/10/2014,40.12,40.57,39.1,39.15,36.07,3255519
10/10/2014,39.23,39.25,37.65,37.81,34.83,5292061
13/10/2014,37.94,38.3,36.87,36.99,34.07,5769543
14/10/2014,37.43,38.5,37.31,37.73,34.75,3702287
15/10/2014,37.23,39.41,37.13,39.08,36.03,4950654
16/10/2014,38.15,39.86,38.09,39.02,35.98,3806428
17/10/2014,39.49,41.44,39.32,40.77,37.59,6761626
20/10/2014,40.86,42.34,40.86,42.23,38.94,5154563
21/10/2014,42.36,42.97,42.07,42.24,38.95,4973944
22/10/2014,42.18,42.62,41.9,42.08,38.81,3688049
23/10/2014,42.44,43.31,41.79,42.59,39.27,4263366
24/10/2014,42.58,43.05,41.82,43.03,39.68,2658947
27/10/2014,42.89,43.15,42.27,43.05,39.7,2656302
28/10/2014,42.92,43.51,42.7,43.19,39.82,2847397
29/10/2014,43.04,43.42,42.31,42.69,39.37,3684286
30/10/2014,42.69,42.84,42.01,42.63,39.31,2426155
31/10/2014,43.25,43.32,42.03,42.36,39.06,3850260
03/11/2014,42.64,42.82,42.02,42.6,39.28,2286114
04/11/2014,42.48,42.73,41.87,41.99,38.72,2561009
05/11/2014,42.25,42.34,41.75,42.02,38.74,4649927
06/11/2014,42.08,43.23,41.98,43.19,39.82,2744985
07/11/2014,43.12,44.17,42.96,43.8,40.38,2875161
10/11/2014,44.22,45.12,44.22,44.53,41.06,4220347
11/11/2014,44.45,46.07,44.45,45.61,42.06,7370402
12/11/2014,45.13,45.37,44.54,44.8,41.31,6370386
13/11/2014,44.72,45.35,44.62,44.9,41.4,3293860
14/11/2014,44.8,45.25,44.69,44.88,41.38,1741816
17/11/2014,44.84,45.19,44.45,44.88,41.38,2527754
18/11/2014,44.8,45.26,44.76,44.93,41.43,1950301
19/11/2014,44.93,45.51,44.71,44.99,41.48,2094410
20/11/2014,44.71,46.41,44.7,46.18,42.59,3290605
21/11/2014,46.69,47.02,46.2,46.5,42.88,4832784
24/11/2014,46.6,47.18,46.42,46.72,43.08,3305962
25/11/2014,46.71,47.2,45.97,46.22,42.62,2410900
26/11/2014,46.29,46.45,45.57,46.08,42.49,1723815
28/11/2014,46.21,46.64,45.8,46.45,42.83,1511974
01/12/2014,46.46,46.46,45.39,45.5,41.95,3296300
02/12/2014,45.63,46.09,45.5,45.88,42.31,3063509
03/12/2014,45.86,46.3,45.47,45.52,41.97,2349270
04/12/2014,45.46,45.63,44.75,45.0,41.5,2917875
05/12/2014,44.87,45.35,44.67,44.79,41.3,2290691
08/12/2014,44.78,45.29,44.63,44.75,41.26,2694643
09/12/2014,44.29,45.26,44.02,45.05,41.55,2355779
10/12/2014,44.77,45.4,42.61,42.68,39.36,5391219
11/12/2014,42.9,43.37,42.55,42.6,39.28,3106833
12/12/2014,42.1,42.42,41.58,41.6,38.36,4185158
15/12/2014,41.54,42.24,40.9,40.98,37.79,4030473
16/12/2014,40.78,41.54,40.61,40.63,37.46,3417120
17/12/2014,40.81,42.52,40.72,42.39,39.09,4081119
18/12/2014,43.06,43.06,42.02,42.95,39.6,2964962
19/12/2014,43.15,43.17,42.42,42.94,39.6,4719592
22/12/2014,42.94,43.22,42.57,43.03,39.68,1921520
23/12/2014,43.1,43.37,42.58,42.65,39.33,2733696
24/12/2014,42.71,42.95,42.6,42.65,39.32,1302675
26/12/2014,42.81,43.3,42.76,43.03,39.68,1213790
29/12/2014,42.93,44.19,42.85,43.53,40.14,3124122
30/12/2014,43.45,43.78,43.27,43.7,40.29,1918876
31/12/2014,43.64,44.58,43.6,44.06,40.63,2680304
02/01/2015,44.24,44.35,42.96,43.55,40.16,2055255
05/01/2015,43.44,43.52,42.9,43.22,39.85,2470191
06/01/2015,43.32,43.32,42.22,42.85,39.51,3604146
07/01/2015,43.19,45.48,43.0,44.97,41.46,9792286
08/01/2015,45.39,46.33,45.17,46.08,42.49,4659691
09/01/2015,46.19,46.36,45.46,46.01,42.42,3591027
12/01/2015,46.18,46.97,45.93,46.28,42.68,3614316
13/01/2015,47.22,47.71,44.37,45.51,41.96,10898986
14/01/2015,44.86,45.52,44.0,45.0,41.49,6529343
15/01/2015,45.44,46.17,40.93,41.77,38.52,16505808
16/01/2015,41.39,42.87,40.56,42.48,39.17,7670214
20/01/2015,42.38,42.46,41.02,41.62,38.38,5565939
21/01/2015,41.63,42.91,41.61,42.55,39.23,3850565
22/01/2015,42.78,43.23,42.28,43.1,39.74,4248314
23/01/2015,43.16,43.65,42.85,43.0,39.65,4109900
26/01/2015,43.56,44.35,43.47,44.14,40.7,3473055
27/01/2015,43.35,44.31,43.12,44.19,40.78,5095068
28/01/2015,44.31,44.73,43.58,43.91,40.53,4456596
29/01/2015,44.05,45.54,43.96,45.44,41.94,4757018
30/01/2015,44.97,45.18,44.04,44.16,40.76,3852701
02/02/2015,44.26,44.66,43.16,43.89,40.51,4781222
03/02/2015,43.97,44.71,43.48,44.67,41.23,3163480
04/02/2015,44.46,46.16,44.36,45.69,42.17,5341284
05/02/2015,45.59,45.97,44.81,45.67,42.15,4520972
06/02/2015,45.72,47.32,45.67,47.22,43.58,6158647
09/02/2015,47.18,48.07,47.0,47.63,43.96,3322132
10/02/2015,47.94,48.77,47.4,48.55,44.81,3374406
11/02/2015,48.79,49.32,47.88,48.35,44.62,3004218
12/02/2015,48.53,49.51,48.13,49.42,45.61,3038898
13/02/2015,49.46,49.56,48.73,49.14,45.36,3264875
17/02/2015,48.97,49.57,48.49,49.57,45.75,2385882
18/02/2015,49.46,49.55,48.67,49.3,45.5,3426476
19/02/2015,49.24,49.88,49.07,49.4,45.59,2275538
20/02/2015,49.32,49.49,48.67,49.48,45.67,2912485
23/02/2015,49.41,49.74,48.44,48.97,45.19,2566501
24/02/2015,49.77,50.52,49.64,50.35,46.47,3032186
25/02/2015,50.45,50.65,49.6,49.83,45.99,2291403
26/02/2015,49.66,49.7,48.86,49.25,45.46,2355067
27/02/2015,49.36,49.7,49.03,49.37,45.57,1999829
02/03/2015,49.37,49.7,48.95,49.2,45.41,3122800
03/03/2015,48.94,49.02,48.19,48.62,44.88,1913486
04/03/2015,48.62,49.3,48.29,49.21,45.42,1846364
05/03/2015,49.17,49.65,49.04,49.28,45.48,2443851
06/03/2015,48.78,49.02,47.7,47.81,44.12,3403797
09/03/2015,47.47,48.18,47.47,47.91,44.21,2505074
10/03/2015,47.51,47.94,47.41,47.47,43.81,1726256
11/03/2015,47.72,47.92,47.27,47.39,43.74,3703507
12/03/2015,47.69,48.83,47.58,48.73,44.98,2158583
13/03/2015,48.5,48.91,47.76,48.38,44.65,1950199
16/03/2015,48.68,48.97,48.32,48.49,44.75,1979692
17/03/2015,48.43,48.58,47.83,48.04,44.34,4172039
18/03/2015,48.25,49.17,47.54,48.89,45.12,5035269
19/03/2015,50.15,50.34,47.73,48.82,45.06,7940736
20/03/2015,49.21,51.04,49.12,49.42,45.61,8014163
23/03/2015,49.35,49.98,48.67,48.71,44.96,3335353
24/03/2015,48.62,50.12,48.33,49.6,45.77,2884415
25/03/2015,49.71,49.96,48.75,48.85,45.09,2209534
26/03/2015,48.71,49.19,48.48,48.59,44.85,2150447
27/03/2015,48.61,49.73,48.54,49.59,45.77,2209636
30/03/2015,49.84,51.04,49.68,50.63,46.73,3819445
31/03/2015,50.5,51.3,50.26,50.94,47.02,3298538
01/04/2015,51.01,51.1,50.36,50.98,47.05,2722306
02/04/2015,51.0,52.37,50.87,52.3,48.27,3622046
06/04/2015,52.05,52.77,51.04,51.19,47.25,4827191
07/04/2015,51.13,51.13,49.84,49.89,46.05,2899976
08/04/2015,49.88,50.46,49.79,50.4,46.52,2068578
09/04/2015,50.27,50.3,48.87,49.65,45.82,2575858
10/04/2015,49.9,49.9,49.18,49.66,45.83,1404172
13/04/2015,49.68,49.93,49.16,49.57,45.75,1743443
14/04/2015,49.59,50.17,49.05,50.12,46.26,2305031
15/04/2015,50.27,50.9,50.1,50.58,46.68,2379170
16/04/2015,50.28,50.38,49.11,49.31,45.51,3259994
17/04/2015,48.94,49.06,47.48,47.77,44.09,4835835
20/04/2015,47.96,48.09,46.91,47.42,43.81,3843040
21/04/2015,47.57,48.54,47.43,48.32,44.63,3471224
22/04/2015,48.18,48.49,47.42,47.6,43.97,5248534
23/04/2015,47.17,47.26,45.41,45.94,42.43,7393285
24/04/2015,46.08,46.48,45.78,46.4,42.86,2067764
27/04/2015,46.66,46.67,45.5,45.59,42.12,2682338
28/04/2015,45.52,45.74,44.91,45.73,42.24,3078256
29/04/2015,45.43,45.51,44.74,45.44,41.97,3572416
30/04/2015,45.18,45.56,44.86,45.03,41.6,3948604
01/05/2015,44.96,46.31,44.96,46.04,42.52,2767969
04/05/2015,46.16,46.55,45.44,45.61,42.13,2198754
05/05/2015,45.59,45.99,44.53,44.56,41.16,3475394
06/05/2015,44.73,44.9,44.01,44.53,41.14,2903738
07/05/2015,44.48,45.84,44.45,45.69,42.21,2741832
08/05/2015,46.99,47.81,46.62,46.7,43.13,3880160
11/05/2015,46.62,46.9,45.89,45.92,42.42,2643997
12/05/2015,45.59,46.2,45.12,45.91,42.41,2627318
13/05/2015,45.99,46.53,45.77,45.85,42.35,1824600
14/05/2015,46.23,46.61,45.94,46.49,42.94,1616013
15/05/2015,46.03,46.86,45.77,46.8,43.23,2079867
18/05/2015,46.86,47.71,46.4,47.63,44.0,3567839
19/05/2015,48.55,49.3,47.5,47.86,44.2,3899381
20/05/2015,48.04,48.26,47.22,47.94,44.28,1989252
21/05/2015,47.76,48.04,47.3,47.6,43.97,1834668
22/05/2015,47.52,47.85,47.2,47.72,44.08,2495210
26/05/2015,47.64,47.71,46.59,46.61,43.05,2368898
27/05/2015,46.79,46.84,46.06,46.39,42.85,3595502
28/05/2015,46.27,47.13,46.18,46.73,43.16,3082527
29/05/2015,46.53,46.79,45.85,45.85,42.35,5171343
01/06/2015,46.09,46.33,45.83,46.24,42.72,2305336
02/06/2015,46.0,46.73,45.78,46.26,42.73,1653032
03/06/2015,46.33,46.92,45.92,46.49,42.94,3980233
04/06/2015,46.14,46.52,45.47,45.64,42.16,3596824
05/06/2015,45.48,46.07,45.24,45.93,42.42,1993320
08/06/2015,45.78,46.12,45.42,45.47,42.0,1995252
09/06/2015,45.33,45.73,45.01,45.56,42.08,1593741
10/06/2015,45.75,46.6,45.54,46.38,42.84,2169871
11/06/2015,46.58,47.06,46.35,46.41,42.87,2079358
12/06/2015,46.3,46.75,46.05,46.68,43.12,1128463
15/06/2015,46.64,47.6,46.46,47.01,43.42,2473446
16/06/2015,46.94,46.99,46.41,46.76,43.2,1768665
17/06/2015,46.81,46.92,45.75,46.21,42.69,2718034
18/06/2015,46.27,47.04,46.22,46.52,42.97,2408053
19/06/2015,46.83,48.24,46.83,47.83,44.18,4564398
22/06/2015,48.15,48.81,48.08,48.67,44.96,3512210
23/06/2015,48.89,49.16,47.93,48.18,44.5,5064457
24/06/2015,51.09,51.5,49.75,50.21,46.38,7723403
25/06/2015,50.54,51.62,50.53,50.58,46.72,4036270
26/06/2015,50.84,51.13,50.18,51.11,47.21,4128817
29/06/2015,50.83,51.07,49.96,49.98,46.17,3050695
30/06/2015,50.46,50.99,50.17,50.19,46.36,3202736
01/07/2015,50.73,50.73,49.62,50.24,46.4,2479039
02/07/2015,50.54,50.71,49.81,50.34,46.5,2200076
06/07/2015,49.83,50.78,49.57,50.08,46.29,2820141
07/07/2015,50.15,51.95,50.15,51.89,47.97,4850175
08/07/2015,51.62,52.07,51.22,51.51,47.62,3544143
09/07/2015,51.97,52.52,51.82,51.84,47.92,3361897
10/07/2015,52.31,52.68,52.02,52.41,48.45,2411104
13/07/2015,52.75,52.94,52.03,52.52,48.55,2366457
14/07/2015,52.43,53.06,52.36,52.83,48.84,3380305
15/07/2015,52.83,52.99,52.02,52.46,48.49,2804683
16/07/2015,52.66,52.74,51.52,52.0,48.07,3204872
17/07/2015,52.08,52.17,51.34,51.56,47.67,1904943
20/07/2015,51.65,51.77,50.77,50.88,47.04,2741832
21/07/2015,50.83,51.46,50.64,51.12,47.26,1764190
22/07/2015,50.99,52.65,50.94,52.3,48.35,2860211
23/07/2015,52.46,52.61,50.93,51.58,47.68,2292725
24/07/2015,51.63,51.63,49.38,49.72,45.97,3635368
27/07/2015,49.36,50.0,49.22,49.71,45.96,2367474
28/07/2015,50.1,50.51,49.36,50.15,46.36,2174346
29/07/2015,50.24,50.9,49.79,50.75,46.91,1727069
30/07/2015,50.64,51.4,50.01,51.31,47.43,1989862
31/07/2015,51.51,52.52,50.94,52.15,48.21,3576179
03/08/2015,52.11,52.15,51.21,51.64,47.74,1691271
04/08/2015,51.47,51.62,50.34,50.44,46.63,3950740
05/08/2015,50.71,50.96,49.14,49.55,45.8,2977776
06/08/2015,49.76,49.91,48.76,49.21,45.49,2014270
07/08/2015,49.12,49.36,48.84,49.09,45.38,1525398
10/08/2015,49.58,50.43,49.53,50.12,46.33,1475972
11/08/2015,49.97,50.7,49.56,50.59,46.77,1625573
12/08/2015,50.3,50.88,49.6,50.87,47.02,1508414
13/08/2015,50.77,51.97,50.74,51.55,47.66,1537907
14/08/2015,51.41,51.73,50.82,51.66,47.76,1568723
17/08/2015,51.47,53.07,51.34,53.04,49.03,2898145
18/08/2015,53.88,55.07,53.61,54.66,50.53,5137070
19/08/2015,54.43,55.1,53.89,54.07,49.98,4234585
20/08/2015,53.38,54.12,53.35,53.42,49.38,2834888
21/08/2015,52.99,53.52,52.13,52.56,48.58,3638724
24/08/2015,49.16,51.38,46.0,49.24,45.52,5058660
25/08/2015,50.66,50.66,47.36,47.37,43.79,4220143
26/08/2015,48.71,49.04,47.29,48.87,45.18,3951757
27/08/2015,49.52,50.61,48.95,50.45,46.64,3283791
28/08/2015,50.33,50.74,49.36,49.59,45.84,3972402
31/08/2015,49.64,50.57,49.5,50.05,46.27,2635047
01/09/2015,49.09,50.16,48.18,48.6,44.93,2437851
02/09/2015,49.12,50.17,48.7,50.16,46.37,2074985
03/09/2015,50.47,51.17,50.26,50.78,46.94,2142616
04/09/2015,50.24,50.51,49.44,49.57,45.82,1617742
08/09/2015,50.3,51.48,49.94,51.46,47.57,2520228
09/09/2015,51.93,52.07,50.7,50.79,46.95,2646641
10/09/2015,50.26,50.61,49.21,50.36,46.56,2810886
11/09/2015,50.34,51.37,50.05,51.37,47.48,2491142
14/09/2015,51.43,51.64,50.74,51.47,47.58,2940249
15/09/2015,51.57,51.63,51.11,51.48,47.59,2871093
16/09/2015,51.41,51.58,50.88,51.43,47.54,2296386
17/09/2015,51.39,53.32,51.19,52.09,48.16,3033609
18/09/2015,51.47,51.85,50.63,50.88,47.04,5644147
21/09/2015,52.15,52.5,49.89,50.73,46.89,5689607
22/09/2015,50.15,50.29,47.97,48.62,44.95,5427526
23/09/2015,48.78,49.6,48.44,48.97,45.27,2711220
24/09/2015,48.39,49.36,47.88,49.28,45.56,2808039
25/09/2015,49.88,50.33,49.35,49.62,45.87,1974912
28/09/2015,49.49,49.49,46.32,46.8,43.27,3880872
29/09/2015,46.84,47.17,45.46,46.21,42.72,4604468
30/09/2015,46.89,47.44,46.18,47.33,43.75,3305759
01/10/2015,47.29,48.1,46.78,48.01,44.38,2482395
02/10/2015,47.34,48.27,46.48,48.26,44.61,3066052
05/10/2015,48.74,49.71,48.64,49.57,45.82,2131022
06/10/2015,49.42,49.74,48.14,48.26,44.61,2062069
07/10/2015,48.61,49.67,48.51,49.65,45.89,2161634
08/10/2015,49.55,50.29,49.24,50.22,46.42,1699204
09/10/2015,50.09,50.57,49.68,50.47,46.66,2395442
12/10/2015,50.47,50.58,49.63,50.33,46.53,1419122
13/10/2015,50.11,51.06,49.83,49.95,46.18,2557958
14/10/2015,49.84,49.97,48.11,48.29,44.64,3638216
15/10/2015,48.5,49.02,47.59,48.96,45.26,2858177
16/10/2015,48.98,49.46,48.32,49.22,45.5,1351898
19/10/2015,49.11,49.71,48.76,49.63,45.88,1904129
20/10/2015,49.71,51.11,49.56,50.95,47.14,2170075
21/10/2015,51.21,51.47,50.56,51.22,47.39,2533245
22/10/2015,51.14,51.56,49.61,50.97,47.16,3136733
23/10/2015,51.38,51.52,50.12,51.25,47.41,2831023
26/10/2015,51.32,51.62,49.9,50.78,46.98,3266197
27/10/2015,50.6,50.68,49.53,49.7,45.98,2410290
28/10/2015,49.77,50.81,49.45,50.33,46.57,2376424
29/10/2015,49.82,49.86,47.98,48.44,44.81,3219008
30/10/2015,48.17,49.67,48.11,49.23,45.55,2230790
02/11/2015,49.19,49.63,49.06,49.5,45.79,1799073
03/11/2015,49.39,49.99,48.66,49.56,45.85,1987015
04/11/2015,49.69,49.93,49.01,49.14,45.47,2938927
05/11/2015,49.12,49.12,47.62,48.25,44.64,4871633
06/11/2015,47.81,48.29,46.86,47.71,44.14,3701372
09/11/2015,47.67,47.67,46.48,47.0,43.48,3134699
10/11/2015,47.18,48.66,46.97,48.57,44.94,3468784
11/11/2015,48.56,49.81,48.29,49.2,45.52,2198957
12/11/2015,48.75,48.89,47.68,47.89,44.3,1996168
13/11/2015,47.9,48.49,47.51,47.54,43.98,1561095
16/11/2015,47.53,48.87,47.52,48.79,45.14,2641047
17/11/2015,48.89,49.47,48.52,48.7,45.06,2360050
18/11/2015,48.63,49.84,48.55,49.71,45.98,1863958
19/11/2015,49.68,50.18,49.62,49.74,46.02,1282132
20/11/2015,50.02,50.41,49.8,50.14,46.39,1270335
23/11/2015,50.15,50.57,49.97,50.18,46.42,1672762
24/11/2015,49.9,51.03,49.81,50.78,46.98,2178617
25/11/2015,50.74,51.24,50.58,51.06,47.24,1279793
27/11/2015,50.92,51.31,50.65,51.09,47.27,795904
30/11/2015,51.22,51.26,50.29,50.35,46.59,1800192
01/12/2015,50.56,51.61,50.37,51.44,47.59,1801107
02/12/2015,51.48,51.56,49.92,50.44,46.67,2196212
03/12/2015,50.52,50.67,48.89,49.25,45.57,1915214
04/12/2015,49.41,50.61,49.07,50.53,46.75,1567095
07/12/2015,50.33,50.72,50.14,50.61,46.82,1539128
08/12/2015,49.98,50.34,48.86,49.26,45.58,2376424
09/12/2015,49.06,49.52,48.01,48.46,44.83,2109665
10/12/2015,48.55,49.4,48.4,48.95,45.28,1634624
11/12/2015,48.38,48.49,47.81,48.09,44.49,1961183
14/12/2015,48.02,48.21,47.25,47.8,44.22,4207431
15/12/2015,48.13,48.82,47.94,48.4,44.77,2693423
16/12/2015,49.04,49.82,48.68,49.65,45.93,3603434
17/12/2015,49.79,49.94,47.85,47.87,44.28,4940993
18/12/2015,48.36,48.57,45.92,46.7,43.2,8677247
21/12/2015,47.17,48.18,46.7,47.25,43.71,3842226
22/12/2015,47.39,48.41,46.84,48.18,44.57,3591841
23/12/2015,48.22,49.02,47.26,48.0,44.41,6815629
24/12/2015,47.94,48.53,47.85,48.06,44.47,2965979
28/12/2015,47.86,48.42,47.49,48.35,44.73,2738476
29/12/2015,48.71,49.14,48.4,48.77,45.12,2329744
30/12/2015,48.9,49.27,48.44,48.53,44.9,1541162
31/12/2015,48.4,48.8,48.07,48.09,44.49,1616115
04/01/2016,47.35,47.48,45.12,45.93,42.49,6053286
05/01/2016,46.24,46.36,45.33,46.01,42.56,3357015
06/01/2016,45.35,45.92,44.24,44.64,41.3,3495022
07/01/2016,43.74,44.05,42.53,42.7,39.51,5126494
08/01/2016,43.17,43.2,41.21,41.41,38.31,5376879
11/01/2016,41.83,42.07,41.1,41.69,38.57,3109274
12/01/2016,42.06,42.64,41.08,42.36,39.19,4194617
13/01/2016,42.68,43.11,40.61,40.81,37.75,3708796
14/01/2016,40.85,41.02,39.78,40.36,37.34,5308638
15/01/2016,39.33,40.82,38.86,40.23,37.22,5868802
19/01/2016,41.02,41.18,39.82,40.29,37.28,3091883
20/01/2016,39.83,40.5,38.35,39.99,37.0,3826564
21/01/2016,40.17,41.38,40.04,40.5,37.47,3427188
22/01/2016,41.21,42.43,40.96,41.5,38.4,3197550
25/01/2016,41.2,41.36,39.67,39.92,36.93,4610976
26/01/2016,40.44,42.04,39.72,41.78,38.69,3925925
27/01/2016,41.61,41.94,40.82,41.12,38.08,2093291
28/01/2016,41.53,41.96,40.5,40.59,37.59,3195312
29/01/2016,40.85,41.63,40.58,41.45,38.38,2784749
01/02/2016,41.13,41.56,40.76,40.92,37.9,2186957
02/02/2016,40.34,40.65,39.43,39.52,36.6,2222654
03/02/2016,39.94,40.21,38.4,39.69,36.75,3167650
04/02/2016,39.58,40.59,39.48,39.84,36.9,2018135
05/02/2016,39.62,40.15,38.78,38.87,36.0,3074086
08/02/2016,38.3,38.43,37.23,37.8,35.0,3207313
09/02/2016,37.16,38.25,37.13,37.78,34.98,3661505
10/02/2016,38.24,38.99,37.75,38.34,35.5,1935656
11/02/2016,37.65,38.0,36.52,37.17,34.42,4259806
12/02/2016,37.81,39.07,37.72,39.04,36.15,2726882
16/02/2016,39.55,39.88,38.84,39.63,36.7,2446597
17/02/2016,39.85,40.29,39.44,39.84,36.9,3705846
18/02/2016,39.88,40.04,39.06,39.33,36.42,2067561
19/02/2016,39.22,39.87,39.01,39.3,36.4,3517600
22/02/2016,39.7,40.18,39.31,40.16,37.19,3571399
23/02/2016,40.0,40.51,39.5,40.35,37.37,2202720
24/02/2016,40.0,40.42,39.23,40.41,37.43,2061764
25/02/2016,40.42,41.63,40.41,41.53,38.46,2692304
26/02/2016,41.69,42.1,41.31,41.53,38.46,2057493
29/02/2016,41.49,42.01,41.21,41.24,38.19,2098376
01/03/2016,41.66,43.11,41.66,42.9,39.73,2356186
02/03/2016,42.85,44.04,42.71,44.02,40.77,2907400
03/03/2016,44.02,44.9,43.98,44.88,41.56,2497752
04/03/2016,44.85,45.08,44.35,44.62,41.32,1896908
07/03/2016,44.3,45.25,44.25,44.96,41.63,2139971
08/03/2016,44.75,44.96,43.37,43.79,40.55,2571383
09/03/2016,44.02,44.59,43.32,44.45,41.17,1808226
10/03/2016,44.5,44.96,43.41,44.11,40.85,1723205
11/03/2016,44.5,45.47,44.22,45.45,42.09,3403187
14/03/2016,45.02,45.36,44.56,45.0,41.67,2774783
15/03/2016,44.59,44.95,44.51,44.71,41.4,2134581
16/03/2016,44.46,45.77,44.35,45.69,42.31,2277978
17/03/2016,45.64,46.64,45.46,46.44,43.01,2118716
18/03/2016,46.64,47.43,46.47,46.86,43.4,3094324
21/03/2016,46.93,47.35,46.04,46.49,43.05,2097054
22/03/2016,46.24,46.62,46.1,46.26,42.84,1414647
23/03/2016,46.18,46.46,45.42,45.43,42.07,2119225
24/03/2016,45.76,45.78,45.09,45.58,42.21,2633216
28/03/2016,45.74,46.13,45.13,45.92,42.52,2234044
29/03/2016,47.2,47.78,46.13,47.37,43.87,5916296
30/03/2016,47.82,47.9,46.86,47.01,43.54,2220925
31/03/2016,46.87,47.63,46.87,47.55,44.04,2145056
01/04/2016,47.08,47.2,46.5,46.66,43.21,2864991
04/04/2016,46.66,46.71,45.59,46.07,42.66,2188686
05/04/2016,45.81,46.41,45.28,46.01,42.61,1720357
06/04/2016,46.06,47.13,45.98,46.87,43.41,2049662
07/04/2016,46.75,47.29,46.57,46.84,43.38,2316116
08/04/2016,47.36,47.44,46.71,46.79,43.33,1855618
11/04/2016,47.26,47.41,46.6,46.62,43.17,1996981
12/04/2016,46.62,47.02,46.27,46.83,43.37,1365729
13/04/2016,47.08,47.97,46.95,47.85,44.31,1710899
14/04/2016,47.8,48.14,47.23,47.5,43.99,1326371
15/04/2016,47.44,47.55,46.7,47.12,43.64,2434800
18/04/2016,47.02,47.14,46.64,46.97,43.5,1472209
19/04/2016,46.79,47.41,45.96,46.53,43.09,1990778
20/04/2016,46.51,47.56,46.01,47.0,43.53,2286419
21/04/2016,47.23,48.01,47.03,47.35,43.84,3432375
22/04/2016,47.35,47.84,46.33,46.54,43.1,1617437
25/04/2016,46.42,46.73,46.09,46.41,43.02,1443835
26/04/2016,46.42,46.97,46.3,46.69,43.27,1052188
27/04/2016,46.79,47.25,46.55,46.9,43.47,1521330
28/04/2016,46.5,46.62,44.93,45.03,41.74,2853092
29/04/2016,44.88,45.0,43.65,44.55,41.29,2984997
02/05/2016,44.82,45.22,44.55,45.04,41.75,1447903
03/05/2016,44.64,44.74,43.87,43.97,40.76,1971556
04/05/2016,43.57,43.81,42.92,43.7,40.5,2812107
05/05/2016,43.8,43.87,43.13,43.27,40.11,2105495
06/05/2016,43.11,43.63,42.66,43.12,39.96,1958945
09/05/2016,43.17,43.6,43.01,43.16,40.0,1581842
10/05/2016,43.24,43.73,43.05,43.73,40.53,2199364
11/05/2016,43.45,43.75,43.22,43.38,40.21,3244332
12/05/2016,43.52,43.67,42.72,42.97,39.83,1731748
13/05/2016,42.9,43.54,42.71,42.86,39.73,3205686
16/05/2016,42.86,43.34,42.75,43.06,39.91,1886128
17/05/2016,42.94,43.76,42.88,43.12,39.96,2198347
18/05/2016,43.02,43.7,42.57,42.96,39.82,1807819
19/05/2016,42.56,42.96,42.21,42.76,39.63,2401951
20/05/2016,43.0,43.8,43.0,43.57,40.38,2370932
23/05/2016,43.47,43.77,43.16,43.25,40.09,1132531
24/05/2016,43.91,45.55,43.67,44.93,41.64,4608129
25/05/2016,45.25,45.46,44.8,44.89,41.6,1768868
26/05/2016,44.85,45.06,44.48,44.7,41.43,1955996
27/05/2016,44.77,45.17,44.69,44.98,41.69,1105886
31/05/2016,45.05,45.07,44.58,44.81,41.53,1666049
01/06/2016,44.81,45.19,44.28,45.04,41.75,1238401
02/06/2016,44.9,45.16,44.44,45.01,41.72,1416986
03/06/2016,44.88,45.06,43.96,44.95,41.66,1446276
06/06/2016,45.16,45.29,44.82,45.04,41.75,1289861
07/06/2016,45.07,46.75,45.07,46.18,42.8,7097846
08/06/2016,46.29,47.12,46.15,46.96,43.53,3907314
09/06/2016,46.63,47.12,46.62,46.86,43.44,1341423
10/06/2016,46.44,46.5,45.99,46.14,42.76,3691913
13/06/2016,45.86,46.18,45.28,45.31,42.0,1998303
14/06/2016,45.23,45.51,44.39,44.82,41.54,3043678
15/06/2016,44.95,45.66,44.67,45.04,41.75,2120343
16/06/2016,44.73,45.0,44.26,44.88,41.59,2447919
17/06/2016,44.93,45.52,44.69,45.43,42.1,3481903
20/06/2016,46.05,46.53,45.87,45.88,42.52,2698915
21/06/2016,47.23,47.37,44.81,45.37,42.05,6181835
22/06/2016,45.37,46.12,44.84,45.2,41.9,2771935
23/06/2016,45.77,45.88,45.4,45.8,42.45,1539941
24/06/2016,44.13,44.84,43.81,43.98,40.77,4081424
27/06/2016,43.95,43.95,42.39,43.01,39.86,2893670
28/06/2016,43.61,44.37,43.44,44.28,41.04,2373780
29/06/2016,44.87,45.28,44.41,45.05,41.76,2276961
30/06/2016,45.11,45.51,44.51,45.33,42.01,2352423
01/07/2016,45.23,46.32,45.23,45.64,42.31,2230383
05/07/2016,45.65,45.72,44.63,45.57,42.23,2536195
06/07/2016,45.29,46.25,45.18,46.23,42.89,3413662
07/07/2016,46.28,46.96,46.28,46.7,43.32,2609317
08/07/2016,47.13,48.48,47.04,48.34,44.84,4568669
11/07/2016,48.37,48.65,47.9,47.94,44.47,2983370
12/07/2016,48.34,48.44,47.92,47.96,44.49,1724425
13/07/2016,48.18,48.44,47.69,47.9,44.43,1116869
14/07/2016,48.36,48.36,47.79,47.95,44.49,1547671
15/07/2016,48.03,48.04,47.48,47.84,44.38,1259148
18/07/2016,47.94,48.15,47.55,48.07,44.59,1482583
19/07/2016,48.14,48.39,47.78,47.84,44.38,1015475
20/07/2016,47.84,48.29,47.77,48.13,44.65,1625980
21/07/2016,48.23,48.23,47.73,48.03,44.56,1894061
22/07/2016,48.07,48.28,47.28,47.88,44.41,1451361
25/07/2016,47.89,48.42,47.84,48.33,44.83,2330659
26/07/2016,48.19,48.3,47.52,48.28,44.79,2814446
27/07/2016,48.43,48.77,47.6,47.8,44.34,1580113
28/07/2016,47.92,47.97,47.47,47.47,44.04,1920401
29/07/2016,47.35,47.36,45.84,46.02,42.69,3600485
01/08/2016,45.93,46.28,45.7,45.97,42.64,1818803
02/08/2016,45.81,46.02,44.64,44.77,41.53,2522465
03/08/2016,44.64,45.32,44.47,44.98,41.72,2884314
04/08/2016,45.0,45.28,44.5,45.04,41.79,2825328
05/08/2016,45.36,46.13,45.36,46.02,42.69,2526838
08/08/2016,46.18,46.31,45.75,45.84,42.52,2359237
09/08/2016,45.73,46.09,45.66,46.05,42.72,1546043
10/08/2016,46.12,46.19,45.63,46.02,42.69,1794191
11/08/2016,46.18,46.57,46.02,46.37,43.02,1201789
12/08/2016,46.34,46.48,45.74,45.97,42.64,1515127
15/08/2016,46.11,46.97,46.11,46.51,43.14,1822159
16/08/2016,46.35,46.51,46.0,46.33,42.98,1116158
17/08/2016,46.26,46.39,45.57,45.99,42.66,1061748
18/08/2016,45.97,46.19,45.64,46.1,42.76,1052595
19/08/2016,45.87,46.02,45.63,45.72,42.41,1735612
22/08/2016,45.72,45.91,45.44,45.78,42.47,1169347
23/08/2016,46.18,47.63,45.81,47.14,43.73,3208737
24/08/2016,47.03,47.14,46.35,46.56,43.19,1326880
25/08/2016,46.4,46.87,46.14,46.4,43.04,1449022
26/08/2016,46.53,46.54,45.29,45.55,42.25,2370627
29/08/2016,45.63,46.3,45.44,46.04,42.71,1323015
30/08/2016,46.1,46.54,45.89,46.54,43.17,1481261
31/08/2016,46.47,46.65,46.08,46.51,43.14,1929452
01/09/2016,46.58,46.8,45.78,45.93,42.61,1117988
02/09/2016,46.14,46.59,45.58,45.78,42.47,1901688
06/09/2016,45.84,46.11,45.46,45.85,42.53,1166804
07/09/2016,45.84,46.7,45.75,46.54,43.17,1066019
08/09/2016,46.42,46.47,46.05,46.09,42.75,737427
09/09/2016,45.6,45.62,44.23,44.42,41.21,2165803
12/09/2016,44.02,45.27,44.02,45.1,41.84,1740799
13/09/2016,44.65,45.15,43.82,43.96,40.78,2246350
14/09/2016,44.02,44.43,43.71,43.99,40.81,2107631
15/09/2016,43.99,44.53,43.77,44.26,41.06,2622436
16/09/2016,44.05,44.2,43.45,43.6,40.44,3640962
19/09/2016,43.9,45.03,43.85,44.34,41.13,3728322
20/09/2016,43.91,43.94,42.09,42.77,39.68,11600105
21/09/2016,42.7,43.12,41.74,42.72,39.63,5132494
22/09/2016,43.23,43.95,42.69,42.87,39.77,4278214
23/09/2016,42.79,43.24,42.38,42.39,39.32,2398900
26/09/2016,42.15,42.67,41.97,42.23,39.18,2101224
27/09/2016,42.15,42.63,41.98,42.01,38.97,1979285
28/09/2016,42.03,42.6,41.88,42.48,39.4,1932402
29/09/2016,42.3,42.59,41.32,41.48,38.48,2183702
30/09/2016,41.71,41.87,41.35,41.63,38.62,1920503
03/10/2016,41.39,41.48,41.09,41.4,38.44,1809853
04/10/2016,41.39,41.58,40.66,40.85,37.93,1871585
05/10/2016,41.1,41.49,41.0,41.14,38.2,1798158
06/10/2016,40.98,41.62,40.82,41.43,38.47,1828261
07/10/2016,41.38,41.94,40.81,40.85,37.93,1751681
10/10/2016,41.15,41.36,40.81,41.02,38.09,2652641
11/10/2016,40.97,41.0,40.47,40.88,37.96,2501006
12/10/2016,40.98,41.35,40.71,41.09,38.15,2954283
13/10/2016,40.66,40.8,39.99,40.28,37.4,3161446
14/10/2016,40.5,41.1,40.45,40.67,37.76,3027914
17/10/2016,40.99,41.47,40.64,40.91,37.99,2468971
18/10/2016,41.32,41.7,41.03,41.21,38.26,2154820
19/10/2016,41.39,41.61,40.83,41.27,38.32,1965861
20/10/2016,40.97,41.19,40.48,40.71,37.8,2713559
21/10/2016,40.33,40.63,40.23,40.53,37.63,1550213
24/10/2016,40.86,41.17,40.78,41.04,38.11,2378560
25/10/2016,40.86,40.88,40.25,40.52,37.63,2836820
26/10/2016,40.35,40.76,40.13,40.54,37.64,1492448
27/10/2016,40.76,40.78,39.61,39.67,36.83,2588774
28/10/2016,39.87,40.91,39.61,40.65,37.74,3102664
31/10/2016,40.94,41.31,40.83,40.99,38.06,2638708
01/11/2016,41.0,41.24,40.24,40.57,37.67,2098274
02/11/2016,40.55,40.66,39.84,40.18,37.31,2098071
03/11/2016,40.29,40.45,39.94,40.07,37.21,1540857
04/11/2016,40.15,41.65,39.97,40.71,37.8,2129801
07/11/2016,41.33,41.58,40.99,41.24,38.29,2232112
08/11/2016,40.84,40.88,39.9,40.74,37.83,2587655
09/11/2016,39.82,40.79,39.02,40.41,37.52,5283824
10/11/2016,40.59,41.41,40.28,41.14,38.2,3782426
11/11/2016,41.21,41.41,40.26,40.56,37.66,2972793
14/11/2016,40.83,41.81,40.51,41.62,38.65,3157378
15/11/2016,42.1,42.45,41.26,41.53,38.57,2757189
16/11/2016,41.17,41.44,40.94,41.38,38.42,1679372
17/11/2016,42.14,43.15,41.92,42.49,39.45,2567722
18/11/2016,42.39,42.84,42.22,42.74,39.69,1933215
21/11/2016,42.89,43.26,42.31,43.2,40.11,1963217
22/11/2016,43.26,43.28,42.58,42.8,39.74,1860296
23/11/2016,42.63,43.24,42.62,43.14,40.05,1676423
25/11/2016,43.22,43.71,43.17,43.54,40.43,805667
28/11/2016,43.42,43.42,42.69,42.98,39.91,1877280
29/11/2016,43.05,43.67,42.94,43.5,40.39,2310116
30/11/2016,43.57,43.66,41.77,41.83,38.84,3761578
01/12/2016,41.89,42.36,41.14,41.32,38.36,2921638
02/12/2016,41.37,41.93,41.2,41.31,38.36,2541890
05/12/2016,41.53,41.82,41.13,41.71,38.73,3135818
06/12/2016,42.04,42.8,41.78,42.69,39.64,2894992
07/12/2016,42.67,43.93,42.56,43.92,40.78,2458191
08/12/2016,43.95,45.49,43.95,44.91,41.7,3059848
09/12/2016,44.8,44.93,43.49,44.08,40.93,2462767
12/12/2016,43.82,44.56,43.66,44.4,41.22,5398541
13/12/2016,44.7,44.73,43.83,44.51,41.33,2434800
14/12/2016,44.55,44.67,43.18,43.26,40.17,3198058
15/12/2016,43.27,44.13,42.36,42.62,39.57,2798784
16/12/2016,42.67,43.12,42.4,42.69,39.64,6628704
19/12/2016,43.81,44.37,42.5,42.67,39.62,6195971
20/12/2016,42.62,43.21,42.13,42.28,39.26,3074188
21/12/2016,42.32,43.07,42.18,42.74,39.69,2547585
22/12/2016,42.74,42.77,42.17,42.2,39.19,1731544
23/12/2016,42.28,42.35,41.76,41.85,38.86,1149210
27/12/2016,42.01,42.65,41.95,42.64,39.59,3982674
28/12/2016,42.73,42.8,42.25,42.44,39.41,2136514
29/12/2016,42.46,42.79,42.16,42.18,39.17,1408342
30/12/2016,42.25,42.33,41.88,42.21,39.2,2408256
03/01/2017,42.67,42.67,41.52,42.2,39.19,4148852
04/01/2017,42.38,43.39,42.23,43.24,40.15,2653760
05/01/2017,43.05,43.72,43.02,43.68,40.56,1969319
06/01/2017,43.9,43.97,42.92,42.96,39.89,2088715
09/01/2017,42.87,42.93,42.41,42.82,39.76,1878399
10/01/2017,42.9,43.28,42.55,43.0,39.93,1713340
11/01/2017,42.92,43.29,42.65,43.29,40.2,1604521
12/01/2017,43.19,43.77,42.55,43.69,40.56,2705830
13/01/2017,43.61,43.95,43.43,43.72,40.59,1905960
17/01/2017,43.5,43.9,43.33,43.66,40.54,1758800
18/01/2017,43.79,43.87,43.27,43.56,40.45,1765817
19/01/2017,43.56,44.2,42.93,43.0,39.93,2334422
20/01/2017,43.21,43.36,42.91,43.12,40.04,2390967
23/01/2017,43.11,43.48,42.73,43.02,39.94,2433274
24/01/2017,43.98,45.74,43.9,45.59,42.34,5238465
25/01/2017,45.88,46.66,45.67,46.15,42.88,3524312
26/01/2017,46.21,46.79,45.81,45.92,42.67,2939232
27/01/2017,45.77,45.86,44.86,45.02,41.84,2199771
30/01/2017,44.66,44.72,43.86,44.7,41.54,2355779
31/01/2017,44.53,44.55,43.53,43.9,40.8,3163989
01/02/2017,43.99,44.41,43.3,44.14,41.02,4409407
02/02/2017,44.18,44.45,43.8,44.06,40.95,2017728
03/02/2017,44.36,44.46,43.91,44.39,41.25,2031254
06/02/2017,44.3,44.6,43.9,44.02,40.91,1528856
07/02/2017,44.22,44.23,43.33,43.87,40.77,2113021
08/02/2017,43.87,44.59,43.78,44.43,41.29,2803767
09/02/2017,44.4,44.59,43.9,44.43,41.29,2018237
10/02/2017,45.26,46.18,44.93,46.03,42.77,2976352
13/02/2017,46.2,46.32,45.75,45.92,42.67,2375000
14/02/2017,45.82,45.92,45.01,45.44,42.23,2118208
15/02/2017,45.51,46.34,45.42,46.12,42.86,2093495
16/02/2017,46.01,46.28,45.37,45.41,42.2,1395527
17/02/2017,45.24,45.68,44.99,45.68,42.45,1254266
21/02/2017,45.94,46.26,45.75,46.23,42.97,1923859
22/02/2017,47.12,47.14,46.15,46.52,43.23,2453818
23/02/2017,46.79,46.79,45.93,46.36,43.09,1718425
24/02/2017,46.16,46.74,45.89,46.64,43.34,1877687
27/02/2017,46.64,47.69,46.43,47.56,44.2,2462869
28/02/2017,47.53,48.18,47.38,47.97,44.58,3558280
01/03/2017,48.33,49.6,48.3,49.17,45.7,3536007
02/03/2017,49.07,49.25,48.71,48.91,45.45,1628522
03/03/2017,48.75,49.24,48.27,49.07,45.6,3247993
06/03/2017,48.8,49.35,48.6,49.13,45.66,2609215
07/03/2017,49.24,49.96,48.97,49.86,46.34,2898348
08/03/2017,49.8,51.54,49.75,51.38,47.75,4603247
09/03/2017,51.38,52.02,50.43,51.06,47.45,4805834
10/03/2017,51.53,52.89,51.52,51.84,48.18,6202175
13/03/2017,51.97,52.11,51.02,51.05,47.44,3861956
14/03/2017,50.93,50.97,50.19,50.74,47.15,2415884
15/03/2017,50.99,51.42,50.38,51.26,47.64,2974013
16/03/2017,51.45,52.38,51.01,52.08,48.4,3736763
17/03/2017,52.03,52.4,51.75,51.95,48.28,4068000
20/03/2017,51.92,51.94,51.28,51.8,48.14,3506311
21/03/2017,51.29,51.52,49.97,50.41,46.85,4695591
22/03/2017,50.52,50.53,49.4,49.86,46.34,3260807
23/03/2017,49.92,50.48,49.79,50.01,46.48,1706729
24/03/2017,50.2,50.47,49.85,50.19,46.64,1895891
27/03/2017,49.53,50.25,49.38,50.13,46.59,1816464
28/03/2017,49.9,50.81,49.89,50.5,46.93,1590588
29/03/2017,50.18,50.8,50.18,50.64,47.06,1374679
30/03/2017,50.54,50.71,50.18,50.44,46.88,1606860
31/03/2017,50.34,50.52,50.17,50.33,46.78,1229553
03/04/2017,50.39,50.63,49.61,50.06,46.52,1932097
04/04/2017,49.86,50.14,49.59,49.79,46.27,1298404
05/04/2017,50.02,50.55,49.73,49.79,46.27,1834465
06/04/2017,49.71,50.43,49.61,50.06,46.52,1472311
07/04/2017,49.88,50.21,49.79,49.83,46.31,1187348
10/04/2017,50.11,51.31,50.06,50.62,47.04,2220213
11/04/2017,50.55,51.11,50.33,51.05,47.44,2626301
12/04/2017,50.75,51.03,50.29,50.43,46.87,1977658
13/04/2017,50.56,51.56,50.56,50.92,47.33,2647454
17/04/2017,51.07,51.54,50.91,51.47,47.84,2089528
18/04/2017,51.19,51.89,50.96,51.55,47.91,1850126
19/04/2017,51.81,52.01,51.45,51.72,48.07,1852262
20/04/2017,52.01,52.11,50.52,51.02,47.42,2880144
21/04/2017,50.86,51.21,50.51,51.14,47.53,2208619
24/04/2017,51.68,51.82,50.55,50.71,47.12,1874331
25/04/2017,50.43,50.51,49.48,49.85,46.33,3989183
26/04/2017,49.98,50.47,49.77,50.12,46.58,4499717
27/04/2017,50.15,50.41,49.77,50.26,46.7,2036441
28/04/2017,50.12,50.17,49.06,49.66,46.18,2748239
01/05/2017,49.88,50.09,49.43,49.45,45.99,2123903
02/05/2017,49.41,49.62,49.02,49.34,45.89,2020576
03/05/2017,49.28,49.56,48.52,48.9,45.48,2316421
04/05/2017,48.96,49.28,48.85,48.95,45.52,1277962
05/05/2017,49.17,49.26,48.83,48.96,45.53,1540755
08/05/2017,48.95,49.17,48.74,49.02,45.59,1105784
09/05/2017,48.98,49.89,48.98,49.81,46.33,2016304
10/05/2017,49.69,49.74,49.18,49.72,46.25,1508211
11/05/2017,49.62,50.22,49.36,50.14,46.63,1868738
12/05/2017,50.1,50.1,49.45,49.55,46.08,1026560
15/05/2017,49.71,50.38,49.66,50.18,46.67,1547976
16/05/2017,50.38,50.58,49.76,50.57,47.03,1287115
17/05/2017,50.57,50.57,49.31,49.43,45.97,1822261
18/05/2017,49.42,50.64,49.1,50.25,46.73,1893552
19/05/2017,50.43,51.45,50.25,51.28,47.69,2325167
22/05/2017,51.43,51.84,51.26,51.57,47.97,1841889
23/05/2017,51.95,52.43,50.65,50.77,47.22,1738053
24/05/2017,50.65,51.18,50.16,51.11,47.54,1354339
25/05/2017,51.41,51.53,50.61,50.87,47.31,1795107
26/05/2017,50.66,50.88,50.5,50.67,47.12,947030
30/05/2017,50.58,50.78,50.08,50.63,47.09,1643269
31/05/2017,50.85,50.88,50.12,50.45,46.92,1477599
01/06/2017,50.5,51.13,50.15,51.06,47.49,1574011
02/06/2017,51.11,52.01,51.11,51.85,48.22,1975828
05/06/2017,51.82,51.87,51.35,51.55,47.95,1884704
06/06/2017,51.11,51.53,50.89,51.34,47.75,1436919
07/06/2017,51.37,51.97,51.31,51.53,47.93,1295150
08/06/2017,51.53,51.82,51.15,51.27,47.68,1264436
09/06/2017,51.35,51.45,50.88,51.13,47.55,1562417
12/06/2017,51.04,51.85,51.04,51.81,48.19,1586520
13/06/2017,51.97,53.08,51.72,52.75,49.06,2048645
14/06/2017,52.95,53.92,52.73,53.03,49.32,2692406
15/06/2017,52.67,53.16,51.97,52.21,48.56,2141497
16/06/2017,52.02,52.11,51.4,52.05,48.41,2294250
19/06/2017,52.11,52.42,51.73,51.86,48.23,4657250
20/06/2017,54.56,54.82,52.36,52.97,49.26,7395827
21/06/2017,52.89,53.36,51.91,52.36,48.7,2566196
22/06/2017,52.22,52.32,51.52,51.53,47.93,1404579
23/06/2017,51.62,51.96,51.22,51.25,47.66,4172344
26/06/2017,51.41,51.71,51.2,51.58,47.98,1294234
27/06/2017,51.62,51.93,51.22,51.22,47.64,1123785
28/06/2017,51.64,52.18,51.25,51.98,48.34,1614182
29/06/2017,51.87,51.97,51.16,51.82,48.19,2584807
30/06/2017,52.02,52.89,51.99,52.43,48.76,1841177
03/07/2017,52.34,52.61,51.67,51.68,48.07,1142498
05/07/2017,51.56,51.87,51.06,51.52,47.92,2156549
06/07/2017,51.13,51.51,50.68,51.0,47.44,2612266
07/07/2017,51.29,52.98,51.13,52.59,48.91,2484734
10/07/2017,52.51,53.7,52.31,53.69,49.93,2992116
11/07/2017,52.81,53.14,52.14,52.84,49.18,2546670
12/07/2017,53.06,53.61,52.38,52.85,49.19,1959149
13/07/2017,52.65,53.3,52.5,52.9,49.24,1198636
14/07/2017,52.72,53.51,52.72,53.13,49.45,1361356
17/07/2017,53.1,53.32,52.57,52.71,49.06,2240756
18/07/2017,52.58,52.67,51.65,52.06,48.46,2212585
19/07/2017,52.29,52.75,51.92,52.41,48.78,3062289
20/07/2017,52.47,52.5,51.67,52.37,48.74,1674287
21/07/2017,52.35,53.38,52.23,52.44,48.81,1874026
24/07/2017,52.38,52.52,51.91,52.0,48.39,1602589
25/07/2017,52.06,52.65,52.04,52.3,48.68,1823074
26/07/2017,52.24,52.29,51.53,51.87,48.28,1504550
27/07/2017,51.89,52.23,51.55,52.14,48.53,1160295
28/07/2017,52.06,52.3,50.97,51.55,47.98,2095935
31/07/2017,51.79,51.82,51.15,51.56,47.99,1141277
01/08/2017,51.68,52.52,51.42,52.49,48.85,1068155
02/08/2017,52.35,53.2,52.13,52.97,49.3,1413020
03/08/2017,52.97,53.15,52.62,52.97,49.3,1301455
04/08/2017,53.09,53.49,53.04,53.34,49.65,1009474
07/08/2017,53.34,53.51,53.11,53.38,49.69,818075
08/08/2017,53.34,53.94,53.0,53.52,49.81,1120632
09/08/2017,53.26,53.62,52.91,53.25,49.57,1181856
10/08/2017,52.92,53.08,52.12,52.27,48.65,1000423
11/08/2017,52.08,52.49,51.81,52.36,48.73,712917
14/08/2017,52.41,53.28,52.41,52.99,49.32,1177483
15/08/2017,52.99,53.25,52.67,53.17,49.48,1217044
16/08/2017,53.24,53.3,52.76,53.19,49.5,915503
17/08/2017,53.18,53.26,51.96,52.0,48.39,1372747
18/08/2017,51.82,51.82,51.0,51.01,47.48,1787988
21/08/2017,51.02,51.39,50.67,51.24,47.69,1120327
22/08/2017,51.18,51.29,50.59,51.06,47.53,1773750
23/08/2017,50.84,51.25,50.27,50.73,47.21,2329032
24/08/2017,50.89,50.95,50.29,50.33,46.85,908995
25/08/2017,50.35,50.88,50.22,50.75,47.23,1297895
28/08/2017,50.76,50.81,49.81,50.07,46.6,1733985
29/08/2017,49.68,50.04,49.59,49.65,46.21,1583774
30/08/2017,49.72,50.21,49.61,49.86,46.41,930047
31/08/2017,50.01,50.94,49.96,50.89,47.37,1564553
01/09/2017,51.04,51.28,50.82,50.89,47.37,957912
05/09/2017,50.85,50.85,49.52,50.19,46.71,1571570
06/09/2017,50.23,50.3,48.93,49.21,45.8,3247688
07/09/2017,49.37,49.48,48.94,49.04,45.64,1672355
08/09/2017,48.92,50.01,48.69,49.7,46.25,1534755
11/09/2017,49.92,50.98,49.76,50.88,47.35,1867619
12/09/2017,50.88,51.41,50.77,51.29,47.74,1608284
13/09/2017,51.26,51.38,49.58,50.35,46.87,3230297
14/09/2017,50.26,50.59,49.59,50.04,46.57,2014677
15/09/2017,50.0,50.83,49.56,50.45,46.96,3215957
18/09/2017,50.51,51.26,50.34,50.84,47.31,2888483
19/09/2017,50.53,51.33,50.29,50.94,47.42,3310437
20/09/2017,50.64,50.89,49.6,49.62,46.18,2434088
21/09/2017,49.89,50.09,49.42,49.65,46.21,1101614
22/09/2017,49.66,50.06,49.28,49.44,46.02,1856635
25/09/2017,49.16,49.83,49.07,49.69,46.24,2623860
26/09/2017,49.96,50.45,49.69,50.32,46.84,1842092
27/09/2017,50.66,50.88,49.91,50.46,46.97,2206280
28/09/2017,50.44,51.39,50.34,51.36,47.8,1971861
29/09/2017,51.71,52.66,51.61,51.92,48.32,3296402
02/10/2017,52.18,52.26,51.62,51.94,48.34,3034525
03/10/2017,53.98,54.92,52.62,54.42,50.66,8070912
04/10/2017,54.14,55.5,54.14,55.47,51.63,3666590
05/10/2017,55.54,55.83,55.02,55.13,51.31,2891738
06/10/2017,55.08,55.27,54.6,54.96,51.15,2878619
09/10/2017,54.79,55.45,54.66,55.26,51.43,1666253
10/10/2017,55.21,55.53,54.85,55.3,51.47,1844126
11/10/2017,55.16,55.67,55.12,55.63,51.78,2037254
12/10/2017,55.38,55.75,55.1,55.11,51.3,1457056
13/10/2017,55.35,55.74,55.05,55.08,51.27,1487566
16/10/2017,55.1,55.33,54.74,54.93,51.12,1309998
17/10/2017,54.93,55.24,54.8,55.03,51.22,2251435
18/10/2017,55.02,55.51,54.87,55.33,51.53,4306080
19/10/2017,55.31,55.98,54.87,55.8,51.97,2514431
20/10/2017,56.81,57.03,56.05,56.54,52.66,2406629
23/10/2017,56.44,56.94,56.14,56.34,52.48,2216755
24/10/2017,56.39,57.16,56.39,57.04,53.13,2458496
25/10/2017,57.61,57.97,56.87,56.97,53.06,3231314
26/10/2017,57.24,57.63,57.02,57.48,53.54,1715984
27/10/2017,57.46,57.66,56.91,57.04,53.13,1812294
30/10/2017,55.22,56.29,54.59,54.75,50.99,13502709
31/10/2017,54.91,55.06,53.99,54.74,50.98,8826543
01/11/2017,55.15,56.03,54.53,56.01,52.17,6986180
02/11/2017,56.07,56.17,53.98,54.18,50.46,6770576
03/11/2017,54.09,54.51,53.53,53.71,50.02,4541820
06/11/2017,54.9,55.32,53.64,55.2,51.42,3190227
07/11/2017,55.36,56.14,55.25,55.54,51.73,3163989
08/11/2017,55.34,57.59,54.93,57.58,53.63,5577431
09/11/2017,57.48,59.07,57.19,58.93,54.89,7262300
10/11/2017,58.67,59.32,58.32,58.71,54.68,5263800
13/11/2017,58.36,58.69,58.02,58.22,54.23,3921700
14/11/2017,57.81,58.58,57.75,58.56,54.54,3250600
15/11/2017,58.27,58.48,57.74,58.02,54.04,2463000
16/11/2017,58.12,58.51,57.88,58.09,54.11,2942800
17/11/2017,57.92,59.1,57.81,58.89,54.85,3717600
20/11/2017,58.88,59.31,58.73,59.12,55.06,3729000
21/11/2017,59.52,60.86,59.32,60.53,56.38,3510700
22/11/2017,60.36,60.81,60.05,60.61,56.45,2669400
24/11/2017,60.74,61.35,60.69,61.02,56.83,1290800
27/11/2017,61.01,61.13,60.23,60.75,56.58,3958000
28/11/2017,60.92,61.58,60.81,61.54,57.32,4147800
29/11/2017,61.5,62.66,61.0,62.18,57.91,5049400
30/11/2017,62.67,63.15,62.2,62.78,58.47,4778500
01/12/2017,62.84,63.27,61.26,62.56,58.27,4958600
04/12/2017,63.41,63.94,62.84,62.98,58.66,4516300
05/12/2017,61.54,62.55,61.03,62.03,57.78,3727600
06/12/2017,61.75,62.18,60.84,60.91,56.73,3864600
07/12/2017,60.84,62.19,60.67,61.71,57.48,2277600
08/12/2017,61.82,62.23,61.64,62.18,57.91,2041000
11/12/2017,62.54,62.58,61.35,61.68,57.45,2817000
12/12/2017,61.43,62.29,61.41,61.43,57.22,2616400
13/12/2017,61.71,61.82,61.04,61.11,56.92,2756500
14/12/2017,61.15,61.66,61.01,61.14,56.95,2718800
15/12/2017,61.39,61.63,61.08,61.4,57.19,4080900
18/12/2017,61.88,62.62,61.88,62.36,58.08,2721000
19/12/2017,62.55,62.58,61.84,61.88,57.64,2164900
20/12/2017,62.25,62.9,62.04,62.56,58.27,2200200
21/12/2017,62.75,64.01,62.75,63.75,59.38,2171700
22/12/2017,64.0,64.24,63.51,64.0,59.61,3922200
26/12/2017,64.0,64.42,63.74,63.89,59.51,1788300
27/12/2017,64.05,64.4,63.82,63.92,59.54,3694800
28/12/2017,64.01,64.17,63.69,63.82,59.44,3270700
29/12/2017,64.04,64.37,63.1,63.24,58.9,2130300
02/01/2018,63.93,64.85,63.79,64.84,60.39,3714600
03/01/2018,64.99,67.4,64.99,67.23,62.62,5642100
04/01/2018,67.23,67.45,66.5,66.95,62.36,4595700
05/01/2018,67.4,67.63,66.77,67.58,62.94,3780500
08/01/2018,67.77,67.8,67.08,67.23,62.62,3296300
09/01/2018,67.38,67.44,66.31,66.67,62.1,4944600
10/01/2018,66.24,68.51,65.75,68.26,63.58,9804600
11/01/2018,68.91,70.4,68.62,69.57,64.8,6364100
12/01/2018,69.13,69.93,69.04,69.26,64.51,3792000
16/01/2018,69.86,69.87,68.62,68.78,64.06,3338700
17/01/2018,69.26,70.83,68.9,70.71,65.86,3398400
18/01/2018,71.77,72.07,70.43,70.54,65.7,4315900
19/01/2018,70.6,71.87,70.59,71.82,66.89,3647500
22/01/2018,71.97,72.17,71.36,71.73,66.81,3951000
23/01/2018,71.69,71.94,70.6,70.93,66.06,2778900
24/01/2018,70.98,71.89,70.43,70.86,66.0,2829700
25/01/2018,70.81,70.94,68.01,68.47,63.81,4283700
26/01/2018,68.79,68.97,67.24,67.82,63.2,5853700
29/01/2018,67.4,67.7,64.93,65.02,60.59,5183800
30/01/2018,64.49,64.84,63.47,63.87,59.52,4916100
31/01/2018,64.71,65.45,62.45,62.66,58.39,5944400
01/02/2018,62.2,63.52,61.73,62.84,58.56,6011800
02/02/2018,62.27,62.4,59.97,60.02,55.93,4867400
05/02/2018,59.52,60.32,57.1,57.7,53.77,6119000
06/02/2018,56.56,60.67,56.03,60.44,56.33,8420500
07/02/2018,60.67,63.4,60.39,60.91,56.76,8414300
08/02/2018,60.79,61.1,59.01,59.11,55.09,6774600
09/02/2018,60.0,60.0,57.39,58.69,54.7,7755800
12/02/2018,59.32,60.56,57.77,59.34,55.3,18347000
13/02/2018,59.4,60.14,58.84,59.96,55.88,7289900
14/02/2018,59.5,61.76,59.47,61.23,57.06,7001800
15/02/2018,61.88,61.88,60.02,60.4,56.29,4639500
16/02/2018,60.29,61.13,60.11,60.86,56.72,6359800
20/02/2018,60.65,60.78,58.97,59.15,55.12,4373800
21/02/2018,59.38,60.39,58.64,58.66,54.67,3818900
22/02/2018,58.98,59.32,58.13,58.43,54.45,4884300
23/02/2018,59.56,59.56,58.2,59.04,55.02,3495800
26/02/2018,59.37,59.62,58.45,59.45,55.4,4800800
27/02/2018,59.57,60.81,57.66,57.66,53.74,5085300
28/02/2018,57.9,58.13,55.94,56.58,52.73,9672500
01/03/2018,56.84,57.55,56.17,57.36,53.46,5266500
02/03/2018,56.78,57.58,55.92,57.48,53.57,4306300
05/03/2018,57.04,58.65,56.96,58.31,54.34,6151000
06/03/2018,58.64,59.33,57.88,59.17,55.14,5147200
07/03/2018,58.69,59.66,58.54,59.29,55.25,2458300
08/03/2018,59.29,59.57,58.0,58.66,54.67,3176500
09/03/2018,59.01,59.88,58.24,59.79,55.72,3804400
12/03/2018,59.86,60.73,59.8,60.43,56.32,3808200
13/03/2018,60.86,61.52,60.44,60.56,56.44,3747500
14/03/2018,60.87,60.9,59.73,59.9,55.82,3355600
15/03/2018,60.07,60.3,58.49,58.89,54.88,3333000
16/03/2018,58.97,59.56,58.47,59.21,55.18,3825300
19/03/2018,59.0,59.1,58.24,59.06,55.04,2810600
20/03/2018,59.25,59.75,58.62,58.87,54.86,2410700
21/03/2018,59.03,60.57,58.7,59.9,55.82,3113300
22/03/2018,59.3,60.41,58.63,58.68,54.69,2992700
23/03/2018,59.17,60.26,58.01,58.06,54.11,3564900
26/03/2018,59.04,59.4,58.33,59.21,55.18,2418200
27/03/2018,59.39,59.4,58.25,58.67,54.68,2926400
28/03/2018,58.91,59.45,58.61,58.76,54.76,3049600
29/03/2018,58.82,59.2,58.69,58.94,54.93,4110800
02/04/2018,58.71,58.71,55.87,56.83,52.96,5276500
03/04/2018,57.08,57.82,55.48,57.09,53.2,5666900
04/04/2018,58.53,64.08,58.01,62.82,58.54,18562300
05/04/2018,63.46,64.9,62.68,64.0,59.64,6946200
06/04/2018,63.14,63.78,60.36,61.58,57.39,7352200
09/04/2018,61.67,62.16,60.75,60.78,56.64,3591000
10/04/2018,61.61,61.63,59.75,60.09,56.0,5845800
11/04/2018,59.53,60.44,58.04,58.19,54.23,4784200
12/04/2018,58.49,58.61,56.5,56.75,52.89,6193300
13/04/2018,56.87,57.65,55.9,56.94,53.06,6269900
16/04/2018,57.23,57.92,56.49,57.13,53.24,3304700
17/04/2018,57.52,58.04,57.27,57.53,53.61,3201700
18/04/2018,57.8,58.49,57.45,57.64,53.72,2629800
19/04/2018,57.52,57.57,54.2,55.62,51.83,7194300
20/04/2018,55.75,56.35,54.41,54.62,50.9,4402800
23/04/2018,54.62,55.15,54.03,54.46,50.75,3127300
24/04/2018,55.03,55.49,53.33,53.47,49.87,4777700
25/04/2018,53.55,53.97,52.85,53.91,50.28,4473600
26/04/2018,54.58,54.6,53.02,54.29,50.63,5479400
27/04/2018,54.25,55.4,54.18,54.85,51.15,3341400
30/04/2018,54.75,55.05,52.86,52.89,49.33,4122000
01/05/2018,52.81,54.52,52.44,53.91,50.28,5687100
02/05/2018,53.84,54.29,53.13,53.25,49.66,3035700
03/05/2018,53.26,53.75,52.63,53.63,50.02,2570900
04/05/2018,53.38,54.9,52.84,54.44,50.77,3416200
07/05/2018,54.6,54.79,54.02,54.33,50.67,3863700
08/05/2018,54.29,54.69,53.94,54.43,50.76,2543900
09/05/2018,54.52,54.77,53.03,53.61,50.0,2946800
10/05/2018,53.91,54.54,53.72,54.19,50.54,2421000
11/05/2018,54.23,55.13,54.18,54.29,50.63,2029800
14/05/2018,54.36,54.72,54.04,54.29,50.63,2627500
15/05/2018,53.68,53.97,50.87,51.21,47.76,5502400
16/05/2018,51.11,51.57,50.0,50.97,47.54,6153300
17/05/2018,50.98,51.64,50.95,51.3,47.84,2533400
18/05/2018,51.3,52.38,51.05,52.03,48.52,2516000
21/05/2018,52.29,53.02,51.99,52.27,48.75,2469200
22/05/2018,51.41,51.81,50.74,50.87,47.44,4351900
23/05/2018,50.36,51.84,50.21,51.75,48.26,3793600
24/05/2018,51.72,52.14,50.94,51.46,47.99,2823400
25/05/2018,51.74,53.75,51.7,53.39,49.79,4303900
29/05/2018,53.06,54.18,52.97,53.29,49.7,3058900
30/05/2018,53.47,53.6,52.39,52.5,48.96,2381300
31/05/2018,52.55,52.67,51.66,51.74,48.25,3344800
01/06/2018,52.0,52.06,50.69,51.62,48.14,3821000
04/06/2018,51.91,52.3,51.62,52.07,48.56,3156300
05/06/2018,51.66,52.87,51.66,52.0,48.5,3526200
06/06/2018,51.86,52.33,50.8,52.29,48.77,2978700
07/06/2018,52.4,53.1,52.07,52.44,48.91,2472900
08/06/2018,52.43,54.15,52.34,54.0,50.36,3611200
11/06/2018,54.0,54.47,53.45,53.7,50.08,2857400
12/06/2018,53.84,54.82,53.66,54.68,51.0,2473900
13/06/2018,54.45,54.45,51.75,52.49,48.95,5765800
14/06/2018,52.44,53.17,52.1,53.07,49.49,5309500
15/06/2018,53.0,53.66,52.11,52.82,49.26,5237400
18/06/2018,52.39,53.2,51.63,51.97,48.47,4621900
19/06/2018,51.6,52.69,51.58,52.07,48.56,3675600
20/06/2018,51.91,52.53,51.12,52.23,48.71,2646300
21/06/2018,52.26,52.45,51.57,51.68,48.2,2089100
22/06/2018,51.6,51.72,50.72,51.2,47.75,6717300
25/06/2018,50.95,51.06,48.71,49.22,45.9,6268700
26/06/2018,52.85,53.87,51.05,51.61,48.13,15700800
27/06/2018,52.2,52.24,50.97,51.26,47.81,5202200
28/06/2018,50.83,52.16,50.77,52.04,48.53,3493400
29/06/2018,53.07,53.33,52.45,52.5,48.96,4336100
02/07/2018,52.0,52.95,51.61,52.17,48.65,2798600
03/07/2018,52.46,52.8,52.08,52.38,48.85,1062500
05/07/2018,52.79,53.27,52.4,53.12,49.54,2553700
06/07/2018,53.21,54.38,52.96,53.69,50.07,2982500
09/07/2018,54.34,54.7,54.09,54.63,50.95,3830600
10/07/2018,54.89,55.22,53.91,54.35,50.69,4509900
11/07/2018,53.95,54.77,53.92,53.97,50.37,3393400
12/07/2018,54.2,54.38,53.37,53.78,50.19,3156300
13/07/2018,53.68,54.25,53.56,54.06,50.45,1374300
16/07/2018,54.0,54.58,53.46,54.05,50.45,2705700
17/07/2018,54.05,55.77,53.98,55.55,51.85,3670400
18/07/2018,54.92,55.37,54.24,55.17,51.49,2845400
19/07/2018,55.13,55.58,54.74,55.14,51.46,3054800
20/07/2018,55.06,55.13,54.19,54.68,51.03,3604900
23/07/2018,55.0,55.05,54.06,54.3,50.68,3298100
24/07/2018,54.21,54.34,52.52,52.59,49.08,4230200
25/07/2018,52.03,52.39,50.54,51.35,47.93,4684000
26/07/2018,51.58,52.59,51.09,52.53,49.03,4648200
27/07/2018,52.69,53.2,51.38,52.11,48.63,5910500
30/07/2018,52.2,52.44,51.8,51.88,48.42,3535800
31/07/2018,52.14,52.45,51.53,52.27,48.78,2725100
01/08/2018,52.44,52.55,51.51,51.74,48.29,2954400
02/08/2018,51.43,51.61,50.32,50.81,47.42,4854100
03/08/2018,50.94,51.62,50.75,51.48,48.05,2589800
06/08/2018,51.45,52.01,50.84,51.76,48.31,2038000
07/08/2018,51.85,53.08,51.64,53.0,49.47,1989200
08/08/2018,53.19,53.35,52.79,53.27,49.72,2518400
09/08/2018,53.33,53.98,53.08,53.45,49.89,2096800
10/08/2018,52.96,53.47,52.07,53.38,49.82,2841000
13/08/2018,53.03,53.06,50.46,50.78,47.39,4111600
14/08/2018,50.94,51.49,50.61,50.99,47.59,3508200
15/08/2018,50.62,50.69,49.74,50.23,46.88,3576900
16/08/2018,50.43,51.01,50.08,50.48,47.11,2409100
17/08/2018,50.37,50.78,50.05,50.57,47.2,2387200
20/08/2018,50.56,51.52,50.56,51.13,47.72,2091700
21/08/2018,52.37,53.67,52.29,53.26,49.71,4316800
22/08/2018,53.16,53.22,52.3,52.53,49.03,1503600
23/08/2018,52.39,52.5,51.46,51.71,48.26,1780300
24/08/2018,51.74,52.11,51.5,51.55,48.11,1395200
27/08/2018,51.6,52.72,51.55,52.42,48.92,1632500
28/08/2018,52.42,52.78,52.27,52.61,49.1,2495500
29/08/2018,52.57,53.0,51.99,52.69,49.18,2285500
30/08/2018,52.43,52.71,51.78,51.84,48.38,1569700
31/08/2018,51.89,52.04,51.42,51.67,48.22,1480800
04/09/2018,51.63,51.93,51.45,51.72,48.27,1643500
05/09/2018,51.74,52.82,51.4,52.52,49.02,2357300
06/09/2018,52.67,53.3,52.23,52.34,48.85,2074700
07/09/2018,51.84,51.89,50.44,50.53,47.16,2957800
10/09/2018,50.77,51.24,50.32,50.69,47.31,3512500
11/09/2018,50.5,51.71,50.47,51.17,47.76,4194300
12/09/2018,51.21,52.36,51.03,52.22,48.74,4670300
13/09/2018,52.26,52.62,51.14,52.35,48.86,3833700
14/09/2018,52.24,52.79,51.43,52.53,49.03,2696200
17/09/2018,52.49,52.64,51.08,51.16,47.75,3215000
18/09/2018,51.32,52.28,51.28,51.81,48.35,4580100
19/09/2018,51.78,52.6,51.24,51.39,47.96,2587500
20/09/2018,51.48,51.72,50.35,50.72,47.34,4529800
21/09/2018,50.69,50.72,49.57,50.13,46.79,7790100
24/09/2018,49.9,49.99,48.98,49.0,45.73,3125200
25/09/2018,49.24,49.3,48.71,48.87,45.61,3595900
26/09/2018,49.19,49.57,47.56,47.9,44.71,4420600
27/09/2018,47.76,47.83,46.76,47.08,43.94,5048900
28/09/2018,47.01,47.39,46.6,46.69,43.58,5220800
01/10/2018,47.0,47.42,46.78,47.16,44.01,5014400
02/10/2018,47.18,48.0,46.74,46.77,43.65,8668400
03/10/2018,46.45,47.74,45.37,46.24,43.16,11511500
04/10/2018,45.97,46.0,44.54,44.69,41.71,7254800
05/10/2018,44.5,45.13,43.66,44.78,41.79,8970700
08/10/2018,44.63,45.62,44.53,45.44,42.41,4320500
09/10/2018,45.54,45.81,44.29,44.31,41.35,4575900
10/10/2018,44.39,44.98,43.7,43.72,40.8,4432100
11/10/2018,43.6,44.25,43.22,43.31,40.42,5462100
12/10/2018,43.94,43.99,42.7,43.15,40.27,5791400
15/10/2018,42.97,43.44,42.76,43.04,40.17,3332300
16/10/2018,43.4,44.31,43.16,44.1,41.16,4752000
17/10/2018,43.23,43.36,42.49,43.08,40.21,5362500
18/10/2018,42.59,43.34,42.33,42.42,39.63,3375400
19/10/2018,42.5,42.52,40.55,40.83,38.14,4890500
22/10/2018,41.1,41.21,39.29,39.37,36.78,5022600
23/10/2018,38.97,41.37,38.94,40.7,38.02,9307100
24/10/2018,40.62,41.78,38.79,38.84,36.28,6499700
25/10/2018,39.39,40.75,39.39,40.19,37.54,7605200
26/10/2018,39.5,42.72,39.34,41.79,39.04,11803900
29/10/2018,42.66,42.95,40.59,41.01,38.31,5597900
30/10/2018,40.91,43.11,40.37,43.04,40.21,10655800
31/10/2018,43.53,43.69,42.38,42.98,40.15,7744400
01/11/2018,43.05,44.73,42.69,44.04,41.14,7611600
02/11/2018,44.52,44.56,42.66,43.28,40.43,3910800
05/11/2018,43.23,44.42,43.06,44.39,41.47,3745100
06/11/2018,44.49,44.54,43.79,43.98,41.08,2607500
07/11/2018,44.45,44.48,42.29,42.97,40.14,4373500
08/11/2018,41.47,42.71,40.9,41.9,39.14,6354500
09/11/2018,41.73,42.56,41.56,41.9,39.14,4539000
12/11/2018,41.41,42.04,40.57,40.68,38.0,4007500
13/11/2018,40.85,41.81,40.85,41.26,38.54,3961000
14/11/2018,41.7,42.3,41.09,41.61,38.87,4400700
15/11/2018,40.55,40.95,38.23,39.53,36.93,8985300
16/11/2018,39.47,41.27,39.43,41.05,38.35,5252900
19/11/2018,40.99,41.79,40.23,41.47,38.74,5034100
20/11/2018,40.89,42.35,40.82,42.14,39.37,6735700
21/11/2018,42.3,43.25,41.8,42.78,39.96,3967800
23/11/2018,42.5,43.17,42.38,42.74,39.93,1146800
26/11/2018,43.13,43.38,42.44,42.84,40.02,2649300
27/11/2018,42.54,43.3,42.53,42.87,40.05,2237000
28/11/2018,43.01,44.06,41.53,43.88,40.99,4875100
29/11/2018,43.73,44.1,42.94,43.04,40.21,3156700
30/11/2018,43.12,43.35,42.43,42.73,39.92,4133400
03/12/2018,43.45,43.72,42.35,43.61,40.74,4365400
04/12/2018,42.69,43.09,40.99,41.13,38.42,6045100
06/12/2018,40.57,42.46,40.37,42.46,39.66,5776700
07/12/2018,42.61,43.85,41.99,42.0,39.24,3642600
10/12/2018,42.06,42.85,40.89,41.12,38.41,2984400
11/12/2018,41.69,41.89,40.45,40.47,37.81,2823200
12/12/2018,40.93,41.91,40.52,41.18,38.47,5072300
13/12/2018,41.17,41.56,40.69,40.91,38.22,4434400
14/12/2018,40.37,41.43,40.01,40.21,37.56,2370700
17/12/2018,40.11,40.85,39.84,40.02,37.39,4409400
18/12/2018,40.43,41.8,39.94,41.01,38.31,5134100
19/12/2018,41.11,42.9,40.93,41.03,38.33,5974000
20/12/2018,40.71,41.52,40.41,40.88,38.19,5516400
21/12/2018,40.53,41.2,38.86,38.96,36.4,7071000
24/12/2018,38.75,38.92,37.51,38.06,35.55,2414600
26/12/2018,38.32,39.46,37.29,39.46,36.86,3971600
27/12/2018,38.78,39.74,38.16,39.5,36.9,3391000
28/12/2018,39.57,40.32,38.87,39.43,36.83,2590600
31/12/2018,39.6,39.96,38.28,39.15,36.57,2794500
02/01/2019,38.56,40.36,38.43,39.96,37.33,5027100
03/01/2019,39.71,40.3,39.21,39.55,36.95,2736100
04/01/2019,40.08,41.32,39.96,41.21,38.5,4535100
07/01/2019,41.65,43.15,41.17,42.38,39.59,6124800
08/01/2019,42.74,43.15,41.84,42.89,40.07,6697600
09/01/2019,43.9,47.18,42.66,46.29,43.24,13891700
10/01/2019,46.01,46.15,44.75,45.17,42.2,5567700
11/01/2019,45.17,47.21,45.01,46.41,43.35,5395100
14/01/2019,46.0,46.39,45.12,45.2,42.22,3667300
15/01/2019,45.04,46.25,45.04,45.88,42.86,2940900
16/01/2019,45.89,46.25,45.16,45.36,42.37,3418600
17/01/2019,44.81,45.33,44.38,44.78,41.83,3512800
18/01/2019,45.09,45.22,44.05,44.1,41.2,3588100
22/01/2019,43.7,44.26,43.21,43.51,40.65,3069900
23/01/2019,43.66,44.41,43.22,43.66,40.79,2849900
24/01/2019,43.76,44.97,43.49,44.87,41.95,3707000
25/01/2019,45.32,46.43,44.01,44.56,41.66,4711000
28/01/2019,44.33,45.37,44.12,44.52,41.63,3052000
29/01/2019,44.16,46.09,43.26,45.95,42.96,5034400
30/01/2019,46.23,46.41,44.88,46.4,43.39,4562900
31/01/2019,46.5,47.96,45.94,47.42,44.34,5238100
01/02/2019,47.32,48.47,47.02,47.15,44.09,3369900
04/02/2019,46.8,47.23,46.1,46.68,43.65,2045500
05/02/2019,46.65,47.03,46.3,46.91,43.86,3043200
06/02/2019,46.72,46.92,45.94,46.08,43.09,2157100
07/02/2019,45.9,46.67,45.48,46.19,43.19,2626100
08/02/2019,45.83,46.14,45.46,46.03,43.04,2049800
11/02/2019,46.06,46.07,45.56,45.99,43.0,1855600
12/02/2019,46.26,48.8,46.26,48.61,45.45,4939400
13/02/2019,48.7,48.97,47.82,48.17,45.04,4625200
14/02/2019,47.74,48.37,47.22,48.24,45.11,3371200
15/02/2019,48.62,49.21,48.44,48.9,45.72,3598100
19/02/2019,48.87,49.84,48.52,49.38,46.17,3157500
20/02/2019,49.38,49.76,48.65,48.95,45.77,3681200
21/02/2019,48.19,49.33,48.17,49.22,46.02,3664600
22/02/2019,49.43,50.31,49.01,50.25,46.99,4557500
25/02/2019,50.48,50.5,49.51,49.64,46.41,3130100
26/02/2019,49.23,49.93,48.84,49.46,46.25,2793500
27/02/2019,49.52,49.66,48.25,48.84,45.67,3481300
28/02/2019,48.41,48.71,47.8,47.98,44.86,4342700
01/03/2019,48.34,48.52,46.17,47.03,43.97,4968800
04/03/2019,47.21,48.33,47.21,47.6,44.51,3204300
05/03/2019,47.6,47.89,46.12,46.13,43.13,3148900
06/03/2019,46.01,46.59,45.87,45.9,42.92,3311100
07/03/2019,46.04,47.73,45.82,47.55,44.46,5508700
08/03/2019,47.39,48.39,46.94,47.73,44.63,3724100
11/03/2019,47.73,48.51,47.73,48.51,45.36,2577600
12/03/2019,48.59,48.7,48.08,48.56,45.4,2266800
13/03/2019,48.68,48.91,47.96,48.07,44.95,2815600
14/03/2019,48.06,48.27,47.43,48.02,44.9,2746200
15/03/2019,48.15,48.58,47.62,47.73,44.63,3670800
18/03/2019,47.82,48.06,47.27,47.86,44.75,2415600
19/03/2019,47.91,48.22,46.45,46.59,43.56,2700000
20/03/2019,46.51,46.73,44.84,46.22,43.22,4922300
21/03/2019,46.34,47.83,46.25,47.57,44.48,3970000
22/03/2019,47.43,48.4,47.09,47.84,44.73,4353800
25/03/2019,47.92,49.8,47.74,49.55,46.33,6248200
26/03/2019,49.56,49.82,48.73,49.71,46.48,6430400
27/03/2019,51.0,53.28,50.44,51.67,48.31,11146900
28/03/2019,51.39,51.61,49.74,49.76,46.53,6158400
29/03/2019,49.75,50.41,49.0,49.09,45.9,4429400
01/04/2019,48.94,49.44,48.13,48.91,45.73,4868700
02/04/2019,48.7,48.94,48.05,48.86,45.69,4264900
03/04/2019,49.17,50.19,48.8,49.81,46.57,3871900
04/04/2019,49.76,50.87,49.74,50.69,47.4,4140200
05/04/2019,51.22,51.77,51.0,51.68,48.32,3567500
08/04/2019,51.54,51.92,51.09,51.3,47.97,2291200
09/04/2019,51.01,51.2,50.14,50.23,46.97,3515800
10/04/2019,50.47,51.2,50.37,50.84,47.54,2660600
11/04/2019,50.87,51.36,50.74,51.3,47.97,2747100
12/04/2019,51.61,51.82,50.86,50.97,47.66,3742800
15/04/2019,51.14,51.35,50.67,51.14,47.82,2503100
16/04/2019,51.4,51.54,51.02,51.4,48.06,2037600
17/04/2019,51.15,52.04,50.95,51.91,48.54,2772500
18/04/2019,51.86,53.09,51.82,52.91,49.47,2888500
22/04/2019,52.68,52.8,51.83,52.09,48.71,2315400
23/04/2019,52.38,53.18,52.14,52.46,49.09,2658200
24/04/2019,52.57,53.1,52.26,52.63,49.25,2572700
25/04/2019,51.57,52.11,50.48,51.56,48.25,3095300
26/04/2019,51.63,52.12,51.37,52.03,48.69,2192200
29/04/2019,52.01,52.37,51.71,52.16,48.81,2704100
30/04/2019,51.98,52.25,51.74,52.03,48.69,3170600
01/05/2019,52.37,53.41,51.98,52.05,48.71,2933900
02/05/2019,52.19,53.01,51.79,52.36,49.0,2173100
03/05/2019,52.71,52.82,51.81,52.23,48.87,2136600
06/05/2019,51.77,52.04,51.31,51.85,48.52,3424100
07/05/2019,51.67,51.95,51.32,51.75,48.42,2907800
08/05/2019,51.75,51.93,51.07,51.13,47.84,1978600
09/05/2019,50.94,51.8,50.74,51.78,48.45,1266400
10/05/2019,51.76,52.1,51.14,51.86,48.53,1379200
13/05/2019,51.37,51.6,50.76,51.47,48.16,2198800
14/05/2019,51.43,53.29,51.17,52.75,49.36,2648300
15/05/2019,52.61,52.98,52.27,52.92,49.52,1946100
16/05/2019,53.26,54.5,53.15,53.66,50.21,2680500
17/05/2019,53.09,54.1,53.04,53.13,49.72,2021100
20/05/2019,53.0,53.27,51.72,51.81,48.48,2513300
21/05/2019,51.94,52.65,51.81,52.29,48.93,2382800
22/05/2019,51.31,52.55,51.25,51.76,48.43,1922400
23/05/2019,51.61,52.16,50.99,51.08,47.8,2636200
24/05/2019,51.4,51.91,51.24,51.91,48.57,1342900
28/05/2019,52.03,52.15,51.29,51.31,48.01,2361000
29/05/2019,51.34,51.84,50.23,50.55,47.3,2910400
30/05/2019,50.49,51.05,49.69,50.31,47.08,2417800
31/05/2019,49.93,50.17,49.13,49.66,46.47,2744500
03/06/2019,49.54,50.97,49.48,50.4,47.16,3383000
04/06/2019,50.86,51.62,50.54,51.4,48.1,3782100
05/06/2019,51.81,52.27,51.16,52.13,48.78,2958000
06/06/2019,52.31,53.4,52.08,52.68,49.3,2884300
07/06/2019,52.91,53.73,52.88,53.36,49.93,1610300
10/06/2019,53.42,53.86,52.32,52.78,49.39,1772700
11/06/2019,53.02,53.02,51.78,52.27,48.91,1454200
12/06/2019,52.15,53.07,52.03,52.09,48.74,1746600
13/06/2019,53.14,53.64,52.73,53.08,49.67,1774700
14/06/2019,52.95,53.87,52.82,53.55,50.11,1900100
17/06/2019,53.6,53.66,52.25,53.01,49.6,2029900
18/06/2019,52.89,53.52,51.86,52.49,49.12,2492000
19/06/2019,52.24,52.43,50.37,52.09,48.74,3733000
20/06/2019,52.72,52.97,52.01,52.73,49.34,2435400
21/06/2019,52.63,52.66,51.28,51.35,48.05,3376400
24/06/2019,51.55,52.13,50.95,51.41,48.11,3086000
25/06/2019,53.0,53.25,47.75,48.22,45.12,15278900
26/06/2019,47.75,48.44,47.09,47.55,44.49,5951000
27/06/2019,48.14,48.52,47.07,48.43,45.32,4886400
28/06/2019,48.33,49.31,48.28,48.46,45.35,4156900
01/07/2019,48.97,49.25,47.44,48.08,44.99,3760000
02/07/2019,48.0,48.64,47.68,48.55,45.43,3381600
03/07/2019,48.53,49.26,48.34,49.22,46.06,1610100
05/07/2019,48.74,49.0,47.91,48.28,45.18,2754900
08/07/2019,48.21,48.62,47.84,48.27,45.17,2670400
09/07/2019,48.07,48.13,47.24,47.37,44.33,4096200
10/07/2019,48.29,48.78,47.55,48.42,45.35,3765800
11/07/2019,48.67,48.67,47.19,47.64,44.62,3382600
12/07/2019,47.64,48.4,47.64,47.8,44.77,2844700
15/07/2019,47.85,48.1,47.15,47.3,44.3,2198300
16/07/2019,47.19,47.93,47.05,47.77,44.74,2547600
17/07/2019,47.95,48.09,46.82,46.83,43.86,2921900
18/07/2019,46.89,47.14,46.4,46.76,43.79,3318200
19/07/2019,46.91,47.12,46.26,46.27,43.33,2581100
22/07/2019,46.53,46.71,45.87,46.0,43.08,2215400
23/07/2019,45.99,46.25,45.52,45.86,42.95,5000300
24/07/2019,45.84,46.84,45.56,46.77,43.8,3120300
25/07/2019,47.17,47.81,47.06,47.76,44.73,3508000
26/07/2019,47.76,48.27,47.47,47.63,44.61,3002000
29/07/2019,47.65,48.1,47.18,47.98,44.94,3823300
30/07/2019,47.93,49.08,47.72,48.45,45.38,4149600
31/07/2019,48.43,48.64,47.09,47.57,44.55,2865800
01/08/2019,47.79,49.33,47.53,48.5,45.42,4097100
02/08/2019,48.41,48.53,47.49,47.98,44.94,2461700
05/08/2019,47.41,47.83,47.01,47.53,44.51,3265200
06/08/2019,47.53,48.4,47.39,48.19,45.13,4024400
07/08/2019,47.58,49.97,47.41,49.86,46.7,6245600
08/08/2019,49.86,50.93,49.86,50.86,47.63,3170600
09/08/2019,50.66,50.8,49.75,50.01,46.84,2712400
12/08/2019,49.8,50.09,48.9,49.26,46.13,3142600
13/08/2019,49.14,50.4,49.14,50.28,47.09,3164900
14/08/2019,49.81,50.06,48.78,49.41,46.27,4939400
15/08/2019,49.42,49.58,48.45,48.51,45.43,3639300
16/08/2019,48.86,49.39,47.98,49.25,46.12,4478500
19/08/2019,49.75,50.28,49.33,50.03,46.85,3975600
20/08/2019,50.11,51.16,49.98,50.95,47.72,2446700
21/08/2019,51.25,51.74,50.75,51.56,48.29,3354800
22/08/2019,51.54,52.15,51.03,52.0,48.7,1844900
23/08/2019,52.28,52.72,51.06,51.21,47.96,3539900
26/08/2019,51.29,51.57,50.73,51.04,47.8,1702000
27/08/2019,51.39,51.39,50.31,50.5,47.3,3033700
28/08/2019,50.32,50.65,49.55,50.41,47.21,2886500
29/08/2019,50.89,51.63,50.51,51.21,47.96,2906700
30/08/2019,51.19,51.43,50.31,51.0,47.76,2614400
03/09/2019,50.71,51.4,50.52,51.17,47.92,2227600
04/09/2019,51.26,52.26,51.07,51.99,48.69,1329800
05/09/2019,52.5,52.5,51.21,51.69,48.41,2328500
06/09/2019,51.94,52.47,51.81,52.0,48.7,1612400
09/09/2019,52.14,53.26,52.02,52.44,49.11,2927600
10/09/2019,52.49,53.3,52.13,53.3,49.92,2347000
11/09/2019,53.49,54.35,53.13,54.0,50.57,2769300
12/09/2019,54.58,54.98,53.95,54.58,51.12,3173900
13/09/2019,54.85,55.0,53.34,53.62,50.22,5066300
16/09/2019,53.52,54.07,53.24,53.34,49.95,4264400
17/09/2019,53.34,53.68,52.99,53.1,49.73,2691800
18/09/2019,52.5,54.22,52.43,54.15,50.71,3806700
19/09/2019,54.4,54.49,53.7,53.79,50.38,1541400
20/09/2019,53.94,54.54,53.77,54.1,50.67,2569700
23/09/2019,54.01,55.21,53.83,54.89,51.41,2944400
24/09/2019,54.94,56.05,54.7,55.2,51.7,3056800
25/09/2019,55.95,55.99,54.97,55.56,52.03,3877900
26/09/2019,55.92,55.96,55.09,55.57,52.04,2360400
27/09/2019,55.75,55.77,54.62,54.72,51.25,2347600
30/09/2019,54.93,56.14,54.76,55.85,52.31,3617300
01/10/2019,55.99,56.19,55.28,55.72,52.18,4122100
02/10/2019,56.44,57.92,54.95,57.82,54.15,13245100
03/10/2019,57.97,59.25,57.66,58.51,54.8,7304300
04/10/2019,58.54,59.72,58.32,59.49,55.71,4555200
07/10/2019,59.21,59.7,58.91,59.33,55.56,3473200
08/10/2019,59.11,59.98,58.88,59.14,55.39,2878300
09/10/2019,59.3,59.73,58.94,59.02,55.27,2332800
10/10/2019,59.0,59.22,58.13,58.85,55.12,3472700
11/10/2019,59.25,59.43,58.47,58.52,54.81,3819300
14/10/2019,58.55,59.23,58.47,58.98,55.24,2579900
15/10/2019,59.35,59.75,59.01,59.73,55.94,3327300
16/10/2019,59.82,61.19,59.61,61.17,57.29,3148900
17/10/2019,61.36,61.75,60.72,61.05,57.21,3090900
18/10/2019,61.23,61.72,60.9,61.71,57.83,4064100
21/10/2019,61.88,62.42,60.86,61.02,57.18,4603200
22/10/2019,61.41,62.06,60.86,61.61,57.74,3220500
23/10/2019,61.61,61.92,61.12,61.67,57.79,2719700
24/10/2019,61.63,62.09,61.22,61.97,58.08,2294700
25/10/2019,62.09,62.63,61.66,61.81,57.93,1497200
28/10/2019,61.73,61.99,60.12,60.27,56.48,4796100
29/10/2019,60.21,61.21,59.46,59.47,55.73,4225200
30/10/2019,59.45,60.21,58.07,60.19,56.41,4376200
31/10/2019,60.25,60.61,59.36,59.6,55.85,2156700
01/11/2019,60.0,61.07,59.9,60.88,57.05,3125800
04/11/2019,61.0,61.07,59.02,59.31,55.58,3574800
05/11/2019,59.17,59.35,57.83,58.36,54.69,4625100
06/11/2019,58.44,59.22,58.19,59.22,55.5,2834900
07/11/2019,59.2,59.28,57.08,57.29,53.69,5974400
08/11/2019,57.27,57.94,57.15,57.8,54.17,2721000
11/11/2019,57.96,59.12,57.88,58.97,55.26,1937400
12/11/2019,59.31,60.09,57.55,58.52,54.84,3570100
13/11/2019,58.4,59.52,58.36,59.31,55.58,1820100
14/11/2019,59.07,59.87,58.98,59.74,55.99,2688200
15/11/2019,60.34,60.37,59.21,59.35,55.62,2901700
18/11/2019,59.54,60.58,59.45,60.04,56.27,2412300
19/11/2019,60.06,60.47,59.36,59.64,55.89,1668800
20/11/2019,59.63,60.28,59.37,59.73,55.98,2085000
21/11/2019,59.71,60.33,58.85,59.1,55.39,1596800
22/11/2019,59.27,59.47,58.53,58.78,55.09,2326900
25/11/2019,58.97,59.74,58.94,59.43,55.69,2759900
26/11/2019,59.51,60.48,59.18,60.45,56.65,2753600
27/11/2019,60.41,60.69,59.65,59.75,55.99,2676700
29/11/2019,59.78,60.03,59.47,59.65,55.9,1098700
02/12/2019,59.6,59.62,58.29,58.86,55.16,1806800
03/12/2019,58.36,58.95,58.11,58.93,55.23,2533400
04/12/2019,58.79,59.36,58.28,58.83,55.13,3308700
05/12/2019,58.77,59.95,58.64,59.8,56.04,2573100
06/12/2019,60.23,60.27,58.64,58.75,55.06,2946100
09/12/2019,59.02,59.71,58.85,59.4,55.67,2035500
10/12/2019,59.22,59.47,58.63,59.13,55.41,1779200
11/12/2019,59.06,59.76,58.96,59.72,55.97,1580500
12/12/2019,59.66,59.83,58.04,58.06,54.41,2732100
13/12/2019,57.83,58.68,57.73,58.3,54.64,3057700
16/12/2019,58.31,58.62,57.44,58.11,54.46,2994500
17/12/2019,57.75,58.09,56.92,57.21,53.61,3794600
18/12/2019,57.46,57.49,56.15,56.24,52.71,4187000
19/12/2019,56.14,56.43,55.1,55.24,51.77,4809200
20/12/2019,55.22,56.73,55.14,56.64,53.08,5503300
23/12/2019,56.64,56.88,55.53,55.64,52.14,2442400
24/12/2019,55.75,56.8,55.75,56.79,53.22,1153700
26/12/2019,56.7,56.91,55.87,56.02,52.5,2763200
27/12/2019,56.28,56.39,55.88,56.0,52.48,3243200
30/12/2019,55.75,55.99,55.21,55.74,52.24,5508100
31/12/2019,55.47,56.03,55.44,55.79,52.28,2428200
02/01/2020,56.07,56.17,55.31,55.81,52.3,3149200
03/01/2020,55.64,56.75,55.5,56.47,52.92,2623600
06/01/2020,56.68,58.37,56.54,58.05,54.4,6703400
07/01/2020,58.09,58.33,56.8,57.14,53.55,5102700
08/01/2020,58.68,60.24,57.57,57.59,53.97,9236900
09/01/2020,58.12,59.12,57.16,57.69,54.06,5389800
10/01/2020,57.69,59.82,57.51,59.72,55.97,5209200
13/01/2020,59.63,60.6,59.63,60.55,56.74,4075900
14/01/2020,60.25,61.66,60.25,61.63,57.76,3145700
15/01/2020,61.75,63.08,61.63,62.79,58.84,3479900
16/01/2020,62.95,63.33,62.17,63.19,59.22,2571900
17/01/2020,63.78,64.04,62.98,63.09,59.12,3610400
21/01/2020,63.15,65.0,63.15,64.94,60.86,3668600
22/01/2020,65.25,66.28,64.94,65.77,61.64,3135000
23/01/2020,65.69,67.87,65.53,67.27,63.16,5182200
24/01/2020,67.19,68.04,66.56,66.64,62.57,5237700
27/01/2020,66.17,67.73,66.0,67.29,63.18,3870500
28/01/2020,67.94,68.59,67.4,67.78,63.64,4640000
29/01/2020,67.95,68.29,66.82,67.78,63.64,2716900
30/01/2020,67.75,68.14,66.81,67.26,63.15,2840300
31/01/2020,67.26,67.65,66.25,66.36,62.31,2857200
03/02/2020,66.51,67.19,66.15,66.66,62.59,2105700
04/02/2020,66.87,67.0,65.57,65.62,61.61,2571500
05/02/2020,65.56,68.05,65.44,67.96,63.81,2988400
06/02/2020,68.12,68.69,67.74,68.15,63.99,2529100
07/02/2020,68.3,69.45,68.26,68.99,64.78,2164300
10/02/2020,69.11,70.2,69.09,70.08,65.8,2318400
11/02/2020,70.57,71.23,70.39,71.22,66.87,2624000
12/02/2020,70.92,70.99,69.9,70.36,66.06,3048000
13/02/2020,70.3,70.46,69.65,69.76,65.5,2681100
14/02/2020,69.92,70.54,69.22,70.35,66.05,1481700
18/02/2020,70.46,71.19,69.86,70.12,65.84,2340600
19/02/2020,70.68,70.95,70.18,70.44,66.14,1416000
20/02/2020,70.61,71.23,69.88,71.03,66.69,1364300
21/02/2020,70.93,71.38,70.52,70.65,66.34,1492600
24/02/2020,69.81,70.39,69.07,69.16,64.94,2024300
25/02/2020,69.34,69.36,66.18,66.45,62.39,2968200
26/02/2020,65.47,66.89,64.66,64.82,60.86,3332900
27/02/2020,63.93,65.47,62.69,62.99,59.14,3335700
28/02/2020,61.6,61.78,59.02,60.34,56.66,4983300
02/03/2020,60.77,62.69,59.83,62.62,58.8,4723400
03/03/2020,63.14,66.18,62.43,64.24,60.32,5896200
04/03/2020,65.27,67.12,64.37,66.64,62.57,5618700
05/03/2020,65.18,66.41,64.47,64.7,60.75,3075200
06/03/2020,62.46,63.79,61.0,62.55,58.73,4216500
09/03/2020,58.19,58.44,55.35,55.35,51.97,5493700
10/03/2020,57.77,59.53,55.08,59.35,55.73,4895900
11/03/2020,57.06,57.83,53.38,53.41,50.15,4744200
12/03/2020,50.0,50.02,43.74,46.42,43.59,7555300
13/03/2020,49.34,49.54,42.17,45.68,42.89,6877000
16/03/2020,39.1,40.0,36.48,36.72,34.48,9013300
17/03/2020,37.19,37.66,31.76,34.97,32.83,8052200
18/03/2020,32.21,32.38,25.42,30.92,29.03,8609700
19/03/2020,29.99,35.5,28.89,31.61,29.68,8410500
20/03/2020,32.26,35.09,30.27,34.08,32.0,8364300
23/03/2020,31.75,32.77,28.21,29.35,27.56,7287300
24/03/2020,32.45,35.79,31.18,35.6,33.43,5752200
25/03/2020,36.52,41.94,35.5,40.71,38.22,6022700
26/03/2020,41.75,42.87,40.32,42.42,39.83,4935600
27/03/2020,40.34,42.22,39.22,40.26,37.8,4115400
30/03/2020,40.55,40.7,38.07,39.96,37.52,3708900
31/03/2020,40.37,40.44,37.66,38.2,35.87,4594000
01/04/2020,36.33,37.07,34.41,34.73,32.61,4097300
02/04/2020,34.14,35.53,32.41,33.42,31.38,4270100
03/04/2020,33.42,33.87,32.41,33.39,31.35,3226600
06/04/2020,36.46,39.71,35.69,39.22,36.83,4670700
07/04/2020,42.0,42.94,39.06,39.26,36.86,4413000
08/04/2020,40.14,43.75,39.56,43.36,40.71,4175100
09/04/2020,45.1,47.83,44.0,44.8,42.06,5443400
13/04/2020,44.15,44.15,40.84,41.35,38.82,3548900
14/04/2020,43.64,44.02,42.21,43.02,40.39,2833500
15/04/2020,41.0,41.24,39.21,39.82,37.39,3124300
16/04/2020,40.5,41.15,39.53,40.9,38.4,3686700
17/04/2020,43.48,44.25,41.67,42.93,40.31,3595500
20/04/2020,41.38,41.74,39.57,39.98,37.65,2923300
21/04/2020,39.0,40.46,38.51,40.15,37.81,2744100
22/04/2020,41.39,41.62,40.45,41.06,38.67,2541700
23/04/2020,41.44,42.82,40.39,41.25,38.84,2563800
24/04/2020,41.49,43.48,41.4,42.88,40.38,2903000
27/04/2020,43.45,45.65,42.98,45.36,42.71,3224200
28/04/2020,48.22,49.78,47.62,49.52,46.63,4669000
29/04/2020,51.5,53.31,51.21,53.24,50.13,4041000
30/04/2020,51.75,51.9,49.37,50.07,47.15,5163300
01/05/2020,48.37,49.67,47.81,49.46,46.58,3114600
04/05/2020,48.62,49.8,48.0,49.42,46.54,2815400
05/05/2020,50.35,51.97,50.29,51.11,48.13,3169200
06/05/2020,51.07,51.73,49.82,51.07,48.09,3075900
07/05/2020,51.86,52.6,50.28,50.84,47.87,2869200
08/05/2020,52.09,54.43,51.19,54.01,50.86,2615500
11/05/2020,52.68,53.81,52.11,53.0,49.91,2850900
12/05/2020,52.46,53.12,50.87,50.88,47.91,2943100
13/05/2020,50.42,50.76,48.14,48.92,46.07,3839600
14/05/2020,47.36,48.88,46.1,48.75,45.91,3584300
15/05/2020,48.18,51.11,47.66,50.64,47.69,2599700
18/05/2020,53.41,57.27,53.3,56.6,53.3,3710600
19/05/2020,55.79,60.1,55.77,58.43,55.02,5052200
20/05/2020,59.53,59.97,56.23,57.55,54.19,3851800
21/05/2020,57.32,59.85,57.1,59.0,55.56,2469600
22/05/2020,59.44,60.46,58.51,60.09,56.59,2287700
26/05/2020,62.71,63.5,60.57,61.77,58.17,4557900
27/05/2020,63.64,65.22,62.03,64.99,61.2,3448100
28/05/2020,65.69,65.9,59.74,60.19,56.68,5152600
29/05/2020,59.76,62.04,59.29,60.46,56.93,4281200
01/06/2020,60.9,62.33,59.64,60.14,56.63,3854400
02/06/2020,60.92,60.97,59.23,60.21,56.7,3824300
03/06/2020,61.33,63.79,60.79,63.47,59.77,4515200
04/06/2020,62.94,63.85,60.28,61.08,57.52,4026200
05/06/2020,63.75,64.73,61.33,63.71,59.99,4297900
08/06/2020,63.51,65.48,61.96,62.66,59.01,2701500
09/06/2020,61.51,62.82,60.83,62.21,58.58,3368600
10/06/2020,61.99,64.13,60.55,62.48,58.84,4438600
11/06/2020,59.04,61.0,57.16,57.22,53.88,4548000
12/06/2020,60.13,61.8,58.35,59.25,55.79,5827600
15/06/2020,57.36,63.66,57.09,63.5,59.8,6053000
16/06/2020,64.46,65.69,62.1,63.94,60.21,8412800
17/06/2020,64.95,65.27,63.06,63.46,59.76,3553600
18/06/2020,62.72,63.37,61.64,61.9,58.29,3069500
19/06/2020,63.38,63.38,59.93,60.18,56.67,5322100
22/06/2020,60.31,61.38,59.25,61.18,57.61,2956800
23/06/2020,61.86,62.11,60.43,61.19,57.62,3174800
24/06/2020,60.41,60.44,57.46,59.04,55.6,4328800
25/06/2020,57.65,59.83,57.13,59.76,56.27,4320800
26/06/2020,59.36,59.44,58.01,59.0,55.56,5521300
29/06/2020,59.26,61.0,57.89,60.95,57.4,2528800
30/06/2020,61.16,61.92,60.12,61.62,58.03,2518200
01/07/2020,61.57,61.92,59.3,59.78,56.29,2959300
02/07/2020,61.29,61.47,59.71,60.17,56.66,2887500
06/07/2020,61.32,62.17,60.93,61.94,58.33,2232800
07/07/2020,61.44,63.44,61.2,62.17,58.54,3348700
08/07/2020,63.01,65.87,62.67,65.55,61.73,4385200
09/07/2020,65.55,65.76,63.02,63.25,59.67,3431100
10/07/2020,63.51,65.97,63.46,65.26,61.57,3685300
13/07/2020,65.25,66.31,62.32,62.56,59.02,4195200
14/07/2020,62.35,66.33,62.24,66.29,62.54,3796300
15/07/2020,67.97,68.87,66.66,68.32,64.46,4094700
16/07/2020,67.86,70.05,67.61,69.81,65.86,3525600
17/07/2020,70.62,71.68,69.25,69.6,65.67,3569700
20/07/2020,69.12,69.25,67.86,68.85,64.96,2088500
21/07/2020,69.02,69.44,67.37,68.35,64.49,3058600
22/07/2020,68.32,71.19,68.24,70.93,66.92,2921000
23/07/2020,71.83,73.75,69.0,70.08,66.12,3769000
24/07/2020,69.87,70.39,68.45,69.79,65.85,2245700
27/07/2020,70.31,73.12,69.93,73.03,68.9,3440600
28/07/2020,73.55,74.32,70.22,70.38,66.4,3624400
29/07/2020,70.79,72.94,70.73,72.68,68.57,2398900
30/07/2020,71.26,73.06,71.13,72.28,68.19,1720300
31/07/2020,72.38,72.49,70.81,72.35,68.26,1840800
03/08/2020,72.86,73.8,72.26,73.6,69.44,1942400
04/08/2020,73.2,73.93,72.51,72.73,68.62,1587900
05/08/2020,73.17,74.05,72.41,73.56,69.4,1372800
06/08/2020,73.8,74.35,73.06,73.29,69.15,1516600
07/08/2020,72.98,73.41,71.93,73.24,69.1,1765300
10/08/2020,73.42,76.69,73.36,74.5,70.29,3076200
11/08/2020,75.18,75.47,73.33,73.57,69.41,2679200
12/08/2020,74.29,74.42,73.28,74.29,70.09,2873600
13/08/2020,73.97,75.03,73.47,74.58,70.36,1526100
14/08/2020,74.1,74.64,73.75,74.25,70.05,1207500
17/08/2020,75.0,77.52,74.57,77.07,72.71,3183300
18/08/2020,78.46,78.59,77.03,77.17,72.81,2991400
19/08/2020,76.85,77.28,76.14,76.81,72.47,1712400
20/08/2020,76.12,78.15,75.61,76.94,72.59,1448000
21/08/2020,76.85,79.64,76.25,79.36,74.87,3400900
24/08/2020,80.0,80.0,78.11,78.75,74.3,1737000
25/08/2020,79.27,79.27,77.22,77.98,73.57,1726200
26/08/2020,78.39,78.92,77.12,77.15,72.79,1598000
27/08/2020,77.52,78.28,75.76,75.8,71.52,1990500
28/08/2020,76.09,77.36,75.65,75.93,71.64,1662300
31/08/2020,75.52,75.97,74.22,74.82,70.59,2043000
01/09/2020,74.9,78.17,74.31,78.13,73.71,2331700
02/09/2020,78.51,78.74,76.36,78.37,73.94,2506800
03/09/2020,77.88,78.22,73.8,75.31,71.05,2518400
04/09/2020,75.73,76.49,71.34,73.62,69.46,2120100
08/09/2020,72.0,75.1,71.78,73.37,69.22,2092700
09/09/2020,74.31,76.35,73.5,75.79,71.51,1761300
10/09/2020,76.33,77.36,74.93,75.5,71.23,1549600
11/09/2020,76.6,77.91,76.25,77.48,73.1,2562600
14/09/2020,79.46,79.47,77.52,79.0,74.53,5171300
15/09/2020,75.55,79.36,74.65,75.9,71.61,7432400
16/09/2020,77.44,79.84,77.11,78.89,74.43,5035700
17/09/2020,78.6,79.28,77.27,78.14,73.72,3218100
18/09/2020,78.03,79.88,77.76,79.18,74.7,5293100
21/09/2020,77.38,78.1,74.75,76.75,72.41,2794400
22/09/2020,77.15,80.06,76.46,79.85,75.34,2805000
23/09/2020,80.0,80.06,76.12,76.28,71.97,2993200
24/09/2020,76.34,79.09,75.21,77.54,73.16,2584800
25/09/2020,76.51,77.68,75.83,76.7,72.36,2454900
28/09/2020,78.19,79.74,77.28,79.64,75.14,2282800
29/09/2020,79.63,80.34,78.41,78.97,74.51,2198500
30/09/2020,79.25,82.72,79.13,81.68,77.06,4661300
01/10/2020,82.46,83.2,81.3,82.93,78.24,3298800
02/10/2020,81.1,84.19,80.8,83.86,79.12,2321000
05/10/2020,84.35,85.57,80.82,83.01,78.32,2828700
06/10/2020,83.41,83.69,80.02,80.66,76.1,2534900
07/10/2020,81.84,82.35,79.72,80.43,75.88,2742400
08/10/2020,81.35,84.04,81.35,84.01,79.26,2375000
09/10/2020,84.61,85.16,83.38,84.07,79.32,2090200
12/10/2020,84.45,84.57,83.0,83.95,79.2,1473700
13/10/2020,83.1,83.81,81.72,83.03,78.34,1371300
14/10/2020,83.25,83.76,82.3,83.32,78.61,1527000
15/10/2020,81.9,84.88,81.75,84.68,80.13,1828100
16/10/2020,85.41,86.8,84.5,84.68,80.13,3765600
19/10/2020,84.93,84.96,81.97,82.54,78.11,2371300
20/10/2020,82.82,84.33,82.4,83.29,78.82,1673900
21/10/2020,83.08,83.32,79.77,80.09,75.79,3160300
22/10/2020,79.97,80.0,75.72,76.54,72.43,4498800
23/10/2020,76.85,78.48,76.04,78.27,74.07,3407400
26/10/2020,77.0,77.4,74.2,75.02,70.99,2844500
27/10/2020,75.2,75.2,72.2,72.51,68.62,3211100
28/10/2020,71.07,73.72,70.75,72.33,68.45,2754800
29/10/2020,72.79,73.56,71.32,71.6,67.76,2299600
30/10/2020,71.18,72.17,69.41,70.23,66.46,2914300
02/11/2020,71.84,73.61,70.97,72.51,68.62,2843700
03/11/2020,73.87,74.83,72.43,74.37,70.38,2544000
04/11/2020,76.91,80.93,76.75,79.48,75.21,5946700
05/11/2020,80.27,80.91,78.57,78.72,74.49,2624600
06/11/2020,78.72,78.72,75.34,75.59,71.53,2143500
09/11/2020,76.9,77.74,70.29,70.4,66.62,4995900
10/11/2020,70.94,75.91,69.69,75.34,71.3,5601800
11/11/2020,75.47,76.26,74.59,76.22,72.13,1823000
12/11/2020,76.53,77.33,73.5,73.99,70.02,2434800
13/11/2020,74.87,76.27,74.05,75.6,71.54,1559700
16/11/2020,75.89,76.69,74.13,75.76,71.69,2442700
17/11/2020,75.46,76.99,74.75,75.71,71.65,2060600
18/11/2020,75.36,77.66,75.2,76.48,72.37,2662100
19/11/2020,76.82,77.85,75.89,76.3,72.2,2479300
20/11/2020,76.83,77.46,75.69,75.76,71.69,1559600
23/11/2020,75.93,78.75,75.9,78.23,74.03,2075800
24/11/2020,78.73,78.95,76.26,76.53,72.42,2134300
25/11/2020,76.72,77.6,75.64,77.04,72.9,1538400
27/11/2020,76.94,78.62,76.75,77.71,73.54,786000
30/11/2020,77.19,77.56,74.85,75.86,71.79,2203200
01/12/2020,76.65,76.87,72.99,73.23,69.3,3370600
02/12/2020,73.25,73.5,70.97,71.2,67.38,3165600
03/12/2020,71.53,75.58,71.53,75.42,71.37,3528300
04/12/2020,74.72,75.21,73.33,73.88,69.91,2818400
07/12/2020,74.18,76.44,73.31,76.33,72.23,2301700
08/12/2020,75.33,75.68,71.85,72.5,68.61,3682200
09/12/2020,72.9,72.97,71.25,72.39,68.5,3843300
10/12/2020,71.62,73.05,71.23,72.29,68.41,2221500
11/12/2020,72.75,73.85,72.21,72.76,68.85,2026700
14/12/2020,73.95,75.62,73.61,74.68,70.67,3183300
15/12/2020,75.25,76.08,73.57,73.87,69.9,2961100
16/12/2020,74.07,74.84,73.16,74.29,70.3,3727900
17/12/2020,76.99,81.8,76.99,79.95,75.66,6629200
18/12/2020,80.84,82.55,79.79,80.84,76.5,6452500
21/12/2020,79.63,80.76,78.14,79.51,75.24,2937000
22/12/2020,79.52,80.66,78.9,80.34,76.03,2182800
23/12/2020,80.13,80.52,78.17,78.57,74.35,1982800
24/12/2020,78.59,80.5,77.83,80.43,76.11,955500
28/12/2020,80.83,80.99,77.98,78.34,74.13,1561100
29/12/2020,79.0,79.35,77.33,77.95,73.77,1360200
30/12/2020,78.3,79.2,77.88,78.03,73.84,1127500
31/12/2020,77.75,77.83,76.1,76.23,72.14,1607300
04/01/2021,76.68,77.0,72.76,74.27,70.28,4558400
05/01/2021,73.53,74.59,72.86,73.71,69.75,2519400
06/01/2021,72.29,73.45,71.52,73.29,69.36,3348300
07/01/2021,73.58,76.15,73.41,75.69,71.63,2481100
08/01/2021,75.88,76.08,73.06,73.39,69.45,2484800
11/01/2021,72.65,76.29,72.39,75.88,71.81,3751300
12/01/2021,76.01,76.69,74.7,76.59,72.48,2765200
13/01/2021,77.45,79.63,76.11,76.34,72.24,2847700
14/01/2021,76.6,77.01,74.87,75.01,70.98,1970800
15/01/2021,74.85,77.02,74.7,76.59,72.48,2252700
19/01/2021,77.0,78.63,76.59,78.24,74.04,2423300
20/01/2021,78.79,83.94,78.32,82.53,78.1,3759100
21/01/2021,82.98,85.75,82.74,83.6,79.11,2919700
22/01/2021,83.02,84.66,81.87,84.62,80.08,2491100
25/01/2021,85.7,87.57,85.45,86.67,82.02,4170200
26/01/2021,87.44,88.96,85.1,86.01,81.39,3066800
27/01/2021,84.92,87.84,83.6,85.04,80.47,2995100
28/01/2021,84.0,85.5,83.5,84.31,80.02,2638500
29/01/2021,83.78,84.18,81.95,83.15,78.92,3132800
01/02/2021,83.79,84.74,81.5,84.21,79.92,2771200
02/02/2021,85.07,85.88,83.6,85.05,80.72,1949600
03/02/2021,85.45,86.02,84.32,85.44,81.09,2079300
04/02/2021,85.76,87.79,84.61,86.87,82.45,2771200
05/02/2021,87.33,91.21,86.87,90.96,86.33,3964500
08/02/2021,91.31,95.6,91.31,95.22,90.37,4117400
09/02/2021,95.21,95.72,92.7,92.99,88.26,2507300
10/02/2021,93.5,94.85,91.04,93.67,88.9,2857100
11/02/2021,94.18,95.14,93.41,94.56,89.75,1366300
12/02/2021,93.81,94.26,92.34,92.58,87.87,1762100
16/02/2021,92.53,92.53,87.97,88.3,83.81,3802100
17/02/2021,87.86,88.5,85.62,87.25,82.81,2766000
18/02/2021,87.13,87.7,85.97,86.38,81.98,1725300
19/02/2021,86.84,88.03,86.72,87.46,83.01,1687700
22/02/2021,86.82,87.46,84.84,84.98,80.65,1892000
23/02/2021,84.48,85.83,82.1,85.6,81.24,1961100
24/02/2021,84.98,86.48,82.06,86.25,81.86,2632300
25/02/2021,85.52,85.7,80.18,80.4,76.31,4979600
26/02/2021,81.74,83.98,80.33,82.97,78.75,3728600
01/03/2021,83.97,85.35,82.4,82.6,78.4,2507300
02/03/2021,83.0,84.74,81.74,84.39,80.09,3125500
03/03/2021,83.92,83.99,80.66,80.78,76.67,3257600
04/03/2021,80.65,84.14,77.86,80.42,76.33,3368500
05/03/2021,81.37,86.45,79.4,85.98,81.6,4249300
08/03/2021,86.4,89.44,86.1,88.12,83.64,2104500
09/03/2021,89.16,90.13,87.55,88.43,83.93,2504000
10/03/2021,89.63,92.85,88.86,91.6,86.94,2983300
11/03/2021,91.82,92.5,89.73,90.99,86.36,2297700
12/03/2021,88.73,89.28,86.78,87.91,83.44,3355500
15/03/2021,88.47,90.12,87.19,90.05,85.47,1993600
16/03/2021,90.7,91.92,88.55,88.71,84.2,4005000
17/03/2021,88.5,101.55,87.3,100.95,95.81,10218300
18/03/2021,100.7,100.95,94.35,94.64,89.82,4503300
19/03/2021,94.54,96.14,93.01,95.12,90.28,3456700
22/03/2021,96.03,97.64,95.19,97.01,92.07,2449900
23/03/2021,97.61,97.95,94.59,95.24,90.39,1650800
24/03/2021,95.62,97.5,94.61,94.65,89.83,2509900
25/03/2021,94.19,99.83,93.47,99.14,94.09,3469300
26/03/2021,99.49,103.79,98.7,102.85,97.62,2721900
29/03/2021,103.28,104.53,99.28,99.65,94.58,2893200
30/03/2021,99.35,102.82,98.5,101.78,96.6,1943200
31/03/2021,102.56,102.61,100.91,101.23,96.08,1804800
01/04/2021,102.32,103.56,100.74,103.43,98.17,1780900
05/04/2021,104.18,104.91,102.58,104.77,99.44,1772900
06/04/2021,104.21,106.24,103.79,104.96,99.62,1594900
07/04/2021,105.24,105.5,103.07,103.39,98.13,1847900
08/04/2021,103.85,104.48,102.02,102.28,97.07,1692800
09/04/2021,101.62,105.72,101.07,105.52,100.15,1888400
12/04/2021,105.75,105.98,103.67,104.86,99.52,1992700
13/04/2021,103.99,104.88,102.14,103.74,98.46,2075400
14/04/2021,103.08,104.35,102.78,103.04,97.8,1525700
15/04/2021,104.28,104.59,102.61,102.92,97.68,2275400
16/04/2021,103.28,106.4,103.28,105.88,100.49,2574200
19/04/2021,105.98,106.16,102.98,104.0,98.71,2326800
20/04/2021,103.75,103.97,98.38,100.1,95.23,2357100
21/04/2021,100.24,102.48,100.01,101.98,97.02,1395000
22/04/2021,101.04,101.46,99.45,100.75,95.85,2247400
23/04/2021,101.27,102.5,100.21,101.86,96.91,1641300
26/04/2021,102.36,104.05,101.87,103.81,98.76,1801400
27/04/2021,104.65,105.47,103.1,103.43,98.4,1498500
28/04/2021,103.09,103.9,102.44,103.22,98.2,1167600
29/04/2021,104.1,105.73,103.52,105.04,99.93,1583400
30/04/2021,104.66,104.89,102.29,103.6,98.56,2750300
03/05/2021,104.81,106.65,104.28,105.94,100.79,1818100
04/05/2021,105.5,107.44,104.16,107.0,101.8,1834400
05/05/2021,107.31,107.45,104.69,105.56,100.43,1556300
06/05/2021,106.0,106.6,104.42,105.7,100.56,1356100
07/05/2021,105.84,108.23,104.51,108.05,102.8,1372000
10/05/2021,107.75,110.61,107.13,107.96,102.71,1634700
11/05/2021,106.05,106.68,102.07,103.45,98.42,2256000
12/05/2021,102.5,103.16,95.63,96.13,91.46,4565900
13/05/2021,96.71,99.4,96.27,98.71,93.91,3763600
14/05/2021,99.77,100.56,98.73,99.71,94.86,2253300
17/05/2021,99.42,99.75,96.52,98.09,93.32,2422100
18/05/2021,98.09,98.34,95.38,95.55,90.91,2884500
19/05/2021,93.99,95.76,92.44,94.85,90.24,3870900
20/05/2021,94.87,96.39,94.46,95.29,90.66,1921300
21/05/2021,96.07,96.78,94.39,94.59,89.99,1586400
24/05/2021,95.34,95.66,94.55,95.03,90.41,1404400
25/05/2021,95.63,98.27,95.63,96.74,92.04,2346500
26/05/2021,97.0,99.43,96.82,98.81,94.01,2776900
27/05/2021,99.51,100.15,98.66,98.95,94.14,2210900
28/05/2021,99.84,100.06,98.02,99.01,94.2,1465700
01/06/2021,100.09,100.77,97.59,98.5,93.71,1808700
02/06/2021,98.72,98.72,96.17,96.35,91.67,2590000
03/06/2021,95.33,95.84,93.91,94.97,90.35,2584200
04/06/2021,95.54,96.81,94.34,96.6,91.9,2275100
07/06/2021,96.7,96.82,94.5,95.76,91.11,1795000
08/06/2021,96.14,96.63,95.5,95.88,91.22,1443900
09/06/2021,96.35,96.59,93.55,93.9,89.34,1765800
10/06/2021,93.62,93.62,90.53,91.14,86.71,3418700
11/06/2021,91.49,92.81,91.47,92.74,88.23,1931900
14/06/2021,92.65,93.74,91.09,92.04,87.57,3143600
15/06/2021,92.04,93.04,91.06,92.55,88.05,2345200
16/06/2021,92.96,93.11,90.92,91.34,86.9,3646700
17/06/2021,91.65,96.39,91.65,94.65,90.05,6416000
18/06/2021,96.25,99.76,95.27,98.17,93.4,7600200
21/06/2021,98.56,99.48,96.75,97.6,92.86,3765900
22/06/2021,97.73,98.72,97.0,98.5,93.71,2531500
23/06/2021,98.68,98.78,95.3,96.98,92.27,2761800
24/06/2021,96.98,97.43,95.91,97.27,92.54,2631200
25/06/2021,97.36,97.94,96.25,97.09,92.37,3081500
28/06/2021,97.63,98.85,97.26,98.41,93.63,1745200
29/06/2021,98.25,101.39,98.05,99.22,94.4,2488300
30/06/2021,99.32,100.18,98.7,99.35,94.52,2212900
01/07/2021,99.45,102.23,98.84,101.78,97.08,2717100
02/07/2021,102.07,102.39,100.91,101.39,96.7,1882900
06/07/2021,100.82,101.1,98.74,99.83,95.22,3364600
07/07/2021,99.8,102.79,99.8,102.14,97.42,2784000
08/07/2021,99.0,100.35,97.54,98.47,93.92,4466600
09/07/2021,99.36,100.15,98.5,98.93,94.36,2063500
12/07/2021,97.98,99.06,97.48,98.68,94.12,1732200
13/07/2021,98.22,98.22,95.66,95.8,91.37,2276700
14/07/2021,96.68,97.38,95.8,96.33,91.88,1347000
15/07/2021,95.78,97.2,95.32,96.86,92.38,1463900
16/07/2021,96.95,98.23,95.78,95.96,91.53,1622200
19/07/2021,94.47,96.86,94.07,96.16,91.72,2262400
20/07/2021,96.44,98.98,95.99,98.5,93.95,1951200
21/07/2021,98.84,100.65,98.59,100.6,95.95,2022300
22/07/2021,99.65,100.4,98.22,100.11,95.48,1945200
23/07/2021,100.81,103.19,100.5,102.86,98.11,1718100
26/07/2021,102.96,103.62,100.85,101.31,96.63,1459300
27/07/2021,101.28,102.93,100.07,102.39,97.66,1546100
28/07/2021,101.86,102.95,100.47,100.9,96.24,1330800
29/07/2021,102.01,106.71,101.52,106.47,101.55,3034200
30/07/2021,105.22,107.52,104.77,105.15,100.29,2035600
02/08/2021,106.29,107.23,104.92,105.85,100.96,1860200
03/08/2021,106.11,107.35,104.76,107.29,102.33,1269500
04/08/2021,106.45,107.96,105.42,105.44,100.57,1562600
05/08/2021,105.76,106.79,105.03,105.45,100.58,1490000
06/08/2021,105.43,106.44,103.65,104.05,99.24,1244300
09/08/2021,103.81,105.0,102.92,103.78,98.98,1049400
10/08/2021,104.0,107.15,103.5,105.72,100.83,1040800
11/08/2021,105.7,108.92,105.09,108.84,103.81,1206300
12/08/2021,108.77,109.54,106.98,107.4,102.44,1066300
13/08/2021,107.84,108.5,106.75,108.17,103.17,1072800
16/08/2021,107.69,110.14,107.18,108.76,103.73,1696900
17/08/2021,107.13,107.52,103.36,104.57,99.74,2073300
18/08/2021,103.29,105.79,102.58,104.01,99.2,1388300
19/08/2021,102.65,104.3,102.32,103.78,98.98,1347100
20/08/2021,103.62,105.66,103.12,105.32,100.45,1064800
23/08/2021,105.76,105.81,102.44,104.45,99.62,1790400
24/08/2021,105.15,108.55,104.83,107.04,102.09,1510800
25/08/2021,107.32,108.88,106.39,108.23,103.23,1391100
26/08/2021,108.12,108.35,105.64,106.27,101.36,1214100
27/08/2021,106.71,108.6,106.12,107.96,102.97,1080700
30/08/2021,108.01,108.45,106.54,107.86,102.88,1416700
31/08/2021,108.15,108.41,106.58,107.31,102.35,1606000
01/09/2021,107.62,109.95,106.89,108.59,103.57,2066800
02/09/2021,108.7,109.55,107.47,107.52,102.55,1558700
03/09/2021,107.15,107.15,104.62,105.61,100.73,1228600
07/09/2021,104.84,106.13,103.76,104.37,99.55,1417300
08/09/2021,102.3,103.77,100.55,100.98,96.31,2438900
09/09/2021,101.09,101.38,99.46,100.22,95.59,2248500
10/09/2021,100.95,102.06,99.59,99.74,95.13,2109800
13/09/2021,100.27,100.49,97.16,99.42,94.83,2689600
14/09/2021,100.36,100.72,97.68,98.59,94.03,2041000
15/09/2021,98.22,98.87,97.1,98.45,93.9,1948700
16/09/2021,98.17,101.26,98.11,100.25,95.62,1780200
17/09/2021,99.85,101.67,99.85,101.28,96.6,3120700
20/09/2021,98.72,100.56,96.57,98.3,93.76,3420300
21/09/2021,96.39,98.86,95.51,97.77,93.25,3191100
22/09/2021,99.71,99.97,97.81,98.07,93.54,2287500
23/09/2021,98.45,100.65,98.07,99.51,94.91,4079500
24/09/2021,99.19,100.36,98.25,99.96,95.34,2091100
27/09/2021,99.14,99.98,98.2,99.5,94.9,2028300
28/09/2021,98.21,98.83,95.15,96.21,91.76,2115200
29/09/2021,97.01,98.96,96.25,96.34,91.89,3857600
30/09/2021,97.14,97.59,93.66,93.68,89.35,2579300
01/10/2021,94.41,94.75,93.24,93.7,89.37,3101000
04/10/2021,93.02,94.0,92.13,92.29,88.03,3348400
05/10/2021,92.28,93.45,91.4,91.85,87.61,3081800
06/10/2021,91.28,94.22,91.28,93.25,88.94,2639800
07/10/2021,93.9,95.75,93.9,94.06,89.71,1652000
08/10/2021,94.02,94.69,93.24,93.85,89.51,2301000
11/10/2021,93.76,94.64,93.33,93.5,89.18,1485300
12/10/2021,93.64,95.03,93.34,94.53,90.16,2367700
13/10/2021,94.53,95.6,94.02,95.05,90.9,2303600
14/10/2021,95.84,98.52,95.56,98.33,94.04,2383700
15/10/2021,98.9,99.73,97.09,97.12,92.88,2118300
18/10/2021,97.65,100.26,97.27,100.13,95.76,2488000
19/10/2021,100.36,100.65,99.01,99.86,95.5,1825900
20/10/2021,100.35,103.03,100.0,102.22,97.76,2146200
21/10/2021,101.25,102.12,100.77,101.42,96.99,1696500
22/10/2021,101.55,102.76,100.18,100.5,96.11,2478400
25/10/2021,100.33,101.78,99.9,100.31,95.93,3178500
26/10/2021,100.79,101.13,99.46,100.45,96.06,2683300
27/10/2021,101.21,104.07,99.62,99.72,95.36,3763000
28/10/2021,100.09,100.81,99.66,100.27,95.89,1783000
29/10/2021,99.76,101.38,99.09,99.93,95.57,1755900
01/11/2021,100.07,101.81,99.13,101.13,96.71,1631500
02/11/2021,101.29,101.45,99.23,99.99,95.62,1869700
03/11/2021,100.07,103.37,99.96,101.91,97.46,1825200
04/11/2021,102.36,104.24,101.13,101.4,96.97,1934500
05/11/2021,102.46,104.79,102.04,104.29,99.73,1608600
08/11/2021,104.51,105.32,103.6,104.43,99.87,1021900
09/11/2021,105.5,108.18,105.11,107.66,102.96,1646600
10/11/2021,106.77,108.3,104.64,105.07,100.48,1897200
11/11/2021,105.33,107.02,105.3,106.42,101.77,1273800
12/11/2021,106.95,108.55,106.34,108.23,103.5,1184100
15/11/2021,108.22,108.22,106.82,106.9,102.23,1956200
16/11/2021,107.17,109.27,106.24,108.08,103.36,1410600
17/11/2021,108.39,110.88,107.84,110.38,105.56,1456500
18/11/2021,111.52,111.87,109.62,111.13,106.28,1520800
19/11/2021,111.0,114.39,110.78,111.43,106.56,1914600
22/11/2021,112.06,112.7,110.14,110.21,105.4,1765200
23/11/2021,110.06,110.99,108.63,110.7,105.86,1666500
24/11/2021,110.18,110.7,109.4,109.75,104.96,1685500
26/11/2021,107.98,109.12,106.38,107.04,102.36,1158700
29/11/2021,107.88,108.92,106.06,107.25,102.57,1548800
30/11/2021,106.93,109.19,104.22,105.05,100.46,2798100
01/12/2021,109.23,111.16,107.12,108.57,103.83,2721600
02/12/2021,109.45,114.02,108.69,113.11,108.17,2447400
03/12/2021,113.92,114.67,111.0,112.32,107.41,2266500
06/12/2021,113.41,115.45,112.49,114.79,109.78,2348500
07/12/2021,115.79,115.88,113.93,114.82,109.8,1997500
08/12/2021,115.51,116.36,114.26,115.34,110.3,1639200
09/12/2021,115.21,117.25,114.34,115.54,110.49,2073900
10/12/2021,116.26,117.25,114.73,116.91,111.8,3741100
13/12/2021,117.33,117.54,112.95,113.15,108.21,4553800
14/12/2021,112.0,112.74,109.78,111.15,106.3,4261600
15/12/2021,111.51,113.28,109.95,113.09,108.15,4047300
16/12/2021,108.86,110.93,106.82,108.46,103.72,5682000
17/12/2021,108.24,108.51,104.74,105.84,101.22,5236200
20/12/2021,104.45,106.33,103.42,105.81,101.19,3139500
21/12/2021,106.96,109.14,106.85,108.72,103.97,2438000
22/12/2021,108.92,112.45,108.88,112.35,107.44,2096500
23/12/2021,112.71,112.98,111.27,112.05,107.16,1447000
27/12/2021,112.86,113.5,111.81,113.47,108.51,1278600
28/12/2021,113.5,115.11,113.37,114.5,109.5,1224800
29/12/2021,114.49,116.72,114.49,116.1,111.03,1264200
30/12/2021,116.06,116.56,114.96,115.25,110.22,1017700
31/12/2021,115.18,116.73,114.63,116.16,111.09,941500
03/01/2022,115.84,116.36,111.15,111.81,106.93,2443900
04/01/2022,112.35,113.11,111.33,112.54,107.62,2156700
05/01/2022,112.31,115.5,110.37,110.81,105.97,2807500
06/01/2022,110.41,110.41,106.88,108.07,103.35,3098000
07/01/2022,108.26,108.26,102.79,102.95,98.45,4441100
10/01/2022,101.51,104.24,100.44,104.03,99.49,2702200
11/01/2022,104.13,108.0,103.58,107.73,103.02,2635500
12/01/2022,107.41,109.15,106.97,107.94,103.23,2246600
13/01/2022,112.49,112.5,107.27,108.54,103.8,4630000
14/01/2022,108.49,109.73,106.87,108.16,103.44,2227200
18/01/2022,106.19,106.43,100.9,101.3,96.88,3373600
19/01/2022,98.16,100.85,96.62,96.86,92.63,4123400
20/01/2022,98.71,99.18,95.48,95.61,91.43,4268200
21/01/2022,95.42,98.1,94.9,95.31,91.15,3157400
24/01/2022,93.9,100.12,93.03,100.01,95.64,4189700
25/01/2022,98.0,99.26,96.21,97.95,93.67,3490000
26/01/2022,98.96,99.71,91.68,93.15,89.42,4265800
27/01/2022,91.59,94.43,91.13,91.73,88.06,3354800
28/01/2022,92.2,93.48,89.1,93.42,89.68,2679200
31/01/2022,93.34,96.17,93.06,96.11,92.27,2558000
01/02/2022,97.02,97.46,93.45,95.69,91.86,2506800
02/02/2022,96.75,97.9,95.43,97.52,93.62,1890900
03/02/2022,96.81,96.81,94.73,94.83,91.04,1515700
04/02/2022,93.66,93.95,90.27,90.3,86.69,2629200
07/02/2022,91.14,93.17,90.24,92.03,88.35,2826500
08/02/2022,91.84,93.94,90.81,93.78,90.03,2378900
09/02/2022,95.22,97.5,95.0,96.34,92.49,2413000
10/02/2022,93.25,96.5,91.52,91.98,88.3,3330500
11/02/2022,92.85,94.09,91.1,91.54,87.88,1790100
14/02/2022,91.21,92.72,90.25,90.59,86.97,1902900
15/02/2022,91.86,92.19,91.01,91.88,88.2,1749600
16/02/2022,91.29,92.4,90.45,92.02,88.34,2037700
17/02/2022,91.73,92.0,89.29,89.33,85.76,2279400
18/02/2022,89.55,90.47,88.4,89.43,85.85,2124700
22/02/2022,88.0,89.2,85.26,86.09,82.65,2344700
23/02/2022,86.56,86.74,82.05,82.33,79.04,3062200
24/02/2022,79.95,88.5,79.52,87.74,84.23,4908000
25/02/2022,86.39,91.12,86.39,90.83,87.2,3085900
28/02/2022,89.92,91.47,89.13,89.88,86.28,3048900
01/03/2022,90.24,91.78,89.03,90.34,86.73,2618800
02/03/2022,91.05,92.99,90.53,92.05,88.37,1665800
03/03/2022,93.11,93.11,89.21,89.89,86.29,2016500
04/03/2022,90.17,90.42,88.05,89.14,85.57,2046400
07/03/2022,89.33,90.12,83.06,83.26,79.93,2949200
08/03/2022,83.02,87.52,82.03,83.75,80.4,2081300
09/03/2022,86.08,88.68,85.84,87.5,84.0,2290600
10/03/2022,85.26,88.32,85.15,88.09,84.57,2674200
11/03/2022,88.57,88.98,86.49,86.57,83.11,1496900
14/03/2022,86.84,86.84,82.52,83.34,80.01,2689500
15/03/2022,83.75,86.48,83.57,86.27,82.82,2092800
16/03/2022,87.2,89.51,83.87,88.51,84.97,3429700
17/03/2022,89.28,90.61,86.81,89.29,85.72,3554500
18/03/2022,87.42,92.86,87.42,92.54,88.84,5856700
21/03/2022,91.75,92.19,87.35,88.22,84.69,3268200
22/03/2022,88.89,90.12,87.18,88.33,84.8,2229300
23/03/2022,87.17,87.39,84.76,84.87,81.47,2690000
24/03/2022,84.45,85.7,83.22,83.88,80.52,4077900
25/03/2022,84.27,84.78,81.92,82.78,79.47,3949300
28/03/2022,82.71,83.87,81.58,82.51,79.21,3988300
29/03/2022,83.4,86.18,83.4,85.74,82.31,3959600
30/03/2022,85.68,85.84,83.54,84.15,80.78,3277600
31/03/2022,83.57,84.62,81.09,81.17,77.92,3836200
01/04/2022,82.27,83.21,81.1,82.33,79.04,3556600
04/04/2022,82.46,82.92,81.7,82.31,79.02,3084000
05/04/2022,81.79,82.76,78.54,78.87,75.71,4400900
06/04/2022,77.75,77.88,75.07,75.45,72.43,5153200
07/04/2022,75.0,76.07,73.01,74.67,71.68,3881200
08/04/2022,74.58,77.08,74.05,74.92,71.92,3268000
11/04/2022,74.4,77.41,74.13,76.32,73.27,3129400
12/04/2022,78.53,79.69,75.97,76.51,73.45,3308600
13/04/2022,75.68,78.55,75.68,77.97,74.85,2412900
14/04/2022,78.2,79.3,76.44,76.77,73.7,2059200
18/04/2022,76.16,77.59,75.49,76.02,72.98,1731500
19/04/2022,76.24,79.89,76.18,79.55,76.37,2642300
20/04/2022,79.84,81.23,79.44,79.81,76.62,2227500
21/04/2022,81.33,81.85,78.4,79.02,75.86,2486200
22/04/2022,78.6,78.66,76.82,76.98,73.9,1944300
25/04/2022,76.1,79.94,75.55,79.6,76.79,2533900
26/04/2022,78.84,80.39,77.2,77.22,74.49,2363100
27/04/2022,77.6,78.64,75.46,75.79,73.11,2659800
28/04/2022,77.34,79.37,75.38,78.59,75.82,2579100
29/04/2022,78.19,79.1,76.11,76.49,73.79,2746000
02/05/2022,76.36,78.01,75.24,77.88,75.13,2675500
03/05/2022,78.1,79.35,77.05,79.19,76.39,2404100
04/05/2022,79.2,83.63,77.51,83.43,80.48,3375100
05/05/2022,81.0,82.06,77.69,78.8,76.02,3435900
06/05/2022,77.52,79.15,75.32,78.54,75.77,3093400
09/05/2022,77.08,80.16,76.44,77.28,74.55,2707100
10/05/2022,78.82,79.09,74.96,75.76,73.09,2693800
11/05/2022,75.38,75.74,70.67,71.3,68.78,3385900
12/05/2022,71.0,75.86,70.68,74.37,71.74,3103700
13/05/2022,75.03,77.21,74.5,76.76,74.05,2731300
16/05/2022,76.4,76.7,72.72,75.39,72.73,2101300
17/05/2022,77.06,77.69,75.1,77.52,74.78,1759100
18/05/2022,75.72,75.72,71.99,72.4,69.84,2586700
19/05/2022,72.14,74.41,72.1,72.67,70.1,2243700
20/05/2022,74.06,74.57,72.06,74.44,71.81,2396600
23/05/2022,75.0,75.72,73.36,74.15,71.53,2068500
24/05/2022,73.59,73.9,70.56,71.99,69.45,2165100
25/05/2022,71.93,76.06,71.74,75.73,73.06,2141500
26/05/2022,76.3,79.26,76.3,78.91,76.12,2150700
27/05/2022,79.44,81.24,78.76,81.17,78.3,1588200
31/05/2022,80.14,80.91,79.2,80.25,77.42,2667400
01/06/2022,80.7,80.85,79.27,79.63,76.82,1471300
02/06/2022,80.22,80.84,78.9,80.15,77.32,1992900
03/06/2022,78.95,80.81,78.4,80.19,77.36,1285200
06/06/2022,80.36,81.42,79.56,81.06,78.2,2087900
07/06/2022,80.08,81.34,79.08,81.21,78.34,1862500
08/06/2022,80.26,80.64,78.5,79.14,76.35,2430600
09/06/2022,78.53,80.65,78.51,78.68,75.9,2703100
10/06/2022,77.64,77.9,74.44,74.45,71.82,2693800
13/06/2022,71.63,73.98,68.88,70.01,67.54,4532400
14/06/2022,70.01,71.14,68.64,69.14,66.7,3178400
15/06/2022,69.83,70.43,67.14,68.97,66.54,3134900
16/06/2022,67.13,67.27,63.36,64.49,62.21,4093300
17/06/2022,63.85,65.44,62.54,64.63,62.35,5452600
21/06/2022,65.95,68.18,63.82,65.65,63.33,5623300
22/06/2022,65.02,68.71,64.51,67.66,65.27,3578200
23/06/2022,68.07,71.59,68.0,70.71,68.21,3575700
24/06/2022,71.42,72.68,70.58,71.93,69.39,3722000
27/06/2022,71.85,72.93,70.81,71.99,69.45,1921200
28/06/2022,72.28,73.0,69.65,69.74,67.28,2126100
29/06/2022,69.4,70.13,67.78,69.64,67.18,1948300
30/06/2022,68.66,71.18,68.2,70.57,68.08,2498400
01/07/2022,71.12,74.82,71.12,74.6,71.97,3534600
05/07/2022,74.05,77.4,73.7,77.39,74.66,5555900
06/07/2022,77.58,77.91,74.86,76.63,74.28,3335300
07/07/2022,77.1,77.73,75.96,77.7,75.32,2233700
08/07/2022,76.98,79.05,76.98,78.39,75.99,2084800
11/07/2022,78.06,79.45,77.89,78.7,76.29,2407600
12/07/2022,77.7,80.29,77.55,78.29,75.89,3425800
13/07/2022,75.75,79.05,74.71,78.8,76.39,3497500
14/07/2022,77.95,78.55,76.27,77.54,75.17,1769300
15/07/2022,79.36,79.42,76.48,78.09,75.7,1910200
18/07/2022,78.2,78.95,76.86,77.26,74.9,2435300
19/07/2022,78.11,79.56,76.95,79.35,76.92,2317000
20/07/2022,79.63,79.76,78.3,79.17,76.75,2636100
21/07/2022,78.59,82.18,77.9,82.08,79.57,3175000
22/07/2022,82.89,85.58,81.91,83.08,80.54,3245100
25/07/2022,81.89,82.7,80.92,81.61,79.11,3122000
26/07/2022,80.79,81.61,79.91,81.04,78.56,2445100
27/07/2022,81.57,83.98,79.94,83.58,81.02,2955500
28/07/2022,84.0,85.8,83.45,85.2,82.59,3183600
29/07/2022,85.16,85.16,83.26,85.0,82.4,2659900
01/08/2022,84.99,86.35,83.72,85.23,82.62,2702500
02/08/2022,83.94,84.7,81.61,82.0,79.49,3804800
03/08/2022,82.72,83.41,81.0,82.56,80.03,2736800
04/08/2022,82.57,85.62,81.93,85.4,82.79,2826500
05/08/2022,83.57,85.2,83.04,84.73,82.14,2315400
08/08/2022,85.4,87.51,85.4,86.67,84.02,1773000
09/08/2022,86.42,86.59,83.79,84.27,81.69,2396300
10/08/2022,86.81,89.01,86.67,87.28,84.61,2346700
11/08/2022,87.96,89.31,87.31,87.76,85.07,2585900
12/08/2022,87.16,88.35,86.78,88.27,85.57,2078800
15/08/2022,88.01,89.08,87.43,88.08,85.38,2244200
16/08/2022,87.44,88.97,86.71,88.07,85.37,2435100
17/08/2022,86.75,87.21,85.36,86.21,83.57,3445600
18/08/2022,86.47,86.5,85.22,85.65,83.03,1980700
19/08/2022,84.76,85.0,83.2,83.84,81.27,3008400
22/08/2022,82.47,83.07,81.87,82.25,79.73,2385400
23/08/2022,82.65,83.24,82.09,82.11,79.6,1842200
24/08/2022,81.51,84.99,81.32,83.8,81.24,2073400
25/08/2022,82.17,85.16,82.17,84.9,82.3,2644700
26/08/2022,84.95,85.1,79.69,80.33,77.87,3298900
29/08/2022,79.58,80.92,79.03,79.9,77.45,1988400
30/08/2022,80.53,80.99,78.57,78.92,76.5,2140900
31/08/2022,79.59,79.63,77.44,77.45,75.08,2244200
01/09/2022,76.77,77.5,75.09,77.49,75.12,2866700
02/09/2022,78.46,79.47,77.24,77.87,75.49,2384600
06/09/2022,77.81,78.04,75.89,76.54,74.2,2167300
07/09/2022,76.61,78.21,76.61,77.9,75.52,1560500
08/09/2022,77.11,78.49,76.44,78.41,76.01,1598600
09/09/2022,78.64,80.21,78.37,79.82,77.38,1402000
12/09/2022,80.71,81.73,80.22,80.61,78.14,1967300
13/09/2022,77.77,77.88,74.15,74.23,71.96,3646300
14/09/2022,74.45,74.81,72.48,73.44,71.19,3827500
15/09/2022,73.63,75.31,73.23,73.82,71.56,2672200
16/09/2022,73.68,76.15,73.42,75.79,73.47,5339900
19/09/2022,76.78,78.71,76.75,78.47,76.07,3256500
20/09/2022,76.99,77.87,76.2,76.88,74.53,2066700
21/09/2022,77.43,78.89,75.78,75.92,73.6,2398400
22/09/2022,76.31,78.69,76.3,77.43,75.06,4770600
23/09/2022,76.1,77.12,75.09,77.07,74.71,3497800
26/09/2022,76.27,77.18,73.59,73.7,71.44,2963600
27/09/2022,74.73,75.94,72.77,73.47,71.22,2770100
28/09/2022,74.42,77.98,74.21,77.48,75.11,2823100
29/09/2022,75.97,76.25,74.49,74.97,72.68,1806000
30/09/2022,74.89,76.2,73.69,74.55,72.27,2579200
03/10/2022,75.86,78.55,74.64,78.16,75.77,2976800
04/10/2022,79.85,81.3,79.62,80.91,78.43,2354300
05/10/2022,79.5,80.45,78.81,79.85,77.41,1612900
06/10/2022,79.6,80.97,79.12,80.16,77.71,2473700
07/10/2022,78.79,78.96,77.31,78.11,75.72,1908200
10/10/2022,78.7,79.17,77.34,78.18,75.79,1567900
11/10/2022,77.67,80.4,77.41,78.16,75.77,2496800
12/10/2022,77.77,78.08,76.06,76.51,74.53,2219200
13/10/2022,74.34,76.96,71.12,76.12,74.15,2858400
14/10/2022,76.57,77.31,72.92,73.46,71.55,2070600
17/10/2022,74.77,76.17,74.08,74.49,72.56,1815600
18/10/2022,76.08,77.19,75.55,76.87,74.88,1883400
19/10/2022,75.57,75.57,71.91,72.29,70.42,2370600
20/10/2022,72.7,74.08,71.0,71.38,69.53,1768400
21/10/2022,70.13,73.59,69.9,73.43,71.53,2752800
24/10/2022,73.92,74.73,72.83,74.44,72.51,2073600
25/10/2022,74.93,79.04,74.76,78.6,76.56,2378900
26/10/2022,78.55,80.06,78.02,78.79,76.75,2844200
27/10/2022,79.07,81.19,78.58,79.46,77.4,2324400
28/10/2022,79.26,82.17,79.18,82.04,79.91,1651400
31/10/2022,80.9,81.07,79.52,80.7,78.61,2510800
01/11/2022,82.53,82.78,80.15,81.62,79.5,2882200
02/11/2022,81.28,83.52,79.5,80.0,77.93,3945500
03/11/2022,78.33,79.86,77.25,79.0,76.95,2787900
04/11/2022,80.48,81.98,77.93,79.61,77.55,2164400
07/11/2022,80.09,80.21,77.52,79.25,77.19,1621600
08/11/2022,79.7,79.92,76.82,77.77,75.75,2637700
09/11/2022,76.81,81.62,76.79,78.53,76.49,2618100
10/11/2022,84.38,90.0,84.26,88.4,86.11,4951600
11/11/2022,88.4,89.09,87.56,88.03,85.75,2617700
14/11/2022,87.4,87.66,85.7,85.74,83.52,1675900
15/11/2022,88.5,88.94,85.93,87.75,85.47,1736100
16/11/2022,87.16,87.71,85.61,86.45,84.21,1733900
17/11/2022,84.17,85.21,83.09,85.09,82.88,1192000
18/11/2022,86.49,86.92,83.89,84.71,82.51,1732400
21/11/2022,84.63,85.06,82.73,83.44,81.28,2361400
22/11/2022,84.51,85.2,83.9,85.12,82.91,1892700
23/11/2022,85.19,86.8,84.13,86.46,84.22,1730100
25/11/2022,85.79,86.72,85.77,86.38,84.14,505900
28/11/2022,85.84,86.96,84.86,85.35,83.14,1123600
29/11/2022,84.97,86.53,84.67,86.4,84.16,1040000
30/11/2022,86.0,87.86,84.45,87.83,85.55,2975000
01/12/2022,88.95,90.34,87.84,88.16,85.87,1547400
02/12/2022,86.44,88.39,86.01,88.3,86.01,1395800
05/12/2022,86.56,88.07,86.18,87.35,85.08,1761100
06/12/2022,87.8,87.81,84.51,85.9,83.67,2501000
07/12/2022,86.74,89.31,86.37,89.0,86.69,2549900
08/12/2022,88.64,90.01,88.05,89.43,87.11,1673700
09/12/2022,88.29,89.6,88.11,88.5,86.2,2270400
12/12/2022,88.84,89.25,88.13,89.0,86.69,2032900
13/12/2022,94.24,95.24,90.26,90.59,88.24,2674700
14/12/2022,91.24,92.39,89.89,90.82,88.46,3729000
15/12/2022,88.49,94.82,87.35,94.29,91.84,6921800
16/12/2022,93.56,93.87,91.49,92.2,89.81,4492800
19/12/2022,92.5,92.9,89.47,90.1,87.76,3438300
20/12/2022,89.18,90.25,88.42,89.0,86.69,2406000
21/12/2022,90.61,91.47,89.85,90.57,88.22,1758900
22/12/2022,89.61,91.12,89.0,91.04,88.68,1925600
23/12/2022,90.09,90.84,89.69,90.62,88.27,1009700
27/12/2022,90.05,91.32,90.05,90.7,88.35,1088600
28/12/2022,90.8,91.08,88.42,88.5,86.2,1203400
29/12/2022,89.0,91.04,88.51,90.67,88.32,1354400
30/12/2022,89.73,90.67,89.73,90.5,88.15,1079800
03/01/2023,91.69,92.57,90.74,91.98,89.59,2351900
04/01/2023,93.36,95.03,92.71,93.61,91.18,2505400
05/01/2023,92.25,94.39,91.82,93.78,91.35,2052300
06/01/2023,94.35,96.5,94.35,95.66,93.18,1879200
09/01/2023,95.31,96.79,94.92,95.29,92.82,2659000
10/01/2023,94.64,96.64,94.21,96.57,94.07,1694000
11/01/2023,97.68,98.62,96.61,98.58,96.02,2179200
12/01/2023,99.09,99.78,97.21,99.15,96.58,2242900
13/01/2023,96.65,99.17,96.38,98.82,96.26,2291700
17/01/2023,98.47,99.45,98.06,98.78,96.22,2245400
18/01/2023,100.0,101.27,97.43,97.56,95.03,2866900
19/01/2023,96.73,97.36,94.86,95.7,93.22,2322300
20/01/2023,95.98,96.77,94.49,96.69,94.18,1997200
23/01/2023,96.21,98.35,96.21,97.53,95.0,1847000
24/01/2023,97.5,99.25,96.81,99.09,96.52,1996900
25/01/2023,97.97,99.22,97.68,99.04,96.47,2051600
26/01/2023,99.43,100.45,98.17,100.02,97.8,1382500
27/01/2023,99.72,101.42,99.6,100.61,98.37,1330800
30/01/2023,99.79,101.7,99.01,99.22,97.01,2097100
31/01/2023,100.5,102.63,100.5,102.4,100.12,2472200
01/02/2023,102.21,105.88,100.74,104.69,102.36,2810700
02/02/2023,106.43,109.28,106.43,108.08,105.68,3174500
03/02/2023,105.05,106.66,104.09,104.81,102.48,2070300
06/02/2023,103.64,104.0,102.48,102.73,100.45,1754100
07/02/2023,101.45,103.75,100.9,103.52,101.22,2654300
08/02/2023,102.85,102.85,100.56,100.83,98.59,1626600
09/02/2023,102.24,102.57,100.57,100.87,98.63,1360600
10/02/2023,100.41,102.32,100.04,101.9,99.63,1350800
13/02/2023,101.74,104.59,101.43,104.55,102.23,1893100
14/02/2023,103.65,104.98,102.98,104.07,101.76,1544000
15/02/2023,102.95,104.85,102.19,103.5,101.2,1672000
16/02/2023,101.15,101.99,100.36,101.3,99.05,2422600
17/02/2023,100.46,100.56,97.83,99.09,96.89,2850000
21/02/2023,97.51,98.71,95.34,95.77,93.64,2125000
22/02/2023,96.58,97.62,95.75,96.36,94.22,2386300
23/02/2023,96.94,97.45,95.7,97.15,94.99,1803000
24/02/2023,94.87,96.57,94.32,95.84,93.71,2207800
27/02/2023,97.0,97.37,95.18,95.9,93.77,1892800
28/02/2023,95.74,97.2,95.63,96.74,94.59,3075700
01/03/2023,96.11,97.65,95.64,95.64,93.51,1859600
02/03/2023,94.44,96.42,94.11,96.06,93.92,1891900
03/03/2023,98.54,98.54,96.86,97.61,95.44,2210700
06/03/2023,97.7,98.38,96.86,97.18,95.02,1753900
07/03/2023,97.85,98.39,96.61,96.83,94.68,1774700
08/03/2023,97.46,99.14,96.76,99.08,96.88,2388800
09/03/2023,99.08,101.2,98.44,98.59,96.4,3327400
10/03/2023,98.91,100.1,96.35,97.38,95.22,2680300
13/03/2023,96.37,100.08,96.06,98.96,96.76,2935500
14/03/2023,99.74,101.78,99.62,100.77,98.53,3039000
15/03/2023,102.33,103.99,98.56,100.19,97.96,4842300
16/03/2023,100.03,104.69,99.81,104.2,101.88,3823700
17/03/2023,104.61,104.84,102.54,103.5,101.2,6247600
20/03/2023,103.51,104.26,101.72,102.31,100.04,2095000
21/03/2023,103.13,104.32,102.91,103.47,101.17,2059600
22/03/2023,103.34,104.69,102.55,102.59,100.31,1964300
23/03/2023,104.14,106.13,102.75,103.37,101.07,2573700
24/03/2023,103.46,104.33,102.02,103.74,101.43,1875900
27/03/2023,104.1,104.57,101.8,102.18,99.91,2273700
28/03/2023,102.52,103.22,101.31,101.74,99.48,1651300
29/03/2023,102.59,102.95,101.48,102.47,100.19,1776600
30/03/2023,102.72,102.9,102.17,102.55,100.27,2308500
31/03/2023,102.4,105.24,102.31,105.11,102.77,1959000
03/04/2023,104.46,105.74,104.46,105.25,102.91,1385300
04/04/2023,105.26,105.43,103.04,103.83,101.52,1578700
05/04/2023,103.74,105.01,103.35,104.03,101.72,1793000
06/04/2023,103.65,104.07,100.95,102.06,99.79,1684000
10/04/2023,101.7,103.21,101.21,102.59,100.31,1493800
11/04/2023,103.33,106.07,103.33,105.5,103.15,1633500
12/04/2023,106.62,106.89,105.06,105.39,103.05,1300700
13/04/2023,105.62,105.63,103.79,103.84,101.53,3363000
14/04/2023,103.43,105.02,103.35,105.0,102.67,1820600
17/04/2023,104.65,106.08,104.48,106.04,103.68,1486600
18/04/2023,106.92,109.33,106.68,109.25,106.82,1784600
19/04/2023,109.02,109.52,107.96,109.3,106.87,1348900
20/04/2023,111.11,113.9,110.68,111.87,109.38,3143900
21/04/2023,111.85,112.06,110.23,111.2,108.73,1771800
24/04/2023,110.93,112.19,110.62,112.13,109.64,1357900
25/04/2023,111.81,112.63,110.92,111.01,108.91,1399100
26/04/2023,110.2,110.8,108.86,109.15,107.08,1325900
27/04/2023,109.79,111.75,109.51,111.7,109.58,1232000
28/04/2023,111.88,113.41,111.64,112.81,110.67,1507600
01/05/2023,112.5,113.67,112.06,112.39,110.26,1624900
02/05/2023,112.16,113.47,110.46,113.04,110.9,1932900
03/05/2023,113.2,115.9,112.99,114.13,111.97,2000200
04/05/2023,113.83,114.44,112.31,112.35,110.22,1571300
05/05/2023,112.51,113.81,112.11,113.44,111.29,1307600
08/05/2023,113.0,114.95,112.69,114.69,112.52,1337500
09/05/2023,114.5,116.18,114.35,114.36,112.19,1704600
10/05/2023,115.05,115.39,113.11,114.14,111.98,1424100
11/05/2023,114.46,114.77,113.81,114.0,111.84,1293300
12/05/2023,113.94,114.68,112.11,113.23,111.08,1798600
15/05/2023,113.18,113.88,112.0,113.3,111.15,1639900
16/05/2023,112.32,114.24,111.08,113.92,111.76,2058000
17/05/2023,114.24,114.61,113.62,114.59,112.42,1710900
18/05/2023,114.44,115.93,113.5,115.8,113.61,1686200
19/05/2023,115.93,115.99,112.86,113.59,111.44,1816800
22/05/2023,113.37,114.13,110.35,110.5,108.41,1994000
23/05/2023,109.7,109.82,106.81,107.1,105.07,2570700
24/05/2023,108.2,108.85,107.67,107.9,105.86,1880800
25/05/2023,108.98,109.68,107.95,108.56,106.5,1629000
26/05/2023,108.06,108.59,106.27,107.45,105.41,2071700
30/05/2023,107.5,108.79,107.32,107.8,105.76,2060700
31/05/2023,107.25,107.84,105.9,107.12,105.09,4667600
01/06/2023,106.11,108.25,106.11,108.14,106.09,2066200
02/06/2023,109.0,112.73,108.79,112.0,109.88,3407600
05/06/2023,111.98,112.58,110.19,111.94,109.82,2049100
06/06/2023,112.86,116.43,112.64,116.0,113.8,3015800
07/06/2023,116.0,117.04,113.94,114.0,111.84,2456400
08/06/2023,113.91,114.89,113.1,113.37,111.22,2525800
09/06/2023,113.62,114.71,112.84,114.2,112.04,1814100
12/06/2023,114.98,116.97,113.92,115.4,113.21,6555400
13/06/2023,115.99,117.2,115.65,116.01,113.81,2483000
14/06/2023,116.73,117.34,114.56,114.75,112.58,3990900
15/06/2023,118.88,120.36,117.04,119.81,117.54,5696600
16/06/2023,120.77,121.95,119.85,120.02,117.75,4575300
20/06/2023,121.46,123.06,121.13,121.58,119.28,3059900
21/06/2023,121.09,122.16,120.4,121.65,119.34,2521000
22/06/2023,121.75,121.91,120.64,121.32,119.02,1819800
23/06/2023,121.07,122.49,120.8,122.3,119.98,2315800
26/06/2023,122.75,123.04,120.41,121.07,118.78,1438700
27/06/2023,121.8,126.35,121.73,126.06,123.67,3136100
28/06/2023,125.96,127.08,125.09,125.46,123.08,3639500
29/06/2023,124.6,124.64,122.91,123.78,121.43,2294600
30/06/2023,125.0,125.69,124.25,125.31,122.94,2537600
03/07/2023,125.71,125.9,124.28,125.28,122.91,953000
05/07/2023,125.56,125.99,123.6,124.29,121.93,1966600
06/07/2023,121.88,122.29,119.62,120.52,118.59,2805600
07/07/2023,120.12,121.43,119.69,120.21,118.29,2392800
10/07/2023,119.93,123.47,119.77,123.46,121.49,1957000
11/07/2023,123.97,125.1,123.36,124.91,122.91,1388400
12/07/2023,126.27,128.3,125.61,128.28,126.23,2019200
13/07/2023,128.58,130.46,128.13,130.08,128.0,2384700
14/07/2023,131.38,133.24,130.76,133.24,131.11,1871100
17/07/2023,131.66,132.5,129.94,130.39,128.31,2546300
18/07/2023,130.95,132.34,130.87,130.99,128.9,1855500
19/07/2023,130.66,130.92,129.38,130.75,128.66,1908900
20/07/2023,131.29,131.95,124.8,126.15,124.13,2659300
21/07/2023,126.49,127.39,126.05,126.65,124.63,1974000
24/07/2023,126.9,128.16,126.44,127.3,125.27,1316100
25/07/2023,128.17,129.06,127.11,127.54,125.5,2488100
26/07/2023,127.02,128.63,126.02,127.22,125.19,2156800
27/07/2023,128.01,128.31,125.58,125.82,123.81,1803300
28/07/2023,127.31,128.17,126.49,127.78,125.74,1311400
31/07/2023,128.33,128.51,125.59,126.83,124.8,1832200
01/08/2023,126.19,127.35,126.05,127.0,124.97,1228800
02/08/2023,125.87,126.26,124.05,125.19,123.19,1482400
03/08/2023,124.49,124.58,121.38,122.64,120.68,2145300
04/08/2023,123.57,126.22,122.71,125.57,123.56,1980100
07/08/2023,125.19,127.38,125.19,127.31,125.28,1332400
08/08/2023,126.83,127.51,125.55,127.03,125.0,1378000
09/08/2023,126.92,127.54,125.5,125.58,123.57,1335100
10/08/2023,126.47,127.47,122.81,123.37,121.4,1863600
11/08/2023,123.22,124.88,123.07,123.23,121.26,1487100
14/08/2023,123.23,123.89,122.2,123.87,121.89,1636200
15/08/2023,124.81,126.93,122.7,126.06,124.05,2262400
16/08/2023,125.38,126.04,122.61,122.67,120.71,2071200
17/08/2023,123.66,124.44,116.97,117.05,115.18,3795000
18/08/2023,116.23,118.68,115.89,117.0,115.13,2423000
21/08/2023,117.0,117.19,114.46,115.83,113.98,1653900
22/08/2023,116.69,117.22,115.6,116.55,114.69,1487900
23/08/2023,117.09,117.97,116.0,117.17,115.3,3390400
24/08/2023,116.87,117.8,115.84,115.89,114.04,1561100
25/08/2023,116.15,116.58,112.18,114.04,112.22,2418000
28/08/2023,114.42,114.86,113.13,114.05,112.23,2109600
29/08/2023,113.91,116.98,113.11,116.57,114.71,2501000
30/08/2023,116.78,119.74,116.01,119.27,117.36,3926700
31/08/2023,119.15,119.4,118.46,119.09,117.19,1826100
01/09/2023,119.62,121.2,119.37,120.66,118.73,1494600
05/09/2023,120.23,120.31,114.44,114.73,112.9,2188900
06/09/2023,115.49,117.07,115.0,116.94,115.07,1639300
07/09/2023,116.44,118.61,115.36,118.08,116.19,2080200
08/09/2023,117.68,119.65,117.54,118.67,116.77,1604500
11/09/2023,118.74,121.52,118.74,119.76,117.85,1617600
12/09/2023,119.01,120.67,116.15,116.51,114.65,2119900
13/09/2023,117.01,117.48,114.06,115.97,114.12,1878500
14/09/2023,117.06,117.88,115.84,117.7,115.82,3063600
15/09/2023,110.16,115.1,110.0,114.76,112.93,6401300
18/09/2023,115.06,117.42,114.58,117.04,115.17,3340000
19/09/2023,116.87,118.31,115.3,117.29,115.42,2373200
20/09/2023,117.87,119.42,116.38,116.53,114.67,1978000
21/09/2023,114.54,114.66,111.69,113.13,111.32,2928300
22/09/2023,114.34,114.76,112.65,113.5,111.69,2310800
25/09/2023,112.7,114.04,112.36,113.07,111.26,2094100
26/09/2023,112.52,113.34,111.79,111.94,110.15,2167800
27/09/2023,112.85,113.92,111.36,111.7,109.91,2978000
28/09/2023,111.83,114.36,111.4,114.2,112.37,2566600
29/09/2023,115.18,116.58,111.8,112.23,110.44,1871800
02/10/2023,111.42,113.24,110.08,111.15,109.37,2556500
03/10/2023,110.1,110.77,107.39,108.23,106.5,2855200
04/10/2023,108.9,109.59,107.79,108.97,107.23,2782800
05/10/2023,108.59,109.68,107.74,108.64,106.9,2009900
06/10/2023,107.43,109.96,106.5,109.22,107.47,2017800
09/10/2023,108.16,111.41,107.53,111.27,109.49,1537500
10/10/2023,111.48,114.73,111.48,113.07,111.26,2427500
11/10/2023,113.53,114.99,112.68,114.27,112.82,1831800
12/10/2023,112.56,113.21,107.67,108.46,107.08,2135200
13/10/2023,108.5,110.42,108.21,109.3,107.91,2053300
16/10/2023,110.24,110.49,108.45,109.58,108.19,1501400
17/10/2023,109.01,111.13,108.69,109.63,108.24,1686800
18/10/2023,108.3,109.01,106.74,106.78,105.42,1647000
19/10/2023,107.02,107.33,104.2,104.61,103.28,2172900
20/10/2023,104.68,105.3,103.55,103.79,102.47,1618900
23/10/2023,103.84,106.32,103.47,105.3,103.96,1790200
24/10/2023,105.16,106.45,103.97,104.93,103.6,1766800
25/10/2023,104.45,104.69,102.96,103.07,101.76,1920500
26/10/2023,103.67,105.46,102.9,103.93,102.61,2346300
27/10/2023,104.34,104.69,103.35,103.79,102.47,1346400
30/10/2023,104.64,105.39,103.41,104.52,103.19,2128800
31/10/2023,104.91,107.22,104.68,106.68,105.32,1752900
01/11/2023,106.66,111.48,105.74,111.22,109.81,2641400
02/11/2023,114.07,117.29,113.44,115.86,114.39,2700300
03/11/2023,118.84,122.08,118.84,119.82,118.3,2621200
06/11/2023,117.89,119.32,116.62,118.72,117.21,1717900
07/11/2023,118.84,121.58,118.58,120.41,118.88,1793500
08/11/2023,120.57,121.74,119.69,120.88,119.34,1487700
09/11/2023,120.94,122.17,118.92,119.63,118.11,1244800
10/11/2023,120.34,122.65,119.15,122.2,120.65,1431300
13/11/2023,122.69,122.87,120.5,122.25,120.7,1483900
14/11/2023,126.9,131.27,126.66,128.26,126.63,3340800
15/11/2023,128.05,129.28,126.8,126.85,125.24,2106800
16/11/2023,127.06,128.09,126.37,127.08,125.47,1720100
17/11/2023,127.9,128.32,127.12,127.49,125.87,1810100
20/11/2023,126.79,128.36,126.03,128.3,126.67,1157400
21/11/2023,127.74,128.48,126.73,126.78,125.17,1229100
22/11/2023,127.69,128.77,126.61,127.43,125.81,978600
24/11/2023,127.27,128.01,126.77,127.63,126.01,426900
27/11/2023,126.08,127.27,126.08,126.84,125.23,1027200
28/11/2023,126.46,127.16,125.55,126.06,124.46,1230600
29/11/2023,127.66,128.08,126.66,126.84,125.23,1585200
30/11/2023,126.4,128.07,125.17,127.92,126.29,2462000
01/12/2023,128.03,131.67,127.94,131.58,129.91,1757400
04/12/2023,130.92,131.96,130.29,131.51,129.84,1368700
05/12/2023,131.68,131.99,130.55,131.9,130.22,1170600
06/12/2023,133.25,137.1,132.27,135.37,133.65,3181500
07/12/2023,135.31,137.56,135.31,137.47,135.72,1841800
08/12/2023,136.82,140.0,136.69,139.58,137.81,1688100
11/12/2023,139.05,140.41,137.95,139.64,137.87,1870200
12/12/2023,139.78,141.1,139.1,140.53,138.74,1598900
13/12/2023,141.19,145.91,139.68,145.16,143.32,3569400
14/12/2023,147.87,155.43,147.25,154.81,152.84,4738100
15/12/2023,146.23,156.01,144.0,149.28,147.38,8806100
18/12/2023,149.21,149.33,144.91,147.28,145.41,2720600
19/12/2023,148.62,149.7,147.62,148.65,146.76,2133600
20/12/2023,148.09,150.08,146.72,146.79,144.92,1709400
21/12/2023,148.71,149.48,146.09,147.91,146.03,2081200
22/12/2023,148.53,148.87,146.5,147.42,145.55,1294300
26/12/2023,147.94,148.5,147.21,148.2,146.32,914000
27/12/2023,148.26,149.88,147.54,149.3,147.4,1231700
28/12/2023,149.0,149.82,148.39,149.18,147.28,1031000
29/12/2023,148.5,149.67,148.06,149.04,147.15,1437400
02/01/2024,147.25,148.45,145.05,147.46,145.59,1628700
03/01/2024,145.64,146.95,143.73,145.66,143.81,2121000
04/01/2024,145.44,146.94,144.97,145.07,143.23,1582900
05/01/2024,144.39,147.8,144.04,146.27,144.41,1946800
08/01/2024,147.4,149.45,147.2,149.31,147.41,1617500
09/01/2024,147.85,149.19,147.73,148.16,146.28,1473300
10/01/2024,152.6,155.4,151.59,153.35,151.4,3632900
11/01/2024,152.21,155.26,152.07,155.2,153.23,2902300
12/01/2024,155.48,155.71,151.53,151.75,149.82,2232000
16/01/2024,150.65,151.68,150.0,150.5,148.59,2579000
17/01/2024,149.15,150.5,148.51,149.6,147.7,2155600
18/01/2024,150.94,152.45,148.54,150.32,148.41,1878700
19/01/2024,150.67,152.66,149.62,151.81,149.88,2272200
22/01/2024,152.32,155.37,152.32,155.27,153.3,2364600
23/01/2024,150.98,152.92,146.37,147.59,146.19,3823500
24/01/2024,149.18,149.26,144.77,145.12,143.74,2111500
25/01/2024,147.91,149.15,145.66,149.12,147.7,2789900
26/01/2024,149.14,150.12,147.82,148.38,146.97,1575900
29/01/2024,148.5,149.73,147.32,149.57,148.15,1596800
30/01/2024,150.22,152.76,150.22,151.07,149.63,1613500
31/01/2024,150.58,152.78,149.17,149.85,148.42,2277500
01/02/2024,151.41,154.59,149.96,153.93,152.46,2365000
02/02/2024,151.31,155.58,150.2,154.01,152.54,2297600
05/02/2024,152.58,153.18,150.25,152.5,151.05,1810100
06/02/2024,152.5,152.79,149.14,150.94,149.5,1954700
07/02/2024,152.14,153.87,151.81,152.69,151.24,1445900
08/02/2024,153.15,154.11,151.77,153.29,151.83,1307800
09/02/2024,153.02,153.8,151.28,153.02,151.56,1474700
12/02/2024,153.57,158.36,153.4,157.91,156.41,2748400
13/02/2024,151.66,152.75,148.78,151.68,150.24,2903200
14/02/2024,153.22,154.72,151.49,153.87,152.41,1729800
15/02/2024,154.71,155.54,153.3,154.2,152.73,1581700
16/02/2024,152.14,153.0,150.17,150.22,148.79,1768100
20/02/2024,149.08,151.94,148.85,150.99,149.55,1938600
21/02/2024,152.83,154.12,150.48,151.98,150.53,1308200
22/02/2024,153.26,154.58,152.75,153.56,152.1,1283600
23/02/2024,154.17,156.38,153.96,155.08,153.6,1222700
26/02/2024,155.0,156.2,154.04,154.13,152.66,1218600
27/02/2024,155.15,155.57,152.83,153.87,152.41,1144100
28/02/2024,154.1,155.43,153.37,153.8,152.34,1356500
29/02/2024,154.67,158.82,154.67,158.51,157.0,3119400
01/03/2024,158.51,161.75,156.79,161.48,159.94,1766600
04/03/2024,162.3,163.88,160.38,160.53,159.0,1531100
05/03/2024,160.18,162.55,158.63,159.56,158.04,1870300
06/03/2024,160.33,161.31,158.82,161.04,159.51,1523100
07/03/2024,162.67,165.95,162.33,164.42,162.86,2698500
08/03/2024,164.98,166.39,163.11,164.19,162.63,1821100
11/03/2024,163.38,164.27,161.62,164.12,162.56,2460300
12/03/2024,163.31,166.34,162.38,165.97,164.39,2104500
13/03/2024,165.97,167.49,164.81,165.5,163.92,3615700
14/03/2024,161.8,164.47,152.27,152.86,151.41,5337000
15/03/2024,152.06,158.2,151.52,156.57,155.08,6035200
18/03/2024,157.2,158.01,154.93,156.61,155.12,2040000
19/03/2024,156.5,159.91,155.67,159.64,158.12,1642600
20/03/2024,159.54,164.0,158.65,163.64,162.08,1528200
21/03/2024,165.23,167.1,165.11,165.34,163.77,1940900
22/03/2024,165.81,167.06,164.92,166.58,164.99,1448300
25/03/2024,166.2,167.44,165.74,166.04,164.46,1278600
26/03/2024,166.55,168.05,165.38,165.56,163.98,1401100
27/03/2024,167.0,168.61,166.35,168.5,166.9,1323800
28/03/2024,168.78,172.59,168.75,171.98,170.34,2132900
01/04/2024,171.8,172.34,167.37,167.81,166.21,1661400
02/04/2024,163.29,163.29,160.27,162.47,160.92,2523000
03/04/2024,161.09,166.2,161.09,166.09,164.51,2162500
04/04/2024,168.15,168.99,163.17,163.64,162.08,2318400
05/04/2024,163.0,166.5,162.87,166.22,164.64,2252800
08/04/2024,166.3,166.85,163.97,165.01,163.44,1895400
09/04/2024,166.99,167.17,163.35,165.99,164.41,1427600
10/04/2024,159.5,161.19,156.11,156.43,154.94,3384900
11/04/2024,157.46,160.66,156.54,159.46,157.94,2042400
12/04/2024,158.77,159.95,157.45,159.9,158.38,2353400
15/04/2024,159.7,160.62,155.45,156.12,154.63,2312800
16/04/2024,153.89,154.15,150.43,152.58,151.13,3167800
17/04/2024,153.78,154.61,151.35,151.88,150.43,1467900
18/04/2024,156.3,157.16,152.43,152.49,151.04,2788300
19/04/2024,152.75,153.76,149.14,150.19,148.76,2451500
22/04/2024,151.25,153.01,149.2,151.57,150.13,1568200
23/04/2024,152.44,156.65,150.81,155.7,154.73,2087100
24/04/2024,155.16,158.24,152.79,154.12,153.16,1483200
25/04/2024,150.34,153.3,148.81,152.79,151.84,2157900
26/04/2024,153.89,156.92,153.52,154.29,153.33,1348500
29/04/2024,155.3,156.47,154.16,155.47,154.5,1699800
30/04/2024,153.32,154.95,151.56,151.62,150.67,1279700
01/05/2024,151.47,156.44,150.49,152.47,151.52,1826800
02/05/2024,153.56,155.46,151.37,155.21,154.24,1022400
03/05/2024,160.14,163.12,157.85,158.1,157.11,1678200
06/05/2024,159.94,161.1,159.21,161.03,160.03,1163100
07/05/2024,161.91,162.79,161.0,161.1,160.09,1315200
08/05/2024,159.38,160.61,158.15,158.47,157.48,1380200
09/05/2024,158.7,161.03,158.37,160.89,159.89,1121100
10/05/2024,160.89,163.72,160.59,162.93,161.91,1385900
13/05/2024,163.89,164.32,161.93,162.01,161.0,1153400
14/05/2024,163.1,163.23,161.0,162.33,161.32,1210300
15/05/2024,165.78,171.27,165.67,170.85,169.78,2444000
16/05/2024,169.84,170.0,165.02,165.2,164.17,2065600
17/05/2024,165.66,166.33,164.37,165.88,164.85,1123900
20/05/2024,166.01,166.41,163.46,163.67,162.65,943500
21/05/2024,163.53,163.58,161.76,162.71,161.69,1116200
22/05/2024,160.2,161.78,155.38,155.88,154.91,2579600
23/05/2024,157.16,157.16,153.46,154.52,153.56,1665800
24/05/2024,155.98,156.75,154.74,156.38,155.4,1198200
28/05/2024,156.75,157.97,154.16,154.95,153.98,1388500
29/05/2024,152.94,154.17,151.9,154.06,153.1,1780600
30/05/2024,154.5,157.24,154.5,157.03,156.05,1651600
31/05/2024,157.93,160.41,156.91,160.35,159.35,5769900
03/06/2024,160.49,161.3,159.07,160.71,159.71,1608100
04/06/2024,159.6,159.75,157.08,157.71,156.73,1847900
05/06/2024,158.56,159.4,155.87,159.37,158.38,1553200
06/06/2024,159.17,159.3,155.89,156.12,155.15,1393700
07/06/2024,152.76,156.35,152.0,154.02,153.06,2195500
10/06/2024,152.88,155.89,152.21,155.42,154.45,1559700
11/06/2024,154.34,154.34,151.79,152.23,151.28,2043500
12/06/2024,158.27,161.34,154.38,155.0,154.03,3156400
13/06/2024,154.76,156.45,153.42,155.04,154.07,2082500
14/06/2024,153.23,155.31,150.69,155.1,154.13,3115500
17/06/2024,154.93,157.42,153.5,156.51,155.53,4689400
18/06/2024,150.69,154.04,148.13,148.72,147.79,5992400
20/06/2024,147.47,151.66,147.08,149.31,148.38,2837300
21/06/2024,150.21,151.89,147.92,151.55,150.6,3883000
24/06/2024,151.01,152.33,149.32,150.66,149.72,2238400
25/06/2024,149.95,150.08,146.95,149.18,148.25,2710600
26/06/2024,148.68,149.98,147.91,148.94,148.01,2353700
27/06/2024,148.9,149.57,147.72,149.12,148.19,1798300
28/06/2024,149.0,150.85,148.89,149.87,148.93,3297900
01/07/2024,150.51,150.84,145.87,145.93,145.02,2033400
02/07/2024,141.71,143.84,141.13,143.61,142.71,2387900
03/07/2024,142.75,145.9,142.2,143.28,142.39,1116400
05/07/2024,142.86,143.31,140.65,142.63,142.24,1842100
08/07/2024,144.0,145.02,141.15,142.63,142.24,2460500
09/07/2024,143.3,144.16,141.88,142.5,142.11,2038300
10/07/2024,142.63,146.43,142.31,145.72,145.32,2126700
11/07/2024,150.26,156.33,149.52,155.83,155.4,4010200
12/07/2024,157.0,161.5,156.83,159.88,159.44,4230400
15/07/2024,160.04,162.41,158.43,159.18,158.74,2156300
16/07/2024,161.95,169.89,161.55,169.62,169.15,2910100
17/07/2024,167.77,169.31,166.38,166.48,166.02,2163900
18/07/2024,170.08,177.79,169.81,170.03,169.56,4439300
19/07/2024,169.73,172.32,167.96,170.94,170.47,1823000
22/07/2024,169.95,172.6,167.01,172.5,172.02,2344900
23/07/2024,171.5,174.57,169.86,172.65,172.17,1862600
24/07/2024,172.07,173.41,168.71,168.79,168.32,3003600
25/07/2024,169.9,175.37,168.01,171.28,170.81,1844500
26/07/2024,175.26,178.75,174.2,176.71,176.22,2211300
29/07/2024,177.32,179.22,175.46,178.18,177.69,1974300
30/07/2024,178.57,181.15,178.02,180.45,179.95,1853100
31/07/2024,180.65,182.53,176.77,176.93,176.44,3030300
01/08/2024,178.08,179.21,173.46,176.24,175.75,2511100
02/08/2024,172.49,176.81,170.01,174.46,173.98,2327300
05/08/2024,163.0,172.23,162.67,170.39,169.92,2827700
06/08/2024,169.59,175.31,167.19,172.0,171.53,1918500
07/08/2024,174.21,175.82,165.88,166.75,166.29,2796400
08/08/2024,168.63,170.64,166.63,169.37,168.9,1337100
09/08/2024,169.9,171.04,168.24,169.76,169.29,1614000
12/08/2024,169.9,170.19,167.09,167.94,167.48,1502200
13/08/2024,169.14,171.72,168.29,170.37,169.9,1249400
14/08/2024,171.5,171.7,168.2,169.12,168.65,1431400
15/08/2024,170.92,171.31,168.5,170.61,170.14,1263100
16/08/2024,170.32,173.41,170.0,171.76,171.29,1118600
19/08/2024,173.0,175.98,172.71,175.47,174.99,1207500
20/08/2024,175.71,177.15,173.76,174.0,173.52,1381800
21/08/2024,176.19,180.49,175.59,179.05,178.56,2746500
22/08/2024,179.05,180.39,177.76,178.74,178.25,1123100
23/08/2024,180.97,185.68,179.98,185.02,184.51,1962000
26/08/2024,186.5,186.6,183.34,183.65,183.14,1169700
27/08/2024,182.13,183.2,180.61,182.36,181.86,944500
28/08/2024,181.67,183.32,180.12,181.26,180.76,683100
29/08/2024,182.0,182.64,178.58,180.51,180.01,924100
30/08/2024,182.01,183.31,178.54,182.06,181.56,1458300
03/09/2024,182.31,183.94,176.73,178.38,177.89,1704200
04/09/2024,177.62,179.01,175.5,178.31,177.82,1421700
05/09/2024,178.29,179.69,177.29,177.83,177.34,1612500
06/09/2024,178.39,182.67,178.15,179.42,178.92,2252100
09/09/2024,179.62,182.51,178.95,180.2,179.7,1769400
10/09/2024,181.22,181.31,177.6,180.23,179.73,1631300
11/09/2024,177.81,178.54,173.47,178.19,177.7,2108900
12/09/2024,178.79,181.98,178.09,181.38,180.88,1492800
13/09/2024,183.45,186.43,183.25,185.91,185.4,1793600
16/09/2024,187.44,188.19,184.42,187.21,186.69,1922800
17/09/2024,188.7,189.43,186.59,189.36,188.84,1555400
