Date,Open,High,Low,Close,Adj Close,Volume
02/01/1990,0.0,0.46,0.46,0.46,0.46,4320
03/01/1990,0.46,0.46,0.46,0.46,0.46,0
04/01/1990,0.0,0.53,0.49,0.51,0.5,36720
05/01/1990,0.0,0.49,0.49,0.49,0.48,23760
08/01/1990,0.0,0.53,0.46,0.5,0.49,68040
09/01/1990,0.0,0.49,0.49,0.49,0.48,21600
10/01/1990,0.0,0.51,0.46,0.51,0.5,59400
11/01/1990,0.0,0.46,0.46,0.46,0.46,1080
12/01/1990,0.0,0.51,0.46,0.51,0.5,8640
15/01/1990,0.0,0.51,0.51,0.51,0.5,11880
16/01/1990,0.0,0.46,0.46,0.46,0.46,3240
17/01/1990,0.46,0.46,0.46,0.46,0.46,0
18/01/1990,0.0,0.51,0.46,0.46,0.46,22680
19/01/1990,0.0,0.49,0.46,0.46,0.46,102600
22/01/1990,0.0,0.49,0.46,0.46,0.46,14040
23/01/1990,0.0,0.46,0.42,0.42,0.41,189000
24/01/1990,0.0,0.46,0.45,0.45,0.44,34560
25/01/1990,0.0,0.46,0.42,0.42,0.41,23760
26/01/1990,0.0,0.46,0.46,0.46,0.46,29160
29/01/1990,0.0,0.46,0.42,0.42,0.41,28080
30/01/1990,0.0,0.42,0.42,0.42,0.41,6480
31/01/1990,0.0,0.46,0.46,0.46,0.46,16200
01/02/1990,0.0,0.42,0.42,0.42,0.41,2160
02/02/1990,0.42,0.42,0.42,0.42,0.41,0
05/02/1990,0.0,0.42,0.42,0.42,0.41,5400
06/02/1990,0.0,0.42,0.42,0.42,0.41,6480
07/02/1990,0.0,0.42,0.42,0.42,0.41,1080
08/02/1990,0.0,0.44,0.42,0.44,0.43,11880
09/02/1990,0.44,0.44,0.44,0.44,0.43,0
12/02/1990,0.0,0.49,0.42,0.42,0.41,6480
13/02/1990,0.42,0.42,0.42,0.42,0.41,0
14/02/1990,0.42,0.42,0.42,0.42,0.41,0
15/02/1990,0.0,0.49,0.42,0.44,0.43,33480
16/02/1990,0.0,0.51,0.46,0.51,0.5,91800
20/02/1990,0.0,0.51,0.51,0.51,0.5,1080
21/02/1990,0.0,0.51,0.51,0.51,0.5,32400
22/02/1990,0.0,0.49,0.49,0.49,0.48,4320
23/02/1990,0.49,0.49,0.49,0.49,0.48,0
26/02/1990,0.0,0.53,0.46,0.53,0.52,11880
27/02/1990,0.0,0.53,0.53,0.53,0.52,10800
28/02/1990,0.53,0.53,0.53,0.53,0.52,0
01/03/1990,0.0,0.53,0.46,0.46,0.46,8640
02/03/1990,0.46,0.46,0.46,0.46,0.46,0
05/03/1990,0.0,0.46,0.46,0.46,0.46,10800
06/03/1990,0.0,0.53,0.53,0.53,0.52,5400
07/03/1990,0.0,0.56,0.46,0.56,0.55,20520
08/03/1990,0.0,0.58,0.5,0.58,0.57,187920
09/03/1990,0.0,0.56,0.56,0.56,0.55,35640
12/03/1990,0.0,0.58,0.53,0.53,0.52,25920
13/03/1990,0.0,0.58,0.57,0.57,0.56,9720
14/03/1990,0.0,0.53,0.53,0.53,0.52,10800
15/03/1990,0.0,0.53,0.53,0.53,0.52,1080
16/03/1990,0.0,0.56,0.53,0.53,0.52,3240
19/03/1990,0.53,0.53,0.53,0.53,0.52,0
20/03/1990,0.0,0.58,0.56,0.56,0.55,23760
21/03/1990,0.0,0.53,0.52,0.52,0.51,57240
22/03/1990,0.0,0.51,0.51,0.51,0.5,12960
23/03/1990,0.0,0.51,0.51,0.51,0.5,2160
26/03/1990,0.51,0.51,0.51,0.51,0.5,3240
27/03/1990,0.51,0.51,0.51,0.51,0.5,0
28/03/1990,0.51,0.51,0.51,0.51,0.5,5400
29/03/1990,0.51,0.51,0.49,0.49,0.48,27000
30/03/1990,0.46,0.46,0.46,0.46,0.46,3240
02/04/1990,0.46,0.46,0.46,0.46,0.46,0
03/04/1990,0.46,0.46,0.46,0.46,0.46,5400
04/04/1990,0.46,0.46,0.46,0.46,0.46,10800
05/04/1990,0.46,0.51,0.46,0.51,0.5,31320
06/04/1990,0.46,0.51,0.46,0.51,0.5,10800
09/04/1990,0.51,0.51,0.51,0.51,0.5,10800
10/04/1990,0.46,0.46,0.46,0.46,0.46,9720
11/04/1990,0.46,0.46,0.46,0.46,0.46,0
12/04/1990,0.46,0.46,0.46,0.46,0.46,0
16/04/1990,0.46,0.46,0.46,0.46,0.46,0
17/04/1990,0.44,0.44,0.44,0.44,0.43,2160
18/04/1990,0.44,0.44,0.44,0.44,0.43,2160
19/04/1990,0.44,0.46,0.44,0.46,0.46,24840
20/04/1990,0.44,0.44,0.44,0.44,0.43,1080
23/04/1990,0.44,0.44,0.44,0.44,0.43,2160
24/04/1990,0.44,0.44,0.44,0.44,0.43,0
25/04/1990,0.44,0.46,0.44,0.46,0.46,45360
26/04/1990,0.44,0.44,0.44,0.44,0.43,3240
27/04/1990,0.44,0.44,0.44,0.44,0.43,21600
30/04/1990,0.44,0.44,0.44,0.44,0.43,7560
01/05/1990,0.45,0.46,0.42,0.46,0.46,45360
02/05/1990,0.46,0.46,0.46,0.46,0.46,0
03/05/1990,0.46,0.46,0.46,0.46,0.46,0
04/05/1990,0.46,0.46,0.46,0.46,0.46,0
07/05/1990,0.49,0.49,0.49,0.49,0.48,10800
08/05/1990,0.44,0.44,0.44,0.44,0.43,5400
09/05/1990,0.44,0.44,0.44,0.44,0.43,2160
10/05/1990,0.44,0.44,0.44,0.44,0.43,10800
11/05/1990,0.44,0.44,0.44,0.44,0.43,2160
14/05/1990,0.44,0.44,0.44,0.44,0.43,10800
15/05/1990,0.49,0.49,0.44,0.44,0.43,20520
16/05/1990,0.46,0.49,0.46,0.46,0.46,22680
17/05/1990,0.42,0.46,0.42,0.46,0.46,14040
18/05/1990,0.42,0.46,0.42,0.46,0.46,9720
21/05/1990,0.46,0.46,0.46,0.46,0.46,1080
22/05/1990,0.42,0.42,0.39,0.42,0.41,23760
23/05/1990,0.39,0.39,0.39,0.39,0.39,6480
24/05/1990,0.46,0.46,0.46,0.46,0.46,11880
25/05/1990,0.46,0.46,0.46,0.46,0.46,10800
29/05/1990,0.39,0.39,0.39,0.39,0.39,1080
30/05/1990,0.39,0.46,0.39,0.46,0.46,10800
31/05/1990,0.46,0.46,0.46,0.46,0.46,0
01/06/1990,0.43,0.43,0.43,0.43,0.42,1080
04/06/1990,0.39,0.44,0.39,0.44,0.43,69120
05/06/1990,0.39,0.44,0.39,0.39,0.39,289440
06/06/1990,0.42,0.42,0.39,0.39,0.39,62640
07/06/1990,0.42,0.42,0.39,0.39,0.39,34560
08/06/1990,0.42,0.42,0.37,0.39,0.39,228960
11/06/1990,0.39,0.39,0.37,0.37,0.36,194400
12/06/1990,0.37,0.39,0.37,0.39,0.39,255960
13/06/1990,0.39,0.39,0.37,0.38,0.38,374760
14/06/1990,0.39,0.39,0.37,0.37,0.36,145800
15/06/1990,0.37,0.39,0.37,0.39,0.39,254880
18/06/1990,0.37,0.38,0.35,0.35,0.34,297000
19/06/1990,0.36,0.39,0.36,0.39,0.39,273240
20/06/1990,0.38,0.39,0.37,0.38,0.38,253800
21/06/1990,0.36,0.43,0.36,0.42,0.41,612360
22/06/1990,0.41,0.42,0.39,0.39,0.39,223560
25/06/1990,0.39,0.42,0.39,0.39,0.39,172800
26/06/1990,0.39,0.39,0.39,0.39,0.39,0
27/06/1990,0.37,0.37,0.37,0.37,0.36,1080
28/06/1990,0.37,0.42,0.36,0.37,0.36,252720
29/06/1990,0.35,0.35,0.35,0.35,0.34,1080
02/07/1990,0.35,0.37,0.35,0.37,0.36,29160
03/07/1990,0.35,0.37,0.35,0.37,0.36,11880
05/07/1990,0.35,0.37,0.35,0.37,0.36,56160
06/07/1990,0.35,0.37,0.35,0.37,0.36,166320
09/07/1990,0.37,0.37,0.37,0.37,0.36,0
10/07/1990,0.35,0.35,0.35,0.35,0.34,1080
11/07/1990,0.35,0.37,0.35,0.35,0.34,5400
12/07/1990,0.35,0.37,0.35,0.36,0.35,38880
13/07/1990,0.35,0.35,0.35,0.35,0.34,1080
16/07/1990,0.36,0.36,0.36,0.36,0.35,5400
17/07/1990,0.35,0.35,0.35,0.35,0.34,6480
18/07/1990,0.35,0.37,0.35,0.35,0.34,23760
19/07/1990,0.35,0.35,0.35,0.35,0.34,0
20/07/1990,0.37,0.37,0.35,0.35,0.34,33480
23/07/1990,0.35,0.35,0.35,0.35,0.34,8640
24/07/1990,0.35,0.35,0.33,0.35,0.34,103680
25/07/1990,0.32,0.36,0.32,0.36,0.35,32400
26/07/1990,0.32,0.32,0.32,0.32,0.32,9720
27/07/1990,0.32,0.35,0.32,0.34,0.33,227880
30/07/1990,0.32,0.32,0.3,0.32,0.32,176040
31/07/1990,0.3,0.32,0.3,0.32,0.32,18360
01/08/1990,0.28,0.3,0.28,0.28,0.27,150120
02/08/1990,0.28,0.28,0.23,0.28,0.27,172800
03/08/1990,0.27,0.27,0.23,0.25,0.25,124200
06/08/1990,0.27,0.27,0.27,0.27,0.26,32400
07/08/1990,0.24,0.3,0.24,0.3,0.3,208440
08/08/1990,0.3,0.3,0.25,0.28,0.27,36720
09/08/1990,0.28,0.28,0.28,0.28,0.27,0
10/08/1990,0.28,0.28,0.28,0.28,0.27,0
13/08/1990,0.32,0.35,0.32,0.32,0.32,37800
14/08/1990,0.3,0.35,0.3,0.35,0.34,6480
15/08/1990,0.35,0.35,0.35,0.35,0.34,0
16/08/1990,0.3,0.3,0.3,0.3,0.3,12960
17/08/1990,0.28,0.28,0.25,0.25,0.25,88560
20/08/1990,0.3,0.3,0.25,0.25,0.25,21600
21/08/1990,0.27,0.28,0.23,0.23,0.23,115560
22/08/1990,0.25,0.25,0.25,0.25,0.25,2160
23/08/1990,0.25,0.25,0.23,0.23,0.23,173880
24/08/1990,0.21,0.23,0.21,0.23,0.23,183600
27/08/1990,0.22,0.22,0.22,0.22,0.22,8640
28/08/1990,0.28,0.28,0.22,0.22,0.22,2160
29/08/1990,0.22,0.22,0.22,0.22,0.22,0
30/08/1990,0.28,0.28,0.28,0.28,0.27,5400
31/08/1990,0.28,0.28,0.28,0.28,0.27,17280
04/09/1990,0.24,0.24,0.24,0.24,0.24,21600
05/09/1990,0.28,0.28,0.23,0.23,0.23,4320
06/09/1990,0.23,0.23,0.23,0.23,0.23,21600
07/09/1990,0.23,0.23,0.23,0.23,0.23,0
10/09/1990,0.28,0.28,0.28,0.28,0.27,3240
11/09/1990,0.28,0.28,0.23,0.25,0.25,123120
12/09/1990,0.23,0.23,0.23,0.23,0.23,14040
13/09/1990,0.23,0.23,0.23,0.23,0.23,2160
14/09/1990,0.25,0.28,0.23,0.23,0.23,35640
17/09/1990,0.25,0.25,0.25,0.25,0.25,1080
18/09/1990,0.23,0.23,0.23,0.23,0.23,5400
19/09/1990,0.23,0.23,0.23,0.23,0.23,0
20/09/1990,0.23,0.23,0.23,0.23,0.23,1080
21/09/1990,0.23,0.23,0.23,0.23,0.23,1080
24/09/1990,0.24,0.24,0.23,0.23,0.23,27000
25/09/1990,0.23,0.23,0.23,0.23,0.23,10800
26/09/1990,0.21,0.23,0.21,0.23,0.23,54000
27/09/1990,0.21,0.24,0.21,0.21,0.21,233280
28/09/1990,0.25,0.25,0.23,0.23,0.23,643680
01/10/1990,0.28,0.28,0.25,0.27,0.26,48600
02/10/1990,0.27,0.27,0.27,0.27,0.27,61560
03/10/1990,0.27,0.3,0.27,0.3,0.29,6480
04/10/1990,0.28,0.31,0.28,0.28,0.27,79920
05/10/1990,0.27,0.27,0.27,0.27,0.27,45360
08/10/1990,0.27,0.27,0.27,0.27,0.26,43200
09/10/1990,0.27,0.29,0.25,0.27,0.26,145800
10/10/1990,0.25,0.25,0.25,0.25,0.25,64800
11/10/1990,0.25,0.25,0.24,0.25,0.25,43200
12/10/1990,0.28,0.28,0.28,0.28,0.27,21600
15/10/1990,0.28,0.28,0.28,0.28,0.27,0
16/10/1990,0.28,0.28,0.28,0.28,0.27,0
17/10/1990,0.24,0.25,0.24,0.24,0.24,37800
18/10/1990,0.28,0.28,0.28,0.28,0.27,1080
19/10/1990,0.27,0.27,0.24,0.27,0.26,5400
22/10/1990,0.27,0.27,0.24,0.24,0.24,61560
23/10/1990,0.27,0.27,0.27,0.27,0.26,3240
24/10/1990,0.27,0.27,0.27,0.27,0.26,27000
25/10/1990,0.27,0.27,0.27,0.27,0.26,0
26/10/1990,0.23,0.24,0.21,0.21,0.21,28080
29/10/1990,0.21,0.21,0.21,0.21,0.21,7560
30/10/1990,0.21,0.21,0.21,0.21,0.21,2160
31/10/1990,0.24,0.24,0.21,0.21,0.21,14040
01/11/1990,0.23,0.23,0.22,0.23,0.23,250560
02/11/1990,0.23,0.23,0.21,0.21,0.21,57240
05/11/1990,0.23,0.23,0.22,0.22,0.22,55080
06/11/1990,0.22,0.22,0.22,0.22,0.22,1080
07/11/1990,0.22,0.22,0.22,0.22,0.22,33480
08/11/1990,0.25,0.25,0.21,0.21,0.21,25920
09/11/1990,0.25,0.25,0.21,0.22,0.22,68040
12/11/1990,0.21,0.21,0.21,0.21,0.21,43200
13/11/1990,0.21,0.23,0.21,0.21,0.21,408240
14/11/1990,0.23,0.23,0.21,0.23,0.23,253800
15/11/1990,0.23,0.25,0.21,0.23,0.23,687960
16/11/1990,0.23,0.25,0.22,0.24,0.23,132840
19/11/1990,0.21,0.24,0.21,0.23,0.23,17280
20/11/1990,0.23,0.23,0.23,0.23,0.23,0
21/11/1990,0.21,0.23,0.21,0.23,0.23,57240
23/11/1990,0.23,0.23,0.21,0.22,0.22,37800
26/11/1990,0.25,0.25,0.25,0.25,0.25,21600
27/11/1990,0.25,0.25,0.23,0.23,0.23,27000
28/11/1990,0.22,0.22,0.22,0.22,0.22,2160
29/11/1990,0.27,0.27,0.23,0.23,0.23,49680
30/11/1990,0.23,0.23,0.23,0.23,0.23,1080
03/12/1990,0.23,0.27,0.23,0.23,0.23,84240
04/12/1990,0.23,0.23,0.23,0.23,0.23,10800
05/12/1990,0.23,0.25,0.23,0.23,0.23,71280
06/12/1990,0.23,0.27,0.23,0.25,0.25,118800
07/12/1990,0.23,0.25,0.23,0.25,0.25,10800
10/12/1990,0.25,0.25,0.25,0.25,0.25,0
11/12/1990,0.23,0.23,0.23,0.23,0.23,7560
12/12/1990,0.23,0.23,0.23,0.23,0.23,2160
13/12/1990,0.25,0.25,0.22,0.23,0.23,154440
14/12/1990,0.23,0.23,0.23,0.23,0.23,0
17/12/1990,0.21,0.21,0.21,0.21,0.21,17280
18/12/1990,0.21,0.21,0.21,0.21,0.21,20520
19/12/1990,0.21,0.23,0.21,0.23,0.23,21600
20/12/1990,0.21,0.23,0.21,0.23,0.23,158760
21/12/1990,0.23,0.24,0.21,0.24,0.24,102600
24/12/1990,0.23,0.23,0.21,0.21,0.21,10800
26/12/1990,0.21,0.21,0.21,0.21,0.21,0
27/12/1990,0.22,0.24,0.22,0.23,0.23,44280
28/12/1990,0.23,0.27,0.23,0.27,0.26,70200
31/12/1990,0.24,0.27,0.24,0.24,0.24,173880
02/01/1991,0.25,0.27,0.24,0.24,0.24,56160
03/01/1991,0.25,0.25,0.25,0.25,0.25,16200
04/01/1991,0.25,0.25,0.25,0.25,0.25,0
07/01/1991,0.25,0.25,0.25,0.25,0.25,48600
08/01/1991,0.25,0.25,0.25,0.25,0.25,0
09/01/1991,0.27,0.27,0.22,0.22,0.22,399600
10/01/1991,0.23,0.25,0.23,0.24,0.24,266760
11/01/1991,0.24,0.24,0.24,0.24,0.24,0
14/01/1991,0.23,0.23,0.19,0.2,0.19,146880
15/01/1991,0.2,0.2,0.2,0.2,0.19,0
16/01/1991,0.19,0.19,0.19,0.19,0.18,54000
17/01/1991,0.19,0.19,0.19,0.19,0.18,0
18/01/1991,0.19,0.19,0.19,0.19,0.18,0
21/01/1991,0.19,0.19,0.19,0.19,0.18,0
22/01/1991,0.21,0.21,0.21,0.21,0.21,37800
23/01/1991,0.19,0.19,0.19,0.19,0.18,1080
24/01/1991,0.21,0.21,0.21,0.21,0.21,28080
25/01/1991,0.21,0.21,0.19,0.19,0.18,86400
28/01/1991,0.2,0.2,0.2,0.2,0.19,10800
29/01/1991,0.2,0.21,0.19,0.2,0.19,354240
30/01/1991,0.2,0.2,0.2,0.2,0.19,10800
31/01/1991,0.2,0.21,0.19,0.19,0.18,41040
01/02/1991,0.21,0.21,0.2,0.21,0.21,86400
04/02/1991,0.21,0.23,0.2,0.23,0.23,200880
05/02/1991,0.23,0.27,0.23,0.24,0.24,98280
06/02/1991,0.27,0.27,0.24,0.27,0.26,90720
07/02/1991,0.27,0.29,0.24,0.29,0.28,227880
08/02/1991,0.28,0.29,0.25,0.25,0.25,96120
11/02/1991,0.25,0.25,0.25,0.25,0.25,0
12/02/1991,0.29,0.29,0.25,0.28,0.27,105840
13/02/1991,0.28,0.28,0.27,0.28,0.27,37800
14/02/1991,0.28,0.3,0.27,0.3,0.3,297000
15/02/1991,0.3,0.37,0.29,0.36,0.35,372600
19/02/1991,0.35,0.37,0.31,0.31,0.31,180360
20/02/1991,0.3,0.32,0.3,0.3,0.3,55080
21/02/1991,0.31,0.31,0.31,0.31,0.31,1080
22/02/1991,0.3,0.32,0.3,0.31,0.3,114480
25/02/1991,0.3,0.31,0.3,0.31,0.31,54000
26/02/1991,0.32,0.32,0.32,0.32,0.32,1080
27/02/1991,0.32,0.32,0.29,0.31,0.31,59400
28/02/1991,0.29,0.29,0.29,0.29,0.28,8640
01/03/1991,0.29,0.31,0.29,0.31,0.31,17280
04/03/1991,0.29,0.31,0.29,0.29,0.28,16200
05/03/1991,0.31,0.31,0.28,0.28,0.27,14040
06/03/1991,0.31,0.34,0.29,0.34,0.33,313200
07/03/1991,0.29,0.29,0.29,0.29,0.28,18360
08/03/1991,0.29,0.29,0.29,0.29,0.28,4320
11/03/1991,0.32,0.32,0.32,0.32,0.32,2160
12/03/1991,0.29,0.29,0.29,0.29,0.28,10800
13/03/1991,0.29,0.29,0.29,0.29,0.28,65880
14/03/1991,0.29,0.29,0.29,0.29,0.28,0
15/03/1991,0.31,0.31,0.29,0.29,0.28,11880
18/03/1991,0.29,0.29,0.29,0.29,0.28,0
19/03/1991,0.31,0.31,0.29,0.3,0.3,46440
20/03/1991,0.29,0.29,0.29,0.29,0.28,3240
21/03/1991,0.29,0.31,0.29,0.31,0.31,97200
22/03/1991,0.3,0.3,0.29,0.29,0.28,48600
25/03/1991,0.29,0.29,0.29,0.29,0.28,0
26/03/1991,0.29,0.31,0.29,0.31,0.31,170640
27/03/1991,0.32,0.32,0.29,0.31,0.31,113400
28/03/1991,0.31,0.31,0.31,0.31,0.31,0
01/04/1991,0.31,0.31,0.31,0.31,0.31,0
02/04/1991,0.29,0.3,0.29,0.3,0.3,136080
03/04/1991,0.31,0.31,0.29,0.3,0.3,37800
04/04/1991,0.29,0.31,0.29,0.31,0.31,18360
05/04/1991,0.31,0.31,0.31,0.31,0.31,27000
08/04/1991,0.29,0.29,0.29,0.29,0.28,10800
09/04/1991,0.29,0.29,0.29,0.29,0.28,5400
10/04/1991,0.31,0.31,0.3,0.31,0.31,105840
11/04/1991,0.32,0.32,0.32,0.32,0.32,10800
12/04/1991,0.32,0.35,0.31,0.35,0.34,200880
15/04/1991,0.34,0.36,0.34,0.34,0.33,47520
16/04/1991,0.32,0.32,0.32,0.32,0.32,16200
17/04/1991,0.35,0.35,0.35,0.35,0.34,21600
18/04/1991,0.32,0.32,0.32,0.32,0.32,1080
19/04/1991,0.32,0.32,0.32,0.32,0.32,21600
22/04/1991,0.32,0.34,0.32,0.34,0.33,49680
23/04/1991,0.32,0.35,0.32,0.35,0.34,11880
24/04/1991,0.35,0.35,0.35,0.35,0.34,0
25/04/1991,0.32,0.32,0.32,0.32,0.32,4320
26/04/1991,0.32,0.32,0.32,0.32,0.32,0
29/04/1991,0.32,0.32,0.32,0.32,0.32,10800
30/04/1991,0.32,0.32,0.32,0.32,0.32,21600
01/05/1991,0.34,0.34,0.34,0.34,0.33,10800
02/05/1991,0.35,0.35,0.31,0.31,0.31,8640
03/05/1991,0.31,0.31,0.31,0.31,0.31,0
06/05/1991,0.31,0.31,0.31,0.31,0.31,0
07/05/1991,0.31,0.31,0.31,0.31,0.31,4320
08/05/1991,0.31,0.31,0.31,0.31,0.31,0
09/05/1991,0.31,0.31,0.31,0.31,0.31,0
10/05/1991,0.31,0.34,0.31,0.31,0.31,275400
13/05/1991,0.32,0.32,0.31,0.31,0.31,14040
14/05/1991,0.31,0.31,0.31,0.31,0.31,0
15/05/1991,0.31,0.31,0.31,0.31,0.31,35640
16/05/1991,0.31,0.31,0.31,0.31,0.31,21600
17/05/1991,0.31,0.31,0.31,0.31,0.31,0
20/05/1991,0.31,0.32,0.31,0.32,0.32,297000
21/05/1991,0.3,0.32,0.3,0.3,0.3,32400
22/05/1991,0.31,0.32,0.29,0.3,0.3,716040
23/05/1991,0.29,0.29,0.29,0.29,0.28,5400
24/05/1991,0.28,0.31,0.28,0.31,0.31,4228200
28/05/1991,0.31,0.31,0.31,0.31,0.31,0
29/05/1991,0.29,0.29,0.29,0.29,0.28,11880
30/05/1991,0.29,0.29,0.29,0.29,0.28,1080
31/05/1991,0.29,0.29,0.29,0.29,0.28,12960
03/06/1991,0.29,0.29,0.29,0.29,0.28,0
04/06/1991,0.29,0.3,0.29,0.3,0.3,338040
05/06/1991,0.31,0.31,0.29,0.31,0.31,274320
06/06/1991,0.3,0.3,0.29,0.29,0.28,43200
07/06/1991,0.31,0.31,0.31,0.31,0.31,10800
10/06/1991,0.31,0.31,0.31,0.31,0.31,0
11/06/1991,0.31,0.31,0.31,0.31,0.31,0
12/06/1991,0.29,0.3,0.28,0.3,0.3,356400
13/06/1991,0.3,0.3,0.3,0.3,0.3,0
14/06/1991,0.3,0.3,0.3,0.3,0.3,10800
17/06/1991,0.29,0.29,0.28,0.28,0.27,116640
18/06/1991,0.28,0.29,0.28,0.29,0.28,324000
19/06/1991,0.29,0.29,0.29,0.29,0.28,0
20/06/1991,0.28,0.29,0.28,0.28,0.28,309960
21/06/1991,0.27,0.28,0.27,0.27,0.26,49680
24/06/1991,0.27,0.27,0.27,0.27,0.26,0
25/06/1991,0.27,0.27,0.27,0.27,0.26,5400
26/06/1991,0.27,0.27,0.27,0.27,0.26,0
27/06/1991,0.28,0.28,0.27,0.27,0.26,22680
28/06/1991,0.27,0.29,0.27,0.28,0.27,902880
01/07/1991,0.28,0.28,0.27,0.27,0.27,131760
02/07/1991,0.27,0.27,0.27,0.27,0.27,0
03/07/1991,0.28,0.28,0.27,0.28,0.27,78840
05/07/1991,0.28,0.28,0.28,0.28,0.27,0
08/07/1991,0.28,0.28,0.28,0.28,0.27,0
09/07/1991,0.27,0.29,0.27,0.27,0.26,329400
10/07/1991,0.28,0.28,0.28,0.28,0.27,10800
11/07/1991,0.27,0.27,0.27,0.27,0.26,12960
12/07/1991,0.27,0.27,0.27,0.27,0.26,5400
15/07/1991,0.27,0.27,0.27,0.27,0.26,0
16/07/1991,0.27,0.27,0.27,0.27,0.26,0
17/07/1991,0.27,0.27,0.27,0.27,0.26,5400
18/07/1991,0.29,0.29,0.27,0.28,0.27,750600
19/07/1991,0.28,0.28,0.28,0.28,0.27,60480
22/07/1991,0.28,0.28,0.26,0.28,0.27,914760
23/07/1991,0.28,0.28,0.25,0.26,0.26,660960
24/07/1991,0.28,0.28,0.25,0.26,0.26,371520
25/07/1991,0.29,0.29,0.27,0.28,0.27,277560
26/07/1991,0.28,0.29,0.28,0.28,0.28,189000
29/07/1991,0.27,0.29,0.27,0.27,0.26,35640
30/07/1991,0.27,0.29,0.27,0.29,0.28,17280
31/07/1991,0.29,0.32,0.28,0.29,0.28,464400
01/08/1991,0.3,0.34,0.28,0.31,0.31,263520
02/08/1991,0.28,0.28,0.28,0.28,0.27,36720
05/08/1991,0.31,0.31,0.3,0.3,0.3,45360
06/08/1991,0.32,0.32,0.31,0.31,0.31,21600
07/08/1991,0.31,0.31,0.28,0.31,0.31,32400
08/08/1991,0.31,0.35,0.31,0.35,0.34,397440
09/08/1991,0.32,0.36,0.32,0.36,0.35,396360
12/08/1991,0.32,0.35,0.32,0.33,0.32,60480
13/08/1991,0.34,0.36,0.31,0.35,0.34,86400
14/08/1991,0.32,0.32,0.32,0.32,0.32,2160
15/08/1991,0.32,0.36,0.32,0.36,0.35,10800
16/08/1991,0.32,0.32,0.32,0.32,0.32,9720
19/08/1991,0.32,0.32,0.31,0.32,0.32,49680
20/08/1991,0.31,0.31,0.31,0.31,0.31,4320
21/08/1991,0.31,0.31,0.31,0.31,0.31,0
22/08/1991,0.31,0.31,0.31,0.31,0.31,3240
23/08/1991,0.31,0.34,0.31,0.34,0.33,16200
26/08/1991,0.31,0.32,0.31,0.32,0.32,12960
27/08/1991,0.31,0.31,0.31,0.31,0.31,12960
28/08/1991,0.31,0.31,0.31,0.31,0.31,38880
29/08/1991,0.31,0.31,0.31,0.31,0.31,21600
30/08/1991,0.31,0.31,0.3,0.3,0.3,70200
03/09/1991,0.3,0.3,0.3,0.3,0.3,0
04/09/1991,0.31,0.31,0.3,0.3,0.3,24840
05/09/1991,0.3,0.3,0.3,0.3,0.3,47520
06/09/1991,0.3,0.32,0.28,0.29,0.28,186840
09/09/1991,0.28,0.28,0.28,0.28,0.27,5400
10/09/1991,0.29,0.29,0.28,0.28,0.27,129600
11/09/1991,0.27,0.27,0.27,0.27,0.26,23760
12/09/1991,0.27,0.27,0.27,0.27,0.26,55080
13/09/1991,0.27,0.27,0.27,0.27,0.26,23760
16/09/1991,0.27,0.28,0.25,0.28,0.27,421200
17/09/1991,0.25,0.27,0.25,0.25,0.25,38880
18/09/1991,0.28,0.28,0.25,0.28,0.27,168480
19/09/1991,0.27,0.3,0.27,0.28,0.27,159840
20/09/1991,0.31,0.31,0.3,0.3,0.3,22680
23/09/1991,0.3,0.3,0.3,0.3,0.3,22680
24/09/1991,0.3,0.31,0.3,0.31,0.31,10800
25/09/1991,0.31,0.31,0.31,0.31,0.31,0
26/09/1991,0.31,0.33,0.3,0.33,0.32,162000
27/09/1991,0.3,0.33,0.3,0.31,0.31,263520
30/09/1991,0.3,0.33,0.3,0.31,0.31,398520
01/10/1991,0.31,0.34,0.3,0.32,0.32,166320
02/10/1991,0.3,0.31,0.3,0.31,0.3,183600
03/10/1991,0.3,0.3,0.29,0.3,0.3,270000
04/10/1991,0.3,0.3,0.29,0.3,0.3,162000
07/10/1991,0.28,0.28,0.28,0.28,0.27,56160
08/10/1991,0.28,0.29,0.27,0.27,0.26,91800
09/10/1991,0.27,0.27,0.27,0.27,0.27,12960
10/10/1991,0.27,0.28,0.27,0.27,0.27,77760
11/10/1991,0.27,0.27,0.27,0.27,0.26,10800
14/10/1991,0.27,0.27,0.27,0.27,0.26,3240
15/10/1991,0.27,0.27,0.27,0.27,0.26,12960
16/10/1991,0.28,0.28,0.28,0.28,0.27,32400
17/10/1991,0.28,0.28,0.28,0.28,0.27,0
18/10/1991,0.28,0.28,0.28,0.28,0.27,0
21/10/1991,0.27,0.27,0.27,0.27,0.26,5400
22/10/1991,0.27,0.29,0.27,0.29,0.28,21600
23/10/1991,0.27,0.27,0.27,0.27,0.26,3240
24/10/1991,0.27,0.27,0.27,0.27,0.26,0
25/10/1991,0.27,0.27,0.27,0.27,0.26,20520
28/10/1991,0.27,0.27,0.27,0.27,0.26,0
29/10/1991,0.27,0.27,0.27,0.27,0.26,21600
30/10/1991,0.27,0.27,0.27,0.27,0.26,0
31/10/1991,0.29,0.29,0.29,0.29,0.28,10800
01/11/1991,0.27,0.27,0.27,0.27,0.26,9720
04/11/1991,0.27,0.28,0.25,0.25,0.25,167400
05/11/1991,0.25,0.25,0.25,0.25,0.25,0
06/11/1991,0.25,0.25,0.25,0.25,0.25,0
07/11/1991,0.25,0.29,0.25,0.29,0.28,12960
08/11/1991,0.24,0.24,0.24,0.24,0.24,74520
11/11/1991,0.24,0.24,0.24,0.24,0.24,97200
12/11/1991,0.24,0.24,0.24,0.24,0.24,10800
13/11/1991,0.24,0.24,0.24,0.24,0.24,9720
14/11/1991,0.24,0.24,0.24,0.24,0.24,0
15/11/1991,0.27,0.27,0.24,0.24,0.24,165240
18/11/1991,0.24,0.24,0.24,0.24,0.24,4320
19/11/1991,0.24,0.24,0.24,0.24,0.24,0
20/11/1991,0.24,0.26,0.24,0.26,0.26,46440
21/11/1991,0.28,0.28,0.24,0.24,0.24,72360
22/11/1991,0.24,0.24,0.24,0.24,0.24,23760
25/11/1991,0.24,0.24,0.24,0.24,0.24,1080
26/11/1991,0.24,0.24,0.24,0.24,0.24,1080
27/11/1991,0.24,0.27,0.24,0.24,0.24,43200
29/11/1991,0.24,0.24,0.24,0.24,0.24,97200
02/12/1991,0.25,0.25,0.25,0.25,0.25,5400
03/12/1991,0.25,0.25,0.22,0.22,0.22,78840
04/12/1991,0.21,0.22,0.21,0.22,0.22,17280
05/12/1991,0.25,0.25,0.25,0.25,0.25,4320
06/12/1991,0.25,0.25,0.25,0.25,0.25,32400
09/12/1991,0.22,0.22,0.22,0.22,0.22,2160
10/12/1991,0.22,0.24,0.22,0.22,0.22,57240
11/12/1991,0.22,0.22,0.22,0.22,0.22,2160
12/12/1991,0.22,0.22,0.22,0.22,0.22,46440
13/12/1991,0.21,0.21,0.21,0.21,0.21,4320
16/12/1991,0.21,0.21,0.21,0.21,0.21,9720
17/12/1991,0.21,0.21,0.21,0.21,0.21,2160
18/12/1991,0.21,0.21,0.21,0.21,0.21,0
19/12/1991,0.21,0.21,0.21,0.21,0.21,27000
20/12/1991,0.21,0.23,0.16,0.16,0.16,298080
23/12/1991,0.17,0.21,0.17,0.17,0.17,58320
24/12/1991,0.21,0.22,0.17,0.22,0.22,145800
26/12/1991,0.17,0.23,0.17,0.23,0.23,35640
27/12/1991,0.23,0.23,0.19,0.2,0.19,10800
30/12/1991,0.2,0.23,0.2,0.23,0.23,28080
31/12/1991,0.2,0.23,0.2,0.21,0.21,180360
02/01/1992,0.21,0.21,0.21,0.21,0.21,0
03/01/1992,0.21,0.21,0.21,0.21,0.21,0
06/01/1992,0.21,0.25,0.21,0.25,0.25,167400
07/01/1992,0.23,0.25,0.23,0.25,0.25,55080
08/01/1992,0.25,0.25,0.25,0.25,0.25,0
09/01/1992,0.24,0.24,0.24,0.24,0.24,3240
10/01/1992,0.28,0.28,0.25,0.27,0.26,144720
13/01/1992,0.27,0.27,0.27,0.27,0.26,21600
14/01/1992,0.27,0.27,0.27,0.27,0.26,86400
15/01/1992,0.27,0.27,0.27,0.27,0.26,30240
16/01/1992,0.27,0.3,0.27,0.28,0.27,219240
17/01/1992,0.3,0.3,0.27,0.27,0.26,32400
20/01/1992,0.27,0.3,0.27,0.3,0.3,11880
21/01/1992,0.28,0.28,0.27,0.27,0.26,47520
22/01/1992,0.27,0.27,0.27,0.27,0.26,0
23/01/1992,0.28,0.3,0.28,0.3,0.3,122040
24/01/1992,0.29,0.3,0.29,0.29,0.28,85320
27/01/1992,0.3,0.3,0.28,0.28,0.27,23760
28/01/1992,0.28,0.28,0.28,0.28,0.27,5400
29/01/1992,0.28,0.28,0.28,0.28,0.27,0
30/01/1992,0.3,0.3,0.3,0.3,0.3,5400
31/01/1992,0.29,0.32,0.29,0.31,0.3,104760
03/02/1992,0.29,0.31,0.29,0.31,0.31,169560
04/02/1992,0.31,0.31,0.31,0.31,0.31,0
05/02/1992,0.29,0.29,0.29,0.29,0.28,21600
06/02/1992,0.29,0.29,0.29,0.29,0.28,0
07/02/1992,0.29,0.29,0.29,0.29,0.28,0
10/02/1992,0.29,0.29,0.29,0.29,0.28,0
11/02/1992,0.29,0.3,0.29,0.3,0.3,28080
12/02/1992,0.29,0.3,0.29,0.3,0.29,118800
13/02/1992,0.3,0.3,0.3,0.3,0.29,0
14/02/1992,0.3,0.3,0.3,0.3,0.29,0
18/02/1992,0.3,0.3,0.3,0.3,0.29,0
19/02/1992,0.3,0.3,0.3,0.3,0.3,6480
20/02/1992,0.28,0.28,0.28,0.28,0.27,64800
21/02/1992,0.27,0.27,0.27,0.27,0.26,21600
24/02/1992,0.27,0.3,0.27,0.3,0.3,15120
25/02/1992,0.29,0.29,0.29,0.29,0.28,4320
26/02/1992,0.3,0.3,0.3,0.3,0.3,3240
27/02/1992,0.27,0.27,0.27,0.27,0.26,15120
28/02/1992,0.27,0.27,0.27,0.27,0.26,0
02/03/1992,0.27,0.27,0.27,0.27,0.27,4320
03/03/1992,0.27,0.27,0.27,0.27,0.26,1080
04/03/1992,0.27,0.27,0.27,0.27,0.26,1080
05/03/1992,0.27,0.27,0.27,0.27,0.26,0
06/03/1992,0.27,0.27,0.27,0.27,0.26,0
09/03/1992,0.27,0.27,0.27,0.27,0.26,2160
10/03/1992,0.27,0.28,0.27,0.27,0.26,411480
11/03/1992,0.28,0.28,0.28,0.28,0.27,51840
12/03/1992,0.28,0.28,0.28,0.28,0.27,0
13/03/1992,0.28,0.28,0.28,0.28,0.27,0
16/03/1992,0.28,0.28,0.28,0.28,0.27,0
17/03/1992,0.28,0.28,0.28,0.28,0.27,0
18/03/1992,0.28,0.28,0.28,0.28,0.27,0
19/03/1992,0.28,0.28,0.28,0.28,0.27,0
20/03/1992,0.27,0.27,0.24,0.24,0.24,54000
23/03/1992,0.27,0.27,0.24,0.27,0.26,79920
24/03/1992,0.24,0.24,0.24,0.24,0.24,1080
25/03/1992,0.24,0.28,0.24,0.28,0.27,16200
26/03/1992,0.24,0.24,0.24,0.24,0.24,16200
27/03/1992,0.24,0.24,0.24,0.24,0.24,1080
30/03/1992,0.24,0.24,0.24,0.24,0.24,0
31/03/1992,0.24,0.25,0.24,0.24,0.24,10800
01/04/1992,0.24,0.24,0.24,0.24,0.24,0
02/04/1992,0.27,0.27,0.27,0.27,0.26,10800
03/04/1992,0.24,0.27,0.24,0.27,0.26,39960
06/04/1992,0.28,0.28,0.28,0.28,0.27,16200
07/04/1992,0.28,0.28,0.28,0.28,0.27,0
08/04/1992,0.24,0.24,0.24,0.24,0.24,16200
09/04/1992,0.29,0.29,0.29,0.29,0.28,2160
10/04/1992,0.24,0.24,0.24,0.24,0.24,2160
13/04/1992,0.29,0.29,0.29,0.29,0.28,3240
14/04/1992,0.27,0.27,0.27,0.27,0.26,10800
15/04/1992,0.27,0.3,0.27,0.27,0.26,66960
16/04/1992,0.3,0.3,0.27,0.27,0.26,8640
20/04/1992,0.27,0.27,0.27,0.27,0.26,0
21/04/1992,0.28,0.29,0.27,0.27,0.26,41040
22/04/1992,0.29,0.29,0.27,0.27,0.26,65880
23/04/1992,0.27,0.28,0.23,0.24,0.24,400680
24/04/1992,0.23,0.25,0.22,0.23,0.23,164160
27/04/1992,0.23,0.23,0.23,0.23,0.23,38880
28/04/1992,0.23,0.23,0.23,0.23,0.23,12960
29/04/1992,0.21,0.21,0.21,0.21,0.21,1080
30/04/1992,0.21,0.21,0.21,0.21,0.21,2160
01/05/1992,0.21,0.21,0.21,0.21,0.21,0
04/05/1992,0.21,0.21,0.21,0.21,0.21,0
05/05/1992,0.24,0.24,0.24,0.24,0.24,10800
06/05/1992,0.24,0.25,0.23,0.24,0.24,297000
07/05/1992,0.25,0.25,0.25,0.25,0.25,54000
08/05/1992,0.28,0.28,0.27,0.28,0.27,210600
11/05/1992,0.28,0.28,0.28,0.28,0.27,3240
12/05/1992,0.28,0.28,0.27,0.27,0.26,29160
13/05/1992,0.29,0.29,0.28,0.29,0.28,60480
14/05/1992,0.29,0.29,0.29,0.29,0.28,15120
15/05/1992,0.3,0.3,0.27,0.3,0.3,18360
18/05/1992,0.3,0.3,0.29,0.29,0.28,97200
19/05/1992,0.28,0.28,0.28,0.28,0.27,42120
20/05/1992,0.28,0.29,0.27,0.27,0.26,104760
21/05/1992,0.27,0.27,0.25,0.27,0.26,47520
22/05/1992,0.27,0.27,0.27,0.27,0.26,0
26/05/1992,0.28,0.28,0.28,0.28,0.27,19440
27/05/1992,0.28,0.28,0.28,0.28,0.27,34560
28/05/1992,0.28,0.29,0.28,0.29,0.28,91800
29/05/1992,0.28,0.28,0.28,0.28,0.27,21600
01/06/1992,0.3,0.3,0.3,0.3,0.3,5400
02/06/1992,0.3,0.3,0.28,0.28,0.27,30240
03/06/1992,0.28,0.3,0.28,0.3,0.3,56160
04/06/1992,0.3,0.3,0.3,0.3,0.3,0
05/06/1992,0.28,0.3,0.28,0.3,0.3,9720
08/06/1992,0.28,0.29,0.28,0.28,0.27,424440
09/06/1992,0.28,0.28,0.28,0.28,0.27,0
10/06/1992,0.28,0.28,0.28,0.28,0.27,0
11/06/1992,0.28,0.28,0.28,0.28,0.27,0
12/06/1992,0.28,0.28,0.28,0.28,0.27,0
15/06/1992,0.27,0.27,0.27,0.27,0.26,45360
16/06/1992,0.29,0.29,0.27,0.27,0.27,100440
17/06/1992,0.27,0.27,0.27,0.27,0.26,2160
18/06/1992,0.28,0.28,0.25,0.25,0.25,59400
19/06/1992,0.27,0.27,0.27,0.27,0.26,10800
22/06/1992,0.27,0.27,0.27,0.27,0.26,0
23/06/1992,0.25,0.25,0.25,0.25,0.25,10800
24/06/1992,0.24,0.24,0.24,0.24,0.24,32400
25/06/1992,0.24,0.24,0.24,0.24,0.24,0
26/06/1992,0.28,0.28,0.25,0.25,0.25,21600
29/06/1992,0.25,0.25,0.25,0.25,0.25,0
30/06/1992,0.24,0.24,0.24,0.24,0.24,16200
01/07/1992,0.24,0.25,0.24,0.25,0.25,100440
02/07/1992,0.25,0.25,0.25,0.25,0.25,0
06/07/1992,0.25,0.25,0.21,0.21,0.21,210600
07/07/1992,0.21,0.21,0.19,0.21,0.21,223560
08/07/1992,0.21,0.21,0.21,0.21,0.21,64800
09/07/1992,0.23,0.23,0.23,0.23,0.23,1080
10/07/1992,0.21,0.21,0.21,0.21,0.21,8640
13/07/1992,0.21,0.21,0.21,0.21,0.21,0
14/07/1992,0.21,0.21,0.21,0.21,0.21,24840
15/07/1992,0.21,0.23,0.21,0.23,0.23,87480
16/07/1992,0.25,0.25,0.21,0.25,0.25,56160
17/07/1992,0.25,0.25,0.25,0.25,0.25,8640
20/07/1992,0.24,0.25,0.23,0.25,0.25,195480
21/07/1992,0.27,0.28,0.24,0.28,0.27,149040
22/07/1992,0.24,0.27,0.24,0.27,0.26,167400
23/07/1992,0.27,0.27,0.27,0.27,0.26,0
24/07/1992,0.27,0.27,0.21,0.23,0.23,415800
27/07/1992,0.23,0.23,0.22,0.23,0.23,118800
28/07/1992,0.23,0.23,0.22,0.22,0.22,43200
29/07/1992,0.22,0.22,0.21,0.21,0.21,253800
30/07/1992,0.22,0.22,0.21,0.21,0.21,118800
31/07/1992,0.23,0.24,0.22,0.24,0.24,189000
03/08/1992,0.24,0.24,0.24,0.24,0.24,2160
04/08/1992,0.22,0.22,0.22,0.22,0.22,5400
05/08/1992,0.24,0.24,0.22,0.22,0.22,27000
06/08/1992,0.22,0.22,0.22,0.22,0.22,1080
07/08/1992,0.22,0.22,0.22,0.22,0.22,0
10/08/1992,0.23,0.23,0.23,0.23,0.22,12960
11/08/1992,0.23,0.23,0.22,0.22,0.22,31320
12/08/1992,0.22,0.22,0.22,0.22,0.22,2160
13/08/1992,0.22,0.23,0.22,0.23,0.23,179280
14/08/1992,0.22,0.22,0.22,0.22,0.22,1080
17/08/1992,0.24,0.24,0.22,0.22,0.22,4320
18/08/1992,0.22,0.22,0.22,0.22,0.22,0
19/08/1992,0.22,0.22,0.22,0.22,0.22,0
20/08/1992,0.22,0.22,0.22,0.22,0.22,0
21/08/1992,0.24,0.24,0.24,0.24,0.24,5400
24/08/1992,0.23,0.24,0.23,0.24,0.24,108000
25/08/1992,0.23,0.23,0.23,0.23,0.23,5400
26/08/1992,0.22,0.24,0.2,0.21,0.21,1944000
27/08/1992,0.23,0.23,0.23,0.23,0.23,43200
28/08/1992,0.23,0.23,0.23,0.23,0.23,4320
31/08/1992,0.25,0.25,0.23,0.23,0.23,14040
01/09/1992,0.24,0.25,0.23,0.23,0.23,91800
02/09/1992,0.23,0.23,0.23,0.23,0.23,0
03/09/1992,0.23,0.23,0.23,0.23,0.23,11880
04/09/1992,0.23,0.23,0.23,0.23,0.23,12960
08/09/1992,0.23,0.25,0.23,0.23,0.23,145800
09/09/1992,0.23,0.25,0.23,0.25,0.25,50760
10/09/1992,0.24,0.24,0.23,0.23,0.23,86400
11/09/1992,0.23,0.23,0.23,0.23,0.23,0
14/09/1992,0.23,0.25,0.23,0.25,0.25,4320
15/09/1992,0.23,0.23,0.23,0.23,0.23,61560
16/09/1992,0.24,0.24,0.24,0.24,0.24,54000
17/09/1992,0.24,0.24,0.24,0.24,0.24,6480
18/09/1992,0.23,0.24,0.23,0.23,0.23,70200
21/09/1992,0.24,0.24,0.24,0.24,0.23,6480
22/09/1992,0.24,0.24,0.24,0.24,0.23,0
23/09/1992,0.23,0.24,0.22,0.24,0.24,304560
24/09/1992,0.23,0.24,0.22,0.22,0.22,328320
25/09/1992,0.22,0.22,0.22,0.22,0.22,10800
28/09/1992,0.24,0.24,0.21,0.21,0.21,42120
29/09/1992,0.22,0.23,0.22,0.23,0.23,167400
30/09/1992,0.24,0.24,0.22,0.23,0.22,615600
01/10/1992,0.22,0.24,0.22,0.24,0.24,76680
02/10/1992,0.23,0.24,0.23,0.24,0.24,106920
05/10/1992,0.24,0.24,0.23,0.23,0.23,91800
06/10/1992,0.23,0.25,0.23,0.24,0.24,145800
07/10/1992,0.25,0.25,0.25,0.25,0.25,54000
08/10/1992,0.25,0.27,0.25,0.27,0.26,118800
09/10/1992,0.24,0.28,0.24,0.28,0.27,60480
12/10/1992,0.28,0.28,0.25,0.25,0.25,55080
13/10/1992,0.25,0.25,0.25,0.25,0.25,0
14/10/1992,0.25,0.25,0.25,0.25,0.25,0
15/10/1992,0.24,0.24,0.24,0.24,0.24,1080
16/10/1992,0.29,0.29,0.29,0.29,0.28,11880
19/10/1992,0.24,0.24,0.24,0.24,0.24,4320
20/10/1992,0.25,0.29,0.25,0.28,0.27,27000
21/10/1992,0.24,0.24,0.24,0.24,0.24,1080
22/10/1992,0.29,0.29,0.24,0.24,0.24,75600
23/10/1992,0.25,0.25,0.24,0.24,0.24,64800
26/10/1992,0.27,0.27,0.24,0.24,0.24,29160
27/10/1992,0.23,0.27,0.23,0.27,0.26,153360
28/10/1992,0.25,0.25,0.25,0.25,0.25,6480
29/10/1992,0.27,0.27,0.27,0.27,0.26,3240
30/10/1992,0.27,0.27,0.23,0.23,0.23,20520
02/11/1992,0.25,0.25,0.23,0.24,0.24,618840
03/11/1992,0.23,0.24,0.21,0.21,0.21,124200
04/11/1992,0.22,0.22,0.22,0.22,0.22,10800
05/11/1992,0.21,0.23,0.21,0.23,0.23,811080
06/11/1992,0.22,0.23,0.22,0.23,0.23,108000
09/11/1992,0.25,0.25,0.23,0.25,0.25,70200
10/11/1992,0.24,0.24,0.23,0.24,0.24,199800
11/11/1992,0.24,0.24,0.24,0.24,0.23,59400
12/11/1992,0.24,0.24,0.23,0.23,0.23,35640
13/11/1992,0.23,0.24,0.23,0.24,0.24,108000
16/11/1992,0.23,0.24,0.23,0.24,0.24,15120
17/11/1992,0.24,0.24,0.23,0.24,0.23,302400
18/11/1992,0.23,0.24,0.23,0.23,0.23,56160
19/11/1992,0.23,0.23,0.23,0.23,0.23,10800
20/11/1992,0.23,0.23,0.23,0.23,0.23,7560
23/11/1992,0.24,0.27,0.24,0.27,0.26,66960
24/11/1992,0.27,0.27,0.24,0.25,0.25,244080
25/11/1992,0.24,0.27,0.24,0.27,0.26,63720
27/11/1992,0.27,0.27,0.25,0.25,0.25,54000
30/11/1992,0.25,0.27,0.24,0.24,0.24,19440
01/12/1992,0.24,0.24,0.24,0.24,0.24,0
02/12/1992,0.24,0.24,0.24,0.24,0.24,0
03/12/1992,0.25,0.28,0.25,0.27,0.26,145800
04/12/1992,0.27,0.27,0.27,0.27,0.26,0
07/12/1992,0.25,0.28,0.25,0.28,0.27,85320
08/12/1992,0.24,0.27,0.24,0.24,0.24,83160
09/12/1992,0.24,0.24,0.24,0.24,0.24,2160
10/12/1992,0.24,0.25,0.24,0.25,0.25,144720
11/12/1992,0.25,0.25,0.25,0.25,0.25,0
14/12/1992,0.23,0.27,0.23,0.27,0.26,15120
15/12/1992,0.23,0.23,0.23,0.23,0.23,15120
16/12/1992,0.24,0.25,0.24,0.25,0.25,81000
17/12/1992,0.23,0.23,0.23,0.23,0.23,1080
18/12/1992,0.25,0.25,0.25,0.25,0.25,11880
21/12/1992,0.25,0.25,0.23,0.23,0.23,79920
22/12/1992,0.25,0.25,0.24,0.24,0.24,339120
23/12/1992,0.24,0.24,0.24,0.24,0.24,258120
24/12/1992,0.24,0.25,0.24,0.24,0.24,22680
28/12/1992,0.24,0.25,0.24,0.24,0.24,90720
29/12/1992,0.24,0.25,0.24,0.24,0.24,127440
30/12/1992,0.24,0.25,0.24,0.25,0.25,125280
31/12/1992,0.25,0.25,0.24,0.24,0.24,23760
04/01/1993,0.24,0.24,0.24,0.24,0.24,27000
05/01/1993,0.25,0.25,0.25,0.25,0.25,7560
06/01/1993,0.25,0.25,0.25,0.25,0.25,0
07/01/1993,0.25,0.27,0.25,0.27,0.26,21600
08/01/1993,0.27,0.27,0.27,0.27,0.26,0
11/01/1993,0.27,0.27,0.24,0.24,0.24,31320
12/01/1993,0.25,0.28,0.25,0.28,0.27,98280
13/01/1993,0.29,0.29,0.29,0.29,0.28,8640
14/01/1993,0.29,0.29,0.29,0.29,0.28,0
15/01/1993,0.27,0.27,0.27,0.27,0.26,10800
18/01/1993,0.29,0.29,0.28,0.29,0.28,17280
19/01/1993,0.27,0.3,0.27,0.3,0.3,150120
20/01/1993,0.3,0.3,0.28,0.3,0.3,15120
21/01/1993,0.28,0.3,0.28,0.3,0.3,139320
22/01/1993,0.3,0.3,0.3,0.3,0.3,12960
25/01/1993,0.3,0.3,0.3,0.3,0.3,0
26/01/1993,0.3,0.3,0.3,0.3,0.3,0
27/01/1993,0.3,0.3,0.3,0.3,0.3,0
28/01/1993,0.3,0.3,0.3,0.3,0.3,0
29/01/1993,0.29,0.29,0.28,0.28,0.28,59400
01/02/1993,0.29,0.29,0.29,0.29,0.28,3240
02/02/1993,0.29,0.29,0.29,0.29,0.28,21600
03/02/1993,0.29,0.3,0.28,0.29,0.28,156600
04/02/1993,0.3,0.35,0.28,0.32,0.32,473040
05/02/1993,0.35,0.35,0.3,0.32,0.32,141480
08/02/1993,0.34,0.36,0.34,0.36,0.35,165240
09/02/1993,0.36,0.36,0.32,0.35,0.34,145800
10/02/1993,0.35,0.37,0.35,0.37,0.36,71280
11/02/1993,0.37,0.42,0.35,0.37,0.36,635040
12/02/1993,0.37,0.37,0.37,0.37,0.36,36720
16/02/1993,0.37,0.42,0.37,0.37,0.36,19440
17/02/1993,0.37,0.38,0.35,0.37,0.36,225720
18/02/1993,0.36,0.36,0.35,0.35,0.34,19440
19/02/1993,0.38,0.38,0.36,0.36,0.35,157680
22/02/1993,0.36,0.36,0.36,0.36,0.35,51840
23/02/1993,0.36,0.38,0.36,0.38,0.38,41040
24/02/1993,0.36,0.37,0.36,0.37,0.36,259200
25/02/1993,0.36,0.37,0.36,0.37,0.36,75600
26/02/1993,0.37,0.37,0.37,0.37,0.36,0
01/03/1993,0.37,0.37,0.37,0.37,0.36,10800
02/03/1993,0.37,0.38,0.36,0.38,0.38,286200
03/03/1993,0.38,0.42,0.38,0.42,0.41,156600
04/03/1993,0.42,0.46,0.41,0.46,0.46,74520
05/03/1993,0.44,0.46,0.43,0.44,0.43,52920
08/03/1993,0.45,0.45,0.43,0.44,0.43,116640
09/03/1993,0.44,0.45,0.42,0.42,0.41,112320
10/03/1993,0.42,0.42,0.42,0.42,0.41,17280
11/03/1993,0.44,0.44,0.42,0.44,0.43,82080
12/03/1993,0.39,0.43,0.39,0.43,0.42,65880
15/03/1993,0.43,0.43,0.43,0.43,0.42,0
16/03/1993,0.43,0.43,0.43,0.43,0.42,0
17/03/1993,0.44,0.44,0.44,0.44,0.43,21600
18/03/1993,0.44,0.44,0.41,0.44,0.43,37800
19/03/1993,0.44,0.44,0.42,0.44,0.43,60480
22/03/1993,0.42,0.43,0.42,0.42,0.41,38880
23/03/1993,0.42,0.44,0.42,0.44,0.43,145800
24/03/1993,0.44,0.44,0.42,0.44,0.43,85320
25/03/1993,0.42,0.42,0.42,0.42,0.41,2160
26/03/1993,0.42,0.43,0.42,0.43,0.42,45360
29/03/1993,0.43,0.43,0.42,0.42,0.41,43200
30/03/1993,0.41,0.41,0.41,0.41,0.4,5400
31/03/1993,0.41,0.41,0.41,0.41,0.4,10800
01/04/1993,0.43,0.43,0.41,0.42,0.41,35640
02/04/1993,0.44,0.44,0.44,0.44,0.43,2160
05/04/1993,0.44,0.44,0.44,0.44,0.43,1080
06/04/1993,0.44,0.44,0.41,0.41,0.4,23760
07/04/1993,0.41,0.41,0.41,0.41,0.4,1080
08/04/1993,0.41,0.43,0.41,0.41,0.4,164160
12/04/1993,0.41,0.41,0.41,0.41,0.4,0
13/04/1993,0.41,0.42,0.39,0.39,0.39,55080
14/04/1993,0.39,0.39,0.39,0.39,0.39,10800
15/04/1993,0.39,0.39,0.39,0.39,0.39,10800
16/04/1993,0.44,0.44,0.39,0.39,0.39,7560
19/04/1993,0.39,0.39,0.39,0.39,0.39,1080
20/04/1993,0.39,0.41,0.39,0.39,0.39,68040
21/04/1993,0.41,0.41,0.39,0.39,0.39,21600
22/04/1993,0.43,0.43,0.39,0.39,0.39,14040
23/04/1993,0.38,0.38,0.38,0.38,0.38,10800
26/04/1993,0.38,0.38,0.38,0.38,0.38,0
27/04/1993,0.38,0.38,0.38,0.38,0.38,1080
28/04/1993,0.38,0.38,0.38,0.38,0.38,0
29/04/1993,0.43,0.43,0.43,0.43,0.42,10800
30/04/1993,0.43,0.43,0.43,0.43,0.42,0
03/05/1993,0.43,0.43,0.43,0.43,0.42,14040
04/05/1993,0.43,0.43,0.43,0.43,0.42,0
05/05/1993,0.38,0.39,0.38,0.39,0.38,27000
06/05/1993,0.43,0.43,0.43,0.43,0.42,29160
07/05/1993,0.39,0.43,0.39,0.42,0.41,56160
10/05/1993,0.43,0.43,0.41,0.41,0.4,7560
11/05/1993,0.41,0.43,0.41,0.43,0.42,89640
12/05/1993,0.43,0.43,0.43,0.43,0.42,0
13/05/1993,0.41,0.41,0.41,0.41,0.4,25920
14/05/1993,0.41,0.43,0.41,0.43,0.42,56160
17/05/1993,0.42,0.44,0.42,0.44,0.43,155520
18/05/1993,0.44,0.47,0.44,0.46,0.46,315360
19/05/1993,0.49,0.53,0.46,0.5,0.49,1083240
20/05/1993,0.52,0.54,0.51,0.52,0.51,204120
21/05/1993,0.54,0.54,0.52,0.54,0.54,191160
24/05/1993,0.54,0.54,0.52,0.52,0.51,123120
25/05/1993,0.52,0.53,0.52,0.53,0.52,29160
26/05/1993,0.52,0.52,0.51,0.51,0.5,15120
27/05/1993,0.51,0.51,0.51,0.51,0.5,0
28/05/1993,0.51,0.51,0.51,0.51,0.5,5400
01/06/1993,0.51,0.53,0.51,0.52,0.51,43200
02/06/1993,0.49,0.51,0.46,0.47,0.47,115560
03/06/1993,0.45,0.49,0.45,0.49,0.48,75600
04/06/1993,0.49,0.51,0.47,0.47,0.47,45360
07/06/1993,0.51,0.51,0.49,0.49,0.48,49680
08/06/1993,0.49,0.51,0.46,0.51,0.5,28080
09/06/1993,0.5,0.5,0.49,0.5,0.49,21600
10/06/1993,0.51,0.51,0.47,0.48,0.47,74520
11/06/1993,0.48,0.48,0.48,0.48,0.47,0
14/06/1993,0.5,0.5,0.48,0.48,0.47,108000
15/06/1993,0.46,0.49,0.46,0.46,0.46,87480
16/06/1993,0.47,0.5,0.47,0.5,0.49,24840
17/06/1993,0.46,0.46,0.46,0.46,0.46,6480
18/06/1993,0.46,0.46,0.46,0.46,0.46,27000
21/06/1993,0.46,0.47,0.46,0.46,0.46,191160
22/06/1993,0.47,0.47,0.47,0.47,0.47,21600
23/06/1993,0.46,0.46,0.46,0.46,0.45,49680
24/06/1993,0.46,0.46,0.46,0.46,0.45,0
25/06/1993,0.44,0.45,0.44,0.44,0.43,28080
28/06/1993,0.47,0.47,0.47,0.47,0.47,1080
29/06/1993,0.44,0.47,0.44,0.45,0.44,394200
30/06/1993,0.45,0.46,0.44,0.46,0.46,233280
01/07/1993,0.44,0.47,0.44,0.47,0.47,48600
02/07/1993,0.44,0.47,0.44,0.47,0.47,15120
06/07/1993,0.45,0.47,0.45,0.45,0.44,84240
07/07/1993,0.46,0.49,0.46,0.49,0.48,205200
08/07/1993,0.47,0.5,0.47,0.49,0.48,221400
09/07/1993,0.47,0.5,0.47,0.47,0.47,108000
12/07/1993,0.47,0.47,0.47,0.47,0.47,18360
13/07/1993,0.47,0.5,0.47,0.49,0.48,75600
14/07/1993,0.5,0.5,0.47,0.48,0.47,126360
15/07/1993,0.49,0.49,0.46,0.46,0.46,106920
16/07/1993,0.46,0.46,0.46,0.46,0.46,0
19/07/1993,0.46,0.47,0.46,0.47,0.47,14040
20/07/1993,0.46,0.49,0.46,0.49,0.48,119880
21/07/1993,0.49,0.49,0.49,0.49,0.48,0
22/07/1993,0.49,0.49,0.46,0.46,0.46,12960
23/07/1993,0.46,0.47,0.46,0.46,0.46,49680
26/07/1993,0.47,0.49,0.47,0.49,0.48,98280
27/07/1993,0.49,0.49,0.46,0.48,0.47,117720
28/07/1993,0.47,0.47,0.47,0.47,0.47,4320
29/07/1993,0.49,0.49,0.47,0.47,0.47,22680
30/07/1993,0.47,0.47,0.47,0.47,0.47,43200
02/08/1993,0.47,0.47,0.47,0.47,0.47,37800
03/08/1993,0.47,0.48,0.47,0.48,0.47,75600
04/08/1993,0.47,0.49,0.47,0.47,0.47,23760
05/08/1993,0.47,0.49,0.47,0.49,0.48,82080
06/08/1993,0.49,0.49,0.49,0.49,0.48,3240
09/08/1993,0.47,0.47,0.47,0.47,0.47,145800
10/08/1993,0.49,0.49,0.47,0.47,0.47,10800
11/08/1993,0.49,0.5,0.47,0.5,0.49,274320
12/08/1993,0.49,0.5,0.49,0.5,0.49,56160
13/08/1993,0.5,0.53,0.5,0.53,0.52,46440
16/08/1993,0.53,0.58,0.5,0.58,0.57,854280
17/08/1993,0.58,0.61,0.53,0.59,0.58,770040
18/08/1993,0.6,0.6,0.53,0.6,0.59,141480
19/08/1993,0.6,0.6,0.54,0.56,0.55,238680
20/08/1993,0.54,0.6,0.54,0.6,0.59,76680
23/08/1993,0.6,0.6,0.6,0.6,0.59,12960
24/08/1993,0.56,0.6,0.56,0.58,0.57,38880
25/08/1993,0.6,0.6,0.56,0.56,0.55,23760
26/08/1993,0.6,0.6,0.56,0.56,0.55,21600
27/08/1993,0.53,0.58,0.53,0.58,0.57,100440
30/08/1993,0.58,0.58,0.58,0.58,0.57,28080
31/08/1993,0.58,0.58,0.51,0.56,0.55,275400
01/09/1993,0.56,0.56,0.52,0.54,0.54,18360
02/09/1993,0.53,0.56,0.51,0.56,0.55,36720
03/09/1993,0.51,0.53,0.49,0.52,0.51,96120
07/09/1993,0.52,0.52,0.46,0.51,0.5,41040
08/09/1993,0.46,0.51,0.46,0.46,0.46,18360
09/09/1993,0.49,0.51,0.46,0.51,0.5,57240
10/09/1993,0.46,0.49,0.46,0.46,0.46,25920
13/09/1993,0.46,0.51,0.45,0.45,0.44,116640
14/09/1993,0.45,0.5,0.45,0.5,0.49,3240
15/09/1993,0.45,0.53,0.45,0.53,0.52,371520
16/09/1993,0.53,0.56,0.53,0.56,0.55,151200
17/09/1993,0.56,0.56,0.54,0.56,0.55,171720
20/09/1993,0.54,0.58,0.54,0.58,0.57,113400
21/09/1993,0.58,0.58,0.54,0.54,0.54,9720
22/09/1993,0.54,0.58,0.54,0.54,0.54,58320
23/09/1993,0.58,0.58,0.57,0.57,0.56,28080
24/09/1993,0.54,0.58,0.54,0.58,0.57,34560
27/09/1993,0.54,0.58,0.54,0.58,0.57,166320
28/09/1993,0.58,0.58,0.54,0.58,0.57,72360
29/09/1993,0.59,0.62,0.58,0.61,0.6,1318680
30/09/1993,0.59,0.64,0.59,0.62,0.61,738720
01/10/1993,0.64,0.64,0.6,0.62,0.62,557280
04/10/1993,0.64,0.64,0.54,0.54,0.54,224640
05/10/1993,0.6,0.6,0.54,0.58,0.57,212760
06/10/1993,0.58,0.58,0.53,0.56,0.55,333720
07/10/1993,0.56,0.58,0.54,0.54,0.54,480600
08/10/1993,0.57,0.57,0.52,0.53,0.52,150120
11/10/1993,0.5,0.56,0.5,0.56,0.55,273240
12/10/1993,0.56,0.56,0.51,0.53,0.52,58320
13/10/1993,0.56,0.56,0.53,0.53,0.52,45360
14/10/1993,0.51,0.56,0.51,0.56,0.55,214920
15/10/1993,0.56,0.56,0.56,0.56,0.55,22680
18/10/1993,0.56,0.56,0.52,0.53,0.52,164160
19/10/1993,0.53,0.53,0.53,0.53,0.52,45360
20/10/1993,0.57,0.57,0.52,0.52,0.51,9720
21/10/1993,0.52,0.56,0.51,0.51,0.5,103680
22/10/1993,0.5,0.54,0.5,0.51,0.5,90720
25/10/1993,0.53,0.54,0.52,0.54,0.54,385560
26/10/1993,0.54,0.54,0.49,0.53,0.52,102600
27/10/1993,0.47,0.53,0.47,0.51,0.5,43200
28/10/1993,0.5,0.53,0.47,0.49,0.48,231120
29/10/1993,0.53,0.53,0.47,0.5,0.49,153360
01/11/1993,0.53,0.53,0.5,0.53,0.52,171720
02/11/1993,0.53,0.53,0.5,0.51,0.5,55080
03/11/1993,0.53,0.53,0.5,0.53,0.52,174960
04/11/1993,0.53,0.53,0.49,0.49,0.48,11880
05/11/1993,0.52,0.52,0.51,0.52,0.51,91800
08/11/1993,0.52,0.52,0.5,0.52,0.51,245160
09/11/1993,0.53,0.54,0.51,0.54,0.54,116640
10/11/1993,0.54,0.54,0.53,0.54,0.54,137160
11/11/1993,0.54,0.54,0.53,0.53,0.52,140400
12/11/1993,0.54,0.57,0.53,0.56,0.55,152280
15/11/1993,0.52,0.57,0.52,0.57,0.56,27000
16/11/1993,0.53,0.56,0.52,0.52,0.51,69120
17/11/1993,0.56,0.56,0.51,0.53,0.52,131760
18/11/1993,0.5,0.53,0.5,0.5,0.49,111240
19/11/1993,0.49,0.53,0.49,0.5,0.49,38880
22/11/1993,0.47,0.49,0.47,0.47,0.47,27000
23/11/1993,0.47,0.51,0.47,0.5,0.49,216000
24/11/1993,0.46,0.5,0.46,0.5,0.49,42120
26/11/1993,0.49,0.49,0.49,0.49,0.48,10800
29/11/1993,0.51,0.51,0.46,0.47,0.47,58320
30/11/1993,0.49,0.49,0.49,0.49,0.48,24840
01/12/1993,0.46,0.47,0.39,0.43,0.42,334800
02/12/1993,0.39,0.46,0.39,0.46,0.46,286200
03/12/1993,0.46,0.46,0.43,0.45,0.44,81000
06/12/1993,0.43,0.45,0.43,0.45,0.44,55080
07/12/1993,0.43,0.44,0.43,0.44,0.43,60480
08/12/1993,0.43,0.45,0.43,0.45,0.44,34560
09/12/1993,0.43,0.46,0.43,0.46,0.46,17280
10/12/1993,0.46,0.46,0.43,0.43,0.42,24840
13/12/1993,0.42,0.44,0.41,0.41,0.4,52920
14/12/1993,0.41,0.41,0.39,0.39,0.39,32400
15/12/1993,0.39,0.45,0.39,0.39,0.39,55080
16/12/1993,0.39,0.44,0.39,0.39,0.39,29160
17/12/1993,0.39,0.42,0.39,0.39,0.39,126360
20/12/1993,0.38,0.41,0.38,0.39,0.39,115560
21/12/1993,0.37,0.42,0.37,0.39,0.39,385560
22/12/1993,0.38,0.43,0.38,0.39,0.39,187920
23/12/1993,0.39,0.43,0.39,0.41,0.4,133920
27/12/1993,0.39,0.42,0.39,0.41,0.4,98280
28/12/1993,0.43,0.43,0.41,0.41,0.4,12960
29/12/1993,0.43,0.43,0.41,0.41,0.4,93960
30/12/1993,0.41,0.43,0.41,0.41,0.4,111240
31/12/1993,0.41,0.43,0.41,0.42,0.41,169560
03/01/1994,0.41,0.41,0.41,0.41,0.4,2160
04/01/1994,0.41,0.42,0.41,0.41,0.4,115560
05/01/1994,0.41,0.41,0.41,0.41,0.4,0
06/01/1994,0.43,0.43,0.41,0.41,0.4,22680
07/01/1994,0.41,0.43,0.41,0.41,0.4,129600
10/01/1994,0.41,0.41,0.39,0.39,0.39,147960
11/01/1994,0.39,0.42,0.39,0.42,0.41,69120
12/01/1994,0.41,0.43,0.41,0.43,0.42,8640
13/01/1994,0.43,0.43,0.41,0.42,0.41,59400
14/01/1994,0.43,0.44,0.41,0.44,0.43,170640
17/01/1994,0.46,0.46,0.41,0.46,0.46,30240
18/01/1994,0.41,0.41,0.41,0.41,0.4,27000
19/01/1994,0.41,0.41,0.41,0.41,0.4,3240
20/01/1994,0.46,0.46,0.41,0.41,0.4,14040
21/01/1994,0.41,0.41,0.41,0.41,0.4,5400
24/01/1994,0.41,0.41,0.41,0.41,0.4,7560
25/01/1994,0.41,0.41,0.41,0.41,0.4,0
26/01/1994,0.41,0.42,0.41,0.42,0.41,182520
27/01/1994,0.42,0.42,0.41,0.42,0.41,91800
28/01/1994,0.41,0.42,0.41,0.42,0.41,7560
31/01/1994,0.41,0.42,0.41,0.42,0.41,24840
01/02/1994,0.42,0.42,0.41,0.42,0.41,69120
02/02/1994,0.42,0.42,0.41,0.42,0.41,159840
03/02/1994,0.42,0.44,0.42,0.43,0.42,48600
04/02/1994,0.43,0.45,0.42,0.42,0.41,284040
07/02/1994,0.41,0.46,0.41,0.42,0.41,46440
08/02/1994,0.46,0.46,0.42,0.42,0.41,8640
09/02/1994,0.46,0.46,0.44,0.44,0.43,3240
10/02/1994,0.42,0.46,0.42,0.46,0.46,12960
11/02/1994,0.46,0.46,0.46,0.46,0.46,5400
14/02/1994,0.44,0.46,0.42,0.42,0.41,9720
15/02/1994,0.42,0.42,0.42,0.42,0.41,0
16/02/1994,0.42,0.42,0.42,0.42,0.41,34560
17/02/1994,0.42,0.46,0.42,0.42,0.41,173880
18/02/1994,0.42,0.42,0.42,0.42,0.41,18360
22/02/1994,0.42,0.42,0.42,0.42,0.41,12960
23/02/1994,0.42,0.44,0.41,0.44,0.43,46440
24/02/1994,0.41,0.41,0.41,0.41,0.4,10800
25/02/1994,0.41,0.41,0.41,0.41,0.4,15120
28/02/1994,0.41,0.41,0.41,0.41,0.4,2160
01/03/1994,0.41,0.41,0.41,0.41,0.4,2160
02/03/1994,0.41,0.41,0.41,0.41,0.4,23760
03/03/1994,0.41,0.41,0.41,0.41,0.4,3240
04/03/1994,0.41,0.45,0.41,0.41,0.4,52920
07/03/1994,0.41,0.42,0.41,0.42,0.41,6480
08/03/1994,0.42,0.46,0.42,0.46,0.46,22680
09/03/1994,0.44,0.44,0.42,0.42,0.41,3240
10/03/1994,0.42,0.46,0.42,0.42,0.41,8640
11/03/1994,0.43,0.43,0.43,0.43,0.42,2160
14/03/1994,0.43,0.45,0.43,0.45,0.44,115560
15/03/1994,0.44,0.45,0.44,0.45,0.44,88560
16/03/1994,0.44,0.44,0.44,0.44,0.43,29160
17/03/1994,0.44,0.46,0.44,0.44,0.43,155520
18/03/1994,0.44,0.44,0.44,0.44,0.43,54000
21/03/1994,0.44,0.46,0.44,0.44,0.43,129600
22/03/1994,0.44,0.45,0.44,0.44,0.43,9720
23/03/1994,0.44,0.46,0.44,0.44,0.43,17280
24/03/1994,0.44,0.46,0.44,0.46,0.46,11880
25/03/1994,0.44,0.44,0.44,0.44,0.43,119880
28/03/1994,0.44,0.45,0.42,0.42,0.41,79920
29/03/1994,0.42,0.42,0.42,0.42,0.41,0
30/03/1994,0.42,0.43,0.42,0.42,0.41,103680
31/03/1994,0.43,0.44,0.39,0.39,0.39,219240
04/04/1994,0.38,0.42,0.37,0.38,0.38,116640
05/04/1994,0.37,0.37,0.37,0.37,0.36,14040
06/04/1994,0.37,0.39,0.37,0.39,0.39,17280
07/04/1994,0.37,0.37,0.37,0.37,0.36,3240
08/04/1994,0.37,0.37,0.37,0.37,0.36,12960
11/04/1994,0.37,0.37,0.36,0.36,0.35,18360
12/04/1994,0.42,0.42,0.36,0.36,0.35,39960
13/04/1994,0.39,0.39,0.36,0.39,0.39,18360
14/04/1994,0.36,0.39,0.36,0.39,0.39,7560
15/04/1994,0.39,0.41,0.39,0.39,0.39,61560
18/04/1994,0.37,0.41,0.37,0.37,0.36,95040
19/04/1994,0.37,0.39,0.37,0.39,0.39,21600
20/04/1994,0.37,0.41,0.37,0.38,0.38,64800
21/04/1994,0.39,0.44,0.39,0.42,0.41,153360
22/04/1994,0.41,0.42,0.41,0.41,0.4,45360
25/04/1994,0.41,0.42,0.41,0.42,0.41,33480
26/04/1994,0.43,0.43,0.41,0.41,0.4,18360
28/04/1994,0.41,0.41,0.41,0.41,0.4,2160
29/04/1994,0.41,0.41,0.41,0.41,0.4,0
02/05/1994,0.39,0.39,0.39,0.39,0.39,38880
03/05/1994,0.39,0.42,0.39,0.42,0.41,16200
04/05/1994,0.38,0.41,0.38,0.41,0.4,21600
05/05/1994,0.37,0.39,0.36,0.36,0.35,131760
06/05/1994,0.36,0.36,0.36,0.36,0.35,1080
09/05/1994,0.36,0.37,0.36,0.37,0.36,23760
10/05/1994,0.36,0.36,0.36,0.36,0.35,21600
11/05/1994,0.36,0.36,0.35,0.35,0.34,64800
12/05/1994,0.35,0.36,0.31,0.35,0.34,180360
13/05/1994,0.35,0.35,0.32,0.32,0.32,102600
16/05/1994,0.34,0.34,0.34,0.34,0.33,6480
17/05/1994,0.3,0.3,0.3,0.3,0.3,83160
18/05/1994,0.3,0.35,0.3,0.35,0.34,34560
19/05/1994,0.36,0.36,0.32,0.34,0.33,92880
20/05/1994,0.32,0.32,0.32,0.32,0.32,9720
23/05/1994,0.31,0.34,0.31,0.31,0.31,61560
24/05/1994,0.31,0.32,0.31,0.31,0.31,23760
25/05/1994,0.35,0.35,0.31,0.31,0.31,105840
26/05/1994,0.34,0.34,0.32,0.34,0.33,372600
27/05/1994,0.36,0.36,0.36,0.36,0.35,10800
31/05/1994,0.36,0.36,0.34,0.34,0.33,34560
01/06/1994,0.34,0.34,0.34,0.34,0.33,0
02/06/1994,0.34,0.34,0.34,0.34,0.33,6480
03/06/1994,0.36,0.36,0.34,0.34,0.33,16200
06/06/1994,0.34,0.34,0.34,0.34,0.33,5400
07/06/1994,0.37,0.37,0.34,0.34,0.33,22680
08/06/1994,0.34,0.34,0.34,0.34,0.33,2160
09/06/1994,0.37,0.37,0.37,0.37,0.36,5400
10/06/1994,0.37,0.37,0.37,0.37,0.36,6480
13/06/1994,0.34,0.37,0.34,0.37,0.36,42120
14/06/1994,0.35,0.37,0.35,0.37,0.36,16200
15/06/1994,0.35,0.35,0.35,0.35,0.35,54000
16/06/1994,0.34,0.37,0.34,0.37,0.36,5400
17/06/1994,0.34,0.35,0.34,0.35,0.34,42120
20/06/1994,0.31,0.31,0.31,0.31,0.31,5400
21/06/1994,0.32,0.34,0.32,0.34,0.34,15120
22/06/1994,0.34,0.34,0.34,0.34,0.34,0
23/06/1994,0.34,0.34,0.34,0.34,0.34,0
24/06/1994,0.36,0.36,0.36,0.36,0.35,4320
27/06/1994,0.34,0.34,0.34,0.34,0.34,133920
28/06/1994,0.35,0.35,0.3,0.3,0.3,118800
29/06/1994,0.3,0.3,0.3,0.3,0.3,0
30/06/1994,0.29,0.29,0.29,0.29,0.28,32400
01/07/1994,0.29,0.3,0.29,0.3,0.3,9720
05/07/1994,0.29,0.31,0.29,0.29,0.28,37800
06/07/1994,0.35,0.35,0.35,0.35,0.34,1080
07/07/1994,0.35,0.35,0.31,0.31,0.31,16200
08/07/1994,0.29,0.29,0.29,0.29,0.28,2160
11/07/1994,0.35,0.35,0.35,0.35,0.34,7560
12/07/1994,0.3,0.3,0.3,0.3,0.3,2160
13/07/1994,0.3,0.3,0.3,0.3,0.3,4320
14/07/1994,0.3,0.3,0.3,0.3,0.3,20520
15/07/1994,0.3,0.3,0.3,0.3,0.3,0
18/07/1994,0.3,0.31,0.3,0.31,0.31,30240
19/07/1994,0.3,0.3,0.3,0.3,0.3,21600
20/07/1994,0.3,0.3,0.3,0.3,0.3,0
21/07/1994,0.3,0.3,0.3,0.3,0.3,0
22/07/1994,0.3,0.34,0.3,0.3,0.3,79920
25/07/1994,0.34,0.34,0.31,0.34,0.33,54000
26/07/1994,0.35,0.35,0.31,0.32,0.32,72360
27/07/1994,0.32,0.32,0.32,0.32,0.32,0
28/07/1994,0.32,0.32,0.32,0.32,0.32,0
29/07/1994,0.31,0.35,0.31,0.35,0.34,5400
01/08/1994,0.35,0.35,0.28,0.3,0.3,156600
02/08/1994,0.32,0.32,0.29,0.29,0.28,7560
03/08/1994,0.32,0.35,0.3,0.31,0.31,133920
04/08/1994,0.31,0.31,0.31,0.31,0.31,0
05/08/1994,0.36,0.36,0.32,0.32,0.32,50760
08/08/1994,0.32,0.36,0.32,0.34,0.34,45360
09/08/1994,0.32,0.35,0.32,0.35,0.34,8640
10/08/1994,0.32,0.36,0.32,0.36,0.35,9720
11/08/1994,0.32,0.35,0.31,0.35,0.34,124200
12/08/1994,0.35,0.35,0.31,0.31,0.31,72360
15/08/1994,0.31,0.31,0.31,0.31,0.31,34560
16/08/1994,0.31,0.31,0.31,0.31,0.31,17280
17/08/1994,0.3,0.34,0.3,0.34,0.33,64800
18/08/1994,0.34,0.34,0.3,0.3,0.3,383400
19/08/1994,0.32,0.32,0.31,0.31,0.31,22680
22/08/1994,0.3,0.31,0.29,0.29,0.28,62640
23/08/1994,0.29,0.32,0.29,0.29,0.28,453600
24/08/1994,0.32,0.32,0.31,0.31,0.31,17280
25/08/1994,0.29,0.32,0.29,0.31,0.3,83160
26/08/1994,0.32,0.32,0.3,0.32,0.32,70200
29/08/1994,0.32,0.32,0.3,0.31,0.31,100440
30/08/1994,0.3,0.32,0.3,0.31,0.31,96120
31/08/1994,0.32,0.34,0.32,0.34,0.33,284040
01/09/1994,0.35,0.35,0.32,0.32,0.32,103680
02/09/1994,0.32,0.35,0.32,0.35,0.34,106920
06/09/1994,0.35,0.35,0.33,0.35,0.34,48600
07/09/1994,0.35,0.35,0.32,0.34,0.33,164160
08/09/1994,0.34,0.34,0.34,0.34,0.33,21600
09/09/1994,0.32,0.37,0.32,0.35,0.34,51840
12/09/1994,0.37,0.37,0.37,0.37,0.36,1080
13/09/1994,0.37,0.37,0.37,0.37,0.36,0
14/09/1994,0.37,0.37,0.37,0.37,0.36,0
15/09/1994,0.32,0.37,0.32,0.35,0.34,22680
16/09/1994,0.34,0.37,0.32,0.32,0.32,51840
19/09/1994,0.36,0.36,0.34,0.34,0.34,35640
20/09/1994,0.36,0.36,0.36,0.36,0.35,9720
21/09/1994,0.35,0.35,0.32,0.32,0.32,23760
22/09/1994,0.35,0.35,0.35,0.35,0.34,8640
23/09/1994,0.32,0.32,0.32,0.32,0.32,6480
26/09/1994,0.36,0.36,0.36,0.36,0.35,10800
27/09/1994,0.35,0.35,0.35,0.35,0.34,17280
28/09/1994,0.32,0.37,0.32,0.37,0.36,25920
29/09/1994,0.37,0.37,0.32,0.32,0.32,31320
30/09/1994,0.37,0.37,0.36,0.37,0.36,27000
03/10/1994,0.32,0.37,0.32,0.32,0.32,15120
04/10/1994,0.37,0.37,0.32,0.32,0.32,15120
05/10/1994,0.32,0.32,0.32,0.32,0.32,8640
06/10/1994,0.32,0.32,0.32,0.32,0.32,0
07/10/1994,0.32,0.32,0.32,0.32,0.32,0
10/10/1994,0.37,0.37,0.37,0.37,0.36,10800
11/10/1994,0.32,0.32,0.32,0.32,0.32,6480
12/10/1994,0.37,0.37,0.37,0.37,0.36,3240
13/10/1994,0.37,0.37,0.32,0.32,0.32,18360
14/10/1994,0.37,0.37,0.32,0.32,0.32,15120
17/10/1994,0.32,0.34,0.29,0.29,0.28,417960
18/10/1994,0.29,0.29,0.29,0.29,0.28,9720
19/10/1994,0.32,0.32,0.29,0.29,0.28,9720
20/10/1994,0.28,0.3,0.28,0.28,0.27,86400
21/10/1994,0.3,0.3,0.28,0.28,0.27,23760
24/10/1994,0.28,0.29,0.28,0.28,0.27,36720
25/10/1994,0.28,0.28,0.28,0.28,0.27,1080
26/10/1994,0.28,0.28,0.28,0.28,0.27,0
27/10/1994,0.3,0.3,0.28,0.28,0.27,44280
28/10/1994,0.28,0.28,0.28,0.28,0.27,7560
31/10/1994,0.28,0.29,0.27,0.28,0.27,262440
01/11/1994,0.29,0.29,0.27,0.29,0.28,91800
02/11/1994,0.29,0.29,0.29,0.29,0.28,0
03/11/1994,0.29,0.29,0.29,0.29,0.28,0
04/11/1994,0.28,0.3,0.27,0.3,0.3,37800
07/11/1994,0.27,0.29,0.27,0.29,0.28,38880
08/11/1994,0.3,0.3,0.27,0.27,0.26,15120
09/11/1994,0.27,0.27,0.27,0.27,0.26,34560
10/11/1994,0.27,0.27,0.27,0.27,0.26,0
11/11/1994,0.29,0.29,0.27,0.27,0.26,21600
14/11/1994,0.27,0.27,0.27,0.27,0.26,9720
15/11/1994,0.27,0.27,0.27,0.27,0.26,15120
16/11/1994,0.27,0.28,0.27,0.28,0.27,79920
17/11/1994,0.27,0.28,0.27,0.28,0.27,367200
18/11/1994,0.27,0.27,0.27,0.27,0.26,118800
21/11/1994,0.27,0.27,0.27,0.27,0.26,32400
22/11/1994,0.27,0.28,0.27,0.28,0.27,143640
23/11/1994,0.27,0.27,0.27,0.27,0.26,21600
25/11/1994,0.27,0.27,0.27,0.27,0.26,0
28/11/1994,0.28,0.29,0.27,0.28,0.27,97200
29/11/1994,0.27,0.29,0.27,0.27,0.26,50760
30/11/1994,0.27,0.27,0.27,0.27,0.26,0
01/12/1994,0.27,0.29,0.27,0.29,0.28,224640
02/12/1994,0.27,0.31,0.27,0.29,0.28,92880
05/12/1994,0.3,0.32,0.29,0.31,0.31,56160
06/12/1994,0.31,0.31,0.3,0.3,0.3,68040
07/12/1994,0.31,0.31,0.31,0.31,0.31,10800
08/12/1994,0.3,0.3,0.3,0.3,0.3,21600
09/12/1994,0.3,0.3,0.3,0.3,0.3,21600
12/12/1994,0.3,0.3,0.3,0.3,0.3,54000
13/12/1994,0.3,0.3,0.3,0.3,0.3,21600
14/12/1994,0.3,0.3,0.3,0.3,0.3,35640
15/12/1994,0.3,0.3,0.3,0.3,0.3,0
16/12/1994,0.28,0.3,0.28,0.28,0.27,47520
19/12/1994,0.28,0.29,0.28,0.28,0.27,178200
20/12/1994,0.28,0.29,0.28,0.28,0.27,152280
21/12/1994,0.28,0.3,0.28,0.3,0.3,66960
22/12/1994,0.29,0.29,0.28,0.28,0.27,367200
23/12/1994,0.29,0.29,0.28,0.28,0.27,291600
27/12/1994,0.28,0.28,0.28,0.28,0.27,2160
28/12/1994,0.28,0.28,0.27,0.27,0.26,133920
29/12/1994,0.29,0.29,0.25,0.25,0.25,466560
30/12/1994,0.25,0.27,0.24,0.27,0.26,279720
03/01/1995,0.25,0.25,0.24,0.24,0.24,41040
04/01/1995,0.24,0.25,0.24,0.25,0.25,84240
05/01/1995,0.25,0.25,0.25,0.25,0.25,0
06/01/1995,0.25,0.25,0.25,0.25,0.25,0
09/01/1995,0.25,0.25,0.24,0.24,0.24,32400
10/01/1995,0.25,0.25,0.25,0.25,0.25,32400
11/01/1995,0.24,0.24,0.24,0.24,0.24,32400
12/01/1995,0.24,0.25,0.23,0.23,0.23,90720
13/01/1995,0.23,0.23,0.23,0.23,0.23,31320
16/01/1995,0.24,0.24,0.24,0.24,0.24,10800
17/01/1995,0.25,0.25,0.25,0.25,0.25,23760
18/01/1995,0.24,0.24,0.24,0.24,0.24,10800
19/01/1995,0.24,0.25,0.24,0.25,0.25,76680
20/01/1995,0.24,0.24,0.24,0.24,0.24,75600
23/01/1995,0.24,0.24,0.24,0.24,0.24,2160
24/01/1995,0.25,0.27,0.23,0.24,0.24,271080
25/01/1995,0.23,0.23,0.23,0.23,0.23,2160
26/01/1995,0.23,0.23,0.23,0.23,0.23,0
27/01/1995,0.23,0.23,0.23,0.23,0.23,0
30/01/1995,0.23,0.27,0.23,0.25,0.25,127440
31/01/1995,0.24,0.24,0.24,0.24,0.24,5400
01/02/1995,0.24,0.24,0.24,0.24,0.24,5400
02/02/1995,0.24,0.24,0.24,0.24,0.24,125280
03/02/1995,0.24,0.24,0.24,0.24,0.24,0
06/02/1995,0.24,0.24,0.24,0.24,0.24,0
07/02/1995,0.25,0.26,0.23,0.23,0.23,72360
08/02/1995,0.23,0.24,0.23,0.23,0.23,484920
09/02/1995,0.25,0.25,0.23,0.24,0.24,301320
10/02/1995,0.22,0.24,0.22,0.23,0.23,99360
13/02/1995,0.23,0.23,0.23,0.23,0.23,0
14/02/1995,0.22,0.22,0.22,0.22,0.22,1080
15/02/1995,0.22,0.23,0.22,0.23,0.22,151200
16/02/1995,0.23,0.23,0.23,0.23,0.22,0
17/02/1995,0.24,0.25,0.24,0.25,0.25,8640
21/02/1995,0.22,0.22,0.22,0.22,0.22,98280
22/02/1995,0.22,0.24,0.22,0.22,0.22,37800
23/02/1995,0.22,0.23,0.22,0.22,0.22,28080
24/02/1995,0.23,0.23,0.22,0.23,0.22,119880
27/02/1995,0.22,0.22,0.22,0.22,0.22,15120
28/02/1995,0.22,0.23,0.22,0.23,0.23,273240
01/03/1995,0.22,0.24,0.22,0.24,0.24,6480
02/03/1995,0.24,0.24,0.21,0.21,0.21,152280
03/03/1995,0.21,0.21,0.21,0.21,0.21,0
06/03/1995,0.24,0.24,0.24,0.24,0.24,1080
07/03/1995,0.22,0.22,0.22,0.22,0.22,10800
08/03/1995,0.22,0.23,0.22,0.23,0.23,65880
09/03/1995,0.23,0.23,0.23,0.23,0.23,0
10/03/1995,0.22,0.23,0.22,0.23,0.23,64800
13/03/1995,0.23,0.23,0.23,0.23,0.23,0
14/03/1995,0.23,0.23,0.23,0.23,0.23,0
15/03/1995,0.23,0.23,0.23,0.23,0.23,0
16/03/1995,0.23,0.23,0.23,0.23,0.23,0
17/03/1995,0.22,0.22,0.22,0.22,0.22,21600
20/03/1995,0.22,0.24,0.22,0.22,0.22,381240
21/03/1995,0.22,0.22,0.22,0.22,0.22,0
22/03/1995,0.21,0.22,0.21,0.22,0.22,5400
23/03/1995,0.22,0.22,0.22,0.22,0.22,0
24/03/1995,0.22,0.22,0.22,0.22,0.22,0
27/03/1995,0.21,0.22,0.21,0.22,0.22,54000
28/03/1995,0.21,0.23,0.21,0.23,0.23,6480
29/03/1995,0.21,0.21,0.21,0.21,0.21,7560
30/03/1995,0.22,0.22,0.22,0.22,0.22,10800
31/03/1995,0.21,0.21,0.21,0.21,0.21,15120
03/04/1995,0.21,0.21,0.21,0.21,0.21,1080
04/04/1995,0.21,0.22,0.21,0.22,0.22,39960
05/04/1995,0.21,0.21,0.21,0.21,0.21,1080
06/04/1995,0.21,0.24,0.21,0.24,0.24,57240
07/04/1995,0.24,0.24,0.24,0.24,0.24,0
10/04/1995,0.24,0.24,0.24,0.24,0.24,0
11/04/1995,0.22,0.22,0.22,0.22,0.22,5400
12/04/1995,0.22,0.22,0.22,0.22,0.22,0
13/04/1995,0.23,0.24,0.23,0.24,0.24,46440
17/04/1995,0.23,0.23,0.23,0.23,0.23,34560
18/04/1995,0.23,0.25,0.23,0.25,0.25,124200
19/04/1995,0.24,0.24,0.24,0.24,0.24,3240
20/04/1995,0.24,0.24,0.24,0.24,0.24,3240
21/04/1995,0.28,0.28,0.27,0.27,0.26,7560
24/04/1995,0.27,0.27,0.27,0.27,0.26,0
25/04/1995,0.24,0.28,0.24,0.28,0.27,44280
26/04/1995,0.25,0.29,0.25,0.29,0.28,42120
27/04/1995,0.25,0.25,0.25,0.25,0.25,16200
28/04/1995,0.25,0.25,0.25,0.25,0.25,0
01/05/1995,0.25,0.25,0.25,0.25,0.25,0
02/05/1995,0.25,0.28,0.25,0.28,0.27,8640
03/05/1995,0.25,0.29,0.25,0.29,0.28,7560
04/05/1995,0.25,0.25,0.25,0.25,0.25,31320
05/05/1995,0.25,0.27,0.25,0.27,0.26,167400
08/05/1995,0.24,0.24,0.24,0.24,0.24,1080
09/05/1995,0.24,0.24,0.24,0.24,0.24,3240
10/05/1995,0.24,0.24,0.24,0.24,0.24,0
11/05/1995,0.24,0.24,0.24,0.24,0.24,5400
12/05/1995,0.24,0.24,0.24,0.24,0.24,12960
15/05/1995,0.24,0.24,0.24,0.24,0.24,108000
16/05/1995,0.25,0.25,0.23,0.23,0.23,198720
17/05/1995,0.23,0.24,0.23,0.23,0.23,366120
18/05/1995,0.22,0.22,0.22,0.22,0.22,23760
19/05/1995,0.23,0.23,0.22,0.22,0.22,116640
22/05/1995,0.22,0.22,0.22,0.22,0.22,0
23/05/1995,0.22,0.22,0.22,0.22,0.22,0
24/05/1995,0.24,0.24,0.22,0.23,0.23,97200
25/05/1995,0.24,0.24,0.24,0.24,0.24,10800
26/05/1995,0.23,0.23,0.23,0.23,0.23,1080
30/05/1995,0.23,0.24,0.23,0.24,0.23,154440
31/05/1995,0.24,0.24,0.24,0.24,0.23,0
01/06/1995,0.22,0.23,0.22,0.22,0.22,241920
02/06/1995,0.22,0.22,0.22,0.22,0.22,0
05/06/1995,0.22,0.22,0.22,0.22,0.22,3240
06/06/1995,0.22,0.22,0.22,0.22,0.22,32400
07/06/1995,0.21,0.22,0.21,0.22,0.22,86400
08/06/1995,0.21,0.21,0.21,0.21,0.21,11880
09/06/1995,0.21,0.21,0.21,0.21,0.21,25920
12/06/1995,0.21,0.22,0.21,0.21,0.21,100440
13/06/1995,0.22,0.22,0.21,0.21,0.21,275400
14/06/1995,0.22,0.22,0.21,0.21,0.21,132840
15/06/1995,0.22,0.22,0.22,0.22,0.22,54000
16/06/1995,0.23,0.23,0.23,0.23,0.23,10800
19/06/1995,0.23,0.23,0.23,0.23,0.23,0
20/06/1995,0.23,0.23,0.23,0.23,0.23,0
21/06/1995,0.23,0.23,0.23,0.23,0.23,0
22/06/1995,0.21,0.21,0.21,0.21,0.21,2160
23/06/1995,0.21,0.21,0.21,0.21,0.21,8640
26/06/1995,0.21,0.21,0.21,0.21,0.21,10800
27/06/1995,0.21,0.21,0.2,0.2,0.19,23760
28/06/1995,0.22,0.22,0.2,0.2,0.19,225720
29/06/1995,0.2,0.2,0.2,0.2,0.19,0
30/06/1995,0.21,0.21,0.2,0.2,0.19,22680
03/07/1995,0.22,0.22,0.21,0.21,0.21,21600
05/07/1995,0.21,0.23,0.21,0.23,0.23,248400
06/07/1995,0.22,0.23,0.22,0.23,0.23,252720
07/07/1995,0.22,0.23,0.22,0.22,0.22,153360
10/07/1995,0.23,0.23,0.22,0.23,0.22,109080
11/07/1995,0.23,0.23,0.23,0.23,0.23,16200
12/07/1995,0.22,0.24,0.22,0.23,0.23,183600
13/07/1995,0.24,0.24,0.22,0.22,0.22,34560
14/07/1995,0.22,0.22,0.22,0.22,0.22,56160
17/07/1995,0.22,0.22,0.22,0.22,0.22,97200
18/07/1995,0.22,0.22,0.21,0.22,0.22,113400
19/07/1995,0.22,0.22,0.22,0.22,0.22,0
20/07/1995,0.21,0.23,0.21,0.23,0.23,42120
21/07/1995,0.21,0.23,0.21,0.21,0.21,219240
24/07/1995,0.21,0.21,0.21,0.21,0.21,0
25/07/1995,0.21,0.21,0.2,0.2,0.19,39960
26/07/1995,0.2,0.2,0.2,0.2,0.19,0
27/07/1995,0.2,0.2,0.2,0.2,0.19,0
28/07/1995,0.2,0.2,0.2,0.2,0.19,0
31/07/1995,0.19,0.21,0.19,0.21,0.21,6480
01/08/1995,0.21,0.21,0.21,0.21,0.21,0
02/08/1995,0.22,0.22,0.21,0.21,0.21,27000
03/08/1995,0.19,0.25,0.19,0.25,0.25,329400
04/08/1995,0.25,0.25,0.25,0.25,0.25,12960
07/08/1995,0.22,0.25,0.22,0.24,0.24,231120
08/08/1995,0.23,0.28,0.23,0.23,0.23,128520
09/08/1995,0.23,0.23,0.23,0.23,0.23,0
10/08/1995,0.23,0.23,0.23,0.23,0.23,0
11/08/1995,0.24,0.24,0.24,0.24,0.24,17280
14/08/1995,0.25,0.25,0.25,0.25,0.25,8640
15/08/1995,0.24,0.25,0.24,0.24,0.24,22680
16/08/1995,0.24,0.27,0.24,0.25,0.25,30240
17/08/1995,0.24,0.25,0.24,0.25,0.25,108000
18/08/1995,0.25,0.25,0.25,0.25,0.25,0
21/08/1995,0.23,0.23,0.23,0.23,0.23,78840
22/08/1995,0.23,0.23,0.23,0.23,0.23,5400
23/08/1995,0.23,0.28,0.23,0.25,0.25,225720
24/08/1995,0.29,0.29,0.26,0.26,0.26,47520
25/08/1995,0.25,0.25,0.25,0.25,0.25,10800
28/08/1995,0.25,0.29,0.25,0.29,0.28,83160
29/08/1995,0.25,0.25,0.25,0.25,0.25,4320
30/08/1995,0.25,0.25,0.25,0.25,0.25,0
31/08/1995,0.28,0.28,0.25,0.26,0.26,78840
01/09/1995,0.26,0.26,0.26,0.26,0.26,0
05/09/1995,0.28,0.28,0.25,0.25,0.25,84240
06/09/1995,0.25,0.27,0.25,0.25,0.25,207360
07/09/1995,0.25,0.25,0.25,0.25,0.25,0
08/09/1995,0.27,0.27,0.27,0.27,0.26,10800
11/09/1995,0.27,0.27,0.27,0.27,0.26,0
12/09/1995,0.24,0.24,0.24,0.24,0.24,70200
13/09/1995,0.24,0.24,0.24,0.24,0.24,3240
14/09/1995,0.24,0.24,0.24,0.24,0.24,0
15/09/1995,0.24,0.24,0.24,0.24,0.24,16200
18/09/1995,0.24,0.27,0.24,0.24,0.24,176040
19/09/1995,0.24,0.27,0.24,0.24,0.24,103680
20/09/1995,0.24,0.24,0.24,0.24,0.24,1080
21/09/1995,0.24,0.25,0.24,0.25,0.25,324000
22/09/1995,0.25,0.25,0.25,0.25,0.25,0
25/09/1995,0.25,0.25,0.25,0.25,0.25,0
26/09/1995,0.23,0.23,0.23,0.23,0.23,97200
27/09/1995,0.24,0.25,0.23,0.25,0.25,113400
28/09/1995,0.23,0.23,0.23,0.23,0.23,106920
29/09/1995,0.23,0.23,0.23,0.23,0.23,0
02/10/1995,0.23,0.27,0.23,0.23,0.23,88560
03/10/1995,0.23,0.25,0.23,0.25,0.25,25920
04/10/1995,0.22,0.22,0.22,0.22,0.22,59400
05/10/1995,0.22,0.22,0.22,0.22,0.22,30240
06/10/1995,0.22,0.23,0.22,0.22,0.22,223560
09/10/1995,0.22,0.22,0.22,0.22,0.22,32400
10/10/1995,0.22,0.22,0.22,0.22,0.22,45360
11/10/1995,0.23,0.23,0.22,0.22,0.22,46440
12/10/1995,0.22,0.22,0.22,0.22,0.22,5400
13/10/1995,0.22,0.22,0.22,0.22,0.22,0
16/10/1995,0.22,0.22,0.22,0.22,0.22,0
17/10/1995,0.22,0.22,0.22,0.22,0.22,46440
18/10/1995,0.24,0.25,0.22,0.22,0.22,299160
19/10/1995,0.21,0.24,0.21,0.24,0.23,318600
20/10/1995,0.24,0.24,0.22,0.22,0.22,57240
23/10/1995,0.23,0.23,0.23,0.23,0.23,21600
24/10/1995,0.23,0.23,0.23,0.23,0.23,87480
25/10/1995,0.23,0.23,0.23,0.23,0.23,1080
26/10/1995,0.24,0.24,0.24,0.24,0.24,97200
27/10/1995,0.22,0.24,0.22,0.24,0.24,31320
30/10/1995,0.22,0.22,0.22,0.22,0.22,4320
31/10/1995,0.24,0.24,0.24,0.24,0.24,1080
01/11/1995,0.24,0.24,0.23,0.24,0.24,304560
02/11/1995,0.23,0.24,0.23,0.23,0.23,29160
03/11/1995,0.23,0.24,0.23,0.24,0.24,43200
06/11/1995,0.24,0.27,0.24,0.25,0.25,332640
07/11/1995,0.25,0.25,0.25,0.25,0.25,0
08/11/1995,0.25,0.27,0.25,0.27,0.26,43200
09/11/1995,0.27,0.27,0.27,0.27,0.26,0
10/11/1995,0.28,0.28,0.28,0.28,0.27,33480
13/11/1995,0.28,0.28,0.25,0.28,0.27,29160
14/11/1995,0.28,0.28,0.28,0.28,0.27,0
15/11/1995,0.28,0.28,0.28,0.28,0.27,0
16/11/1995,0.25,0.25,0.25,0.25,0.25,1080
17/11/1995,0.27,0.31,0.27,0.3,0.3,430920
20/11/1995,0.32,0.32,0.3,0.32,0.32,23760
21/11/1995,0.3,0.3,0.29,0.29,0.28,6480
22/11/1995,0.32,0.32,0.3,0.3,0.3,93960
24/11/1995,0.3,0.31,0.3,0.3,0.3,56160
27/11/1995,0.3,0.31,0.29,0.3,0.3,85320
28/11/1995,0.3,0.3,0.29,0.29,0.28,348840
29/11/1995,0.3,0.31,0.28,0.3,0.3,156600
30/11/1995,0.32,0.37,0.31,0.37,0.36,187920
01/12/1995,0.37,0.37,0.32,0.36,0.35,223560
04/12/1995,0.36,0.36,0.32,0.35,0.34,91800
05/12/1995,0.32,0.35,0.32,0.35,0.34,338040
06/12/1995,0.35,0.37,0.34,0.34,0.33,77760
07/12/1995,0.37,0.37,0.34,0.35,0.34,45360
08/12/1995,0.34,0.37,0.34,0.37,0.36,41040
11/12/1995,0.34,0.37,0.34,0.37,0.36,21600
12/12/1995,0.37,0.37,0.37,0.37,0.36,4320
13/12/1995,0.34,0.34,0.34,0.34,0.33,7560
14/12/1995,0.35,0.35,0.34,0.35,0.34,29160
15/12/1995,0.34,0.34,0.34,0.34,0.33,1080
18/12/1995,0.34,0.34,0.34,0.34,0.33,3240
19/12/1995,0.31,0.36,0.31,0.31,0.31,20520
20/12/1995,0.31,0.31,0.31,0.31,0.31,22680
21/12/1995,0.31,0.31,0.31,0.31,0.31,0
22/12/1995,0.31,0.34,0.31,0.34,0.33,10800
26/12/1995,0.32,0.34,0.32,0.34,0.33,11880
27/12/1995,0.32,0.32,0.32,0.32,0.32,37800
28/12/1995,0.35,0.35,0.32,0.32,0.32,81000
29/12/1995,0.32,0.34,0.32,0.32,0.32,54000
02/01/1996,0.32,0.34,0.32,0.34,0.33,66960
03/01/1996,0.34,0.34,0.32,0.32,0.32,42120
04/01/1996,0.32,0.32,0.32,0.32,0.32,7560
05/01/1996,0.31,0.33,0.31,0.33,0.32,37800
08/01/1996,0.32,0.32,0.32,0.32,0.32,4320
09/01/1996,0.32,0.32,0.32,0.32,0.32,0
10/01/1996,0.32,0.32,0.32,0.32,0.32,59400
11/01/1996,0.32,0.35,0.32,0.35,0.34,86400
12/01/1996,0.35,0.35,0.35,0.35,0.34,0
15/01/1996,0.35,0.36,0.35,0.35,0.34,36720
16/01/1996,0.35,0.36,0.35,0.35,0.34,213840
17/01/1996,0.35,0.35,0.35,0.35,0.34,34560
18/01/1996,0.35,0.35,0.35,0.35,0.34,60480
19/01/1996,0.38,0.38,0.36,0.37,0.36,32400
22/01/1996,0.37,0.37,0.37,0.37,0.36,10800
23/01/1996,0.35,0.35,0.35,0.35,0.34,17280
24/01/1996,0.35,0.35,0.35,0.35,0.34,1080
25/01/1996,0.35,0.35,0.35,0.35,0.34,16200
26/01/1996,0.35,0.35,0.35,0.35,0.34,3240
29/01/1996,0.35,0.35,0.35,0.35,0.34,62640
30/01/1996,0.35,0.35,0.35,0.35,0.34,0
31/01/1996,0.35,0.35,0.35,0.35,0.34,21600
01/02/1996,0.35,0.35,0.35,0.35,0.34,35640
02/02/1996,0.35,0.35,0.35,0.35,0.34,0
05/02/1996,0.34,0.36,0.34,0.36,0.35,15120
06/02/1996,0.34,0.34,0.34,0.34,0.33,28080
07/02/1996,0.34,0.34,0.34,0.34,0.33,0
08/02/1996,0.34,0.34,0.34,0.34,0.33,3240
09/02/1996,0.34,0.36,0.34,0.36,0.35,27000
12/02/1996,0.34,0.36,0.34,0.35,0.34,146880
13/02/1996,0.35,0.35,0.35,0.35,0.34,36720
14/02/1996,0.35,0.35,0.35,0.35,0.34,0
15/02/1996,0.37,0.37,0.35,0.36,0.35,36720
16/02/1996,0.36,0.36,0.36,0.36,0.35,0
20/02/1996,0.36,0.36,0.35,0.35,0.34,41040
21/02/1996,0.32,0.35,0.32,0.35,0.34,100440
22/02/1996,0.35,0.35,0.35,0.35,0.34,0
23/02/1996,0.34,0.35,0.34,0.35,0.34,77760
26/02/1996,0.34,0.35,0.32,0.32,0.32,165240
27/02/1996,0.35,0.35,0.34,0.35,0.34,108000
28/02/1996,0.32,0.34,0.32,0.34,0.33,18360
29/02/1996,0.34,0.35,0.32,0.35,0.34,137160
01/03/1996,0.32,0.32,0.32,0.32,0.32,27000
04/03/1996,0.34,0.34,0.34,0.34,0.33,24840
05/03/1996,0.34,0.34,0.34,0.34,0.33,0
06/03/1996,0.34,0.34,0.34,0.34,0.33,0
07/03/1996,0.3,0.3,0.3,0.3,0.3,2160
08/03/1996,0.31,0.31,0.28,0.29,0.28,75600
11/03/1996,0.29,0.29,0.29,0.29,0.28,21600
12/03/1996,0.29,0.31,0.29,0.31,0.31,43200
13/03/1996,0.31,0.31,0.31,0.31,0.31,0
14/03/1996,0.3,0.3,0.3,0.3,0.3,25920
15/03/1996,0.3,0.3,0.3,0.3,0.3,6480
18/03/1996,0.3,0.3,0.3,0.3,0.3,0
19/03/1996,0.3,0.31,0.3,0.3,0.3,28080
20/03/1996,0.3,0.3,0.3,0.3,0.3,15120
21/03/1996,0.3,0.3,0.3,0.3,0.3,47520
22/03/1996,0.3,0.31,0.3,0.3,0.3,84240
25/03/1996,0.32,0.32,0.32,0.32,0.32,32400
26/03/1996,0.32,0.32,0.32,0.32,0.32,43200
27/03/1996,0.31,0.31,0.31,0.31,0.31,48600
28/03/1996,0.31,0.33,0.31,0.33,0.32,63720
29/03/1996,0.31,0.32,0.31,0.32,0.32,8640
01/04/1996,0.31,0.32,0.31,0.32,0.31,108000
02/04/1996,0.31,0.31,0.31,0.31,0.31,12960
03/04/1996,0.34,0.35,0.32,0.35,0.34,145800
04/04/1996,0.35,0.35,0.34,0.34,0.33,104760
08/04/1996,0.34,0.34,0.34,0.34,0.33,0
09/04/1996,0.34,0.34,0.32,0.32,0.32,19440
10/04/1996,0.32,0.32,0.32,0.32,0.32,0
11/04/1996,0.32,0.35,0.32,0.35,0.34,108000
12/04/1996,0.35,0.35,0.35,0.35,0.34,0
15/04/1996,0.32,0.32,0.32,0.32,0.32,3240
16/04/1996,0.35,0.35,0.33,0.33,0.32,102600
17/04/1996,0.32,0.32,0.32,0.32,0.32,62640
18/04/1996,0.35,0.35,0.32,0.32,0.32,64800
19/04/1996,0.32,0.32,0.32,0.32,0.32,0
22/04/1996,0.32,0.35,0.32,0.34,0.33,139320
23/04/1996,0.34,0.34,0.34,0.34,0.33,45360
24/04/1996,0.35,0.35,0.35,0.35,0.34,5400
25/04/1996,0.35,0.35,0.35,0.35,0.34,118800
26/04/1996,0.35,0.36,0.35,0.36,0.35,41040
29/04/1996,0.35,0.37,0.35,0.37,0.36,103680
30/04/1996,0.36,0.37,0.36,0.37,0.36,16200
01/05/1996,0.37,0.41,0.36,0.38,0.37,217080
02/05/1996,0.41,0.41,0.41,0.41,0.4,10800
03/05/1996,0.37,0.37,0.37,0.37,0.36,5400
06/05/1996,0.38,0.38,0.38,0.38,0.38,16200
07/05/1996,0.38,0.38,0.38,0.38,0.38,0
08/05/1996,0.37,0.38,0.37,0.37,0.36,117720
09/05/1996,0.37,0.37,0.37,0.37,0.36,0
10/05/1996,0.37,0.39,0.37,0.37,0.36,41040
13/05/1996,0.37,0.42,0.37,0.39,0.39,10800
14/05/1996,0.39,0.39,0.39,0.39,0.39,21600
15/05/1996,0.37,0.39,0.37,0.39,0.39,118800
16/05/1996,0.37,0.38,0.37,0.38,0.37,182520
17/05/1996,0.38,0.38,0.37,0.37,0.36,43200
20/05/1996,0.37,0.39,0.37,0.37,0.36,358560
21/05/1996,0.38,0.38,0.37,0.37,0.36,97200
22/05/1996,0.37,0.37,0.37,0.37,0.36,32400
23/05/1996,0.37,0.38,0.37,0.37,0.37,185760
24/05/1996,0.37,0.37,0.37,0.37,0.37,0
28/05/1996,0.36,0.36,0.36,0.36,0.35,10800
29/05/1996,0.36,0.36,0.36,0.36,0.35,0
30/05/1996,0.36,0.36,0.36,0.36,0.35,0
31/05/1996,0.38,0.38,0.38,0.38,0.38,5400
03/06/1996,0.37,0.37,0.36,0.36,0.35,77760
04/06/1996,0.36,0.37,0.36,0.36,0.36,75600
05/06/1996,0.36,0.36,0.36,0.36,0.36,0
06/06/1996,0.36,0.36,0.36,0.36,0.36,0
07/06/1996,0.34,0.34,0.34,0.34,0.33,10800
10/06/1996,0.38,0.38,0.38,0.38,0.38,2160
11/06/1996,0.38,0.38,0.38,0.38,0.38,0
12/06/1996,0.37,0.37,0.35,0.35,0.34,86400
13/06/1996,0.34,0.35,0.34,0.35,0.35,34560
14/06/1996,0.35,0.35,0.35,0.35,0.34,30240
17/06/1996,0.35,0.35,0.35,0.35,0.34,0
18/06/1996,0.35,0.35,0.35,0.35,0.34,0
19/06/1996,0.35,0.35,0.35,0.35,0.34,0
20/06/1996,0.35,0.35,0.35,0.35,0.34,0
21/06/1996,0.34,0.35,0.34,0.35,0.34,59400
24/06/1996,0.35,0.35,0.34,0.35,0.34,49680
25/06/1996,0.34,0.35,0.34,0.35,0.34,25920
26/06/1996,0.34,0.34,0.32,0.32,0.32,61560
27/06/1996,0.32,0.34,0.32,0.34,0.33,138240
28/06/1996,0.34,0.34,0.34,0.34,0.33,0
01/07/1996,0.32,0.32,0.32,0.32,0.32,5400
02/07/1996,0.34,0.35,0.34,0.35,0.34,123120
03/07/1996,0.35,0.35,0.35,0.35,0.34,0
05/07/1996,0.34,0.34,0.34,0.34,0.34,21600
08/07/1996,0.34,0.35,0.32,0.35,0.34,173880
09/07/1996,0.35,0.35,0.35,0.35,0.34,0
10/07/1996,0.34,0.34,0.34,0.34,0.33,10800
11/07/1996,0.34,0.35,0.34,0.35,0.34,225720
12/07/1996,0.35,0.35,0.35,0.35,0.34,108000
15/07/1996,0.34,0.34,0.34,0.34,0.33,59400
16/07/1996,0.32,0.35,0.32,0.34,0.33,187920
17/07/1996,0.35,0.35,0.32,0.32,0.32,313200
18/07/1996,0.32,0.32,0.32,0.32,0.32,20520
19/07/1996,0.32,0.32,0.32,0.32,0.32,11880
22/07/1996,0.32,0.32,0.32,0.32,0.32,0
23/07/1996,0.32,0.35,0.32,0.35,0.34,69120
24/07/1996,0.33,0.33,0.32,0.32,0.32,11880
25/07/1996,0.34,0.34,0.34,0.34,0.33,4320
26/07/1996,0.34,0.34,0.34,0.34,0.33,0
29/07/1996,0.34,0.34,0.34,0.34,0.33,0
30/07/1996,0.34,0.34,0.34,0.34,0.33,0
31/07/1996,0.35,0.36,0.35,0.36,0.35,64800
01/08/1996,0.36,0.36,0.34,0.36,0.35,117720
02/08/1996,0.35,0.35,0.35,0.35,0.34,21600
05/08/1996,0.35,0.35,0.35,0.35,0.34,20520
06/08/1996,0.34,0.34,0.34,0.34,0.33,3240
07/08/1996,0.36,0.36,0.34,0.34,0.33,11880
08/08/1996,0.34,0.34,0.34,0.34,0.33,5400
09/08/1996,0.36,0.36,0.34,0.34,0.33,3240
12/08/1996,0.34,0.34,0.34,0.34,0.33,0
13/08/1996,0.34,0.36,0.34,0.36,0.35,12960
14/08/1996,0.34,0.34,0.34,0.34,0.33,12960
15/08/1996,0.33,0.35,0.33,0.35,0.34,144720
16/08/1996,0.34,0.34,0.34,0.34,0.33,7560
19/08/1996,0.34,0.34,0.34,0.34,0.33,0
20/08/1996,0.34,0.34,0.34,0.34,0.33,0
21/08/1996,0.34,0.34,0.34,0.34,0.33,10800
22/08/1996,0.34,0.34,0.34,0.34,0.33,1080
23/08/1996,0.34,0.34,0.34,0.34,0.33,0
26/08/1996,0.34,0.34,0.34,0.34,0.33,3240
27/08/1996,0.34,0.34,0.34,0.34,0.33,0
28/08/1996,0.34,0.36,0.34,0.36,0.35,36720
29/08/1996,0.35,0.35,0.35,0.35,0.34,43200
30/08/1996,0.35,0.35,0.35,0.35,0.34,0
03/09/1996,0.35,0.35,0.35,0.35,0.34,1080
04/09/1996,0.35,0.36,0.35,0.36,0.35,79920
05/09/1996,0.36,0.36,0.36,0.36,0.35,10800
06/09/1996,0.36,0.39,0.36,0.39,0.39,55080
09/09/1996,0.36,0.41,0.36,0.41,0.4,224640
10/09/1996,0.41,0.41,0.41,0.41,0.4,0
11/09/1996,0.41,0.41,0.41,0.41,0.4,0
12/09/1996,0.41,0.41,0.37,0.37,0.36,2160
13/09/1996,0.37,0.37,0.37,0.37,0.36,0
16/09/1996,0.36,0.36,0.36,0.36,0.36,43200
17/09/1996,0.36,0.37,0.36,0.37,0.36,12960
18/09/1996,0.36,0.37,0.36,0.37,0.36,6480
19/09/1996,0.36,0.37,0.36,0.37,0.36,21600
20/09/1996,0.36,0.37,0.36,0.37,0.36,15120
23/09/1996,0.37,0.37,0.37,0.37,0.36,0
24/09/1996,0.37,0.37,0.37,0.37,0.36,0
25/09/1996,0.37,0.37,0.37,0.37,0.36,0
26/09/1996,0.37,0.37,0.37,0.37,0.36,0
27/09/1996,0.36,0.37,0.36,0.36,0.35,129600
30/09/1996,0.36,0.36,0.36,0.36,0.35,7560
01/10/1996,0.36,0.36,0.36,0.36,0.35,0
02/10/1996,0.36,0.36,0.36,0.36,0.35,23760
03/10/1996,0.39,0.39,0.36,0.36,0.35,3240
04/10/1996,0.36,0.36,0.36,0.36,0.35,0
07/10/1996,0.36,0.37,0.36,0.36,0.36,200880
08/10/1996,0.36,0.36,0.36,0.36,0.35,21600
09/10/1996,0.36,0.37,0.36,0.36,0.36,90720
10/10/1996,0.36,0.36,0.36,0.36,0.35,16200
11/10/1996,0.37,0.37,0.37,0.37,0.36,302400
14/10/1996,0.37,0.37,0.37,0.37,0.36,0
15/10/1996,0.36,0.36,0.36,0.36,0.35,42120
16/10/1996,0.36,0.36,0.36,0.36,0.35,21600
17/10/1996,0.38,0.38,0.36,0.38,0.38,115560
18/10/1996,0.36,0.37,0.36,0.36,0.35,257040
21/10/1996,0.36,0.36,0.36,0.36,0.35,7560
22/10/1996,0.36,0.37,0.34,0.34,0.33,122040
23/10/1996,0.34,0.34,0.34,0.34,0.33,0
24/10/1996,0.34,0.34,0.34,0.34,0.33,17280
25/10/1996,0.36,0.36,0.34,0.34,0.33,22680
28/10/1996,0.37,0.37,0.37,0.37,0.36,1080
29/10/1996,0.34,0.34,0.34,0.34,0.33,4320
30/10/1996,0.34,0.34,0.34,0.34,0.33,0
31/10/1996,0.34,0.34,0.34,0.34,0.33,1080
01/11/1996,0.36,0.36,0.36,0.36,0.35,4320
04/11/1996,0.36,0.36,0.36,0.36,0.35,0
05/11/1996,0.34,0.34,0.32,0.32,0.32,97200
06/11/1996,0.32,0.35,0.32,0.34,0.33,97200
07/11/1996,0.34,0.34,0.34,0.34,0.33,0
08/11/1996,0.34,0.34,0.34,0.34,0.33,0
11/11/1996,0.31,0.31,0.31,0.31,0.31,2160
12/11/1996,0.31,0.31,0.31,0.31,0.31,10800
13/11/1996,0.31,0.31,0.31,0.31,0.31,0
14/11/1996,0.31,0.31,0.31,0.31,0.31,0
15/11/1996,0.31,0.34,0.31,0.34,0.33,35640
18/11/1996,0.34,0.35,0.33,0.35,0.34,129600
19/11/1996,0.32,0.32,0.32,0.32,0.32,10800
20/11/1996,0.32,0.32,0.32,0.32,0.32,3240
21/11/1996,0.32,0.32,0.32,0.32,0.32,0
22/11/1996,0.33,0.33,0.33,0.33,0.32,54000
25/11/1996,0.35,0.35,0.32,0.32,0.32,50760
26/11/1996,0.32,0.32,0.32,0.32,0.32,22680
27/11/1996,0.32,0.33,0.32,0.33,0.32,108000
29/11/1996,0.33,0.33,0.33,0.33,0.32,0
02/12/1996,0.33,0.33,0.32,0.32,0.32,28080
03/12/1996,0.32,0.32,0.32,0.32,0.32,34560
04/12/1996,0.32,0.32,0.32,0.32,0.32,0
05/12/1996,0.32,0.32,0.32,0.32,0.32,0
06/12/1996,0.32,0.32,0.32,0.32,0.32,1080
09/12/1996,0.32,0.34,0.32,0.32,0.32,39960
10/12/1996,0.34,0.35,0.34,0.34,0.33,59400
11/12/1996,0.34,0.35,0.34,0.35,0.34,129600
12/12/1996,0.32,0.34,0.32,0.33,0.33,143640
13/12/1996,0.35,0.35,0.35,0.35,0.34,5400
16/12/1996,0.32,0.34,0.32,0.34,0.33,70200
17/12/1996,0.34,0.34,0.31,0.34,0.34,243000
18/12/1996,0.35,0.35,0.34,0.35,0.34,104760
19/12/1996,0.34,0.34,0.34,0.34,0.33,14040
20/12/1996,0.34,0.34,0.34,0.34,0.33,15120
23/12/1996,0.34,0.35,0.34,0.35,0.34,63720
24/12/1996,0.35,0.35,0.35,0.35,0.34,20520
26/12/1996,0.35,0.36,0.35,0.36,0.35,160920
27/12/1996,0.35,0.35,0.35,0.35,0.34,23760
30/12/1996,0.35,0.36,0.35,0.35,0.34,144720
31/12/1996,0.36,0.36,0.35,0.35,0.34,11880
02/01/1997,0.35,0.35,0.35,0.35,0.34,61560
03/01/1997,0.35,0.36,0.35,0.35,0.34,35640
06/01/1997,0.35,0.36,0.35,0.36,0.35,54000
07/01/1997,0.35,0.35,0.35,0.35,0.34,20520
08/01/1997,0.35,0.36,0.35,0.36,0.35,43200
09/01/1997,0.35,0.35,0.35,0.35,0.34,1080
10/01/1997,0.36,0.36,0.36,0.36,0.35,10800
13/01/1997,0.35,0.35,0.35,0.35,0.34,4320
14/01/1997,0.36,0.36,0.36,0.36,0.35,113400
15/01/1997,0.36,0.37,0.36,0.37,0.36,11880
16/01/1997,0.37,0.37,0.37,0.37,0.36,3240
17/01/1997,0.37,0.37,0.37,0.37,0.36,216000
20/01/1997,0.36,0.38,0.36,0.37,0.36,147960
21/01/1997,0.37,0.37,0.37,0.37,0.36,0
22/01/1997,0.38,0.39,0.38,0.39,0.39,140400
23/01/1997,0.39,0.39,0.39,0.39,0.39,9720
24/01/1997,0.39,0.39,0.39,0.39,0.39,17280
27/01/1997,0.39,0.39,0.39,0.39,0.39,0
28/01/1997,0.38,0.39,0.38,0.39,0.39,334800
29/01/1997,0.39,0.39,0.39,0.39,0.39,0
30/01/1997,0.39,0.39,0.39,0.39,0.39,0
31/01/1997,0.38,0.38,0.38,0.38,0.38,4320
03/02/1997,0.38,0.39,0.38,0.39,0.39,164160
04/02/1997,0.41,0.41,0.4,0.4,0.39,81000
05/02/1997,0.4,0.41,0.4,0.41,0.4,64800
06/02/1997,0.41,0.41,0.41,0.41,0.4,21600
07/02/1997,0.41,0.42,0.41,0.42,0.41,176040
10/02/1997,0.41,0.42,0.41,0.42,0.41,33480
11/02/1997,0.41,0.41,0.41,0.41,0.4,7560
12/02/1997,0.41,0.42,0.41,0.42,0.41,73440
13/02/1997,0.42,0.46,0.42,0.46,0.46,292680
14/02/1997,0.44,0.49,0.44,0.47,0.47,237600
18/02/1997,0.49,0.49,0.46,0.46,0.46,42120
19/02/1997,0.46,0.46,0.46,0.46,0.46,10800
20/02/1997,0.47,0.47,0.46,0.46,0.46,44280
21/02/1997,0.46,0.46,0.46,0.46,0.46,0
24/02/1997,0.46,0.46,0.46,0.46,0.46,0
25/02/1997,0.46,0.47,0.46,0.46,0.46,76680
26/02/1997,0.47,0.48,0.47,0.48,0.47,101520
27/02/1997,0.49,0.49,0.47,0.49,0.48,146880
28/02/1997,0.47,0.5,0.47,0.47,0.47,186840
03/03/1997,0.5,0.5,0.49,0.49,0.48,32400
04/03/1997,0.47,0.48,0.47,0.48,0.47,195480
05/03/1997,0.47,0.48,0.46,0.46,0.46,239760
06/03/1997,0.46,0.46,0.46,0.46,0.46,172800
07/03/1997,0.46,0.47,0.46,0.47,0.46,62640
10/03/1997,0.49,0.49,0.49,0.49,0.48,10800
11/03/1997,0.49,0.49,0.49,0.49,0.48,0
12/03/1997,0.49,0.49,0.49,0.49,0.48,0
13/03/1997,0.49,0.49,0.49,0.49,0.48,0
14/03/1997,0.49,0.49,0.49,0.49,0.48,0
17/03/1997,0.49,0.49,0.47,0.49,0.48,536760
18/03/1997,0.49,0.49,0.49,0.49,0.48,3240
19/03/1997,0.5,0.5,0.49,0.49,0.48,167400
20/03/1997,0.51,0.52,0.5,0.52,0.51,263520
21/03/1997,0.52,0.52,0.52,0.52,0.51,50760
24/03/1997,0.5,0.5,0.5,0.5,0.49,54000
25/03/1997,0.47,0.47,0.47,0.47,0.47,1080
26/03/1997,0.47,0.47,0.47,0.47,0.47,4320
27/03/1997,0.47,0.47,0.46,0.46,0.46,91800
31/03/1997,0.46,0.47,0.46,0.47,0.47,126360
01/04/1997,0.46,0.46,0.46,0.46,0.46,16200
02/04/1997,0.46,0.47,0.46,0.47,0.47,90720
03/04/1997,0.46,0.49,0.46,0.49,0.48,12960
04/04/1997,0.46,0.46,0.46,0.46,0.46,24840
07/04/1997,0.46,0.46,0.46,0.46,0.46,0
08/04/1997,0.46,0.46,0.46,0.46,0.46,0
09/04/1997,0.46,0.46,0.46,0.46,0.46,0
10/04/1997,0.46,0.46,0.46,0.46,0.46,0
11/04/1997,0.46,0.46,0.46,0.46,0.46,0
14/04/1997,0.46,0.47,0.46,0.47,0.46,176040
15/04/1997,0.49,0.49,0.46,0.46,0.46,65880
16/04/1997,0.46,0.46,0.46,0.46,0.46,64800
17/04/1997,0.46,0.46,0.46,0.46,0.46,64800
18/04/1997,0.47,0.47,0.46,0.46,0.46,266760
21/04/1997,0.46,0.46,0.46,0.46,0.46,10800
22/04/1997,0.46,0.47,0.46,0.46,0.46,176040
23/04/1997,0.46,0.46,0.46,0.46,0.46,183600
24/04/1997,0.46,0.47,0.46,0.47,0.46,253800
25/04/1997,0.47,0.47,0.47,0.47,0.46,0
28/04/1997,0.46,0.46,0.46,0.46,0.46,2160
29/04/1997,0.46,0.46,0.46,0.46,0.46,10800
30/04/1997,0.46,0.46,0.46,0.46,0.46,14040
01/05/1997,0.47,0.47,0.46,0.46,0.46,16200
02/05/1997,0.46,0.47,0.46,0.47,0.47,93960
05/05/1997,0.47,0.47,0.47,0.47,0.47,79920
06/05/1997,0.47,0.47,0.47,0.47,0.47,0
07/05/1997,0.48,0.48,0.48,0.48,0.47,2160
08/05/1997,0.48,0.48,0.48,0.48,0.47,0
09/05/1997,0.5,0.5,0.47,0.47,0.47,8640
12/05/1997,0.51,0.51,0.5,0.5,0.49,101520
13/05/1997,0.5,0.51,0.5,0.5,0.49,176040
14/05/1997,0.51,0.51,0.5,0.5,0.5,89640
15/05/1997,0.51,0.52,0.51,0.52,0.51,14040
16/05/1997,0.51,0.52,0.51,0.52,0.51,18360
19/05/1997,0.52,0.52,0.5,0.51,0.5,351000
20/05/1997,0.51,0.51,0.51,0.51,0.5,32400
21/05/1997,0.52,0.52,0.5,0.5,0.49,11880
22/05/1997,0.5,0.51,0.47,0.5,0.49,86400
23/05/1997,0.47,0.49,0.47,0.47,0.47,85320
27/05/1997,0.46,0.46,0.46,0.46,0.46,157680
28/05/1997,0.47,0.47,0.46,0.46,0.46,56160
29/05/1997,0.46,0.46,0.46,0.46,0.46,8640
30/05/1997,0.46,0.46,0.46,0.46,0.46,1080
02/06/1997,0.47,0.47,0.47,0.47,0.47,10800
03/06/1997,0.47,0.47,0.47,0.47,0.47,0
04/06/1997,0.47,0.47,0.47,0.47,0.47,0
05/06/1997,0.47,0.47,0.47,0.47,0.47,0
06/06/1997,0.47,0.47,0.47,0.47,0.47,0
09/06/1997,0.47,0.47,0.47,0.47,0.47,21600
10/06/1997,0.46,0.46,0.46,0.46,0.46,18360
11/06/1997,0.47,0.47,0.47,0.47,0.46,15120
12/06/1997,0.46,0.46,0.46,0.46,0.46,10800
13/06/1997,0.46,0.46,0.46,0.46,0.46,32400
16/06/1997,0.46,0.46,0.46,0.46,0.46,0
17/06/1997,0.46,0.46,0.46,0.46,0.46,28080
18/06/1997,0.46,0.47,0.46,0.47,0.46,90720
19/06/1997,0.47,0.47,0.47,0.47,0.46,0
20/06/1997,0.47,0.47,0.47,0.47,0.46,0
23/06/1997,0.47,0.47,0.47,0.47,0.46,0
24/06/1997,0.47,0.47,0.46,0.47,0.46,22680
25/06/1997,0.46,0.46,0.45,0.46,0.46,42120
26/06/1997,0.45,0.45,0.45,0.45,0.44,2160
27/06/1997,0.45,0.46,0.44,0.44,0.43,66960
30/06/1997,0.44,0.44,0.44,0.44,0.43,0
01/07/1997,0.45,0.45,0.44,0.44,0.44,85320
02/07/1997,0.44,0.44,0.44,0.44,0.43,3240
03/07/1997,0.44,0.44,0.42,0.42,0.41,49680
07/07/1997,0.42,0.42,0.42,0.42,0.41,0
08/07/1997,0.42,0.42,0.41,0.41,0.4,59400
09/07/1997,0.41,0.41,0.41,0.41,0.4,86400
10/07/1997,0.39,0.39,0.36,0.36,0.35,187920
11/07/1997,0.39,0.39,0.39,0.39,0.39,5400
14/07/1997,0.39,0.39,0.39,0.39,0.39,5400
15/07/1997,0.36,0.38,0.36,0.37,0.36,75600
16/07/1997,0.37,0.38,0.36,0.36,0.35,35640
17/07/1997,0.36,0.36,0.36,0.36,0.35,27000
18/07/1997,0.36,0.36,0.36,0.36,0.35,0
21/07/1997,0.35,0.35,0.35,0.35,0.34,1080
22/07/1997,0.38,0.38,0.36,0.36,0.35,99360
23/07/1997,0.37,0.37,0.37,0.37,0.36,2160
24/07/1997,0.38,0.38,0.38,0.38,0.38,3240
25/07/1997,0.38,0.38,0.38,0.38,0.38,5400
28/07/1997,0.38,0.38,0.38,0.38,0.38,0
29/07/1997,0.38,0.38,0.38,0.38,0.38,0
30/07/1997,0.39,0.39,0.39,0.39,0.39,11880
31/07/1997,0.39,0.39,0.39,0.39,0.39,25920
01/08/1997,0.39,0.39,0.39,0.39,0.39,0
04/08/1997,0.39,0.39,0.39,0.39,0.39,0
05/08/1997,0.36,0.36,0.36,0.36,0.35,2160
06/08/1997,0.38,0.38,0.36,0.37,0.36,77760
07/08/1997,0.36,0.37,0.36,0.36,0.35,74520
08/08/1997,0.36,0.36,0.36,0.36,0.35,0
11/08/1997,0.36,0.36,0.36,0.36,0.35,0
12/08/1997,0.36,0.36,0.36,0.36,0.35,0
13/08/1997,0.35,0.35,0.35,0.35,0.34,1080
14/08/1997,0.37,0.42,0.37,0.42,0.41,185760
15/08/1997,0.43,0.43,0.43,0.43,0.42,5400
18/08/1997,0.42,0.42,0.42,0.42,0.41,10800
19/08/1997,0.41,0.41,0.41,0.41,0.4,2160
20/08/1997,0.41,0.41,0.41,0.41,0.4,10800
21/08/1997,0.41,0.41,0.41,0.41,0.4,0
22/08/1997,0.41,0.42,0.41,0.41,0.4,74520
25/08/1997,0.41,0.41,0.41,0.41,0.4,0
26/08/1997,0.41,0.41,0.41,0.41,0.4,0
27/08/1997,0.43,0.5,0.43,0.5,0.49,162000
28/08/1997,0.51,0.51,0.49,0.49,0.48,49680
29/08/1997,0.47,0.47,0.47,0.47,0.47,9720
02/09/1997,0.51,0.51,0.47,0.47,0.47,12960
03/09/1997,0.5,0.5,0.5,0.5,0.49,1080
04/09/1997,0.5,0.5,0.5,0.5,0.49,0
05/09/1997,0.5,0.5,0.5,0.5,0.49,0
08/09/1997,0.47,0.47,0.47,0.47,0.47,10800
09/09/1997,0.47,0.47,0.47,0.47,0.47,10800
10/09/1997,0.47,0.49,0.47,0.49,0.48,162000
11/09/1997,0.49,0.49,0.49,0.49,0.48,118800
12/09/1997,0.48,0.48,0.48,0.48,0.47,28080
15/09/1997,0.49,0.51,0.49,0.5,0.5,185760
16/09/1997,0.51,0.52,0.51,0.52,0.51,47520
17/09/1997,0.51,0.54,0.51,0.54,0.54,83160
18/09/1997,0.53,0.53,0.53,0.53,0.52,1080
19/09/1997,0.53,0.56,0.53,0.56,0.55,75600
22/09/1997,0.57,0.57,0.56,0.56,0.55,55080
23/09/1997,0.56,0.59,0.56,0.59,0.58,140400
24/09/1997,0.6,0.64,0.6,0.64,0.63,185760
25/09/1997,0.64,0.64,0.6,0.61,0.6,120960
26/09/1997,0.61,0.62,0.6,0.62,0.62,25920
29/09/1997,0.61,0.61,0.61,0.61,0.6,27000
30/09/1997,0.61,0.61,0.6,0.61,0.6,212760
01/10/1997,0.61,0.61,0.59,0.6,0.59,570240
02/10/1997,0.59,0.6,0.59,0.59,0.58,124200
03/10/1997,0.59,0.6,0.59,0.6,0.59,18360
06/10/1997,0.6,0.6,0.54,0.54,0.54,738720
07/10/1997,0.56,0.58,0.54,0.56,0.55,176040
08/10/1997,0.53,0.56,0.53,0.53,0.52,208440
09/10/1997,0.52,0.54,0.52,0.52,0.51,426600
10/10/1997,0.54,0.54,0.52,0.53,0.52,598320
13/10/1997,0.53,0.54,0.52,0.54,0.54,1194480
14/10/1997,0.53,0.54,0.53,0.53,0.52,119880
15/10/1997,0.52,0.53,0.51,0.52,0.51,346680
16/10/1997,0.54,0.54,0.51,0.51,0.5,119880
17/10/1997,0.51,0.53,0.51,0.51,0.5,100440
20/10/1997,0.51,0.53,0.51,0.53,0.52,100440
21/10/1997,0.52,0.53,0.52,0.53,0.52,36720
22/10/1997,0.56,0.56,0.55,0.55,0.54,23760
23/10/1997,0.56,0.56,0.53,0.53,0.52,62640
24/10/1997,0.53,0.53,0.53,0.53,0.52,34560
27/10/1997,0.53,0.53,0.52,0.52,0.51,81000
28/10/1997,0.52,0.52,0.52,0.52,0.51,4320
29/10/1997,0.52,0.52,0.52,0.52,0.51,2160
30/10/1997,0.53,0.53,0.52,0.52,0.51,44280
31/10/1997,0.53,0.53,0.53,0.53,0.52,5400
03/11/1997,0.52,0.52,0.52,0.52,0.51,63720
04/11/1997,0.52,0.52,0.52,0.52,0.51,0
05/11/1997,0.52,0.52,0.52,0.52,0.51,0
06/11/1997,0.52,0.52,0.52,0.52,0.51,22680
07/11/1997,0.52,0.53,0.52,0.53,0.52,35640
10/11/1997,0.53,0.53,0.53,0.53,0.52,0
11/11/1997,0.52,0.56,0.52,0.56,0.55,16200
12/11/1997,0.52,0.53,0.52,0.53,0.52,14040
13/11/1997,0.53,0.53,0.53,0.53,0.52,19440
14/11/1997,0.54,0.54,0.53,0.53,0.52,34560
17/11/1997,0.54,0.62,0.54,0.62,0.62,156600
18/11/1997,0.6,0.6,0.56,0.56,0.55,68040
19/11/1997,0.56,0.56,0.51,0.53,0.52,115560
20/11/1997,0.53,0.57,0.53,0.56,0.55,79920
21/11/1997,0.58,0.58,0.56,0.56,0.55,6480
24/11/1997,0.58,0.58,0.58,0.58,0.57,4320
25/11/1997,0.58,0.58,0.58,0.58,0.57,0
26/11/1997,0.58,0.58,0.57,0.57,0.56,89640
28/11/1997,0.57,0.57,0.57,0.57,0.56,0
01/12/1997,0.57,0.57,0.57,0.57,0.56,10800
02/12/1997,0.57,0.57,0.57,0.57,0.56,255960
03/12/1997,0.58,0.58,0.57,0.57,0.56,6480
04/12/1997,0.58,0.58,0.58,0.58,0.57,116640
05/12/1997,0.57,0.58,0.57,0.57,0.56,158760
08/12/1997,0.57,0.57,0.57,0.57,0.56,0
09/12/1997,0.57,0.57,0.57,0.57,0.56,54000
10/12/1997,0.58,0.58,0.57,0.57,0.56,6480
11/12/1997,0.56,0.56,0.56,0.56,0.55,5400
12/12/1997,0.56,0.56,0.56,0.56,0.55,4320
15/12/1997,0.56,0.56,0.56,0.56,0.55,2160
16/12/1997,0.56,0.57,0.56,0.56,0.56,181440
17/12/1997,0.56,0.56,0.56,0.56,0.55,43200
18/12/1997,0.56,0.56,0.56,0.56,0.55,1080
19/12/1997,0.56,0.56,0.56,0.56,0.55,0
22/12/1997,0.55,0.55,0.54,0.54,0.54,93960
23/12/1997,0.54,0.54,0.54,0.54,0.54,32400
24/12/1997,0.54,0.54,0.54,0.54,0.54,1080
26/12/1997,0.54,0.54,0.54,0.54,0.54,5400
29/12/1997,0.54,0.54,0.54,0.54,0.54,18360
30/12/1997,0.54,0.54,0.54,0.54,0.54,18360
31/12/1997,0.56,0.56,0.56,0.56,0.55,21600
02/01/1998,0.54,0.56,0.54,0.56,0.55,52920
05/01/1998,0.54,0.54,0.54,0.54,0.54,7560
06/01/1998,0.54,0.54,0.54,0.54,0.54,0
07/01/1998,0.56,0.56,0.56,0.56,0.56,111240
08/01/1998,0.56,0.58,0.56,0.58,0.57,11880
09/01/1998,0.56,0.57,0.53,0.53,0.52,118800
12/01/1998,0.51,0.51,0.51,0.51,0.5,14040
13/01/1998,0.51,0.52,0.51,0.51,0.5,86400
14/01/1998,0.51,0.51,0.51,0.51,0.5,27000
15/01/1998,0.51,0.51,0.51,0.51,0.5,0
16/01/1998,0.51,0.51,0.51,0.51,0.5,2160
20/01/1998,0.51,0.51,0.51,0.51,0.5,0
21/01/1998,0.51,0.51,0.51,0.51,0.5,0
22/01/1998,0.51,0.53,0.51,0.53,0.52,98280
23/01/1998,0.51,0.51,0.51,0.51,0.5,97200
26/01/1998,0.49,0.5,0.49,0.49,0.48,61560
27/01/1998,0.49,0.49,0.49,0.49,0.48,1080
28/01/1998,0.52,0.52,0.52,0.52,0.51,2160
29/01/1998,0.49,0.49,0.49,0.49,0.48,8640
30/01/1998,0.51,0.51,0.51,0.51,0.5,9720
02/02/1998,0.51,0.51,0.5,0.5,0.49,75600
03/02/1998,0.51,0.51,0.5,0.5,0.49,18360
04/02/1998,0.51,0.54,0.51,0.54,0.54,208440
05/02/1998,0.52,0.53,0.52,0.52,0.51,35640
06/02/1998,0.52,0.52,0.52,0.52,0.51,0
09/02/1998,0.53,0.53,0.52,0.52,0.51,4320
10/02/1998,0.52,0.52,0.52,0.52,0.51,27000
11/02/1998,0.52,0.54,0.52,0.54,0.54,5400
12/02/1998,0.54,0.54,0.54,0.54,0.54,0
13/02/1998,0.54,0.54,0.54,0.54,0.54,5400
17/02/1998,0.52,0.52,0.52,0.52,0.51,66960
18/02/1998,0.52,0.52,0.52,0.52,0.51,5400
19/02/1998,0.52,0.52,0.52,0.52,0.51,54000
20/02/1998,0.5,0.51,0.5,0.51,0.5,102600
23/02/1998,0.52,0.52,0.52,0.52,0.51,1080
24/02/1998,0.51,0.52,0.51,0.51,0.5,55080
25/02/1998,0.51,0.51,0.51,0.51,0.5,0
26/02/1998,0.51,0.51,0.51,0.51,0.5,21600
27/02/1998,0.51,0.51,0.5,0.51,0.5,50760
02/03/1998,0.5,0.5,0.5,0.5,0.5,6480
03/03/1998,0.5,0.5,0.5,0.5,0.5,11880
04/03/1998,0.5,0.5,0.5,0.5,0.5,10800
05/03/1998,0.5,0.51,0.5,0.51,0.5,37800
06/03/1998,0.51,0.51,0.51,0.51,0.5,0
09/03/1998,0.51,0.51,0.51,0.51,0.5,9720
10/03/1998,0.5,0.5,0.5,0.5,0.5,11880
11/03/1998,0.5,0.5,0.5,0.5,0.5,0
12/03/1998,0.5,0.51,0.5,0.51,0.5,20520
13/03/1998,0.51,0.51,0.51,0.51,0.5,0
16/03/1998,0.51,0.51,0.51,0.51,0.5,1080
17/03/1998,0.51,0.51,0.51,0.51,0.5,7560
18/03/1998,0.5,0.51,0.5,0.5,0.5,76680
19/03/1998,0.5,0.5,0.5,0.5,0.5,0
20/03/1998,0.5,0.51,0.5,0.51,0.5,16200
23/03/1998,0.5,0.51,0.5,0.51,0.5,74520
24/03/1998,0.51,0.51,0.5,0.51,0.5,207360
25/03/1998,0.5,0.51,0.5,0.51,0.5,118800
26/03/1998,0.51,0.51,0.51,0.51,0.5,0
27/03/1998,0.51,0.51,0.51,0.51,0.5,0
30/03/1998,0.5,0.51,0.5,0.51,0.5,105840
31/03/1998,0.49,0.49,0.49,0.49,0.48,1080
01/04/1998,0.49,0.49,0.49,0.49,0.48,12960
02/04/1998,0.49,0.49,0.47,0.49,0.48,155520
03/04/1998,0.46,0.47,0.46,0.47,0.46,190080
06/04/1998,0.46,0.46,0.46,0.46,0.46,5400
07/04/1998,0.46,0.46,0.46,0.46,0.46,16200
08/04/1998,0.46,0.47,0.46,0.47,0.46,139320
09/04/1998,0.46,0.46,0.46,0.46,0.46,3240
13/04/1998,0.46,0.46,0.46,0.46,0.46,18360
14/04/1998,0.46,0.46,0.46,0.46,0.46,51840
15/04/1998,0.46,0.47,0.46,0.46,0.46,30240
16/04/1998,0.46,0.46,0.46,0.46,0.46,25920
17/04/1998,0.46,0.46,0.46,0.46,0.46,17280
20/04/1998,0.46,0.47,0.46,0.46,0.46,38880
21/04/1998,0.44,0.44,0.44,0.44,0.43,1080
22/04/1998,0.44,0.44,0.44,0.44,0.43,8640
23/04/1998,0.44,0.44,0.44,0.44,0.43,32400
24/04/1998,0.44,0.44,0.44,0.44,0.43,0
27/04/1998,0.44,0.44,0.44,0.44,0.43,0
28/04/1998,0.44,0.44,0.44,0.44,0.43,0
29/04/1998,0.44,0.44,0.44,0.44,0.43,1080
30/04/1998,0.44,0.44,0.44,0.44,0.43,0
01/05/1998,0.44,0.44,0.44,0.44,0.43,0
04/05/1998,0.44,0.44,0.44,0.44,0.43,10800
05/05/1998,0.44,0.44,0.44,0.44,0.43,0
06/05/1998,0.44,0.44,0.44,0.44,0.43,0
07/05/1998,0.44,0.44,0.44,0.44,0.43,3240
08/05/1998,0.44,0.45,0.44,0.45,0.44,23760
11/05/1998,0.46,0.46,0.46,0.46,0.46,110160
12/05/1998,0.46,0.46,0.45,0.45,0.44,27000
13/05/1998,0.45,0.45,0.45,0.45,0.44,27000
14/05/1998,0.45,0.45,0.45,0.45,0.44,0
15/05/1998,0.46,0.76,0.46,0.49,0.48,704160
18/05/1998,0.49,0.49,0.49,0.49,0.48,0
19/05/1998,0.5,0.5,0.49,0.5,0.49,251640
20/05/1998,0.49,0.49,0.49,0.49,0.48,18360
21/05/1998,0.49,0.53,0.49,0.53,0.52,137160
22/05/1998,0.51,0.53,0.51,0.53,0.52,18360
26/05/1998,0.51,0.51,0.51,0.51,0.5,21600
27/05/1998,0.49,0.52,0.49,0.49,0.48,46440
28/05/1998,0.49,0.49,0.49,0.49,0.48,0
29/05/1998,0.49,0.5,0.49,0.5,0.49,74520
01/06/1998,0.5,0.5,0.5,0.5,0.49,9720
02/06/1998,0.5,0.5,0.5,0.5,0.49,0
03/06/1998,0.47,0.49,0.47,0.47,0.47,78840
04/06/1998,0.47,0.47,0.47,0.47,0.47,0
05/06/1998,0.47,0.47,0.47,0.47,0.47,0
08/06/1998,0.47,0.47,0.47,0.47,0.47,1080
09/06/1998,0.47,0.47,0.47,0.47,0.47,0
10/06/1998,0.46,0.49,0.46,0.49,0.48,86400
11/06/1998,0.46,0.46,0.46,0.46,0.46,6480
12/06/1998,0.46,0.46,0.46,0.46,0.46,0
15/06/1998,0.47,0.47,0.46,0.47,0.47,66960
16/06/1998,0.47,0.47,0.47,0.47,0.47,0
17/06/1998,0.45,0.45,0.44,0.44,0.43,24840
18/06/1998,0.44,0.44,0.44,0.44,0.43,0
19/06/1998,0.44,0.44,0.44,0.44,0.43,2160
22/06/1998,0.44,0.46,0.44,0.46,0.46,49680
23/06/1998,0.44,0.46,0.44,0.46,0.46,42120
24/06/1998,0.47,0.47,0.47,0.47,0.47,11880
25/06/1998,0.47,0.47,0.47,0.47,0.47,0
26/06/1998,0.47,0.47,0.47,0.47,0.47,0
29/06/1998,0.47,0.47,0.47,0.47,0.47,0
30/06/1998,0.47,0.47,0.47,0.47,0.47,0
01/07/1998,0.47,0.47,0.47,0.47,0.47,0
02/07/1998,0.47,0.47,0.47,0.47,0.47,0
06/07/1998,0.47,0.47,0.47,0.47,0.47,0
07/07/1998,0.44,0.45,0.44,0.44,0.43,158760
08/07/1998,0.46,0.46,0.45,0.45,0.45,43200
09/07/1998,0.45,0.45,0.45,0.45,0.45,0
10/07/1998,0.45,0.45,0.45,0.45,0.45,0
13/07/1998,0.45,0.45,0.45,0.45,0.45,0
14/07/1998,0.44,0.44,0.44,0.44,0.44,21600
15/07/1998,0.44,0.44,0.44,0.44,0.44,10800
16/07/1998,0.44,0.5,0.44,0.49,0.48,558360
17/07/1998,0.5,0.51,0.47,0.5,0.49,839160
20/07/1998,0.51,0.51,0.5,0.5,0.49,105840
21/07/1998,0.47,0.49,0.44,0.44,0.43,150120
22/07/1998,0.49,0.49,0.45,0.46,0.46,64800
23/07/1998,0.44,0.46,0.44,0.45,0.44,62640
24/07/1998,0.44,0.45,0.44,0.44,0.43,77760
27/07/1998,0.48,0.5,0.44,0.5,0.49,292680
28/07/1998,0.5,0.54,0.45,0.46,0.46,1219320
29/07/1998,0.45,0.46,0.45,0.45,0.44,131760
30/07/1998,0.45,0.45,0.45,0.45,0.44,10800
31/07/1998,0.45,0.46,0.45,0.45,0.44,36720
03/08/1998,0.45,0.45,0.45,0.45,0.44,27000
04/08/1998,0.45,0.45,0.45,0.45,0.44,14040
05/08/1998,0.42,0.43,0.42,0.42,0.41,104760
06/08/1998,0.43,0.43,0.43,0.43,0.42,21600
07/08/1998,0.43,0.43,0.43,0.43,0.42,0
10/08/1998,0.42,0.42,0.42,0.42,0.41,9720
11/08/1998,0.39,0.42,0.39,0.39,0.39,84240
12/08/1998,0.39,0.39,0.39,0.39,0.39,32400
13/08/1998,0.43,0.43,0.42,0.42,0.41,7560
14/08/1998,0.41,0.41,0.41,0.41,0.4,5400
17/08/1998,0.41,0.43,0.41,0.43,0.43,27000
18/08/1998,0.43,0.44,0.43,0.43,0.43,208440
19/08/1998,0.45,0.45,0.43,0.43,0.42,87480
20/08/1998,0.43,0.43,0.43,0.43,0.42,4320
21/08/1998,0.43,0.43,0.43,0.43,0.42,4320
24/08/1998,0.43,0.43,0.43,0.43,0.42,10800
25/08/1998,0.43,0.45,0.43,0.44,0.43,103680
26/08/1998,0.44,0.44,0.44,0.44,0.43,89640
27/08/1998,0.45,0.45,0.45,0.45,0.44,2160
28/08/1998,0.44,0.45,0.44,0.45,0.44,17280
31/08/1998,0.45,0.45,0.45,0.45,0.44,21600
01/09/1998,0.45,0.46,0.45,0.45,0.44,136080
02/09/1998,0.45,0.46,0.43,0.45,0.44,65880
03/09/1998,0.46,0.46,0.42,0.42,0.41,89640
04/09/1998,0.42,0.42,0.42,0.42,0.41,0
08/09/1998,0.44,0.45,0.44,0.45,0.44,55080
09/09/1998,0.45,0.45,0.45,0.45,0.44,0
10/09/1998,0.45,0.45,0.45,0.45,0.44,0
11/09/1998,0.42,0.43,0.42,0.43,0.42,190080
14/09/1998,0.43,0.43,0.43,0.43,0.42,0
15/09/1998,0.43,0.43,0.43,0.43,0.42,0
16/09/1998,0.39,0.41,0.39,0.41,0.4,152280
17/09/1998,0.39,0.39,0.39,0.39,0.39,5400
18/09/1998,0.39,0.39,0.39,0.39,0.39,3240
21/09/1998,0.39,0.39,0.39,0.39,0.39,0
22/09/1998,0.39,0.39,0.39,0.39,0.39,10800
23/09/1998,0.39,0.39,0.39,0.39,0.39,0
24/09/1998,0.39,0.44,0.39,0.44,0.43,56160
25/09/1998,0.39,0.44,0.37,0.42,0.41,60480
28/09/1998,0.39,0.4,0.39,0.4,0.4,208440
29/09/1998,0.43,0.43,0.37,0.39,0.39,138240
30/09/1998,0.39,0.39,0.39,0.39,0.39,0
01/10/1998,0.39,0.39,0.39,0.39,0.39,0
02/10/1998,0.38,0.41,0.38,0.41,0.4,127440
05/10/1998,0.41,0.41,0.41,0.41,0.4,0
06/10/1998,0.37,0.37,0.37,0.37,0.36,38880
07/10/1998,0.37,0.37,0.37,0.37,0.36,27000
08/10/1998,0.38,0.38,0.37,0.37,0.36,11880
09/10/1998,0.37,0.37,0.37,0.37,0.36,32400
12/10/1998,0.37,0.37,0.37,0.37,0.36,0
13/10/1998,0.37,0.37,0.37,0.37,0.36,1080
14/10/1998,0.37,0.37,0.37,0.37,0.36,0
15/10/1998,0.37,0.37,0.37,0.37,0.36,0
16/10/1998,0.37,0.37,0.37,0.37,0.36,2160
19/10/1998,0.39,0.39,0.39,0.39,0.38,32400
20/10/1998,0.39,0.39,0.39,0.39,0.38,0
21/10/1998,0.39,0.39,0.39,0.39,0.38,0
22/10/1998,0.39,0.39,0.39,0.39,0.38,10800
23/10/1998,0.39,0.39,0.39,0.39,0.38,21600
26/10/1998,0.39,0.39,0.39,0.39,0.38,0
27/10/1998,0.37,0.37,0.37,0.37,0.36,5400
28/10/1998,0.37,0.37,0.37,0.37,0.36,0
29/10/1998,0.39,0.39,0.39,0.39,0.38,64800
30/10/1998,0.41,0.41,0.41,0.41,0.4,30240
02/11/1998,0.41,0.41,0.41,0.41,0.4,0
03/11/1998,0.41,0.41,0.41,0.41,0.4,0
04/11/1998,0.41,0.41,0.41,0.41,0.4,0
05/11/1998,0.38,0.38,0.38,0.38,0.38,10800
06/11/1998,0.38,0.38,0.38,0.38,0.38,0
09/11/1998,0.38,0.38,0.38,0.38,0.38,0
10/11/1998,0.38,0.38,0.38,0.38,0.38,0
11/11/1998,0.38,0.38,0.38,0.38,0.38,0
12/11/1998,0.38,0.38,0.38,0.38,0.38,0
13/11/1998,0.38,0.38,0.37,0.37,0.36,19440
16/11/1998,0.37,0.39,0.37,0.39,0.39,21600
17/11/1998,0.42,0.43,0.41,0.42,0.41,44280
18/11/1998,0.42,0.42,0.42,0.42,0.41,0
19/11/1998,0.38,0.39,0.38,0.38,0.38,205200
20/11/1998,0.41,0.41,0.41,0.41,0.4,2160
23/11/1998,0.41,0.41,0.41,0.41,0.4,0
24/11/1998,0.38,0.39,0.38,0.39,0.39,48600
25/11/1998,0.38,0.38,0.38,0.38,0.38,15120
27/11/1998,0.38,0.38,0.38,0.38,0.38,0
30/11/1998,0.39,0.39,0.39,0.39,0.39,7560
01/12/1998,0.39,0.41,0.39,0.4,0.39,29160
02/12/1998,0.39,0.39,0.39,0.39,0.39,12960
03/12/1998,0.41,0.41,0.41,0.41,0.4,38880
04/12/1998,0.41,0.41,0.41,0.41,0.4,0
07/12/1998,0.41,0.41,0.41,0.41,0.4,0
08/12/1998,0.38,0.38,0.38,0.38,0.38,10800
09/12/1998,0.41,0.41,0.41,0.41,0.4,3240
10/12/1998,0.41,0.41,0.41,0.41,0.4,0
11/12/1998,0.41,0.41,0.38,0.38,0.38,7560
14/12/1998,0.38,0.38,0.38,0.38,0.38,10800
15/12/1998,0.38,0.38,0.38,0.38,0.38,4320
16/12/1998,0.38,0.38,0.38,0.38,0.38,0
17/12/1998,0.38,0.38,0.38,0.38,0.37,43200
18/12/1998,0.38,0.38,0.38,0.38,0.37,0
21/12/1998,0.37,0.37,0.37,0.37,0.36,1080
22/12/1998,0.41,0.41,0.39,0.39,0.38,68040
23/12/1998,0.37,0.37,0.37,0.37,0.36,5400
24/12/1998,0.37,0.39,0.37,0.39,0.38,83160
28/12/1998,0.37,0.39,0.37,0.39,0.38,44280
29/12/1998,0.39,0.39,0.39,0.39,0.38,0
30/12/1998,0.39,0.39,0.39,0.39,0.38,0
31/12/1998,0.37,0.39,0.37,0.37,0.36,72360
04/01/1999,0.37,0.37,0.37,0.37,0.36,0
05/01/1999,0.37,0.37,0.37,0.37,0.36,0
06/01/1999,0.38,0.38,0.38,0.38,0.38,1080
07/01/1999,0.41,0.41,0.41,0.41,0.4,11880
08/01/1999,0.41,0.41,0.41,0.41,0.4,0
11/01/1999,0.38,0.38,0.38,0.38,0.38,1080
12/01/1999,0.38,0.38,0.38,0.38,0.38,31320
13/01/1999,0.38,0.41,0.38,0.38,0.38,2160
14/01/1999,0.38,0.38,0.38,0.38,0.38,0
15/01/1999,0.41,0.41,0.41,0.41,0.4,21600
19/01/1999,0.39,0.39,0.37,0.37,0.36,7560
20/01/1999,0.37,0.37,0.37,0.37,0.36,10800
21/01/1999,0.37,0.37,0.37,0.37,0.36,21600
22/01/1999,0.37,0.37,0.37,0.37,0.36,0
25/01/1999,0.37,0.37,0.37,0.37,0.37,21600
26/01/1999,0.37,0.37,0.37,0.37,0.36,15120
27/01/1999,0.37,0.37,0.37,0.37,0.36,21600
28/01/1999,0.37,0.37,0.37,0.37,0.36,86400
29/01/1999,0.38,0.38,0.37,0.38,0.37,60480
01/02/1999,0.38,0.41,0.37,0.37,0.36,129600
02/02/1999,0.39,0.39,0.39,0.39,0.39,10800
03/02/1999,0.39,0.39,0.39,0.39,0.39,0
04/02/1999,0.39,0.39,0.39,0.39,0.39,1080
05/02/1999,0.38,0.38,0.38,0.38,0.38,12960
08/02/1999,0.38,0.38,0.38,0.38,0.38,5400
09/02/1999,0.38,0.38,0.38,0.38,0.38,0
10/02/1999,0.38,0.38,0.38,0.38,0.38,0
11/02/1999,0.38,0.38,0.38,0.38,0.38,0
12/02/1999,0.38,0.38,0.38,0.38,0.38,0
16/02/1999,0.37,0.37,0.37,0.37,0.36,7560
17/02/1999,0.37,0.37,0.37,0.37,0.36,76680
18/02/1999,0.38,0.38,0.37,0.37,0.36,194400
19/02/1999,0.37,0.37,0.34,0.37,0.36,117720
22/02/1999,0.37,0.37,0.37,0.37,0.36,0
23/02/1999,0.37,0.37,0.37,0.37,0.36,0
24/02/1999,0.34,0.34,0.34,0.34,0.33,35640
25/02/1999,0.34,0.34,0.27,0.3,0.3,104760
26/02/1999,0.29,0.29,0.25,0.25,0.25,214920
01/03/1999,0.3,0.3,0.25,0.25,0.25,29160
02/03/1999,0.25,0.25,0.25,0.25,0.25,0
03/03/1999,0.28,0.28,0.28,0.28,0.27,8640
04/03/1999,0.28,0.28,0.28,0.28,0.28,21600
05/03/1999,0.28,0.28,0.28,0.28,0.28,42120
08/03/1999,0.28,0.28,0.28,0.28,0.28,0
09/03/1999,0.28,0.28,0.28,0.28,0.28,0
10/03/1999,0.28,0.28,0.28,0.28,0.28,0
11/03/1999,0.28,0.28,0.28,0.28,0.28,0
12/03/1999,0.28,0.28,0.28,0.28,0.28,0
15/03/1999,0.28,0.28,0.28,0.28,0.28,0
16/03/1999,0.28,0.29,0.25,0.25,0.25,28080
17/03/1999,0.25,0.25,0.25,0.25,0.25,0
18/03/1999,0.28,0.28,0.28,0.28,0.27,32400
19/03/1999,0.28,0.28,0.28,0.28,0.27,3240
22/03/1999,0.28,0.28,0.28,0.28,0.27,18360
23/03/1999,0.27,0.28,0.27,0.27,0.26,92880
24/03/1999,0.27,0.27,0.27,0.27,0.26,0
25/03/1999,0.27,0.27,0.27,0.27,0.26,0
26/03/1999,0.28,0.28,0.28,0.28,0.28,103680
29/03/1999,0.28,0.28,0.28,0.28,0.28,0
30/03/1999,0.28,0.28,0.28,0.28,0.28,0
31/03/1999,0.24,0.25,0.24,0.24,0.24,571320
01/04/1999,0.28,0.28,0.23,0.24,0.24,341280
05/04/1999,0.24,0.27,0.23,0.27,0.26,576720
06/04/1999,0.26,0.27,0.26,0.26,0.26,84240
07/04/1999,0.27,0.28,0.27,0.28,0.27,68040
08/04/1999,0.28,0.28,0.27,0.27,0.26,108000
09/04/1999,0.25,0.28,0.25,0.28,0.28,190080
12/04/1999,0.27,0.27,0.27,0.27,0.26,17280
13/04/1999,0.28,0.28,0.28,0.28,0.27,32400
14/04/1999,0.25,0.26,0.25,0.26,0.25,409320
15/04/1999,0.27,0.27,0.27,0.27,0.27,2160
16/04/1999,0.28,0.28,0.27,0.27,0.26,114480
19/04/1999,0.27,0.27,0.27,0.27,0.26,2160
20/04/1999,0.27,0.27,0.27,0.27,0.27,10800
21/04/1999,0.27,0.27,0.27,0.27,0.26,2160
22/04/1999,0.27,0.27,0.27,0.27,0.26,0
23/04/1999,0.27,0.27,0.27,0.27,0.26,2160
26/04/1999,0.27,0.27,0.27,0.27,0.26,0
27/04/1999,0.28,0.28,0.28,0.28,0.27,44280
28/04/1999,0.28,0.28,0.28,0.28,0.27,0
29/04/1999,0.28,0.28,0.28,0.28,0.27,0
30/04/1999,0.27,0.27,0.27,0.27,0.27,43200
03/05/1999,0.27,0.27,0.27,0.27,0.27,0
04/05/1999,0.27,0.27,0.27,0.27,0.27,23760
05/05/1999,0.27,0.27,0.27,0.27,0.27,0
06/05/1999,0.28,0.28,0.28,0.28,0.27,5400
07/05/1999,0.27,0.27,0.27,0.27,0.26,2160
10/05/1999,0.27,0.28,0.27,0.28,0.27,4320
11/05/1999,0.28,0.28,0.28,0.28,0.27,0
12/05/1999,0.28,0.28,0.28,0.28,0.27,0
13/05/1999,0.28,0.28,0.28,0.28,0.27,0
14/05/1999,0.27,0.27,0.27,0.27,0.26,2160
17/05/1999,0.27,0.27,0.27,0.27,0.26,0
18/05/1999,0.28,0.28,0.27,0.28,0.27,597240
19/05/1999,0.27,0.27,0.26,0.26,0.26,406080
20/05/1999,0.27,0.27,0.25,0.25,0.25,6480
21/05/1999,0.25,0.25,0.25,0.25,0.25,0
24/05/1999,0.27,0.27,0.26,0.27,0.27,114480
25/05/1999,0.28,0.28,0.25,0.28,0.27,37800
26/05/1999,0.29,0.29,0.25,0.27,0.26,56160
27/05/1999,0.28,0.28,0.28,0.28,0.27,10800
28/05/1999,0.28,0.28,0.28,0.28,0.27,0
01/06/1999,0.28,0.28,0.28,0.28,0.27,1080
02/06/1999,0.27,0.27,0.25,0.25,0.25,154440
03/06/1999,0.28,0.28,0.28,0.28,0.27,12960
04/06/1999,0.28,0.29,0.25,0.27,0.26,274320
07/06/1999,0.28,0.28,0.27,0.27,0.26,69120
08/06/1999,0.27,0.32,0.27,0.3,0.3,496800
09/06/1999,0.37,0.38,0.35,0.36,0.35,224640
10/06/1999,0.36,0.36,0.36,0.36,0.36,19440
11/06/1999,0.37,0.37,0.31,0.31,0.31,379080
14/06/1999,0.32,0.32,0.32,0.32,0.32,21600
15/06/1999,0.31,0.36,0.29,0.29,0.29,335880
16/06/1999,0.31,0.32,0.31,0.32,0.32,226800
17/06/1999,0.35,0.38,0.35,0.37,0.36,123120
18/06/1999,0.38,0.38,0.35,0.38,0.37,158760
21/06/1999,0.38,0.38,0.36,0.36,0.35,28080
22/06/1999,0.36,0.37,0.36,0.37,0.36,31320
23/06/1999,0.36,0.38,0.36,0.38,0.37,138240
24/06/1999,0.36,0.36,0.36,0.36,0.35,32400
25/06/1999,0.36,0.36,0.34,0.34,0.33,11880
28/06/1999,0.34,0.34,0.32,0.32,0.32,14040
29/06/1999,0.32,0.32,0.32,0.32,0.32,0
30/06/1999,0.32,0.32,0.32,0.32,0.32,0
01/07/1999,0.32,0.32,0.32,0.32,0.32,0
02/07/1999,0.36,0.36,0.3,0.3,0.3,75600
06/07/1999,0.32,0.32,0.32,0.32,0.32,79920
07/07/1999,0.32,0.32,0.32,0.32,0.32,0
08/07/1999,0.33,0.33,0.33,0.33,0.32,151200
09/07/1999,0.34,0.37,0.34,0.37,0.36,132840
12/07/1999,0.37,0.37,0.34,0.34,0.33,97200
13/07/1999,0.34,0.37,0.34,0.37,0.36,62640
14/07/1999,0.33,0.37,0.33,0.37,0.36,30240
15/07/1999,0.36,0.37,0.36,0.37,0.36,85320
16/07/1999,0.37,0.37,0.37,0.37,0.36,3240
19/07/1999,0.36,0.36,0.36,0.36,0.35,32400
20/07/1999,0.36,0.36,0.36,0.36,0.35,0
21/07/1999,0.36,0.36,0.36,0.36,0.35,0
22/07/1999,0.35,0.35,0.35,0.35,0.34,29160
23/07/1999,0.36,0.36,0.36,0.36,0.36,52920
26/07/1999,0.34,0.34,0.34,0.34,0.33,32400
27/07/1999,0.36,0.36,0.36,0.36,0.35,10800
28/07/1999,0.36,0.36,0.36,0.36,0.35,33480
29/07/1999,0.37,0.37,0.36,0.36,0.35,66960
30/07/1999,0.35,0.36,0.35,0.36,0.35,44280
02/08/1999,0.33,0.36,0.33,0.36,0.35,74520
03/08/1999,0.35,0.36,0.35,0.36,0.35,17280
04/08/1999,0.34,0.35,0.32,0.32,0.31,49680
05/08/1999,0.32,0.34,0.32,0.34,0.33,69120
06/08/1999,0.32,0.34,0.31,0.34,0.33,46440
09/08/1999,0.32,0.34,0.32,0.34,0.33,47520
10/08/1999,0.32,0.34,0.32,0.32,0.32,359640
11/08/1999,0.35,0.35,0.35,0.35,0.34,32400
12/08/1999,0.36,0.36,0.35,0.35,0.34,32400
13/08/1999,0.36,0.36,0.35,0.36,0.35,33480
16/08/1999,0.36,0.36,0.36,0.36,0.35,0
17/08/1999,0.36,0.36,0.36,0.36,0.35,5400
18/08/1999,0.35,0.35,0.32,0.32,0.32,99360
19/08/1999,0.36,0.36,0.36,0.36,0.35,5400
20/08/1999,0.36,0.36,0.36,0.36,0.35,0
23/08/1999,0.34,0.34,0.34,0.34,0.33,6480
24/08/1999,0.35,0.35,0.32,0.35,0.35,54000
25/08/1999,0.35,0.35,0.35,0.35,0.35,5400
26/08/1999,0.35,0.36,0.35,0.36,0.35,130680
27/08/1999,0.35,0.35,0.33,0.33,0.32,7560
30/08/1999,0.33,0.33,0.33,0.33,0.32,0
31/08/1999,0.34,0.34,0.3,0.3,0.3,70200
01/09/1999,0.3,0.3,0.3,0.3,0.3,0
02/09/1999,0.3,0.3,0.3,0.3,0.3,0
03/09/1999,0.32,0.32,0.32,0.32,0.32,2160
07/09/1999,0.32,0.32,0.32,0.32,0.32,0
08/09/1999,0.32,0.32,0.32,0.32,0.32,2160
09/09/1999,0.33,0.33,0.32,0.32,0.32,48600
10/09/1999,0.32,0.32,0.32,0.32,0.32,0
13/09/1999,0.34,0.34,0.31,0.34,0.33,280800
14/09/1999,0.33,0.33,0.3,0.32,0.32,36720
15/09/1999,0.33,0.33,0.33,0.33,0.32,367200
16/09/1999,0.33,0.33,0.32,0.32,0.32,250560
17/09/1999,0.33,0.33,0.32,0.32,0.32,64800
20/09/1999,0.33,0.33,0.33,0.33,0.32,68040
21/09/1999,0.33,0.33,0.32,0.32,0.32,291600
22/09/1999,0.33,0.33,0.33,0.33,0.32,16200
23/09/1999,0.32,0.32,0.32,0.32,0.31,59400
24/09/1999,0.31,0.31,0.29,0.31,0.31,122040
27/09/1999,0.31,0.31,0.31,0.31,0.31,2160
28/09/1999,0.31,0.31,0.31,0.31,0.31,43200
29/09/1999,0.32,0.34,0.31,0.34,0.34,848880
30/09/1999,0.36,0.36,0.34,0.36,0.35,442800
01/10/1999,0.35,0.35,0.32,0.32,0.32,92880
04/10/1999,0.32,0.33,0.31,0.31,0.31,118800
05/10/1999,0.31,0.32,0.31,0.32,0.31,57240
06/10/1999,0.32,0.34,0.31,0.32,0.32,157680
07/10/1999,0.32,0.34,0.32,0.32,0.32,307800
08/10/1999,0.33,0.35,0.33,0.33,0.32,490320
11/10/1999,0.33,0.33,0.33,0.33,0.32,0
12/10/1999,0.32,0.32,0.3,0.3,0.29,33480
13/10/1999,0.3,0.3,0.3,0.3,0.29,0
14/10/1999,0.31,0.31,0.31,0.31,0.3,2160
15/10/1999,0.3,0.3,0.3,0.3,0.3,21600
18/10/1999,0.3,0.3,0.3,0.3,0.3,97200
19/10/1999,0.28,0.29,0.28,0.29,0.28,41040
20/10/1999,0.3,0.3,0.3,0.3,0.29,37800
21/10/1999,0.29,0.29,0.27,0.28,0.27,419040
22/10/1999,0.28,0.28,0.27,0.27,0.27,75600
25/10/1999,0.28,0.28,0.28,0.28,0.27,136080
26/10/1999,0.28,0.28,0.28,0.28,0.27,0
27/10/1999,0.28,0.28,0.28,0.28,0.27,0
28/10/1999,0.28,0.28,0.28,0.28,0.27,0
29/10/1999,0.28,0.28,0.27,0.27,0.27,21600
01/11/1999,0.27,0.28,0.27,0.28,0.27,165240
02/11/1999,0.27,0.28,0.27,0.28,0.27,802440
03/11/1999,0.28,0.3,0.28,0.3,0.3,19440
04/11/1999,0.3,0.38,0.3,0.33,0.32,291600
05/11/1999,0.33,0.33,0.33,0.33,0.32,25920
08/11/1999,0.32,0.33,0.32,0.32,0.32,9720
09/11/1999,0.34,0.35,0.34,0.35,0.34,4320
10/11/1999,0.36,0.36,0.36,0.36,0.36,22680
11/11/1999,0.36,0.36,0.36,0.36,0.36,125280
12/11/1999,0.35,0.35,0.34,0.34,0.33,368280
15/11/1999,0.36,0.36,0.35,0.35,0.34,9720
16/11/1999,0.35,0.35,0.35,0.35,0.34,0
17/11/1999,0.35,0.35,0.35,0.35,0.34,0
18/11/1999,0.33,0.35,0.33,0.35,0.34,7560
19/11/1999,0.35,0.35,0.35,0.35,0.34,0
22/11/1999,0.33,0.33,0.33,0.33,0.32,3240
23/11/1999,0.34,0.34,0.34,0.34,0.33,1080
24/11/1999,0.33,0.33,0.33,0.33,0.32,2160
26/11/1999,0.33,0.33,0.33,0.33,0.32,0
29/11/1999,0.33,0.33,0.33,0.33,0.32,50760
30/11/1999,0.33,0.33,0.33,0.33,0.32,16200
01/12/1999,0.33,0.33,0.33,0.33,0.32,0
02/12/1999,0.34,0.34,0.33,0.33,0.32,86400
03/12/1999,0.33,0.33,0.32,0.32,0.32,46440
06/12/1999,0.34,0.34,0.33,0.33,0.32,68040
07/12/1999,0.34,0.34,0.34,0.34,0.34,32400
08/12/1999,0.32,0.32,0.32,0.32,0.32,45360
09/12/1999,0.32,0.32,0.3,0.32,0.32,119880
10/12/1999,0.32,0.32,0.32,0.32,0.31,1080
13/12/1999,0.35,0.35,0.32,0.32,0.31,25920
14/12/1999,0.3,0.3,0.3,0.3,0.29,10800
15/12/1999,0.31,0.31,0.31,0.31,0.3,11880
16/12/1999,0.32,0.32,0.32,0.32,0.31,14040
17/12/1999,0.32,0.32,0.32,0.32,0.31,0
20/12/1999,0.32,0.32,0.3,0.3,0.3,287280
21/12/1999,0.3,0.3,0.3,0.3,0.3,0
22/12/1999,0.3,0.3,0.3,0.3,0.3,151200
23/12/1999,0.31,0.31,0.31,0.31,0.31,11880
27/12/1999,0.31,0.32,0.31,0.32,0.32,11880
28/12/1999,0.31,0.31,0.3,0.3,0.29,178200
29/12/1999,0.3,0.3,0.3,0.3,0.29,27000
30/12/1999,0.3,0.3,0.29,0.3,0.3,97200
31/12/1999,0.3,0.3,0.3,0.3,0.29,14040
03/01/2000,0.3,0.3,0.3,0.3,0.29,0
04/01/2000,0.3,0.3,0.3,0.3,0.29,5400
05/01/2000,0.31,0.31,0.29,0.3,0.3,105840
06/01/2000,0.3,0.3,0.3,0.3,0.3,15120
07/01/2000,0.32,0.32,0.32,0.32,0.31,16200
10/01/2000,0.32,0.34,0.32,0.33,0.32,253800
11/01/2000,0.34,0.34,0.34,0.34,0.33,10800
12/01/2000,0.33,0.33,0.32,0.32,0.32,44280
13/01/2000,0.31,0.31,0.3,0.3,0.3,45360
14/01/2000,0.29,0.29,0.29,0.29,0.29,4320
18/01/2000,0.3,0.32,0.3,0.32,0.32,39960
19/01/2000,0.31,0.34,0.3,0.31,0.31,146880
20/01/2000,0.3,0.3,0.3,0.3,0.3,16200
21/01/2000,0.31,0.31,0.31,0.31,0.31,97200
24/01/2000,0.32,0.32,0.32,0.32,0.32,14040
25/01/2000,0.3,0.34,0.3,0.32,0.32,128520
26/01/2000,0.31,0.31,0.31,0.31,0.31,5400
27/01/2000,0.31,0.31,0.31,0.31,0.31,0
28/01/2000,0.31,0.31,0.31,0.31,0.31,16200
31/01/2000,0.31,0.31,0.29,0.29,0.28,84240
01/02/2000,0.3,0.32,0.3,0.32,0.32,393120
02/02/2000,0.3,0.3,0.3,0.3,0.3,3240
03/02/2000,0.32,0.32,0.32,0.32,0.32,21600
04/02/2000,0.32,0.32,0.31,0.31,0.31,18360
07/02/2000,0.31,0.32,0.3,0.32,0.32,187920
08/02/2000,0.32,0.32,0.32,0.32,0.32,0
09/02/2000,0.32,0.32,0.32,0.32,0.32,10800
10/02/2000,0.32,0.33,0.31,0.33,0.32,55080
11/02/2000,0.32,0.32,0.31,0.31,0.31,47520
14/02/2000,0.32,0.32,0.31,0.32,0.31,168480
15/02/2000,0.32,0.32,0.31,0.31,0.31,118800
16/02/2000,0.32,0.32,0.31,0.31,0.31,36720
17/02/2000,0.31,0.32,0.31,0.32,0.31,110160
18/02/2000,0.31,0.31,0.31,0.31,0.3,77760
22/02/2000,0.32,0.32,0.3,0.3,0.3,120960
23/02/2000,0.3,0.3,0.3,0.3,0.3,0
24/02/2000,0.3,0.3,0.3,0.3,0.3,0
25/02/2000,0.3,0.3,0.3,0.3,0.29,73440
28/02/2000,0.3,0.3,0.3,0.3,0.29,32400
29/02/2000,0.3,0.3,0.29,0.29,0.28,285120
01/03/2000,0.28,0.29,0.28,0.28,0.28,86400
02/03/2000,0.3,0.3,0.3,0.3,0.3,96120
03/03/2000,0.3,0.35,0.3,0.32,0.32,685800
06/03/2000,0.32,0.32,0.3,0.3,0.29,43200
07/03/2000,0.29,0.29,0.29,0.29,0.28,54000
08/03/2000,0.29,0.29,0.29,0.29,0.28,4320
09/03/2000,0.29,0.32,0.28,0.32,0.32,95040
10/03/2000,0.29,0.35,0.29,0.35,0.34,89640
13/03/2000,0.38,0.46,0.32,0.38,0.38,2104920
14/03/2000,0.39,0.41,0.32,0.35,0.34,321840
15/03/2000,0.35,0.35,0.34,0.35,0.34,20520
16/03/2000,0.32,0.32,0.3,0.32,0.32,43200
17/03/2000,0.31,0.35,0.31,0.35,0.34,63720
20/03/2000,0.35,0.35,0.34,0.34,0.34,20520
21/03/2000,0.32,0.32,0.32,0.32,0.32,1080
22/03/2000,0.32,0.32,0.3,0.32,0.32,27000
23/03/2000,0.31,0.31,0.31,0.31,0.31,49680
24/03/2000,0.32,0.32,0.32,0.32,0.32,10800
27/03/2000,0.34,0.38,0.32,0.34,0.33,168480
28/03/2000,0.35,0.35,0.34,0.34,0.33,16200
29/03/2000,0.34,0.34,0.34,0.34,0.33,5400
30/03/2000,0.31,0.31,0.3,0.3,0.3,59400
31/03/2000,0.3,0.3,0.3,0.3,0.3,0
03/04/2000,0.3,0.31,0.3,0.31,0.3,386640
04/04/2000,0.32,0.32,0.3,0.3,0.3,142560
05/04/2000,0.3,0.3,0.3,0.3,0.3,0
06/04/2000,0.32,0.32,0.32,0.32,0.32,5400
07/04/2000,0.31,0.32,0.31,0.32,0.32,219240
10/04/2000,0.37,0.37,0.32,0.32,0.32,42120
11/04/2000,0.32,0.32,0.32,0.32,0.32,12960
12/04/2000,0.33,0.33,0.33,0.33,0.32,203040
13/04/2000,0.32,0.32,0.32,0.32,0.32,31320
14/04/2000,0.32,0.32,0.32,0.32,0.32,3240
17/04/2000,0.3,0.32,0.3,0.32,0.31,24840
18/04/2000,0.32,0.36,0.32,0.32,0.32,263520
19/04/2000,0.32,0.32,0.32,0.32,0.32,28080
20/04/2000,0.32,0.32,0.32,0.32,0.32,33480
24/04/2000,0.32,0.32,0.32,0.32,0.32,0
25/04/2000,0.32,0.32,0.32,0.32,0.32,0
26/04/2000,0.33,0.33,0.32,0.32,0.32,7560
27/04/2000,0.32,0.32,0.32,0.32,0.31,71280
28/04/2000,0.32,0.32,0.32,0.32,0.32,10800
01/05/2000,0.3,0.32,0.3,0.32,0.32,23760
02/05/2000,0.32,0.32,0.31,0.31,0.31,143640
03/05/2000,0.31,0.31,0.31,0.31,0.31,1080
04/05/2000,0.3,0.3,0.3,0.3,0.3,10800
05/05/2000,0.31,0.31,0.31,0.31,0.31,56160
08/05/2000,0.3,0.3,0.3,0.3,0.3,21600
09/05/2000,0.3,0.31,0.3,0.31,0.3,54000
10/05/2000,0.32,0.32,0.3,0.3,0.3,16200
11/05/2000,0.3,0.3,0.3,0.3,0.3,0
12/05/2000,0.3,0.3,0.3,0.3,0.3,0
15/05/2000,0.33,0.37,0.33,0.36,0.36,203040
16/05/2000,0.39,0.39,0.36,0.39,0.38,266760
17/05/2000,0.38,0.42,0.37,0.42,0.41,1313280
18/05/2000,0.42,0.43,0.41,0.42,0.41,169560
19/05/2000,0.39,0.39,0.38,0.38,0.37,38880
22/05/2000,0.38,0.38,0.38,0.38,0.38,34560
23/05/2000,0.39,0.39,0.37,0.37,0.36,360720
24/05/2000,0.36,0.36,0.31,0.31,0.31,113400
25/05/2000,0.31,0.31,0.31,0.31,0.31,0
26/05/2000,0.32,0.34,0.32,0.34,0.34,14040
30/05/2000,0.34,0.34,0.34,0.34,0.33,21600
31/05/2000,0.34,0.34,0.33,0.33,0.32,101520
01/06/2000,0.36,0.36,0.33,0.33,0.32,45360
02/06/2000,0.36,0.36,0.33,0.33,0.32,7560
05/06/2000,0.34,0.34,0.32,0.34,0.33,37800
06/06/2000,0.33,0.33,0.33,0.33,0.32,10800
07/06/2000,0.35,0.35,0.35,0.35,0.34,15120
08/06/2000,0.34,0.36,0.34,0.36,0.35,75600
09/06/2000,0.36,0.36,0.36,0.36,0.35,0
12/06/2000,0.36,0.36,0.36,0.36,0.35,0
13/06/2000,0.36,0.36,0.36,0.36,0.35,0
14/06/2000,0.36,0.36,0.36,0.36,0.35,0
15/06/2000,0.35,0.35,0.35,0.35,0.35,2160
16/06/2000,0.36,0.37,0.35,0.36,0.35,103680
19/06/2000,0.36,0.37,0.36,0.37,0.36,61560
20/06/2000,0.37,0.38,0.37,0.38,0.37,75600
21/06/2000,0.39,0.39,0.35,0.35,0.35,114480
22/06/2000,0.39,0.39,0.33,0.33,0.33,194400
23/06/2000,0.35,0.36,0.35,0.36,0.36,2160
26/06/2000,0.32,0.32,0.32,0.32,0.32,38880
27/06/2000,0.32,0.32,0.32,0.32,0.32,0
28/06/2000,0.32,0.32,0.32,0.32,0.32,0
29/06/2000,0.32,0.32,0.32,0.32,0.32,0
30/06/2000,0.34,0.34,0.34,0.34,0.34,5400
03/07/2000,0.34,0.34,0.34,0.34,0.34,0
05/07/2000,0.35,0.36,0.32,0.32,0.31,21600
06/07/2000,0.36,0.36,0.36,0.36,0.35,4320
07/07/2000,0.36,0.36,0.36,0.36,0.35,0
10/07/2000,0.36,0.36,0.36,0.36,0.35,0
11/07/2000,0.36,0.36,0.36,0.36,0.35,0
12/07/2000,0.32,0.32,0.32,0.32,0.32,25920
13/07/2000,0.32,0.32,0.32,0.32,0.32,0
14/07/2000,0.32,0.32,0.32,0.32,0.32,0
17/07/2000,0.32,0.35,0.32,0.32,0.31,31320
18/07/2000,0.36,0.37,0.34,0.34,0.34,32400
19/07/2000,0.34,0.34,0.34,0.34,0.34,0
20/07/2000,0.36,0.36,0.36,0.36,0.35,37800
21/07/2000,0.36,0.37,0.36,0.36,0.35,30240
24/07/2000,0.37,0.37,0.37,0.37,0.36,30240
25/07/2000,0.36,0.38,0.36,0.38,0.38,6480
26/07/2000,0.38,0.38,0.38,0.38,0.37,10800
27/07/2000,0.37,0.37,0.37,0.37,0.36,21600
28/07/2000,0.35,0.35,0.35,0.35,0.35,16200
31/07/2000,0.35,0.35,0.35,0.35,0.35,0
01/08/2000,0.36,0.36,0.36,0.36,0.35,4320
02/08/2000,0.37,0.37,0.36,0.36,0.35,105840
03/08/2000,0.36,0.36,0.36,0.36,0.35,0
04/08/2000,0.34,0.34,0.3,0.32,0.31,510840
07/08/2000,0.32,0.33,0.31,0.32,0.31,111240
08/08/2000,0.31,0.31,0.31,0.31,0.31,1080
09/08/2000,0.32,0.32,0.32,0.32,0.31,48600
10/08/2000,0.32,0.32,0.32,0.32,0.31,10800
11/08/2000,0.32,0.32,0.32,0.32,0.32,43200
14/08/2000,0.32,0.32,0.32,0.32,0.32,10800
15/08/2000,0.32,0.32,0.32,0.32,0.32,0
16/08/2000,0.32,0.32,0.32,0.32,0.32,0
17/08/2000,0.31,0.31,0.31,0.31,0.3,11880
18/08/2000,0.33,0.33,0.33,0.33,0.32,1080
21/08/2000,0.32,0.32,0.3,0.31,0.3,510840
22/08/2000,0.31,0.32,0.31,0.32,0.32,27000
23/08/2000,0.31,0.33,0.31,0.33,0.32,16200
24/08/2000,0.33,0.33,0.33,0.33,0.32,0
25/08/2000,0.31,0.35,0.31,0.35,0.34,24840
28/08/2000,0.35,0.35,0.35,0.35,0.34,0
29/08/2000,0.35,0.35,0.35,0.35,0.34,0
30/08/2000,0.34,0.34,0.34,0.34,0.33,10800
31/08/2000,0.34,0.34,0.32,0.32,0.32,44280
01/09/2000,0.32,0.32,0.32,0.32,0.32,8640
05/09/2000,0.35,0.35,0.35,0.35,0.34,140400
06/09/2000,0.34,0.34,0.34,0.34,0.33,62640
07/09/2000,0.36,0.36,0.36,0.36,0.35,143640
08/09/2000,0.35,0.36,0.35,0.36,0.36,76680
11/09/2000,0.35,0.35,0.35,0.35,0.34,52920
12/09/2000,0.36,0.37,0.35,0.37,0.36,157680
13/09/2000,0.37,0.39,0.36,0.37,0.36,554040
14/09/2000,0.38,0.38,0.37,0.37,0.36,28080
15/09/2000,0.36,0.36,0.36,0.36,0.35,1080
18/09/2000,0.37,0.37,0.36,0.36,0.35,7560
19/09/2000,0.36,0.36,0.36,0.36,0.35,182520
20/09/2000,0.36,0.36,0.34,0.34,0.33,582120
21/09/2000,0.34,0.34,0.31,0.32,0.31,847800
22/09/2000,0.33,0.37,0.33,0.36,0.36,43200
25/09/2000,0.44,0.53,0.36,0.36,0.36,764640
26/09/2000,0.36,0.37,0.36,0.37,0.36,105840
27/09/2000,0.37,0.38,0.37,0.38,0.38,81000
28/09/2000,0.38,0.41,0.38,0.39,0.39,46440
29/09/2000,0.39,0.42,0.39,0.41,0.4,171720
02/10/2000,0.4,0.42,0.37,0.37,0.36,493560
03/10/2000,0.38,0.38,0.36,0.36,0.35,130680
04/10/2000,0.35,0.38,0.34,0.34,0.34,248400
05/10/2000,0.34,0.37,0.34,0.37,0.36,182520
06/10/2000,0.39,0.39,0.39,0.39,0.38,5400
09/10/2000,0.39,0.39,0.39,0.39,0.38,0
10/10/2000,0.35,0.35,0.35,0.35,0.34,9720
11/10/2000,0.38,0.38,0.34,0.38,0.38,11880
12/10/2000,0.37,0.37,0.34,0.37,0.36,133920
13/10/2000,0.35,0.35,0.34,0.34,0.34,92880
16/10/2000,0.37,0.38,0.36,0.37,0.36,55080
17/10/2000,0.34,0.34,0.34,0.34,0.33,123120
18/10/2000,0.36,0.36,0.32,0.32,0.32,22680
19/10/2000,0.36,0.36,0.33,0.33,0.32,3240
20/10/2000,0.33,0.33,0.33,0.33,0.32,0
23/10/2000,0.34,0.34,0.34,0.34,0.33,36720
24/10/2000,0.35,0.35,0.35,0.35,0.34,2160
25/10/2000,0.34,0.34,0.34,0.34,0.33,100440
26/10/2000,0.34,0.34,0.32,0.32,0.32,194400
27/10/2000,0.32,0.32,0.32,0.32,0.32,0
30/10/2000,0.32,0.34,0.32,0.34,0.33,108000
31/10/2000,0.34,0.34,0.34,0.34,0.33,41040
01/11/2000,0.34,0.34,0.34,0.34,0.33,0
02/11/2000,0.34,0.34,0.34,0.34,0.33,7560
03/11/2000,0.34,0.34,0.34,0.34,0.33,0
06/11/2000,0.34,0.34,0.34,0.34,0.33,1080
07/11/2000,0.34,0.34,0.34,0.34,0.33,52920
08/11/2000,0.35,0.36,0.35,0.35,0.34,145800
09/11/2000,0.35,0.35,0.35,0.35,0.34,0
10/11/2000,0.36,0.36,0.35,0.36,0.35,14040
13/11/2000,0.35,0.35,0.34,0.34,0.33,36720
14/11/2000,0.34,0.34,0.33,0.33,0.33,118800
15/11/2000,0.33,0.37,0.33,0.35,0.34,186840
16/11/2000,0.33,0.33,0.33,0.33,0.32,7560
17/11/2000,0.35,0.35,0.34,0.34,0.34,12960
20/11/2000,0.34,0.34,0.33,0.33,0.32,45360
21/11/2000,0.32,0.32,0.32,0.32,0.32,6480
22/11/2000,0.31,0.31,0.31,0.31,0.31,64800
24/11/2000,0.3,0.3,0.29,0.29,0.29,21600
27/11/2000,0.32,0.37,0.32,0.32,0.31,96120
28/11/2000,0.31,0.31,0.31,0.31,0.31,76680
29/11/2000,0.3,0.3,0.3,0.3,0.3,64800
30/11/2000,0.31,0.31,0.31,0.31,0.3,142560
01/12/2000,0.31,0.31,0.31,0.31,0.3,0
04/12/2000,0.31,0.31,0.31,0.31,0.3,27000
05/12/2000,0.32,0.32,0.32,0.32,0.31,45360
06/12/2000,0.31,0.31,0.31,0.31,0.3,47520
07/12/2000,0.31,0.31,0.3,0.3,0.29,162000
08/12/2000,0.32,0.32,0.32,0.32,0.32,38880
11/12/2000,0.35,0.37,0.34,0.34,0.33,146880
12/12/2000,0.32,0.32,0.32,0.32,0.32,46440
13/12/2000,0.32,0.32,0.32,0.32,0.32,17280
14/12/2000,0.32,0.32,0.32,0.32,0.32,54000
15/12/2000,0.33,0.36,0.33,0.36,0.35,20520
18/12/2000,0.33,0.33,0.33,0.33,0.32,32400
19/12/2000,0.34,0.34,0.34,0.34,0.34,1080
20/12/2000,0.34,0.34,0.34,0.34,0.34,0
21/12/2000,0.33,0.33,0.33,0.33,0.32,87480
22/12/2000,0.33,0.33,0.33,0.33,0.32,42120
26/12/2000,0.33,0.33,0.33,0.33,0.32,100440
27/12/2000,0.33,0.33,0.33,0.33,0.32,11880
28/12/2000,0.33,0.33,0.33,0.33,0.32,70200
29/12/2000,0.33,0.33,0.32,0.33,0.32,211680
02/01/2001,0.32,0.32,0.31,0.32,0.31,68040
03/01/2001,0.32,0.34,0.32,0.34,0.33,457920
04/01/2001,0.34,0.34,0.34,0.34,0.33,5400
05/01/2001,0.34,0.34,0.34,0.34,0.33,0
08/01/2001,0.34,0.35,0.32,0.32,0.32,64800
09/01/2001,0.34,0.34,0.34,0.34,0.33,6480
10/01/2001,0.34,0.34,0.34,0.34,0.33,230040
11/01/2001,0.34,0.34,0.34,0.34,0.33,6480
12/01/2001,0.34,0.38,0.34,0.35,0.34,129600
16/01/2001,0.35,0.35,0.35,0.35,0.34,0
17/01/2001,0.37,0.37,0.37,0.37,0.36,120960
18/01/2001,0.36,0.36,0.36,0.36,0.35,36720
19/01/2001,0.36,0.36,0.36,0.36,0.35,56160
22/01/2001,0.37,0.38,0.37,0.38,0.37,122040
23/01/2001,0.38,0.38,0.38,0.38,0.37,62640
24/01/2001,0.37,0.38,0.37,0.38,0.38,24840
25/01/2001,0.39,0.4,0.39,0.4,0.39,78840
26/01/2001,0.41,0.43,0.41,0.42,0.42,105840
29/01/2001,0.42,0.42,0.42,0.42,0.41,20520
30/01/2001,0.42,0.42,0.42,0.42,0.41,10800
31/01/2001,0.43,0.43,0.41,0.41,0.4,129600
01/02/2001,0.44,0.49,0.44,0.46,0.46,238680
02/02/2001,0.46,0.46,0.44,0.44,0.43,81000
05/02/2001,0.44,0.44,0.44,0.44,0.43,51840
06/02/2001,0.43,0.43,0.38,0.42,0.41,52920
07/02/2001,0.41,0.41,0.41,0.41,0.4,22680
08/02/2001,0.42,0.42,0.42,0.42,0.42,5400
09/02/2001,0.42,0.42,0.42,0.42,0.42,0
12/02/2001,0.42,0.42,0.42,0.42,0.42,0
13/02/2001,0.43,0.43,0.43,0.43,0.42,51840
14/02/2001,0.43,0.43,0.39,0.39,0.39,51840
15/02/2001,0.43,0.46,0.43,0.44,0.43,169560
16/02/2001,0.46,0.46,0.43,0.43,0.42,70200
20/02/2001,0.44,0.47,0.42,0.42,0.41,155520
21/02/2001,0.46,0.46,0.46,0.46,0.46,21600
22/02/2001,0.44,0.44,0.44,0.44,0.43,75600
23/02/2001,0.45,0.45,0.43,0.43,0.42,31320
26/02/2001,0.43,0.44,0.43,0.44,0.43,36720
27/02/2001,0.45,0.45,0.43,0.43,0.42,23760
28/02/2001,0.44,0.45,0.44,0.45,0.44,43200
01/03/2001,0.43,0.46,0.43,0.46,0.46,23760
02/03/2001,0.46,0.47,0.46,0.47,0.47,76680
05/03/2001,0.47,0.49,0.47,0.47,0.47,81000
06/03/2001,0.46,0.46,0.46,0.46,0.46,38880
07/03/2001,0.46,0.46,0.46,0.46,0.46,62640
08/03/2001,0.49,0.49,0.46,0.46,0.45,47520
09/03/2001,0.46,0.46,0.42,0.46,0.45,103680
12/03/2001,0.46,0.46,0.45,0.46,0.46,150120
13/03/2001,0.47,0.47,0.45,0.45,0.44,61560
14/03/2001,0.46,0.46,0.46,0.46,0.46,111240
15/03/2001,0.46,0.46,0.44,0.44,0.43,125280
16/03/2001,0.43,0.45,0.43,0.45,0.44,33480
19/03/2001,0.44,0.44,0.44,0.44,0.43,37800
20/03/2001,0.46,0.47,0.45,0.45,0.44,39960
21/03/2001,0.45,0.45,0.44,0.44,0.43,56160
22/03/2001,0.44,0.44,0.42,0.43,0.42,43200
23/03/2001,0.43,0.43,0.43,0.43,0.42,0
26/03/2001,0.45,0.45,0.42,0.42,0.41,33480
27/03/2001,0.42,0.42,0.42,0.42,0.41,0
28/03/2001,0.45,0.45,0.42,0.43,0.42,44280
29/03/2001,0.43,0.43,0.43,0.43,0.42,20520
30/03/2001,0.44,0.44,0.44,0.44,0.43,8640
02/04/2001,0.44,0.44,0.44,0.44,0.43,18360
03/04/2001,0.44,0.44,0.44,0.44,0.43,24840
04/04/2001,0.43,0.43,0.43,0.43,0.42,32400
05/04/2001,0.43,0.44,0.38,0.44,0.43,117720
06/04/2001,0.44,0.44,0.44,0.44,0.43,0
09/04/2001,0.33,0.33,0.33,0.33,0.32,37800
10/04/2001,0.4,0.47,0.4,0.46,0.46,162000
11/04/2001,0.47,0.51,0.46,0.51,0.5,152280
12/04/2001,0.51,0.51,0.47,0.47,0.47,83160
16/04/2001,0.46,0.46,0.44,0.44,0.44,43200
17/04/2001,0.46,0.47,0.46,0.47,0.47,48600
18/04/2001,0.47,0.47,0.47,0.47,0.47,21600
19/04/2001,0.47,0.48,0.47,0.47,0.47,72360
20/04/2001,0.47,0.47,0.47,0.47,0.47,12960
23/04/2001,0.47,0.47,0.47,0.47,0.47,21600
24/04/2001,0.47,0.47,0.47,0.47,0.47,119880
25/04/2001,0.47,0.5,0.47,0.49,0.48,139320
26/04/2001,0.49,0.49,0.49,0.49,0.48,30240
27/04/2001,0.49,0.49,0.49,0.49,0.48,0
30/04/2001,0.49,0.49,0.49,0.49,0.48,0
01/05/2001,0.49,0.49,0.49,0.49,0.48,0
02/05/2001,0.51,0.51,0.49,0.51,0.5,48600
03/05/2001,0.53,0.53,0.49,0.49,0.48,114480
04/05/2001,0.49,0.49,0.49,0.49,0.48,27000
07/05/2001,0.48,0.48,0.46,0.46,0.46,47520
08/05/2001,0.46,0.48,0.46,0.48,0.47,38880
09/05/2001,0.48,0.48,0.48,0.48,0.47,27000
10/05/2001,0.48,0.48,0.48,0.48,0.47,0
11/05/2001,0.46,0.49,0.46,0.49,0.48,91800
14/05/2001,0.46,0.48,0.44,0.45,0.44,255960
15/05/2001,0.42,0.45,0.41,0.45,0.45,123120
16/05/2001,0.43,0.43,0.43,0.43,0.42,1080
17/05/2001,0.45,0.45,0.45,0.45,0.44,22680
18/05/2001,0.45,0.45,0.45,0.45,0.44,48600
21/05/2001,0.45,0.45,0.43,0.45,0.44,153360
22/05/2001,0.44,0.45,0.44,0.45,0.44,158760
23/05/2001,0.46,0.46,0.46,0.46,0.45,16200
24/05/2001,0.45,0.45,0.44,0.44,0.44,164160
25/05/2001,0.44,0.44,0.44,0.44,0.43,3240
29/05/2001,0.44,0.44,0.44,0.44,0.44,30240
30/05/2001,0.44,0.44,0.44,0.44,0.43,42120
31/05/2001,0.44,0.45,0.44,0.44,0.43,193320
01/06/2001,0.46,0.46,0.44,0.44,0.43,147960
04/06/2001,0.43,0.46,0.43,0.46,0.45,8640
05/06/2001,0.46,0.46,0.46,0.46,0.45,0
06/06/2001,0.46,0.46,0.44,0.44,0.43,29160
07/06/2001,0.44,0.47,0.44,0.44,0.44,55080
08/06/2001,0.44,0.44,0.44,0.44,0.44,5400
11/06/2001,0.44,0.44,0.44,0.44,0.44,0
12/06/2001,0.47,0.47,0.44,0.44,0.43,96120
13/06/2001,0.44,0.44,0.44,0.44,0.43,27000
14/06/2001,0.44,0.44,0.44,0.44,0.43,38880
15/06/2001,0.44,0.45,0.44,0.44,0.44,64800
18/06/2001,0.44,0.45,0.44,0.45,0.44,174960
19/06/2001,0.44,0.45,0.44,0.45,0.44,113400
20/06/2001,0.44,0.45,0.44,0.45,0.44,103680
21/06/2001,0.44,0.44,0.44,0.44,0.44,5400
22/06/2001,0.44,0.45,0.44,0.45,0.44,27000
25/06/2001,0.45,0.45,0.45,0.45,0.44,0
26/06/2001,0.44,0.44,0.44,0.44,0.44,37800
27/06/2001,0.44,0.44,0.44,0.44,0.44,0
28/06/2001,0.44,0.45,0.44,0.45,0.44,28080
29/06/2001,0.44,0.44,0.44,0.44,0.44,91800
02/07/2001,0.44,0.45,0.44,0.44,0.44,110160
03/07/2001,0.44,0.44,0.44,0.44,0.44,6480
05/07/2001,0.44,0.44,0.44,0.44,0.44,96120
06/07/2001,0.44,0.44,0.44,0.44,0.44,31320
09/07/2001,0.44,0.44,0.44,0.44,0.43,65880
10/07/2001,0.44,0.45,0.44,0.44,0.43,178200
11/07/2001,0.44,0.44,0.44,0.44,0.44,93960
12/07/2001,0.44,0.44,0.44,0.44,0.43,5400
13/07/2001,0.44,0.44,0.44,0.44,0.43,0
16/07/2001,0.44,0.44,0.44,0.44,0.44,38880
17/07/2001,0.44,0.44,0.44,0.44,0.43,12960
18/07/2001,0.44,0.44,0.44,0.44,0.43,12960
19/07/2001,0.44,0.44,0.44,0.44,0.44,29160
20/07/2001,0.44,0.44,0.44,0.44,0.44,0
23/07/2001,0.44,0.47,0.44,0.46,0.46,28080
24/07/2001,0.45,0.45,0.45,0.45,0.44,5400
25/07/2001,0.46,0.46,0.45,0.45,0.44,24840
26/07/2001,0.45,0.47,0.45,0.47,0.46,106920
27/07/2001,0.47,0.47,0.47,0.47,0.46,0
30/07/2001,0.47,0.47,0.47,0.47,0.46,0
31/07/2001,0.46,0.46,0.46,0.46,0.46,23760
01/08/2001,0.46,0.47,0.46,0.46,0.46,105840
02/08/2001,0.46,0.46,0.46,0.46,0.46,0
03/08/2001,0.46,0.46,0.46,0.46,0.46,0
06/08/2001,0.46,0.46,0.46,0.46,0.46,70200
07/08/2001,0.46,0.46,0.46,0.46,0.46,3240
08/08/2001,0.46,0.47,0.46,0.47,0.47,33480
09/08/2001,0.48,0.49,0.46,0.46,0.46,119880
10/08/2001,0.46,0.46,0.46,0.46,0.46,0
13/08/2001,0.46,0.46,0.46,0.46,0.46,1080
14/08/2001,0.46,0.46,0.46,0.46,0.46,0
15/08/2001,0.46,0.46,0.46,0.46,0.46,21600
16/08/2001,0.46,0.46,0.46,0.46,0.46,0
17/08/2001,0.46,0.46,0.46,0.46,0.46,0
20/08/2001,0.46,0.46,0.46,0.46,0.46,4320
21/08/2001,0.46,0.46,0.46,0.46,0.46,34560
22/08/2001,0.46,0.46,0.46,0.46,0.46,0
23/08/2001,0.46,0.46,0.46,0.46,0.46,0
24/08/2001,0.46,0.46,0.46,0.46,0.46,0
27/08/2001,0.46,0.46,0.46,0.46,0.46,10800
28/08/2001,0.46,0.46,0.46,0.46,0.46,43200
29/08/2001,0.46,0.46,0.46,0.46,0.46,97200
30/08/2001,0.46,0.46,0.46,0.46,0.46,118800
31/08/2001,0.46,0.46,0.46,0.46,0.46,118800
04/09/2001,0.46,0.47,0.45,0.46,0.46,265680
05/09/2001,0.46,0.46,0.46,0.46,0.46,295920
06/09/2001,0.46,0.46,0.46,0.46,0.46,50760
07/09/2001,0.46,0.46,0.45,0.46,0.46,98280
10/09/2001,0.46,0.46,0.45,0.46,0.45,37800
17/09/2001,0.48,0.55,0.46,0.46,0.46,240840
18/09/2001,0.46,0.46,0.46,0.46,0.45,58320
19/09/2001,0.46,0.46,0.46,0.46,0.45,34560
20/09/2001,0.45,0.46,0.45,0.46,0.45,151200
21/09/2001,0.46,0.46,0.46,0.46,0.45,45360
24/09/2001,0.48,0.48,0.45,0.45,0.45,50760
25/09/2001,0.46,0.47,0.44,0.47,0.46,66960
26/09/2001,0.46,0.51,0.45,0.51,0.5,46440
27/09/2001,0.51,0.51,0.45,0.47,0.47,42120
28/09/2001,0.5,0.5,0.44,0.44,0.44,73440
01/10/2001,0.47,0.47,0.47,0.47,0.47,23760
02/10/2001,0.48,0.5,0.48,0.48,0.47,76680
03/10/2001,0.49,0.5,0.47,0.49,0.48,59400
04/10/2001,0.49,0.49,0.49,0.49,0.48,5400
05/10/2001,0.49,0.49,0.49,0.49,0.48,0
08/10/2001,0.49,0.49,0.46,0.48,0.47,351000
09/10/2001,0.47,0.58,0.47,0.58,0.57,2339280
10/10/2001,0.6,0.64,0.56,0.56,0.56,1230120
11/10/2001,0.57,0.57,0.47,0.49,0.48,531360
12/10/2001,0.52,0.55,0.5,0.55,0.54,316440
15/10/2001,0.55,0.56,0.55,0.56,0.55,174960
16/10/2001,0.55,0.56,0.51,0.51,0.5,209520
17/10/2001,0.54,0.54,0.51,0.52,0.52,193320
18/10/2001,0.52,0.52,0.51,0.52,0.51,234360
19/10/2001,0.52,0.54,0.51,0.54,0.53,95040
22/10/2001,0.52,0.52,0.52,0.52,0.51,129600
23/10/2001,0.52,0.55,0.52,0.54,0.53,38880
24/10/2001,0.55,0.58,0.54,0.56,0.55,117720
25/10/2001,0.57,0.58,0.56,0.58,0.57,118800
26/10/2001,0.56,0.59,0.56,0.58,0.57,125280
29/10/2001,0.58,0.61,0.57,0.6,0.6,361800
30/10/2001,0.59,0.62,0.59,0.62,0.61,333720
31/10/2001,0.62,0.62,0.61,0.61,0.6,48600
01/11/2001,0.61,0.62,0.6,0.6,0.59,105840
02/11/2001,0.6,0.62,0.6,0.62,0.61,92880
05/11/2001,0.62,0.62,0.61,0.61,0.6,52920
06/11/2001,0.62,0.62,0.61,0.61,0.61,12960
07/11/2001,0.62,0.62,0.6,0.62,0.61,38880
08/11/2001,0.62,0.62,0.61,0.61,0.6,37800
09/11/2001,0.6,0.61,0.6,0.6,0.59,116640
12/11/2001,0.6,0.6,0.57,0.59,0.58,132840
13/11/2001,0.57,0.58,0.51,0.53,0.52,102600
14/11/2001,0.53,0.56,0.51,0.52,0.51,150120
15/11/2001,0.53,0.53,0.5,0.52,0.51,312120
16/11/2001,0.53,0.57,0.52,0.57,0.56,407160
19/11/2001,0.59,0.59,0.54,0.56,0.55,160920
20/11/2001,0.55,0.56,0.53,0.55,0.54,295920
21/11/2001,0.55,0.55,0.53,0.55,0.54,190080
23/11/2001,0.53,0.56,0.51,0.56,0.55,122040
26/11/2001,0.54,0.54,0.5,0.54,0.53,58320
27/11/2001,0.52,0.52,0.52,0.52,0.51,9720
28/11/2001,0.55,0.55,0.51,0.52,0.51,8640
29/11/2001,0.52,0.54,0.52,0.54,0.53,5400
30/11/2001,0.5,0.54,0.5,0.53,0.52,77760
03/12/2001,0.53,0.54,0.53,0.54,0.53,48600
04/12/2001,0.53,0.56,0.53,0.56,0.56,14040
05/12/2001,0.55,0.57,0.55,0.56,0.55,35640
06/12/2001,0.57,0.57,0.57,0.57,0.56,1080
07/12/2001,0.57,0.57,0.57,0.57,0.56,2160
10/12/2001,0.57,0.57,0.56,0.57,0.56,6480
11/12/2001,0.56,0.56,0.53,0.54,0.53,84240
12/12/2001,0.55,0.57,0.53,0.57,0.56,115560
13/12/2001,0.56,0.56,0.54,0.56,0.55,17280
14/12/2001,0.56,0.56,0.56,0.56,0.55,0
17/12/2001,0.54,0.55,0.52,0.53,0.52,39960
18/12/2001,0.54,0.54,0.54,0.54,0.54,1080
19/12/2001,0.55,0.55,0.54,0.54,0.53,46440
20/12/2001,0.54,0.55,0.53,0.54,0.53,29160
21/12/2001,0.54,0.54,0.54,0.54,0.53,0
24/12/2001,0.53,0.53,0.52,0.53,0.52,16200
26/12/2001,0.53,0.53,0.52,0.53,0.52,11880
27/12/2001,0.52,0.52,0.52,0.52,0.52,24840
28/12/2001,0.52,0.52,0.5,0.52,0.52,104760
31/12/2001,0.52,0.52,0.51,0.51,0.5,51840
02/01/2002,0.51,0.55,0.51,0.54,0.53,137160
03/01/2002,0.53,0.55,0.53,0.55,0.54,66960
04/01/2002,0.55,0.55,0.55,0.55,0.54,1080
07/01/2002,0.53,0.55,0.53,0.54,0.53,51840
08/01/2002,0.54,0.54,0.54,0.54,0.53,189000
09/01/2002,0.54,0.54,0.54,0.54,0.53,0
10/01/2002,0.54,0.54,0.54,0.54,0.53,64800
11/01/2002,0.53,0.54,0.53,0.54,0.53,66960
14/01/2002,0.54,0.55,0.54,0.54,0.53,57240
15/01/2002,0.54,0.54,0.54,0.54,0.53,43200
16/01/2002,0.54,0.54,0.54,0.54,0.53,1080
17/01/2002,0.55,0.55,0.55,0.55,0.54,6480
18/01/2002,0.54,0.54,0.54,0.54,0.53,10800
22/01/2002,0.54,0.54,0.54,0.54,0.53,30240
23/01/2002,0.54,0.54,0.54,0.54,0.53,12960
24/01/2002,0.54,0.54,0.54,0.54,0.53,10800
25/01/2002,0.54,0.54,0.54,0.54,0.53,0
28/01/2002,0.54,0.54,0.54,0.54,0.53,3240
29/01/2002,0.54,0.54,0.54,0.54,0.53,0
30/01/2002,0.54,0.55,0.54,0.55,0.54,32400
31/01/2002,0.55,0.55,0.55,0.55,0.54,0
01/02/2002,0.54,0.55,0.54,0.54,0.53,37800
04/02/2002,0.54,0.54,0.53,0.54,0.53,38880
05/02/2002,0.54,0.54,0.54,0.54,0.53,0
06/02/2002,0.54,0.55,0.53,0.53,0.52,66960
07/02/2002,0.55,0.55,0.55,0.55,0.54,5400
08/02/2002,0.55,0.55,0.55,0.55,0.54,2160
11/02/2002,0.55,0.55,0.55,0.55,0.54,1080
12/02/2002,0.54,0.54,0.54,0.54,0.53,1080
13/02/2002,0.54,0.54,0.54,0.54,0.53,59400
14/02/2002,0.53,0.54,0.51,0.52,0.52,486000
15/02/2002,0.53,0.55,0.52,0.52,0.51,38880
19/02/2002,0.52,0.53,0.52,0.53,0.52,9720
20/02/2002,0.52,0.52,0.52,0.52,0.51,75600
21/02/2002,0.52,0.52,0.48,0.5,0.5,52920
22/02/2002,0.5,0.5,0.5,0.5,0.5,0
25/02/2002,0.51,0.51,0.51,0.51,0.5,19440
26/02/2002,0.53,0.53,0.53,0.53,0.52,1080
27/02/2002,0.53,0.53,0.53,0.53,0.52,0
28/02/2002,0.53,0.53,0.53,0.53,0.52,0
01/03/2002,0.53,0.53,0.53,0.53,0.52,0
04/03/2002,0.5,0.5,0.49,0.49,0.48,114480
05/03/2002,0.49,0.49,0.49,0.49,0.48,28080
06/03/2002,0.5,0.5,0.5,0.5,0.49,32400
07/03/2002,0.49,0.49,0.49,0.49,0.49,33480
08/03/2002,0.51,0.51,0.51,0.51,0.51,10800
11/03/2002,0.49,0.5,0.49,0.5,0.5,227880
12/03/2002,0.49,0.5,0.49,0.5,0.49,197640
13/03/2002,0.49,0.49,0.49,0.49,0.48,1080
14/03/2002,0.53,0.53,0.53,0.53,0.52,1080
15/03/2002,0.53,0.53,0.53,0.53,0.52,3240
18/03/2002,0.52,0.53,0.52,0.53,0.52,11880
19/03/2002,0.52,0.52,0.48,0.51,0.5,10800
20/03/2002,0.51,0.51,0.51,0.51,0.5,6480
21/03/2002,0.52,0.52,0.52,0.52,0.51,5400
22/03/2002,0.52,0.52,0.52,0.52,0.51,27000
25/03/2002,0.5,0.51,0.5,0.51,0.5,28080
26/03/2002,0.51,0.51,0.51,0.51,0.5,0
27/03/2002,0.51,0.51,0.51,0.51,0.5,0
28/03/2002,0.54,0.54,0.54,0.54,0.53,43200
01/04/2002,0.54,0.55,0.53,0.53,0.52,44280
02/04/2002,0.54,0.54,0.54,0.54,0.53,1080
03/04/2002,0.55,0.55,0.55,0.55,0.54,130680
04/04/2002,0.54,0.54,0.52,0.52,0.51,10800
05/04/2002,0.54,0.54,0.54,0.54,0.54,5400
08/04/2002,0.55,0.55,0.54,0.55,0.54,57240
09/04/2002,0.55,0.58,0.55,0.58,0.57,96120
10/04/2002,0.58,0.58,0.57,0.58,0.57,55080
11/04/2002,0.57,0.58,0.57,0.57,0.56,54000
12/04/2002,0.57,0.58,0.57,0.58,0.57,88560
15/04/2002,0.59,0.6,0.59,0.59,0.58,95040
16/04/2002,0.6,0.6,0.6,0.6,0.59,102600
17/04/2002,0.59,0.59,0.59,0.59,0.58,32400
18/04/2002,0.6,0.6,0.6,0.6,0.59,41040
19/04/2002,0.6,0.6,0.6,0.6,0.59,0
22/04/2002,0.59,0.6,0.59,0.6,0.59,165240
23/04/2002,0.6,0.6,0.6,0.6,0.59,0
24/04/2002,0.61,0.61,0.61,0.61,0.6,1080
25/04/2002,0.61,0.61,0.61,0.61,0.61,55080
26/04/2002,0.62,0.62,0.61,0.61,0.6,41040
29/04/2002,0.61,0.61,0.61,0.61,0.6,0
30/04/2002,0.6,0.61,0.6,0.61,0.6,22680
01/05/2002,0.61,0.61,0.61,0.61,0.6,0
02/05/2002,0.6,0.61,0.6,0.6,0.59,83160
03/05/2002,0.6,0.6,0.6,0.6,0.59,7560
06/05/2002,0.6,0.6,0.6,0.6,0.59,16200
07/05/2002,0.6,0.6,0.6,0.6,0.59,20520
08/05/2002,0.6,0.6,0.6,0.6,0.59,0
09/05/2002,0.6,0.6,0.6,0.6,0.59,7560
10/05/2002,0.59,0.59,0.58,0.58,0.57,12960
13/05/2002,0.6,0.61,0.6,0.6,0.59,11880
14/05/2002,0.58,0.58,0.58,0.58,0.57,1080
15/05/2002,0.59,0.61,0.56,0.61,0.6,334800
16/05/2002,0.61,0.64,0.61,0.63,0.62,174960
17/05/2002,0.63,0.63,0.58,0.6,0.59,108000
20/05/2002,0.62,0.65,0.6,0.6,0.59,159840
21/05/2002,0.6,0.6,0.59,0.59,0.58,24840
22/05/2002,0.61,0.61,0.59,0.59,0.59,6480
23/05/2002,0.59,0.59,0.59,0.59,0.58,11880
24/05/2002,0.6,0.6,0.59,0.59,0.58,50760
28/05/2002,0.61,0.61,0.6,0.6,0.59,11880
29/05/2002,0.61,0.62,0.61,0.62,0.61,7560
30/05/2002,0.6,0.6,0.6,0.6,0.59,3240
31/05/2002,0.62,0.62,0.6,0.6,0.59,64800
03/06/2002,0.6,0.6,0.59,0.59,0.58,29160
04/06/2002,0.58,0.58,0.56,0.56,0.55,24840
05/06/2002,0.57,0.61,0.57,0.58,0.57,373680
06/06/2002,0.58,0.58,0.58,0.58,0.57,0
07/06/2002,0.57,0.57,0.57,0.57,0.57,10800
10/06/2002,0.57,0.57,0.57,0.57,0.57,10800
11/06/2002,0.58,0.58,0.58,0.58,0.57,5400
12/06/2002,0.58,0.58,0.58,0.58,0.57,41040
13/06/2002,0.63,0.63,0.59,0.59,0.58,10800
14/06/2002,0.59,0.59,0.59,0.59,0.58,2160
17/06/2002,0.59,0.61,0.59,0.61,0.6,37800
18/06/2002,0.61,0.62,0.6,0.6,0.59,62640
19/06/2002,0.6,0.6,0.57,0.57,0.57,59400
20/06/2002,0.58,0.62,0.58,0.62,0.61,49680
21/06/2002,0.62,0.63,0.62,0.63,0.62,7560
24/06/2002,0.64,0.64,0.62,0.62,0.61,44280
25/06/2002,0.62,0.62,0.62,0.62,0.61,0
26/06/2002,0.62,0.62,0.62,0.62,0.61,46440
27/06/2002,0.62,0.65,0.62,0.65,0.64,23760
28/06/2002,0.64,0.67,0.64,0.66,0.65,114480
01/07/2002,0.64,0.65,0.64,0.65,0.64,17280
02/07/2002,0.62,0.62,0.62,0.62,0.61,10800
03/07/2002,0.62,0.64,0.62,0.64,0.63,21600
05/07/2002,0.64,0.64,0.64,0.64,0.63,0
08/07/2002,0.62,0.65,0.6,0.65,0.64,120960
09/07/2002,0.64,0.64,0.6,0.63,0.62,135000
10/07/2002,0.61,0.61,0.52,0.6,0.59,31320
11/07/2002,0.6,0.65,0.6,0.61,0.6,36720
12/07/2002,0.61,0.62,0.6,0.62,0.62,54000
15/07/2002,0.62,0.62,0.62,0.62,0.61,21600
16/07/2002,0.62,0.62,0.62,0.62,0.61,21600
17/07/2002,0.62,0.62,0.62,0.62,0.61,0
18/07/2002,0.64,0.65,0.64,0.64,0.63,119880
19/07/2002,0.66,0.68,0.65,0.67,0.66,142560
22/07/2002,0.69,0.7,0.67,0.69,0.68,144720
23/07/2002,0.69,0.69,0.69,0.69,0.67,27000
24/07/2002,0.69,0.69,0.67,0.69,0.68,25920
25/07/2002,0.68,0.69,0.68,0.68,0.67,31320
26/07/2002,0.69,0.7,0.69,0.69,0.68,19440
29/07/2002,0.7,0.7,0.69,0.7,0.69,73440
30/07/2002,0.69,0.69,0.69,0.69,0.68,125280
31/07/2002,0.69,0.69,0.65,0.65,0.64,70200
01/08/2002,0.65,0.7,0.65,0.7,0.69,90720
02/08/2002,0.7,0.7,0.7,0.7,0.69,0
05/08/2002,0.67,0.69,0.66,0.69,0.68,23760
06/08/2002,0.69,0.69,0.69,0.69,0.68,0
07/08/2002,0.69,0.71,0.68,0.71,0.7,112320
08/08/2002,0.71,0.74,0.7,0.72,0.71,57240
09/08/2002,0.74,0.75,0.71,0.71,0.7,39960
12/08/2002,0.7,0.7,0.7,0.7,0.68,2160
13/08/2002,0.7,0.73,0.7,0.73,0.72,58320
14/08/2002,0.74,0.76,0.74,0.75,0.74,63720
15/08/2002,0.72,0.84,0.72,0.81,0.8,217080
16/08/2002,0.8,0.81,0.78,0.81,0.79,64800
19/08/2002,0.79,0.81,0.79,0.81,0.8,64800
20/08/2002,0.8,0.81,0.76,0.8,0.78,71280
21/08/2002,0.79,0.81,0.74,0.81,0.79,90720
22/08/2002,0.76,0.84,0.76,0.83,0.82,118800
23/08/2002,0.84,0.84,0.82,0.83,0.82,12960
26/08/2002,0.82,0.83,0.82,0.82,0.81,41040
27/08/2002,0.82,0.82,0.81,0.82,0.81,73440
28/08/2002,0.81,0.86,0.81,0.86,0.84,47520
29/08/2002,0.85,0.85,0.82,0.83,0.82,139320
30/08/2002,0.82,0.83,0.82,0.83,0.82,17280
03/09/2002,0.81,0.82,0.81,0.82,0.8,19440
04/09/2002,0.82,0.82,0.81,0.81,0.8,19440
05/09/2002,0.82,0.82,0.77,0.8,0.78,243000
06/09/2002,0.79,0.8,0.79,0.79,0.78,73440
09/09/2002,0.79,0.79,0.76,0.78,0.77,43200
10/09/2002,0.78,0.78,0.78,0.78,0.77,0
11/09/2002,0.78,0.82,0.78,0.78,0.77,14040
12/09/2002,0.82,0.82,0.78,0.82,0.81,35640
13/09/2002,0.81,0.81,0.81,0.81,0.8,8640
16/09/2002,0.81,0.81,0.81,0.81,0.8,0
17/09/2002,0.81,0.81,0.81,0.81,0.8,0
18/09/2002,0.79,0.79,0.79,0.79,0.78,10800
19/09/2002,0.77,0.77,0.76,0.76,0.75,47520
20/09/2002,0.76,0.77,0.76,0.77,0.76,14040
23/09/2002,0.77,0.8,0.76,0.76,0.75,177120
24/09/2002,0.76,0.77,0.75,0.77,0.76,68040
25/09/2002,0.75,0.81,0.75,0.81,0.8,15120
26/09/2002,0.81,0.81,0.76,0.81,0.8,28080
27/09/2002,0.81,0.83,0.81,0.83,0.82,37800
30/09/2002,0.82,0.83,0.82,0.83,0.82,127440
01/10/2002,0.82,0.86,0.8,0.84,0.82,32400
02/10/2002,0.85,0.85,0.83,0.83,0.82,12960
03/10/2002,0.83,0.83,0.83,0.83,0.82,0
04/10/2002,0.87,0.89,0.85,0.85,0.84,114480
07/10/2002,0.85,0.87,0.85,0.87,0.86,41040
08/10/2002,0.87,0.87,0.84,0.84,0.83,54000
09/10/2002,0.84,0.84,0.83,0.83,0.82,7560
10/10/2002,0.83,0.83,0.81,0.83,0.82,99360
11/10/2002,0.82,0.82,0.82,0.82,0.81,9720
14/10/2002,0.81,0.83,0.81,0.83,0.82,6480
15/10/2002,0.82,0.82,0.81,0.81,0.8,16200
16/10/2002,0.81,0.81,0.81,0.81,0.79,34560
17/10/2002,0.8,0.82,0.8,0.81,0.79,21600
18/10/2002,0.81,0.83,0.81,0.83,0.82,3240
21/10/2002,0.83,0.84,0.83,0.84,0.83,74520
22/10/2002,0.84,0.84,0.84,0.84,0.83,18360
23/10/2002,0.84,0.84,0.84,0.84,0.83,31320
24/10/2002,0.83,0.84,0.83,0.84,0.82,14040
25/10/2002,0.83,0.86,0.83,0.84,0.83,75600
28/10/2002,0.87,0.87,0.84,0.86,0.85,30240
29/10/2002,0.86,0.88,0.86,0.88,0.87,14040
30/10/2002,0.91,0.91,0.88,0.91,0.89,65880
31/10/2002,0.88,0.89,0.88,0.89,0.88,73440
01/11/2002,0.89,0.91,0.89,0.91,0.9,85320
04/11/2002,0.91,0.93,0.91,0.92,0.91,29160
05/11/2002,0.91,0.92,0.91,0.92,0.9,37800
06/11/2002,0.91,0.92,0.91,0.92,0.91,51840
07/11/2002,0.93,0.93,0.92,0.92,0.9,22680
08/11/2002,0.92,0.93,0.92,0.93,0.91,42120
11/11/2002,0.93,0.93,0.93,0.93,0.91,0
12/11/2002,0.93,0.93,0.93,0.93,0.91,0
13/11/2002,0.92,0.93,0.92,0.92,0.91,68040
14/11/2002,0.92,0.94,0.91,0.92,0.91,260280
15/11/2002,0.92,0.93,0.92,0.92,0.9,70200
18/11/2002,0.92,0.92,0.92,0.92,0.9,3240
19/11/2002,0.92,0.92,0.92,0.92,0.9,0
20/11/2002,0.91,0.91,0.91,0.91,0.9,41040
21/11/2002,0.92,0.92,0.92,0.92,0.9,10800
22/11/2002,0.92,0.92,0.91,0.91,0.9,65880
25/11/2002,0.91,0.92,0.91,0.91,0.9,130680
26/11/2002,0.91,0.92,0.91,0.91,0.89,273240
27/11/2002,0.91,0.91,0.9,0.91,0.89,92880
29/11/2002,0.92,0.93,0.9,0.91,0.89,346680
02/12/2002,0.93,0.94,0.92,0.93,0.92,541080
03/12/2002,0.94,0.94,0.93,0.94,0.92,249480
04/12/2002,0.94,0.94,0.91,0.93,0.91,116640
05/12/2002,0.93,0.93,0.92,0.93,0.91,173880
06/12/2002,0.93,0.93,0.92,0.92,0.91,58320
09/12/2002,0.93,0.93,0.92,0.92,0.91,32400
10/12/2002,0.91,0.92,0.9,0.92,0.91,71280
11/12/2002,0.92,0.92,0.9,0.9,0.88,69120
12/12/2002,0.9,0.91,0.83,0.9,0.88,298080
13/12/2002,0.91,0.91,0.87,0.9,0.89,149040
16/12/2002,0.91,0.93,0.91,0.93,0.91,371520
17/12/2002,0.93,0.93,0.92,0.92,0.9,106920
18/12/2002,0.93,0.93,0.92,0.92,0.9,409320
19/12/2002,0.93,0.93,0.9,0.9,0.88,239760
20/12/2002,0.89,0.89,0.88,0.88,0.87,87480
23/12/2002,0.87,0.94,0.83,0.84,0.82,591840
24/12/2002,0.83,0.87,0.82,0.85,0.84,39960
26/12/2002,0.84,0.88,0.84,0.88,0.87,420120
27/12/2002,0.88,0.88,0.88,0.88,0.86,22680
30/12/2002,0.89,0.89,0.84,0.84,0.83,600480
31/12/2002,0.84,0.86,0.83,0.86,0.84,1239840
02/01/2003,0.85,0.92,0.85,0.92,0.91,240840
03/01/2003,0.89,0.92,0.89,0.92,0.91,30240
06/01/2003,0.9,0.93,0.9,0.92,0.9,144720
07/01/2003,0.91,0.92,0.91,0.92,0.9,17280
08/01/2003,0.92,0.93,0.89,0.93,0.91,251640
09/01/2003,0.91,0.93,0.91,0.93,0.91,35640
10/01/2003,0.92,0.93,0.92,0.93,0.92,117720
13/01/2003,0.92,0.94,0.92,0.93,0.92,65880
14/01/2003,0.93,0.94,0.93,0.93,0.92,405000
15/01/2003,0.94,0.94,0.93,0.93,0.91,87480
16/01/2003,0.92,0.94,0.91,0.94,0.92,129600
17/01/2003,0.94,0.94,0.93,0.93,0.91,28080
21/01/2003,0.94,0.94,0.9,0.92,0.91,2820960
22/01/2003,0.91,0.91,0.91,0.91,0.9,25920
23/01/2003,0.9,0.91,0.9,0.9,0.89,48600
24/01/2003,0.9,0.9,0.88,0.9,0.88,16200
27/01/2003,0.84,0.89,0.84,0.88,0.87,93960
28/01/2003,0.88,0.89,0.88,0.89,0.88,9720
29/01/2003,0.89,0.91,0.89,0.91,0.89,12960
30/01/2003,0.91,0.92,0.91,0.91,0.89,195480
31/01/2003,0.9,0.92,0.9,0.91,0.89,69120
03/02/2003,0.9,0.9,0.9,0.9,0.88,8640
04/02/2003,0.89,0.89,0.88,0.89,0.88,56160
05/02/2003,0.89,0.9,0.89,0.89,0.88,284040
06/02/2003,0.89,0.89,0.84,0.87,0.86,162000
07/02/2003,0.89,0.89,0.89,0.89,0.87,27000
10/02/2003,0.89,0.89,0.87,0.88,0.87,28080
11/02/2003,0.89,0.89,0.89,0.89,0.88,11880
12/02/2003,0.89,0.9,0.89,0.9,0.89,24840
13/02/2003,0.9,0.9,0.84,0.85,0.84,28080
14/02/2003,0.86,0.87,0.85,0.86,0.85,105840
18/02/2003,0.86,0.89,0.86,0.88,0.87,24840
19/02/2003,0.88,0.88,0.88,0.88,0.87,0
20/02/2003,0.88,0.88,0.88,0.88,0.86,5400
21/02/2003,0.88,0.88,0.88,0.88,0.86,0
24/02/2003,0.87,0.9,0.8,0.85,0.83,213840
25/02/2003,0.85,0.85,0.82,0.82,0.81,38880
26/02/2003,0.76,0.83,0.7,0.83,0.82,275400
27/02/2003,0.82,0.82,0.77,0.81,0.8,42120
28/02/2003,0.84,0.84,0.83,0.83,0.82,6480
03/03/2003,0.82,0.82,0.79,0.8,0.79,31320
04/03/2003,0.79,0.79,0.78,0.79,0.78,124200
05/03/2003,0.79,0.8,0.79,0.8,0.79,42120
06/03/2003,0.81,0.81,0.78,0.79,0.78,76680
07/03/2003,0.79,0.83,0.75,0.8,0.79,84240
10/03/2003,0.78,0.81,0.78,0.79,0.78,102600
11/03/2003,0.78,0.81,0.78,0.8,0.79,52920
12/03/2003,0.79,0.82,0.79,0.81,0.79,30240
13/03/2003,0.81,0.81,0.76,0.8,0.78,165240
14/03/2003,0.79,0.81,0.79,0.8,0.79,48600
17/03/2003,0.81,0.82,0.79,0.79,0.78,54000
18/03/2003,0.79,0.79,0.78,0.79,0.78,105840
19/03/2003,0.79,0.8,0.78,0.8,0.78,77760
20/03/2003,0.8,0.8,0.78,0.78,0.77,55080
21/03/2003,0.76,0.81,0.74,0.81,0.8,190080
24/03/2003,0.82,0.82,0.76,0.76,0.75,205200
25/03/2003,0.77,0.77,0.77,0.77,0.76,6480
26/03/2003,0.78,0.79,0.77,0.79,0.78,14040
27/03/2003,0.8,0.8,0.8,0.8,0.78,3240
28/03/2003,0.81,0.82,0.81,0.82,0.81,18360
31/03/2003,0.81,0.82,0.81,0.82,0.81,46440
01/04/2003,0.8,0.81,0.79,0.8,0.79,100440
02/04/2003,0.8,0.8,0.78,0.8,0.78,154440
03/04/2003,0.79,0.8,0.79,0.79,0.78,60480
04/04/2003,0.78,0.79,0.78,0.79,0.78,66960
07/04/2003,0.79,0.8,0.79,0.79,0.78,48600
08/04/2003,0.79,0.8,0.79,0.79,0.78,34560
09/04/2003,0.79,0.8,0.79,0.79,0.78,166320
10/04/2003,0.79,0.79,0.78,0.79,0.77,73440
11/04/2003,0.78,0.79,0.78,0.79,0.77,103680
14/04/2003,0.78,0.78,0.78,0.78,0.77,32400
15/04/2003,0.77,0.77,0.77,0.77,0.76,48600
16/04/2003,0.76,0.76,0.74,0.74,0.73,224640
17/04/2003,0.75,0.75,0.74,0.75,0.74,46440
21/04/2003,0.75,0.75,0.73,0.74,0.73,119880
22/04/2003,0.74,0.75,0.74,0.74,0.73,173880
23/04/2003,0.73,0.75,0.73,0.75,0.74,32400
24/04/2003,0.74,0.76,0.74,0.76,0.74,35640
25/04/2003,0.76,0.77,0.75,0.77,0.76,185760
28/04/2003,0.77,0.77,0.75,0.75,0.74,131760
29/04/2003,0.76,0.76,0.75,0.75,0.74,22680
30/04/2003,0.72,0.77,0.69,0.77,0.76,57240
01/05/2003,0.77,0.77,0.75,0.75,0.74,46440
02/05/2003,0.74,0.76,0.73,0.75,0.74,85320
05/05/2003,0.75,0.81,0.74,0.77,0.76,106920
06/05/2003,0.77,0.78,0.74,0.74,0.73,60480
07/05/2003,0.74,0.8,0.74,0.77,0.76,159840
08/05/2003,0.76,0.78,0.75,0.75,0.74,74520
09/05/2003,0.75,0.78,0.75,0.76,0.75,28080
12/05/2003,0.76,0.76,0.76,0.76,0.75,0
13/05/2003,0.75,0.75,0.72,0.74,0.73,74520
14/05/2003,0.75,0.75,0.73,0.74,0.73,45360
15/05/2003,0.73,0.76,0.73,0.75,0.74,76680
16/05/2003,0.75,0.75,0.73,0.75,0.74,64800
19/05/2003,0.74,0.74,0.74,0.74,0.73,2160
20/05/2003,0.73,0.74,0.73,0.74,0.73,55080
21/05/2003,0.74,0.78,0.74,0.78,0.77,21600
22/05/2003,0.76,0.77,0.75,0.77,0.76,1227960
23/05/2003,0.76,0.76,0.75,0.76,0.75,36720
27/05/2003,0.76,0.76,0.76,0.76,0.75,0
28/05/2003,0.75,0.76,0.75,0.75,0.74,89640
29/05/2003,0.75,0.76,0.75,0.76,0.75,47520
30/05/2003,0.76,0.77,0.76,0.77,0.75,99360
02/06/2003,0.75,0.77,0.75,0.75,0.74,143640
03/06/2003,0.76,0.76,0.76,0.76,0.75,63720
04/06/2003,0.76,0.77,0.76,0.77,0.76,239760
05/06/2003,0.76,0.76,0.74,0.76,0.74,186840
06/06/2003,0.75,0.76,0.75,0.75,0.74,177120
09/06/2003,0.75,0.77,0.75,0.75,0.74,20520
10/06/2003,0.75,0.76,0.75,0.76,0.75,35640
11/06/2003,0.76,0.77,0.76,0.77,0.75,2160
12/06/2003,0.76,0.82,0.75,0.82,0.81,857520
13/06/2003,0.79,0.81,0.79,0.8,0.79,444960
16/06/2003,0.81,0.82,0.81,0.82,0.81,68040
17/06/2003,0.82,0.82,0.82,0.82,0.81,57240
18/06/2003,0.83,0.83,0.82,0.83,0.82,99360
19/06/2003,0.83,0.84,0.83,0.84,0.82,23760
20/06/2003,0.83,0.85,0.83,0.85,0.84,268920
23/06/2003,0.84,0.84,0.84,0.84,0.83,17280
24/06/2003,0.85,0.85,0.85,0.85,0.83,5400
25/06/2003,0.84,0.84,0.84,0.84,0.83,2160
26/06/2003,0.85,0.86,0.85,0.86,0.84,321840
27/06/2003,0.86,0.87,0.86,0.86,0.85,124200
30/06/2003,0.87,0.88,0.86,0.88,0.86,50760
01/07/2003,0.86,0.88,0.86,0.88,0.87,56160
02/07/2003,0.88,0.9,0.88,0.9,0.89,41040
03/07/2003,0.9,0.9,0.9,0.9,0.88,18360
07/07/2003,0.9,0.9,0.9,0.9,0.89,35640
08/07/2003,0.9,0.9,0.89,0.89,0.88,15120
09/07/2003,0.89,0.89,0.87,0.89,0.88,33480
10/07/2003,0.89,0.89,0.87,0.87,0.86,17280
11/07/2003,0.89,0.9,0.88,0.9,0.89,122040
14/07/2003,0.9,0.9,0.89,0.89,0.88,15120
15/07/2003,0.89,0.89,0.89,0.89,0.88,5400
16/07/2003,0.9,0.9,0.87,0.87,0.86,124200
17/07/2003,0.88,0.88,0.86,0.86,0.85,30240
18/07/2003,0.88,0.88,0.88,0.88,0.87,1080
21/07/2003,0.86,0.86,0.86,0.86,0.85,3240
22/07/2003,0.86,0.86,0.86,0.86,0.85,2160
23/07/2003,0.87,0.88,0.87,0.88,0.87,6480
24/07/2003,0.88,0.89,0.87,0.87,0.85,137160
25/07/2003,0.87,0.88,0.87,0.88,0.86,24840
28/07/2003,0.87,0.87,0.86,0.86,0.85,27000
29/07/2003,0.86,0.87,0.86,0.87,0.86,19440
30/07/2003,0.86,0.9,0.86,0.9,0.88,125280
31/07/2003,0.88,0.89,0.88,0.88,0.87,12960
01/08/2003,0.88,0.88,0.88,0.88,0.87,1080
04/08/2003,0.88,0.89,0.87,0.88,0.86,97200
05/08/2003,0.89,0.89,0.87,0.87,0.86,44280
06/08/2003,0.88,0.89,0.86,0.86,0.85,52920
07/08/2003,0.85,0.87,0.85,0.86,0.85,38880
08/08/2003,0.85,0.86,0.85,0.86,0.85,31320
11/08/2003,0.86,0.89,0.85,0.85,0.84,104760
12/08/2003,0.85,0.87,0.84,0.84,0.83,25920
13/08/2003,0.85,0.9,0.8,0.89,0.87,178200
14/08/2003,0.86,0.89,0.86,0.88,0.86,34560
15/08/2003,0.88,0.88,0.88,0.88,0.86,0
18/08/2003,0.88,0.88,0.86,0.87,0.86,46440
19/08/2003,0.86,0.87,0.86,0.87,0.86,42120
20/08/2003,0.83,0.86,0.79,0.85,0.84,109080
21/08/2003,0.85,0.87,0.85,0.86,0.85,28080
22/08/2003,0.85,0.85,0.85,0.85,0.84,6480
25/08/2003,0.85,0.85,0.85,0.85,0.84,21600
26/08/2003,0.84,0.86,0.84,0.85,0.83,46440
27/08/2003,0.85,0.86,0.85,0.86,0.85,30240
28/08/2003,0.86,0.86,0.85,0.85,0.84,33480
29/08/2003,0.85,0.86,0.85,0.85,0.83,36720
02/09/2003,0.85,0.86,0.82,0.83,0.82,157680
03/09/2003,0.84,0.85,0.83,0.83,0.82,8640
04/09/2003,0.84,0.85,0.84,0.84,0.83,51840
05/09/2003,0.85,0.85,0.84,0.84,0.83,30240
08/09/2003,0.84,0.84,0.84,0.84,0.83,33480
09/09/2003,0.85,0.88,0.85,0.88,0.86,43200
10/09/2003,0.87,0.88,0.85,0.87,0.86,57240
11/09/2003,0.85,0.89,0.84,0.84,0.83,47520
12/09/2003,0.84,0.84,0.84,0.84,0.83,1080
15/09/2003,0.85,0.88,0.84,0.84,0.83,38880
16/09/2003,0.86,0.87,0.85,0.85,0.84,30240
17/09/2003,0.85,0.86,0.83,0.83,0.82,125280
18/09/2003,0.83,0.84,0.82,0.83,0.82,47520
19/09/2003,0.83,0.86,0.83,0.86,0.84,63720
22/09/2003,0.86,0.86,0.86,0.86,0.84,0
23/09/2003,0.84,0.85,0.84,0.84,0.83,28080
24/09/2003,0.83,0.83,0.82,0.82,0.81,24840
25/09/2003,0.83,0.83,0.82,0.82,0.81,21600
26/09/2003,0.82,0.82,0.81,0.82,0.81,157680
29/09/2003,0.81,0.83,0.81,0.82,0.81,18360
30/09/2003,0.83,0.83,0.81,0.81,0.8,139320
01/10/2003,0.81,0.82,0.81,0.82,0.8,47520
02/10/2003,0.82,0.83,0.81,0.82,0.81,55080
03/10/2003,0.83,0.83,0.82,0.82,0.81,9720
06/10/2003,0.81,0.81,0.79,0.79,0.78,49680
07/10/2003,0.79,0.8,0.77,0.8,0.79,112320
08/10/2003,0.8,0.82,0.8,0.82,0.81,27000
09/10/2003,0.82,0.82,0.75,0.8,0.79,125280
10/10/2003,0.76,0.81,0.76,0.79,0.78,28080
13/10/2003,0.81,0.82,0.79,0.8,0.78,51840
14/10/2003,0.8,0.82,0.78,0.78,0.77,113400
15/10/2003,0.78,0.81,0.77,0.77,0.76,73440
16/10/2003,0.77,0.8,0.74,0.75,0.74,72360
17/10/2003,0.75,0.75,0.72,0.72,0.71,227880
20/10/2003,0.72,0.75,0.72,0.75,0.73,48600
21/10/2003,0.74,0.74,0.74,0.74,0.73,51840
22/10/2003,0.73,0.74,0.73,0.74,0.73,64800
23/10/2003,0.74,0.75,0.74,0.74,0.73,30240
24/10/2003,0.75,0.75,0.74,0.75,0.74,35640
27/10/2003,0.75,0.75,0.75,0.75,0.74,0
28/10/2003,0.74,0.74,0.74,0.74,0.73,4320
29/10/2003,0.74,0.74,0.74,0.74,0.73,0
30/10/2003,0.74,0.74,0.74,0.74,0.73,11880
31/10/2003,0.74,0.74,0.74,0.74,0.73,11880
03/11/2003,0.74,0.74,0.74,0.74,0.73,2160
04/11/2003,0.74,0.74,0.74,0.74,0.73,96120
05/11/2003,0.74,0.77,0.74,0.77,0.75,30240
06/11/2003,0.75,0.75,0.74,0.75,0.74,122040
07/11/2003,0.76,0.76,0.75,0.75,0.73,17280
10/11/2003,0.75,0.75,0.74,0.74,0.72,15120
11/11/2003,0.74,0.74,0.74,0.74,0.72,5400
12/11/2003,0.74,0.74,0.74,0.74,0.72,0
13/11/2003,0.74,0.74,0.74,0.74,0.72,0
14/11/2003,0.74,0.74,0.73,0.74,0.73,253800
17/11/2003,0.75,0.75,0.75,0.75,0.74,1080
18/11/2003,0.73,0.73,0.73,0.73,0.72,2160
19/11/2003,0.73,0.73,0.73,0.73,0.72,27000
20/11/2003,0.73,0.73,0.73,0.73,0.72,27000
21/11/2003,0.73,0.73,0.73,0.73,0.72,0
24/11/2003,0.73,0.73,0.73,0.73,0.72,0
25/11/2003,0.76,0.79,0.75,0.75,0.74,41040
26/11/2003,0.76,0.77,0.76,0.77,0.76,4320
28/11/2003,0.77,0.77,0.77,0.77,0.76,0
01/12/2003,0.77,0.77,0.77,0.77,0.76,0
02/12/2003,0.75,0.75,0.75,0.75,0.73,44280
03/12/2003,0.75,0.75,0.75,0.75,0.73,0
04/12/2003,0.75,0.75,0.75,0.75,0.73,19440
05/12/2003,0.75,0.75,0.75,0.75,0.73,0
08/12/2003,0.75,0.75,0.75,0.75,0.73,0
09/12/2003,0.75,0.75,0.75,0.75,0.73,0
10/12/2003,0.75,0.75,0.69,0.73,0.72,48600
11/12/2003,0.73,0.73,0.73,0.73,0.72,6480
12/12/2003,0.73,0.73,0.73,0.73,0.72,22680
15/12/2003,0.76,0.76,0.73,0.73,0.72,12960
16/12/2003,0.72,0.73,0.69,0.73,0.72,18360
17/12/2003,0.73,0.76,0.73,0.76,0.75,3240
18/12/2003,0.73,0.73,0.72,0.72,0.71,14040
19/12/2003,0.72,0.72,0.71,0.71,0.7,75600
22/12/2003,0.7,0.7,0.7,0.7,0.69,52920
23/12/2003,0.7,0.7,0.67,0.68,0.67,417960
24/12/2003,0.68,0.68,0.68,0.68,0.67,0
26/12/2003,0.68,0.68,0.68,0.68,0.67,33480
29/12/2003,0.75,0.79,0.74,0.78,0.77,276480
30/12/2003,0.79,0.8,0.77,0.8,0.79,88560
31/12/2003,0.8,0.82,0.79,0.82,0.81,34560
02/01/2004,0.81,0.81,0.8,0.8,0.79,20520
05/01/2004,0.79,0.81,0.78,0.78,0.77,123120
06/01/2004,0.77,0.77,0.73,0.75,0.74,84240
07/01/2004,0.72,0.73,0.72,0.73,0.72,136080
08/01/2004,0.74,0.74,0.72,0.73,0.72,16200
09/01/2004,0.72,0.72,0.69,0.69,0.68,359640
12/01/2004,0.69,0.7,0.68,0.68,0.67,732240
13/01/2004,0.67,0.71,0.67,0.68,0.67,64800
14/01/2004,0.69,0.69,0.65,0.67,0.66,335880
15/01/2004,0.68,0.69,0.67,0.67,0.66,33480
16/01/2004,0.7,0.7,0.67,0.69,0.68,211680
20/01/2004,0.69,0.71,0.69,0.69,0.68,65880
21/01/2004,0.69,0.71,0.69,0.7,0.69,196560
22/01/2004,0.73,0.73,0.7,0.7,0.68,29160
23/01/2004,0.72,0.72,0.7,0.7,0.69,21600
26/01/2004,0.72,0.72,0.7,0.7,0.69,51840
27/01/2004,0.7,0.7,0.61,0.68,0.67,166320
28/01/2004,0.62,0.7,0.62,0.68,0.67,37800
29/01/2004,0.69,0.69,0.69,0.69,0.68,10800
30/01/2004,0.69,0.7,0.69,0.7,0.69,25920
02/02/2004,0.7,0.7,0.7,0.7,0.68,45360
03/02/2004,0.69,0.69,0.69,0.69,0.68,21600
04/02/2004,0.69,0.69,0.68,0.69,0.67,126360
05/02/2004,0.7,0.71,0.69,0.69,0.68,70200
06/02/2004,0.69,0.74,0.69,0.72,0.71,238680
09/02/2004,0.73,0.74,0.73,0.74,0.72,37800
10/02/2004,0.73,0.74,0.72,0.72,0.71,65880
11/02/2004,0.74,0.75,0.73,0.73,0.72,98280
12/02/2004,0.77,0.77,0.77,0.77,0.76,2160
13/02/2004,0.76,0.77,0.75,0.77,0.76,45360
17/02/2004,0.79,0.94,0.79,0.92,0.91,427680
18/02/2004,0.92,0.94,0.91,0.91,0.9,131760
19/02/2004,0.91,0.94,0.88,0.93,0.91,139320
20/02/2004,0.93,0.97,0.93,0.97,0.95,205200
23/02/2004,0.97,0.97,0.95,0.96,0.95,57240
24/02/2004,0.95,0.95,0.93,0.93,0.92,29160
25/02/2004,0.95,0.96,0.93,0.95,0.93,163080
26/02/2004,0.96,0.96,0.96,0.96,0.95,24840
27/02/2004,0.95,0.97,0.93,0.94,0.92,308880
01/03/2004,0.94,0.97,0.93,0.94,0.93,228960
02/03/2004,0.93,0.93,0.93,0.93,0.91,31320
03/03/2004,0.95,0.95,0.93,0.93,0.91,14040
04/03/2004,0.94,0.95,0.94,0.95,0.93,66960
05/03/2004,0.94,0.96,0.93,0.93,0.91,159840
08/03/2004,0.93,0.93,0.93,0.93,0.92,37800
09/03/2004,0.93,0.94,0.93,0.94,0.92,18360
10/03/2004,0.94,0.94,0.94,0.94,0.92,5400
11/03/2004,0.94,0.94,0.94,0.94,0.92,16200
12/03/2004,0.96,0.96,0.96,0.96,0.94,10800
15/03/2004,0.95,0.95,0.95,0.95,0.94,22680
16/03/2004,0.99,0.99,0.94,0.95,0.94,156600
17/03/2004,0.93,0.96,0.93,0.95,0.93,32400
18/03/2004,0.97,0.97,0.95,0.96,0.94,59400
19/03/2004,0.95,0.95,0.95,0.95,0.94,12960
22/03/2004,1.12,1.19,1.07,1.13,1.12,11703960
23/03/2004,1.15,1.15,1.06,1.14,1.12,2893320
24/03/2004,1.14,1.14,1.11,1.12,1.1,1908360
25/03/2004,1.12,1.2,1.11,1.2,1.18,1814400
26/03/2004,1.24,1.37,1.17,1.33,1.31,4431240
29/03/2004,1.35,1.37,1.3,1.35,1.33,1802520
30/03/2004,1.46,1.61,1.45,1.58,1.56,9143280
31/03/2004,1.62,1.64,1.55,1.55,1.53,4159080
01/04/2004,1.57,1.57,1.4,1.47,1.44,2586600
02/04/2004,1.5,1.55,1.47,1.48,1.46,1391040
05/04/2004,1.5,1.64,1.48,1.59,1.56,2340360
06/04/2004,1.67,1.76,1.6,1.71,1.69,2462400
07/04/2004,1.75,1.87,1.72,1.87,1.84,2664360
08/04/2004,1.93,2.05,1.91,1.93,1.9,4838400
12/04/2004,1.94,2.12,1.85,2.08,2.05,3674160
13/04/2004,2.14,2.15,1.92,1.94,1.91,2168640
14/04/2004,1.89,1.94,1.71,1.75,1.73,2492640
15/04/2004,1.71,1.76,1.59,1.71,1.69,2030400
16/04/2004,1.75,1.81,1.62,1.79,1.77,1531440
19/04/2004,1.84,2.03,1.72,1.92,1.89,1346760
20/04/2004,1.98,1.99,1.67,1.7,1.67,1416960
21/04/2004,1.71,1.8,1.64,1.8,1.77,1182600
22/04/2004,1.81,1.98,1.69,1.74,1.71,870480
23/04/2004,1.8,1.8,1.64,1.73,1.71,830520
26/04/2004,1.57,1.81,1.57,1.66,1.64,618840
27/04/2004,1.69,1.73,1.6,1.67,1.64,721440
28/04/2004,1.71,1.71,1.48,1.51,1.49,907740
29/04/2004,1.35,1.52,1.24,1.46,1.44,1414800
30/04/2004,1.46,1.59,1.29,1.44,1.42,609120
03/05/2004,1.47,1.48,1.37,1.39,1.37,476280
04/05/2004,1.33,1.43,1.33,1.41,1.39,338040
05/05/2004,1.45,1.57,1.39,1.52,1.5,420660
06/05/2004,1.55,1.57,1.4,1.57,1.55,968220
07/05/2004,1.6,1.6,1.39,1.54,1.51,326160
10/05/2004,1.5,1.57,1.39,1.39,1.37,378540
11/05/2004,1.57,1.65,1.34,1.47,1.45,354240
12/05/2004,1.58,1.58,1.3,1.33,1.31,1220400
13/05/2004,1.4,1.4,1.33,1.36,1.34,272700
14/05/2004,1.35,1.35,1.25,1.27,1.25,606960
17/05/2004,1.4,1.4,1.2,1.3,1.28,210600
18/05/2004,1.42,1.42,1.24,1.28,1.26,141480
19/05/2004,1.3,1.35,1.28,1.34,1.32,440640
20/05/2004,1.35,1.38,1.31,1.36,1.34,250020
21/05/2004,1.38,1.39,1.35,1.37,1.35,160920
24/05/2004,1.36,1.4,1.29,1.39,1.37,210600
25/05/2004,1.35,1.37,1.21,1.26,1.24,421740
26/05/2004,1.26,1.33,1.26,1.3,1.28,685800
27/05/2004,1.25,1.44,1.25,1.42,1.4,762480
28/05/2004,1.57,1.69,1.53,1.63,1.6,4510080
01/06/2004,1.61,1.74,1.56,1.62,1.6,1701540
02/06/2004,1.67,1.67,1.54,1.57,1.55,1195020
03/06/2004,1.58,1.63,1.5,1.6,1.58,736560
04/06/2004,1.64,1.64,1.56,1.58,1.55,435240
07/06/2004,1.65,1.65,1.58,1.64,1.62,431460
08/06/2004,1.65,1.65,1.57,1.63,1.6,343440
09/06/2004,1.61,1.65,1.53,1.54,1.52,771660
10/06/2004,1.5,1.58,1.5,1.54,1.51,244620
14/06/2004,1.64,1.64,1.4,1.45,1.43,797040
15/06/2004,1.57,1.57,1.44,1.44,1.42,87480
16/06/2004,1.45,1.53,1.45,1.52,1.49,83700
17/06/2004,1.42,1.51,1.41,1.44,1.42,557820
18/06/2004,1.43,1.46,1.41,1.41,1.39,370440
21/06/2004,1.37,1.44,1.34,1.39,1.36,557820
22/06/2004,1.4,1.43,1.33,1.36,1.34,271620
23/06/2004,1.33,1.51,1.33,1.49,1.46,679860
24/06/2004,1.5,1.5,1.34,1.37,1.35,709560
25/06/2004,1.36,1.43,1.32,1.35,1.33,410940
28/06/2004,1.41,1.41,1.31,1.33,1.31,515160
29/06/2004,1.35,1.36,1.33,1.35,1.33,240840
30/06/2004,1.35,1.39,1.35,1.38,1.36,270540
01/07/2004,1.39,1.44,1.35,1.35,1.33,153900
02/07/2004,1.41,1.43,1.35,1.4,1.38,325620
06/07/2004,1.44,1.46,1.39,1.4,1.38,105300
07/07/2004,1.47,1.47,1.33,1.34,1.32,633960
08/07/2004,1.34,1.35,1.34,1.34,1.32,128520
09/07/2004,1.44,1.44,1.35,1.38,1.36,215460
12/07/2004,1.42,1.42,1.34,1.34,1.32,179820
13/07/2004,1.34,1.39,1.34,1.35,1.33,53460
14/07/2004,1.35,1.38,1.34,1.35,1.33,211140
15/07/2004,1.37,1.37,1.34,1.34,1.32,88560
16/07/2004,1.34,1.34,1.3,1.32,1.3,179280
19/07/2004,1.32,1.33,1.24,1.26,1.24,329400
20/07/2004,1.24,1.33,1.24,1.31,1.29,285660
21/07/2004,1.3,1.35,1.28,1.32,1.3,124740
22/07/2004,1.3,1.3,1.25,1.26,1.25,284040
23/07/2004,1.22,1.29,1.19,1.24,1.22,238680
26/07/2004,1.21,1.27,1.21,1.24,1.22,78840
27/07/2004,1.24,1.35,1.18,1.26,1.24,146340
28/07/2004,1.39,1.39,1.19,1.26,1.24,133380
29/07/2004,1.27,1.29,1.24,1.29,1.27,128520
30/07/2004,1.29,1.34,1.26,1.29,1.27,108540
02/08/2004,1.22,1.35,1.22,1.25,1.23,57240
03/08/2004,1.21,1.3,1.2,1.25,1.23,140400
04/08/2004,1.29,1.31,1.22,1.29,1.27,136080
05/08/2004,1.31,1.38,1.3,1.33,1.31,133380
06/08/2004,1.29,1.33,1.26,1.27,1.25,156060
09/08/2004,1.29,1.3,1.26,1.28,1.26,23220
10/08/2004,1.34,1.38,1.3,1.37,1.35,244620
11/08/2004,1.34,1.37,1.34,1.37,1.35,57240
12/08/2004,1.34,1.37,1.3,1.31,1.29,90180
13/08/2004,1.32,1.32,1.26,1.28,1.26,82620
16/08/2004,1.27,1.35,1.27,1.32,1.3,88560
17/08/2004,1.32,1.36,1.31,1.36,1.34,108540
18/08/2004,1.34,1.43,1.34,1.42,1.4,162000
19/08/2004,1.39,1.44,1.38,1.39,1.37,91800
20/08/2004,1.32,1.44,1.32,1.4,1.38,60480
23/08/2004,1.32,1.41,1.32,1.41,1.39,54000
24/08/2004,1.42,1.43,1.39,1.43,1.41,75060
25/08/2004,1.4,1.46,1.36,1.46,1.44,162540
26/08/2004,1.47,1.48,1.46,1.46,1.44,110160
27/08/2004,1.44,1.56,1.44,1.54,1.51,158760
30/08/2004,1.56,1.56,1.48,1.49,1.47,63180
31/08/2004,1.48,1.54,1.48,1.54,1.51,85320
01/09/2004,1.54,1.55,1.49,1.49,1.47,51840
02/09/2004,1.47,1.52,1.44,1.47,1.45,119340
03/09/2004,1.48,1.49,1.46,1.49,1.47,64260
07/09/2004,1.49,1.53,1.49,1.53,1.5,14580
08/09/2004,1.53,1.54,1.49,1.54,1.51,62100
09/09/2004,1.5,1.62,1.5,1.62,1.59,159840
10/09/2004,1.62,1.68,1.61,1.65,1.62,219240
13/09/2004,1.69,1.69,1.6,1.66,1.64,120960
14/09/2004,1.49,1.62,1.48,1.58,1.55,69120
15/09/2004,1.71,1.71,1.51,1.68,1.65,777600
16/09/2004,1.67,1.68,1.6,1.63,1.6,133920
17/09/2004,1.59,1.63,1.59,1.61,1.59,110700
20/09/2004,1.61,1.61,1.52,1.57,1.55,142560
21/09/2004,1.52,1.57,1.52,1.56,1.53,99900
22/09/2004,1.54,1.57,1.54,1.57,1.54,117180
23/09/2004,1.71,1.71,1.54,1.6,1.58,71820
24/09/2004,1.6,1.62,1.57,1.61,1.58,51300
27/09/2004,1.63,1.67,1.55,1.63,1.6,204660
28/09/2004,1.63,1.69,1.63,1.64,1.61,101520
29/09/2004,1.63,1.69,1.63,1.65,1.62,82080
30/09/2004,1.65,1.68,1.65,1.66,1.63,30240
01/10/2004,1.69,1.69,1.67,1.69,1.66,105840
04/10/2004,1.69,1.71,1.69,1.71,1.69,297540
05/10/2004,1.71,1.71,1.67,1.68,1.65,142020
06/10/2004,1.65,1.7,1.63,1.67,1.64,151740
07/10/2004,1.63,1.73,1.63,1.71,1.69,130140
08/10/2004,1.72,1.72,1.64,1.65,1.62,65340
11/10/2004,1.63,1.74,1.63,1.63,1.61,72360
12/10/2004,1.63,1.66,1.63,1.64,1.62,29160
13/10/2004,1.65,1.71,1.65,1.69,1.67,83160
14/10/2004,1.66,1.71,1.66,1.67,1.64,61020
15/10/2004,1.65,1.74,1.65,1.73,1.71,147960
18/10/2004,1.76,1.8,1.7,1.76,1.73,239220
19/10/2004,1.74,1.8,1.69,1.71,1.68,154440
20/10/2004,1.71,1.74,1.69,1.69,1.67,153360
21/10/2004,1.68,1.74,1.68,1.71,1.69,60480
22/10/2004,1.67,1.79,1.67,1.75,1.72,130140
25/10/2004,1.71,1.8,1.7,1.77,1.74,55620
26/10/2004,1.76,1.76,1.68,1.68,1.65,359640
27/10/2004,1.67,1.73,1.67,1.69,1.66,153900
28/10/2004,1.71,1.71,1.68,1.68,1.65,34020
29/10/2004,1.68,1.71,1.67,1.71,1.69,109620
01/11/2004,1.67,1.73,1.67,1.69,1.66,58860
02/11/2004,1.85,1.85,1.68,1.69,1.66,89100
03/11/2004,1.69,1.7,1.68,1.7,1.68,83160
04/11/2004,1.68,1.71,1.68,1.71,1.68,52380
05/11/2004,1.7,1.76,1.69,1.76,1.73,171720
08/11/2004,1.74,1.81,1.74,1.8,1.78,197100
09/11/2004,1.85,2.17,1.81,2.13,2.1,1590300
10/11/2004,2.22,2.22,2.14,2.2,2.17,1789020
11/11/2004,2.41,2.41,2.13,2.17,2.14,761940
12/11/2004,2.22,2.22,2.06,2.11,2.08,308340
15/11/2004,2.18,2.22,2.12,2.15,2.12,481140
16/11/2004,2.22,2.22,2.13,2.15,2.12,379620
17/11/2004,2.13,2.2,2.13,2.16,2.13,224100
18/11/2004,2.28,2.28,2.18,2.22,2.18,326250
19/11/2004,2.44,2.44,2.11,2.22,2.19,326700
22/11/2004,1.97,2.24,1.97,2.15,2.12,206550
23/11/2004,2.22,2.22,2.11,2.17,2.14,156600
24/11/2004,2.12,2.22,2.12,2.2,2.17,137250
26/11/2004,2.2,2.22,2.12,2.18,2.14,113400
29/11/2004,2.33,2.33,2.17,2.22,2.19,136350
30/11/2004,2.25,2.27,2.18,2.2,2.17,103500
01/12/2004,2.14,2.25,2.14,2.2,2.17,85050
02/12/2004,2.33,2.33,2.13,2.17,2.13,220500
03/12/2004,2.14,2.26,2.14,2.21,2.18,236700
06/12/2004,2.31,2.34,2.22,2.33,2.29,266400
07/12/2004,2.44,2.6,2.25,2.28,2.24,1134900
08/12/2004,2.28,2.44,2.28,2.41,2.37,340650
09/12/2004,2.55,2.55,2.34,2.39,2.35,197550
10/12/2004,2.39,2.42,2.26,2.33,2.3,153900
13/12/2004,2.29,2.42,2.25,2.3,2.26,345600
14/12/2004,2.26,2.39,2.26,2.35,2.31,144000
15/12/2004,2.36,2.38,2.27,2.37,2.34,135900
16/12/2004,2.39,2.39,2.26,2.37,2.33,114300
17/12/2004,2.36,2.38,2.36,2.37,2.33,80100
20/12/2004,2.39,2.42,2.27,2.41,2.37,176400
21/12/2004,2.4,2.43,2.39,2.39,2.35,198900
22/12/2004,2.4,2.62,2.4,2.59,2.55,441000
23/12/2004,2.67,3.09,2.67,2.97,2.93,1225800
27/12/2004,3.09,3.11,2.97,2.97,2.92,379350
28/12/2004,2.96,2.96,2.75,2.88,2.83,797850
29/12/2004,2.89,2.93,2.8,2.87,2.83,296100
30/12/2004,2.8,2.94,2.8,2.9,2.86,184050
31/12/2004,2.85,2.98,2.85,2.94,2.9,167850
03/01/2005,2.85,2.99,2.82,2.84,2.8,355050
04/01/2005,2.83,2.87,2.58,2.64,2.6,539100
05/01/2005,2.53,2.62,2.4,2.56,2.52,596250
06/01/2005,2.47,2.52,2.37,2.51,2.47,404550
07/01/2005,2.51,2.58,2.51,2.56,2.52,247950
10/01/2005,2.54,2.63,2.38,2.57,2.53,164250
11/01/2005,2.5,2.55,2.48,2.52,2.48,306900
12/01/2005,2.53,2.53,2.48,2.51,2.47,187650
13/01/2005,2.55,2.6,2.49,2.58,2.55,276300
14/01/2005,2.66,2.66,2.52,2.59,2.55,156150
18/01/2005,2.59,2.72,2.59,2.65,2.61,196200
19/01/2005,2.61,2.89,2.61,2.74,2.7,206100
20/01/2005,2.73,2.74,2.72,2.73,2.69,172800
21/01/2005,2.6,2.73,2.6,2.73,2.69,213750
24/01/2005,2.77,2.78,2.65,2.75,2.71,229950
25/01/2005,2.81,2.81,2.63,2.75,2.71,123300
26/01/2005,2.82,2.82,2.68,2.72,2.68,162000
27/01/2005,2.7,2.94,2.64,2.89,2.85,404100
28/01/2005,2.86,2.96,2.86,2.89,2.85,273600
31/01/2005,2.91,3.0,2.64,2.92,2.87,258750
01/02/2005,2.95,2.95,2.91,2.92,2.87,292950
02/02/2005,2.92,2.93,2.85,2.9,2.86,328500
03/02/2005,2.99,2.99,2.89,2.94,2.9,166050
04/02/2005,2.95,3.06,2.86,2.9,2.86,288000
07/02/2005,3.0,3.0,2.87,2.92,2.87,179550
08/02/2005,2.89,2.89,2.5,2.67,2.63,1373400
09/02/2005,2.68,2.71,2.6,2.69,2.65,420750
10/02/2005,2.58,2.74,2.58,2.64,2.6,182250
11/02/2005,2.63,2.68,2.63,2.67,2.63,185400
14/02/2005,2.66,2.69,2.51,2.66,2.62,184950
15/02/2005,2.59,2.69,2.55,2.67,2.63,205200
16/02/2005,2.68,2.68,2.62,2.67,2.63,275400
17/02/2005,2.69,2.69,2.52,2.6,2.56,166050
18/02/2005,2.56,2.63,2.56,2.57,2.53,118350
22/02/2005,2.62,2.62,2.4,2.43,2.39,210150
23/02/2005,2.42,2.44,2.26,2.29,2.26,312750
24/02/2005,2.26,2.31,2.26,2.26,2.23,271350
25/02/2005,2.24,2.36,2.24,2.27,2.23,225450
28/02/2005,2.26,2.3,2.22,2.24,2.2,255600
01/03/2005,2.22,2.64,2.17,2.33,2.3,1097550
02/03/2005,2.26,2.49,2.26,2.4,2.37,113850
03/03/2005,2.44,2.45,2.36,2.4,2.37,97650
04/03/2005,2.34,2.49,2.34,2.36,2.32,104400
07/03/2005,2.34,2.46,2.33,2.4,2.36,141300
08/03/2005,2.39,2.41,2.39,2.41,2.37,62100
09/03/2005,2.35,2.44,2.3,2.32,2.28,214650
10/03/2005,2.35,2.38,2.22,2.29,2.25,138600
11/03/2005,2.23,2.32,2.23,2.3,2.27,116550
14/03/2005,2.29,2.33,2.29,2.32,2.28,130500
15/03/2005,2.28,2.42,2.28,2.38,2.34,389700
16/03/2005,2.42,2.54,2.4,2.49,2.45,149400
17/03/2005,2.41,2.48,2.41,2.43,2.39,60300
18/03/2005,2.39,2.44,2.34,2.43,2.39,81900
21/03/2005,2.47,2.47,2.44,2.45,2.42,45000
22/03/2005,2.49,2.53,2.44,2.44,2.4,88200
23/03/2005,2.34,2.4,2.34,2.36,2.32,83250
24/03/2005,2.35,2.38,2.32,2.38,2.34,284400
28/03/2005,2.3,2.44,2.3,2.38,2.35,70200
29/03/2005,2.36,2.42,2.33,2.33,2.3,72000
30/03/2005,2.32,2.41,2.29,2.35,2.31,47250
31/03/2005,2.34,2.36,2.33,2.34,2.3,68850
01/04/2005,2.33,2.34,2.33,2.33,2.3,79650
04/04/2005,2.28,2.35,2.25,2.31,2.28,215100
05/04/2005,2.31,2.34,2.31,2.33,2.3,76950
06/04/2005,2.32,2.35,2.32,2.33,2.29,90450
07/04/2005,2.3,2.34,2.3,2.34,2.3,37350
08/04/2005,2.33,2.34,2.28,2.32,2.29,46350
11/04/2005,2.28,2.31,2.28,2.28,2.24,60750
12/04/2005,2.28,2.32,2.22,2.32,2.28,100350
13/04/2005,2.44,2.44,2.22,2.22,2.19,66600
14/04/2005,2.22,2.26,2.0,2.07,2.04,252000
15/04/2005,2.04,2.09,2.03,2.08,2.05,242550
18/04/2005,2.04,2.04,1.78,1.95,1.92,345150
19/04/2005,1.97,2.04,1.97,1.98,1.95,135000
20/04/2005,2.04,2.06,1.98,2.02,1.99,48150
21/04/2005,2.12,2.13,2.03,2.06,2.03,168300
22/04/2005,2.01,2.04,1.92,2.03,2.0,74700
25/04/2005,2.03,2.03,1.92,1.98,1.95,38250
26/04/2005,1.99,2.07,1.96,2.0,1.97,131850
27/04/2005,2.0,2.07,2.0,2.06,2.03,50850
28/04/2005,2.08,2.16,2.05,2.14,2.11,59850
29/04/2005,1.96,2.16,1.96,2.12,2.09,56700
02/05/2005,2.06,2.11,2.06,2.07,2.04,330750
03/05/2005,1.99,2.13,1.99,2.04,2.01,129150
04/05/2005,2.04,2.04,2.0,2.02,1.98,108000
05/05/2005,2.04,2.15,2.03,2.04,2.0,117450
06/05/2005,2.18,2.18,2.09,2.14,2.11,70650
09/05/2005,1.98,2.11,1.98,2.05,2.02,225000
10/05/2005,2.02,2.11,2.01,2.05,2.02,34200
11/05/2005,2.05,2.08,2.05,2.07,2.04,37350
12/05/2005,2.04,2.07,1.95,2.02,1.99,52200
13/05/2005,2.09,2.09,2.02,2.02,1.99,46800
16/05/2005,2.02,2.08,2.02,2.06,2.02,73350
17/05/2005,2.06,2.06,2.03,2.04,2.01,138600
18/05/2005,2.04,2.11,2.04,2.11,2.08,274500
19/05/2005,2.09,2.11,2.06,2.08,2.05,238950
20/05/2005,2.07,2.1,2.02,2.1,2.07,37350
23/05/2005,2.11,2.11,2.0,2.03,2.0,124200
24/05/2005,2.07,2.08,2.0,2.01,1.98,117450
25/05/2005,2.01,2.03,2.0,2.03,2.0,288900
26/05/2005,2.03,2.11,2.0,2.08,2.04,104850
27/05/2005,2.1,2.11,2.0,2.07,2.04,52650
31/05/2005,2.02,2.07,2.02,2.06,2.03,35100
01/06/2005,2.05,2.08,2.03,2.03,2.0,47250
02/06/2005,2.03,2.05,2.01,2.02,1.99,73800
03/06/2005,2.03,2.04,2.01,2.02,1.99,98550
06/06/2005,1.93,2.04,1.93,2.02,1.98,38250
07/06/2005,2.02,2.07,2.02,2.05,2.02,70650
08/06/2005,2.02,2.11,2.01,2.06,2.03,183600
09/06/2005,2.09,2.21,2.04,2.09,2.05,237150
10/06/2005,2.16,2.18,2.04,2.18,2.14,149400
13/06/2005,2.18,2.18,2.08,2.11,2.08,75150
14/06/2005,2.18,2.18,2.11,2.14,2.11,40500
15/06/2005,2.15,2.22,2.14,2.2,2.17,159300
16/06/2005,2.21,2.22,2.17,2.22,2.19,123300
17/06/2005,2.22,2.23,2.1,2.16,2.12,71550
20/06/2005,2.1,2.2,2.1,2.16,2.13,83250
21/06/2005,2.16,2.22,2.16,2.22,2.19,28800
22/06/2005,2.22,2.26,2.16,2.24,2.21,42750
23/06/2005,2.25,2.26,2.18,2.22,2.19,67500
24/06/2005,2.24,2.26,2.22,2.26,2.23,67950
27/06/2005,2.26,2.29,2.25,2.29,2.25,18450
28/06/2005,2.27,2.33,2.18,2.32,2.29,94050
29/06/2005,2.33,2.33,2.21,2.24,2.21,140400
30/06/2005,2.27,2.28,2.23,2.26,2.22,19350
01/07/2005,2.27,2.31,2.24,2.27,2.24,36900
05/07/2005,2.28,2.3,2.24,2.28,2.25,46800
06/07/2005,2.32,2.33,2.27,2.3,2.27,9450
07/07/2005,2.33,2.33,2.27,2.32,2.29,32850
08/07/2005,2.33,2.36,2.32,2.35,2.32,70200
11/07/2005,2.34,2.5,2.34,2.47,2.43,160650
12/07/2005,2.47,2.61,2.47,2.59,2.55,336600
13/07/2005,2.67,2.7,2.59,2.69,2.65,305100
14/07/2005,2.7,2.71,2.64,2.65,2.61,120150
15/07/2005,2.57,2.68,2.57,2.68,2.63,64800
18/07/2005,2.52,2.72,2.52,2.68,2.64,123300
19/07/2005,2.71,2.71,2.64,2.64,2.6,56250
20/07/2005,2.56,2.67,2.56,2.67,2.63,57150
21/07/2005,2.69,2.7,2.61,2.67,2.63,24300
22/07/2005,2.64,2.7,2.6,2.68,2.64,24300
25/07/2005,2.64,2.71,2.64,2.68,2.64,87750
26/07/2005,2.7,2.71,2.56,2.7,2.66,67050
27/07/2005,2.69,2.71,2.69,2.7,2.66,27450
28/07/2005,2.7,2.77,2.67,2.76,2.72,126000
29/07/2005,2.78,2.78,2.71,2.77,2.73,95400
01/08/2005,2.79,2.79,2.73,2.74,2.7,91800
02/08/2005,2.71,2.76,2.7,2.74,2.7,33750
03/08/2005,2.74,2.8,2.74,2.77,2.72,65250
04/08/2005,2.78,2.8,2.76,2.78,2.73,32400
05/08/2005,2.73,2.78,2.73,2.77,2.72,102150
08/08/2005,2.71,2.75,2.67,2.72,2.68,58500
09/08/2005,2.67,2.73,2.67,2.72,2.68,107550
10/08/2005,2.68,2.74,2.68,2.72,2.68,109350
11/08/2005,2.72,2.75,2.69,2.72,2.68,87300
12/08/2005,2.72,2.75,2.7,2.72,2.68,30150
15/08/2005,2.7,2.75,2.7,2.74,2.7,45450
16/08/2005,2.72,2.75,2.69,2.7,2.66,63900
17/08/2005,2.66,2.72,2.66,2.72,2.68,85950
18/08/2005,2.65,2.72,2.65,2.72,2.68,43200
19/08/2005,2.67,2.74,2.67,2.74,2.7,183600
22/08/2005,2.76,2.76,2.68,2.75,2.71,76500
23/08/2005,2.76,2.76,2.68,2.74,2.7,112500
24/08/2005,2.71,2.71,2.66,2.7,2.66,41400
25/08/2005,2.78,2.78,2.67,2.78,2.74,33750
26/08/2005,2.79,2.79,2.68,2.72,2.67,54000
29/08/2005,2.82,2.83,2.61,2.68,2.64,252000
30/08/2005,2.64,2.68,2.64,2.66,2.62,105300
31/08/2005,2.6,2.72,2.57,2.72,2.68,120150
01/09/2005,2.72,2.72,2.66,2.66,2.62,75150
02/09/2005,2.63,2.68,2.62,2.67,2.63,29250
06/09/2005,2.64,2.68,2.64,2.66,2.62,115650
07/09/2005,2.62,2.69,2.62,2.68,2.64,57600
08/09/2005,2.69,2.69,2.64,2.66,2.62,54000
09/09/2005,2.7,2.7,2.63,2.68,2.64,91800
12/09/2005,2.7,2.71,2.66,2.71,2.67,83700
13/09/2005,2.68,2.78,2.67,2.77,2.73,151200
14/09/2005,2.77,2.81,2.75,2.77,2.72,54900
15/09/2005,2.62,2.86,2.62,2.84,2.8,131400
16/09/2005,2.89,2.89,2.82,2.83,2.79,68850
19/09/2005,2.83,2.89,2.83,2.89,2.84,8550
20/09/2005,2.98,3.15,2.98,3.14,3.09,940950
21/09/2005,3.17,3.22,3.1,3.13,3.08,901350
22/09/2005,3.16,3.18,3.13,3.17,3.12,259200
23/09/2005,3.19,3.2,3.11,3.2,3.15,166500
26/09/2005,3.22,3.22,3.11,3.13,3.08,139050
27/09/2005,3.18,3.18,3.13,3.16,3.12,54900
28/09/2005,3.16,3.2,3.08,3.12,3.07,84150
29/09/2005,3.14,3.14,2.95,3.01,2.96,92700
30/09/2005,3.1,3.1,2.97,3.03,2.99,55800
03/10/2005,3.06,3.09,2.9,3.05,3.0,162000
04/10/2005,3.05,3.05,2.99,3.04,3.0,77850
05/10/2005,2.97,3.02,2.74,2.84,2.79,367200
06/10/2005,2.84,2.86,2.67,2.81,2.77,233100
07/10/2005,2.75,2.84,2.72,2.78,2.74,81900
10/10/2005,2.78,2.96,2.78,2.84,2.79,43650
11/10/2005,2.96,2.96,2.8,2.8,2.76,168300
12/10/2005,2.8,2.87,2.78,2.78,2.74,104400
13/10/2005,2.76,2.78,2.72,2.72,2.68,86400
14/10/2005,2.8,2.82,2.71,2.77,2.72,112500
17/10/2005,2.82,2.82,2.72,2.73,2.69,85500
18/10/2005,2.66,2.73,2.66,2.72,2.68,45000
19/10/2005,2.69,2.7,2.22,2.65,2.61,173250
20/10/2005,2.68,2.78,2.66,2.74,2.69,75150
21/10/2005,2.76,2.76,2.68,2.71,2.67,54000
24/10/2005,2.77,2.77,2.52,2.68,2.63,82800
25/10/2005,2.6,2.64,2.6,2.64,2.6,74700
26/10/2005,2.64,2.72,2.52,2.57,2.53,168300
27/10/2005,2.57,2.61,2.57,2.61,2.57,79650
28/10/2005,2.52,2.61,2.52,2.58,2.55,25650
31/10/2005,2.61,2.67,2.54,2.6,2.56,112500
01/11/2005,2.56,2.6,2.56,2.59,2.55,37350
02/11/2005,2.57,2.68,2.55,2.66,2.62,134100
03/11/2005,2.72,2.72,2.58,2.67,2.63,88650
04/11/2005,2.69,2.93,2.67,2.75,2.71,208350
07/11/2005,2.77,2.89,2.76,2.82,2.78,42750
08/11/2005,2.82,2.88,2.82,2.85,2.81,8100
09/11/2005,2.77,3.11,2.77,2.94,2.9,99900
10/11/2005,2.9,2.95,2.89,2.95,2.9,41400
11/11/2005,2.9,2.93,2.74,2.93,2.88,160650
14/11/2005,2.94,3.0,2.89,2.97,2.92,70650
15/11/2005,2.89,2.96,2.8,2.84,2.8,230850
16/11/2005,2.83,2.92,2.79,2.89,2.85,61650
17/11/2005,2.82,2.92,2.8,2.87,2.83,81900
18/11/2005,2.92,2.92,2.88,2.89,2.85,31050
21/11/2005,2.89,2.9,2.83,2.87,2.82,82800
22/11/2005,2.89,2.92,2.83,2.9,2.86,207000
23/11/2005,2.92,3.14,2.92,3.08,3.04,325800
25/11/2005,3.16,3.2,3.13,3.18,3.13,101250
28/11/2005,3.2,3.33,3.19,3.28,3.23,334800
29/11/2005,3.29,3.33,3.28,3.31,3.26,325350
30/11/2005,3.38,3.6,3.38,3.57,3.51,582300
01/12/2005,3.57,3.73,3.57,3.7,3.64,1294650
02/12/2005,3.71,3.8,3.62,3.76,3.7,681750
05/12/2005,3.83,3.83,3.69,3.78,3.72,589500
06/12/2005,3.84,3.93,3.78,3.8,3.74,540900
07/12/2005,3.83,3.83,3.61,3.74,3.68,341550
08/12/2005,3.78,3.78,3.56,3.62,3.57,211500
09/12/2005,3.63,3.78,3.63,3.66,3.6,145350
12/12/2005,3.74,3.86,3.67,3.8,3.74,353250
13/12/2005,3.87,3.87,3.79,3.8,3.74,139050
14/12/2005,3.83,3.88,3.6,3.66,3.61,104400
15/12/2005,3.66,3.72,3.56,3.66,3.6,92250
16/12/2005,3.63,3.67,3.42,3.54,3.49,387000
19/12/2005,3.55,3.56,3.34,3.4,3.35,429300
20/12/2005,3.34,3.43,3.27,3.31,3.26,223650
21/12/2005,3.3,3.51,3.27,3.51,3.45,460800
22/12/2005,3.52,3.61,3.44,3.54,3.49,189900
23/12/2005,3.63,3.75,3.44,3.62,3.56,183150
27/12/2005,3.62,3.71,3.57,3.57,3.52,141750
28/12/2005,3.66,3.71,3.33,3.56,3.51,233550
29/12/2005,3.54,3.72,3.33,3.61,3.56,182100
30/12/2005,3.56,3.65,3.42,3.45,3.4,304200
03/01/2006,3.46,3.47,3.33,3.34,3.29,214500
04/01/2006,3.28,3.48,3.17,3.38,3.33,275700
05/01/2006,3.42,3.42,3.34,3.37,3.32,114000
06/01/2006,3.4,3.65,3.4,3.58,3.53,218100
09/01/2006,3.65,3.96,3.59,3.96,3.9,419400
10/01/2006,3.99,4.06,3.96,3.99,3.93,343200
11/01/2006,4.0,4.0,3.69,3.85,3.79,365400
12/01/2006,3.92,3.98,3.81,3.89,3.83,175200
13/01/2006,3.86,3.87,3.69,3.78,3.73,192000
17/01/2006,3.73,3.87,3.71,3.81,3.75,117600
18/01/2006,3.71,3.8,3.7,3.77,3.71,88200
19/01/2006,3.81,4.14,3.67,3.91,3.85,318300
20/01/2006,3.93,3.97,3.72,3.87,3.81,215400
23/01/2006,3.83,3.98,3.83,3.94,3.88,108600
24/01/2006,3.96,3.96,3.81,3.86,3.8,66300
25/01/2006,3.89,3.89,3.73,3.77,3.72,76500
26/01/2006,3.77,3.97,3.77,3.95,3.89,140700
27/01/2006,3.97,4.05,3.97,4.03,3.97,128700
30/01/2006,4.03,4.3,4.02,4.27,4.2,501600
31/01/2006,4.21,4.25,4.17,4.22,4.15,178800
01/02/2006,4.23,4.34,4.2,4.34,4.27,221700
02/02/2006,4.42,4.59,4.0,4.16,4.09,205800
03/02/2006,4.13,4.2,4.01,4.18,4.11,242100
06/02/2006,4.35,4.37,4.17,4.33,4.27,368400
07/02/2006,4.33,4.46,4.17,4.32,4.25,296700
08/02/2006,4.4,4.42,4.25,4.42,4.35,366600
09/02/2006,4.42,4.67,4.35,4.52,4.45,442800
10/02/2006,4.53,4.58,4.45,4.47,4.41,272400
13/02/2006,4.52,4.65,4.49,4.54,4.47,346200
14/02/2006,4.58,4.76,4.54,4.73,4.66,300000
15/02/2006,4.78,5.08,4.78,4.97,4.9,1661100
16/02/2006,4.97,5.07,4.93,5.05,4.97,498900
17/02/2006,5.07,5.26,5.01,5.22,5.14,672900
21/02/2006,5.23,5.28,4.84,5.17,5.09,928500
22/02/2006,5.18,5.26,5.01,5.26,5.18,243600
23/02/2006,5.28,5.29,5.03,5.2,5.12,360900
24/02/2006,5.26,5.26,5.14,5.24,5.16,410400
27/02/2006,5.34,5.34,5.05,5.16,5.08,654900
28/02/2006,5.2,5.23,5.0,5.07,4.99,341100
01/03/2006,5.05,5.17,5.05,5.13,5.06,255900
02/03/2006,5.15,5.15,4.78,4.86,4.79,587700
03/03/2006,4.74,4.77,4.46,4.71,4.64,809100
06/03/2006,4.7,4.97,4.58,4.65,4.58,510000
07/03/2006,4.62,4.65,4.57,4.58,4.51,365700
08/03/2006,4.6,4.65,4.56,4.61,4.54,278700
09/03/2006,4.63,5.28,4.58,4.69,4.62,917400
10/03/2006,4.71,4.83,4.61,4.64,4.57,338700
13/03/2006,4.61,4.72,4.48,4.59,4.52,475500
14/03/2006,4.56,4.56,4.24,4.44,4.37,700800
15/03/2006,4.43,4.73,4.34,4.73,4.66,474000
16/03/2006,4.76,4.77,4.5,4.51,4.44,313800
17/03/2006,4.51,4.75,4.49,4.62,4.55,343800
20/03/2006,4.6,4.78,4.54,4.61,4.54,233400
21/03/2006,4.75,4.79,4.44,4.75,4.68,448500
22/03/2006,4.76,5.12,4.76,4.98,4.91,851400
23/03/2006,4.99,5.08,4.97,5.02,4.94,316500
24/03/2006,5.1,5.1,4.83,5.07,5.0,365700
27/03/2006,5.18,5.58,5.18,5.5,5.41,1800300
28/03/2006,5.71,5.73,5.4,5.43,5.35,1418100
29/03/2006,5.47,5.76,5.44,5.74,5.65,712500
30/03/2006,5.8,5.82,5.46,5.61,5.53,697500
31/03/2006,5.65,5.8,5.43,5.53,5.45,601500
03/04/2006,5.83,5.83,5.62,5.67,5.58,569400
04/04/2006,5.75,5.9,5.75,5.88,5.79,875100
05/04/2006,5.92,5.92,5.6,5.72,5.64,694500
06/04/2006,5.74,5.77,5.59,5.69,5.6,691200
07/04/2006,5.7,5.7,5.61,5.64,5.55,366900
10/04/2006,5.67,5.75,5.28,5.45,5.37,1192800
11/04/2006,5.45,5.48,5.05,5.22,5.14,722100
12/04/2006,5.22,5.38,5.15,5.17,5.09,366900
13/04/2006,5.17,5.39,5.17,5.27,5.19,364200
17/04/2006,5.37,5.5,5.27,5.39,5.31,492300
18/04/2006,5.43,5.45,5.18,5.43,5.34,624600
19/04/2006,5.49,5.5,5.27,5.31,5.23,348300
20/04/2006,5.29,5.29,5.0,5.13,5.05,788100
21/04/2006,5.13,5.16,4.62,5.0,4.92,1846500
24/04/2006,5.0,5.06,4.83,5.0,4.93,455100
25/04/2006,5.02,5.05,4.88,5.03,4.96,534900
26/04/2006,4.98,5.15,4.83,5.11,5.03,421800
27/04/2006,5.1,5.15,5.0,5.05,4.98,325500
28/04/2006,5.02,5.15,5.0,5.08,5.0,243000
01/05/2006,5.08,5.16,5.05,5.09,5.01,296400
02/05/2006,5.11,5.17,5.0,5.13,5.05,233700
03/05/2006,5.19,5.4,5.1,5.34,5.26,477900
04/05/2006,5.33,5.54,5.29,5.31,5.23,541800
05/05/2006,5.33,5.46,5.24,5.35,5.27,347700
08/05/2006,5.5,5.5,5.08,5.13,5.05,706200
09/05/2006,5.17,5.18,4.93,4.97,4.9,1062300
10/05/2006,4.96,5.21,4.96,5.15,5.07,903300
11/05/2006,5.14,5.28,5.03,5.08,5.01,516900
12/05/2006,5.05,5.13,5.01,5.1,5.02,249300
15/05/2006,5.05,5.07,4.95,5.03,4.96,521100
16/05/2006,5.05,5.23,4.93,5.12,5.04,272400
17/05/2006,5.09,5.16,4.86,4.9,4.83,396300
18/05/2006,4.88,5.05,4.78,4.78,4.71,455700
19/05/2006,4.78,4.78,4.6,4.66,4.59,350400
22/05/2006,4.61,4.74,4.55,4.58,4.51,409800
23/05/2006,4.61,4.75,4.58,4.7,4.63,1113000
24/05/2006,4.69,4.89,4.59,4.75,4.68,1073100
25/05/2006,4.78,4.89,4.75,4.83,4.76,431400
26/05/2006,4.83,4.92,4.8,4.91,4.84,157200
30/05/2006,4.91,4.98,4.77,4.84,4.77,382200
31/05/2006,4.84,4.92,4.8,4.85,4.78,202500
01/06/2006,4.88,5.11,4.82,5.04,4.97,421800
02/06/2006,5.05,5.16,4.95,5.07,5.0,841800
05/06/2006,5.1,5.17,4.99,5.04,4.96,503400
06/06/2006,5.04,5.08,4.75,4.82,4.75,1165800
07/06/2006,4.84,4.9,4.75,4.85,4.78,403800
08/06/2006,4.89,4.89,4.45,4.66,4.59,591600
09/06/2006,4.66,4.74,4.51,4.63,4.56,180800
12/06/2006,4.61,4.65,4.29,4.36,4.29,389200
13/06/2006,4.28,4.39,4.03,4.16,4.1,666200
14/06/2006,4.14,4.27,4.09,4.18,4.11,351600
15/06/2006,4.2,4.49,4.16,4.31,4.24,326400
16/06/2006,4.31,4.57,4.31,4.54,4.47,237800
19/06/2006,4.53,4.62,4.38,4.51,4.44,210600
20/06/2006,4.49,4.53,4.35,4.45,4.38,186200
21/06/2006,4.43,4.49,4.26,4.41,4.34,373400
22/06/2006,4.41,4.44,4.3,4.38,4.31,167200
23/06/2006,4.32,4.54,4.32,4.53,4.46,171400
26/06/2006,4.37,4.59,4.37,4.53,4.47,308000
27/06/2006,4.52,4.61,4.48,4.5,4.43,101400
28/06/2006,4.5,4.53,4.35,4.51,4.45,106400
29/06/2006,4.51,4.76,4.47,4.76,4.68,221600
30/06/2006,4.8,4.87,4.76,4.86,4.79,113800
03/07/2006,4.8,4.99,4.8,4.97,4.89,109400
05/07/2006,4.95,5.07,4.72,5.07,4.99,431000
06/07/2006,5.09,5.21,4.97,5.01,4.93,130200
07/07/2006,5.01,5.09,4.95,5.07,5.0,89400
10/07/2006,5.07,5.07,4.91,4.94,4.86,126800
11/07/2006,5.12,5.15,4.75,5.06,4.98,218600
12/07/2006,5.03,5.04,4.88,4.93,4.85,100200
13/07/2006,4.89,4.89,4.64,4.83,4.76,285000
14/07/2006,4.78,4.83,4.61,4.72,4.65,808000
17/07/2006,4.74,4.9,4.57,4.76,4.69,524400
18/07/2006,4.78,4.95,4.65,4.95,4.87,1182200
19/07/2006,4.97,5.1,4.61,5.03,4.96,202000
20/07/2006,5.03,5.03,4.91,4.99,4.91,124400
21/07/2006,4.99,4.99,4.78,4.88,4.81,153000
24/07/2006,4.89,5.0,4.84,4.97,4.89,82400
25/07/2006,4.91,5.06,4.87,5.01,4.94,100800
26/07/2006,4.97,5.25,4.93,5.22,5.15,302400
27/07/2006,5.26,5.47,5.24,5.4,5.32,558200
28/07/2006,5.45,5.45,5.1,5.14,5.06,257800
31/07/2006,5.18,5.37,5.14,5.32,5.23,105200
01/08/2006,5.3,5.38,5.24,5.36,5.27,102000
02/08/2006,5.35,5.38,5.02,5.21,5.13,238600
03/08/2006,5.31,5.4,5.17,5.34,5.25,154400
04/08/2006,5.32,5.47,5.25,5.36,5.27,287000
07/08/2006,5.27,5.3,5.11,5.2,5.12,149000
08/08/2006,5.15,5.32,5.14,5.24,5.17,90800
09/08/2006,5.26,5.26,5.03,5.07,4.99,171800
10/08/2006,5.05,5.12,4.93,4.95,4.88,173000
11/08/2006,4.97,5.07,4.9,4.91,4.83,159400
14/08/2006,4.91,5.03,4.86,4.89,4.82,161200
15/08/2006,4.92,4.97,4.66,4.81,4.74,212600
16/08/2006,4.82,4.94,4.7,4.87,4.8,122600
17/08/2006,4.85,4.95,4.74,4.82,4.75,174000
18/08/2006,4.84,5.05,4.83,4.99,4.91,115200
21/08/2006,4.98,4.99,4.89,4.99,4.92,98800
22/08/2006,4.98,5.16,4.95,5.12,5.05,68000
23/08/2006,5.12,5.12,4.9,4.97,4.89,58800
24/08/2006,4.99,5.07,4.95,5.01,4.93,85000
25/08/2006,5.02,5.03,4.82,4.89,4.82,98000
28/08/2006,4.88,4.95,4.85,4.88,4.8,95400
29/08/2006,4.89,4.93,4.83,4.91,4.83,59400
30/08/2006,4.9,4.99,4.89,4.93,4.86,58000
31/08/2006,4.92,4.95,4.84,4.84,4.77,38000
01/09/2006,4.85,4.89,4.77,4.78,4.7,38400
05/09/2006,4.73,4.81,4.68,4.77,4.7,180200
06/09/2006,4.76,4.86,4.72,4.82,4.75,90600
07/09/2006,4.8,4.83,4.72,4.77,4.7,170400
08/09/2006,4.76,4.76,4.7,4.7,4.63,141800
11/09/2006,4.7,4.7,4.09,4.09,4.02,652400
12/09/2006,4.01,4.07,3.68,3.76,3.7,758000
13/09/2006,3.83,3.83,2.96,3.11,3.06,4148200
14/09/2006,3.2,3.28,3.09,3.14,3.09,1853600
15/09/2006,3.19,3.23,3.15,3.21,3.16,724800
18/09/2006,3.21,3.28,3.18,3.24,3.19,451400
19/09/2006,3.26,3.27,3.19,3.21,3.17,257800
20/09/2006,3.21,3.23,3.15,3.15,3.11,316000
21/09/2006,3.14,3.22,3.13,3.15,3.11,298400
22/09/2006,3.13,3.17,3.08,3.13,3.08,186800
25/09/2006,3.14,3.15,3.03,3.12,3.08,295000
26/09/2006,3.11,3.11,3.01,3.07,3.02,248800
27/09/2006,3.05,3.09,3.03,3.06,3.01,136800
28/09/2006,3.03,3.08,2.97,2.98,2.94,256400
29/09/2006,2.98,3.04,2.97,2.98,2.93,126400
02/10/2006,2.99,3.0,2.76,2.8,2.76,554400
03/10/2006,2.78,2.86,2.74,2.74,2.7,422000
04/10/2006,2.74,2.87,2.74,2.84,2.8,208400
05/10/2006,2.84,2.86,2.83,2.84,2.8,143600
06/10/2006,2.83,2.89,2.81,2.86,2.82,122000
09/10/2006,2.85,2.87,2.82,2.83,2.78,52200
10/10/2006,2.82,2.85,2.8,2.8,2.76,96600
11/10/2006,2.79,2.83,2.79,2.81,2.77,100200
12/10/2006,2.79,2.83,2.75,2.76,2.71,301000
13/10/2006,2.76,2.85,2.75,2.85,2.8,133600
16/10/2006,2.86,3.05,2.85,3.02,2.97,345400
17/10/2006,3.04,3.2,3.02,3.18,3.14,469800
18/10/2006,3.29,3.29,3.14,3.17,3.12,272000
19/10/2006,3.16,3.16,3.04,3.08,3.03,186400
20/10/2006,3.08,3.09,3.01,3.05,3.0,189200
23/10/2006,3.08,3.1,3.01,3.07,3.02,171800
24/10/2006,3.09,3.11,3.02,3.02,2.97,192400
25/10/2006,3.02,3.09,2.97,2.99,2.94,142600
26/10/2006,3.02,3.04,2.95,3.01,2.96,145000
27/10/2006,2.98,3.09,2.98,3.04,2.99,228800
30/10/2006,3.05,3.14,3.04,3.06,3.01,158800
31/10/2006,3.05,3.14,3.04,3.1,3.05,101400
01/11/2006,3.1,3.22,3.03,3.18,3.13,298200
02/11/2006,3.17,3.17,3.02,3.04,2.99,267200
03/11/2006,3.03,3.11,3.0,3.09,3.04,269200
06/11/2006,3.0,3.09,2.47,2.69,2.65,1206000
07/11/2006,2.75,2.9,2.7,2.84,2.79,535600
08/11/2006,2.81,2.93,2.81,2.91,2.87,188600
09/11/2006,2.9,2.96,2.88,2.88,2.84,208800
10/11/2006,2.87,2.93,2.87,2.88,2.83,98800
13/11/2006,2.88,2.88,2.8,2.82,2.78,184800
14/11/2006,2.85,2.85,2.75,2.81,2.76,173200
15/11/2006,2.79,3.05,2.79,3.01,2.96,312600
16/11/2006,3.01,3.15,3.01,3.08,3.03,290400
17/11/2006,3.06,3.1,3.02,3.08,3.03,109400
20/11/2006,3.06,3.18,3.04,3.13,3.08,175800
21/11/2006,3.13,3.24,3.12,3.24,3.2,264200
22/11/2006,3.25,3.26,3.2,3.2,3.16,154600
24/11/2006,3.2,3.2,3.17,3.18,3.14,45600
27/11/2006,3.16,3.2,3.12,3.15,3.11,194000
28/11/2006,3.16,3.19,3.1,3.14,3.1,123400
29/11/2006,3.18,3.4,3.11,3.18,3.14,377200
30/11/2006,3.35,3.35,3.16,3.22,3.17,195800
01/12/2006,3.2,3.25,3.19,3.22,3.18,91200
04/12/2006,3.17,3.27,3.17,3.24,3.19,199800
05/12/2006,3.26,3.35,3.23,3.34,3.28,560400
06/12/2006,3.33,3.33,3.25,3.3,3.25,668200
07/12/2006,3.33,3.34,3.26,3.29,3.23,265200
08/12/2006,3.25,3.29,3.25,3.27,3.22,303200
11/12/2006,3.3,3.3,3.13,3.14,3.09,216000
12/12/2006,3.12,3.2,3.0,3.09,3.04,590600
13/12/2006,3.09,3.14,3.04,3.05,3.0,345600
14/12/2006,3.05,3.1,3.0,3.05,3.0,200200
15/12/2006,3.07,3.11,3.04,3.11,3.06,977800
18/12/2006,3.12,3.14,2.96,3.0,2.95,1099200
19/12/2006,3.0,3.02,2.91,2.93,2.89,183800
20/12/2006,2.94,3.0,2.93,2.99,2.95,343400
21/12/2006,2.97,3.0,2.92,2.95,2.91,223200
22/12/2006,2.97,3.01,2.93,2.94,2.9,64200
26/12/2006,2.95,3.01,2.8,2.86,2.81,339200
27/12/2006,2.87,2.93,2.85,2.88,2.84,223200
28/12/2006,2.88,2.88,2.83,2.85,2.81,168200
29/12/2006,2.87,2.97,2.86,2.93,2.89,290400
03/01/2007,2.95,2.95,2.88,2.88,2.83,150600
04/01/2007,2.89,2.96,2.88,2.92,2.88,129200
05/01/2007,2.93,2.98,2.91,2.96,2.92,169800
08/01/2007,2.98,2.98,2.88,2.91,2.87,227800
09/01/2007,2.9,2.9,2.88,2.88,2.83,64200
10/01/2007,2.86,2.88,2.85,2.87,2.83,85800
11/01/2007,2.86,2.93,2.86,2.91,2.87,168800
12/01/2007,2.94,2.95,2.89,2.9,2.86,102600
16/01/2007,2.9,2.95,2.84,2.95,2.91,392200
17/01/2007,2.94,2.97,2.92,2.94,2.9,312400
18/01/2007,2.94,2.97,2.91,2.92,2.88,321200
19/01/2007,2.92,2.97,2.9,2.96,2.92,276800
22/01/2007,2.97,2.97,2.92,2.93,2.89,75200
23/01/2007,2.92,2.93,2.84,2.89,2.85,208400
24/01/2007,2.9,2.92,2.84,2.89,2.85,172600
25/01/2007,2.88,2.89,2.84,2.86,2.82,154200
26/01/2007,2.87,2.89,2.86,2.89,2.85,63400
29/01/2007,2.9,2.96,2.88,2.95,2.91,135800
30/01/2007,2.96,2.98,2.95,2.97,2.93,71400
31/01/2007,2.96,3.02,2.96,3.01,2.96,191200
01/02/2007,3.03,3.06,3.01,3.03,2.98,162800
02/02/2007,3.02,3.03,2.97,2.98,2.93,206600
05/02/2007,2.96,3.03,2.93,3.0,2.95,53800
06/02/2007,3.03,3.03,2.52,2.56,2.52,1100000
07/02/2007,2.58,2.67,2.56,2.63,2.59,1281800
08/02/2007,2.62,2.63,2.59,2.62,2.58,136600
09/02/2007,2.62,2.65,2.61,2.62,2.58,149800
12/02/2007,2.55,2.59,2.55,2.58,2.54,149400
13/02/2007,2.56,2.6,2.56,2.58,2.54,130400
14/02/2007,2.6,2.63,2.58,2.61,2.57,115600
15/02/2007,2.6,2.64,2.6,2.62,2.58,45000
16/02/2007,2.62,2.64,2.62,2.62,2.58,107200
20/02/2007,2.62,2.63,2.6,2.61,2.57,121600
21/02/2007,2.63,2.63,2.61,2.62,2.58,198800
22/02/2007,2.63,2.65,2.6,2.62,2.58,290000
23/02/2007,2.63,2.63,2.62,2.63,2.59,94600
26/02/2007,2.63,2.65,2.62,2.62,2.58,133800
27/02/2007,2.63,2.63,2.58,2.59,2.55,322000
28/02/2007,2.6,2.62,2.58,2.58,2.54,162400
01/03/2007,2.63,2.63,2.57,2.57,2.53,222800
02/03/2007,2.57,2.58,2.52,2.53,2.49,174400
05/03/2007,2.53,2.55,2.5,2.51,2.47,176800
06/03/2007,2.51,2.6,2.51,2.6,2.56,141600
07/03/2007,2.62,2.62,2.49,2.51,2.47,94200
08/03/2007,2.5,2.52,2.46,2.51,2.47,220000
09/03/2007,2.52,2.53,2.45,2.45,2.41,91200
12/03/2007,2.45,2.47,2.38,2.41,2.38,212800
13/03/2007,2.34,2.41,2.25,2.31,2.27,323800
14/03/2007,2.32,2.35,2.27,2.31,2.27,194400
15/03/2007,2.33,2.33,2.28,2.32,2.28,139400
16/03/2007,2.39,2.62,2.37,2.54,2.5,586800
19/03/2007,2.57,2.67,2.57,2.59,2.55,326800
20/03/2007,2.61,2.61,2.5,2.53,2.49,168200
21/03/2007,2.54,2.59,2.52,2.58,2.54,171200
22/03/2007,2.6,2.6,2.55,2.59,2.55,211400
23/03/2007,2.59,2.66,2.59,2.62,2.58,138800
26/03/2007,2.63,2.64,2.6,2.64,2.6,142200
27/03/2007,2.63,2.67,2.62,2.65,2.61,143200
28/03/2007,2.63,2.66,2.6,2.6,2.56,212800
29/03/2007,2.61,2.64,2.61,2.61,2.57,168200
30/03/2007,2.61,2.65,2.61,2.65,2.61,94800
02/04/2007,2.63,2.67,2.63,2.66,2.62,108800
03/04/2007,2.66,2.74,2.65,2.69,2.65,144200
04/04/2007,2.69,2.76,2.65,2.73,2.69,161600
05/04/2007,2.73,2.91,2.73,2.88,2.84,651200
09/04/2007,2.99,3.03,2.89,3.02,2.97,777400
10/04/2007,3.02,3.05,2.94,2.97,2.93,363800
11/04/2007,3.02,3.02,2.95,2.97,2.92,412800
12/04/2007,2.95,2.97,2.94,2.95,2.91,364800
13/04/2007,2.98,2.98,2.95,2.97,2.92,304800
16/04/2007,2.99,3.02,2.97,2.97,2.93,305600
17/04/2007,2.99,3.03,2.98,3.0,2.95,160000
18/04/2007,3.01,3.02,2.96,2.98,2.94,125600
19/04/2007,2.98,3.02,2.97,3.0,2.95,170400
20/04/2007,3.02,3.05,3.0,3.0,2.95,156800
23/04/2007,3.01,3.05,3.0,3.0,2.95,71600
24/04/2007,3.0,3.04,2.99,2.99,2.95,71000
25/04/2007,3.0,3.05,2.99,3.0,2.95,71200
26/04/2007,3.0,3.03,3.0,3.01,2.96,64000
27/04/2007,3.0,3.0,2.94,2.98,2.93,71600
30/04/2007,2.99,3.01,2.92,2.98,2.94,120000
01/05/2007,2.99,3.02,2.99,2.99,2.95,95000
02/05/2007,2.98,3.03,2.97,3.01,2.96,170800
03/05/2007,3.0,3.08,3.0,3.04,2.99,205000
04/05/2007,3.04,3.09,3.04,3.04,2.99,207600
07/05/2007,3.04,3.1,3.01,3.08,3.03,174200
08/05/2007,3.1,3.19,3.07,3.09,3.04,224600
09/05/2007,3.09,3.15,3.09,3.15,3.1,183400
10/05/2007,3.08,3.08,2.85,2.93,2.89,1519200
11/05/2007,2.92,2.92,2.88,2.9,2.86,159000
14/05/2007,2.89,3.06,2.88,3.04,2.99,169800
15/05/2007,3.04,3.1,3.0,3.03,2.98,212400
16/05/2007,3.02,3.07,3.02,3.07,3.02,157600
17/05/2007,3.08,3.08,3.01,3.08,3.03,142600
18/05/2007,3.07,3.07,3.01,3.04,2.99,120200
21/05/2007,3.03,3.07,3.02,3.06,3.01,58600
22/05/2007,3.08,3.08,3.05,3.06,3.01,129600
23/05/2007,3.04,3.08,3.04,3.06,3.01,86800
24/05/2007,3.05,3.06,3.01,3.01,2.96,172200
25/05/2007,3.03,3.05,2.95,3.0,2.95,155800
29/05/2007,2.98,3.01,2.95,2.96,2.92,97200
30/05/2007,2.95,3.0,2.9,2.99,2.94,90200
31/05/2007,2.99,3.05,2.94,2.96,2.92,66800
01/06/2007,2.96,3.0,2.94,2.96,2.91,111000
04/06/2007,2.94,3.0,2.93,2.94,2.9,94000
05/06/2007,2.95,2.95,2.86,2.89,2.85,90000
06/06/2007,2.86,2.96,2.86,2.95,2.91,61400
07/06/2007,2.95,2.95,2.85,2.89,2.85,80400
08/06/2007,2.91,2.98,2.88,2.95,2.91,76400
11/06/2007,2.94,3.03,2.92,2.95,2.91,177000
12/06/2007,2.93,3.02,2.93,2.96,2.91,60200
13/06/2007,2.98,3.0,2.94,2.97,2.93,128400
14/06/2007,2.97,3.02,2.97,2.99,2.95,76600
15/06/2007,3.01,3.02,2.98,3.01,2.96,208800
18/06/2007,3.03,3.16,3.02,3.12,3.07,178800
19/06/2007,3.1,3.18,3.02,3.17,3.12,86000
20/06/2007,3.18,3.19,3.15,3.17,3.13,68400
21/06/2007,3.16,3.17,3.05,3.13,3.08,73600
22/06/2007,3.13,3.22,3.07,3.09,3.04,118400
25/06/2007,3.1,3.12,3.09,3.1,3.05,41400
26/06/2007,3.12,3.14,3.1,3.1,3.05,89000
27/06/2007,3.07,3.12,3.07,3.09,3.04,108800
28/06/2007,3.07,3.12,3.07,3.12,3.07,120400
29/06/2007,3.11,3.15,3.11,3.15,3.1,161000
02/07/2007,3.16,3.19,3.13,3.14,3.1,68400
03/07/2007,3.13,3.17,3.13,3.14,3.1,32800
05/07/2007,3.13,3.17,3.13,3.17,3.13,39800
06/07/2007,3.2,3.2,3.12,3.18,3.13,63200
09/07/2007,3.12,3.19,3.12,3.17,3.12,120200
10/07/2007,3.16,3.18,3.12,3.16,3.12,34800
11/07/2007,3.15,3.23,3.13,3.23,3.18,71400
12/07/2007,3.23,3.33,3.22,3.3,3.25,150200
13/07/2007,3.3,3.35,3.3,3.35,3.29,89800
16/07/2007,3.44,3.47,3.38,3.44,3.39,171400
17/07/2007,3.46,3.49,3.46,3.47,3.42,195400
18/07/2007,3.46,3.47,3.33,3.38,3.33,147800
19/07/2007,3.41,3.46,3.39,3.43,3.38,97800
20/07/2007,3.44,3.44,3.35,3.38,3.33,84000
23/07/2007,3.41,3.46,3.4,3.42,3.37,173800
24/07/2007,3.42,3.46,3.4,3.42,3.37,106600
25/07/2007,3.42,3.43,3.3,3.32,3.27,140600
26/07/2007,3.33,3.33,3.25,3.25,3.2,102400
27/07/2007,3.23,3.24,3.17,3.19,3.14,102800
30/07/2007,3.17,3.23,3.17,3.23,3.19,52800
31/07/2007,3.33,3.44,3.26,3.33,3.28,125600
01/08/2007,3.32,3.34,3.25,3.25,3.2,60600
02/08/2007,3.26,3.27,3.09,3.09,3.04,266600
03/08/2007,3.07,3.07,2.86,2.88,2.83,109800
06/08/2007,2.85,2.88,2.75,2.88,2.84,119800
07/08/2007,2.85,3.12,2.85,3.1,3.05,82200
08/08/2007,3.11,3.4,3.1,3.27,3.22,242600
09/08/2007,3.22,3.39,3.21,3.39,3.34,545200
10/08/2007,3.26,3.48,3.04,3.11,3.06,605600
13/08/2007,3.1,3.1,2.86,2.94,2.9,208200
14/08/2007,2.95,2.95,2.88,2.89,2.85,38800
15/08/2007,2.88,2.88,2.81,2.81,2.76,311000
16/08/2007,2.79,2.9,2.79,2.85,2.8,193400
17/08/2007,2.95,2.95,2.8,2.84,2.79,119000
20/08/2007,2.83,2.95,2.79,2.9,2.86,68400
21/08/2007,2.92,2.96,2.8,2.8,2.76,48400
22/08/2007,2.86,3.09,2.82,3.02,2.97,55600
23/08/2007,2.96,3.19,2.96,3.16,3.12,80600
24/08/2007,3.13,3.25,3.1,3.2,3.16,41600
27/08/2007,3.17,3.34,3.04,3.3,3.24,77600
28/08/2007,3.3,3.3,3.13,3.2,3.15,87000
29/08/2007,3.2,3.2,3.05,3.12,3.07,31600
30/08/2007,3.12,3.15,3.0,3.12,3.08,79600
31/08/2007,3.15,3.15,3.07,3.08,3.03,29800
04/09/2007,3.06,3.23,3.06,3.21,3.17,59800
05/09/2007,3.17,3.24,3.13,3.22,3.18,29200
06/09/2007,3.17,3.28,3.14,3.28,3.23,31600
07/09/2007,3.22,3.22,2.88,3.02,2.97,81400
10/09/2007,3.0,3.08,2.84,3.04,2.99,88800
11/09/2007,3.02,3.12,2.83,2.91,2.87,65600
12/09/2007,2.89,3.0,2.89,2.9,2.86,52200
13/09/2007,2.92,3.12,2.92,3.02,2.97,48600
14/09/2007,2.97,3.14,2.97,3.08,3.03,45600
17/09/2007,2.8,2.89,2.73,2.75,2.71,524200
18/09/2007,2.75,2.79,2.6,2.71,2.67,336200
19/09/2007,2.68,2.87,2.68,2.76,2.72,150200
20/09/2007,2.74,2.8,2.73,2.73,2.69,106800
21/09/2007,2.73,2.73,2.67,2.7,2.66,141600
24/09/2007,2.67,2.69,2.66,2.68,2.64,171400
25/09/2007,2.65,2.7,2.63,2.67,2.63,85400
26/09/2007,2.68,2.78,2.53,2.77,2.72,71400
27/09/2007,2.76,2.8,2.74,2.8,2.76,36800
28/09/2007,2.75,2.84,2.53,2.79,2.74,44600
01/10/2007,2.78,2.78,2.71,2.73,2.69,41800
02/10/2007,2.72,2.73,2.66,2.7,2.66,67400
03/10/2007,2.67,2.74,2.66,2.68,2.64,52200
04/10/2007,2.66,2.74,2.63,2.72,2.68,50200
05/10/2007,2.73,2.74,2.71,2.72,2.68,44800
08/10/2007,2.71,2.72,2.66,2.7,2.66,45400
09/10/2007,2.7,2.74,2.63,2.67,2.63,60000
10/10/2007,2.67,2.74,2.67,2.73,2.69,37000
11/10/2007,2.73,2.86,2.66,2.84,2.8,103200
12/10/2007,2.85,2.88,2.82,2.86,2.82,101800
15/10/2007,2.86,2.98,2.85,2.98,2.93,110000
16/10/2007,2.95,2.99,2.9,2.95,2.91,33000
17/10/2007,2.95,2.97,2.81,2.9,2.86,45800
18/10/2007,2.87,2.94,2.77,2.88,2.84,70000
19/10/2007,2.87,2.92,2.87,2.89,2.85,28200
22/10/2007,2.88,2.92,2.87,2.92,2.88,63400
23/10/2007,2.92,2.94,2.91,2.92,2.88,57600
24/10/2007,2.92,2.94,2.88,2.93,2.89,37600
25/10/2007,2.91,2.94,2.91,2.93,2.89,43400
26/10/2007,2.94,2.94,2.83,2.9,2.86,57000
29/10/2007,2.83,2.93,2.83,2.92,2.88,71200
30/10/2007,2.92,2.92,2.8,2.87,2.82,105000
31/10/2007,2.89,2.9,2.82,2.83,2.78,73200
01/11/2007,2.82,2.89,2.78,2.83,2.78,44800
02/11/2007,2.83,2.85,2.7,2.71,2.67,164000
05/11/2007,2.7,2.75,2.7,2.74,2.7,73800
06/11/2007,2.69,2.74,2.64,2.74,2.7,46200
07/11/2007,2.71,2.73,2.7,2.72,2.68,51400
08/11/2007,2.72,2.75,2.69,2.7,2.66,69400
09/11/2007,2.67,2.75,2.65,2.71,2.67,79000
12/11/2007,2.7,2.73,2.62,2.63,2.59,399000
13/11/2007,2.62,2.76,2.62,2.66,2.62,264600
14/11/2007,2.66,2.67,2.62,2.63,2.59,107800
15/11/2007,2.64,2.66,2.62,2.63,2.59,91000
16/11/2007,2.6,2.68,2.6,2.64,2.6,99200
19/11/2007,2.64,2.65,2.59,2.62,2.58,69600
20/11/2007,2.67,2.67,2.55,2.56,2.52,111200
21/11/2007,2.55,2.6,2.55,2.57,2.53,49000
23/11/2007,2.56,2.66,2.55,2.55,2.51,53400
26/11/2007,2.54,2.66,2.53,2.61,2.57,69400
27/11/2007,2.56,2.64,2.36,2.41,2.38,189200
28/11/2007,2.42,2.54,2.42,2.51,2.47,105400
29/11/2007,2.49,2.56,2.48,2.48,2.45,278200
30/11/2007,2.39,2.55,2.39,2.52,2.48,189200
03/12/2007,2.51,2.59,2.45,2.46,2.42,84600
04/12/2007,2.45,2.56,2.43,2.51,2.47,615800
05/12/2007,2.49,2.52,2.49,2.5,2.46,67400
06/12/2007,2.5,2.53,2.5,2.51,2.47,99000
07/12/2007,2.5,2.54,2.5,2.5,2.46,33000
10/12/2007,2.51,2.52,2.49,2.51,2.47,52800
11/12/2007,2.5,2.69,2.49,2.64,2.6,162200
12/12/2007,2.62,2.75,2.62,2.74,2.7,45800
13/12/2007,2.7,2.8,2.68,2.79,2.74,59600
14/12/2007,2.69,2.89,2.69,2.79,2.75,92600
17/12/2007,2.76,2.8,2.68,2.77,2.73,83000
18/12/2007,2.79,2.86,2.69,2.84,2.8,75200
19/12/2007,2.83,2.86,2.7,2.86,2.81,284400
20/12/2007,2.87,2.9,2.81,2.85,2.81,353600
21/12/2007,2.85,2.99,2.79,2.99,2.95,92000
24/12/2007,2.92,3.03,2.89,3.03,2.98,37800
26/12/2007,3.01,3.09,2.98,3.09,3.04,32000
27/12/2007,3.07,3.12,3.07,3.11,3.06,20600
28/12/2007,3.11,3.12,2.96,2.98,2.93,27400
31/12/2007,2.96,3.12,2.87,3.12,3.08,79200
02/01/2008,3.1,3.16,3.07,3.15,3.1,67400
03/01/2008,3.16,3.16,2.94,2.97,2.93,32000
04/01/2008,2.98,2.98,2.62,2.66,2.62,90000
07/01/2008,2.65,3.07,2.65,3.04,2.99,44200
08/01/2008,3.03,3.07,2.85,2.94,2.9,42800
09/01/2008,2.92,2.97,2.77,2.89,2.85,64600
10/01/2008,2.76,3.06,2.75,2.99,2.95,25200
11/01/2008,2.97,3.02,2.76,2.81,2.77,59600
14/01/2008,2.8,3.01,2.8,2.99,2.94,31600
15/01/2008,2.96,3.02,2.95,3.0,2.95,43200
16/01/2008,3.0,3.03,2.88,3.01,2.96,138400
17/01/2008,2.89,3.03,2.88,3.01,2.96,29200
18/01/2008,3.03,3.03,2.92,3.02,2.97,114400
22/01/2008,2.9,3.03,2.58,3.01,2.96,77800
23/01/2008,2.97,3.22,2.92,3.22,3.18,114200
24/01/2008,3.1,3.1,2.95,2.97,2.93,95400
25/01/2008,2.98,3.01,2.94,2.96,2.91,98000
28/01/2008,2.94,3.0,2.92,2.99,2.95,41000
29/01/2008,2.96,3.0,2.96,2.99,2.94,44600
30/01/2008,2.99,3.17,2.98,3.0,2.95,83800
31/01/2008,2.94,3.04,2.92,2.96,2.91,59400
01/02/2008,3.01,3.05,3.0,3.01,2.96,49000
04/02/2008,2.99,3.01,2.8,2.95,2.91,31200
05/02/2008,2.93,2.95,2.81,2.82,2.77,22800
06/02/2008,2.79,2.84,2.56,2.74,2.7,75400
07/02/2008,2.74,2.91,2.65,2.68,2.64,77600
08/02/2008,2.87,2.87,2.71,2.73,2.69,21800
11/02/2008,2.75,2.86,2.56,2.84,2.8,164200
12/02/2008,2.85,2.85,2.73,2.75,2.71,256400
13/02/2008,2.78,2.78,2.74,2.74,2.7,115800
14/02/2008,2.73,2.76,2.67,2.7,2.66,137400
15/02/2008,2.73,2.75,2.73,2.75,2.71,172800
19/02/2008,2.74,2.75,2.7,2.75,2.71,181200
20/02/2008,2.73,2.75,2.73,2.75,2.71,79200
21/02/2008,2.74,2.75,2.72,2.75,2.71,28200
22/02/2008,2.69,2.75,2.65,2.72,2.68,74200
25/02/2008,2.66,2.72,2.65,2.72,2.68,43400
26/02/2008,2.68,2.72,2.65,2.71,2.67,22600
27/02/2008,2.69,2.74,2.68,2.73,2.69,74000
28/02/2008,2.66,2.7,2.58,2.58,2.54,90600
29/02/2008,2.62,2.75,2.56,2.75,2.71,40400
03/03/2008,2.74,2.74,2.44,2.45,2.42,95800
04/03/2008,2.45,2.5,2.44,2.5,2.46,81800
05/03/2008,2.51,2.52,2.46,2.51,2.47,23800
06/03/2008,2.46,2.5,2.46,2.49,2.46,47400
07/03/2008,2.43,2.53,2.43,2.53,2.49,88000
10/03/2008,2.5,2.5,2.41,2.44,2.41,92400
11/03/2008,2.42,2.53,2.38,2.4,2.36,58400
12/03/2008,2.38,2.5,2.38,2.49,2.46,30200
13/03/2008,2.43,2.5,2.38,2.5,2.46,28600
14/03/2008,2.49,2.5,2.44,2.49,2.46,29600
17/03/2008,2.49,2.49,2.37,2.41,2.38,33400
18/03/2008,2.35,2.45,2.33,2.4,2.36,47200
19/03/2008,2.41,2.41,2.29,2.33,2.29,32600
20/03/2008,2.29,2.45,2.28,2.43,2.4,31800
24/03/2008,2.43,2.5,2.42,2.47,2.44,75400
25/03/2008,2.45,2.5,2.45,2.5,2.46,27600
26/03/2008,2.45,2.5,2.44,2.5,2.46,130600
27/03/2008,2.44,2.51,2.43,2.48,2.45,15600
28/03/2008,2.43,2.49,2.43,2.46,2.43,18200
31/03/2008,2.47,2.5,2.41,2.46,2.42,27000
01/04/2008,2.45,2.45,2.33,2.38,2.35,68000
02/04/2008,2.4,2.4,2.32,2.34,2.3,33200
03/04/2008,2.31,2.36,2.2,2.25,2.22,82200
04/04/2008,2.14,2.4,2.14,2.4,2.36,71800
07/04/2008,2.25,2.38,2.25,2.37,2.33,54000
08/04/2008,2.37,2.5,2.34,2.48,2.44,159200
09/04/2008,2.44,2.48,2.41,2.45,2.41,56200
10/04/2008,2.45,2.45,2.41,2.42,2.38,32200
11/04/2008,2.44,2.45,2.41,2.45,2.41,42200
14/04/2008,2.41,2.45,2.38,2.4,2.37,42800
15/04/2008,2.42,2.5,2.4,2.47,2.44,120200
16/04/2008,2.45,2.45,2.39,2.43,2.4,68200
17/04/2008,2.44,2.47,2.42,2.47,2.43,134400
18/04/2008,2.45,2.5,2.44,2.5,2.46,34600
21/04/2008,2.5,2.5,2.4,2.46,2.43,25800
22/04/2008,2.45,2.45,2.42,2.44,2.4,10200
23/04/2008,2.44,2.45,2.42,2.42,2.39,5800
24/04/2008,2.45,2.45,2.41,2.42,2.39,4600
25/04/2008,2.4,2.41,2.36,2.4,2.37,8600
28/04/2008,2.38,2.38,2.32,2.34,2.3,24800
29/04/2008,2.32,2.34,2.32,2.32,2.28,9200
30/04/2008,2.33,2.38,2.31,2.36,2.32,23400
01/05/2008,2.4,2.4,2.31,2.35,2.31,7800
02/05/2008,2.35,2.4,2.35,2.38,2.35,24000
05/05/2008,2.35,2.41,2.34,2.39,2.36,57600
06/05/2008,2.41,2.45,2.31,2.43,2.39,121200
07/05/2008,2.4,2.44,2.39,2.42,2.39,47600
08/05/2008,2.44,2.44,2.4,2.43,2.4,52000
09/05/2008,2.44,2.45,2.39,2.43,2.4,65000
12/05/2008,2.4,2.42,2.37,2.42,2.38,30400
13/05/2008,2.41,2.45,2.41,2.45,2.41,17400
14/05/2008,2.4,2.45,2.4,2.43,2.39,26000
15/05/2008,2.43,2.45,2.42,2.42,2.38,54600
16/05/2008,2.39,2.39,2.32,2.34,2.3,39800
19/05/2008,2.31,2.35,2.3,2.35,2.31,56600
20/05/2008,2.32,2.35,2.3,2.35,2.31,23800
21/05/2008,2.37,2.41,2.3,2.32,2.28,33600
22/05/2008,2.35,2.37,2.26,2.35,2.31,40200
23/05/2008,2.35,2.35,2.33,2.34,2.3,23200
27/05/2008,2.31,2.34,2.26,2.28,2.25,23200
28/05/2008,2.26,2.59,2.24,2.3,2.26,61400
29/05/2008,2.3,2.3,2.24,2.29,2.26,87000
30/05/2008,2.28,2.3,2.27,2.3,2.26,14600
02/06/2008,2.27,2.35,2.25,2.35,2.31,31200
03/06/2008,2.33,2.33,2.21,2.22,2.19,36000
04/06/2008,2.25,2.28,2.24,2.25,2.22,121800
05/06/2008,2.17,2.31,2.17,2.31,2.27,34600
06/06/2008,2.3,2.31,2.26,2.3,2.26,82600
09/06/2008,2.3,2.31,2.28,2.3,2.26,23400
10/06/2008,2.26,2.33,2.26,2.32,2.28,80600
11/06/2008,2.33,2.33,2.3,2.3,2.26,59600
12/06/2008,2.27,2.35,2.27,2.33,2.29,68200
13/06/2008,2.33,2.34,2.32,2.33,2.29,29800
16/06/2008,2.3,2.34,2.27,2.27,2.24,85000
17/06/2008,2.23,2.35,2.16,2.3,2.26,43200
18/06/2008,2.32,2.32,2.16,2.25,2.22,40000
19/06/2008,2.25,2.31,2.18,2.31,2.27,130000
20/06/2008,2.25,2.3,2.22,2.28,2.24,23000
23/06/2008,2.32,2.32,2.24,2.25,2.22,37600
24/06/2008,2.21,2.3,2.21,2.25,2.22,34600
25/06/2008,2.25,2.27,2.23,2.26,2.22,97000
26/06/2008,2.2,2.3,2.16,2.22,2.19,44800
27/06/2008,2.2,2.22,2.16,2.22,2.19,50000
30/06/2008,2.2,2.31,2.18,2.27,2.23,61400
01/07/2008,2.19,2.25,2.19,2.2,2.17,15600
02/07/2008,2.2,2.27,2.2,2.23,2.2,20000
03/07/2008,2.19,2.25,2.16,2.25,2.22,19000
07/07/2008,2.23,2.25,2.19,2.22,2.19,10800
08/07/2008,2.19,2.22,2.18,2.22,2.19,23800
09/07/2008,2.22,2.22,2.2,2.2,2.17,4600
10/07/2008,2.2,2.22,2.17,2.2,2.17,22200
11/07/2008,2.22,2.26,2.16,2.26,2.23,27400
14/07/2008,2.23,2.25,2.19,2.2,2.17,64200
15/07/2008,2.17,2.2,2.15,2.15,2.12,17000
16/07/2008,2.16,2.19,2.15,2.15,2.12,19800
17/07/2008,2.15,2.18,2.14,2.15,2.12,42200
18/07/2008,2.15,2.16,2.14,2.15,2.12,12800
21/07/2008,2.15,2.16,2.15,2.15,2.12,26600
22/07/2008,2.16,2.22,2.15,2.22,2.19,8400
23/07/2008,2.24,2.25,2.12,2.18,2.15,48200
24/07/2008,2.15,2.2,2.12,2.14,2.11,42800
25/07/2008,2.14,2.18,2.12,2.17,2.14,11000
28/07/2008,2.18,2.19,2.12,2.13,2.1,29600
29/07/2008,2.17,2.24,2.16,2.2,2.17,76400
30/07/2008,2.07,2.24,2.07,2.22,2.19,26400
31/07/2008,2.18,2.22,2.18,2.2,2.17,108600
01/08/2008,2.15,2.22,2.15,2.15,2.12,13200
04/08/2008,2.19,2.19,2.15,2.17,2.14,29200
05/08/2008,2.2,2.22,2.2,2.21,2.18,37000
06/08/2008,2.22,2.25,2.2,2.21,2.18,25600
07/08/2008,2.2,2.24,2.15,2.18,2.15,51800
08/08/2008,2.17,2.2,2.11,2.16,2.13,40600
11/08/2008,2.13,2.16,2.03,2.06,2.03,50800
12/08/2008,2.12,2.15,2.1,2.15,2.12,24400
13/08/2008,2.12,2.16,2.12,2.13,2.1,11200
14/08/2008,2.06,2.11,2.04,2.09,2.06,52400
15/08/2008,2.06,2.14,2.06,2.12,2.09,16000
18/08/2008,2.17,2.2,2.03,2.2,2.17,51000
19/08/2008,2.21,2.21,2.2,2.21,2.18,7800
20/08/2008,2.14,2.2,2.14,2.19,2.16,29200
21/08/2008,2.22,2.23,2.16,2.17,2.14,45800
22/08/2008,2.17,2.18,2.16,2.17,2.14,30600
25/08/2008,2.19,2.19,2.16,2.17,2.14,13200
26/08/2008,2.18,2.19,2.05,2.05,2.02,24000
27/08/2008,2.08,2.19,2.08,2.12,2.08,19600
28/08/2008,2.09,2.15,2.09,2.14,2.11,8000
29/08/2008,2.08,2.2,2.06,2.06,2.02,48400
02/09/2008,2.1,2.13,2.09,2.12,2.09,18400
03/09/2008,2.17,2.17,2.12,2.15,2.12,32200
04/09/2008,2.18,2.21,2.14,2.17,2.14,37000
05/09/2008,2.08,2.17,2.05,2.11,2.08,47200
08/09/2008,2.17,2.17,2.06,2.11,2.07,17200
09/09/2008,2.12,2.12,2.04,2.05,2.02,36600
10/09/2008,2.04,2.05,2.01,2.04,2.0,61200
11/09/2008,2.0,2.03,1.99,2.0,1.97,32200
12/09/2008,1.96,1.97,1.8,1.93,1.91,72000
15/09/2008,1.95,2.0,1.92,1.99,1.96,12200
16/09/2008,1.91,2.02,1.83,1.88,1.85,128800
17/09/2008,1.84,1.95,1.84,1.85,1.82,40200
18/09/2008,1.85,1.85,1.8,1.8,1.77,36000
19/09/2008,1.71,1.79,1.67,1.71,1.68,24600
22/09/2008,1.7,1.71,1.64,1.65,1.62,12600
23/09/2008,1.61,1.75,1.58,1.64,1.61,32400
24/09/2008,1.62,1.67,1.6,1.65,1.62,39600
25/09/2008,1.62,1.65,1.58,1.63,1.61,8800
26/09/2008,1.6,1.65,1.59,1.62,1.6,38800
29/09/2008,1.61,1.64,1.43,1.43,1.41,164800
30/09/2008,1.48,1.5,1.23,1.47,1.44,63000
01/10/2008,1.45,1.45,1.23,1.23,1.21,31800
02/10/2008,1.24,1.37,1.24,1.37,1.34,20000
03/10/2008,1.43,1.43,1.2,1.21,1.19,22600
06/10/2008,1.12,1.17,0.93,1.0,0.98,25400
07/10/2008,1.05,1.38,0.99,1.06,1.04,22000
08/10/2008,1.1,1.27,1.05,1.06,1.04,19600
09/10/2008,1.1,1.1,0.86,1.05,1.04,44200
10/10/2008,1.0,1.1,0.89,1.05,1.03,35600
13/10/2008,1.1,1.1,1.03,1.1,1.08,29400
14/10/2008,1.08,1.1,1.03,1.04,1.02,48800
15/10/2008,1.03,1.05,0.87,1.02,1.01,38800
16/10/2008,1.0,1.0,0.85,1.0,0.98,14800
17/10/2008,0.88,1.0,0.85,1.0,0.98,19200
20/10/2008,1.0,1.0,0.89,0.98,0.97,15600
21/10/2008,0.94,1.0,0.93,0.93,0.92,8800
22/10/2008,0.93,1.0,0.9,0.91,0.9,18800
23/10/2008,0.95,0.98,0.95,0.96,0.95,35800
24/10/2008,0.94,0.95,0.94,0.94,0.93,60200
27/10/2008,0.92,1.05,0.87,1.04,1.03,18400
28/10/2008,1.08,1.08,1.0,1.02,1.01,6400
29/10/2008,0.94,1.08,0.88,1.02,1.0,45600
30/10/2008,1.0,1.01,0.92,1.0,0.98,5800
31/10/2008,0.96,1.02,0.96,1.02,1.0,21800
03/11/2008,0.99,1.0,0.93,0.97,0.96,18600
04/11/2008,0.95,1.02,0.93,0.94,0.93,35600
05/11/2008,0.96,1.01,0.94,0.94,0.93,20600
06/11/2008,0.9,1.08,0.9,1.0,0.98,14800
07/11/2008,0.95,0.95,0.92,0.93,0.92,21400
10/11/2008,0.94,1.04,0.94,1.03,1.02,36400
11/11/2008,0.92,0.94,0.83,0.89,0.88,24400
12/11/2008,0.88,0.88,0.82,0.82,0.81,13400
13/11/2008,0.85,0.92,0.82,0.82,0.81,21000
14/11/2008,0.94,0.94,0.83,0.86,0.84,12000
17/11/2008,0.88,0.88,0.68,0.88,0.86,108000
18/11/2008,0.83,0.89,0.83,0.88,0.86,38400
19/11/2008,0.87,0.87,0.82,0.82,0.81,2000
20/11/2008,0.78,0.78,0.69,0.76,0.75,25800
21/11/2008,0.71,0.77,0.64,0.73,0.72,82400
24/11/2008,0.81,0.81,0.68,0.69,0.67,41200
25/11/2008,0.69,0.73,0.68,0.73,0.71,20600
26/11/2008,0.73,0.75,0.7,0.7,0.69,28400
28/11/2008,0.7,0.73,0.7,0.73,0.71,17200
01/12/2008,0.7,0.74,0.7,0.74,0.72,53600
02/12/2008,0.74,0.74,0.73,0.73,0.72,78000
03/12/2008,0.71,0.73,0.7,0.7,0.69,9800
04/12/2008,0.74,0.74,0.71,0.71,0.7,12200
05/12/2008,0.7,0.71,0.68,0.71,0.7,12400
08/12/2008,0.71,0.74,0.71,0.71,0.7,8600
09/12/2008,0.69,0.69,0.67,0.67,0.65,25200
10/12/2008,0.65,0.7,0.6,0.7,0.69,114800
11/12/2008,0.7,0.7,0.65,0.67,0.65,4600
12/12/2008,0.65,0.69,0.65,0.69,0.68,4400
15/12/2008,0.71,0.74,0.68,0.68,0.66,17000
16/12/2008,0.68,0.74,0.68,0.73,0.72,57800
17/12/2008,0.69,0.75,0.69,0.73,0.71,20200
18/12/2008,0.69,0.7,0.68,0.68,0.67,30600
19/12/2008,0.68,0.7,0.65,0.7,0.69,23000
22/12/2008,0.7,0.7,0.62,0.65,0.64,42800
23/12/2008,0.65,0.65,0.51,0.61,0.6,150600
24/12/2008,0.64,0.64,0.59,0.59,0.58,10800
26/12/2008,0.6,0.62,0.59,0.6,0.59,21200
29/12/2008,0.62,0.62,0.6,0.62,0.61,21800
30/12/2008,0.6,0.61,0.59,0.6,0.59,35800
31/12/2008,0.59,0.75,0.59,0.64,0.63,209400
02/01/2009,0.66,0.66,0.6,0.62,0.61,58600
05/01/2009,0.62,0.63,0.62,0.62,0.62,15400
06/01/2009,0.68,0.75,0.61,0.62,0.62,53000
07/01/2009,0.6,0.62,0.6,0.62,0.61,3000
08/01/2009,0.62,0.62,0.6,0.6,0.59,21200
09/01/2009,0.63,0.63,0.62,0.63,0.62,1800
12/01/2009,0.64,0.64,0.61,0.61,0.6,27600
13/01/2009,0.63,0.66,0.6,0.61,0.6,20000
14/01/2009,0.65,0.65,0.61,0.61,0.6,5400
15/01/2009,0.6,0.62,0.59,0.62,0.62,39600
16/01/2009,0.62,0.64,0.58,0.62,0.61,10600
20/01/2009,0.64,0.64,0.56,0.57,0.57,50400
21/01/2009,0.61,0.62,0.57,0.62,0.61,21200
22/01/2009,0.6,0.62,0.6,0.62,0.61,9000
23/01/2009,0.62,0.62,0.61,0.62,0.61,26600
26/01/2009,0.62,0.65,0.61,0.61,0.6,64200
27/01/2009,0.7,0.71,0.6,0.6,0.59,85000
28/01/2009,0.62,0.62,0.56,0.56,0.55,84800
29/01/2009,0.58,0.59,0.57,0.57,0.56,15200
30/01/2009,0.56,0.58,0.54,0.56,0.56,69400
02/02/2009,0.54,0.6,0.5,0.6,0.59,54000
03/02/2009,0.6,0.62,0.56,0.62,0.61,26800
04/02/2009,0.58,0.6,0.58,0.6,0.59,40400
05/02/2009,0.6,0.6,0.56,0.6,0.59,7000
06/02/2009,0.6,0.62,0.55,0.62,0.61,75600
09/02/2009,0.55,0.71,0.55,0.62,0.62,33200
10/02/2009,0.62,0.62,0.59,0.62,0.61,76000
11/02/2009,0.62,0.62,0.58,0.6,0.59,13200
12/02/2009,0.57,0.58,0.57,0.58,0.58,8800
13/02/2009,0.56,0.6,0.52,0.55,0.54,29400
17/02/2009,0.56,0.6,0.55,0.56,0.55,79800
18/02/2009,0.54,0.6,0.54,0.58,0.57,55000
19/02/2009,0.55,0.58,0.54,0.57,0.57,20000
20/02/2009,0.58,0.58,0.52,0.53,0.52,16400
23/02/2009,0.54,0.56,0.5,0.52,0.51,122200
24/02/2009,0.5,0.51,0.45,0.5,0.49,63800
25/02/2009,0.52,0.53,0.46,0.52,0.51,21400
26/02/2009,0.5,0.5,0.5,0.5,0.49,5800
27/02/2009,0.5,0.5,0.46,0.5,0.49,12600
02/03/2009,0.49,0.5,0.45,0.46,0.45,14800
03/03/2009,0.52,0.6,0.44,0.44,0.43,22800
04/03/2009,0.44,0.45,0.44,0.44,0.44,7200
05/03/2009,0.43,1.41,0.38,0.41,0.4,47800
06/03/2009,0.44,0.45,0.4,0.41,0.4,28800
09/03/2009,0.43,0.45,0.4,0.41,0.4,6800
10/03/2009,0.39,0.44,0.39,0.44,0.43,9400
11/03/2009,0.44,0.6,0.43,0.57,0.57,44000
12/03/2009,0.44,0.61,0.41,0.57,0.56,215200
13/03/2009,0.57,0.58,0.5,0.57,0.57,7800
16/03/2009,0.55,0.55,0.47,0.5,0.5,78600
17/03/2009,0.55,0.55,0.5,0.55,0.54,56000
18/03/2009,0.51,0.54,0.51,0.54,0.53,54000
19/03/2009,0.51,0.55,0.47,0.55,0.54,99400
20/03/2009,0.55,0.56,0.47,0.55,0.54,59400
23/03/2009,0.53,0.55,0.5,0.51,0.5,29400
24/03/2009,0.52,0.58,0.5,0.54,0.53,85800
25/03/2009,0.52,0.58,0.5,0.58,0.57,70200
26/03/2009,0.55,0.6,0.55,0.57,0.56,86200
27/03/2009,0.58,0.68,0.52,0.55,0.54,70800
30/03/2009,0.51,0.57,0.5,0.52,0.52,59400
31/03/2009,0.57,0.6,0.52,0.55,0.54,58000
01/04/2009,0.56,0.56,0.54,0.56,0.56,65000
02/04/2009,0.61,0.69,0.55,0.69,0.68,65800
03/04/2009,0.65,0.65,0.55,0.55,0.54,55400
06/04/2009,0.56,0.65,0.56,0.6,0.59,53200
07/04/2009,0.6,0.6,0.54,0.54,0.53,45400
08/04/2009,0.54,0.6,0.51,0.57,0.56,72400
09/04/2009,0.58,0.6,0.55,0.59,0.58,75000
13/04/2009,0.59,0.62,0.57,0.6,0.59,49000
14/04/2009,0.57,0.62,0.57,0.57,0.57,24600
15/04/2009,0.57,0.6,0.55,0.56,0.55,8000
16/04/2009,0.56,0.56,0.54,0.54,0.53,46800
17/04/2009,0.56,0.58,0.53,0.55,0.54,41200
20/04/2009,0.57,0.6,0.54,0.55,0.54,133800
21/04/2009,0.54,0.55,0.52,0.52,0.52,78000
22/04/2009,0.52,0.54,0.5,0.54,0.53,64000
23/04/2009,0.56,0.6,0.54,0.55,0.54,31600
24/04/2009,0.57,0.57,0.5,0.57,0.57,61600
27/04/2009,0.58,0.58,0.52,0.54,0.53,48200
28/04/2009,0.55,0.57,0.52,0.57,0.57,80400
29/04/2009,0.56,0.65,0.51,0.63,0.63,122200
30/04/2009,0.65,0.68,0.61,0.67,0.66,138600
01/05/2009,0.66,0.75,0.65,0.75,0.74,119600
04/05/2009,0.77,0.82,0.73,0.8,0.79,66800
05/05/2009,0.82,0.86,0.79,0.82,0.81,38400
06/05/2009,0.86,0.86,0.77,0.79,0.78,60800
07/05/2009,0.79,0.86,0.79,0.86,0.84,33200
08/05/2009,0.86,0.86,0.69,0.71,0.7,37600
11/05/2009,0.69,0.77,0.61,0.67,0.65,98800
12/05/2009,0.68,0.68,0.57,0.63,0.62,71600
13/05/2009,0.62,0.62,0.6,0.62,0.61,41600
14/05/2009,0.61,0.64,0.61,0.64,0.64,25800
15/05/2009,0.63,0.63,0.61,0.61,0.6,135400
18/05/2009,0.61,0.63,0.61,0.62,0.62,45600
19/05/2009,0.62,0.64,0.62,0.64,0.64,34200
20/05/2009,0.62,0.64,0.62,0.62,0.62,44200
21/05/2009,0.62,0.62,0.62,0.62,0.61,3000
22/05/2009,0.63,0.63,0.61,0.61,0.6,24400
26/05/2009,0.62,0.63,0.6,0.61,0.6,24200
27/05/2009,0.61,0.63,0.58,0.61,0.6,63800
28/05/2009,0.62,0.62,0.62,0.62,0.62,33800
29/05/2009,0.62,0.72,0.6,0.72,0.71,59400
01/06/2009,0.68,0.68,0.64,0.65,0.65,43000
02/06/2009,0.65,0.65,0.64,0.65,0.64,17800
03/06/2009,0.66,0.67,0.57,0.59,0.58,71000
04/06/2009,0.62,0.65,0.62,0.65,0.64,43800
05/06/2009,0.62,0.63,0.61,0.63,0.62,50400
08/06/2009,0.64,0.72,0.61,0.72,0.71,73800
09/06/2009,0.64,0.71,0.64,0.71,0.7,98000
10/06/2009,0.69,0.69,0.62,0.62,0.62,73000
11/06/2009,0.63,0.71,0.63,0.71,0.7,201200
12/06/2009,0.69,0.69,0.67,0.67,0.65,34000
15/06/2009,0.63,0.63,0.62,0.62,0.62,22800
16/06/2009,0.62,0.65,0.62,0.62,0.61,103200
17/06/2009,0.63,0.67,0.62,0.62,0.61,69800
18/06/2009,0.62,0.62,0.61,0.61,0.6,4400
19/06/2009,0.62,0.66,0.6,0.61,0.6,6800
22/06/2009,0.62,0.66,0.58,0.61,0.6,52400
23/06/2009,0.65,0.65,0.61,0.61,0.6,10400
24/06/2009,0.61,0.62,0.58,0.6,0.59,9600
25/06/2009,0.62,0.62,0.62,0.62,0.62,7800
26/06/2009,0.62,0.62,0.59,0.62,0.62,29600
29/06/2009,0.61,0.62,0.6,0.62,0.61,6400
30/06/2009,0.62,0.62,0.59,0.59,0.58,14600
01/07/2009,0.61,0.62,0.6,0.62,0.62,27600
02/07/2009,0.61,0.62,0.58,0.62,0.62,20800
06/07/2009,0.62,0.62,0.58,0.62,0.61,56400
07/07/2009,0.58,0.61,0.58,0.59,0.58,42200
08/07/2009,0.58,0.58,0.57,0.57,0.57,155800
09/07/2009,0.57,0.58,0.57,0.57,0.57,92800
10/07/2009,0.58,0.58,0.57,0.57,0.57,27400
13/07/2009,0.58,0.59,0.57,0.57,0.56,16400
14/07/2009,0.58,0.58,0.56,0.56,0.56,27000
15/07/2009,0.58,0.58,0.56,0.58,0.57,141800
16/07/2009,0.58,0.58,0.56,0.57,0.56,21600
17/07/2009,0.56,0.57,0.56,0.56,0.55,26000
20/07/2009,0.58,0.58,0.56,0.56,0.55,26000
21/07/2009,0.56,0.59,0.56,0.56,0.56,25000
22/07/2009,0.57,0.58,0.56,0.57,0.57,83400
23/07/2009,0.56,0.6,0.56,0.6,0.59,143400
24/07/2009,0.61,0.62,0.6,0.62,0.62,30000
27/07/2009,0.62,0.62,0.62,0.62,0.62,31200
28/07/2009,0.62,0.67,0.62,0.64,0.64,68000
29/07/2009,0.62,0.62,0.6,0.6,0.59,20600
30/07/2009,0.62,0.65,0.62,0.64,0.64,17600
31/07/2009,0.64,0.65,0.63,0.64,0.63,21000
03/08/2009,0.62,0.71,0.62,0.68,0.66,46400
04/08/2009,0.68,0.69,0.68,0.68,0.66,8200
05/08/2009,0.67,0.7,0.66,0.67,0.65,26800
06/08/2009,0.65,0.68,0.63,0.63,0.63,16400
07/08/2009,0.63,0.7,0.63,0.7,0.69,32200
10/08/2009,0.69,0.71,0.69,0.71,0.7,6000
11/08/2009,0.69,0.71,0.65,0.69,0.68,17800
12/08/2009,0.66,0.7,0.66,0.69,0.67,57600
13/08/2009,0.68,0.7,0.65,0.68,0.67,20600
14/08/2009,0.69,0.8,0.65,0.68,0.67,40800
17/08/2009,0.65,0.67,0.65,0.67,0.65,9400
18/08/2009,0.64,0.69,0.64,0.69,0.67,25200
19/08/2009,0.69,0.7,0.64,0.69,0.67,23200
20/08/2009,0.67,0.7,0.65,0.69,0.68,29200
21/08/2009,0.7,0.7,0.69,0.69,0.68,110000
24/08/2009,0.68,0.69,0.63,0.63,0.63,14200
25/08/2009,0.66,0.66,0.62,0.62,0.62,17600
26/08/2009,0.68,0.73,0.65,0.73,0.71,69400
27/08/2009,0.71,0.71,0.63,0.63,0.63,127800
28/08/2009,0.65,0.69,0.65,0.66,0.65,4600
31/08/2009,0.63,0.69,0.63,0.69,0.68,20600
01/09/2009,0.69,0.71,0.65,0.69,0.67,92800
02/09/2009,0.69,0.7,0.63,0.63,0.62,45200
03/09/2009,0.65,0.69,0.65,0.65,0.65,47400
04/09/2009,0.69,0.69,0.67,0.69,0.68,32200
08/09/2009,0.69,0.85,0.68,0.71,0.7,45600
09/09/2009,0.71,0.75,0.69,0.75,0.74,99000
10/09/2009,0.73,0.79,0.73,0.74,0.72,42400
11/09/2009,0.75,0.75,0.69,0.69,0.68,51000
14/09/2009,0.73,0.75,0.72,0.73,0.71,86400
15/09/2009,0.71,0.75,0.69,0.75,0.73,61000
16/09/2009,0.71,0.75,0.7,0.73,0.72,25600
17/09/2009,0.74,0.75,0.71,0.75,0.73,75800
18/09/2009,0.75,0.75,0.65,0.74,0.72,161200
21/09/2009,0.73,0.74,0.71,0.74,0.72,4400
22/09/2009,0.74,0.75,0.72,0.75,0.74,15400
23/09/2009,0.75,0.77,0.71,0.77,0.76,51800
24/09/2009,0.77,0.77,0.7,0.77,0.76,53800
25/09/2009,0.77,0.77,0.7,0.77,0.76,33800
28/09/2009,0.8,0.8,0.7,0.8,0.78,45000
29/09/2009,0.77,0.77,0.65,0.69,0.68,186800
30/09/2009,0.71,0.72,0.66,0.67,0.65,34600
01/10/2009,0.67,0.74,0.65,0.66,0.65,91000
02/10/2009,0.65,0.74,0.65,0.71,0.7,41400
05/10/2009,0.7,0.74,0.68,0.74,0.73,119200
06/10/2009,0.75,0.77,0.71,0.73,0.72,91600
07/10/2009,0.75,0.75,0.69,0.74,0.73,27400
08/10/2009,0.75,0.79,0.73,0.75,0.73,26200
09/10/2009,0.75,0.77,0.73,0.75,0.73,12800
12/10/2009,0.77,0.77,0.75,0.76,0.75,7600
13/10/2009,0.76,0.77,0.76,0.76,0.75,6600
14/10/2009,0.75,0.76,0.75,0.75,0.74,9400
15/10/2009,0.75,0.76,0.72,0.76,0.75,36800
16/10/2009,0.74,0.76,0.74,0.75,0.73,19400
19/10/2009,0.74,0.81,0.74,0.8,0.79,95000
20/10/2009,0.81,0.81,0.75,0.81,0.79,14400
21/10/2009,0.81,0.82,0.8,0.81,0.8,18600
22/10/2009,0.82,0.94,0.82,0.92,0.91,110400
23/10/2009,0.98,1.04,0.98,1.02,1.0,137200
26/10/2009,1.02,1.02,0.96,0.96,0.95,90200
27/10/2009,0.98,1.02,0.98,1.01,0.99,42600
28/10/2009,1.01,1.02,0.95,0.98,0.96,25200
29/10/2009,1.0,1.02,0.98,1.01,1.0,16200
30/10/2009,1.01,1.02,0.96,0.96,0.95,38800
02/11/2009,1.02,1.02,0.95,0.95,0.94,28000
03/11/2009,0.97,1.0,0.89,0.95,0.94,45400
04/11/2009,0.92,1.43,0.88,0.89,0.88,16800
05/11/2009,0.9,0.92,0.9,0.92,0.9,3400
06/11/2009,0.93,0.98,0.93,0.94,0.93,11200
09/11/2009,0.95,0.98,0.92,0.95,0.94,96600
10/11/2009,0.98,0.98,0.88,0.9,0.89,19400
11/11/2009,0.93,0.94,0.86,0.87,0.85,17200
12/11/2009,0.85,0.89,0.85,0.89,0.88,10600
13/11/2009,0.87,0.88,0.81,0.83,0.82,15400
16/11/2009,0.77,0.84,0.71,0.81,0.8,68600
17/11/2009,0.8,0.89,0.76,0.83,0.82,37400
18/11/2009,0.77,0.88,0.75,0.82,0.81,64400
19/11/2009,0.8,0.89,0.76,0.85,0.84,43800
20/11/2009,0.85,0.85,0.81,0.81,0.79,5200
23/11/2009,0.83,0.85,0.83,0.83,0.82,19800
24/11/2009,0.85,0.88,0.8,0.81,0.79,13600
25/11/2009,0.82,0.89,0.81,0.85,0.83,45600
27/11/2009,0.81,0.89,0.81,0.82,0.81,20600
30/11/2009,0.82,1.05,0.82,0.93,0.91,36200
01/12/2009,0.88,0.91,0.85,0.86,0.84,19800
02/12/2009,0.88,0.93,0.88,0.93,0.91,41200
03/12/2009,0.92,1.0,0.9,0.98,0.96,38600
04/12/2009,0.96,0.98,0.94,0.94,0.92,27800
07/12/2009,0.95,0.98,0.93,0.98,0.96,7400
08/12/2009,0.94,0.98,0.93,0.97,0.96,8400
09/12/2009,0.97,0.97,0.93,0.95,0.94,13200
10/12/2009,0.94,0.98,0.9,0.93,0.91,22600
11/12/2009,0.92,0.93,0.87,0.88,0.86,30200
14/12/2009,0.85,0.88,0.85,0.88,0.86,32600
15/12/2009,0.89,0.89,0.84,0.88,0.87,15600
16/12/2009,0.88,0.88,0.81,0.81,0.8,82000
17/12/2009,0.78,0.8,0.78,0.8,0.78,24200
18/12/2009,0.8,0.98,0.77,0.98,0.96,67600
21/12/2009,0.94,0.94,0.84,0.84,0.83,46600
22/12/2009,0.85,0.98,0.82,0.93,0.92,20400
23/12/2009,0.9,0.94,0.87,0.94,0.93,36600
24/12/2009,0.93,0.96,0.9,0.96,0.95,21400
28/12/2009,0.96,0.96,0.91,0.96,0.95,30600
29/12/2009,0.94,0.96,0.9,0.95,0.94,16600
30/12/2009,0.96,0.97,0.83,0.88,0.86,118600
31/12/2009,0.85,0.87,0.82,0.83,0.82,34000
04/01/2010,0.84,0.96,0.84,0.96,0.95,51400
05/01/2010,0.93,0.98,0.88,0.96,0.95,38600
06/01/2010,0.96,0.96,0.92,0.94,0.93,61400
07/01/2010,0.94,0.96,0.94,0.94,0.93,33000
08/01/2010,0.94,0.95,0.92,0.94,0.93,6400
11/01/2010,0.93,0.95,0.88,0.94,0.93,30000
12/01/2010,0.94,0.95,0.93,0.94,0.93,7800
13/01/2010,0.94,1.05,0.89,1.0,0.98,16000
14/01/2010,0.99,1.0,0.98,1.0,0.98,18800
15/01/2010,1.0,1.0,0.96,1.0,0.98,20000
19/01/2010,1.02,1.51,0.94,0.94,0.93,49000
20/01/2010,0.96,1.02,0.96,1.02,1.0,60600
21/01/2010,1.02,1.02,0.98,1.0,0.98,51600
22/01/2010,0.98,1.02,0.94,0.95,0.94,25800
25/01/2010,1.04,1.04,1.0,1.02,1.01,4600
26/01/2010,1.01,1.01,0.93,1.0,0.98,27200
27/01/2010,0.96,1.05,0.94,1.0,0.98,38200
28/01/2010,1.0,1.0,0.95,1.0,0.98,9000
29/01/2010,0.99,1.04,0.99,1.01,0.99,29200
01/02/2010,1.02,1.04,1.0,1.04,1.03,17200
02/02/2010,1.05,1.1,1.0,1.0,0.99,34600
03/02/2010,1.02,1.5,1.02,1.06,1.04,22000
04/02/2010,1.03,1.07,0.98,1.04,1.03,61200
05/02/2010,1.02,1.06,1.0,1.05,1.03,16400
08/02/2010,1.05,1.08,1.05,1.05,1.03,26400
09/02/2010,1.09,1.09,1.02,1.08,1.06,8800
10/02/2010,1.04,1.08,1.04,1.06,1.04,3000
11/02/2010,1.04,1.07,1.0,1.07,1.05,14800
12/02/2010,1.0,1.1,0.98,1.1,1.08,55000
16/02/2010,1.02,1.1,1.0,1.01,0.99,63400
17/02/2010,1.0,1.1,1.0,1.05,1.03,70800
18/02/2010,1.02,1.1,1.01,1.09,1.07,20000
19/02/2010,1.05,1.11,1.05,1.11,1.09,15000
22/02/2010,1.04,1.12,1.04,1.12,1.11,12400
23/02/2010,1.08,1.14,1.08,1.14,1.12,8000
24/02/2010,1.12,1.13,1.1,1.12,1.11,8600
25/02/2010,1.1,1.12,1.1,1.12,1.11,7600
26/02/2010,1.13,1.13,1.1,1.1,1.08,2800
01/03/2010,1.13,1.14,1.1,1.14,1.12,19800
02/03/2010,1.17,1.17,1.14,1.14,1.12,39600
03/03/2010,1.11,1.13,1.1,1.12,1.1,23000
04/03/2010,1.17,1.17,1.12,1.13,1.11,18400
05/03/2010,1.16,1.16,1.12,1.15,1.14,6200
08/03/2010,1.12,1.15,1.12,1.12,1.11,31600
09/03/2010,1.12,1.12,1.11,1.12,1.1,15000
10/03/2010,1.11,1.12,1.08,1.12,1.1,36000
11/03/2010,1.1,1.12,1.07,1.12,1.11,22600
12/03/2010,1.08,1.12,1.07,1.09,1.07,8000
15/03/2010,1.12,1.17,1.09,1.17,1.15,11800
16/03/2010,1.12,1.12,1.07,1.07,1.05,29600
17/03/2010,1.08,1.12,1.07,1.09,1.07,34400
18/03/2010,1.07,1.12,1.07,1.12,1.11,39400
19/03/2010,1.12,1.12,1.11,1.12,1.11,30200
22/03/2010,1.11,1.15,1.11,1.12,1.1,15800
23/03/2010,1.11,1.16,1.1,1.15,1.13,12800
24/03/2010,1.15,1.15,1.12,1.13,1.12,4000
25/03/2010,1.12,1.12,1.11,1.12,1.11,4800
26/03/2010,1.12,1.14,1.12,1.14,1.12,3400
29/03/2010,1.11,1.14,1.1,1.1,1.08,12800
30/03/2010,1.11,1.12,1.11,1.11,1.09,6000
31/03/2010,1.11,1.16,1.11,1.15,1.13,21000
01/04/2010,1.16,1.17,1.12,1.12,1.11,11800
05/04/2010,1.11,1.12,1.1,1.12,1.1,58200
06/04/2010,1.12,1.17,1.12,1.17,1.16,19800
07/04/2010,1.16,1.2,1.16,1.2,1.18,9400
08/04/2010,1.2,1.22,1.2,1.21,1.19,3000
09/04/2010,1.21,1.24,1.21,1.23,1.21,5800
12/04/2010,1.24,1.24,1.24,1.24,1.22,5000
13/04/2010,1.18,1.23,1.18,1.23,1.21,5600
14/04/2010,1.18,1.2,1.17,1.18,1.17,3000
15/04/2010,1.17,1.22,1.15,1.22,1.2,3600
16/04/2010,1.25,1.25,1.16,1.2,1.18,2000
19/04/2010,1.17,1.22,1.15,1.2,1.18,18000
20/04/2010,1.2,1.23,1.16,1.23,1.21,7000
21/04/2010,1.18,1.24,1.15,1.15,1.14,6200
22/04/2010,1.21,1.29,1.21,1.25,1.24,53800
23/04/2010,1.25,1.25,1.23,1.24,1.22,24600
26/04/2010,1.23,1.25,1.17,1.23,1.21,33800
27/04/2010,1.25,1.25,1.19,1.23,1.21,13600
28/04/2010,1.25,1.25,1.15,1.18,1.16,17000
29/04/2010,1.22,1.23,1.15,1.15,1.14,28000
30/04/2010,1.13,1.21,1.1,1.21,1.19,8200
03/05/2010,1.22,1.22,1.09,1.13,1.11,40400
04/05/2010,1.14,1.17,1.09,1.1,1.08,14400
05/05/2010,1.11,1.11,1.09,1.09,1.07,6000
06/05/2010,1.09,1.15,1.05,1.1,1.08,49000
07/05/2010,1.06,1.21,1.05,1.11,1.09,45200
10/05/2010,1.07,1.17,1.07,1.12,1.1,42200
11/05/2010,1.1,1.15,1.05,1.12,1.11,28400
12/05/2010,1.12,1.21,1.05,1.13,1.11,20200
13/05/2010,1.11,1.2,1.1,1.13,1.12,11400
14/05/2010,1.13,1.14,1.08,1.08,1.06,5200
17/05/2010,1.06,1.2,1.06,1.11,1.09,33800
18/05/2010,1.12,1.12,1.07,1.07,1.05,9600
19/05/2010,1.05,1.07,1.01,1.07,1.05,23000
20/05/2010,1.11,1.12,1.02,1.12,1.1,32800
21/05/2010,1.08,1.1,1.02,1.1,1.08,10400
24/05/2010,1.03,1.12,1.03,1.12,1.1,10000
25/05/2010,1.11,1.12,1.03,1.03,1.02,28000
26/05/2010,1.03,1.04,1.01,1.04,1.03,27800
27/05/2010,1.05,1.08,1.01,1.01,1.0,23600
28/05/2010,1.01,1.06,0.95,1.01,0.99,45000
01/06/2010,1.01,1.01,1.01,1.01,1.0,400
02/06/2010,1.0,1.05,0.96,1.05,1.04,5800
03/06/2010,1.01,1.01,0.96,1.01,1.0,16200
04/06/2010,1.0,1.04,0.96,0.96,0.95,10800
07/06/2010,1.04,1.04,0.96,0.96,0.95,2400
08/06/2010,0.96,0.98,0.95,0.96,0.95,26200
09/06/2010,0.91,0.97,0.9,0.94,0.93,28800
10/06/2010,0.94,0.99,0.94,0.99,0.97,63400
11/06/2010,0.96,1.0,0.96,0.98,0.96,22200
14/06/2010,0.94,0.95,0.9,0.9,0.89,34200
15/06/2010,0.96,0.96,0.88,0.88,0.87,16600
16/06/2010,0.87,0.96,0.87,0.9,0.89,46600
17/06/2010,0.93,1.02,0.89,0.96,0.95,37800
18/06/2010,0.93,0.95,0.9,0.9,0.89,21200
21/06/2010,0.94,0.97,0.94,0.94,0.93,11800
22/06/2010,0.9,0.95,0.88,0.88,0.87,15600
23/06/2010,0.88,0.94,0.85,0.92,0.91,29000
24/06/2010,0.92,0.96,0.92,0.92,0.91,9400
25/06/2010,0.9,0.9,0.88,0.88,0.87,2600
28/06/2010,0.88,0.94,0.87,0.87,0.86,8800
29/06/2010,1.11,1.11,0.9,0.9,0.89,74600
30/06/2010,0.9,0.9,0.9,0.9,0.89,0
01/07/2010,0.91,0.91,0.85,0.88,0.86,5800
02/07/2010,0.88,0.95,0.88,0.9,0.89,11600
06/07/2010,0.96,0.96,0.88,0.93,0.91,25600
07/07/2010,0.93,0.94,0.9,0.93,0.91,23000
08/07/2010,0.94,0.94,0.88,0.88,0.87,5800
09/07/2010,0.89,0.92,0.88,0.92,0.91,5800
12/07/2010,0.91,0.91,0.85,0.88,0.86,17600
13/07/2010,0.86,0.9,0.85,0.88,0.86,10400
14/07/2010,0.86,0.86,0.85,0.85,0.84,28400
15/07/2010,0.85,0.9,0.85,0.89,0.88,51000
16/07/2010,0.89,0.89,0.85,0.85,0.83,9400
19/07/2010,0.87,0.88,0.85,0.86,0.85,5000
20/07/2010,0.86,0.89,0.86,0.87,0.86,1600
21/07/2010,0.85,0.87,0.82,0.83,0.82,64600
22/07/2010,0.85,0.88,0.85,0.85,0.83,6600
23/07/2010,0.86,0.9,0.85,0.89,0.88,36800
26/07/2010,0.89,1.0,0.88,0.99,0.97,13600
27/07/2010,1.01,1.09,0.94,1.0,0.99,72400
28/07/2010,1.0,1.0,1.0,1.0,0.98,600
29/07/2010,0.96,0.96,0.94,0.94,0.93,3600
30/07/2010,0.96,0.98,0.87,0.87,0.85,18600
02/08/2010,0.88,1.04,0.88,0.99,0.97,91400
03/08/2010,1.02,1.04,0.99,1.02,1.01,40200
04/08/2010,1.0,1.0,0.89,0.95,0.94,31400
05/08/2010,0.95,0.96,0.94,0.94,0.92,3200
06/08/2010,0.94,0.98,0.93,0.93,0.92,35000
09/08/2010,0.94,0.96,0.93,0.94,0.93,12400
10/08/2010,0.92,0.95,0.92,0.93,0.92,4800
11/08/2010,0.91,0.91,0.87,0.87,0.85,35800
12/08/2010,0.88,0.95,0.88,0.95,0.94,29400
13/08/2010,0.95,0.95,0.91,0.93,0.91,3800
16/08/2010,0.93,0.93,0.88,0.9,0.89,1400
17/08/2010,0.88,0.94,0.88,0.94,0.92,7800
18/08/2010,0.93,0.95,0.9,0.95,0.94,26400
19/08/2010,0.93,0.96,0.92,0.92,0.91,10400
20/08/2010,0.89,1.0,0.89,1.0,0.98,44800
23/08/2010,0.94,0.99,0.9,0.94,0.93,125600
24/08/2010,0.9,0.99,0.89,0.9,0.89,25600
25/08/2010,0.94,0.96,0.87,0.96,0.95,49200
26/08/2010,0.94,0.94,0.88,0.88,0.86,3600
27/08/2010,0.86,0.9,0.86,0.89,0.88,22200
30/08/2010,0.89,1.0,0.87,0.95,0.94,26400
31/08/2010,0.95,1.0,0.93,1.0,0.98,12800
01/09/2010,1.0,1.0,0.9,0.98,0.96,18600
02/09/2010,0.94,0.94,0.89,0.9,0.89,9800
03/09/2010,0.9,0.9,0.89,0.9,0.89,1200
07/09/2010,0.9,0.94,0.9,0.91,0.9,2600
08/09/2010,0.89,0.94,0.87,0.89,0.88,10000
09/09/2010,0.88,0.93,0.88,0.93,0.92,1600
10/09/2010,0.94,0.94,0.9,0.9,0.89,800
13/09/2010,0.9,0.99,0.89,0.94,0.93,4200
14/09/2010,0.94,0.99,0.88,0.99,0.97,14600
15/09/2010,0.97,1.0,0.96,0.99,0.97,6600
16/09/2010,0.99,0.99,0.94,0.98,0.97,22200
17/09/2010,0.94,1.0,0.94,1.0,0.98,4600
20/09/2010,1.0,1.0,0.99,1.0,0.98,46200
21/09/2010,0.97,0.97,0.89,0.94,0.93,27400
22/09/2010,0.94,0.97,0.92,0.96,0.95,55200
23/09/2010,0.93,0.95,0.89,0.89,0.88,10400
24/09/2010,0.89,0.96,0.89,0.89,0.88,25400
27/09/2010,0.89,0.92,0.87,0.87,0.85,5800
28/09/2010,0.88,0.95,0.88,0.94,0.93,19600
29/09/2010,0.94,0.99,0.93,0.96,0.95,16800
30/09/2010,0.98,0.98,0.88,0.98,0.96,41000
01/10/2010,0.93,0.93,0.9,0.91,0.9,2800
04/10/2010,0.88,0.9,0.88,0.88,0.87,4400
05/10/2010,0.89,0.92,0.88,0.88,0.87,31600
06/10/2010,0.88,0.88,0.88,0.88,0.86,26600
07/10/2010,0.88,0.94,0.87,0.88,0.86,37800
08/10/2010,0.88,0.89,0.87,0.87,0.85,6800
11/10/2010,0.92,0.92,0.87,0.9,0.89,21800
12/10/2010,0.89,0.9,0.87,0.88,0.87,5200
13/10/2010,0.87,0.9,0.87,0.9,0.89,6000
14/10/2010,0.88,0.9,0.87,0.87,0.86,19600
15/10/2010,0.87,0.89,0.87,0.88,0.87,11400
18/10/2010,0.89,0.9,0.87,0.87,0.86,6400
19/10/2010,0.87,0.89,0.87,0.87,0.85,11400
20/10/2010,0.86,0.88,0.86,0.86,0.85,4400
21/10/2010,0.88,0.88,0.87,0.88,0.87,800
22/10/2010,0.87,0.88,0.85,0.88,0.87,8400
25/10/2010,0.87,0.88,0.85,0.88,0.86,21200
26/10/2010,0.85,0.89,0.82,0.89,0.88,57600
27/10/2010,0.88,0.89,0.86,0.87,0.86,28400
28/10/2010,0.88,0.89,0.82,0.84,0.83,74200
29/10/2010,0.86,0.89,0.85,0.88,0.87,28600
01/11/2010,0.89,0.89,0.81,0.85,0.83,31400
02/11/2010,0.84,0.85,0.82,0.82,0.81,4200
03/11/2010,0.84,0.84,0.84,0.84,0.83,1000
04/11/2010,0.81,0.85,0.81,0.85,0.83,30200
05/11/2010,0.81,0.85,0.81,0.85,0.83,28200
08/11/2010,0.83,0.85,0.82,0.83,0.82,54600
09/11/2010,0.83,0.83,0.82,0.82,0.81,8000
10/11/2010,0.82,0.84,0.82,0.84,0.83,6800
11/11/2010,0.85,0.86,0.83,0.85,0.84,14200
12/11/2010,0.83,0.83,0.81,0.81,0.8,3800
15/11/2010,0.82,0.85,0.82,0.84,0.83,5000
16/11/2010,0.84,0.84,0.81,0.84,0.83,16600
17/11/2010,0.82,0.83,0.81,0.83,0.82,14000
18/11/2010,0.82,0.86,0.81,0.83,0.82,51600
19/11/2010,0.83,0.84,0.83,0.84,0.83,19000
22/11/2010,0.83,0.84,0.81,0.81,0.8,24200
23/11/2010,0.82,0.82,0.82,0.82,0.81,200
24/11/2010,0.81,0.86,0.81,0.86,0.84,16200
26/11/2010,0.84,0.84,0.84,0.84,0.83,3600
29/11/2010,0.81,0.85,0.81,0.82,0.81,25000
30/11/2010,0.81,0.83,0.8,0.82,0.81,25000
01/12/2010,0.82,0.85,0.8,0.83,0.82,15600
02/12/2010,0.81,0.87,0.81,0.83,0.82,8200
03/12/2010,0.86,0.86,0.81,0.82,0.81,14600
06/12/2010,0.82,0.87,0.81,0.85,0.84,8400
07/12/2010,0.83,0.85,0.81,0.81,0.8,24000
08/12/2010,0.81,0.84,0.77,0.83,0.82,35800
09/12/2010,0.8,0.82,0.78,0.82,0.81,14400
10/12/2010,0.81,0.85,0.8,0.85,0.84,17400
13/12/2010,0.85,0.85,0.8,0.85,0.83,17200
14/12/2010,0.85,0.85,0.8,0.81,0.8,19800
15/12/2010,0.81,0.81,0.81,0.81,0.8,11800
16/12/2010,0.81,0.85,0.81,0.84,0.83,13000
17/12/2010,0.82,0.84,0.81,0.84,0.83,22800
20/12/2010,0.83,0.98,0.82,0.96,0.95,120200
21/12/2010,0.96,0.96,0.92,0.93,0.91,4400
22/12/2010,0.93,0.95,0.93,0.94,0.93,6200
23/12/2010,0.95,0.98,0.89,0.94,0.93,17400
27/12/2010,0.91,0.92,0.89,0.89,0.88,4400
28/12/2010,0.89,0.98,0.89,0.96,0.95,38800
29/12/2010,1.0,1.0,0.92,0.93,0.92,14600
30/12/2010,0.91,0.92,0.83,0.85,0.83,48000
31/12/2010,0.84,0.89,0.84,0.88,0.87,36800
03/01/2011,0.88,0.89,0.84,0.89,0.88,15400
04/01/2011,0.92,0.92,0.86,0.91,0.9,13800
05/01/2011,0.89,0.89,0.86,0.86,0.85,5600
06/01/2011,0.85,0.89,0.84,0.85,0.84,29800
07/01/2011,0.86,0.9,0.86,0.9,0.89,3600
10/01/2011,0.86,0.89,0.86,0.86,0.85,36400
11/01/2011,0.88,0.88,0.88,0.88,0.86,2600
12/01/2011,0.9,0.9,0.87,0.9,0.89,2200
13/01/2011,0.9,0.9,0.87,0.87,0.85,4000
14/01/2011,0.88,0.88,0.82,0.86,0.85,51200
18/01/2011,0.85,0.88,0.83,0.88,0.86,11600
19/01/2011,0.85,0.88,0.83,0.84,0.83,16400
20/01/2011,0.84,0.86,0.83,0.86,0.84,6000
21/01/2011,0.87,0.88,0.85,0.87,0.86,20000
24/01/2011,0.87,0.88,0.87,0.88,0.87,3200
25/01/2011,0.88,0.95,0.85,0.92,0.9,59600
26/01/2011,0.9,0.9,0.88,0.9,0.89,3400
27/01/2011,0.89,0.91,0.87,0.9,0.89,4400
28/01/2011,0.89,0.91,0.88,0.91,0.9,2200
31/01/2011,0.87,0.94,0.87,0.94,0.93,9000
01/02/2011,0.9,0.94,0.88,0.94,0.93,12800
02/02/2011,0.94,0.95,0.92,0.95,0.94,7000
03/02/2011,0.92,0.94,0.89,0.94,0.92,10600
04/02/2011,0.92,0.95,0.89,0.95,0.94,20000
07/02/2011,0.94,1.0,0.94,1.0,0.99,131200
08/02/2011,1.0,1.0,0.95,0.98,0.97,76400
09/02/2011,0.96,0.99,0.96,0.99,0.97,7400
10/02/2011,1.0,1.0,0.98,0.98,0.96,13600
11/02/2011,0.97,0.99,0.95,0.96,0.95,8800
14/02/2011,1.02,1.2,1.0,1.05,1.04,122400
15/02/2011,1.05,1.11,1.02,1.09,1.07,7400
16/02/2011,1.11,1.11,1.0,1.1,1.08,90600
17/02/2011,1.1,1.1,1.07,1.09,1.07,6200
18/02/2011,1.08,1.17,1.02,1.12,1.1,40600
22/02/2011,1.12,1.12,1.07,1.12,1.1,30000
23/02/2011,1.12,1.12,1.09,1.1,1.08,12000
24/02/2011,1.1,1.17,1.1,1.14,1.12,10000
25/02/2011,1.1,1.17,1.09,1.17,1.15,5000
28/02/2011,1.17,1.17,1.15,1.17,1.16,9800
01/03/2011,1.15,1.16,1.12,1.12,1.11,25000
02/03/2011,1.11,1.12,1.1,1.1,1.08,1000
03/03/2011,1.09,1.17,1.09,1.17,1.16,14800
04/03/2011,1.17,1.18,1.08,1.16,1.15,30800
07/03/2011,1.15,1.17,1.1,1.15,1.13,29000
08/03/2011,1.15,1.15,1.14,1.14,1.12,4600
09/03/2011,1.14,1.14,1.11,1.14,1.13,7600
10/03/2011,1.11,1.12,1.1,1.11,1.09,19600
11/03/2011,1.12,1.12,1.08,1.11,1.09,17800
14/03/2011,1.11,1.12,1.08,1.12,1.1,3600
15/03/2011,1.08,1.08,1.07,1.07,1.05,13800
16/03/2011,1.08,1.1,1.07,1.1,1.08,17000
17/03/2011,1.1,1.1,1.08,1.1,1.08,3800
18/03/2011,1.08,1.12,1.08,1.08,1.06,3400
21/03/2011,1.09,1.12,1.07,1.09,1.07,10200
22/03/2011,1.12,1.12,1.11,1.11,1.09,800
23/03/2011,1.12,1.12,1.09,1.11,1.09,16000
24/03/2011,1.11,1.14,1.1,1.12,1.11,51200
25/03/2011,1.12,1.13,1.09,1.11,1.09,4600
28/03/2011,1.13,1.15,1.09,1.15,1.13,14600
29/03/2011,1.13,1.16,1.1,1.1,1.08,35400
30/03/2011,1.12,1.17,1.09,1.16,1.15,63200
31/03/2011,1.15,1.15,1.08,1.13,1.12,8200
01/04/2011,1.15,1.17,1.11,1.17,1.15,14400
04/04/2011,1.15,1.15,1.09,1.11,1.09,27400
05/04/2011,1.11,1.13,1.09,1.1,1.08,53000
06/04/2011,1.1,1.15,1.1,1.15,1.13,36400
07/04/2011,1.12,1.15,1.12,1.13,1.11,18800
08/04/2011,1.17,1.17,1.12,1.12,1.11,25600
11/04/2011,1.1,1.12,1.09,1.11,1.09,50400
12/04/2011,1.1,1.11,1.08,1.1,1.08,12400
13/04/2011,1.1,1.1,1.1,1.1,1.08,1800
14/04/2011,1.09,1.11,1.09,1.1,1.08,23200
15/04/2011,1.09,1.1,1.09,1.1,1.08,5200
18/04/2011,1.09,1.13,1.05,1.13,1.12,35600
19/04/2011,1.12,1.14,1.08,1.12,1.1,9400
20/04/2011,1.12,1.12,1.11,1.12,1.11,1400
21/04/2011,1.12,1.15,1.1,1.1,1.08,23600
25/04/2011,1.09,1.16,1.09,1.15,1.14,33000
26/04/2011,1.15,1.2,1.1,1.11,1.09,28200
27/04/2011,1.11,1.14,1.1,1.13,1.12,6800
28/04/2011,1.13,1.14,1.11,1.11,1.09,6600
29/04/2011,1.11,1.11,1.09,1.09,1.07,30000
02/05/2011,1.12,1.13,1.06,1.1,1.08,26000
03/05/2011,1.1,1.14,1.06,1.1,1.08,44000
04/05/2011,1.09,1.1,1.08,1.08,1.06,11600
05/05/2011,1.1,1.11,1.05,1.06,1.04,15400
06/05/2011,1.09,1.11,1.08,1.09,1.07,20000
09/05/2011,1.09,1.11,1.09,1.1,1.08,14600
10/05/2011,1.07,1.1,1.07,1.1,1.08,8400
11/05/2011,1.11,1.11,1.07,1.1,1.08,2600
12/05/2011,1.1,1.11,1.07,1.1,1.08,12000
13/05/2011,1.12,1.12,1.1,1.1,1.08,1800
16/05/2011,1.12,1.15,1.1,1.1,1.08,34600
17/05/2011,1.12,1.17,1.12,1.14,1.13,23200
18/05/2011,1.15,1.15,1.14,1.15,1.13,18400
19/05/2011,1.16,1.16,1.1,1.15,1.13,40800
20/05/2011,1.13,1.15,1.12,1.15,1.13,13000
23/05/2011,1.16,1.16,1.13,1.16,1.15,16400
24/05/2011,1.15,1.21,1.12,1.16,1.15,139600
25/05/2011,1.17,1.17,1.12,1.14,1.12,29400
26/05/2011,1.14,1.14,1.12,1.12,1.1,86200
27/05/2011,1.12,1.16,1.12,1.16,1.14,5200
31/05/2011,1.15,1.17,1.11,1.11,1.09,28400
01/06/2011,1.12,1.22,1.12,1.22,1.2,68000
02/06/2011,1.21,1.24,1.17,1.2,1.18,39800
03/06/2011,1.2,1.2,1.17,1.19,1.17,9200
06/06/2011,1.2,1.2,1.12,1.17,1.15,47400
07/06/2011,1.17,1.19,1.13,1.13,1.11,3600
08/06/2011,1.15,1.15,1.13,1.15,1.13,3000
09/06/2011,1.15,1.21,1.15,1.21,1.19,55400
10/06/2011,1.21,1.26,1.2,1.26,1.25,69400
13/06/2011,1.37,1.37,1.28,1.29,1.28,142200
14/06/2011,1.29,1.38,1.27,1.27,1.25,53800
15/06/2011,1.27,1.37,1.27,1.34,1.31,43200
16/06/2011,1.34,1.37,1.29,1.31,1.29,37600
17/06/2011,1.3,1.37,1.3,1.37,1.34,20800
20/06/2011,1.37,1.39,1.35,1.37,1.35,52800
21/06/2011,1.38,1.41,1.36,1.41,1.39,73200
22/06/2011,1.42,1.42,1.39,1.39,1.37,43000
23/06/2011,1.42,1.42,1.39,1.42,1.4,15400
24/06/2011,1.42,1.5,1.4,1.5,1.48,107200
27/06/2011,1.5,1.5,1.46,1.46,1.44,89000
28/06/2011,1.49,1.5,1.42,1.45,1.43,18000
29/06/2011,1.47,1.51,1.41,1.49,1.47,27000
30/06/2011,1.49,1.5,1.47,1.49,1.46,16600
01/07/2011,1.47,1.47,1.41,1.46,1.43,12600
05/07/2011,1.48,1.48,1.43,1.44,1.42,34200
06/07/2011,1.45,1.45,1.42,1.44,1.42,14200
07/07/2011,1.42,1.43,1.38,1.4,1.38,15600
08/07/2011,1.41,1.41,1.39,1.4,1.38,5600
11/07/2011,1.4,1.4,1.39,1.4,1.38,1800
12/07/2011,1.4,1.4,1.39,1.4,1.38,2000
13/07/2011,1.42,1.45,1.4,1.44,1.42,67400
14/07/2011,1.43,1.43,1.39,1.4,1.38,18000
15/07/2011,1.38,1.4,1.38,1.4,1.38,19600
18/07/2011,1.38,1.38,1.3,1.36,1.33,150800
19/07/2011,1.33,1.38,1.33,1.35,1.33,37200
20/07/2011,1.37,1.38,1.35,1.35,1.33,13000
21/07/2011,1.35,1.37,1.34,1.35,1.33,32200
22/07/2011,1.35,1.38,1.31,1.31,1.29,54400
25/07/2011,1.32,1.35,1.29,1.32,1.3,15400
26/07/2011,1.3,1.3,1.25,1.29,1.27,41600
27/07/2011,1.29,1.29,1.25,1.27,1.25,29800
28/07/2011,1.25,1.36,1.25,1.34,1.32,28000
29/07/2011,1.33,1.35,1.29,1.29,1.28,4000
01/08/2011,1.28,1.3,1.25,1.29,1.27,11400
02/08/2011,1.26,1.27,1.23,1.26,1.25,70600
03/08/2011,1.25,1.29,1.2,1.25,1.24,47400
04/08/2011,1.25,1.29,1.19,1.29,1.28,30000
05/08/2011,1.26,1.28,1.2,1.28,1.27,38600
08/08/2011,1.21,1.27,1.15,1.25,1.23,68400
09/08/2011,1.22,1.25,1.15,1.24,1.22,66400
10/08/2011,1.23,1.31,1.18,1.23,1.21,96000
11/08/2011,1.2,1.23,1.18,1.2,1.18,30200
12/08/2011,1.15,1.32,1.15,1.32,1.29,31000
15/08/2011,1.3,1.38,1.25,1.28,1.27,16200
16/08/2011,1.35,1.37,1.27,1.37,1.34,2000
17/08/2011,1.35,1.38,1.34,1.36,1.34,8400
18/08/2011,1.35,1.37,1.26,1.34,1.32,15400
19/08/2011,1.37,1.37,1.29,1.37,1.34,9600
22/08/2011,1.37,1.37,1.26,1.35,1.32,6200
23/08/2011,1.32,1.35,1.32,1.35,1.32,8400
24/08/2011,1.32,1.33,1.26,1.29,1.27,18400
25/08/2011,1.3,1.3,1.27,1.27,1.26,4000
26/08/2011,1.27,1.27,1.26,1.26,1.24,1200
29/08/2011,1.28,1.33,1.27,1.33,1.31,20800
30/08/2011,1.28,1.32,1.22,1.28,1.27,44600
31/08/2011,1.26,1.35,1.23,1.33,1.3,37600
01/09/2011,1.26,1.34,1.21,1.31,1.29,42600
02/09/2011,1.25,1.34,1.23,1.3,1.28,13000
06/09/2011,1.28,1.28,1.24,1.28,1.26,3000
07/09/2011,1.27,1.33,1.25,1.3,1.28,5600
08/09/2011,1.26,1.27,1.24,1.25,1.23,14000
09/09/2011,1.24,1.32,1.23,1.32,1.29,8200
12/09/2011,1.38,1.38,1.25,1.3,1.28,40600
13/09/2011,1.29,1.4,1.23,1.39,1.37,79600
14/09/2011,1.32,1.38,1.25,1.3,1.28,22000
15/09/2011,1.3,1.3,1.25,1.25,1.24,9200
16/09/2011,1.25,1.36,1.25,1.36,1.33,39800
19/09/2011,1.34,1.34,1.26,1.32,1.3,42800
20/09/2011,1.3,1.32,1.25,1.27,1.25,23600
21/09/2011,1.27,1.3,1.21,1.27,1.25,39800
22/09/2011,1.21,1.21,1.18,1.2,1.18,4600
23/09/2011,1.16,1.17,1.14,1.14,1.12,23000
26/09/2011,1.15,1.28,0.9,1.15,1.13,102600
27/09/2011,1.16,1.23,1.1,1.17,1.16,36000
28/09/2011,1.09,1.22,1.09,1.21,1.19,18200
29/09/2011,1.2,1.27,1.13,1.21,1.19,19000
30/09/2011,1.19,1.22,1.13,1.14,1.13,82800
03/10/2011,1.21,1.22,1.04,1.08,1.06,13400
04/10/2011,1.06,1.1,1.04,1.1,1.08,9000
05/10/2011,1.09,1.09,1.02,1.05,1.04,13200
06/10/2011,1.03,1.08,1.03,1.05,1.03,1200
07/10/2011,1.03,1.09,1.02,1.05,1.03,9200
10/10/2011,1.04,1.14,1.02,1.14,1.12,42200
11/10/2011,1.1,1.1,1.05,1.08,1.06,5600
12/10/2011,1.1,1.1,1.09,1.1,1.08,3400
13/10/2011,1.06,1.15,1.06,1.15,1.14,3600
14/10/2011,1.12,1.12,1.08,1.12,1.1,9400
17/10/2011,1.11,1.11,1.02,1.06,1.04,32600
18/10/2011,1.04,1.05,1.03,1.04,1.03,20200
19/10/2011,1.04,1.08,1.02,1.05,1.03,4200
20/10/2011,1.05,1.08,1.04,1.08,1.06,1400
21/10/2011,1.04,1.08,1.0,1.05,1.03,30000
24/10/2011,1.02,1.05,1.01,1.01,0.99,3000
25/10/2011,1.03,1.08,1.01,1.04,1.03,12800
26/10/2011,1.03,1.05,1.0,1.03,1.02,19200
27/10/2011,1.03,1.03,1.0,1.02,1.01,10600
28/10/2011,1.03,1.06,1.02,1.05,1.03,12600
31/10/2011,1.04,1.04,1.02,1.02,1.01,1600
01/11/2011,1.0,1.22,1.0,1.15,1.13,24200
02/11/2011,1.12,1.12,1.08,1.12,1.1,10200
03/11/2011,1.15,1.16,1.05,1.09,1.07,11400
04/11/2011,1.03,1.07,1.03,1.07,1.05,1800
07/11/2011,1.01,1.15,1.01,1.08,1.06,47600
08/11/2011,1.05,1.09,1.05,1.09,1.07,400
09/11/2011,1.09,1.11,1.02,1.04,1.02,10600
10/11/2011,1.09,1.11,1.01,1.11,1.09,3200
11/11/2011,1.11,1.11,1.1,1.1,1.08,1800
14/11/2011,1.05,1.08,1.05,1.08,1.06,2600
15/11/2011,1.0,1.14,1.0,1.13,1.11,75000
16/11/2011,1.13,1.13,1.0,1.01,0.99,214200
17/11/2011,1.03,1.04,0.98,0.99,0.97,15600
18/11/2011,1.0,1.2,1.0,1.09,1.07,91400
21/11/2011,1.11,1.11,1.1,1.1,1.08,2200
22/11/2011,1.07,1.1,1.01,1.09,1.07,15200
23/11/2011,1.02,1.1,1.02,1.1,1.08,2200
25/11/2011,1.1,1.1,1.1,1.1,1.08,200
28/11/2011,1.1,1.1,1.09,1.1,1.08,6400
29/11/2011,1.08,1.1,1.02,1.1,1.08,11800
30/11/2011,1.12,1.13,1.08,1.1,1.08,122200
01/12/2011,1.1,1.12,1.05,1.1,1.08,44200
02/12/2011,1.07,1.17,1.05,1.14,1.13,17800
05/12/2011,1.17,1.17,1.1,1.1,1.08,29600
06/12/2011,1.1,1.16,1.05,1.11,1.09,18600
07/12/2011,1.14,1.14,1.07,1.09,1.07,5000
08/12/2011,1.05,1.12,1.02,1.07,1.05,42600
09/12/2011,1.09,1.12,0.95,1.11,1.09,97200
12/12/2011,1.05,1.13,1.03,1.07,1.05,53600
13/12/2011,1.08,1.11,1.05,1.1,1.08,100400
14/12/2011,1.09,1.12,1.08,1.12,1.1,432400
15/12/2011,1.08,1.09,1.06,1.07,1.05,59000
16/12/2011,1.09,1.1,1.08,1.08,1.06,19600
19/12/2011,1.09,1.1,1.07,1.07,1.05,49000
20/12/2011,1.09,1.1,1.08,1.09,1.07,75800
21/12/2011,1.08,1.09,1.07,1.08,1.06,43800
22/12/2011,1.08,1.09,1.01,1.09,1.07,88000
23/12/2011,1.08,1.09,1.02,1.08,1.06,66800
27/12/2011,1.08,1.09,1.02,1.02,1.01,51000
28/12/2011,1.03,1.07,1.03,1.05,1.04,29400
29/12/2011,1.08,1.28,1.08,1.25,1.24,831800
30/12/2011,1.25,1.25,1.21,1.24,1.22,48200
03/01/2012,1.25,1.32,1.22,1.25,1.23,184400
04/01/2012,1.25,1.29,1.17,1.18,1.17,144000
05/01/2012,1.24,1.24,1.14,1.14,1.13,72400
06/01/2012,1.13,1.2,1.13,1.15,1.13,90600
09/01/2012,1.17,1.23,1.15,1.2,1.18,79600
10/01/2012,1.24,1.26,1.14,1.18,1.16,164000
11/01/2012,1.16,1.21,1.14,1.17,1.16,256000
12/01/2012,1.16,1.2,1.15,1.16,1.15,100800
13/01/2012,1.17,1.22,1.16,1.18,1.17,42400
17/01/2012,1.24,1.25,1.2,1.25,1.23,104800
18/01/2012,1.23,1.29,1.23,1.28,1.27,354800
19/01/2012,1.27,1.38,1.27,1.38,1.35,147800
20/01/2012,1.38,1.42,1.38,1.4,1.38,286000
23/01/2012,1.4,1.42,1.35,1.39,1.37,84000
24/01/2012,1.36,1.42,1.35,1.42,1.4,207600
25/01/2012,1.42,1.42,1.37,1.38,1.35,75000
26/01/2012,1.4,1.42,1.38,1.39,1.37,28800
27/01/2012,1.38,1.43,1.37,1.42,1.4,49000
30/01/2012,1.43,1.43,1.38,1.39,1.37,36600
31/01/2012,1.38,1.47,1.38,1.45,1.43,307200
01/02/2012,1.46,1.47,1.41,1.43,1.41,48600
02/02/2012,1.44,1.46,1.42,1.44,1.42,32200
03/02/2012,1.45,1.47,1.42,1.43,1.41,84200
06/02/2012,1.42,1.43,1.35,1.38,1.35,37800
07/02/2012,1.37,1.46,1.37,1.4,1.38,48600
08/02/2012,1.39,1.4,1.38,1.38,1.35,30400
09/02/2012,1.39,1.4,1.38,1.4,1.38,4200
10/02/2012,1.38,1.46,1.38,1.4,1.38,35200
13/02/2012,1.3,1.45,1.2,1.24,1.22,437400
14/02/2012,1.2,1.27,1.2,1.25,1.23,264800
15/02/2012,1.23,1.28,1.21,1.22,1.2,137600
16/02/2012,1.22,1.27,1.22,1.26,1.25,16200
17/02/2012,1.26,1.26,1.23,1.26,1.24,14800
21/02/2012,1.26,1.27,1.23,1.27,1.26,18600
22/02/2012,1.24,1.28,1.23,1.24,1.22,20200
23/02/2012,1.25,1.3,1.24,1.28,1.27,48600
24/02/2012,1.28,1.33,1.28,1.33,1.3,35200
27/02/2012,1.32,1.35,1.25,1.33,1.31,13200
28/02/2012,1.34,1.35,1.27,1.34,1.31,15200
29/02/2012,1.32,1.35,1.32,1.35,1.32,16800
01/03/2012,1.34,1.36,1.32,1.36,1.33,9200
02/03/2012,1.36,1.37,1.34,1.34,1.32,5200
05/03/2012,1.38,1.39,1.38,1.39,1.37,31000
06/03/2012,1.38,1.38,1.32,1.35,1.32,20400
07/03/2012,1.37,1.38,1.34,1.37,1.34,27200
08/03/2012,1.36,1.41,1.35,1.41,1.39,33600
09/03/2012,1.42,1.43,1.37,1.4,1.38,47800
12/03/2012,1.4,1.42,1.39,1.39,1.37,26400
13/03/2012,1.4,1.44,1.4,1.42,1.4,8200
14/03/2012,1.43,1.47,1.41,1.47,1.44,32000
15/03/2012,1.46,1.48,1.45,1.48,1.45,93000
16/03/2012,1.49,1.5,1.46,1.5,1.47,54400
19/03/2012,1.5,1.5,1.49,1.5,1.47,78200
20/03/2012,1.5,1.52,1.5,1.52,1.5,55400
21/03/2012,1.51,1.54,1.51,1.54,1.52,111200
22/03/2012,1.55,1.56,1.52,1.52,1.5,81400
23/03/2012,1.53,1.55,1.52,1.52,1.5,49800
26/03/2012,1.54,1.57,1.54,1.57,1.54,41800
27/03/2012,1.58,1.58,1.54,1.55,1.53,48200
28/03/2012,1.55,1.55,1.53,1.55,1.53,45200
29/03/2012,1.55,1.57,1.52,1.55,1.53,58200
30/03/2012,1.54,1.57,1.54,1.57,1.54,26000
02/04/2012,1.55,1.55,1.5,1.51,1.49,52400
03/04/2012,1.51,1.52,1.51,1.52,1.5,57400
04/04/2012,1.51,1.51,1.5,1.51,1.49,101600
05/04/2012,1.5,1.54,1.5,1.54,1.52,42400
09/04/2012,1.53,1.53,1.49,1.5,1.48,29000
10/04/2012,1.5,1.5,1.46,1.48,1.45,63200
11/04/2012,1.48,1.49,1.45,1.45,1.42,35800
12/04/2012,1.46,1.49,1.45,1.48,1.45,46400
13/04/2012,1.49,1.49,1.45,1.45,1.43,20000
16/04/2012,1.46,1.48,1.45,1.47,1.45,23600
17/04/2012,1.48,1.5,1.47,1.47,1.45,49000
18/04/2012,1.46,1.49,1.45,1.49,1.46,37000
19/04/2012,1.48,1.48,1.47,1.48,1.45,6200
20/04/2012,1.46,1.48,1.45,1.46,1.43,31200
23/04/2012,1.46,1.5,1.45,1.47,1.45,68800
24/04/2012,1.48,1.51,1.47,1.48,1.45,59600
25/04/2012,1.5,1.51,1.47,1.5,1.48,8200
26/04/2012,1.5,1.53,1.5,1.51,1.49,53000
27/04/2012,1.5,1.51,1.5,1.51,1.49,8400
30/04/2012,1.5,1.5,1.5,1.5,1.47,14800
01/05/2012,1.51,1.51,1.5,1.5,1.48,62000
02/05/2012,1.5,1.54,1.5,1.5,1.48,13000
03/05/2012,1.5,1.5,1.45,1.45,1.43,6000
04/05/2012,1.48,1.55,1.46,1.48,1.46,38000
07/05/2012,1.5,1.56,1.47,1.47,1.44,18600
08/05/2012,1.47,1.5,1.45,1.47,1.45,20400
09/05/2012,1.49,1.55,1.48,1.55,1.53,56000
10/05/2012,1.52,1.52,1.49,1.49,1.46,40000
11/05/2012,1.49,1.55,1.49,1.55,1.53,25400
14/05/2012,1.47,1.48,1.37,1.39,1.37,338800
15/05/2012,1.4,1.45,1.36,1.45,1.42,180000
16/05/2012,1.42,1.46,1.42,1.45,1.43,5000
17/05/2012,1.42,1.44,1.36,1.38,1.35,132200
18/05/2012,1.37,1.39,1.33,1.34,1.31,27000
21/05/2012,1.32,1.39,1.28,1.36,1.34,42800
22/05/2012,1.38,1.46,1.38,1.45,1.42,60000
23/05/2012,1.41,1.43,1.39,1.42,1.4,38000
24/05/2012,1.42,1.45,1.42,1.43,1.41,70000
25/05/2012,1.43,1.46,1.42,1.43,1.41,18400
29/05/2012,1.43,1.46,1.43,1.43,1.41,45000
30/05/2012,1.45,1.45,1.42,1.44,1.42,44600
31/05/2012,1.42,1.49,1.42,1.49,1.46,26200
01/06/2012,1.45,1.49,1.41,1.41,1.39,59400
04/06/2012,1.43,1.43,1.42,1.43,1.41,30200
05/06/2012,1.42,1.45,1.42,1.45,1.43,48600
06/06/2012,1.43,1.49,1.42,1.49,1.46,86800
07/06/2012,1.49,1.53,1.49,1.53,1.51,117800
08/06/2012,1.5,1.54,1.49,1.5,1.48,17800
11/06/2012,1.52,1.52,1.48,1.48,1.46,13200
12/06/2012,1.49,1.51,1.49,1.51,1.49,10200
13/06/2012,1.5,1.51,1.49,1.49,1.46,19800
14/06/2012,1.49,1.51,1.49,1.49,1.46,19600
15/06/2012,1.49,1.49,1.45,1.48,1.46,24800
18/06/2012,1.49,1.51,1.49,1.5,1.47,5200
19/06/2012,1.49,1.51,1.49,1.51,1.49,6200
20/06/2012,1.49,1.5,1.49,1.5,1.48,800
21/06/2012,1.49,1.49,1.43,1.43,1.41,48200
22/06/2012,1.43,1.47,1.38,1.41,1.39,73200
25/06/2012,1.42,1.55,1.41,1.43,1.41,98200
26/06/2012,1.42,1.47,1.41,1.47,1.45,66200
27/06/2012,1.45,1.5,1.43,1.49,1.47,88400
28/06/2012,1.44,1.46,1.43,1.46,1.44,32400
29/06/2012,1.48,1.49,1.45,1.47,1.45,72600
02/07/2012,1.45,1.49,1.45,1.45,1.43,67400
03/07/2012,1.45,1.45,1.45,1.45,1.43,29400
05/07/2012,1.45,1.47,1.45,1.47,1.44,5800
06/07/2012,1.45,1.48,1.45,1.47,1.44,4200
09/07/2012,1.48,1.49,1.48,1.48,1.45,12200
10/07/2012,1.49,1.49,1.48,1.48,1.45,18600
11/07/2012,1.49,1.49,1.47,1.48,1.45,17400
12/07/2012,1.45,1.47,1.45,1.45,1.43,3000
13/07/2012,1.47,1.47,1.47,1.47,1.45,7200
16/07/2012,1.48,1.48,1.47,1.48,1.45,31000
17/07/2012,1.48,1.49,1.48,1.48,1.46,4200
18/07/2012,1.49,1.49,1.49,1.49,1.47,1200
19/07/2012,1.49,1.49,1.49,1.49,1.47,12400
20/07/2012,1.48,1.49,1.48,1.49,1.47,1200
23/07/2012,1.48,1.48,1.46,1.47,1.44,22000
24/07/2012,1.48,1.5,1.48,1.5,1.48,3400
25/07/2012,1.48,1.49,1.48,1.49,1.47,4400
26/07/2012,1.5,1.5,1.48,1.48,1.46,4000
27/07/2012,1.48,1.5,1.48,1.5,1.47,1000
30/07/2012,1.5,1.5,1.49,1.49,1.46,24000
31/07/2012,1.49,1.5,1.49,1.49,1.47,20200
01/08/2012,1.5,1.5,1.49,1.5,1.47,10800
02/08/2012,1.5,1.5,1.5,1.5,1.47,0
03/08/2012,1.49,1.5,1.49,1.49,1.47,40200
06/08/2012,1.5,1.54,1.49,1.49,1.47,10400
07/08/2012,1.5,1.52,1.49,1.49,1.47,40800
08/08/2012,1.5,1.5,1.49,1.49,1.47,39000
09/08/2012,1.5,1.5,1.45,1.49,1.47,38400
10/08/2012,1.5,1.51,1.49,1.51,1.49,600
13/08/2012,1.49,1.51,1.49,1.51,1.49,2400
14/08/2012,1.5,1.52,1.49,1.49,1.47,3000
15/08/2012,1.51,1.51,1.49,1.49,1.47,1200
16/08/2012,1.52,1.52,1.49,1.49,1.47,5000
17/08/2012,1.52,1.54,1.5,1.54,1.52,7000
20/08/2012,1.52,1.54,1.52,1.54,1.52,16800
21/08/2012,1.52,1.54,1.52,1.54,1.52,19800
22/08/2012,1.52,1.52,1.52,1.52,1.5,4400
23/08/2012,1.55,1.55,1.54,1.55,1.53,83000
24/08/2012,1.55,1.59,1.55,1.58,1.55,38000
27/08/2012,1.59,1.69,1.57,1.62,1.6,77600
28/08/2012,1.63,1.75,1.62,1.63,1.61,46400
29/08/2012,1.63,1.7,1.62,1.64,1.62,12200
30/08/2012,1.64,1.64,1.62,1.62,1.6,14200
31/08/2012,1.63,1.63,1.62,1.62,1.6,11000
04/09/2012,1.63,1.72,1.47,1.61,1.58,43200
05/09/2012,1.62,1.67,1.62,1.67,1.64,16200
06/09/2012,1.67,1.67,1.6,1.67,1.64,50600
07/09/2012,1.65,1.67,1.62,1.66,1.63,11400
10/09/2012,1.66,1.7,1.55,1.58,1.55,91400
11/09/2012,1.59,1.6,1.48,1.49,1.47,64800
12/09/2012,1.5,1.52,1.49,1.5,1.48,112600
13/09/2012,1.52,1.54,1.5,1.54,1.52,8000
14/09/2012,1.56,1.59,1.55,1.55,1.53,9600
17/09/2012,1.57,1.65,1.55,1.59,1.57,12600
18/09/2012,1.6,1.65,1.58,1.58,1.55,33200
19/09/2012,1.55,1.69,1.55,1.67,1.64,65800
20/09/2012,1.7,1.71,1.65,1.7,1.67,65800
21/09/2012,1.72,1.72,1.65,1.71,1.68,29000
24/09/2012,1.69,1.72,1.65,1.72,1.69,38000
25/09/2012,1.72,1.74,1.71,1.71,1.68,56000
26/09/2012,1.73,1.73,1.65,1.65,1.62,45400
27/09/2012,1.69,1.7,1.65,1.65,1.63,15800
28/09/2012,1.65,1.69,1.65,1.68,1.66,11800
01/10/2012,1.67,1.72,1.67,1.71,1.68,1200
02/10/2012,1.68,1.72,1.67,1.72,1.69,24200
03/10/2012,1.7,1.7,1.67,1.7,1.67,4800
04/10/2012,1.7,1.74,1.67,1.68,1.65,23200
05/10/2012,1.7,1.74,1.7,1.74,1.71,27000
08/10/2012,1.73,1.74,1.72,1.74,1.71,11800
09/10/2012,1.71,1.74,1.68,1.68,1.65,31400
10/10/2012,1.72,1.74,1.71,1.71,1.68,7600
11/10/2012,1.74,1.74,1.71,1.74,1.71,11600
12/10/2012,1.74,1.74,1.67,1.73,1.7,10000
15/10/2012,1.72,1.74,1.67,1.72,1.69,15000
16/10/2012,1.74,1.75,1.68,1.74,1.71,11000
17/10/2012,1.7,1.72,1.68,1.72,1.69,63000
18/10/2012,1.7,1.74,1.7,1.71,1.68,7600
19/10/2012,1.73,1.73,1.67,1.67,1.65,14600
22/10/2012,1.69,1.72,1.65,1.67,1.65,166800
23/10/2012,1.64,1.69,1.63,1.69,1.66,18600
24/10/2012,1.7,1.7,1.63,1.65,1.63,20000
25/10/2012,1.65,1.67,1.65,1.67,1.65,5600
26/10/2012,1.67,1.72,1.67,1.7,1.67,73800
31/10/2012,1.67,1.7,1.62,1.7,1.67,36400
01/11/2012,1.7,1.7,1.64,1.64,1.62,16200
02/11/2012,1.63,1.7,1.63,1.7,1.67,4000
05/11/2012,1.68,1.7,1.67,1.68,1.65,7600
06/11/2012,1.68,1.68,1.64,1.67,1.65,5600
07/11/2012,1.65,1.7,1.65,1.65,1.62,36000
08/11/2012,1.7,1.7,1.65,1.7,1.67,9400
09/11/2012,1.67,1.7,1.62,1.63,1.61,56200
12/11/2012,1.56,1.64,1.56,1.58,1.55,42400
13/11/2012,1.56,1.59,1.55,1.55,1.53,22800
14/11/2012,1.55,1.62,1.45,1.57,1.55,210200
15/11/2012,1.53,1.57,1.5,1.54,1.52,30600
16/11/2012,1.55,1.59,1.5,1.59,1.57,37400
19/11/2012,1.55,1.59,1.55,1.58,1.56,4400
20/11/2012,1.55,1.55,1.55,1.55,1.53,4000
21/11/2012,1.55,1.58,1.55,1.55,1.53,35200
23/11/2012,1.55,1.55,1.55,1.55,1.53,400
26/11/2012,1.55,1.57,1.55,1.56,1.54,21600
27/11/2012,1.55,1.55,1.55,1.55,1.53,21000
28/11/2012,1.55,1.59,1.55,1.59,1.57,25800
29/11/2012,1.58,1.63,1.58,1.63,1.61,31600
30/11/2012,1.65,1.68,1.64,1.68,1.66,38200
03/12/2012,1.67,1.69,1.67,1.67,1.65,23800
04/12/2012,1.67,1.68,1.67,1.67,1.65,19400
05/12/2012,1.67,1.68,1.66,1.66,1.64,52600
06/12/2012,1.67,1.7,1.67,1.7,1.67,16800
07/12/2012,1.68,1.69,1.67,1.69,1.66,12000
10/12/2012,1.69,1.69,1.67,1.67,1.65,17200
11/12/2012,1.71,1.71,1.67,1.71,1.68,36400
12/12/2012,1.7,1.71,1.67,1.71,1.68,1000
13/12/2012,1.67,1.71,1.67,1.71,1.68,28400
14/12/2012,1.68,1.68,1.67,1.67,1.65,2000
17/12/2012,1.7,1.71,1.67,1.68,1.65,14200
18/12/2012,1.67,1.74,1.67,1.72,1.69,37200
19/12/2012,1.7,1.73,1.7,1.7,1.67,29600
20/12/2012,1.7,1.73,1.7,1.73,1.7,17400
21/12/2012,1.73,1.75,1.73,1.75,1.72,48000
24/12/2012,1.75,1.8,1.75,1.77,1.75,12200
26/12/2012,1.8,1.82,1.7,1.75,1.72,33800
27/12/2012,1.76,1.78,1.76,1.78,1.76,34400
28/12/2012,1.78,1.85,1.78,1.83,1.8,32600
31/12/2012,1.8,1.85,1.79,1.82,1.79,46000
02/01/2013,1.82,1.82,1.82,1.82,1.79,0
03/01/2013,1.85,1.85,1.75,1.82,1.79,35400
04/01/2013,1.8,1.81,1.77,1.79,1.77,8800
07/01/2013,1.77,1.8,1.77,1.79,1.76,26400
08/01/2013,1.79,1.83,1.77,1.78,1.76,10200
09/01/2013,1.78,1.78,1.78,1.78,1.76,0
10/01/2013,1.8,1.83,1.8,1.83,1.8,1800
11/01/2013,1.83,1.83,1.8,1.82,1.79,5600
14/01/2013,1.8,1.84,1.8,1.82,1.79,7200
15/01/2013,1.8,1.84,1.8,1.84,1.81,23800
16/01/2013,1.8,1.8,1.8,1.8,1.77,14200
17/01/2013,1.8,1.83,1.8,1.8,1.77,25400
18/01/2013,1.8,1.8,1.8,1.8,1.78,400
22/01/2013,1.8,1.8,1.8,1.8,1.77,7000
23/01/2013,1.81,1.81,1.79,1.8,1.77,16400
24/01/2013,1.8,1.8,1.8,1.8,1.78,14800
25/01/2013,1.8,1.8,1.8,1.8,1.77,39600
28/01/2013,1.8,1.8,1.79,1.8,1.77,23600
29/01/2013,1.8,1.82,1.8,1.81,1.78,3800
30/01/2013,1.8,1.84,1.8,1.8,1.77,1600
31/01/2013,1.8,1.8,1.8,1.8,1.77,1600
01/02/2013,1.8,1.8,1.79,1.8,1.77,17600
04/02/2013,1.8,1.8,1.78,1.78,1.76,11600
05/02/2013,1.84,1.84,1.8,1.8,1.77,15800
06/02/2013,1.8,1.8,1.8,1.8,1.77,200
07/02/2013,1.8,1.8,1.76,1.79,1.77,33800
08/02/2013,1.76,1.79,1.75,1.76,1.73,22800
11/02/2013,1.75,1.82,1.65,1.75,1.72,72200
12/02/2013,1.81,1.82,1.75,1.77,1.75,603400
13/02/2013,1.78,1.8,1.78,1.79,1.77,12600
14/02/2013,1.8,1.82,1.8,1.81,1.78,35000
15/02/2013,1.8,1.8,1.8,1.8,1.77,4600
19/02/2013,1.8,1.83,1.76,1.81,1.78,18600
20/02/2013,1.82,1.82,1.82,1.82,1.79,200
21/02/2013,1.8,1.8,1.8,1.8,1.77,1200
22/02/2013,1.8,1.84,1.75,1.84,1.81,129800
25/02/2013,1.82,1.88,1.82,1.88,1.85,67800
26/02/2013,1.9,1.9,1.8,1.88,1.86,66000
27/02/2013,1.88,1.88,1.87,1.88,1.85,25000
28/02/2013,1.89,1.89,1.88,1.88,1.86,12200
01/03/2013,1.89,1.92,1.88,1.88,1.86,8800
04/03/2013,1.91,1.92,1.88,1.9,1.87,21400
05/03/2013,1.92,1.93,1.88,1.92,1.89,35000
06/03/2013,1.92,1.93,1.92,1.92,1.9,17600
07/03/2013,1.95,2.0,1.93,1.97,1.94,96000
08/03/2013,1.99,2.0,1.98,1.99,1.96,29600
11/03/2013,2.01,2.05,1.9,2.05,2.01,35000
12/03/2013,2.0,2.01,2.0,2.01,1.97,34800
13/03/2013,2.0,2.05,2.0,2.04,2.0,19800
14/03/2013,2.01,2.02,2.01,2.02,1.99,9000
15/03/2013,2.03,2.03,2.01,2.01,1.98,10400
18/03/2013,2.01,2.01,2.01,2.01,1.98,34200
19/03/2013,2.03,2.03,2.02,2.02,1.99,4800
20/03/2013,2.02,2.03,2.02,2.03,1.99,58800
21/03/2013,2.03,2.04,2.02,2.02,1.98,35400
22/03/2013,2.0,2.03,2.0,2.0,1.97,26600
25/03/2013,1.98,2.03,1.98,1.99,1.95,12000
26/03/2013,2.0,2.01,1.85,2.01,1.98,63200
27/03/2013,2.0,2.01,2.0,2.01,1.98,12400
28/03/2013,2.01,2.01,1.97,2.0,1.97,66400
01/04/2013,1.98,2.01,1.98,2.0,1.97,28400
02/04/2013,2.0,2.01,2.0,2.0,1.97,3800
03/04/2013,2.0,2.01,1.98,1.98,1.94,37400
04/04/2013,2.0,2.0,1.97,1.98,1.94,27400
05/04/2013,1.99,2.0,1.99,2.0,1.96,15200
08/04/2013,2.0,2.0,1.92,1.96,1.93,19200
09/04/2013,1.97,1.98,1.95,1.96,1.93,14400
10/04/2013,1.99,2.0,1.95,1.98,1.94,62400
11/04/2013,1.98,2.01,1.98,2.01,1.98,28800
12/04/2013,2.0,2.01,1.99,2.01,1.97,173000
15/04/2013,1.99,2.01,1.99,2.01,1.97,33800
16/04/2013,2.01,2.01,2.01,2.01,1.98,16000
17/04/2013,2.01,2.03,2.01,2.02,1.99,34400
18/04/2013,2.03,2.03,1.99,2.02,1.99,20600
19/04/2013,2.03,2.03,2.01,2.01,1.98,12800
22/04/2013,2.01,2.03,2.01,2.01,1.98,5400
23/04/2013,2.03,2.03,2.01,2.01,1.98,6200
24/04/2013,2.07,2.09,2.02,2.07,2.03,52000
25/04/2013,2.09,2.1,2.05,2.05,2.02,30400
26/04/2013,2.07,2.1,2.05,2.06,2.02,25000
29/04/2013,2.07,2.1,2.06,2.1,2.07,24600
30/04/2013,2.1,2.12,2.08,2.12,2.09,30600
01/05/2013,2.2,2.2,2.12,2.16,2.13,131800
02/05/2013,2.18,2.2,2.15,2.17,2.14,29800
03/05/2013,2.2,2.22,2.2,2.2,2.17,77800
06/05/2013,2.2,2.21,2.17,2.2,2.17,116200
07/05/2013,2.2,2.2,2.19,2.2,2.17,60000
08/05/2013,2.2,2.21,2.17,2.17,2.14,54400
09/05/2013,2.19,2.19,2.17,2.19,2.16,10400
10/05/2013,2.2,2.2,2.17,2.17,2.14,19600
13/05/2013,2.17,2.17,2.12,2.15,2.12,53400
14/05/2013,2.16,2.18,2.12,2.12,2.09,69600
15/05/2013,2.1,2.15,2.01,2.15,2.12,143200
16/05/2013,2.12,2.17,2.12,2.17,2.14,43000
17/05/2013,2.14,2.19,2.13,2.14,2.11,15000
20/05/2013,2.15,2.22,2.15,2.18,2.15,25400
21/05/2013,2.2,2.22,2.18,2.18,2.15,53200
22/05/2013,2.19,2.22,2.18,2.18,2.15,29400
23/05/2013,2.2,2.21,2.17,2.18,2.15,12800
24/05/2013,2.17,2.19,2.1,2.19,2.16,44000
28/05/2013,2.19,2.22,2.15,2.22,2.19,34000
29/05/2013,2.22,2.22,2.15,2.2,2.17,61000
30/05/2013,2.19,2.22,2.19,2.21,2.18,32400
31/05/2013,2.2,2.2,2.17,2.17,2.14,7200
03/06/2013,2.19,2.24,2.17,2.24,2.21,117200
04/06/2013,2.22,2.25,2.2,2.21,2.18,43000
05/06/2013,2.21,2.23,2.2,2.2,2.17,11200
06/06/2013,2.21,2.23,2.2,2.21,2.18,16000
07/06/2013,2.2,2.23,2.2,2.21,2.18,15600
10/06/2013,2.21,2.25,2.2,2.21,2.18,55600
11/06/2013,2.23,2.27,2.2,2.27,2.24,30600
12/06/2013,2.29,2.29,2.22,2.28,2.25,67200
13/06/2013,2.3,2.36,2.28,2.28,2.25,32600
14/06/2013,2.36,2.36,2.3,2.3,2.26,7400
17/06/2013,2.32,2.38,2.3,2.38,2.34,34000
18/06/2013,2.38,2.38,2.31,2.31,2.27,37000
19/06/2013,2.32,2.41,2.31,2.38,2.35,26000
20/06/2013,2.39,2.39,2.28,2.35,2.31,34600
21/06/2013,2.35,2.39,2.33,2.36,2.32,7200
24/06/2013,2.36,2.36,2.26,2.32,2.28,8400
25/06/2013,2.31,2.38,2.31,2.37,2.33,26400
26/06/2013,2.36,2.38,2.3,2.37,2.33,26200
27/06/2013,2.38,2.4,2.34,2.38,2.34,12800
28/06/2013,2.36,2.39,2.36,2.39,2.35,3200
01/07/2013,2.38,2.39,2.31,2.38,2.34,11400
02/07/2013,2.38,2.39,2.38,2.39,2.36,12600
03/07/2013,2.38,2.4,2.36,2.4,2.36,9800
05/07/2013,2.45,2.49,2.41,2.49,2.46,62400
08/07/2013,2.52,2.52,2.44,2.49,2.46,37600
09/07/2013,2.5,2.5,2.47,2.49,2.46,11400
10/07/2013,2.49,2.49,2.38,2.47,2.44,36800
11/07/2013,2.46,2.49,2.45,2.49,2.46,8400
12/07/2013,2.47,2.5,2.43,2.49,2.46,5400
15/07/2013,2.5,2.5,2.38,2.44,2.41,5400
16/07/2013,2.46,2.47,2.42,2.46,2.42,10000
17/07/2013,2.44,2.46,2.41,2.46,2.42,12000
18/07/2013,2.46,2.54,2.46,2.49,2.46,49000
19/07/2013,2.5,2.52,2.49,2.52,2.48,12400
22/07/2013,2.5,2.51,2.49,2.5,2.46,33400
23/07/2013,2.53,2.58,2.49,2.53,2.49,74600
24/07/2013,2.54,2.55,2.53,2.54,2.5,7000
25/07/2013,2.53,2.55,2.5,2.55,2.51,14000
26/07/2013,2.52,2.55,2.49,2.55,2.51,18200
29/07/2013,2.53,2.55,2.49,2.53,2.49,54400
30/07/2013,2.51,2.55,2.51,2.54,2.5,3600
31/07/2013,2.55,2.56,2.55,2.55,2.51,10800
01/08/2013,2.55,2.57,2.55,2.56,2.52,23600
02/08/2013,2.55,2.57,2.55,2.57,2.53,11800
05/08/2013,2.56,2.57,2.55,2.57,2.53,14600
06/08/2013,2.57,2.57,2.55,2.57,2.53,38000
07/08/2013,2.56,2.56,2.5,2.55,2.51,23600
08/08/2013,2.55,2.58,2.53,2.55,2.51,40000
09/08/2013,2.57,2.58,2.5,2.54,2.5,23200
12/08/2013,2.55,2.56,2.5,2.54,2.5,76000
13/08/2013,2.52,2.56,2.52,2.53,2.49,29800
14/08/2013,2.55,2.56,2.55,2.56,2.52,20600
15/08/2013,2.55,2.56,2.55,2.55,2.51,12000
16/08/2013,2.55,2.56,2.41,2.52,2.48,88200
19/08/2013,2.5,2.51,2.47,2.48,2.45,55200
20/08/2013,2.5,2.5,2.45,2.47,2.44,40200
21/08/2013,2.49,2.49,2.44,2.47,2.43,73600
22/08/2013,2.43,2.49,2.43,2.49,2.45,26400
23/08/2013,2.45,2.48,2.4,2.47,2.43,237400
26/08/2013,2.45,2.47,2.44,2.44,2.4,4800
27/08/2013,2.41,2.44,2.41,2.42,2.38,53800
28/08/2013,2.44,2.45,2.44,2.44,2.4,13600
29/08/2013,2.42,2.48,2.42,2.47,2.43,30200
30/08/2013,2.49,2.5,2.47,2.49,2.45,17600
03/09/2013,2.49,2.5,2.41,2.44,2.4,28600
04/09/2013,2.45,2.49,2.41,2.43,2.39,13600
05/09/2013,2.49,2.52,2.48,2.49,2.45,12800
06/09/2013,2.51,2.51,2.4,2.44,2.41,23800
09/09/2013,2.44,2.48,2.44,2.44,2.4,5000
10/09/2013,2.46,2.49,2.43,2.46,2.43,51400
11/09/2013,2.35,2.49,2.35,2.49,2.46,243000
12/09/2013,2.47,2.51,2.47,2.48,2.44,44600
13/09/2013,2.46,2.8,2.46,2.78,2.73,309800
16/09/2013,3.03,3.03,2.7,2.85,2.81,278200
17/09/2013,2.9,2.95,2.62,2.71,2.67,62800
18/09/2013,2.78,2.78,2.62,2.66,2.62,67200
19/09/2013,2.67,2.69,2.62,2.65,2.61,19600
20/09/2013,2.67,2.67,2.61,2.61,2.57,48800
23/09/2013,2.58,2.58,2.53,2.57,2.53,56600
24/09/2013,2.58,2.6,2.53,2.6,2.56,34200
25/09/2013,2.6,2.78,2.57,2.78,2.73,22800
26/09/2013,2.71,2.74,2.63,2.71,2.67,28400
27/09/2013,2.64,2.65,2.56,2.63,2.59,16800
30/09/2013,2.59,2.65,2.58,2.65,2.61,19200
01/10/2013,2.64,2.65,2.61,2.65,2.61,55600
02/10/2013,2.64,2.64,2.58,2.62,2.58,79000
03/10/2013,2.58,2.58,2.56,2.58,2.54,35200
04/10/2013,2.57,2.57,2.49,2.52,2.48,282200
07/10/2013,2.52,2.53,2.52,2.52,2.48,33600
08/10/2013,2.53,2.53,2.45,2.48,2.45,185200
09/10/2013,2.46,2.49,2.42,2.46,2.43,33800
10/10/2013,2.48,2.49,2.46,2.49,2.45,15800
11/10/2013,2.44,2.52,2.44,2.52,2.48,27200
14/10/2013,2.51,2.57,2.51,2.53,2.49,77000
15/10/2013,2.53,2.62,2.53,2.6,2.56,79600
16/10/2013,2.62,2.65,2.62,2.63,2.59,60400
17/10/2013,2.65,2.68,2.63,2.68,2.64,64200
18/10/2013,2.64,2.7,2.64,2.67,2.63,15400
21/10/2013,2.66,2.68,2.63,2.68,2.64,40000
22/10/2013,2.68,2.8,2.65,2.74,2.7,107400
23/10/2013,2.73,2.75,2.67,2.72,2.68,60600
24/10/2013,2.7,2.77,2.7,2.76,2.72,11000
25/10/2013,3.2,3.2,2.74,2.76,2.71,48000
28/10/2013,2.75,2.78,2.72,2.76,2.71,15600
29/10/2013,2.78,2.79,2.78,2.78,2.74,16200
30/10/2013,2.79,2.8,2.76,2.8,2.75,106800
31/10/2013,2.79,2.81,2.76,2.81,2.77,88600
01/11/2013,2.81,2.83,2.79,2.79,2.75,73400
04/11/2013,2.82,2.85,2.8,2.8,2.76,37400
05/11/2013,2.83,2.89,2.83,2.88,2.83,75400
06/11/2013,2.92,2.96,2.88,2.92,2.88,206400
07/11/2013,2.95,2.96,2.89,2.92,2.88,48600
08/11/2013,2.94,2.96,2.9,2.91,2.87,65200
11/11/2013,2.95,3.1,2.89,3.03,2.98,490600
12/11/2013,3.03,3.05,2.93,3.03,2.98,48200
13/11/2013,3.03,3.03,2.91,3.02,2.97,97400
14/11/2013,2.99,3.02,2.95,2.99,2.94,22400
15/11/2013,2.99,3.03,2.99,3.03,2.98,97600
18/11/2013,3.03,3.06,3.0,3.03,2.98,192600
19/11/2013,3.04,3.05,3.02,3.03,2.98,54400
20/11/2013,3.0,3.07,3.0,3.05,3.0,19200
21/11/2013,3.06,3.07,3.05,3.05,3.0,84800
22/11/2013,3.05,3.14,3.05,3.14,3.1,176600
25/11/2013,3.15,3.28,3.13,3.23,3.19,196600
26/11/2013,3.24,3.24,3.19,3.24,3.19,143000
27/11/2013,3.24,3.24,3.2,3.23,3.18,21400
29/11/2013,3.24,3.24,3.24,3.24,3.2,2800
02/12/2013,3.24,3.24,3.08,3.16,3.12,108400
03/12/2013,3.11,3.19,3.11,3.16,3.11,45600
04/12/2013,3.15,3.18,3.11,3.16,3.12,153000
05/12/2013,3.02,3.18,3.02,3.18,3.13,71000
06/12/2013,3.19,3.19,3.13,3.19,3.14,145400
09/12/2013,3.17,3.2,3.11,3.18,3.14,38000
10/12/2013,3.19,3.19,3.11,3.15,3.11,24000
11/12/2013,3.14,3.14,3.06,3.09,3.04,57200
12/12/2013,3.11,3.11,3.05,3.09,3.04,36000
13/12/2013,3.12,3.15,3.08,3.09,3.04,27600
16/12/2013,3.12,3.15,3.1,3.1,3.05,15000
17/12/2013,3.12,3.12,3.06,3.09,3.04,45200
18/12/2013,3.06,3.15,3.06,3.12,3.08,20400
19/12/2013,3.13,3.18,3.05,3.18,3.13,54800
20/12/2013,3.13,3.18,3.11,3.18,3.13,57600
23/12/2013,3.19,3.19,3.13,3.19,3.14,173200
24/12/2013,3.15,3.19,3.12,3.19,3.14,34600
26/12/2013,3.19,3.19,3.11,3.19,3.14,26800
27/12/2013,3.13,3.19,3.13,3.14,3.09,38600
30/12/2013,3.1,3.15,3.1,3.11,3.06,45400
31/12/2013,3.13,3.15,3.13,3.14,3.09,11200
02/01/2014,3.16,3.16,3.08,3.08,3.03,85400
03/01/2014,3.07,3.18,3.07,3.1,3.05,61800
06/01/2014,3.12,3.16,3.11,3.14,3.1,55800
07/01/2014,3.13,3.15,3.03,3.15,3.11,41000
08/01/2014,3.15,3.15,3.08,3.12,3.08,7400
09/01/2014,3.13,3.15,3.1,3.12,3.07,8800
10/01/2014,3.03,3.12,3.03,3.09,3.04,63400
13/01/2014,3.07,3.15,3.05,3.15,3.11,49800
14/01/2014,3.12,3.15,3.06,3.12,3.07,95600
15/01/2014,3.14,3.17,3.11,3.15,3.1,136200
16/01/2014,3.14,3.17,3.12,3.17,3.13,197200
17/01/2014,3.15,3.15,3.11,3.14,3.09,83800
21/01/2014,3.14,3.19,3.14,3.19,3.14,125000
22/01/2014,3.17,3.25,3.15,3.25,3.2,586400
23/01/2014,3.26,3.62,3.22,3.62,3.57,923600
24/01/2014,3.54,3.55,3.27,3.35,3.29,150400
27/01/2014,3.39,3.65,3.16,3.5,3.45,560400
28/01/2014,3.45,3.83,3.45,3.79,3.73,479800
29/01/2014,3.8,3.85,3.65,3.72,3.66,545800
30/01/2014,3.72,3.75,3.65,3.7,3.65,72400
31/01/2014,3.72,3.72,3.62,3.64,3.59,172600
03/02/2014,3.62,3.69,3.57,3.61,3.55,91400
04/02/2014,3.63,3.64,3.53,3.57,3.52,119800
05/02/2014,3.57,3.57,3.46,3.49,3.44,82800
06/02/2014,3.54,3.54,3.5,3.51,3.46,51200
07/02/2014,3.55,3.72,3.51,3.72,3.66,220400
10/02/2014,3.7,3.7,3.46,3.52,3.47,220200
11/02/2014,3.53,3.53,3.47,3.5,3.45,52800
12/02/2014,3.52,3.68,3.5,3.65,3.6,430400
13/02/2014,3.68,3.7,3.58,3.66,3.61,105200
14/02/2014,3.66,3.67,3.61,3.62,3.56,48200
18/02/2014,3.61,3.69,3.47,3.51,3.45,138000
19/02/2014,3.48,3.55,3.42,3.43,3.38,92000
20/02/2014,3.48,3.52,3.45,3.47,3.42,37400
21/02/2014,3.46,3.54,3.44,3.51,3.45,42600
24/02/2014,3.48,3.5,3.44,3.48,3.43,84200
25/02/2014,3.46,3.52,3.45,3.45,3.4,65200
26/02/2014,3.43,3.52,3.43,3.52,3.47,216800
27/02/2014,3.57,3.57,3.49,3.5,3.45,83800
28/02/2014,3.53,3.54,3.44,3.48,3.43,63800
03/03/2014,3.43,3.52,3.43,3.5,3.45,58200
04/03/2014,3.5,3.56,3.43,3.48,3.43,85000
05/03/2014,3.52,3.52,3.45,3.47,3.42,20800
06/03/2014,3.45,3.53,3.45,3.47,3.42,25400
07/03/2014,3.48,3.53,3.43,3.48,3.43,41400
10/03/2014,3.48,3.49,3.43,3.47,3.42,66000
11/03/2014,3.52,3.52,3.44,3.44,3.39,38800
12/03/2014,3.44,3.49,3.43,3.49,3.44,37800
13/03/2014,3.47,3.47,3.3,3.35,3.29,293400
14/03/2014,3.35,3.38,3.28,3.34,3.29,81400
17/03/2014,3.38,3.39,3.32,3.34,3.28,30800
18/03/2014,3.34,3.37,3.29,3.37,3.31,85600
19/03/2014,3.34,3.37,3.33,3.36,3.31,138000
20/03/2014,3.34,3.5,3.34,3.5,3.45,213600
21/03/2014,3.5,3.52,3.44,3.5,3.45,67400
24/03/2014,3.53,3.53,3.31,3.35,3.29,42600
25/03/2014,3.34,3.4,3.28,3.36,3.31,22200
26/03/2014,3.38,3.38,3.31,3.33,3.28,22600
27/03/2014,3.26,3.38,3.26,3.34,3.29,35200
28/03/2014,3.36,3.39,3.33,3.36,3.31,24400
31/03/2014,3.37,3.38,3.27,3.32,3.26,53000
01/04/2014,3.3,3.38,3.29,3.33,3.28,21200
02/04/2014,3.35,3.42,3.33,3.37,3.32,20200
03/04/2014,3.36,3.37,3.34,3.35,3.3,15200
04/04/2014,3.35,3.36,3.26,3.29,3.24,31000
07/04/2014,3.27,3.27,3.14,3.14,3.1,99200
08/04/2014,3.14,3.19,3.14,3.18,3.13,46600
09/04/2014,3.18,3.27,3.14,3.26,3.21,62400
10/04/2014,3.24,3.24,3.06,3.07,3.02,110400
11/04/2014,3.06,3.15,3.06,3.11,3.06,37000
14/04/2014,3.06,3.14,3.06,3.12,3.07,51000
15/04/2014,3.1,3.1,2.88,2.95,2.91,232200
16/04/2014,2.99,2.99,2.88,2.97,2.93,38000
17/04/2014,2.95,2.96,2.89,2.96,2.91,48200
21/04/2014,2.93,2.96,2.91,2.95,2.91,62400
22/04/2014,2.93,3.04,2.93,3.02,2.97,198000
23/04/2014,3.0,3.02,2.93,2.99,2.95,44600
24/04/2014,3.0,3.02,2.97,3.0,2.95,60800
25/04/2014,3.0,3.01,2.93,2.98,2.94,81400
28/04/2014,2.98,3.01,2.92,2.97,2.93,110000
29/04/2014,2.96,2.99,2.88,2.95,2.91,19000
30/04/2014,2.91,2.92,2.88,2.92,2.88,42400
01/05/2014,2.99,2.99,2.89,2.89,2.85,15600
02/05/2014,2.89,2.97,2.71,2.93,2.89,58800
05/05/2014,2.94,2.94,2.69,2.74,2.7,113400
06/05/2014,2.76,2.95,2.76,2.78,2.74,33800
07/05/2014,2.76,2.91,2.76,2.78,2.74,21200
08/05/2014,2.78,3.12,2.77,2.97,2.93,104800
09/05/2014,3.05,3.05,2.9,2.9,2.86,15200
12/05/2014,2.94,2.99,2.9,2.93,2.89,27000
13/05/2014,2.97,3.09,2.95,3.08,3.03,51000
14/05/2014,3.08,3.09,2.99,3.03,2.98,43600
15/05/2014,2.94,2.98,2.94,2.95,2.91,3400
16/05/2014,2.95,3.0,2.88,2.89,2.85,72600
19/05/2014,2.91,3.09,2.91,3.05,3.0,48000
20/05/2014,3.06,3.07,2.91,2.96,2.91,38200
21/05/2014,2.97,3.06,2.97,3.06,3.01,37000
22/05/2014,3.09,3.09,3.03,3.06,3.01,6600
23/05/2014,3.05,3.09,3.03,3.08,3.03,18000
27/05/2014,3.09,3.12,3.07,3.11,3.06,23400
28/05/2014,3.12,3.12,3.07,3.1,3.05,12000
29/05/2014,3.08,3.12,3.08,3.09,3.04,20600
30/05/2014,3.1,3.12,3.08,3.09,3.04,16800
02/06/2014,3.11,3.12,3.03,3.11,3.06,24400
03/06/2014,3.13,3.13,3.08,3.08,3.03,5200
04/06/2014,3.08,3.08,2.97,3.02,2.97,37400
05/06/2014,3.02,3.02,2.9,2.98,2.93,78000
06/06/2014,3.01,3.01,2.92,2.97,2.93,9000
09/06/2014,2.95,2.97,2.9,2.97,2.93,31600
10/06/2014,2.93,2.99,2.93,2.99,2.95,60000
11/06/2014,3.0,3.0,2.87,2.9,2.86,41800
12/06/2014,2.88,2.92,2.8,2.83,2.78,23400
13/06/2014,2.85,2.87,2.8,2.81,2.76,40000
16/06/2014,2.81,2.82,2.72,2.78,2.73,37800
17/06/2014,2.76,2.82,2.64,2.67,2.63,72800
18/06/2014,2.72,2.81,2.72,2.81,2.76,54000
19/06/2014,2.79,2.85,2.68,2.7,2.66,98600
20/06/2014,2.72,2.74,2.46,2.55,2.51,230400
23/06/2014,2.58,2.58,2.53,2.54,2.5,80800
24/06/2014,2.56,2.59,2.5,2.54,2.5,172600
25/06/2014,2.55,2.63,2.54,2.59,2.55,166600
26/06/2014,2.56,2.58,2.49,2.5,2.46,213800
27/06/2014,2.53,2.71,2.53,2.71,2.67,53400
30/06/2014,2.71,2.79,2.71,2.71,2.67,20400
01/07/2014,2.73,2.76,2.71,2.71,2.67,26600
02/07/2014,2.74,2.75,2.65,2.68,2.64,27200
03/07/2014,2.74,2.74,2.7,2.7,2.66,12800
07/07/2014,2.65,2.7,2.62,2.62,2.58,51800
08/07/2014,2.64,2.72,2.47,2.56,2.52,51200
09/07/2014,2.58,2.62,2.57,2.61,2.57,31200
10/07/2014,2.6,2.6,2.52,2.59,2.55,32200
11/07/2014,2.59,2.6,2.53,2.56,2.52,31600
14/07/2014,2.55,2.55,2.47,2.5,2.46,84800
15/07/2014,2.51,2.53,2.46,2.52,2.48,31200
16/07/2014,2.48,2.53,2.48,2.53,2.49,7800
17/07/2014,2.55,2.55,2.45,2.51,2.47,108600
18/07/2014,2.49,2.49,2.45,2.47,2.44,13200
21/07/2014,2.47,2.48,2.45,2.45,2.42,53800
22/07/2014,2.47,2.57,2.47,2.53,2.49,69000
23/07/2014,2.54,2.66,2.54,2.56,2.52,62200
24/07/2014,2.59,2.59,2.51,2.58,2.54,43200
25/07/2014,2.55,2.55,2.47,2.47,2.44,89600
28/07/2014,2.47,2.49,2.44,2.44,2.41,39000
29/07/2014,2.45,2.53,2.45,2.46,2.43,21000
30/07/2014,2.47,2.51,2.47,2.47,2.43,25400
31/07/2014,2.51,2.54,2.41,2.41,2.38,82600
01/08/2014,2.41,2.44,2.38,2.38,2.34,15600
04/08/2014,2.37,2.41,2.37,2.39,2.35,46000
05/08/2014,2.39,2.41,2.39,2.4,2.37,13000
06/08/2014,2.43,2.47,2.42,2.44,2.41,65400
07/08/2014,2.46,2.48,2.42,2.48,2.45,19800
08/08/2014,2.49,2.51,2.44,2.47,2.44,15600
11/08/2014,2.46,2.5,2.46,2.49,2.46,47200
12/08/2014,2.48,2.5,2.47,2.48,2.44,28000
13/08/2014,2.47,2.49,2.47,2.48,2.45,21800
14/08/2014,2.47,2.47,2.45,2.46,2.43,19800
15/08/2014,2.49,2.5,2.45,2.46,2.43,29800
18/08/2014,2.49,2.49,2.45,2.46,2.43,27400
19/08/2014,2.46,2.46,2.45,2.45,2.41,12200
20/08/2014,2.46,2.46,2.45,2.46,2.42,19800
21/08/2014,2.46,2.47,2.46,2.47,2.43,6000
22/08/2014,2.48,2.48,2.46,2.46,2.43,7000
25/08/2014,2.49,2.49,2.43,2.44,2.4,68000
26/08/2014,2.44,2.58,2.44,2.54,2.5,340400
27/08/2014,2.55,2.58,2.43,2.48,2.45,66200
28/08/2014,2.43,2.48,2.43,2.47,2.43,26800
29/08/2014,2.48,2.51,2.48,2.48,2.45,84800
02/09/2014,2.48,2.5,2.43,2.46,2.42,133400
03/09/2014,2.51,2.58,2.46,2.46,2.42,117200
04/09/2014,2.51,2.8,2.51,2.69,2.65,340000
05/09/2014,2.67,2.71,2.65,2.65,2.61,110200
08/09/2014,2.67,2.71,2.62,2.62,2.58,36600
09/09/2014,2.64,2.64,2.43,2.47,2.44,98800
10/09/2014,2.49,2.62,2.43,2.44,2.41,43400
11/09/2014,2.37,2.49,2.37,2.45,2.42,169600
12/09/2014,2.47,2.5,2.47,2.48,2.44,79200
15/09/2014,2.75,2.75,2.2,2.21,2.18,363600
16/09/2014,2.21,2.38,2.13,2.16,2.13,266000
17/09/2014,2.2,2.2,2.15,2.17,2.14,66400
18/09/2014,2.22,2.4,2.22,2.28,2.24,120000
19/09/2014,2.22,2.36,2.22,2.32,2.28,224400
22/09/2014,2.31,2.42,2.27,2.35,2.31,118600
23/09/2014,2.37,2.44,2.37,2.43,2.4,103800
24/09/2014,2.42,2.45,2.35,2.36,2.32,83800
25/09/2014,2.36,2.39,2.33,2.35,2.31,68400
26/09/2014,2.33,2.37,2.25,2.29,2.26,46400
29/09/2014,2.26,2.38,2.26,2.36,2.32,46000
30/09/2014,2.38,2.43,2.35,2.35,2.31,55600
01/10/2014,2.36,2.39,2.34,2.36,2.32,30200
02/10/2014,2.37,2.38,2.28,2.29,2.25,32400
03/10/2014,2.28,2.29,2.19,2.21,2.18,66200
06/10/2014,2.25,2.4,2.25,2.28,2.25,30000
07/10/2014,2.32,2.37,2.18,2.19,2.16,50200
08/10/2014,2.21,2.28,2.15,2.21,2.18,39600
09/10/2014,2.15,2.17,2.13,2.15,2.12,26600
10/10/2014,2.15,2.15,2.0,2.04,2.0,71800
13/10/2014,2.02,2.1,2.0,2.05,2.02,58400
14/10/2014,2.05,2.1,2.04,2.1,2.06,64600
15/10/2014,2.08,2.22,2.06,2.22,2.19,39800
16/10/2014,2.18,2.23,2.18,2.23,2.2,58600
17/10/2014,2.24,2.24,2.13,2.16,2.13,5200
20/10/2014,2.25,2.25,2.14,2.18,2.15,23200
21/10/2014,2.24,2.27,2.2,2.27,2.24,35800
22/10/2014,2.24,2.35,2.17,2.19,2.16,143800
23/10/2014,2.2,2.23,2.17,2.17,2.14,33000
24/10/2014,1.99,2.14,1.99,2.12,2.08,154200
27/10/2014,2.03,2.13,2.03,2.12,2.08,42600
28/10/2014,2.14,2.27,2.14,2.22,2.19,61200
29/10/2014,2.22,2.22,2.11,2.14,2.11,22200
30/10/2014,2.15,2.2,2.13,2.14,2.11,26200
31/10/2014,2.13,2.14,2.12,2.14,2.11,15200
03/11/2014,2.17,2.21,2.16,2.17,2.14,23800
04/11/2014,2.17,2.18,2.13,2.13,2.1,49600
05/11/2014,2.14,2.22,2.06,2.16,2.13,60400
06/11/2014,2.14,2.14,2.08,2.09,2.06,38800
07/11/2014,2.11,2.3,2.11,2.28,2.25,22400
10/11/2014,2.2,2.25,2.12,2.17,2.14,51000
11/11/2014,2.15,2.26,2.14,2.14,2.11,56600
12/11/2014,2.14,2.26,2.14,2.18,2.15,44200
13/11/2014,2.22,2.23,2.17,2.2,2.17,33800
14/11/2014,2.15,2.23,2.14,2.21,2.18,43800
17/11/2014,2.18,2.3,2.18,2.26,2.23,29400
18/11/2014,2.25,2.3,2.22,2.28,2.25,49000
19/11/2014,2.28,2.31,2.2,2.28,2.25,75800
20/11/2014,2.25,2.34,2.2,2.26,2.22,42800
21/11/2014,2.21,2.26,2.2,2.2,2.17,41200
24/11/2014,2.2,2.3,2.2,2.2,2.17,75600
25/11/2014,2.23,2.32,2.18,2.25,2.22,85600
26/11/2014,2.27,2.3,2.21,2.26,2.22,55000
28/11/2014,2.25,2.28,2.25,2.26,2.22,8000
01/12/2014,2.27,2.27,2.25,2.27,2.24,22400
02/12/2014,2.21,2.32,2.21,2.3,2.26,13400
03/12/2014,2.32,2.32,2.23,2.3,2.26,32200
04/12/2014,2.27,2.34,2.19,2.26,2.22,121200
05/12/2014,2.28,2.31,2.25,2.28,2.24,47000
08/12/2014,2.31,2.31,2.27,2.28,2.25,36400
09/12/2014,2.27,2.27,2.25,2.27,2.23,15800
10/12/2014,2.25,2.28,2.15,2.23,2.2,28400
11/12/2014,2.19,2.26,2.17,2.2,2.17,24400
12/12/2014,2.23,2.23,2.14,2.15,2.12,17600
15/12/2014,2.15,2.21,2.09,2.14,2.11,87000
16/12/2014,2.15,2.2,2.15,2.18,2.15,16600
17/12/2014,2.17,2.25,2.15,2.24,2.21,53800
18/12/2014,2.21,2.24,2.16,2.23,2.2,126400
19/12/2014,2.21,2.3,2.21,2.3,2.26,64600
22/12/2014,2.29,2.29,2.25,2.25,2.22,51400
23/12/2014,2.24,2.29,2.22,2.28,2.24,169200
24/12/2014,2.28,2.33,2.28,2.31,2.27,35800
26/12/2014,2.32,2.35,2.29,2.3,2.26,85600
29/12/2014,2.33,2.4,2.33,2.39,2.35,35200
30/12/2014,2.33,2.39,2.33,2.38,2.35,11000
31/12/2014,2.39,2.39,2.33,2.35,2.31,62400
02/01/2015,2.35,2.36,2.35,2.35,2.31,3200
05/01/2015,2.35,2.38,2.35,2.38,2.34,6600
06/01/2015,2.38,2.4,2.38,2.38,2.34,9600
07/01/2015,2.37,2.44,2.35,2.4,2.36,30200
08/01/2015,2.43,2.48,2.41,2.44,2.41,20200
09/01/2015,2.48,2.51,2.38,2.49,2.45,45800
12/01/2015,2.52,2.52,2.46,2.47,2.44,22400
13/01/2015,2.41,2.55,2.39,2.41,2.37,30000
14/01/2015,2.42,2.54,2.39,2.46,2.42,19000
15/01/2015,2.47,2.47,2.29,2.32,2.28,33600
16/01/2015,2.38,2.4,2.29,2.38,2.34,21600
20/01/2015,2.4,2.42,2.4,2.41,2.37,7200
21/01/2015,2.42,2.46,2.38,2.38,2.34,5000
22/01/2015,2.38,2.47,2.38,2.45,2.41,18200
23/01/2015,2.39,2.39,2.35,2.36,2.32,25600
26/01/2015,2.46,2.47,2.37,2.38,2.34,12000
27/01/2015,2.36,2.37,2.32,2.37,2.33,5400
28/01/2015,2.33,2.5,2.33,2.44,2.41,22200
29/01/2015,2.41,2.53,2.34,2.46,2.42,26600
30/01/2015,2.47,2.54,2.46,2.48,2.45,23200
02/02/2015,2.46,2.47,2.44,2.46,2.43,9000
03/02/2015,2.39,2.47,2.39,2.47,2.43,11000
04/02/2015,2.39,2.39,2.39,2.39,2.35,2600
05/02/2015,2.4,2.53,2.4,2.53,2.49,25000
06/02/2015,2.54,2.54,2.44,2.46,2.43,22800
09/02/2015,2.55,2.6,2.26,2.38,2.34,144000
10/02/2015,2.41,2.55,2.41,2.5,2.46,47200
11/02/2015,2.55,2.57,2.52,2.57,2.53,14600
12/02/2015,2.57,2.62,2.55,2.62,2.58,96800
13/02/2015,2.62,2.67,2.61,2.67,2.63,47800
17/02/2015,2.69,2.74,2.67,2.74,2.7,43200
18/02/2015,2.74,2.79,2.73,2.79,2.75,36000
19/02/2015,2.79,2.85,2.74,2.85,2.8,75200
20/02/2015,2.8,2.8,2.68,2.68,2.64,27800
23/02/2015,2.72,2.72,2.63,2.69,2.65,14200
24/02/2015,2.63,2.73,2.63,2.73,2.69,16400
25/02/2015,2.78,2.78,2.45,2.75,2.71,41000
26/02/2015,2.63,2.78,2.63,2.72,2.68,20600
27/02/2015,2.72,2.78,2.65,2.78,2.73,13800
02/03/2015,2.76,2.79,2.73,2.79,2.74,15800
03/03/2015,2.7,2.83,2.68,2.7,2.66,21400
04/03/2015,2.75,2.83,2.75,2.78,2.73,10800
05/03/2015,2.79,2.88,2.79,2.88,2.83,42000
06/03/2015,2.95,2.99,2.78,2.88,2.84,119000
09/03/2015,2.96,2.96,2.8,2.87,2.83,16000
10/03/2015,2.85,2.9,2.85,2.9,2.86,34800
11/03/2015,2.97,2.98,2.78,2.82,2.77,70400
12/03/2015,2.89,2.89,2.8,2.83,2.78,15800
13/03/2015,2.86,2.91,2.79,2.91,2.87,17200
16/03/2015,2.91,2.91,2.81,2.9,2.86,18600
17/03/2015,2.89,2.96,2.87,2.88,2.84,4800
18/03/2015,2.91,2.91,2.81,2.89,2.85,9400
19/03/2015,2.89,2.89,2.79,2.83,2.78,28800
20/03/2015,2.88,2.88,2.83,2.86,2.81,12600
23/03/2015,2.84,2.84,2.83,2.83,2.79,9400
24/03/2015,2.83,2.84,2.82,2.84,2.8,4400
25/03/2015,2.82,2.82,2.75,2.76,2.71,22000
26/03/2015,2.85,2.86,2.81,2.81,2.77,21200
27/03/2015,2.84,2.85,2.75,2.83,2.79,26200
30/03/2015,2.77,2.84,2.76,2.78,2.73,17400
31/03/2015,2.8,2.96,2.8,2.89,2.85,14000
01/04/2015,2.92,2.96,2.79,2.85,2.81,31000
02/04/2015,2.81,2.85,2.78,2.85,2.8,4200
06/04/2015,2.79,2.96,2.78,2.88,2.84,86400
07/04/2015,2.83,2.95,2.83,2.91,2.87,15200
08/04/2015,2.96,2.97,2.79,2.97,2.92,20200
09/04/2015,2.91,3.05,2.91,3.05,3.0,22400
10/04/2015,3.08,3.08,2.99,3.05,3.0,22000
13/04/2015,3.05,3.05,3.0,3.02,2.97,122200
14/04/2015,3.04,3.04,2.95,2.95,2.91,28000
15/04/2015,2.98,2.99,2.91,2.91,2.87,15000
16/04/2015,2.96,2.97,2.92,2.93,2.89,3800
17/04/2015,2.91,2.97,2.87,2.87,2.82,43200
20/04/2015,2.81,2.92,2.79,2.88,2.84,29000
21/04/2015,2.87,2.88,2.81,2.85,2.8,34000
22/04/2015,2.86,2.86,2.82,2.84,2.79,5800
23/04/2015,2.79,2.81,2.7,2.74,2.7,63000
24/04/2015,2.76,2.77,2.68,2.75,2.71,42600
27/04/2015,2.65,2.76,2.65,2.69,2.65,26400
28/04/2015,2.68,2.73,2.67,2.67,2.63,30800
29/04/2015,2.63,2.74,2.63,2.69,2.65,22400
30/04/2015,2.7,2.72,2.63,2.68,2.64,41800
01/05/2015,2.73,2.73,2.63,2.64,2.6,18800
04/05/2015,2.54,2.61,2.54,2.54,2.5,52000
05/05/2015,2.56,2.56,2.52,2.52,2.48,34000
06/05/2015,2.52,2.54,2.48,2.52,2.48,52800
07/05/2015,2.5,2.59,2.5,2.56,2.52,12000
08/05/2015,2.58,2.67,2.57,2.67,2.63,14600
11/05/2015,2.55,2.64,2.55,2.55,2.51,54200
12/05/2015,2.55,2.62,2.55,2.62,2.58,11800
13/05/2015,2.58,2.62,2.55,2.62,2.58,25600
14/05/2015,2.58,2.63,2.58,2.58,2.54,3600
15/05/2015,2.58,2.64,2.58,2.62,2.58,19800
18/05/2015,2.6,2.64,2.57,2.62,2.58,23800
19/05/2015,2.59,2.62,2.59,2.62,2.58,26800
20/05/2015,2.61,2.63,2.47,2.6,2.56,333600
21/05/2015,2.63,2.66,2.61,2.66,2.62,9800
22/05/2015,2.7,2.74,2.64,2.74,2.7,12200
26/05/2015,2.63,2.68,2.62,2.68,2.64,10400
27/05/2015,2.68,2.78,2.68,2.72,2.68,36800
28/05/2015,2.62,2.77,2.62,2.74,2.7,33800
29/05/2015,2.6,2.8,2.6,2.72,2.68,25600
01/06/2015,2.71,2.8,2.71,2.78,2.73,13000
02/06/2015,2.76,2.83,2.66,2.81,2.77,45800
03/06/2015,2.67,2.85,2.67,2.73,2.69,9200
04/06/2015,2.77,2.82,2.72,2.81,2.76,23200
05/06/2015,2.74,2.87,2.67,2.8,2.76,23200
08/06/2015,2.67,2.82,2.64,2.81,2.77,26000
09/06/2015,2.81,2.81,2.81,2.81,2.77,0
10/06/2015,2.66,2.85,2.66,2.82,2.77,27600
11/06/2015,2.82,2.85,2.64,2.78,2.74,12400
12/06/2015,2.81,2.81,2.74,2.74,2.7,400
15/06/2015,2.72,2.77,2.63,2.77,2.72,5400
16/06/2015,2.77,2.84,2.77,2.78,2.74,5600
17/06/2015,2.8,2.83,2.79,2.79,2.74,6000
18/06/2015,2.79,2.86,2.79,2.86,2.82,8400
19/06/2015,2.88,2.88,2.77,2.88,2.83,17600
22/06/2015,2.77,2.81,2.77,2.81,2.77,4600
23/06/2015,2.83,2.85,2.79,2.79,2.75,8400
24/06/2015,2.76,2.85,2.76,2.81,2.76,4200
25/06/2015,2.87,2.87,2.78,2.78,2.73,13000
26/06/2015,2.86,2.9,2.78,2.81,2.76,29000
29/06/2015,2.86,2.86,2.77,2.79,2.75,13000
30/06/2015,2.88,2.88,2.81,2.87,2.82,19800
01/07/2015,2.86,2.9,2.78,2.87,2.82,3800
02/07/2015,2.8,2.8,2.78,2.78,2.73,2000
06/07/2015,2.77,2.85,2.77,2.85,2.81,6600
07/07/2015,2.85,2.85,2.77,2.77,2.72,10800
08/07/2015,2.82,2.87,2.8,2.87,2.83,15000
09/07/2015,2.89,2.91,2.86,2.91,2.87,9200
10/07/2015,2.84,2.91,2.84,2.91,2.87,9800
13/07/2015,2.94,2.94,2.79,2.92,2.88,18200
14/07/2015,2.87,2.91,2.87,2.9,2.86,4400
15/07/2015,2.91,2.93,2.9,2.93,2.89,13600
16/07/2015,2.94,2.95,2.81,2.95,2.91,18000
17/07/2015,2.97,2.97,2.86,2.97,2.92,16600
20/07/2015,2.98,3.0,2.89,2.95,2.91,28200
21/07/2015,2.96,3.03,2.96,3.02,2.97,41000
22/07/2015,2.99,3.02,2.93,2.98,2.93,10400
23/07/2015,2.88,3.0,2.86,2.92,2.88,27200
24/07/2015,2.88,2.95,2.71,2.83,2.78,48600
27/07/2015,2.78,2.85,2.65,2.73,2.69,47400
28/07/2015,2.9,2.9,2.65,2.85,2.8,34600
29/07/2015,2.88,2.88,2.87,2.88,2.84,16400
30/07/2015,2.88,2.88,2.88,2.88,2.84,0
31/07/2015,2.89,2.95,2.68,2.92,2.88,33000
03/08/2015,2.95,2.95,2.89,2.89,2.85,6800
04/08/2015,2.65,2.93,2.65,2.93,2.89,29400
05/08/2015,2.93,2.98,2.91,2.92,2.88,22600
06/08/2015,2.83,2.94,2.83,2.91,2.87,7400
07/08/2015,2.92,3.03,2.9,3.03,2.98,38200
10/08/2015,3.05,3.07,2.95,3.04,2.99,17800
11/08/2015,3.04,3.04,2.95,2.98,2.93,12800
12/08/2015,2.96,2.98,2.96,2.98,2.93,6400
13/08/2015,2.98,2.98,2.98,2.98,2.93,400
14/08/2015,2.95,2.99,2.95,2.97,2.92,14800
17/08/2015,2.95,3.0,2.94,2.94,2.9,9800
18/08/2015,2.95,2.99,2.91,2.95,2.91,23200
19/08/2015,2.91,3.01,2.91,2.92,2.88,29000
20/08/2015,2.91,2.91,2.8,2.88,2.84,16000
21/08/2015,2.82,3.0,2.67,2.85,2.81,44400
24/08/2015,2.7,2.76,2.7,2.76,2.71,15000
25/08/2015,2.85,2.95,2.85,2.86,2.81,8000
26/08/2015,2.82,2.87,2.75,2.84,2.79,10200
27/08/2015,2.97,3.03,2.76,2.97,2.93,4800
28/08/2015,3.03,3.05,3.02,3.05,3.0,17400
31/08/2015,3.03,3.03,2.94,2.97,2.93,25400
01/09/2015,3.0,3.0,2.79,2.94,2.9,15400
02/09/2015,2.99,2.99,2.86,2.86,2.82,16000
03/09/2015,2.94,2.98,2.88,2.93,2.89,10400
04/09/2015,2.87,2.91,2.87,2.91,2.87,10800
08/09/2015,3.1,3.17,2.78,2.78,2.74,177200
09/09/2015,2.78,2.87,2.78,2.82,2.77,38400
10/09/2015,2.82,2.84,2.76,2.81,2.77,23000
11/09/2015,2.82,2.88,2.8,2.82,2.77,15600
14/09/2015,2.85,2.91,2.82,2.88,2.83,31800
15/09/2015,2.82,2.92,2.82,2.86,2.81,21800
16/09/2015,2.86,2.91,2.85,2.86,2.81,5400
17/09/2015,2.85,2.89,2.76,2.76,2.72,42200
18/09/2015,2.7,2.82,2.68,2.82,2.77,58000
21/09/2015,2.76,2.8,2.75,2.8,2.76,8400
22/09/2015,2.8,2.88,2.78,2.88,2.84,20000
23/09/2015,2.87,2.99,2.87,2.95,2.91,47200
24/09/2015,2.94,2.98,2.94,2.95,2.91,14800
25/09/2015,2.91,2.99,2.87,2.95,2.91,35400
28/09/2015,2.96,3.0,2.77,2.9,2.86,40400
29/09/2015,2.93,2.99,2.88,2.92,2.88,42000
30/09/2015,3.02,3.05,2.99,3.03,2.98,57400
01/10/2015,3.04,3.04,2.99,3.01,2.96,50800
02/10/2015,2.98,3.05,2.98,3.04,2.99,45200
05/10/2015,3.05,3.12,3.04,3.08,3.03,142800
06/10/2015,3.11,3.71,3.11,3.59,3.54,1333600
07/10/2015,3.56,3.66,3.43,3.55,3.49,601600
08/10/2015,3.53,3.78,3.33,3.41,3.36,606200
09/10/2015,3.5,3.54,3.34,3.43,3.38,194000
12/10/2015,3.62,3.7,3.44,3.65,3.6,684400
13/10/2015,3.62,3.64,3.2,3.32,3.26,390200
14/10/2015,3.28,3.39,3.12,3.28,3.23,123600
15/10/2015,3.28,3.41,3.27,3.41,3.36,63400
16/10/2015,3.45,3.46,3.2,3.43,3.38,144200
19/10/2015,3.43,3.52,3.38,3.45,3.4,191800
20/10/2015,3.48,3.54,3.38,3.44,3.39,219600
21/10/2015,3.44,3.47,3.39,3.45,3.4,114200
22/10/2015,3.41,3.65,3.4,3.65,3.6,564600
23/10/2015,3.66,3.8,3.62,3.66,3.61,589200
26/10/2015,3.66,3.66,3.41,3.52,3.47,176400
27/10/2015,3.54,3.55,3.44,3.47,3.42,141000
28/10/2015,3.47,3.54,3.41,3.51,3.45,94400
29/10/2015,3.49,3.51,3.43,3.51,3.45,113400
30/10/2015,3.49,3.49,3.32,3.37,3.32,166600
02/11/2015,3.12,3.45,3.02,3.32,3.26,275400
03/11/2015,3.32,3.41,3.28,3.31,3.26,72200
04/11/2015,3.3,3.38,3.26,3.35,3.29,65200
05/11/2015,3.35,3.37,3.27,3.27,3.22,89000
06/11/2015,3.25,3.26,3.13,3.15,3.11,142400
09/11/2015,2.82,3.05,2.6,2.96,2.92,595400
10/11/2015,2.92,3.11,2.92,3.02,2.97,161400
11/11/2015,3.05,3.05,2.88,2.98,2.93,154200
12/11/2015,2.94,3.03,2.94,2.98,2.94,119600
13/11/2015,2.98,2.98,2.83,2.88,2.83,66200
16/11/2015,2.84,2.92,2.81,2.89,2.85,130200
17/11/2015,2.89,2.91,2.8,2.81,2.76,65600
18/11/2015,2.78,2.84,2.77,2.82,2.78,80600
19/11/2015,2.82,2.91,2.82,2.9,2.86,55400
20/11/2015,2.88,2.9,2.82,2.84,2.79,60800
23/11/2015,2.86,2.86,2.79,2.8,2.75,103600
24/11/2015,2.77,2.87,2.75,2.84,2.8,109000
25/11/2015,2.85,2.99,2.85,2.93,2.89,69200
27/11/2015,2.92,3.02,2.92,2.95,2.91,36000
30/11/2015,2.94,2.97,2.88,2.92,2.88,110600
01/12/2015,2.93,2.97,2.9,2.91,2.87,36200
02/12/2015,2.95,2.98,2.9,2.9,2.86,69600
03/12/2015,2.9,3.19,2.88,3.05,3.0,597400
04/12/2015,3.07,3.18,2.99,3.05,3.0,93000
07/12/2015,3.02,3.04,2.99,2.99,2.95,46400
08/12/2015,2.94,3.0,2.9,2.93,2.89,58200
09/12/2015,2.89,2.97,2.82,2.84,2.79,94600
10/12/2015,2.89,2.91,2.77,2.78,2.73,137000
11/12/2015,2.78,2.8,2.68,2.7,2.66,152800
14/12/2015,2.7,2.8,2.7,2.77,2.72,27600
15/12/2015,2.75,2.91,2.72,2.76,2.71,114800
16/12/2015,2.79,2.85,2.77,2.79,2.74,41600
17/12/2015,2.7,2.83,2.7,2.79,2.74,26000
18/12/2015,2.82,2.96,2.82,2.82,2.78,55400
21/12/2015,2.84,3.01,2.74,2.77,2.73,75800
22/12/2015,2.78,2.9,2.77,2.88,2.84,23200
23/12/2015,2.94,2.98,2.91,2.98,2.93,64400
24/12/2015,2.99,3.05,2.99,3.01,2.96,20400
28/12/2015,3.02,3.04,2.97,3.02,2.97,40000
29/12/2015,2.97,3.05,2.9,2.91,2.87,80000
30/12/2015,2.93,2.99,2.92,2.97,2.93,71800
31/12/2015,2.98,2.99,2.88,2.95,2.91,72200
04/01/2016,2.89,2.95,2.87,2.95,2.91,72400
05/01/2016,2.94,2.95,2.87,2.91,2.87,42400
06/01/2016,2.87,2.9,2.87,2.87,2.83,13200
07/01/2016,2.86,2.87,2.82,2.83,2.79,51200
08/01/2016,2.84,2.84,2.73,2.73,2.69,26000
11/01/2016,2.74,2.78,2.7,2.76,2.71,13400
12/01/2016,2.78,2.78,2.68,2.73,2.69,58400
13/01/2016,2.75,2.77,2.65,2.7,2.66,38400
14/01/2016,2.65,2.77,2.62,2.69,2.65,42800
15/01/2016,2.65,2.71,2.61,2.62,2.58,32400
19/01/2016,2.65,2.66,2.58,2.59,2.55,36600
20/01/2016,2.56,2.68,2.56,2.66,2.62,39400
21/01/2016,2.66,2.73,2.63,2.7,2.66,12800
22/01/2016,2.63,2.72,2.63,2.69,2.65,27600
25/01/2016,2.67,2.69,2.66,2.66,2.62,28200
26/01/2016,2.68,2.72,2.64,2.66,2.62,50000
27/01/2016,2.75,2.76,2.67,2.67,2.63,26000
28/01/2016,2.69,2.69,2.63,2.63,2.59,12200
29/01/2016,2.65,2.78,2.65,2.72,2.68,86600
01/02/2016,2.56,2.81,2.53,2.77,2.73,103400
02/02/2016,2.75,2.75,2.63,2.65,2.61,16800
03/02/2016,2.63,2.67,2.63,2.63,2.59,28200
04/02/2016,2.69,2.71,2.65,2.65,2.61,30600
05/02/2016,2.7,2.7,2.67,2.67,2.63,28400
08/02/2016,2.69,2.72,2.67,2.69,2.65,36800
09/02/2016,2.67,2.71,2.67,2.7,2.66,9800
10/02/2016,2.72,2.75,2.7,2.74,2.7,15000
11/02/2016,2.71,2.71,2.68,2.69,2.65,28800
12/02/2016,2.68,2.71,2.6,2.65,2.61,48800
16/02/2016,2.7,2.72,2.69,2.7,2.66,28200
17/02/2016,2.74,2.79,2.74,2.76,2.71,19600
18/02/2016,2.86,3.09,2.86,3.06,3.01,181000
19/02/2016,3.07,3.11,3.06,3.08,3.03,80400
22/02/2016,3.2,3.2,3.05,3.05,3.0,61600
23/02/2016,3.05,3.15,3.05,3.06,3.01,41400
24/02/2016,3.06,3.1,3.0,3.06,3.01,60000
25/02/2016,3.04,3.12,3.04,3.06,3.01,17000
26/02/2016,3.1,3.1,3.02,3.07,3.02,26800
29/02/2016,3.09,3.15,3.08,3.11,3.06,29800
01/03/2016,3.12,3.15,3.07,3.07,3.02,30600
02/03/2016,3.08,3.14,3.05,3.13,3.08,43600
03/03/2016,3.14,3.19,3.12,3.16,3.11,26800
04/03/2016,3.15,3.18,3.09,3.1,3.05,42000
07/03/2016,3.1,3.19,3.1,3.14,3.09,18400
08/03/2016,3.15,3.17,3.12,3.14,3.09,6000
09/03/2016,3.16,3.16,3.11,3.13,3.09,12600
10/03/2016,3.16,3.16,3.02,3.06,3.01,21400
11/03/2016,3.07,3.08,3.02,3.07,3.02,11600
14/03/2016,3.08,3.08,3.02,3.03,2.98,30400
15/03/2016,3.03,3.07,2.99,3.02,2.97,43000
16/03/2016,3.03,3.07,3.0,3.02,2.97,74400
17/03/2016,3.05,3.07,3.0,3.04,2.99,70000
18/03/2016,3.04,3.05,3.03,3.03,2.98,33800
21/03/2016,3.05,3.18,3.05,3.14,3.1,54600
22/03/2016,3.15,3.19,3.11,3.13,3.09,76600
23/03/2016,3.15,3.17,3.11,3.12,3.07,11800
24/03/2016,3.12,3.12,3.04,3.1,3.05,24000
28/03/2016,3.08,3.12,3.06,3.1,3.05,30200
29/03/2016,3.12,3.19,3.1,3.12,3.07,26400
30/03/2016,3.15,3.17,3.08,3.12,3.07,24000
31/03/2016,3.13,3.19,3.12,3.12,3.08,29400
01/04/2016,3.16,3.16,3.14,3.15,3.1,14200
04/04/2016,3.15,3.15,3.12,3.12,3.07,8600
05/04/2016,3.12,3.12,3.08,3.08,3.03,17200
06/04/2016,3.07,3.09,3.03,3.07,3.02,26000
07/04/2016,3.07,3.09,3.04,3.07,3.02,16400
08/04/2016,3.08,3.09,3.04,3.07,3.02,22000
11/04/2016,3.08,3.11,3.03,3.1,3.05,17600
12/04/2016,3.07,3.11,3.0,3.01,2.96,35800
13/04/2016,3.06,3.06,3.01,3.04,2.99,21000
14/04/2016,3.04,3.05,3.03,3.05,3.0,2000
15/04/2016,3.05,3.09,3.03,3.03,2.98,24800
18/04/2016,3.04,3.1,3.04,3.07,3.02,3800
19/04/2016,3.07,3.07,3.05,3.05,3.0,9600
20/04/2016,3.05,3.05,2.99,3.0,2.95,37800
21/04/2016,3.0,3.0,2.95,3.0,2.95,37000
22/04/2016,2.98,2.99,2.95,2.95,2.91,13200
25/04/2016,2.95,2.99,2.95,2.99,2.94,10600
26/04/2016,2.97,3.0,2.96,2.96,2.92,4400
27/04/2016,2.99,2.99,2.96,2.97,2.93,8800
28/04/2016,2.96,2.99,2.9,2.91,2.87,31600
29/04/2016,2.9,2.97,2.89,2.96,2.92,21400
02/05/2016,2.93,2.94,2.85,2.86,2.82,34200
03/05/2016,2.85,2.86,2.83,2.84,2.8,9400
04/05/2016,2.82,2.83,2.79,2.79,2.74,59400
05/05/2016,2.79,2.92,2.79,2.88,2.83,38200
06/05/2016,2.83,2.95,2.79,2.87,2.83,9400
09/05/2016,2.95,2.97,2.8,2.92,2.88,51200
10/05/2016,2.82,2.96,2.81,2.85,2.81,48000
11/05/2016,2.85,2.89,2.83,2.84,2.79,43000
12/05/2016,2.83,2.93,2.81,2.87,2.82,146200
13/05/2016,2.84,2.97,2.81,2.89,2.85,125600
16/05/2016,2.92,3.08,2.88,3.01,2.96,198600
17/05/2016,3.03,3.07,2.85,2.88,2.84,94000
18/05/2016,2.94,2.96,2.86,2.91,2.87,76800
19/05/2016,2.93,2.98,2.83,2.89,2.85,51400
20/05/2016,2.91,2.95,2.84,2.86,2.81,28800
23/05/2016,2.84,2.94,2.84,2.92,2.88,18800
24/05/2016,3.03,3.03,2.92,2.94,2.9,10200
25/05/2016,2.94,2.97,2.89,2.96,2.91,14400
26/05/2016,3.03,3.05,2.91,2.96,2.91,38400
27/05/2016,2.95,3.09,2.95,3.06,3.01,39600
31/05/2016,3.07,3.36,2.96,3.3,3.24,139000
01/06/2016,3.31,3.35,3.14,3.32,3.27,95200
02/06/2016,3.23,3.39,3.23,3.3,3.25,74000
03/06/2016,3.33,3.33,2.84,3.29,3.24,6200
06/06/2016,3.29,3.3,3.2,3.25,3.2,26000
07/06/2016,3.25,3.28,3.24,3.25,3.2,22200
08/06/2016,3.24,3.24,3.2,3.23,3.18,19400
09/06/2016,3.22,3.29,3.15,3.28,3.23,27400
10/06/2016,3.32,3.32,3.26,3.26,3.21,20400
13/06/2016,3.13,3.29,3.12,3.24,3.2,29400
14/06/2016,3.19,3.29,3.1,3.29,3.24,35400
15/06/2016,3.27,3.29,3.2,3.21,3.16,17600
16/06/2016,3.17,3.24,3.15,3.16,3.12,9600
17/06/2016,3.23,3.28,3.11,3.2,3.15,40600
20/06/2016,3.2,3.24,3.14,3.23,3.19,8800
21/06/2016,3.24,3.25,3.17,3.19,3.15,16800
22/06/2016,3.17,3.22,3.12,3.13,3.09,53800
23/06/2016,3.16,3.27,3.13,3.17,3.12,36600
24/06/2016,3.13,3.16,3.06,3.13,3.09,16000
27/06/2016,3.12,3.12,3.06,3.1,3.05,12400
28/06/2016,3.1,3.33,3.1,3.17,3.12,59000
29/06/2016,3.19,3.22,3.15,3.18,3.14,47600
30/06/2016,3.18,3.21,3.16,3.18,3.13,118800
01/07/2016,3.18,3.2,3.13,3.18,3.14,35600
05/07/2016,3.2,3.24,3.2,3.21,3.16,144200
06/07/2016,3.21,3.42,3.2,3.41,3.36,264600
07/07/2016,3.41,3.6,3.37,3.48,3.43,240400
08/07/2016,3.52,3.52,3.36,3.49,3.44,54000
11/07/2016,3.51,3.55,3.49,3.53,3.47,158200
12/07/2016,3.54,3.57,3.48,3.49,3.44,93400
13/07/2016,3.49,3.53,3.36,3.43,3.38,17000
14/07/2016,3.45,3.48,3.38,3.44,3.39,211000
15/07/2016,3.42,3.49,3.42,3.48,3.43,59000
18/07/2016,3.52,3.6,3.49,3.51,3.45,334600
19/07/2016,3.49,3.57,3.48,3.55,3.5,136800
20/07/2016,3.54,3.67,3.49,3.65,3.6,254800
21/07/2016,3.67,3.7,3.6,3.68,3.62,427200
22/07/2016,3.65,3.74,3.63,3.73,3.68,226400
25/07/2016,3.71,3.74,3.69,3.74,3.68,239600
26/07/2016,3.71,3.76,3.71,3.72,3.67,195200
27/07/2016,3.76,3.76,3.71,3.73,3.67,90200
28/07/2016,3.73,3.77,3.73,3.74,3.68,61000
29/07/2016,3.75,3.76,3.61,3.63,3.58,79800
01/08/2016,3.68,3.71,3.58,3.63,3.57,147000
02/08/2016,3.64,3.67,3.61,3.63,3.58,139000
03/08/2016,3.66,3.66,3.62,3.63,3.57,91000
04/08/2016,3.64,3.67,3.62,3.66,3.6,46600
05/08/2016,3.65,3.7,3.61,3.66,3.6,39200
08/08/2016,3.62,3.65,3.5,3.63,3.57,112800
09/08/2016,3.67,3.67,3.63,3.63,3.58,43800
10/08/2016,3.64,3.64,3.61,3.62,3.56,84200
11/08/2016,3.63,3.67,3.62,3.64,3.58,100200
12/08/2016,3.62,3.71,3.62,3.69,3.64,87000
15/08/2016,3.63,3.7,3.63,3.65,3.6,96600
16/08/2016,3.65,3.69,3.65,3.68,3.63,54200
17/08/2016,3.68,3.68,3.62,3.66,3.61,26800
18/08/2016,3.69,3.88,3.67,3.67,3.62,271000
19/08/2016,3.69,3.72,3.65,3.65,3.6,81400
22/08/2016,3.65,3.68,3.53,3.63,3.58,64800
23/08/2016,3.61,3.75,3.61,3.65,3.59,38000
24/08/2016,3.67,3.67,3.61,3.62,3.56,38800
25/08/2016,3.6,3.64,3.56,3.61,3.55,19800
26/08/2016,3.62,3.64,3.59,3.6,3.55,27000
29/08/2016,3.59,3.67,3.47,3.58,3.52,275200
30/08/2016,3.6,3.6,3.53,3.57,3.52,31000
31/08/2016,3.58,3.61,3.54,3.58,3.52,43600
01/09/2016,3.56,3.63,3.47,3.62,3.56,44600
02/09/2016,3.62,3.67,3.5,3.57,3.52,282400
06/09/2016,3.64,3.64,3.34,3.38,3.32,225800
07/09/2016,3.35,3.39,3.35,3.36,3.3,76400
08/09/2016,3.37,3.37,3.19,3.34,3.29,172000
09/09/2016,3.35,3.39,3.28,3.31,3.26,69200
12/09/2016,3.3,3.38,3.26,3.37,3.32,150200
13/09/2016,3.36,3.41,3.3,3.3,3.24,53800
14/09/2016,3.31,3.35,3.3,3.33,3.28,44400
15/09/2016,3.33,3.35,3.3,3.34,3.28,20200
16/09/2016,3.32,3.34,3.26,3.26,3.21,190200
19/09/2016,3.28,3.35,3.28,3.35,3.29,83600
20/09/2016,3.35,3.38,3.33,3.35,3.3,19200
21/09/2016,3.37,3.48,3.35,3.47,3.42,112400
22/09/2016,3.5,3.54,3.49,3.5,3.45,70400
23/09/2016,3.5,3.53,3.47,3.52,3.46,81000
26/09/2016,3.52,3.53,3.42,3.52,3.47,152000
27/09/2016,3.53,3.56,3.51,3.54,3.48,32600
28/09/2016,3.56,3.58,3.28,3.55,3.49,42200
29/09/2016,3.54,3.54,3.49,3.5,3.45,26800
30/09/2016,3.5,3.61,3.5,3.6,3.54,115800
03/10/2016,3.58,3.61,3.52,3.56,3.51,29400
04/10/2016,3.56,3.6,3.54,3.55,3.49,53400
05/10/2016,3.57,3.57,3.5,3.53,3.47,91400
06/10/2016,3.5,3.53,3.5,3.5,3.45,52000
07/10/2016,3.65,3.65,3.51,3.53,3.47,218000
10/10/2016,3.54,3.55,3.51,3.53,3.47,36200
11/10/2016,3.53,3.59,3.5,3.55,3.5,59600
12/10/2016,3.57,3.57,3.5,3.52,3.47,47400
13/10/2016,3.52,3.52,3.5,3.5,3.45,21800
14/10/2016,3.5,3.53,3.5,3.51,3.45,67400
17/10/2016,3.53,3.53,3.49,3.5,3.45,64400
18/10/2016,3.51,3.52,3.43,3.5,3.45,138000
19/10/2016,3.51,3.54,3.5,3.52,3.47,38200
20/10/2016,3.5,3.59,3.5,3.59,3.53,24600
21/10/2016,3.59,3.62,3.58,3.62,3.56,64600
24/10/2016,3.62,3.67,3.6,3.65,3.59,34400
25/10/2016,3.65,3.65,3.58,3.6,3.55,30600
26/10/2016,3.55,3.62,3.53,3.6,3.54,21000
27/10/2016,3.58,3.6,3.5,3.5,3.45,18600
28/10/2016,3.5,3.55,3.45,3.5,3.45,10600
31/10/2016,3.53,3.53,3.5,3.5,3.45,4600
01/11/2016,3.5,3.53,3.5,3.5,3.45,5600
02/11/2016,3.5,3.67,3.5,3.53,3.47,17600
03/11/2016,3.5,3.58,3.5,3.53,3.47,16400
04/11/2016,3.53,3.62,3.5,3.53,3.47,20000
07/11/2016,3.62,3.62,3.5,3.55,3.5,111400
08/11/2016,3.58,3.75,3.55,3.7,3.64,103400
09/11/2016,3.72,3.85,3.58,3.85,3.79,68200
10/11/2016,3.85,3.85,3.58,3.78,3.72,41200
11/11/2016,3.85,3.85,3.74,3.75,3.69,9000
14/11/2016,3.84,3.85,3.78,3.85,3.79,57400
15/11/2016,3.85,4.1,3.85,3.95,3.89,216600
16/11/2016,3.95,4.07,3.95,4.0,3.94,88400
17/11/2016,4.03,4.09,3.81,3.92,3.87,61000
18/11/2016,3.97,4.0,3.85,3.97,3.91,40400
21/11/2016,4.05,4.05,3.92,3.97,3.91,27800
22/11/2016,3.97,4.0,3.95,3.97,3.91,19000
23/11/2016,3.97,4.0,3.91,4.0,3.94,23600
25/11/2016,4.03,4.03,3.97,4.0,3.94,4400
28/11/2016,3.97,4.03,3.9,3.97,3.91,21400
29/11/2016,4.0,4.1,3.96,4.07,4.01,91600
30/11/2016,4.07,4.28,4.07,4.28,4.21,159000
01/12/2016,4.25,4.28,3.97,3.97,3.91,113200
02/12/2016,4.0,4.1,3.97,4.0,3.94,26200
05/12/2016,4.07,4.2,4.0,4.0,3.94,104800
06/12/2016,4.05,4.2,3.97,4.07,4.01,60600
07/12/2016,4.07,4.2,4.02,4.2,4.14,72800
08/12/2016,4.2,4.25,4.2,4.2,4.14,51000
09/12/2016,4.1,4.22,4.1,4.1,4.04,30200
12/12/2016,4.12,4.12,3.97,4.07,4.01,37400
13/12/2016,4.26,4.26,4.11,4.12,4.06,54000
14/12/2016,4.15,4.15,4.03,4.07,4.01,21400
15/12/2016,4.07,4.12,4.07,4.12,4.06,8600
16/12/2016,4.1,4.2,4.06,4.1,4.04,27800
19/12/2016,4.12,4.18,4.03,4.12,4.06,40800
20/12/2016,4.12,4.2,4.12,4.12,4.06,38000
21/12/2016,4.15,4.22,4.03,4.12,4.06,69000
22/12/2016,4.1,4.15,4.05,4.1,4.04,18600
23/12/2016,4.12,4.15,4.07,4.12,4.06,18400
27/12/2016,4.12,4.2,4.11,4.18,4.11,23600
28/12/2016,4.22,4.22,4.15,4.19,4.13,15600
29/12/2016,4.18,4.28,4.12,4.2,4.14,30000
30/12/2016,4.18,4.28,4.18,4.25,4.19,27400
03/01/2017,4.25,4.3,4.15,4.22,4.16,55000
04/01/2017,4.22,4.3,4.07,4.18,4.11,79600
05/01/2017,4.18,4.25,4.13,4.2,4.14,19600
06/01/2017,4.2,4.28,4.18,4.18,4.11,30400
09/01/2017,4.15,4.2,3.8,4.07,4.01,50600
10/01/2017,4.03,4.15,3.88,4.03,3.96,25400
11/01/2017,4.07,4.15,4.03,4.1,4.04,32800
12/01/2017,4.15,4.47,4.07,4.3,4.23,60800
13/01/2017,4.35,4.4,4.15,4.32,4.26,85600
17/01/2017,4.32,4.38,4.31,4.32,4.26,43800
18/01/2017,4.38,4.53,4.3,4.43,4.36,67200
19/01/2017,4.47,4.57,4.35,4.53,4.47,49200
20/01/2017,4.57,4.62,4.5,4.57,4.51,39600
23/01/2017,4.62,4.7,4.57,4.65,4.58,103000
24/01/2017,4.62,4.62,4.55,4.6,4.53,54600
25/01/2017,4.6,4.61,4.5,4.6,4.53,58000
26/01/2017,4.6,4.62,4.55,4.55,4.48,9400
27/01/2017,4.62,4.62,4.57,4.62,4.55,11200
30/01/2017,4.6,4.6,4.5,4.55,4.48,24000
31/01/2017,4.57,4.88,4.45,4.8,4.73,89800
01/02/2017,4.8,4.8,4.65,4.72,4.65,44600
02/02/2017,4.72,4.75,4.6,4.72,4.65,62600
03/02/2017,4.72,4.72,4.55,4.62,4.55,77800
06/02/2017,4.6,4.68,4.28,4.55,4.48,188400
07/02/2017,4.57,4.65,4.55,4.6,4.53,74600
08/02/2017,4.5,4.57,4.32,4.47,4.41,104800
09/02/2017,4.5,4.55,4.5,4.5,4.43,28000
10/02/2017,4.55,4.55,4.45,4.5,4.43,42600
13/02/2017,4.5,4.55,4.3,4.47,4.41,69400
14/02/2017,4.43,4.47,4.32,4.45,4.38,55800
15/02/2017,4.38,4.45,4.2,4.45,4.38,99000
16/02/2017,4.4,4.45,4.32,4.35,4.28,38000
17/02/2017,4.35,4.47,4.03,4.47,4.41,164000
21/02/2017,4.5,4.5,4.38,4.43,4.36,61800
22/02/2017,4.45,4.45,4.34,4.4,4.33,28200
23/02/2017,4.32,4.4,4.32,4.32,4.26,19600
24/02/2017,4.28,4.35,4.28,4.32,4.26,17800
27/02/2017,4.35,4.45,4.3,4.35,4.28,34200
28/02/2017,4.3,4.47,4.15,4.32,4.26,66400
01/03/2017,4.4,4.43,4.22,4.35,4.28,47600
02/03/2017,4.4,4.47,4.38,4.4,4.33,37200
03/03/2017,4.45,4.57,4.35,4.57,4.51,67400
06/03/2017,4.57,4.75,4.55,4.7,4.63,86600
07/03/2017,4.75,4.78,4.65,4.75,4.68,113800
08/03/2017,4.7,4.95,4.65,4.93,4.85,128000
09/03/2017,4.95,5.07,4.9,5.0,4.92,217400
10/03/2017,5.0,5.07,4.97,5.03,4.95,90200
13/03/2017,5.05,5.2,5.05,5.1,5.02,121800
14/03/2017,5.15,5.25,5.1,5.25,5.17,59200
15/03/2017,5.25,5.28,5.2,5.22,5.15,99600
16/03/2017,5.22,5.47,5.18,5.32,5.24,227400
17/03/2017,5.35,5.38,5.25,5.35,5.27,121400
20/03/2017,5.32,5.32,5.19,5.25,5.17,103200
21/03/2017,5.25,5.28,5.07,5.12,5.05,111400
22/03/2017,5.05,5.1,5.03,5.07,5.0,55000
23/03/2017,5.18,5.18,5.03,5.12,5.05,36600
24/03/2017,5.1,5.25,5.07,5.18,5.1,29600
27/03/2017,5.18,5.28,5.1,5.2,5.12,30200
28/03/2017,5.18,5.25,5.09,5.22,5.15,31800
29/03/2017,5.15,5.28,4.88,5.1,5.02,82600
30/03/2017,5.12,5.15,5.04,5.1,5.02,67200
31/03/2017,5.1,5.12,4.97,5.1,5.02,51200
03/04/2017,5.07,5.07,4.95,4.95,4.87,85800
04/04/2017,4.95,5.0,4.74,4.95,4.87,62800
05/04/2017,5.0,5.03,4.76,4.97,4.9,72400
06/04/2017,4.95,5.05,4.95,5.0,4.92,27000
07/04/2017,5.0,5.05,4.95,5.03,4.95,54000
10/04/2017,5.05,5.18,5.0,5.1,5.02,44600
11/04/2017,5.12,5.12,5.0,5.05,4.97,36400
12/04/2017,5.1,5.1,4.93,5.03,4.95,92200
13/04/2017,4.95,5.12,4.93,5.1,5.02,67000
17/04/2017,5.07,5.26,5.07,5.1,5.02,221400
18/04/2017,5.05,5.2,5.0,5.05,4.97,125000
19/04/2017,5.22,5.22,5.1,5.15,5.07,90200
20/04/2017,5.22,5.25,5.12,5.15,5.07,109400
21/04/2017,5.18,5.2,5.11,5.12,5.05,190000
24/04/2017,5.18,5.18,4.78,5.15,5.07,71200
25/04/2017,5.12,5.22,5.12,5.2,5.12,103200
26/04/2017,5.2,5.38,5.15,5.15,5.07,94800
27/04/2017,5.18,5.28,5.12,5.12,5.05,36200
28/04/2017,5.18,5.38,5.16,5.3,5.22,51000
01/05/2017,5.35,5.41,5.12,5.25,5.17,52200
02/05/2017,5.28,5.3,5.18,5.25,5.17,46800
03/05/2017,5.3,5.35,5.2,5.32,5.24,47400
04/05/2017,5.3,5.4,5.2,5.25,5.17,66600
05/05/2017,5.25,5.25,5.1,5.22,5.15,63400
08/05/2017,4.9,5.13,4.68,5.0,4.92,287400
09/05/2017,4.9,5.03,4.68,4.97,4.9,212000
10/05/2017,5.0,5.0,4.7,4.88,4.8,131600
11/05/2017,4.82,4.85,4.43,4.65,4.58,269200
12/05/2017,4.62,4.75,4.45,4.7,4.63,123000
15/05/2017,4.62,4.65,4.47,4.53,4.46,100000
16/05/2017,4.45,4.6,4.39,4.6,4.53,62400
17/05/2017,4.57,4.62,4.43,4.43,4.36,47200
18/05/2017,4.43,4.57,4.41,4.47,4.41,49800
19/05/2017,4.47,4.47,4.43,4.45,4.38,87200
22/05/2017,4.4,4.47,4.32,4.4,4.33,65800
23/05/2017,4.43,4.47,4.38,4.4,4.33,52400
24/05/2017,4.57,4.78,4.43,4.75,4.68,162600
25/05/2017,4.72,4.95,4.6,4.93,4.85,75200
26/05/2017,4.95,4.95,4.82,4.85,4.78,49600
30/05/2017,4.88,4.88,4.62,4.68,4.6,76600
31/05/2017,4.75,4.8,4.72,4.78,4.7,59800
01/06/2017,4.8,4.85,4.75,4.78,4.7,34800
02/06/2017,4.8,4.97,4.75,4.93,4.85,75200
05/06/2017,4.95,5.0,4.78,4.97,4.9,57200
06/06/2017,4.97,5.05,4.75,4.75,4.68,32200
07/06/2017,4.8,5.03,4.78,4.88,4.8,38200
08/06/2017,4.9,5.05,4.82,5.05,4.97,71400
09/06/2017,5.0,5.18,4.97,5.12,5.05,70000
12/06/2017,5.07,5.09,4.72,4.78,4.7,103200
13/06/2017,4.82,4.82,4.75,4.75,4.68,53800
14/06/2017,4.78,4.78,4.45,4.45,4.38,131200
15/06/2017,4.43,4.57,4.43,4.5,4.43,44200
16/06/2017,4.53,4.72,4.53,4.65,4.58,63400
19/06/2017,4.7,4.78,4.45,4.55,4.48,54000
20/06/2017,4.47,4.65,4.47,4.62,4.55,63400
21/06/2017,4.62,4.75,4.5,4.55,4.48,52200
22/06/2017,4.57,4.72,4.57,4.6,4.53,119000
23/06/2017,4.6,4.78,4.59,4.72,4.65,2373600
26/06/2017,4.65,5.15,4.62,5.1,5.02,226400
27/06/2017,5.07,5.07,4.9,4.97,4.9,59000
28/06/2017,5.03,5.03,4.8,4.88,4.8,77400
29/06/2017,4.88,4.95,4.78,4.95,4.87,92400
30/06/2017,4.93,4.95,4.62,4.7,4.63,126800
03/07/2017,4.7,4.7,4.62,4.65,4.58,37000
05/07/2017,4.62,4.68,4.6,4.68,4.6,85000
06/07/2017,4.65,4.72,4.59,4.6,4.53,79800
07/07/2017,4.6,4.66,4.5,4.6,4.53,42400
10/07/2017,4.57,4.7,4.51,4.6,4.53,66600
11/07/2017,4.6,4.72,4.5,4.68,4.6,71000
12/07/2017,4.68,4.82,4.57,4.75,4.68,100800
13/07/2017,4.78,4.8,4.55,4.68,4.6,82000
14/07/2017,4.68,4.7,4.62,4.7,4.63,51800
17/07/2017,4.68,4.68,4.48,4.62,4.55,61400
18/07/2017,4.6,4.62,4.5,4.57,4.51,46200
19/07/2017,4.57,4.8,4.57,4.75,4.68,117400
20/07/2017,4.72,4.75,4.68,4.72,4.65,88200
21/07/2017,4.8,5.01,4.75,5.0,4.92,147200
24/07/2017,5.0,5.0,4.72,4.82,4.75,140600
25/07/2017,4.82,4.88,4.66,4.82,4.75,147800
26/07/2017,4.77,4.78,4.6,4.62,4.55,92800
27/07/2017,4.62,4.74,4.6,4.65,4.58,43600
28/07/2017,4.62,4.65,4.47,4.5,4.43,56800
31/07/2017,4.5,4.62,4.5,4.57,4.51,54800
01/08/2017,4.55,4.57,4.5,4.55,4.48,36200
02/08/2017,4.57,4.57,4.47,4.47,4.41,36800
03/08/2017,4.53,4.57,4.35,4.57,4.51,93200
04/08/2017,4.55,4.62,4.5,4.53,4.46,35000
07/08/2017,4.55,4.6,4.53,4.57,4.51,23400
08/08/2017,4.62,4.68,4.6,4.62,4.55,29200
09/08/2017,4.6,4.6,4.45,4.45,4.38,36600
10/08/2017,4.43,4.5,4.28,4.43,4.36,90200
11/08/2017,4.45,4.45,4.28,4.32,4.26,79600
14/08/2017,4.32,4.35,4.25,4.32,4.26,52800
15/08/2017,4.3,4.32,3.97,4.0,3.94,93000
16/08/2017,4.0,4.03,3.79,3.83,3.77,162000
17/08/2017,3.75,3.83,3.72,3.75,3.69,177600
18/08/2017,3.7,3.9,3.7,3.88,3.82,77800
21/08/2017,3.85,3.92,3.72,3.88,3.82,32400
22/08/2017,3.91,4.03,3.91,4.0,3.94,19600
23/08/2017,3.95,4.18,3.94,4.15,4.09,42600
24/08/2017,4.2,4.22,3.95,4.07,4.01,69600
25/08/2017,4.07,4.09,4.03,4.07,4.01,43200
28/08/2017,4.05,4.05,3.97,3.97,3.91,28200
29/08/2017,3.95,4.03,3.9,3.97,3.91,52400
30/08/2017,3.95,4.07,3.92,3.97,3.91,41600
31/08/2017,4.03,4.03,3.88,3.92,3.87,48000
01/09/2017,3.92,3.95,3.8,3.88,3.82,114000
05/09/2017,3.83,4.15,3.8,4.1,4.04,93400
06/09/2017,4.1,4.65,4.05,4.6,4.53,163800
07/09/2017,4.65,4.75,4.47,4.65,4.58,232400
08/09/2017,4.62,4.62,4.16,4.22,4.16,106400
11/09/2017,4.22,4.47,4.15,4.45,4.38,82200
12/09/2017,4.45,4.53,4.4,4.45,4.38,52600
13/09/2017,4.43,4.45,4.34,4.4,4.33,35800
14/09/2017,4.4,4.55,4.4,4.5,4.43,30800
15/09/2017,4.5,4.6,4.4,4.5,4.43,215600
18/09/2017,4.5,4.59,4.5,4.57,4.51,144600
19/09/2017,4.6,4.74,4.6,4.7,4.63,89200
20/09/2017,4.7,4.75,4.68,4.72,4.65,54800
21/09/2017,4.66,4.85,4.65,4.75,4.68,67000
22/09/2017,4.72,4.82,4.62,4.7,4.63,50400
25/09/2017,4.72,4.78,4.7,4.75,4.68,41800
26/09/2017,4.68,4.85,4.68,4.82,4.75,44200
27/09/2017,4.85,4.97,4.8,4.93,4.85,52200
28/09/2017,4.93,4.95,4.89,4.95,4.87,24400
29/09/2017,4.95,4.95,4.85,4.85,4.78,36200
02/10/2017,4.9,5.03,4.8,5.0,4.92,48000
03/10/2017,5.03,5.03,4.82,4.95,4.87,165200
04/10/2017,4.93,4.97,4.8,4.93,4.85,117400
05/10/2017,4.95,5.15,4.9,4.97,4.9,116800
06/10/2017,4.95,5.07,4.95,5.05,4.97,54800
09/10/2017,5.05,5.05,4.99,5.05,4.97,37400
10/10/2017,5.05,5.36,5.05,5.25,5.17,145200
11/10/2017,5.22,5.25,5.15,5.2,5.12,45600
12/10/2017,5.15,5.22,4.95,5.12,5.05,36200
13/10/2017,5.12,5.2,5.05,5.07,5.0,29000
16/10/2017,5.1,5.16,5.07,5.15,5.07,15200
17/10/2017,5.2,5.22,5.15,5.2,5.12,26800
18/10/2017,5.21,5.22,5.03,5.05,4.97,44000
19/10/2017,5.05,5.15,4.63,5.12,5.05,22800
20/10/2017,5.18,5.18,5.05,5.12,5.05,23400
23/10/2017,5.15,5.2,5.05,5.15,5.07,40600
24/10/2017,5.12,5.2,5.05,5.05,4.97,79800
25/10/2017,5.03,5.1,5.03,5.1,5.02,21000
26/10/2017,5.12,5.12,5.05,5.07,5.0,17800
27/10/2017,5.1,5.2,5.05,5.2,5.12,61600
30/10/2017,5.2,5.2,5.1,5.1,5.02,9400
31/10/2017,5.1,5.15,5.05,5.07,5.0,59400
01/11/2017,5.12,5.15,5.05,5.07,5.0,49200
02/11/2017,5.1,5.12,5.03,5.1,5.02,31200
03/11/2017,5.12,5.12,4.93,4.95,4.87,65200
06/11/2017,5.03,5.03,4.8,4.93,4.85,32000
07/11/2017,4.93,4.93,4.78,4.78,4.7,46400
08/11/2017,4.8,4.88,4.61,4.85,4.78,71800
09/11/2017,4.8,4.9,4.75,4.75,4.68,22400
10/11/2017,4.78,4.8,4.68,4.7,4.63,18800
13/11/2017,4.7,4.75,4.65,4.68,4.6,19000
14/11/2017,4.65,4.65,4.62,4.65,4.58,16200
15/11/2017,4.68,4.75,4.65,4.68,4.6,24600
16/11/2017,4.68,4.74,4.65,4.68,4.6,23200
17/11/2017,4.62,4.7,4.62,4.65,4.58,43200
20/11/2017,4.62,4.78,4.62,4.78,4.7,21600
21/11/2017,4.82,4.85,4.68,4.8,4.73,32800
22/11/2017,4.82,4.9,4.75,4.88,4.8,27400
24/11/2017,4.82,4.82,4.7,4.72,4.65,15200
27/11/2017,4.75,4.78,4.72,4.75,4.68,16000
28/11/2017,4.78,4.85,4.74,4.82,4.75,26800
29/11/2017,4.85,4.9,4.85,4.9,4.83,22000
30/11/2017,4.95,5.05,4.82,5.0,4.92,29400
01/12/2017,4.95,5.03,4.8,5.03,4.95,36800
04/12/2017,5.05,5.05,4.97,5.0,4.92,14400
05/12/2017,5.05,5.07,4.72,4.78,4.7,64600
06/12/2017,4.72,4.72,4.18,4.68,4.6,146800
07/12/2017,4.4,4.73,4.4,4.5,4.43,105800
08/12/2017,4.55,4.68,4.45,4.47,4.41,48800
11/12/2017,4.5,4.56,4.39,4.43,4.36,68800
12/12/2017,4.47,4.55,4.32,4.35,4.28,157000
13/12/2017,4.32,4.35,4.18,4.25,4.19,181000
14/12/2017,4.25,4.4,4.25,4.35,4.28,87600
15/12/2017,4.32,4.45,4.32,4.38,4.31,164000
18/12/2017,4.4,4.66,4.25,4.3,4.23,80400
19/12/2017,4.32,4.32,4.12,4.18,4.11,99200
20/12/2017,4.2,4.28,4.18,4.22,4.16,57800
21/12/2017,4.22,4.22,4.03,4.07,4.01,120000
22/12/2017,4.05,4.2,3.95,3.95,3.89,210600
26/12/2017,4.0,4.35,4.0,4.15,4.09,114800
27/12/2017,4.18,4.5,4.1,4.3,4.23,166000
28/12/2017,4.32,4.47,4.3,4.32,4.26,86600
29/12/2017,4.35,4.47,4.3,4.38,4.31,73800
02/01/2018,4.32,4.43,4.2,4.32,4.26,96200
03/01/2018,4.3,4.62,4.3,4.47,4.41,79400
04/01/2018,4.5,4.65,4.38,4.57,4.51,90400
05/01/2018,4.57,4.68,4.5,4.55,4.48,50800
08/01/2018,4.55,4.95,4.55,4.65,4.58,81800
09/01/2018,4.68,4.78,4.4,4.45,4.38,77400
10/01/2018,4.47,4.78,4.43,4.47,4.41,52000
11/01/2018,4.53,4.84,4.5,4.7,4.63,112200
12/01/2018,4.75,4.82,4.65,4.7,4.63,58000
16/01/2018,4.72,4.78,4.5,4.53,4.46,55800
17/01/2018,4.57,4.75,4.55,4.7,4.63,50000
18/01/2018,4.65,4.75,4.45,4.57,4.5,66000
19/01/2018,4.53,4.7,4.53,4.7,4.63,87400
22/01/2018,4.7,4.72,4.62,4.7,4.63,54600
23/01/2018,4.7,4.72,4.65,4.65,4.58,39800
24/01/2018,4.65,4.7,4.6,4.65,4.58,22000
25/01/2018,4.61,4.7,4.57,4.62,4.55,28000
26/01/2018,4.68,4.68,4.53,4.6,4.53,37200
29/01/2018,4.6,4.66,4.55,4.55,4.48,37000
30/01/2018,4.5,4.59,4.4,4.55,4.48,160200
31/01/2018,4.55,4.68,4.43,4.57,4.51,61000
01/02/2018,4.6,4.8,4.6,4.75,4.68,47000
02/02/2018,4.7,4.83,4.47,4.8,4.73,95800
05/02/2018,4.75,4.95,4.43,4.9,4.83,130400
06/02/2018,4.88,4.95,4.7,4.78,4.7,80200
07/02/2018,4.7,4.88,4.7,4.85,4.78,94800
08/02/2018,4.82,4.88,4.74,4.85,4.78,107000
09/02/2018,4.82,4.9,4.7,4.78,4.7,110200
12/02/2018,4.75,4.85,4.7,4.72,4.65,37800
13/02/2018,4.72,4.86,4.45,4.72,4.65,45000
14/02/2018,4.7,4.93,4.28,4.82,4.75,102600
15/02/2018,4.68,5.0,4.68,4.85,4.78,76800
16/02/2018,4.85,5.18,4.66,5.0,4.92,149600
20/02/2018,5.0,5.05,4.9,4.97,4.9,36800
21/02/2018,5.1,5.1,4.88,4.93,4.85,25200
22/02/2018,4.75,5.0,4.74,4.95,4.87,49800
23/02/2018,4.95,5.05,4.9,5.03,4.95,28200
26/02/2018,5.07,5.07,4.78,5.03,4.95,65200
27/02/2018,5.05,5.07,4.93,5.05,4.97,33800
28/02/2018,5.0,5.07,4.9,5.05,4.97,93200
01/03/2018,5.03,5.15,4.95,5.12,5.05,109600
02/03/2018,5.1,5.12,4.85,5.1,5.02,39600
05/03/2018,5.07,5.1,4.97,5.0,4.92,28200
06/03/2018,5.0,5.0,4.85,4.88,4.8,43600
07/03/2018,4.88,4.93,4.85,4.88,4.8,19000
08/03/2018,4.8,5.0,4.8,4.93,4.85,28600
09/03/2018,4.9,4.97,4.85,4.93,4.85,35200
12/03/2018,4.8,4.9,4.8,4.9,4.83,28000
13/03/2018,4.8,4.9,4.8,4.85,4.78,36200
14/03/2018,4.82,4.88,4.78,4.88,4.8,95800
15/03/2018,4.85,4.97,4.78,4.97,4.9,24400
16/03/2018,4.95,5.0,4.9,4.97,4.9,104000
19/03/2018,5.0,5.0,4.93,5.0,4.92,29800
20/03/2018,5.0,5.18,4.95,5.05,4.97,173600
21/03/2018,5.0,5.2,5.0,5.07,5.0,190000
22/03/2018,5.05,5.15,4.88,5.0,4.92,50400
23/03/2018,4.93,5.05,4.88,5.05,4.97,69800
26/03/2018,5.07,5.25,5.07,5.2,5.12,87200
27/03/2018,5.18,5.45,5.18,5.38,5.29,118000
28/03/2018,5.38,5.75,5.35,5.65,5.56,180600
29/03/2018,5.72,5.95,5.7,5.85,5.76,198800
02/04/2018,5.78,5.85,5.22,5.28,5.19,69600
03/04/2018,5.28,5.32,5.22,5.25,5.17,46600
04/04/2018,5.25,5.35,5.15,5.3,5.22,70000
05/04/2018,5.25,5.32,5.22,5.28,5.19,50000
06/04/2018,5.28,5.35,5.22,5.32,5.24,35200
09/04/2018,5.41,5.43,5.32,5.4,5.32,64800
10/04/2018,5.38,5.47,5.3,5.4,5.32,58000
11/04/2018,5.45,5.47,5.4,5.4,5.32,18800
12/04/2018,5.47,5.53,5.35,5.4,5.32,60000
13/04/2018,5.4,5.47,5.4,5.45,5.37,21000
16/04/2018,5.4,5.49,5.4,5.43,5.34,27400
17/04/2018,5.47,5.55,5.45,5.45,5.37,37600
18/04/2018,5.43,5.55,5.43,5.47,5.39,15800
19/04/2018,5.5,5.53,5.41,5.45,5.37,18000
20/04/2018,5.43,5.5,5.36,5.45,5.37,26400
23/04/2018,5.5,5.55,5.47,5.53,5.44,17600
24/04/2018,5.53,5.55,5.3,5.35,5.27,44800
25/04/2018,5.34,5.4,5.34,5.4,5.32,14000
26/04/2018,5.35,5.38,5.25,5.38,5.29,37600
27/04/2018,5.4,5.4,5.3,5.38,5.29,16400
30/04/2018,5.28,5.38,5.28,5.35,5.27,33000
01/05/2018,5.3,5.43,5.25,5.43,5.34,21400
02/05/2018,5.43,5.57,5.35,5.53,5.44,63800
03/05/2018,5.55,5.57,5.38,5.43,5.34,54000
04/05/2018,5.32,5.5,5.32,5.45,5.37,67200
07/05/2018,5.62,5.97,5.32,5.9,5.81,157400
08/05/2018,5.93,5.93,5.7,5.88,5.79,94200
09/05/2018,5.85,5.99,5.82,5.95,5.86,101400
10/05/2018,5.95,5.97,5.88,5.97,5.88,32000
11/05/2018,6.0,6.0,5.78,5.85,5.76,38000
14/05/2018,5.88,5.97,5.85,5.93,5.83,20800
15/05/2018,5.85,5.97,5.85,5.93,5.83,24000
16/05/2018,5.97,5.97,5.8,5.88,5.79,57000
17/05/2018,5.88,5.95,5.8,5.93,5.83,24200
18/05/2018,5.97,5.97,5.88,5.93,5.83,71400
21/05/2018,5.93,6.07,5.93,6.0,5.91,152200
22/05/2018,5.97,6.14,5.93,5.97,5.88,92400
23/05/2018,5.97,6.03,5.93,6.0,5.91,42000
24/05/2018,6.03,6.05,5.93,5.95,5.86,44400
25/05/2018,5.9,5.97,5.85,5.93,5.83,30000
29/05/2018,5.95,5.97,5.82,5.97,5.88,39800
30/05/2018,6.03,6.05,5.9,5.97,5.88,44800
31/05/2018,6.0,6.03,5.85,5.93,5.83,54600
01/06/2018,5.93,6.01,5.88,5.93,5.83,84000
04/06/2018,5.95,5.95,5.88,5.9,5.81,46800
05/06/2018,5.93,5.97,5.88,5.9,5.81,64000
06/06/2018,5.9,6.03,5.88,5.88,5.79,103400
07/06/2018,5.93,5.95,5.85,5.9,5.81,56800
08/06/2018,5.93,6.05,5.86,5.88,5.79,46000
11/06/2018,5.97,5.97,5.85,5.88,5.79,47000
12/06/2018,5.88,5.9,5.76,5.88,5.79,55800
13/06/2018,5.85,6.07,5.82,5.97,5.88,34000
14/06/2018,5.96,6.12,5.96,6.1,6.01,34400
15/06/2018,6.05,6.22,5.8,6.15,6.06,85400
18/06/2018,6.18,6.57,6.12,6.57,6.47,153800
19/06/2018,6.6,7.5,6.45,7.32,7.21,486000
20/06/2018,7.35,7.72,6.78,7.28,7.16,245000
21/06/2018,7.25,7.35,6.85,6.93,6.82,104400
22/06/2018,6.93,7.95,6.86,7.4,7.29,311400
25/06/2018,7.45,7.55,6.75,7.05,6.94,170800
26/06/2018,7.03,7.12,6.85,7.05,6.94,45200
27/06/2018,7.03,7.05,6.82,6.85,6.75,29800
28/06/2018,6.85,7.3,6.66,7.25,7.14,77000
29/06/2018,7.25,7.38,7.05,7.32,7.21,134600
02/07/2018,7.28,7.55,7.26,7.53,7.41,96400
03/07/2018,7.57,8.51,7.36,8.25,8.12,795200
05/07/2018,8.52,8.73,8.25,8.4,8.27,408000
06/07/2018,8.27,8.27,7.88,7.97,7.85,262600
09/07/2018,8.02,8.18,7.93,8.1,7.98,194400
10/07/2018,8.2,8.4,8.15,8.38,8.25,217200
11/07/2018,8.4,8.43,8.18,8.25,8.12,195200
12/07/2018,8.3,8.55,8.25,8.5,8.37,202600
13/07/2018,8.52,8.52,8.2,8.35,8.22,102800
16/07/2018,8.4,8.4,8.13,8.3,8.17,99600
17/07/2018,8.23,8.43,8.23,8.27,8.15,73400
18/07/2018,8.3,8.35,8.23,8.25,8.12,118800
19/07/2018,8.25,8.43,8.23,8.38,8.25,82800
20/07/2018,8.4,8.4,8.23,8.38,8.25,120000
23/07/2018,8.4,8.52,8.23,8.43,8.3,185200
24/07/2018,8.43,8.6,8.3,8.38,8.25,118400
25/07/2018,8.32,8.4,8.15,8.15,8.03,120400
26/07/2018,8.1,8.18,7.95,8.02,7.9,97200
27/07/2018,8.0,8.02,7.55,7.65,7.53,141600
30/07/2018,7.7,7.8,7.59,7.72,7.61,173600
31/07/2018,7.7,7.97,7.7,7.9,7.78,123400
01/08/2018,8.02,8.02,7.8,7.9,7.78,58200
02/08/2018,7.85,8.12,7.85,7.93,7.8,96600
03/08/2018,7.9,8.12,7.82,8.05,7.93,121000
06/08/2018,8.07,8.1,7.88,7.95,7.83,64400
07/08/2018,7.95,7.97,7.5,7.93,7.8,101800
08/08/2018,7.9,7.93,7.82,7.93,7.8,68200
09/08/2018,7.9,8.12,7.9,8.1,7.98,92800
10/08/2018,8.07,8.07,7.78,7.82,7.71,62800
13/08/2018,7.82,7.82,7.7,7.75,7.63,44400
14/08/2018,7.78,7.78,7.32,7.38,7.26,94800
15/08/2018,7.3,7.5,7.07,7.35,7.24,80800
16/08/2018,7.4,7.47,7.38,7.43,7.31,47800
17/08/2018,7.38,7.43,7.34,7.38,7.26,90400
20/08/2018,7.35,7.4,7.3,7.32,7.21,71200
21/08/2018,7.38,7.38,7.22,7.35,7.24,91000
22/08/2018,7.2,7.35,7.2,7.25,7.14,147000
23/08/2018,7.2,7.35,7.18,7.3,7.19,76400
24/08/2018,7.32,7.77,7.28,7.62,7.51,109600
27/08/2018,7.68,7.68,7.07,7.15,7.04,104600
28/08/2018,7.15,7.22,6.95,7.2,7.09,56000
29/08/2018,7.18,7.28,7.08,7.22,7.11,103400
30/08/2018,7.22,7.53,7.13,7.43,7.31,156800
31/08/2018,7.4,7.65,7.38,7.55,7.43,194200
04/09/2018,7.47,7.7,7.03,7.7,7.58,168800
05/09/2018,7.9,7.94,7.6,7.7,7.58,151000
06/09/2018,7.68,7.93,7.66,7.78,7.66,98200
07/09/2018,7.78,7.88,7.39,7.7,7.58,57400
10/09/2018,7.85,7.85,7.65,7.74,7.62,95800
11/09/2018,7.75,7.8,7.53,7.55,7.43,117200
12/09/2018,7.5,7.62,6.45,6.82,6.72,556400
13/09/2018,6.8,7.47,6.7,7.4,7.29,239400
14/09/2018,7.38,7.85,7.16,7.7,7.58,161600
17/09/2018,7.7,7.7,7.35,7.43,7.31,55600
18/09/2018,7.45,7.45,7.12,7.15,7.04,59800
19/09/2018,7.12,7.15,6.78,6.95,6.84,84400
20/09/2018,6.95,7.3,6.8,7.22,7.11,60200
21/09/2018,7.2,7.32,7.2,7.28,7.16,141800
24/09/2018,7.2,7.32,7.09,7.2,7.09,83400
25/09/2018,7.32,7.57,7.3,7.43,7.31,125800
26/09/2018,7.45,7.49,7.35,7.35,7.24,81000
27/09/2018,7.35,7.45,7.32,7.4,7.29,35000
28/09/2018,7.43,7.47,7.38,7.47,7.36,61600
01/10/2018,7.47,7.61,7.32,7.36,7.25,89200
02/10/2018,7.37,7.4,7.32,7.34,7.23,64000
03/10/2018,7.35,7.43,7.32,7.38,7.27,50600
04/10/2018,7.36,7.36,7.26,7.28,7.16,44200
05/10/2018,7.28,7.28,7.05,7.15,7.04,84000
08/10/2018,7.12,7.22,7.09,7.16,7.05,50600
09/10/2018,7.16,7.3,7.14,7.28,7.16,36200
10/10/2018,7.28,7.29,6.94,6.96,6.85,95400
11/10/2018,6.95,7.09,6.66,6.69,6.59,102000
12/10/2018,6.76,7.01,6.47,6.56,6.46,130800
15/10/2018,6.57,6.86,6.52,6.81,6.71,71800
16/10/2018,6.85,7.14,6.68,7.05,6.94,69800
17/10/2018,7.12,7.12,6.86,7.0,6.89,120400
18/10/2018,6.97,7.03,6.82,6.99,6.88,65600
19/10/2018,6.97,7.16,6.89,6.94,6.83,74000
22/10/2018,6.93,7.13,6.93,7.0,6.89,60600
23/10/2018,6.91,7.22,6.77,7.12,7.01,84600
24/10/2018,7.16,7.21,6.86,6.88,6.77,84800
25/10/2018,6.92,7.11,6.89,7.03,6.92,65200
26/10/2018,6.9,7.06,6.8,6.84,6.74,59400
29/10/2018,6.93,7.03,6.76,6.88,6.77,86000
30/10/2018,6.89,7.09,6.84,6.97,6.86,84400
31/10/2018,7.06,7.25,6.97,7.03,6.93,94200
01/11/2018,7.05,7.22,7.04,7.21,7.1,68200
02/11/2018,7.2,7.67,7.15,7.53,7.42,104600
05/11/2018,7.75,7.93,7.52,7.86,7.75,138400
06/11/2018,7.82,8.56,7.82,8.5,8.37,236800
07/11/2018,8.54,8.87,8.12,8.41,8.28,154600
08/11/2018,8.48,8.76,8.34,8.69,8.56,136000
09/11/2018,8.62,8.73,8.07,8.66,8.53,82400
12/11/2018,8.68,8.68,8.4,8.48,8.36,122400
13/11/2018,8.57,8.57,8.31,8.43,8.3,147400
14/11/2018,8.48,8.48,8.21,8.35,8.22,95800
15/11/2018,8.31,8.48,8.31,8.41,8.29,60800
16/11/2018,8.35,8.64,8.12,8.56,8.42,90400
19/11/2018,8.59,8.59,8.31,8.38,8.25,66400
20/11/2018,8.35,8.48,7.97,8.04,7.92,63200
21/11/2018,8.05,8.12,7.88,8.06,7.93,22400
23/11/2018,7.93,8.62,7.93,8.12,8.0,19000
26/11/2018,8.12,8.12,7.87,8.02,7.89,68000
27/11/2018,7.93,8.11,7.93,8.03,7.91,31400
28/11/2018,8.07,8.21,7.97,8.16,8.04,54400
29/11/2018,8.16,8.33,8.09,8.23,8.1,24600
30/11/2018,8.23,8.36,8.04,8.27,8.14,40000
03/12/2018,8.4,8.4,8.03,8.35,8.22,45000
04/12/2018,8.4,8.53,8.0,8.11,7.99,31800
06/12/2018,8.05,8.36,8.03,8.12,8.0,34200
07/12/2018,8.11,8.27,7.86,7.96,7.84,35400
10/12/2018,7.95,8.04,7.65,8.04,7.92,62600
11/12/2018,7.71,8.31,7.65,8.1,7.98,50600
12/12/2018,8.1,8.37,7.95,8.06,7.93,38000
13/12/2018,8.06,8.1,7.85,7.88,7.75,30400
14/12/2018,7.76,7.88,7.62,7.68,7.56,37400
17/12/2018,7.65,7.84,7.48,7.55,7.43,74200
18/12/2018,7.51,8.07,7.51,7.76,7.65,128200
19/12/2018,7.76,7.93,7.18,7.5,7.39,100800
20/12/2018,7.51,7.67,7.05,7.12,7.02,153600
21/12/2018,7.13,7.4,6.89,7.07,6.97,204200
24/12/2018,6.97,7.34,6.91,6.93,6.82,56400
26/12/2018,7.03,7.97,7.01,7.62,7.5,62800
27/12/2018,7.22,7.62,7.22,7.54,7.43,80800
28/12/2018,7.55,7.97,7.46,7.68,7.57,80600
31/12/2018,7.66,7.89,7.4,7.88,7.75,60200
02/01/2019,7.74,7.95,7.55,7.76,7.64,82800
03/01/2019,7.68,7.73,7.26,7.3,7.19,53600
04/01/2019,7.41,7.75,7.15,7.42,7.31,82800
07/01/2019,7.41,7.72,7.27,7.46,7.35,71000
08/01/2019,7.45,7.74,7.33,7.5,7.39,71600
09/01/2019,7.5,7.64,7.41,7.49,7.38,62800
10/01/2019,7.55,7.73,7.51,7.66,7.54,57400
11/01/2019,7.65,8.12,7.65,7.97,7.85,119600
14/01/2019,7.97,8.02,7.82,7.82,7.71,43000
15/01/2019,7.83,8.18,7.71,8.14,8.02,63000
16/01/2019,8.17,8.28,8.05,8.1,7.97,45600
17/01/2019,8.06,8.28,8.06,8.15,8.03,29800
18/01/2019,8.21,8.41,8.2,8.35,8.23,111400
22/01/2019,8.35,8.35,7.88,7.89,7.76,55200
23/01/2019,7.91,7.91,7.12,7.59,7.47,83000
24/01/2019,7.59,8.02,7.55,8.02,7.9,72200
25/01/2019,8.0,8.1,7.78,8.03,7.91,63600
28/01/2019,8.0,8.0,7.8,7.82,7.7,48600
29/01/2019,7.76,7.84,7.68,7.7,7.59,63200
30/01/2019,7.74,7.95,7.57,7.85,7.73,55400
31/01/2019,7.8,7.9,7.49,7.86,7.74,46600
01/02/2019,7.7,7.9,7.55,7.72,7.6,59200
04/02/2019,8.0,9.32,8.0,9.27,9.13,445200
05/02/2019,9.27,9.62,9.06,9.4,9.26,602000
06/02/2019,9.49,9.9,9.41,9.89,9.73,245800
07/02/2019,9.87,9.99,9.69,9.96,9.81,279600
08/02/2019,9.75,10.06,9.38,10.01,9.85,235000
11/02/2019,10.14,10.28,9.69,9.96,9.81,236000
12/02/2019,9.95,10.79,9.88,10.51,10.34,761400
13/02/2019,10.75,10.75,10.3,10.6,10.43,580200
14/02/2019,10.49,10.75,10.49,10.72,10.55,275000
15/02/2019,10.75,10.75,10.5,10.57,10.41,173200
19/02/2019,10.57,10.75,10.36,10.74,10.58,212800
20/02/2019,10.74,10.9,10.41,10.64,10.47,279400
21/02/2019,10.59,10.63,10.27,10.4,10.25,147000
22/02/2019,10.25,10.54,10.25,10.41,10.26,215800
25/02/2019,10.53,10.73,10.35,10.35,10.2,141200
26/02/2019,10.48,10.48,10.09,10.12,9.97,184600
27/02/2019,10.1,10.35,9.98,10.34,10.18,152200
28/02/2019,10.36,10.75,10.23,10.74,10.58,215600
01/03/2019,10.75,11.26,10.75,10.78,10.62,252400
04/03/2019,11.04,11.32,10.78,11.03,10.86,362000
05/03/2019,11.12,11.12,10.32,10.47,10.31,253000
06/03/2019,10.47,10.47,10.15,10.25,10.09,138600
07/03/2019,10.24,10.27,9.84,9.86,9.71,207400
08/03/2019,9.76,10.21,9.75,10.06,9.9,151400
11/03/2019,10.15,10.58,10.06,10.43,10.27,187800
12/03/2019,10.46,10.5,10.28,10.4,10.25,139200
13/03/2019,10.45,10.48,10.31,10.39,10.23,97200
14/03/2019,10.4,10.53,10.25,10.35,10.19,93800
15/03/2019,10.35,10.57,10.35,10.44,10.29,229200
18/03/2019,10.46,10.57,10.3,10.57,10.41,92200
19/03/2019,10.58,10.81,10.46,10.52,10.35,166400
20/03/2019,10.55,10.59,10.27,10.41,10.26,167200
21/03/2019,10.41,10.71,10.19,10.29,10.13,186600
22/03/2019,10.27,10.31,9.7,9.78,9.64,213000
25/03/2019,9.79,10.16,9.75,10.14,9.99,156200
26/03/2019,10.23,10.28,10.0,10.06,9.91,115000
27/03/2019,10.06,10.11,9.9,9.99,9.84,125200
28/03/2019,10.01,10.27,9.9,10.25,10.09,141200
29/03/2019,10.31,10.4,10.06,10.37,10.21,359400
01/04/2019,10.37,10.54,10.19,10.34,10.18,222200
02/04/2019,10.35,10.46,10.0,10.07,9.92,141800
03/04/2019,10.17,10.59,10.15,10.41,10.25,286600
04/04/2019,10.4,10.47,10.07,10.27,10.11,241800
05/04/2019,10.26,10.4,10.17,10.25,10.09,77800
08/04/2019,10.18,10.48,10.09,10.41,10.25,135000
09/04/2019,10.4,10.48,10.26,10.33,10.17,94000
10/04/2019,10.4,10.52,10.31,10.49,10.33,102200
11/04/2019,10.56,11.57,10.47,11.44,11.27,560000
12/04/2019,11.77,12.27,11.72,11.94,11.76,777600
15/04/2019,12.01,12.69,11.9,11.98,11.79,450600
16/04/2019,12.06,12.48,11.98,12.36,12.18,288400
17/04/2019,12.36,12.59,11.3,11.61,11.44,441000
18/04/2019,11.56,11.74,11.28,11.73,11.55,213200
22/04/2019,11.65,11.9,11.62,11.86,11.68,126200
23/04/2019,11.93,12.14,11.88,11.89,11.7,273400
24/04/2019,11.97,12.01,11.65,11.8,11.62,155200
25/04/2019,11.76,11.86,11.57,11.77,11.6,138000
26/04/2019,11.89,12.07,11.78,11.97,11.79,155800
29/04/2019,12.11,12.74,12.04,12.57,12.38,454200
30/04/2019,12.69,12.86,12.19,12.39,12.2,318000
01/05/2019,12.47,12.74,12.25,12.48,12.29,223200
02/05/2019,12.41,12.51,12.06,12.14,11.95,195000
03/05/2019,12.19,12.53,12.15,12.52,12.33,264600
06/05/2019,12.43,13.78,12.02,13.74,13.54,758800
07/05/2019,13.7,14.03,13.11,14.02,13.81,842200
08/05/2019,14.08,14.51,14.05,14.36,14.15,910400
09/05/2019,14.25,14.38,13.65,13.96,13.75,381000
10/05/2019,13.95,14.35,13.77,13.85,13.64,320800
13/05/2019,13.85,13.85,12.89,13.03,12.84,497800
14/05/2019,13.22,13.52,13.2,13.3,13.09,301200
15/05/2019,13.28,13.58,13.16,13.45,13.25,157200
16/05/2019,13.3,13.71,13.3,13.62,13.41,250400
17/05/2019,13.4,13.87,13.4,13.52,13.32,197000
20/05/2019,13.48,13.5,13.0,13.35,13.14,232600
21/05/2019,13.51,13.69,13.45,13.52,13.32,177400
22/05/2019,13.45,14.2,13.45,14.1,13.89,306800
23/05/2019,13.92,13.98,13.48,13.62,13.41,256200
24/05/2019,13.68,14.05,13.59,13.89,13.68,160200
28/05/2019,13.9,14.23,13.84,13.94,13.73,207000
29/05/2019,13.94,14.04,13.5,13.63,13.42,243200
30/05/2019,13.64,13.89,13.46,13.55,13.34,194200
31/05/2019,13.31,13.53,13.06,13.36,13.16,219600
03/06/2019,13.34,13.45,12.98,13.12,12.92,226400
04/06/2019,13.36,13.8,13.19,13.68,13.47,225600
05/06/2019,13.85,15.3,13.79,15.17,14.94,716800
06/06/2019,15.41,15.45,14.65,15.24,15.01,483800
07/06/2019,15.28,15.79,15.28,15.48,15.24,418800
10/06/2019,15.87,16.25,15.38,15.68,15.44,562800
11/06/2019,16.0,16.0,15.09,15.42,15.18,347600
12/06/2019,15.39,15.55,14.9,15.16,14.93,229200
13/06/2019,15.11,15.36,14.82,15.06,14.84,182400
14/06/2019,15.02,15.09,14.86,15.0,14.77,126000
17/06/2019,15.11,15.67,15.05,15.51,15.27,280000
18/06/2019,15.52,15.77,14.69,15.12,14.89,463800
19/06/2019,15.12,16.5,15.12,16.28,16.03,1139400
20/06/2019,16.64,17.45,16.08,16.41,16.16,1109800
21/06/2019,16.4,16.47,14.88,15.01,14.78,1276800
24/06/2019,14.86,15.27,14.02,15.01,14.78,713800
25/06/2019,14.98,15.05,14.02,14.09,13.88,466000
26/06/2019,14.1,14.73,14.03,14.41,14.19,388200
27/06/2019,14.4,14.61,14.32,14.55,14.32,176600
28/06/2019,14.51,14.91,14.41,14.84,14.61,329400
01/07/2019,15.03,15.28,12.09,12.43,12.24,1800800
02/07/2019,12.32,13.46,12.22,13.3,13.1,1093400
03/07/2019,13.29,13.37,12.85,13.16,12.96,266200
05/07/2019,13.01,13.14,12.34,12.81,12.62,479000
08/07/2019,12.69,12.97,12.42,12.6,12.41,330800
09/07/2019,12.51,12.88,12.42,12.73,12.54,330000
10/07/2019,12.76,13.22,12.47,12.7,12.51,563000
11/07/2019,12.68,13.02,12.56,12.88,12.68,387400
12/07/2019,12.96,13.2,12.86,13.05,12.85,251400
15/07/2019,13.06,13.35,12.89,13.32,13.12,354200
16/07/2019,13.32,13.76,13.0,13.08,12.88,515000
17/07/2019,13.18,13.23,12.91,13.03,12.83,391400
18/07/2019,12.98,13.1,12.57,12.83,12.63,293000
19/07/2019,12.85,13.1,12.73,13.01,12.81,337600
22/07/2019,13.07,13.46,12.91,13.37,13.17,277200
23/07/2019,13.4,13.4,12.96,13.12,12.92,220000
24/07/2019,13.03,13.37,13.02,13.36,13.16,231200
25/07/2019,13.36,13.53,13.26,13.43,13.23,271800
26/07/2019,13.37,14.11,13.37,13.83,13.62,345400
29/07/2019,13.88,14.27,13.8,14.22,14.0,324400
30/07/2019,14.14,14.6,13.97,14.3,14.08,243200
31/07/2019,14.37,14.84,14.19,14.48,14.25,304000
01/08/2019,14.55,14.96,13.84,14.05,13.84,300600
02/08/2019,13.92,14.34,13.22,14.31,14.09,514200
05/08/2019,13.95,14.32,13.65,14.27,14.06,416200
06/08/2019,14.37,14.72,14.2,14.45,14.23,264600
07/08/2019,14.23,14.55,14.06,14.46,14.24,249800
08/08/2019,14.57,15.36,14.57,15.15,14.91,359600
09/08/2019,15.06,15.63,14.89,15.6,15.36,372400
12/08/2019,15.5,15.82,15.05,15.64,15.4,322600
13/08/2019,15.59,16.12,15.13,15.87,15.63,218000
14/08/2019,15.49,15.68,15.31,15.5,15.26,215400
15/08/2019,15.56,15.72,15.34,15.56,15.32,182000
16/08/2019,15.73,16.04,15.62,15.63,15.39,217400
19/08/2019,15.88,16.1,15.71,15.86,15.62,225400
20/08/2019,15.8,16.33,15.5,16.29,16.04,190200
21/08/2019,16.47,16.92,16.37,16.75,16.49,232400
22/08/2019,16.92,17.38,16.62,16.95,16.69,323600
23/08/2019,16.9,17.0,16.04,16.15,15.9,204200
26/08/2019,16.19,16.49,15.97,16.39,16.14,168600
27/08/2019,16.48,16.65,16.08,16.18,15.93,154400
28/08/2019,16.13,16.21,15.56,16.18,15.93,268200
29/08/2019,16.38,17.15,16.3,16.88,16.62,231800
30/08/2019,16.99,17.3,16.76,17.24,16.98,303200
03/09/2019,16.91,16.91,13.25,13.47,13.26,2644800
04/09/2019,13.96,14.15,12.62,13.1,12.9,1016000
05/09/2019,13.06,13.18,12.1,12.83,12.63,1087600
06/09/2019,12.81,12.95,12.65,12.88,12.68,432600
09/09/2019,13.03,13.03,12.45,12.63,12.44,791400
10/09/2019,12.63,12.79,12.47,12.55,12.35,455200
11/09/2019,12.53,13.14,12.48,13.03,12.83,309000
12/09/2019,13.07,13.89,12.99,13.79,13.58,550400
13/09/2019,13.9,14.14,13.77,13.78,13.57,270200
16/09/2019,13.69,13.98,13.53,13.81,13.59,188400
17/09/2019,13.81,13.92,13.4,13.57,13.37,295600
18/09/2019,13.57,13.64,13.3,13.62,13.42,282400
19/09/2019,13.74,14.08,13.67,14.07,13.86,293200
20/09/2019,14.18,14.73,14.15,14.4,14.18,538400
23/09/2019,14.37,14.37,13.4,13.45,13.25,376400
24/09/2019,13.44,13.52,13.14,13.27,13.07,273600
25/09/2019,13.05,13.24,12.66,13.12,12.92,569800
26/09/2019,13.11,13.11,12.33,12.53,12.34,585000
27/09/2019,12.6,13.11,12.56,12.75,12.56,309000
30/09/2019,12.69,13.17,12.48,12.76,12.57,381000
01/10/2019,12.89,13.04,12.57,12.69,12.49,320600
02/10/2019,12.62,12.92,12.38,12.73,12.53,312800
03/10/2019,12.7,12.76,12.45,12.73,12.54,472200
04/10/2019,12.77,13.19,12.77,13.14,12.93,212000
07/10/2019,13.1,13.61,12.92,13.58,13.37,299800
08/10/2019,13.49,13.72,13.22,13.24,13.04,216200
09/10/2019,13.27,13.45,12.88,12.97,12.77,160200
10/10/2019,12.89,13.1,12.68,12.97,12.77,210600
11/10/2019,12.98,13.49,12.95,13.21,13.01,179000
14/10/2019,13.19,13.38,13.03,13.24,13.04,88200
15/10/2019,13.29,13.74,13.25,13.29,13.09,233400
16/10/2019,13.27,13.41,12.92,13.34,13.13,194600
17/10/2019,13.41,13.85,13.36,13.72,13.51,345600
18/10/2019,13.66,13.66,13.27,13.52,13.32,197400
21/10/2019,13.62,13.94,13.48,13.93,13.71,129800
22/10/2019,13.9,14.15,13.78,14.01,13.79,168400
23/10/2019,13.99,14.4,13.82,14.35,14.14,166800
24/10/2019,14.4,14.95,14.35,14.9,14.67,320600
25/10/2019,14.89,15.69,14.81,15.17,14.94,538000
28/10/2019,15.24,15.39,15.06,15.27,15.04,170000
29/10/2019,15.27,15.47,15.19,15.44,15.2,171600
30/10/2019,15.48,15.52,15.3,15.43,15.19,249400
31/10/2019,15.38,15.45,15.07,15.18,14.95,148400
01/11/2019,15.28,15.28,13.85,14.24,14.03,508800
04/11/2019,15.12,15.34,14.11,14.44,14.22,603400
05/11/2019,14.48,14.48,13.41,14.23,14.01,324800
06/11/2019,14.25,14.32,13.85,14.22,14.0,219600
07/11/2019,14.34,14.34,13.89,13.98,13.77,137800
08/11/2019,13.95,14.07,13.85,14.02,13.8,145400
11/11/2019,13.93,14.32,13.85,14.12,13.91,170200
12/11/2019,14.16,14.36,13.9,13.97,13.76,138800
13/11/2019,13.94,14.53,13.94,14.47,14.25,160600
14/11/2019,14.48,14.86,14.39,14.63,14.41,190000
15/11/2019,14.73,15.08,14.65,14.85,14.62,156600
18/11/2019,14.7,15.11,14.65,15.1,14.86,241800
19/11/2019,15.11,15.28,14.88,15.16,14.93,173200
20/11/2019,15.02,15.56,15.02,15.39,15.16,266400
21/11/2019,15.47,15.8,15.36,15.74,15.5,238000
22/11/2019,15.68,15.68,14.64,14.9,14.67,274600
25/11/2019,14.88,15.56,14.88,15.51,15.27,335400
26/11/2019,15.52,15.98,15.44,15.59,15.35,520600
27/11/2019,15.65,15.73,15.31,15.66,15.43,199800
29/11/2019,15.69,15.76,15.41,15.62,15.39,55800
02/12/2019,15.61,15.61,14.94,15.12,14.89,193400
03/12/2019,14.93,15.15,14.73,14.8,14.57,355200
04/12/2019,14.85,15.05,14.72,14.85,14.63,284000
05/12/2019,14.94,15.24,14.85,15.1,14.87,167600
06/12/2019,15.16,15.38,14.98,15.15,14.91,201000
09/12/2019,15.11,15.65,15.11,15.62,15.39,209600
10/12/2019,15.62,15.8,14.93,15.02,14.79,187400
11/12/2019,15.0,15.05,14.8,15.02,14.79,135600
12/12/2019,15.02,15.27,14.89,14.99,14.77,151400
13/12/2019,14.99,14.99,14.72,14.77,14.55,139800
16/12/2019,14.84,15.22,14.77,14.87,14.64,185600
17/12/2019,14.76,15.47,14.76,15.4,15.17,160000
18/12/2019,15.44,15.44,15.2,15.37,15.14,193400
19/12/2019,15.36,15.36,14.57,14.64,14.42,181600
20/12/2019,14.68,15.03,14.66,14.81,14.58,198800
23/12/2019,14.82,15.02,14.7,14.94,14.71,106400
24/12/2019,14.85,14.98,14.84,14.9,14.68,35800
26/12/2019,14.91,15.06,14.77,14.89,14.66,85800
27/12/2019,14.9,14.96,14.77,14.78,14.55,80400
30/12/2019,14.79,14.79,14.54,14.73,14.5,224200
31/12/2019,14.73,14.94,14.51,14.69,14.47,108200
02/01/2020,14.81,15.31,14.52,15.28,15.05,169200
03/01/2020,15.01,15.8,15.01,15.34,15.11,178400
06/01/2020,15.31,15.4,15.0,15.22,14.99,110400
07/01/2020,15.2,15.36,15.09,15.1,14.87,120800
08/01/2020,15.09,15.28,14.99,15.19,14.96,72600
09/01/2020,15.19,15.49,15.19,15.27,15.04,93000
10/01/2020,15.27,15.49,14.76,15.19,14.96,190200
13/01/2020,15.14,15.52,14.97,15.45,15.22,198200
14/01/2020,15.35,15.38,14.99,15.02,14.79,147400
15/01/2020,15.06,15.16,14.94,15.02,14.79,62200
16/01/2020,15.12,15.45,15.03,15.44,15.2,84600
17/01/2020,15.52,16.36,15.45,16.22,15.97,293000
21/01/2020,16.28,16.55,16.27,16.33,16.09,208800
22/01/2020,16.34,16.52,15.9,16.07,15.82,126400
23/01/2020,16.01,16.05,15.62,15.77,15.53,195400
24/01/2020,15.77,15.99,15.52,15.55,15.31,150000
27/01/2020,15.27,15.59,15.11,15.57,15.34,168800
28/01/2020,15.63,16.18,15.63,15.97,15.73,120200
29/01/2020,16.0,16.05,15.64,15.82,15.58,169400
30/01/2020,15.69,15.87,15.44,15.57,15.34,148400
31/01/2020,15.6,15.68,14.64,14.7,14.48,240400
03/02/2020,13.74,14.03,11.11,11.43,11.26,1559000
04/02/2020,11.63,11.73,10.91,10.94,10.77,1253600
05/02/2020,11.16,11.32,10.23,11.06,10.89,1295600
06/02/2020,11.15,12.09,11.09,11.56,11.38,825400
07/02/2020,11.57,11.7,11.12,11.27,11.1,519000
10/02/2020,11.18,11.38,11.1,11.24,11.07,292000
11/02/2020,11.28,11.45,10.79,11.16,10.99,276600
12/02/2020,11.19,11.7,11.17,11.68,11.5,261800
13/02/2020,11.57,11.97,11.39,11.73,11.55,237400
14/02/2020,11.73,11.81,11.48,11.65,11.47,175000
18/02/2020,11.55,11.77,11.17,11.75,11.57,562600
19/02/2020,11.73,11.88,11.02,11.07,10.91,978800
20/02/2020,10.94,11.23,10.66,10.72,10.55,409400
21/02/2020,10.64,10.95,10.51,10.84,10.67,273400
24/02/2020,10.61,10.73,10.29,10.57,10.41,401000
25/02/2020,10.61,10.65,10.05,10.15,10.0,485800
26/02/2020,10.15,10.44,10.09,10.14,9.99,157600
27/02/2020,10.0,10.14,9.61,9.62,9.47,308400
28/02/2020,9.35,10.25,8.9,10.17,10.01,610600
02/03/2020,10.24,10.25,9.85,10.12,9.97,360600
03/03/2020,10.1,10.4,10.05,10.19,10.03,225400
04/03/2020,10.31,10.34,9.98,10.28,10.13,201600
05/03/2020,10.13,10.28,9.98,10.15,10.0,186600
06/03/2020,9.94,10.22,9.73,9.78,9.63,343600
09/03/2020,9.34,9.8,8.84,9.19,9.05,249600
10/03/2020,9.49,9.52,8.62,9.03,8.9,246400
11/03/2020,8.84,8.92,8.26,8.43,8.3,255400
12/03/2020,7.93,8.26,7.32,8.04,7.92,373400
13/03/2020,8.38,8.91,7.99,8.65,8.52,350800
16/03/2020,7.92,8.79,7.88,8.35,8.22,285400
17/03/2020,8.43,9.81,8.43,9.35,9.21,532600
18/03/2020,8.99,9.45,8.34,8.93,8.79,299600
19/03/2020,8.64,9.55,8.59,9.27,9.12,278200
20/03/2020,9.24,9.65,8.53,8.76,8.62,352600
23/03/2020,8.69,8.69,7.39,7.67,7.55,256200
24/03/2020,7.95,9.02,7.76,8.74,8.61,280000
25/03/2020,8.66,9.27,8.63,8.94,8.8,222600
26/03/2020,9.07,9.38,8.4,8.45,8.33,292800
27/03/2020,8.27,8.38,7.55,7.72,7.6,311600
30/03/2020,7.74,8.34,7.74,8.0,7.88,218400
31/03/2020,7.99,8.03,7.51,7.59,7.47,384000
01/04/2020,7.39,7.55,7.1,7.16,7.05,178600
02/04/2020,7.12,7.31,6.66,6.91,6.81,186400
03/04/2020,6.89,7.11,6.7,6.84,6.74,192800
06/04/2020,7.0,7.7,7.0,7.55,7.43,274600
07/04/2020,7.75,9.04,7.75,8.43,8.3,340800
08/04/2020,8.48,9.16,8.28,8.6,8.47,277200
09/04/2020,8.8,9.12,8.6,8.82,8.69,341200
13/04/2020,8.82,9.02,8.69,8.8,8.66,157400
14/04/2020,8.94,9.06,8.6,8.75,8.62,265400
15/04/2020,8.49,8.6,8.07,8.58,8.45,271200
16/04/2020,8.51,8.72,7.97,8.09,7.97,194800
17/04/2020,8.34,9.03,8.19,8.49,8.37,445200
20/04/2020,8.44,8.57,8.15,8.32,8.2,175400
21/04/2020,8.17,8.22,7.64,7.76,7.65,178800
22/04/2020,7.91,8.58,7.79,8.54,8.41,155200
23/04/2020,8.53,9.49,8.53,9.34,9.19,353000
24/04/2020,9.46,9.57,8.65,8.82,8.69,290600
27/04/2020,8.9,9.12,8.73,8.82,8.69,157400
28/04/2020,9.07,9.83,8.97,9.75,9.6,188200
29/04/2020,9.99,10.52,9.99,10.36,10.21,328800
30/04/2020,10.48,10.48,9.59,10.02,9.87,197800
01/05/2020,9.77,9.78,9.62,9.65,9.5,120000
04/05/2020,9.77,11.23,9.77,11.11,10.95,364400
05/05/2020,11.29,11.86,10.72,10.83,10.66,235200
06/05/2020,10.95,11.15,10.41,10.53,10.37,253200
07/05/2020,10.5,11.02,10.34,11.01,10.84,232600
08/05/2020,11.11,11.59,11.11,11.49,11.32,179600
11/05/2020,11.31,11.4,10.9,11.28,11.11,153600
12/05/2020,11.34,11.36,10.45,10.51,10.34,205800
13/05/2020,10.51,10.61,10.28,10.56,10.39,231800
14/05/2020,10.31,10.5,9.97,10.47,10.31,133800
15/05/2020,10.44,11.19,10.44,11.0,10.83,147600
18/05/2020,11.47,11.57,10.91,10.94,10.77,158600
19/05/2020,10.93,11.27,10.91,10.91,10.75,105000
20/05/2020,11.07,11.65,11.07,11.27,11.1,150600
21/05/2020,11.21,11.3,10.79,10.81,10.64,108000
22/05/2020,10.81,11.1,10.72,11.03,10.86,132400
26/05/2020,11.31,11.55,11.23,11.35,11.17,97400
27/05/2020,11.57,11.8,11.29,11.76,11.58,122200
28/05/2020,11.75,11.75,11.2,11.28,11.11,150200
29/05/2020,11.2,11.4,11.02,11.36,11.19,106200
01/06/2020,11.53,11.69,11.46,11.57,11.4,166600
02/06/2020,11.59,12.09,11.42,11.95,11.77,155600
03/06/2020,12.1,13.2,11.9,12.94,12.74,390800
04/06/2020,12.85,12.85,12.27,12.52,12.33,184800
05/06/2020,12.86,12.86,12.12,12.4,12.21,239000
08/06/2020,12.48,12.5,12.28,12.43,12.24,243600
09/06/2020,12.27,12.32,11.84,11.97,11.79,130600
10/06/2020,11.97,12.88,11.52,12.53,12.34,229800
11/06/2020,12.1,12.16,11.26,11.28,11.11,142600
12/06/2020,11.73,11.96,11.16,11.83,11.65,235800
15/06/2020,11.47,12.12,11.16,11.94,11.76,137600
16/06/2020,12.26,12.32,11.81,11.99,11.81,137200
17/06/2020,12.04,12.04,11.59,11.65,11.47,132000
18/06/2020,11.48,11.69,11.26,11.4,11.23,99200
19/06/2020,11.56,11.75,11.25,11.6,11.42,212200
22/06/2020,11.53,11.76,11.53,11.65,11.48,95800
23/06/2020,11.84,12.19,11.68,12.06,11.87,126200
24/06/2020,11.91,11.94,11.61,11.77,11.6,121000
25/06/2020,11.68,12.14,11.66,12.13,11.95,157800
26/06/2020,12.05,12.12,11.19,11.31,11.13,294000
29/06/2020,11.48,11.68,11.32,11.57,11.4,146800
30/06/2020,11.51,11.78,11.51,11.69,11.52,118800
01/07/2020,11.68,11.75,11.34,11.38,11.21,63800
02/07/2020,11.52,11.57,11.3,11.35,11.18,107400
06/07/2020,11.53,11.65,11.31,11.52,11.35,113400
07/07/2020,11.45,11.52,11.1,11.19,11.01,120000
08/07/2020,11.21,11.25,10.91,11.01,10.84,143400
09/07/2020,11.01,11.1,10.81,10.92,10.75,120200
10/07/2020,10.96,11.31,10.91,11.19,11.01,120200
13/07/2020,11.33,11.95,11.3,11.7,11.53,152400
14/07/2020,11.64,11.78,11.36,11.58,11.4,146800
15/07/2020,11.78,12.35,11.78,12.15,11.97,173200
16/07/2020,12.17,12.31,11.72,11.9,11.71,95400
17/07/2020,11.86,12.19,11.86,12.07,11.89,59200
20/07/2020,12.12,12.34,12.1,12.31,12.13,52200
21/07/2020,12.48,12.61,12.16,12.19,12.0,87000
22/07/2020,12.12,12.3,11.73,11.82,11.64,169800
23/07/2020,11.77,12.3,11.77,12.23,12.04,187000
24/07/2020,12.1,12.63,11.91,12.3,12.11,154600
27/07/2020,12.26,12.68,12.13,12.48,12.28,111400
28/07/2020,12.41,12.99,12.35,12.44,12.25,122800
29/07/2020,12.51,12.94,12.41,12.9,12.71,132400
30/07/2020,12.75,13.28,12.6,13.17,12.97,123400
31/07/2020,13.19,13.43,13.06,13.19,12.99,179400
03/08/2020,13.29,13.29,12.96,13.14,12.94,82600
04/08/2020,13.07,13.58,13.07,13.45,13.25,142200
05/08/2020,13.59,13.73,13.33,13.52,13.32,144400
06/08/2020,13.44,13.51,13.11,13.2,13.0,88800
07/08/2020,13.18,13.56,13.18,13.34,13.13,120600
10/08/2020,13.31,13.4,12.85,12.92,12.72,149000
11/08/2020,12.99,13.25,12.85,13.02,12.83,168800
12/08/2020,13.14,13.19,12.44,12.48,12.29,212800
13/08/2020,12.55,12.89,12.44,12.81,12.61,95800
14/08/2020,12.73,12.85,12.45,12.56,12.36,47800
17/08/2020,12.53,12.7,12.38,12.6,12.4,73200
18/08/2020,12.51,12.62,12.11,12.38,12.19,102000
19/08/2020,12.35,12.56,12.17,12.47,12.27,63000
20/08/2020,12.34,12.62,12.34,12.39,12.2,64800
21/08/2020,12.31,12.9,12.31,12.8,12.6,195800
24/08/2020,12.85,12.9,12.19,12.26,12.07,76600
25/08/2020,12.24,12.27,11.91,12.21,12.02,97200
26/08/2020,12.15,12.4,12.12,12.18,11.99,53800
27/08/2020,12.14,12.28,12.0,12.2,12.02,100000
28/08/2020,12.27,12.32,12.1,12.14,11.95,85600
31/08/2020,12.22,12.59,12.08,12.45,12.27,207400
01/09/2020,12.53,12.7,12.29,12.59,12.4,116400
02/09/2020,12.55,12.55,12.06,12.08,11.9,138200
03/09/2020,12.07,12.09,11.19,11.4,11.23,159400
04/09/2020,11.56,11.8,11.28,11.62,11.45,148000
08/09/2020,10.62,11.0,8.92,10.8,10.64,918200
09/09/2020,10.86,11.18,10.34,11.07,10.9,271800
10/09/2020,11.14,11.42,11.0,11.3,11.13,98400
11/09/2020,11.35,11.52,11.2,11.24,11.07,100600
14/09/2020,11.3,11.48,11.19,11.28,11.11,129800
15/09/2020,11.4,11.4,11.19,11.3,11.13,205400
16/09/2020,11.32,11.56,11.3,11.53,11.36,129000
17/09/2020,11.34,11.77,11.27,11.53,11.36,146200
18/09/2020,11.69,11.79,11.18,11.65,11.47,191000
21/09/2020,11.38,11.49,11.2,11.42,11.25,136600
22/09/2020,11.52,11.52,11.23,11.43,11.25,175800
23/09/2020,11.47,11.5,11.2,11.35,11.18,256400
24/09/2020,11.32,11.54,11.17,11.26,11.09,187600
25/09/2020,11.25,11.53,11.14,11.34,11.16,118800
28/09/2020,11.42,12.0,11.39,11.82,11.64,140400
29/09/2020,11.77,11.92,11.56,11.8,11.62,192200
30/09/2020,11.74,12.15,11.61,11.75,11.57,249000
01/10/2020,11.8,12.2,11.71,12.09,11.9,219600
02/10/2020,11.88,12.02,11.45,11.95,11.77,314200
05/10/2020,11.98,12.11,11.71,11.9,11.72,151200
06/10/2020,11.78,12.22,11.49,12.1,11.92,211200
07/10/2020,12.1,12.36,12.0,12.31,12.13,159200
08/10/2020,12.16,12.44,11.69,12.27,12.09,112000
09/10/2020,12.41,12.52,12.15,12.43,12.24,72800
12/10/2020,12.49,12.75,12.28,12.63,12.44,104000
13/10/2020,12.49,12.96,12.27,12.82,12.63,169800
14/10/2020,12.81,12.88,12.49,12.5,12.31,116800
15/10/2020,12.47,12.73,12.26,12.66,12.47,54200
16/10/2020,12.56,12.88,12.45,12.55,12.35,82600
19/10/2020,12.63,12.66,12.29,12.37,12.18,83400
20/10/2020,12.38,12.57,12.25,12.3,12.11,82000
21/10/2020,12.26,12.65,12.07,12.12,11.94,77400
22/10/2020,12.2,12.53,12.01,12.45,12.26,109200
23/10/2020,12.5,12.68,12.24,12.51,12.31,62000
26/10/2020,12.42,12.6,12.32,12.44,12.25,103800
27/10/2020,12.5,12.66,12.36,12.47,12.28,68600
28/10/2020,12.29,12.3,11.94,12.12,11.94,89400
29/10/2020,12.1,12.68,11.95,12.15,11.96,99800
30/10/2020,12.0,12.24,11.91,12.06,11.88,102200
02/11/2020,12.13,12.63,11.8,12.43,12.24,190000
03/11/2020,12.76,13.45,12.67,13.3,13.1,226000
04/11/2020,13.18,13.44,12.9,12.94,12.74,98600
05/11/2020,12.97,13.75,12.97,13.68,13.47,138200
06/11/2020,13.63,14.06,13.63,14.02,13.81,201000
09/11/2020,14.22,14.94,13.9,14.13,13.91,209600
10/11/2020,14.24,14.4,13.81,14.26,14.04,140800
11/11/2020,14.35,14.78,14.08,14.73,14.51,222600
12/11/2020,14.6,14.8,13.94,14.26,14.04,188000
13/11/2020,14.31,14.47,14.12,14.27,14.06,100400
16/11/2020,14.31,14.56,14.15,14.28,14.06,88600
17/11/2020,14.19,14.35,13.99,14.17,13.95,59800
18/11/2020,14.27,14.54,14.18,14.26,14.04,101200
19/11/2020,14.21,14.36,14.02,14.32,14.11,191000
20/11/2020,14.21,14.6,14.21,14.58,14.36,89600
23/11/2020,14.7,14.77,14.4,14.59,14.36,161800
24/11/2020,14.73,14.92,14.55,14.8,14.57,158400
25/11/2020,14.77,14.9,14.29,14.56,14.33,111400
27/11/2020,14.62,15.1,14.61,14.95,14.72,82600
30/11/2020,14.9,15.3,14.69,15.25,15.02,190200
01/12/2020,15.37,15.38,14.85,15.2,14.97,142200
02/12/2020,15.12,15.24,14.71,15.11,14.88,66600
03/12/2020,15.15,15.37,15.15,15.28,15.05,63200
04/12/2020,15.3,15.63,15.3,15.55,15.31,161000
07/12/2020,15.57,15.68,15.34,15.52,15.28,61000
08/12/2020,15.52,15.81,15.47,15.7,15.46,182200
09/12/2020,15.8,15.85,15.02,15.14,14.91,158800
10/12/2020,15.1,15.66,15.1,15.22,14.98,53000
11/12/2020,13.11,13.23,12.83,13.08,12.88,3898000
14/12/2020,13.22,13.24,12.95,13.01,12.81,557200
15/12/2020,13.26,13.35,13.05,13.24,13.04,471600
16/12/2020,13.27,13.76,13.19,13.51,13.3,434400
17/12/2020,13.6,13.9,13.34,13.42,13.22,191400
18/12/2020,13.48,13.85,13.27,13.54,13.33,384800
21/12/2020,13.31,13.4,12.67,13.06,12.86,218800
22/12/2020,13.14,13.3,12.99,13.01,12.81,105400
23/12/2020,13.06,13.15,12.97,13.06,12.86,239800
24/12/2020,13.04,13.37,12.99,13.32,13.12,58800
28/12/2020,13.41,13.85,13.01,13.09,12.89,158000
29/12/2020,13.19,13.2,12.8,13.07,12.88,129200
30/12/2020,13.05,13.48,12.93,13.15,12.95,147800
31/12/2020,13.17,13.35,12.95,13.11,12.91,124000
04/01/2021,13.28,13.3,12.9,13.09,12.89,126800
05/01/2021,13.11,13.56,13.11,13.4,13.2,171200
06/01/2021,13.54,13.62,13.2,13.41,13.21,142000
07/01/2021,13.53,13.77,13.46,13.65,13.45,106200
08/01/2021,13.74,14.06,13.58,13.97,13.75,136800
11/01/2021,13.84,13.89,13.4,13.57,13.37,101600
12/01/2021,14.18,14.35,13.85,14.12,13.9,206600
13/01/2021,14.11,14.31,13.96,13.99,13.78,112600
14/01/2021,14.04,14.25,13.94,14.12,13.9,162600
15/01/2021,14.0,14.52,13.95,14.32,14.11,189800
19/01/2021,14.47,14.8,14.47,14.6,14.38,229400
20/01/2021,14.66,14.9,14.45,14.57,14.35,147600
21/01/2021,14.85,14.85,14.24,14.38,14.16,133400
22/01/2021,14.26,14.48,14.16,14.44,14.21,158400
25/01/2021,14.44,14.75,14.29,14.44,14.21,182600
26/01/2021,14.32,14.4,13.89,14.07,13.86,171800
27/01/2021,13.79,13.97,13.53,13.66,13.46,131400
28/01/2021,13.78,13.78,13.11,13.26,13.06,173000
29/01/2021,13.26,13.38,12.64,12.96,12.76,198600
01/02/2021,13.02,13.34,12.95,13.29,13.09,98000
02/02/2021,13.29,13.64,13.27,13.64,13.43,120200
03/02/2021,13.6,13.84,13.22,13.22,13.01,226600
04/02/2021,13.35,13.35,12.95,13.1,12.9,99800
05/02/2021,13.24,13.34,12.96,13.21,13.01,93800
08/02/2021,13.5,15.19,13.5,15.15,14.92,364600
09/02/2021,15.48,15.48,14.78,15.19,14.96,338000
10/02/2021,15.2,15.23,14.89,15.14,14.91,330800
11/02/2021,15.1,15.65,14.99,15.54,15.3,355400
12/02/2021,15.52,15.99,15.1,15.93,15.68,138600
16/02/2021,15.9,15.99,15.53,15.56,15.33,148200
17/02/2021,15.4,15.62,15.18,15.58,15.34,187800
18/02/2021,15.35,15.88,15.35,15.5,15.26,240000
19/02/2021,15.5,15.94,15.34,15.64,15.4,169000
22/02/2021,15.43,16.15,15.38,16.12,15.87,186200
23/02/2021,15.94,16.2,15.6,15.97,15.73,213200
24/02/2021,16.04,16.66,15.74,16.6,16.35,223600
25/02/2021,16.54,16.78,15.77,15.79,15.55,240400
26/02/2021,15.94,16.84,15.35,15.56,15.33,197600
01/03/2021,15.95,16.66,15.93,16.65,16.39,148400
02/03/2021,16.64,16.64,16.35,16.57,16.32,102600
03/03/2021,16.55,16.83,16.39,16.5,16.25,182200
04/03/2021,16.5,16.86,16.0,16.27,16.02,294200
05/03/2021,16.51,17.14,16.42,17.07,16.81,329200
08/03/2021,17.17,17.33,16.72,16.75,16.49,170600
09/03/2021,17.15,17.4,16.99,17.01,16.76,252600
10/03/2021,17.23,17.79,17.19,17.64,17.37,192200
11/03/2021,17.83,17.83,17.27,17.47,17.2,258600
12/03/2021,17.43,17.54,16.95,17.1,16.84,140200
15/03/2021,17.22,17.28,16.77,16.93,16.67,161600
16/03/2021,16.94,17.14,16.71,17.07,16.8,87600
17/03/2021,17.01,17.87,16.95,17.76,17.49,189000
18/03/2021,17.7,18.14,17.44,17.53,17.27,148600
19/03/2021,17.51,17.8,16.9,16.95,16.7,785200
22/03/2021,16.9,17.25,16.69,16.92,16.66,163200
23/03/2021,16.76,16.93,15.9,16.34,16.1,127000
24/03/2021,16.52,16.88,16.12,16.31,16.06,234200
25/03/2021,16.08,16.9,15.36,16.86,16.61,149800
26/03/2021,17.06,17.64,16.9,17.54,17.27,148600
29/03/2021,17.17,17.53,16.86,17.31,17.04,267000
30/03/2021,17.2,17.39,16.61,17.15,16.88,210200
31/03/2021,17.21,17.42,16.55,17.42,17.15,177000
01/04/2021,17.41,18.1,17.08,18.03,17.76,111800
05/04/2021,18.35,18.7,18.04,18.51,18.23,174400
06/04/2021,18.51,18.67,17.75,17.87,17.6,88200
07/04/2021,18.02,18.02,17.23,17.45,17.18,103600
08/04/2021,17.6,17.79,17.39,17.72,17.45,77000
09/04/2021,17.77,17.85,17.08,17.58,17.32,163000
12/04/2021,17.46,17.46,16.92,17.23,16.97,150000
13/04/2021,17.19,17.19,16.66,16.81,16.55,81800
14/04/2021,16.86,17.59,16.6,16.77,16.52,68800
15/04/2021,16.84,16.84,16.43,16.59,16.34,91600
16/04/2021,16.74,16.74,16.41,16.6,16.35,105000
19/04/2021,16.51,16.8,16.2,16.32,16.07,75800
20/04/2021,16.23,16.34,15.84,15.97,15.73,103800
21/04/2021,16.17,16.56,16.01,16.53,16.28,90600
22/04/2021,16.53,17.14,16.19,16.52,16.27,83200
23/04/2021,16.57,17.52,16.57,17.34,17.08,86400
26/04/2021,17.38,17.98,17.38,17.44,17.18,97600
27/04/2021,17.46,17.9,16.84,17.17,16.91,52000
28/04/2021,17.1,17.32,16.97,17.19,16.93,43800
29/04/2021,17.39,17.51,16.91,17.05,16.79,61600
30/04/2021,16.87,17.17,16.49,16.66,16.4,100600
03/05/2021,16.62,17.08,16.49,16.96,16.7,65400
04/05/2021,16.78,17.1,16.5,16.54,16.29,62600
05/05/2021,16.59,17.11,16.59,16.76,16.51,44000
06/05/2021,16.67,16.91,16.33,16.82,16.56,225000
07/05/2021,16.78,17.39,16.73,17.07,16.8,74400
10/05/2021,15.36,16.99,15.33,16.73,16.47,130000
11/05/2021,16.36,17.09,15.68,16.76,16.51,84400
12/05/2021,16.69,16.73,15.98,16.12,15.87,122400
13/05/2021,16.22,16.34,15.97,16.16,15.91,66400
14/05/2021,16.25,16.65,15.82,16.57,16.32,222000
17/05/2021,16.36,16.85,16.23,16.83,16.57,111600
18/05/2021,16.7,17.2,16.66,16.95,16.69,104400
19/05/2021,16.62,17.1,16.49,16.92,16.66,84800
20/05/2021,16.93,17.23,16.93,17.2,16.94,57800
21/05/2021,17.25,17.37,16.8,16.84,16.58,61800
24/05/2021,16.97,17.32,16.5,17.09,16.83,150000
25/05/2021,17.19,17.47,16.7,16.81,16.55,148400
26/05/2021,16.93,16.99,16.57,16.75,16.49,80200
27/05/2021,16.91,17.0,16.5,16.52,16.27,83400
28/05/2021,16.92,16.92,16.01,16.27,16.02,56200
01/06/2021,16.31,16.92,16.17,16.53,16.28,126000
02/06/2021,16.5,16.58,16.1,16.2,15.96,103600
03/06/2021,16.17,16.61,16.01,16.43,16.18,564200
04/06/2021,16.47,16.92,16.45,16.67,16.41,91600
07/06/2021,16.48,16.97,16.48,16.5,16.25,98200
08/06/2021,16.68,16.68,16.2,16.2,15.95,314400
09/06/2021,16.36,17.37,16.36,17.33,17.06,123000
10/06/2021,17.61,17.61,16.9,16.98,16.72,97600
11/06/2021,16.82,17.46,16.82,17.15,16.88,42200
14/06/2021,17.41,17.57,17.02,17.12,16.86,69400
15/06/2021,17.07,17.48,17.04,17.23,16.96,63800
16/06/2021,17.27,17.59,16.95,17.55,17.28,146800
17/06/2021,17.57,18.05,17.4,17.91,17.64,145600
18/06/2021,17.6,17.92,17.19,17.76,17.49,290600
21/06/2021,17.82,18.34,17.76,18.22,17.94,143000
22/06/2021,18.18,18.25,17.55,18.1,17.83,89200
23/06/2021,18.17,18.44,17.84,18.42,18.14,96000
24/06/2021,18.51,18.73,18.33,18.73,18.44,75400
25/06/2021,18.69,18.95,17.87,18.86,18.57,239600
28/06/2021,18.89,18.91,18.69,18.86,18.57,51200
29/06/2021,18.97,19.0,18.67,18.76,18.47,130000
30/06/2021,18.72,18.92,18.18,18.18,17.91,59200
01/07/2021,18.24,18.24,17.8,17.84,17.57,73000
02/07/2021,17.92,17.95,17.59,17.72,17.45,66400
06/07/2021,17.73,18.17,17.72,18.03,17.76,51800
07/07/2021,18.08,18.67,17.59,17.77,17.5,62200
08/07/2021,17.37,18.0,17.31,17.66,17.39,138000
09/07/2021,17.79,18.4,17.75,17.91,17.63,53600
12/07/2021,17.78,18.14,17.32,17.65,17.38,82000
13/07/2021,17.57,17.73,17.33,17.4,17.13,39400
14/07/2021,17.41,17.45,17.12,17.15,16.88,35800
15/07/2021,17.18,17.18,16.52,16.77,16.51,104400
16/07/2021,16.97,17.09,16.62,16.68,16.43,65600
19/07/2021,16.52,17.07,16.52,16.77,16.52,72800
20/07/2021,16.8,17.24,16.8,17.0,16.74,87000
21/07/2021,17.15,17.65,16.77,17.47,17.2,107800
22/07/2021,17.47,17.74,17.0,17.06,16.79,20600
23/07/2021,17.2,17.83,16.93,17.43,17.16,45400
26/07/2021,17.41,17.5,16.91,17.43,17.17,28800
27/07/2021,17.37,17.47,16.68,17.33,17.06,57800
28/07/2021,17.31,17.67,17.03,17.57,17.3,27600
29/07/2021,17.58,18.05,17.18,17.76,17.49,15200
30/07/2021,17.62,17.67,17.46,17.67,17.41,24800
02/08/2021,17.73,17.9,17.45,17.56,17.29,39000
03/08/2021,17.66,18.0,17.42,17.64,17.37,44600
04/08/2021,17.53,17.98,17.48,17.72,17.45,42000
05/08/2021,17.7,17.92,17.46,17.74,17.46,23800
06/08/2021,17.85,18.05,17.68,17.98,17.7,28000
09/08/2021,17.98,18.48,17.98,18.23,17.95,34400
10/08/2021,18.23,18.23,17.81,18.1,17.82,37400
11/08/2021,18.12,18.3,17.91,18.23,17.95,24600
12/08/2021,17.97,18.09,17.89,18.08,17.8,29000
13/08/2021,18.15,18.16,17.77,17.88,17.6,24400
16/08/2021,17.56,17.84,16.56,17.19,16.93,48000
17/08/2021,17.75,17.75,16.8,17.14,16.88,42200
18/08/2021,17.12,17.35,16.95,17.12,16.86,35600
19/08/2021,17.52,17.52,16.67,17.03,16.78,41200
20/08/2021,16.92,17.66,16.53,17.48,17.21,197400
23/08/2021,17.54,17.83,17.05,17.67,17.4,46200
24/08/2021,17.59,17.7,17.35,17.53,17.27,29200
25/08/2021,17.55,17.81,17.38,17.7,17.43,32800
26/08/2021,17.82,18.41,17.75,18.41,18.12,501800
27/08/2021,18.36,19.42,18.36,19.34,19.05,105000
30/08/2021,19.47,19.52,18.61,19.26,18.97,78200
31/08/2021,19.25,19.73,19.06,19.57,19.27,67600
01/09/2021,19.56,19.73,19.27,19.73,19.42,62600
02/09/2021,19.76,20.08,19.76,20.0,19.7,72200
03/09/2021,20.0,20.23,19.56,19.69,19.39,93000
07/09/2021,19.75,20.1,19.09,19.25,18.95,222200
08/09/2021,19.11,19.33,18.89,19.08,18.78,195600
09/09/2021,18.98,19.24,18.84,19.0,18.71,67600
10/09/2021,19.12,19.81,18.81,19.0,18.71,116000
13/09/2021,20.49,22.06,19.25,22.03,21.69,223400
14/09/2021,22.4,22.66,22.06,22.5,22.16,229800
15/09/2021,22.61,22.74,20.29,20.41,20.09,317000
16/09/2021,20.41,20.99,20.07,20.9,20.58,149200
17/09/2021,21.02,21.25,20.56,20.65,20.34,221600
20/09/2021,20.48,20.65,19.98,20.5,20.19,95000
21/09/2021,20.69,21.74,20.16,21.31,20.98,86600
22/09/2021,21.44,21.97,21.43,21.69,21.36,113200
23/09/2021,21.72,22.24,20.62,22.02,21.69,75600
24/09/2021,22.38,22.44,21.61,22.1,21.76,86200
27/09/2021,22.17,22.68,21.47,22.33,21.99,112600
28/09/2021,22.21,22.51,21.77,22.03,21.7,123600
29/09/2021,22.23,22.3,21.8,21.88,21.54,77000
30/09/2021,22.01,22.21,21.54,21.54,21.21,59200
01/10/2021,21.66,21.8,21.53,21.65,21.32,52800
04/10/2021,21.65,21.66,21.03,21.34,21.01,53600
05/10/2021,21.4,21.93,21.4,21.81,21.48,110000
06/10/2021,21.59,21.91,20.94,21.42,21.09,82800
07/10/2021,21.66,22.17,21.24,21.84,21.51,56600
08/10/2021,21.83,22.25,21.34,21.86,21.53,124400
11/10/2021,21.91,22.22,21.44,21.47,21.14,79800
12/10/2021,21.47,22.14,21.28,22.05,21.71,141600
13/10/2021,22.11,22.9,22.11,22.48,22.13,122800
14/10/2021,22.65,22.69,22.15,22.36,22.02,101000
15/10/2021,22.73,22.8,22.24,22.3,21.96,144800
18/10/2021,22.3,22.38,22.0,22.2,21.86,84200
19/10/2021,22.22,22.74,22.0,22.5,22.15,80800
20/10/2021,22.57,22.79,22.39,22.62,22.28,50600
21/10/2021,22.68,23.25,22.68,22.93,22.58,58800
22/10/2021,22.97,23.08,22.57,22.75,22.4,54200
25/10/2021,22.73,23.61,22.73,23.22,22.86,117000
26/10/2021,23.22,23.59,22.85,23.4,23.04,518600
27/10/2021,23.35,23.5,22.92,23.37,23.01,42200
28/10/2021,23.41,23.82,23.11,23.52,23.17,199000
29/10/2021,23.52,24.03,23.51,23.98,23.61,93000
01/11/2021,24.0,24.17,23.5,23.59,23.24,144600
02/11/2021,23.67,23.95,23.17,23.48,23.12,152000
03/11/2021,23.47,23.62,22.52,22.9,22.55,154600
04/11/2021,23.02,23.68,22.92,23.16,22.81,106000
05/11/2021,23.07,24.32,23.07,23.99,23.62,192400
08/11/2021,25.32,26.0,23.11,24.0,23.63,173400
09/11/2021,23.26,23.91,22.32,22.57,22.23,173200
10/11/2021,22.36,22.95,22.36,22.83,22.48,104600
11/11/2021,22.9,23.68,22.9,23.41,23.05,87800
12/11/2021,23.41,23.57,22.97,23.17,22.82,69400
15/11/2021,23.31,23.83,23.07,23.76,23.4,107600
16/11/2021,23.6,24.34,23.59,24.3,23.93,235000
17/11/2021,24.42,24.51,23.91,24.21,23.84,74600
18/11/2021,24.32,25.05,24.09,24.98,24.6,163800
19/11/2021,24.83,24.98,24.52,24.74,24.36,81800
22/11/2021,24.85,25.63,24.68,24.9,24.52,73400
23/11/2021,24.86,25.12,24.35,24.8,24.42,112800
24/11/2021,24.81,25.2,24.5,24.93,24.55,81000
26/11/2021,24.48,25.13,22.83,22.94,22.59,168800
29/11/2021,23.26,23.5,22.97,23.09,22.74,101000
30/11/2021,22.9,23.37,22.72,23.24,22.88,133000
01/12/2021,23.69,24.25,23.26,23.41,23.05,206400
02/12/2021,23.34,23.66,23.15,23.24,22.89,98800
03/12/2021,23.25,23.33,22.9,23.06,22.7,169200
06/12/2021,23.25,23.74,22.9,23.7,23.34,153000
07/12/2021,24.31,24.92,23.71,23.8,23.44,148400
08/12/2021,24.01,24.79,23.89,24.58,24.21,90200
09/12/2021,24.5,24.69,24.17,24.39,24.01,128800
10/12/2021,24.65,25.63,24.2,25.43,25.04,222200
13/12/2021,25.59,25.59,24.66,25.14,24.75,127800
14/12/2021,25.16,25.37,24.75,24.98,24.59,77200
15/12/2021,24.98,25.43,24.67,25.24,24.86,103200
16/12/2021,25.25,25.45,24.76,24.97,24.59,121400
17/12/2021,25.0,25.0,24.14,24.34,23.97,233800
20/12/2021,24.27,24.29,23.65,24.22,23.85,95200
21/12/2021,24.47,24.52,24.09,24.09,23.73,91400
22/12/2021,24.15,24.81,23.92,24.69,24.31,152600
23/12/2021,24.73,25.15,24.5,24.92,24.54,162800
27/12/2021,25.07,25.77,24.69,25.77,25.38,90200
28/12/2021,25.77,25.8,25.26,25.4,25.01,61600
29/12/2021,25.41,25.46,24.95,25.2,24.82,74400
30/12/2021,25.16,25.27,24.42,24.53,24.16,145400
31/12/2021,24.47,25.0,24.38,24.99,24.61,136600
03/01/2022,24.99,25.15,24.1,24.43,24.06,104800
04/01/2022,24.5,24.86,23.51,23.65,23.28,466800
05/01/2022,24.0,24.51,22.44,22.51,22.17,421200
06/01/2022,22.33,23.03,21.99,22.75,22.4,118500
07/01/2022,22.61,22.91,22.27,22.43,22.09,120200
10/01/2022,22.23,22.61,22.0,22.56,22.22,155600
11/01/2022,22.68,22.77,22.16,22.59,22.25,94900
12/01/2022,22.67,22.85,22.27,22.54,22.2,121800
13/01/2022,22.44,22.84,22.01,22.03,21.69,186500
14/01/2022,22.03,22.06,21.39,21.96,21.63,125300
18/01/2022,21.72,21.73,21.36,21.47,21.14,115500
19/01/2022,21.5,22.08,21.16,21.26,20.94,100600
20/01/2022,21.41,21.53,20.81,20.91,20.59,146700
21/01/2022,20.67,21.12,20.19,20.22,19.91,205900
24/01/2022,20.09,20.72,19.48,20.69,20.37,190100
25/01/2022,20.23,20.47,19.91,20.03,19.72,145000
26/01/2022,20.23,20.77,19.68,19.94,19.64,138600
27/01/2022,20.16,20.25,19.21,19.28,18.99,160100
28/01/2022,19.37,19.85,19.06,19.82,19.52,82600
31/01/2022,19.78,20.82,19.78,20.79,20.47,187100
01/02/2022,20.86,21.22,20.43,21.12,20.8,202000
02/02/2022,21.13,21.38,19.79,20.21,19.9,267400
03/02/2022,20.07,20.4,19.53,20.28,19.97,138200
04/02/2022,20.33,20.52,19.48,20.41,20.1,175900
07/02/2022,15.81,20.52,15.39,19.37,19.07,385200
08/02/2022,18.49,19.82,18.49,19.82,19.52,226200
09/02/2022,19.89,20.3,19.46,20.27,19.96,256000
10/02/2022,19.82,20.47,19.49,19.63,19.33,287300
11/02/2022,19.16,19.97,19.16,19.61,19.31,162600
14/02/2022,19.61,20.0,19.49,19.56,19.26,93600
15/02/2022,19.71,20.23,19.71,20.12,19.81,260900
16/02/2022,20.08,20.47,19.89,20.43,20.12,59400
17/02/2022,20.25,20.89,20.25,20.43,20.12,79500
18/02/2022,20.29,20.89,20.29,20.41,20.1,85400
22/02/2022,20.25,20.35,19.85,19.87,19.57,210900
23/02/2022,20.03,20.1,19.41,19.48,19.18,79700
24/02/2022,18.94,19.95,18.66,19.93,19.63,120200
25/02/2022,19.99,20.45,19.78,20.4,20.09,104700
28/02/2022,20.26,20.45,19.85,20.39,20.08,157100
01/03/2022,20.34,20.89,20.32,20.5,20.19,128600
02/03/2022,20.48,21.04,20.4,20.67,20.35,110600
03/03/2022,20.8,20.8,19.98,20.08,19.77,66100
04/03/2022,19.91,20.23,19.67,20.17,19.86,75200
07/03/2022,20.25,20.57,19.79,20.03,19.72,135800
08/03/2022,20.2,20.59,19.85,20.09,19.78,95500
09/03/2022,20.43,20.71,20.3,20.38,20.07,55600
10/03/2022,20.16,20.24,19.74,20.11,19.8,42300
11/03/2022,20.23,20.26,19.53,19.55,19.25,121100
14/03/2022,19.55,19.77,19.24,19.29,19.0,120100
15/03/2022,19.29,20.16,19.04,20.13,19.82,157700
16/03/2022,20.16,20.91,20.16,20.58,20.27,70500
17/03/2022,20.38,21.18,20.38,21.13,20.81,70300
18/03/2022,21.17,21.67,21.1,21.52,21.19,175600
21/03/2022,21.69,21.69,20.93,21.1,20.78,59000
22/03/2022,21.29,21.41,20.96,21.17,20.85,59400
23/03/2022,20.92,21.25,20.92,20.98,20.66,63600
24/03/2022,21.05,21.56,21.0,21.56,21.23,161000
25/03/2022,21.55,21.57,20.02,20.85,20.53,70300
28/03/2022,20.77,21.17,20.77,21.14,20.82,54200
29/03/2022,21.38,21.69,20.48,21.36,21.03,73300
30/03/2022,21.37,21.69,20.81,20.9,20.58,68900
31/03/2022,21.01,21.01,20.46,20.52,20.21,139700
01/04/2022,20.53,20.96,20.32,20.9,20.58,91800
04/04/2022,21.04,21.29,20.88,21.21,20.89,58000
05/04/2022,21.1,21.11,20.43,20.45,20.14,71300
06/04/2022,20.24,20.42,19.8,19.87,19.57,120100
07/04/2022,19.84,20.31,19.43,19.79,19.49,108600
08/04/2022,19.77,19.8,19.34,19.38,19.08,73500
11/04/2022,19.2,19.31,18.84,19.03,18.74,51100
12/04/2022,19.25,19.8,18.84,19.12,18.83,164400
13/04/2022,19.06,19.54,19.06,19.51,19.21,24000
14/04/2022,19.59,19.77,19.13,19.21,18.92,43700
18/04/2022,19.2,19.32,18.95,19.16,18.87,67200
19/04/2022,19.26,19.6,19.12,19.34,19.05,34600
20/04/2022,19.58,20.15,19.29,19.4,19.1,51800
21/04/2022,19.65,19.81,18.84,18.95,18.66,66500
22/04/2022,18.95,19.12,18.31,18.35,18.07,59400
25/04/2022,18.2,18.56,18.01,18.54,18.26,88300
26/04/2022,18.37,18.53,17.75,17.81,17.54,114300
27/04/2022,17.83,17.95,17.31,17.46,17.19,59700
28/04/2022,17.73,17.94,17.06,17.71,17.44,71100
29/04/2022,17.55,17.76,17.3,17.5,17.23,105700
02/05/2022,17.49,18.0,17.22,17.72,17.45,60800
03/05/2022,17.71,17.71,17.34,17.38,17.12,39900
04/05/2022,17.47,17.53,16.64,17.53,17.26,83900
05/05/2022,17.32,17.32,16.4,16.56,16.31,86800
06/05/2022,16.5,16.59,16.13,16.55,16.3,99300
09/05/2022,16.6,16.9,15.98,16.38,16.13,107300
10/05/2022,16.72,16.72,16.15,16.19,15.94,65600
11/05/2022,16.11,16.5,15.77,15.8,15.56,66200
12/05/2022,15.66,16.61,15.6,16.61,16.36,97400
13/05/2022,16.74,17.29,16.74,17.22,16.96,97600
16/05/2022,17.08,17.57,16.89,16.95,16.69,98300
17/05/2022,17.29,17.6,17.19,17.6,17.33,40300
18/05/2022,17.32,17.66,17.01,17.09,16.83,137400
19/05/2022,17.01,17.51,16.8,17.35,17.09,127700
20/05/2022,17.57,17.59,16.6,16.82,16.56,89600
23/05/2022,16.96,17.15,16.72,16.75,16.49,121900
24/05/2022,16.55,16.76,16.01,16.56,16.31,60800
25/05/2022,16.58,18.25,16.58,18.12,17.84,205900
26/05/2022,18.11,19.08,18.11,18.99,18.7,143400
27/05/2022,19.01,19.7,19.01,19.68,19.38,130800
31/05/2022,19.54,19.76,19.19,19.61,19.31,254500
01/06/2022,19.61,19.72,19.04,19.42,19.12,133800
02/06/2022,19.48,20.21,18.64,20.15,19.84,113800
03/06/2022,20.13,20.36,19.65,20.25,19.94,80800
06/06/2022,20.41,20.55,19.93,19.99,19.69,62300
07/06/2022,19.69,20.32,19.66,20.16,19.85,88100
08/06/2022,20.06,20.52,19.95,20.18,19.87,108300
09/06/2022,20.0,20.34,19.74,19.83,19.53,64700
10/06/2022,19.52,19.7,19.27,19.46,19.16,68400
13/06/2022,18.9,19.29,18.9,19.1,18.81,110300
14/06/2022,19.25,19.73,18.92,19.28,18.99,78700
15/06/2022,19.58,20.12,19.42,19.97,19.67,89600
16/06/2022,19.5,19.85,18.78,18.91,18.62,123500
17/06/2022,19.15,19.79,19.15,19.34,19.05,141600
21/06/2022,19.67,19.99,19.33,19.71,19.41,67100
22/06/2022,19.59,20.03,19.59,20.01,19.7,72700
23/06/2022,20.13,20.78,19.18,20.21,19.9,90900
24/06/2022,20.38,21.61,20.26,21.54,21.21,258700
27/06/2022,21.71,21.71,20.79,20.88,20.56,73600
28/06/2022,21.08,21.09,20.52,20.59,20.28,36600
29/06/2022,20.6,20.69,20.04,20.46,20.15,100500
30/06/2022,20.34,20.84,20.19,20.59,20.28,72700
01/07/2022,20.59,20.98,20.07,20.35,20.04,65200
05/07/2022,20.1,20.66,19.74,20.63,20.32,73300
06/07/2022,20.72,21.37,20.71,21.29,20.97,77900
07/07/2022,21.46,22.12,21.25,22.03,21.69,216600
08/07/2022,21.83,22.49,21.8,22.45,22.11,84900
11/07/2022,23.65,24.43,23.24,23.46,23.1,274900
12/07/2022,23.45,23.62,22.84,23.24,22.89,140800
13/07/2022,22.98,24.04,22.98,23.52,23.16,82900
14/07/2022,23.25,23.32,22.65,23.2,22.85,97700
15/07/2022,23.66,24.36,23.36,24.27,23.9,144900
18/07/2022,24.59,24.65,23.59,23.85,23.49,130500
19/07/2022,24.06,24.95,24.06,24.93,24.55,190100
20/07/2022,24.93,25.62,24.74,24.89,24.51,311200
21/07/2022,24.75,26.11,24.24,26.08,25.68,241700
22/07/2022,26.31,26.68,24.86,24.98,24.6,200100
25/07/2022,25.11,25.11,24.64,24.67,24.29,146500
26/07/2022,24.66,25.11,24.48,25.09,24.71,108800
27/07/2022,25.21,25.75,25.21,25.49,25.1,95100
28/07/2022,25.64,26.17,25.44,25.69,25.3,129800
29/07/2022,25.69,26.24,25.47,25.66,25.27,124600
01/08/2022,25.71,26.89,25.66,26.41,26.01,207700
02/08/2022,26.41,26.89,25.75,25.78,25.39,139000
03/08/2022,25.89,26.3,25.76,26.24,25.84,178100
04/08/2022,26.25,26.35,25.87,26.1,25.7,149700
05/08/2022,25.86,26.22,25.49,26.09,25.69,147400
08/08/2022,26.31,26.31,25.49,25.5,25.11,154800
09/08/2022,25.49,25.54,24.53,24.59,24.22,132500
10/08/2022,25.06,25.56,24.92,25.28,24.89,194800
11/08/2022,25.37,25.54,25.2,25.32,24.93,102000
12/08/2022,25.39,26.56,25.03,26.41,26.01,143100
15/08/2022,26.11,26.68,25.87,26.58,26.17,82600
16/08/2022,26.45,26.96,26.16,26.4,26.0,94900
17/08/2022,26.3,26.4,25.79,26.24,25.84,53200
18/08/2022,26.07,27.26,25.97,27.06,26.65,74100
19/08/2022,26.91,27.24,26.79,27.22,26.8,65000
22/08/2022,27.0,27.66,26.52,26.56,26.16,107100
23/08/2022,26.52,26.94,26.06,26.35,25.95,93100
24/08/2022,26.24,26.46,26.03,26.1,25.7,55100
25/08/2022,26.41,26.97,26.26,26.94,26.53,114300
26/08/2022,26.9,26.94,25.15,25.46,25.07,115800
29/08/2022,27.23,28.86,26.75,28.46,28.03,532800
30/08/2022,29.15,30.04,28.49,29.61,29.16,366200
31/08/2022,29.55,29.98,28.6,29.66,29.21,1068100
01/09/2022,29.49,29.55,27.96,28.86,28.42,240900
02/09/2022,29.06,29.39,28.47,29.0,28.56,164900
06/09/2022,29.15,29.57,28.69,28.97,28.53,173000
07/09/2022,28.95,30.13,28.74,30.07,29.61,338500
08/09/2022,30.0,30.89,29.8,30.65,30.18,229800
09/09/2022,30.96,31.25,30.51,31.03,30.56,226100
12/09/2022,31.28,31.3,29.23,29.34,28.89,230200
13/09/2022,29.03,29.33,28.56,29.28,28.83,226600
14/09/2022,29.35,29.69,29.05,29.23,28.78,169600
15/09/2022,29.23,30.15,29.09,30.1,29.64,218000
16/09/2022,29.85,30.56,29.43,30.4,29.94,346200
19/09/2022,30.2,30.47,29.51,30.37,29.91,172100
20/09/2022,30.27,30.44,29.99,30.36,29.9,133500
21/09/2022,30.74,30.97,29.71,29.88,29.42,184300
22/09/2022,30.1,30.48,29.72,30.38,29.92,202900
23/09/2022,30.1,30.29,28.65,28.99,28.55,330700
26/09/2022,28.75,29.62,28.75,28.92,28.48,249200
27/09/2022,29.08,29.47,28.61,29.18,28.74,173100
28/09/2022,29.24,30.15,29.08,29.85,29.39,214500
29/09/2022,29.77,29.92,28.7,29.38,28.93,153500
30/09/2022,29.3,29.73,29.05,29.08,28.64,289200
03/10/2022,29.23,29.33,28.81,29.09,28.65,170800
04/10/2022,29.54,30.2,28.56,28.91,28.47,313100
05/10/2022,28.63,28.86,28.04,28.09,27.66,160400
06/10/2022,28.05,28.81,27.8,28.55,28.11,126000
07/10/2022,28.44,28.44,27.45,27.59,27.17,143800
10/10/2022,27.65,27.65,26.57,26.77,26.36,250800
11/10/2022,26.7,27.49,26.36,27.44,27.02,219600
12/10/2022,27.59,27.64,27.33,27.38,26.96,120400
13/10/2022,26.85,28.44,26.58,28.4,27.97,253100
14/10/2022,28.56,28.74,26.81,27.03,26.62,236700
17/10/2022,27.33,27.71,27.31,27.53,27.11,199600
18/10/2022,27.84,28.81,26.96,27.44,27.02,286000
19/10/2022,27.4,28.16,27.1,27.37,26.95,202200
20/10/2022,27.31,27.53,26.8,26.91,26.5,212800
21/10/2022,27.17,27.41,26.7,26.95,26.54,199500
24/10/2022,27.09,27.37,26.61,26.91,26.5,152000
25/10/2022,26.95,27.57,26.88,27.26,26.84,291800
26/10/2022,27.33,27.57,26.68,27.49,27.07,185800
27/10/2022,27.64,27.99,27.01,27.77,27.35,192700
28/10/2022,28.0,29.23,27.95,28.76,28.32,494100
31/10/2022,29.13,29.13,27.96,28.42,27.99,251000
01/11/2022,28.58,28.58,27.33,27.39,26.97,188600
02/11/2022,27.4,27.68,26.89,26.91,26.5,205000
03/11/2022,26.7,26.7,25.7,25.73,25.34,218000
04/11/2022,25.43,25.66,24.24,24.69,24.31,361400
07/11/2022,25.0,28.77,25.0,28.2,27.77,682500
08/11/2022,28.7,28.7,26.89,26.89,26.48,315700
09/11/2022,26.81,27.19,25.93,26.32,25.92,163200
10/11/2022,27.23,28.05,27.0,27.94,27.51,230900
11/11/2022,27.98,28.61,27.7,27.9,27.47,264900
14/11/2022,27.71,28.19,27.34,27.81,27.39,132500
15/11/2022,28.25,28.77,27.92,28.17,27.74,163700
16/11/2022,28.07,28.07,26.91,27.25,26.83,268900
17/11/2022,26.59,26.83,24.72,25.12,24.74,390400
18/11/2022,25.66,26.03,25.55,26.0,25.6,275200
21/11/2022,26.0,26.69,25.18,26.4,26.0,252600
22/11/2022,26.5,26.5,25.62,25.68,25.29,147900
23/11/2022,25.68,26.65,25.55,26.22,25.82,127000
25/11/2022,25.97,26.5,25.83,26.45,26.05,92900
28/11/2022,26.18,26.56,25.65,25.78,25.39,182400
29/11/2022,25.72,26.05,25.39,25.87,25.48,199700
30/11/2022,25.85,26.46,25.75,26.38,25.98,336800
01/12/2022,26.37,26.66,25.66,26.58,26.17,147500
02/12/2022,26.33,27.04,26.22,26.66,26.25,211000
05/12/2022,26.52,26.92,25.82,26.07,25.67,138100
06/12/2022,26.0,26.28,25.69,25.86,25.47,217800
07/12/2022,25.86,26.16,25.27,25.92,25.52,206200
08/12/2022,26.21,26.65,26.01,26.64,26.23,190100
09/12/2022,26.53,26.79,26.06,26.23,25.83,186700
12/12/2022,26.18,26.5,26.02,26.35,25.95,176800
13/12/2022,26.98,27.41,26.45,27.02,26.61,140900
14/12/2022,26.87,27.43,26.61,27.27,26.85,213600
15/12/2022,26.84,26.98,26.38,26.63,26.22,195200
16/12/2022,26.51,27.05,26.31,26.96,26.55,309100
19/12/2022,26.89,27.12,25.81,26.07,25.67,226800
20/12/2022,25.88,26.16,25.45,26.06,25.66,215900
21/12/2022,26.13,26.57,26.11,26.5,26.1,110900
22/12/2022,26.27,26.9,26.01,26.82,26.41,277900
23/12/2022,26.82,26.82,26.2,26.39,25.99,135900
27/12/2022,26.46,27.17,25.7,26.99,26.58,183700
28/12/2022,26.91,27.33,26.24,26.29,25.89,139700
29/12/2022,26.46,27.31,26.33,27.29,26.87,152300
30/12/2022,27.1,27.56,26.87,27.48,27.06,184800
03/01/2023,27.63,28.04,27.02,27.09,26.68,133100
04/01/2023,27.28,27.51,26.13,26.23,25.83,136600
05/01/2023,26.05,26.36,25.78,26.0,25.6,75400
06/01/2023,26.27,26.72,26.13,26.66,26.25,81100
09/01/2023,26.89,27.63,26.89,27.41,26.99,103300
10/01/2023,27.28,27.79,27.02,27.3,26.88,128100
11/01/2023,27.48,28.62,27.35,27.98,27.55,259700
12/01/2023,28.0,28.89,27.39,28.83,28.39,169100
13/01/2023,28.55,29.56,28.16,29.45,29.0,154200
17/01/2023,29.62,30.93,29.27,30.91,30.44,236000
18/01/2023,31.11,31.48,28.32,28.78,28.34,261400
19/01/2023,28.73,29.43,28.53,29.22,28.77,110000
20/01/2023,29.56,29.98,29.16,29.84,29.39,103900
23/01/2023,30.07,30.6,29.61,30.39,29.93,240100
24/01/2023,30.4,30.44,29.58,29.97,29.51,102500
25/01/2023,29.87,30.4,29.46,30.34,29.88,188800
26/01/2023,30.66,30.88,29.34,29.51,29.06,154600
27/01/2023,29.42,29.42,28.62,29.26,28.81,104400
30/01/2023,29.06,29.46,28.67,28.74,28.3,132500
31/01/2023,28.7,29.39,28.46,28.97,28.53,237200
01/02/2023,29.29,29.64,28.62,29.58,29.13,170300
02/02/2023,29.65,30.93,29.65,30.71,30.24,186200
03/02/2023,31.15,31.2,30.37,31.14,30.67,299700
06/02/2023,32.0,36.78,31.87,34.37,33.85,1523500
07/02/2023,35.4,35.68,33.98,35.58,35.04,400000
08/02/2023,35.88,35.91,33.9,34.24,33.72,342800
09/02/2023,32.94,34.15,31.31,31.61,31.13,1144100
10/02/2023,31.61,32.25,31.51,31.65,31.17,280600
13/02/2023,32.17,33.66,31.55,33.42,32.91,785600
14/02/2023,33.5,33.72,32.08,32.12,31.63,478600
15/02/2023,32.08,33.06,31.75,32.78,32.28,371300
16/02/2023,32.38,33.05,32.19,32.87,32.37,383400
17/02/2023,32.95,33.32,32.66,32.7,32.2,235900
21/02/2023,32.58,32.97,31.52,31.68,31.2,249100
22/02/2023,31.64,32.0,31.34,31.86,31.37,359300
23/02/2023,32.13,32.27,31.52,31.81,31.33,343900
24/02/2023,31.48,32.04,31.05,31.69,31.21,260900
27/02/2023,31.99,32.24,31.43,31.67,31.19,277500
28/02/2023,31.67,32.02,31.55,31.6,31.12,545300
01/03/2023,31.76,32.64,31.45,31.81,31.33,276100
02/03/2023,31.9,32.28,30.67,32.25,31.76,422000
03/03/2023,32.66,32.83,32.13,32.74,32.24,349700
06/03/2023,33.27,33.27,32.4,32.46,31.97,451600
07/03/2023,32.5,33.49,32.41,33.02,32.52,313700
08/03/2023,33.8,34.73,33.12,33.87,33.35,464800
09/03/2023,33.87,33.92,32.37,32.51,32.01,264400
10/03/2023,32.51,32.51,29.84,30.39,29.93,510300
13/03/2023,29.99,30.74,29.61,30.37,29.91,346700
14/03/2023,31.13,31.57,30.7,31.47,30.99,340800
15/03/2023,30.76,32.39,30.47,32.37,31.88,525200
16/03/2023,31.89,34.38,31.89,34.38,33.86,517400
17/03/2023,34.39,34.81,32.6,33.54,33.03,1178600
20/03/2023,33.57,34.05,33.3,34.0,33.48,423700
21/03/2023,34.58,35.35,34.58,35.12,34.58,760500
22/03/2023,35.12,36.46,34.88,35.99,35.44,518500
23/03/2023,36.34,37.49,36.05,37.42,36.85,821800
24/03/2023,37.04,38.63,36.55,37.81,37.23,792100
27/03/2023,38.18,39.22,37.71,38.34,37.76,601600
28/03/2023,38.2,38.73,37.57,37.71,37.14,351800
29/03/2023,37.97,37.97,36.94,37.13,36.56,575600
30/03/2023,37.27,37.35,36.73,37.07,36.5,652000
31/03/2023,37.18,37.79,37.18,37.58,37.01,719100
03/04/2023,37.6,37.78,36.55,36.97,36.41,476200
04/04/2023,37.18,37.4,36.66,36.72,36.16,407100
05/04/2023,36.99,36.99,34.85,34.85,34.32,603100
06/04/2023,35.16,35.16,33.66,33.69,33.18,605800
10/04/2023,33.54,34.26,33.37,33.98,33.46,551100
11/04/2023,33.93,34.32,33.35,33.51,33.0,346700
12/04/2023,33.92,34.46,33.84,34.23,33.71,265700
13/04/2023,34.37,34.63,33.52,33.57,33.06,279700
14/04/2023,33.52,34.25,32.91,33.4,32.89,351700
17/04/2023,33.5,33.82,33.22,33.7,33.19,183700
18/04/2023,33.87,34.12,33.54,34.08,33.56,236700
19/04/2023,34.01,34.07,33.42,34.03,33.51,197500
20/04/2023,33.87,34.76,33.75,34.01,33.49,272200
21/04/2023,33.94,34.88,33.88,34.66,34.13,363500
24/04/2023,34.5,35.39,33.96,34.47,33.94,298400
25/04/2023,34.24,34.47,32.74,33.14,32.63,402200
26/04/2023,33.23,33.48,30.25,30.72,30.25,743100
27/04/2023,30.86,31.22,30.42,30.99,30.52,468100
28/04/2023,31.15,31.24,30.06,31.0,30.53,431800
01/05/2023,30.88,32.01,30.68,31.99,31.5,528400
02/05/2023,31.95,31.95,28.77,29.11,28.67,1260000
03/05/2023,29.22,29.95,28.25,28.25,27.82,633200
04/05/2023,28.0,28.1,26.74,26.77,26.36,967800
05/05/2023,27.22,27.48,26.78,27.38,26.96,771200
08/05/2023,31.37,34.12,30.95,33.85,33.33,1618100
09/05/2023,33.88,34.41,33.04,33.1,32.6,681300
10/05/2023,33.59,33.92,32.93,33.18,32.67,338700
11/05/2023,33.4,34.02,32.81,33.61,33.1,416300
12/05/2023,33.8,34.13,33.07,33.63,33.12,243100
15/05/2023,33.63,34.92,33.5,34.6,34.07,448500
16/05/2023,34.31,35.0,34.12,34.58,34.05,471500
17/05/2023,34.64,35.06,33.53,34.2,33.68,659000
18/05/2023,34.18,35.72,34.0,35.03,34.5,539200
19/05/2023,35.58,35.86,35.15,35.38,34.9,299100
22/05/2023,35.41,39.1,35.35,38.69,38.17,734000
23/05/2023,38.38,38.7,37.02,37.44,36.94,674700
24/05/2023,37.28,37.36,36.34,36.88,36.38,544000
25/05/2023,37.35,37.8,36.25,36.27,35.78,324700
26/05/2023,36.22,37.88,36.12,37.78,37.27,291800
30/05/2023,38.15,39.54,37.69,37.75,37.24,379300
31/05/2023,37.55,37.88,36.53,37.19,36.69,882500
01/06/2023,37.12,37.8,36.25,36.92,36.42,413700
02/06/2023,37.22,37.42,36.17,36.46,35.97,361600
05/06/2023,36.46,37.43,36.28,37.42,36.92,273100
06/06/2023,37.55,38.46,37.38,37.97,37.46,300900
07/06/2023,38.41,38.83,37.79,38.11,37.6,308300
08/06/2023,38.02,38.45,37.53,38.11,37.6,252400
09/06/2023,38.21,38.56,37.9,37.97,37.46,279900
12/06/2023,39.23,40.36,38.21,40.23,39.69,665100
13/06/2023,40.51,41.25,39.74,40.01,39.47,391200
14/06/2023,39.82,39.82,37.8,38.59,38.07,387200
15/06/2023,38.37,38.68,37.71,38.13,37.62,210900
16/06/2023,38.5,38.5,36.17,36.27,35.78,402800
20/06/2023,36.22,37.01,35.47,37.0,36.5,589100
21/06/2023,37.0,37.37,36.27,36.3,35.81,291200
22/06/2023,36.23,36.85,36.0,36.2,35.71,330000
23/06/2023,36.0,36.38,35.35,35.45,34.97,598700
26/06/2023,35.45,36.33,34.86,35.31,34.83,302000
27/06/2023,35.57,35.6,34.75,35.23,34.76,332900
28/06/2023,35.1,35.67,34.7,34.86,34.39,309200
29/06/2023,34.91,36.48,34.89,35.7,35.22,274600
30/06/2023,35.86,36.45,34.49,34.65,34.18,529900
03/07/2023,34.55,34.8,33.92,34.27,33.81,338500
05/07/2023,34.0,35.02,33.27,34.5,34.04,599800
06/07/2023,34.09,34.09,33.31,33.86,33.4,246800
07/07/2023,33.78,34.43,33.56,33.58,33.13,365300
10/07/2023,33.54,34.31,33.49,33.98,33.52,376300
11/07/2023,34.14,34.39,33.6,34.04,33.58,379900
12/07/2023,34.39,34.61,33.61,33.93,33.47,223000
13/07/2023,33.98,35.42,33.95,35.25,34.78,282100
14/07/2023,35.36,36.63,35.36,36.11,35.62,472100
17/07/2023,36.14,37.51,36.14,36.97,36.47,348600
18/07/2023,36.94,37.44,36.28,37.26,36.76,275700
19/07/2023,37.43,37.46,36.35,37.1,36.6,300100
20/07/2023,37.05,38.2,36.77,37.06,36.56,492500
21/07/2023,37.4,37.74,36.27,36.47,35.98,229900
24/07/2023,36.67,37.08,35.51,35.91,35.43,180500
25/07/2023,35.99,36.64,35.86,36.39,35.9,205100
26/07/2023,36.39,36.87,36.38,36.51,36.02,149100
27/07/2023,36.91,36.93,35.89,36.05,35.56,188900
28/07/2023,36.11,36.63,35.95,36.4,35.91,154600
31/07/2023,36.37,37.53,36.37,37.48,36.98,240700
01/08/2023,37.22,37.34,36.69,37.34,36.84,168500
02/08/2023,36.88,36.88,35.72,36.49,36.0,176500
03/08/2023,36.17,36.75,35.66,36.5,36.01,166200
04/08/2023,36.54,36.66,35.26,35.48,35.0,217300
07/08/2023,37.66,37.66,36.3,36.7,36.21,257100
08/08/2023,36.37,36.86,35.65,36.36,35.87,211300
09/08/2023,36.26,36.64,35.62,36.49,36.0,231000
10/08/2023,36.55,37.18,36.1,36.85,36.35,188500
11/08/2023,36.79,38.41,36.67,38.27,37.75,365200
14/08/2023,38.29,38.36,37.48,38.32,37.8,256300
15/08/2023,38.17,38.61,37.34,38.25,37.73,263300
16/08/2023,38.19,38.85,37.82,38.4,37.88,258500
17/08/2023,38.51,38.63,37.26,38.2,37.69,579400
18/08/2023,37.68,39.01,37.4,38.41,37.89,388200
21/08/2023,22.53,23.69,20.02,21.11,20.83,16185500
22/08/2023,21.55,23.77,21.49,23.24,22.93,3242500
23/08/2023,23.4,24.31,23.05,23.55,23.23,1116200
24/08/2023,23.84,23.86,22.46,22.68,22.37,1096600
25/08/2023,22.77,23.1,22.21,22.69,22.38,884200
28/08/2023,22.59,23.2,22.21,22.78,22.47,649800
29/08/2023,24.0,25.11,22.9,24.5,24.17,1623700
30/08/2023,24.72,25.43,24.67,24.8,24.47,1321800
31/08/2023,24.55,25.3,24.23,24.78,24.53,991600
01/09/2023,24.76,24.98,23.97,24.19,23.94,525200
05/09/2023,25.07,25.13,24.09,24.26,24.01,652400
06/09/2023,24.15,24.49,23.96,24.02,23.77,313700
07/09/2023,23.7,24.0,23.28,23.49,23.25,380200
08/09/2023,23.5,23.69,23.25,23.49,23.25,312600
11/09/2023,23.56,24.43,23.51,24.27,24.02,580200
12/09/2023,24.19,24.38,23.86,24.02,23.77,304600
13/09/2023,23.94,24.3,23.71,23.97,23.72,378300
14/09/2023,23.99,24.24,23.79,23.88,23.63,349000
15/09/2023,24.11,24.36,23.44,23.45,23.21,565000
18/09/2023,23.36,23.5,23.06,23.25,23.01,353000
19/09/2023,23.16,23.49,22.56,22.65,22.42,387900
20/09/2023,22.87,23.2,22.52,22.84,22.61,451500
21/09/2023,22.65,23.15,22.5,23.0,22.76,354400
22/09/2023,23.03,23.49,23.01,23.06,22.82,341900
25/09/2023,22.94,23.31,22.86,22.89,22.65,308500
26/09/2023,22.65,22.85,21.55,21.66,21.44,402300
27/09/2023,21.76,22.42,21.58,22.11,21.88,276300
28/09/2023,22.07,22.58,21.99,22.37,22.14,226700
29/09/2023,22.62,22.62,22.04,22.25,22.02,377600
02/10/2023,22.16,22.25,21.88,22.12,21.89,278500
03/10/2023,21.85,22.25,21.7,22.15,21.92,201200
04/10/2023,22.16,22.58,21.96,22.51,22.28,217300
05/10/2023,22.45,22.51,21.71,21.75,21.53,269300
06/10/2023,21.6,22.12,21.38,21.92,21.69,251400
09/10/2023,21.72,22.0,21.37,21.6,21.38,171000
10/10/2023,21.5,21.89,21.44,21.52,21.3,253600
11/10/2023,21.54,21.7,20.73,20.77,20.56,230000
12/10/2023,20.78,20.78,20.47,20.68,20.47,283300
13/10/2023,20.8,20.81,20.22,20.37,20.16,231400
16/10/2023,20.43,21.05,20.43,20.74,20.53,377100
17/10/2023,20.7,20.93,20.63,20.77,20.56,254500
18/10/2023,20.67,20.85,20.39,20.43,20.22,183000
19/10/2023,20.44,20.46,20.16,20.28,20.07,193100
20/10/2023,20.31,20.34,19.89,20.0,19.79,223300
23/10/2023,20.0,20.09,19.8,19.9,19.7,200000
24/10/2023,19.98,20.21,19.68,20.16,19.95,240900
25/10/2023,20.03,20.1,19.69,19.7,19.5,387700
26/10/2023,19.54,19.84,18.99,19.56,19.36,479500
27/10/2023,19.53,19.63,19.06,19.17,18.97,343100
30/10/2023,19.31,19.31,18.27,18.4,18.21,533300
31/10/2023,18.37,18.44,17.94,18.37,18.18,462200
01/11/2023,18.4,18.44,17.76,18.37,18.18,405600
02/11/2023,18.23,18.99,18.0,18.56,18.37,480700
03/11/2023,18.81,19.14,18.73,18.8,18.61,434100
06/11/2023,22.05,23.63,21.31,22.85,22.62,1562500
07/11/2023,22.97,25.05,22.73,25.01,24.75,1467500
08/11/2023,25.03,26.07,24.9,25.5,25.24,917600
09/11/2023,25.76,26.59,25.09,25.17,24.91,749600
10/11/2023,25.4,25.69,24.8,25.49,25.23,597300
13/11/2023,25.5,26.51,25.26,26.11,25.84,568200
14/11/2023,27.03,27.95,27.0,27.42,27.14,837200
15/11/2023,27.65,28.36,27.55,27.97,27.68,369800
16/11/2023,27.68,28.26,27.38,27.68,27.4,426900
17/11/2023,28.14,28.97,28.01,28.54,28.25,381000
20/11/2023,28.07,29.05,27.86,28.97,28.67,416400
21/11/2023,28.89,28.99,28.32,28.6,28.31,271300
22/11/2023,28.7,29.16,28.31,28.7,28.4,285500
24/11/2023,28.61,29.05,28.61,28.82,28.52,224000
27/11/2023,28.65,29.84,28.25,29.73,29.42,473000
28/11/2023,29.73,30.21,29.18,29.21,28.91,325000
29/11/2023,30.01,30.47,29.5,30.33,30.02,361200
30/11/2023,30.27,30.7,30.04,30.6,30.37,432800
01/12/2023,30.43,31.53,30.28,31.29,31.05,379800
04/12/2023,31.25,31.98,31.14,31.77,31.53,573900
05/12/2023,31.74,32.07,31.54,31.73,31.49,351800
06/12/2023,31.99,32.47,31.73,31.86,31.62,424800
07/12/2023,31.9,32.03,31.14,31.42,31.18,405800
08/12/2023,31.42,32.37,31.36,32.11,31.86,318600
11/12/2023,31.99,32.21,31.51,32.11,31.86,226900
12/12/2023,32.65,32.78,32.26,32.34,32.09,249300
13/12/2023,32.3,33.05,31.69,33.03,32.78,389500
14/12/2023,33.56,34.5,33.41,34.0,33.74,750900
15/12/2023,34.19,34.71,33.72,34.37,34.11,843000
18/12/2023,34.36,34.36,33.72,33.96,33.7,235300
19/12/2023,34.15,34.57,33.51,33.74,33.48,259900
20/12/2023,33.58,34.48,33.37,33.37,33.11,232100
21/12/2023,33.73,34.05,33.41,34.04,33.78,206100
22/12/2023,34.33,35.0,34.22,34.72,34.45,186700
26/12/2023,34.85,35.35,34.34,35.25,34.98,143400
27/12/2023,35.36,36.07,35.07,35.14,34.87,257500
28/12/2023,35.15,35.25,34.7,35.08,34.81,185700
29/12/2023,35.05,35.14,34.24,34.25,33.99,264000
02/01/2024,33.76,34.0,32.93,33.71,33.45,238500
03/01/2024,33.53,33.62,33.06,33.23,32.98,249100
04/01/2024,33.25,33.51,32.17,32.36,32.11,286100
05/01/2024,32.09,32.99,32.07,32.94,32.69,272500
08/01/2024,33.05,33.62,33.03,33.47,33.21,165500
09/01/2024,32.92,33.94,32.89,33.45,33.19,154600
10/01/2024,33.47,33.96,33.13,33.31,33.05,136600
11/01/2024,33.2,33.63,32.65,33.04,32.79,197600
12/01/2024,33.47,33.64,32.52,32.74,32.49,163100
16/01/2024,32.55,33.06,31.27,32.54,32.29,169300
17/01/2024,32.05,33.04,32.05,32.95,32.7,138800
18/01/2024,33.23,33.97,33.1,33.82,33.56,141600
19/01/2024,34.14,34.14,33.16,33.93,33.67,152100
22/01/2024,34.34,34.78,34.12,34.32,34.06,159700
23/01/2024,34.62,34.78,34.24,34.54,34.28,180600
24/01/2024,34.99,35.41,34.52,34.62,34.35,256100
25/01/2024,34.89,35.46,34.76,35.44,35.17,169600
26/01/2024,35.69,35.9,35.12,35.21,34.94,234900
29/01/2024,35.1,35.99,34.97,35.96,35.68,109400
30/01/2024,36.05,36.05,35.17,35.38,35.11,131000
31/01/2024,35.16,35.51,34.6,34.75,34.48,208000
01/02/2024,34.93,35.69,34.8,35.67,35.4,207700
02/02/2024,35.51,36.1,35.05,35.81,35.54,231700
05/02/2024,40.1,42.83,38.39,42.55,42.22,1570500
06/02/2024,41.78,43.55,41.26,43.43,43.1,850700
07/02/2024,43.8,44.17,43.25,43.87,43.53,464400
08/02/2024,43.87,45.91,43.78,45.63,45.28,407700
09/02/2024,45.97,46.21,44.59,45.0,44.66,527100
12/02/2024,45.0,46.26,44.62,46.11,45.76,282300
13/02/2024,44.72,45.27,43.08,43.39,43.06,289300
14/02/2024,43.72,45.51,43.72,45.47,45.12,296400
15/02/2024,45.89,46.12,44.78,45.12,44.77,354600
16/02/2024,45.15,45.25,43.86,43.97,43.63,312600
20/02/2024,43.31,44.66,43.23,43.95,43.61,348500
21/02/2024,43.54,43.93,43.05,43.87,43.53,288500
22/02/2024,44.17,45.35,44.17,44.32,43.98,265000
23/02/2024,44.58,45.02,43.92,44.74,44.4,183300
26/02/2024,44.79,45.86,44.59,44.69,44.35,175000
27/02/2024,44.69,45.29,44.48,45.02,44.68,177100
28/02/2024,44.75,44.75,44.02,44.44,44.1,187000
29/02/2024,45.07,45.39,44.09,45.03,44.79,268300
01/03/2024,45.2,45.91,44.74,45.15,44.91,310300
04/03/2024,45.42,45.84,44.5,44.64,44.4,170100
05/03/2024,44.3,44.69,43.72,44.06,43.82,136700
06/03/2024,40.7,41.37,38.75,41.15,40.93,2891500
07/03/2024,41.17,41.26,40.5,40.89,40.67,539700
08/03/2024,41.5,41.5,40.38,40.76,40.54,510400
11/03/2024,40.68,40.92,39.5,39.86,39.64,377000
12/03/2024,39.85,40.73,39.29,40.46,40.24,681800
13/03/2024,40.32,40.82,39.99,40.38,40.16,340200
14/03/2024,40.47,40.71,39.24,39.44,39.23,337500
15/03/2024,39.48,39.52,38.62,39.0,38.79,537000
18/03/2024,39.04,39.32,38.35,38.39,38.18,363100
19/03/2024,38.16,39.13,37.74,38.78,38.57,450100
20/03/2024,38.56,39.33,38.09,39.0,38.79,347400
21/03/2024,39.21,40.25,39.21,39.25,39.04,433200
22/03/2024,39.33,39.58,38.89,39.38,39.17,407200
25/03/2024,39.28,40.21,39.22,39.75,39.53,315400
26/03/2024,39.97,40.38,39.47,39.64,39.42,320300
27/03/2024,39.72,40.27,39.66,40.26,40.04,223200
28/03/2024,40.18,40.48,39.71,40.16,39.94,223700
01/04/2024,39.95,40.65,39.66,39.72,39.5,187200
02/04/2024,39.56,39.56,38.54,39.35,39.14,268500
03/04/2024,39.18,40.15,39.18,39.75,39.53,301600
04/04/2024,40.15,41.04,40.06,40.41,40.19,289900
05/04/2024,40.32,41.79,40.03,40.82,40.6,348200
08/04/2024,41.02,41.72,40.98,41.21,40.99,192200
09/04/2024,41.36,41.36,40.06,40.62,40.4,343700
10/04/2024,39.99,40.38,39.24,39.4,39.19,216100
11/04/2024,39.28,39.53,38.64,39.12,38.91,182300
12/04/2024,38.98,39.04,38.0,38.77,38.56,170700
15/04/2024,38.98,39.63,38.71,38.96,38.75,281700
16/04/2024,38.57,39.03,37.84,38.85,38.64,302800
17/04/2024,39.14,39.41,38.58,39.01,38.8,233600
18/04/2024,39.1,39.77,38.74,39.73,39.51,249700
19/04/2024,39.53,40.08,39.0,40.02,39.8,708200
22/04/2024,40.19,41.55,40.1,41.41,41.19,361800
23/04/2024,41.42,43.37,41.42,43.32,43.09,715200
24/04/2024,43.59,44.36,43.48,44.0,43.76,271500
25/04/2024,43.44,43.45,42.5,43.38,43.14,348500
26/04/2024,44.22,45.35,43.51,43.86,43.62,473300
29/04/2024,44.05,44.57,43.02,43.12,42.89,228100
30/04/2024,42.84,42.87,40.46,40.7,40.48,414700
01/05/2024,40.69,41.13,40.14,40.2,39.98,308900
02/05/2024,40.57,42.12,39.96,41.75,41.52,272800
03/05/2024,42.47,43.55,41.63,42.47,42.24,704300
06/05/2024,43.27,45.35,42.96,45.3,45.05,766300
07/05/2024,46.0,46.41,45.0,45.74,45.49,617500
08/05/2024,45.42,45.81,43.68,44.45,44.21,743800
09/05/2024,44.23,45.97,44.16,44.63,44.39,589100
10/05/2024,44.73,45.48,44.09,44.4,44.16,346600
13/05/2024,44.66,45.06,43.94,44.42,44.18,368600
14/05/2024,44.95,45.56,43.34,43.59,43.35,522000
15/05/2024,43.88,45.83,43.66,45.65,45.4,546200
16/05/2024,45.65,45.89,44.38,44.81,44.57,203900
17/05/2024,45.25,46.01,44.95,45.5,45.25,357000
20/05/2024,45.51,47.75,45.51,46.97,46.72,700300
21/05/2024,47.0,47.55,46.09,47.46,47.2,550100
22/05/2024,47.56,48.44,47.3,47.66,47.4,520400
23/05/2024,47.99,48.69,47.51,48.63,48.37,440500
24/05/2024,49.12,50.85,48.93,50.26,49.99,633100
28/05/2024,51.11,52.15,50.38,51.76,51.48,811000
29/05/2024,51.0,51.88,50.01,50.36,50.09,374500
30/05/2024,50.77,52.73,50.6,51.81,51.53,341100
31/05/2024,51.8,52.41,49.54,49.65,49.38,578800
03/06/2024,50.06,51.08,48.86,49.39,49.22,537300
04/06/2024,49.19,49.69,47.68,49.62,49.45,496400
05/06/2024,49.9,52.06,49.9,51.83,51.65,340300
06/06/2024,51.51,51.88,50.31,51.21,51.04,245300
07/06/2024,50.96,51.93,50.06,50.22,50.05,277100
10/06/2024,49.99,50.27,49.11,50.07,49.9,242200
11/06/2024,50.0,50.04,49.32,49.97,49.8,317000
12/06/2024,51.25,52.78,50.86,51.92,51.74,463000
13/06/2024,52.07,53.1,51.52,52.98,52.8,303500
14/06/2024,52.47,52.9,51.01,51.7,51.52,262300
17/06/2024,51.79,53.41,51.7,53.0,52.82,306000
18/06/2024,53.0,53.59,51.99,52.36,52.18,308200
20/06/2024,52.56,52.65,49.98,50.04,49.87,289600
21/06/2024,49.34,50.57,49.2,50.45,50.28,629100
24/06/2024,50.51,51.16,50.17,50.59,50.42,216400
25/06/2024,50.65,51.05,50.2,50.8,50.63,226500
26/06/2024,50.97,51.55,50.43,51.02,50.85,264900
27/06/2024,51.32,51.91,51.05,51.71,51.53,256100
28/06/2024,52.24,52.52,51.76,51.95,51.77,885100
01/07/2024,51.74,52.55,51.08,52.48,52.3,284700
02/07/2024,52.57,53.7,52.16,53.66,53.48,346700
03/07/2024,53.9,54.66,53.28,54.06,53.88,135800
05/07/2024,54.05,54.57,53.24,53.56,53.38,221500
08/07/2024,54.21,54.87,53.63,54.66,54.47,328900
09/07/2024,54.76,54.96,53.21,53.75,53.57,273500
10/07/2024,54.14,54.97,53.61,54.24,54.05,299100
11/07/2024,55.17,55.81,53.42,53.55,53.37,420500
12/07/2024,54.07,55.51,54.0,54.8,54.61,1064600
15/07/2024,55.55,57.2,55.55,56.65,56.46,527400
16/07/2024,57.11,57.37,56.01,56.73,56.54,442800
17/07/2024,56.02,56.04,53.45,53.86,53.68,458900
18/07/2024,53.98,54.72,52.57,53.51,53.33,426100
19/07/2024,53.7,54.4,52.77,53.48,53.3,380900
22/07/2024,54.0,55.9,53.4,55.53,55.34,288000
23/07/2024,55.09,57.08,55.09,56.72,56.53,406500
24/07/2024,55.92,56.07,54.62,54.64,54.45,443500
25/07/2024,54.96,55.0,52.79,53.51,53.33,388600
26/07/2024,54.52,55.7,53.81,55.29,55.1,268700
29/07/2024,56.1,56.15,53.55,54.51,54.32,231900
30/07/2024,54.76,55.06,53.96,54.46,54.27,259100
31/07/2024,55.49,56.5,54.82,55.81,55.62,353100
01/08/2024,56.08,56.1,53.03,54.41,54.22,354500
02/08/2024,52.0,53.0,49.99,51.97,51.79,469700
05/08/2024,48.09,51.58,46.77,50.8,50.63,330700
06/08/2024,51.19,52.39,50.2,51.86,51.68,191900
07/08/2024,52.85,53.12,50.09,50.18,50.01,206800
08/08/2024,51.12,52.83,49.88,52.83,52.65,229600
09/08/2024,52.49,53.62,52.11,53.33,53.15,230500
12/08/2024,53.44,54.4,52.9,52.96,52.78,219300
13/08/2024,53.67,54.36,53.12,53.88,53.7,245900
14/08/2024,54.47,54.78,53.56,53.85,53.67,166900
15/08/2024,55.0,56.94,54.39,56.59,56.4,308300
16/08/2024,56.64,57.14,56.21,56.47,56.28,382600
19/08/2024,56.48,58.09,56.24,58.0,57.8,235200
20/08/2024,57.77,58.0,54.79,54.83,54.64,386500
21/08/2024,55.22,55.93,54.64,55.79,55.6,350400
22/08/2024,55.7,56.2,54.74,54.78,54.59,278600
23/08/2024,55.29,56.07,54.83,55.47,55.28,360200
26/08/2024,54.5,54.61,45.27,47.38,47.22,1561600
27/08/2024,46.88,46.97,45.4,46.4,46.24,1084300
28/08/2024,46.47,48.02,46.21,47.4,47.24,618300
29/08/2024,47.5,48.75,44.45,44.58,44.43,1032600
30/08/2024,45.7,46.67,45.06,46.38,46.22,1152300
03/09/2024,45.81,46.07,43.18,43.33,43.18,601200
04/09/2024,42.92,43.65,41.9,43.39,43.24,694300
05/09/2024,36.55,37.5,31.79,34.5,34.38,7245700
06/09/2024,34.38,36.5,33.87,34.23,34.11,2489700
09/09/2024,34.23,35.6,34.21,35.17,35.05,804600
10/09/2024,34.99,36.79,34.94,36.57,36.45,705800
11/09/2024,36.72,37.46,35.6,36.58,36.46,495300
12/09/2024,36.81,37.61,36.5,37.58,37.58,390300
13/09/2024,38.09,38.47,37.77,38.43,38.43,671500
16/09/2024,38.16,39.69,38.03,39.42,39.42,581900
17/09/2024,39.99,41.22,39.88,40.31,40.31,788300
