Date,Open,High,Low,Close,Adj Close,Volume
16/07/2015,22.68,22.99,20.57,21.15,21.15,12591100
17/07/2015,21.24,21.35,20.0,20.04,20.04,1260500
20/07/2015,20.4,21.18,19.58,20.2,20.2,485600
21/07/2015,20.0,20.45,19.62,20.0,20.0,207700
22/07/2015,20.0,20.82,20.0,20.65,20.65,199700
23/07/2015,20.83,20.9,20.33,20.37,20.37,95300
24/07/2015,20.22,20.89,19.79,20.0,20.0,139000
27/07/2015,20.0,20.17,18.28,19.97,19.97,576600
28/07/2015,19.94,20.83,18.72,19.71,19.71,294200
29/07/2015,19.46,19.81,19.27,19.7,19.7,150500
30/07/2015,19.45,19.73,19.0,19.6,19.6,188200
31/07/2015,19.55,19.68,19.43,19.62,19.62,99700
03/08/2015,19.56,20.91,19.44,20.88,20.88,267200
04/08/2015,20.9,21.19,19.7,20.57,20.57,299700
05/08/2015,20.61,20.85,19.8,19.99,19.99,237500
06/08/2015,20.0,20.43,19.75,19.95,19.95,129600
07/08/2015,19.81,20.06,19.8,19.94,19.94,151000
10/08/2015,19.89,20.83,18.8,19.13,19.13,310600
11/08/2015,18.86,19.83,18.79,19.31,19.31,220100
12/08/2015,19.3,19.92,18.95,19.73,19.73,145400
13/08/2015,19.79,19.94,19.12,19.25,19.25,101100
14/08/2015,19.42,20.0,18.97,19.91,19.91,201500
17/08/2015,19.99,20.4,19.17,19.45,19.45,265900
18/08/2015,19.66,20.01,19.18,19.87,19.87,110000
19/08/2015,19.75,20.32,19.52,19.81,19.81,162900
20/08/2015,19.75,20.03,19.54,19.54,19.54,132700
21/08/2015,19.29,19.74,18.28,18.32,18.32,332000
24/08/2015,17.36,17.73,16.72,16.72,16.72,314000
25/08/2015,17.4,17.74,15.7,15.91,15.91,493800
26/08/2015,16.37,16.71,16.22,16.52,16.52,230300
27/08/2015,16.86,17.31,16.42,16.62,16.62,321900
28/08/2015,16.72,17.63,16.59,17.57,17.57,169400
31/08/2015,17.7,17.97,16.97,17.89,17.89,184300
01/09/2015,17.62,18.05,17.26,17.55,17.55,126500
02/09/2015,17.92,17.97,16.98,17.1,17.1,380000
03/09/2015,17.07,17.64,16.22,16.61,16.61,365500
04/09/2015,16.31,17.29,16.31,17.03,17.03,185200
08/09/2015,17.47,17.81,16.95,17.27,17.27,236900
09/09/2015,17.29,18.27,17.0,17.09,17.09,326100
10/09/2015,17.48,18.74,17.31,18.25,18.25,582100
11/09/2015,18.5,18.78,17.71,18.26,18.26,498300
14/09/2015,18.24,18.45,17.78,18.1,18.1,405800
15/09/2015,18.19,18.44,17.74,18.19,18.19,238400
16/09/2015,18.1,18.7,17.99,18.68,18.68,283200
17/09/2015,18.56,18.83,18.25,18.7,18.7,257500
18/09/2015,18.33,18.95,17.53,17.82,17.82,882200
21/09/2015,17.97,18.64,17.19,17.31,17.31,269700
22/09/2015,17.15,17.31,16.82,17.27,17.27,244500
23/09/2015,17.25,17.41,16.18,16.36,16.36,271400
24/09/2015,16.34,17.96,15.86,16.14,16.14,257300
25/09/2015,16.34,17.09,15.96,16.35,16.35,336800
28/09/2015,16.29,16.39,15.63,16.16,16.16,459100
29/09/2015,16.31,16.81,16.04,16.49,16.49,376400
30/09/2015,16.56,16.93,15.99,16.17,16.17,2560500
01/10/2015,16.25,16.63,15.45,16.08,16.08,536700
02/10/2015,16.29,16.82,15.73,16.73,16.73,471900
05/10/2015,16.83,16.88,16.29,16.66,16.66,321800
06/10/2015,16.57,16.62,15.95,16.39,16.39,227400
07/10/2015,16.4,16.76,16.22,16.59,16.59,243400
08/10/2015,16.49,16.6,16.08,16.49,16.49,175500
09/10/2015,16.49,17.11,16.4,17.1,17.1,188000
12/10/2015,17.03,17.19,16.2,16.94,16.94,249800
13/10/2015,16.82,17.1,16.73,16.99,16.99,265400
14/10/2015,16.98,17.44,16.09,16.3,16.3,331500
15/10/2015,16.28,16.5,15.62,16.18,16.18,177900
16/10/2015,16.2,16.32,15.69,15.91,15.91,336800
19/10/2015,15.82,15.96,15.65,15.66,15.66,159100
20/10/2015,15.69,15.98,15.25,15.38,15.38,156300
21/10/2015,15.49,15.6,15.17,15.4,15.4,209000
22/10/2015,15.45,15.72,15.22,15.55,15.55,599800
23/10/2015,15.6,15.79,15.0,15.28,15.28,119200
26/10/2015,15.19,15.67,15.0,15.49,15.49,131800
27/10/2015,15.4,15.46,14.88,15.28,15.28,322300
28/10/2015,15.47,15.91,15.19,15.34,15.34,234100
29/10/2015,15.24,15.97,15.24,15.92,15.92,249000
30/10/2015,15.89,16.15,15.6,15.85,15.85,171900
02/11/2015,15.91,16.31,15.61,16.2,16.2,236600
03/11/2015,16.22,16.93,16.22,16.7,16.7,100500
04/11/2015,16.67,16.68,16.21,16.46,16.46,158800
05/11/2015,16.54,16.73,16.41,16.54,16.54,62800
06/11/2015,16.43,17.25,16.33,17.1,17.1,161800
09/11/2015,17.05,17.29,16.6,17.1,17.1,146100
10/11/2015,17.06,17.18,16.69,17.0,17.0,116000
11/11/2015,17.0,17.0,16.25,16.71,16.71,167500
12/11/2015,16.59,17.1,16.5,16.98,16.98,121400
13/11/2015,16.82,16.82,16.3,16.65,16.65,168700
16/11/2015,16.57,17.4,16.57,17.39,17.39,88900
17/11/2015,17.41,18.07,16.75,17.0,17.0,316400
18/11/2015,16.96,17.5,16.81,17.26,17.26,203600
19/11/2015,17.23,17.23,16.69,16.98,16.98,84200
20/11/2015,17.09,17.49,17.09,17.25,17.25,178200
23/11/2015,17.25,17.59,17.21,17.24,17.24,117700
24/11/2015,17.13,17.47,16.87,17.23,17.23,194600
25/11/2015,17.26,17.84,17.2,17.77,17.77,172800
27/11/2015,17.8,18.19,17.43,18.04,18.04,124200
30/11/2015,18.07,18.19,17.4,17.66,17.66,166800
01/12/2015,17.68,17.68,17.22,17.24,17.24,78200
02/12/2015,17.31,17.36,16.87,17.08,17.08,82300
03/12/2015,17.08,17.25,16.57,16.7,16.7,82400
04/12/2015,16.64,16.93,16.58,16.76,16.76,63400
07/12/2015,16.8,16.94,16.04,16.17,16.17,119400
08/12/2015,16.0,16.54,15.96,16.49,16.49,141300
09/12/2015,16.43,16.76,16.05,16.51,16.51,317000
10/12/2015,18.03,18.03,15.86,17.08,17.08,790600
11/12/2015,17.59,17.74,16.68,17.31,17.31,602200
14/12/2015,17.4,18.21,16.13,16.49,16.49,412400
15/12/2015,16.49,16.78,15.93,16.66,16.66,295000
16/12/2015,16.67,17.15,16.51,17.02,17.02,231900
17/12/2015,17.02,17.31,16.72,16.94,16.94,405500
18/12/2015,16.8,16.99,16.72,16.83,16.83,135700
21/12/2015,16.85,17.07,16.34,16.69,16.69,216800
22/12/2015,16.56,16.95,16.47,16.79,16.79,128800
23/12/2015,16.8,17.3,16.75,17.21,17.21,172000
24/12/2015,17.24,17.38,16.93,16.94,16.94,24800
28/12/2015,16.89,16.99,16.54,16.75,16.75,123500
29/12/2015,16.75,17.14,16.71,16.81,16.81,142400
30/12/2015,16.82,17.01,16.61,17.0,17.0,168500
31/12/2015,17.0,17.23,16.75,17.01,17.01,169100
04/01/2016,16.73,17.39,16.13,17.33,17.33,285800
05/01/2016,17.36,18.25,17.36,17.98,17.98,342000
06/01/2016,18.19,19.07,17.8,18.6,18.6,485400
07/01/2016,18.18,18.64,17.96,18.34,18.34,313900
08/01/2016,18.51,18.76,18.08,18.16,18.16,336800
11/01/2016,18.85,19.6,18.0,18.27,18.27,494800
12/01/2016,18.77,19.2,17.44,17.5,17.5,832200
13/01/2016,17.39,18.25,17.35,17.58,17.58,259400
14/01/2016,17.64,18.03,17.19,17.73,17.73,685700
15/01/2016,17.35,19.06,17.25,18.82,18.82,795800
19/01/2016,19.12,19.55,18.38,18.8,18.8,655100
20/01/2016,18.77,19.03,17.97,18.7,18.7,319700
21/01/2016,18.6,19.29,18.48,18.72,18.72,269900
22/01/2016,19.08,19.64,18.86,19.48,19.48,522800
25/01/2016,19.31,19.84,18.97,19.77,19.77,323800
26/01/2016,19.77,20.63,19.76,20.58,20.58,401100
27/01/2016,20.5,21.01,20.19,20.77,20.77,381500
28/01/2016,21.0,21.67,20.72,21.38,21.38,627100
29/01/2016,21.45,22.53,21.41,22.35,22.35,760900
01/02/2016,21.33,22.24,20.54,21.87,21.87,1085100
02/02/2016,21.61,22.5,21.27,22.12,22.12,553600
03/02/2016,22.2,22.34,21.01,21.11,21.11,415300
04/02/2016,21.11,21.29,20.43,20.73,20.73,216200
05/02/2016,20.87,21.4,20.4,20.87,20.87,554100
08/02/2016,19.92,20.23,18.97,19.5,19.5,581500
09/02/2016,19.26,19.81,18.99,19.21,19.21,290300
10/02/2016,19.33,20.15,19.22,19.79,19.79,258600
11/02/2016,19.25,20.52,19.25,19.82,19.82,214100
12/02/2016,19.81,20.43,19.81,20.3,20.3,232600
16/02/2016,20.42,21.76,20.42,21.26,21.26,259900
17/02/2016,20.13,22.18,20.0,21.56,21.56,630200
18/02/2016,21.89,22.22,20.47,20.89,20.89,727300
19/02/2016,20.69,21.68,20.64,21.0,21.0,5021600
22/02/2016,21.26,21.44,20.79,21.03,21.03,906700
23/02/2016,21.0,21.3,20.2,20.36,20.36,726800
24/02/2016,20.25,20.9,19.91,20.78,20.78,802800
25/02/2016,20.98,21.27,20.65,20.7,20.7,471100
26/02/2016,20.85,21.08,20.19,20.2,20.2,559200
29/02/2016,20.21,20.57,19.81,20.2,20.2,476300
01/03/2016,20.13,21.07,19.95,20.95,20.95,635200
02/03/2016,20.84,20.91,20.22,20.41,20.41,249100
03/03/2016,20.46,20.57,19.75,20.29,20.29,301600
04/03/2016,20.22,20.88,19.93,20.7,20.7,309300
07/03/2016,20.72,20.9,20.08,20.26,20.26,449600
08/03/2016,20.25,20.57,20.03,20.18,20.18,293700
09/03/2016,20.37,20.72,20.16,20.68,20.68,319000
10/03/2016,20.83,21.69,20.39,21.26,21.26,548600
11/03/2016,21.44,21.81,21.2,21.44,21.44,423100
14/03/2016,21.49,22.0,21.35,21.49,21.49,343700
15/03/2016,21.4,21.69,20.89,21.05,21.05,240400
16/03/2016,21.0,21.69,20.94,21.6,21.6,220100
17/03/2016,21.53,22.0,21.32,21.8,21.8,153200
18/03/2016,21.93,23.63,21.93,23.31,23.31,1584300
21/03/2016,23.71,23.89,23.01,23.66,23.66,581300
22/03/2016,23.54,23.75,22.84,23.18,23.18,466100
23/03/2016,23.09,23.23,22.65,22.68,22.68,293100
24/03/2016,22.65,22.74,21.37,22.01,22.01,633500
28/03/2016,22.03,22.63,21.97,22.5,22.5,210500
29/03/2016,22.52,23.03,22.33,23.01,23.01,369700
30/03/2016,23.25,23.3,22.68,23.09,23.09,223100
31/03/2016,23.16,23.62,23.03,23.43,23.43,329700
01/04/2016,23.34,24.0,23.11,23.91,23.91,504700
04/04/2016,23.81,23.95,23.15,23.34,23.34,453700
05/04/2016,23.22,23.25,22.12,22.49,22.49,519500
06/04/2016,22.43,23.01,22.27,22.7,22.7,465400
07/04/2016,24.87,25.99,24.01,25.04,25.04,2729500
08/04/2016,25.08,25.63,24.26,25.2,25.2,887400
11/04/2016,25.32,25.5,24.12,24.12,24.12,519200
12/04/2016,24.0,25.88,23.63,25.74,25.74,1011300
13/04/2016,26.0,26.47,25.62,26.14,26.14,408200
14/04/2016,26.05,26.95,25.99,26.11,26.11,544100
15/04/2016,26.24,26.77,25.99,26.67,26.67,348200
18/04/2016,26.05,27.35,26.05,27.25,27.25,544900
19/04/2016,27.45,28.27,27.21,27.65,27.65,812200
20/04/2016,27.84,28.04,26.64,27.06,27.06,521200
21/04/2016,27.17,27.44,26.9,27.13,27.13,322300
22/04/2016,27.14,27.32,26.96,27.21,27.21,288300
25/04/2016,27.21,27.51,26.95,27.01,27.01,378900
26/04/2016,27.16,27.36,26.46,27.23,27.23,163000
27/04/2016,27.2,27.78,26.7,27.68,27.68,163800
28/04/2016,27.72,28.72,26.23,26.72,26.72,426900
29/04/2016,26.69,26.91,26.36,26.45,26.45,301200
02/05/2016,26.0,26.0,24.76,25.78,25.78,722600
03/05/2016,25.73,26.68,25.27,26.26,26.26,310300
04/05/2016,26.12,26.26,25.52,25.87,25.87,368600
05/05/2016,26.0,26.0,24.79,24.8,24.8,404300
06/05/2016,24.88,25.67,24.76,25.33,25.33,297600
09/05/2016,25.42,25.74,25.11,25.41,25.41,289600
10/05/2016,25.56,25.64,25.14,25.28,25.28,276800
11/05/2016,25.06,25.28,24.5,24.53,24.53,331600
12/05/2016,24.54,24.88,24.27,24.45,24.45,238200
13/05/2016,24.4,24.56,23.73,23.89,23.89,432200
16/05/2016,23.75,24.32,23.74,23.96,23.96,260500
17/05/2016,23.76,24.16,23.21,23.34,23.34,286900
18/05/2016,23.32,23.41,22.81,23.09,23.09,268700
19/05/2016,23.1,23.91,22.94,23.45,23.45,273200
20/05/2016,23.65,24.24,23.12,23.22,23.22,255600
23/05/2016,23.14,23.81,23.05,23.24,23.24,335800
24/05/2016,23.37,23.62,23.17,23.43,23.43,238000
25/05/2016,23.56,23.86,23.26,23.61,23.61,340000
26/05/2016,23.81,25.73,23.81,25.33,25.33,604300
27/05/2016,25.44,25.71,24.81,25.6,25.6,497200
31/05/2016,25.91,26.55,24.75,25.07,25.07,1224500
01/06/2016,24.97,26.4,24.94,26.21,26.21,1559200
02/06/2016,25.75,25.88,24.22,25.0,25.0,1710900
03/06/2016,25.1,25.65,24.77,25.52,25.52,512400
06/06/2016,24.1,25.6,24.04,25.47,25.47,996300
07/06/2016,25.31,25.5,24.5,24.66,24.66,9145200
08/06/2016,24.7,24.99,24.5,24.53,24.53,1414300
09/06/2016,24.56,25.3,24.5,25.16,25.16,1460100
10/06/2016,25.06,25.13,24.45,24.62,24.62,1139300
13/06/2016,24.39,24.65,23.68,23.94,23.94,1230800
14/06/2016,23.94,23.96,22.66,23.16,23.16,1658400
15/06/2016,23.16,24.28,23.09,23.78,23.78,1202700
16/06/2016,23.87,23.88,22.52,23.26,23.26,1336000
17/06/2016,23.33,23.59,23.02,23.33,23.33,1227700
20/06/2016,23.45,24.27,23.36,24.07,24.07,771200
21/06/2016,24.06,24.24,23.42,23.57,23.57,719300
22/06/2016,23.49,23.84,23.47,23.7,23.7,676600
23/06/2016,23.77,24.5,23.67,24.42,24.42,998300
24/06/2016,23.21,24.08,23.05,23.67,23.67,2283400
27/06/2016,23.45,23.45,22.25,23.18,23.18,979500
28/06/2016,23.45,24.01,23.16,23.97,23.97,785800
29/06/2016,24.07,24.81,23.95,24.69,24.69,757700
30/06/2016,24.63,24.98,24.17,24.89,24.89,629300
01/07/2016,24.77,24.99,24.52,24.81,24.81,388800
05/07/2016,24.69,24.87,23.75,23.87,23.87,365800
06/07/2016,23.6,24.38,23.5,24.13,24.13,521500
07/07/2016,24.24,24.34,23.87,24.06,24.06,413800
08/07/2016,24.24,24.83,24.0,24.74,24.74,548200
11/07/2016,24.89,25.39,24.74,25.19,25.19,747300
12/07/2016,25.41,25.44,24.95,25.12,25.12,781800
13/07/2016,25.14,25.17,24.25,24.31,24.31,402500
14/07/2016,24.63,24.78,24.0,24.54,24.54,544200
15/07/2016,24.69,24.83,24.37,24.76,24.76,450300
18/07/2016,24.8,25.83,24.67,25.7,25.7,929200
19/07/2016,25.84,26.83,25.79,26.15,26.15,1046100
20/07/2016,26.13,26.33,25.96,26.04,26.04,400600
21/07/2016,26.0,26.08,25.36,25.66,25.66,393100
22/07/2016,25.68,25.99,25.44,25.75,25.75,290400
25/07/2016,25.84,26.02,25.1,25.93,25.93,585900
26/07/2016,25.91,26.42,25.53,25.93,25.93,501200
27/07/2016,25.93,26.0,25.55,25.72,25.72,544500
28/07/2016,25.77,25.77,25.21,25.58,25.58,238600
29/07/2016,25.66,26.35,25.42,26.14,26.14,364000
01/08/2016,26.23,27.37,25.75,27.2,27.2,1654100
02/08/2016,27.37,27.49,25.24,25.91,25.91,1497200
03/08/2016,25.72,26.41,24.7,26.36,26.36,650200
04/08/2016,26.4,26.8,26.19,26.53,26.53,349600
05/08/2016,26.57,27.0,26.57,26.89,26.89,300900
08/08/2016,27.02,27.17,26.76,27.16,27.16,465600
09/08/2016,27.17,27.26,26.75,26.9,26.9,442200
10/08/2016,26.88,27.36,26.87,27.01,27.01,392300
11/08/2016,27.38,27.52,27.02,27.48,27.48,451600
12/08/2016,27.62,27.98,27.22,27.75,27.75,564500
15/08/2016,27.91,28.0,27.19,27.29,27.29,250900
16/08/2016,27.26,27.45,26.77,26.86,26.86,380100
17/08/2016,26.67,27.16,26.28,26.98,26.98,332600
18/08/2016,27.09,27.84,26.9,27.8,27.8,543600
19/08/2016,27.91,27.94,27.58,27.72,27.72,344200
22/08/2016,27.83,28.0,27.33,27.4,27.4,305800
23/08/2016,27.54,28.29,27.54,28.12,28.12,683200
24/08/2016,28.14,28.33,27.87,27.92,27.92,232700
25/08/2016,27.71,27.74,26.5,26.7,26.7,714000
26/08/2016,26.5,26.99,26.05,26.42,26.42,503500
29/08/2016,26.9,26.9,25.97,26.08,26.08,499800
30/08/2016,25.97,26.1,25.31,25.72,25.72,1038600
31/08/2016,25.73,26.26,25.23,25.42,25.42,1196400
01/09/2016,28.37,28.6,26.72,27.66,27.66,4100900
02/09/2016,27.7,27.87,26.97,27.48,27.48,598000
06/09/2016,27.76,27.98,26.96,27.21,27.21,527500
07/09/2016,26.88,26.9,26.01,26.34,26.34,6843300
08/09/2016,26.14,26.5,26.09,26.2,26.2,1678800
09/09/2016,26.04,26.26,24.86,25.17,25.17,1561600
12/09/2016,25.47,25.83,25.26,25.69,25.69,1608100
13/09/2016,25.54,25.73,24.62,25.23,25.23,1353500
14/09/2016,25.34,25.49,24.47,24.55,24.55,1165600
15/09/2016,24.6,24.93,24.12,24.83,24.83,911800
16/09/2016,24.74,24.83,24.2,24.79,24.79,1120400
19/09/2016,24.83,25.21,24.8,25.09,25.09,707500
20/09/2016,25.39,25.79,25.28,25.6,25.6,938200
21/09/2016,25.58,26.41,25.57,26.39,26.39,916600
22/09/2016,26.49,26.5,25.97,26.18,26.18,666600
23/09/2016,26.01,26.28,25.82,26.0,26.0,988800
26/09/2016,25.63,26.17,25.63,25.99,25.99,478900
27/09/2016,26.01,26.49,25.98,26.13,26.13,409600
28/09/2016,26.14,26.23,25.86,26.11,26.11,453300
29/09/2016,26.13,26.13,25.87,25.95,25.95,623200
30/09/2016,26.01,26.38,25.92,26.21,26.21,642400
03/10/2016,26.21,26.47,25.98,26.32,26.32,587200
04/10/2016,27.5,27.55,27.26,27.33,27.33,2794500
05/10/2016,27.39,27.44,26.79,27.09,27.09,7542200
06/10/2016,26.9,27.09,26.46,26.9,26.9,1306900
07/10/2016,26.91,27.26,26.73,27.2,27.2,864100
10/10/2016,27.22,27.35,26.98,27.21,27.21,780200
11/10/2016,27.01,27.05,26.53,26.65,26.65,738300
12/10/2016,26.59,27.05,26.59,26.95,26.95,441600
13/10/2016,26.67,26.71,26.36,26.44,26.44,481000
14/10/2016,26.87,27.09,26.52,26.79,26.79,627700
17/10/2016,26.66,26.89,26.53,26.88,26.88,492100
18/10/2016,27.0,27.62,26.97,27.17,27.17,687400
19/10/2016,27.13,27.57,26.97,27.55,27.55,493400
20/10/2016,27.37,27.66,27.17,27.42,27.42,282900
21/10/2016,27.38,27.38,27.09,27.16,27.16,375600
24/10/2016,27.31,27.69,27.19,27.64,27.64,308600
25/10/2016,27.66,27.66,27.06,27.13,27.13,334400
26/10/2016,27.08,27.22,26.68,26.79,26.79,435500
27/10/2016,26.86,26.89,26.41,26.58,26.58,487000
28/10/2016,26.49,27.22,26.49,27.05,27.05,594700
31/10/2016,27.0,27.4,26.85,27.35,27.35,374200
01/11/2016,27.35,27.4,26.5,26.55,26.55,425100
02/11/2016,26.6,26.9,26.25,26.65,26.65,413500
03/11/2016,26.7,26.7,25.75,25.8,25.8,497400
04/11/2016,25.75,26.45,25.65,26.15,26.15,369400
07/11/2016,26.35,26.65,26.05,26.55,26.55,683000
08/11/2016,26.45,27.1,26.3,26.8,26.8,285600
09/11/2016,26.4,28.15,25.75,28.1,28.1,522400
10/11/2016,28.25,29.75,28.2,28.85,28.85,1356000
11/11/2016,28.85,29.8,28.35,29.6,29.6,744400
14/11/2016,30.1,31.6,30.05,30.55,30.55,1064200
15/11/2016,30.6,30.7,29.6,29.85,29.85,811100
16/11/2016,29.85,30.45,29.55,30.4,30.4,544200
17/11/2016,30.35,31.1,30.3,31.0,31.0,430500
18/11/2016,31.05,31.2,30.65,30.8,30.8,546100
21/11/2016,31.0,31.3,30.85,31.15,31.15,500500
22/11/2016,31.5,32.4,31.2,32.3,32.3,866300
23/11/2016,32.45,32.67,31.9,32.0,32.0,728500
25/11/2016,32.2,32.2,31.45,31.8,31.8,303900
28/11/2016,31.8,32.05,30.95,31.0,31.0,533300
29/11/2016,30.85,31.4,30.75,30.75,30.75,618000
30/11/2016,30.85,31.54,29.75,30.05,30.05,844800
01/12/2016,29.95,30.17,28.85,29.45,29.45,900600
02/12/2016,29.55,30.9,29.5,30.65,30.65,463200
05/12/2016,31.1,31.6,30.75,31.45,31.45,570400
06/12/2016,31.6,31.6,30.65,31.5,31.5,448900
07/12/2016,31.4,32.75,31.25,31.85,31.85,1380500
08/12/2016,31.0,31.83,29.06,31.25,31.25,2682800
09/12/2016,31.35,31.45,30.45,30.85,30.85,1062600
12/12/2016,30.55,30.75,29.75,29.75,29.75,1052200
13/12/2016,29.85,30.25,29.6,29.85,29.85,705200
14/12/2016,29.85,29.85,29.31,29.8,29.8,693900
15/12/2016,29.85,30.8,29.4,30.25,30.25,840600
16/12/2016,30.15,30.35,29.6,29.9,29.9,1670100
19/12/2016,29.75,30.7,29.55,30.1,30.1,675400
20/12/2016,30.1,30.55,30.1,30.55,30.55,283800
21/12/2016,30.55,30.75,30.2,30.2,30.2,201400
22/12/2016,30.25,30.55,29.6,29.6,29.6,859700
23/12/2016,29.7,30.0,29.5,29.9,29.9,460100
27/12/2016,29.85,30.25,29.75,30.2,30.2,480800
28/12/2016,30.2,30.4,29.1,29.15,29.15,387100
29/12/2016,29.1,29.65,28.8,28.9,28.9,323700
30/12/2016,29.0,29.04,28.42,28.45,28.45,374800
03/01/2017,28.65,29.02,28.1,28.45,28.45,519500
04/01/2017,28.2,29.45,28.0,29.4,29.4,726000
05/01/2017,28.95,29.0,27.8,28.3,28.3,796000
06/01/2017,28.35,28.45,27.75,27.85,27.85,500500
09/01/2017,28.45,29.35,28.15,29.25,29.25,940300
10/01/2017,29.3,30.4,29.25,30.25,30.25,926700
11/01/2017,30.15,31.1,30.0,30.5,30.5,743900
12/01/2017,30.3,31.0,30.2,30.85,30.85,525800
13/01/2017,30.9,30.95,30.25,30.6,30.6,780400
17/01/2017,30.65,31.9,30.65,31.15,31.15,827500
18/01/2017,31.1,31.65,30.65,31.25,31.25,639700
19/01/2017,31.25,31.75,31.0,31.4,31.4,741700
20/01/2017,31.4,31.75,31.3,31.65,31.65,459700
23/01/2017,31.6,31.65,31.2,31.25,31.25,489100
24/01/2017,31.35,31.5,30.62,31.1,31.1,695600
25/01/2017,31.15,31.38,30.6,30.7,30.7,615300
26/01/2017,30.6,30.7,30.0,30.05,30.05,482300
27/01/2017,30.0,30.17,29.3,29.35,29.35,610400
30/01/2017,29.2,30.15,28.9,30.0,30.0,401200
31/01/2017,29.9,30.6,29.4,30.55,30.55,493000
01/02/2017,30.55,30.9,30.25,30.65,30.65,436500
02/02/2017,30.85,31.45,30.65,31.2,31.2,585200
03/02/2017,31.2,32.8,31.08,32.15,32.15,980800
06/02/2017,32.05,32.12,30.98,31.15,31.15,475900
07/02/2017,31.1,31.38,30.85,31.0,31.0,324500
08/02/2017,31.05,31.75,30.75,31.65,31.65,461800
09/02/2017,31.6,32.57,31.6,32.15,32.15,1067900
10/02/2017,32.25,32.55,31.9,32.25,32.25,319300
13/02/2017,32.35,32.55,31.62,31.65,31.65,271600
14/02/2017,31.6,32.9,31.6,32.65,32.65,492800
15/02/2017,32.6,32.75,32.34,32.5,32.5,418500
16/02/2017,32.4,32.75,32.15,32.55,32.55,382400
17/02/2017,32.6,32.67,32.0,32.55,32.55,400100
21/02/2017,32.6,33.45,32.41,32.65,32.65,625900
22/02/2017,32.65,32.7,31.95,32.3,32.3,328900
23/02/2017,32.3,32.6,30.95,30.95,30.95,561700
24/02/2017,30.8,32.45,30.55,32.15,32.15,701500
27/02/2017,32.15,32.65,32.0,32.4,32.4,514200
28/02/2017,32.2,32.4,31.35,31.35,31.35,560800
01/03/2017,31.75,31.95,31.09,31.85,31.85,406400
02/03/2017,31.9,32.4,31.73,32.05,32.05,233200
03/03/2017,32.05,32.35,31.4,31.7,31.7,454100
06/03/2017,31.45,31.55,30.95,31.35,31.35,365300
07/03/2017,31.3,31.65,30.75,31.05,31.05,477100
08/03/2017,31.15,32.0,30.94,31.8,31.8,301300
09/03/2017,31.8,31.95,31.4,31.8,31.8,545900
10/03/2017,31.95,32.04,31.0,31.2,31.2,288900
13/03/2017,31.2,31.7,31.0,31.5,31.5,253700
14/03/2017,31.25,31.75,31.18,31.55,31.55,178800
15/03/2017,31.65,31.92,31.25,31.75,31.75,334500
16/03/2017,31.8,32.45,31.65,32.25,32.25,404300
17/03/2017,32.25,32.65,31.95,32.5,32.5,798000
20/03/2017,32.55,32.6,32.05,32.35,32.35,254200
21/03/2017,32.55,32.55,31.25,31.65,31.65,445600
22/03/2017,31.55,32.25,31.3,32.2,32.2,307000
23/03/2017,32.4,33.0,32.2,32.6,32.6,377200
24/03/2017,32.6,32.9,32.15,32.45,32.45,425600
27/03/2017,32.2,33.49,32.2,32.95,32.95,834400
28/03/2017,32.95,33.5,32.95,33.1,33.1,1477000
29/03/2017,34.0,35.8,32.35,33.2,33.2,2986600
30/03/2017,33.15,34.15,33.01,34.0,34.0,942500
31/03/2017,34.0,34.25,33.4,33.5,33.5,625300
03/04/2017,33.65,33.67,32.55,33.35,33.35,620700
04/04/2017,33.3,33.7,32.75,33.3,33.3,415000
05/04/2017,33.35,33.8,32.62,32.85,32.85,485500
06/04/2017,32.85,33.75,32.85,33.35,33.35,430700
07/04/2017,33.2,34.1,33.2,33.6,33.6,359300
10/04/2017,33.65,34.65,33.53,33.95,33.95,512600
11/04/2017,34.0,34.4,33.5,34.3,34.3,406400
12/04/2017,34.2,34.3,33.47,33.7,33.7,286600
13/04/2017,33.6,34.0,33.22,33.3,33.3,353000
17/04/2017,33.6,35.1,33.5,34.9,34.9,1302900
18/04/2017,34.75,35.45,34.4,35.4,35.4,1336600
19/04/2017,35.45,36.1,35.3,35.55,35.55,1009100
20/04/2017,35.7,36.75,35.65,36.7,36.7,908700
21/04/2017,36.7,37.35,36.6,36.95,36.95,740700
24/04/2017,37.5,37.7,36.58,37.5,37.5,576300
25/04/2017,37.75,37.95,37.03,37.65,37.65,496900
26/04/2017,37.8,38.88,37.7,38.45,38.45,715200
27/04/2017,38.5,38.6,37.75,37.9,37.9,414400
28/04/2017,37.95,38.4,37.55,38.3,38.3,329500
01/05/2017,38.35,38.35,37.85,38.0,38.0,569800
02/05/2017,38.0,39.1,37.88,39.05,39.05,554000
03/05/2017,38.75,39.58,38.75,39.5,39.5,595600
04/05/2017,39.6,39.8,39.35,39.65,39.65,539800
05/05/2017,40.1,41.0,39.7,41.0,41.0,871500
08/05/2017,41.05,41.3,39.95,40.1,40.1,752200
09/05/2017,40.1,40.5,39.15,39.45,39.45,658600
10/05/2017,39.3,40.15,39.05,40.0,40.0,468700
11/05/2017,39.75,40.05,39.17,39.75,39.75,523300
12/05/2017,39.5,39.55,38.3,39.45,39.45,658400
15/05/2017,39.35,39.78,38.9,38.92,38.92,527300
16/05/2017,38.9,38.95,37.6,38.65,38.65,768400
17/05/2017,38.35,39.55,37.7,38.95,38.95,704700
18/05/2017,38.85,39.95,38.85,39.5,39.5,492100
19/05/2017,39.6,40.83,39.45,40.45,40.45,555100
22/05/2017,40.8,41.28,40.5,41.0,41.0,409300
23/05/2017,41.0,41.35,40.6,41.1,41.1,364400
24/05/2017,40.9,41.25,40.65,40.9,40.9,500800
25/05/2017,41.1,42.05,40.9,41.85,41.85,554600
26/05/2017,41.9,42.6,41.35,41.7,41.7,703600
30/05/2017,40.8,41.38,39.01,41.1,41.1,565700
31/05/2017,41.15,41.42,39.95,41.15,41.15,994300
01/06/2017,41.0,44.0,39.95,43.65,43.65,1527700
02/06/2017,43.4,44.08,42.65,42.9,42.9,687300
05/06/2017,42.7,43.0,42.05,42.9,42.9,498900
06/06/2017,42.8,42.8,42.15,42.35,42.35,524700
07/06/2017,42.6,43.0,42.05,42.85,42.85,578200
08/06/2017,42.95,43.35,42.5,43.1,43.1,713100
09/06/2017,43.2,43.5,42.88,43.25,43.25,699600
12/06/2017,43.25,43.65,41.2,41.5,41.5,1051300
13/06/2017,42.1,42.6,41.8,41.9,41.9,849700
14/06/2017,41.85,42.15,41.55,41.8,41.8,565100
15/06/2017,41.5,41.72,40.6,40.9,40.9,467900
16/06/2017,40.45,41.2,40.0,40.95,40.95,1149400
19/06/2017,41.2,41.95,40.35,41.65,41.65,628500
20/06/2017,41.65,41.7,40.5,40.55,40.55,447100
21/06/2017,40.6,41.45,40.0,40.25,40.25,766500
22/06/2017,40.15,40.4,38.45,39.3,39.3,1315900
23/06/2017,39.4,39.65,38.55,39.15,39.15,4555300
26/06/2017,39.1,40.4,39.1,39.85,39.85,646900
27/06/2017,39.85,41.15,39.85,41.1,41.1,923900
28/06/2017,41.2,41.7,40.92,41.6,41.6,671700
29/06/2017,41.7,42.3,41.15,41.55,41.55,594500
30/06/2017,41.5,42.7,41.15,42.6,42.6,742400
03/07/2017,42.85,42.9,42.2,42.6,42.6,338900
05/07/2017,42.6,42.8,41.8,42.05,42.05,657600
06/07/2017,41.75,41.99,40.9,41.15,41.15,569600
07/07/2017,41.15,42.75,41.0,42.6,42.6,726800
10/07/2017,42.5,42.5,40.95,41.05,41.05,961300
11/07/2017,41.15,42.3,41.05,42.3,42.3,827200
12/07/2017,42.8,43.2,41.4,42.2,42.2,778200
13/07/2017,42.4,43.1,42.0,43.0,43.0,509700
14/07/2017,43.1,43.4,42.7,43.25,43.25,452800
17/07/2017,43.4,44.3,43.0,44.1,44.1,618800
18/07/2017,44.1,44.67,43.85,44.2,44.2,732800
19/07/2017,44.35,44.65,43.05,43.05,43.05,579600
20/07/2017,43.1,44.15,42.8,43.6,43.6,350600
21/07/2017,43.75,44.0,43.17,43.85,43.85,472300
24/07/2017,43.8,44.05,43.67,43.75,43.75,396200
25/07/2017,44.05,44.3,43.42,44.25,44.25,415000
26/07/2017,44.4,44.4,43.72,44.1,44.1,528400
27/07/2017,44.25,45.0,44.0,44.8,44.8,604400
28/07/2017,44.65,45.55,44.35,45.4,45.4,382600
31/07/2017,45.6,45.94,44.55,44.7,44.7,432900
01/08/2017,46.08,46.08,44.15,44.45,44.45,451800
02/08/2017,44.35,44.65,43.55,43.95,43.95,479400
03/08/2017,44.0,45.1,44.0,45.05,45.05,382700
04/08/2017,45.15,45.6,45.0,45.35,45.35,296200
07/08/2017,45.55,45.9,44.95,45.05,45.05,754500
08/08/2017,45.05,45.6,44.5,44.85,44.85,540800
09/08/2017,44.5,44.95,43.85,44.2,44.2,523500
10/08/2017,43.9,44.45,42.9,43.45,43.45,494500
11/08/2017,43.45,44.85,42.81,44.75,44.75,423900
14/08/2017,45.05,45.55,44.83,45.0,45.0,437600
15/08/2017,44.85,45.2,43.52,43.65,43.65,441300
16/08/2017,44.05,44.55,44.0,44.15,44.15,416800
17/08/2017,43.85,44.35,43.1,43.15,43.15,425400
18/08/2017,43.0,44.5,43.0,44.35,44.35,505100
21/08/2017,44.2,44.25,43.45,43.5,43.5,453200
22/08/2017,43.45,43.85,43.24,43.5,43.5,874700
23/08/2017,43.35,44.4,43.05,44.05,44.05,668300
24/08/2017,44.6,45.2,43.4,43.55,43.55,589300
25/08/2017,43.65,44.0,43.1,43.7,43.7,839200
28/08/2017,43.95,44.13,43.5,43.85,43.85,870400
29/08/2017,43.55,43.95,43.1,43.3,43.3,948400
30/08/2017,43.1,43.9,41.5,42.7,42.7,1327300
31/08/2017,42.75,42.95,41.31,41.85,41.85,777500
01/09/2017,42.0,43.0,41.85,42.7,42.7,513000
05/09/2017,42.65,43.8,42.6,43.35,43.35,646500
06/09/2017,43.55,43.85,42.8,43.35,43.35,528600
07/09/2017,43.45,44.15,43.25,44.15,44.15,358700
08/09/2017,43.95,45.35,43.8,45.2,45.2,693900
11/09/2017,45.4,45.5,44.95,45.05,45.05,572900
12/09/2017,45.05,45.95,44.8,45.9,45.9,507500
13/09/2017,45.95,46.0,45.15,45.75,45.75,385800
14/09/2017,45.8,45.8,45.05,45.3,45.3,332100
15/09/2017,45.45,45.95,44.95,45.85,45.85,679200
18/09/2017,45.9,46.25,45.5,46.0,46.0,667700
19/09/2017,46.0,46.15,45.85,46.05,46.05,768100
20/09/2017,46.0,46.0,45.4,45.7,45.7,403900
21/09/2017,45.85,45.85,45.2,45.6,45.6,219500
22/09/2017,45.6,46.03,45.05,45.8,45.8,495500
25/09/2017,45.5,45.75,44.88,45.05,45.05,859700
26/09/2017,45.2,45.4,43.9,44.6,44.6,553400
27/09/2017,44.7,46.0,44.6,45.95,45.95,594100
28/09/2017,45.65,46.0,44.9,45.8,45.8,576300
29/09/2017,45.65,46.7,45.55,46.4,46.4,679000
02/10/2017,46.4,46.4,45.7,46.1,46.1,521500
03/10/2017,46.2,46.82,45.95,46.3,46.3,407800
04/10/2017,46.25,46.75,46.1,46.75,46.75,292600
05/10/2017,46.85,46.9,46.35,46.6,46.6,421200
06/10/2017,46.6,46.6,45.4,45.65,45.65,686600
09/10/2017,45.5,45.6,45.0,45.3,45.3,313400
10/10/2017,45.35,45.75,45.0,45.25,45.25,285600
11/10/2017,45.35,45.8,45.3,45.45,45.45,267300
12/10/2017,45.5,45.5,44.65,45.2,45.2,367600
13/10/2017,45.25,45.72,45.05,45.3,45.3,225000
16/10/2017,45.25,45.4,44.8,45.3,45.3,218100
17/10/2017,45.35,45.4,44.95,44.95,44.95,217000
18/10/2017,44.8,45.25,44.65,44.9,44.9,375700
19/10/2017,44.55,44.65,44.0,44.4,44.4,412400
20/10/2017,44.9,45.35,44.7,45.1,45.1,348200
23/10/2017,45.15,46.35,45.15,46.0,46.0,435000
24/10/2017,46.3,46.3,44.85,45.35,45.35,422200
25/10/2017,45.3,45.85,44.4,45.0,45.0,508600
26/10/2017,45.1,46.5,44.78,46.45,46.45,349800
27/10/2017,46.1,46.88,45.5,46.85,46.85,429100
30/10/2017,46.55,46.55,43.4,43.45,43.45,777100
31/10/2017,43.7,45.12,43.7,44.65,44.65,495200
01/11/2017,45.35,45.6,43.45,43.9,43.9,358700
02/11/2017,44.0,44.7,43.5,44.65,44.65,312300
03/11/2017,44.4,45.1,44.17,44.5,44.5,458600
06/11/2017,44.35,44.85,43.95,44.2,44.2,384200
07/11/2017,44.2,44.25,43.1,43.4,43.4,354100
08/11/2017,43.2,43.65,42.66,43.35,43.35,310900
09/11/2017,42.85,43.6,42.85,43.55,43.55,422000
10/11/2017,43.55,45.0,43.55,44.95,44.95,324200
13/11/2017,44.95,45.35,44.5,45.15,45.15,372700
14/11/2017,44.75,45.0,43.5,43.95,43.95,380200
15/11/2017,43.3,44.0,43.05,43.3,43.3,323200
16/11/2017,43.6,44.95,43.3,44.9,44.9,361200
17/11/2017,44.35,46.3,42.36,46.0,46.0,603500
20/11/2017,46.0,46.78,45.35,46.65,46.65,639600
21/11/2017,46.9,47.2,45.8,47.0,47.0,875900
22/11/2017,47.3,47.5,46.5,46.85,46.85,377700
24/11/2017,47.0,47.2,46.35,46.4,46.4,198700
27/11/2017,46.55,47.15,46.0,46.4,46.4,323900
28/11/2017,46.35,47.15,46.05,47.1,47.1,496900
29/11/2017,47.0,47.7,46.85,47.35,47.35,463200
30/11/2017,47.35,48.1,47.0,47.45,47.45,422000
01/12/2017,47.5,47.5,45.15,47.5,47.5,789700
04/12/2017,48.0,49.75,47.7,49.6,49.6,1117100
05/12/2017,50.4,51.4,49.75,50.7,50.7,765500
06/12/2017,50.6,51.53,49.85,51.0,51.0,962000
07/12/2017,48.3,50.6,48.15,48.75,48.75,1389300
08/12/2017,49.15,50.0,49.03,49.85,49.85,747000
11/12/2017,50.1,50.6,49.03,49.9,49.9,558600
12/12/2017,50.0,50.1,47.95,48.0,48.0,587500
13/12/2017,48.05,49.2,47.76,48.62,48.62,480200
14/12/2017,48.75,49.9,48.4,48.8,48.8,528800
15/12/2017,48.9,50.15,48.9,50.0,50.0,881600
18/12/2017,50.2,53.25,50.2,52.5,52.5,1127900
19/12/2017,52.9,53.1,51.45,52.35,52.35,718200
20/12/2017,52.9,53.2,52.55,52.6,52.6,451900
21/12/2017,52.9,53.5,52.45,52.7,52.7,366100
22/12/2017,52.85,53.35,52.65,53.2,53.2,305200
26/12/2017,53.2,53.85,53.15,53.45,53.45,192800
27/12/2017,53.5,54.3,53.0,53.25,53.25,251800
28/12/2017,53.25,53.88,53.0,53.6,53.6,308600
29/12/2017,53.95,54.25,53.2,53.25,53.25,341400
02/01/2018,53.2,53.25,51.5,51.95,51.95,919400
03/01/2018,52.05,53.25,51.9,52.8,52.8,831800
04/01/2018,52.85,53.0,50.15,52.1,52.1,899900
05/01/2018,52.55,53.65,51.35,53.5,53.5,899900
08/01/2018,53.6,53.7,50.75,50.85,50.85,943500
09/01/2018,51.0,51.25,50.2,51.0,51.0,1019100
10/01/2018,51.05,51.9,50.7,51.85,51.85,576400
11/01/2018,51.9,54.1,51.55,54.0,54.0,672500
12/01/2018,54.15,56.65,54.15,55.5,55.5,695400
16/01/2018,55.85,56.1,53.92,54.65,54.65,688100
17/01/2018,55.0,55.1,54.05,54.6,54.6,583600
18/01/2018,54.7,55.23,54.5,55.05,55.05,332300
19/01/2018,54.95,56.65,54.88,56.6,56.6,474400
22/01/2018,56.5,57.9,55.51,57.85,57.85,849100
23/01/2018,57.6,58.0,56.85,57.25,57.25,441100
24/01/2018,57.45,57.62,55.85,56.4,56.4,515000
25/01/2018,56.7,57.25,56.1,57.0,57.0,426400
26/01/2018,57.15,58.1,56.8,57.95,57.95,358100
29/01/2018,58.0,58.5,57.35,58.3,58.3,577200
30/01/2018,58.0,58.4,55.7,55.75,55.75,691400
31/01/2018,55.9,56.7,55.0,55.55,55.55,520600
01/02/2018,55.1,55.95,54.25,55.25,55.25,470300
02/02/2018,54.95,55.25,53.3,53.75,53.75,464800
05/02/2018,53.25,54.9,52.6,52.65,52.65,537800
06/02/2018,51.2,55.7,50.65,55.25,55.25,764300
07/02/2018,55.25,56.4,54.25,55.8,55.8,574000
08/02/2018,55.95,55.99,53.6,53.65,53.65,471200
09/02/2018,53.9,54.8,50.9,54.2,54.2,773200
12/02/2018,54.8,55.55,53.95,55.0,55.0,501400
13/02/2018,54.55,55.45,54.45,54.8,54.8,326600
14/02/2018,54.15,56.6,54.15,56.15,56.15,306700
15/02/2018,56.35,57.15,55.3,56.9,56.9,243100
16/02/2018,57.05,57.4,56.2,56.55,56.55,343000
20/02/2018,56.15,56.55,54.61,55.0,55.0,380900
21/02/2018,55.2,57.4,54.8,56.7,56.7,963400
22/02/2018,56.7,58.3,56.7,57.85,57.85,273000
23/02/2018,58.2,59.3,57.7,59.25,59.25,341300
26/02/2018,59.35,60.49,59.15,60.3,60.3,463000
27/02/2018,60.45,61.25,59.5,59.5,59.5,410400
28/02/2018,59.9,60.58,59.1,59.35,59.35,362300
01/03/2018,59.3,59.8,57.7,59.4,59.4,302200
02/03/2018,58.75,61.28,58.58,61.05,61.05,406800
05/03/2018,60.65,61.03,59.1,59.6,59.6,503600
06/03/2018,60.05,62.05,59.45,61.95,61.95,478700
07/03/2018,60.55,61.15,59.35,60.1,60.1,620600
08/03/2018,60.45,60.83,58.5,58.7,58.7,466700
09/03/2018,58.15,59.8,54.44,59.65,59.65,470000
12/03/2018,59.6,60.05,58.5,59.15,59.15,381200
13/03/2018,59.6,60.1,59.3,59.5,59.5,306000
14/03/2018,59.7,60.2,58.05,58.8,58.8,413000
15/03/2018,59.1,59.9,58.95,59.8,59.8,649800
16/03/2018,60.0,61.3,59.95,61.15,61.15,938300
19/03/2018,61.2,61.3,59.35,59.9,59.9,442400
20/03/2018,59.65,60.5,58.76,59.85,59.85,391600
21/03/2018,60.05,61.2,59.9,60.0,60.0,422600
22/03/2018,59.05,59.8,58.1,58.2,58.2,322700
23/03/2018,58.6,59.05,58.0,58.25,58.25,470100
26/03/2018,59.4,60.35,58.9,60.3,60.3,500800
27/03/2018,60.25,60.4,57.8,58.45,58.45,514500
28/03/2018,59.0,59.8,58.1,58.9,58.9,573100
29/03/2018,59.1,60.85,59.1,60.3,60.3,634900
02/04/2018,60.1,60.3,58.45,59.2,59.2,507400
03/04/2018,59.45,59.95,58.46,59.0,59.0,670400
04/04/2018,58.35,60.75,58.35,60.45,60.45,1437500
05/04/2018,58.0,60.08,54.7,59.45,59.45,4832500
06/04/2018,59.15,60.45,57.95,58.95,58.95,1211600
09/04/2018,59.65,60.85,59.35,60.0,60.0,769700
10/04/2018,60.6,62.55,59.85,62.05,62.05,1022800
11/04/2018,62.1,63.75,61.55,62.05,62.05,1091500
12/04/2018,62.2,63.35,61.55,61.6,61.6,633800
13/04/2018,61.7,62.35,59.75,60.2,60.2,622300
16/04/2018,60.55,61.85,60.2,61.8,61.8,753600
17/04/2018,62.45,62.9,62.0,62.6,62.6,606300
18/04/2018,63.05,64.45,62.75,63.6,63.6,948100
19/04/2018,63.3,63.5,61.75,62.8,62.8,395000
20/04/2018,62.35,63.2,61.8,62.0,62.0,858300
23/04/2018,62.0,62.25,60.78,62.25,62.25,652400
24/04/2018,61.8,62.5,60.85,61.75,61.75,901600
25/04/2018,61.95,61.95,60.65,60.9,60.9,469700
26/04/2018,61.2,62.4,60.65,62.2,62.2,484600
27/04/2018,62.3,63.05,61.97,62.75,62.75,443800
30/04/2018,62.95,63.7,61.85,62.2,62.2,464500
01/05/2018,62.2,62.65,61.15,62.5,62.5,338000
02/05/2018,62.3,63.25,61.47,63.05,63.05,308900
03/05/2018,62.95,63.35,62.4,63.0,63.0,372100
04/05/2018,62.95,63.5,62.1,62.9,62.9,469900
07/05/2018,63.3,63.45,62.0,62.6,62.6,347200
08/05/2018,62.6,63.26,62.3,62.95,62.95,484100
09/05/2018,63.2,64.25,62.5,63.85,63.85,465800
10/05/2018,64.0,65.05,63.4,65.05,65.05,600500
11/05/2018,65.15,66.5,64.85,66.3,66.3,609300
14/05/2018,66.3,67.0,66.1,66.6,66.6,587700
15/05/2018,66.15,68.45,66.0,68.35,68.35,637000
16/05/2018,69.05,70.75,68.85,69.25,69.25,937300
17/05/2018,69.3,69.93,69.1,69.65,69.65,446000
18/05/2018,69.55,70.2,68.96,70.0,70.0,421600
21/05/2018,70.6,71.35,70.11,70.95,70.95,383300
22/05/2018,71.3,71.45,68.9,68.9,68.9,602800
23/05/2018,68.5,69.9,68.03,68.9,68.9,413400
24/05/2018,68.65,70.05,68.4,70.0,70.0,365000
25/05/2018,70.0,70.4,69.6,70.35,70.35,344400
29/05/2018,70.05,70.95,69.55,70.8,70.8,510500
30/05/2018,71.25,71.7,70.3,71.15,71.15,497900
31/05/2018,70.9,71.25,70.2,70.7,70.7,404200
01/06/2018,71.4,71.5,70.35,70.55,70.55,833700
04/06/2018,71.1,74.05,70.65,74.0,74.0,1005800
05/06/2018,74.05,75.95,72.5,75.3,75.3,1713200
06/06/2018,71.6,77.5,71.5,74.8,74.8,2459900
07/06/2018,75.2,75.5,73.35,73.75,73.75,1151400
08/06/2018,73.2,73.6,72.0,72.45,72.45,9471000
11/06/2018,72.6,74.35,72.45,74.15,74.15,852900
12/06/2018,73.95,75.25,73.2,74.85,74.85,771100
13/06/2018,75.0,75.45,74.05,74.9,74.9,784900
14/06/2018,74.8,76.0,74.55,75.65,75.65,691400
15/06/2018,75.25,75.4,74.55,75.1,75.1,1270800
18/06/2018,74.8,76.5,74.65,75.85,75.85,653900
19/06/2018,74.9,76.38,74.76,76.2,76.2,503000
20/06/2018,76.7,76.7,74.15,74.35,74.35,976100
21/06/2018,74.6,77.05,74.01,76.9,76.9,772400
22/06/2018,73.85,75.35,72.85,73.8,73.8,1460200
25/06/2018,73.7,74.0,72.45,73.25,73.25,599200
26/06/2018,73.6,73.95,72.0,73.4,73.4,664700
27/06/2018,73.7,74.2,72.3,72.55,72.55,444800
28/06/2018,72.15,73.7,72.15,72.95,72.95,820400
29/06/2018,73.25,74.05,72.35,72.5,72.5,621700
02/07/2018,72.0,72.25,69.65,70.65,70.65,1188100
03/07/2018,71.0,72.84,70.86,72.55,72.55,341400
05/07/2018,72.9,73.1,72.2,72.85,72.85,445200
06/07/2018,72.7,74.7,72.68,74.25,74.25,522600
09/07/2018,76.8,76.8,72.0,72.8,72.8,790700
10/07/2018,73.05,75.35,73.05,75.2,75.2,652300
11/07/2018,75.6,75.75,74.4,74.95,74.95,528500
12/07/2018,75.35,75.55,73.85,74.45,74.45,368100
13/07/2018,74.55,75.65,74.55,74.8,74.8,283500
16/07/2018,74.8,74.9,71.55,72.55,72.55,1074400
17/07/2018,72.9,75.03,72.65,74.45,74.45,444600
18/07/2018,74.45,74.95,73.65,74.65,74.65,468900
19/07/2018,74.75,75.25,74.25,74.95,74.95,641500
20/07/2018,75.2,75.25,73.5,73.6,73.6,542300
23/07/2018,73.3,74.85,73.3,74.4,74.4,506100
24/07/2018,74.85,75.05,73.55,74.15,74.15,369700
25/07/2018,74.25,74.75,73.3,74.0,74.0,480200
26/07/2018,73.6,74.55,72.45,73.15,73.15,539700
27/07/2018,73.25,73.91,69.6,70.05,70.05,696200
30/07/2018,70.05,70.7,68.55,69.75,69.75,605700
31/07/2018,69.75,70.3,69.2,69.5,69.5,423000
01/08/2018,69.5,69.5,66.4,67.55,67.55,1286800
02/08/2018,67.2,69.6,67.2,69.45,69.45,537300
03/08/2018,69.65,69.95,68.55,68.85,68.85,442900
06/08/2018,69.0,70.15,68.85,69.5,69.5,642500
07/08/2018,69.0,70.95,69.0,70.45,70.45,400900
08/08/2018,70.15,70.95,69.35,70.7,70.7,472700
09/08/2018,70.75,72.3,70.7,71.8,71.8,370600
10/08/2018,71.2,72.53,70.85,71.35,71.35,442000
13/08/2018,71.3,72.47,71.05,72.25,72.25,390700
14/08/2018,72.4,74.3,72.03,73.55,73.55,414400
15/08/2018,73.3,73.65,71.9,72.85,72.85,493500
16/08/2018,73.25,73.65,72.35,73.5,73.5,292100
17/08/2018,73.45,74.9,73.35,74.45,74.45,413400
20/08/2018,74.85,77.95,73.65,77.65,77.65,1067900
21/08/2018,78.25,79.08,77.75,78.35,78.35,536200
22/08/2018,78.7,80.95,78.3,78.6,78.6,801700
23/08/2018,78.7,80.1,78.65,79.7,79.7,395800
24/08/2018,80.15,80.65,79.1,80.55,80.55,478700
27/08/2018,81.1,82.45,80.35,81.15,81.15,736600
28/08/2018,81.8,83.6,81.4,83.05,83.05,635800
29/08/2018,83.3,84.35,81.9,84.2,84.2,486300
30/08/2018,84.0,86.15,83.21,85.45,85.45,581100
31/08/2018,85.2,87.75,84.85,87.1,87.1,574600
04/09/2018,87.65,88.0,86.2,87.95,87.95,876800
05/09/2018,88.0,89.1,86.4,88.5,88.5,1298900
06/09/2018,89.1,89.85,85.35,87.95,87.95,1328600
07/09/2018,87.45,92.75,87.12,92.5,92.5,1292900
10/09/2018,93.05,93.75,91.85,93.2,93.2,820200
11/09/2018,93.4,94.7,92.3,92.45,92.45,756300
12/09/2018,92.35,93.0,89.1,90.85,90.85,791200
13/09/2018,91.0,92.14,90.1,90.55,90.55,496400
14/09/2018,90.6,91.3,90.1,90.85,90.85,379600
17/09/2018,90.75,91.1,88.75,90.2,90.2,427000
18/09/2018,90.5,93.2,90.05,93.0,93.0,583800
19/09/2018,93.35,93.62,92.05,92.8,92.8,485700
20/09/2018,93.15,94.01,92.5,93.1,93.1,387700
21/09/2018,93.25,94.45,92.1,92.75,92.75,1085500
24/09/2018,92.45,94.15,92.25,93.4,93.4,388900
25/09/2018,93.8,94.65,93.1,94.35,94.35,340800
26/09/2018,94.6,95.4,93.45,94.8,94.8,387000
27/09/2018,95.05,95.8,93.95,94.35,94.35,386100
28/09/2018,93.9,96.35,93.9,96.1,96.1,510700
01/10/2018,97.36,97.61,96.1,96.5,96.5,631100
02/10/2018,96.31,96.31,93.27,93.61,93.61,634400
03/10/2018,93.71,94.46,91.31,92.02,92.02,929300
04/10/2018,91.34,91.59,88.29,89.29,89.29,1135500
05/10/2018,89.49,89.98,87.35,88.0,88.0,895300
08/10/2018,87.2,89.77,87.0,89.38,89.38,985700
09/10/2018,89.39,91.33,89.38,90.58,90.58,759700
10/10/2018,90.6,90.97,86.86,87.36,87.36,922200
11/10/2018,86.5,87.96,84.66,85.03,85.03,847800
12/10/2018,86.88,88.67,86.01,87.97,87.97,685400
15/10/2018,88.15,89.89,86.77,88.9,88.9,472400
16/10/2018,89.65,92.19,88.51,92.03,92.03,470900
17/10/2018,92.45,92.45,89.1,91.59,91.59,446300
18/10/2018,91.3,91.93,88.84,89.55,89.55,549900
19/10/2018,89.69,90.27,88.3,88.74,88.74,436700
22/10/2018,88.78,90.49,88.02,90.08,90.08,381600
23/10/2018,88.36,89.6,87.2,88.81,88.81,566300
24/10/2018,88.81,91.39,87.73,87.8,87.8,690200
25/10/2018,89.1,90.14,87.28,89.51,89.51,649400
26/10/2018,88.65,90.22,87.16,88.25,88.25,643200
29/10/2018,89.25,91.6,87.2,88.67,88.67,766000
30/10/2018,88.73,92.97,88.73,92.72,92.72,610900
31/10/2018,94.06,96.3,92.76,92.9,92.9,837700
01/11/2018,93.65,93.94,92.06,92.19,92.19,570800
02/11/2018,93.1,95.0,90.51,92.73,92.73,613700
05/11/2018,90.0,90.38,87.04,89.16,89.16,1064800
06/11/2018,88.95,90.29,87.99,89.49,89.49,556400
07/11/2018,90.5,91.95,89.67,91.73,91.73,990400
08/11/2018,91.86,94.73,90.99,92.75,92.75,662800
09/11/2018,92.21,93.15,90.5,91.28,91.28,508700
12/11/2018,90.96,92.47,89.91,90.34,90.34,682400
13/11/2018,90.35,91.75,90.04,90.76,90.76,412800
14/11/2018,91.53,94.27,90.55,91.04,91.04,496400
15/11/2018,90.69,91.45,85.72,89.19,89.19,714500
16/11/2018,88.45,90.83,87.21,90.7,90.7,811100
19/11/2018,90.15,91.15,87.37,88.7,88.7,638300
20/11/2018,85.8,86.4,81.66,82.46,82.46,1530200
21/11/2018,83.43,84.69,82.59,83.67,83.67,506000
23/11/2018,83.14,84.13,82.8,83.87,83.87,195500
26/11/2018,85.05,87.2,84.4,87.11,87.11,555600
27/11/2018,86.51,87.66,86.21,86.77,86.77,397600
28/11/2018,87.28,90.73,86.47,90.38,90.38,737800
29/11/2018,90.39,91.38,89.18,89.75,89.75,796000
30/11/2018,89.75,90.23,88.55,88.7,88.7,610000
03/12/2018,90.11,91.6,88.71,91.23,91.23,712900
04/12/2018,90.49,90.7,85.15,86.83,86.83,1472300
06/12/2018,79.62,80.64,70.3,71.9,71.9,5407300
07/12/2018,73.7,74.87,67.35,69.13,69.13,2540600
10/12/2018,68.99,69.35,66.66,68.51,68.51,1486300
11/12/2018,70.07,70.48,66.21,66.7,66.7,1190400
12/12/2018,67.43,69.56,67.43,67.88,67.88,1017300
13/12/2018,68.12,69.0,66.04,66.61,66.61,816900
14/12/2018,65.92,67.93,65.46,66.4,66.4,745800
17/12/2018,66.03,67.59,63.27,65.54,65.54,1116800
18/12/2018,66.36,67.16,65.29,65.92,65.92,757600
19/12/2018,66.08,67.26,64.5,65.35,65.35,803500
20/12/2018,65.26,65.78,62.25,63.08,63.08,955300
21/12/2018,63.08,65.47,61.01,61.64,61.64,1690300
24/12/2018,60.75,62.64,59.72,61.71,61.71,434900
26/12/2018,61.88,64.93,61.42,64.92,64.92,650400
27/12/2018,63.63,65.35,62.84,65.32,65.32,676200
28/12/2018,66.02,66.41,64.45,65.59,65.59,507100
31/12/2018,65.91,66.63,65.01,66.51,66.51,727900
02/01/2019,64.9,66.62,64.9,66.25,66.25,857300
03/01/2019,65.71,67.3,64.76,66.2,66.2,584600
04/01/2019,67.24,69.46,66.29,69.25,69.25,999300
07/01/2019,69.48,74.86,69.0,74.18,74.18,1640800
08/01/2019,74.95,76.6,73.71,75.76,75.76,974100
09/01/2019,75.73,76.81,74.17,75.84,75.84,680400
10/01/2019,74.73,76.54,73.34,76.49,76.49,1015000
11/01/2019,82.9,82.9,75.04,76.51,76.51,2087600
14/01/2019,76.23,78.32,73.6,75.08,75.08,1507400
15/01/2019,75.49,75.49,73.99,74.99,74.99,918200
16/01/2019,75.04,76.25,74.48,74.82,74.82,566000
17/01/2019,74.37,76.11,74.05,75.74,75.74,696500
18/01/2019,76.55,77.16,74.64,75.68,75.68,971500
22/01/2019,75.3,75.82,72.6,73.9,73.9,1184200
23/01/2019,74.38,76.08,73.67,74.9,74.9,802700
24/01/2019,75.01,75.78,74.2,75.15,75.15,508500
25/01/2019,75.91,78.33,75.8,78.12,78.12,982200
28/01/2019,77.17,77.75,76.29,76.68,76.68,652500
29/01/2019,76.6,77.21,76.06,76.83,76.83,462200
30/01/2019,77.2,78.0,76.05,76.9,76.9,513600
31/01/2019,77.14,78.54,76.5,78.17,78.17,465100
01/02/2019,77.9,79.77,77.37,79.35,79.35,837800
04/02/2019,79.23,80.88,78.49,80.53,80.53,547700
05/02/2019,80.81,82.12,80.43,81.9,81.9,765500
06/02/2019,81.89,81.92,80.09,81.14,81.14,402300
07/02/2019,80.81,82.67,80.6,82.24,82.24,849900
08/02/2019,81.65,83.55,81.62,83.04,83.04,638800
11/02/2019,83.54,84.92,82.91,84.78,84.78,473900
12/02/2019,85.22,87.42,84.94,86.62,86.62,762200
13/02/2019,87.0,88.12,85.42,88.03,88.03,491500
14/02/2019,87.49,88.6,86.5,87.14,87.14,534600
15/02/2019,87.75,88.13,87.09,87.36,87.36,461000
19/02/2019,87.15,88.12,86.39,87.57,87.57,565600
20/02/2019,87.76,88.31,86.76,88.31,88.31,434700
21/02/2019,88.3,88.63,87.07,87.58,87.58,494200
22/02/2019,88.19,88.6,87.4,88.5,88.5,558600
25/02/2019,89.18,89.97,88.29,88.48,88.48,619100
26/02/2019,88.22,89.01,86.83,87.7,87.7,519400
27/02/2019,87.55,89.21,87.03,88.56,88.56,678500
28/02/2019,88.3,88.97,87.37,88.22,88.22,566600
01/03/2019,89.15,89.33,86.97,87.74,87.74,690300
04/03/2019,87.79,87.79,84.27,85.0,85.0,815700
05/03/2019,85.47,86.46,84.98,85.48,85.48,453600
06/03/2019,85.57,86.06,83.71,84.24,84.24,753900
07/03/2019,83.89,83.89,80.93,81.0,81.0,1150800
08/03/2019,80.32,81.09,79.11,79.94,79.94,824400
11/03/2019,80.03,82.13,79.88,80.57,80.57,800600
12/03/2019,80.5,80.5,78.39,79.58,79.58,672900
13/03/2019,79.57,80.84,79.27,80.31,80.31,728400
14/03/2019,80.21,80.87,78.81,80.63,80.63,618100
15/03/2019,80.49,80.61,78.1,79.46,79.46,1147200
18/03/2019,79.61,81.5,79.5,81.19,81.19,579000
19/03/2019,81.81,81.94,79.75,79.75,79.75,1301300
20/03/2019,79.63,80.71,78.72,79.89,79.89,988800
21/03/2019,79.63,81.6,79.62,80.7,80.7,758400
22/03/2019,80.12,81.1,79.42,79.43,79.43,625400
25/03/2019,79.23,81.61,79.0,80.79,80.79,1224500
26/03/2019,81.69,82.56,80.46,81.56,81.56,1588600
27/03/2019,79.11,84.43,78.76,83.42,83.42,2174100
28/03/2019,84.26,87.11,83.61,85.26,85.26,1454200
29/03/2019,85.89,86.35,83.95,85.33,85.33,1084800
01/04/2019,85.95,86.76,84.87,86.2,86.2,935200
02/04/2019,85.87,87.0,84.04,84.78,84.78,784200
03/04/2019,85.34,86.27,84.68,85.44,85.44,718500
04/04/2019,85.48,89.81,84.6,87.68,87.68,1647100
05/04/2019,88.09,89.85,87.59,89.69,89.69,1189500
08/04/2019,90.0,90.0,88.7,89.39,89.39,796100
09/04/2019,89.29,89.91,88.33,89.54,89.54,724100
10/04/2019,90.0,90.59,89.31,90.42,90.42,791100
11/04/2019,90.65,90.72,89.92,90.6,90.6,1340900
12/04/2019,91.0,91.54,90.56,90.64,90.64,988300
15/04/2019,91.16,93.26,91.06,93.2,93.2,1114000
16/04/2019,93.85,94.55,93.04,93.5,93.5,810300
17/04/2019,94.07,94.69,91.95,92.72,92.72,712900
18/04/2019,92.87,94.15,92.38,92.77,92.77,734500
22/04/2019,92.71,93.48,91.48,92.17,92.17,752200
23/04/2019,92.47,94.71,92.01,94.57,94.57,619300
24/04/2019,94.71,97.97,94.71,97.21,97.21,1480800
25/04/2019,96.79,97.35,95.05,95.17,95.17,1040400
26/04/2019,94.77,96.13,92.81,96.05,96.05,477200
29/04/2019,96.12,96.64,95.5,96.26,96.26,535000
30/04/2019,96.44,96.5,94.43,95.64,95.64,775600
01/05/2019,96.08,96.35,94.31,94.89,94.89,757400
02/05/2019,94.47,95.97,94.13,95.43,95.43,780100
03/05/2019,95.83,96.49,94.89,96.25,96.25,696400
06/05/2019,94.61,97.29,94.5,96.91,96.91,765100
07/05/2019,96.38,97.96,95.87,96.8,96.8,955500
08/05/2019,96.75,99.11,96.21,98.44,98.44,695500
09/05/2019,97.76,99.42,97.5,98.75,98.75,1011300
10/05/2019,98.89,101.18,97.71,100.71,100.71,868400
13/05/2019,98.99,99.15,96.59,97.25,97.25,777400
14/05/2019,98.25,99.66,96.87,99.26,99.26,596400
15/05/2019,98.13,98.51,95.76,97.53,97.53,780900
16/05/2019,97.78,99.38,97.61,98.47,98.47,766100
17/05/2019,98.0,99.97,97.5,98.87,98.87,737500
20/05/2019,98.01,100.21,97.82,99.81,99.81,452900
21/05/2019,99.86,100.76,98.62,100.36,100.36,534600
22/05/2019,100.17,101.09,99.4,99.85,99.85,478800
23/05/2019,99.57,101.0,98.78,99.6,99.6,639900
24/05/2019,100.28,102.19,99.79,101.43,101.43,503800
28/05/2019,101.51,103.03,99.93,100.13,100.13,839300
29/05/2019,99.65,99.65,96.86,97.03,97.03,634300
30/05/2019,97.53,99.8,97.22,99.01,99.01,587700
31/05/2019,98.38,99.61,97.12,98.72,98.72,727800
03/06/2019,98.71,99.81,95.31,95.98,95.98,990800
04/06/2019,96.67,96.94,94.18,96.72,96.72,1355100
05/06/2019,97.13,97.38,94.75,96.45,96.45,1054300
06/06/2019,96.95,98.47,95.85,97.58,97.58,1170400
07/06/2019,95.52,96.7,91.51,95.06,95.06,1911200
10/06/2019,95.28,97.99,94.75,96.58,96.58,1020600
11/06/2019,96.99,98.93,95.44,96.0,96.0,922800
12/06/2019,96.35,96.35,93.59,93.9,93.9,1007100
13/06/2019,94.59,95.48,93.71,93.89,93.89,931600
14/06/2019,93.0,94.18,91.82,91.83,91.83,842300
17/06/2019,90.53,93.34,90.12,92.27,92.27,1038200
18/06/2019,92.22,94.09,91.95,92.02,92.02,730800
19/06/2019,92.02,92.23,90.67,91.45,91.45,758500
20/06/2019,92.47,93.06,91.76,92.49,92.49,770800
21/06/2019,92.17,93.96,92.17,93.08,93.08,1117900
24/06/2019,92.8,92.8,88.36,88.5,88.5,1258400
25/06/2019,88.35,88.66,84.83,86.55,86.55,1236600
26/06/2019,86.89,87.9,85.04,87.27,87.27,1292700
27/06/2019,87.53,88.71,87.27,87.93,87.93,1195800
28/06/2019,87.85,89.34,87.0,87.11,87.11,6369500
01/07/2019,88.0,89.08,85.15,85.97,85.97,1490500
02/07/2019,85.8,86.13,84.11,84.25,84.25,1017700
03/07/2019,84.25,84.96,83.75,84.06,84.06,585200
05/07/2019,83.41,84.88,83.33,84.74,84.74,703800
08/07/2019,84.57,84.82,83.58,84.16,84.16,791700
09/07/2019,83.75,84.1,83.35,83.45,83.45,967800
10/07/2019,83.61,84.0,82.51,82.78,82.78,837900
11/07/2019,82.72,84.19,82.51,83.99,83.99,1084400
12/07/2019,85.07,88.45,85.01,88.15,88.15,1165800
15/07/2019,88.45,88.85,85.25,86.47,86.47,914500
16/07/2019,86.73,88.57,86.55,87.91,87.91,615800
17/07/2019,88.0,88.04,86.26,86.53,86.53,704400
18/07/2019,85.64,86.96,85.36,86.59,86.59,728300
19/07/2019,86.95,88.51,86.75,86.78,86.78,1229400
22/07/2019,87.15,87.73,86.26,87.67,87.67,857200
23/07/2019,87.9,88.12,85.63,86.48,86.48,686200
24/07/2019,86.42,88.07,86.0,87.36,87.36,917000
25/07/2019,87.5,88.2,87.01,87.9,87.9,531000
26/07/2019,87.9,89.23,87.4,88.91,88.91,430600
29/07/2019,88.98,89.06,84.89,85.29,85.29,799600
30/07/2019,84.69,85.04,81.07,82.49,82.49,1499000
31/07/2019,84.9,85.55,83.6,84.69,84.69,1173300
01/08/2019,84.88,85.47,82.18,82.33,82.33,688500
02/08/2019,81.8,83.07,80.53,80.69,80.69,582300
05/08/2019,79.5,79.95,77.64,78.46,78.46,933400
06/08/2019,78.95,79.24,77.07,79.06,79.06,1038100
07/08/2019,78.58,79.94,77.92,79.75,79.75,1156100
08/08/2019,80.01,83.09,79.52,80.62,80.62,1153900
09/08/2019,80.15,80.81,79.64,80.52,80.52,1299600
12/08/2019,79.85,79.85,75.77,76.57,76.57,816000
13/08/2019,76.7,80.17,76.06,78.48,78.48,964500
14/08/2019,76.39,79.09,75.48,75.58,75.58,1093000
15/08/2019,76.14,76.7,74.76,75.7,75.7,790500
16/08/2019,75.9,77.11,75.75,76.8,76.8,632500
19/08/2019,78.09,80.04,77.9,78.71,78.71,1000200
20/08/2019,78.18,78.71,77.18,78.15,78.15,784000
21/08/2019,79.5,81.56,79.5,80.8,80.8,1073700
22/08/2019,80.92,82.59,79.82,81.1,81.1,945800
23/08/2019,80.43,81.01,78.33,78.52,78.52,669400
26/08/2019,78.99,80.0,77.77,78.61,78.61,1096400
27/08/2019,79.14,79.52,76.6,77.25,77.25,1000300
28/08/2019,76.68,77.87,76.42,77.77,77.77,2419400
29/08/2019,57.9,59.9,54.27,56.36,56.36,15778900
30/08/2019,56.7,58.9,54.81,55.45,55.45,4146000
03/09/2019,54.75,55.4,54.31,54.6,54.6,2196900
04/09/2019,54.72,57.46,54.6,56.81,56.81,2008000
05/09/2019,57.65,59.5,57.04,59.2,59.2,2349100
06/09/2019,59.07,61.65,59.07,61.42,61.42,2429900
09/09/2019,61.66,62.74,61.31,62.66,62.66,2146700
10/09/2019,62.52,64.68,62.03,64.19,64.19,1599700
11/09/2019,65.26,65.7,63.93,64.12,64.12,1236900
12/09/2019,63.95,64.04,61.82,63.14,63.14,1577500
13/09/2019,63.02,64.25,62.36,63.73,63.73,921100
16/09/2019,64.47,64.47,61.46,62.14,62.14,1271900
17/09/2019,61.79,62.68,61.16,62.58,62.58,1026500
18/09/2019,62.2,62.65,60.38,61.43,61.43,1023800
19/09/2019,61.37,62.1,60.77,61.7,61.7,839600
20/09/2019,62.01,63.08,61.03,62.54,62.54,1511400
23/09/2019,63.11,64.29,62.84,63.43,63.43,1078700
24/09/2019,63.25,64.1,61.11,61.4,61.4,1278000
25/09/2019,61.13,61.4,59.4,60.87,60.87,1071600
26/09/2019,61.15,61.15,59.67,60.93,60.93,1118900
27/09/2019,60.99,61.26,59.21,59.86,59.86,988700
30/09/2019,59.67,59.86,58.0,58.64,58.64,1648500
01/10/2019,58.88,58.89,57.29,58.4,58.4,1419400
02/10/2019,57.8,57.8,54.11,55.02,55.02,1811800
03/10/2019,55.06,56.46,54.65,56.43,56.43,1033300
04/10/2019,56.77,56.9,54.53,55.77,55.77,1152700
07/10/2019,55.79,56.0,54.91,55.19,55.19,909800
08/10/2019,54.47,55.68,53.6,55.12,55.12,1062700
09/10/2019,55.6,57.45,55.15,57.2,57.2,694200
10/10/2019,57.29,59.13,57.29,58.81,58.81,1013900
11/10/2019,59.63,61.04,59.29,60.23,60.23,990700
14/10/2019,59.79,60.0,58.49,58.65,58.65,745700
15/10/2019,60.47,60.95,59.7,59.83,59.83,1036500
16/10/2019,59.4,61.02,58.9,60.77,60.77,978400
17/10/2019,61.26,63.31,61.07,63.16,63.16,1211800
18/10/2019,62.98,64.0,62.8,63.54,63.54,1273000
21/10/2019,63.53,64.19,61.88,62.31,62.31,1604800
22/10/2019,62.49,63.51,62.26,63.0,63.0,731600
23/10/2019,62.92,62.96,61.38,62.9,62.9,856800
24/10/2019,62.99,63.81,62.78,63.33,63.33,437700
25/10/2019,62.95,66.0,62.47,65.37,65.37,779200
28/10/2019,65.56,65.96,64.37,65.57,65.57,732500
29/10/2019,65.87,66.61,65.14,66.11,66.11,599100
30/10/2019,65.93,66.03,64.23,64.63,64.63,661100
31/10/2019,64.57,64.82,63.41,63.88,63.88,860600
01/11/2019,63.91,64.88,63.62,64.17,64.17,579400
04/11/2019,64.51,65.87,64.2,65.57,65.57,508200
05/11/2019,65.41,67.84,65.25,67.09,67.09,778400
06/11/2019,67.13,67.13,65.06,65.41,65.41,515100
07/11/2019,66.04,67.63,66.02,66.29,66.29,735600
08/11/2019,66.28,67.09,65.78,67.07,67.07,411400
11/11/2019,66.48,66.85,63.81,64.01,64.01,903200
12/11/2019,64.0,64.94,63.36,64.39,64.39,638300
13/11/2019,63.75,64.36,63.02,63.87,63.87,491200
14/11/2019,64.06,64.58,63.42,64.49,64.49,478600
15/11/2019,65.08,65.48,63.72,64.79,64.79,624200
18/11/2019,64.75,65.11,63.96,64.75,64.75,727900
19/11/2019,64.52,64.84,63.91,64.05,64.05,649100
20/11/2019,63.73,64.95,63.42,64.32,64.32,742600
21/11/2019,64.4,64.88,62.71,63.19,63.19,922900
22/11/2019,63.73,63.73,61.77,62.31,62.31,820200
25/11/2019,62.65,65.75,62.42,64.95,64.95,1173000
26/11/2019,64.49,65.35,63.6,64.03,64.03,1291700
27/11/2019,64.16,65.94,63.67,65.89,65.89,779800
29/11/2019,65.48,66.46,65.11,65.4,65.4,482200
02/12/2019,61.8,62.37,58.83,58.99,58.99,4166100
03/12/2019,58.57,58.8,55.76,56.83,56.83,2443900
04/12/2019,57.56,60.88,57.44,60.56,60.56,1832600
05/12/2019,60.31,61.53,58.52,59.49,59.49,1320800
06/12/2019,60.18,61.5,59.88,60.04,60.04,1138300
09/12/2019,60.29,61.29,60.17,60.23,60.23,1128400
10/12/2019,60.3,60.75,58.82,60.3,60.3,3129500
11/12/2019,67.35,70.99,66.5,69.33,69.33,8663600
12/12/2019,69.36,70.92,67.88,69.98,69.98,2485200
13/12/2019,69.98,69.98,68.15,68.96,68.96,1290900
16/12/2019,69.91,69.95,66.82,67.51,67.51,1389000
17/12/2019,67.25,67.53,65.81,67.02,67.02,1239200
18/12/2019,67.09,68.5,66.25,67.68,67.68,1274800
19/12/2019,67.41,69.3,67.36,68.66,68.66,1199700
20/12/2019,69.04,69.86,68.52,68.74,68.74,1857700
23/12/2019,69.19,69.46,66.91,67.2,67.2,1238000
24/12/2019,67.15,68.52,66.85,67.66,67.66,348800
26/12/2019,67.57,67.8,65.13,66.37,66.37,1105700
27/12/2019,66.58,66.81,65.3,65.68,65.68,944100
30/12/2019,65.68,66.71,64.36,65.58,65.58,848500
31/12/2019,65.51,66.12,65.0,65.31,65.31,790600
02/01/2020,65.58,65.82,62.17,62.51,62.51,1396800
03/01/2020,61.61,62.34,61.12,61.52,61.52,1076700
06/01/2020,60.61,62.15,60.61,61.51,61.51,1257000
07/01/2020,61.5,62.36,60.57,61.15,61.15,855400
08/01/2020,61.07,61.81,60.42,60.79,60.79,682800
09/01/2020,60.31,60.55,58.57,58.82,58.82,1315400
10/01/2020,58.82,59.27,57.7,57.77,57.77,1077500
13/01/2020,56.47,56.87,54.93,55.5,55.5,2562700
14/01/2020,55.56,55.91,54.22,54.24,54.24,1824500
15/01/2020,53.89,54.31,53.1,53.97,53.97,2216500
16/01/2020,54.51,55.0,53.43,54.64,54.64,1440600
17/01/2020,54.68,55.53,53.29,53.34,53.34,1673700
21/01/2020,53.14,54.18,52.88,53.69,53.69,1420600
22/01/2020,54.03,55.56,53.99,55.2,55.2,1796000
23/01/2020,54.83,56.66,54.3,56.52,56.52,1438300
24/01/2020,56.93,58.36,56.62,58.26,58.26,2472300
27/01/2020,57.1,57.99,55.52,55.91,55.91,1459900
28/01/2020,55.98,56.55,54.88,55.08,55.08,959600
29/01/2020,55.09,56.53,54.91,55.96,55.96,878900
30/01/2020,55.76,56.47,54.46,55.37,55.37,1282500
31/01/2020,55.2,55.41,52.92,53.04,53.04,1218400
03/02/2020,53.43,54.37,53.04,53.54,53.54,907500
04/02/2020,54.29,55.55,53.76,54.37,54.37,1277000
05/02/2020,55.2,55.2,53.93,53.99,53.99,847300
06/02/2020,54.44,54.44,52.01,52.16,52.16,1512000
07/02/2020,51.4,51.69,49.25,49.39,49.39,2697400
10/02/2020,49.39,49.72,46.97,48.94,48.94,2330600
11/02/2020,48.95,51.47,48.25,51.01,51.01,1915100
12/02/2020,51.24,53.04,50.85,52.93,52.93,1517800
13/02/2020,53.13,55.33,53.13,54.35,54.35,2669100
14/02/2020,56.34,57.16,55.13,56.18,56.18,2430800
18/02/2020,56.05,56.72,53.67,54.44,54.44,1657700
19/02/2020,54.61,55.72,54.33,55.46,55.46,882500
20/02/2020,55.48,57.47,55.25,56.93,56.93,1521300
21/02/2020,56.43,58.05,55.85,57.1,57.1,1110400
24/02/2020,53.6,55.9,53.6,55.58,55.58,1179600
25/02/2020,56.01,56.42,54.13,55.04,55.04,1343500
26/02/2020,55.17,56.2,52.78,52.8,52.8,1878900
27/02/2020,51.3,53.19,49.18,51.21,51.21,2781500
28/02/2020,49.29,50.98,48.78,50.87,50.87,3736800
02/03/2020,51.1,52.34,48.66,52.27,52.27,1773300
03/03/2020,52.2,53.71,49.94,51.27,51.27,1322700
04/03/2020,51.46,51.7,48.56,50.0,50.0,1301200
05/03/2020,48.77,49.13,45.17,46.06,46.06,2108700
06/03/2020,44.95,49.4,44.44,49.15,49.15,1846600
09/03/2020,45.92,48.43,45.41,47.0,47.0,1550900
10/03/2020,48.71,49.62,45.63,49.62,49.62,1155000
11/03/2020,48.44,49.57,46.19,46.33,46.33,2253900
12/03/2020,43.34,43.72,38.62,39.38,39.38,1955200
13/03/2020,41.82,45.03,40.67,45.03,45.03,2448400
16/03/2020,40.57,44.73,38.55,38.63,38.63,1879600
17/03/2020,39.45,41.96,38.43,41.0,41.0,2913900
18/03/2020,38.95,39.71,28.83,34.25,34.25,3487700
19/03/2020,33.83,40.11,32.26,38.06,38.06,3328800
20/03/2020,36.08,40.5,35.27,38.78,38.78,4482700
23/03/2020,38.13,42.24,34.63,40.09,40.09,1895000
24/03/2020,43.38,44.22,40.53,41.49,41.49,2525600
25/03/2020,42.09,44.29,39.64,41.67,41.67,1653400
26/03/2020,42.28,42.82,41.09,42.4,42.4,1503300
27/03/2020,40.73,44.36,40.3,43.64,43.64,1566800
30/03/2020,43.51,46.42,42.15,45.79,45.79,2111300
31/03/2020,45.33,48.16,45.03,46.34,46.34,1652900
01/04/2020,44.45,45.71,43.8,44.95,44.95,2075000
02/04/2020,44.37,47.03,44.03,46.65,46.65,1455700
03/04/2020,46.89,47.68,43.58,44.59,44.59,2204900
06/04/2020,46.39,48.74,45.56,48.39,48.39,1312500
07/04/2020,50.0,53.03,50.0,51.59,51.59,1789200
08/04/2020,51.98,54.95,51.24,53.25,53.25,1044300
09/04/2020,54.63,56.83,54.01,54.64,54.64,1251000
13/04/2020,54.27,54.59,51.74,54.24,54.24,1236300
14/04/2020,55.12,55.77,53.04,53.55,53.55,1709500
15/04/2020,51.28,53.41,50.84,53.19,53.19,965500
16/04/2020,53.3,56.06,53.21,55.03,55.03,1000900
17/04/2020,56.14,58.04,53.92,58.02,58.02,1328700
20/04/2020,57.58,60.31,56.98,59.01,59.01,1611700
21/04/2020,58.1,58.83,56.93,57.94,57.94,1467800
22/04/2020,59.36,61.6,58.61,60.49,60.49,1355000
23/04/2020,60.54,61.21,59.52,59.99,59.99,1552200
24/04/2020,60.58,62.49,59.62,62.09,62.09,1436700
27/04/2020,62.73,70.39,62.43,67.94,67.94,2966800
28/04/2020,69.65,72.42,68.66,70.16,70.16,2778500
29/04/2020,72.25,72.77,69.01,69.14,69.14,2331200
30/04/2020,68.77,69.35,66.74,67.91,67.91,1655700
01/05/2020,66.42,67.5,64.71,66.04,66.04,1655100
04/05/2020,65.5,67.95,64.54,67.15,67.15,1722500
05/05/2020,68.98,68.99,65.47,66.16,66.16,1499300
06/05/2020,65.9,67.3,65.53,66.43,66.43,1173200
07/05/2020,67.95,68.29,65.28,67.02,67.02,1384400
08/05/2020,68.19,69.97,67.3,69.62,69.62,1798700
11/05/2020,69.3,73.93,69.3,73.23,73.23,1840200
12/05/2020,73.66,73.66,70.69,70.79,70.79,1274600
13/05/2020,70.79,72.49,69.06,69.96,69.96,1005000
14/05/2020,69.25,73.94,68.2,73.49,73.49,1536400
15/05/2020,72.64,74.48,72.19,73.45,73.45,862000
18/05/2020,76.34,78.25,75.0,77.36,77.36,1228800
19/05/2020,77.22,80.59,76.57,78.85,78.85,1171200
20/05/2020,80.46,82.07,79.41,80.01,80.01,1039100
21/05/2020,80.5,83.52,80.26,83.41,83.41,1088100
22/05/2020,83.8,85.76,82.72,85.61,85.61,1525500
26/05/2020,87.66,89.77,86.42,88.86,88.86,2056000
27/05/2020,90.27,91.86,87.88,89.87,89.87,2622300
28/05/2020,90.24,91.36,87.4,87.8,87.8,2309800
29/05/2020,91.36,95.51,89.75,91.45,91.45,5356000
01/06/2020,91.84,92.95,90.75,91.66,91.66,2767400
02/06/2020,92.46,95.1,91.3,91.6,91.6,1636900
03/06/2020,92.82,93.25,91.0,92.12,92.12,1357100
04/06/2020,92.38,94.89,92.38,93.52,93.52,2214800
05/06/2020,94.5,97.61,94.2,95.93,95.93,1646900
08/06/2020,95.47,98.95,95.47,98.68,98.68,1218600
09/06/2020,97.1,97.47,92.7,93.48,93.48,1125500
10/06/2020,94.3,95.26,92.07,93.19,93.19,988300
11/06/2020,89.63,92.19,88.09,90.74,90.74,1343000
12/06/2020,92.99,93.4,89.72,91.23,91.23,1118600
15/06/2020,89.55,94.0,88.86,92.81,92.81,1242000
16/06/2020,95.84,97.54,94.9,97.52,97.52,2183500
17/06/2020,96.04,98.7,95.1,98.61,98.61,1704400
18/06/2020,98.23,103.85,97.96,102.58,102.58,1631900
19/06/2020,104.89,105.2,101.56,102.09,102.09,1496900
22/06/2020,102.52,104.49,101.66,103.84,103.84,1001600
23/06/2020,104.36,104.73,101.09,101.98,101.98,1139000
24/06/2020,101.81,102.58,97.56,97.94,97.94,1153100
25/06/2020,98.08,99.87,98.0,99.1,99.1,959200
26/06/2020,100.56,102.66,97.86,98.48,98.48,1286600
29/06/2020,100.05,100.95,97.96,99.05,99.05,1072100
30/06/2020,99.6,100.19,96.45,97.65,97.65,1516600
01/07/2020,98.29,98.29,94.88,95.44,95.44,1342400
02/07/2020,97.19,97.28,92.57,93.3,93.3,1686500
06/07/2020,94.27,99.62,94.24,99.37,99.37,1879000
07/07/2020,98.15,100.58,97.07,98.73,98.73,1760100
08/07/2020,98.63,101.0,97.5,100.88,100.88,1381800
09/07/2020,100.78,101.51,98.62,100.3,100.3,1292700
10/07/2020,99.56,101.4,98.68,100.26,100.26,662400
13/07/2020,100.02,101.81,94.01,94.14,94.14,1249700
14/07/2020,94.25,95.68,93.43,94.81,94.81,994700
15/07/2020,95.95,96.75,93.04,95.13,95.13,1092000
16/07/2020,93.03,96.57,93.03,96.12,96.12,1489000
17/07/2020,96.26,96.5,94.12,96.15,96.15,1444800
20/07/2020,95.78,96.61,94.62,96.17,96.17,1114000
21/07/2020,97.04,99.76,96.24,98.6,98.6,1080900
22/07/2020,101.73,110.17,99.8,108.81,108.81,3785100
23/07/2020,108.2,109.74,102.0,102.78,102.78,1816500
24/07/2020,101.72,107.24,100.63,105.75,105.75,1496500
27/07/2020,106.92,108.65,105.32,107.8,107.8,1037300
28/07/2020,108.44,108.75,105.04,105.32,105.32,583000
29/07/2020,106.0,108.04,106.0,106.83,106.83,554700
30/07/2020,106.29,107.94,105.61,106.8,106.8,410000
31/07/2020,107.57,108.0,103.65,105.1,105.1,614000
03/08/2020,106.0,106.0,102.88,103.27,103.27,724400
04/08/2020,102.79,104.56,101.96,103.71,103.71,743500
05/08/2020,104.13,104.72,100.55,103.23,103.23,813600
06/08/2020,103.55,104.13,101.99,103.13,103.13,828000
07/08/2020,103.05,103.25,101.28,102.85,102.85,825100
10/08/2020,102.8,102.97,101.04,102.89,102.89,915900
11/08/2020,103.34,103.79,101.29,103.75,103.75,1597500
12/08/2020,104.32,105.57,101.7,103.11,103.11,1258700
13/08/2020,103.15,104.05,101.76,102.67,102.67,710000
14/08/2020,102.78,104.23,102.15,103.94,103.94,638700
17/08/2020,104.2,109.99,103.23,107.14,107.14,2100100
18/08/2020,107.62,108.19,100.59,104.11,104.11,1533900
19/08/2020,104.64,107.31,102.19,105.09,105.09,1156500
20/08/2020,104.24,108.43,103.5,106.4,106.4,1035500
21/08/2020,106.15,109.83,105.51,109.3,109.3,1153500
24/08/2020,110.69,110.97,104.04,105.34,105.34,1477300
25/08/2020,106.0,110.64,105.15,109.2,109.2,1008100
26/08/2020,109.65,112.58,108.8,110.71,110.71,1179700
27/08/2020,110.76,111.82,106.94,106.99,106.99,1801100
28/08/2020,102.6,104.77,96.61,97.12,97.12,3251500
31/08/2020,97.11,97.3,93.39,95.54,95.54,1653700
01/09/2020,95.5,96.64,94.34,94.62,94.62,1033200
02/09/2020,95.26,97.5,91.82,95.3,95.3,1277000
03/09/2020,94.81,95.61,92.26,93.03,93.03,936600
04/09/2020,93.48,94.22,89.21,92.64,92.64,879800
08/09/2020,90.21,92.29,89.76,90.02,90.02,695700
09/09/2020,91.66,92.3,89.59,91.53,91.53,645100
10/09/2020,92.69,94.58,91.32,91.65,91.65,804500
11/09/2020,92.52,92.85,88.06,88.62,88.62,938300
14/09/2020,90.0,90.7,84.57,85.52,85.52,1334900
15/09/2020,86.71,89.72,86.63,87.92,87.92,984300
16/09/2020,88.03,88.21,84.31,84.62,84.62,1402400
17/09/2020,84.0,85.82,83.29,84.19,84.19,1102500
18/09/2020,85.03,85.48,83.08,84.43,84.43,1012400
21/09/2020,83.08,85.95,83.08,85.88,85.88,741600
22/09/2020,86.36,88.11,86.09,87.7,87.7,690700
23/09/2020,87.6,89.11,86.39,86.55,86.55,604900
24/09/2020,85.21,89.41,84.41,87.58,87.58,618600
25/09/2020,87.68,88.05,85.6,87.53,87.53,576200
28/09/2020,88.33,88.86,86.67,87.52,87.52,506200
29/09/2020,88.05,90.66,87.44,87.96,87.96,694500
30/09/2020,89.07,89.07,85.75,87.35,87.35,840600
01/10/2020,88.0,89.48,87.06,88.24,88.24,762500
02/10/2020,85.55,89.5,85.55,88.78,88.78,744600
05/10/2020,89.24,92.59,89.24,92.21,92.21,868400
06/10/2020,92.2,93.32,90.09,90.49,90.49,919000
07/10/2020,92.22,93.53,91.43,93.14,93.14,647500
08/10/2020,94.49,94.89,92.54,93.38,93.38,590100
09/10/2020,95.0,95.25,93.41,94.78,94.78,406500
12/10/2020,95.15,95.56,92.25,92.98,92.98,537100
13/10/2020,93.73,95.81,93.33,94.54,94.54,502100
14/10/2020,94.72,95.57,92.57,93.25,93.25,521400
15/10/2020,91.85,93.95,91.67,93.69,93.69,479900
16/10/2020,93.97,95.66,93.45,94.99,94.99,463100
19/10/2020,96.0,96.5,92.33,92.42,92.42,592500
20/10/2020,93.65,94.86,92.18,93.0,93.0,431400
21/10/2020,92.79,93.23,91.06,91.67,91.67,520300
22/10/2020,92.1,93.16,91.5,92.5,92.5,586300
23/10/2020,92.47,93.01,91.1,92.95,92.95,413300
26/10/2020,92.18,93.21,90.12,91.32,91.32,433400
27/10/2020,91.61,92.43,91.19,92.14,92.14,357300
28/10/2020,91.23,93.24,90.51,91.08,91.08,586500
29/10/2020,91.28,92.22,90.1,90.27,90.27,477200
30/10/2020,89.62,90.29,86.62,87.09,87.09,586800
02/11/2020,83.59,84.88,80.56,82.11,82.11,1274200
03/11/2020,82.37,86.32,82.28,85.11,85.11,713200
04/11/2020,86.42,89.36,84.13,87.38,87.38,860300
05/11/2020,88.78,90.36,86.57,90.24,90.24,646400
06/11/2020,90.2,92.15,89.35,92.1,92.1,722900
09/11/2020,92.76,93.25,84.72,85.03,85.03,1298200
10/11/2020,86.5,86.5,80.36,80.73,80.73,992100
11/11/2020,81.58,85.33,80.37,84.75,84.75,925600
12/11/2020,85.17,85.17,83.44,84.63,84.63,685400
13/11/2020,84.74,85.86,83.52,85.53,85.53,973300
16/11/2020,85.64,87.65,83.46,87.25,87.25,775000
17/11/2020,87.02,89.3,86.73,89.23,89.23,1181700
18/11/2020,88.84,91.49,87.75,89.37,89.37,893300
19/11/2020,89.39,91.63,88.74,90.4,90.4,828000
20/11/2020,90.86,91.89,89.54,91.66,91.66,619300
23/11/2020,91.63,94.64,91.42,92.35,92.35,729700
24/11/2020,93.99,95.09,93.0,94.0,94.0,683300
25/11/2020,93.86,93.9,89.41,90.26,90.26,785900
27/11/2020,90.55,92.14,90.21,91.5,91.5,277300
30/11/2020,90.69,91.83,87.51,88.06,88.06,934900
01/12/2020,88.7,88.74,86.82,88.33,88.33,771200
02/12/2020,88.0,88.2,86.11,86.78,86.78,750100
03/12/2020,88.34,89.65,84.06,89.5,89.5,2093200
04/12/2020,79.2,82.43,78.55,80.71,80.71,8519700
07/12/2020,80.45,80.71,77.59,78.77,78.77,2143500
08/12/2020,79.0,80.4,78.41,79.85,79.85,1200200
09/12/2020,80.0,81.17,78.03,79.04,79.04,1003000
10/12/2020,78.74,79.04,77.5,77.77,77.77,1055500
11/12/2020,77.46,79.74,76.74,79.35,79.35,879400
14/12/2020,79.65,81.38,78.86,79.3,79.3,1187600
15/12/2020,79.83,79.99,78.13,79.17,79.17,793900
16/12/2020,79.71,83.6,79.45,80.73,80.73,1736700
17/12/2020,80.93,83.77,80.57,83.15,83.15,1104200
18/12/2020,83.45,83.53,80.27,81.85,81.85,1587600
21/12/2020,81.23,84.56,81.03,82.3,82.3,1278300
22/12/2020,82.12,82.57,81.2,82.3,82.3,681600
23/12/2020,82.61,84.45,81.7,82.6,82.6,745700
24/12/2020,83.51,83.62,82.25,82.51,82.51,401500
28/12/2020,83.4,84.82,82.87,83.89,83.89,1041800
29/12/2020,84.5,85.38,83.4,84.16,84.16,1048700
30/12/2020,84.75,86.89,82.7,83.06,83.06,1142200
31/12/2020,82.92,83.26,81.29,81.77,81.77,953100
04/01/2021,81.67,82.61,79.91,81.93,81.93,1408900
05/01/2021,82.66,84.8,82.37,84.12,84.12,1552200
06/01/2021,83.18,92.1,82.5,90.86,90.86,2154500
07/01/2021,91.6,95.26,89.0,93.03,93.03,1945600
08/01/2021,93.31,94.48,89.79,91.33,91.33,1193900
11/01/2021,90.62,96.04,90.5,95.39,95.39,1172800
12/01/2021,95.99,99.85,95.47,98.14,98.14,1690300
13/01/2021,97.79,97.79,94.51,96.03,96.03,1195500
14/01/2021,92.41,97.8,91.73,96.5,96.5,2225600
15/01/2021,96.49,100.71,95.84,98.1,98.1,2072900
19/01/2021,98.07,99.17,94.88,95.33,95.33,1078000
20/01/2021,92.48,95.36,91.26,93.66,93.66,1416700
21/01/2021,94.5,95.22,92.9,93.2,93.2,857500
22/01/2021,92.66,94.63,91.93,94.49,94.49,728600
25/01/2021,95.8,110.78,95.53,95.92,95.92,3318200
26/01/2021,96.05,101.1,93.81,100.34,100.34,1578900
27/01/2021,100.25,123.52,99.67,106.33,106.33,7419000
28/01/2021,104.9,107.15,94.27,97.55,97.55,2602200
29/01/2021,97.74,103.42,93.89,94.73,94.73,1772300
01/02/2021,95.27,96.86,89.81,92.2,92.2,1002700
02/02/2021,92.66,93.06,89.01,91.58,91.58,1294100
03/02/2021,91.84,93.31,89.91,91.64,91.64,735300
04/02/2021,91.67,93.1,91.18,92.05,92.05,807800
05/02/2021,92.25,93.45,89.91,91.38,91.38,669600
08/02/2021,92.17,94.29,91.86,92.19,92.19,712200
09/02/2021,92.46,93.93,91.55,92.95,92.95,638600
10/02/2021,92.57,94.18,91.27,93.4,93.4,619800
11/02/2021,93.97,95.18,91.2,92.08,92.08,705600
12/02/2021,92.6,93.79,92.44,93.53,93.53,441400
16/02/2021,93.69,95.09,93.18,94.84,94.84,755100
17/02/2021,95.39,95.85,92.56,93.39,93.39,608400
18/02/2021,92.72,97.37,92.3,96.05,96.05,792300
19/02/2021,96.72,97.45,93.05,94.84,94.84,616900
22/02/2021,94.42,95.7,91.64,92.07,92.07,861300
23/02/2021,91.6,91.82,86.26,89.05,89.05,928100
24/02/2021,89.31,89.31,85.79,87.4,87.4,1017800
25/02/2021,87.21,87.98,81.98,82.32,82.32,794000
26/02/2021,82.26,83.75,81.32,82.68,82.68,1332500
01/03/2021,83.52,87.1,82.98,86.72,86.72,1305600
02/03/2021,86.98,87.16,83.39,84.06,84.06,773700
03/03/2021,83.8,86.64,83.43,85.7,85.7,892700
04/03/2021,85.49,85.89,81.37,82.16,82.16,1044000
05/03/2021,83.32,85.67,80.64,84.77,84.77,1099900
08/03/2021,84.99,91.78,84.87,91.1,91.1,1280800
09/03/2021,92.53,95.49,91.23,94.91,94.91,1195800
10/03/2021,95.58,95.62,90.06,90.15,90.15,1011300
11/03/2021,91.17,93.58,91.16,92.43,92.43,518400
12/03/2021,92.2,92.31,89.1,89.8,89.8,1010500
15/03/2021,91.09,94.42,90.57,94.28,94.28,703200
16/03/2021,94.81,94.81,89.84,90.66,90.66,586100
17/03/2021,90.34,90.65,88.61,90.23,90.23,610500
18/03/2021,89.94,90.99,85.05,86.01,86.01,1412700
19/03/2021,90.52,90.74,86.7,89.62,89.62,1908100
22/03/2021,88.66,90.77,85.76,86.03,86.03,1794600
23/03/2021,85.5,87.23,83.92,85.32,85.32,989100
24/03/2021,85.32,85.57,81.6,81.97,81.97,849100
25/03/2021,81.65,85.72,81.31,85.0,85.0,1038100
26/03/2021,85.0,88.5,84.58,88.39,88.39,800300
29/03/2021,88.02,89.67,85.92,86.31,86.31,579300
30/03/2021,86.51,88.55,86.18,88.03,88.03,388900
31/03/2021,87.99,88.29,86.35,87.0,87.0,545200
01/04/2021,87.3,88.67,86.02,88.2,88.2,1554900
05/04/2021,88.64,90.18,87.39,89.8,89.8,775200
06/04/2021,89.0,91.68,88.83,89.29,89.29,655500
07/04/2021,89.0,89.97,85.65,86.56,86.56,650600
08/04/2021,86.41,87.67,85.96,86.66,86.66,587700
09/04/2021,86.97,88.94,85.86,88.84,88.84,448600
12/04/2021,89.12,91.52,88.23,91.12,91.12,787900
13/04/2021,91.46,91.68,88.82,89.92,89.92,732100
14/04/2021,90.1,92.0,89.61,90.8,90.8,696600
15/04/2021,91.22,94.29,90.89,94.1,94.1,943900
16/04/2021,94.33,97.58,94.33,95.73,95.73,1678200
19/04/2021,95.7,96.95,94.35,94.88,94.88,953900
20/04/2021,95.06,96.85,94.1,94.61,94.61,808200
21/04/2021,94.83,98.58,94.76,95.4,95.4,906000
22/04/2021,95.66,96.61,93.86,94.95,94.95,980400
23/04/2021,95.41,96.84,94.03,95.91,95.91,570200
26/04/2021,95.91,96.28,93.54,94.76,94.76,846400
27/04/2021,95.18,96.19,94.67,95.05,95.05,482500
28/04/2021,95.12,95.12,92.6,92.76,92.76,441400
29/04/2021,92.9,94.35,91.83,92.47,92.47,557900
30/04/2021,92.32,92.77,91.22,92.27,92.27,893700
03/05/2021,92.27,92.66,87.6,88.26,88.26,936700
04/05/2021,86.95,90.81,85.45,90.07,90.07,1388000
05/05/2021,89.98,89.98,85.75,87.64,87.64,1111600
06/05/2021,88.05,89.37,86.51,87.85,87.85,757500
07/05/2021,87.84,88.2,84.95,84.97,84.97,707000
10/05/2021,85.0,85.9,83.4,84.37,84.37,634600
11/05/2021,83.38,84.0,81.0,83.83,83.83,819100
12/05/2021,83.34,83.34,79.19,79.61,79.61,870600
13/05/2021,79.87,80.76,78.98,79.27,79.27,1020600
14/05/2021,79.87,81.61,79.27,80.15,80.15,1309300
17/05/2021,80.04,80.97,78.75,79.84,79.84,733700
18/05/2021,79.99,81.98,79.62,81.5,81.5,1096000
19/05/2021,81.01,81.46,79.52,80.84,80.84,2010000
20/05/2021,80.36,80.92,77.46,78.27,78.27,1177500
21/05/2021,78.39,78.51,75.75,76.35,76.35,1023200
24/05/2021,78.06,79.18,76.48,77.21,77.21,1473900
25/05/2021,77.12,80.05,77.12,79.32,79.32,1705400
26/05/2021,80.03,81.53,78.7,80.41,80.41,1444100
27/05/2021,80.29,80.75,78.21,80.39,80.39,1718300
28/05/2021,88.75,90.25,85.37,86.44,86.44,3561500
01/06/2021,86.65,89.66,85.01,87.69,87.69,2113900
02/06/2021,87.11,89.58,86.21,89.11,89.11,1207300
03/06/2021,88.35,89.59,86.62,86.62,86.62,907000
04/06/2021,86.77,87.5,83.49,84.01,84.01,1015600
07/06/2021,83.97,84.5,82.71,83.77,83.77,819900
08/06/2021,84.08,87.68,83.54,86.88,86.88,925600
09/06/2021,86.53,88.57,85.92,86.24,86.24,514100
10/06/2021,86.52,87.1,84.83,85.45,85.45,563400
11/06/2021,85.47,87.66,85.27,87.42,87.42,541400
14/06/2021,87.77,90.26,87.73,89.32,89.32,1006700
15/06/2021,89.69,89.69,86.22,88.01,88.01,698100
16/06/2021,87.79,88.81,87.2,88.36,88.36,733300
17/06/2021,88.38,89.6,87.31,88.55,88.55,900000
18/06/2021,88.44,88.87,84.61,85.98,85.98,1275900
21/06/2021,86.57,87.24,85.53,85.75,85.75,766200
22/06/2021,86.0,86.53,84.92,85.71,85.71,758300
23/06/2021,86.0,86.38,83.87,84.37,84.37,898600
24/06/2021,84.81,85.1,83.67,84.75,84.75,665900
25/06/2021,85.23,89.0,85.18,88.87,88.87,2482800
28/06/2021,89.1,89.24,85.37,85.49,85.49,942300
29/06/2021,85.47,85.9,83.86,84.04,84.04,788400
30/06/2021,83.92,85.82,83.58,84.13,84.13,900300
01/07/2021,84.2,85.73,83.59,85.41,85.41,858800
02/07/2021,85.8,86.97,85.13,86.85,86.85,724300
06/07/2021,87.29,88.28,83.3,86.33,86.33,992900
07/07/2021,86.53,87.63,86.1,87.42,87.42,859600
08/07/2021,87.0,87.43,84.96,86.79,86.79,1086400
09/07/2021,87.22,89.72,87.12,89.58,89.58,922500
12/07/2021,89.45,89.8,87.47,89.29,89.29,821700
13/07/2021,89.16,90.59,88.49,89.08,89.08,515700
14/07/2021,88.68,89.96,87.9,89.16,89.16,528300
15/07/2021,89.12,90.43,88.33,89.7,89.7,566300
16/07/2021,90.27,90.36,87.79,88.01,88.01,815400
19/07/2021,87.47,89.56,84.83,89.25,89.25,979900
20/07/2021,90.08,95.43,89.84,93.54,93.54,1789000
21/07/2021,93.42,95.0,93.37,94.01,94.01,667300
22/07/2021,93.73,94.43,91.72,91.87,91.87,795600
23/07/2021,92.0,92.85,90.72,92.47,92.47,467800
26/07/2021,92.33,92.84,91.21,92.56,92.56,361100
27/07/2021,92.31,92.32,90.24,90.51,90.51,386600
28/07/2021,90.68,92.95,90.4,91.02,91.02,467200
29/07/2021,91.0,92.93,91.0,92.65,92.65,427500
30/07/2021,92.15,94.74,92.08,93.1,93.1,631900
02/08/2021,93.84,93.84,91.37,91.54,91.54,528100
03/08/2021,91.62,94.68,91.18,92.61,92.61,519200
04/08/2021,92.0,92.75,88.53,88.84,88.84,639200
05/08/2021,88.66,89.77,86.49,89.03,89.03,860600
06/08/2021,89.05,89.31,87.13,88.78,88.78,596700
09/08/2021,89.13,91.37,88.57,90.08,90.08,1012400
10/08/2021,90.04,92.59,89.69,91.58,91.58,777600
11/08/2021,91.81,92.78,89.55,92.5,92.5,812800
12/08/2021,92.07,92.31,84.36,84.98,84.98,1708200
13/08/2021,84.68,85.65,83.72,85.63,85.63,818500
16/08/2021,85.3,85.85,82.62,83.29,83.29,763300
17/08/2021,82.01,84.17,81.32,84.03,84.03,793000
18/08/2021,84.53,85.0,83.47,83.62,83.62,525100
19/08/2021,83.28,85.52,82.64,83.04,83.04,583900
20/08/2021,82.93,83.82,82.45,82.7,82.7,762300
23/08/2021,82.73,84.24,81.88,83.82,83.82,1317600
24/08/2021,83.96,84.19,82.32,83.1,83.1,965500
25/08/2021,83.13,84.78,82.82,83.22,83.22,1182000
26/08/2021,82.09,82.79,77.52,77.74,77.74,2907800
27/08/2021,65.61,73.94,65.32,72.54,72.54,6530100
30/08/2021,72.64,77.16,72.27,76.61,76.61,2185000
31/08/2021,76.07,76.48,72.25,72.38,72.38,1712200
01/09/2021,72.75,73.6,71.99,72.59,72.59,1138900
02/09/2021,72.96,73.51,71.9,72.85,72.85,935700
03/09/2021,72.59,72.9,71.19,71.75,71.75,1359300
07/09/2021,72.06,74.27,71.98,72.72,72.72,1141000
08/09/2021,75.17,75.18,72.14,72.5,72.5,2010200
09/09/2021,72.19,74.28,72.02,73.21,73.21,1122600
10/09/2021,73.43,74.28,70.44,70.84,70.84,2379300
13/09/2021,70.59,71.87,69.27,69.85,69.85,828300
14/09/2021,70.06,70.22,68.59,69.5,69.5,809700
15/09/2021,69.37,70.31,68.42,69.25,69.25,1159300
16/09/2021,69.1,70.48,68.69,68.84,68.84,1062400
17/09/2021,69.1,69.33,67.64,67.98,67.98,1624400
20/09/2021,66.8,68.23,65.2,66.07,66.07,1167500
21/09/2021,66.0,66.0,64.18,64.24,64.24,986400
22/09/2021,65.07,65.65,64.0,64.45,64.45,965400
23/09/2021,64.73,66.16,64.2,64.53,64.53,675600
24/09/2021,64.39,64.8,63.11,63.16,63.16,726300
27/09/2021,63.01,64.48,61.76,64.22,64.22,712500
28/09/2021,64.74,66.22,63.36,65.73,65.73,2004500
29/09/2021,65.4,66.37,64.43,64.58,64.58,1259200
30/09/2021,64.45,64.45,60.23,60.28,60.28,2212300
01/10/2021,60.48,60.56,58.8,59.93,59.93,945400
04/10/2021,59.73,60.54,58.89,59.53,59.53,892500
05/10/2021,59.63,60.23,58.66,59.06,59.06,843800
06/10/2021,58.2,59.42,57.86,59.3,59.3,1340100
07/10/2021,59.94,62.6,59.71,62.45,62.45,1578200
08/10/2021,62.29,62.69,60.99,61.03,61.03,644100
11/10/2021,60.88,61.55,60.4,61.12,61.12,770000
12/10/2021,61.11,62.02,60.46,61.04,61.04,776600
13/10/2021,61.08,63.98,61.08,63.71,63.71,844600
14/10/2021,64.0,67.36,63.79,66.22,66.22,2053400
15/10/2021,66.22,66.89,65.64,66.11,66.11,952700
18/10/2021,66.11,66.93,65.0,66.48,66.48,1020900
19/10/2021,66.6,66.66,65.36,66.35,66.35,1075200
20/10/2021,66.24,66.83,65.9,66.7,66.7,851400
21/10/2021,66.35,67.32,66.27,66.99,66.99,645600
22/10/2021,66.71,67.25,65.96,66.99,66.99,546700
25/10/2021,67.28,68.1,66.95,67.51,67.51,604700
26/10/2021,67.63,68.47,66.9,67.81,67.81,572400
27/10/2021,68.0,68.19,66.54,66.57,66.57,554300
28/10/2021,66.83,69.22,66.56,68.43,68.43,746600
29/10/2021,68.01,68.72,66.81,67.66,67.66,560500
01/11/2021,68.34,71.79,68.34,71.27,71.27,1006600
02/11/2021,71.16,71.22,69.5,71.11,71.11,681500
03/11/2021,71.57,75.27,70.94,73.43,73.43,1468500
04/11/2021,73.49,74.08,70.18,70.26,70.26,907900
05/11/2021,71.16,73.26,70.9,72.91,72.91,908800
08/11/2021,72.71,72.94,71.66,72.21,72.21,631700
09/11/2021,71.9,73.12,70.16,70.23,70.23,564200
10/11/2021,70.14,70.9,67.58,67.75,67.75,1187500
11/11/2021,67.97,67.97,66.15,66.25,66.25,1093600
12/11/2021,66.87,67.15,65.03,65.16,65.16,1083800
15/11/2021,65.85,69.71,65.77,67.7,67.7,1377700
16/11/2021,67.55,68.79,67.28,68.67,68.67,723900
17/11/2021,68.4,68.95,66.83,67.28,67.28,917700
18/11/2021,67.76,68.57,66.78,67.36,67.36,555400
19/11/2021,67.15,67.44,65.17,66.04,66.04,713100
22/11/2021,66.58,70.26,66.25,69.19,69.19,1036200
23/11/2021,68.74,69.06,65.32,66.39,66.39,813200
24/11/2021,65.84,66.07,64.01,65.92,65.92,707000
26/11/2021,64.47,66.93,64.33,64.62,64.62,559900
29/11/2021,65.35,66.25,63.26,63.32,63.32,758000
30/11/2021,62.77,63.59,60.77,61.89,61.89,1176400
01/12/2021,62.96,65.81,61.13,61.22,61.22,1793700
02/12/2021,61.96,63.65,60.68,62.86,62.86,2413300
03/12/2021,50.76,52.95,49.03,49.99,49.99,8066200
06/12/2021,50.22,56.43,50.13,53.68,53.68,4062700
07/12/2021,54.18,54.77,51.44,51.53,51.53,1942000
08/12/2021,51.2,52.25,50.44,51.22,51.22,1309100
09/12/2021,51.1,51.16,49.69,49.73,49.73,986100
10/12/2021,49.99,50.64,48.99,49.96,49.96,1032000
13/12/2021,49.64,51.1,49.17,50.47,50.47,1450700
14/12/2021,47.76,51.5,47.26,50.61,50.61,1583300
15/12/2021,49.85,50.29,48.2,49.18,49.18,2669900
16/12/2021,49.87,49.95,47.21,47.65,47.65,1889600
17/12/2021,47.71,49.42,46.58,48.89,48.89,2350700
20/12/2021,48.3,48.38,46.03,46.21,46.21,1560300
21/12/2021,46.5,48.06,46.2,46.68,46.68,1241400
22/12/2021,46.68,47.32,46.2,46.3,46.3,766600
23/12/2021,46.3,48.36,45.55,48.05,48.05,1568900
27/12/2021,48.34,49.75,47.88,49.68,49.68,835400
28/12/2021,49.66,51.12,49.26,50.65,50.65,927600
29/12/2021,50.55,51.94,50.19,51.13,51.13,755800
30/12/2021,51.13,52.97,50.76,51.86,51.86,601700
31/12/2021,51.53,52.33,51.04,51.19,51.19,624500
03/01/2022,51.71,53.88,51.61,52.41,52.41,873300
04/01/2022,52.68,53.41,50.89,51.15,51.15,996800
05/01/2022,50.9,52.53,49.29,49.54,49.54,1402400
06/01/2022,49.62,51.02,48.11,49.23,49.23,1344100
07/01/2022,49.37,50.59,48.3,49.71,49.71,1108300
10/01/2022,49.36,49.51,46.44,48.37,48.37,1727200
11/01/2022,48.24,48.39,47.19,48.04,48.04,1287400
12/01/2022,48.52,49.49,47.27,47.85,47.85,1195200
13/01/2022,47.52,48.1,46.89,47.22,47.22,913700
14/01/2022,47.28,47.28,44.8,45.2,45.2,1263100
18/01/2022,44.6,44.93,43.63,44.02,44.02,1116200
19/01/2022,43.99,47.2,43.99,45.61,45.61,1456500
20/01/2022,45.65,46.99,44.09,44.17,44.17,892600
21/01/2022,44.1,45.34,43.6,44.35,44.35,1377500
24/01/2022,43.7,48.38,43.5,48.16,48.16,1821800
25/01/2022,47.65,47.98,45.85,46.26,46.26,1127500
26/01/2022,47.39,47.39,43.78,44.33,44.33,1140300
27/01/2022,45.25,46.13,43.59,44.06,44.06,1107100
28/01/2022,43.08,44.96,42.4,44.93,44.93,932000
31/01/2022,44.89,48.0,44.89,47.94,47.94,1200800
01/02/2022,47.6,48.73,47.18,48.39,48.39,794100
02/02/2022,48.39,48.4,46.76,47.23,47.23,903300
03/02/2022,46.79,47.89,46.24,46.61,46.61,970000
04/02/2022,46.61,47.14,44.71,46.89,46.89,1047700
07/02/2022,46.86,47.31,45.6,45.92,45.92,1591800
08/02/2022,45.8,47.22,45.21,46.25,46.25,1108900
09/02/2022,46.31,47.54,45.6,47.28,47.28,852400
10/02/2022,46.5,48.29,45.52,45.88,45.88,728000
11/02/2022,46.46,46.56,44.8,44.94,44.94,664500
14/02/2022,44.85,46.38,44.85,45.24,45.24,1109400
15/02/2022,46.06,46.78,44.63,45.11,45.11,981500
16/02/2022,45.0,45.0,42.28,43.04,43.04,1178900
17/02/2022,42.79,43.08,40.97,41.23,41.23,1230200
18/02/2022,41.53,43.01,41.02,41.96,41.96,877400
22/02/2022,41.99,43.17,40.91,41.0,41.0,1261800
23/02/2022,41.04,42.19,40.18,40.94,40.94,1069300
24/02/2022,39.52,42.06,39.23,41.7,41.7,1498100
25/02/2022,41.65,43.5,41.12,43.36,43.36,977000
28/02/2022,42.49,43.91,42.31,43.18,43.18,1033400
01/03/2022,43.24,44.71,42.5,43.43,43.43,1961500
02/03/2022,43.48,46.07,42.51,44.3,44.3,1897500
03/03/2022,44.39,45.27,43.01,43.44,43.44,1622500
04/03/2022,43.36,44.72,42.81,44.38,44.38,1445100
07/03/2022,44.75,44.75,42.45,42.51,42.51,1522500
08/03/2022,42.66,46.3,41.92,44.53,44.53,1486900
09/03/2022,45.27,45.76,43.77,44.42,44.42,1043700
10/03/2022,43.28,43.53,40.83,42.0,42.0,1557400
11/03/2022,42.52,42.99,38.75,39.22,39.22,1512200
14/03/2022,39.09,39.43,37.67,38.09,38.09,1208600
15/03/2022,38.23,40.71,38.11,40.59,40.59,1319200
16/03/2022,41.0,43.15,40.75,41.89,41.89,1364900
17/03/2022,41.52,42.02,39.64,41.33,41.33,1334300
18/03/2022,40.87,43.19,40.76,42.91,42.91,1335900
21/03/2022,42.91,43.23,41.28,41.5,41.5,1029500
22/03/2022,42.44,44.25,41.97,42.94,42.94,1637800
23/03/2022,42.56,44.06,40.61,40.67,40.67,3006500
24/03/2022,40.67,44.29,39.6,43.06,43.06,4695600
25/03/2022,42.74,44.45,42.51,43.21,43.21,2522600
28/03/2022,43.27,43.97,40.11,42.17,42.17,1787100
29/03/2022,42.83,44.93,42.78,44.72,44.72,1565700
30/03/2022,44.27,44.89,43.63,43.9,43.9,1073400
31/03/2022,44.08,44.31,42.56,42.96,42.96,1368800
01/04/2022,43.9,43.95,42.55,42.85,42.85,948300
04/04/2022,45.95,49.84,45.55,49.56,49.56,3151100
05/04/2022,49.2,49.88,46.99,47.07,47.07,1696600
06/04/2022,46.69,49.0,46.32,48.32,48.32,1733400
07/04/2022,48.0,50.27,47.36,50.07,50.07,2007400
08/04/2022,50.16,51.88,49.13,51.19,51.19,1522700
11/04/2022,51.0,53.44,50.74,51.43,51.43,1961100
12/04/2022,51.96,54.43,51.1,51.21,51.21,2439200
13/04/2022,51.21,54.67,50.56,54.0,54.0,1816700
14/04/2022,53.64,55.22,53.24,54.6,54.6,1538200
18/04/2022,53.85,55.01,52.92,53.03,53.03,1531400
19/04/2022,53.03,54.37,52.89,54.2,54.2,1298200
20/04/2022,54.42,54.78,52.23,53.39,53.39,1040400
21/04/2022,54.08,54.12,50.54,50.84,50.84,1089300
22/04/2022,50.69,50.89,48.19,48.38,48.38,1113500
25/04/2022,48.14,49.15,46.7,49.13,49.13,1636500
26/04/2022,48.59,49.76,47.85,49.01,49.01,919900
27/04/2022,49.47,49.66,47.59,48.5,48.5,919300
28/04/2022,49.31,49.83,47.63,49.63,49.63,1061900
29/04/2022,48.98,50.0,47.88,48.05,48.05,631300
02/05/2022,48.35,50.52,47.74,50.42,50.42,945500
03/05/2022,50.54,50.73,48.56,48.67,48.67,823400
04/05/2022,48.88,52.57,48.54,52.16,52.16,1420800
05/05/2022,51.66,51.66,47.97,48.78,48.78,1162300
06/05/2022,48.32,48.84,45.85,48.14,48.14,1432300
09/05/2022,47.09,49.33,46.55,48.9,48.9,1081100
10/05/2022,48.86,49.08,43.75,44.31,44.31,1979200
11/05/2022,44.22,45.25,42.65,42.99,42.99,1576500
12/05/2022,42.48,44.94,41.79,44.0,44.0,1635500
13/05/2022,44.77,46.59,44.6,45.62,45.62,1781300
16/05/2022,45.2,46.75,44.51,45.98,45.98,934900
17/05/2022,46.52,47.11,44.12,45.81,45.81,1204300
18/05/2022,43.64,44.85,42.14,43.46,43.46,2160800
19/05/2022,42.29,43.99,40.4,43.19,43.19,2356200
20/05/2022,45.51,47.51,41.54,42.35,42.35,4328500
23/05/2022,42.43,43.52,42.09,43.19,43.19,1502400
24/05/2022,42.57,43.7,41.12,42.01,42.01,1847100
25/05/2022,41.96,46.22,41.96,45.67,45.67,1811900
26/05/2022,46.89,48.12,45.33,46.29,46.29,1573200
27/05/2022,46.07,48.53,45.38,48.19,48.19,1629200
31/05/2022,47.51,48.0,45.92,46.97,46.97,1132200
01/06/2022,47.06,47.73,45.58,45.75,45.75,1021000
02/06/2022,45.32,47.06,44.9,47.02,47.02,1259100
03/06/2022,46.82,48.0,46.15,47.39,47.39,1185700
06/06/2022,48.41,48.52,46.81,48.48,48.48,1445200
07/06/2022,47.29,51.65,46.94,50.99,50.99,2823000
08/06/2022,50.99,55.69,49.75,53.38,53.38,4842300
09/06/2022,55.23,56.96,53.58,55.69,55.69,3281700
10/06/2022,54.07,54.63,52.14,53.66,53.66,2815700
13/06/2022,52.21,53.62,51.54,53.21,53.21,1770400
14/06/2022,53.05,54.85,53.05,54.09,54.09,1545200
15/06/2022,54.64,57.39,54.29,56.71,56.71,1776500
16/06/2022,54.93,57.17,54.42,57.13,57.13,1664600
17/06/2022,57.9,58.49,55.87,57.97,57.97,2126000
21/06/2022,59.0,60.63,58.42,59.97,59.97,1869000
22/06/2022,59.21,60.42,57.45,57.86,57.86,1285900
23/06/2022,58.05,60.83,57.94,60.7,60.7,1474000
24/06/2022,60.92,63.52,60.68,63.43,63.43,1849700
27/06/2022,64.43,64.43,61.47,62.86,62.86,1419100
28/06/2022,62.69,63.69,58.67,58.84,58.84,1569500
29/06/2022,59.33,60.4,58.43,60.32,60.32,1124200
30/06/2022,58.75,59.97,58.22,58.75,58.75,1136900
01/07/2022,58.36,61.38,58.09,61.33,61.33,1066300
05/07/2022,61.0,66.28,60.76,66.26,66.26,1767100
06/07/2022,65.69,66.94,64.26,66.27,66.27,1278300
07/07/2022,66.88,70.85,66.23,70.82,70.82,2186400
08/07/2022,69.97,71.85,69.72,71.17,71.17,1649300
11/07/2022,71.53,71.72,70.42,71.16,71.16,1240200
12/07/2022,70.34,72.27,68.74,69.2,69.2,921800
13/07/2022,67.92,69.18,67.37,68.21,68.21,1565100
14/07/2022,68.18,68.43,66.17,66.54,66.54,1424000
15/07/2022,68.31,69.8,67.81,68.59,68.59,1495300
18/07/2022,68.78,69.43,68.03,68.08,68.08,1028900
19/07/2022,68.08,68.61,66.74,66.89,66.89,1126900
20/07/2022,66.89,67.89,66.0,67.28,67.28,930400
21/07/2022,66.5,67.2,64.4,66.5,66.5,2059400
22/07/2022,66.59,67.85,65.11,65.58,65.58,936600
25/07/2022,65.54,65.54,61.11,63.59,63.59,1956000
26/07/2022,61.04,61.75,59.7,60.5,60.5,1710200
27/07/2022,61.18,61.88,60.25,61.58,61.58,1363800
28/07/2022,61.65,61.84,57.76,59.31,59.31,1450800
29/07/2022,59.05,59.52,58.48,58.95,58.95,892200
01/08/2022,58.98,62.48,58.98,61.28,61.28,1350200
02/08/2022,61.0,61.53,59.67,60.19,60.19,915600
03/08/2022,61.07,65.03,60.63,64.18,64.18,1453700
04/08/2022,64.51,64.99,62.17,62.42,62.42,833100
05/08/2022,61.59,63.06,60.79,62.79,62.79,596400
08/08/2022,63.25,65.95,63.25,63.79,63.79,837300
09/08/2022,63.68,64.26,61.49,62.62,62.62,784000
10/08/2022,64.21,64.77,63.18,63.73,63.73,812700
11/08/2022,64.92,66.58,64.13,65.08,65.08,1271600
12/08/2022,65.2,65.97,64.32,65.67,65.67,695100
15/08/2022,65.53,66.2,64.89,65.42,65.42,685400
16/08/2022,66.1,67.99,65.03,66.49,66.49,950000
17/08/2022,65.14,65.73,64.02,64.45,64.45,863100
18/08/2022,64.93,66.86,63.82,65.77,65.77,856600
19/08/2022,65.05,65.77,63.92,65.0,65.0,675700
22/08/2022,64.51,65.07,63.53,64.68,64.68,626700
23/08/2022,64.72,65.76,63.64,64.31,64.31,780100
24/08/2022,64.46,65.79,63.27,64.75,64.75,730200
25/08/2022,64.34,66.18,63.73,65.77,65.77,966800
26/08/2022,66.24,66.56,61.11,61.13,61.13,1211500
29/08/2022,60.45,60.82,58.36,58.64,58.64,1915300
30/08/2022,59.0,59.08,56.19,56.41,56.41,2435100
31/08/2022,56.72,56.87,53.83,55.31,55.31,2432100
01/09/2022,52.94,55.2,52.17,54.82,54.82,2926000
02/09/2022,54.91,55.91,53.6,54.95,54.95,1813200
06/09/2022,55.22,55.62,53.68,55.3,55.3,998200
07/09/2022,55.43,58.31,55.17,57.89,57.89,933000
08/09/2022,57.3,58.59,56.17,58.51,58.51,807000
09/09/2022,58.94,59.78,57.97,58.3,58.3,984000
12/09/2022,58.25,59.98,58.25,58.46,58.46,860400
13/09/2022,57.13,57.31,54.01,54.12,54.12,1188100
14/09/2022,54.56,55.38,53.16,55.02,55.02,1157800
15/09/2022,56.34,59.01,56.28,57.17,57.17,1618600
16/09/2022,56.92,58.33,56.67,57.71,57.71,1429500
19/09/2022,57.28,58.26,56.71,57.6,57.6,937500
20/09/2022,57.51,58.2,56.93,57.54,57.54,977400
21/09/2022,58.04,60.14,57.83,58.47,58.47,1238800
22/09/2022,58.13,59.26,57.85,58.92,58.92,1110700
23/09/2022,58.5,59.88,57.33,58.08,58.08,1675000
26/09/2022,57.4,59.63,57.4,58.02,58.02,891700
27/09/2022,58.55,59.8,55.67,56.55,56.55,1291200
28/09/2022,56.88,57.88,56.24,56.71,56.71,1136600
29/09/2022,55.57,55.97,51.41,51.47,51.47,2279500
30/09/2022,51.19,52.64,48.95,51.6,51.6,1740000
03/10/2022,52.19,53.59,51.08,52.86,52.86,1183900
04/10/2022,53.72,55.39,53.63,55.05,55.05,1415800
05/10/2022,54.23,55.98,53.41,55.91,55.91,1025000
06/10/2022,55.88,56.27,52.88,53.34,53.34,1450600
07/10/2022,52.87,53.46,52.19,52.99,52.99,874400
10/10/2022,52.89,53.87,52.12,53.53,53.53,916800
11/10/2022,53.71,56.38,53.51,54.78,54.78,1346700
12/10/2022,55.05,56.75,54.46,54.49,54.49,1732400
13/10/2022,53.18,55.52,51.73,54.03,54.03,1549300
14/10/2022,54.41,55.02,53.08,53.21,53.21,965400
17/10/2022,53.37,54.48,52.94,54.01,54.01,1407000
18/10/2022,55.24,56.01,53.96,55.88,55.88,1307900
19/10/2022,55.58,55.67,53.0,54.06,54.06,1338100
20/10/2022,54.29,54.39,52.31,52.48,52.48,1184600
21/10/2022,52.75,54.94,52.58,54.88,54.88,950800
24/10/2022,55.37,55.64,54.03,54.63,54.63,1426000
25/10/2022,55.07,58.53,55.07,57.89,57.89,1057600
26/10/2022,58.12,58.55,56.72,56.88,56.88,1014800
27/10/2022,57.08,57.93,56.13,56.79,56.79,684400
28/10/2022,57.04,58.3,56.23,58.18,58.18,724300
31/10/2022,58.09,58.15,55.22,56.0,56.0,1119300
01/11/2022,56.58,57.28,55.76,56.09,56.09,664000
02/11/2022,56.06,56.18,53.82,53.82,53.82,843000
03/11/2022,52.94,54.27,52.55,52.59,52.59,1016900
04/11/2022,53.2,53.62,51.32,52.24,52.24,1429600
07/11/2022,52.58,53.73,51.88,53.36,53.36,1181200
08/11/2022,53.93,56.26,52.75,54.31,54.31,1157500
09/11/2022,53.98,54.08,50.76,50.96,50.96,1260700
10/11/2022,53.08,55.2,52.61,54.97,54.97,1042600
11/11/2022,55.5,58.0,54.75,57.7,57.7,973700
14/11/2022,57.47,57.47,55.47,55.55,55.55,1208900
15/11/2022,57.49,58.19,56.13,57.06,57.06,720000
16/11/2022,53.85,53.85,51.5,52.22,52.22,2091200
17/11/2022,51.52,54.43,51.14,54.42,54.42,1295800
18/11/2022,55.63,57.98,55.11,55.95,55.95,1102100
21/11/2022,55.68,57.71,54.96,57.54,57.54,1000900
22/11/2022,58.14,60.78,58.1,59.34,59.34,1359300
23/11/2022,59.04,61.53,59.04,60.75,60.75,1043900
25/11/2022,60.39,60.91,59.66,60.15,60.15,351000
28/11/2022,60.18,62.77,59.92,62.22,62.22,1398000
29/11/2022,62.82,62.82,60.28,60.33,60.33,1020700
30/11/2022,60.31,61.2,58.7,60.9,60.9,1119400
01/12/2022,60.38,60.79,58.15,60.45,60.45,1608200
02/12/2022,59.87,60.49,59.43,60.47,60.47,1025800
05/12/2022,60.4,60.75,57.08,57.33,57.33,1478000
06/12/2022,57.09,57.91,55.16,57.75,57.75,2240900
07/12/2022,54.0,54.0,46.44,47.66,47.66,7453500
08/12/2022,47.0,52.16,46.78,52.11,52.11,4002600
09/12/2022,52.02,52.45,50.94,51.3,51.3,2104700
12/12/2022,51.37,53.65,51.1,52.73,52.73,1276300
13/12/2022,54.39,55.41,50.83,52.18,52.18,1168900
14/12/2022,52.37,52.92,50.28,51.25,51.25,1060500
15/12/2022,50.64,51.51,50.13,50.76,50.76,1408900
16/12/2022,50.37,50.81,49.62,50.17,50.17,1479700
19/12/2022,50.42,50.42,46.43,46.76,46.76,1907500
20/12/2022,46.57,46.93,45.81,46.62,46.62,1271900
21/12/2022,47.37,47.83,46.19,46.74,46.74,1344100
22/12/2022,45.93,45.96,44.78,45.53,45.53,1159100
23/12/2022,45.07,46.58,44.72,46.37,46.37,728400
27/12/2022,46.29,46.97,45.78,46.2,46.2,677100
28/12/2022,46.05,47.04,45.76,46.12,46.12,864400
29/12/2022,46.5,47.64,46.32,46.93,46.93,934100
30/12/2022,46.13,47.32,46.13,46.84,46.84,1057300
03/01/2023,47.31,47.84,46.34,46.77,46.77,1005800
04/01/2023,47.02,49.06,46.25,48.98,48.98,1147500
05/01/2023,48.26,49.25,47.79,48.97,48.97,788300
06/01/2023,49.59,52.52,49.24,52.05,52.05,1557900
09/01/2023,52.34,52.74,50.35,50.38,50.38,1182200
10/01/2023,50.84,51.44,50.12,51.38,51.38,600300
11/01/2023,51.57,52.27,50.69,51.94,51.94,779300
12/01/2023,52.45,52.72,51.5,51.99,51.99,775500
13/01/2023,51.76,54.99,51.51,53.9,53.9,1433700
17/01/2023,53.14,54.22,52.43,53.4,53.4,785400
18/01/2023,53.4,54.59,52.76,53.0,53.0,1138800
19/01/2023,52.86,52.9,51.19,51.37,51.37,730400
20/01/2023,51.51,53.32,51.15,53.26,53.26,708100
23/01/2023,53.57,54.12,52.93,53.9,53.9,885900
24/01/2023,53.62,53.9,52.88,53.47,53.47,525600
25/01/2023,53.03,54.29,52.41,54.27,54.27,671100
26/01/2023,54.79,55.07,53.15,53.73,53.73,716400
27/01/2023,53.75,54.35,53.15,53.97,53.97,526800
30/01/2023,53.25,54.61,52.88,53.46,53.46,619300
31/01/2023,53.46,54.76,53.31,54.76,54.76,568000
01/02/2023,54.69,56.76,53.9,56.45,56.45,634500
02/02/2023,57.26,59.9,57.26,58.22,58.22,1225200
03/02/2023,57.31,58.65,55.79,56.15,56.15,692700
06/02/2023,56.16,57.9,55.72,56.14,56.14,836600
07/02/2023,55.58,57.1,55.18,56.75,56.75,535100
08/02/2023,56.65,57.29,56.11,56.35,56.35,658200
09/02/2023,56.69,57.15,54.73,55.01,55.01,574800
10/02/2023,54.55,55.85,53.99,55.78,55.78,612700
13/02/2023,55.94,56.84,55.66,56.54,56.54,669300
14/02/2023,55.61,56.76,54.78,56.76,56.76,531000
15/02/2023,56.23,59.42,56.23,59.34,59.34,940100
16/02/2023,58.38,59.94,57.92,59.23,59.23,874400
17/02/2023,59.22,59.86,57.29,58.0,58.0,788400
21/02/2023,57.24,58.64,56.83,58.17,58.17,734600
22/02/2023,57.97,59.63,57.7,58.69,58.69,743700
23/02/2023,58.56,58.97,56.57,58.09,58.09,687500
24/02/2023,57.32,59.71,57.28,59.19,59.19,607000
27/02/2023,59.55,60.13,57.46,57.96,57.96,703100
28/02/2023,58.79,59.83,57.5,57.54,57.54,926400
01/03/2023,56.96,57.55,55.67,55.75,55.75,1256900
02/03/2023,55.65,57.33,55.14,56.8,56.8,753400
03/03/2023,56.98,57.28,56.07,56.6,56.6,674800
06/03/2023,56.96,57.22,54.97,55.27,55.27,915300
07/03/2023,55.3,56.29,55.02,55.52,55.52,731800
08/03/2023,55.61,56.85,54.65,56.3,56.3,615000
09/03/2023,56.17,56.62,55.44,55.56,55.56,704100
10/03/2023,55.21,55.21,53.03,53.68,53.68,995200
13/03/2023,52.9,54.0,52.15,52.82,52.82,1035200
14/03/2023,53.88,54.08,52.28,52.5,52.5,649000
15/03/2023,51.79,52.83,51.13,52.78,52.78,839700
16/03/2023,52.01,52.91,51.65,52.23,52.23,893900
17/03/2023,51.92,52.03,50.94,51.94,51.94,1680900
20/03/2023,52.21,53.18,51.69,52.24,52.24,1466400
21/03/2023,53.0,54.16,52.81,53.26,53.26,1929200
22/03/2023,61.83,63.63,57.04,58.47,58.47,5828600
23/03/2023,59.29,59.6,56.16,57.98,57.98,2292000
24/03/2023,57.97,59.3,57.51,58.1,58.1,1065800
27/03/2023,55.93,58.48,55.57,58.02,58.02,1743900
28/03/2023,58.0,58.42,56.93,57.02,57.02,880200
29/03/2023,57.0,57.44,56.04,56.66,56.66,1058700
30/03/2023,57.1,57.35,56.38,56.54,56.54,654100
31/03/2023,56.97,58.23,56.32,57.94,57.94,723300
03/04/2023,57.84,59.99,57.57,59.74,59.74,954700
04/04/2023,60.0,60.15,57.22,57.69,57.69,873500
05/04/2023,57.3,58.18,56.58,57.77,57.77,1041100
06/04/2023,57.41,58.23,56.87,58.19,58.19,614100
10/04/2023,58.05,59.53,57.73,59.1,59.1,853200
11/04/2023,58.99,59.7,58.76,58.91,58.91,676600
12/04/2023,59.45,59.92,58.9,59.43,59.43,1502200
13/04/2023,59.59,60.0,58.12,58.58,58.58,689900
14/04/2023,58.79,59.67,57.11,57.54,57.54,711100
17/04/2023,61.16,61.9,59.51,60.49,60.49,1854300
18/04/2023,60.75,62.2,60.75,61.33,61.33,1538700
19/04/2023,60.69,63.29,60.48,63.18,63.18,1328500
20/04/2023,62.74,64.98,62.5,63.76,63.76,1262700
21/04/2023,63.96,65.14,63.7,64.09,64.09,926600
24/04/2023,63.99,65.58,63.92,65.45,65.45,906500
25/04/2023,65.24,65.97,63.88,64.01,64.01,877400
26/04/2023,63.97,64.94,63.97,64.38,64.38,465500
27/04/2023,64.74,65.52,64.12,65.45,65.45,665200
28/04/2023,65.14,65.89,63.82,65.25,65.25,648900
01/05/2023,65.15,66.16,64.9,65.43,65.43,874500
02/05/2023,65.2,66.77,64.56,66.5,66.5,727500
03/05/2023,66.34,67.72,66.34,66.87,66.87,576200
04/05/2023,67.05,67.34,65.86,66.52,66.52,418500
05/05/2023,66.99,68.16,66.37,67.01,67.01,736400
08/05/2023,67.02,67.62,66.64,67.6,67.6,515300
09/05/2023,67.03,67.11,65.85,65.97,65.97,685700
10/05/2023,66.51,67.23,65.77,66.45,66.45,672800
11/05/2023,66.27,66.63,65.97,66.13,66.13,551200
12/05/2023,66.07,66.99,65.78,66.96,66.96,575000
15/05/2023,67.09,67.41,65.15,65.78,65.78,855500
16/05/2023,65.12,66.14,64.34,65.75,65.75,583100
17/05/2023,66.27,67.22,65.49,67.16,67.16,736100
18/05/2023,66.83,67.25,65.2,66.29,66.29,856000
19/05/2023,66.05,66.05,62.54,63.35,63.35,1507200
22/05/2023,63.91,64.19,62.19,62.63,62.63,827100
23/05/2023,62.17,63.04,60.76,61.57,61.57,824300
24/05/2023,61.98,62.29,60.31,60.77,60.77,622800
25/05/2023,60.35,61.03,56.57,56.78,56.78,1928800
26/05/2023,56.27,56.61,54.42,54.57,54.57,1386300
30/05/2023,54.51,55.16,53.5,55.01,55.01,1278100
31/05/2023,54.51,55.82,53.32,55.12,55.12,1696400
01/06/2023,54.75,55.7,52.93,53.35,53.35,2326900
02/06/2023,53.87,57.86,53.61,57.69,57.69,1848800
05/06/2023,57.21,59.68,56.65,59.33,59.33,1818400
06/06/2023,59.48,62.17,59.42,62.01,62.01,2448300
07/06/2023,61.5,63.77,58.93,61.06,61.06,2940900
08/06/2023,61.81,62.47,60.34,60.44,60.44,1268600
09/06/2023,60.63,62.18,60.5,61.96,61.96,1040700
12/06/2023,62.0,64.28,61.84,63.95,63.95,1221300
13/06/2023,64.0,64.16,61.82,62.13,62.13,996900
14/06/2023,62.39,63.07,61.06,61.33,61.33,978700
15/06/2023,61.53,61.74,60.32,61.24,61.24,888600
16/06/2023,61.5,61.54,59.55,59.69,59.69,1123600
20/06/2023,59.12,59.37,57.48,58.5,58.5,1249600
21/06/2023,58.32,60.16,57.88,59.43,59.43,1002600
22/06/2023,59.43,60.99,58.51,59.31,59.31,941900
23/06/2023,59.23,60.54,59.11,59.32,59.32,1211000
26/06/2023,59.41,61.15,59.41,60.16,60.16,1265800
27/06/2023,60.29,61.4,59.73,59.92,59.92,850500
28/06/2023,59.69,59.81,57.87,58.22,58.22,961800
29/06/2023,58.34,58.37,57.44,57.75,57.75,836400
30/06/2023,57.78,58.42,57.31,57.93,57.93,775400
03/07/2023,58.26,60.43,57.96,60.37,60.37,869600
05/07/2023,60.3,62.6,60.26,62.52,62.52,1256600
06/07/2023,62.07,63.26,61.6,62.74,62.74,1087000
07/07/2023,63.09,64.97,62.88,64.26,64.26,1616100
10/07/2023,64.27,67.23,64.1,66.95,66.95,1372600
11/07/2023,66.96,68.14,66.59,68.09,68.09,1031500
12/07/2023,68.48,69.41,67.71,69.06,69.06,964100
13/07/2023,69.12,70.43,68.27,70.18,70.18,1046200
14/07/2023,70.11,70.26,68.34,69.0,69.0,832000
17/07/2023,68.72,71.61,68.42,70.8,70.8,1073500
18/07/2023,71.15,71.97,70.22,71.22,71.22,832800
19/07/2023,71.93,73.13,71.62,72.61,72.61,893200
20/07/2023,72.66,73.03,71.29,71.58,71.58,712100
21/07/2023,72.21,72.71,71.58,72.4,72.4,536800
24/07/2023,72.17,72.57,71.4,71.98,71.98,686600
25/07/2023,71.95,72.31,70.84,71.93,71.93,694800
26/07/2023,71.88,73.31,71.29,73.19,73.19,866800
27/07/2023,73.23,73.71,72.23,72.61,72.61,619800
28/07/2023,73.0,73.46,71.09,71.68,71.68,787100
31/07/2023,71.61,72.93,71.37,72.88,72.88,830700
01/08/2023,72.34,72.94,71.11,71.98,71.98,566500
02/08/2023,71.68,72.58,70.98,71.58,71.58,584800
03/08/2023,71.55,72.18,71.02,71.39,71.39,486800
04/08/2023,71.38,73.07,70.98,72.94,72.94,579700
07/08/2023,73.04,73.27,71.79,72.49,72.49,401900
08/08/2023,72.25,72.33,71.54,71.8,71.8,360000
09/08/2023,71.94,73.69,71.43,73.19,73.19,566400
10/08/2023,73.64,74.21,72.58,72.65,72.65,481200
11/08/2023,72.58,74.06,72.29,73.26,73.26,463900
14/08/2023,73.32,75.96,72.57,74.55,74.55,1627100
15/08/2023,76.0,77.58,74.62,76.26,76.26,2057700
16/08/2023,76.42,76.99,74.14,74.16,74.16,998600
17/08/2023,74.01,75.24,72.98,73.02,73.02,793500
18/08/2023,72.5,74.26,71.56,73.4,73.4,690600
21/08/2023,73.32,74.13,72.99,73.31,73.31,679500
22/08/2023,72.98,73.45,71.51,72.88,72.88,970800
23/08/2023,72.9,73.98,72.3,73.78,73.78,681700
24/08/2023,73.26,73.28,70.77,70.89,70.89,984900
25/08/2023,71.43,71.83,70.17,71.02,71.02,1242500
28/08/2023,71.32,74.61,71.14,74.55,74.55,1343400
29/08/2023,74.26,74.84,73.27,74.7,74.7,1288800
30/08/2023,74.31,76.75,74.25,74.88,74.88,1895200
31/08/2023,76.0,80.94,75.55,77.08,77.08,3157500
01/09/2023,77.56,78.08,73.08,73.96,73.96,1873400
05/09/2023,73.95,75.71,73.01,74.48,74.48,1101700
06/09/2023,74.34,75.32,72.98,73.82,73.82,786500
07/09/2023,73.37,74.86,73.37,74.23,74.23,623500
08/09/2023,74.27,77.04,74.16,76.82,76.82,732300
11/09/2023,77.01,78.91,77.01,78.2,78.2,912300
12/09/2023,78.22,79.44,77.73,78.04,78.04,764100
13/09/2023,78.46,79.36,77.91,78.52,78.52,977400
14/09/2023,78.66,79.1,77.1,78.22,78.22,673200
15/09/2023,77.82,78.52,76.48,77.97,77.97,1354300
18/09/2023,77.7,77.76,76.43,77.22,77.22,604000
19/09/2023,77.02,77.02,75.34,75.4,75.4,1045400
20/09/2023,75.5,78.41,75.5,76.91,76.91,961700
21/09/2023,76.19,76.89,74.17,74.5,74.5,925100
22/09/2023,74.89,76.07,74.57,75.79,75.79,961100
25/09/2023,75.59,77.57,75.57,77.12,77.12,734300
26/09/2023,77.02,77.02,75.29,75.4,75.4,691400
27/09/2023,75.4,75.81,74.6,74.85,74.85,1131700
28/09/2023,74.63,76.73,73.57,76.21,76.21,951100
29/09/2023,76.76,77.97,76.31,77.18,77.18,995400
02/10/2023,77.85,79.54,77.49,77.86,77.86,1048900
03/10/2023,77.14,77.82,75.07,75.28,75.28,719900
04/10/2023,75.29,75.97,74.63,75.4,75.4,704800
05/10/2023,75.01,75.01,71.21,72.72,72.72,1384800
06/10/2023,72.16,75.07,72.06,74.6,74.6,744600
09/10/2023,74.68,74.83,72.76,73.49,73.49,1095200
10/10/2023,73.72,75.48,73.08,74.08,74.08,1046900
11/10/2023,74.3,74.58,72.32,72.8,72.8,1017400
12/10/2023,72.96,74.28,71.88,74.13,74.13,1109400
13/10/2023,74.48,74.55,72.72,73.84,73.84,655900
16/10/2023,74.17,75.33,70.82,71.43,71.43,1702100
17/10/2023,72.57,75.3,72.22,72.9,72.9,1366600
18/10/2023,72.93,73.57,71.97,72.09,72.09,816200
19/10/2023,72.16,73.45,71.67,72.52,72.52,778700
20/10/2023,72.59,75.75,72.38,74.83,74.83,1344100
23/10/2023,73.95,75.26,73.6,74.51,74.51,802300
24/10/2023,74.95,75.76,73.86,74.72,74.72,689400
25/10/2023,74.59,76.21,74.05,74.83,74.83,581200
26/10/2023,74.58,76.17,74.45,75.34,75.34,835400
27/10/2023,75.53,76.73,74.95,75.43,75.43,702100
30/10/2023,75.58,77.71,75.45,77.16,77.16,897700
31/10/2023,77.0,77.96,75.93,77.24,77.24,578100
01/11/2023,77.4,78.59,76.33,78.03,78.03,612800
02/11/2023,78.38,79.25,77.86,78.5,78.5,689300
03/11/2023,79.14,81.24,79.04,79.75,79.75,881900
06/11/2023,79.75,80.58,79.26,80.22,80.22,1012800
07/11/2023,80.78,81.55,80.01,80.09,80.09,816000
08/11/2023,80.02,80.27,78.7,79.28,79.28,651500
09/11/2023,79.25,79.25,77.31,77.86,77.86,846000
10/11/2023,78.05,78.68,76.4,78.66,78.66,785400
13/11/2023,78.46,82.0,78.4,79.2,79.2,1239300
14/11/2023,80.62,81.91,80.01,81.63,81.63,859500
15/11/2023,82.13,83.19,80.29,80.55,80.55,1061900
16/11/2023,80.07,80.13,77.0,77.62,77.62,1012900
17/11/2023,78.37,78.92,76.85,77.19,77.19,730700
20/11/2023,77.55,77.8,76.46,77.54,77.54,543700
21/11/2023,77.24,78.34,76.15,77.09,77.09,857900
22/11/2023,77.53,78.33,76.95,78.21,78.21,609000
24/11/2023,77.34,77.75,76.62,77.28,77.28,290400
27/11/2023,77.46,77.55,75.3,76.54,76.54,1106200
28/11/2023,77.22,77.45,76.18,76.52,76.52,767800
29/11/2023,76.73,77.61,75.35,75.52,75.52,884000
30/11/2023,75.68,76.0,72.93,73.27,73.27,1152300
01/12/2023,73.17,74.82,71.6,74.77,74.77,1102800
04/12/2023,74.36,77.35,74.07,76.28,76.28,1375500
05/12/2023,75.54,77.36,74.34,76.25,76.25,1583700
06/12/2023,78.5,81.39,76.12,76.36,76.36,2922500
07/12/2023,76.45,77.13,71.07,73.08,73.08,2243400
08/12/2023,72.69,73.83,71.35,72.2,72.2,1172100
11/12/2023,72.36,73.34,71.9,73.32,73.32,758500
12/12/2023,73.07,74.07,72.29,72.82,72.82,903700
13/12/2023,73.23,75.24,72.93,75.18,75.18,887600
14/12/2023,75.02,76.02,71.5,71.55,71.55,1628200
15/12/2023,71.88,72.22,68.57,68.78,68.78,2112400
18/12/2023,69.01,71.5,69.01,70.92,70.92,1036200
19/12/2023,71.41,72.47,70.75,70.98,70.98,649800
20/12/2023,70.36,72.43,70.01,71.14,71.14,950700
21/12/2023,71.29,71.84,70.07,70.85,70.85,1318200
22/12/2023,70.19,72.06,69.56,71.72,71.72,587800
26/12/2023,72.0,74.28,71.72,74.12,74.12,803700
27/12/2023,74.18,75.16,73.96,75.08,75.08,710400
28/12/2023,75.03,76.69,74.89,76.17,76.17,753200
29/12/2023,75.94,76.58,75.12,75.89,75.89,1096900
02/01/2024,75.32,76.51,74.47,75.13,75.13,1084900
03/01/2024,75.51,75.64,69.75,69.76,69.76,1370200
04/01/2024,69.85,71.15,69.6,70.78,70.78,1050400
05/01/2024,70.87,71.64,69.6,70.17,70.17,724900
08/01/2024,70.18,71.31,69.11,70.73,70.73,603900
09/01/2024,70.23,71.4,70.06,70.79,70.79,625100
10/01/2024,70.7,71.44,70.39,71.07,71.07,1001000
11/01/2024,70.96,71.67,70.02,71.56,71.56,526300
12/01/2024,71.85,72.61,71.1,71.7,71.7,669300
16/01/2024,72.2,74.51,71.94,74.45,74.45,710900
17/01/2024,74.34,75.3,73.3,74.41,74.41,990400
18/01/2024,74.47,74.71,73.26,73.98,73.98,779800
19/01/2024,74.31,75.71,72.55,74.77,74.77,872000
22/01/2024,74.8,75.12,72.42,74.11,74.11,1002500
23/01/2024,74.58,74.67,73.19,74.0,74.0,762800
24/01/2024,74.19,74.21,71.19,71.24,71.24,1189100
25/01/2024,71.54,72.75,71.54,72.05,72.05,688000
26/01/2024,72.4,73.36,72.1,72.58,72.58,433000
29/01/2024,72.73,73.92,72.15,72.84,72.84,610400
30/01/2024,72.27,73.42,72.12,73.2,73.2,856500
31/01/2024,73.34,73.65,71.74,71.93,71.93,616400
01/02/2024,71.95,74.41,71.42,74.4,74.4,618900
02/02/2024,73.61,75.95,72.92,75.07,75.07,559000
05/02/2024,74.33,75.07,73.14,73.15,73.15,532500
06/02/2024,73.15,75.11,72.72,75.01,75.01,511100
07/02/2024,75.52,75.52,73.33,73.97,73.97,679000
08/02/2024,74.19,77.48,73.82,75.62,75.62,604000
09/02/2024,75.54,76.55,75.11,76.51,76.51,387600
12/02/2024,76.5,78.85,76.31,78.84,78.84,1100200
13/02/2024,77.49,78.65,76.35,78.54,78.54,1005300
14/02/2024,79.09,79.47,76.53,77.98,77.98,777900
15/02/2024,78.08,78.08,76.42,76.62,76.62,567200
16/02/2024,76.34,78.0,75.28,77.82,77.82,622200
20/02/2024,78.23,81.61,78.04,79.83,79.83,1203100
21/02/2024,79.59,81.06,78.58,79.68,79.68,687700
22/02/2024,80.04,81.18,79.54,80.88,80.88,711200
23/02/2024,80.72,83.44,80.72,82.66,82.66,1023600
26/02/2024,82.5,84.38,81.12,81.18,81.18,561400
27/02/2024,81.25,82.04,80.58,81.16,81.16,609900
28/02/2024,80.78,81.43,79.35,79.43,79.43,656800
29/02/2024,80.04,80.89,79.17,80.17,80.17,658800
01/03/2024,79.67,80.16,78.46,78.96,78.96,608000
04/03/2024,78.96,80.09,76.89,77.0,77.0,761300
05/03/2024,76.91,77.28,75.31,76.17,76.17,890200
06/03/2024,76.23,76.73,74.46,74.92,74.92,729500
07/03/2024,74.81,75.93,74.35,75.28,75.28,525400
08/03/2024,75.42,75.51,73.64,74.55,74.55,470100
11/03/2024,74.94,75.78,73.94,75.45,75.45,618500
12/03/2024,74.84,76.28,74.34,74.52,74.52,554800
13/03/2024,73.09,75.02,73.01,74.65,74.65,999200
14/03/2024,75.53,76.39,73.21,74.65,74.65,942400
15/03/2024,74.6,75.91,73.21,74.0,74.0,1467300
18/03/2024,74.04,75.07,73.56,75.0,75.0,1628800
19/03/2024,75.03,75.72,73.95,75.35,75.35,2143500
20/03/2024,74.64,78.0,73.59,76.29,76.29,3089900
21/03/2024,76.83,80.28,76.54,79.63,79.63,1353400
22/03/2024,79.47,80.12,77.81,78.17,78.17,1240600
25/03/2024,78.14,79.96,77.76,79.36,79.36,953400
26/03/2024,79.0,79.75,75.96,76.1,76.1,1227300
27/03/2024,77.53,78.83,76.79,78.82,78.82,857700
28/03/2024,78.87,79.66,78.6,79.57,79.57,601700
01/04/2024,78.76,78.76,74.19,74.23,74.23,1837600
02/04/2024,73.28,73.49,71.1,71.42,71.42,1256000
03/04/2024,71.22,71.25,68.05,68.45,68.45,1440100
04/04/2024,68.83,72.43,68.83,71.16,71.16,1762600
05/04/2024,72.74,74.48,72.39,73.43,73.43,1179800
08/04/2024,73.1,75.09,72.96,72.97,72.97,1319300
09/04/2024,72.97,73.62,72.01,72.9,72.9,992700
10/04/2024,71.95,72.97,71.18,72.82,72.82,1011900
11/04/2024,73.38,73.56,71.78,73.12,73.12,834300
12/04/2024,72.64,73.25,71.45,71.52,71.52,759700
15/04/2024,72.59,74.67,71.67,72.41,72.41,953800
16/04/2024,72.44,72.62,71.47,71.89,71.89,1028600
17/04/2024,72.48,73.09,70.43,71.15,71.15,906000
18/04/2024,72.07,72.95,71.6,72.29,72.29,662900
19/04/2024,72.0,73.85,71.96,73.21,73.21,711100
22/04/2024,73.57,74.59,72.54,73.7,73.7,1019800
23/04/2024,73.71,75.68,73.57,75.21,75.21,942100
24/04/2024,75.13,75.56,74.29,74.71,74.71,650000
25/04/2024,74.78,75.43,73.46,74.35,74.35,829100
26/04/2024,74.32,75.11,73.51,74.46,74.46,584100
29/04/2024,74.4,74.46,71.6,71.91,71.91,1206300
30/04/2024,71.65,73.55,71.47,73.14,73.14,1044900
01/05/2024,72.8,72.8,70.17,72.26,72.26,887900
02/05/2024,73.0,74.75,72.31,74.62,74.62,732400
03/05/2024,76.59,77.28,76.04,76.8,76.8,743800
06/05/2024,78.51,80.19,78.26,78.68,78.68,1196900
07/05/2024,78.87,80.16,78.87,79.51,79.51,688700
08/05/2024,79.24,80.37,78.05,78.6,78.6,728300
09/05/2024,78.93,79.9,78.64,78.72,78.72,671700
10/05/2024,78.64,78.68,77.36,77.84,77.84,575500
13/05/2024,78.21,79.79,74.25,74.5,74.5,1103400
14/05/2024,75.27,75.67,72.82,73.27,73.27,1168700
15/05/2024,73.53,74.15,72.37,72.62,72.62,961200
16/05/2024,72.66,74.41,72.65,73.51,73.51,1098000
17/05/2024,73.47,73.9,72.19,73.36,73.36,930600
20/05/2024,73.51,74.26,72.63,73.17,73.17,893000
21/05/2024,73.5,75.3,72.5,72.93,72.93,1137200
22/05/2024,72.84,73.95,72.22,73.88,73.88,657100
23/05/2024,73.98,75.56,73.36,75.18,75.18,645100
24/05/2024,75.75,78.57,75.67,78.38,78.38,1060300
28/05/2024,78.6,80.1,77.75,78.92,78.92,1172900
29/05/2024,78.85,80.31,78.58,79.37,79.37,595700
30/05/2024,79.5,81.32,78.81,81.1,81.1,868500
31/05/2024,81.12,82.96,80.47,82.43,82.43,1131700
03/06/2024,82.15,84.56,82.15,83.62,83.62,1655800
04/06/2024,83.41,83.62,81.15,82.04,82.04,1655600
05/06/2024,85.0,91.08,84.84,89.83,89.83,3171900
06/06/2024,88.84,89.54,84.1,84.35,84.35,1608400
07/06/2024,84.12,85.74,82.95,83.51,83.51,925900
10/06/2024,82.94,85.08,82.84,84.61,84.61,1635100
11/06/2024,84.44,85.85,83.55,85.2,85.2,1002300
12/06/2024,85.98,86.29,84.67,84.85,84.85,766000
13/06/2024,84.92,85.74,84.48,85.4,85.4,609700
14/06/2024,85.27,88.51,84.93,87.71,87.71,3816800
17/06/2024,89.55,96.53,89.14,95.98,95.98,2403600
18/06/2024,95.94,99.67,95.08,98.04,98.04,1866100
20/06/2024,98.17,100.44,97.61,97.73,97.73,1663300
21/06/2024,97.82,98.65,96.55,98.27,98.27,1132000
24/06/2024,98.77,99.19,97.12,97.82,97.82,1003000
25/06/2024,98.17,99.48,97.0,98.41,98.41,1101800
26/06/2024,98.26,99.38,97.5,98.31,98.31,799100
27/06/2024,97.01,98.71,96.88,98.34,98.34,765700
28/06/2024,98.75,98.77,96.83,98.17,98.17,1438800
01/07/2024,98.79,99.36,96.96,98.38,98.38,1222700
02/07/2024,98.56,100.22,97.49,98.32,98.32,1344500
03/07/2024,97.97,98.8,96.8,96.92,96.92,754600
05/07/2024,96.25,99.21,95.0,98.55,98.55,1387300
08/07/2024,98.49,100.88,96.42,99.86,99.86,1786400
09/07/2024,100.4,100.4,97.84,98.28,98.28,847200
10/07/2024,98.42,99.79,97.76,98.8,98.8,907700
11/07/2024,99.66,101.8,99.43,101.05,101.05,1283700
12/07/2024,101.93,103.64,100.99,101.76,101.76,983400
15/07/2024,101.77,104.98,101.72,103.45,103.45,1354800
16/07/2024,103.34,104.89,102.02,103.97,103.97,1014300
17/07/2024,102.72,104.47,99.99,101.45,101.45,1058100
18/07/2024,101.84,102.7,98.64,101.03,101.03,1200400
19/07/2024,100.29,102.03,100.26,100.55,100.55,649300
22/07/2024,101.02,101.66,98.75,98.96,98.96,681000
23/07/2024,98.96,99.16,97.5,99.08,99.08,777800
24/07/2024,98.16,99.32,96.75,97.08,97.08,860700
25/07/2024,97.18,98.16,95.46,96.39,96.39,697600
26/07/2024,97.5,98.01,95.66,96.0,96.0,568500
29/07/2024,96.66,99.05,95.5,98.95,98.95,1147500
30/07/2024,99.02,100.2,97.77,99.14,99.14,929900
31/07/2024,99.96,99.96,96.97,97.64,97.64,740900
01/08/2024,98.18,99.04,96.21,97.65,97.65,592900
02/08/2024,95.37,96.42,92.52,96.41,96.41,1409900
05/08/2024,92.22,94.8,91.25,93.7,93.7,1065600
06/08/2024,94.52,95.05,93.33,94.19,94.19,665400
07/08/2024,95.07,95.58,90.25,90.63,90.63,975400
08/08/2024,90.55,93.36,90.55,93.02,93.02,713700
09/08/2024,92.4,93.0,91.43,91.86,91.86,717600
12/08/2024,92.29,92.29,87.71,88.67,88.67,1296100
13/08/2024,88.51,89.9,86.14,87.47,87.47,1138500
14/08/2024,87.84,88.69,86.05,86.23,86.23,1083100
15/08/2024,89.6,94.66,89.56,94.45,94.45,2162200
16/08/2024,93.65,96.03,93.65,95.94,95.94,1015100
19/08/2024,96.21,98.36,96.21,97.37,97.37,1102100
20/08/2024,97.44,97.8,95.88,96.69,96.69,738100
21/08/2024,98.01,99.56,96.81,99.11,99.11,736500
22/08/2024,99.36,99.4,97.16,97.34,97.34,471500
23/08/2024,98.75,99.28,97.04,98.89,98.89,748600
26/08/2024,100.63,100.78,97.52,97.7,97.7,944100
27/08/2024,97.39,97.42,94.43,95.03,95.03,1164900
28/08/2024,94.2,95.4,93.63,94.09,94.09,1731400
29/08/2024,92.06,93.59,86.29,86.9,86.9,4290300
30/08/2024,87.75,90.69,86.54,89.56,89.56,2553800
03/09/2024,89.58,89.73,87.44,89.01,89.01,1674900
04/09/2024,88.41,89.54,87.27,88.75,88.75,975500
05/09/2024,88.93,88.93,87.37,87.74,87.74,1004100
06/09/2024,87.93,88.37,86.67,87.31,87.31,990100
09/09/2024,87.35,92.58,87.11,92.48,92.48,1731100
10/09/2024,93.21,94.14,91.3,93.47,93.47,1349300
11/09/2024,93.28,96.83,92.66,96.35,96.35,1200100
12/09/2024,96.87,99.26,96.19,98.16,98.16,842700
13/09/2024,99.06,99.29,97.08,98.17,98.17,941500
16/09/2024,98.57,100.96,97.94,99.18,99.18,1183900
17/09/2024,99.56,101.0,98.89,99.0,99.0,797900
