Date,Open,High,Low,Close,Adj Close,Volume
09/06/1999,3.42,3.67,3.42,3.54,3.54,7405500
10/06/1999,3.54,3.96,3.5,3.92,3.92,2929800
11/06/1999,3.96,4.17,3.83,3.92,3.92,824700
14/06/1999,3.92,3.96,3.67,3.71,3.71,501900
15/06/1999,3.69,3.75,3.54,3.54,3.54,549000
16/06/1999,3.56,3.56,3.5,3.5,3.5,465600
17/06/1999,3.52,3.52,3.42,3.48,3.48,363000
18/06/1999,3.48,3.48,3.48,3.48,3.48,0
21/06/1999,3.42,3.58,3.42,3.58,3.58,318000
22/06/1999,3.58,3.6,3.54,3.58,3.58,128100
23/06/1999,3.54,3.54,3.42,3.42,3.42,125100
24/06/1999,3.42,3.44,3.25,3.29,3.29,333000
25/06/1999,3.25,3.31,3.25,3.29,3.29,223200
28/06/1999,3.27,3.33,3.19,3.25,3.25,162000
29/06/1999,3.23,3.33,3.21,3.33,3.33,168600
30/06/1999,3.33,3.58,3.29,3.5,3.5,224400
01/07/1999,3.5,3.5,3.33,3.33,3.33,477600
02/07/1999,3.35,3.46,3.29,3.42,3.42,565500
06/07/1999,3.33,3.33,2.33,2.58,2.58,6235500
07/07/1999,2.62,2.67,2.46,2.56,2.56,2514000
08/07/1999,2.67,2.77,2.58,2.6,2.6,3195900
09/07/1999,2.67,2.71,2.52,2.52,2.52,1562400
12/07/1999,2.54,2.58,2.35,2.4,2.4,1285200
13/07/1999,2.42,2.44,2.35,2.4,2.4,676800
14/07/1999,2.42,2.44,2.27,2.31,2.31,917400
15/07/1999,2.33,2.35,2.17,2.33,2.33,985800
16/07/1999,2.33,2.35,2.25,2.33,2.33,1810200
19/07/1999,2.29,2.35,2.27,2.33,2.33,936000
20/07/1999,2.33,2.33,2.29,2.31,2.31,345000
21/07/1999,2.29,2.31,2.23,2.25,2.25,307500
22/07/1999,2.25,2.25,2.0,2.12,2.12,1184700
23/07/1999,2.12,2.15,2.04,2.08,2.08,427800
26/07/1999,2.04,2.17,2.04,2.12,2.12,525000
27/07/1999,2.17,2.35,2.08,2.33,2.33,1456500
28/07/1999,2.33,2.44,2.19,2.19,2.19,1504200
29/07/1999,2.15,2.23,2.02,2.23,2.23,1002900
30/07/1999,2.25,2.31,2.25,2.27,2.27,534000
02/08/1999,2.29,2.31,2.21,2.23,2.23,408000
03/08/1999,2.23,2.25,2.1,2.1,2.1,329400
04/08/1999,2.06,2.1,2.0,2.0,2.0,400500
05/08/1999,2.0,2.0,1.77,1.92,1.92,608100
06/08/1999,1.94,1.98,1.83,1.96,1.96,415500
09/08/1999,2.0,2.12,1.98,2.08,2.08,342000
10/08/1999,2.04,2.1,2.0,2.04,2.04,311700
11/08/1999,2.06,2.15,2.0,2.02,2.02,339300
12/08/1999,2.04,2.06,1.98,1.98,1.98,189600
13/08/1999,1.98,2.02,1.96,1.96,1.96,165000
16/08/1999,1.96,2.06,1.96,2.04,2.04,235500
17/08/1999,2.04,2.04,2.0,2.02,2.02,152700
18/08/1999,2.02,2.12,2.02,2.08,2.08,139200
19/08/1999,2.08,2.08,2.04,2.04,2.04,114000
20/08/1999,2.08,2.21,2.06,2.21,2.21,267000
23/08/1999,2.29,2.31,2.21,2.23,2.23,401700
24/08/1999,2.23,2.29,2.21,2.29,2.29,309600
25/08/1999,2.29,2.31,2.23,2.25,2.25,257100
26/08/1999,2.27,2.29,2.19,2.19,2.19,95700
27/08/1999,2.15,2.25,2.1,2.19,2.19,143100
30/08/1999,2.19,2.23,2.12,2.15,2.15,119400
31/08/1999,2.19,2.19,2.0,2.0,2.0,466500
01/09/1999,2.0,2.06,1.96,2.04,2.04,296400
02/09/1999,2.02,2.12,2.02,2.08,2.08,225000
03/09/1999,2.12,2.12,1.96,2.08,2.08,282000
07/09/1999,2.1,2.1,1.94,2.0,2.0,456000
08/09/1999,2.0,2.02,1.96,1.96,1.96,407700
09/09/1999,1.96,2.02,1.96,1.98,1.98,168000
10/09/1999,1.94,2.0,1.75,1.85,1.85,1980600
13/09/1999,1.88,1.88,1.79,1.83,1.83,227700
14/09/1999,1.83,1.9,1.83,1.88,1.88,384300
15/09/1999,1.94,1.96,1.85,1.88,1.88,216300
16/09/1999,1.9,1.92,1.81,1.81,1.81,175800
17/09/1999,1.81,1.83,1.71,1.75,1.75,486600
20/09/1999,1.77,1.79,1.65,1.67,1.67,752700
21/09/1999,1.67,1.67,1.52,1.58,1.58,983100
22/09/1999,1.62,1.69,1.6,1.62,1.62,1749300
23/09/1999,1.65,1.65,1.58,1.62,1.62,360900
24/09/1999,1.58,1.67,1.58,1.67,1.67,246600
27/09/1999,1.65,1.71,1.62,1.65,1.65,158100
28/09/1999,1.67,1.73,1.65,1.67,1.67,207300
29/09/1999,1.67,1.71,1.67,1.71,1.71,263400
30/09/1999,1.69,1.73,1.58,1.58,1.58,385500
01/10/1999,1.6,1.6,1.56,1.6,1.6,110400
04/10/1999,1.62,1.65,1.58,1.6,1.6,50700
05/10/1999,1.5,1.5,1.35,1.38,1.38,802500
06/10/1999,1.4,1.4,1.25,1.33,1.33,686400
07/10/1999,1.33,1.4,1.31,1.4,1.4,485100
08/10/1999,1.4,1.4,1.35,1.35,1.35,198600
11/10/1999,1.35,1.62,1.35,1.54,1.54,684300
12/10/1999,1.54,1.62,1.54,1.58,1.58,116700
13/10/1999,1.6,1.6,1.52,1.54,1.54,204000
14/10/1999,1.54,1.54,1.4,1.42,1.42,184200
15/10/1999,1.38,1.38,1.29,1.33,1.33,343200
18/10/1999,1.33,1.33,1.27,1.33,1.33,279000
19/10/1999,1.29,1.33,1.29,1.33,1.33,119700
20/10/1999,1.33,1.33,1.27,1.27,1.27,169500
21/10/1999,1.29,1.29,1.25,1.27,1.27,242400
22/10/1999,1.29,1.31,1.25,1.25,1.25,356400
25/10/1999,1.27,1.31,1.25,1.27,1.27,139200
26/10/1999,1.29,1.29,1.23,1.29,1.29,173100
27/10/1999,1.21,1.27,1.19,1.23,1.23,151500
28/10/1999,1.21,1.25,1.15,1.21,1.21,372300
29/10/1999,1.21,1.25,1.17,1.23,1.23,350100
01/11/1999,1.25,1.29,1.23,1.29,1.29,199200
02/11/1999,1.27,1.31,1.27,1.27,1.27,108600
03/11/1999,1.29,1.31,1.23,1.31,1.31,152400
04/11/1999,1.29,1.31,1.23,1.27,1.27,93900
05/11/1999,1.27,1.29,1.21,1.25,1.25,143700
08/11/1999,1.25,1.25,1.19,1.21,1.21,64800
09/11/1999,1.21,1.23,1.1,1.15,1.15,526200
10/11/1999,1.17,1.23,1.15,1.19,1.19,251100
11/11/1999,1.17,1.23,1.15,1.23,1.23,250200
12/11/1999,1.21,1.27,1.15,1.25,1.25,546000
15/11/1999,1.27,1.38,1.25,1.33,1.33,458400
16/11/1999,1.35,1.46,1.35,1.4,1.4,276000
17/11/1999,1.44,1.58,1.44,1.56,1.56,399300
18/11/1999,1.58,1.73,1.52,1.73,1.73,549300
19/11/1999,1.77,1.79,1.58,1.6,1.6,512100
22/11/1999,1.65,1.67,1.58,1.6,1.6,229500
23/11/1999,1.62,1.62,1.5,1.5,1.5,357900
24/11/1999,1.48,1.48,1.35,1.4,1.4,382200
26/11/1999,1.42,1.42,1.35,1.4,1.4,85800
29/11/1999,1.42,1.46,1.38,1.42,1.42,142500
30/11/1999,1.42,1.44,1.38,1.4,1.4,207300
01/12/1999,1.4,1.46,1.38,1.4,1.4,72600
02/12/1999,1.38,1.4,1.35,1.38,1.38,71700
03/12/1999,1.35,1.4,1.33,1.33,1.33,230100
06/12/1999,1.38,1.4,1.33,1.33,1.33,224100
07/12/1999,1.33,1.38,1.29,1.29,1.29,315000
08/12/1999,1.25,1.29,1.25,1.29,1.29,272400
09/12/1999,1.27,1.29,1.21,1.23,1.23,219300
10/12/1999,1.21,1.33,1.21,1.33,1.33,449100
13/12/1999,1.29,1.33,1.27,1.29,1.29,179100
14/12/1999,1.27,1.29,1.21,1.25,1.25,338700
15/12/1999,1.27,1.27,1.19,1.19,1.19,404400
16/12/1999,1.25,1.33,1.21,1.31,1.31,439200
17/12/1999,1.35,1.46,1.25,1.31,1.31,453600
20/12/1999,1.27,1.31,1.23,1.27,1.27,178500
21/12/1999,1.31,1.31,1.25,1.27,1.27,195300
22/12/1999,1.27,1.29,1.25,1.29,1.29,292200
23/12/1999,1.31,1.31,1.25,1.29,1.29,353400
27/12/1999,1.29,1.29,1.25,1.25,1.25,188100
28/12/1999,1.25,1.27,1.21,1.23,1.23,355800
29/12/1999,1.21,1.33,1.21,1.25,1.25,635400
30/12/1999,1.25,1.31,1.23,1.25,1.25,340800
31/12/1999,1.23,1.27,1.19,1.27,1.27,396600
03/01/2000,1.29,1.29,1.21,1.27,1.27,76800
04/01/2000,1.23,1.27,1.23,1.25,1.25,108900
05/01/2000,1.21,1.21,1.17,1.19,1.19,359100
06/01/2000,1.19,1.21,1.17,1.17,1.17,207300
07/01/2000,1.15,1.21,1.15,1.21,1.21,228000
10/01/2000,1.19,1.23,1.15,1.15,1.15,134700
11/01/2000,1.15,1.15,1.1,1.12,1.12,248400
12/01/2000,1.12,1.15,1.1,1.12,1.12,213600
13/01/2000,1.15,1.15,1.1,1.1,1.1,150900
14/01/2000,1.15,1.15,1.1,1.1,1.1,171900
18/01/2000,1.1,1.12,1.08,1.12,1.12,111000
19/01/2000,1.1,1.12,1.1,1.1,1.1,94200
20/01/2000,1.12,1.19,1.1,1.17,1.17,549600
21/01/2000,1.17,1.21,1.17,1.17,1.17,141600
24/01/2000,1.25,1.46,1.21,1.44,1.44,537300
25/01/2000,1.48,1.52,1.31,1.44,1.44,584400
26/01/2000,1.48,1.48,1.38,1.4,1.4,249300
27/01/2000,1.42,1.42,1.31,1.35,1.35,120900
28/01/2000,1.33,1.33,1.27,1.29,1.29,132000
31/01/2000,1.31,1.31,1.25,1.31,1.31,80400
01/02/2000,1.27,1.31,1.25,1.31,1.31,132000
02/02/2000,1.29,1.29,1.25,1.27,1.27,96300
03/02/2000,1.31,1.35,1.25,1.33,1.33,261600
04/02/2000,1.35,1.54,1.33,1.5,1.5,549600
07/02/2000,1.5,1.65,1.5,1.65,1.65,378900
08/02/2000,1.67,1.71,1.58,1.62,1.62,384000
09/02/2000,1.62,1.69,1.62,1.65,1.65,372900
10/02/2000,1.67,2.04,1.67,1.92,1.92,1512900
11/02/2000,1.98,2.02,1.92,2.02,2.02,646200
14/02/2000,2.04,2.56,2.04,2.52,2.52,1524900
15/02/2000,2.52,2.54,2.25,2.33,2.33,981900
16/02/2000,2.31,2.31,2.12,2.15,2.15,474000
17/02/2000,2.17,2.19,2.06,2.06,2.06,167100
18/02/2000,2.06,2.21,2.04,2.08,2.08,206700
22/02/2000,2.06,2.19,2.04,2.19,2.19,237000
23/02/2000,2.21,2.29,2.21,2.25,2.25,208200
24/02/2000,2.25,2.31,2.21,2.23,2.23,144000
25/02/2000,2.19,2.21,2.06,2.1,2.1,282300
28/02/2000,2.17,2.17,2.06,2.1,2.1,193200
29/02/2000,2.1,2.1,2.04,2.06,2.06,116100
01/03/2000,2.06,2.1,2.0,2.08,2.08,294900
02/03/2000,2.1,2.25,2.04,2.19,2.19,263400
03/03/2000,2.15,2.33,2.15,2.33,2.33,531900
06/03/2000,2.33,2.44,2.21,2.21,2.21,698700
07/03/2000,2.21,2.21,2.02,2.04,2.04,267600
08/03/2000,2.06,2.06,1.96,1.98,1.98,157800
09/03/2000,2.0,2.0,1.85,1.9,1.9,196500
10/03/2000,1.94,1.98,1.88,1.92,1.92,89100
13/03/2000,1.96,1.98,1.88,1.92,1.92,57900
14/03/2000,1.92,2.08,1.92,1.94,1.94,224700
15/03/2000,1.98,2.02,1.94,2.02,2.02,82500
16/03/2000,2.04,2.12,2.02,2.04,2.04,110400
17/03/2000,2.12,2.15,2.06,2.12,2.12,154200
20/03/2000,2.08,2.23,2.08,2.23,2.23,239400
21/03/2000,2.19,2.25,2.1,2.1,2.1,112500
22/03/2000,2.1,2.25,2.04,2.19,2.19,100500
23/03/2000,2.23,2.25,2.21,2.21,2.21,129900
24/03/2000,2.31,2.42,2.25,2.4,2.4,525300
27/03/2000,2.33,2.42,2.33,2.35,2.35,191700
28/03/2000,2.35,2.38,2.33,2.38,2.38,107100
29/03/2000,2.35,2.38,2.29,2.31,2.31,114300
30/03/2000,2.35,2.5,2.33,2.38,2.38,446100
31/03/2000,2.42,2.44,2.35,2.35,2.35,106200
03/04/2000,2.5,2.96,2.5,2.92,2.92,1380000
04/04/2000,2.96,3.08,2.75,2.85,2.85,1054200
05/04/2000,2.83,2.85,2.67,2.73,2.73,269100
06/04/2000,2.73,2.85,2.73,2.83,2.83,212100
07/04/2000,2.85,2.96,2.85,2.92,2.92,153900
10/04/2000,2.96,3.0,2.92,2.96,2.96,238200
11/04/2000,2.98,3.0,2.92,2.96,2.96,244200
12/04/2000,2.94,3.0,2.92,2.96,2.96,272400
13/04/2000,2.98,3.0,2.92,2.96,2.96,265500
14/04/2000,2.9,2.92,2.58,2.58,2.58,366000
17/04/2000,2.5,2.65,2.5,2.62,2.62,453300
18/04/2000,2.6,2.75,2.6,2.69,2.69,235200
19/04/2000,2.79,2.83,2.79,2.79,2.79,215400
20/04/2000,2.83,2.96,2.83,2.92,2.92,295800
24/04/2000,2.96,2.96,2.9,2.94,2.94,113700
25/04/2000,2.94,3.04,2.83,3.0,3.0,563700
26/04/2000,3.15,3.67,3.12,3.44,3.44,1914900
27/04/2000,3.67,3.75,3.54,3.73,3.73,684300
28/04/2000,3.71,3.79,3.65,3.77,3.77,424200
01/05/2000,3.62,3.75,3.6,3.73,3.73,349800
02/05/2000,3.65,3.75,3.62,3.73,3.73,372600
03/05/2000,4.0,4.02,3.5,3.52,3.52,1062600
04/05/2000,3.54,3.73,3.54,3.69,3.69,489300
05/05/2000,3.67,3.75,3.67,3.67,3.67,223800
08/05/2000,3.67,3.88,3.67,3.88,3.88,606300
09/05/2000,3.92,3.98,3.83,3.83,3.83,265500
10/05/2000,3.83,3.9,3.79,3.83,3.83,409200
11/05/2000,3.88,4.08,3.85,4.02,4.02,330900
12/05/2000,4.06,4.33,4.06,4.25,4.25,394800
15/05/2000,4.46,4.67,4.35,4.44,4.44,671400
16/05/2000,4.48,4.48,4.25,4.33,4.33,368100
17/05/2000,4.25,4.25,4.08,4.15,4.15,553800
18/05/2000,4.12,4.31,4.12,4.31,4.31,113400
19/05/2000,4.33,4.38,4.17,4.23,4.23,282900
22/05/2000,4.23,4.29,3.96,3.96,3.96,258600
23/05/2000,4.0,4.12,3.98,4.0,4.0,291900
24/05/2000,4.04,4.04,3.96,3.96,3.96,206700
25/05/2000,4.0,4.06,3.92,3.92,3.92,593700
26/05/2000,3.96,3.98,3.52,3.67,3.67,596400
30/05/2000,3.67,3.71,3.58,3.62,3.62,253500
31/05/2000,3.6,3.62,3.58,3.6,3.6,412200
01/06/2000,3.58,3.65,3.58,3.58,3.58,233700
02/06/2000,3.62,3.71,3.56,3.58,3.58,287100
05/06/2000,3.58,3.79,3.54,3.79,3.79,663600
06/06/2000,3.77,4.25,3.77,4.21,4.21,1011000
07/06/2000,4.25,4.31,4.21,4.23,4.23,185100
08/06/2000,4.12,4.23,4.08,4.23,4.23,316500
09/06/2000,4.21,4.31,4.17,4.23,4.23,297600
12/06/2000,4.19,4.67,4.19,4.65,4.65,776700
13/06/2000,4.67,5.08,4.58,5.08,5.08,1111500
14/06/2000,5.08,5.08,4.52,4.52,4.52,714000
15/06/2000,4.67,4.67,4.54,4.54,4.54,326100
16/06/2000,4.58,4.75,4.46,4.75,4.75,460800
19/06/2000,4.75,4.83,4.67,4.71,4.71,1038300
20/06/2000,4.73,4.75,4.67,4.75,4.75,492300
21/06/2000,4.73,4.75,4.67,4.71,4.71,891900
22/06/2000,4.71,4.79,4.71,4.75,4.75,395700
23/06/2000,4.75,5.0,4.71,4.85,4.85,510900
26/06/2000,4.9,5.0,4.88,4.98,4.98,329400
27/06/2000,5.0,5.0,4.92,4.96,4.96,113400
28/06/2000,4.94,5.25,4.92,5.08,5.08,458100
29/06/2000,5.08,5.29,5.0,5.27,5.27,340800
30/06/2000,5.27,5.44,5.25,5.27,5.27,884100
03/07/2000,5.29,5.33,5.25,5.27,5.27,87300
05/07/2000,5.27,5.27,4.62,4.67,4.67,783600
06/07/2000,4.67,4.71,4.25,4.33,4.33,825600
07/07/2000,4.25,4.67,4.17,4.62,4.62,716700
10/07/2000,4.67,4.79,4.5,4.52,4.52,438900
11/07/2000,4.5,4.58,4.46,4.54,4.54,475800
12/07/2000,4.58,4.81,4.52,4.79,4.79,194400
13/07/2000,4.81,4.83,4.73,4.79,4.79,165000
14/07/2000,4.83,5.15,4.79,5.15,5.15,585600
17/07/2000,5.19,5.54,5.19,5.46,5.46,795600
18/07/2000,5.48,5.54,5.42,5.52,5.52,750300
19/07/2000,5.52,5.52,5.12,5.29,5.29,474000
20/07/2000,5.25,5.29,5.19,5.29,5.29,328200
21/07/2000,5.29,5.29,5.15,5.15,5.15,149400
24/07/2000,5.21,5.21,4.94,4.96,4.96,279900
25/07/2000,4.92,4.94,4.77,4.81,4.81,440400
26/07/2000,4.83,4.92,4.81,4.88,4.88,378000
27/07/2000,4.88,4.9,4.83,4.85,4.85,304200
28/07/2000,4.81,4.81,4.65,4.77,4.77,628200
31/07/2000,4.81,5.1,4.81,5.1,5.1,374100
01/08/2000,5.19,5.31,4.96,5.0,5.0,299400
02/08/2000,5.02,5.12,4.83,4.9,4.9,233400
03/08/2000,4.85,4.85,4.46,4.54,4.54,428400
04/08/2000,4.58,4.96,4.56,4.79,4.79,421500
07/08/2000,4.92,5.12,4.92,5.08,5.08,270900
08/08/2000,5.12,5.17,5.1,5.17,5.17,231600
09/08/2000,5.21,5.46,5.21,5.44,5.44,591300
10/08/2000,5.5,5.69,5.42,5.62,5.62,638700
11/08/2000,5.67,6.0,5.67,5.9,5.9,494100
14/08/2000,6.0,6.17,5.75,6.08,6.08,479700
15/08/2000,6.12,6.17,5.69,5.98,5.98,362700
16/08/2000,5.98,5.98,5.58,5.67,5.67,479700
17/08/2000,5.67,5.67,5.46,5.48,5.48,260400
18/08/2000,5.5,5.62,5.46,5.58,5.58,231900
21/08/2000,5.67,5.69,5.5,5.58,5.58,117000
22/08/2000,5.58,5.58,5.38,5.58,5.58,310200
23/08/2000,5.58,5.58,5.5,5.52,5.52,108600
24/08/2000,5.48,5.5,5.46,5.5,5.5,109800
25/08/2000,5.5,5.54,5.48,5.54,5.54,157500
28/08/2000,5.54,5.79,5.5,5.77,5.77,518400
29/08/2000,6.0,6.04,5.79,5.83,5.83,922200
30/08/2000,5.88,5.88,5.77,5.85,5.85,129300
31/08/2000,5.81,5.96,5.62,5.94,5.94,253800
01/09/2000,5.92,6.08,5.9,6.04,6.04,500700
05/09/2000,6.04,6.12,6.04,6.12,6.12,306000
06/09/2000,6.12,6.15,6.08,6.08,6.08,374100
07/09/2000,6.08,6.17,6.08,6.15,6.15,128700
08/09/2000,6.17,6.4,6.17,6.4,6.4,709200
11/09/2000,6.4,6.42,6.33,6.4,6.4,420000
12/09/2000,6.46,6.65,6.46,6.5,6.5,1177500
13/09/2000,6.54,6.56,6.4,6.42,6.42,169800
14/09/2000,6.4,6.4,6.25,6.29,6.29,309600
15/09/2000,6.29,6.58,6.29,6.54,6.54,714000
18/09/2000,6.58,6.62,5.83,6.0,6.0,592500
19/09/2000,5.88,6.29,5.85,6.12,6.12,484200
20/09/2000,6.21,6.31,6.17,6.25,6.25,127200
21/09/2000,6.21,6.27,6.12,6.25,6.25,294600
22/09/2000,6.17,6.17,6.0,6.0,6.0,189600
25/09/2000,6.0,6.1,5.92,6.08,6.08,693900
26/09/2000,6.06,6.29,6.04,6.1,6.1,443100
27/09/2000,6.15,6.21,6.1,6.1,6.1,236400
28/09/2000,6.08,6.12,5.88,5.88,5.88,308100
29/09/2000,5.83,5.83,5.04,5.04,5.04,1287600
02/10/2000,4.88,5.17,4.69,5.06,5.06,633600
03/10/2000,5.12,5.21,5.1,5.12,5.12,273300
04/10/2000,5.12,5.12,4.67,4.83,4.83,375300
05/10/2000,4.88,5.0,4.85,4.96,4.96,272700
06/10/2000,5.08,5.25,4.96,5.25,5.25,467100
09/10/2000,5.25,5.33,5.17,5.31,5.31,150600
10/10/2000,5.29,5.29,4.98,5.08,5.08,196800
11/10/2000,5.12,5.17,4.79,4.81,4.81,127200
12/10/2000,4.77,4.77,4.02,4.12,4.12,549000
13/10/2000,3.96,4.17,3.88,4.04,4.04,717900
16/10/2000,4.12,4.92,4.1,4.85,4.85,747300
17/10/2000,4.83,4.88,4.58,4.67,4.67,318600
18/10/2000,4.54,4.54,4.31,4.48,4.48,220800
19/10/2000,4.62,4.83,4.58,4.83,4.83,213300
20/10/2000,4.83,4.83,4.42,4.71,4.71,333300
23/10/2000,4.73,5.08,4.73,5.0,5.0,162900
24/10/2000,5.08,5.08,4.71,4.75,4.75,128700
25/10/2000,4.75,4.9,4.67,4.85,4.85,158400
26/10/2000,4.85,5.0,4.79,5.0,5.0,141300
27/10/2000,4.96,5.5,4.92,5.5,5.5,333000
30/10/2000,5.5,5.52,5.29,5.42,5.42,338400
31/10/2000,5.42,5.58,5.0,5.06,5.06,709200
01/11/2000,5.08,5.12,4.96,5.1,5.1,186600
02/11/2000,5.17,5.21,5.12,5.19,5.19,74700
03/11/2000,5.17,5.25,5.17,5.19,5.19,186000
06/11/2000,5.21,5.21,4.79,4.81,4.81,176400
07/11/2000,4.79,5.15,4.79,5.02,5.02,352500
08/11/2000,4.98,5.0,4.94,4.98,4.98,28800
09/11/2000,4.94,4.94,4.75,4.83,4.83,35700
10/11/2000,4.79,4.81,4.75,4.75,4.75,120600
13/11/2000,4.62,4.62,4.29,4.35,4.35,411300
14/11/2000,4.4,4.5,4.38,4.46,4.46,198000
15/11/2000,4.48,4.9,4.48,4.58,4.58,386400
16/11/2000,4.58,4.65,4.42,4.52,4.52,293100
17/11/2000,4.56,4.6,4.48,4.56,4.56,52500
20/11/2000,4.56,4.56,4.42,4.5,4.5,128100
21/11/2000,4.54,4.58,4.54,4.56,4.56,34500
22/11/2000,4.52,4.52,4.33,4.33,4.33,123900
24/11/2000,4.33,4.58,4.33,4.58,4.58,69300
27/11/2000,4.62,4.71,4.5,4.58,4.58,168900
28/11/2000,4.58,4.65,4.48,4.48,4.48,378900
29/11/2000,4.48,4.48,4.17,4.17,4.17,214200
30/11/2000,4.12,4.12,3.81,4.1,4.1,447000
01/12/2000,4.08,4.19,4.0,4.12,4.12,577200
04/12/2000,4.17,4.69,4.17,4.6,4.6,544200
05/12/2000,4.6,4.77,4.56,4.73,4.73,422100
06/12/2000,4.69,4.75,4.57,4.58,4.58,125100
07/12/2000,4.56,4.96,4.52,4.94,4.94,394800
08/12/2000,4.94,4.98,4.92,4.98,4.98,147300
11/12/2000,5.0,5.5,5.0,5.33,5.33,636300
12/12/2000,5.33,5.38,5.21,5.31,5.31,394200
13/12/2000,5.25,5.25,4.96,4.96,4.96,1324800
14/12/2000,4.92,5.0,4.83,5.0,5.0,401700
15/12/2000,5.0,5.04,4.92,4.96,4.96,136500
18/12/2000,5.0,5.12,4.92,5.12,5.12,78300
19/12/2000,5.1,5.1,4.98,4.98,4.98,163800
20/12/2000,4.96,4.98,4.85,4.98,4.98,141900
21/12/2000,4.94,5.12,4.94,5.0,5.0,385200
22/12/2000,5.02,5.06,4.92,4.98,4.98,183600
26/12/2000,4.94,5.0,4.88,4.98,4.98,331500
27/12/2000,5.02,5.02,4.92,5.0,5.0,130500
28/12/2000,5.0,5.23,4.98,5.21,5.21,204900
29/12/2000,5.17,5.46,5.17,5.17,5.17,260400
02/01/2001,5.12,5.15,4.83,4.9,4.9,263100
03/01/2001,4.9,5.12,4.83,5.12,5.12,642900
04/01/2001,5.17,5.25,5.12,5.12,5.12,183900
05/01/2001,5.08,5.08,4.96,5.0,5.0,159900
08/01/2001,4.96,5.25,4.9,5.25,5.25,185700
09/01/2001,5.21,5.31,5.21,5.27,5.27,382200
10/01/2001,5.23,5.25,5.17,5.25,5.25,96600
11/01/2001,5.27,5.38,5.21,5.35,5.35,259200
12/01/2001,5.67,6.25,5.67,6.19,6.19,1255500
16/01/2001,6.42,7.5,6.38,7.42,7.42,2225400
17/01/2001,7.42,7.77,7.04,7.08,7.08,1844400
18/01/2001,7.0,7.12,6.71,7.04,7.04,524100
19/01/2001,6.92,7.19,6.81,7.06,7.06,475500
22/01/2001,7.06,7.65,7.06,7.5,7.5,834900
23/01/2001,7.5,7.67,7.35,7.44,7.44,747900
24/01/2001,7.44,8.21,7.35,7.9,7.9,1511100
25/01/2001,7.96,8.17,7.62,7.67,7.67,585900
26/01/2001,7.62,8.0,7.12,7.9,7.9,581100
29/01/2001,7.98,8.33,7.98,8.22,8.22,1296000
30/01/2001,8.42,8.45,8.13,8.33,8.33,782100
31/01/2001,8.42,8.75,8.34,8.61,8.61,673200
01/02/2001,8.61,8.77,8.5,8.62,8.62,561900
02/02/2001,8.71,9.1,8.58,8.94,8.94,631500
05/02/2001,9.17,9.53,8.7,8.89,8.89,1692600
06/02/2001,8.95,9.27,8.6,9.25,9.25,933300
07/02/2001,9.25,10.16,9.25,9.97,9.97,1674600
08/02/2001,10.0,10.23,9.62,10.0,10.0,1551000
09/02/2001,10.0,10.12,7.83,8.17,8.17,4470300
12/02/2001,7.5,7.6,7.1,7.38,7.38,2844000
13/02/2001,7.67,8.15,7.44,7.48,7.48,1866300
14/02/2001,7.67,8.25,7.48,8.22,8.22,1606800
15/02/2001,8.28,8.43,7.93,7.97,7.97,1534800
16/02/2001,7.92,8.1,7.73,7.87,7.87,640200
20/02/2001,7.87,7.88,7.42,7.47,7.47,1195200
21/02/2001,7.4,7.47,7.03,7.47,7.47,1167900
22/02/2001,8.33,9.03,8.0,8.95,8.95,5054100
23/02/2001,8.97,10.17,8.87,10.16,10.16,1713000
26/02/2001,10.33,10.73,9.47,9.5,9.5,4477200
27/02/2001,9.0,9.62,8.85,9.38,9.38,2639700
28/02/2001,9.32,9.33,8.9,8.99,8.99,910800
01/03/2001,9.02,9.32,8.95,9.03,9.03,1035300
02/03/2001,8.92,9.13,8.68,9.08,9.08,939600
05/03/2001,9.17,9.37,9.03,9.09,9.09,948600
06/03/2001,9.1,9.25,8.97,9.12,9.12,974700
07/03/2001,9.15,9.63,9.12,9.6,9.6,833100
08/03/2001,9.67,9.83,9.21,9.57,9.57,907200
09/03/2001,9.63,9.78,9.5,9.66,9.66,830400
12/03/2001,9.73,9.99,9.57,9.82,9.82,887100
13/03/2001,9.85,9.96,9.58,9.71,9.71,1169400
14/03/2001,9.57,9.67,9.28,9.44,9.44,1221000
15/03/2001,9.6,9.75,9.49,9.64,9.64,629700
16/03/2001,9.64,9.68,9.13,9.2,9.2,945900
19/03/2001,9.13,9.15,8.17,8.93,8.93,1801500
20/03/2001,9.1,9.53,8.94,9.17,9.17,945300
21/03/2001,9.23,9.36,8.77,8.98,8.98,539700
22/03/2001,8.98,9.05,8.17,8.55,8.55,1084800
23/03/2001,8.6,8.88,8.6,8.78,8.78,669000
26/03/2001,8.82,8.97,8.1,8.17,8.17,1382100
27/03/2001,7.93,7.93,7.0,7.3,7.3,3194400
28/03/2001,7.08,7.66,7.08,7.65,7.65,1502400
29/03/2001,8.18,8.18,7.63,7.93,7.93,1966500
30/03/2001,7.88,8.0,7.73,8.0,8.0,988500
02/04/2001,7.97,8.32,7.93,8.26,8.26,642900
03/04/2001,8.26,8.26,7.9,7.9,7.9,1496100
04/04/2001,7.6,8.08,7.6,7.88,7.88,1363500
05/04/2001,7.93,8.62,7.93,8.55,8.55,1025700
06/04/2001,8.47,8.83,8.17,8.63,8.63,1016700
09/04/2001,8.72,8.83,8.6,8.8,8.8,687600
10/04/2001,8.77,9.07,8.72,8.72,8.72,624900
11/04/2001,8.97,9.16,8.45,8.53,8.53,678600
12/04/2001,8.5,8.62,8.2,8.53,8.53,752400
16/04/2001,8.58,8.6,8.37,8.4,8.4,413700
17/04/2001,9.0,9.32,8.75,9.17,9.17,2051700
18/04/2001,9.17,9.62,9.07,9.07,9.07,1764000
19/04/2001,9.15,9.73,9.15,9.66,9.66,1107000
20/04/2001,9.63,9.67,9.08,9.44,9.44,882900
23/04/2001,9.44,9.44,9.03,9.27,9.27,1022400
24/04/2001,9.27,9.27,9.05,9.15,9.15,582600
25/04/2001,9.13,9.43,9.09,9.35,9.35,827700
26/04/2001,9.62,10.37,9.62,10.2,10.2,3056400
27/04/2001,11.0,11.65,10.9,11.37,11.37,4577700
30/04/2001,12.0,12.5,11.45,12.02,12.02,5293800
01/05/2001,11.73,11.83,11.33,11.33,11.33,4535100
02/05/2001,11.38,11.58,10.87,11.42,11.42,2175900
03/05/2001,11.42,11.65,11.04,11.57,11.57,1243800
04/05/2001,11.33,11.58,11.25,11.48,11.48,1331400
07/05/2001,11.53,12.25,11.32,12.07,12.07,1667100
08/05/2001,11.98,12.4,11.98,12.32,12.32,1827000
09/05/2001,12.3,12.53,12.2,12.42,12.42,903900
10/05/2001,12.46,12.5,12.36,12.42,12.42,818700
11/05/2001,12.42,12.42,11.87,12.12,12.12,1366200
14/05/2001,12.1,12.1,11.46,11.61,11.61,1677300
15/05/2001,11.61,11.77,11.27,11.38,11.38,1082400
16/05/2001,11.38,11.95,11.18,11.87,11.87,1034400
17/05/2001,11.93,12.22,11.93,12.12,12.12,785700
18/05/2001,12.1,12.33,12.05,12.3,12.3,774000
21/05/2001,12.23,13.43,12.23,13.0,13.0,2408700
22/05/2001,13.32,13.43,12.83,13.23,13.23,1509300
23/05/2001,13.24,13.33,12.72,13.22,13.22,1407000
24/05/2001,13.22,13.32,12.61,12.83,12.83,2028600
25/05/2001,12.83,13.0,12.47,12.93,12.93,1254300
29/05/2001,13.0,13.07,11.39,11.88,11.88,3819300
30/05/2001,11.27,11.45,11.27,11.3,11.3,1360200
31/05/2001,11.3,11.88,10.7,11.7,11.7,3564600
01/06/2001,11.68,12.07,11.68,12.05,12.05,1378800
04/06/2001,12.18,12.26,11.67,11.85,11.85,1104300
05/06/2001,11.93,12.14,11.75,11.94,11.94,1186800
06/06/2001,11.99,11.99,11.3,11.43,11.43,1273800
07/06/2001,11.38,11.42,11.03,11.04,11.04,1561200
08/06/2001,11.04,11.04,10.8,10.83,10.83,1660200
11/06/2001,10.83,10.87,9.38,9.98,9.98,5065800
12/06/2001,9.7,10.17,9.67,10.17,10.17,2941200
13/06/2001,10.17,10.21,9.9,10.13,10.13,1190400
14/06/2001,10.0,10.0,9.05,9.45,9.45,3195300
15/06/2001,9.25,9.35,8.83,8.95,8.95,2459400
18/06/2001,8.95,9.08,8.37,9.02,9.02,3034200
19/06/2001,9.25,9.63,9.05,9.26,9.26,2511300
20/06/2001,9.23,9.32,8.67,9.12,9.12,1199400
21/06/2001,9.1,9.83,9.1,9.77,9.77,1986000
22/06/2001,9.77,9.8,8.67,9.03,9.03,2916600
25/06/2001,9.07,9.07,8.55,8.66,8.66,1562400
26/06/2001,8.7,9.03,8.33,8.73,8.73,1859400
27/06/2001,8.8,9.03,8.65,9.03,9.03,2097300
28/06/2001,9.0,9.48,9.0,9.35,9.35,2916600
29/06/2001,9.57,10.08,9.57,9.74,9.74,2854200
02/07/2001,9.72,9.72,9.25,9.58,9.58,2457300
03/07/2001,9.42,9.68,9.28,9.5,9.5,1024800
05/07/2001,9.37,9.8,9.17,9.33,9.33,1437000
06/07/2001,9.25,9.25,8.71,8.88,8.88,2179500
09/07/2001,8.72,9.0,8.5,8.97,8.97,1400700
10/07/2001,8.98,9.22,8.78,9.17,9.17,2448900
11/07/2001,9.08,9.17,8.83,8.9,8.9,1059300
12/07/2001,8.9,9.08,8.87,9.03,9.03,972300
13/07/2001,8.98,9.13,8.83,8.96,8.96,708300
16/07/2001,8.98,9.02,8.83,9.02,9.02,620400
17/07/2001,9.02,9.02,8.57,8.9,8.9,934800
18/07/2001,8.83,8.9,8.33,8.42,8.42,1333200
19/07/2001,8.33,8.35,7.53,7.77,7.77,6288600
20/07/2001,6.75,7.1,6.67,7.0,7.0,6156000
23/07/2001,7.47,7.75,7.2,7.28,7.28,7407000
24/07/2001,7.23,7.23,6.5,6.67,6.67,3891000
25/07/2001,6.67,6.87,6.17,6.77,6.77,3223800
26/07/2001,7.08,7.23,6.97,7.07,7.07,3310200
27/07/2001,7.5,7.82,7.12,7.68,7.68,3797100
30/07/2001,7.68,8.0,7.38,7.42,7.42,2454600
31/07/2001,7.18,7.5,7.0,7.03,7.03,2916300
01/08/2001,7.03,7.03,6.83,6.89,6.89,1987200
02/08/2001,6.92,7.07,6.77,7.05,7.05,1631400
03/08/2001,7.17,7.52,7.17,7.46,7.46,1771500
06/08/2001,7.46,7.5,7.17,7.18,7.18,2287200
07/08/2001,7.17,7.18,6.65,6.72,6.72,2719800
08/08/2001,6.72,7.11,6.63,6.82,6.82,3568800
09/08/2001,6.91,6.97,6.58,6.8,6.8,1302000
10/08/2001,6.78,6.85,6.5,6.57,6.57,1360200
13/08/2001,6.67,6.83,6.59,6.75,6.75,2687100
14/08/2001,7.05,7.5,6.97,7.45,7.45,4197600
15/08/2001,7.67,7.85,7.6,7.75,7.75,4437300
16/08/2001,7.72,7.72,7.45,7.64,7.64,1593600
17/08/2001,7.6,7.6,7.3,7.31,7.31,1119300
20/08/2001,7.31,7.35,7.1,7.17,7.17,1072800
21/08/2001,7.17,7.24,6.83,6.89,6.89,1003800
22/08/2001,6.92,7.0,6.61,6.8,6.8,2334000
23/08/2001,6.8,6.92,6.62,6.72,6.72,802200
24/08/2001,6.72,7.17,6.7,7.15,7.15,957900
27/08/2001,7.15,7.15,6.83,6.88,6.88,1011300
28/08/2001,6.97,7.37,6.97,7.29,7.29,1105200
29/08/2001,7.3,7.35,7.03,7.08,7.08,1220100
30/08/2001,7.07,7.22,6.95,7.02,7.02,810900
31/08/2001,7.03,7.2,6.98,7.0,7.0,850200
04/09/2001,6.95,7.37,6.95,7.2,7.2,2167200
05/09/2001,7.12,7.27,6.78,7.0,7.0,1801800
06/09/2001,6.92,7.0,6.75,6.85,6.85,645000
07/09/2001,6.83,6.83,6.34,6.5,6.5,920700
10/09/2001,6.18,6.66,6.18,6.48,6.48,882600
17/09/2001,5.87,5.87,5.13,5.65,5.65,2899500
18/09/2001,5.23,5.45,5.12,5.23,5.23,1835100
19/09/2001,5.43,5.43,5.05,5.37,5.37,1063800
20/09/2001,5.3,5.45,5.0,5.1,5.1,1147200
21/09/2001,4.93,5.02,4.67,4.83,4.83,2021700
24/09/2001,5.0,5.17,4.88,5.1,5.1,1099800
25/09/2001,5.1,5.2,4.9,4.93,4.93,573300
26/09/2001,4.78,4.87,4.27,4.4,4.4,4729800
27/09/2001,4.27,4.27,3.93,4.0,4.0,2156100
28/09/2001,4.03,4.07,3.78,3.89,3.89,2462100
01/10/2001,3.89,3.91,3.57,3.58,3.58,1351800
02/10/2001,3.58,3.62,3.42,3.49,3.49,1957800
03/10/2001,3.49,4.05,3.43,3.9,3.9,3221400
04/10/2001,3.93,3.98,3.73,3.83,3.83,1221300
05/10/2001,3.83,3.83,3.53,3.78,3.78,1150500
08/10/2001,3.78,4.15,3.67,3.83,3.83,1658400
09/10/2001,3.84,4.06,3.83,4.01,4.01,920700
10/10/2001,4.0,4.33,3.95,4.3,4.3,1673100
11/10/2001,4.3,4.58,4.3,4.48,4.48,1239000
12/10/2001,4.45,4.45,4.1,4.1,4.1,1073100
15/10/2001,4.1,4.1,3.89,3.95,3.95,754500
16/10/2001,3.95,4.05,3.85,4.0,4.0,1030800
17/10/2001,4.13,4.31,4.09,4.31,4.31,1889400
18/10/2001,4.34,4.34,4.05,4.12,4.12,399300
19/10/2001,4.08,4.1,3.85,3.85,3.85,770400
22/10/2001,3.85,3.98,3.75,3.98,3.98,563400
23/10/2001,4.0,4.18,3.98,4.14,4.14,773400
24/10/2001,4.11,4.12,4.0,4.08,4.08,324300
25/10/2001,3.77,3.77,3.33,3.5,3.5,5843400
26/10/2001,3.5,3.63,3.49,3.55,3.55,1156200
29/10/2001,3.55,3.67,3.52,3.55,3.55,768900
30/10/2001,3.55,3.55,3.46,3.53,3.53,643500
31/10/2001,3.53,3.69,3.53,3.61,3.61,789000
01/11/2001,3.58,3.67,3.53,3.66,3.66,544500
02/11/2001,3.63,3.76,3.63,3.67,3.67,667200
05/11/2001,3.63,3.72,3.53,3.65,3.65,782700
06/11/2001,3.62,3.62,3.47,3.53,3.53,854700
07/11/2001,3.52,3.58,3.5,3.55,3.55,811200
08/11/2001,3.57,3.75,3.54,3.56,3.56,1134600
09/11/2001,3.6,3.7,3.6,3.69,3.69,774000
12/11/2001,3.73,3.73,3.57,3.64,3.64,744300
13/11/2001,3.66,3.8,3.65,3.75,3.75,956400
14/11/2001,3.82,4.12,3.82,4.07,4.07,2145600
15/11/2001,4.07,4.33,4.0,4.1,4.1,2033400
16/11/2001,4.15,4.21,4.1,4.2,4.2,693900
19/11/2001,4.27,4.93,4.25,4.78,4.78,3519300
20/11/2001,4.8,4.88,4.55,4.55,4.55,2296200
21/11/2001,4.55,4.55,4.33,4.4,4.4,737700
23/11/2001,4.43,4.62,4.43,4.56,4.56,293100
26/11/2001,4.53,4.58,4.28,4.39,4.39,1184700
27/11/2001,4.33,4.5,4.33,4.45,4.45,839100
28/11/2001,4.47,4.49,4.08,4.19,4.19,1713300
29/11/2001,4.24,4.39,4.24,4.36,4.36,575400
30/11/2001,4.35,4.49,4.32,4.42,4.42,591600
03/12/2001,4.42,4.47,4.23,4.44,4.44,741000
04/12/2001,4.48,4.85,4.46,4.85,4.85,1025100
05/12/2001,4.85,4.97,4.57,4.74,4.74,1332900
06/12/2001,4.72,4.72,4.65,4.65,4.65,563400
07/12/2001,4.65,4.68,4.57,4.61,4.61,308100
10/12/2001,4.58,4.58,4.28,4.43,4.43,947700
11/12/2001,4.47,4.54,4.42,4.46,4.46,311700
12/12/2001,4.45,4.47,4.22,4.29,4.29,589200
13/12/2001,4.27,4.33,4.22,4.29,4.29,495000
14/12/2001,4.32,4.32,4.17,4.28,4.28,1007100
17/12/2001,4.28,4.53,4.27,4.41,4.41,1229400
18/12/2001,4.47,4.47,4.32,4.34,4.34,702600
19/12/2001,4.34,4.58,4.34,4.47,4.47,808200
20/12/2001,4.47,4.47,4.34,4.35,4.35,893400
21/12/2001,4.33,4.48,4.28,4.47,4.47,987600
24/12/2001,4.48,4.58,4.48,4.58,4.58,357000
26/12/2001,4.58,4.7,4.57,4.66,4.66,678600
27/12/2001,4.66,4.9,4.65,4.87,4.87,895500
28/12/2001,4.87,4.91,4.79,4.91,4.91,1077900
31/12/2001,4.9,5.02,4.87,4.87,4.87,1167600
02/01/2002,4.97,5.13,4.89,5.13,5.13,751500
03/01/2002,5.13,5.28,5.12,5.27,5.27,1026300
04/01/2002,5.32,5.48,5.27,5.3,5.3,1055400
07/01/2002,5.5,5.5,5.38,5.39,5.39,513900
08/01/2002,5.35,5.35,5.01,5.24,5.24,1421100
09/01/2002,5.27,5.47,5.14,5.15,5.15,1823100
10/01/2002,5.16,5.33,4.91,5.29,5.29,986100
11/01/2002,5.29,5.4,5.13,5.2,5.2,502800
14/01/2002,5.12,5.17,4.99,5.07,5.07,564300
15/01/2002,5.2,5.33,5.2,5.26,5.26,743100
16/01/2002,5.26,5.27,5.13,5.19,5.19,792000
17/01/2002,5.2,5.22,5.1,5.11,5.11,738300
18/01/2002,5.1,5.2,4.96,4.96,4.96,453900
22/01/2002,5.02,5.16,5.02,5.12,5.12,363000
23/01/2002,5.15,5.39,5.14,5.37,5.37,873300
24/01/2002,5.42,5.55,5.21,5.23,5.23,600600
25/01/2002,5.28,5.39,5.27,5.29,5.29,443700
28/01/2002,5.3,5.39,5.3,5.37,5.37,273000
29/01/2002,5.25,5.36,5.14,5.19,5.19,579600
30/01/2002,5.15,5.28,4.93,5.24,5.24,993300
31/01/2002,5.22,5.33,5.11,5.33,5.33,363600
01/02/2002,5.33,5.35,5.25,5.29,5.29,334500
04/02/2002,5.25,5.25,4.95,5.02,5.02,498900
05/02/2002,5.01,5.01,4.73,4.9,4.9,710700
06/02/2002,4.87,4.89,4.34,4.53,4.53,3412200
07/02/2002,4.53,4.53,4.27,4.34,4.34,2247600
08/02/2002,4.34,4.44,4.28,4.39,4.39,1586400
11/02/2002,4.39,5.03,4.39,5.01,5.01,1902600
12/02/2002,5.0,5.0,4.8,4.96,4.96,998100
13/02/2002,4.97,5.2,4.82,5.2,5.2,1482900
14/02/2002,5.67,5.68,4.83,4.91,4.91,3654000
15/02/2002,4.91,5.07,4.91,5.0,5.0,750300
19/02/2002,5.0,5.0,4.85,4.87,4.87,803100
20/02/2002,4.9,5.0,4.9,4.98,4.98,390900
21/02/2002,4.97,5.0,4.73,4.78,4.78,730500
22/02/2002,4.78,4.78,4.5,4.53,4.53,1416300
25/02/2002,4.53,4.67,4.46,4.59,4.59,1325700
26/02/2002,4.61,4.88,4.59,4.82,4.82,945300
27/02/2002,4.85,4.87,4.75,4.85,4.85,234300
28/02/2002,4.85,4.87,4.8,4.8,4.8,606900
01/03/2002,4.82,5.27,4.82,5.17,5.17,1011300
04/03/2002,5.17,5.33,5.17,5.33,5.33,1421400
05/03/2002,5.3,5.67,5.21,5.33,5.33,1014300
06/03/2002,5.33,5.56,5.31,5.55,5.55,535200
07/03/2002,5.57,5.88,5.57,5.73,5.73,2870400
08/03/2002,5.78,5.92,5.58,5.58,5.58,1386300
11/03/2002,5.53,5.79,5.47,5.74,5.74,483300
12/03/2002,5.66,5.85,5.66,5.85,5.85,510900
13/03/2002,5.77,5.77,5.67,5.75,5.75,662700
14/03/2002,5.78,5.78,5.67,5.7,5.7,616200
15/03/2002,5.67,5.78,5.67,5.72,5.72,300600
18/03/2002,5.77,5.78,5.55,5.71,5.71,528000
19/03/2002,5.71,5.71,5.61,5.66,5.66,181200
20/03/2002,5.66,5.66,5.47,5.54,5.54,315900
21/03/2002,5.58,5.77,5.25,5.77,5.77,835200
22/03/2002,5.73,6.4,5.6,6.4,6.4,2787300
25/03/2002,6.4,6.53,6.13,6.15,6.15,831000
26/03/2002,6.16,6.3,5.96,6.03,6.03,650400
27/03/2002,6.05,6.17,5.97,6.17,6.17,580500
28/03/2002,6.28,6.36,6.22,6.3,6.3,667200
01/04/2002,6.3,6.33,6.0,6.33,6.33,858300
02/04/2002,6.25,6.33,6.14,6.3,6.3,744000
03/04/2002,7.3,7.67,6.83,7.21,7.21,8125500
04/04/2002,6.78,6.97,6.58,6.97,6.97,10608600
05/04/2002,6.97,7.17,6.97,7.17,7.17,4551000
08/04/2002,7.17,7.17,6.93,7.08,7.08,947400
09/04/2002,7.16,7.33,7.11,7.23,7.23,888600
10/04/2002,7.28,7.37,7.17,7.35,7.35,2181600
11/04/2002,7.3,7.48,7.16,7.17,7.17,2278500
12/04/2002,7.23,7.3,7.17,7.3,7.3,956100
15/04/2002,7.33,7.37,7.07,7.1,7.1,609000
16/04/2002,7.15,7.3,7.1,7.29,7.29,625800
17/04/2002,7.29,7.48,7.22,7.36,7.36,1090200
18/04/2002,7.36,7.38,7.04,7.24,7.24,608100
19/04/2002,7.24,7.33,7.19,7.26,7.26,1508400
22/04/2002,7.26,7.26,7.07,7.08,7.08,651900
23/04/2002,7.07,7.42,7.07,7.41,7.41,847200
24/04/2002,7.87,8.13,7.84,7.95,7.95,3745200
25/04/2002,7.96,7.96,7.68,7.86,7.86,1339800
26/04/2002,7.78,7.83,7.5,7.67,7.67,1287000
29/04/2002,7.71,7.71,7.3,7.33,7.33,1167000
30/04/2002,7.35,7.77,7.35,7.75,7.75,1419600
01/05/2002,7.75,7.78,7.56,7.58,7.58,762300
02/05/2002,7.58,7.89,7.53,7.89,7.89,1028400
03/05/2002,7.89,7.9,7.2,7.45,7.45,7085400
06/05/2002,7.47,7.47,7.2,7.22,7.22,884100
07/05/2002,7.28,7.37,7.13,7.16,7.16,1276500
08/05/2002,7.24,7.35,7.24,7.29,7.29,1335300
09/05/2002,7.29,7.38,7.26,7.26,7.26,392700
10/05/2002,7.26,7.27,6.97,7.0,7.0,735900
13/05/2002,7.0,7.0,6.8,6.91,6.91,483900
14/05/2002,6.94,7.28,6.94,7.17,7.17,556800
15/05/2002,7.17,7.23,7.0,7.04,7.04,616200
16/05/2002,7.0,7.23,6.92,7.06,7.06,955500
17/05/2002,7.0,7.25,7.0,7.09,7.09,619200
20/05/2002,7.1,7.1,6.91,6.92,6.92,517200
21/05/2002,6.95,6.97,6.5,6.67,6.67,1632600
22/05/2002,6.67,6.75,6.48,6.6,6.6,792000
23/05/2002,6.63,7.06,6.63,6.99,6.99,1097400
24/05/2002,6.97,7.27,6.97,7.07,7.07,1008900
28/05/2002,7.15,7.17,6.87,7.02,7.02,550500
29/05/2002,6.97,6.97,6.59,6.78,6.78,991200
30/05/2002,6.73,7.02,6.7,6.94,6.94,880800
31/05/2002,6.93,7.26,6.93,7.24,7.24,1103700
03/06/2002,7.24,7.32,6.83,6.83,6.83,1121100
04/06/2002,6.85,6.98,6.63,6.97,6.97,817500
05/06/2002,6.97,7.25,6.97,7.16,7.16,794100
06/06/2002,7.2,7.3,6.96,7.03,7.03,972600
07/06/2002,6.8,7.17,6.77,7.13,7.13,888900
10/06/2002,7.14,7.38,7.13,7.33,7.33,2111100
11/06/2002,7.38,7.5,7.09,7.12,7.12,714000
12/06/2002,7.12,7.16,6.84,7.02,7.02,690900
13/06/2002,7.02,7.38,7.01,7.38,7.38,1456200
14/06/2002,7.3,7.4,7.1,7.37,7.37,1247700
17/06/2002,7.39,7.67,7.39,7.66,7.66,1759200
18/06/2002,7.66,7.73,7.6,7.68,7.68,1094700
19/06/2002,7.65,7.66,7.54,7.59,7.59,1092300
20/06/2002,7.59,7.62,7.33,7.33,7.33,1281300
21/06/2002,7.36,7.43,7.18,7.23,7.23,576000
24/06/2002,7.1,7.18,6.98,7.18,7.18,1478100
25/06/2002,7.23,7.37,7.15,7.19,7.19,882300
26/06/2002,6.93,7.17,6.67,7.16,7.16,1292100
27/06/2002,7.24,7.32,6.95,7.07,7.07,589800
28/06/2002,7.14,7.3,7.0,7.2,7.2,993900
01/07/2002,7.16,7.2,6.91,6.91,6.91,568500
02/07/2002,6.8,6.83,6.42,6.52,6.52,1170300
03/07/2002,6.5,6.57,6.17,6.44,6.44,1184700
05/07/2002,6.5,6.82,6.5,6.8,6.8,299700
08/07/2002,6.77,6.78,6.63,6.67,6.67,809700
09/07/2002,6.67,7.0,6.67,6.77,6.77,919500
10/07/2002,6.76,6.78,6.17,6.32,6.32,1214700
11/07/2002,6.3,6.33,6.05,6.31,6.31,1159800
12/07/2002,6.32,6.33,5.92,6.03,6.03,748200
15/07/2002,5.87,6.03,5.53,5.9,5.9,1229700
16/07/2002,5.83,6.09,5.77,5.9,5.9,860700
17/07/2002,6.03,6.17,5.73,5.8,5.8,944700
18/07/2002,5.8,5.87,5.43,5.43,5.43,639300
19/07/2002,5.27,5.33,4.92,4.92,4.92,1286400
22/07/2002,4.93,5.23,4.88,4.98,4.98,1538100
23/07/2002,4.98,5.0,4.62,4.8,4.8,1626600
24/07/2002,4.93,5.1,4.67,5.08,5.08,2698200
25/07/2002,5.12,5.33,4.83,5.12,5.12,2350200
26/07/2002,5.12,5.27,4.93,5.0,5.0,1394700
29/07/2002,5.25,5.95,5.23,5.83,5.83,1812600
30/07/2002,5.82,6.0,5.63,5.76,5.76,974700
31/07/2002,5.62,5.66,5.21,5.35,5.35,1172400
01/08/2002,5.35,5.4,5.17,5.27,5.27,875100
02/08/2002,5.27,5.32,4.93,4.95,4.95,921900
05/08/2002,5.03,5.03,4.83,4.83,4.83,387900
06/08/2002,4.84,5.13,4.84,5.13,5.13,1136400
07/08/2002,5.33,5.38,4.9,4.95,4.95,862500
08/08/2002,4.92,5.02,4.68,4.99,4.99,796800
09/08/2002,4.99,5.3,4.88,5.16,5.16,558000
12/08/2002,5.22,5.27,5.13,5.13,5.13,516000
13/08/2002,5.14,5.36,5.07,5.07,5.07,441000
14/08/2002,5.07,5.32,5.07,5.32,5.32,415800
15/08/2002,5.32,5.6,5.31,5.52,5.52,561600
16/08/2002,5.57,5.68,5.42,5.57,5.57,420300
19/08/2002,5.63,5.95,5.63,5.85,5.85,963000
20/08/2002,6.07,6.07,5.67,5.68,5.68,617400
21/08/2002,5.7,5.82,5.67,5.77,5.77,779700
22/08/2002,5.75,5.92,5.75,5.86,5.86,686100
23/08/2002,5.87,5.87,5.78,5.84,5.84,510900
26/08/2002,5.89,5.92,5.8,5.84,5.84,459600
27/08/2002,5.85,5.88,5.6,5.61,5.61,656700
28/08/2002,5.33,5.47,5.31,5.33,5.33,1422000
29/08/2002,5.15,5.23,5.09,5.18,5.18,898800
30/08/2002,5.18,5.29,5.17,5.17,5.17,596700
03/09/2002,5.1,5.32,5.1,5.23,5.23,482100
04/09/2002,5.18,5.22,5.13,5.18,5.18,812400
05/09/2002,5.08,5.23,5.08,5.11,5.11,775200
06/09/2002,5.01,5.04,4.23,4.49,4.49,6005400
09/09/2002,4.49,4.49,3.95,4.06,4.06,4606200
10/09/2002,3.45,3.65,3.35,3.42,3.42,12706800
11/09/2002,3.43,3.61,3.43,3.49,3.49,2865900
12/09/2002,3.49,3.65,3.48,3.59,3.59,1992900
13/09/2002,3.62,3.62,3.43,3.44,3.44,1158600
16/09/2002,3.45,3.48,3.37,3.48,3.48,906000
17/09/2002,3.58,3.6,3.37,3.42,3.42,1195200
18/09/2002,3.38,3.55,3.37,3.49,3.49,1986300
19/09/2002,3.56,3.57,3.51,3.52,3.52,1316400
20/09/2002,3.58,3.58,3.5,3.5,3.5,1128900
23/09/2002,3.5,3.55,3.35,3.39,3.39,1748400
24/09/2002,3.36,3.45,3.02,3.09,3.09,2697900
25/09/2002,3.13,3.25,3.04,3.2,3.2,1001700
26/09/2002,3.26,3.37,3.18,3.3,3.3,997200
27/09/2002,3.33,3.36,3.13,3.17,3.17,1137600
30/09/2002,3.07,3.18,2.92,3.18,3.18,943200
01/10/2002,3.18,3.18,2.94,3.16,3.16,862200
02/10/2002,3.17,3.17,3.03,3.06,3.06,548100
03/10/2002,3.02,3.05,2.81,2.82,2.82,1170000
04/10/2002,2.85,2.86,2.5,2.55,2.55,3671100
07/10/2002,2.6,2.61,2.33,2.37,2.37,1559700
08/10/2002,2.38,2.47,2.17,2.31,2.31,2463600
09/10/2002,2.3,2.37,2.23,2.32,2.32,1073400
10/10/2002,2.32,2.52,2.23,2.52,2.52,1303800
11/10/2002,2.53,2.82,2.53,2.68,2.68,1548900
14/10/2002,2.68,2.8,2.6,2.67,2.67,689700
15/10/2002,2.85,2.95,2.78,2.91,2.91,1523100
16/10/2002,2.91,2.91,2.77,2.77,2.77,702600
17/10/2002,2.93,2.98,2.82,2.92,2.92,860700
18/10/2002,2.92,2.96,2.8,2.93,2.93,883800
21/10/2002,2.93,3.05,2.84,3.03,3.03,623100
22/10/2002,3.03,3.15,3.0,3.0,3.0,801900
23/10/2002,3.0,3.43,2.87,3.43,3.43,2548800
24/10/2002,3.42,3.43,3.26,3.3,3.3,1319100
25/10/2002,3.29,3.35,3.27,3.31,3.31,348300
28/10/2002,3.35,3.42,3.26,3.32,3.32,673500
29/10/2002,3.3,3.31,3.05,3.27,3.27,537000
30/10/2002,3.28,3.3,3.21,3.21,3.21,302700
31/10/2002,3.23,3.39,3.22,3.3,3.3,1400400
01/11/2002,3.3,3.5,3.3,3.5,3.5,662100
04/11/2002,3.53,3.62,3.5,3.5,3.5,930600
05/11/2002,3.5,3.5,3.37,3.43,3.43,930900
06/11/2002,3.52,3.58,3.47,3.54,3.54,1063800
07/11/2002,3.51,3.57,3.45,3.49,3.49,1046700
08/11/2002,3.5,3.57,3.44,3.46,3.46,454500
11/11/2002,3.47,3.48,3.24,3.25,3.25,648300
12/11/2002,3.28,3.5,3.28,3.43,3.43,713100
13/11/2002,3.43,3.57,3.38,3.45,3.45,230700
14/11/2002,3.49,3.66,3.49,3.65,3.65,494700
15/11/2002,3.65,3.7,3.57,3.67,3.67,501900
18/11/2002,3.7,3.74,3.62,3.65,3.65,468600
19/11/2002,3.67,3.7,3.6,3.67,3.67,633300
20/11/2002,3.69,3.87,3.67,3.68,3.68,822900
21/11/2002,3.72,3.96,3.72,3.87,3.87,621300
22/11/2002,3.85,3.95,3.82,3.91,3.91,417600
25/11/2002,3.91,4.05,3.87,4.04,4.04,562800
26/11/2002,4.03,4.03,3.91,3.99,3.99,729300
27/11/2002,4.0,4.15,4.0,4.14,4.14,464400
29/11/2002,4.17,4.17,4.07,4.1,4.1,207900
02/12/2002,4.13,4.3,4.13,4.18,4.18,479100
03/12/2002,4.19,4.23,4.02,4.02,4.02,497700
04/12/2002,4.0,4.13,4.0,4.05,4.05,344100
05/12/2002,4.08,4.1,3.97,3.98,3.98,567600
06/12/2002,3.95,4.1,3.85,4.02,4.02,775200
09/12/2002,2.83,2.88,2.33,2.34,2.34,14354100
10/12/2002,2.4,2.61,2.34,2.58,2.58,6105900
11/12/2002,2.7,2.76,2.63,2.7,2.7,4366200
12/12/2002,2.77,2.78,2.65,2.72,2.72,1909800
13/12/2002,2.75,2.75,2.58,2.6,2.6,1707000
16/12/2002,2.63,2.71,2.6,2.7,2.7,1189800
17/12/2002,2.7,2.77,2.65,2.71,2.71,1440600
18/12/2002,2.74,2.75,2.67,2.73,2.73,1020300
19/12/2002,2.73,2.73,2.58,2.65,2.65,721800
20/12/2002,2.7,2.71,2.6,2.64,2.64,917700
23/12/2002,2.61,2.63,2.53,2.6,2.6,858600
24/12/2002,2.6,2.64,2.58,2.63,2.63,318000
26/12/2002,2.65,2.83,2.64,2.64,2.64,501600
27/12/2002,2.64,2.73,2.64,2.68,2.68,393000
30/12/2002,2.68,2.73,2.67,2.72,2.72,598200
31/12/2002,2.72,2.83,2.7,2.83,2.83,1302000
02/01/2003,2.83,2.95,2.82,2.92,2.92,935100
03/01/2003,2.92,2.95,2.86,2.92,2.92,597900
06/01/2003,2.92,2.97,2.88,2.92,2.92,530700
07/01/2003,2.93,2.98,2.85,2.98,2.98,991200
08/01/2003,2.95,3.04,2.86,3.01,3.01,727800
09/01/2003,3.02,3.11,2.96,2.96,2.96,809100
10/01/2003,3.13,3.41,3.12,3.26,3.26,1679700
13/01/2003,3.3,3.33,3.13,3.13,3.13,1013700
14/01/2003,3.16,3.28,3.16,3.28,3.28,1219500
15/01/2003,3.28,3.3,3.16,3.26,3.26,381000
16/01/2003,3.27,3.27,3.15,3.21,3.21,719700
17/01/2003,3.2,3.2,3.01,3.1,3.1,739800
21/01/2003,3.1,3.11,3.02,3.02,3.02,345300
22/01/2003,2.99,3.0,2.89,2.92,2.92,727200
23/01/2003,2.94,3.0,2.94,2.95,2.95,915300
24/01/2003,2.92,2.92,2.83,2.86,2.86,566100
27/01/2003,2.77,2.79,2.67,2.74,2.74,770700
28/01/2003,2.75,2.78,2.69,2.74,2.74,462900
29/01/2003,2.65,2.76,2.63,2.7,2.7,522000
30/01/2003,2.72,2.75,2.61,2.65,2.65,348900
31/01/2003,2.65,2.75,2.64,2.75,2.75,540600
03/02/2003,2.75,2.79,2.6,2.68,2.68,607800
04/02/2003,2.65,2.68,2.58,2.68,2.68,289500
05/02/2003,2.71,2.75,2.65,2.67,2.67,397800
06/02/2003,2.67,2.68,2.6,2.63,2.63,326700
07/02/2003,2.62,2.64,2.59,2.6,2.6,359100
10/02/2003,2.6,2.6,2.23,2.5,2.5,2762100
11/02/2003,2.52,2.66,2.52,2.57,2.57,940200
12/02/2003,2.54,2.58,2.44,2.54,2.54,403200
13/02/2003,2.52,2.52,2.43,2.5,2.5,247500
14/02/2003,2.5,2.55,2.44,2.53,2.53,637800
18/02/2003,2.57,2.65,2.53,2.61,2.61,735000
19/02/2003,2.61,2.67,2.58,2.67,2.67,438600
20/02/2003,2.57,2.63,2.0,2.03,2.03,5015100
21/02/2003,2.08,2.18,2.04,2.07,2.07,2760900
24/02/2003,2.1,2.11,1.98,1.99,1.99,1848900
25/02/2003,1.99,1.99,1.9,1.92,1.92,1112700
26/02/2003,1.95,1.98,1.9,1.9,1.9,799200
27/02/2003,1.93,2.03,1.93,2.0,2.0,642900
28/02/2003,2.03,2.03,1.94,1.96,1.96,918300
03/03/2003,1.99,2.02,1.97,2.01,2.01,1097700
04/03/2003,2.0,2.05,2.0,2.03,2.03,491400
05/03/2003,2.01,2.02,1.94,1.97,1.97,536400
06/03/2003,1.97,1.97,1.82,1.89,1.89,498000
07/03/2003,1.86,1.95,1.84,1.88,1.88,396000
10/03/2003,1.72,1.92,1.72,1.85,1.85,650700
11/03/2003,1.87,1.91,1.87,1.89,1.89,366300
12/03/2003,1.87,1.92,1.83,1.85,1.85,292500
13/03/2003,1.87,2.0,1.87,2.0,2.0,485700
14/03/2003,2.02,2.14,2.0,2.12,2.12,629400
17/03/2003,2.03,2.16,2.0,2.1,2.1,636600
18/03/2003,2.25,2.25,2.09,2.09,2.09,632100
19/03/2003,2.08,2.13,2.03,2.05,2.05,653700
20/03/2003,2.08,2.12,2.0,2.08,2.08,837600
21/03/2003,2.08,2.17,2.07,2.13,2.13,1156200
24/03/2003,2.12,2.19,2.1,2.16,2.16,549900
25/03/2003,2.15,2.26,2.15,2.23,2.23,524100
26/03/2003,2.2,2.27,2.13,2.13,2.13,540000
27/03/2003,2.13,2.23,2.11,2.22,2.22,378300
28/03/2003,2.12,2.23,2.1,2.21,2.21,465900
31/03/2003,2.18,2.18,2.11,2.16,2.16,475800
01/04/2003,2.13,2.27,2.13,2.23,2.23,305400
02/04/2003,2.22,2.33,2.22,2.28,2.28,591000
03/04/2003,2.27,2.29,2.24,2.25,2.25,383100
04/04/2003,2.25,2.32,2.22,2.24,2.24,474600
07/04/2003,2.3,2.3,2.21,2.22,2.22,1142700
08/04/2003,2.22,2.23,2.17,2.17,2.17,198600
09/04/2003,2.17,2.25,2.17,2.2,2.2,305100
10/04/2003,2.2,2.3,2.15,2.23,2.23,293100
11/04/2003,2.27,2.47,2.26,2.42,2.42,1332300
14/04/2003,2.45,2.47,2.38,2.42,2.42,1668600
15/04/2003,2.42,2.5,2.37,2.49,2.49,657300
16/04/2003,2.5,2.51,2.45,2.46,2.46,766500
17/04/2003,2.46,2.5,2.43,2.49,2.49,633000
21/04/2003,2.48,2.49,2.44,2.46,2.46,333900
22/04/2003,2.43,2.51,2.38,2.49,2.49,1045500
23/04/2003,2.46,2.5,2.4,2.45,2.45,807600
24/04/2003,2.53,2.62,2.13,2.18,2.18,3921300
25/04/2003,2.22,2.32,2.22,2.23,2.23,1331400
28/04/2003,2.2,2.29,2.18,2.26,2.26,879600
29/04/2003,2.23,2.27,2.21,2.25,2.25,731100
30/04/2003,2.22,2.26,2.18,2.26,2.26,1208400
01/05/2003,2.23,2.24,2.18,2.22,2.22,425700
02/05/2003,2.21,2.27,2.19,2.23,2.23,825300
05/05/2003,2.24,2.33,2.23,2.27,2.27,1235400
06/05/2003,2.26,2.43,2.26,2.42,2.42,725400
07/05/2003,2.45,2.45,2.37,2.39,2.39,536400
08/05/2003,2.37,2.43,2.37,2.39,2.39,732000
09/05/2003,2.38,2.44,2.37,2.41,2.41,590700
12/05/2003,2.38,2.5,2.38,2.47,2.47,1067400
13/05/2003,2.5,2.58,2.45,2.57,2.57,1331400
14/05/2003,2.54,2.58,2.41,2.41,2.41,834600
15/05/2003,2.41,2.48,2.33,2.48,2.48,763800
16/05/2003,2.41,2.44,2.35,2.38,2.38,744000
19/05/2003,2.47,2.47,2.33,2.35,2.35,767400
20/05/2003,2.31,2.38,2.23,2.3,2.3,681300
21/05/2003,2.26,2.41,2.26,2.38,2.38,572400
22/05/2003,2.36,2.43,2.35,2.41,2.41,419100
23/05/2003,2.38,2.38,2.3,2.33,2.33,462600
27/05/2003,2.33,2.45,2.33,2.43,2.43,434100
28/05/2003,2.43,2.55,2.43,2.5,2.5,755100
29/05/2003,2.51,2.58,2.48,2.5,2.5,814500
30/05/2003,2.53,2.56,2.48,2.49,2.49,704400
02/06/2003,2.5,2.62,2.49,2.56,2.56,967500
03/06/2003,2.53,2.59,2.53,2.53,2.53,322500
04/06/2003,2.5,2.58,2.47,2.5,2.5,853200
05/06/2003,2.5,2.74,2.5,2.71,2.71,1179900
06/06/2003,2.73,2.8,2.61,2.62,2.62,903000
09/06/2003,2.62,2.69,2.58,2.62,2.62,483900
10/06/2003,2.65,2.75,2.65,2.75,2.75,420600
11/06/2003,2.75,2.75,2.66,2.74,2.74,440700
12/06/2003,2.73,2.75,2.67,2.7,2.7,288000
13/06/2003,2.69,2.71,2.55,2.63,2.63,342300
16/06/2003,2.63,2.73,2.63,2.7,2.7,510900
17/06/2003,2.63,2.73,2.62,2.63,2.63,489600
18/06/2003,2.6,2.66,2.58,2.6,2.6,345900
19/06/2003,2.6,2.62,2.54,2.56,2.56,258300
20/06/2003,2.58,2.6,2.55,2.6,2.6,231600
23/06/2003,2.48,2.53,2.47,2.49,2.49,406500
24/06/2003,2.46,2.54,2.45,2.51,2.51,271500
25/06/2003,2.54,2.54,2.5,2.53,2.53,207300
26/06/2003,2.56,2.6,2.53,2.55,2.55,202800
27/06/2003,2.51,2.59,2.5,2.53,2.53,953400
30/06/2003,2.53,2.59,2.47,2.47,2.47,712500
01/07/2003,2.47,2.52,2.39,2.46,2.46,407100
02/07/2003,2.44,2.54,2.43,2.53,2.53,604500
03/07/2003,2.54,2.57,2.51,2.53,2.53,203700
07/07/2003,2.55,2.62,2.54,2.62,2.62,821400
08/07/2003,2.6,2.71,2.57,2.69,2.69,709200
09/07/2003,2.67,2.7,2.65,2.69,2.69,337800
10/07/2003,2.68,2.92,2.63,2.9,2.9,3022800
11/07/2003,2.93,3.07,2.86,3.0,3.0,1938000
14/07/2003,3.04,3.09,3.01,3.04,3.04,755100
15/07/2003,3.06,3.09,2.94,3.0,3.0,775200
16/07/2003,2.98,3.04,2.98,3.02,3.02,794400
17/07/2003,2.99,2.99,2.86,2.92,2.92,395700
18/07/2003,2.9,2.97,2.81,2.86,2.86,346200
21/07/2003,2.89,2.91,2.8,2.81,2.81,1171800
22/07/2003,2.81,2.83,2.72,2.78,2.78,357600
23/07/2003,2.77,2.81,2.71,2.72,2.72,361500
24/07/2003,2.47,2.47,2.17,2.17,2.17,4211400
25/07/2003,2.17,2.26,2.1,2.25,2.25,1600200
28/07/2003,2.25,2.25,2.03,2.12,2.12,1252800
29/07/2003,2.12,2.18,2.07,2.16,2.16,612300
30/07/2003,2.16,2.2,2.13,2.15,2.15,1051500
31/07/2003,2.17,2.23,2.17,2.2,2.2,498300
01/08/2003,2.23,2.23,2.1,2.12,2.12,627300
04/08/2003,2.12,2.17,2.07,2.14,2.14,500700
05/08/2003,2.17,2.17,2.04,2.07,2.07,582300
06/08/2003,2.07,2.12,2.05,2.11,2.11,595200
07/08/2003,2.15,2.15,2.05,2.08,2.08,608100
08/08/2003,2.1,2.19,2.1,2.19,2.19,510300
11/08/2003,2.19,2.24,2.14,2.18,2.18,537600
12/08/2003,2.2,2.27,2.19,2.21,2.21,599700
13/08/2003,2.23,2.23,2.17,2.18,2.18,681600
14/08/2003,2.17,2.2,2.12,2.2,2.2,371400
15/08/2003,2.23,2.23,2.2,2.21,2.21,98100
18/08/2003,2.22,2.31,2.21,2.3,2.3,832200
19/08/2003,2.31,2.36,2.28,2.35,2.35,990600
20/08/2003,2.35,2.37,2.31,2.32,2.32,253800
21/08/2003,2.32,2.4,2.31,2.37,2.37,469500
22/08/2003,2.41,2.41,2.33,2.37,2.37,595500
25/08/2003,2.37,2.56,2.37,2.52,2.52,662700
26/08/2003,2.52,2.55,2.4,2.51,2.51,915300
27/08/2003,2.5,2.63,2.47,2.55,2.55,654000
28/08/2003,2.58,2.7,2.58,2.67,2.67,679500
29/08/2003,2.64,2.64,2.55,2.55,2.55,457500
02/09/2003,2.57,2.62,2.47,2.57,2.57,770700
03/09/2003,2.58,2.68,2.57,2.65,2.65,1224300
04/09/2003,2.61,2.66,2.6,2.63,2.63,575100
05/09/2003,2.62,2.62,2.55,2.58,2.58,552900
08/09/2003,2.58,2.61,2.56,2.61,2.61,600300
09/09/2003,2.58,2.63,2.53,2.62,2.62,429900
10/09/2003,2.62,2.67,2.57,2.66,2.66,1148700
11/09/2003,2.66,2.82,2.62,2.79,2.79,1320300
12/09/2003,2.79,2.82,2.73,2.82,2.82,1200900
15/09/2003,2.82,2.85,2.77,2.77,2.77,1820400
16/09/2003,2.68,2.76,2.67,2.74,2.74,392700
17/09/2003,2.74,2.82,2.69,2.7,2.7,330900
18/09/2003,2.73,2.75,2.54,2.64,2.64,969600
19/09/2003,2.68,2.77,2.61,2.77,2.77,483300
22/09/2003,2.77,2.77,2.63,2.67,2.67,429600
23/09/2003,2.68,2.73,2.64,2.72,2.72,182400
24/09/2003,2.7,2.77,2.64,2.67,2.67,777600
25/09/2003,2.64,2.69,2.55,2.56,2.56,627600
26/09/2003,2.54,2.56,2.49,2.49,2.49,348900
29/09/2003,2.47,2.53,2.4,2.48,2.48,536400
30/09/2003,2.45,2.53,2.38,2.47,2.47,771000
01/10/2003,2.5,2.67,2.5,2.67,2.67,561900
02/10/2003,2.7,2.75,2.69,2.74,2.74,474600
03/10/2003,2.72,2.75,2.67,2.71,2.71,543300
06/10/2003,2.68,2.7,2.67,2.69,2.69,490800
07/10/2003,2.68,2.7,2.66,2.68,2.68,343800
08/10/2003,2.69,2.7,2.65,2.69,2.69,216600
09/10/2003,2.68,2.7,2.61,2.69,2.69,678000
10/10/2003,2.67,2.7,2.62,2.67,2.67,328200
13/10/2003,2.69,2.7,2.67,2.68,2.68,414000
14/10/2003,2.67,2.67,2.59,2.64,2.64,1121100
15/10/2003,2.64,2.66,2.59,2.62,2.62,669300
16/10/2003,2.6,2.65,2.6,2.63,2.63,358800
17/10/2003,2.64,2.64,2.53,2.58,2.58,498300
20/10/2003,2.55,2.63,2.55,2.62,2.62,612300
21/10/2003,2.6,2.65,2.57,2.64,2.64,1108800
22/10/2003,2.66,2.67,2.52,2.52,2.52,655500
23/10/2003,2.33,2.37,2.13,2.22,2.22,3867000
24/10/2003,2.22,2.3,2.17,2.27,2.27,993600
27/10/2003,2.27,2.38,2.27,2.38,2.38,1573500
28/10/2003,2.38,2.47,2.37,2.47,2.47,861600
29/10/2003,2.5,2.53,2.5,2.5,2.5,544200
30/10/2003,2.5,2.51,2.5,2.51,2.51,607200
31/10/2003,2.5,2.53,2.5,2.51,2.51,504300
03/11/2003,2.5,2.52,2.49,2.5,2.5,777300
04/11/2003,2.5,2.54,2.49,2.53,2.53,823800
05/11/2003,2.5,2.5,2.44,2.46,2.46,456900
06/11/2003,2.43,2.47,2.42,2.44,2.44,150900
07/11/2003,2.44,2.47,2.39,2.4,2.4,578700
10/11/2003,2.38,2.46,2.37,2.42,2.42,834900
11/11/2003,2.42,2.43,2.36,2.4,2.4,166200
12/11/2003,2.4,2.44,2.37,2.39,2.39,582000
13/11/2003,2.38,2.4,2.36,2.36,2.36,280200
14/11/2003,2.37,2.39,2.31,2.34,2.34,446400
17/11/2003,2.34,2.36,2.33,2.34,2.34,602700
18/11/2003,2.35,2.37,2.32,2.33,2.33,503700
19/11/2003,2.33,2.37,2.33,2.35,2.35,219000
20/11/2003,2.34,2.36,2.32,2.33,2.33,312300
21/11/2003,2.35,2.36,2.3,2.33,2.33,361200
24/11/2003,2.36,2.4,2.35,2.4,2.4,613800
25/11/2003,2.4,2.48,2.38,2.47,2.47,364500
26/11/2003,2.47,2.47,2.42,2.44,2.44,132300
28/11/2003,2.44,2.49,2.44,2.48,2.48,143700
01/12/2003,2.48,2.51,2.45,2.49,2.49,262200
02/12/2003,2.46,2.51,2.46,2.5,2.5,417900
03/12/2003,2.53,2.57,2.37,2.37,2.37,410100
04/12/2003,2.41,2.49,2.33,2.34,2.34,691200
05/12/2003,2.33,2.43,2.33,2.4,2.4,351900
08/12/2003,2.42,2.45,2.36,2.45,2.45,238200
09/12/2003,2.42,2.44,2.38,2.41,2.41,302100
10/12/2003,2.4,2.42,2.3,2.31,2.31,491400
11/12/2003,2.34,2.38,2.33,2.35,2.35,472800
12/12/2003,2.38,2.43,2.37,2.43,2.43,242700
15/12/2003,2.43,2.46,2.4,2.4,2.4,280800
16/12/2003,2.4,2.44,2.37,2.42,2.42,247800
17/12/2003,2.43,2.46,2.4,2.41,2.41,149400
18/12/2003,2.41,2.47,2.37,2.43,2.43,827400
19/12/2003,2.43,2.52,2.41,2.51,2.51,682200
22/12/2003,2.52,2.63,2.51,2.62,2.62,905400
23/12/2003,2.6,2.66,2.58,2.64,2.64,724200
24/12/2003,2.65,2.68,2.62,2.67,2.67,429600
26/12/2003,2.65,2.67,2.6,2.62,2.62,147000
29/12/2003,2.6,2.69,2.6,2.65,2.65,474600
30/12/2003,2.66,2.75,2.65,2.75,2.75,942000
31/12/2003,2.73,2.76,2.69,2.72,2.72,351000
02/01/2004,2.72,2.76,2.69,2.72,2.72,191400
05/01/2004,2.74,2.77,2.7,2.71,2.71,443400
06/01/2004,2.67,2.69,2.64,2.67,2.67,541500
07/01/2004,2.69,2.7,2.68,2.69,2.69,207300
08/01/2004,2.7,2.7,2.66,2.69,2.69,366900
09/01/2004,2.69,2.7,2.63,2.65,2.65,756900
12/01/2004,2.67,2.69,2.6,2.68,2.68,474900
13/01/2004,2.68,2.69,2.63,2.69,2.69,356400
14/01/2004,2.67,2.68,2.63,2.67,2.67,463800
15/01/2004,2.68,2.68,2.63,2.66,2.66,361200
16/01/2004,2.66,2.67,2.63,2.64,2.64,318000
20/01/2004,2.67,2.67,2.62,2.62,2.62,469500
21/01/2004,2.64,2.65,2.6,2.65,2.65,808500
22/01/2004,2.65,2.67,2.62,2.64,2.64,573900
23/01/2004,2.65,2.7,2.63,2.66,2.66,480600
26/01/2004,2.65,2.7,2.64,2.69,2.69,467400
27/01/2004,2.67,2.7,2.6,2.62,2.62,367500
28/01/2004,2.65,2.66,2.51,2.52,2.52,495900
29/01/2004,2.53,2.63,2.5,2.63,2.63,862500
30/01/2004,2.62,2.65,2.58,2.62,2.62,363600
02/02/2004,2.62,2.79,2.62,2.78,2.78,1513800
03/02/2004,2.75,2.83,2.73,2.81,2.81,797700
04/02/2004,2.81,2.81,2.7,2.78,2.78,693000
05/02/2004,2.78,2.87,2.77,2.85,2.85,555000
06/02/2004,2.83,3.02,2.83,2.98,2.98,1265400
09/02/2004,3.03,3.04,2.93,3.0,3.0,1083900
10/02/2004,3.03,3.25,3.0,3.23,3.23,1406400
11/02/2004,3.5,4.17,3.4,3.82,3.82,7476300
12/02/2004,3.83,3.91,3.5,3.51,3.51,2484000
13/02/2004,3.52,3.8,3.52,3.79,3.79,938100
17/02/2004,3.82,3.88,3.59,3.66,3.66,1042200
18/02/2004,3.68,3.7,3.57,3.58,3.58,565500
19/02/2004,3.58,4.08,3.55,3.97,3.97,4326600
20/02/2004,3.92,4.15,3.85,4.03,4.03,2444700
23/02/2004,4.05,4.09,3.94,3.95,3.95,733200
24/02/2004,3.98,4.16,3.98,4.03,4.03,878100
25/02/2004,4.07,4.13,4.03,4.13,4.13,313500
26/02/2004,4.13,4.15,4.01,4.12,4.12,482400
27/02/2004,4.14,4.23,4.12,4.2,4.2,512100
01/03/2004,4.23,4.35,4.23,4.32,4.32,827400
02/03/2004,4.34,4.34,4.17,4.23,4.23,426600
03/03/2004,4.27,4.3,4.22,4.25,4.25,782100
04/03/2004,4.27,4.33,4.23,4.25,4.25,442500
05/03/2004,4.27,4.32,4.19,4.27,4.27,595800
08/03/2004,4.31,4.33,4.21,4.22,4.22,676200
09/03/2004,4.27,4.27,4.18,4.22,4.22,380700
10/03/2004,4.2,4.23,4.04,4.05,4.05,1338300
11/03/2004,4.02,4.03,3.89,3.89,3.89,850800
12/03/2004,3.92,3.99,3.92,3.96,3.96,383700
15/03/2004,3.99,4.0,3.85,3.85,3.85,532500
16/03/2004,3.88,3.92,3.83,3.88,3.88,590400
17/03/2004,3.91,3.97,3.87,3.93,3.93,373800
18/03/2004,3.96,3.99,3.87,3.96,3.96,286200
19/03/2004,3.98,3.98,3.78,3.8,3.8,740100
22/03/2004,3.8,3.83,3.71,3.83,3.83,274200
23/03/2004,3.8,3.92,3.8,3.88,3.88,501300
24/03/2004,3.9,3.99,3.9,3.97,3.97,438300
25/03/2004,3.95,3.99,3.91,3.94,3.94,407700
26/03/2004,3.9,3.98,3.89,3.96,3.96,362400
29/03/2004,3.99,4.27,3.99,4.26,4.26,413700
30/03/2004,4.21,4.3,4.17,4.3,4.3,681000
31/03/2004,4.3,4.44,4.3,4.37,4.37,1181400
01/04/2004,4.36,4.45,4.36,4.39,4.39,364200
02/04/2004,4.45,4.48,4.28,4.39,4.39,457500
05/04/2004,4.39,4.59,4.33,4.59,4.59,654000
06/04/2004,4.67,4.85,4.67,4.69,4.69,1312200
07/04/2004,4.73,4.83,4.68,4.75,4.75,978600
08/04/2004,4.68,4.76,4.6,4.68,4.68,2109900
12/04/2004,4.7,4.7,4.61,4.66,4.66,385800
13/04/2004,4.67,4.67,4.42,4.44,4.44,727200
14/04/2004,4.33,4.53,4.31,4.44,4.44,478500
15/04/2004,4.43,4.5,4.42,4.44,4.44,309300
16/04/2004,4.46,4.58,4.41,4.5,4.5,680400
19/04/2004,4.5,4.67,4.44,4.66,4.66,459600
20/04/2004,4.65,4.7,4.33,4.33,4.33,2520900
21/04/2004,4.47,4.67,4.44,4.65,4.65,740700
22/04/2004,4.33,4.43,4.16,4.18,4.18,1571100
23/04/2004,4.18,4.39,4.13,4.33,4.33,646500
26/04/2004,4.33,4.33,4.12,4.22,4.22,525300
27/04/2004,4.26,4.38,4.26,4.3,4.3,1320900
28/04/2004,4.3,4.3,4.11,4.12,4.12,934500
29/04/2004,4.13,4.19,4.1,4.12,4.12,768600
30/04/2004,4.12,4.14,4.04,4.1,4.1,806400
03/05/2004,4.09,4.16,4.06,4.12,4.12,387600
04/05/2004,4.08,4.2,4.07,4.16,4.16,405900
05/05/2004,4.15,4.17,4.12,4.13,4.13,406500
06/05/2004,4.12,4.14,4.07,4.13,4.13,412200
07/05/2004,4.1,4.1,3.86,3.93,3.93,1140900
10/05/2004,3.8,3.87,3.67,3.78,3.78,475200
11/05/2004,3.78,3.92,3.78,3.83,3.83,303600
12/05/2004,3.83,3.92,3.61,3.9,3.9,396900
13/05/2004,3.87,3.87,3.61,3.66,3.66,398400
14/05/2004,3.66,3.68,3.62,3.66,3.66,355200
17/05/2004,3.63,3.63,3.39,3.55,3.55,330600
18/05/2004,3.55,3.59,3.51,3.53,3.53,132600
19/05/2004,3.58,3.67,3.56,3.59,3.59,650100
20/05/2004,3.6,3.63,3.56,3.56,3.56,282900
21/05/2004,3.55,3.58,3.49,3.49,3.49,272100
24/05/2004,3.56,3.7,3.56,3.65,3.65,393600
25/05/2004,3.66,3.67,3.63,3.64,3.64,462600
26/05/2004,3.65,3.83,3.65,3.83,3.83,435000
27/05/2004,3.83,3.83,3.7,3.79,3.79,554400
28/05/2004,3.79,3.84,3.66,3.83,3.83,389700
01/06/2004,3.8,3.83,3.69,3.79,3.79,326700
02/06/2004,3.82,3.92,3.79,3.88,3.88,381900
03/06/2004,3.88,4.0,3.87,3.93,3.93,548400
04/06/2004,3.95,4.03,3.92,4.03,4.03,555000
07/06/2004,4.06,4.13,4.04,4.08,4.08,237300
08/06/2004,4.08,4.26,4.0,4.24,4.24,345300
09/06/2004,4.21,4.21,4.03,4.08,4.08,346800
10/06/2004,4.07,4.25,4.05,4.09,4.09,420600
14/06/2004,4.09,4.13,3.98,4.05,4.05,244500
15/06/2004,4.07,4.28,4.07,4.2,4.2,348300
16/06/2004,4.21,4.29,4.17,4.27,4.27,150600
17/06/2004,4.29,4.36,4.25,4.34,4.34,195900
18/06/2004,4.45,4.47,4.43,4.45,4.45,495600
21/06/2004,4.41,4.44,4.33,4.35,4.35,819300
22/06/2004,4.32,4.5,4.31,4.47,4.47,1367100
23/06/2004,4.49,4.52,4.45,4.5,4.5,1344000
24/06/2004,4.52,4.66,4.52,4.6,4.6,615300
25/06/2004,4.62,4.67,4.47,4.67,4.67,693900
28/06/2004,4.67,4.68,4.62,4.67,4.67,467700
29/06/2004,4.67,4.67,4.4,4.4,4.4,729000
30/06/2004,4.42,4.48,4.33,4.33,4.33,615000
01/07/2004,4.33,4.51,4.33,4.5,4.5,593700
02/07/2004,4.48,4.56,4.45,4.55,4.55,308100
06/07/2004,4.53,4.53,4.36,4.4,4.4,300600
07/07/2004,4.4,4.43,4.36,4.38,4.38,348300
08/07/2004,4.38,4.5,4.36,4.41,4.41,431400
09/07/2004,4.43,4.44,4.23,4.3,4.3,359400
12/07/2004,4.28,4.38,4.23,4.25,4.25,458100
13/07/2004,4.32,4.44,4.32,4.38,4.38,506400
14/07/2004,4.38,4.38,4.11,4.17,4.17,475800
15/07/2004,4.17,4.22,4.06,4.06,4.06,446100
16/07/2004,4.1,4.18,3.98,4.01,4.01,453300
19/07/2004,4.0,4.01,3.85,3.88,3.88,963600
20/07/2004,3.95,4.28,3.95,4.18,4.18,660600
21/07/2004,4.21,4.26,3.97,3.98,3.98,720900
22/07/2004,4.04,4.4,4.04,4.37,4.37,1769700
23/07/2004,4.37,4.4,4.13,4.25,4.25,787800
26/07/2004,4.28,4.4,4.25,4.27,4.27,675000
27/07/2004,4.27,4.65,4.27,4.65,4.65,758400
28/07/2004,4.65,4.75,4.54,4.6,4.6,1005900
29/07/2004,4.62,4.73,4.62,4.73,4.73,747000
30/07/2004,4.73,4.73,4.58,4.58,4.58,784200
02/08/2004,4.6,4.68,4.57,4.65,4.65,1054200
03/08/2004,4.63,4.63,4.55,4.56,4.56,450300
04/08/2004,4.56,4.56,4.47,4.5,4.5,754200
05/08/2004,4.51,4.51,4.32,4.34,4.34,1128900
06/08/2004,4.33,4.34,4.28,4.32,4.32,659700
09/08/2004,4.33,4.39,4.25,4.28,4.28,400800
10/08/2004,4.29,4.37,4.29,4.35,4.35,364500
11/08/2004,4.32,4.33,4.22,4.32,4.32,587100
12/08/2004,4.31,4.31,4.19,4.23,4.23,432300
13/08/2004,4.25,4.32,4.22,4.27,4.27,274500
16/08/2004,4.28,4.36,4.27,4.36,4.36,504600
17/08/2004,4.39,4.59,4.39,4.58,4.58,439800
18/08/2004,4.54,4.54,4.44,4.47,4.47,529200
19/08/2004,4.47,4.5,4.44,4.49,4.49,600000
20/08/2004,4.48,4.51,4.42,4.42,4.42,559500
23/08/2004,4.41,4.46,4.37,4.43,4.43,420900
24/08/2004,4.43,4.43,4.33,4.37,4.37,385500
25/08/2004,4.37,4.37,4.17,4.27,4.27,474000
26/08/2004,4.28,4.33,4.26,4.26,4.26,342000
27/08/2004,4.27,4.37,4.27,4.37,4.37,223800
30/08/2004,4.35,4.37,4.28,4.34,4.34,461100
31/08/2004,4.33,4.44,4.3,4.43,4.43,415500
01/09/2004,4.42,4.62,4.41,4.59,4.59,809100
02/09/2004,4.58,4.71,4.49,4.65,4.65,578400
03/09/2004,4.65,4.67,4.6,4.66,4.66,312900
07/09/2004,4.66,4.7,4.6,4.6,4.6,584100
08/09/2004,4.62,4.98,4.59,4.73,4.73,3457200
09/09/2004,4.74,4.8,4.68,4.8,4.8,1859400
10/09/2004,4.77,4.88,4.75,4.85,4.85,1100400
13/09/2004,4.82,4.94,4.81,4.92,4.92,1296000
14/09/2004,4.9,4.93,4.81,4.91,4.91,685200
15/09/2004,4.91,4.92,4.75,4.85,4.85,791400
16/09/2004,4.85,5.08,4.84,4.97,4.97,1372500
17/09/2004,4.94,4.95,4.82,4.83,4.83,620700
20/09/2004,4.83,4.88,4.55,4.67,4.67,1010400
21/09/2004,4.67,4.83,4.67,4.83,4.83,623400
22/09/2004,4.82,4.83,4.71,4.81,4.81,496200
23/09/2004,4.82,4.82,4.72,4.72,4.72,463200
24/09/2004,4.72,4.74,4.67,4.67,4.67,663600
27/09/2004,4.67,4.69,4.61,4.63,4.63,966900
28/09/2004,4.64,4.7,4.62,4.69,4.69,746700
29/09/2004,4.69,4.84,4.67,4.84,4.84,798900
30/09/2004,4.82,4.92,4.73,4.84,4.84,743700
01/10/2004,4.87,4.96,4.87,4.94,4.94,451500
04/10/2004,4.94,5.0,4.9,4.92,4.92,576300
05/10/2004,4.92,4.92,4.83,4.85,4.85,448500
06/10/2004,4.85,5.0,4.85,5.0,5.0,717900
07/10/2004,5.0,5.0,4.88,4.89,4.89,572400
08/10/2004,4.86,4.95,4.82,4.82,4.82,303300
11/10/2004,4.76,4.78,4.72,4.77,4.77,197400
12/10/2004,4.73,4.81,4.7,4.76,4.76,353100
13/10/2004,4.76,4.76,4.45,4.45,4.45,1491300
14/10/2004,4.43,4.45,4.29,4.32,4.32,1168200
15/10/2004,4.35,4.66,4.33,4.6,4.6,1064400
18/10/2004,4.58,4.58,4.45,4.45,4.45,601800
19/10/2004,4.45,4.63,4.45,4.54,4.54,384300
20/10/2004,4.54,4.72,4.52,4.63,4.63,851400
21/10/2004,4.65,4.78,4.55,4.78,4.78,351000
22/10/2004,4.78,4.78,4.48,4.51,4.51,437100
25/10/2004,4.51,4.73,4.49,4.65,4.65,369300
26/10/2004,4.63,4.66,4.31,4.47,4.47,876000
27/10/2004,4.16,4.16,3.53,3.96,3.96,10413900
28/10/2004,3.93,4.01,3.77,3.8,3.8,2077500
29/10/2004,3.8,3.83,3.68,3.68,3.68,1687200
01/11/2004,3.68,3.75,3.66,3.7,3.7,1127700
02/11/2004,3.7,3.75,3.69,3.69,3.69,1446300
03/11/2004,3.7,3.77,3.64,3.67,3.67,1820700
04/11/2004,3.67,3.73,3.6,3.67,3.67,1398000
05/11/2004,3.67,3.83,3.61,3.78,3.78,1014600
08/11/2004,3.8,3.81,3.66,3.67,3.67,722100
09/11/2004,3.62,3.74,3.62,3.71,3.71,667200
10/11/2004,3.7,3.77,3.67,3.75,3.75,1011300
11/11/2004,3.77,3.8,3.67,3.7,3.7,1044300
12/11/2004,3.68,3.95,3.68,3.91,3.91,658500
15/11/2004,3.92,3.95,3.84,3.87,3.87,640500
16/11/2004,3.87,4.02,3.87,3.97,3.97,707100
17/11/2004,4.0,4.03,3.92,3.96,3.96,710700
18/11/2004,3.99,3.99,3.9,3.93,3.93,700200
19/11/2004,3.95,3.95,3.89,3.92,3.92,633300
22/11/2004,3.92,3.98,3.87,3.87,3.87,729300
23/11/2004,3.87,3.92,3.83,3.83,3.83,720000
24/11/2004,3.83,3.91,3.82,3.82,3.82,669600
26/11/2004,3.85,3.9,3.85,3.86,3.86,173400
29/11/2004,3.86,3.96,3.86,3.87,3.87,435900
30/11/2004,3.89,3.94,3.83,3.87,3.87,821700
01/12/2004,3.88,3.96,3.87,3.9,3.9,578400
02/12/2004,3.9,3.97,3.9,3.95,3.95,723300
03/12/2004,3.94,3.98,3.91,3.92,3.92,496200
06/12/2004,3.92,3.95,3.89,3.9,3.9,625200
07/12/2004,3.9,3.93,3.85,3.85,3.85,543600
08/12/2004,3.88,3.96,3.83,3.84,3.84,1436400
09/12/2004,3.84,3.95,3.84,3.9,3.9,539400
10/12/2004,3.88,3.99,3.87,3.95,3.95,381000
13/12/2004,3.95,3.98,3.92,3.95,3.95,395400
14/12/2004,3.93,4.01,3.9,4.01,4.01,632700
15/12/2004,4.0,4.2,3.98,4.16,4.16,1869000
16/12/2004,4.13,4.18,4.1,4.16,4.16,837600
17/12/2004,4.19,4.21,4.17,4.2,4.2,1160400
20/12/2004,4.2,4.22,4.17,4.21,4.21,482400
21/12/2004,4.18,4.28,4.18,4.23,4.23,648000
22/12/2004,4.22,4.25,4.19,4.25,4.25,464700
23/12/2004,4.22,4.27,4.21,4.26,4.26,371700
27/12/2004,4.26,4.28,4.25,4.25,4.25,243600
28/12/2004,4.25,4.27,4.18,4.24,4.24,174000
29/12/2004,4.22,4.31,4.22,4.3,4.3,399000
30/12/2004,4.28,4.28,4.25,4.28,4.28,243300
31/12/2004,4.27,4.39,4.25,4.32,4.32,289800
03/01/2005,4.33,4.39,4.27,4.27,4.27,573900
04/01/2005,4.27,4.32,4.27,4.28,4.28,822900
05/01/2005,4.28,4.32,4.27,4.28,4.28,557700
06/01/2005,4.29,4.33,4.29,4.32,4.32,602700
07/01/2005,4.32,4.35,4.32,4.33,4.33,472500
10/01/2005,4.33,4.36,4.29,4.3,4.3,1250700
11/01/2005,4.3,4.35,4.29,4.33,4.33,441600
12/01/2005,4.33,4.38,4.33,4.34,4.34,937200
13/01/2005,4.34,4.44,4.33,4.35,4.35,410100
14/01/2005,4.36,4.45,4.36,4.45,4.45,268500
18/01/2005,4.46,4.53,4.4,4.47,4.47,298500
19/01/2005,4.43,4.47,4.34,4.35,4.35,337200
20/01/2005,4.38,4.73,4.36,4.69,4.69,1954800
21/01/2005,4.67,4.71,4.63,4.64,4.64,947100
24/01/2005,4.65,4.74,4.58,4.59,4.59,719700
25/01/2005,4.59,4.63,4.56,4.62,4.62,453900
26/01/2005,4.6,4.6,4.51,4.58,4.58,334200
27/01/2005,4.61,4.77,4.61,4.73,4.73,447900
28/01/2005,4.73,4.76,4.66,4.75,4.75,760500
31/01/2005,4.75,4.93,4.75,4.88,4.88,575100
01/02/2005,4.88,4.93,4.87,4.9,4.9,529200
02/02/2005,4.98,5.15,4.97,5.1,5.1,2078400
03/02/2005,5.08,5.24,5.08,5.15,5.15,812700
04/02/2005,5.16,5.23,5.13,5.17,5.17,871800
07/02/2005,5.17,5.35,5.16,5.33,5.33,914100
08/02/2005,5.37,5.63,5.35,5.52,5.52,1590300
09/02/2005,5.52,5.58,5.33,5.35,5.35,642600
10/02/2005,5.3,5.33,5.02,5.21,5.21,1158600
11/02/2005,5.18,5.38,5.16,5.3,5.3,1735800
14/02/2005,5.37,5.38,5.15,5.31,5.31,1216800
15/02/2005,5.24,5.33,5.23,5.33,5.33,714300
16/02/2005,5.35,5.35,5.21,5.34,5.34,911700
17/02/2005,5.33,5.37,5.25,5.28,5.28,693000
18/02/2005,5.28,5.28,5.08,5.16,5.16,854400
22/02/2005,5.17,5.17,4.9,4.92,4.92,929400
23/02/2005,5.01,5.4,5.0,5.28,5.28,2440800
24/02/2005,5.32,5.38,5.2,5.33,5.33,692700
25/02/2005,5.3,5.33,5.26,5.31,5.31,515100
28/02/2005,5.32,5.32,5.07,5.09,5.09,591900
01/03/2005,5.08,5.27,5.07,5.27,5.27,867900
02/03/2005,5.22,5.38,5.2,5.33,5.33,665700
03/03/2005,5.35,5.4,5.29,5.32,5.32,558300
04/03/2005,5.33,5.33,5.18,5.28,5.28,449100
07/03/2005,5.27,5.33,5.27,5.32,5.32,405000
08/03/2005,5.27,5.28,5.15,5.17,5.17,561000
09/03/2005,5.07,5.18,5.06,5.06,5.06,679200
10/03/2005,5.05,5.21,5.05,5.14,5.14,654900
11/03/2005,5.12,5.12,4.96,4.99,4.99,499200
14/03/2005,5.0,5.15,5.0,5.08,5.08,303600
15/03/2005,5.09,5.22,5.07,5.16,5.16,542400
16/03/2005,5.16,5.21,5.11,5.21,5.21,592800
17/03/2005,5.19,5.22,5.15,5.22,5.22,379800
18/03/2005,5.22,5.24,5.18,5.23,5.23,774600
21/03/2005,5.23,5.23,5.16,5.2,5.2,470400
22/03/2005,5.2,5.26,5.18,5.22,5.22,939600
23/03/2005,5.22,5.23,5.13,5.15,5.15,658800
24/03/2005,5.13,5.27,5.12,5.17,5.17,321900
28/03/2005,5.16,5.28,5.15,5.16,5.16,449400
29/03/2005,5.17,5.21,5.03,5.07,5.07,601800
30/03/2005,5.07,5.17,5.03,5.16,5.16,379800
31/03/2005,5.17,5.19,5.08,5.16,5.16,340500
01/04/2005,5.15,5.15,5.05,5.13,5.13,661200
04/04/2005,5.15,5.18,5.12,5.14,5.14,464700
05/04/2005,5.15,5.17,5.03,5.11,5.11,508500
06/04/2005,5.13,5.21,5.03,5.05,5.05,347700
07/04/2005,5.01,5.2,4.83,5.13,5.13,449400
08/04/2005,5.11,5.14,5.04,5.04,5.04,276300
11/04/2005,5.05,5.1,4.97,5.07,5.07,366600
12/04/2005,5.05,5.05,4.9,4.98,4.98,225600
13/04/2005,4.98,5.0,4.92,4.92,4.92,266700
14/04/2005,4.92,4.95,4.84,4.86,4.86,383100
15/04/2005,4.86,4.88,4.69,4.7,4.7,248400
18/04/2005,4.68,4.77,4.67,4.74,4.74,333900
19/04/2005,4.75,4.82,4.71,4.75,4.75,448800
20/04/2005,4.78,4.8,4.67,4.68,4.68,486900
21/04/2005,4.75,4.77,4.67,4.7,4.7,336600
22/04/2005,4.72,4.75,4.67,4.68,4.68,617100
25/04/2005,4.66,4.72,4.59,4.59,4.59,313200
26/04/2005,4.58,4.74,4.53,4.74,4.74,354300
27/04/2005,4.74,4.77,4.57,4.65,4.65,817800
28/04/2005,4.33,4.34,3.97,4.05,4.05,2113200
29/04/2005,4.15,4.15,4.03,4.08,4.08,985500
02/05/2005,4.15,4.24,4.08,4.23,4.23,953100
03/05/2005,4.28,4.36,4.24,4.31,4.31,625200
04/05/2005,4.31,4.32,4.07,4.07,4.07,684300
05/05/2005,4.1,4.19,4.1,4.19,4.19,406200
06/05/2005,4.2,4.22,4.07,4.12,4.12,680700
09/05/2005,4.08,4.16,4.07,4.13,4.13,299400
10/05/2005,4.13,4.13,3.95,3.96,3.96,391800
11/05/2005,3.99,4.03,3.96,3.99,3.99,451800
12/05/2005,3.99,4.01,3.74,3.85,3.85,682200
13/05/2005,3.85,3.89,3.73,3.83,3.83,550500
16/05/2005,3.84,3.88,3.73,3.83,3.83,383400
17/05/2005,3.83,3.89,3.83,3.87,3.87,643500
18/05/2005,3.9,4.02,3.89,4.02,4.02,648900
19/05/2005,4.02,4.19,4.0,4.13,4.13,474900
20/05/2005,4.13,4.14,4.07,4.09,4.09,533100
23/05/2005,4.06,4.07,3.9,4.0,4.0,707700
24/05/2005,4.0,4.13,3.97,4.11,4.11,320100
25/05/2005,4.08,4.16,4.04,4.1,4.1,384600
26/05/2005,4.13,4.2,4.13,4.2,4.2,215100
27/05/2005,4.19,4.29,4.17,4.24,4.24,261000
31/05/2005,4.23,4.23,4.18,4.22,4.22,336000
01/06/2005,4.22,4.24,4.11,4.21,4.21,398100
02/06/2005,4.21,4.43,4.2,4.4,4.4,339900
03/06/2005,4.37,4.37,4.27,4.29,4.29,247800
06/06/2005,4.31,4.31,4.2,4.29,4.29,201300
07/06/2005,4.28,4.36,4.28,4.31,4.31,261300
08/06/2005,4.34,4.45,4.3,4.3,4.3,491100
09/06/2005,4.32,4.59,4.32,4.51,4.51,588300
10/06/2005,4.49,4.52,4.32,4.38,4.38,267600
13/06/2005,4.35,4.38,4.32,4.35,4.35,223200
14/06/2005,4.36,4.43,4.34,4.42,4.42,695400
15/06/2005,4.5,4.78,4.5,4.74,4.74,1740600
16/06/2005,4.73,4.83,4.73,4.75,4.75,1347000
17/06/2005,4.8,4.8,4.71,4.75,4.75,559500
20/06/2005,4.73,4.74,4.65,4.74,4.74,288000
21/06/2005,4.75,4.86,4.72,4.82,4.82,344100
22/06/2005,4.83,4.97,4.76,4.83,4.83,223500
23/06/2005,4.83,4.83,4.67,4.69,4.69,277500
24/06/2005,4.69,4.69,4.61,4.61,4.61,495300
27/06/2005,4.61,4.63,4.52,4.58,4.58,209700
28/06/2005,4.58,4.8,4.58,4.8,4.8,465900
29/06/2005,4.79,4.8,4.75,4.76,4.76,200100
30/06/2005,4.77,4.8,4.7,4.75,4.75,281100
01/07/2005,4.75,4.8,4.72,4.77,4.77,328500
05/07/2005,4.83,4.93,4.82,4.92,4.92,368400
06/07/2005,4.94,4.95,4.82,4.89,4.89,501300
07/07/2005,4.85,4.85,4.65,4.8,4.8,455700
08/07/2005,4.79,4.95,4.71,4.9,4.9,273000
11/07/2005,4.93,4.98,4.86,4.94,4.94,311100
12/07/2005,4.9,4.91,4.84,4.89,4.89,516900
13/07/2005,4.85,4.88,4.65,4.79,4.79,690300
14/07/2005,4.75,4.87,4.75,4.76,4.76,241500
15/07/2005,4.75,4.86,4.69,4.85,4.85,338100
18/07/2005,4.82,4.82,4.69,4.79,4.79,197700
19/07/2005,4.93,4.97,4.87,4.96,4.96,1003200
20/07/2005,4.93,4.98,4.86,4.98,4.98,495300
21/07/2005,4.99,4.99,4.9,4.91,4.91,217500
22/07/2005,4.92,5.27,4.92,5.2,5.2,730800
25/07/2005,5.18,5.28,5.06,5.11,5.11,260700
26/07/2005,5.11,5.17,5.02,5.16,5.16,347100
27/07/2005,5.18,5.23,5.09,5.2,5.2,994500
28/07/2005,5.75,5.75,5.27,5.33,5.33,4007400
29/07/2005,5.33,5.58,5.33,5.48,5.48,1063200
01/08/2005,5.5,5.63,5.49,5.51,5.51,1407000
02/08/2005,5.49,5.69,5.43,5.63,5.63,737700
03/08/2005,5.67,5.83,5.64,5.79,5.79,1359900
04/08/2005,5.8,5.8,5.68,5.68,5.68,1217400
05/08/2005,5.69,5.69,5.5,5.66,5.66,708900
08/08/2005,5.63,5.63,5.57,5.63,5.63,873600
09/08/2005,5.63,5.63,5.56,5.63,5.63,588600
10/08/2005,5.63,5.67,5.57,5.65,5.65,1433400
11/08/2005,5.66,5.69,5.63,5.67,5.67,532500
12/08/2005,5.67,5.7,5.47,5.57,5.57,424200
15/08/2005,5.8,6.06,5.79,6.0,6.0,2096700
16/08/2005,5.97,6.03,5.72,5.72,5.72,1157400
17/08/2005,5.72,5.77,5.62,5.7,5.7,537900
18/08/2005,5.71,5.83,5.63,5.78,5.78,291900
19/08/2005,5.78,5.78,5.67,5.75,5.75,386100
22/08/2005,5.77,5.97,5.67,5.83,5.83,1977000
23/08/2005,5.82,5.82,5.6,5.72,5.72,1099500
24/08/2005,5.69,5.77,5.67,5.71,5.71,765000
25/08/2005,5.75,5.83,5.61,5.67,5.67,1003800
26/08/2005,5.67,5.67,5.51,5.61,5.61,372300
29/08/2005,5.62,5.71,5.55,5.67,5.67,505500
30/08/2005,5.67,5.67,5.37,5.52,5.52,682200
31/08/2005,5.5,5.6,5.45,5.57,5.57,428700
01/09/2005,5.51,5.63,5.51,5.58,5.58,492600
02/09/2005,5.58,5.58,5.48,5.5,5.5,303600
06/09/2005,5.51,5.7,5.49,5.63,5.63,1052700
07/09/2005,5.67,5.81,5.67,5.73,5.73,590400
08/09/2005,5.73,5.73,5.65,5.7,5.7,201600
09/09/2005,5.72,5.78,5.72,5.78,5.78,451200
12/09/2005,5.81,5.97,5.81,5.92,5.92,572700
13/09/2005,5.9,5.92,5.84,5.9,5.9,315900
14/09/2005,5.9,5.9,5.85,5.86,5.86,430200
15/09/2005,5.84,5.85,5.7,5.76,5.76,479700
16/09/2005,5.8,5.83,5.7,5.8,5.8,465900
19/09/2005,5.75,5.75,5.58,5.59,5.59,611700
20/09/2005,5.6,5.66,5.55,5.59,5.59,975000
21/09/2005,5.59,5.59,5.18,5.3,5.3,773700
22/09/2005,5.21,5.43,5.17,5.38,5.38,576000
23/09/2005,5.39,5.56,5.38,5.53,5.53,363900
26/09/2005,5.56,5.72,5.49,5.53,5.53,508200
27/09/2005,5.54,5.57,5.43,5.48,5.48,1359900
28/09/2005,5.48,5.53,5.41,5.45,5.45,637800
29/09/2005,5.45,5.53,5.42,5.5,5.5,341700
30/09/2005,5.5,5.52,5.4,5.46,5.46,295200
03/10/2005,5.46,5.5,5.42,5.44,5.44,739500
04/10/2005,5.45,5.46,5.41,5.43,5.43,744600
05/10/2005,5.42,5.43,5.17,5.17,5.17,359400
06/10/2005,5.17,5.24,5.11,5.18,5.18,496800
07/10/2005,5.2,5.4,5.18,5.38,5.38,538200
10/10/2005,5.34,5.43,5.34,5.42,5.42,671100
11/10/2005,5.43,5.43,5.36,5.36,5.36,537300
12/10/2005,5.33,5.36,5.27,5.33,5.33,797700
13/10/2005,5.3,5.33,5.2,5.27,5.27,512400
14/10/2005,5.28,5.3,5.15,5.25,5.25,530400
17/10/2005,5.21,5.25,5.04,5.21,5.21,483300
18/10/2005,5.25,5.25,5.13,5.17,5.17,688200
19/10/2005,5.17,5.32,5.12,5.27,5.27,505500
20/10/2005,5.25,5.28,5.17,5.21,5.21,545700
21/10/2005,5.21,5.26,5.2,5.23,5.23,226800
24/10/2005,5.22,5.34,5.22,5.3,5.3,428100
25/10/2005,5.3,5.35,5.23,5.25,5.25,413700
26/10/2005,5.25,5.42,5.23,5.27,5.27,738900
27/10/2005,4.72,4.72,4.0,4.11,4.11,4700400
28/10/2005,4.11,4.2,4.0,4.08,4.08,1832700
31/10/2005,4.1,4.23,4.1,4.22,4.22,1790100
01/11/2005,4.27,4.45,4.27,4.43,4.43,1334100
02/11/2005,4.45,4.66,4.45,4.64,4.64,879900
03/11/2005,4.67,4.75,4.66,4.68,4.68,581700
04/11/2005,4.68,4.68,4.53,4.64,4.64,541800
07/11/2005,4.67,4.7,4.6,4.61,4.61,668700
08/11/2005,4.58,4.63,4.55,4.61,4.61,480000
09/11/2005,4.59,4.65,4.54,4.55,4.55,290400
10/11/2005,4.53,4.67,4.52,4.67,4.67,513600
11/11/2005,4.66,4.66,4.57,4.57,4.57,589500
14/11/2005,4.57,4.58,4.47,4.56,4.56,493800
15/11/2005,4.55,4.66,4.54,4.57,4.57,538200
16/11/2005,4.58,4.6,4.5,4.53,4.53,344700
17/11/2005,4.58,4.62,4.53,4.57,4.57,350400
18/11/2005,4.64,4.66,4.55,4.58,4.58,324000
21/11/2005,4.61,4.8,4.6,4.77,4.77,1106700
22/11/2005,4.77,4.95,4.75,4.9,4.9,774600
23/11/2005,4.89,4.95,4.87,4.88,4.88,321600
25/11/2005,4.89,4.91,4.78,4.88,4.88,102600
28/11/2005,4.86,4.92,4.75,4.81,4.81,362700
29/11/2005,4.84,4.87,4.8,4.87,4.87,573600
30/11/2005,4.86,5.02,4.84,4.99,4.99,1337400
01/12/2005,5.02,5.17,5.0,5.16,5.16,1213500
02/12/2005,5.16,5.24,5.06,5.24,5.24,450300
05/12/2005,5.24,5.24,5.05,5.1,5.1,427200
06/12/2005,5.13,5.19,5.1,5.13,5.13,522000
07/12/2005,5.12,5.12,5.01,5.09,5.09,500400
08/12/2005,5.1,5.25,5.09,5.16,5.16,402300
09/12/2005,5.16,5.22,5.08,5.15,5.15,224700
12/12/2005,5.16,5.31,5.15,5.28,5.28,459000
13/12/2005,5.27,5.27,5.03,5.03,5.03,506400
14/12/2005,5.04,5.21,5.04,5.19,5.19,387300
15/12/2005,5.19,5.19,4.97,5.06,5.06,623100
16/12/2005,5.12,5.15,5.08,5.12,5.12,535200
19/12/2005,5.1,5.1,4.94,4.96,4.96,438300
20/12/2005,4.98,5.02,4.92,4.99,4.99,586500
21/12/2005,5.0,5.08,4.95,5.05,5.05,630300
22/12/2005,5.05,5.08,5.01,5.08,5.08,378600
23/12/2005,5.08,5.13,5.07,5.13,5.13,154800
27/12/2005,5.14,5.2,5.02,5.11,5.11,276900
28/12/2005,5.09,5.25,5.09,5.22,5.22,204900
29/12/2005,5.22,5.24,5.15,5.18,5.18,195600
30/12/2005,5.18,5.18,5.1,5.11,5.11,154200
03/01/2006,5.15,5.31,4.93,5.22,5.22,789000
04/01/2006,5.22,5.25,5.17,5.19,5.19,483900
05/01/2006,5.19,5.24,5.12,5.22,5.22,606300
06/01/2006,5.31,5.41,5.29,5.38,5.38,826200
09/01/2006,5.39,5.87,5.38,5.71,5.71,2173500
10/01/2006,5.5,5.95,5.5,5.77,5.77,1091100
11/01/2006,5.77,5.78,5.61,5.72,5.72,417600
12/01/2006,5.67,5.75,5.62,5.67,5.67,954600
13/01/2006,5.67,5.83,5.67,5.82,5.82,669600
17/01/2006,5.82,5.82,5.63,5.68,5.68,642600
18/01/2006,5.67,5.74,5.6,5.67,5.67,357600
19/01/2006,5.69,5.79,5.62,5.77,5.77,940200
20/01/2006,5.82,5.83,5.66,5.7,5.7,501000
23/01/2006,5.73,5.83,5.73,5.83,5.83,742500
24/01/2006,5.83,6.18,5.81,6.13,6.13,2517000
25/01/2006,6.2,6.38,6.17,6.23,6.23,1092600
26/01/2006,6.26,6.36,6.19,6.35,6.35,789300
27/01/2006,6.33,6.44,6.28,6.35,6.35,758100
30/01/2006,6.34,6.39,6.22,6.26,6.26,783600
31/01/2006,6.26,6.48,6.24,6.45,6.45,1205700
01/02/2006,6.47,6.58,6.41,6.5,6.5,1116600
02/02/2006,6.48,6.49,6.21,6.27,6.27,717600
03/02/2006,6.2,6.36,6.17,6.34,6.34,793500
06/02/2006,6.35,6.38,6.26,6.31,6.31,706500
07/02/2006,6.28,6.33,6.22,6.24,6.24,765600
08/02/2006,6.28,6.29,6.16,6.17,6.17,514200
09/02/2006,6.2,6.21,6.1,6.12,6.12,1046400
10/02/2006,6.66,6.67,6.16,6.27,6.27,2774700
13/02/2006,6.25,6.57,6.25,6.52,6.52,1564200
14/02/2006,6.55,6.82,6.47,6.69,6.69,1949100
15/02/2006,6.68,6.79,6.65,6.67,6.67,952500
16/02/2006,6.67,6.73,6.62,6.73,6.73,1291800
17/02/2006,6.42,6.76,6.42,6.76,6.76,1056300
21/02/2006,6.76,6.79,6.55,6.62,6.62,864300
22/02/2006,6.64,6.68,6.57,6.67,6.67,682500
23/02/2006,6.79,7.31,6.79,7.21,7.21,3230400
24/02/2006,7.17,7.18,6.9,7.15,7.15,1095600
27/02/2006,7.15,7.33,6.93,7.14,7.14,1418400
28/02/2006,7.08,7.1,6.94,7.07,7.07,1489500
01/03/2006,7.08,7.11,6.95,6.96,6.96,689700
02/03/2006,6.94,6.94,6.78,6.9,6.9,1153200
03/03/2006,6.93,6.94,6.8,6.86,6.86,1152000
06/03/2006,6.86,6.96,6.8,6.85,6.85,1131600
07/03/2006,6.83,6.89,6.69,6.86,6.86,853200
08/03/2006,6.83,6.84,6.75,6.78,6.78,939300
09/03/2006,6.77,6.93,6.76,6.9,6.9,841500
10/03/2006,6.9,6.93,6.82,6.89,6.89,625500
13/03/2006,6.92,7.09,6.91,6.98,6.98,1106700
14/03/2006,6.98,7.14,6.74,7.14,7.14,1182600
15/03/2006,7.07,7.28,7.07,7.26,7.26,543600
16/03/2006,7.25,7.38,7.22,7.26,7.26,591900
17/03/2006,7.34,7.38,7.22,7.36,7.36,963600
20/03/2006,7.36,7.45,7.31,7.41,7.41,404400
21/03/2006,7.37,7.45,7.16,7.18,7.18,693000
22/03/2006,7.15,7.33,7.07,7.33,7.33,471600
23/03/2006,7.34,7.34,7.12,7.2,7.2,643200
24/03/2006,7.2,7.5,7.15,7.47,7.47,1702800
27/03/2006,7.66,7.7,7.48,7.66,7.66,2226000
28/03/2006,7.88,7.98,7.8,7.87,7.87,2142300
29/03/2006,7.97,8.15,7.95,8.08,8.08,2040000
30/03/2006,8.13,8.25,8.03,8.23,8.23,1578000
31/03/2006,8.33,8.35,8.23,8.31,8.31,1298100
03/04/2006,8.39,8.49,8.09,8.14,8.14,1290600
04/04/2006,8.25,8.29,8.0,8.04,8.04,1260600
05/04/2006,8.12,8.16,8.0,8.1,8.1,758100
06/04/2006,8.17,8.18,7.95,8.02,8.02,913200
07/04/2006,8.08,8.12,7.93,7.95,7.95,470100
10/04/2006,7.97,8.02,7.83,7.86,7.86,829800
11/04/2006,7.87,7.89,7.6,7.61,7.61,1061100
12/04/2006,7.87,8.3,7.87,8.23,8.23,1936200
13/04/2006,8.18,8.32,8.1,8.19,8.19,911100
17/04/2006,8.27,8.43,8.2,8.33,8.33,1186500
18/04/2006,8.35,8.38,8.26,8.34,8.34,944400
19/04/2006,8.38,8.43,8.28,8.31,8.31,744000
20/04/2006,8.41,8.67,8.41,8.58,8.58,3057300
21/04/2006,8.53,8.68,8.27,8.63,8.63,7919400
24/04/2006,8.63,8.65,8.52,8.62,8.62,816600
25/04/2006,8.65,8.7,8.54,8.68,8.68,1354200
26/04/2006,8.72,8.74,8.64,8.66,8.66,1220100
27/04/2006,9.3,9.37,8.84,9.29,9.29,4893600
28/04/2006,9.23,9.29,9.09,9.12,9.12,1738500
01/05/2006,9.12,9.45,9.01,9.03,9.03,2975700
02/05/2006,9.06,9.16,8.98,9.13,9.13,1430400
03/05/2006,9.17,9.22,8.95,9.04,9.04,1145100
04/05/2006,9.05,9.12,8.91,8.98,8.98,1063500
05/05/2006,9.0,9.03,8.92,8.97,8.97,1134000
08/05/2006,8.97,9.02,8.82,8.83,8.83,819000
09/05/2006,8.83,8.84,8.67,8.78,8.78,1171200
10/05/2006,8.97,9.0,8.82,8.88,8.88,1459500
11/05/2006,8.88,8.92,8.57,8.57,8.57,1503000
12/05/2006,8.58,8.58,8.2,8.36,8.36,1386900
15/05/2006,8.18,8.45,8.18,8.41,8.41,1325400
16/05/2006,8.41,8.52,8.3,8.47,8.47,1473600
17/05/2006,8.38,8.55,8.33,8.5,8.5,1697100
18/05/2006,8.54,8.79,8.54,8.67,8.67,1514400
19/05/2006,8.62,8.75,8.38,8.67,8.67,1492500
22/05/2006,8.7,8.74,8.39,8.63,8.63,1482000
23/05/2006,8.79,9.27,8.79,8.89,8.89,2412300
24/05/2006,8.92,8.92,8.6,8.71,8.71,1952700
25/05/2006,8.78,9.03,8.77,9.0,9.0,1929000
26/05/2006,9.12,9.16,8.87,8.91,8.91,727500
30/05/2006,8.93,8.93,8.6,8.64,8.64,1065300
31/05/2006,8.77,9.0,8.64,8.95,8.95,1857000
01/06/2006,9.13,9.23,8.99,9.04,9.04,2620800
02/06/2006,9.17,9.32,8.95,9.0,9.0,2073000
05/06/2006,9.01,9.05,8.73,8.73,8.73,1453800
06/06/2006,8.74,8.83,8.4,8.52,8.52,1485000
07/06/2006,8.52,8.72,8.4,8.62,8.62,1054800
08/06/2006,8.52,8.57,7.9,8.33,8.33,2189700
09/06/2006,8.36,8.52,8.33,8.34,8.34,534600
12/06/2006,8.36,8.36,7.96,7.97,7.97,1183500
13/06/2006,7.81,7.82,7.48,7.55,7.55,2198700
14/06/2006,7.5,7.65,7.43,7.6,7.6,1242300
15/06/2006,7.63,8.19,7.62,8.1,8.1,1415400
16/06/2006,8.11,8.12,7.88,7.97,7.97,1537800
19/06/2006,7.93,8.29,7.48,7.6,7.6,1710600
20/06/2006,7.61,7.66,7.28,7.33,7.33,1217100
21/06/2006,7.08,7.42,7.06,7.35,7.35,2018100
22/06/2006,7.35,7.38,7.22,7.36,7.36,952500
23/06/2006,7.29,7.63,7.27,7.53,7.53,1313100
26/06/2006,7.56,7.85,7.55,7.83,7.83,1697700
27/06/2006,7.84,7.86,7.64,7.69,7.69,1427700
28/06/2006,7.69,7.8,7.66,7.76,7.76,1233300
29/06/2006,7.83,7.95,7.65,7.92,7.92,1493100
30/06/2006,7.98,8.05,7.69,8.04,8.04,3767700
03/07/2006,8.16,8.31,8.12,8.14,8.14,901200
05/07/2006,8.14,8.17,8.01,8.15,8.15,1139100
06/07/2006,8.67,8.67,8.14,8.21,8.21,1226100
07/07/2006,8.3,8.53,8.24,8.37,8.37,2142000
10/07/2006,8.37,8.44,8.29,8.33,8.33,1508100
11/07/2006,8.33,8.51,8.15,8.49,8.49,1096500
12/07/2006,8.49,8.54,8.37,8.41,8.41,1696800
13/07/2006,8.41,8.46,8.13,8.18,8.18,1202400
14/07/2006,8.15,8.15,7.9,7.91,7.91,881400
17/07/2006,7.91,8.03,7.89,7.97,7.97,966000
18/07/2006,7.97,8.07,7.67,7.88,7.88,1148700
19/07/2006,7.85,8.17,7.73,8.09,8.09,1681200
20/07/2006,8.16,8.27,7.83,7.87,7.87,1415400
21/07/2006,7.86,7.86,7.67,7.82,7.82,1425900
24/07/2006,7.85,8.11,7.85,8.0,8.0,943800
25/07/2006,8.0,8.19,7.93,8.14,8.14,1314300
26/07/2006,8.14,8.22,7.96,8.17,8.17,1354500
27/07/2006,8.0,8.0,6.57,6.98,6.98,9789300
28/07/2006,7.03,7.29,6.99,7.21,7.21,2378400
31/07/2006,7.18,7.32,7.18,7.27,7.27,2126700
01/08/2006,7.35,7.57,7.3,7.57,7.57,3045300
02/08/2006,7.64,7.75,7.5,7.73,7.73,2236200
03/08/2006,6.63,8.1,6.63,8.09,8.09,3556500
04/08/2006,8.1,8.16,7.79,7.87,7.87,1824000
07/08/2006,7.87,7.92,7.75,7.87,7.87,1039200
08/08/2006,7.87,7.87,7.65,7.68,7.68,1233900
09/08/2006,7.69,7.74,7.42,7.48,7.48,1362600
10/08/2006,7.48,7.62,7.42,7.55,7.55,1052400
11/08/2006,7.55,7.57,7.38,7.44,7.44,735300
14/08/2006,7.47,7.52,7.28,7.33,7.33,908100
15/08/2006,7.35,7.5,7.34,7.49,7.49,995400
16/08/2006,7.52,7.58,7.48,7.55,7.55,675900
17/08/2006,7.55,7.6,7.48,7.52,7.52,489600
18/08/2006,7.55,7.55,7.41,7.46,7.46,669600
21/08/2006,7.46,7.55,7.43,7.51,7.51,711600
22/08/2006,7.51,7.63,7.5,7.59,7.59,704700
23/08/2006,7.58,7.62,7.42,7.53,7.53,995700
24/08/2006,7.6,7.61,7.27,7.34,7.34,2222400
25/08/2006,7.34,7.49,7.33,7.48,7.48,916500
28/08/2006,7.47,7.69,7.47,7.67,7.67,955500
29/08/2006,7.72,7.79,7.56,7.7,7.7,741300
30/08/2006,7.69,7.82,7.62,7.68,7.68,636300
31/08/2006,7.71,7.73,7.5,7.55,7.55,647700
01/09/2006,7.55,7.62,7.45,7.57,7.57,734100
05/09/2006,7.55,7.78,7.5,7.78,7.78,721500
06/09/2006,7.75,7.88,7.72,7.76,7.76,853200
07/09/2006,7.68,7.85,7.63,7.75,7.75,522300
08/09/2006,7.74,7.82,7.65,7.75,7.75,1179600
11/09/2006,7.74,7.86,7.7,7.76,7.76,547800
12/09/2006,7.75,8.11,7.75,8.06,8.06,532200
13/09/2006,8.03,8.25,8.03,8.16,8.16,981600
14/09/2006,8.13,8.14,7.9,7.94,7.94,738600
15/09/2006,7.97,8.07,7.88,7.89,7.89,864600
18/09/2006,7.9,7.99,7.84,7.94,7.94,677400
19/09/2006,7.9,7.94,7.78,7.89,7.89,626100
20/09/2006,7.91,7.94,7.82,7.94,7.94,849900
21/09/2006,7.94,7.98,7.81,7.88,7.88,501600
22/09/2006,7.88,7.88,7.7,7.82,7.82,461400
25/09/2006,7.82,7.99,7.79,7.98,7.98,681300
26/09/2006,7.94,8.09,7.82,7.97,7.97,903600
27/09/2006,7.92,8.02,7.89,7.94,7.94,772200
28/09/2006,7.93,8.0,7.78,7.85,7.85,1145700
29/09/2006,7.83,8.03,7.83,7.84,7.84,858000
02/10/2006,7.85,8.03,7.85,7.94,7.94,686400
03/10/2006,7.9,8.12,7.84,8.1,8.1,1206600
04/10/2006,8.11,8.59,8.11,8.58,8.58,1786500
05/10/2006,8.58,8.58,8.36,8.53,8.53,989400
06/10/2006,8.56,8.7,8.47,8.69,8.69,1029600
09/10/2006,8.69,8.98,8.65,8.87,8.87,1427100
10/10/2006,8.92,8.93,8.74,8.77,8.77,930000
11/10/2006,8.79,8.85,8.57,8.63,8.63,789600
12/10/2006,8.65,8.79,8.6,8.66,8.66,913500
13/10/2006,8.63,8.97,8.63,8.91,8.91,1476600
16/10/2006,8.91,9.0,8.82,8.96,8.96,576000
17/10/2006,8.94,8.95,8.83,8.86,8.86,927600
18/10/2006,8.88,9.0,8.67,8.92,8.92,1241700
19/10/2006,8.92,9.08,8.89,9.07,9.07,838500
20/10/2006,9.08,9.08,8.91,8.97,8.97,666600
23/10/2006,8.97,9.16,8.92,9.08,9.08,2115000
24/10/2006,9.08,9.08,8.82,8.9,8.9,1388400
25/10/2006,8.87,9.04,8.75,9.02,9.02,897600
26/10/2006,10.0,10.47,10.0,10.15,10.15,12195600
27/10/2006,10.08,10.19,9.88,9.91,9.91,2697900
30/10/2006,9.91,10.0,9.88,9.9,9.9,2823600
31/10/2006,9.95,10.04,9.92,9.96,9.96,2381400
01/11/2006,9.93,9.98,9.55,9.6,9.6,2143200
02/11/2006,9.6,9.77,9.57,9.65,9.65,1076700
03/11/2006,9.66,9.73,9.5,9.56,9.56,871500
06/11/2006,9.65,9.69,9.57,9.58,9.58,1596900
07/11/2006,9.6,9.68,9.53,9.59,9.59,1413600
08/11/2006,9.59,9.81,9.59,9.71,9.71,2131800
09/11/2006,9.73,9.75,9.49,9.53,9.53,788700
10/11/2006,9.53,9.69,9.53,9.68,9.68,688500
13/11/2006,9.58,9.76,9.55,9.59,9.59,773400
14/11/2006,9.58,9.66,9.53,9.55,9.55,1248900
15/11/2006,9.55,9.83,9.55,9.64,9.64,1369200
16/11/2006,9.67,9.82,9.63,9.78,9.78,2177100
17/11/2006,9.77,9.79,9.54,9.68,9.68,717300
20/11/2006,9.71,9.71,9.52,9.61,9.61,889500
21/11/2006,9.66,9.83,9.56,9.8,9.8,723000
22/11/2006,9.83,9.91,9.72,9.83,9.83,762600
24/11/2006,9.79,9.86,9.69,9.73,9.73,236100
27/11/2006,9.78,9.79,9.33,9.34,9.34,1182600
28/11/2006,9.35,9.45,9.25,9.43,9.43,808800
29/11/2006,9.48,9.58,9.34,9.44,9.44,1059000
30/11/2006,9.44,9.88,9.4,9.83,9.83,1508100
01/12/2006,9.83,9.98,9.61,9.77,9.77,1506900
04/12/2006,9.85,10.42,9.79,10.41,10.41,3859200
05/12/2006,10.43,10.78,10.42,10.76,10.76,2222100
06/12/2006,10.7,10.92,10.62,10.88,10.88,1619700
07/12/2006,10.88,10.88,10.6,10.6,10.6,1483500
08/12/2006,10.54,10.57,10.37,10.38,10.38,1244100
11/12/2006,10.41,10.44,10.26,10.33,10.33,994500
12/12/2006,10.33,10.43,10.26,10.4,10.4,1313100
13/12/2006,10.43,10.53,10.32,10.41,10.41,1160400
14/12/2006,10.41,10.58,10.28,10.39,10.39,1791300
15/12/2006,10.41,10.58,10.39,10.5,10.5,1995000
18/12/2006,10.5,10.62,10.48,10.59,10.59,1362300
19/12/2006,10.56,10.65,10.0,10.56,10.56,1523100
20/12/2006,10.53,10.84,10.52,10.84,10.84,889800
21/12/2006,10.84,10.89,10.66,10.76,10.76,929100
22/12/2006,10.74,10.83,10.66,10.8,10.8,615000
26/12/2006,10.77,10.88,10.65,10.73,10.73,779700
27/12/2006,10.78,11.06,10.7,11.05,11.05,927300
28/12/2006,11.05,11.19,11.01,11.12,11.12,1188300
29/12/2006,11.1,11.18,11.07,11.1,11.1,1053300
03/01/2007,11.19,11.33,11.02,11.22,11.22,1822800
04/01/2007,11.11,11.13,10.91,11.01,11.01,1356900
05/01/2007,11.01,11.06,10.8,10.84,10.84,1628400
08/01/2007,11.4,11.51,11.0,11.51,11.51,4176600
09/01/2007,11.65,11.94,11.55,11.81,11.81,2486100
10/01/2007,11.61,11.79,11.47,11.71,11.71,1533900
11/01/2007,11.78,12.1,11.7,11.8,11.8,1746600
12/01/2007,11.8,11.83,11.55,11.63,11.63,1146300
16/01/2007,11.63,11.79,11.58,11.76,11.76,2204700
17/01/2007,11.7,11.9,11.44,11.48,11.48,1149300
18/01/2007,11.51,11.56,11.32,11.38,11.38,1134600
19/01/2007,11.41,11.51,11.27,11.49,11.49,583800
22/01/2007,11.49,11.52,11.23,11.28,11.28,518700
23/01/2007,11.24,11.47,11.22,11.44,11.44,493200
24/01/2007,11.45,11.69,11.45,11.69,11.69,1131600
25/01/2007,11.7,11.71,11.2,11.3,11.3,828000
26/01/2007,11.34,11.54,11.31,11.5,11.5,721500
29/01/2007,11.49,11.75,11.39,11.67,11.67,1544700
30/01/2007,11.7,11.71,11.49,11.55,11.55,1146000
31/01/2007,11.49,11.86,11.43,11.81,11.81,1141200
01/02/2007,11.91,11.96,11.67,11.85,11.85,835200
02/02/2007,11.98,12.06,11.87,12.04,12.04,827700
05/02/2007,12.04,12.27,11.78,11.79,11.79,2049300
06/02/2007,11.78,11.9,11.66,11.77,11.77,1694400
07/02/2007,11.85,11.91,11.7,11.83,11.83,1619100
08/02/2007,11.83,11.86,11.7,11.83,11.83,1005000
09/02/2007,11.86,11.92,11.47,11.58,11.58,1231800
12/02/2007,11.54,11.55,11.19,11.34,11.34,1317600
13/02/2007,11.38,11.51,11.35,11.5,11.5,489600
14/02/2007,11.53,11.79,11.43,11.79,11.79,915900
15/02/2007,11.83,11.87,11.72,11.73,11.73,967200
16/02/2007,11.74,11.94,11.58,11.93,11.93,949800
20/02/2007,11.95,11.97,11.73,11.83,11.83,1103700
21/02/2007,11.83,12.15,11.8,12.14,12.14,2081700
22/02/2007,12.53,12.68,12.23,12.5,12.5,4034400
23/02/2007,12.5,12.53,12.28,12.35,12.35,2151300
26/02/2007,12.4,12.44,12.26,12.3,12.3,1443000
27/02/2007,12.0,12.1,11.38,11.74,11.74,2015700
28/02/2007,11.7,11.8,11.38,11.64,11.64,1402500
01/03/2007,11.36,11.67,10.92,11.6,11.6,1783500
02/03/2007,11.6,11.63,11.29,11.3,11.3,1294500
05/03/2007,11.08,11.15,10.86,10.87,10.87,1496400
06/03/2007,11.0,11.18,10.97,11.14,11.14,982800
07/03/2007,11.15,11.25,11.06,11.1,11.1,732300
08/03/2007,11.25,11.34,11.14,11.24,11.24,1067400
09/03/2007,11.31,11.35,11.13,11.2,11.2,584400
12/03/2007,10.97,11.06,10.85,11.03,11.03,1823700
13/03/2007,10.97,11.02,10.65,10.66,10.66,1065600
14/03/2007,10.65,11.16,10.65,11.1,11.1,1273800
15/03/2007,11.1,11.36,11.1,11.26,11.26,772800
16/03/2007,11.28,11.43,11.23,11.4,11.4,876600
19/03/2007,11.45,11.49,11.28,11.33,11.33,978600
20/03/2007,11.4,11.69,11.28,11.67,11.67,1496100
21/03/2007,11.72,11.94,11.54,11.69,11.69,1198800
22/03/2007,11.77,11.8,11.65,11.79,11.79,1865100
23/03/2007,11.78,11.84,11.65,11.84,11.84,824700
26/03/2007,11.84,11.85,11.49,11.58,11.58,1267800
27/03/2007,11.58,11.6,11.35,11.43,11.43,982200
28/03/2007,11.44,11.47,11.25,11.43,11.43,1191000
29/03/2007,11.48,11.48,11.11,11.28,11.28,839700
30/03/2007,11.28,11.41,11.1,11.19,11.19,1825500
02/04/2007,11.19,11.26,11.0,11.04,11.04,1297800
03/04/2007,11.1,11.64,11.07,11.62,11.62,1412100
04/04/2007,11.6,11.63,11.42,11.55,11.55,1064100
05/04/2007,11.51,11.57,11.42,11.56,11.56,854400
09/04/2007,11.56,11.77,11.55,11.75,11.75,1420500
10/04/2007,11.75,11.81,11.62,11.66,11.66,1004100
11/04/2007,11.66,11.68,11.57,11.62,11.62,504900
12/04/2007,11.6,11.82,11.48,11.82,11.82,779100
13/04/2007,11.8,11.81,11.64,11.68,11.68,386400
16/04/2007,11.7,11.77,11.6,11.74,11.74,1282500
17/04/2007,11.78,11.93,11.75,11.9,11.9,822300
18/04/2007,11.84,11.86,11.63,11.69,11.69,714300
19/04/2007,11.67,11.93,11.59,11.9,11.9,1025100
20/04/2007,12.1,12.29,12.01,12.21,12.21,1474500
23/04/2007,12.22,12.25,11.85,11.95,11.95,1572000
24/04/2007,11.96,11.96,11.56,11.75,11.75,1990800
25/04/2007,11.77,11.93,11.64,11.92,11.92,2397600
26/04/2007,11.33,11.33,10.72,11.18,11.18,10631100
27/04/2007,11.12,11.12,10.93,10.98,10.98,2918400
30/04/2007,10.98,10.99,10.45,10.47,10.47,4357800
01/05/2007,10.63,10.63,10.25,10.51,10.51,2432700
02/05/2007,10.56,10.96,10.52,10.71,10.71,1606800
03/05/2007,10.76,10.84,10.6,10.66,10.66,1589700
04/05/2007,10.68,10.76,10.61,10.7,10.7,1408200
07/05/2007,10.66,10.7,10.53,10.6,10.6,1165200
08/05/2007,10.55,10.57,10.36,10.5,10.5,1949100
09/05/2007,10.5,10.71,10.43,10.61,10.61,1293600
10/05/2007,10.61,10.62,10.36,10.4,10.4,1272300
11/05/2007,10.27,10.5,10.17,10.37,10.37,2225700
14/05/2007,10.33,10.49,10.28,10.39,10.39,808500
15/05/2007,10.37,10.46,10.14,10.16,10.16,1206600
16/05/2007,10.15,10.2,9.94,10.02,10.02,2394600
17/05/2007,9.95,10.19,9.91,9.97,9.97,2312100
18/05/2007,9.97,10.39,9.96,10.38,10.38,1593900
21/05/2007,11.0,11.53,10.89,11.37,11.37,9738600
22/05/2007,11.37,11.37,11.01,11.12,11.12,2186100
23/05/2007,11.21,11.23,10.91,10.95,10.95,2526600
24/05/2007,11.0,11.16,10.63,10.67,10.67,2320800
25/05/2007,10.75,10.9,10.67,10.72,10.72,2087700
29/05/2007,10.78,10.79,10.47,10.5,10.5,2263500
30/05/2007,10.5,10.71,10.4,10.69,10.69,1571400
31/05/2007,10.75,10.8,10.58,10.7,10.7,1860900
01/06/2007,10.77,10.87,10.69,10.78,10.78,1488600
04/06/2007,10.8,11.16,10.78,11.13,11.13,3634800
05/06/2007,11.12,11.12,10.83,10.88,10.88,2047200
06/06/2007,10.83,10.83,10.55,10.66,10.66,2339100
07/06/2007,10.57,10.57,10.17,10.17,10.17,1953300
08/06/2007,10.3,10.39,10.21,10.36,10.36,1642500
11/06/2007,10.35,10.39,10.13,10.32,10.32,1220700
12/06/2007,10.21,10.26,9.92,10.01,10.01,1504500
13/06/2007,10.04,10.13,9.83,9.98,9.98,1771200
14/06/2007,10.0,10.13,9.96,10.05,10.05,915600
15/06/2007,10.13,10.13,9.95,10.02,10.02,2175600
18/06/2007,10.1,10.2,9.86,10.01,10.01,2121300
19/06/2007,10.05,10.3,9.91,10.29,10.29,1608600
20/06/2007,10.3,10.32,10.21,10.3,10.3,1747200
21/06/2007,10.27,10.44,10.19,10.36,10.36,1930200
22/06/2007,10.3,10.33,10.21,10.21,10.21,2453400
25/06/2007,10.21,10.24,9.78,9.89,9.89,2034000
26/06/2007,9.83,9.92,9.47,9.51,9.51,2306700
27/06/2007,9.51,9.87,9.51,9.78,9.78,2185200
28/06/2007,9.82,9.94,9.73,9.79,9.79,840900
29/06/2007,9.79,9.92,9.67,9.73,9.73,1756800
02/07/2007,9.82,9.93,9.76,9.9,9.9,1324800
03/07/2007,9.89,9.91,9.75,9.83,9.83,603300
05/07/2007,9.76,9.81,9.67,9.8,9.8,1039500
06/07/2007,9.78,9.96,9.78,9.91,9.91,861900
09/07/2007,9.93,9.96,9.73,9.75,9.75,778500
10/07/2007,9.72,9.78,9.42,9.42,9.42,1305000
11/07/2007,9.4,9.4,9.18,9.22,9.22,2444100
12/07/2007,9.02,9.34,8.58,9.18,9.18,3832800
13/07/2007,9.05,9.14,8.96,9.05,9.05,2438100
16/07/2007,8.92,9.08,8.85,9.04,9.04,2567400
17/07/2007,9.32,9.83,9.25,9.77,9.77,4560000
18/07/2007,9.67,9.73,9.24,9.57,9.57,5513700
19/07/2007,9.65,9.9,9.65,9.75,9.75,2621400
20/07/2007,9.75,9.93,9.6,9.87,9.87,3456900
23/07/2007,9.93,10.15,9.9,9.96,9.96,3429600
24/07/2007,9.83,9.83,9.39,9.44,9.44,4099500
25/07/2007,7.66,7.72,7.25,7.42,7.42,16934400
26/07/2007,7.24,7.36,6.88,7.1,7.1,5480100
27/07/2007,7.1,7.14,6.85,7.08,7.08,3438900
30/07/2007,7.11,7.19,6.97,7.1,7.1,2613600
31/07/2007,7.22,7.29,6.9,6.93,6.93,2171400
01/08/2007,6.87,6.93,6.65,6.67,6.67,4521000
02/08/2007,6.63,6.74,6.53,6.72,6.72,3543900
03/08/2007,7.0,7.11,6.79,6.85,6.85,5042100
06/08/2007,7.0,7.08,6.44,6.75,6.75,3351300
07/08/2007,6.72,6.8,6.54,6.61,6.61,3861900
08/08/2007,6.65,6.7,6.53,6.65,6.65,4684200
09/08/2007,6.65,7.55,6.61,7.5,7.5,6775800
10/08/2007,7.31,7.37,6.67,6.77,6.77,4674300
13/08/2007,6.94,7.03,6.6,6.62,6.62,4116900
14/08/2007,6.6,6.69,6.17,6.38,6.38,4853400
15/08/2007,6.37,6.44,6.04,6.1,6.1,3076200
16/08/2007,6.01,6.25,5.79,6.19,6.19,3324600
17/08/2007,6.58,7.5,6.2,6.4,6.4,3064200
20/08/2007,6.45,6.74,6.43,6.65,6.65,2014800
21/08/2007,6.6,6.65,6.44,6.59,6.59,1864500
22/08/2007,6.67,6.72,6.59,6.64,6.64,1065300
23/08/2007,6.69,6.71,6.57,6.62,6.62,1934700
24/08/2007,6.63,6.73,6.59,6.7,6.7,2832000
27/08/2007,6.7,6.7,6.6,6.64,6.64,1188600
28/08/2007,6.6,6.7,6.39,6.39,6.39,4362300
29/08/2007,6.45,6.57,6.43,6.54,6.54,3144900
30/08/2007,6.5,6.66,6.46,6.5,6.5,2257500
31/08/2007,6.58,6.67,6.53,6.61,6.61,1986600
04/09/2007,6.65,6.65,6.54,6.6,6.6,2670900
05/09/2007,6.57,6.57,6.46,6.48,6.48,1692900
06/09/2007,6.49,6.54,6.4,6.44,6.44,1467900
07/09/2007,6.32,6.33,6.15,6.19,6.19,1683000
10/09/2007,6.21,6.3,6.01,6.17,6.17,2071500
11/09/2007,6.22,6.43,6.14,6.38,6.38,1799400
12/09/2007,6.6,7.06,6.6,6.94,6.94,4139100
13/09/2007,7.0,7.08,6.71,7.01,7.01,3147900
14/09/2007,7.02,7.02,6.78,6.95,6.95,1640400
17/09/2007,6.92,6.98,6.83,6.9,6.9,1648500
18/09/2007,6.97,7.52,6.96,7.48,7.48,3864300
19/09/2007,7.54,7.67,7.41,7.48,7.48,2602500
20/09/2007,7.5,7.66,7.35,7.57,7.57,2519700
21/09/2007,7.63,7.63,7.36,7.38,7.38,2107500
24/09/2007,7.5,7.5,7.2,7.29,7.29,2474100
25/09/2007,7.29,7.29,6.91,7.08,7.08,3166500
26/09/2007,7.15,7.23,6.73,6.78,6.78,3055200
27/09/2007,6.78,7.13,6.76,7.08,7.08,1999200
28/09/2007,7.11,7.38,7.05,7.37,7.37,3409200
01/10/2007,7.33,7.6,7.27,7.6,7.6,1708800
02/10/2007,7.71,7.91,7.63,7.86,7.86,5940900
03/10/2007,7.85,8.0,7.76,7.93,7.93,1979100
04/10/2007,7.92,7.96,7.59,7.75,7.75,1278300
05/10/2007,8.08,8.1,7.7,8.03,8.03,1977300
08/10/2007,8.01,8.01,7.56,7.6,7.6,4825200
09/10/2007,7.62,7.62,7.05,7.19,7.19,6140100
10/10/2007,7.21,7.29,6.99,6.99,6.99,3225900
11/10/2007,7.03,7.16,6.85,7.02,7.02,4339800
12/10/2007,7.08,7.1,6.9,6.95,6.95,1165500
15/10/2007,6.92,7.02,6.82,6.94,6.94,1481700
16/10/2007,6.91,6.94,6.74,6.84,6.84,2751600
17/10/2007,6.92,7.13,6.83,6.93,6.93,2513700
18/10/2007,6.86,7.09,6.64,7.06,7.06,2404500
19/10/2007,7.04,7.09,6.95,6.98,6.98,2020800
22/10/2007,6.98,7.24,6.87,7.17,7.17,1716300
23/10/2007,7.14,7.18,7.01,7.18,7.18,2228100
24/10/2007,7.16,7.38,6.95,7.31,7.31,3870600
25/10/2007,7.89,8.24,7.89,8.02,8.02,7810200
26/10/2007,8.12,8.22,7.98,8.09,8.09,3489300
29/10/2007,8.37,8.52,8.29,8.33,8.33,6354600
30/10/2007,8.37,8.38,8.17,8.2,8.2,2657700
31/10/2007,8.25,8.42,8.13,8.2,8.2,2528400
01/11/2007,8.1,8.14,7.72,7.75,7.75,3242700
02/11/2007,7.87,7.88,7.51,7.7,7.7,2967600
05/11/2007,7.56,7.67,7.41,7.52,7.52,1718400
06/11/2007,7.46,7.63,7.34,7.54,7.54,1781100
07/11/2007,7.37,7.72,7.31,7.36,7.36,2220000
08/11/2007,7.34,7.36,6.89,7.12,7.12,3141600
09/11/2007,7.01,7.06,6.82,6.83,6.83,2641200
12/11/2007,6.75,7.42,6.75,7.21,7.21,2393700
13/11/2007,7.15,7.47,7.11,7.44,7.44,1817700
14/11/2007,7.48,7.65,7.25,7.27,7.27,1126200
15/11/2007,7.18,7.23,6.91,6.99,6.99,1224000
16/11/2007,7.02,7.02,6.69,6.9,6.9,1813800
19/11/2007,6.84,6.97,6.71,6.74,6.74,1380000
20/11/2007,6.72,6.93,6.57,6.79,6.79,1132500
21/11/2007,6.76,6.79,6.59,6.66,6.66,1379700
23/11/2007,6.7,7.02,6.7,6.98,6.98,624900
26/11/2007,7.15,7.3,7.02,7.09,7.09,2385600
27/11/2007,7.0,7.3,7.0,7.19,7.19,1972200
28/11/2007,7.19,7.64,7.19,7.64,7.64,2128200
29/11/2007,7.63,7.73,7.5,7.7,7.7,1446300
30/11/2007,7.75,7.89,7.46,7.55,7.55,2019300
03/12/2007,7.42,7.88,7.42,7.72,7.72,1868700
04/12/2007,7.66,7.67,7.27,7.51,7.51,1883100
05/12/2007,7.5,7.64,7.37,7.44,7.44,1889100
06/12/2007,7.44,7.56,7.42,7.51,7.51,1621200
07/12/2007,7.53,7.62,7.42,7.49,7.49,938100
10/12/2007,7.52,7.61,7.28,7.32,7.32,1660500
11/12/2007,7.26,7.44,7.01,7.02,7.02,2043300
12/12/2007,7.21,7.34,6.86,7.02,7.02,1734600
13/12/2007,6.97,6.97,6.77,6.85,6.85,1050600
14/12/2007,6.84,6.87,6.62,6.63,6.63,867900
17/12/2007,6.57,6.62,6.37,6.38,6.38,1552500
18/12/2007,6.45,6.49,6.27,6.35,6.35,1693200
19/12/2007,6.32,6.54,6.31,6.51,6.51,946200
20/12/2007,6.56,6.59,6.33,6.57,6.57,766500
21/12/2007,6.61,6.79,6.6,6.73,6.73,1536000
24/12/2007,6.73,6.82,6.68,6.73,6.73,258600
26/12/2007,6.67,6.83,6.4,6.74,6.74,3017700
27/12/2007,6.71,6.71,6.34,6.49,6.49,1293900
28/12/2007,6.52,6.58,6.4,6.4,6.4,737400
31/12/2007,6.36,6.51,6.25,6.5,6.5,1116600
02/01/2008,6.51,6.58,6.19,6.28,6.28,1226400
03/01/2008,6.33,6.39,6.03,6.06,6.06,923400
04/01/2008,6.01,6.03,5.71,5.72,5.72,1371300
07/01/2008,5.74,5.97,5.74,5.96,5.96,1794600
08/01/2008,6.0,6.12,5.85,5.87,5.87,1146000
09/01/2008,5.83,5.89,5.58,5.87,5.87,2436000
10/01/2008,5.78,5.92,5.65,5.85,5.85,1301100
11/01/2008,5.8,5.8,5.48,5.6,5.6,1578000
14/01/2008,5.62,5.83,5.61,5.8,5.8,1261500
15/01/2008,5.73,5.74,5.39,5.49,5.49,1286100
16/01/2008,5.46,5.69,5.36,5.63,5.63,3345600
17/01/2008,5.65,5.85,5.6,5.62,5.62,3181800
18/01/2008,5.68,5.75,5.59,5.72,5.72,2833500
22/01/2008,5.45,6.15,5.35,5.94,5.94,2587500
23/01/2008,5.78,6.44,5.67,6.43,6.43,2610600
24/01/2008,6.47,6.55,6.18,6.36,6.36,1766700
25/01/2008,6.44,6.48,6.05,6.11,6.11,1079700
28/01/2008,6.1,6.38,6.09,6.35,6.35,1839300
29/01/2008,6.38,6.42,6.16,6.33,6.33,1591200
30/01/2008,6.27,6.48,6.24,6.31,6.31,1396500
31/01/2008,6.28,6.74,6.22,6.67,6.67,1996200
01/02/2008,6.72,6.9,6.62,6.9,6.9,1175400
04/02/2008,6.9,6.92,6.5,6.57,6.57,1100100
05/02/2008,6.45,6.59,6.39,6.44,6.44,1203600
06/02/2008,6.5,6.65,6.36,6.4,6.4,1282800
07/02/2008,6.32,6.73,6.25,6.7,6.7,1362600
08/02/2008,6.67,6.82,6.4,6.46,6.46,1410900
11/02/2008,6.44,6.92,6.33,6.81,6.81,2291100
12/02/2008,6.83,6.99,6.73,6.74,6.74,2133300
13/02/2008,6.83,7.12,6.78,7.09,7.09,2827200
14/02/2008,7.36,7.71,7.36,7.53,7.53,6555600
15/02/2008,7.47,7.71,7.47,7.69,7.69,3566400
19/02/2008,7.68,7.76,7.57,7.65,7.65,2014500
20/02/2008,7.57,7.74,7.53,7.74,7.74,1954200
21/02/2008,7.78,7.79,7.42,7.56,7.56,2816700
22/02/2008,7.53,7.66,7.15,7.41,7.41,2320500
25/02/2008,7.4,7.48,7.27,7.42,7.42,2189100
26/02/2008,7.37,7.6,7.37,7.55,7.55,1938900
27/02/2008,7.44,7.55,7.34,7.47,7.47,1004700
28/02/2008,7.41,7.49,7.23,7.37,7.37,1443000
29/02/2008,7.28,7.37,7.05,7.1,7.1,1106400
03/03/2008,7.07,7.17,6.95,7.09,7.09,1544400
04/03/2008,6.99,7.09,6.87,7.02,7.02,1200900
05/03/2008,7.0,7.27,6.99,7.04,7.04,1274400
06/03/2008,6.98,7.0,6.61,6.65,6.65,1838400
07/03/2008,6.62,6.87,6.53,6.66,6.66,1139700
10/03/2008,6.65,6.65,6.27,6.28,6.28,1330200
11/03/2008,6.47,6.78,6.34,6.78,6.78,1676400
12/03/2008,6.72,7.1,6.72,6.99,6.99,1922700
13/03/2008,6.92,7.08,6.67,7.07,7.07,1201800
14/03/2008,7.11,7.14,6.72,6.79,6.79,1466700
17/03/2008,6.53,6.67,6.35,6.44,6.44,1629900
18/03/2008,6.58,6.67,6.42,6.64,6.64,1660800
19/03/2008,6.68,6.81,6.5,6.53,6.53,1000200
20/03/2008,6.67,7.0,6.63,6.92,6.92,2320200
24/03/2008,6.96,7.03,6.92,6.96,6.96,1616400
25/03/2008,6.98,7.07,6.86,6.92,6.92,1051800
26/03/2008,6.87,6.92,6.71,6.77,6.77,908100
27/03/2008,6.82,6.85,6.67,6.69,6.69,1316700
28/03/2008,6.62,6.69,6.45,6.45,6.45,1257600
31/03/2008,6.5,6.98,6.5,6.74,6.74,3812100
01/04/2008,6.86,7.22,6.83,7.06,7.06,2123700
02/04/2008,7.05,7.29,7.0,7.21,7.21,1659600
03/04/2008,7.12,7.23,6.93,7.0,7.0,2398800
04/04/2008,6.97,7.02,6.31,6.31,6.31,6758100
07/04/2008,6.37,6.43,5.83,5.88,5.88,5820900
08/04/2008,5.88,6.24,5.84,6.12,6.12,3669600
09/04/2008,6.18,6.18,5.97,5.97,5.97,2660700
10/04/2008,5.97,6.32,5.87,6.3,6.3,3463200
11/04/2008,6.18,6.26,6.02,6.07,6.07,1962900
14/04/2008,6.09,6.09,5.88,5.91,5.91,2214000
15/04/2008,5.92,5.92,5.71,5.76,5.76,1815900
16/04/2008,5.84,6.0,5.79,5.9,5.9,1714500
17/04/2008,5.86,5.98,5.86,5.93,5.93,1444200
18/04/2008,6.0,6.09,5.91,6.09,6.09,1538700
21/04/2008,6.03,6.1,5.97,6.03,6.03,1087800
22/04/2008,6.03,6.06,5.89,6.03,6.03,1587900
23/04/2008,6.02,6.06,5.91,6.01,6.01,1764600
24/04/2008,6.62,7.48,6.62,7.22,7.22,8439000
25/04/2008,7.27,7.55,7.13,7.48,7.48,3991800
28/04/2008,7.56,7.58,7.42,7.51,7.51,3816000
29/04/2008,7.55,7.82,7.47,7.75,7.75,3256200
30/04/2008,7.67,8.02,7.67,7.88,7.88,4212300
01/05/2008,7.81,8.32,7.81,8.16,8.16,2784000
02/05/2008,8.28,8.28,7.93,7.96,7.96,1632300
05/05/2008,8.02,8.02,7.8,7.84,7.84,1680000
06/05/2008,7.73,7.97,7.67,7.89,7.89,1675200
07/05/2008,7.97,7.99,7.62,7.66,7.66,1580400
08/05/2008,7.69,7.78,7.56,7.6,7.6,1436400
09/05/2008,7.53,7.6,7.46,7.54,7.54,1477800
12/05/2008,7.55,7.63,7.45,7.58,7.58,1860300
13/05/2008,7.63,7.69,7.41,7.55,7.55,2325300
14/05/2008,7.52,7.84,7.52,7.7,7.7,2415000
15/05/2008,7.66,7.77,7.5,7.75,7.75,1675800
16/05/2008,7.85,7.9,7.66,7.72,7.72,1250400
19/05/2008,7.67,7.73,7.62,7.65,7.65,1207800
20/05/2008,7.62,7.67,7.46,7.57,7.57,1769400
21/05/2008,7.61,7.72,7.38,7.51,7.51,1651500
22/05/2008,7.5,7.73,7.41,7.6,7.6,2138700
23/05/2008,7.49,7.53,7.33,7.48,7.48,1206300
27/05/2008,7.5,7.75,7.42,7.74,7.74,1314900
28/05/2008,7.77,8.03,7.76,7.95,7.95,1373100
29/05/2008,8.0,8.4,7.99,8.22,8.22,3000900
30/05/2008,8.27,8.29,7.83,8.02,8.02,2334600
02/06/2008,8.0,8.13,7.81,7.91,7.91,1285200
03/06/2008,7.94,8.02,7.79,7.9,7.9,826800
04/06/2008,7.87,8.01,7.47,7.54,7.54,4032000
05/06/2008,7.47,7.76,7.47,7.68,7.68,1697400
06/06/2008,7.59,7.6,7.37,7.42,7.42,1431900
09/06/2008,7.49,7.61,7.29,7.42,7.42,1773300
10/06/2008,7.12,7.2,6.95,7.01,7.01,4469700
11/06/2008,6.95,6.98,6.63,6.67,6.67,3087000
12/06/2008,6.74,6.9,6.47,6.53,6.53,1908600
13/06/2008,6.61,6.92,6.6,6.91,6.91,1816800
16/06/2008,6.87,7.1,6.78,7.01,7.01,1394400
17/06/2008,7.07,7.08,6.78,7.01,7.01,1441800
18/06/2008,6.96,6.98,6.66,6.79,6.79,1653000
19/06/2008,6.77,6.99,6.73,6.89,6.89,1697400
20/06/2008,6.8,6.87,6.63,6.81,6.81,1619400
23/06/2008,6.86,6.94,6.7,6.78,6.78,1390200
24/06/2008,6.72,7.12,6.6,6.92,6.92,2087100
25/06/2008,6.95,7.48,6.93,7.37,7.37,2677800
26/06/2008,7.22,7.29,6.79,6.84,6.84,2660700
27/06/2008,6.86,6.9,6.58,6.81,6.81,7203900
30/06/2008,6.57,6.86,6.56,6.59,6.59,1861500
01/07/2008,6.52,6.6,6.28,6.59,6.59,2796300
02/07/2008,6.6,6.79,6.39,6.46,6.46,2415000
03/07/2008,6.54,6.59,6.38,6.52,6.52,655500
07/07/2008,6.55,6.61,6.34,6.39,6.39,1567200
08/07/2008,6.41,6.87,6.3,6.84,6.84,2554500
09/07/2008,6.85,6.88,6.53,6.58,6.58,2931900
10/07/2008,6.59,6.79,6.38,6.49,6.49,1982400
11/07/2008,6.44,6.52,6.24,6.43,6.43,1768800
14/07/2008,6.51,6.6,6.22,6.37,6.37,1104300
15/07/2008,6.3,6.85,6.19,6.68,6.68,2309400
16/07/2008,6.72,7.26,6.5,7.15,7.15,2783100
17/07/2008,7.13,7.43,7.08,7.35,7.35,2015100
18/07/2008,7.36,7.59,7.18,7.33,7.33,2282100
21/07/2008,7.45,7.58,7.28,7.55,7.55,2660400
22/07/2008,7.47,7.8,7.35,7.77,7.77,2469300
23/07/2008,7.67,8.0,7.58,7.91,7.91,4719900
24/07/2008,6.92,7.18,6.31,6.36,6.36,8541000
25/07/2008,6.42,6.43,5.93,6.02,6.02,4590300
28/07/2008,5.92,6.08,5.63,5.91,5.91,6386100
29/07/2008,5.92,6.3,5.85,6.26,6.26,4653000
30/07/2008,6.34,6.5,6.26,6.42,6.42,2703600
31/07/2008,6.22,6.42,6.2,6.3,6.3,1696500
01/08/2008,6.3,6.41,6.1,6.32,6.32,1845000
04/08/2008,6.33,6.41,6.03,6.18,6.18,2058300
05/08/2008,6.28,6.53,6.18,6.51,6.51,2904300
06/08/2008,6.53,6.56,6.31,6.53,6.53,1423800
07/08/2008,6.51,6.51,6.3,6.47,6.47,1693800
08/08/2008,6.51,6.67,6.32,6.61,6.61,2629200
11/08/2008,6.63,7.11,6.63,6.96,6.96,2925900
12/08/2008,6.99,7.05,6.64,6.66,6.66,2010600
13/08/2008,6.63,6.72,6.37,6.65,6.65,1759200
14/08/2008,6.85,6.85,6.38,6.59,6.59,1904400
15/08/2008,6.69,6.73,6.54,6.62,6.62,1921200
18/08/2008,6.62,6.79,6.41,6.51,6.51,1914900
19/08/2008,6.44,6.54,6.09,6.19,6.19,2801700
20/08/2008,6.21,6.5,6.1,6.39,6.39,1843200
21/08/2008,6.31,6.46,6.21,6.3,6.3,1187400
22/08/2008,6.35,6.49,6.33,6.46,6.46,975000
25/08/2008,6.48,6.48,6.15,6.23,6.23,1379400
26/08/2008,6.23,6.26,6.1,6.2,6.2,2317200
27/08/2008,6.19,6.24,6.11,6.18,6.18,1305000
28/08/2008,6.17,6.4,6.12,6.34,6.34,1256700
29/08/2008,6.31,6.5,6.24,6.37,6.37,1547400
02/09/2008,6.47,6.68,6.26,6.4,6.4,1937700
03/09/2008,6.37,6.56,6.32,6.46,6.46,1165800
04/09/2008,6.39,6.44,6.27,6.32,6.32,1202100
05/09/2008,6.3,6.44,6.19,6.38,6.38,1233300
08/09/2008,6.62,6.65,6.23,6.35,6.35,2916000
09/09/2008,6.34,6.54,6.32,6.35,6.35,3024000
10/09/2008,6.43,6.43,6.1,6.15,6.15,2123700
11/09/2008,6.04,6.24,5.97,6.24,6.24,1612800
12/09/2008,6.14,6.31,6.08,6.31,6.31,1227000
15/09/2008,6.07,6.33,5.96,5.96,5.96,2520900
16/09/2008,5.76,5.99,5.71,5.9,5.9,2980800
17/09/2008,5.82,5.85,5.49,5.71,5.71,3540900
18/09/2008,5.85,5.97,5.36,5.79,5.79,3282900
19/09/2008,6.21,6.23,5.67,5.86,5.86,3693300
22/09/2008,5.83,5.83,5.6,5.64,5.64,1705500
23/09/2008,5.66,5.85,5.63,5.72,5.72,2701500
24/09/2008,5.67,5.87,5.58,5.6,5.6,1449600
25/09/2008,5.62,5.76,5.44,5.52,5.52,1969200
26/09/2008,5.41,5.52,5.35,5.51,5.51,1815900
29/09/2008,5.42,5.53,5.19,5.25,5.25,1379400
30/09/2008,5.37,5.69,5.2,5.61,5.61,2788200
01/10/2008,5.56,5.61,5.34,5.41,5.41,1917900
02/10/2008,5.37,5.37,4.98,5.0,5.0,1926000
03/10/2008,5.03,5.09,4.8,4.82,4.82,1813800
06/10/2008,4.7,5.06,4.4,4.99,4.99,4015800
07/10/2008,5.02,5.07,4.3,4.35,4.35,2871000
08/10/2008,4.37,4.6,4.02,4.34,4.34,2452800
09/10/2008,4.33,4.51,3.96,3.97,3.97,1892400
10/10/2008,3.69,4.51,3.69,4.38,4.38,3307500
13/10/2008,4.61,4.69,4.5,4.67,4.67,2091900
14/10/2008,4.86,4.95,4.08,4.31,4.31,2101800
15/10/2008,4.21,4.23,4.01,4.02,4.02,1995900
16/10/2008,4.06,4.57,3.98,4.54,4.54,2027400
17/10/2008,4.4,4.65,4.2,4.39,4.39,2534700
20/10/2008,4.44,4.54,4.29,4.38,4.38,2271600
21/10/2008,4.31,4.5,4.15,4.16,4.16,1587900
22/10/2008,4.07,4.17,3.9,4.06,4.06,1979100
23/10/2008,4.0,4.0,3.42,3.8,3.8,4499400
24/10/2008,3.47,4.04,3.47,4.0,4.0,3428100
27/10/2008,3.95,4.09,3.75,3.83,3.83,2477700
28/10/2008,3.92,4.21,3.74,4.19,4.19,1996200
29/10/2008,4.19,4.35,4.05,4.11,4.11,2349900
30/10/2008,4.22,4.43,4.14,4.36,4.36,1641300
31/10/2008,4.34,4.53,4.25,4.53,4.53,2529600
03/11/2008,4.5,4.5,4.31,4.35,4.35,1084200
04/11/2008,4.37,4.48,4.3,4.34,4.34,1725000
05/11/2008,4.34,4.34,4.12,4.14,4.14,1767900
06/11/2008,4.19,4.19,3.92,4.0,4.0,2701500
07/11/2008,4.05,4.09,3.84,3.98,3.98,2712000
10/11/2008,4.07,4.15,3.77,3.85,3.85,1235400
11/11/2008,3.83,4.11,3.76,3.94,3.94,1437300
12/11/2008,3.88,3.95,3.77,3.78,3.78,1728300
13/11/2008,3.82,4.09,3.56,4.08,4.08,1752900
14/11/2008,4.01,4.17,3.86,3.87,3.87,1339200
17/11/2008,3.83,3.9,3.71,3.77,3.77,1068300
18/11/2008,3.77,3.88,3.57,3.69,3.69,1909500
19/11/2008,3.67,3.68,3.32,3.32,3.32,3037500
20/11/2008,3.38,3.42,3.14,3.17,3.17,1966500
21/11/2008,3.22,3.37,3.08,3.34,3.34,2273700
24/11/2008,3.4,3.87,3.35,3.68,3.68,1978200
25/11/2008,3.73,3.82,3.57,3.82,3.82,1397100
26/11/2008,3.72,4.13,3.72,3.99,3.99,1667700
28/11/2008,3.95,4.05,3.91,4.01,4.01,412800
01/12/2008,3.95,4.08,3.76,3.77,3.77,1760700
02/12/2008,3.84,3.84,3.64,3.8,3.8,1827900
03/12/2008,3.73,3.96,3.66,3.93,3.93,1594500
04/12/2008,3.89,4.08,3.56,3.67,3.67,2851500
05/12/2008,3.6,3.69,3.43,3.67,3.67,3447300
08/12/2008,3.75,3.9,3.71,3.82,3.82,1857900
09/12/2008,3.78,4.02,3.69,3.76,3.76,1438800
10/12/2008,3.8,3.94,3.7,3.76,3.76,1284900
11/12/2008,3.73,3.73,3.44,3.51,3.51,2237700
12/12/2008,3.42,3.67,3.41,3.66,3.66,1526700
15/12/2008,3.68,3.72,3.56,3.62,3.62,2103600
16/12/2008,3.68,3.85,3.63,3.84,3.84,1339800
17/12/2008,3.8,4.0,3.76,3.97,3.97,1810200
18/12/2008,3.99,4.11,3.92,3.98,3.98,1552200
19/12/2008,4.04,4.15,4.01,4.1,4.1,1961400
22/12/2008,4.13,4.19,3.89,3.98,3.98,1105800
23/12/2008,4.01,4.07,3.75,3.79,3.79,1108500
24/12/2008,3.81,3.84,3.74,3.75,3.75,393900
26/12/2008,3.77,3.97,3.77,3.94,3.94,1001400
29/12/2008,3.94,3.99,3.85,3.89,3.89,1227600
30/12/2008,3.94,4.12,3.87,4.12,4.12,1324800
31/12/2008,4.11,4.37,4.11,4.27,4.27,834300
02/01/2009,4.31,4.38,4.19,4.31,4.31,848700
05/01/2009,4.29,4.29,3.91,4.07,4.07,2085300
06/01/2009,4.08,4.14,3.96,4.02,4.02,2059800
07/01/2009,3.97,3.97,3.62,3.67,3.67,1625100
08/01/2009,3.67,3.81,3.62,3.81,3.81,1340700
09/01/2009,3.81,3.82,3.51,3.54,3.54,1773600
12/01/2009,3.55,3.55,3.23,3.34,3.34,1882200
13/01/2009,3.32,3.47,3.31,3.38,3.38,1191600
14/01/2009,3.33,3.33,3.13,3.27,3.27,1797300
15/01/2009,3.29,3.31,3.12,3.3,3.3,2344200
16/01/2009,3.35,3.38,3.2,3.35,3.35,1797600
20/01/2009,3.33,3.36,3.17,3.2,3.2,1732500
21/01/2009,3.25,3.37,3.18,3.36,3.36,1005900
22/01/2009,3.25,3.31,3.14,3.18,3.18,1890300
23/01/2009,3.15,3.34,3.12,3.31,3.31,1512900
26/01/2009,3.32,3.47,3.27,3.32,3.32,1176300
27/01/2009,3.34,3.43,3.3,3.42,3.42,1061400
28/01/2009,3.48,3.65,3.47,3.55,3.55,1655100
29/01/2009,3.5,3.53,3.4,3.41,3.41,1050900
30/01/2009,3.39,3.5,3.25,3.32,3.32,1030800
02/02/2009,3.25,3.34,3.2,3.3,3.3,1084500
03/02/2009,3.28,3.39,3.21,3.36,3.36,934800
04/02/2009,3.36,3.42,3.24,3.25,3.25,804900
05/02/2009,3.25,3.41,3.24,3.36,3.36,983700
06/02/2009,2.55,2.6,2.37,2.47,2.47,9837900
09/02/2009,2.49,2.55,2.39,2.44,2.44,3108900
10/02/2009,2.43,2.49,2.4,2.42,2.42,2872500
11/02/2009,2.44,2.48,2.29,2.37,2.37,2013000
12/02/2009,2.32,2.42,2.3,2.4,2.4,2943600
13/02/2009,2.4,2.51,2.34,2.44,2.44,2755800
17/02/2009,2.39,2.4,2.31,2.33,2.33,2438400
18/02/2009,2.39,2.39,2.26,2.31,2.31,2246700
19/02/2009,2.35,2.53,2.31,2.44,2.44,5216700
20/02/2009,2.45,2.45,2.26,2.31,2.31,2670600
23/02/2009,2.31,2.36,2.23,2.28,2.28,2472600
24/02/2009,2.32,2.37,2.29,2.36,2.36,1717200
25/02/2009,2.35,2.37,2.21,2.27,2.27,1790400
26/02/2009,2.28,2.33,2.19,2.21,2.21,1427700
27/02/2009,2.19,2.21,2.12,2.13,2.13,2278500
02/03/2009,2.09,2.11,1.99,2.0,2.0,2454000
03/03/2009,2.05,2.08,1.9,1.9,1.9,2511300
04/03/2009,1.92,1.97,1.86,1.9,1.9,2072100
05/03/2009,1.84,1.89,1.8,1.82,1.82,1506300
06/03/2009,1.82,1.92,1.82,1.9,1.9,2226600
09/03/2009,1.87,1.9,1.74,1.76,1.76,1381800
10/03/2009,1.79,1.91,1.76,1.8,1.8,2387700
11/03/2009,1.8,1.86,1.75,1.79,1.79,1494000
12/03/2009,1.78,1.82,1.73,1.8,1.8,2380200
13/03/2009,1.87,1.94,1.8,1.93,1.93,2643000
16/03/2009,1.96,1.97,1.83,1.84,1.84,1746000
17/03/2009,1.84,2.1,1.81,2.08,2.08,2635200
18/03/2009,2.08,2.09,1.95,2.02,2.02,3078900
19/03/2009,2.07,2.25,2.05,2.16,2.16,1579500
20/03/2009,2.21,2.22,2.01,2.07,2.07,2144700
23/03/2009,2.11,2.18,2.05,2.18,2.18,1614600
24/03/2009,2.2,2.26,2.1,2.11,2.11,1908000
25/03/2009,2.12,2.22,2.08,2.19,2.19,1922100
26/03/2009,2.23,2.23,2.13,2.17,2.17,2444400
27/03/2009,2.13,2.27,2.08,2.26,2.26,2356800
30/03/2009,2.22,2.24,2.11,2.19,2.19,1536300
31/03/2009,2.21,2.28,2.17,2.22,2.22,1118400
01/04/2009,2.19,2.33,2.17,2.31,2.31,1176000
02/04/2009,2.31,2.66,2.3,2.61,2.61,2904000
03/04/2009,2.59,2.75,2.53,2.75,2.75,1863300
06/04/2009,2.75,2.75,2.48,2.56,2.56,1510500
07/04/2009,2.53,2.53,2.36,2.38,2.38,2081400
08/04/2009,2.45,2.46,2.38,2.43,2.43,1042800
09/04/2009,2.49,2.74,2.49,2.72,2.72,1337400
13/04/2009,2.64,2.72,2.59,2.69,2.69,590400
14/04/2009,2.65,2.72,2.57,2.57,2.57,1222200
15/04/2009,2.58,2.69,2.54,2.57,2.57,979500
16/04/2009,2.6,2.76,2.58,2.75,2.75,1226400
17/04/2009,2.76,2.92,2.75,2.89,2.89,1117500
20/04/2009,2.83,2.84,2.61,2.67,2.67,1851900
21/04/2009,2.67,2.78,2.65,2.77,2.77,1262100
22/04/2009,2.74,3.03,2.72,2.94,2.94,1954500
23/04/2009,2.95,3.03,2.9,3.0,3.0,1835700
24/04/2009,3.02,3.16,2.96,3.1,3.1,1527900
27/04/2009,3.08,3.13,2.96,2.99,2.99,1530300
28/04/2009,2.98,3.14,2.91,3.09,3.09,1512300
29/04/2009,3.13,3.24,3.05,3.16,3.16,2158500
30/04/2009,3.73,4.19,3.69,3.9,3.9,7642200
01/05/2009,3.92,3.93,3.72,3.91,3.91,2164800
04/05/2009,3.92,3.94,3.81,3.83,3.83,2016900
05/05/2009,3.83,3.91,3.76,3.88,3.88,1605300
06/05/2009,3.91,3.99,3.75,3.83,3.83,1624800
07/05/2009,3.88,3.88,3.58,3.61,3.61,1086900
08/05/2009,3.67,3.77,3.52,3.66,3.66,958200
11/05/2009,3.58,3.61,3.34,3.4,3.4,1861500
12/05/2009,3.4,3.45,3.22,3.31,3.31,946500
13/05/2009,3.26,3.26,2.92,3.01,3.01,1574700
14/05/2009,3.01,3.21,2.99,3.09,3.09,1436400
15/05/2009,3.07,3.21,3.03,3.09,3.09,822900
18/05/2009,3.12,3.19,3.04,3.12,3.12,1106400
19/05/2009,3.12,3.23,3.08,3.12,3.12,841500
20/05/2009,3.17,3.41,3.16,3.21,3.21,1236300
21/05/2009,3.18,3.23,3.06,3.11,3.11,838800
22/05/2009,3.12,3.12,2.97,3.01,3.01,753900
26/05/2009,3.0,3.2,2.96,3.19,3.19,948600
27/05/2009,3.18,3.3,3.14,3.22,3.22,1067400
28/05/2009,3.26,3.3,3.1,3.15,3.15,1027500
29/05/2009,3.18,3.22,3.08,3.17,3.17,974700
01/06/2009,3.22,3.48,3.22,3.4,3.4,2371200
02/06/2009,3.4,3.49,3.34,3.43,3.43,1273800
03/06/2009,3.43,3.44,3.32,3.35,3.35,945600
04/06/2009,3.32,3.36,3.24,3.31,3.31,871500
05/06/2009,3.33,3.42,3.2,3.25,3.25,749700
08/06/2009,3.24,3.33,3.18,3.21,3.21,1016400
09/06/2009,3.22,3.24,3.15,3.16,3.16,875400
10/06/2009,3.18,3.22,3.03,3.09,3.09,973800
11/06/2009,3.09,3.29,3.08,3.18,3.18,1098300
12/06/2009,3.15,3.19,3.12,3.19,3.19,785100
15/06/2009,3.1,3.18,3.08,3.18,3.18,792300
16/06/2009,3.19,3.23,3.11,3.12,3.12,718200
17/06/2009,3.13,3.16,3.04,3.12,3.12,501000
18/06/2009,3.1,3.16,3.05,3.12,3.12,561000
19/06/2009,3.15,3.29,3.15,3.26,3.26,1551900
22/06/2009,3.24,3.24,3.12,3.13,3.13,1062600
23/06/2009,3.14,3.14,3.06,3.07,3.07,1398300
24/06/2009,3.08,3.12,2.99,3.0,3.0,2924400
25/06/2009,3.0,3.07,2.93,3.07,3.07,998400
26/06/2009,3.09,3.16,3.0,3.14,3.14,1441500
29/06/2009,3.1,3.24,3.09,3.21,3.21,1107900
30/06/2009,3.22,3.31,3.17,3.26,3.26,794700
01/07/2009,3.29,3.4,3.26,3.33,3.33,2166600
02/07/2009,3.3,3.34,3.05,3.05,3.05,1021500
06/07/2009,3.07,3.11,3.0,3.06,3.06,1004700
07/07/2009,3.07,3.23,3.04,3.1,3.1,1430400
08/07/2009,3.11,3.11,3.0,3.05,3.05,1612200
09/07/2009,3.07,3.07,2.98,3.01,3.01,840600
10/07/2009,3.0,3.14,2.98,3.12,3.12,1651500
13/07/2009,3.13,3.55,3.12,3.46,3.46,3929700
14/07/2009,3.43,3.52,3.36,3.48,3.48,1533300
15/07/2009,3.53,3.86,3.41,3.81,3.81,2762400
16/07/2009,3.81,3.97,3.77,3.9,3.9,3045900
17/07/2009,3.91,4.06,3.86,3.89,3.89,2115300
20/07/2009,4.02,4.15,3.99,4.08,4.08,2414400
21/07/2009,4.09,4.11,3.85,3.97,3.97,2472600
22/07/2009,3.96,3.98,3.8,3.94,3.94,2610300
23/07/2009,4.06,4.72,4.05,4.65,4.65,8022000
24/07/2009,4.6,4.65,4.46,4.58,4.58,1740900
27/07/2009,4.57,4.63,4.42,4.57,4.57,1310700
28/07/2009,4.57,4.65,4.46,4.63,4.63,1132800
29/07/2009,4.61,4.72,4.5,4.54,4.54,1337700
30/07/2009,4.57,4.74,4.55,4.67,4.67,1840800
31/07/2009,4.65,4.77,4.6,4.61,4.61,1458300
03/08/2009,4.63,4.81,4.61,4.81,4.81,1749600
04/08/2009,4.77,4.81,4.68,4.7,4.7,1610700
05/08/2009,4.69,4.71,4.56,4.63,4.63,1332300
06/08/2009,4.64,4.73,4.58,4.7,4.7,1367700
07/08/2009,4.75,4.96,4.69,4.93,4.93,1334700
10/08/2009,5.3,5.3,4.99,5.04,5.04,2924400
11/08/2009,4.94,5.11,4.77,5.08,5.08,1958700
12/08/2009,5.09,5.2,5.03,5.06,5.06,1433100
13/08/2009,5.1,5.1,4.84,5.0,5.0,1811400
14/08/2009,4.97,5.1,4.83,4.87,4.87,1488600
17/08/2009,4.74,4.92,4.6,4.8,4.8,2445300
18/08/2009,4.81,5.05,4.81,5.02,5.02,2057400
19/08/2009,4.95,5.05,4.87,4.97,4.97,1713300
20/08/2009,4.96,5.07,4.91,5.05,5.05,1492200
21/08/2009,5.1,5.25,5.06,5.24,5.24,1746900
24/08/2009,5.24,5.27,5.09,5.14,5.14,1329300
25/08/2009,5.17,5.24,5.14,5.18,5.18,1661100
26/08/2009,5.16,5.52,5.16,5.51,5.51,2673900
27/08/2009,5.52,5.81,5.37,5.79,5.79,2362800
28/08/2009,5.85,5.96,5.68,5.89,5.89,2022900
31/08/2009,5.86,5.95,5.77,5.94,5.94,2646300
01/09/2009,5.91,6.0,5.76,5.81,5.81,2674200
02/09/2009,5.71,5.87,5.7,5.79,5.79,2881500
03/09/2009,5.81,5.99,5.76,5.99,5.99,1604400
04/09/2009,5.99,6.08,5.85,6.0,6.0,1193400
08/09/2009,6.03,6.29,6.03,6.17,6.17,2264100
09/09/2009,6.17,6.23,5.94,5.99,5.99,3335400
10/09/2009,5.94,6.0,5.83,5.89,5.89,2052600
11/09/2009,5.89,6.03,5.87,5.95,5.95,750300
14/09/2009,5.92,6.13,5.89,6.11,6.11,1370400
15/09/2009,6.11,6.25,6.11,6.18,6.18,1922400
16/09/2009,6.22,6.35,6.22,6.32,6.32,1543200
17/09/2009,6.32,6.42,6.18,6.22,6.22,1118400
18/09/2009,6.26,6.34,6.15,6.22,6.22,1838400
21/09/2009,6.18,6.29,6.08,6.25,6.25,1254900
22/09/2009,6.29,6.32,6.14,6.14,6.14,1067100
23/09/2009,6.17,6.22,5.96,5.97,5.97,1554900
24/09/2009,5.96,6.06,5.64,5.73,5.73,3113100
25/09/2009,5.7,5.72,5.56,5.59,5.59,1752300
28/09/2009,5.6,5.73,5.6,5.73,5.73,1328700
29/09/2009,5.76,5.85,5.7,5.79,5.79,1382400
30/09/2009,5.76,5.81,5.63,5.71,5.71,1601100
01/10/2009,5.7,5.73,5.55,5.59,5.59,1981200
02/10/2009,5.5,5.78,5.46,5.61,5.61,2388000
05/10/2009,5.6,5.89,5.6,5.86,5.86,1889400
06/10/2009,5.94,6.14,5.7,6.06,6.06,1755000
07/10/2009,6.07,6.35,5.97,6.3,6.3,2249700
08/10/2009,6.36,6.5,6.28,6.46,6.46,1605900
09/10/2009,6.44,6.7,6.35,6.7,6.7,2531100
12/10/2009,6.76,6.76,6.6,6.65,6.65,1760700
13/10/2009,6.61,6.84,6.57,6.79,6.79,1580400
14/10/2009,6.91,6.94,6.79,6.92,6.92,979800
15/10/2009,6.86,7.13,6.82,7.13,7.13,1700400
16/10/2009,7.06,7.35,7.03,7.33,7.33,2943900
19/10/2009,7.36,7.55,7.28,7.51,7.51,3024600
20/10/2009,7.58,7.8,7.24,7.42,7.42,7516200
21/10/2009,7.42,7.47,7.19,7.21,7.21,4294800
22/10/2009,7.83,8.36,7.7,8.24,8.24,12136500
23/10/2009,8.24,8.43,8.08,8.15,8.15,2909100
26/10/2009,8.2,8.33,7.84,7.86,7.86,2985000
27/10/2009,7.9,8.17,7.88,7.97,7.97,2873100
28/10/2009,7.97,8.0,7.16,7.3,7.3,4423200
29/10/2009,7.37,7.7,7.35,7.56,7.56,2199900
30/10/2009,7.58,7.58,7.21,7.27,7.27,2213700
02/11/2009,7.34,7.49,7.07,7.34,7.34,2042700
03/11/2009,7.28,7.6,7.24,7.5,7.5,2328600
04/11/2009,7.55,7.62,7.4,7.42,7.42,2226300
05/11/2009,7.5,7.69,7.47,7.58,7.58,1146600
06/11/2009,7.48,7.62,7.35,7.6,7.6,1162800
09/11/2009,7.64,7.91,7.64,7.89,7.89,1358400
10/11/2009,7.88,8.06,7.81,7.83,7.83,1386300
11/11/2009,7.96,8.12,7.92,8.11,8.11,2337000
12/11/2009,8.07,8.13,7.77,7.82,7.82,1388100
13/11/2009,7.86,7.98,7.81,7.92,7.92,1330800
16/11/2009,7.97,8.27,7.97,8.01,8.01,2277300
17/11/2009,8.0,8.08,7.92,7.96,7.96,1662900
18/11/2009,7.96,8.02,7.83,7.89,7.89,1491000
19/11/2009,7.81,7.85,7.59,7.68,7.68,1747500
20/11/2009,7.61,7.64,7.44,7.54,7.54,1476300
23/11/2009,7.64,7.75,7.45,7.51,7.51,2050500
24/11/2009,7.49,7.56,7.4,7.45,7.45,1838400
25/11/2009,7.46,7.7,7.45,7.59,7.59,1695300
27/11/2009,7.37,7.67,7.28,7.49,7.49,1100100
30/11/2009,7.44,7.47,7.21,7.36,7.36,2614200
01/12/2009,7.48,7.68,7.39,7.64,7.64,2509800
02/12/2009,7.67,8.12,7.61,8.11,8.11,4528200
03/12/2009,8.11,8.27,7.89,7.94,7.94,1704300
04/12/2009,7.99,8.33,7.99,8.18,8.18,3922800
07/12/2009,8.18,8.22,8.1,8.18,8.18,1416300
08/12/2009,8.13,8.41,8.0,8.29,8.29,3759900
09/12/2009,8.33,8.38,8.23,8.36,8.36,2942400
10/12/2009,8.41,8.85,8.41,8.63,8.63,3906300
11/12/2009,8.73,9.05,8.64,9.0,9.0,3673800
14/12/2009,9.06,9.28,8.98,9.27,9.27,2972400
15/12/2009,9.27,9.48,9.23,9.3,9.3,2182500
16/12/2009,9.41,9.52,9.25,9.35,9.35,2256600
17/12/2009,9.3,9.66,9.22,9.65,9.65,2477700
18/12/2009,9.67,9.75,8.9,9.33,9.33,6125700
21/12/2009,9.45,9.63,9.35,9.58,9.58,2735400
22/12/2009,9.58,9.67,9.47,9.61,9.61,2187900
23/12/2009,9.65,9.71,9.47,9.51,9.51,3040200
24/12/2009,9.5,9.63,9.5,9.57,9.57,1019400
28/12/2009,9.64,9.79,9.46,9.55,9.55,2424900
29/12/2009,9.56,9.69,9.55,9.67,9.67,1463700
30/12/2009,9.63,9.86,9.55,9.83,9.83,2314500
31/12/2009,9.88,10.0,9.8,9.8,9.8,1663500
04/01/2010,9.92,9.97,9.74,9.75,9.75,1833300
05/01/2010,9.68,9.94,9.67,9.75,9.75,1401600
06/01/2010,9.75,9.82,9.57,9.74,9.74,2129400
07/01/2010,9.67,9.99,9.64,9.91,9.91,1934400
08/01/2010,9.93,9.94,9.69,9.76,9.76,1699500
11/01/2010,9.78,9.87,9.71,9.81,9.81,1687200
12/01/2010,10.2,10.27,9.1,9.48,9.48,7187100
13/01/2010,9.49,10.4,9.49,10.32,10.32,6208800
14/01/2010,10.32,10.48,10.25,10.41,10.41,3309300
15/01/2010,10.4,10.54,10.24,10.28,10.28,3103800
19/01/2010,10.28,10.47,10.19,10.32,10.32,1492200
20/01/2010,10.24,10.33,10.0,10.13,10.13,1862100
21/01/2010,10.16,10.18,9.76,9.76,9.76,1657800
22/01/2010,9.73,10.14,9.66,9.78,9.78,2664600
25/01/2010,9.85,9.89,9.5,9.54,9.54,1924200
26/01/2010,9.43,9.6,9.36,9.38,9.38,2320500
27/01/2010,9.34,9.62,9.22,9.57,9.57,1708500
28/01/2010,9.56,9.6,9.37,9.41,9.41,1134900
29/01/2010,9.47,9.61,9.22,9.35,9.35,2157600
01/02/2010,9.38,9.43,9.21,9.29,9.29,1509600
02/02/2010,9.28,10.02,9.28,9.93,9.93,3098100
03/02/2010,9.9,9.92,9.46,9.53,9.53,1779600
04/02/2010,9.46,9.53,9.1,9.16,9.16,2867100
05/02/2010,9.16,9.26,8.92,9.2,9.2,1885800
08/02/2010,9.22,9.4,9.06,9.08,9.08,1788300
09/02/2010,9.19,9.44,9.16,9.3,9.3,1829100
10/02/2010,9.42,9.45,9.13,9.13,9.13,1351500
11/02/2010,9.13,9.21,9.02,9.19,9.19,1659600
12/02/2010,9.08,9.39,8.98,9.39,9.39,1779900
16/02/2010,9.54,9.7,9.44,9.7,9.7,1529400
17/02/2010,9.73,10.16,9.73,10.03,10.03,4642500
18/02/2010,10.08,10.29,9.62,10.0,10.0,4305300
19/02/2010,9.93,10.24,9.93,10.07,10.07,2579700
22/02/2010,10.17,10.22,9.95,10.01,10.01,1990200
23/02/2010,9.97,10.02,9.71,9.78,9.78,1906500
24/02/2010,9.81,10.05,9.8,9.91,9.91,1480200
25/02/2010,9.77,10.2,9.72,10.18,10.18,2008800
26/02/2010,10.21,10.31,10.12,10.24,10.24,1464000
01/03/2010,10.31,10.62,10.27,10.58,10.58,1408200
02/03/2010,10.64,10.66,10.47,10.55,10.55,1445100
03/03/2010,10.51,10.55,10.34,10.36,10.36,814500
04/03/2010,10.29,10.39,10.1,10.29,10.29,1805100
05/03/2010,10.36,10.38,10.22,10.29,10.29,1863000
08/03/2010,10.32,10.39,10.08,10.09,10.09,2294700
09/03/2010,10.49,10.91,10.33,10.82,10.82,7493100
10/03/2010,10.91,11.17,10.86,11.08,11.08,3561000
11/03/2010,11.07,11.25,10.92,11.23,11.23,2732100
12/03/2010,11.3,11.33,10.92,11.06,11.06,3151200
15/03/2010,11.08,11.22,10.98,11.2,11.2,1604100
16/03/2010,11.22,11.4,11.14,11.27,11.27,1782000
17/03/2010,11.31,11.42,11.23,11.31,11.31,1588800
18/03/2010,11.36,11.5,11.22,11.35,11.35,2137800
19/03/2010,11.0,11.35,11.0,11.0,11.0,2396700
22/03/2010,10.92,11.32,10.69,11.31,11.31,2043000
23/03/2010,11.43,11.91,11.34,11.85,11.85,4713900
24/03/2010,11.85,11.98,11.75,11.81,11.81,2485500
25/03/2010,12.03,12.42,11.9,12.08,12.08,3791400
26/03/2010,12.14,12.58,12.11,12.47,12.47,3694500
29/03/2010,12.56,12.57,12.12,12.28,12.28,3783900
30/03/2010,12.33,12.35,11.95,12.28,12.28,2309700
31/03/2010,12.24,12.24,12.01,12.11,12.11,2428200
01/04/2010,12.16,12.59,12.04,12.34,12.34,3945300
05/04/2010,12.46,12.58,12.34,12.42,12.42,2035800
06/04/2010,12.38,12.59,12.35,12.48,12.48,1185300
07/04/2010,12.49,12.7,12.43,12.48,12.48,2272800
08/04/2010,12.54,12.88,12.4,12.85,12.85,2561100
09/04/2010,12.85,12.99,12.69,12.92,12.92,1935300
12/04/2010,12.91,12.94,12.7,12.91,12.91,2371500
13/04/2010,12.91,12.98,12.57,12.84,12.84,4274400
14/04/2010,12.9,13.18,12.81,13.14,13.14,2482500
15/04/2010,13.16,13.38,13.08,13.35,13.35,3048900
16/04/2010,13.3,13.42,12.78,12.91,12.91,3150600
19/04/2010,12.88,13.1,12.43,12.59,12.59,3190800
20/04/2010,12.72,13.0,12.57,12.95,12.95,3151500
21/04/2010,13.01,13.38,12.93,13.3,13.3,2581200
22/04/2010,13.16,13.58,13.03,13.53,13.53,2732400
23/04/2010,13.6,14.0,13.48,13.83,13.83,3519600
26/04/2010,13.9,14.13,13.79,13.87,13.87,3117300
27/04/2010,13.89,14.0,13.37,13.56,13.56,2614200
28/04/2010,13.71,13.77,13.2,13.43,13.43,4742100
29/04/2010,13.41,13.65,12.62,13.4,13.4,9944100
30/04/2010,13.46,13.63,12.75,12.78,12.78,4987800
03/05/2010,12.98,13.34,12.9,13.24,13.24,2805600
04/05/2010,13.04,13.04,12.2,12.36,12.36,4568100
05/05/2010,12.19,12.82,11.83,12.51,12.51,3900900
06/05/2010,12.45,12.65,10.87,11.93,11.93,5088300
07/05/2010,11.8,12.08,11.19,11.36,11.36,4293300
10/05/2010,12.16,12.16,11.65,12.11,12.11,4020300
11/05/2010,11.98,12.88,11.84,12.66,12.66,4887000
12/05/2010,12.68,13.2,12.67,13.17,13.17,3027000
13/05/2010,13.36,13.39,12.66,12.77,12.77,2588700
14/05/2010,12.63,12.7,12.15,12.3,12.3,3024900
17/05/2010,12.36,12.57,11.95,12.53,12.53,2737500
18/05/2010,12.68,12.9,12.11,12.2,12.2,2722200
19/05/2010,12.05,12.32,11.73,11.94,11.94,2218500
20/05/2010,11.6,11.79,11.19,11.41,11.41,3502200
21/05/2010,11.17,12.07,11.06,11.95,11.95,3941400
24/05/2010,11.95,12.32,11.86,11.9,11.9,2341200
25/05/2010,11.18,12.05,11.17,11.97,11.97,2369400
26/05/2010,12.16,12.48,12.14,12.31,12.31,3305100
27/05/2010,12.53,12.75,12.42,12.75,12.75,1689900
28/05/2010,12.85,12.85,12.38,12.56,12.56,1380300
01/06/2010,12.55,12.67,12.03,12.05,12.05,2224500
02/06/2010,12.28,12.28,11.87,12.12,12.12,3663600
03/06/2010,12.34,12.41,12.12,12.35,12.35,2640900
04/06/2010,12.03,12.14,11.65,11.76,11.76,2633400
07/06/2010,11.84,12.03,11.53,11.55,11.55,3094200
08/06/2010,11.62,11.88,11.34,11.86,11.86,3675000
09/06/2010,11.96,12.8,11.96,12.25,12.25,5601300
10/06/2010,12.56,13.33,12.56,13.23,13.23,6156300
11/06/2010,13.06,13.85,12.91,13.57,13.57,5048700
14/06/2010,13.82,13.99,13.69,13.77,13.77,3656700
15/06/2010,13.98,14.37,13.63,14.3,14.3,4383300
16/06/2010,14.23,14.59,14.02,14.32,14.32,4291800
17/06/2010,14.35,14.39,13.95,14.01,14.01,4008000
18/06/2010,14.26,14.76,14.18,14.62,14.62,5289000
21/06/2010,14.96,14.97,14.03,14.17,14.17,4151400
22/06/2010,14.19,14.52,13.68,13.78,13.78,4480500
23/06/2010,13.87,13.94,13.52,13.72,13.72,2966100
24/06/2010,13.57,13.68,13.19,13.24,13.24,4031100
25/06/2010,13.28,13.62,13.2,13.35,13.35,5335800
28/06/2010,13.4,13.7,13.19,13.39,13.39,2757000
29/06/2010,13.17,13.17,11.88,12.03,12.03,8033700
30/06/2010,12.07,12.52,11.86,12.17,12.17,4343100
01/07/2010,12.16,12.41,11.75,12.21,12.21,4138200
02/07/2010,12.29,12.73,12.22,12.68,12.68,5933100
06/07/2010,12.99,13.4,12.03,12.27,12.27,7967700
07/07/2010,12.27,12.39,12.0,12.36,12.36,5458800
08/07/2010,12.58,12.74,12.25,12.6,12.6,3871800
09/07/2010,12.67,12.68,12.28,12.57,12.57,2980200
12/07/2010,12.51,12.65,11.53,11.69,11.69,8178900
13/07/2010,11.86,12.14,11.83,12.02,12.02,5816100
14/07/2010,12.03,12.03,11.23,11.59,11.59,7807200
15/07/2010,11.56,11.57,11.04,11.31,11.31,5618400
16/07/2010,11.21,11.27,10.61,10.7,10.7,5553300
19/07/2010,10.77,11.11,10.61,10.74,10.74,4650600
20/07/2010,10.61,11.6,10.54,11.53,11.53,6141000
21/07/2010,11.64,11.82,11.32,11.48,11.48,4259100
22/07/2010,11.79,11.94,11.32,11.7,11.7,5050200
23/07/2010,11.6,11.73,11.03,11.2,11.2,9261900
26/07/2010,11.25,12.0,11.13,12.0,12.0,5309100
27/07/2010,12.15,12.33,11.64,11.82,11.82,4480500
28/07/2010,11.78,11.99,11.67,11.74,11.74,7922100
29/07/2010,12.97,12.97,11.85,12.45,12.45,17850000
30/07/2010,12.33,12.64,12.21,12.36,12.36,5581200
02/08/2010,12.58,12.73,11.91,12.09,12.09,6593700
03/08/2010,11.98,12.09,11.06,11.13,11.13,9795600
04/08/2010,11.25,11.58,11.17,11.37,11.37,4934100
05/08/2010,11.38,11.41,11.02,11.04,11.04,3327600
06/08/2010,10.87,11.13,10.82,11.04,11.04,4008000
09/08/2010,11.17,11.17,10.0,10.07,10.07,12822900
10/08/2010,10.08,10.15,9.54,9.98,9.98,9514200
11/08/2010,9.74,9.74,9.25,9.56,9.56,8310300
12/08/2010,9.32,9.72,9.3,9.64,9.64,4805100
13/08/2010,9.57,9.61,9.08,9.13,9.13,5233800
16/08/2010,9.04,9.26,8.96,9.07,9.07,3164400
17/08/2010,9.08,9.58,9.04,9.41,9.41,5149200
18/08/2010,9.37,9.98,9.37,9.77,9.77,9753300
19/08/2010,9.75,9.77,9.25,9.48,9.48,6381000
20/08/2010,9.4,9.5,9.27,9.44,9.44,4089000
23/08/2010,9.57,9.7,9.11,9.15,9.15,4787700
24/08/2010,8.94,9.11,8.75,8.8,8.8,6349800
25/08/2010,8.66,9.02,8.55,8.9,8.9,6825600
26/08/2010,8.99,9.28,8.65,8.67,8.67,5369100
27/08/2010,8.77,8.95,8.44,8.79,8.79,3643200
30/08/2010,8.7,8.92,8.53,8.55,8.55,3030900
31/08/2010,8.52,8.71,8.28,8.49,8.49,6322500
01/09/2010,8.6,9.0,8.6,8.95,8.95,4596300
02/09/2010,9.04,9.16,8.9,9.06,9.06,3763500
03/09/2010,9.18,9.42,9.08,9.17,9.17,4788600
07/09/2010,9.26,9.27,8.82,8.83,8.83,3544800
08/09/2010,8.89,8.99,8.68,8.78,8.78,2714400
09/09/2010,8.9,8.95,7.45,7.67,7.67,28309200
10/09/2010,7.76,8.08,7.59,7.61,7.61,15333000
13/09/2010,7.69,7.78,7.28,7.62,7.62,11870100
14/09/2010,7.63,7.88,7.54,7.64,7.64,7228200
15/09/2010,7.63,7.9,7.61,7.77,7.77,4635600
16/09/2010,7.71,7.82,7.62,7.74,7.74,2692800
17/09/2010,7.75,7.93,7.71,7.92,7.92,4512300
20/09/2010,8.14,8.17,7.81,8.01,8.01,6671100
21/09/2010,7.96,7.97,7.68,7.73,7.73,8433600
22/09/2010,7.66,7.78,7.2,7.24,7.24,12392100
23/09/2010,7.16,7.48,7.07,7.22,7.22,8699400
24/09/2010,7.28,7.46,7.22,7.37,7.37,6649500
27/09/2010,7.39,7.58,7.37,7.57,7.57,4192500
28/09/2010,7.56,7.65,7.3,7.63,7.63,5284800
29/09/2010,7.57,7.6,7.4,7.5,7.5,5697900
30/09/2010,7.55,7.88,7.52,7.83,7.83,6363300
01/10/2010,7.88,7.88,7.45,7.52,7.52,6508800
04/10/2010,7.45,7.58,7.33,7.53,7.53,4355400
05/10/2010,7.59,8.14,7.57,8.11,8.11,7790400
06/10/2010,8.1,8.1,7.64,7.9,7.9,9084000
07/10/2010,7.96,8.24,7.95,8.08,8.08,6788100
08/10/2010,8.09,8.54,8.08,8.47,8.47,5893500
11/10/2010,8.5,8.63,8.3,8.42,8.42,4123800
12/10/2010,8.38,8.58,8.26,8.5,8.5,4971600
13/10/2010,8.65,8.75,8.36,8.37,8.37,5118300
14/10/2010,8.36,8.37,7.97,8.17,8.17,5976300
15/10/2010,8.33,8.33,8.16,8.26,8.26,5766600
18/10/2010,8.29,8.32,8.17,8.26,8.26,4310700
19/10/2010,8.16,8.62,8.13,8.49,8.49,10277100
20/10/2010,8.51,8.53,8.02,8.03,8.03,9326100
21/10/2010,8.04,8.14,7.68,7.86,7.86,6860700
22/10/2010,7.91,8.13,7.78,7.93,7.93,4629000
25/10/2010,8.0,8.06,7.88,7.96,7.96,4453500
26/10/2010,7.84,8.13,7.69,8.03,8.03,7137600
27/10/2010,8.0,8.03,7.74,7.88,7.88,10503600
28/10/2010,6.58,6.65,6.33,6.44,6.44,40178100
29/10/2010,6.43,6.68,6.37,6.48,6.48,11438400
01/11/2010,6.54,6.57,6.35,6.41,6.41,8395500
02/11/2010,6.48,6.62,6.38,6.56,6.56,7290000
03/11/2010,6.57,6.61,6.42,6.53,6.53,6301200
04/11/2010,6.63,6.95,6.57,6.93,6.93,9976500
05/11/2010,6.94,6.96,6.8,6.93,6.93,5611800
08/11/2010,6.95,7.16,6.82,7.14,7.14,9114300
09/11/2010,7.17,7.3,7.0,7.05,7.05,6175800
10/11/2010,7.08,7.14,6.85,7.01,7.01,4265700
11/11/2010,6.93,7.11,6.87,7.01,7.01,3304200
12/11/2010,6.92,6.98,6.7,6.76,6.76,3692100
15/11/2010,6.78,6.92,6.77,6.77,6.77,2807100
16/11/2010,6.7,6.79,6.63,6.79,6.79,3835200
17/11/2010,6.83,7.03,6.8,6.87,6.87,3500100
18/11/2010,6.98,6.99,6.82,6.85,6.85,3792600
19/11/2010,6.88,7.3,6.87,7.18,7.18,5732400
22/11/2010,7.27,7.27,7.05,7.19,7.19,4024200
23/11/2010,7.12,7.47,7.09,7.28,7.28,4344300
24/11/2010,7.38,7.7,7.38,7.69,7.69,5305800
26/11/2010,7.63,7.72,7.54,7.56,7.56,1714200
29/11/2010,7.51,7.65,7.31,7.6,7.6,3400200
30/11/2010,7.52,7.92,7.43,7.7,7.7,4993800
01/12/2010,7.83,7.92,7.62,7.69,7.69,3318600
02/12/2010,7.69,7.7,7.42,7.6,7.6,7445100
03/12/2010,7.52,7.62,7.42,7.46,7.46,3596100
06/12/2010,7.42,7.45,7.15,7.25,7.25,5368500
07/12/2010,7.34,7.41,7.13,7.18,7.18,4347900
08/12/2010,7.17,7.25,7.07,7.11,7.11,4977900
09/12/2010,7.13,7.27,7.07,7.18,7.18,3134400
10/12/2010,7.2,7.47,7.12,7.34,7.34,4832100
13/12/2010,7.39,7.45,7.29,7.38,7.38,2833500
14/12/2010,7.41,7.41,7.23,7.24,7.24,2189100
15/12/2010,7.25,7.33,7.06,7.08,7.08,4541400
16/12/2010,7.1,7.2,7.09,7.11,7.11,3046800
17/12/2010,7.16,7.18,7.08,7.11,7.11,4770000
20/12/2010,7.14,7.14,7.0,7.08,7.08,3415200
21/12/2010,6.6,6.71,6.4,6.53,6.53,18448800
22/12/2010,6.5,6.54,6.42,6.47,6.47,5205600
23/12/2010,6.48,6.73,6.48,6.63,6.63,6243900
27/12/2010,6.6,6.69,6.55,6.66,6.66,2192100
28/12/2010,6.67,6.77,6.61,6.61,6.61,3533100
29/12/2010,6.62,6.7,6.6,6.66,6.66,2315700
30/12/2010,6.65,6.73,6.64,6.69,6.69,3321300
31/12/2010,6.67,6.72,6.6,6.67,6.67,3584700
03/01/2011,6.72,6.92,6.68,6.86,6.86,3503100
04/01/2011,6.9,6.98,6.42,6.52,6.52,7162200
05/01/2011,6.53,6.67,6.47,6.64,6.64,5546700
06/01/2011,6.66,6.8,6.58,6.68,6.68,5015100
07/01/2011,6.69,6.78,6.66,6.73,6.73,4231500
10/01/2011,6.71,6.93,6.67,6.89,6.89,4411200
11/01/2011,6.94,7.0,6.77,6.86,6.86,2449200
12/01/2011,6.92,7.06,6.89,6.97,6.97,3239100
13/01/2011,6.96,7.33,6.86,7.24,7.24,6664500
14/01/2011,7.22,7.32,7.07,7.3,7.3,3723900
18/01/2011,7.33,7.33,7.17,7.25,7.25,2781900
19/01/2011,7.26,7.26,7.05,7.11,7.11,2638500
20/01/2011,7.05,7.21,6.97,7.13,7.13,2213100
21/01/2011,7.15,7.18,7.03,7.1,7.1,2521500
24/01/2011,7.15,7.16,6.99,7.05,7.05,3154200
25/01/2011,7.0,7.08,6.97,7.05,7.05,2309700
26/01/2011,7.05,7.09,6.97,7.01,7.01,3797100
27/01/2011,7.04,7.25,7.02,7.14,7.14,2826600
28/01/2011,7.18,7.29,6.97,7.0,7.0,3374700
31/01/2011,7.03,7.06,6.85,6.86,6.86,2100300
01/02/2011,6.88,7.09,6.87,7.0,7.0,2755200
02/02/2011,7.0,7.15,6.93,7.11,7.11,3402600
03/02/2011,7.13,7.44,7.13,7.38,7.38,4849500
04/02/2011,7.38,7.65,7.31,7.6,7.6,3922800
07/02/2011,7.64,7.83,7.62,7.8,7.8,5147400
08/02/2011,7.81,7.83,7.67,7.82,7.82,2328900
09/02/2011,7.81,7.89,7.55,7.62,7.62,3239400
10/02/2011,7.57,7.69,7.47,7.57,7.57,2546700
11/02/2011,7.56,7.57,7.44,7.47,7.47,2779500
14/02/2011,7.48,7.69,7.42,7.53,7.53,3420600
15/02/2011,7.52,7.53,7.31,7.35,7.35,5062200
16/02/2011,7.35,7.53,7.23,7.36,7.36,5464500
17/02/2011,6.97,7.75,6.95,7.35,7.35,14652600
18/02/2011,7.34,7.37,7.13,7.21,7.21,5397900
22/02/2011,7.14,7.23,6.79,6.83,6.83,5827200
23/02/2011,6.84,6.93,6.67,6.71,6.71,3494100
24/02/2011,6.68,6.92,6.68,6.89,6.89,3205800
25/02/2011,6.94,7.03,6.8,6.99,6.99,2826600
28/02/2011,7.01,7.02,6.87,6.93,6.93,1533900
01/03/2011,6.93,6.99,6.68,6.7,6.7,2405400
02/03/2011,6.67,6.84,6.64,6.68,6.68,2808000
03/03/2011,6.79,6.8,6.62,6.67,6.67,3041700
04/03/2011,6.7,6.7,6.51,6.64,6.64,3592200
07/03/2011,6.65,6.69,6.49,6.57,6.57,2204100
08/03/2011,6.57,6.72,6.49,6.68,6.68,2567400
09/03/2011,6.66,6.73,6.63,6.69,6.69,1365900
10/03/2011,6.63,6.71,6.54,6.56,6.56,1841700
11/03/2011,6.5,6.59,6.46,6.55,6.55,1826700
14/03/2011,6.49,6.57,6.3,6.42,6.42,2615100
15/03/2011,6.23,6.43,6.11,6.39,6.39,2596800
16/03/2011,6.35,6.45,6.29,6.3,6.3,2682000
17/03/2011,6.39,6.4,6.17,6.18,6.18,2983200
18/03/2011,6.2,6.2,5.95,6.15,6.15,5591700
21/03/2011,6.25,6.46,6.21,6.41,6.41,4485000
22/03/2011,6.43,6.48,6.26,6.31,6.31,2282700
23/03/2011,6.3,6.3,6.19,6.22,6.22,1438500
24/03/2011,6.24,6.36,6.19,6.31,6.31,2733000
25/03/2011,6.34,6.4,6.26,6.27,6.27,2239800
28/03/2011,6.27,6.38,6.23,6.32,6.32,2963400
29/03/2011,6.31,6.39,6.26,6.35,6.35,3953700
30/03/2011,6.38,6.79,6.35,6.77,6.77,5031300
31/03/2011,6.77,6.87,6.61,6.85,6.85,3513600
01/04/2011,6.91,6.93,6.65,6.74,6.74,2079000
04/04/2011,6.77,6.77,6.64,6.7,6.7,1402200
05/04/2011,6.7,6.85,6.67,6.74,6.74,1090500
06/04/2011,6.79,6.93,6.74,6.92,6.92,1766700
07/04/2011,6.9,7.11,6.87,7.05,7.05,2901600
08/04/2011,7.05,7.16,6.84,6.88,6.88,2899800
11/04/2011,6.87,6.94,6.7,6.74,6.74,1288500
12/04/2011,6.68,6.77,6.57,6.71,6.71,1743300
13/04/2011,6.75,6.82,6.7,6.77,6.77,1029300
14/04/2011,6.75,6.84,6.71,6.76,6.76,988200
15/04/2011,6.74,6.83,6.63,6.79,6.79,2175300
18/04/2011,6.72,6.81,6.69,6.76,6.76,1553100
19/04/2011,6.77,6.83,6.64,6.7,6.7,1429800
20/04/2011,6.79,6.82,6.65,6.67,6.67,1953000
21/04/2011,6.73,6.87,6.71,6.84,6.84,1920000
25/04/2011,6.86,6.91,6.77,6.81,6.81,1243800
26/04/2011,6.83,6.85,6.77,6.82,6.82,2328000
27/04/2011,6.84,6.91,6.69,6.86,6.86,3150300
28/04/2011,6.47,6.48,6.24,6.34,6.34,12966900
29/04/2011,6.34,6.38,6.22,6.35,6.35,3036900
02/05/2011,6.35,6.4,6.2,6.2,6.2,3597900
03/05/2011,6.2,6.24,6.09,6.14,6.14,2825700
04/05/2011,6.14,6.25,6.09,6.14,6.14,1786800
05/05/2011,6.1,6.18,6.08,6.11,6.11,2361300
06/05/2011,6.18,6.22,6.1,6.14,6.14,2200200
09/05/2011,6.14,6.21,6.07,6.14,6.14,1422000
10/05/2011,6.13,6.14,5.84,6.0,6.0,5674500
11/05/2011,5.99,6.39,5.97,6.08,6.08,5817000
12/05/2011,6.07,6.16,6.05,6.1,6.1,2298000
13/05/2011,6.12,6.18,6.07,6.1,6.1,1997700
16/05/2011,6.11,6.14,6.01,6.02,6.02,1855500
17/05/2011,5.99,6.03,5.93,5.94,5.94,2699700
18/05/2011,5.96,6.08,5.94,6.01,6.01,1748100
19/05/2011,6.05,6.12,6.0,6.08,6.08,1486500
20/05/2011,6.07,6.09,5.93,6.04,6.04,2250600
23/05/2011,5.98,6.01,5.88,5.89,5.89,3489900
24/05/2011,5.92,5.96,5.86,5.87,5.87,2057100
25/05/2011,5.83,5.92,5.8,5.86,5.86,2070000
26/05/2011,5.85,5.96,5.84,5.9,5.9,2807100
27/05/2011,5.93,5.99,5.84,5.88,5.88,2916300
31/05/2011,5.92,5.95,5.79,5.83,5.83,3982500
01/06/2011,5.83,5.86,5.57,5.58,5.58,3405300
02/06/2011,5.57,5.63,5.33,5.36,5.36,5655600
03/06/2011,5.28,5.47,5.18,5.33,5.33,2490600
06/06/2011,5.3,5.35,5.18,5.19,5.19,2860800
07/06/2011,5.15,5.22,5.01,5.03,5.03,5733600
08/06/2011,5.0,5.02,4.62,4.64,4.64,8154000
09/06/2011,4.62,4.71,4.43,4.53,4.53,8917500
10/06/2011,4.5,4.7,4.5,4.58,4.58,4195500
13/06/2011,4.72,4.83,4.51,4.65,4.65,4869900
14/06/2011,4.73,4.81,4.66,4.67,4.67,5093100
15/06/2011,4.63,4.76,4.61,4.62,4.62,3405300
16/06/2011,4.62,4.75,4.62,4.7,4.7,2493600
17/06/2011,4.75,4.77,4.69,4.75,4.75,2858100
20/06/2011,4.74,4.88,4.66,4.83,4.83,3533700
21/06/2011,4.88,4.94,4.82,4.84,4.84,5471700
22/06/2011,4.84,4.87,4.72,4.75,4.75,3521700
23/06/2011,4.69,4.75,4.55,4.63,4.63,6482400
24/06/2011,4.65,4.66,4.51,4.55,4.55,5217000
27/06/2011,4.57,4.65,4.5,4.63,4.63,2742300
28/06/2011,4.66,4.81,4.65,4.81,4.81,2960100
29/06/2011,4.84,4.94,4.76,4.77,4.77,3414600
30/06/2011,4.76,4.86,4.75,4.83,4.83,1761600
01/07/2011,4.81,4.92,4.77,4.9,4.9,1748400
05/07/2011,4.9,4.92,4.77,4.89,4.89,2345700
06/07/2011,4.82,4.84,4.75,4.8,4.8,2285400
07/07/2011,4.86,5.03,4.83,5.02,5.02,5224200
08/07/2011,4.96,5.0,4.9,4.93,4.93,2010900
11/07/2011,4.9,4.94,4.77,4.82,4.82,2284200
12/07/2011,4.8,4.89,4.79,4.83,4.83,1421400
13/07/2011,4.85,4.9,4.83,4.86,4.86,2459100
14/07/2011,4.88,4.89,4.73,4.73,4.73,1904400
15/07/2011,4.76,4.76,4.68,4.71,4.71,1317900
18/07/2011,4.69,4.72,4.56,4.6,4.6,2058300
19/07/2011,4.63,4.72,4.55,4.71,4.71,2045100
20/07/2011,4.73,4.8,4.66,4.75,4.75,1695000
21/07/2011,4.76,4.89,4.75,4.86,4.86,1918800
22/07/2011,4.87,4.88,4.82,4.83,4.83,1331400
25/07/2011,4.77,4.9,4.73,4.88,4.88,2378400
26/07/2011,4.87,5.0,4.85,4.99,4.99,2412600
27/07/2011,4.97,5.07,4.75,4.77,4.77,4992900
28/07/2011,5.45,5.96,5.43,5.65,5.65,17757600
29/07/2011,5.57,5.67,5.5,5.55,5.55,5466000
01/08/2011,5.65,5.73,5.37,5.44,5.44,4279200
02/08/2011,5.4,5.46,5.18,5.19,5.19,4150800
03/08/2011,5.19,5.4,5.09,5.35,5.35,3736500
04/08/2011,5.27,5.28,4.91,4.92,4.92,4157400
05/08/2011,4.98,5.09,4.69,4.85,4.85,7339500
08/08/2011,4.68,4.81,4.44,4.55,4.55,8244900
09/08/2011,4.63,4.93,4.52,4.93,4.93,5950800
10/08/2011,4.8,5.04,4.76,4.79,4.79,4226700
11/08/2011,4.83,5.16,4.73,5.04,5.04,3965100
12/08/2011,5.1,5.2,5.02,5.15,5.15,2511300
15/08/2011,5.2,5.36,5.16,5.36,5.36,3297900
16/08/2011,5.31,5.37,5.19,5.28,5.28,3094800
17/08/2011,5.31,5.35,5.09,5.14,5.14,4008300
18/08/2011,4.94,5.07,4.81,4.87,4.87,4619400
19/08/2011,4.8,5.0,4.74,4.81,4.81,3695100
22/08/2011,4.93,5.05,4.91,4.93,4.93,2506500
23/08/2011,4.97,5.16,4.9,5.14,5.14,3582600
24/08/2011,5.15,5.5,5.14,5.35,5.35,4085400
25/08/2011,5.43,5.46,5.11,5.2,5.2,2919000
26/08/2011,5.17,5.37,5.13,5.34,5.34,3073800
29/08/2011,5.39,5.61,5.38,5.6,5.6,2341500
30/08/2011,5.55,5.62,5.42,5.54,5.54,2165700
31/08/2011,5.59,5.65,5.32,5.38,5.38,2682000
01/09/2011,5.39,5.56,5.23,5.24,5.24,2486400
02/09/2011,5.09,5.15,4.91,4.91,4.91,2860800
06/09/2011,4.78,5.0,4.71,4.97,4.97,2388300
07/09/2011,5.07,5.26,5.01,5.25,5.25,2165400
08/09/2011,5.23,5.38,5.15,5.2,5.2,2052600
09/09/2011,5.15,5.2,4.9,4.99,4.99,2206200
12/09/2011,4.92,5.3,4.9,5.28,5.28,3224400
13/09/2011,5.28,5.41,5.23,5.37,5.37,3351600
14/09/2011,5.41,5.59,5.33,5.51,5.51,2506500
15/09/2011,5.57,5.66,5.47,5.51,5.51,4052100
16/09/2011,5.55,5.74,5.55,5.71,5.71,5176200
19/09/2011,5.62,5.73,5.49,5.67,5.67,2593500
20/09/2011,5.68,5.72,5.4,5.4,5.4,2432400
21/09/2011,5.41,5.49,5.03,5.03,5.03,3109200
22/09/2011,4.85,4.99,4.76,4.9,4.9,4443000
23/09/2011,4.89,5.22,4.87,5.12,5.12,2702400
26/09/2011,5.18,5.32,4.98,5.31,5.31,2418900
27/09/2011,5.43,5.56,5.01,5.03,5.03,4651200
28/09/2011,5.03,5.21,4.85,4.91,4.91,8241300
29/09/2011,5.03,5.16,4.72,4.92,4.92,3439800
30/09/2011,4.83,5.02,4.67,4.68,4.68,3225300
03/10/2011,4.63,4.67,4.32,4.33,4.33,4886100
04/10/2011,4.29,4.6,4.27,4.58,4.58,4500000
05/10/2011,4.6,4.7,4.47,4.67,4.67,3250200
06/10/2011,4.65,4.91,4.62,4.9,4.9,3308100
07/10/2011,4.9,4.97,4.69,4.74,4.74,2882100
10/10/2011,4.87,4.99,4.83,4.92,4.92,2286600
11/10/2011,4.86,4.97,4.84,4.92,4.92,1776900
12/10/2011,4.97,5.09,4.89,4.99,4.99,2522700
13/10/2011,4.94,5.03,4.75,4.86,4.86,2863800
14/10/2011,4.93,4.93,4.63,4.76,4.76,2862900
17/10/2011,4.69,4.71,4.54,4.55,4.55,3446400
18/10/2011,4.52,4.71,4.38,4.66,4.66,3034500
19/10/2011,4.64,4.73,4.44,4.46,4.46,2254500
20/10/2011,4.45,4.62,4.37,4.59,4.59,2994300
21/10/2011,4.69,4.75,4.63,4.72,4.72,1862100
24/10/2011,4.78,4.94,4.68,4.86,4.86,3515100
25/10/2011,4.84,4.88,4.65,4.66,4.66,3306000
26/10/2011,4.76,4.83,4.63,4.74,4.74,4081800
27/10/2011,5.02,5.14,4.33,4.49,4.49,11660700
28/10/2011,4.49,4.68,4.47,4.62,4.62,6365700
31/10/2011,4.57,4.83,4.57,4.75,4.75,3502200
01/11/2011,4.6,4.92,4.53,4.83,4.83,3857400
02/11/2011,4.89,4.94,4.74,4.78,4.78,5313900
03/11/2011,4.83,4.87,4.71,4.85,4.85,3364500
04/11/2011,4.77,4.85,4.75,4.75,4.75,1991400
07/11/2011,4.73,4.79,4.7,4.77,4.77,1943700
08/11/2011,4.79,4.83,4.69,4.8,4.8,2295300
09/11/2011,4.69,4.78,4.5,4.51,4.51,3865500
10/11/2011,4.59,4.62,4.44,4.51,4.51,2442000
11/11/2011,4.54,4.69,4.51,4.63,4.63,1721100
14/11/2011,4.57,4.63,4.45,4.46,4.46,2670600
15/11/2011,4.4,4.42,4.3,4.3,4.3,3054300
16/11/2011,4.24,4.3,4.1,4.13,4.13,3921600
17/11/2011,4.1,4.16,4.0,4.09,4.09,4208100
18/11/2011,4.11,4.19,4.04,4.11,4.11,1916400
21/11/2011,4.04,4.06,3.96,4.03,4.03,2691900
22/11/2011,4.01,4.06,3.93,4.0,4.0,2478300
23/11/2011,3.95,4.15,3.92,4.11,4.11,4760100
25/11/2011,4.08,4.19,4.06,4.06,4.06,1202400
28/11/2011,4.2,4.33,4.19,4.31,4.31,2476500
29/11/2011,4.32,4.42,4.24,4.41,4.41,2168400
30/11/2011,4.57,4.68,4.45,4.49,4.49,4091100
01/12/2011,4.47,4.52,4.31,4.31,4.31,5013900
02/12/2011,4.38,4.44,4.24,4.27,4.27,3137700
05/12/2011,4.34,4.43,4.29,4.34,4.34,2113500
06/12/2011,4.33,4.38,4.29,4.35,4.35,1944300
07/12/2011,4.35,4.38,4.21,4.3,4.3,2097900
08/12/2011,4.27,4.27,4.12,4.14,4.14,2187000
09/12/2011,4.16,4.27,4.13,4.24,4.24,1880700
12/12/2011,4.18,4.18,4.1,4.16,4.16,1384200
13/12/2011,4.2,4.26,4.08,4.1,4.1,2417700
14/12/2011,4.06,4.1,3.95,3.96,3.96,1809000
15/12/2011,4.01,4.05,3.93,4.01,4.01,1906500
16/12/2011,4.03,4.16,4.03,4.08,4.08,2425200
19/12/2011,4.1,4.13,3.97,3.99,3.99,1313400
20/12/2011,4.05,4.13,4.02,4.08,4.08,1613700
21/12/2011,4.09,4.21,4.07,4.2,4.2,1589700
22/12/2011,4.24,4.26,4.13,4.21,4.21,1379100
23/12/2011,4.22,4.26,4.15,4.25,4.25,980100
27/12/2011,4.23,4.29,4.21,4.26,4.26,920400
28/12/2011,4.25,4.28,4.11,4.12,4.12,772500
29/12/2011,4.14,4.15,4.08,4.11,4.11,1044900
30/12/2011,4.12,4.12,4.04,4.04,4.04,1170900
03/01/2012,4.15,4.2,4.13,4.19,4.19,1465500
04/01/2012,4.16,4.24,4.12,4.18,4.18,968100
05/01/2012,4.12,4.22,3.99,4.0,4.0,3309600
06/01/2012,4.0,4.05,3.83,3.9,3.9,2596800
09/01/2012,3.9,3.9,3.74,3.82,3.82,3342000
10/01/2012,3.85,4.16,3.81,4.14,4.14,7164300
11/01/2012,4.15,4.38,4.12,4.3,4.3,3934800
12/01/2012,4.3,4.38,4.17,4.37,4.37,3008400
13/01/2012,4.35,4.54,4.34,4.44,4.44,2143800
17/01/2012,4.44,4.45,4.21,4.21,4.21,2466600
18/01/2012,4.12,4.12,3.95,4.01,4.01,6044700
19/01/2012,4.01,4.05,3.95,3.99,3.99,4628400
20/01/2012,3.98,4.09,3.97,4.03,4.03,1814700
23/01/2012,4.04,4.14,4.04,4.11,4.11,1776000
24/01/2012,4.09,4.19,4.07,4.16,4.16,1335000
25/01/2012,4.16,4.29,4.12,4.28,4.28,2148000
26/01/2012,4.29,4.3,4.09,4.12,4.12,2224800
27/01/2012,4.12,4.15,4.08,4.14,4.14,1665900
30/01/2012,4.12,4.19,4.08,4.08,4.08,2015400
31/01/2012,4.1,4.1,4.02,4.05,4.05,1542900
01/02/2012,4.07,4.12,4.02,4.04,4.04,2259300
02/02/2012,4.04,4.24,4.04,4.2,4.2,3378000
03/02/2012,4.23,4.37,4.23,4.36,4.36,2373600
06/02/2012,4.45,4.61,4.44,4.6,4.6,4674600
07/02/2012,4.6,4.69,4.54,4.66,4.66,3421200
08/02/2012,4.66,4.75,4.65,4.7,4.7,2096700
09/02/2012,4.71,4.77,4.63,4.73,4.73,1510800
10/02/2012,4.68,4.72,4.64,4.66,4.66,1463700
13/02/2012,4.68,4.73,4.58,4.71,4.71,2366400
14/02/2012,4.71,4.81,4.62,4.79,4.79,5496600
15/02/2012,4.75,4.9,4.64,4.66,4.66,3896400
16/02/2012,4.48,4.81,4.33,4.41,4.41,10439700
17/02/2012,4.42,4.52,4.31,4.35,4.35,3350400
21/02/2012,4.34,4.46,4.21,4.23,4.23,3204900
22/02/2012,4.23,4.27,4.11,4.13,4.13,3198900
23/02/2012,4.15,4.25,4.14,4.21,4.21,2206800
24/02/2012,4.19,4.26,4.16,4.23,4.23,2367000
27/02/2012,4.19,4.28,4.14,4.19,4.19,1422300
28/02/2012,4.18,4.35,4.18,4.34,4.34,2519700
29/02/2012,4.35,4.35,4.2,4.26,4.26,2171100
01/03/2012,4.26,4.31,4.22,4.24,4.24,2763300
02/03/2012,4.25,4.28,4.17,4.18,4.18,1969200
05/03/2012,4.18,4.29,4.17,4.26,4.26,2467800
06/03/2012,4.18,4.25,4.11,4.14,4.14,1490400
07/03/2012,4.15,4.16,4.06,4.06,4.06,1684500
08/03/2012,4.08,4.09,3.99,4.04,4.04,2851200
09/03/2012,4.04,4.21,4.04,4.21,4.21,1857900
12/03/2012,4.21,4.27,4.18,4.27,4.27,1703100
13/03/2012,4.29,4.47,4.29,4.47,4.47,2764800
14/03/2012,4.47,4.5,4.41,4.43,4.43,2655900
15/03/2012,4.44,4.51,4.4,4.49,4.49,1678800
16/03/2012,4.5,4.55,4.45,4.51,4.51,2560200
19/03/2012,4.52,4.67,4.52,4.65,4.65,2166000
20/03/2012,4.62,4.69,4.58,4.65,4.65,2465700
21/03/2012,4.67,4.77,4.65,4.71,4.71,1931100
22/03/2012,4.69,4.73,4.66,4.68,4.68,1511100
23/03/2012,4.68,4.72,4.57,4.66,4.66,1920900
26/03/2012,4.7,4.78,4.68,4.77,4.77,1651200
27/03/2012,4.66,4.68,4.35,4.36,4.36,5058300
28/03/2012,4.35,4.41,4.27,4.31,4.31,2817900
29/03/2012,4.29,4.29,4.2,4.27,4.27,1386600
30/03/2012,4.3,4.37,4.19,4.24,4.24,1586400
02/04/2012,4.22,4.28,4.17,4.28,4.28,1917600
03/04/2012,4.28,4.36,4.26,4.35,4.35,1832400
04/04/2012,4.3,4.33,4.24,4.24,4.24,2030700
05/04/2012,4.22,4.27,4.2,4.22,4.22,1548300
09/04/2012,4.17,4.34,4.17,4.33,4.33,1835400
10/04/2012,4.33,4.37,4.19,4.19,4.19,1812300
11/04/2012,4.24,4.35,4.24,4.35,4.35,2888700
12/04/2012,4.34,4.46,4.33,4.43,4.43,1137600
13/04/2012,4.43,4.45,4.38,4.39,4.39,1331100
16/04/2012,4.41,4.48,4.35,4.46,4.46,1846200
17/04/2012,4.51,4.67,4.51,4.63,4.63,1896300
18/04/2012,4.61,4.68,4.57,4.65,4.65,1265400
19/04/2012,4.64,4.78,4.6,4.77,4.77,2804100
20/04/2012,4.8,4.97,4.79,4.92,4.92,3038100
23/04/2012,4.82,4.94,4.77,4.91,4.91,3289200
24/04/2012,4.88,4.95,4.82,4.94,4.94,2397900
25/04/2012,4.98,4.99,4.84,4.97,4.97,2950500
26/04/2012,5.9,5.92,5.44,5.65,5.65,11232000
27/04/2012,5.67,6.04,5.66,5.99,5.99,9019500
30/04/2012,5.96,6.3,5.92,6.22,6.22,6114300
01/05/2012,6.19,6.33,6.13,6.22,6.22,4401600
02/05/2012,6.17,6.23,6.14,6.18,6.18,6348000
03/05/2012,6.19,6.21,6.1,6.16,6.16,5334000
04/05/2012,6.13,6.15,6.02,6.02,6.02,4643100
07/05/2012,6.0,6.19,5.96,6.12,6.12,2566500
08/05/2012,6.09,6.09,5.83,5.99,5.99,2871900
09/05/2012,5.9,6.03,5.83,6.0,6.0,2990400
10/05/2012,6.06,6.1,5.96,6.02,6.02,1733700
11/05/2012,5.96,6.11,5.94,6.06,6.06,1299600
14/05/2012,5.99,6.2,5.98,6.09,6.09,2048400
15/05/2012,6.08,6.22,6.07,6.09,6.09,2137800
16/05/2012,6.1,6.14,5.91,5.95,5.95,2923500
17/05/2012,5.95,5.95,5.55,5.57,5.57,4025700
18/05/2012,5.58,5.69,5.51,5.54,5.54,2995800
21/05/2012,5.57,5.75,5.52,5.74,5.74,2210100
22/05/2012,5.75,5.83,5.68,5.73,5.73,2505900
23/05/2012,5.66,5.84,5.62,5.76,5.76,2088000
24/05/2012,5.77,5.83,5.68,5.74,5.74,1315500
25/05/2012,5.75,5.86,5.73,5.82,5.82,1720800
29/05/2012,5.87,5.96,5.77,5.93,5.93,1726200
30/05/2012,5.85,5.86,5.72,5.82,5.82,1600200
31/05/2012,5.81,5.84,5.55,5.66,5.66,3133800
01/06/2012,5.55,5.56,5.32,5.42,5.42,2464500
04/06/2012,5.42,5.51,5.35,5.5,5.5,1358100
05/06/2012,5.47,5.67,5.43,5.64,5.64,1522500
06/06/2012,5.69,6.09,5.61,6.06,6.06,4180800
07/06/2012,6.12,6.25,6.01,6.13,6.13,6099900
08/06/2012,6.09,6.47,6.0,6.43,6.43,6472800
11/06/2012,6.63,6.74,6.56,6.63,6.63,9556200
12/06/2012,6.67,6.87,6.67,6.83,6.83,6058200
13/06/2012,6.8,6.98,6.66,6.73,6.73,4200000
14/06/2012,6.78,6.94,6.7,6.76,6.76,4399200
15/06/2012,6.79,6.91,6.7,6.91,6.91,2862900
18/06/2012,6.85,7.0,6.76,6.98,6.98,2865000
19/06/2012,7.01,7.16,6.95,7.04,7.04,4473900
20/06/2012,7.02,7.17,7.0,7.14,7.14,2136300
21/06/2012,7.1,7.14,6.88,6.95,6.95,2643900
22/06/2012,6.99,7.09,6.96,6.99,6.99,2205000
25/06/2012,6.91,7.04,6.83,6.99,6.99,1805700
26/06/2012,6.99,7.07,6.87,6.95,6.95,2109300
27/06/2012,6.98,7.07,6.89,7.05,7.05,2778600
28/06/2012,6.98,7.03,6.66,6.81,6.81,3636900
29/06/2012,6.96,6.96,6.77,6.79,6.79,3691500
02/07/2012,6.81,6.88,6.71,6.83,6.83,3257100
03/07/2012,6.84,6.85,6.73,6.82,6.82,1096500
05/07/2012,6.79,6.88,6.77,6.82,6.82,2475900
06/07/2012,6.74,6.86,6.68,6.74,6.74,2733600
09/07/2012,6.73,6.78,6.66,6.71,6.71,2020500
10/07/2012,6.76,6.84,6.72,6.76,6.76,2608500
11/07/2012,6.78,6.79,6.46,6.5,6.5,1976100
12/07/2012,6.44,6.49,6.31,6.44,6.44,1413000
13/07/2012,6.48,6.59,6.45,6.46,6.46,1202100
16/07/2012,6.43,6.53,6.38,6.51,6.51,1646700
17/07/2012,6.52,6.57,6.35,6.46,6.46,2221200
18/07/2012,6.47,6.7,6.46,6.64,6.64,4260600
19/07/2012,6.66,6.81,6.58,6.74,6.74,2116800
20/07/2012,6.69,6.7,6.46,6.47,6.47,2688600
23/07/2012,6.35,6.36,6.17,6.18,6.18,1920900
24/07/2012,6.21,6.27,6.1,6.17,6.17,2412000
25/07/2012,6.19,6.31,6.02,6.09,6.09,3419700
26/07/2012,6.33,6.8,6.1,6.36,6.36,4397400
27/07/2012,6.43,6.79,6.37,6.77,6.77,2804400
30/07/2012,6.77,6.8,6.65,6.74,6.74,1920600
31/07/2012,6.71,6.76,6.64,6.65,6.65,1927800
01/08/2012,6.7,6.72,6.43,6.43,6.43,1790100
02/08/2012,6.39,6.46,6.17,6.21,6.21,2066700
03/08/2012,6.34,6.44,6.29,6.4,6.4,1701600
06/08/2012,6.4,6.54,6.36,6.53,6.53,2496600
07/08/2012,6.56,6.86,6.56,6.76,6.76,1658100
08/08/2012,6.71,6.77,6.63,6.66,6.66,1749900
09/08/2012,6.63,6.71,6.5,6.61,6.61,892800
10/08/2012,6.59,6.63,6.52,6.58,6.58,1082100
13/08/2012,6.56,6.6,6.42,6.52,6.52,1061100
14/08/2012,6.58,6.62,6.45,6.47,6.47,1270200
15/08/2012,6.46,6.52,6.45,6.49,6.49,1037700
16/08/2012,6.5,6.52,6.4,6.47,6.47,957900
17/08/2012,6.47,6.68,6.46,6.67,6.67,1890600
20/08/2012,6.68,6.71,6.46,6.5,6.5,1830300
21/08/2012,6.51,7.23,6.49,7.13,7.13,6689100
22/08/2012,7.09,7.4,7.09,7.26,7.26,4658700
23/08/2012,7.27,7.35,7.18,7.31,7.31,2559000
24/08/2012,7.26,7.43,7.18,7.42,7.42,3279300
27/08/2012,7.42,7.46,7.24,7.26,7.26,1958400
28/08/2012,7.24,7.27,7.15,7.26,7.26,1270200
29/08/2012,7.29,7.41,7.22,7.31,7.31,1385100
30/08/2012,7.29,7.36,7.13,7.18,7.18,1322400
31/08/2012,7.25,7.31,7.13,7.22,7.22,1079100
04/09/2012,7.13,7.42,7.09,7.37,7.37,1538700
05/09/2012,7.41,7.41,7.11,7.16,7.16,1114800
06/09/2012,7.2,7.33,7.15,7.18,7.18,2421300
07/09/2012,7.23,7.25,6.99,7.01,7.01,6309000
10/09/2012,7.03,7.09,6.95,7.01,7.01,2037300
11/09/2012,7.0,7.02,6.84,6.95,6.95,1822800
12/09/2012,6.97,7.02,6.92,6.96,6.96,1284300
13/09/2012,6.95,7.09,6.84,7.04,7.04,1599000
14/09/2012,7.05,7.15,7.05,7.14,7.14,1191900
17/09/2012,7.14,7.14,6.95,7.1,7.1,1066800
18/09/2012,7.07,7.09,6.99,7.07,7.07,1345500
19/09/2012,7.11,7.26,7.07,7.22,7.22,1803300
20/09/2012,7.22,7.3,7.08,7.12,7.12,1501500
21/09/2012,7.18,7.18,6.91,7.03,7.03,2442600
24/09/2012,6.99,6.99,6.81,6.83,6.83,1512000
25/09/2012,6.85,6.9,6.54,6.57,6.57,1890600
26/09/2012,6.57,6.72,6.57,6.69,6.69,1168800
27/09/2012,6.72,6.82,6.66,6.77,6.77,929100
28/09/2012,6.7,6.82,6.63,6.8,6.8,1343700
01/10/2012,6.81,6.91,6.68,6.79,6.79,1388400
02/10/2012,6.69,6.69,5.87,5.93,5.93,8352000
03/10/2012,5.97,5.97,5.75,5.77,5.77,2705100
04/10/2012,5.78,5.9,5.72,5.9,5.9,1864800
05/10/2012,5.92,5.99,5.74,5.74,5.74,1719300
08/10/2012,5.72,5.79,5.71,5.72,5.72,1423500
09/10/2012,5.74,5.9,5.74,5.87,5.87,2398200
10/10/2012,5.88,5.96,5.78,5.83,5.83,1712700
11/10/2012,5.89,5.92,5.83,5.86,5.86,783300
12/10/2012,5.85,5.97,5.85,5.88,5.88,986400
15/10/2012,5.89,5.91,5.84,5.88,5.88,508800
16/10/2012,5.9,5.9,5.82,5.84,5.84,1336200
17/10/2012,5.85,6.11,5.85,6.05,6.05,1611900
18/10/2012,6.03,6.05,5.88,5.94,5.94,1268400
19/10/2012,5.91,5.93,5.64,5.78,5.78,1929900
22/10/2012,5.79,5.8,5.68,5.79,5.79,1093200
23/10/2012,5.73,5.82,5.59,5.62,5.62,1369200
24/10/2012,5.58,5.62,5.5,5.54,5.54,1955400
25/10/2012,5.95,6.04,5.59,5.64,5.64,3771300
26/10/2012,5.66,5.69,5.25,5.38,5.38,2777400
31/10/2012,5.33,5.56,5.32,5.53,5.53,1779300
01/11/2012,5.61,5.8,5.53,5.77,5.77,1779000
02/11/2012,5.78,5.88,5.73,5.76,5.76,1605000
05/11/2012,5.76,5.79,5.71,5.77,5.77,1220700
06/11/2012,5.77,5.77,5.67,5.75,5.75,1028700
07/11/2012,5.67,5.68,5.47,5.49,5.49,1049100
08/11/2012,5.49,5.5,5.16,5.17,5.17,1544100
09/11/2012,5.17,5.3,5.17,5.28,5.28,2284500
12/11/2012,5.32,5.33,5.19,5.22,5.22,930000
13/11/2012,5.18,5.26,5.12,5.18,5.18,1020300
14/11/2012,5.19,5.19,5.08,5.11,5.11,1422600
15/11/2012,5.11,5.19,5.06,5.18,5.18,1049400
16/11/2012,5.2,5.33,5.15,5.33,5.33,1221600
19/11/2012,5.4,5.68,5.38,5.65,5.65,1422600
20/11/2012,5.65,5.68,5.58,5.65,5.65,901800
21/11/2012,6.13,6.42,6.12,6.23,6.23,4274100
23/11/2012,6.31,6.33,6.22,6.3,6.3,1029300
26/11/2012,6.27,6.37,6.19,6.35,6.35,1235400
27/11/2012,6.41,6.75,6.34,6.57,6.57,2988600
28/11/2012,6.57,6.73,6.53,6.66,6.66,1684200
29/11/2012,6.72,6.73,6.6,6.65,6.65,1461000
30/11/2012,6.65,6.65,6.43,6.49,6.49,1946100
03/12/2012,6.51,6.6,6.42,6.45,6.45,973500
04/12/2012,6.45,6.6,6.38,6.55,6.55,960000
05/12/2012,6.56,6.57,6.36,6.43,6.43,765300
06/12/2012,6.41,6.5,6.31,6.49,6.49,746100
07/12/2012,6.52,6.55,6.43,6.45,6.45,689700
10/12/2012,6.44,6.49,6.37,6.43,6.43,930000
11/12/2012,6.46,6.54,6.4,6.43,6.43,816000
12/12/2012,6.47,6.49,6.25,6.31,6.31,1546500
13/12/2012,6.31,6.35,6.23,6.24,6.24,1012200
14/12/2012,6.21,6.29,5.99,6.02,6.02,1608600
17/12/2012,6.05,6.32,6.0,6.21,6.21,1397700
18/12/2012,6.23,6.37,6.22,6.36,6.36,858300
19/12/2012,6.35,6.4,6.24,6.26,6.26,755700
20/12/2012,6.25,6.3,5.99,6.23,6.23,1253100
21/12/2012,6.15,6.42,6.14,6.23,6.23,2035800
24/12/2012,6.2,6.33,6.08,6.26,6.26,590700
26/12/2012,6.26,6.28,5.91,5.91,5.91,861300
27/12/2012,5.93,6.07,5.85,6.04,6.04,942000
28/12/2012,5.99,6.15,5.93,6.05,6.05,863400
31/12/2012,6.03,6.22,6.02,6.17,6.17,913200
02/01/2013,6.36,6.36,5.97,6.06,6.06,1776900
03/01/2013,6.07,6.37,6.05,6.27,6.27,856800
04/01/2013,6.32,6.4,6.29,6.3,6.3,803400
07/01/2013,6.27,6.31,6.05,6.11,6.11,702900
08/01/2013,6.09,6.13,5.92,5.99,5.99,1403100
09/01/2013,5.99,6.05,5.67,5.8,5.8,1699500
10/01/2013,5.83,6.03,5.72,6.01,6.01,1832100
11/01/2013,6.02,6.26,5.95,6.21,6.21,1631100
14/01/2013,6.18,6.29,6.12,6.25,6.25,772800
15/01/2013,6.23,6.38,6.18,6.36,6.36,858900
16/01/2013,6.32,6.43,6.26,6.34,6.34,1053300
17/01/2013,6.35,6.35,6.18,6.28,6.28,786300
18/01/2013,6.27,6.27,6.12,6.17,6.17,883500
22/01/2013,6.15,6.27,6.09,6.17,6.17,1094700
23/01/2013,6.15,6.17,6.03,6.03,6.03,875100
24/01/2013,6.06,6.1,6.01,6.07,6.07,1119600
25/01/2013,6.09,6.09,6.01,6.05,6.05,1464600
28/01/2013,6.07,6.33,6.05,6.31,6.31,1866000
29/01/2013,6.31,6.45,6.24,6.32,6.32,1833600
30/01/2013,6.3,6.3,6.14,6.19,6.19,1056300
31/01/2013,6.17,6.33,6.15,6.33,6.33,1216500
01/02/2013,6.35,6.41,6.26,6.28,6.28,1103400
04/02/2013,6.23,6.25,6.14,6.22,6.22,1075800
05/02/2013,6.23,6.43,6.17,6.37,6.37,1549500
06/02/2013,6.33,6.38,6.26,6.29,6.29,968400
07/02/2013,6.35,6.6,6.25,6.6,6.6,3151800
08/02/2013,6.62,6.63,6.47,6.57,6.57,1152600
11/02/2013,6.55,6.58,6.42,6.45,6.45,1596600
12/02/2013,6.46,6.58,6.39,6.48,6.48,1612200
13/02/2013,6.51,6.78,6.45,6.52,6.52,2123700
14/02/2013,7.0,7.54,6.8,7.32,7.32,11495100
15/02/2013,7.37,7.38,7.11,7.25,7.25,2834700
19/02/2013,7.29,7.45,7.25,7.3,7.3,1805700
20/02/2013,7.32,7.32,7.09,7.09,7.09,1302600
21/02/2013,7.07,7.08,6.82,6.9,6.9,1662300
22/02/2013,6.95,7.02,6.77,6.84,6.84,1645200
25/02/2013,6.9,6.96,6.83,6.85,6.85,2000400
26/02/2013,6.86,7.0,6.8,6.92,6.92,1301100
27/02/2013,6.9,6.99,6.83,6.9,6.9,1056600
28/02/2013,6.89,7.0,6.89,6.97,6.97,1476300
01/03/2013,6.96,7.0,6.78,6.88,6.88,1576200
04/03/2013,6.85,7.06,6.81,7.01,7.01,1683000
05/03/2013,7.07,7.22,7.02,7.11,7.11,1561800
06/03/2013,7.13,7.22,7.01,7.09,7.09,1732200
07/03/2013,7.08,7.5,7.07,7.33,7.33,1926600
08/03/2013,7.33,7.39,7.18,7.24,7.24,1117800
11/03/2013,7.2,7.2,6.98,7.08,7.08,1333500
12/03/2013,7.07,7.11,6.96,6.99,6.99,1239900
13/03/2013,6.99,7.19,6.95,7.16,7.16,1156800
14/03/2013,7.17,7.3,7.02,7.28,7.28,1948800
15/03/2013,7.29,7.29,7.14,7.22,7.22,1401900
18/03/2013,7.15,7.23,7.12,7.16,7.16,1220400
19/03/2013,7.18,7.18,6.93,7.03,7.03,1158600
20/03/2013,7.09,7.12,6.98,7.06,7.06,855600
21/03/2013,7.01,7.02,6.79,6.86,6.86,1190700
22/03/2013,6.93,7.0,6.88,6.96,6.96,899100
25/03/2013,6.97,7.0,6.76,6.89,6.89,1040100
26/03/2013,6.91,6.92,6.72,6.73,6.73,1350900
27/03/2013,6.68,7.16,6.66,7.14,7.14,2572500
28/03/2013,7.16,7.19,7.02,7.05,7.05,1436700
01/04/2013,7.08,7.16,6.94,7.0,7.0,1780800
02/04/2013,7.0,7.13,6.95,7.05,7.05,1410900
03/04/2013,7.05,7.13,6.94,6.96,6.96,962400
04/04/2013,6.95,7.12,6.92,7.03,7.03,1305000
05/04/2013,6.91,6.91,6.82,6.86,6.86,1286700
08/04/2013,6.92,7.25,6.92,7.17,7.17,1858200
09/04/2013,7.19,7.38,7.16,7.3,7.3,2245200
10/04/2013,7.37,7.47,7.25,7.32,7.32,2195700
11/04/2013,7.3,7.45,7.19,7.44,7.44,2215800
12/04/2013,7.39,7.64,7.38,7.45,7.45,1631400
15/04/2013,7.43,7.48,6.98,7.04,7.04,1691400
16/04/2013,7.08,7.17,7.01,7.1,7.1,1331400
17/04/2013,7.02,7.22,6.83,7.17,7.17,1654500
18/04/2013,7.2,7.28,7.01,7.2,7.2,1516500
19/04/2013,7.21,7.32,7.17,7.21,7.21,1131600
22/04/2013,7.42,7.55,7.4,7.49,7.49,3122400
23/04/2013,7.56,7.64,7.47,7.57,7.57,2679300
24/04/2013,7.57,7.67,7.5,7.58,7.58,2306100
25/04/2013,7.29,7.32,6.97,7.19,7.19,4410300
26/04/2013,7.18,7.32,6.95,6.96,6.96,2209200
29/04/2013,6.99,7.04,6.91,6.93,6.93,1861800
30/04/2013,6.92,7.0,6.87,6.93,6.93,1703700
01/05/2013,6.92,7.18,6.88,6.99,6.99,2858400
02/05/2013,7.02,7.15,6.94,7.11,7.11,1693800
03/05/2013,7.13,7.2,7.02,7.09,7.09,2828100
06/05/2013,7.08,7.14,7.04,7.13,7.13,1302300
07/05/2013,7.12,7.23,7.05,7.21,7.21,2035200
08/05/2013,7.18,7.2,7.01,7.08,7.08,1855200
09/05/2013,7.08,7.16,7.06,7.12,7.12,1239000
10/05/2013,7.15,7.33,7.08,7.31,7.31,1570200
13/05/2013,7.32,7.32,7.2,7.23,7.23,798000
14/05/2013,7.2,7.29,7.04,7.23,7.23,3309000
15/05/2013,7.21,7.33,7.12,7.14,7.14,3734400
16/05/2013,7.28,7.33,6.87,6.94,6.94,5116200
17/05/2013,7.02,7.1,6.98,7.09,7.09,2658300
20/05/2013,7.05,7.1,7.05,7.07,7.07,1872300
21/05/2013,7.04,7.15,6.98,7.12,7.12,2196900
22/05/2013,7.1,7.12,6.86,6.89,6.89,1764900
23/05/2013,6.79,6.86,6.73,6.79,6.79,1559700
24/05/2013,6.74,6.81,6.66,6.79,6.79,1272600
28/05/2013,6.95,7.12,6.92,7.07,7.07,1735500
29/05/2013,7.05,7.42,7.0,7.38,7.38,3417900
30/05/2013,7.41,7.52,7.38,7.43,7.43,2115000
31/05/2013,7.4,7.58,7.4,7.5,7.5,2329500
03/06/2013,7.51,7.56,7.39,7.44,7.44,2409600
04/06/2013,7.52,7.71,7.52,7.6,7.6,3241500
05/06/2013,7.56,7.71,7.44,7.48,7.48,2650200
06/06/2013,7.47,7.56,7.37,7.51,7.51,1899900
07/06/2013,7.54,7.56,7.33,7.41,7.41,1979100
10/06/2013,7.42,7.65,7.38,7.61,7.61,1557600
11/06/2013,7.55,7.55,7.38,7.38,7.38,920100
12/06/2013,7.42,7.47,7.25,7.29,7.29,661200
13/06/2013,7.29,7.55,7.23,7.53,7.53,1405500
14/06/2013,7.51,7.56,7.42,7.53,7.53,1285500
17/06/2013,7.59,7.67,7.51,7.56,7.56,1491300
18/06/2013,7.55,7.68,7.54,7.6,7.6,1460400
19/06/2013,7.58,7.69,7.55,7.59,7.59,1109100
20/06/2013,7.5,7.55,7.39,7.43,7.43,1413000
21/06/2013,7.46,7.46,7.23,7.29,7.29,1374600
24/06/2013,7.23,7.41,7.1,7.34,7.34,2221500
25/06/2013,7.39,7.64,7.35,7.61,7.61,2039100
26/06/2013,7.67,7.81,7.58,7.79,7.79,2126100
27/06/2013,7.82,8.17,7.77,8.01,8.01,3433200
28/06/2013,8.01,8.08,7.9,8.0,8.0,1203900
01/07/2013,8.03,8.38,8.02,8.13,8.13,2195100
02/07/2013,8.12,8.16,7.98,8.09,8.09,1131900
03/07/2013,8.07,8.26,7.99,8.03,8.03,1452600
05/07/2013,8.08,8.24,8.07,8.24,8.24,1224600
08/07/2013,8.27,8.49,8.27,8.49,8.49,1829100
09/07/2013,8.56,8.56,8.39,8.5,8.5,1317300
10/07/2013,8.47,8.53,8.4,8.49,8.49,1571100
11/07/2013,8.57,8.57,8.41,8.51,8.51,1881600
12/07/2013,8.48,8.83,8.45,8.76,8.76,2029500
15/07/2013,8.91,8.92,8.7,8.91,8.91,1821000
16/07/2013,8.92,9.04,8.77,8.85,8.85,2218800
17/07/2013,8.89,9.12,8.85,9.12,9.12,2851200
18/07/2013,9.13,9.35,8.88,8.93,8.93,3319200
19/07/2013,8.91,8.96,8.81,8.91,8.91,772500
22/07/2013,8.95,9.05,8.92,8.96,8.96,1716300
23/07/2013,8.97,9.08,8.94,8.99,8.99,2713800
24/07/2013,9.02,9.04,8.88,8.88,8.88,1520700
25/07/2013,9.27,9.54,9.09,9.15,9.15,6314700
26/07/2013,9.06,9.13,8.99,9.13,9.13,1285500
29/07/2013,9.11,9.13,8.98,9.06,9.06,756300
30/07/2013,9.09,9.24,9.09,9.1,9.1,1452600
31/07/2013,9.14,9.23,9.08,9.09,9.09,1045500
01/08/2013,9.16,9.17,9.03,9.13,9.13,1633200
02/08/2013,9.13,9.25,9.01,9.23,9.23,1278600
05/08/2013,9.28,9.49,9.26,9.39,9.39,1815900
06/08/2013,9.37,9.49,9.34,9.4,9.4,1222800
07/08/2013,9.34,9.36,9.14,9.32,9.32,2247900
08/08/2013,9.35,9.41,9.24,9.28,9.28,1207800
09/08/2013,9.27,9.36,9.17,9.34,9.34,851400
12/08/2013,9.3,9.68,9.25,9.5,9.5,1606800
13/08/2013,9.52,9.83,9.49,9.7,9.7,2517900
14/08/2013,9.67,9.73,9.49,9.53,9.53,1700400
15/08/2013,9.45,9.62,9.36,9.5,9.5,1583400
16/08/2013,9.45,9.73,9.44,9.66,9.66,1620900
19/08/2013,9.68,9.91,9.58,9.67,9.67,1660800
20/08/2013,9.69,9.76,9.61,9.74,9.74,1511400
21/08/2013,9.75,10.1,9.73,10.05,10.05,3665100
22/08/2013,10.08,10.28,10.06,10.2,10.2,2189100
23/08/2013,10.2,10.29,10.14,10.26,10.26,2063700
26/08/2013,10.25,10.41,10.16,10.17,10.17,2544600
27/08/2013,10.11,10.14,9.84,10.06,10.06,2468100
28/08/2013,10.06,10.16,10.0,10.13,10.13,1652700
29/08/2013,10.13,10.32,10.1,10.23,10.23,826800
30/08/2013,10.25,10.3,10.15,10.24,10.24,1662300
03/09/2013,10.3,10.5,10.15,10.19,10.19,2000400
04/09/2013,10.21,10.39,10.21,10.34,10.34,1363500
05/09/2013,10.37,10.43,10.29,10.42,10.42,1774500
06/09/2013,10.47,10.52,10.32,10.43,10.43,1654200
09/09/2013,10.44,10.51,10.39,10.44,10.44,1402800
10/09/2013,10.45,10.51,10.27,10.32,10.32,1473000
11/09/2013,10.34,10.38,10.26,10.29,10.29,1270500
12/09/2013,10.27,10.31,10.07,10.09,10.09,1809300
13/09/2013,10.15,10.22,10.07,10.19,10.19,1090200
16/09/2013,10.27,10.29,10.05,10.07,10.07,1418100
17/09/2013,10.07,10.13,9.87,9.92,9.92,2362800
18/09/2013,9.87,10.0,9.71,9.92,9.92,2295000
19/09/2013,9.9,10.19,9.86,10.03,10.03,2066400
20/09/2013,10.03,10.1,9.68,9.79,9.79,2309400
23/09/2013,9.8,9.84,9.54,9.77,9.77,2092200
24/09/2013,9.79,9.87,9.67,9.69,9.69,1697100
25/09/2013,9.71,10.01,9.69,9.86,9.86,1669200
26/09/2013,9.9,10.17,9.86,10.11,10.11,1382700
27/09/2013,10.11,10.26,10.06,10.15,10.15,1520700
30/09/2013,10.1,10.42,10.04,10.37,10.37,1925700
01/10/2013,10.4,10.46,10.22,10.26,10.26,1866600
02/10/2013,10.15,10.2,10.01,10.02,10.02,2101200
03/10/2013,10.01,10.08,9.68,9.73,9.73,2155200
04/10/2013,9.71,9.79,9.69,9.72,9.72,1362000
07/10/2013,9.68,9.79,9.5,9.51,9.51,1587000
08/10/2013,9.53,9.57,8.87,8.99,8.99,3895800
09/10/2013,9.07,9.73,9.07,9.59,9.59,2822100
10/10/2013,9.73,9.93,9.68,9.83,9.83,1569300
11/10/2013,9.8,9.89,9.57,9.7,9.7,1483800
14/10/2013,9.58,9.89,9.58,9.79,9.79,1332300
15/10/2013,9.75,9.83,9.62,9.63,9.63,1128900
16/10/2013,9.67,9.8,9.67,9.75,9.75,1399800
17/10/2013,9.72,9.79,9.57,9.64,9.64,1668300
18/10/2013,9.73,9.95,9.66,9.92,9.92,1778100
21/10/2013,9.92,10.0,9.76,9.83,9.83,1593600
22/10/2013,9.83,9.86,9.56,9.79,9.79,1705500
23/10/2013,9.73,9.81,9.63,9.72,9.72,1830900
24/10/2013,8.95,9.85,8.95,9.53,9.53,6526200
25/10/2013,9.57,9.57,9.33,9.35,9.35,1876800
28/10/2013,9.33,9.45,9.23,9.43,9.43,1473300
29/10/2013,9.48,9.64,9.41,9.5,9.5,1344600
30/10/2013,9.63,9.82,9.53,9.6,9.6,1183200
31/10/2013,9.57,9.8,9.54,9.71,9.71,1152300
01/11/2013,9.71,9.86,9.63,9.71,9.71,969000
04/11/2013,9.73,9.87,9.63,9.86,9.86,1359600
05/11/2013,9.87,10.17,9.87,10.13,10.13,2148600
06/11/2013,10.17,10.22,10.04,10.16,10.16,1519800
07/11/2013,10.17,10.2,9.85,9.9,9.9,1537800
08/11/2013,9.9,10.19,9.86,10.17,10.17,1067400
11/11/2013,10.13,10.42,10.13,10.39,10.39,1543800
12/11/2013,10.37,10.52,10.33,10.52,10.52,1572600
13/11/2013,10.48,10.72,10.41,10.68,10.68,1263300
14/11/2013,10.66,10.66,10.53,10.62,10.62,884400
15/11/2013,10.62,10.67,10.51,10.66,10.66,762000
18/11/2013,10.69,10.85,10.57,10.64,10.64,1416300
19/11/2013,10.65,10.81,10.58,10.65,10.65,1323000
20/11/2013,10.7,10.8,10.65,10.7,10.7,546600
21/11/2013,10.7,10.85,10.64,10.79,10.79,984900
22/11/2013,10.81,10.96,10.77,10.94,10.94,943200
25/11/2013,10.94,11.12,10.94,11.07,11.07,1316100
26/11/2013,11.14,11.39,11.07,11.26,11.26,2056800
27/11/2013,11.29,11.38,11.27,11.32,11.32,1502400
29/11/2013,11.37,11.4,11.15,11.21,11.21,778500
02/12/2013,11.27,11.3,11.01,11.03,11.03,1317900
03/12/2013,10.97,11.36,10.9,11.35,11.35,1412400
04/12/2013,11.32,11.34,11.1,11.21,11.21,813900
05/12/2013,11.35,11.54,11.27,11.46,11.46,1507800
06/12/2013,11.65,11.65,11.26,11.27,11.27,1378200
09/12/2013,11.26,11.33,11.18,11.25,11.25,811800
10/12/2013,11.21,11.28,11.09,11.15,11.15,990900
11/12/2013,11.17,11.22,10.88,10.89,10.89,1136100
12/12/2013,10.89,11.13,10.77,11.02,11.02,738900
13/12/2013,11.04,11.16,10.94,11.03,11.03,743100
16/12/2013,11.08,11.17,11.01,11.15,11.15,895500
17/12/2013,11.13,11.13,10.88,11.0,11.0,676800
18/12/2013,11.01,11.1,10.91,11.07,11.07,1948800
19/12/2013,11.02,11.16,10.78,10.82,10.82,969600
20/12/2013,10.85,11.09,10.69,11.08,11.08,1723500
23/12/2013,11.1,11.23,11.03,11.11,11.11,767400
24/12/2013,11.13,11.18,11.09,11.14,11.14,198300
26/12/2013,11.15,11.18,11.08,11.12,11.12,396000
27/12/2013,11.16,11.21,10.97,11.02,11.02,336300
30/12/2013,11.05,11.2,10.97,11.19,11.19,558000
31/12/2013,11.19,11.19,11.02,11.04,11.04,563700
02/01/2014,11.02,11.29,11.02,11.24,11.24,803100
03/01/2014,11.24,11.44,11.19,11.35,11.35,987900
06/01/2014,11.35,11.56,11.17,11.23,11.23,1141200
07/01/2014,11.24,11.28,10.91,11.09,11.09,1227600
08/01/2014,11.05,11.13,10.94,11.0,11.0,629400
09/01/2014,11.0,11.0,10.8,10.94,10.94,456900
10/01/2014,10.92,10.92,10.73,10.78,10.78,743100
13/01/2014,10.73,10.73,10.24,10.29,10.29,978600
14/01/2014,10.31,10.36,9.9,10.02,10.02,2025000
15/01/2014,10.08,10.35,10.08,10.23,10.23,847500
16/01/2014,10.17,10.25,9.68,9.83,9.83,1320300
17/01/2014,9.8,9.88,9.74,9.75,9.75,1279800
21/01/2014,9.6,9.6,8.84,9.03,9.03,5700000
22/01/2014,9.02,9.27,9.02,9.18,9.18,2862000
23/01/2014,9.18,9.18,8.99,9.1,9.1,1171200
24/01/2014,9.1,9.22,9.01,9.09,9.09,1341600
27/01/2014,9.08,9.24,8.87,9.15,9.15,1654800
28/01/2014,9.24,9.57,9.22,9.4,9.4,2052900
29/01/2014,9.34,9.61,9.28,9.52,9.52,1948800
30/01/2014,9.61,9.83,9.6,9.76,9.76,1266600
31/01/2014,9.66,9.78,9.57,9.63,9.63,1430100
03/02/2014,9.63,9.66,9.11,9.19,9.19,1222500
04/02/2014,9.23,9.29,9.08,9.08,9.08,1072200
05/02/2014,9.07,9.13,8.82,8.97,8.97,2096400
06/02/2014,9.01,9.32,8.94,9.26,9.26,1409100
07/02/2014,9.39,10.26,9.39,9.66,9.66,4366800
10/02/2014,9.7,9.92,9.6,9.78,9.78,2169000
11/02/2014,9.79,10.08,9.67,10.01,10.01,2028300
12/02/2014,10.07,10.32,9.84,9.99,9.99,1746000
13/02/2014,11.31,12.03,11.03,11.92,11.92,10186200
14/02/2014,11.88,11.99,11.71,11.82,11.82,2222400
18/02/2014,11.84,11.94,11.57,11.91,11.91,2207100
19/02/2014,11.88,11.88,11.46,11.55,11.55,2493000
20/02/2014,11.57,11.67,11.32,11.39,11.39,1514700
21/02/2014,11.39,11.51,11.36,11.41,11.41,1601700
24/02/2014,11.42,11.48,11.39,11.4,11.4,1376100
25/02/2014,11.39,11.47,11.38,11.45,11.45,884100
26/02/2014,11.47,11.55,11.38,11.46,11.46,1065000
27/02/2014,11.45,11.49,11.32,11.45,11.45,626700
28/02/2014,11.4,11.42,11.14,11.24,11.24,1317900
03/03/2014,11.1,11.34,11.02,11.29,11.29,873300
04/03/2014,11.39,11.59,11.33,11.54,11.54,1176300
05/03/2014,11.52,11.64,11.43,11.53,11.53,844200
06/03/2014,11.56,11.67,11.47,11.63,11.63,756600
07/03/2014,11.66,11.91,11.63,11.85,11.85,1297500
10/03/2014,11.82,12.16,11.73,12.1,12.1,1535100
11/03/2014,12.1,12.1,11.59,11.65,11.65,1282200
12/03/2014,11.6,11.72,11.41,11.62,11.62,902400
13/03/2014,11.63,11.63,11.34,11.43,11.43,908400
14/03/2014,11.35,11.7,11.35,11.57,11.57,753900
17/03/2014,11.66,11.66,11.48,11.61,11.61,593400
18/03/2014,11.66,11.83,11.6,11.81,11.81,632100
19/03/2014,11.79,11.93,11.78,11.81,11.81,644400
20/03/2014,11.78,11.86,11.71,11.77,11.77,402600
21/03/2014,11.78,11.92,11.56,11.58,11.58,870000
24/03/2014,11.58,11.71,11.48,11.6,11.6,607500
25/03/2014,11.64,11.71,11.35,11.35,11.35,638700
26/03/2014,11.5,11.89,11.45,11.59,11.59,1290600
27/03/2014,11.59,11.8,11.55,11.63,11.63,747000
28/03/2014,11.63,11.93,11.59,11.67,11.67,676500
31/03/2014,11.72,12.26,11.7,12.18,12.18,1722600
01/04/2014,12.23,12.32,12.02,12.14,12.14,1053000
02/04/2014,12.19,12.61,12.11,12.37,12.37,1887600
03/04/2014,12.35,12.5,12.09,12.23,12.23,1053900
04/04/2014,12.32,12.4,11.83,11.91,11.91,808800
07/04/2014,11.84,12.03,11.7,11.92,11.92,1772100
08/04/2014,11.91,12.26,11.81,12.09,12.09,1292700
09/04/2014,12.1,12.2,11.89,12.05,12.05,684000
10/04/2014,11.87,12.05,11.29,11.42,11.42,2402400
11/04/2014,11.3,11.36,11.06,11.07,11.07,1185900
14/04/2014,11.14,11.42,11.05,11.17,11.17,1091100
15/04/2014,11.22,11.58,11.08,11.43,11.43,1497300
16/04/2014,11.58,11.67,11.38,11.66,11.66,1056900
17/04/2014,11.67,11.88,11.61,11.75,11.75,1386600
21/04/2014,11.76,12.24,11.69,11.97,11.97,2437800
22/04/2014,11.99,12.31,11.88,12.29,12.29,3333900
23/04/2014,13.79,13.91,12.79,12.84,12.84,12842100
24/04/2014,12.93,13.4,12.73,13.31,13.31,4474200
25/04/2014,13.31,13.45,13.09,13.35,13.35,3457200
28/04/2014,13.46,13.62,12.94,13.22,13.22,3278400
29/04/2014,13.28,13.97,13.22,13.96,13.96,5866800
30/04/2014,13.97,13.97,13.61,13.66,13.66,3484200
01/05/2014,13.64,14.0,13.51,13.99,13.99,4468500
02/05/2014,14.03,14.1,13.13,13.31,13.31,5254200
05/05/2014,13.18,13.72,13.16,13.71,13.71,2561700
06/05/2014,13.64,13.72,13.44,13.47,13.47,1702800
07/05/2014,13.58,13.64,12.92,13.23,13.23,2992200
08/05/2014,13.19,13.66,13.13,13.21,13.21,2234400
09/05/2014,13.16,13.8,13.06,13.7,13.7,2394600
12/05/2014,13.72,14.21,13.72,14.08,14.08,3297600
13/05/2014,14.14,14.16,13.65,13.74,13.74,2682300
14/05/2014,13.75,13.91,13.61,13.66,13.66,1631100
15/05/2014,13.62,13.66,13.3,13.56,13.56,1699500
16/05/2014,13.56,13.67,13.42,13.65,13.65,1804800
19/05/2014,13.84,14.22,13.8,14.17,14.17,3036900
20/05/2014,14.01,14.12,13.86,13.96,13.96,3133500
21/05/2014,14.02,14.35,13.93,14.11,14.11,2631900
22/05/2014,14.09,14.23,14.02,14.03,14.03,1339800
23/05/2014,14.08,14.18,14.0,14.15,14.15,1209000
27/05/2014,14.2,14.52,14.2,14.51,14.51,1481100
28/05/2014,14.52,14.73,14.44,14.59,14.59,2711700
29/05/2014,14.64,14.83,14.54,14.79,14.79,1656000
30/05/2014,14.86,14.99,14.64,14.83,14.83,2914200
02/06/2014,14.89,14.93,14.61,14.89,14.89,1825800
03/06/2014,14.82,15.01,14.7,14.84,14.84,1907400
04/06/2014,14.96,15.37,14.84,15.35,15.35,2792700
05/06/2014,15.43,15.46,15.02,15.28,15.28,2397600
06/06/2014,15.33,15.84,15.3,15.79,15.79,2553600
09/06/2014,15.72,15.79,15.52,15.59,15.59,2069700
10/06/2014,15.58,15.61,15.22,15.25,15.25,1908900
11/06/2014,15.17,15.27,14.85,15.02,15.02,2278200
12/06/2014,14.97,15.0,14.76,14.87,14.87,1539300
13/06/2014,14.9,15.09,14.69,15.06,15.06,1075800
16/06/2014,15.0,15.03,14.82,14.96,14.96,1002300
17/06/2014,14.98,15.24,14.87,15.16,15.16,1694100
18/06/2014,15.18,15.34,15.07,15.33,15.33,1918500
19/06/2014,15.33,15.43,14.93,15.04,15.04,1767000
20/06/2014,15.02,15.07,14.77,14.79,14.79,2287800
23/06/2014,14.82,15.01,14.73,15.0,15.0,1322700
24/06/2014,15.0,15.22,14.92,14.94,14.94,1516200
25/06/2014,14.84,15.33,14.84,15.3,15.3,1222200
26/06/2014,15.34,15.34,15.12,15.21,15.21,903600
27/06/2014,15.15,15.38,15.15,15.2,15.2,2243700
30/06/2014,15.2,15.3,15.05,15.23,15.23,2891400
01/07/2014,15.27,15.41,15.17,15.3,15.3,1832400
02/07/2014,15.28,15.36,15.0,15.06,15.06,1986300
03/07/2014,15.16,15.53,15.08,15.53,15.53,1136100
07/07/2014,15.53,15.73,15.34,15.38,15.38,1516200
08/07/2014,15.33,15.51,15.09,15.44,15.44,1427100
09/07/2014,15.49,15.52,15.28,15.43,15.43,1975500
10/07/2014,15.31,15.37,15.04,15.1,15.1,2114100
11/07/2014,15.12,15.18,14.82,14.97,14.97,2547600
14/07/2014,15.13,15.52,15.04,15.39,15.39,1491000
15/07/2014,15.37,15.53,15.16,15.51,15.51,1684500
16/07/2014,15.56,15.56,15.24,15.36,15.36,1718400
17/07/2014,15.27,15.64,15.21,15.62,15.62,2856300
18/07/2014,15.62,16.0,15.48,15.9,15.9,2604900
21/07/2014,15.87,16.29,15.84,16.16,16.16,2685600
22/07/2014,16.33,16.35,16.02,16.12,16.12,1861500
23/07/2014,16.16,16.29,16.04,16.14,16.14,5328300
24/07/2014,17.57,17.67,16.92,17.43,17.43,9626700
25/07/2014,17.44,17.88,17.33,17.46,17.46,4198500
28/07/2014,17.5,17.84,17.26,17.8,17.8,2842500
29/07/2014,17.83,18.1,17.79,17.85,17.85,2780700
30/07/2014,17.97,18.16,17.88,18.0,18.0,2023500
31/07/2014,17.85,17.91,17.36,17.39,17.39,2961600
01/08/2014,17.33,17.48,17.12,17.43,17.43,1937700
04/08/2014,17.51,17.8,17.4,17.66,17.66,1879200
05/08/2014,17.56,18.13,17.55,17.96,17.96,1969800
06/08/2014,17.81,18.6,17.76,18.43,18.43,3749700
07/08/2014,18.5,18.6,18.02,18.16,18.16,2139300
08/08/2014,18.15,18.46,18.1,18.39,18.39,2149800
11/08/2014,18.5,18.96,18.47,18.92,18.92,2692200
12/08/2014,18.92,18.93,18.23,18.4,18.4,2550000
13/08/2014,18.5,18.68,18.38,18.6,18.6,1741200
14/08/2014,18.72,18.98,18.63,18.93,18.93,1593900
15/08/2014,19.03,19.11,18.65,18.85,18.85,2800200
18/08/2014,19.01,19.33,19.0,19.25,19.25,1394400
19/08/2014,19.33,19.62,18.81,19.05,19.05,2758800
20/08/2014,19.24,19.27,19.0,19.15,19.15,1569600
21/08/2014,19.21,19.32,18.85,19.29,19.29,1212600
22/08/2014,19.32,19.73,19.06,19.58,19.58,1864500
25/08/2014,19.74,20.13,19.72,19.81,19.81,1872000
26/08/2014,19.79,20.16,19.72,19.84,19.84,1754700
27/08/2014,19.85,19.98,19.5,19.53,19.53,1973700
28/08/2014,19.39,19.65,19.2,19.57,19.57,1732200
29/08/2014,19.58,19.69,19.37,19.46,19.46,1465200
02/09/2014,19.47,20.49,19.46,20.41,20.41,2878800
03/09/2014,20.51,20.58,20.02,20.14,20.14,1671600
04/09/2014,20.4,21.02,20.4,20.62,20.62,3148800
05/09/2014,20.6,20.75,20.27,20.75,20.75,2064900
08/09/2014,20.72,21.02,20.67,20.88,20.88,1681200
09/09/2014,20.88,21.19,20.67,20.93,20.93,1792200
10/09/2014,20.92,21.27,20.77,21.25,21.25,1330800
11/09/2014,21.17,21.38,21.0,21.22,21.22,1572600
12/09/2014,21.23,21.56,21.2,21.36,21.36,1846800
15/09/2014,21.4,21.51,20.64,20.67,20.67,2279100
16/09/2014,20.65,21.3,20.59,21.22,21.22,2342100
17/09/2014,21.21,21.39,18.96,19.6,19.6,14105700
18/09/2014,19.7,20.05,19.64,20.0,20.0,2205300
19/09/2014,20.06,20.28,19.79,20.08,20.08,4012800
22/09/2014,20.05,20.05,19.22,19.68,19.68,2560500
23/09/2014,19.58,19.87,19.32,19.36,19.36,2150700
24/09/2014,18.33,18.35,17.0,17.47,17.47,15259200
25/09/2014,18.29,18.82,17.83,18.02,18.02,9266700
26/09/2014,18.12,18.38,17.88,18.29,18.29,5166300
29/09/2014,18.1,18.45,18.0,18.43,18.43,2856000
30/09/2014,18.44,18.5,17.74,17.77,17.77,3878100
01/10/2014,17.86,18.11,17.36,17.53,17.53,3906600
02/10/2014,17.53,17.83,17.14,17.8,17.8,2284800
03/10/2014,18.02,18.34,17.83,18.12,18.12,3645900
06/10/2014,18.15,18.15,17.38,17.4,17.4,2694900
07/10/2014,17.4,17.7,17.19,17.39,17.39,3131100
08/10/2014,17.39,18.31,17.39,18.26,18.26,3606300
09/10/2014,18.26,18.27,17.48,17.53,17.53,3429000
10/10/2014,17.44,17.67,16.75,16.79,16.79,4907700
13/10/2014,16.87,17.09,16.46,16.51,16.51,3617400
14/10/2014,16.62,17.1,16.37,16.69,16.69,4542000
15/10/2014,16.42,17.22,15.92,17.12,17.12,3955500
16/10/2014,16.89,17.96,16.89,17.87,17.87,3192000
17/10/2014,18.13,18.13,17.32,17.34,17.34,3016200
20/10/2014,17.29,17.77,17.15,17.7,17.7,2464500
21/10/2014,17.9,18.15,17.78,18.14,18.14,2391600
22/10/2014,18.26,18.73,18.23,18.31,18.31,7096500
23/10/2014,18.07,18.08,16.5,16.97,16.97,16007700
24/10/2014,16.93,17.3,16.53,16.8,16.8,5173800
27/10/2014,16.69,17.4,16.63,17.37,17.37,4471200
28/10/2014,17.33,18.08,17.26,18.03,18.03,3725700
29/10/2014,18.09,18.33,17.89,18.05,18.05,2648700
30/10/2014,18.17,18.69,18.05,18.39,18.39,3605700
31/10/2014,18.74,18.91,18.02,18.25,18.25,3073800
03/11/2014,18.19,18.69,18.0,18.5,18.5,3021000
04/11/2014,18.47,18.53,18.19,18.37,18.37,2829000
05/11/2014,18.55,18.57,18.17,18.42,18.42,2894700
06/11/2014,18.44,19.3,18.41,19.24,19.24,2815800
07/11/2014,19.18,19.45,19.06,19.2,19.2,2653500
10/11/2014,19.2,19.48,19.17,19.27,19.27,3045000
11/11/2014,19.3,19.3,18.68,18.86,18.86,2182500
12/11/2014,18.83,19.15,18.47,18.97,18.97,2649300
13/11/2014,18.97,19.45,18.86,19.06,19.06,2506800
14/11/2014,19.09,19.48,19.03,19.16,19.16,3185700
17/11/2014,19.18,19.27,18.9,19.01,19.01,1465800
18/11/2014,19.05,19.67,19.05,19.48,19.48,3111000
19/11/2014,19.48,19.63,19.2,19.47,19.47,2369700
20/11/2014,19.47,19.74,19.42,19.72,19.72,3299400
21/11/2014,20.0,20.21,19.46,19.62,19.62,2648700
24/11/2014,19.62,20.12,19.62,20.11,20.11,2231700
25/11/2014,20.23,20.58,20.18,20.3,20.3,2018400
26/11/2014,20.27,20.47,20.02,20.13,20.13,1552500
28/11/2014,20.25,20.78,20.17,20.47,20.47,1491000
01/12/2014,20.43,20.45,19.42,19.63,19.63,3932100
02/12/2014,19.98,20.44,19.93,20.1,20.1,3621900
03/12/2014,20.15,20.24,19.78,20.19,20.19,2875500
04/12/2014,20.24,20.49,20.15,20.27,20.27,3227700
05/12/2014,20.32,20.41,20.15,20.25,20.25,2627400
08/12/2014,20.24,20.6,20.13,20.26,20.26,2145600
09/12/2014,19.98,20.13,19.63,20.0,20.0,2378400
10/12/2014,20.01,20.11,19.44,19.57,19.57,2726100
11/12/2014,19.73,20.3,19.73,19.93,19.93,2635800
12/12/2014,19.81,19.98,19.59,19.64,19.64,4133400
15/12/2014,19.77,19.82,19.01,19.16,19.16,3417900
16/12/2014,19.07,19.09,17.96,17.98,17.98,5816700
17/12/2014,18.05,19.06,18.05,18.92,18.92,4060800
18/12/2014,19.2,19.45,19.05,19.45,19.45,2447100
19/12/2014,19.3,19.34,18.17,18.83,18.83,8345400
22/12/2014,18.82,19.14,18.47,18.54,18.54,2500200
23/12/2014,18.56,18.73,18.48,18.59,18.59,1893900
24/12/2014,18.6,18.75,18.48,18.49,18.49,1028700
26/12/2014,18.58,18.85,18.56,18.72,18.72,1593000
29/12/2014,18.7,18.9,18.55,18.74,18.74,1669500
30/12/2014,18.67,18.88,18.56,18.64,18.64,1510800
31/12/2014,18.65,18.8,18.39,18.42,18.42,1879500
02/01/2015,18.57,18.75,18.43,18.58,18.58,2314200
05/01/2015,18.69,19.15,18.61,18.93,18.93,2817300
06/01/2015,18.97,19.19,18.41,18.63,18.63,2808300
07/01/2015,18.75,19.76,18.75,19.72,19.72,3298200
08/01/2015,19.96,20.1,19.51,19.97,19.97,3960900
09/01/2015,19.91,19.93,19.47,19.78,19.78,2210100
12/01/2015,19.88,20.31,19.88,20.16,20.16,2308500
13/01/2015,20.28,20.45,19.62,19.81,19.81,2557800
14/01/2015,19.5,20.12,19.47,19.83,19.83,2640600
15/01/2015,19.84,19.93,18.99,19.04,19.04,2786100
16/01/2015,18.94,19.12,18.67,19.05,19.05,2160600
20/01/2015,19.15,19.19,18.58,18.66,18.66,1970400
21/01/2015,18.57,18.99,18.57,18.85,18.85,2032500
22/01/2015,19.0,19.81,18.87,19.65,19.65,1995600
23/01/2015,19.61,19.64,19.05,19.14,19.14,1926900
26/01/2015,19.09,20.07,19.01,20.05,20.05,3095400
27/01/2015,19.75,20.38,19.67,20.13,20.13,2484000
28/01/2015,20.3,20.83,20.21,20.62,20.62,3114000
29/01/2015,20.78,20.99,20.38,20.92,20.92,2155200
30/01/2015,20.65,20.81,20.05,20.12,20.12,2997600
02/02/2015,20.15,20.27,19.84,20.24,20.24,1717800
03/02/2015,20.29,20.4,20.05,20.37,20.37,1997400
04/02/2015,20.22,20.75,20.21,20.53,20.53,2082000
05/02/2015,20.68,20.78,20.34,20.54,20.54,1539900
06/02/2015,20.49,20.66,20.27,20.38,20.38,2945100
09/02/2015,19.91,20.17,19.56,19.86,19.86,3307200
10/02/2015,19.97,20.13,19.61,19.67,19.67,3908100
11/02/2015,19.77,20.75,19.51,20.68,20.68,8767500
12/02/2015,21.33,22.37,21.17,22.05,22.05,11599500
13/02/2015,22.03,22.38,21.67,22.03,22.03,4584000
17/02/2015,21.98,22.25,21.84,22.09,22.09,3297000
18/02/2015,22.09,22.17,21.89,22.15,22.15,2280000
19/02/2015,22.2,22.93,22.02,22.64,22.64,5843100
20/02/2015,22.62,23.03,22.36,22.9,22.9,3499500
23/02/2015,22.91,23.14,22.8,23.02,23.02,2735700
24/02/2015,23.03,23.42,22.7,23.1,23.1,2905800
25/02/2015,23.17,23.33,22.89,23.04,23.04,1723800
26/02/2015,23.07,23.16,22.85,22.92,22.92,1195800
27/02/2015,22.93,22.94,22.52,22.71,22.71,1716900
02/03/2015,22.74,23.17,22.56,22.76,22.76,2184600
03/03/2015,22.71,22.87,22.12,22.82,22.82,2138400
04/03/2015,22.69,23.05,22.67,22.81,22.81,1675200
05/03/2015,22.88,23.07,22.62,22.81,22.81,1200600
06/03/2015,22.74,22.82,22.18,22.26,22.26,1621500
09/03/2015,22.27,22.42,21.83,22.1,22.1,2403900
10/03/2015,21.93,22.32,21.63,22.25,22.25,2745300
11/03/2015,22.3,22.6,22.27,22.53,22.53,1487400
12/03/2015,22.68,23.11,22.62,22.86,22.86,2075100
13/03/2015,22.89,23.3,22.48,22.7,22.7,2196300
16/03/2015,22.8,22.96,22.57,22.7,22.7,1837800
17/03/2015,22.59,22.92,22.51,22.67,22.67,1332000
18/03/2015,22.67,23.67,22.61,23.51,23.51,2446500
19/03/2015,23.55,24.22,23.51,23.99,23.99,2441400
20/03/2015,24.03,24.07,23.62,23.8,23.8,1887900
23/03/2015,23.81,24.53,23.81,24.18,24.18,1880400
24/03/2015,24.22,24.36,23.95,24.23,24.23,1827000
25/03/2015,24.27,24.32,23.45,23.5,23.5,2991000
26/03/2015,23.33,23.49,23.01,23.26,23.26,2088600
27/03/2015,23.35,24.03,23.35,23.9,23.9,2396700
30/03/2015,23.96,24.03,23.77,23.81,23.81,1589700
31/03/2015,23.89,24.75,23.88,23.97,23.97,3355800
01/04/2015,23.99,24.51,23.97,24.31,24.31,2502000
02/04/2015,24.31,24.73,24.2,24.35,24.35,1521900
06/04/2015,24.18,24.66,24.09,24.41,24.41,1543800
07/04/2015,24.4,24.58,24.05,24.12,24.12,1764300
08/04/2015,24.17,24.67,24.17,24.56,24.56,1809900
09/04/2015,24.53,24.79,24.24,24.33,24.33,2413200
10/04/2015,24.48,24.48,24.01,24.16,24.16,1594500
13/04/2015,24.17,24.24,23.79,23.84,23.84,1794000
14/04/2015,23.83,23.88,23.33,23.46,23.46,2283000
15/04/2015,23.72,24.51,23.67,24.3,24.3,3908700
16/04/2015,24.3,24.55,24.0,24.29,24.29,2633100
17/04/2015,23.98,24.64,23.98,24.5,24.5,2869500
20/04/2015,24.66,24.67,24.32,24.59,24.59,3123300
21/04/2015,24.76,25.01,24.64,24.94,24.94,3032700
22/04/2015,25.0,25.35,24.46,25.28,25.28,6212400
23/04/2015,27.32,29.16,27.3,28.96,28.96,16873500
24/04/2015,29.1,30.1,28.85,29.89,29.89,8047500
27/04/2015,30.0,30.53,29.96,30.26,30.26,4910100
28/04/2015,30.06,30.36,29.82,30.3,30.3,3261600
29/04/2015,30.1,30.58,30.06,30.32,30.32,3429600
30/04/2015,30.18,30.46,29.83,29.97,29.97,4986300
01/05/2015,30.32,30.66,29.94,30.56,30.56,3208500
04/05/2015,30.65,31.11,30.29,31.11,31.11,3284700
05/05/2015,30.95,31.08,30.68,30.83,30.83,2541600
06/05/2015,30.77,31.03,30.5,30.96,30.96,1948800
07/05/2015,31.06,32.29,30.93,32.23,32.23,4644300
08/05/2015,32.58,33.49,32.56,33.1,33.1,6882300
11/05/2015,32.99,33.27,32.62,33.2,33.2,3574200
12/05/2015,32.94,33.17,32.67,33.1,33.1,3169500
13/05/2015,33.13,33.27,32.75,33.07,33.07,2060100
14/05/2015,33.32,33.68,33.0,33.59,33.59,2759100
15/05/2015,33.77,33.82,33.21,33.58,33.58,2184000
18/05/2015,33.76,34.2,33.71,34.0,34.0,2650200
19/05/2015,34.25,35.62,34.18,35.22,35.22,4729800
20/05/2015,35.23,35.9,34.81,35.67,35.67,3863400
21/05/2015,35.72,35.74,34.85,35.23,35.23,3490800
22/05/2015,35.21,35.59,34.45,34.86,34.86,3009900
26/05/2015,34.86,35.1,34.37,34.8,34.8,2837700
27/05/2015,34.97,34.97,34.13,34.62,34.62,3349500
28/05/2015,34.5,35.9,34.25,35.62,35.62,4242900
29/05/2015,35.97,36.08,35.12,35.29,35.29,2753400
01/06/2015,35.34,35.68,35.05,35.34,35.34,2859600
02/06/2015,35.29,35.79,35.14,35.35,35.35,2348400
03/06/2015,35.51,36.35,35.45,36.0,36.0,2553300
04/06/2015,35.8,36.26,35.33,35.48,35.48,1719900
05/06/2015,35.43,36.66,35.33,36.59,36.59,3114000
08/06/2015,36.67,37.03,36.24,36.24,36.24,2509500
09/06/2015,36.63,36.63,35.77,36.29,36.29,2338800
10/06/2015,36.4,36.83,36.33,36.44,36.44,1671600
11/06/2015,36.56,36.66,36.29,36.34,36.34,2013600
12/06/2015,36.2,37.27,36.17,36.9,36.9,1880400
15/06/2015,36.5,36.86,36.33,36.57,36.57,1915200
16/06/2015,36.56,37.07,36.56,36.96,36.96,1556700
17/06/2015,37.03,37.24,36.73,36.93,36.93,1176900
18/06/2015,37.05,37.68,37.01,37.36,37.36,1734900
19/06/2015,37.29,37.65,37.01,37.19,37.19,2262000
22/06/2015,37.64,38.11,37.6,37.94,37.94,2260800
23/06/2015,37.94,38.26,37.44,37.7,37.7,2796900
24/06/2015,37.71,38.03,37.13,37.18,37.18,2541300
25/06/2015,37.47,37.47,36.68,37.36,37.36,2379600
26/06/2015,37.45,37.66,37.07,37.16,37.16,9757200
29/06/2015,36.77,37.97,36.67,36.82,36.82,3881100
30/06/2015,37.12,37.15,35.34,36.6,36.6,21639600
01/07/2015,36.77,37.9,36.53,37.86,37.86,4063200
02/07/2015,37.99,38.85,37.84,38.34,38.34,4024200
06/07/2015,37.98,38.88,37.96,38.78,38.78,3866700
07/07/2015,39.14,39.24,37.25,39.05,39.05,4243200
08/07/2015,38.41,38.85,37.75,38.08,38.08,2552400
09/07/2015,38.59,38.86,38.3,38.61,38.61,2258700
10/07/2015,38.99,39.8,38.67,39.63,39.63,2332200
13/07/2015,39.95,40.67,39.76,40.0,40.0,2901900
14/07/2015,39.88,40.04,39.34,39.92,39.92,2916900
15/07/2015,39.93,40.36,39.69,39.7,39.7,2937600
16/07/2015,40.13,40.42,39.92,40.24,40.24,2375400
17/07/2015,40.25,40.48,39.76,40.42,40.42,2343300
20/07/2015,40.44,41.52,40.44,41.24,41.24,2926800
21/07/2015,41.7,42.17,41.09,41.8,41.8,3645000
22/07/2015,41.75,42.13,41.5,42.06,42.06,2287200
23/07/2015,42.44,42.51,40.85,41.07,41.07,2819100
24/07/2015,41.4,41.57,40.51,41.0,41.0,2374200
27/07/2015,40.67,40.87,39.96,40.59,40.59,2506800
28/07/2015,40.85,41.64,40.4,41.52,41.52,3045600
29/07/2015,41.74,43.02,40.94,42.81,42.81,6046500
30/07/2015,48.41,50.0,46.5,49.66,49.66,12681600
31/07/2015,49.85,50.67,49.0,50.15,50.15,5241300
03/08/2015,50.14,50.37,48.67,49.55,49.55,4831800
04/08/2015,49.73,51.57,49.51,51.3,51.3,4131900
05/08/2015,51.64,53.48,51.63,53.43,53.43,5702400
06/08/2015,53.98,54.53,50.98,51.38,51.38,6451500
07/08/2015,51.77,51.78,49.84,51.3,51.3,4603200
10/08/2015,51.63,52.57,51.24,51.64,51.64,3668400
11/08/2015,50.8,52.65,50.71,52.52,52.52,3895800
12/08/2015,51.85,51.85,48.61,49.65,49.65,6599400
13/08/2015,49.66,51.54,49.64,50.86,50.86,3552900
14/08/2015,50.95,51.56,50.55,51.18,51.18,1651500
17/08/2015,51.07,52.33,50.76,52.07,52.07,2019300
18/08/2015,51.72,52.54,50.97,51.47,51.47,2574600
19/08/2015,51.17,51.41,50.6,50.75,50.75,3060000
20/08/2015,50.36,50.54,48.5,48.95,48.95,4304100
21/08/2015,48.06,48.26,45.21,46.88,46.88,7944000
24/08/2015,44.13,46.0,42.33,43.49,43.49,7876200
25/08/2015,45.4,47.04,43.7,43.99,43.99,5853300
26/08/2015,45.44,46.02,43.86,45.76,45.76,4181400
27/08/2015,46.66,48.29,46.5,47.58,47.58,4444200
28/08/2015,47.49,48.21,46.73,47.33,47.33,2982600
31/08/2015,46.74,47.95,46.71,46.91,46.91,2209800
01/09/2015,45.9,46.7,45.07,45.51,45.51,2793900
02/09/2015,46.23,46.87,45.52,46.46,46.46,2205600
03/09/2015,46.8,47.22,45.4,45.59,45.59,3000000
04/09/2015,45.0,45.88,44.53,45.65,45.65,3259500
08/09/2015,46.51,46.57,45.19,45.56,45.56,3454500
09/09/2015,45.96,46.17,45.13,45.22,45.22,2283000
10/09/2015,45.02,45.76,44.44,45.25,45.25,2020800
11/09/2015,45.19,45.25,44.05,45.12,45.12,2279100
14/09/2015,45.09,45.78,44.91,45.48,45.48,2531400
15/09/2015,45.72,46.87,45.28,46.64,46.64,2453700
16/09/2015,46.67,47.94,45.8,47.88,47.88,3204000
17/09/2015,47.94,49.58,47.7,48.74,48.74,3592800
18/09/2015,48.07,48.83,46.67,46.9,46.9,4328400
21/09/2015,47.19,47.81,46.24,46.91,46.91,3089100
22/09/2015,45.98,47.26,45.98,47.14,47.14,1907700
23/09/2015,47.14,48.4,47.14,47.57,47.57,1871400
24/09/2015,47.17,47.22,46.1,46.54,46.54,2459700
25/09/2015,47.58,47.72,46.06,46.41,46.41,2446500
28/09/2015,46.39,46.39,42.17,43.16,43.16,5994000
29/09/2015,43.29,44.57,42.25,43.32,43.32,3476100
30/09/2015,44.0,44.91,43.33,44.69,44.69,2535300
01/10/2015,44.51,45.0,43.24,44.23,44.23,3268800
02/10/2015,43.33,44.14,42.67,44.0,44.0,2602800
05/10/2015,44.32,44.57,43.4,44.25,44.25,2404200
06/10/2015,44.36,44.74,42.12,42.55,42.55,4116900
07/10/2015,42.75,42.93,39.77,42.09,42.09,6676200
08/10/2015,42.11,42.27,40.41,41.63,41.63,3202800
09/10/2015,41.68,42.73,41.22,42.52,42.52,3277200
12/10/2015,42.71,43.86,42.28,43.44,43.44,2889000
13/10/2015,43.44,44.5,43.23,43.65,43.65,3124500
14/10/2015,43.86,44.01,42.44,42.73,42.73,2690700
15/10/2015,43.17,44.43,42.88,44.22,44.22,2390100
16/10/2015,44.6,45.36,43.5,45.15,45.15,2622600
19/10/2015,45.81,47.56,45.0,47.47,47.47,3872100
20/10/2015,48.03,49.28,45.51,46.49,46.49,5378100
21/10/2015,46.74,46.95,45.09,45.71,45.71,2837600
22/10/2015,45.87,46.28,45.01,46.19,46.19,7082900
23/10/2015,33.26,33.53,29.55,31.64,31.64,36768100
26/10/2015,32.77,34.1,31.5,31.86,31.86,14736400
27/10/2015,31.55,31.7,30.08,31.07,31.07,7613100
28/10/2015,31.01,31.38,30.19,31.31,31.31,4563900
29/10/2015,31.02,32.29,31.0,31.63,31.63,3172300
30/10/2015,31.88,32.04,31.17,31.2,31.2,2836300
02/11/2015,31.4,31.72,31.02,31.45,31.45,3264700
03/11/2015,31.37,31.69,31.1,31.55,31.55,2806200
04/11/2015,31.39,31.72,29.76,30.0,30.0,6249500
05/11/2015,30.14,30.37,29.05,29.29,29.29,5307600
06/11/2015,29.26,29.74,29.0,29.27,29.27,3492500
09/11/2015,29.06,29.15,28.09,28.37,28.37,4994800
10/11/2015,28.15,28.64,27.3,28.13,28.13,4991400
11/11/2015,27.99,28.08,26.12,26.36,26.36,6176200
12/11/2015,26.32,27.17,26.2,26.6,26.6,5032300
13/11/2015,26.09,26.21,24.81,25.4,25.4,6081400
16/11/2015,24.98,25.5,24.56,25.37,25.37,4739100
17/11/2015,25.38,25.65,24.6,25.32,25.32,3475500
18/11/2015,25.32,28.0,25.32,27.89,27.89,6756000
19/11/2015,27.89,29.29,27.89,29.18,29.18,7181500
20/11/2015,29.52,30.78,28.93,29.03,29.03,6452000
23/11/2015,28.94,29.89,28.94,29.42,29.42,3360300
24/11/2015,29.34,30.55,29.15,30.18,30.18,3420300
25/11/2015,30.21,30.6,29.79,30.1,30.1,2664700
27/11/2015,30.06,30.78,29.83,30.34,30.34,1258500
30/11/2015,30.37,30.59,30.05,30.2,30.2,2710900
01/12/2015,30.14,31.66,30.08,31.63,31.63,4602600
02/12/2015,32.39,33.25,31.95,32.26,32.26,5699000
03/12/2015,32.33,32.7,29.93,29.99,29.99,6317600
04/12/2015,30.04,30.67,29.6,30.48,30.48,3582500
07/12/2015,30.68,30.75,29.84,30.67,30.67,2701300
08/12/2015,30.15,31.09,29.97,30.99,30.99,3153400
09/12/2015,30.62,31.2,29.87,30.36,30.36,2185500
10/12/2015,30.51,30.84,30.19,30.36,30.36,1683500
11/12/2015,29.85,30.17,29.25,29.51,29.51,3187200
14/12/2015,29.55,30.24,28.65,29.3,29.3,2978000
15/12/2015,29.63,30.23,29.19,29.84,29.84,2715300
16/12/2015,30.05,30.8,30.04,30.67,30.67,2808200
17/12/2015,30.8,30.87,30.22,30.23,30.23,2034800
18/12/2015,30.08,30.65,29.87,30.0,30.0,3062600
21/12/2015,30.1,30.26,29.45,30.26,30.26,1701900
22/12/2015,30.25,30.7,29.94,30.6,30.6,1845300
23/12/2015,30.94,31.11,30.5,30.64,30.64,2574500
24/12/2015,30.58,30.83,30.24,30.66,30.66,1255700
28/12/2015,30.6,30.89,30.18,30.5,30.5,1907400
29/12/2015,30.65,31.54,30.61,31.53,31.53,2180900
30/12/2015,31.41,31.62,30.99,31.05,31.05,1949800
31/12/2015,30.88,31.11,30.2,30.21,30.21,3063700
04/01/2016,29.4,29.97,29.05,29.96,29.96,2973100
05/01/2016,29.96,30.47,29.07,29.13,29.13,2437200
06/01/2016,28.8,29.32,28.57,28.87,28.87,2660900
07/01/2016,27.98,28.86,27.81,27.94,27.94,3602100
08/01/2016,28.04,28.28,26.46,26.77,26.77,3383900
11/01/2016,26.92,27.26,26.39,27.12,27.12,2066200
12/01/2016,27.59,27.97,26.87,27.38,27.38,1558700
13/01/2016,27.62,27.68,26.47,26.74,26.74,2201000
14/01/2016,26.75,26.85,25.47,26.39,26.39,2905700
15/01/2016,25.6,27.21,25.57,26.99,26.99,3513000
19/01/2016,27.25,28.13,26.7,27.31,27.31,3138500
20/01/2016,26.86,27.93,25.56,27.53,27.53,2733700
21/01/2016,27.54,28.25,27.08,28.02,28.02,2911700
22/01/2016,27.87,28.39,26.79,27.48,27.48,3925700
25/01/2016,27.47,27.7,27.01,27.24,27.24,1734100
26/01/2016,27.31,28.53,27.11,27.81,27.81,2464000
27/01/2016,27.67,28.04,27.14,27.47,27.47,2258800
28/01/2016,28.25,28.25,26.9,27.0,27.0,2834300
29/01/2016,27.18,28.21,27.07,28.19,28.19,3092700
01/02/2016,28.06,28.99,27.81,28.79,28.79,2031900
02/02/2016,28.69,29.93,28.62,29.07,29.07,2768300
03/02/2016,29.18,29.28,27.88,29.13,29.13,3264800
04/02/2016,28.76,29.12,27.5,29.08,29.08,3576400
05/02/2016,28.32,29.04,27.58,27.66,27.66,3513300
08/02/2016,27.22,27.48,26.05,26.85,26.85,4301900
09/02/2016,26.62,27.5,26.38,26.88,26.88,3741200
10/02/2016,27.23,28.14,27.01,27.17,27.17,4569700
11/02/2016,29.3,30.35,26.35,28.24,28.24,12055600
12/02/2016,28.68,30.49,27.78,30.38,30.38,5908800
16/02/2016,31.01,31.91,30.97,31.39,31.39,4035100
17/02/2016,31.56,33.07,31.51,32.62,32.62,3754100
18/02/2016,32.83,32.92,31.88,32.01,32.01,2549000
19/02/2016,31.88,31.88,31.1,31.88,31.88,1565500
22/02/2016,32.24,32.65,32.06,32.43,32.43,1574900
23/02/2016,32.42,32.68,32.2,32.22,32.22,1459100
24/02/2016,31.94,32.69,31.67,32.58,32.58,1580700
25/02/2016,32.83,33.47,32.62,33.0,33.0,2012700
26/02/2016,33.25,33.25,32.7,32.93,32.93,1675300
29/02/2016,33.05,33.3,32.91,32.92,32.92,1863000
01/03/2016,33.1,33.68,32.22,33.54,33.54,2194900
02/03/2016,33.48,33.6,33.07,33.59,33.59,1965800
03/03/2016,33.52,33.89,33.11,33.78,33.78,2668100
04/03/2016,33.77,34.27,33.33,33.72,33.72,1804800
07/03/2016,33.44,33.66,32.51,32.67,32.67,2230700
08/03/2016,32.55,32.55,31.4,31.45,31.45,2517400
09/03/2016,31.5,31.51,30.55,31.38,31.38,2938000
10/03/2016,31.52,32.26,31.42,32.02,32.02,2117300
11/03/2016,32.17,32.76,31.93,32.33,32.33,1738000
14/03/2016,32.17,32.46,31.48,31.53,31.53,1968900
15/03/2016,31.6,32.77,31.57,32.37,32.37,1373700
16/03/2016,32.34,32.58,31.11,31.39,31.39,2156200
17/03/2016,31.28,33.14,31.2,33.11,33.11,3533600
18/03/2016,33.05,33.36,32.94,32.94,32.94,3080300
21/03/2016,32.98,33.18,32.39,32.5,32.5,1351500
22/03/2016,32.3,32.3,30.88,31.06,31.06,3778200
23/03/2016,30.8,30.87,29.86,30.23,30.23,3595100
24/03/2016,30.15,30.3,29.58,30.22,30.22,2299500
28/03/2016,30.42,31.37,30.42,30.78,30.78,2414400
29/03/2016,30.72,30.89,30.0,30.78,30.78,2744000
30/03/2016,31.01,31.54,31.01,31.29,31.29,1802200
31/03/2016,31.3,31.78,30.31,30.45,30.45,4379700
01/04/2016,30.45,30.67,29.89,30.32,30.32,2371400
04/04/2016,30.32,30.32,28.36,28.51,28.51,5050500
05/04/2016,28.18,28.6,27.96,28.36,28.36,2774000
06/04/2016,28.39,28.49,27.82,28.41,28.41,3288500
07/04/2016,27.78,27.87,26.85,27.31,27.31,6609700
08/04/2016,27.62,27.69,26.51,26.7,26.7,3265200
11/04/2016,26.69,27.21,26.2,26.26,26.26,3430700
12/04/2016,26.29,27.38,25.89,27.08,27.08,3810600
13/04/2016,27.37,28.38,27.34,28.3,28.3,3760900
14/04/2016,28.39,29.0,28.25,28.31,28.31,3290400
15/04/2016,28.21,28.79,28.05,28.69,28.69,3108000
18/04/2016,28.65,29.51,28.54,29.36,29.36,3059700
19/04/2016,29.55,29.77,29.2,29.51,29.51,3196900
20/04/2016,29.85,30.15,29.64,30.04,30.04,2950300
21/04/2016,30.38,30.9,29.91,30.8,30.8,6072500
22/04/2016,32.87,33.6,31.77,32.73,32.73,9867500
25/04/2016,32.8,33.83,32.7,33.54,33.54,5067300
26/04/2016,33.51,34.2,33.51,34.06,34.06,4171800
27/04/2016,34.05,34.1,33.47,33.73,33.73,2274600
28/04/2016,33.4,34.16,33.32,33.4,33.4,2333600
29/04/2016,33.41,33.48,32.51,33.05,33.05,2533800
02/05/2016,33.1,34.03,33.06,33.9,33.9,2640200
03/05/2016,33.61,33.75,32.56,32.66,32.66,3055800
04/05/2016,32.59,33.21,32.31,32.8,32.8,2512400
05/05/2016,32.49,32.6,31.37,31.54,31.54,3481500
06/05/2016,31.48,31.53,30.49,31.43,31.43,2455400
09/05/2016,31.56,32.39,31.47,32.16,32.16,1838400
10/05/2016,32.17,32.55,31.81,31.98,31.98,1595500
11/05/2016,31.56,31.7,30.64,30.68,30.68,2505600
12/05/2016,30.86,31.67,30.73,31.44,31.44,1876500
13/05/2016,31.24,32.23,30.65,30.99,30.99,2155500
16/05/2016,30.92,31.31,30.53,31.04,31.04,1841600
17/05/2016,31.0,31.23,29.99,30.08,30.08,3216800
18/05/2016,29.99,30.0,28.77,29.03,29.03,3713000
19/05/2016,28.98,29.73,28.9,29.44,29.44,1826100
20/05/2016,29.44,30.06,29.2,29.98,29.98,2407200
23/05/2016,30.1,30.33,29.64,29.67,29.67,1583600
24/05/2016,29.55,29.94,29.47,29.58,29.58,2178000
25/05/2016,29.66,30.02,29.4,29.72,29.72,1388100
26/05/2016,29.93,30.43,29.85,30.19,30.19,2236500
27/05/2016,30.16,30.83,30.14,30.68,30.68,1705300
31/05/2016,30.86,31.21,30.6,31.17,31.17,2387900
01/06/2016,30.97,31.68,30.8,31.47,31.47,2108200
02/06/2016,31.43,31.77,31.24,31.66,31.66,2350900
03/06/2016,31.5,32.03,31.31,31.84,31.84,1889000
06/06/2016,31.5,31.6,30.76,31.56,31.56,2260700
07/06/2016,31.4,31.6,31.21,31.29,31.29,5632200
08/06/2016,31.31,31.49,30.27,30.34,30.34,4006800
09/06/2016,30.3,30.73,29.85,30.65,30.65,3048900
10/06/2016,30.38,30.5,29.62,29.75,29.75,2247100
13/06/2016,29.53,29.82,29.01,29.05,29.05,1697700
14/06/2016,28.97,29.37,28.81,29.07,29.07,2016200
15/06/2016,29.36,29.87,29.18,29.24,29.24,1700000
16/06/2016,29.14,29.17,28.57,28.97,28.97,1417500
17/06/2016,28.91,29.41,28.81,28.99,28.99,1700500
20/06/2016,29.43,29.78,29.34,29.54,29.54,1733600
21/06/2016,29.64,29.83,29.3,29.44,29.44,1224500
22/06/2016,29.44,29.47,29.05,29.06,29.06,1645900
23/06/2016,29.39,29.68,29.17,29.3,29.3,2223800
24/06/2016,28.1,28.91,28.1,28.2,28.2,3648700
27/06/2016,28.0,28.08,26.92,27.26,27.26,2700400
28/06/2016,27.66,28.23,27.48,28.16,28.16,2236600
29/06/2016,28.58,30.15,28.46,30.04,30.04,3492800
30/06/2016,30.01,30.07,29.36,29.72,29.72,2777700
01/07/2016,29.72,30.24,29.21,29.38,29.38,2025800
05/07/2016,29.3,29.38,28.8,29.01,29.01,1823000
06/07/2016,28.92,29.61,28.65,29.52,29.52,2598000
07/07/2016,29.5,30.27,29.5,30.04,30.04,1674200
08/07/2016,30.42,31.15,30.4,30.79,30.79,1802700
11/07/2016,30.79,31.67,30.79,31.12,31.12,1781800
12/07/2016,31.12,32.64,31.1,32.52,32.52,3680200
13/07/2016,32.53,32.63,31.65,32.52,32.52,2073400
14/07/2016,32.41,32.66,31.75,32.0,32.0,2522500
15/07/2016,31.99,32.67,31.87,32.39,32.39,2694400
18/07/2016,32.32,32.71,32.14,32.58,32.58,2314900
19/07/2016,32.6,32.63,31.89,31.94,31.94,1890600
20/07/2016,32.15,32.62,32.01,32.28,32.28,1926400
21/07/2016,32.3,32.54,31.85,32.18,32.18,3722300
22/07/2016,27.36,27.39,24.16,24.99,24.99,32840600
25/07/2016,25.18,25.39,24.1,24.38,24.38,9285000
26/07/2016,24.5,24.76,24.25,24.36,24.36,4185100
27/07/2016,24.63,24.71,24.13,24.33,24.33,3578800
28/07/2016,24.5,24.59,24.03,24.05,24.05,3004400
29/07/2016,24.04,24.27,23.7,24.02,24.02,3488700
01/08/2016,23.82,24.16,23.55,23.81,23.81,3298100
02/08/2016,23.75,23.81,22.81,22.88,22.88,3796500
03/08/2016,22.55,23.87,22.5,23.52,23.52,2953500
04/08/2016,23.59,23.99,23.3,23.42,23.42,2640400
05/08/2016,23.64,23.95,23.47,23.52,23.52,2218900
08/08/2016,23.69,24.04,23.6,23.65,23.65,1942500
09/08/2016,23.61,23.83,23.35,23.46,23.46,2107200
10/08/2016,23.59,23.89,23.52,23.61,23.61,2018300
11/08/2016,23.95,24.93,23.84,24.78,24.78,4948400
12/08/2016,24.62,25.43,24.5,25.32,25.32,4410900
15/08/2016,25.34,25.92,25.1,25.18,25.18,4118700
16/08/2016,25.0,25.2,24.55,24.75,24.75,4569900
17/08/2016,24.75,24.94,24.52,24.56,24.56,2066400
18/08/2016,24.76,25.26,24.73,24.92,24.92,3264200
19/08/2016,24.91,25.35,24.86,25.04,25.04,2218300
22/08/2016,25.14,25.42,24.64,24.88,24.88,2112600
23/08/2016,25.23,25.48,25.15,25.18,25.18,2447000
24/08/2016,25.18,25.48,24.83,24.9,24.9,1603800
25/08/2016,24.9,25.3,24.83,24.91,24.91,1816600
26/08/2016,24.82,25.1,24.52,24.72,24.72,1354200
29/08/2016,24.8,25.05,24.79,24.93,24.93,980300
30/08/2016,24.83,24.95,24.65,24.71,24.71,1530200
31/08/2016,24.67,24.86,24.1,24.31,24.31,1984200
01/09/2016,24.3,24.54,24.0,24.46,24.46,2052300
02/09/2016,24.49,24.7,24.21,24.37,24.37,1293000
06/09/2016,24.41,24.5,24.12,24.3,24.3,1614100
07/09/2016,24.25,24.35,24.09,24.32,24.32,2383800
08/09/2016,24.25,24.4,24.01,24.11,24.11,1803400
09/09/2016,24.0,24.0,23.48,23.48,23.48,1904700
12/09/2016,23.32,23.82,23.23,23.72,23.72,2306200
13/09/2016,23.45,23.65,22.77,23.09,23.09,3374600
14/09/2016,23.09,23.15,22.6,22.87,22.87,2560300
15/09/2016,22.7,23.34,22.44,23.25,23.25,3294800
16/09/2016,23.13,23.13,22.62,22.84,22.84,3539600
19/09/2016,22.98,23.37,22.82,23.13,23.13,2530900
20/09/2016,23.3,23.34,23.09,23.23,23.23,2423700
21/09/2016,22.09,22.35,20.9,21.22,21.22,13164900
22/09/2016,21.3,21.98,21.05,21.93,21.93,5713100
23/09/2016,21.9,22.6,21.84,22.09,22.09,3794200
26/09/2016,22.0,22.21,21.88,22.02,22.02,2137100
27/09/2016,22.0,22.24,21.82,22.16,22.16,2478300
28/09/2016,22.28,22.74,22.18,22.48,22.48,2581500
29/09/2016,22.37,22.45,21.9,21.91,21.91,2733900
30/09/2016,22.5,23.14,22.36,22.9,22.9,3755600
03/10/2016,22.9,23.13,22.84,23.05,23.05,2403900
04/10/2016,23.08,23.25,22.72,23.13,23.13,2260500
05/10/2016,23.14,23.43,22.97,23.02,23.02,2253100
06/10/2016,22.88,22.95,22.57,22.87,22.87,1475600
07/10/2016,22.93,22.95,22.74,22.9,22.9,1721700
10/10/2016,22.94,23.39,22.93,23.04,23.04,2077300
11/10/2016,22.9,22.99,22.44,22.59,22.59,1746400
12/10/2016,22.64,23.31,22.54,23.08,23.08,1734400
13/10/2016,22.88,22.92,22.31,22.75,22.75,1956600
14/10/2016,22.94,23.15,22.76,22.83,22.83,1895700
17/10/2016,22.77,22.89,22.02,22.12,22.12,2972400
18/10/2016,22.32,22.76,22.29,22.67,22.67,3987400
19/10/2016,22.8,23.2,22.79,22.92,22.92,3718500
20/10/2016,22.91,23.1,22.56,22.94,22.94,5581700
21/10/2016,19.23,19.92,18.81,18.98,18.98,24659100
24/10/2016,19.12,19.38,19.02,19.34,19.34,6248800
25/10/2016,19.04,19.79,19.02,19.77,19.77,4630300
26/10/2016,19.8,20.54,19.75,20.08,20.08,4222400
27/10/2016,20.19,20.6,20.08,20.33,20.33,2507100
28/10/2016,20.36,21.0,20.36,20.8,20.8,3140000
31/10/2016,20.81,21.23,20.7,21.03,21.03,2893600
01/11/2016,21.06,21.47,20.54,20.72,20.72,2726500
02/11/2016,20.49,21.1,20.34,20.42,20.42,2589700
03/11/2016,20.13,20.18,19.59,19.62,19.62,2758500
04/11/2016,19.65,20.28,19.65,19.95,19.95,2636100
07/11/2016,20.01,20.82,20.01,20.54,20.54,2644300
08/11/2016,20.46,21.04,20.31,20.93,20.93,2018000
09/11/2016,20.25,21.47,20.01,21.2,21.2,2760300
10/11/2016,21.37,22.02,21.2,21.41,21.41,2758600
11/11/2016,21.71,21.87,21.46,21.71,21.71,1965600
14/11/2016,21.76,22.45,21.75,21.99,21.99,2027400
15/11/2016,22.15,22.44,21.73,22.18,22.18,1952800
16/11/2016,22.12,22.6,22.12,22.24,22.24,2347700
17/11/2016,22.23,22.74,22.2,22.54,22.54,1900000
18/11/2016,22.48,22.56,22.11,22.23,22.23,1528600
21/11/2016,22.2,22.5,22.2,22.28,22.28,2000600
22/11/2016,22.3,22.64,22.25,22.37,22.37,1586700
23/11/2016,22.3,22.84,22.3,22.72,22.72,1829600
25/11/2016,22.65,22.68,22.04,22.14,22.14,1176200
28/11/2016,22.14,22.41,21.97,22.28,22.28,2347800
29/11/2016,22.21,22.25,21.33,21.48,21.48,3593200
30/11/2016,21.48,23.09,21.42,22.78,22.78,6723100
01/12/2016,24.72,26.48,24.65,26.4,26.4,13015700
02/12/2016,25.87,26.57,25.58,26.16,26.16,4738400
05/12/2016,26.06,26.35,25.98,26.14,26.14,3107900
06/12/2016,26.2,26.51,25.96,26.5,26.5,3280400
07/12/2016,26.56,27.41,26.51,27.33,27.33,2924600
08/12/2016,27.22,27.76,27.2,27.54,27.54,2412700
09/12/2016,27.57,27.65,26.92,27.21,27.21,1737200
12/12/2016,26.99,26.99,26.17,26.41,26.41,1568000
13/12/2016,26.22,26.76,26.14,26.16,26.16,1381800
14/12/2016,26.23,26.3,25.77,26.02,26.02,1373000
15/12/2016,26.1,26.2,25.48,25.61,25.61,2034500
16/12/2016,25.67,25.67,25.15,25.17,25.17,2477900
19/12/2016,25.22,25.58,25.03,25.34,25.34,1454100
20/12/2016,25.35,25.47,24.91,25.18,25.18,1658300
21/12/2016,25.19,25.2,24.67,25.13,25.13,1153200
22/12/2016,24.96,24.96,23.96,24.05,24.05,2185000
23/12/2016,24.47,24.86,24.4,24.48,24.48,1485100
27/12/2016,24.45,25.01,24.45,24.59,24.59,1183300
28/12/2016,24.66,24.85,24.33,24.6,24.6,1043500
29/12/2016,24.71,24.93,24.44,24.65,24.65,744400
30/12/2016,24.71,24.85,24.51,24.58,24.58,1171400
03/01/2017,25.0,25.24,24.62,24.89,24.89,1147700
04/01/2017,24.96,25.67,24.96,25.61,25.61,1391300
05/01/2017,25.24,25.3,24.68,25.22,25.22,1482000
06/01/2017,25.36,25.49,24.93,25.03,25.03,1419900
09/01/2017,24.99,25.18,24.84,25.15,25.15,1091800
10/01/2017,25.25,25.86,25.25,25.62,25.62,977400
11/01/2017,25.54,25.76,25.16,25.24,25.24,1245400
12/01/2017,25.02,25.61,24.91,25.51,25.51,1132300
13/01/2017,25.62,25.86,25.24,25.46,25.46,1080000
17/01/2017,25.17,25.59,25.07,25.27,25.27,1801300
18/01/2017,25.4,25.44,24.73,25.23,25.23,2069400
19/01/2017,25.34,25.48,24.4,24.55,24.55,1699400
20/01/2017,24.76,25.11,24.64,24.97,24.97,1419600
23/01/2017,24.78,25.0,24.33,24.86,24.86,1617600
24/01/2017,24.98,25.96,24.94,25.9,25.9,2091700
25/01/2017,26.08,26.4,25.58,25.78,25.78,1558200
26/01/2017,25.62,25.73,24.94,24.98,24.98,1672000
27/01/2017,24.9,25.6,24.89,24.97,24.97,1788000
30/01/2017,24.75,25.03,24.32,24.92,24.92,1935500
31/01/2017,24.5,25.13,24.16,25.12,25.12,2926000
01/02/2017,25.07,25.08,24.25,24.29,24.29,2178800
02/02/2017,24.06,24.37,23.62,23.66,23.66,2277600
03/02/2017,23.52,23.93,23.1,23.51,23.51,2184600
06/02/2017,23.5,23.58,23.14,23.26,23.26,1947000
07/02/2017,23.23,23.23,22.57,22.59,22.59,2777500
08/02/2017,22.7,22.77,22.31,22.54,22.54,4168100
09/02/2017,22.54,23.53,22.53,23.28,23.28,4509200
10/02/2017,26.3,28.5,26.26,27.78,27.78,13166300
13/02/2017,27.8,27.8,26.9,26.99,26.99,4599300
14/02/2017,26.78,26.87,26.5,26.64,26.64,3076300
15/02/2017,26.36,26.85,26.33,26.39,26.39,1866200
16/02/2017,26.39,26.53,25.52,25.57,25.57,2727600
17/02/2017,25.57,26.29,25.5,26.28,26.28,2409800
21/02/2017,26.42,26.76,26.3,26.46,26.46,2092200
22/02/2017,26.36,26.61,26.3,26.5,26.5,1260600
23/02/2017,26.56,26.8,26.2,26.22,26.22,1783900
24/02/2017,26.16,26.78,25.85,26.5,26.5,2303600
27/02/2017,26.39,26.61,26.15,26.48,26.48,1900900
28/02/2017,26.31,26.36,25.62,25.67,25.67,1639000
01/03/2017,26.0,26.25,25.48,25.74,25.74,1926000
02/03/2017,25.73,26.25,25.68,25.86,25.86,2132900
03/03/2017,25.98,26.34,25.49,25.59,25.59,2258200
06/03/2017,25.41,25.55,25.19,25.46,25.46,1202800
07/03/2017,25.31,25.47,25.16,25.26,25.26,1221700
08/03/2017,25.27,26.11,25.27,25.94,25.94,1543800
09/03/2017,25.94,26.16,25.66,25.73,25.73,1238700
10/03/2017,25.61,26.28,25.56,26.24,26.24,1364700
13/03/2017,26.2,26.54,26.14,26.46,26.46,1745100
14/03/2017,26.34,26.78,26.16,26.16,26.16,1345900
15/03/2017,26.38,27.63,26.23,27.41,27.41,2524600
16/03/2017,27.44,28.03,27.28,27.65,27.65,3556000
17/03/2017,27.64,28.29,27.64,27.92,27.92,3450500
20/03/2017,27.83,27.86,27.17,27.38,27.38,1354600
21/03/2017,27.48,27.49,26.41,26.87,26.87,1455800
22/03/2017,26.34,27.58,26.12,27.53,27.53,1706200
23/03/2017,27.65,27.85,27.32,27.44,27.44,1323100
24/03/2017,28.5,28.96,27.87,28.87,28.87,3537400
27/03/2017,28.51,29.24,28.43,28.88,28.88,1959600
28/03/2017,28.99,30.0,28.99,29.96,29.96,2360200
29/03/2017,28.03,29.28,27.67,28.54,28.54,6743400
30/03/2017,28.23,28.51,27.52,27.76,27.76,2602400
31/03/2017,27.8,27.94,27.27,27.45,27.45,3027900
03/04/2017,27.6,27.6,26.72,26.8,26.8,2680200
04/04/2017,26.7,26.77,26.02,26.21,26.21,3157200
05/04/2017,26.28,26.62,25.97,26.09,26.09,2512800
06/04/2017,26.22,26.4,25.51,25.57,25.57,3300700
07/04/2017,25.43,25.47,24.64,24.85,24.85,5550900
10/04/2017,25.21,25.78,24.96,25.39,25.39,3764700
11/04/2017,25.4,25.52,25.08,25.18,25.18,1895500
12/04/2017,25.35,25.47,25.04,25.16,25.16,1976200
13/04/2017,25.2,25.41,24.88,24.97,24.97,1678900
17/04/2017,25.01,25.89,25.01,25.55,25.55,5487900
18/04/2017,25.6,25.6,24.75,24.89,24.89,3688700
19/04/2017,25.1,26.08,24.96,25.91,25.91,3836400
20/04/2017,25.99,26.43,25.71,26.15,26.15,6765300
21/04/2017,26.42,26.51,25.16,25.48,25.48,9863900
24/04/2017,25.96,26.29,25.64,26.06,26.06,4627900
25/04/2017,26.11,26.25,25.75,25.8,25.8,2894100
26/04/2017,25.83,26.09,25.48,25.49,25.49,2850400
27/04/2017,25.57,25.6,24.96,25.25,25.25,2619400
28/04/2017,25.14,25.35,24.73,25.25,25.25,3145900
01/05/2017,25.43,25.76,25.0,25.47,25.47,2359000
02/05/2017,25.57,25.72,24.94,25.14,25.14,2324200
03/05/2017,25.0,25.01,24.24,24.45,24.45,3773400
04/05/2017,24.6,24.74,23.95,24.24,24.24,2955600
05/05/2017,24.26,24.58,24.06,24.57,24.57,1971800
08/05/2017,24.62,24.79,24.16,24.31,24.31,2469700
09/05/2017,24.36,24.73,24.23,24.3,24.3,2480600
10/05/2017,24.2,25.12,24.2,24.98,24.98,2770000
11/05/2017,24.85,24.86,23.8,24.13,24.13,3367300
12/05/2017,24.0,24.29,23.48,23.85,23.85,4525500
15/05/2017,23.85,24.66,23.77,24.38,24.38,3544100
16/05/2017,24.27,24.51,24.08,24.16,24.16,4163700
17/05/2017,24.16,24.17,23.31,23.35,23.35,3249000
18/05/2017,23.36,23.61,22.64,22.99,22.99,3456600
19/05/2017,23.01,23.59,22.85,23.45,23.45,2227800
22/05/2017,23.48,23.74,23.02,23.16,23.16,2441200
23/05/2017,23.45,23.77,22.99,23.65,23.65,3232300
24/05/2017,23.58,24.19,23.21,24.11,24.11,3166800
25/05/2017,24.3,24.65,24.01,24.15,24.15,3408300
26/05/2017,24.25,24.91,24.15,24.88,24.88,2781300
30/05/2017,24.97,25.09,24.71,24.87,24.87,2672900
31/05/2017,24.98,26.05,24.98,25.52,25.52,5657500
01/06/2017,25.84,26.25,25.63,26.22,26.22,5131600
02/06/2017,26.31,26.44,25.88,26.41,26.41,3758100
05/06/2017,26.85,27.39,26.59,27.23,27.23,4688300
06/06/2017,26.95,27.24,26.54,26.75,26.75,3630500
07/06/2017,26.96,27.1,26.39,26.4,26.4,3157300
08/06/2017,26.49,26.85,26.21,26.7,26.7,2674200
09/06/2017,26.84,27.58,26.76,27.32,27.32,3094900
12/06/2017,27.12,27.77,27.12,27.29,27.29,2806500
13/06/2017,27.43,27.95,27.22,27.76,27.76,2653400
14/06/2017,27.95,27.95,27.67,27.92,27.92,2263500
15/06/2017,27.65,28.18,27.51,27.89,27.89,2966800
16/06/2017,27.87,27.87,27.29,27.46,27.46,3148800
19/06/2017,27.53,27.7,27.15,27.44,27.44,2568600
20/06/2017,27.27,27.36,26.23,26.35,26.35,2862600
21/06/2017,26.24,26.88,26.19,26.87,26.87,1644700
22/06/2017,26.78,28.2,26.69,27.9,27.9,3791500
23/06/2017,27.78,28.85,27.52,28.85,28.85,5299500
26/06/2017,28.92,29.19,28.59,28.66,28.66,3671700
27/06/2017,28.75,29.26,28.75,28.9,28.9,1685900
28/06/2017,29.0,29.35,28.91,29.05,29.05,3224100
29/06/2017,29.1,29.44,28.88,29.2,29.2,1630000
30/06/2017,29.46,29.75,29.23,29.5,29.5,1651400
03/07/2017,29.68,29.9,29.52,29.73,29.73,1241500
05/07/2017,29.63,29.63,28.96,29.05,29.05,2162400
06/07/2017,28.82,29.13,28.5,28.57,28.57,1798700
07/07/2017,28.5,29.35,28.43,29.22,29.22,1925500
10/07/2017,28.99,29.19,28.76,28.96,28.96,2427200
11/07/2017,28.8,28.8,27.65,28.01,28.01,3894000
12/07/2017,27.56,28.52,27.56,28.31,28.31,2148000
13/07/2017,28.44,28.58,28.23,28.38,28.38,1685500
14/07/2017,28.5,29.0,28.38,28.76,28.76,2330100
17/07/2017,28.56,28.99,28.56,28.67,28.67,1540200
18/07/2017,29.08,29.18,28.56,28.74,28.74,2203500
19/07/2017,28.89,28.98,28.23,28.57,28.57,2838200
20/07/2017,28.71,28.79,28.24,28.31,28.31,4759000
21/07/2017,28.33,29.04,26.56,28.5,28.5,9642900
24/07/2017,28.1,28.6,28.0,28.12,28.12,3092000
25/07/2017,28.14,29.55,28.13,29.39,29.39,3273100
26/07/2017,29.29,29.38,28.65,28.67,28.67,1777500
27/07/2017,28.62,28.73,27.96,28.17,28.17,2196000
28/07/2017,27.64,28.57,27.64,28.51,28.51,1704700
31/07/2017,28.49,28.61,27.89,28.09,28.09,2067900
01/08/2017,28.12,28.4,27.8,27.93,27.93,1430000
02/08/2017,27.79,28.0,27.45,27.52,27.52,2493000
03/08/2017,27.52,28.19,27.52,27.76,27.76,1219100
04/08/2017,27.77,27.97,27.58,27.94,27.94,1011800
07/08/2017,28.1,28.21,27.7,27.8,27.8,1335000
08/08/2017,28.04,28.86,27.91,28.69,28.69,2050800
09/08/2017,28.36,28.87,27.92,28.76,28.76,1946600
10/08/2017,28.58,28.88,28.33,28.61,28.61,1358600
11/08/2017,28.53,29.37,28.45,29.33,29.33,2117500
14/08/2017,29.4,29.47,28.65,28.72,28.72,1716400
15/08/2017,28.61,28.61,27.82,28.04,28.04,1559000
16/08/2017,28.24,28.33,27.92,27.92,27.92,910900
17/08/2017,27.8,27.96,27.37,27.4,27.4,1380800
18/08/2017,27.14,27.37,26.47,26.95,26.95,2883000
21/08/2017,26.95,26.95,26.32,26.43,26.43,1958200
22/08/2017,26.89,27.31,26.54,26.73,26.73,2084900
23/08/2017,26.69,27.07,26.63,26.91,26.91,1183600
24/08/2017,27.24,27.44,26.84,27.17,27.17,1195700
25/08/2017,27.25,27.78,27.07,27.55,27.55,1509700
28/08/2017,27.56,27.63,27.03,27.27,27.27,1358100
29/08/2017,26.89,26.98,26.68,26.82,26.82,1230400
30/08/2017,26.75,26.76,25.8,26.12,26.12,3875700
31/08/2017,26.14,26.49,26.13,26.43,26.43,1241700
01/09/2017,26.58,26.94,26.51,26.75,26.75,1187400
05/09/2017,26.73,26.85,25.77,26.04,26.04,1917500
06/09/2017,26.15,26.72,26.07,26.54,26.54,1448300
07/09/2017,26.55,26.55,25.45,25.68,25.68,2414200
08/09/2017,25.64,26.28,25.64,25.95,25.95,1493300
11/09/2017,25.88,26.3,25.86,26.08,26.08,1761100
12/09/2017,26.27,26.48,26.08,26.09,26.09,1087500
13/09/2017,26.14,26.2,25.6,25.74,25.74,2577100
14/09/2017,26.14,26.4,25.66,26.05,26.05,3124400
15/09/2017,26.02,26.7,25.95,26.39,26.39,2308000
18/09/2017,26.45,26.74,26.06,26.07,26.07,1393100
19/09/2017,26.12,26.29,25.4,25.76,25.76,2075000
20/09/2017,25.77,26.0,25.62,25.79,25.79,1467600
21/09/2017,25.94,26.13,25.51,25.56,25.56,965100
22/09/2017,25.41,25.45,24.54,24.82,24.82,3962100
25/09/2017,24.82,25.16,24.4,24.58,24.58,4212400
26/09/2017,24.7,24.74,24.02,24.3,24.3,3392500
27/09/2017,24.28,25.08,24.28,24.99,24.99,1899100
28/09/2017,24.98,25.16,24.5,24.76,24.76,2331100
29/09/2017,24.81,25.29,24.73,25.09,25.09,1765700
02/10/2017,25.1,25.15,24.49,24.58,24.58,3599600
03/10/2017,24.6,25.0,24.58,24.82,24.82,2181800
04/10/2017,24.84,25.14,24.71,24.78,24.78,2190000
05/10/2017,24.87,24.91,24.37,24.91,24.91,3100000
06/10/2017,24.8,25.54,24.67,25.51,25.51,2784600
09/10/2017,25.64,25.64,24.98,25.09,25.09,1327600
10/10/2017,25.22,25.59,25.18,25.46,25.46,1537700
11/10/2017,25.4,25.41,24.74,24.84,24.84,2231800
12/10/2017,24.74,24.94,24.32,24.39,24.39,1700800
13/10/2017,24.49,24.54,24.23,24.35,24.35,1965100
16/10/2017,24.14,24.46,23.9,24.18,24.18,2682400
17/10/2017,24.28,24.87,24.28,24.79,24.79,2259100
18/10/2017,24.88,25.15,24.7,25.09,25.09,3073300
19/10/2017,25.2,25.29,24.0,24.03,24.03,6924400
20/10/2017,31.05,34.33,30.07,33.99,33.99,35080800
23/10/2017,33.56,34.87,33.56,33.97,33.97,10971800
24/10/2017,33.9,34.3,33.29,33.47,33.47,4948300
25/10/2017,33.42,33.85,33.21,33.5,33.5,3722600
26/10/2017,33.28,33.53,32.67,32.76,32.76,3205200
27/10/2017,32.54,33.0,32.53,32.94,32.94,3726900
30/10/2017,32.73,33.41,32.66,33.04,33.04,5490000
31/10/2017,32.94,33.0,31.69,31.92,31.92,2844900
01/11/2017,31.83,32.96,31.75,32.55,32.55,2690600
02/11/2017,31.82,32.41,31.64,31.91,31.91,5179200
03/11/2017,31.97,32.0,31.26,31.26,31.26,2818700
06/11/2017,31.3,31.36,30.96,31.06,31.06,3479800
07/11/2017,30.85,31.33,30.41,31.22,31.22,2548500
08/11/2017,31.11,31.12,30.74,30.92,30.92,2385500
09/11/2017,30.7,31.59,30.63,31.18,31.18,3021200
10/11/2017,30.92,32.17,30.92,32.0,32.0,2391600
13/11/2017,31.93,32.65,31.93,32.46,32.46,1724700
14/11/2017,32.18,32.53,32.16,32.3,32.3,1571400
15/11/2017,32.2,32.88,32.2,32.44,32.44,2481500
16/11/2017,32.43,33.03,32.43,32.8,32.8,1257000
17/11/2017,33.15,33.76,32.97,33.62,33.62,2385700
20/11/2017,33.65,33.92,33.22,33.71,33.71,2250500
21/11/2017,33.18,33.61,33.0,33.18,33.18,1943900
22/11/2017,33.2,33.83,33.2,33.67,33.67,1145900
24/11/2017,33.78,33.97,33.5,33.54,33.54,380000
27/11/2017,33.65,34.95,33.65,34.69,34.69,3332600
28/11/2017,34.64,34.86,34.26,34.61,34.61,2635200
29/11/2017,34.65,35.32,34.17,34.56,34.56,5716900
30/11/2017,34.84,35.8,34.62,35.1,35.1,2286500
01/12/2017,35.27,35.66,34.62,35.45,35.45,2441700
04/12/2017,35.64,36.43,35.12,35.18,35.18,4130500
05/12/2017,35.13,35.5,34.37,34.39,34.39,2101500
06/12/2017,34.73,35.02,34.28,34.89,34.89,1473900
07/12/2017,35.13,35.46,34.76,35.37,35.37,1234900
08/12/2017,35.61,35.99,35.57,35.64,35.64,1658300
11/12/2017,36.01,36.51,35.86,36.44,36.44,1615600
12/12/2017,36.34,36.54,36.04,36.31,36.31,1314500
13/12/2017,36.37,36.8,36.07,36.7,36.7,1057800
14/12/2017,36.95,37.66,36.82,36.92,36.92,1813100
15/12/2017,37.59,38.41,37.55,38.13,38.13,2895200
18/12/2017,37.94,38.31,37.6,37.97,37.97,2342000
19/12/2017,38.0,38.03,37.47,37.61,37.61,1639700
20/12/2017,37.55,37.86,37.27,37.58,37.58,1267000
21/12/2017,37.52,38.33,37.43,38.22,38.22,3044100
22/12/2017,37.78,38.34,37.02,38.32,38.32,1807100
26/12/2017,38.25,38.92,38.03,38.66,38.66,1084500
27/12/2017,38.62,38.87,38.33,38.44,38.44,826800
28/12/2017,38.16,38.61,38.16,38.52,38.52,555900
29/12/2017,38.63,38.77,37.82,37.84,37.84,920300
02/01/2018,38.0,38.56,37.97,38.45,38.45,1426300
03/01/2018,38.51,39.71,38.35,38.73,38.73,1944600
04/01/2018,38.73,39.05,37.77,38.25,38.25,2518000
05/01/2018,38.05,38.39,37.68,37.8,37.8,1696500
08/01/2018,37.77,38.68,37.77,37.99,37.99,1644300
09/01/2018,37.96,38.74,37.96,38.26,38.26,1244900
10/01/2018,38.12,38.8,38.12,38.72,38.72,1698800
11/01/2018,38.91,39.03,38.51,38.69,38.69,863800
12/01/2018,38.75,38.95,38.14,38.55,38.55,1525500
16/01/2018,38.33,38.63,37.8,37.91,37.91,1359400
17/01/2018,38.45,39.62,38.29,39.09,39.09,2162400
18/01/2018,39.14,39.66,39.09,39.62,39.62,3394700
19/01/2018,39.8,40.45,39.5,40.37,40.37,1936400
22/01/2018,40.3,40.71,40.21,40.54,40.54,1174600
23/01/2018,40.54,41.01,40.26,40.95,40.95,1385100
24/01/2018,41.17,41.28,40.49,40.51,40.51,842600
25/01/2018,40.83,40.96,40.38,40.69,40.69,1135400
26/01/2018,40.9,40.95,40.4,40.89,40.89,868500
29/01/2018,41.13,41.18,40.31,40.84,40.84,1702900
30/01/2018,40.63,40.88,40.22,40.23,40.23,1608300
31/01/2018,40.33,41.58,40.33,41.19,41.19,2222000
01/02/2018,40.51,41.17,39.8,40.95,40.95,1376400
02/02/2018,40.94,41.25,40.49,40.57,40.57,1641200
05/02/2018,39.89,40.8,39.44,39.49,39.49,1938400
06/02/2018,38.6,41.54,37.01,40.42,40.42,3474900
07/02/2018,40.34,41.44,40.34,40.96,40.96,2207200
08/02/2018,41.0,41.24,38.13,38.18,38.18,4183200
09/02/2018,41.02,42.73,39.21,41.06,41.06,8151700
12/02/2018,41.18,42.1,38.69,40.0,40.0,4740100
13/02/2018,40.02,40.56,39.77,40.15,40.15,2746800
14/02/2018,39.74,40.63,39.51,40.37,40.37,2508400
15/02/2018,40.57,40.67,39.15,39.47,39.47,3247600
16/02/2018,39.26,40.0,38.81,39.19,39.19,2556800
20/02/2018,38.83,38.93,38.09,38.66,38.66,2972100
21/02/2018,38.7,39.6,38.43,38.96,38.96,1957600
22/02/2018,39.3,39.3,38.15,38.21,38.21,1678000
23/02/2018,38.59,39.98,38.45,39.77,39.77,3373500
26/02/2018,40.01,41.12,39.8,40.86,40.86,2881200
27/02/2018,41.26,42.45,40.9,41.03,41.03,2542000
28/02/2018,41.07,41.3,40.72,40.92,40.92,2760800
01/03/2018,40.95,41.2,40.58,40.95,40.95,1758200
02/03/2018,40.14,41.52,39.86,41.4,41.4,2877900
05/03/2018,41.11,41.6,40.67,40.72,40.72,2182200
06/03/2018,40.83,41.18,40.17,41.18,41.18,1488100
07/03/2018,40.62,41.28,40.48,41.19,41.19,1250800
08/03/2018,41.5,41.53,40.59,40.77,40.77,961400
09/03/2018,41.13,41.51,40.9,41.38,41.38,1387800
12/03/2018,41.45,41.46,40.44,40.45,40.45,1590200
13/03/2018,40.83,41.32,40.67,40.93,40.93,1738200
14/03/2018,41.24,41.42,39.97,40.08,40.08,1291100
15/03/2018,40.26,40.63,40.01,40.11,40.11,1714600
16/03/2018,40.07,40.65,39.75,40.46,40.46,3249000
19/03/2018,40.15,40.36,39.12,39.26,39.26,1762000
20/03/2018,39.44,40.19,39.15,40.11,40.11,1584700
21/03/2018,40.14,40.85,39.97,40.66,40.66,1815000
22/03/2018,40.18,40.64,39.45,39.47,39.47,1483700
23/03/2018,39.73,39.77,38.01,38.04,38.04,2047500
26/03/2018,38.6,39.08,38.17,38.79,38.79,2062200
27/03/2018,38.85,39.2,38.32,38.5,38.5,1553800
28/03/2018,38.58,39.12,38.2,38.36,38.36,1633300
29/03/2018,38.64,39.23,38.5,38.89,38.89,1382300
02/04/2018,38.8,39.02,37.82,38.08,38.08,1750700
03/04/2018,38.08,39.19,38.08,39.01,39.01,1551100
04/04/2018,38.5,40.1,38.5,40.01,40.01,1232700
05/04/2018,40.22,41.09,40.22,41.02,41.02,1599900
06/04/2018,40.63,41.46,39.98,40.26,40.26,2534100
09/04/2018,40.64,40.99,40.32,40.33,40.33,1268800
10/04/2018,40.66,41.52,40.38,41.43,41.43,1605800
11/04/2018,41.14,42.35,41.14,42.19,42.19,2445600
12/04/2018,42.27,42.6,41.94,42.32,42.32,2259800
13/04/2018,42.67,42.88,41.87,41.98,41.98,1980600
16/04/2018,42.22,42.88,42.04,42.4,42.4,1742100
17/04/2018,42.69,43.08,42.01,42.45,42.45,2617200
18/04/2018,42.57,42.75,42.01,42.21,42.21,2224800
19/04/2018,42.31,42.58,41.37,42.08,42.08,8502000
20/04/2018,31.63,32.2,29.72,30.7,30.7,37140800
23/04/2018,30.99,30.99,29.11,29.12,29.12,12968100
24/04/2018,29.15,29.78,28.93,29.21,29.21,5485600
25/04/2018,29.13,29.49,29.03,29.22,29.22,3637400
26/04/2018,29.27,29.53,28.9,29.14,29.14,3889700
27/04/2018,29.21,29.64,28.82,29.08,29.08,5856400
30/04/2018,29.09,29.34,28.47,28.5,28.5,3556100
01/05/2018,28.44,28.45,27.88,28.16,28.16,3574800
02/05/2018,28.13,28.48,28.05,28.09,28.09,3154000
03/05/2018,27.89,28.03,27.42,27.49,27.49,3135700
04/05/2018,27.45,28.8,27.36,28.67,28.67,3858600
07/05/2018,28.77,29.13,28.66,29.05,29.05,4024000
08/05/2018,29.05,29.81,29.02,29.79,29.79,3256200
09/05/2018,29.87,30.08,29.1,29.26,29.26,5198700
10/05/2018,29.26,29.52,28.86,29.32,29.32,2877500
11/05/2018,29.39,29.57,29.0,29.02,29.02,2574400
14/05/2018,29.05,29.27,28.86,28.93,28.93,3113600
15/05/2018,29.05,29.67,28.88,29.46,29.46,1989700
16/05/2018,29.75,30.29,29.4,30.12,30.12,2301600
17/05/2018,30.12,30.51,30.03,30.24,30.24,3394200
18/05/2018,30.25,30.57,30.14,30.4,30.4,2411000
21/05/2018,30.6,30.6,30.31,30.46,30.46,2801700
22/05/2018,30.49,30.54,30.08,30.16,30.16,1821400
23/05/2018,30.15,30.67,29.96,30.19,30.19,2170000
24/05/2018,30.21,30.51,29.76,30.26,30.26,2071100
25/05/2018,30.39,31.15,30.37,30.81,30.81,2043700
29/05/2018,30.51,30.74,29.62,29.8,29.8,2691000
30/05/2018,30.0,30.11,29.68,29.85,29.85,1545500
31/05/2018,29.9,29.97,29.04,29.06,29.06,2170800
01/06/2018,29.33,29.55,28.7,29.47,29.47,3309300
04/06/2018,29.55,29.56,28.98,29.36,29.36,2715600
05/06/2018,29.41,29.97,29.05,29.55,29.55,4276700
06/06/2018,29.46,29.9,28.45,28.57,28.57,4763500
07/06/2018,28.58,28.78,28.12,28.32,28.32,3506500
08/06/2018,28.25,29.1,28.23,28.77,28.77,3534400
11/06/2018,28.83,29.07,28.66,28.76,28.76,2157800
12/06/2018,28.8,29.25,28.68,29.1,29.1,1957900
13/06/2018,29.16,29.41,28.72,28.82,28.82,2125200
14/06/2018,29.05,29.09,28.58,28.98,28.98,1834900
15/06/2018,28.95,29.69,28.79,29.43,29.43,3002100
18/06/2018,29.18,29.72,28.93,29.65,29.65,2423400
19/06/2018,29.26,29.37,28.82,29.28,29.28,1923500
20/06/2018,29.27,29.36,28.96,29.17,29.17,1036600
21/06/2018,29.58,30.71,29.58,30.37,30.37,3693100
22/06/2018,30.61,30.75,30.09,30.42,30.42,2509900
25/06/2018,30.4,30.51,29.5,29.51,29.51,2282700
26/06/2018,29.52,30.51,29.35,30.35,30.35,2522000
27/06/2018,30.31,30.59,29.68,29.68,29.68,2020400
28/06/2018,29.9,30.33,29.65,29.81,29.81,2197900
29/06/2018,30.45,30.81,29.94,30.01,30.01,1699400
02/07/2018,29.53,30.54,29.52,30.45,30.45,1602000
03/07/2018,30.57,31.11,30.29,30.7,30.7,1541100
05/07/2018,30.89,31.13,30.32,30.85,30.85,2412800
06/07/2018,30.77,31.11,30.7,31.0,31.0,1677800
09/07/2018,31.61,31.71,30.38,30.94,30.94,3262400
10/07/2018,30.98,31.36,30.95,31.29,31.29,1731800
11/07/2018,30.99,31.29,30.6,30.98,30.98,2210200
12/07/2018,31.09,31.14,30.57,30.96,30.96,2974700
13/07/2018,30.96,31.56,30.93,31.29,31.29,4519200
16/07/2018,31.68,31.78,30.83,31.07,31.07,2528700
17/07/2018,31.08,31.95,31.08,31.85,31.85,2985300
18/07/2018,31.98,32.83,31.96,32.65,32.65,3776500
19/07/2018,32.5,33.46,31.47,33.25,33.25,9447600
20/07/2018,24.11,26.5,23.8,26.27,26.27,53680300
23/07/2018,26.17,27.47,25.95,27.32,27.32,11665300
24/07/2018,27.46,27.5,26.68,27.04,27.04,8345100
25/07/2018,27.0,27.84,26.94,27.64,27.64,4075600
26/07/2018,27.21,28.11,27.0,27.68,27.68,4064200
27/07/2018,27.74,29.07,27.57,28.02,28.02,4071200
30/07/2018,28.04,28.47,27.85,28.1,28.1,2806500
31/07/2018,28.1,28.15,27.68,27.72,27.72,2280400
01/08/2018,27.67,28.06,27.57,27.73,27.73,1862600
02/08/2018,27.5,28.13,27.25,28.09,28.09,1893600
03/08/2018,28.17,28.56,27.85,28.12,28.12,2179900
06/08/2018,28.03,28.91,28.03,28.8,28.8,2618600
07/08/2018,28.84,28.99,28.61,28.95,28.95,1897800
08/08/2018,29.0,29.18,28.66,29.08,29.08,3851500
09/08/2018,29.08,29.63,29.05,29.44,29.44,1938500
10/08/2018,29.27,29.53,28.88,29.29,29.29,1541500
13/08/2018,29.3,29.51,29.07,29.14,29.14,1251800
14/08/2018,29.3,29.81,29.3,29.66,29.66,1519600
15/08/2018,29.5,29.5,28.65,28.82,28.82,2052900
16/08/2018,29.16,29.55,29.06,29.35,29.35,1941400
17/08/2018,29.33,30.03,29.22,30.0,30.0,1631900
20/08/2018,30.03,30.1,29.48,29.6,29.6,1771400
21/08/2018,29.59,29.78,29.15,29.33,29.33,1875600
22/08/2018,29.3,29.7,29.3,29.36,29.36,2147600
23/08/2018,29.3,29.82,29.15,29.6,29.6,1983500
24/08/2018,29.47,29.59,28.64,29.26,29.26,3271200
27/08/2018,29.37,30.2,29.32,29.79,29.79,2875200
28/08/2018,29.97,30.02,29.49,29.76,29.76,1600900
29/08/2018,29.45,29.75,28.48,28.85,28.85,3179300
30/08/2018,28.77,29.18,28.69,28.86,28.86,1427900
31/08/2018,28.84,29.56,28.79,29.48,29.48,1437000
04/09/2018,29.48,29.82,29.37,29.58,29.58,1746900
05/09/2018,29.5,29.51,28.61,28.69,28.69,1494200
06/09/2018,28.77,28.92,28.39,28.4,28.4,1197200
07/09/2018,28.3,28.85,28.15,28.23,28.23,1341400
10/09/2018,28.47,28.89,28.34,28.78,28.78,1065600
11/09/2018,28.6,28.77,28.31,28.7,28.7,1544800
12/09/2018,28.33,28.37,25.94,26.42,26.42,8148300
13/09/2018,26.38,26.74,26.29,26.65,26.65,3385600
14/09/2018,26.8,27.25,26.67,27.21,27.21,2089200
17/09/2018,27.1,27.72,26.85,27.5,27.5,2047300
18/09/2018,27.58,28.15,27.54,27.98,27.98,1643100
19/09/2018,27.94,28.18,27.78,27.84,27.84,1554200
20/09/2018,26.72,26.86,25.51,26.58,26.58,6539800
21/09/2018,26.67,27.16,26.6,26.98,26.98,2609900
24/09/2018,27.0,27.18,26.78,27.1,27.1,1515700
25/09/2018,27.12,27.63,26.98,27.35,27.35,1768100
26/09/2018,27.14,27.68,26.76,27.46,27.46,1188600
27/09/2018,27.14,27.9,27.04,27.74,27.74,1539200
28/09/2018,27.74,28.25,27.73,27.93,27.93,1275600
01/10/2018,28.11,28.23,27.29,27.31,27.31,1305600
02/10/2018,26.58,27.09,26.5,26.74,26.74,2330700
03/10/2018,26.47,26.94,26.13,26.63,26.63,2043700
04/10/2018,26.58,26.76,26.01,26.39,26.39,1972900
05/10/2018,26.32,26.52,25.85,26.07,26.07,2095100
08/10/2018,26.0,26.61,26.0,26.53,26.53,2528500
09/10/2018,26.2,27.1,25.99,26.55,26.55,2254900
10/10/2018,26.43,26.43,25.0,25.0,25.0,3491800
11/10/2018,24.84,25.78,24.7,25.19,25.19,2991000
12/10/2018,25.6,26.19,25.45,25.64,25.64,2756300
15/10/2018,25.59,26.28,25.5,25.76,25.76,1981500
16/10/2018,25.98,26.77,25.92,26.75,26.75,2289300
17/10/2018,26.63,26.92,26.3,26.69,26.69,2156100
18/10/2018,26.78,26.8,25.82,26.12,26.12,5118800
19/10/2018,29.63,31.97,29.21,29.72,29.72,16665000
22/10/2018,29.91,30.03,28.11,28.25,28.25,5952400
23/10/2018,27.88,27.88,26.89,27.5,27.5,4071600
24/10/2018,27.45,27.95,26.41,26.47,26.47,4267500
25/10/2018,27.24,27.31,26.15,26.52,26.52,3805500
26/10/2018,26.19,26.86,25.76,26.58,26.58,2540000
29/10/2018,26.58,27.57,26.38,26.79,26.79,2704000
30/10/2018,26.98,28.05,26.98,28.02,28.02,1765400
31/10/2018,28.17,28.85,27.77,28.57,28.57,1936200
01/11/2018,28.64,29.04,27.94,28.87,28.87,1964300
02/11/2018,29.0,29.6,28.78,29.24,29.24,1876800
05/11/2018,29.46,30.23,29.36,30.12,30.12,2464300
06/11/2018,29.97,30.19,29.62,30.15,30.15,1255900
07/11/2018,30.12,30.14,29.01,29.23,29.23,2133900
08/11/2018,29.27,29.73,29.09,29.66,29.66,1278200
09/11/2018,29.49,29.54,28.75,28.95,28.95,1533100
12/11/2018,28.91,29.15,28.6,28.85,28.85,1646500
13/11/2018,29.04,29.26,28.19,28.31,28.31,1267400
14/11/2018,28.73,29.19,27.99,28.36,28.36,2634400
15/11/2018,28.21,28.38,26.59,27.46,27.46,2792400
16/11/2018,27.29,27.45,26.5,27.29,27.29,2583100
19/11/2018,27.29,27.29,26.03,26.27,26.27,2183700
20/11/2018,25.51,26.13,25.15,25.88,25.88,1706900
21/11/2018,26.33,27.0,26.1,26.69,26.69,1615600
23/11/2018,26.46,26.54,26.12,26.2,26.2,746800
26/11/2018,26.57,27.37,26.42,27.0,27.0,1802300
27/11/2018,26.73,26.84,26.03,26.27,26.27,1827100
28/11/2018,26.4,26.9,25.98,26.9,26.9,1880200
29/11/2018,26.85,27.03,26.54,26.56,26.56,1673800
30/11/2018,26.53,27.2,26.45,27.0,27.0,1986900
03/12/2018,27.59,28.57,27.52,28.31,28.31,4177200
04/12/2018,28.4,28.4,26.54,26.6,26.6,3875000
06/12/2018,25.88,26.2,24.92,26.2,26.2,3599000
07/12/2018,26.03,26.2,24.41,24.59,24.59,3620600
10/12/2018,24.49,24.83,23.74,24.26,24.26,2364400
11/12/2018,24.75,25.23,24.34,24.48,24.48,2378700
12/12/2018,24.69,24.78,24.09,24.25,24.25,3339400
13/12/2018,24.24,24.37,23.41,23.51,23.51,2488300
14/12/2018,23.35,23.69,22.71,22.9,22.9,2892600
17/12/2018,22.85,23.38,22.35,22.65,22.65,3178700
18/12/2018,22.86,23.35,22.73,23.03,23.03,2221500
19/12/2018,23.12,23.22,22.2,22.33,22.33,2464300
20/12/2018,22.16,22.69,22.04,22.38,22.38,2667400
21/12/2018,22.51,22.86,21.99,22.03,22.03,5492000
24/12/2018,21.77,22.19,21.45,21.86,21.86,1276100
26/12/2018,21.93,23.34,21.93,23.28,23.28,1994500
27/12/2018,22.93,23.13,22.27,23.13,23.13,2153100
28/12/2018,23.13,23.49,22.81,23.16,23.16,1715200
31/12/2018,23.28,23.34,22.72,22.89,22.89,1384500
02/01/2019,22.42,23.65,22.21,23.19,23.19,1946900
03/01/2019,23.17,23.17,22.23,22.49,22.49,2522400
04/01/2019,22.88,23.48,22.87,23.09,23.09,2225100
07/01/2019,23.09,24.51,23.09,24.25,24.25,2134800
08/01/2019,24.65,25.16,24.35,24.69,24.69,2139600
09/01/2019,25.02,25.18,24.63,24.93,24.93,1648300
10/01/2019,24.52,25.08,24.29,24.9,24.9,2542500
11/01/2019,25.0,25.69,24.88,25.27,25.27,2499100
14/01/2019,25.22,25.92,24.76,24.97,24.97,3182100
15/01/2019,24.9,25.42,24.89,25.19,25.19,2296700
16/01/2019,25.24,25.77,25.19,25.35,25.35,1741500
17/01/2019,25.21,28.0,25.21,26.95,26.95,12784200
18/01/2019,26.5,26.91,25.99,26.59,26.59,3872600
22/01/2019,26.48,26.49,25.24,25.68,25.68,2523800
23/01/2019,25.78,25.89,25.26,25.57,25.57,1683800
24/01/2019,25.53,26.02,25.45,26.01,26.01,1465700
25/01/2019,26.32,26.67,25.95,26.63,26.63,1910100
28/01/2019,26.38,27.13,26.34,26.91,26.91,2471100
29/01/2019,26.95,27.05,26.48,26.61,26.61,1479800
30/01/2019,26.75,27.31,26.56,27.29,27.29,1531900
31/01/2019,26.99,30.56,25.68,27.17,27.17,6885700
01/02/2019,27.4,27.5,26.08,26.89,26.89,4076700
04/02/2019,26.44,27.31,26.4,27.2,27.2,1791300
05/02/2019,27.27,27.63,27.04,27.58,27.58,2314900
06/02/2019,27.76,27.95,27.15,27.67,27.67,2638000
07/02/2019,27.5,28.07,27.1,27.7,27.7,5766700
08/02/2019,32.6,32.95,31.34,31.91,31.91,14443000
11/02/2019,32.25,32.77,31.55,32.58,32.58,3798700
12/02/2019,32.69,32.7,31.9,31.99,31.99,3392100
13/02/2019,32.0,32.65,31.75,32.54,32.54,2363400
14/02/2019,32.36,32.98,31.89,32.84,32.84,1870900
15/02/2019,32.97,33.39,32.75,32.99,32.99,1937800
19/02/2019,32.85,33.76,32.62,33.63,33.63,1608400
20/02/2019,33.66,33.93,33.38,33.73,33.73,1678000
21/02/2019,33.77,33.89,33.46,33.61,33.61,1224000
22/02/2019,33.75,34.13,33.53,33.78,33.78,1257500
25/02/2019,33.91,34.32,33.82,34.17,34.17,1698200
26/02/2019,34.12,34.39,33.72,33.75,33.75,1266100
27/02/2019,33.7,34.34,33.67,34.07,34.07,1265100
28/02/2019,34.01,34.17,33.62,33.63,33.63,1459600
01/03/2019,34.12,34.72,33.89,34.2,34.2,1316100
04/03/2019,34.26,34.43,33.74,34.15,34.15,2059500
05/03/2019,33.94,34.0,32.99,33.33,33.33,3539300
06/03/2019,33.49,33.71,32.74,32.8,32.8,1538600
07/03/2019,32.72,32.9,32.14,32.73,32.73,2017700
08/03/2019,32.52,32.8,32.22,32.46,32.46,1440500
11/03/2019,32.5,32.92,32.34,32.64,32.64,2075300
12/03/2019,32.64,32.88,32.35,32.79,32.79,1456400
13/03/2019,32.89,32.95,32.67,32.8,32.8,959900
14/03/2019,32.75,33.0,32.56,32.75,32.75,1031600
15/03/2019,32.7,32.88,32.28,32.58,32.58,1714700
18/03/2019,32.6,33.19,32.6,33.1,33.1,1522700
19/03/2019,33.17,33.27,32.69,32.86,32.86,1945000
20/03/2019,32.78,32.97,32.08,32.33,32.33,1457200
21/03/2019,32.35,32.62,32.17,32.49,32.49,2626400
22/03/2019,32.2,32.2,30.47,30.47,30.47,2771800
25/03/2019,30.47,31.22,30.16,31.02,31.02,2121300
26/03/2019,31.34,31.87,31.23,31.5,31.5,1779100
27/03/2019,33.08,33.45,31.95,32.58,32.58,2372800
28/03/2019,32.87,33.48,32.84,33.2,33.2,1575400
29/03/2019,33.35,34.0,32.89,33.61,33.61,2288400
01/04/2019,33.8,34.44,33.8,34.36,34.36,1605400
02/04/2019,34.42,34.82,34.12,34.26,34.26,2660600
03/04/2019,34.5,34.91,34.5,34.71,34.71,1740600
04/04/2019,34.64,35.0,34.5,34.95,34.95,1469900
05/04/2019,34.69,35.0,34.47,34.63,34.63,1680500
08/04/2019,34.58,34.73,34.23,34.51,34.51,1581000
09/04/2019,34.28,34.53,33.93,34.02,34.02,1044000
10/04/2019,34.0,34.45,33.98,34.45,34.45,993400
11/04/2019,34.47,34.76,34.12,34.35,34.35,1471500
12/04/2019,34.46,34.69,34.11,34.41,34.41,1129300
15/04/2019,34.7,34.87,34.48,34.84,34.84,1678800
16/04/2019,34.87,35.25,34.56,35.08,35.08,2478400
17/04/2019,35.29,35.66,34.84,35.28,35.28,3438000
18/04/2019,29.64,32.5,29.64,31.6,31.6,10441000
22/04/2019,31.36,31.45,29.43,29.77,29.77,5504900
23/04/2019,29.8,30.15,29.28,29.89,29.89,4507900
24/04/2019,29.91,31.51,29.91,31.16,31.16,4486300
25/04/2019,31.14,31.31,30.55,30.6,30.6,1234600
26/04/2019,30.7,31.47,30.5,31.16,31.16,1793000
29/04/2019,31.07,31.81,31.07,31.63,31.63,1514200
30/04/2019,31.69,31.9,31.33,31.66,31.66,1186000
01/05/2019,31.69,31.84,31.3,31.3,31.3,1222600
02/05/2019,31.3,31.45,30.82,31.4,31.4,1643700
03/05/2019,31.48,32.07,31.4,32.01,32.01,1560300
06/05/2019,31.34,31.39,30.31,30.52,30.52,2374600
07/05/2019,30.29,30.5,29.41,29.71,29.71,1751200
08/05/2019,29.65,30.06,29.49,29.53,29.53,1448000
09/05/2019,29.49,29.71,29.01,29.41,29.41,2229500
10/05/2019,29.25,29.49,28.62,29.46,29.46,1651000
13/05/2019,28.76,28.76,27.2,27.59,27.59,2467400
14/05/2019,27.7,28.17,27.35,27.97,27.97,1904800
15/05/2019,27.62,28.23,27.47,28.09,28.09,1554200
16/05/2019,28.21,28.66,27.99,28.36,28.36,1582700
17/05/2019,28.06,28.85,28.0,28.24,28.24,1407000
20/05/2019,27.95,28.27,27.64,28.07,28.07,1093500
21/05/2019,28.19,28.69,28.06,28.58,28.58,1108500
22/05/2019,28.47,29.46,28.36,29.36,29.36,2100400
23/05/2019,29.16,29.28,28.03,28.11,28.11,1961200
24/05/2019,28.25,28.86,28.11,28.78,28.78,1435500
28/05/2019,28.82,29.15,28.19,28.23,28.23,1221100
29/05/2019,27.88,28.25,27.26,28.19,28.19,1516800
30/05/2019,28.23,28.72,27.86,28.0,28.0,1461200
31/05/2019,27.5,28.08,27.4,27.93,27.93,2004600
03/06/2019,27.85,28.31,27.55,27.8,27.8,1866800
04/06/2019,28.4,29.26,28.35,29.09,29.09,2746400
05/06/2019,29.37,29.51,28.89,29.43,29.43,1563000
06/06/2019,29.5,30.2,29.27,30.01,30.01,2430600
07/06/2019,30.21,30.85,30.2,30.68,30.68,1628900
10/06/2019,30.68,30.99,29.75,30.04,30.04,1318000
11/06/2019,30.33,30.5,29.6,29.69,29.69,1780200
12/06/2019,29.67,30.2,29.61,29.95,29.95,968800
13/06/2019,30.08,30.28,29.9,30.04,30.04,870400
14/06/2019,29.92,30.95,29.87,30.9,30.9,1249700
17/06/2019,30.82,31.36,30.75,30.86,30.86,1774900
18/06/2019,31.06,31.82,30.63,31.58,31.58,1719100
19/06/2019,31.48,31.49,30.81,31.12,31.12,1207600
20/06/2019,31.57,31.91,31.36,31.58,31.58,984800
21/06/2019,31.32,31.47,31.12,31.34,31.34,1265800
24/06/2019,31.26,31.3,30.56,30.69,30.69,1311900
25/06/2019,30.7,30.83,30.1,30.11,30.11,1286400
26/06/2019,30.25,30.8,30.25,30.7,30.7,981900
27/06/2019,31.2,31.31,30.87,30.93,30.93,1423600
28/06/2019,31.15,31.5,30.93,31.49,31.49,2421700
01/07/2019,31.6,32.69,31.6,32.19,32.19,1853500
02/07/2019,32.08,32.24,31.73,32.2,32.2,1794300
03/07/2019,32.39,32.64,32.21,32.57,32.57,829000
05/07/2019,32.46,32.78,32.17,32.75,32.75,1223700
08/07/2019,32.55,32.84,32.22,32.37,32.37,828300
09/07/2019,32.16,32.5,31.65,32.06,32.06,1243900
10/07/2019,32.25,33.04,32.09,32.62,32.62,1911500
11/07/2019,33.2,33.77,33.0,33.65,33.65,2415500
12/07/2019,33.73,34.41,33.73,34.11,34.11,2753300
15/07/2019,34.27,34.74,33.96,34.26,34.26,2029400
16/07/2019,34.35,34.82,33.92,34.56,34.56,2751100
17/07/2019,34.41,34.9,34.2,34.43,34.43,2315800
18/07/2019,34.22,34.92,34.13,34.84,34.84,5567500
19/07/2019,39.52,40.5,38.52,39.01,39.01,15680900
22/07/2019,39.25,40.25,38.68,39.63,39.63,4799600
23/07/2019,39.8,40.1,39.32,39.7,39.7,3573600
24/07/2019,39.65,40.05,39.05,39.54,39.54,1960600
25/07/2019,39.54,40.0,39.33,39.47,39.47,1746800
26/07/2019,39.5,39.5,38.55,39.11,39.11,1783400
29/07/2019,39.11,39.53,38.75,39.48,39.48,2436200
30/07/2019,39.1,39.23,37.96,38.19,38.19,2256400
31/07/2019,38.34,38.7,37.85,37.94,37.94,1779500
01/08/2019,37.9,38.19,35.41,35.63,35.63,4162800
02/08/2019,35.5,35.55,34.62,34.95,34.95,2133500
05/08/2019,33.88,34.0,32.99,33.35,33.35,2954800
06/08/2019,33.79,34.0,32.82,33.56,33.56,1671000
07/08/2019,33.2,33.92,32.78,33.78,33.78,2405600
08/08/2019,34.2,34.69,34.03,34.43,34.43,2648400
09/08/2019,34.29,34.41,33.85,33.94,33.94,1688800
12/08/2019,33.55,33.64,32.1,32.1,32.1,2918900
13/08/2019,31.98,33.68,31.59,33.02,33.02,2967300
14/08/2019,32.18,32.26,31.16,31.18,31.18,1935100
15/08/2019,31.19,31.19,30.53,30.75,30.75,1746300
16/08/2019,31.05,31.32,30.88,31.02,31.02,1742000
19/08/2019,31.65,31.74,30.53,30.93,30.93,1793800
20/08/2019,30.79,30.8,30.08,30.4,30.4,1839000
21/08/2019,30.77,31.27,30.64,31.1,31.1,1573700
22/08/2019,31.19,31.38,30.96,31.09,31.09,1451800
23/08/2019,31.0,31.12,29.01,29.19,29.19,2639800
26/08/2019,29.63,29.79,29.08,29.7,29.7,1192800
27/08/2019,29.93,30.27,29.66,29.83,29.83,1112700
28/08/2019,29.66,30.34,29.53,30.29,30.29,1760900
29/08/2019,30.75,31.44,30.75,31.3,31.3,2139700
30/08/2019,31.64,31.94,31.35,31.66,31.66,1688300
03/09/2019,31.34,31.74,31.05,31.3,31.3,2516900
04/09/2019,31.89,32.15,30.98,31.74,31.74,3690400
05/09/2019,32.18,34.05,32.18,33.92,33.92,2242900
06/09/2019,34.07,34.79,34.07,34.74,34.74,4036500
09/09/2019,34.84,36.15,34.78,36.06,36.06,4546900
10/09/2019,35.89,36.35,35.69,35.77,35.77,3650300
11/09/2019,35.9,36.53,35.26,36.48,36.48,1724900
12/09/2019,36.58,36.87,36.02,36.67,36.67,1231800
13/09/2019,36.83,37.3,36.8,36.87,36.87,1473100
16/09/2019,36.54,37.01,35.95,36.09,36.09,1472100
17/09/2019,35.94,36.0,35.08,35.28,35.28,2353200
18/09/2019,35.2,35.33,34.1,34.55,34.55,2215300
19/09/2019,34.62,35.54,34.59,35.42,35.42,1772000
20/09/2019,35.7,36.15,35.47,35.62,35.62,2348800
23/09/2019,35.71,36.3,35.41,35.64,35.64,1639400
24/09/2019,35.87,36.57,35.16,35.49,35.49,1706500
25/09/2019,35.86,36.35,35.66,35.92,35.92,1006700
26/09/2019,36.27,36.35,35.86,36.28,36.28,940000
27/09/2019,36.38,36.81,36.25,36.53,36.53,1362700
30/09/2019,36.59,37.5,36.55,37.35,37.35,1619800
01/10/2019,37.4,37.5,36.45,36.57,36.57,1818000
02/10/2019,36.17,36.17,35.33,35.49,35.49,1850800
03/10/2019,35.5,36.55,35.23,36.52,36.52,1957200
04/10/2019,36.45,36.81,35.9,36.65,36.65,988600
07/10/2019,36.5,36.86,36.39,36.55,36.55,862300
08/10/2019,36.02,36.13,35.3,35.57,35.57,1896900
09/10/2019,35.92,36.1,35.3,35.9,35.9,1469700
10/10/2019,35.89,36.02,35.32,35.87,35.87,1277000
11/10/2019,36.49,37.26,36.35,36.56,36.56,1553100
14/10/2019,36.39,36.87,36.09,36.67,36.67,1384500
15/10/2019,36.88,37.04,36.56,36.69,36.69,2186500
16/10/2019,36.59,37.48,36.53,37.22,37.22,2255900
17/10/2019,37.58,38.21,36.92,37.14,37.14,1996900
18/10/2019,36.54,37.47,36.5,37.19,37.19,2354400
21/10/2019,37.56,37.87,37.31,37.5,37.5,1489400
22/10/2019,37.93,38.33,37.27,38.0,38.0,3399100
23/10/2019,36.71,38.35,35.82,36.72,36.72,4423400
24/10/2019,36.61,37.81,36.47,37.52,37.52,1968800
25/10/2019,37.26,38.28,36.89,37.89,37.89,1537900
28/10/2019,38.02,38.93,38.02,38.46,38.46,1660600
29/10/2019,38.46,38.79,38.21,38.27,38.27,992000
30/10/2019,38.31,38.66,38.16,38.52,38.52,861400
31/10/2019,38.31,38.33,37.24,37.37,37.37,1513400
01/11/2019,37.3,38.18,37.14,37.77,37.77,1116800
04/11/2019,38.12,38.46,37.51,37.79,37.79,943800
05/11/2019,38.12,39.34,38.0,39.31,39.31,2163600
06/11/2019,39.3,39.35,38.67,38.82,38.82,1186300
07/11/2019,39.37,39.73,39.1,39.34,39.34,1052000
08/11/2019,39.25,39.58,38.98,39.53,39.53,907400
11/11/2019,39.07,39.97,39.0,39.88,39.88,1275300
12/11/2019,39.93,40.17,39.34,39.46,39.46,920500
13/11/2019,39.25,39.45,38.91,39.23,39.23,922100
14/11/2019,39.21,40.05,39.17,40.02,40.02,803500
15/11/2019,40.09,40.48,39.89,40.47,40.47,1198200
18/11/2019,40.48,41.31,40.17,41.02,41.02,2468000
19/11/2019,41.05,41.26,40.48,40.72,40.72,906600
20/11/2019,40.78,40.96,39.68,39.91,39.91,1254800
21/11/2019,39.98,40.0,39.39,39.4,39.4,1026800
22/11/2019,39.5,40.09,39.37,39.89,39.89,626900
25/11/2019,40.26,40.81,40.04,40.58,40.58,720600
26/11/2019,40.55,40.95,40.16,40.91,40.91,625500
27/11/2019,41.15,41.25,40.61,40.85,40.85,679600
29/11/2019,40.8,40.99,40.14,40.22,40.22,379700
02/12/2019,40.45,40.45,39.48,39.67,39.67,751200
03/12/2019,39.0,39.2,38.54,38.98,38.98,1245000
04/12/2019,39.64,40.31,39.64,40.26,40.26,1387100
05/12/2019,40.48,40.66,40.07,40.44,40.44,1583700
06/12/2019,40.76,41.0,39.62,39.74,39.74,1568800
09/12/2019,39.8,40.56,39.62,40.55,40.55,1891100
10/12/2019,40.53,41.21,40.22,40.45,40.45,3086000
11/12/2019,40.24,40.9,40.07,40.75,40.75,1373700
12/12/2019,40.75,41.7,40.32,41.64,41.64,1618300
13/12/2019,42.18,42.22,41.56,41.61,41.61,1837200
16/12/2019,41.65,41.95,41.21,41.65,41.65,1164000
17/12/2019,41.78,41.97,41.38,41.4,41.4,858100
18/12/2019,42.0,43.17,41.94,43.08,43.08,2088200
19/12/2019,42.92,43.07,42.44,43.03,43.03,1019300
20/12/2019,43.09,44.31,43.08,44.21,44.21,3630200
23/12/2019,44.39,44.49,43.82,43.96,43.96,899500
24/12/2019,43.83,43.93,43.22,43.23,43.23,630100
26/12/2019,43.39,43.76,43.13,43.39,43.39,931600
27/12/2019,43.58,43.97,43.12,43.69,43.69,1029300
30/12/2019,43.67,43.86,43.04,43.49,43.49,861600
31/12/2019,43.48,43.7,43.12,43.19,43.19,984100
02/01/2020,43.41,43.41,42.19,42.6,42.6,1530600
03/01/2020,42.0,43.16,41.82,43.04,43.04,1146600
06/01/2020,42.68,43.92,42.55,43.88,43.88,1560700
07/01/2020,43.65,44.29,43.16,43.32,43.32,1439700
08/01/2020,43.25,43.43,42.69,42.72,42.72,1101400
09/01/2020,42.92,43.28,42.74,42.83,42.83,1312900
10/01/2020,42.96,43.0,42.37,42.57,42.57,1179100
13/01/2020,42.54,42.67,41.83,42.27,42.27,1524100
14/01/2020,42.35,42.74,42.1,42.43,42.43,1773000
15/01/2020,42.29,42.6,42.19,42.39,42.39,1268600
16/01/2020,42.6,43.24,42.46,42.98,42.98,1401600
17/01/2020,43.01,43.1,41.61,41.9,41.9,2134000
21/01/2020,41.6,41.69,40.66,41.21,41.21,2574400
22/01/2020,41.45,41.77,41.25,41.26,41.26,1152000
23/01/2020,40.98,40.98,39.78,40.59,40.59,2397900
24/01/2020,40.84,41.13,39.26,39.49,39.49,2006300
27/01/2020,38.5,38.92,37.69,38.1,38.1,1915300
28/01/2020,38.33,38.69,37.58,38.39,38.39,2037800
29/01/2020,38.64,39.26,38.53,38.57,38.57,2026100
30/01/2020,38.3,39.0,38.26,38.68,38.68,1111800
31/01/2020,38.67,38.79,37.37,37.39,37.39,1966000
03/02/2020,37.9,38.39,37.87,37.91,37.91,1578900
04/02/2020,38.53,39.36,38.06,38.17,38.17,1805000
05/02/2020,38.7,38.75,37.62,38.12,38.12,1496000
06/02/2020,38.4,38.66,37.67,37.97,37.97,3087300
07/02/2020,43.35,44.5,39.47,39.51,39.51,8826600
10/02/2020,39.0,39.58,37.79,38.0,38.0,3638200
11/02/2020,37.94,39.05,37.6,38.33,38.33,2175300
12/02/2020,38.53,39.37,38.43,39.26,39.26,2426300
13/02/2020,39.0,39.2,38.48,38.76,38.76,2125900
14/02/2020,38.83,39.0,37.64,37.83,37.83,1677500
18/02/2020,37.7,38.15,37.33,37.67,37.67,1298100
19/02/2020,37.78,38.3,37.59,38.11,38.11,1855900
20/02/2020,38.0,38.45,37.79,38.18,38.18,1479400
21/02/2020,37.86,38.01,36.74,36.9,36.9,1980800
24/02/2020,35.17,35.47,33.54,34.14,34.14,3243500
25/02/2020,34.2,34.2,32.8,32.81,32.81,2209600
26/02/2020,32.94,34.13,32.91,33.43,33.43,1762500
27/02/2020,32.43,33.75,31.75,32.55,32.55,2900700
28/02/2020,31.5,33.13,31.36,33.08,33.08,3001500
02/03/2020,33.18,33.85,32.46,33.83,33.83,2877700
03/03/2020,33.48,34.1,30.57,31.5,31.5,2818000
04/03/2020,31.63,33.05,31.0,32.92,32.92,2535200
05/03/2020,32.0,32.22,31.03,31.35,31.35,2352900
06/03/2020,30.62,31.3,30.2,31.08,31.08,1839600
09/03/2020,29.49,29.78,27.53,27.77,27.77,2687100
10/03/2020,29.01,30.01,28.62,29.88,29.88,2837900
11/03/2020,28.82,29.06,27.31,27.91,27.91,3224700
12/03/2020,26.0,27.76,25.0,25.53,25.53,3254800
13/03/2020,26.6,26.76,24.41,26.43,26.43,2636100
16/03/2020,23.13,24.28,21.14,21.21,21.21,2656200
17/03/2020,21.73,21.86,19.8,20.61,20.61,4260400
18/03/2020,19.38,20.7,17.06,20.65,20.65,2746700
19/03/2020,20.44,22.02,19.01,21.06,21.06,2750100
20/03/2020,21.26,22.93,20.96,21.11,21.11,4704500
23/03/2020,20.94,21.07,19.02,20.66,20.66,2660000
24/03/2020,22.07,23.37,21.63,23.29,23.29,1855200
25/03/2020,23.88,26.03,23.35,24.6,24.6,3466200
26/03/2020,25.0,26.77,24.95,26.7,26.7,2374800
27/03/2020,25.25,25.77,24.5,24.8,24.8,1953400
30/03/2020,24.96,25.25,24.08,24.54,24.54,1396400
31/03/2020,24.47,24.76,23.45,23.74,23.74,1762900
01/04/2020,22.55,23.34,21.5,21.61,21.61,2012400
02/04/2020,21.42,22.52,21.23,22.43,22.43,4076700
03/04/2020,22.35,22.53,21.02,21.64,21.64,2326900
06/04/2020,22.65,23.82,22.59,23.7,23.7,2904500
07/04/2020,25.56,25.84,24.08,24.26,24.26,2604200
08/04/2020,24.5,25.94,24.29,25.73,25.73,2312500
09/04/2020,26.45,27.2,26.02,26.4,26.4,2038000
13/04/2020,26.3,26.38,24.82,25.39,25.39,1747700
14/04/2020,25.57,26.82,25.39,26.71,26.71,1786600
15/04/2020,25.23,25.48,24.73,24.99,24.99,1849700
16/04/2020,25.0,25.12,24.23,24.75,24.75,2098200
17/04/2020,25.88,27.41,25.57,26.43,26.43,2738500
20/04/2020,26.19,26.21,24.86,25.02,25.02,1806800
21/04/2020,24.04,24.84,23.98,24.48,24.48,1886600
22/04/2020,25.18,25.29,24.5,25.01,25.01,1718500
23/04/2020,25.12,25.58,24.62,24.73,24.73,1741600
24/04/2020,25.81,26.65,25.14,25.6,25.6,5362200
27/04/2020,25.9,26.77,25.34,26.5,26.5,2299200
28/04/2020,27.1,28.35,26.94,28.12,28.12,2794900
29/04/2020,29.03,30.37,28.82,30.26,30.26,2663200
30/04/2020,29.85,30.25,28.16,28.18,28.18,2990700
01/05/2020,27.44,27.68,26.64,27.29,27.29,1472100
04/05/2020,26.79,27.34,25.95,26.27,26.27,1978600
05/05/2020,26.87,28.05,26.71,26.75,26.75,2160300
06/05/2020,26.87,27.24,26.09,26.26,26.26,1448500
07/05/2020,26.78,27.47,26.73,26.84,26.84,1255900
08/05/2020,27.51,28.49,27.5,28.0,28.0,2152900
11/05/2020,28.0,28.14,26.81,27.6,27.6,2986700
12/05/2020,27.85,27.89,25.92,25.97,25.97,2094300
13/05/2020,25.63,25.63,23.89,24.33,24.33,3561400
14/05/2020,23.73,25.13,22.61,24.96,24.96,2133300
15/05/2020,24.57,25.25,24.09,24.91,24.91,1382800
18/05/2020,26.48,27.76,26.31,27.32,27.32,1932700
19/05/2020,27.33,27.34,26.72,26.77,26.77,1330700
20/05/2020,27.37,28.27,27.21,28.06,28.06,1518200
21/05/2020,28.05,29.19,28.05,29.11,29.11,1947800
22/05/2020,29.16,29.49,28.78,29.27,29.27,1763500
26/05/2020,31.05,31.48,30.47,31.02,31.02,1835300
27/05/2020,31.79,32.96,30.85,32.83,32.83,2472200
28/05/2020,33.0,33.15,31.51,31.61,31.61,3163900
29/05/2020,31.3,31.87,30.9,31.32,31.32,1940600
01/06/2020,31.32,32.14,31.01,32.1,32.1,1609400
02/06/2020,32.35,32.86,32.18,32.72,32.72,1238700
03/06/2020,33.17,34.73,33.16,34.65,34.65,2386600
04/06/2020,34.44,35.07,33.7,34.39,34.39,1901200
05/06/2020,36.09,36.99,35.19,35.52,35.52,1784600
08/06/2020,36.11,36.74,35.75,36.74,36.74,1633700
09/06/2020,35.91,35.99,34.8,35.36,35.36,1273300
10/06/2020,35.38,35.45,34.05,34.31,34.31,1564400
11/06/2020,32.32,32.48,30.93,31.12,31.12,1640600
12/06/2020,32.6,32.92,30.85,31.82,31.82,1687800
15/06/2020,30.69,33.3,30.4,33.22,33.22,1826300
16/06/2020,34.5,35.04,32.96,33.85,33.85,1474500
17/06/2020,34.19,34.28,33.02,33.15,33.15,1357400
18/06/2020,32.6,33.41,32.19,32.53,32.53,1402800
19/06/2020,33.03,33.21,30.75,31.11,31.11,2196000
22/06/2020,31.18,31.51,30.41,31.32,31.32,1158700
23/06/2020,31.91,32.09,31.28,31.6,31.6,1476300
24/06/2020,31.2,31.31,29.94,30.4,30.4,1742800
25/06/2020,30.24,30.26,29.33,30.14,30.14,2218400
26/06/2020,29.87,30.2,29.01,29.29,29.29,2250400
29/06/2020,29.73,30.92,29.17,30.87,30.87,1690300
30/06/2020,30.66,31.49,30.15,31.38,31.38,2856100
01/07/2020,31.38,31.72,29.82,30.16,30.16,2498900
02/07/2020,31.0,31.57,30.15,30.24,30.24,1575000
06/07/2020,30.92,31.03,29.24,29.7,29.7,1495700
07/07/2020,29.5,29.83,28.39,28.57,28.57,1852300
08/07/2020,28.51,28.81,27.82,28.3,28.3,1902600
09/07/2020,28.34,28.41,27.03,27.74,27.74,1692300
10/07/2020,27.85,28.98,27.67,28.91,28.91,2101400
13/07/2020,28.97,29.61,28.34,28.66,28.66,1919700
14/07/2020,28.73,28.99,27.58,27.95,27.95,1752400
15/07/2020,28.86,29.92,28.73,29.66,29.66,1984100
16/07/2020,28.38,29.42,28.23,29.21,29.21,1254100
17/07/2020,29.14,29.16,28.21,28.31,28.31,1460900
20/07/2020,28.15,28.28,27.52,28.11,28.11,1713000
21/07/2020,28.53,30.18,28.16,29.6,29.6,2554100
22/07/2020,29.39,30.97,29.39,30.78,30.78,2602300
23/07/2020,30.8,31.98,30.56,31.07,31.07,3053300
24/07/2020,34.01,34.01,29.94,30.24,30.24,5561700
27/07/2020,30.24,30.86,29.25,29.38,29.38,2596500
28/07/2020,29.33,29.95,29.24,29.43,29.43,1408800
29/07/2020,29.69,30.73,29.52,30.42,30.42,1263500
30/07/2020,29.91,29.99,29.1,29.53,29.53,1086200
31/07/2020,29.56,29.68,28.81,29.28,29.28,1225700
03/08/2020,29.4,29.47,28.56,28.98,28.98,1730300
04/08/2020,28.82,29.15,28.61,28.8,28.8,1354300
05/08/2020,28.99,30.11,28.87,29.9,29.9,1272800
06/08/2020,29.75,29.8,28.43,28.62,28.62,1427700
07/08/2020,28.5,29.25,28.03,29.21,29.21,1547600
10/08/2020,29.63,30.78,29.54,30.11,30.11,1891300
11/08/2020,30.6,31.59,30.45,30.75,30.75,1346000
12/08/2020,31.03,31.03,29.73,30.34,30.34,1141400
13/08/2020,30.11,30.3,29.78,30.03,30.03,615900
14/08/2020,29.9,30.28,29.61,29.77,29.77,946600
17/08/2020,29.89,29.93,29.4,29.62,29.62,604100
18/08/2020,29.47,29.59,28.78,29.22,29.22,1022300
19/08/2020,29.19,29.61,28.92,29.22,29.22,933800
20/08/2020,28.92,29.47,28.75,29.32,29.32,1231400
21/08/2020,29.4,29.87,28.88,28.88,28.88,1019300
24/08/2020,29.0,30.0,28.72,29.92,29.92,1211200
25/08/2020,30.15,30.36,29.45,29.76,29.76,926900
26/08/2020,29.74,30.32,29.7,30.1,30.1,1915100
27/08/2020,30.46,30.98,30.34,30.59,30.59,1503100
28/08/2020,30.83,31.19,30.57,31.03,31.03,1067700
31/08/2020,31.05,31.05,29.84,29.85,29.85,997500
01/09/2020,29.77,30.5,29.38,30.39,30.39,1162400
02/09/2020,30.63,30.81,30.01,30.44,30.44,1104600
03/09/2020,30.64,30.87,29.57,29.71,29.71,878400
04/09/2020,30.25,30.25,29.09,29.72,29.72,1157000
08/09/2020,29.35,30.12,28.9,29.9,29.9,1116800
09/09/2020,29.94,30.08,29.23,29.25,29.25,938600
10/09/2020,29.62,30.44,29.3,29.92,29.92,1231400
11/09/2020,30.26,31.47,30.0,30.99,30.99,1522900
14/09/2020,31.12,32.05,30.95,31.89,31.89,1198600
15/09/2020,32.0,32.04,31.33,31.6,31.6,988500
16/09/2020,32.05,33.49,31.83,32.84,32.84,1889300
17/09/2020,32.3,32.67,31.64,31.86,31.86,1551600
18/09/2020,31.85,31.85,30.25,30.79,30.79,2253200
21/09/2020,29.81,30.01,28.45,29.34,29.34,1763800
22/09/2020,29.41,30.39,29.22,30.37,30.37,1815200
23/09/2020,30.93,31.89,30.67,30.71,30.71,2252300
24/09/2020,30.56,30.95,29.1,30.06,30.06,4336600
25/09/2020,29.86,30.26,29.53,30.19,30.19,1322500
28/09/2020,30.79,30.95,29.63,29.67,29.67,2057500
29/09/2020,29.51,29.62,28.25,28.61,28.61,2108500
30/09/2020,28.55,30.38,28.55,30.22,30.22,3050600
01/10/2020,30.95,31.93,30.16,31.53,31.53,2067500
02/10/2020,30.4,32.35,30.31,32.25,32.25,1433600
05/10/2020,32.66,32.93,32.15,32.32,32.32,1359900
06/10/2020,32.64,33.19,31.79,31.89,31.89,1194200
07/10/2020,32.46,33.33,32.16,33.11,33.11,1362700
08/10/2020,33.34,33.97,33.3,33.57,33.57,1427000
09/10/2020,33.7,33.84,32.84,32.98,32.98,1108700
12/10/2020,33.18,33.34,32.62,32.79,32.79,1283500
13/10/2020,32.67,32.88,31.81,31.94,31.94,1456900
14/10/2020,32.0,32.41,31.7,31.8,31.8,1252800
15/10/2020,31.33,32.81,31.13,32.72,32.72,1308300
16/10/2020,32.82,33.29,32.15,33.1,33.1,1035400
19/10/2020,33.29,34.68,33.29,34.35,34.35,1981700
20/10/2020,34.44,34.98,34.1,34.16,34.16,1557600
21/10/2020,33.98,34.97,33.75,34.3,34.3,1911500
22/10/2020,34.59,34.96,33.82,34.55,34.55,1751900
23/10/2020,34.85,34.94,34.08,34.22,34.22,1339700
26/10/2020,33.83,34.24,33.33,34.23,34.23,1580700
27/10/2020,34.56,36.12,34.4,35.96,35.96,2302300
28/10/2020,34.65,35.18,33.37,33.43,33.43,2352200
29/10/2020,33.44,35.14,33.3,34.91,34.91,2270400
30/10/2020,32.5,33.78,31.31,31.71,31.71,3912800
02/11/2020,31.92,32.18,30.38,30.52,30.52,2361000
03/11/2020,30.5,31.38,30.21,31.02,31.02,3693100
04/11/2020,30.93,31.28,30.09,30.98,30.98,1633000
05/11/2020,31.12,31.62,30.88,31.35,31.35,1072900
06/11/2020,31.51,31.75,30.06,30.16,30.16,1515000
09/11/2020,32.21,35.12,32.21,34.22,34.22,2965500
10/11/2020,34.07,35.39,32.65,32.76,32.76,2276400
11/11/2020,33.04,33.08,31.18,31.87,31.87,2584800
12/11/2020,31.63,32.2,30.91,31.24,31.24,1152800
13/11/2020,31.57,32.27,31.57,31.88,31.88,1121500
16/11/2020,33.0,34.69,32.78,34.48,34.48,1908300
17/11/2020,34.22,34.82,33.7,34.51,34.51,1265600
18/11/2020,34.43,34.78,33.97,34.16,34.16,1402900
19/11/2020,33.91,34.03,32.75,33.23,33.23,1102200
20/11/2020,33.39,33.58,32.69,33.01,33.01,1495500
23/11/2020,33.42,33.94,33.04,33.81,33.81,748700
24/11/2020,34.49,34.85,34.06,34.47,34.47,1280500
25/11/2020,34.59,34.62,34.08,34.45,34.45,860100
27/11/2020,34.49,34.62,34.03,34.49,34.49,561800
30/11/2020,34.41,34.41,33.33,33.47,33.47,780400
01/12/2020,33.8,34.23,33.0,33.71,33.71,809000
02/12/2020,33.85,33.85,32.96,33.08,33.08,1114000
03/12/2020,33.21,34.29,33.21,34.22,34.22,1374700
04/12/2020,34.47,36.75,34.45,36.7,36.7,1934500
07/12/2020,36.5,37.43,35.94,37.36,37.36,2130400
08/12/2020,37.0,37.4,36.39,37.07,37.07,1177900
09/12/2020,37.47,37.48,36.94,37.07,37.07,1027600
10/12/2020,37.05,37.21,36.14,36.58,36.58,1033200
11/12/2020,36.22,36.87,35.06,35.21,35.21,1397100
14/12/2020,35.53,35.7,34.72,34.82,34.82,748700
15/12/2020,35.05,35.82,34.7,35.82,35.82,1260600
16/12/2020,35.98,36.63,35.2,36.32,36.32,1431700
17/12/2020,36.64,36.85,36.14,36.37,36.37,811100
18/12/2020,36.49,37.07,35.83,36.53,36.53,3049600
21/12/2020,35.95,36.78,35.56,36.63,36.63,747600
22/12/2020,36.66,36.78,35.92,36.23,36.23,571100
23/12/2020,36.46,37.0,36.31,36.64,36.64,502700
24/12/2020,36.45,36.59,36.0,36.12,36.12,210100
28/12/2020,36.4,36.78,36.1,36.27,36.27,470600
29/12/2020,36.45,36.45,35.46,35.6,35.6,778600
30/12/2020,35.64,36.37,35.64,36.02,36.02,577400
31/12/2020,36.12,36.4,35.6,35.94,35.94,710600
04/01/2021,36.2,36.46,34.63,34.87,34.87,1334600
05/01/2021,34.67,35.64,34.57,35.38,35.38,972900
06/01/2021,35.81,37.84,35.78,37.46,37.46,1928300
07/01/2021,37.51,38.21,37.1,37.47,37.47,2804000
08/01/2021,37.67,37.73,36.19,36.67,36.67,1261300
11/01/2021,36.5,37.65,36.19,37.52,37.52,1139100
12/01/2021,37.77,39.07,37.62,38.68,38.68,1425200
13/01/2021,38.41,38.53,36.84,36.95,36.95,968900
14/01/2021,37.57,38.13,37.23,37.33,37.33,760200
15/01/2021,37.15,37.56,36.48,36.66,36.66,973900
19/01/2021,36.74,37.72,36.0,36.11,36.11,2866300
20/01/2021,36.24,37.01,36.0,36.49,36.49,1114600
21/01/2021,36.8,36.97,36.12,36.71,36.71,977000
22/01/2021,36.11,36.79,35.9,36.56,36.56,1116800
25/01/2021,36.6,37.98,36.45,37.22,37.22,1674900
26/01/2021,37.78,37.92,36.0,36.13,36.13,987500
27/01/2021,35.51,35.89,34.69,34.9,34.9,1257800
28/01/2021,35.15,35.31,34.56,34.91,34.91,1001600
29/01/2021,34.96,35.61,34.24,34.48,34.48,1042600
01/02/2021,34.55,34.8,33.8,34.51,34.51,1783900
02/02/2021,34.95,35.21,34.32,34.75,34.75,1518600
03/02/2021,35.06,35.88,34.92,35.8,35.8,1688000
04/02/2021,36.48,37.93,36.22,37.18,37.18,2767800
05/02/2021,34.09,37.65,34.05,37.25,37.25,3840700
08/02/2021,37.31,37.6,36.17,36.43,36.43,1742000
09/02/2021,36.39,36.73,35.01,35.32,35.32,1620600
10/02/2021,35.73,36.09,35.16,35.24,35.24,1284300
11/02/2021,35.3,36.65,34.88,36.44,36.44,1823800
12/02/2021,36.57,36.98,36.18,36.93,36.93,1991300
16/02/2021,37.5,37.72,36.41,36.43,36.43,1770600
17/02/2021,36.26,36.63,35.78,36.12,36.12,882300
18/02/2021,36.14,36.4,35.26,36.26,36.26,919600
19/02/2021,36.49,37.22,36.39,36.61,36.61,1229400
22/02/2021,36.14,37.43,36.07,37.24,37.24,1038300
23/02/2021,36.67,37.66,35.82,37.41,37.41,982800
24/02/2021,37.43,38.21,37.17,38.02,38.02,868900
25/02/2021,38.02,38.56,36.24,36.68,36.68,991300
26/02/2021,36.8,37.3,36.19,36.6,36.6,977400
01/03/2021,37.26,39.29,37.13,38.95,38.95,1473700
02/03/2021,39.03,39.38,37.67,38.08,38.08,1788400
03/03/2021,38.31,38.75,37.68,37.88,37.88,812400
04/03/2021,37.86,38.09,35.94,36.76,36.76,1334700
05/03/2021,37.11,37.35,35.78,36.98,36.98,1185200
08/03/2021,37.23,38.48,37.1,37.44,37.44,1223100
09/03/2021,37.97,38.97,37.58,37.84,37.84,1169900
10/03/2021,38.03,39.04,37.84,38.14,38.14,933900
11/03/2021,38.37,38.56,37.5,38.1,38.1,1359000
12/03/2021,38.31,39.33,37.97,39.25,39.25,1796600
15/03/2021,39.16,42.15,39.16,41.87,41.87,2638200
16/03/2021,41.93,42.02,39.65,40.02,40.02,1327900
17/03/2021,39.9,41.51,39.88,41.2,41.2,1712300
18/03/2021,41.17,42.35,41.1,41.6,41.6,1465300
19/03/2021,41.77,41.98,40.86,41.3,41.3,1611100
22/03/2021,41.21,42.2,41.03,42.14,42.14,919100
23/03/2021,41.58,42.3,40.23,40.71,40.71,2331400
24/03/2021,41.04,41.77,40.85,40.9,40.9,2062300
25/03/2021,40.29,41.72,40.03,41.34,41.34,2929700
26/03/2021,41.6,42.35,41.0,42.25,42.25,1511100
29/03/2021,42.19,43.27,41.23,41.37,41.37,2158700
30/03/2021,41.67,43.28,41.65,43.0,43.0,1784600
31/03/2021,42.88,43.36,41.71,41.71,41.71,2599900
01/04/2021,42.1,42.16,41.28,41.58,41.58,2124900
05/04/2021,42.0,42.5,41.5,41.87,41.87,1185500
06/04/2021,42.22,42.91,42.0,42.54,42.54,1520600
07/04/2021,42.75,43.64,42.61,43.42,43.42,2001400
08/04/2021,43.34,43.43,42.17,42.57,42.57,1223600
09/04/2021,42.89,43.32,42.45,43.17,43.17,1357900
12/04/2021,42.9,44.15,42.78,44.1,44.1,1087300
13/04/2021,43.99,44.04,42.92,43.82,43.82,864900
14/04/2021,44.03,44.72,43.87,44.51,44.51,1349000
15/04/2021,44.68,45.15,44.04,44.26,44.26,1397800
16/04/2021,44.75,45.42,44.5,44.82,44.82,1552400
19/04/2021,44.78,45.23,43.81,43.98,43.98,2624200
20/04/2021,43.6,44.49,42.88,43.48,43.48,1683400
21/04/2021,43.55,44.49,43.07,44.17,44.17,2318500
22/04/2021,44.17,45.38,44.08,44.51,44.51,2727600
23/04/2021,50.13,53.14,49.71,51.9,51.9,11691000
26/04/2021,52.21,52.81,48.6,48.75,48.75,5619500
27/04/2021,48.75,50.44,48.74,49.33,49.33,2114600
28/04/2021,49.08,49.64,48.24,48.86,48.86,1535500
29/04/2021,49.37,49.37,48.61,48.96,48.96,883100
30/04/2021,48.77,49.07,48.28,48.49,48.49,1258100
03/05/2021,48.66,49.47,48.38,48.72,48.72,1630300
04/05/2021,48.53,48.95,48.17,48.86,48.86,1188500
05/05/2021,48.71,49.36,48.38,48.92,48.92,1076200
06/05/2021,49.34,49.5,48.65,49.18,49.18,1287300
07/05/2021,49.14,50.16,48.62,49.59,49.59,1806600
10/05/2021,49.6,50.65,49.6,49.97,49.97,1589200
11/05/2021,49.15,49.69,48.02,49.1,49.1,1553100
12/05/2021,48.77,48.87,46.52,46.73,46.73,1492600
13/05/2021,47.23,48.0,46.77,47.48,47.48,783900
14/05/2021,47.31,48.83,47.31,48.5,48.5,1259800
17/05/2021,48.92,49.38,48.39,49.18,49.18,1030900
18/05/2021,49.09,49.5,47.83,47.95,47.95,1062800
19/05/2021,47.01,47.17,46.29,46.66,46.66,1181300
20/05/2021,46.68,46.78,45.49,46.44,46.44,1216200
21/05/2021,46.81,46.92,45.5,45.64,45.64,1509300
24/05/2021,46.17,46.82,45.75,46.67,46.67,1119100
25/05/2021,46.94,47.29,46.56,46.6,46.6,738300
26/05/2021,47.06,47.96,46.8,47.43,47.43,1496200
27/05/2021,47.9,47.93,47.18,47.69,47.69,914900
28/05/2021,47.89,47.93,46.92,47.5,47.5,638300
01/06/2021,47.76,47.82,47.08,47.34,47.34,709300
02/06/2021,47.2,47.43,46.13,46.42,46.42,999800
03/06/2021,46.24,46.68,45.69,46.63,46.63,788700
04/06/2021,46.75,46.76,45.65,46.39,46.39,961700
07/06/2021,46.42,47.2,46.31,46.71,46.71,1835800
08/06/2021,46.92,48.81,46.56,48.56,48.56,1548800
09/06/2021,48.42,48.74,47.94,48.15,48.15,1182600
10/06/2021,48.48,48.55,47.14,47.84,47.84,873600
11/06/2021,47.99,50.08,47.94,49.96,49.96,1558100
14/06/2021,50.01,50.37,48.54,48.96,48.96,1167800
15/06/2021,48.95,49.11,47.89,49.1,49.1,823600
16/06/2021,49.12,49.46,47.91,49.25,49.25,1084600
17/06/2021,48.45,49.23,47.14,47.81,47.81,1378600
18/06/2021,47.36,47.79,46.82,47.02,47.02,1619900
21/06/2021,47.46,48.26,47.19,48.18,48.18,756100
22/06/2021,47.84,48.5,47.46,48.16,48.16,916700
23/06/2021,48.68,49.43,48.37,49.03,49.03,745300
24/06/2021,49.03,49.22,48.53,48.77,48.77,752500
25/06/2021,50.0,51.12,49.59,50.24,50.24,1982900
28/06/2021,49.97,50.24,48.76,49.51,49.51,1137100
29/06/2021,49.84,50.0,48.69,48.95,48.95,681900
30/06/2021,48.65,49.97,48.42,49.83,49.83,1796300
01/07/2021,50.01,51.48,49.77,50.85,50.85,1349500
02/07/2021,50.92,50.92,50.1,50.66,50.66,706000
06/07/2021,50.66,50.8,48.6,49.55,49.55,1058300
07/07/2021,49.09,49.62,47.9,48.82,48.82,1219000
08/07/2021,47.7,48.85,46.88,48.66,48.66,782700
09/07/2021,49.15,49.98,48.94,49.57,49.57,883200
12/07/2021,49.45,49.93,48.95,49.81,49.81,601700
13/07/2021,49.54,49.86,48.57,49.04,49.04,1436400
14/07/2021,49.46,49.79,49.04,49.1,49.1,1181600
15/07/2021,49.18,49.33,47.8,48.61,48.61,969900
16/07/2021,49.1,49.17,46.96,47.11,47.11,1380400
19/07/2021,45.93,47.23,45.28,46.07,46.07,1585600
20/07/2021,46.43,49.26,46.43,48.77,48.77,2139100
21/07/2021,49.09,50.57,49.01,50.26,50.26,1974600
22/07/2021,50.74,51.65,50.46,51.21,51.21,3270600
23/07/2021,53.71,55.87,52.4,54.22,54.22,4958100
26/07/2021,54.0,54.56,52.79,54.2,54.2,1509100
27/07/2021,53.85,53.87,51.93,52.81,52.81,1733000
28/07/2021,52.96,53.19,52.0,52.51,52.51,1523600
29/07/2021,53.1,53.99,52.83,53.71,53.71,953400
30/07/2021,53.14,54.43,53.04,53.68,53.68,1333500
02/08/2021,54.26,55.8,54.26,54.54,54.54,996700
03/08/2021,54.91,55.38,53.86,54.12,54.12,1442800
04/08/2021,53.63,54.48,52.68,52.83,52.83,1447600
05/08/2021,52.7,54.1,52.7,53.54,53.54,674500
06/08/2021,53.78,54.45,53.41,53.92,53.92,821700
09/08/2021,53.63,54.06,52.82,53.35,53.35,922400
10/08/2021,53.25,54.41,53.11,53.8,53.8,749500
11/08/2021,53.46,53.72,53.12,53.56,53.56,552200
12/08/2021,53.83,53.89,52.86,53.7,53.7,908900
13/08/2021,53.86,53.86,52.82,53.33,53.33,911900
16/08/2021,52.92,53.2,51.78,52.78,52.78,761100
17/08/2021,52.09,52.39,49.17,49.72,49.72,1411500
18/08/2021,49.24,50.58,49.2,49.66,49.66,851800
19/08/2021,48.72,49.98,48.43,49.43,49.43,845200
20/08/2021,49.74,50.42,49.31,50.39,50.39,912900
23/08/2021,51.17,51.41,50.67,50.76,50.76,888900
24/08/2021,50.67,51.72,50.67,51.18,51.18,588100
25/08/2021,51.74,51.74,50.71,51.27,51.27,604300
26/08/2021,50.93,51.27,49.59,50.09,50.09,798800
27/08/2021,50.4,51.15,50.04,50.93,50.93,693900
30/08/2021,51.0,51.58,50.17,51.18,51.18,724500
31/08/2021,50.94,51.15,49.82,50.43,50.43,945600
01/09/2021,51.0,51.39,50.16,50.21,50.21,988900
02/09/2021,50.28,50.54,49.22,49.71,49.71,1324200
03/09/2021,49.45,49.71,48.8,49.03,49.03,735700
07/09/2021,48.98,48.98,47.17,47.3,47.3,1190100
08/09/2021,47.07,47.35,45.83,46.55,46.55,1452800
09/09/2021,46.43,47.59,46.43,46.98,46.98,1058500
10/09/2021,47.26,47.43,46.69,46.74,46.74,832100
13/09/2021,46.98,47.11,45.48,46.13,46.13,1913500
14/09/2021,46.08,46.71,45.52,46.17,46.17,986500
15/09/2021,46.17,46.21,44.86,45.41,45.41,1542500
16/09/2021,45.47,46.11,44.92,45.0,45.0,1182800
17/09/2021,45.07,46.0,44.77,45.22,45.22,2042000
20/09/2021,44.16,44.95,43.65,44.83,44.83,1553700
21/09/2021,45.31,45.86,44.42,44.46,44.46,1249400
22/09/2021,44.78,46.63,44.78,45.85,45.85,1677700
23/09/2021,46.28,47.29,46.09,46.12,46.12,1407900
24/09/2021,44.75,44.78,43.0,44.41,44.41,2473500
27/09/2021,44.32,44.97,43.62,43.74,43.74,1975500
28/09/2021,43.66,44.1,43.03,43.15,43.15,1676600
29/09/2021,43.38,43.67,42.8,42.88,42.88,991900
30/09/2021,43.07,44.3,42.0,42.12,42.12,2892600
01/10/2021,42.3,43.14,41.2,42.49,42.49,2262700
04/10/2021,42.37,42.79,41.59,41.74,41.74,1820100
05/10/2021,41.5,42.47,41.35,41.83,41.83,1495400
06/10/2021,41.21,41.74,40.91,41.62,41.62,1210200
07/10/2021,42.15,42.91,42.04,42.51,42.51,1043600
08/10/2021,42.63,42.83,41.81,41.97,41.97,1258900
11/10/2021,41.95,42.45,41.03,41.08,41.08,706200
12/10/2021,40.91,41.59,40.85,41.23,41.23,1091400
13/10/2021,41.54,42.55,41.18,42.45,42.45,1163200
14/10/2021,43.15,44.46,42.8,43.91,43.91,2999200
15/10/2021,44.31,45.04,44.1,44.61,44.61,1597100
18/10/2021,44.19,44.31,43.1,43.66,43.66,1203100
19/10/2021,45.39,45.39,43.28,43.63,43.63,1053200
20/10/2021,44.0,44.94,43.86,44.16,44.16,1641800
21/10/2021,44.34,45.78,44.3,45.67,45.67,1743100
22/10/2021,45.23,46.03,44.82,45.78,45.78,1447600
25/10/2021,46.03,46.38,45.6,46.25,46.25,1713700
26/10/2021,46.38,46.94,45.63,46.12,46.12,1643500
27/10/2021,46.07,46.27,44.73,44.81,44.81,1554700
28/10/2021,45.38,46.03,44.98,45.93,45.93,2587900
29/10/2021,49.48,50.81,45.43,46.21,46.21,5669000
01/11/2021,46.06,48.25,46.06,47.79,47.79,2432900
02/11/2021,46.36,47.43,45.37,45.43,45.43,2105600
03/11/2021,45.74,47.92,45.74,47.58,47.58,2045000
04/11/2021,47.81,48.39,47.05,47.14,47.14,1248900
05/11/2021,47.73,48.69,47.73,48.0,48.0,944100
08/11/2021,47.96,48.19,46.61,47.41,47.41,1189500
09/11/2021,47.35,47.97,47.04,47.4,47.4,1095700
10/11/2021,46.93,48.03,46.73,47.44,47.44,1046900
11/11/2021,47.79,47.84,47.26,47.36,47.36,438900
12/11/2021,47.47,47.97,47.37,47.69,47.69,670800
15/11/2021,47.8,47.85,46.67,46.93,46.93,850200
16/11/2021,47.28,48.6,47.1,48.01,48.01,1039500
17/11/2021,47.91,48.08,47.18,47.59,47.59,833900
18/11/2021,48.12,48.69,47.41,47.85,47.85,1282400
19/11/2021,47.38,47.89,47.02,47.79,47.79,1092700
22/11/2021,48.02,49.04,47.54,48.73,48.73,1264700
23/11/2021,48.34,48.5,47.03,47.26,47.26,1903600
24/11/2021,45.96,47.91,45.56,47.77,47.77,1138400
26/11/2021,46.0,46.75,45.76,46.0,46.0,830400
29/11/2021,46.74,47.24,45.74,46.52,46.52,1308700
30/11/2021,46.07,46.09,44.2,44.92,44.92,1662000
01/12/2021,46.6,47.41,44.52,44.58,44.58,1602000
02/12/2021,44.64,45.38,44.07,45.03,45.03,1419900
03/12/2021,45.07,45.31,43.26,43.85,43.85,1291000
06/12/2021,44.35,44.95,43.59,44.48,44.48,1164300
07/12/2021,45.27,47.35,45.26,46.7,46.7,1225600
08/12/2021,46.68,47.35,46.35,46.57,46.57,878200
09/12/2021,46.08,46.75,45.66,45.7,45.7,608700
10/12/2021,46.19,46.19,45.11,45.35,45.35,930000
13/12/2021,45.1,45.37,43.08,43.66,43.66,1170300
14/12/2021,43.18,44.0,43.11,43.27,43.27,973800
15/12/2021,43.03,43.22,41.69,43.04,43.04,1089600
16/12/2021,43.22,43.44,41.6,41.69,41.69,826000
17/12/2021,41.58,42.23,41.15,41.69,41.69,2048400
20/12/2021,40.86,41.13,39.42,40.16,40.16,1185400
21/12/2021,41.1,41.55,40.74,41.11,41.11,1715800
22/12/2021,41.32,41.96,41.07,41.61,41.61,891500
23/12/2021,41.65,42.81,41.65,42.27,42.27,1603600
27/12/2021,42.51,43.01,42.16,43.0,43.0,899300
28/12/2021,42.97,43.64,42.97,43.37,43.37,1275800
29/12/2021,43.51,44.23,43.25,43.83,43.83,727600
30/12/2021,43.7,44.26,43.58,43.58,43.58,567600
31/12/2021,43.28,43.68,43.01,43.4,43.4,704400
03/01/2022,43.82,44.53,43.54,44.46,44.46,1513200
04/01/2022,45.4,46.99,45.21,46.44,46.44,1410400
05/01/2022,46.4,46.77,45.04,45.29,45.29,2479100
06/01/2022,45.66,46.57,44.89,46.31,46.31,1418500
07/01/2022,46.33,46.88,45.93,46.04,46.04,1512900
10/01/2022,45.26,45.42,43.24,44.66,44.66,1690700
11/01/2022,44.79,44.92,43.88,44.88,44.88,852400
12/01/2022,45.11,45.85,44.69,45.31,45.31,867400
13/01/2022,44.71,45.71,44.12,44.31,44.31,1249200
14/01/2022,43.59,43.81,42.65,43.63,43.63,1166400
18/01/2022,42.96,44.31,42.5,43.71,43.71,1244600
19/01/2022,43.87,44.51,43.42,43.44,43.44,769800
20/01/2022,43.77,43.93,41.64,41.77,41.77,927800
21/01/2022,41.31,42.21,40.68,41.19,41.19,1172400
24/01/2022,40.06,43.35,39.85,43.24,43.24,2259000
25/01/2022,42.53,42.87,41.15,42.28,42.28,1568400
26/01/2022,43.05,43.21,41.02,41.3,41.3,1320800
27/01/2022,41.64,42.13,40.72,41.05,41.05,997200
28/01/2022,40.98,41.34,39.3,41.32,41.32,1611800
31/01/2022,41.04,42.1,40.64,42.0,42.0,1136100
01/02/2022,42.12,42.61,41.53,42.46,42.46,1426300
02/02/2022,42.84,42.93,41.75,42.49,42.49,1971700
03/02/2022,41.96,42.7,41.59,41.7,41.7,1740200
04/02/2022,44.6,45.01,43.25,44.43,44.43,3710400
07/02/2022,44.57,45.31,43.99,44.96,44.96,1776000
08/02/2022,44.96,46.4,44.37,46.28,46.28,2043200
09/02/2022,46.84,47.67,46.55,47.42,47.42,1662100
10/02/2022,46.32,49.89,46.22,48.21,48.21,2121200
11/02/2022,48.32,48.65,47.18,47.24,47.24,1604800
14/02/2022,47.1,48.18,46.55,46.94,46.94,1270000
15/02/2022,47.55,48.18,47.46,47.91,47.91,1470800
16/02/2022,47.74,49.19,47.36,48.94,48.94,1027100
17/02/2022,48.57,49.08,47.33,47.51,47.51,1144400
18/02/2022,47.75,48.01,46.76,47.72,47.72,1205900
22/02/2022,47.5,48.65,46.97,47.43,47.43,1172100
23/02/2022,47.86,47.88,45.5,45.64,45.64,1218800
24/02/2022,44.12,46.24,44.04,46.04,46.04,1361600
25/02/2022,45.96,47.53,45.56,47.49,47.49,1256300
28/02/2022,46.51,47.48,45.78,45.98,45.98,1976600
01/03/2022,45.45,45.88,41.21,41.51,41.51,3108200
02/03/2022,41.69,43.81,41.69,43.64,43.64,2786900
03/03/2022,43.57,43.75,40.6,40.77,40.77,2064600
04/03/2022,40.0,40.37,36.88,37.44,37.44,3354600
07/03/2022,37.27,37.27,33.5,34.26,34.26,4346000
08/03/2022,35.85,38.18,34.97,37.04,37.04,3288700
09/03/2022,38.57,39.93,37.7,37.91,37.91,2034100
10/03/2022,37.2,38.06,36.74,37.87,37.87,1059200
11/03/2022,38.32,38.44,37.14,37.34,37.34,1274200
14/03/2022,37.62,38.0,35.73,35.88,35.88,1683900
15/03/2022,36.14,37.34,36.04,37.15,37.15,1302200
16/03/2022,37.93,39.99,37.93,39.05,39.05,1356400
17/03/2022,38.48,39.31,38.16,39.02,39.02,955600
18/03/2022,38.69,39.63,38.49,39.57,39.57,1614800
21/03/2022,39.54,40.23,39.02,39.73,39.73,1490500
22/03/2022,40.21,41.57,40.21,41.34,41.34,2364600
23/03/2022,41.0,41.41,39.69,39.81,39.81,1137300
24/03/2022,39.93,40.16,39.45,39.89,39.89,1058000
25/03/2022,40.23,40.48,39.63,40.4,40.4,1017600
28/03/2022,40.29,40.64,39.6,40.63,40.63,932600
29/03/2022,41.65,43.25,41.5,42.5,42.5,1479800
30/03/2022,42.06,42.06,41.23,41.39,41.39,1243800
31/03/2022,41.08,41.54,40.68,40.76,40.76,1403800
01/04/2022,40.98,41.22,40.55,40.91,40.91,1091800
04/04/2022,40.91,41.71,40.64,40.9,40.9,1203900
05/04/2022,40.78,41.19,39.68,40.03,40.03,1574700
06/04/2022,39.55,39.77,38.01,38.63,38.63,1302200
07/04/2022,38.17,38.68,37.32,38.36,38.36,1099900
08/04/2022,38.34,38.93,37.57,37.81,37.81,1411500
11/04/2022,37.32,38.71,37.29,37.86,37.86,1031900
12/04/2022,38.11,38.98,37.62,37.68,37.68,881400
13/04/2022,37.71,39.01,37.62,38.92,38.92,911600
14/04/2022,39.02,39.95,38.62,39.77,39.77,1291900
18/04/2022,39.65,39.8,38.74,39.76,39.76,1337300
19/04/2022,39.87,41.63,39.7,41.52,41.52,1523300
20/04/2022,41.83,42.3,41.15,41.19,41.19,1324400
21/04/2022,41.87,42.41,40.98,41.18,41.18,1250900
22/04/2022,41.0,41.4,39.7,39.72,39.72,1397200
25/04/2022,38.91,39.69,38.31,39.24,39.24,1998100
26/04/2022,38.74,38.92,37.18,37.41,37.41,2397400
27/04/2022,39.38,40.8,39.0,39.27,39.27,2729100
28/04/2022,39.42,40.16,38.3,39.73,39.73,1522400
29/04/2022,39.22,39.74,38.18,38.3,38.3,1477400
02/05/2022,38.29,39.7,38.11,39.66,39.66,1295000
03/05/2022,39.73,39.85,38.35,39.09,39.09,966700
04/05/2022,39.02,40.16,38.07,40.13,40.13,951700
05/05/2022,39.53,39.69,37.79,38.27,38.27,931900
06/05/2022,37.58,37.73,36.58,37.23,37.23,1177900
09/05/2022,36.39,37.46,35.51,35.79,35.79,1027600
10/05/2022,36.21,36.67,34.84,36.01,36.01,1153200
11/05/2022,36.25,37.08,35.44,35.51,35.51,1239200
12/05/2022,35.28,37.19,35.11,36.48,36.48,1613400
13/05/2022,37.01,38.52,37.01,37.89,37.89,1357100
16/05/2022,37.66,38.05,36.62,36.84,36.84,1066700
17/05/2022,37.57,38.28,36.91,38.22,38.22,1075700
18/05/2022,37.2,38.46,36.86,37.05,37.05,1236900
19/05/2022,36.5,37.1,35.7,35.9,35.9,1456800
20/05/2022,36.47,36.63,34.72,36.13,36.13,1370600
23/05/2022,36.11,36.69,35.58,36.35,36.35,1181100
24/05/2022,35.56,35.85,34.05,34.68,34.68,1179400
25/05/2022,34.07,36.23,34.07,35.97,35.97,1290600
26/05/2022,36.59,38.6,36.33,37.68,37.68,1160600
27/05/2022,37.87,39.31,37.82,39.24,39.24,1113700
31/05/2022,39.25,39.79,38.39,39.4,39.4,1765900
01/06/2022,39.79,40.15,38.57,39.25,39.25,898800
02/06/2022,39.49,41.29,39.22,41.26,41.26,1175600
03/06/2022,40.87,41.49,40.34,41.27,41.27,751900
06/06/2022,41.63,41.83,40.92,41.2,41.2,1002600
07/06/2022,40.55,42.49,40.31,42.34,42.34,1419200
08/06/2022,41.83,42.83,41.59,41.84,41.84,1212100
09/06/2022,41.51,42.07,41.21,41.35,41.35,1094200
10/06/2022,40.5,40.89,39.4,39.42,39.42,954400
13/06/2022,38.02,38.32,36.28,36.72,36.72,2032400
14/06/2022,36.8,37.59,36.68,37.03,37.03,1223600
15/06/2022,38.63,38.63,37.16,37.92,37.92,1637000
16/06/2022,36.63,36.64,35.03,35.4,35.4,1256400
17/06/2022,35.55,36.87,35.35,36.47,36.47,1528800
21/06/2022,37.03,37.48,36.27,36.7,36.7,1010000
22/06/2022,36.2,36.41,35.7,36.02,36.02,929300
23/06/2022,36.43,36.89,35.98,36.67,36.67,1621200
24/06/2022,37.22,38.87,37.22,38.58,38.58,1161300
27/06/2022,38.74,39.08,37.94,38.54,38.54,1106500
28/06/2022,38.7,39.61,37.36,37.38,37.38,1284700
29/06/2022,37.55,37.55,36.36,36.89,36.89,767300
30/06/2022,36.1,36.21,34.65,35.58,35.58,1765900
01/07/2022,35.35,35.51,34.22,35.29,35.29,1416200
05/07/2022,34.55,36.82,34.55,36.47,36.47,1282100
06/07/2022,36.29,36.89,35.24,35.79,35.79,1432300
07/07/2022,36.06,37.04,35.94,37.0,37.0,1171300
08/07/2022,36.88,37.06,36.23,36.94,36.94,709200
11/07/2022,36.38,36.82,36.0,36.4,36.4,650000
12/07/2022,36.3,37.31,36.05,36.4,36.4,786500
13/07/2022,35.75,37.14,35.5,36.96,36.96,775700
14/07/2022,36.34,36.74,35.9,36.6,36.6,552000
15/07/2022,37.14,37.37,36.24,36.72,36.72,1356900
18/07/2022,37.35,37.9,36.96,37.12,37.12,1486200
19/07/2022,35.18,38.25,35.17,37.91,37.91,3839800
20/07/2022,37.81,38.78,37.69,38.63,38.63,1721500
21/07/2022,38.54,38.8,38.15,38.53,38.53,1151600
22/07/2022,38.62,38.79,37.84,38.28,38.28,1390100
25/07/2022,38.15,38.37,37.19,37.91,37.91,1988500
26/07/2022,37.01,37.41,35.08,35.66,35.66,4652700
27/07/2022,36.09,36.62,33.51,36.41,36.41,3824600
28/07/2022,36.6,38.06,36.52,37.86,37.86,2130300
29/07/2022,38.16,38.27,37.6,37.96,37.96,1921900
01/08/2022,37.68,38.46,37.26,38.29,38.29,1394800
02/08/2022,38.08,38.15,37.48,37.57,37.57,1068600
03/08/2022,37.88,38.87,37.8,38.56,38.56,1052900
04/08/2022,38.55,39.41,38.2,39.38,39.38,1060400
05/08/2022,39.0,39.61,38.87,39.33,39.33,808100
08/08/2022,39.56,40.37,39.41,39.48,39.48,938200
09/08/2022,39.2,39.27,37.8,38.24,38.24,1250500
10/08/2022,39.25,40.13,39.09,39.25,39.25,1454300
11/08/2022,39.75,40.48,39.35,40.0,40.0,1567200
12/08/2022,40.44,40.44,39.85,40.21,40.21,1098900
15/08/2022,40.01,40.38,39.83,40.2,40.2,1629000
16/08/2022,40.0,41.62,39.99,41.54,41.54,1299100
17/08/2022,41.22,41.28,40.05,40.51,40.51,897000
18/08/2022,40.08,40.54,39.8,40.32,40.32,930500
19/08/2022,40.13,40.2,39.29,39.49,39.49,845300
22/08/2022,38.74,39.16,38.42,38.91,38.91,992200
23/08/2022,39.24,39.49,38.55,38.69,38.69,1085800
24/08/2022,38.62,39.3,38.48,38.99,38.99,939600
25/08/2022,39.08,40.23,38.94,39.69,39.69,1291100
26/08/2022,39.78,39.84,38.41,38.52,38.52,835900
29/08/2022,38.02,39.03,37.86,38.67,38.67,858400
30/08/2022,39.12,39.29,38.26,38.28,38.28,735400
31/08/2022,38.31,38.7,37.78,37.8,37.8,1313800
01/09/2022,37.5,37.65,36.81,37.53,37.53,1117300
02/09/2022,37.94,38.17,36.89,37.16,37.16,1151400
06/09/2022,37.32,37.49,36.03,37.03,37.03,2022700
07/09/2022,36.86,38.02,36.86,37.76,37.76,1618100
08/09/2022,37.27,37.49,35.9,37.09,37.09,1535500
09/09/2022,37.47,38.33,37.45,38.07,38.07,1387000
12/09/2022,38.49,39.4,38.49,38.94,38.94,1327100
13/09/2022,37.31,37.65,36.11,36.35,36.35,1585000
14/09/2022,36.5,36.77,35.9,36.34,36.34,1383900
15/09/2022,36.0,36.8,35.87,36.16,36.16,1136800
16/09/2022,35.72,36.48,35.37,35.86,35.86,2226300
19/09/2022,35.57,37.0,35.57,36.85,36.85,1346800
20/09/2022,36.29,36.72,36.09,36.29,36.29,994200
21/09/2022,36.59,37.11,35.85,35.89,35.89,844100
22/09/2022,36.09,36.21,35.16,35.28,35.28,876100
23/09/2022,34.53,34.67,33.4,33.92,33.92,1708300
26/09/2022,33.68,33.99,32.66,32.95,32.95,1741200
27/09/2022,33.35,33.68,32.64,33.34,33.34,1288000
28/09/2022,33.6,34.59,33.52,34.39,34.39,1837300
29/09/2022,33.83,34.16,33.23,34.1,34.1,1049800
30/09/2022,32.09,33.03,31.28,31.72,31.72,3717700
03/10/2022,32.16,32.7,31.91,32.15,32.15,1950000
04/10/2022,32.99,34.09,32.99,34.09,34.09,2049000
05/10/2022,33.59,35.09,33.59,34.94,34.94,1499200
06/10/2022,34.88,35.27,34.41,34.88,34.88,790300
07/10/2022,34.23,34.44,33.89,34.38,34.38,983900
10/10/2022,34.28,34.44,32.94,33.62,33.62,1445000
11/10/2022,33.4,34.7,33.33,34.12,34.12,1302100
12/10/2022,34.24,34.82,33.97,34.61,34.61,1495400
13/10/2022,33.97,35.38,33.4,34.93,34.93,1648700
14/10/2022,35.23,35.58,34.34,34.7,34.7,1369200
17/10/2022,35.48,35.64,34.85,35.42,35.42,2062300
18/10/2022,36.51,36.96,35.46,35.93,35.93,1916100
19/10/2022,35.65,36.18,35.24,35.7,35.7,1289500
20/10/2022,36.15,36.47,33.71,33.83,33.83,3371900
21/10/2022,33.83,35.17,33.63,34.9,34.9,2200400
24/10/2022,34.9,35.17,34.15,34.68,34.68,2481000
25/10/2022,34.65,36.08,34.65,35.93,35.93,3715000
26/10/2022,33.7,34.78,32.3,32.41,32.41,7211000
27/10/2022,32.82,33.2,32.01,32.64,32.64,2785900
28/10/2022,32.61,33.67,32.16,33.36,33.36,2048300
31/10/2022,33.29,34.75,33.17,34.43,34.43,2702600
01/11/2022,34.4,35.34,34.23,35.23,35.23,2468400
02/11/2022,35.03,36.08,34.78,34.86,34.86,3509800
03/11/2022,34.52,35.36,33.77,34.82,34.82,1402700
04/11/2022,35.75,36.83,35.63,36.52,36.52,2314700
07/11/2022,36.88,36.88,35.1,35.73,35.73,1302700
08/11/2022,36.13,36.4,35.29,35.83,35.83,1052400
09/11/2022,35.35,35.94,35.11,35.55,35.55,1300600
10/11/2022,36.92,37.75,36.89,37.75,37.75,1399200
11/11/2022,38.1,39.85,38.02,39.57,39.57,2414400
14/11/2022,39.21,39.78,39.07,39.18,39.18,1550300
15/11/2022,40.3,41.3,40.06,40.24,40.24,1913800
16/11/2022,39.5,40.04,39.31,39.78,39.78,1061000
17/11/2022,39.07,39.97,38.81,39.89,39.89,1419300
18/11/2022,40.7,40.9,39.62,39.84,39.84,1274500
21/11/2022,39.5,39.75,38.62,39.09,39.09,1112000
22/11/2022,39.25,40.22,38.99,40.14,40.14,1383900
23/11/2022,39.97,40.6,39.76,40.1,40.1,690400
25/11/2022,40.09,40.38,40.0,40.1,40.1,467700
28/11/2022,39.69,40.39,39.57,39.75,39.75,1380800
29/11/2022,39.71,40.56,39.63,40.37,40.37,1357300
30/11/2022,40.89,42.29,40.78,42.17,42.17,3042600
01/12/2022,42.33,43.49,42.13,42.98,42.98,2074300
02/12/2022,42.46,43.45,42.46,43.23,43.23,1017600
05/12/2022,42.89,42.89,41.63,41.75,41.75,835800
06/12/2022,42.01,42.96,41.97,42.94,42.94,1770400
07/12/2022,42.68,43.05,42.29,42.51,42.51,770600
08/12/2022,42.86,43.45,42.43,43.36,43.36,1187000
09/12/2022,42.85,42.98,42.02,42.25,42.25,1188400
12/12/2022,42.52,42.75,42.24,42.56,42.56,929100
13/12/2022,43.66,44.34,41.94,42.34,42.34,1773300
14/12/2022,42.63,42.89,41.95,42.39,42.39,750200
15/12/2022,41.54,42.07,40.84,41.9,41.9,1027700
16/12/2022,41.34,41.75,40.72,41.08,41.08,2340600
19/12/2022,41.0,41.34,40.73,40.96,40.96,1012500
20/12/2022,40.84,41.2,40.25,40.39,40.39,1291800
21/12/2022,41.8,43.0,41.8,42.07,42.07,1935000
22/12/2022,41.69,42.28,41.4,42.18,42.18,1163500
23/12/2022,41.96,42.18,41.44,42.0,42.0,832500
27/12/2022,42.29,42.66,41.98,42.51,42.51,978400
28/12/2022,42.56,42.63,41.41,41.62,41.62,954800
29/12/2022,41.61,42.22,41.55,41.89,41.89,961000
30/12/2022,41.35,42.01,41.22,41.95,41.95,1024000
03/01/2023,42.42,42.55,41.54,41.83,41.83,1550600
04/01/2023,42.38,43.94,42.2,43.45,43.45,1858500
05/01/2023,42.81,43.55,42.07,43.22,43.22,1360700
06/01/2023,44.06,44.73,43.58,44.59,44.59,1612000
09/01/2023,44.53,46.05,43.97,45.78,45.78,2245800
10/01/2023,45.88,46.37,45.44,46.22,46.22,1698100
11/01/2023,46.3,46.72,46.05,46.48,46.48,1088100
12/01/2023,46.59,46.83,45.74,46.19,46.19,2299700
13/01/2023,45.94,46.68,45.73,46.56,46.56,2423800
17/01/2023,46.23,46.89,46.15,46.22,46.22,1902900
18/01/2023,45.56,46.41,45.41,46.06,46.06,2150500
19/01/2023,45.46,45.98,45.06,45.88,45.88,1702800
20/01/2023,46.54,46.99,45.85,46.62,46.62,1246000
23/01/2023,48.94,49.4,48.02,48.75,48.75,3174300
24/01/2023,48.23,49.03,48.01,48.49,48.49,1156500
25/01/2023,47.89,48.44,47.29,48.11,48.11,1599500
26/01/2023,48.63,49.0,47.48,47.89,47.89,912800
27/01/2023,47.85,48.21,47.41,47.48,47.48,1672300
30/01/2023,46.88,48.18,46.8,47.65,47.65,1786000
31/01/2023,47.66,48.38,47.65,48.15,48.15,2295900
01/02/2023,48.16,49.55,47.65,49.22,49.22,3165100
02/02/2023,49.16,49.56,48.48,49.18,49.18,2288000
03/02/2023,45.8,47.18,44.47,44.68,44.68,6590400
06/02/2023,44.45,45.38,44.15,44.79,44.79,2799200
07/02/2023,44.38,45.08,43.75,45.01,45.01,2041000
08/02/2023,44.47,44.53,43.22,44.19,44.19,2534200
09/02/2023,44.83,45.34,43.95,44.11,44.11,1609100
10/02/2023,43.7,44.14,43.27,43.78,43.78,2228200
13/02/2023,43.95,44.8,43.8,44.75,44.75,1694600
14/02/2023,44.26,45.2,44.08,45.07,45.07,1969000
15/02/2023,44.6,45.6,44.56,45.33,45.33,1306600
16/02/2023,45.23,45.67,44.58,44.58,44.58,1377900
17/02/2023,44.5,45.0,44.34,44.72,44.72,1136300
21/02/2023,44.47,44.58,43.52,43.54,43.54,1387000
22/02/2023,43.55,44.1,43.55,43.89,43.89,1160100
23/02/2023,44.32,44.52,43.63,44.24,44.24,1180300
24/02/2023,43.59,44.03,43.24,43.88,43.88,1200500
27/02/2023,44.5,44.69,43.89,43.94,43.94,1020500
28/02/2023,44.11,44.71,43.99,44.51,44.51,1381000
01/03/2023,44.66,45.43,44.66,45.32,45.32,1184300
02/03/2023,45.0,46.08,44.66,45.94,45.94,1189200
03/03/2023,45.93,46.06,45.5,45.87,45.87,1507900
06/03/2023,45.76,45.85,44.85,45.04,45.04,1549300
07/03/2023,45.04,45.49,44.44,44.51,44.51,1228400
08/03/2023,44.34,44.61,43.97,44.34,44.34,1530300
09/03/2023,44.42,44.68,43.25,43.34,43.34,1635100
10/03/2023,43.6,43.9,42.4,42.98,42.98,1939500
13/03/2023,42.22,42.76,41.58,41.66,41.66,1701300
14/03/2023,42.55,43.31,42.43,43.08,43.08,1562500
15/03/2023,42.09,43.28,41.56,43.22,43.22,1834600
16/03/2023,43.05,44.83,42.78,44.71,44.71,1908000
17/03/2023,44.46,44.73,43.94,44.44,44.44,1847900
20/03/2023,44.78,45.04,43.48,44.0,44.0,1243600
21/03/2023,44.92,45.49,44.85,45.27,45.27,1233900
22/03/2023,45.07,45.41,44.32,44.34,44.34,1144500
23/03/2023,44.8,45.64,44.09,44.46,44.46,1368500
24/03/2023,43.84,45.05,43.67,44.91,44.91,1455400
27/03/2023,45.29,45.29,44.13,44.67,44.67,1236800
28/03/2023,44.79,45.78,44.43,45.75,45.75,1788400
29/03/2023,46.26,46.68,45.64,46.15,46.15,1553600
30/03/2023,46.46,46.96,46.44,46.53,46.53,965500
31/03/2023,46.71,47.7,46.71,47.52,47.52,1605300
03/04/2023,47.26,47.57,46.88,47.5,47.5,1113000
04/04/2023,47.42,47.51,46.43,46.83,46.83,1908800
05/04/2023,46.18,46.44,45.99,46.31,46.31,1265000
06/04/2023,46.05,46.22,45.64,46.17,46.17,1479200
10/04/2023,45.99,47.14,45.67,47.08,47.08,1277200
11/04/2023,47.43,49.14,47.42,48.7,48.7,2477100
12/04/2023,49.17,49.41,48.43,48.5,48.5,1838400
13/04/2023,48.94,48.95,48.19,48.52,48.52,1544100
14/04/2023,48.8,49.69,48.66,49.5,49.5,1567800
17/04/2023,49.6,49.98,49.1,49.26,49.26,1924100
18/04/2023,49.4,50.1,49.16,49.96,49.96,2562500
19/04/2023,50.05,50.17,49.25,49.8,49.8,1404600
20/04/2023,49.91,50.79,49.71,49.99,49.99,1236400
21/04/2023,49.91,50.43,49.72,50.29,50.29,1437600
24/04/2023,50.14,50.3,49.66,50.17,50.17,1614500
25/04/2023,50.3,50.52,48.97,49.17,49.17,2815500
26/04/2023,48.87,50.33,48.87,50.02,50.02,2565200
27/04/2023,48.81,50.09,47.0,49.87,49.87,3511400
28/04/2023,51.26,53.39,50.78,53.19,53.19,5623000
01/05/2023,53.5,54.36,52.82,53.14,53.14,3078100
02/05/2023,53.12,53.22,51.82,53.01,53.01,2319800
03/05/2023,52.8,54.27,52.66,53.53,53.53,1954900
04/05/2023,53.13,53.27,51.32,51.97,51.97,2334200
05/05/2023,52.47,52.91,51.71,51.84,51.84,1890400
08/05/2023,52.07,52.82,51.69,52.41,52.41,1480300
09/05/2023,52.3,52.89,52.13,52.71,52.71,1195100
10/05/2023,53.23,53.45,51.92,52.57,52.57,1322600
11/05/2023,52.56,52.88,52.13,52.5,52.5,1700900
12/05/2023,52.51,53.29,52.38,53.22,53.22,2201600
15/05/2023,53.32,54.77,53.22,54.74,54.74,2500000
16/05/2023,54.03,54.58,53.17,53.45,53.45,1767000
17/05/2023,53.59,53.93,53.42,53.83,53.83,1169000
18/05/2023,53.9,54.44,53.79,54.02,54.02,1441100
19/05/2023,53.03,53.35,50.96,51.94,51.94,3183400
22/05/2023,51.81,52.41,51.21,51.22,51.22,1725500
23/05/2023,51.0,51.72,50.82,51.12,51.12,1439000
24/05/2023,51.29,51.4,50.34,50.84,50.84,1668500
25/05/2023,51.0,51.92,50.74,51.67,51.67,1379500
26/05/2023,51.46,51.87,50.86,51.07,51.07,1759900
30/05/2023,51.36,52.18,51.24,51.46,51.46,1805100
31/05/2023,51.09,51.55,50.7,51.37,51.37,1796100
01/06/2023,51.03,51.18,50.25,50.44,50.44,1357200
02/06/2023,51.41,52.2,50.8,51.99,51.99,1749600
05/06/2023,51.59,52.36,51.21,51.59,51.59,1313900
06/06/2023,51.7,53.96,51.7,53.28,53.28,2415800
07/06/2023,53.15,54.35,52.9,54.19,54.19,2490900
08/06/2023,54.29,54.69,53.33,53.61,53.61,1692600
09/06/2023,53.81,54.21,53.51,53.8,53.8,1079700
12/06/2023,54.09,54.09,52.57,52.79,52.79,1634800
13/06/2023,52.83,52.83,51.64,52.2,52.2,2214600
14/06/2023,52.18,53.54,52.17,53.08,53.08,2031900
15/06/2023,52.61,52.8,51.73,52.57,52.57,2529900
16/06/2023,52.96,53.2,51.4,51.78,51.78,2109800
20/06/2023,51.49,51.79,50.45,50.49,50.49,2641400
21/06/2023,50.84,51.37,50.65,51.26,51.26,1287800
22/06/2023,51.14,51.52,50.82,51.51,51.51,1052500
23/06/2023,50.86,51.22,50.48,50.78,50.78,1344800
26/06/2023,51.09,51.38,50.18,50.27,50.27,1574600
27/06/2023,50.87,51.15,50.02,50.32,50.32,1495000
28/06/2023,50.35,50.88,50.31,50.45,50.45,1630600
29/06/2023,50.62,51.11,49.78,50.33,50.33,1701900
30/06/2023,50.5,52.91,50.26,52.66,52.66,3321900
03/07/2023,52.73,54.47,52.69,53.5,53.5,1364000
05/07/2023,53.42,53.67,52.36,52.54,52.54,1450700
06/07/2023,51.78,52.62,51.65,52.45,52.45,1383600
07/07/2023,52.35,52.79,51.33,51.5,51.5,1467400
10/07/2023,51.55,52.39,51.42,51.9,51.9,2011900
11/07/2023,52.07,52.48,51.64,52.03,52.03,1304400
12/07/2023,52.5,52.77,51.58,52.22,52.22,1617900
13/07/2023,52.15,52.83,51.77,52.52,52.52,1158000
14/07/2023,52.62,52.68,51.6,52.23,52.23,1281900
17/07/2023,52.2,53.43,51.94,52.9,52.9,1568800
18/07/2023,52.9,55.01,52.8,53.9,53.9,3105600
19/07/2023,53.84,54.82,53.84,54.26,54.26,1687300
20/07/2023,54.26,55.52,53.18,53.25,53.25,1898000
21/07/2023,53.73,53.73,52.01,52.02,52.02,2026100
24/07/2023,52.21,53.49,52.21,53.21,53.21,2210400
25/07/2023,53.36,53.4,52.16,52.17,52.17,1843500
26/07/2023,52.03,53.15,51.76,52.78,52.78,1653100
27/07/2023,52.41,52.71,50.78,51.11,51.11,3230100
28/07/2023,54.5,56.29,54.0,56.11,56.11,6143700
31/07/2023,56.47,56.53,55.0,55.58,55.58,2127600
01/08/2023,55.36,56.47,55.21,55.58,55.58,2182600
02/08/2023,55.15,55.46,54.12,54.19,54.19,1394800
03/08/2023,54.33,54.61,53.29,54.48,54.48,1935200
04/08/2023,54.72,55.17,54.06,54.19,54.19,941400
07/08/2023,54.49,54.71,53.48,54.28,54.28,1301900
08/08/2023,53.73,55.0,52.95,54.75,54.75,1939600
09/08/2023,54.74,54.79,53.6,54.0,54.0,1329800
10/08/2023,54.39,55.62,54.15,54.67,54.67,2493600
11/08/2023,54.27,54.43,52.98,53.32,53.32,1981000
14/08/2023,53.1,53.38,52.16,53.19,53.19,1561900
15/08/2023,52.59,53.04,52.44,52.48,52.48,1231700
16/08/2023,52.42,52.75,51.73,51.75,51.75,1699700
17/08/2023,52.07,52.14,50.94,51.07,51.07,1339100
18/08/2023,50.56,51.09,49.9,50.91,50.91,2346600
21/08/2023,51.18,51.72,50.5,51.41,51.41,1367100
22/08/2023,50.7,50.7,49.76,50.15,50.15,1232000
23/08/2023,48.34,50.57,48.0,50.29,50.29,1904100
24/08/2023,50.27,50.37,48.26,48.48,48.48,1901700
25/08/2023,48.71,48.97,47.9,48.39,48.39,1591600
28/08/2023,48.55,49.24,48.07,48.28,48.28,1713000
29/08/2023,48.45,49.79,48.21,49.77,49.77,1461900
30/08/2023,49.58,50.24,49.44,50.09,50.09,1299100
31/08/2023,50.2,50.46,49.84,50.31,50.31,1606800
01/09/2023,50.57,51.63,50.42,51.56,51.56,1879200
05/09/2023,51.27,51.63,50.06,50.43,50.43,2074500
06/09/2023,50.32,50.38,48.5,48.89,48.89,2419700
07/09/2023,48.52,49.4,48.12,49.27,49.27,1905700
08/09/2023,49.31,49.45,48.59,49.04,49.04,1169900
11/09/2023,49.35,49.58,48.71,49.03,49.03,1763300
12/09/2023,48.94,49.73,48.82,49.11,49.11,1345700
13/09/2023,48.75,48.94,46.0,47.14,47.14,4413300
14/09/2023,47.37,47.75,46.96,47.44,47.44,2003100
15/09/2023,47.25,47.47,46.86,47.38,47.38,2922300
18/09/2023,48.48,48.62,46.59,47.01,47.01,1842000
19/09/2023,46.91,48.17,46.91,47.84,47.84,1823400
20/09/2023,47.98,48.27,47.43,47.58,47.58,1452600
21/09/2023,47.3,48.55,47.25,47.8,47.8,2419500
22/09/2023,48.19,48.37,47.33,47.65,47.65,1443000
25/09/2023,47.09,48.6,47.09,48.05,48.05,1778300
26/09/2023,47.85,48.06,46.9,47.16,47.16,1396900
27/09/2023,47.24,47.48,46.68,47.07,47.07,1275200
28/09/2023,47.14,48.07,47.14,47.86,47.86,1600200
29/09/2023,49.95,50.62,48.91,48.95,48.95,2332000
02/10/2023,48.73,49.31,48.52,48.93,48.93,1573600
03/10/2023,48.65,48.99,47.9,48.4,48.4,1303300
04/10/2023,48.38,48.84,47.77,48.82,48.82,1271600
05/10/2023,48.69,48.85,47.88,47.97,47.97,1104700
06/10/2023,47.73,48.76,47.28,48.56,48.56,1181400
09/10/2023,48.18,48.18,47.05,47.9,47.9,1284400
10/10/2023,48.29,49.36,47.65,48.67,48.67,1247200
11/10/2023,48.7,49.03,47.93,48.48,48.48,1064600
12/10/2023,48.78,48.95,47.66,48.46,48.46,1603100
13/10/2023,48.26,48.58,47.75,48.09,48.09,1469200
16/10/2023,48.55,49.73,48.55,49.4,49.4,1729300
17/10/2023,49.35,50.99,49.05,50.48,50.48,2413100
18/10/2023,50.22,50.38,48.76,49.19,49.19,2293500
19/10/2023,49.15,49.82,48.76,48.78,48.78,1544200
20/10/2023,48.73,48.99,48.13,48.43,48.43,1792900
23/10/2023,48.25,48.31,47.35,48.02,48.02,2437200
24/10/2023,48.72,49.08,48.33,48.62,48.62,2131400
25/10/2023,48.38,49.35,47.93,47.96,47.96,2012100
26/10/2023,47.76,48.11,46.67,46.78,46.78,3165900
27/10/2023,46.24,49.8,45.58,46.1,46.1,6774100
30/10/2023,46.67,48.63,46.59,48.09,48.09,3394900
31/10/2023,48.09,48.28,47.59,48.22,48.22,2003300
01/11/2023,48.12,48.42,46.06,46.5,46.5,2349300
02/11/2023,46.6,47.34,46.08,47.15,47.15,2288700
03/11/2023,47.88,48.34,47.33,47.7,47.7,2252900
06/11/2023,47.98,49.24,47.98,49.16,49.16,1777400
07/11/2023,49.1,50.45,49.1,50.19,50.19,1980000
08/11/2023,50.22,50.95,49.94,50.01,50.01,1219900
09/11/2023,50.35,50.98,49.49,49.64,49.64,1683900
10/11/2023,49.64,50.04,49.06,50.03,50.03,1369500
13/11/2023,49.8,50.0,49.08,49.43,49.43,1533800
14/11/2023,50.31,51.18,50.16,50.89,50.89,1864900
15/11/2023,51.5,53.28,51.26,52.55,52.55,2811100
16/11/2023,52.04,52.38,51.33,51.61,51.61,1698200
17/11/2023,52.27,52.55,52.1,52.54,52.54,1911900
20/11/2023,52.5,54.63,52.49,54.48,54.48,2045500
21/11/2023,54.5,54.57,54.1,54.55,54.55,1169900
22/11/2023,55.0,55.46,54.8,55.11,55.11,1207800
24/11/2023,54.95,56.05,54.95,56.01,56.01,582700
27/11/2023,55.7,57.46,55.51,57.11,57.11,1770600
28/11/2023,57.1,57.86,57.06,57.5,57.5,2774700
29/11/2023,58.1,59.19,58.0,58.64,58.64,2701300
30/11/2023,58.71,58.99,58.05,58.91,58.91,1995000
01/12/2023,58.86,59.3,58.17,59.15,59.15,2121200
04/12/2023,58.78,59.99,58.78,59.83,59.83,1741500
05/12/2023,59.42,59.89,58.95,59.86,59.86,1591500
06/12/2023,60.01,60.32,59.1,59.31,59.31,1561600
07/12/2023,59.19,60.21,58.81,59.74,59.74,1398700
08/12/2023,59.63,60.61,59.58,60.43,60.43,955000
11/12/2023,60.58,61.33,60.57,60.78,60.78,1408600
12/12/2023,60.96,61.01,60.47,60.66,60.66,1384800
13/12/2023,60.67,61.57,60.67,61.51,61.51,1989500
14/12/2023,62.24,63.24,61.77,62.6,62.6,1575800
15/12/2023,62.33,62.46,61.42,61.71,61.71,4754700
18/12/2023,61.6,62.86,61.48,62.08,62.08,1343600
19/12/2023,62.9,63.99,62.78,63.75,63.75,1974900
20/12/2023,63.3,63.91,63.02,63.07,63.07,1424400
21/12/2023,63.67,63.93,63.45,63.81,63.81,1127600
22/12/2023,61.27,62.9,60.81,62.17,62.17,2198800
26/12/2023,62.37,62.98,62.13,62.67,62.67,829300
27/12/2023,62.64,63.0,62.31,62.66,62.66,711800
28/12/2023,62.82,62.85,62.26,62.56,62.56,890100
29/12/2023,62.34,62.86,62.25,62.34,62.34,546200
02/01/2024,62.0,62.54,61.7,62.13,62.13,1089100
03/01/2024,61.47,61.49,60.83,60.95,60.95,1288800
04/01/2024,60.59,61.41,60.27,60.33,60.33,1155500
05/01/2024,60.33,61.13,60.16,60.4,60.4,1086700
08/01/2024,60.99,63.1,60.94,62.87,62.87,2156000
09/01/2024,62.49,62.82,62.16,62.54,62.54,1100100
10/01/2024,62.76,63.1,62.4,62.96,62.96,887300
11/01/2024,63.04,63.64,62.45,63.62,63.62,816600
12/01/2024,63.9,64.0,62.6,63.2,63.2,951900
16/01/2024,62.65,63.03,62.22,62.87,62.87,1138800
17/01/2024,62.79,63.69,62.02,63.09,63.09,1385900
18/01/2024,63.36,64.12,62.44,64.07,64.07,1332800
19/01/2024,64.25,64.86,63.68,64.82,64.82,952600
22/01/2024,65.0,65.17,63.35,63.54,63.54,1446700
23/01/2024,63.78,64.07,61.99,62.11,62.11,1477400
24/01/2024,62.44,62.55,61.19,61.3,61.3,1359600
25/01/2024,61.62,62.03,61.11,61.9,61.9,1532600
26/01/2024,62.39,63.14,62.27,62.88,62.88,973300
29/01/2024,62.94,63.99,62.94,63.84,63.84,1778200
30/01/2024,63.6,64.01,63.41,63.84,63.84,1360600
31/01/2024,63.67,63.95,62.32,62.44,62.44,1830900
01/02/2024,62.92,64.0,62.48,63.6,63.6,3356400
02/02/2024,58.75,59.5,56.86,57.04,57.04,8326200
05/02/2024,56.74,58.86,56.58,58.17,58.17,4095900
06/02/2024,58.54,58.89,57.35,57.73,57.73,3157900
07/02/2024,57.5,57.92,56.89,57.05,57.05,2190300
08/02/2024,57.64,58.39,57.1,57.97,57.97,2065600
09/02/2024,57.99,58.97,57.95,58.91,58.91,1382200
12/02/2024,58.95,59.71,58.75,59.34,59.34,1680500
13/02/2024,57.98,59.08,57.71,59.06,59.06,1801300
14/02/2024,59.65,59.91,58.68,59.63,59.63,1926100
15/02/2024,60.52,60.97,60.04,60.33,60.33,1598100
16/02/2024,60.06,60.2,59.17,59.66,59.66,1172700
20/02/2024,59.2,59.48,57.69,58.13,58.13,1705000
21/02/2024,57.91,59.03,57.83,58.77,58.77,1177400
22/02/2024,59.23,59.95,59.08,59.38,59.38,1154700
23/02/2024,59.72,60.38,59.47,60.2,60.2,988700
26/02/2024,60.2,61.03,60.14,60.5,60.5,992900
27/02/2024,60.67,60.94,60.28,60.9,60.9,1479400
28/02/2024,60.4,62.19,60.4,61.72,61.72,1257400
29/02/2024,62.18,62.71,61.5,61.81,61.81,1783100
01/03/2024,61.96,62.85,61.42,62.33,62.33,1354400
04/03/2024,62.55,62.69,60.11,60.44,60.44,2187500
05/03/2024,59.85,61.35,59.33,60.64,60.64,1496100
06/03/2024,61.29,61.37,59.54,60.81,60.81,1333400
07/03/2024,61.07,61.25,60.51,61.14,61.14,1415700
08/03/2024,61.03,61.53,59.93,60.05,60.05,2122000
11/03/2024,59.83,60.75,59.16,60.26,60.26,1703200
12/03/2024,60.35,61.54,60.01,61.25,61.25,1453700
13/03/2024,61.2,62.33,61.2,62.2,62.2,1452200
14/03/2024,62.52,62.72,60.86,61.42,61.42,906000
15/03/2024,61.16,61.78,60.7,60.91,60.91,2908600
18/03/2024,60.87,61.46,60.05,60.18,60.18,1219800
19/03/2024,60.0,60.73,59.7,60.54,60.54,1014200
20/03/2024,60.52,61.02,60.08,61.01,61.01,1223600
21/03/2024,61.25,61.82,61.04,61.54,61.54,839700
22/03/2024,60.9,61.29,60.25,60.83,60.83,1187000
25/03/2024,60.86,61.16,59.95,59.99,59.99,1115500
26/03/2024,60.31,60.53,59.9,60.01,60.01,1252300
27/03/2024,60.55,60.91,59.8,60.86,60.86,770100
28/03/2024,61.0,61.41,60.83,61.26,61.26,759300
01/04/2024,61.85,61.85,60.59,61.32,61.32,1203200
02/04/2024,60.0,60.04,58.02,58.87,58.87,2084400
03/04/2024,58.89,59.02,58.25,58.53,58.53,1338000
04/04/2024,59.04,59.74,57.72,58.08,58.08,1116000
05/04/2024,58.13,58.65,57.96,58.0,58.0,1062200
08/04/2024,58.3,58.83,58.09,58.25,58.25,1341900
09/04/2024,58.71,58.98,57.54,58.15,58.15,966800
10/04/2024,57.01,57.67,56.6,57.2,57.2,1773200
11/04/2024,57.52,57.94,57.0,57.12,57.12,989000
12/04/2024,56.56,56.84,55.89,56.17,56.17,1176400
15/04/2024,57.21,58.38,56.29,56.48,56.48,1842300
16/04/2024,56.25,57.42,55.67,57.39,57.39,2447600
17/04/2024,57.96,57.96,56.36,56.52,56.52,1622600
18/04/2024,56.7,57.46,56.39,56.86,56.86,1203600
19/04/2024,56.71,57.07,56.15,56.41,56.41,4955600
22/04/2024,56.76,58.17,56.76,58.01,58.01,2044900
23/04/2024,58.06,59.79,57.89,59.64,59.64,1857700
24/04/2024,59.91,60.39,58.93,59.15,59.15,2149600
25/04/2024,58.71,59.17,57.88,58.82,58.82,2580700
26/04/2024,67.21,69.07,65.03,65.41,65.41,7731300
29/04/2024,66.0,67.1,65.71,66.19,66.19,2539800
30/04/2024,65.74,66.51,65.04,66.05,66.05,2081700
01/05/2024,65.76,66.5,65.06,65.46,65.46,1381300
02/05/2024,66.33,66.36,65.43,66.07,66.07,1164600
03/05/2024,66.8,67.25,65.98,67.1,67.1,1711800
06/05/2024,67.55,67.83,66.72,66.79,66.79,1671900
07/05/2024,66.86,67.81,66.35,66.4,66.4,1957000
08/05/2024,66.24,67.29,66.18,66.98,66.98,1564100
09/05/2024,67.01,68.17,67.01,68.07,68.07,1214900
10/05/2024,68.2,68.5,67.44,67.78,67.78,973800
13/05/2024,68.14,68.99,68.04,68.24,68.24,1071400
14/05/2024,69.1,69.69,68.4,69.0,69.0,1214200
15/05/2024,69.0,69.47,68.84,69.37,69.37,1096500
16/05/2024,69.25,69.8,68.19,68.25,68.25,986100
17/05/2024,68.32,68.94,68.32,68.42,68.42,807500
20/05/2024,68.58,68.88,67.63,68.24,68.24,1222700
21/05/2024,67.96,68.52,67.75,68.39,68.39,1018200
22/05/2024,68.09,68.41,67.63,67.85,67.85,1055900
23/05/2024,68.02,68.47,67.11,67.38,67.38,1015600
24/05/2024,67.95,68.8,67.71,68.29,68.29,1202500
28/05/2024,69.09,71.39,69.09,70.46,70.46,1933400
29/05/2024,70.09,70.82,69.51,69.8,69.8,1605500
30/05/2024,70.0,70.89,70.0,70.42,70.42,1203700
31/05/2024,70.42,71.52,70.42,71.42,71.42,2177500
03/06/2024,71.64,72.27,69.89,70.45,70.45,1549800
04/06/2024,69.99,70.76,69.36,69.59,69.59,1457500
05/06/2024,69.9,71.04,69.44,70.8,70.8,2313400
06/06/2024,71.0,71.75,70.83,71.05,71.05,1375100
07/06/2024,73.57,73.84,72.0,72.87,72.87,2848600
10/06/2024,71.3,73.98,71.06,73.92,73.92,1856500
11/06/2024,73.71,73.98,72.95,73.85,73.85,1213500
12/06/2024,75.0,75.09,73.97,74.5,74.5,1890200
13/06/2024,74.72,74.9,73.04,73.75,73.75,1301700
14/06/2024,73.0,73.3,72.15,72.17,72.17,1412100
17/06/2024,72.03,73.08,71.62,72.84,72.84,1854500
18/06/2024,72.68,73.4,72.22,73.16,73.16,1164300
20/06/2024,73.56,73.98,72.39,73.08,73.08,1311400
21/06/2024,72.9,73.07,71.58,72.62,72.62,7349000
24/06/2024,72.91,74.19,72.67,74.07,74.07,1907100
25/06/2024,74.15,74.51,72.72,72.81,72.81,1569000
26/06/2024,72.65,72.99,71.59,71.75,71.75,1715500
27/06/2024,71.27,71.65,69.27,69.84,69.84,2360300
28/06/2024,67.0,69.76,66.7,69.12,69.12,3022200
01/07/2024,69.35,69.64,67.46,67.53,67.53,1808700
02/07/2024,67.53,67.6,66.61,67.11,67.11,1744600
03/07/2024,67.16,67.79,67.02,67.32,67.32,707300
05/07/2024,67.33,67.42,65.58,66.24,66.24,2367300
08/07/2024,66.72,67.75,66.36,67.74,67.74,1844800
09/07/2024,67.72,68.36,67.29,67.33,67.33,1408100
10/07/2024,67.39,67.55,65.7,66.72,66.72,1486600
11/07/2024,67.45,68.02,67.11,67.9,67.9,1227000
12/07/2024,68.43,68.86,68.0,68.16,68.16,2021100
15/07/2024,67.99,68.28,65.9,66.09,66.09,2110300
16/07/2024,66.5,67.34,66.23,67.23,67.23,1654900
17/07/2024,66.35,67.86,65.2,65.28,65.28,2351700
18/07/2024,65.5,66.48,64.0,64.33,64.33,2431600
19/07/2024,64.43,65.09,63.33,63.43,63.43,1914300
22/07/2024,64.46,64.5,63.0,64.21,64.21,3244100
23/07/2024,65.25,66.11,64.93,65.1,65.1,2621400
24/07/2024,64.9,65.41,64.02,64.02,64.02,1966200
25/07/2024,64.0,64.78,63.03,63.71,63.71,3657700
26/07/2024,65.0,65.93,63.46,64.72,64.72,4598500
29/07/2024,65.09,65.25,63.85,64.92,64.92,2591600
30/07/2024,65.06,65.59,64.07,64.4,64.4,1767200
31/07/2024,65.11,65.88,64.43,65.13,65.13,1456600
01/08/2024,64.9,65.38,62.45,63.27,63.27,1857700
02/08/2024,61.29,61.54,59.42,59.45,59.45,2178900
05/08/2024,57.35,60.52,56.71,59.46,59.46,3144900
06/08/2024,59.76,61.11,59.43,60.03,60.03,2066100
07/08/2024,60.96,61.49,59.59,59.7,59.7,1723200
08/08/2024,60.7,62.33,60.32,62.33,62.33,1722900
09/08/2024,62.12,62.46,61.41,62.45,62.45,1184300
12/08/2024,62.7,62.8,61.15,61.71,61.71,1450400
13/08/2024,62.57,63.92,62.51,63.61,63.61,2352400
14/08/2024,63.8,64.0,62.56,62.72,62.72,1353000
15/08/2024,64.2,65.45,64.16,64.99,64.99,2039400
16/08/2024,64.71,65.06,64.33,64.84,64.84,1233800
19/08/2024,65.08,66.98,65.05,66.82,66.82,1536700
20/08/2024,66.89,67.12,65.67,65.75,65.75,1428100
21/08/2024,66.52,67.76,66.5,67.68,67.68,1208600
22/08/2024,67.74,68.08,67.24,67.3,67.3,1261800
23/08/2024,68.0,69.86,67.65,69.8,69.8,1432800
26/08/2024,70.0,70.91,69.95,70.15,70.15,1468800
27/08/2024,69.8,70.36,69.18,69.99,69.99,1538600
28/08/2024,69.18,69.56,68.12,68.47,68.47,1409000
29/08/2024,68.63,69.35,67.91,68.49,68.49,1035800
30/08/2024,68.8,68.8,67.08,68.48,68.48,1642100
03/09/2024,68.04,69.15,66.62,67.03,67.03,1636800
04/09/2024,66.5,67.55,65.38,67.39,67.39,1490900
05/09/2024,67.54,68.08,66.99,67.37,67.37,1237600
06/09/2024,67.16,67.84,65.79,66.08,66.08,1350400
09/09/2024,66.14,67.15,65.94,66.02,66.02,1586100
10/09/2024,65.83,66.06,63.93,64.86,64.86,1864000
11/09/2024,64.88,65.64,63.77,65.62,65.62,1138300
12/09/2024,65.78,66.53,65.22,66.35,66.35,1140300
13/09/2024,66.84,67.85,66.5,67.3,67.3,1459900
16/09/2024,67.5,68.14,67.04,67.86,67.86,1667100
17/09/2024,68.44,69.08,67.76,67.94,67.94,1130700
