Date,Open,High,Low,Close,Adj Close,Volume
05/03/1998,35.0,36.25,34.06,34.38,28.29,15460
06/03/1998,35.31,35.31,34.06,34.69,28.55,14660
09/03/1998,35.0,35.0,33.44,34.38,28.29,24600
10/03/1998,35.0,38.75,34.69,36.88,30.35,55880
11/03/1998,37.19,39.69,36.88,39.38,32.41,73820
12/03/1998,40.0,41.88,38.75,39.38,32.41,50580
13/03/1998,39.38,40.62,39.06,40.0,32.92,40580
16/03/1998,40.0,43.44,39.38,41.88,34.46,65140
17/03/1998,41.88,43.44,39.38,40.62,33.44,52220
18/03/1998,40.94,40.94,39.38,40.31,33.18,20880
19/03/1998,40.62,40.62,39.38,40.31,33.18,32080
20/03/1998,40.62,40.62,40.0,40.0,32.92,12380
23/03/1998,40.0,40.62,39.38,40.31,33.18,25880
24/03/1998,39.38,40.31,38.12,40.0,32.92,29940
25/03/1998,39.38,40.31,39.06,40.0,32.92,21420
26/03/1998,39.06,40.0,38.44,39.06,32.15,14100
27/03/1998,38.44,39.38,38.44,39.06,32.15,5000
30/03/1998,39.38,41.56,38.75,39.38,32.41,27280
31/03/1998,39.69,40.62,38.75,40.62,33.44,33120
01/04/1998,39.38,41.88,39.38,41.25,33.95,20940
02/04/1998,41.88,41.88,40.62,41.88,34.46,16700
03/04/1998,41.56,45.94,41.56,43.75,36.01,69880
06/04/1998,45.0,46.88,43.44,44.06,36.27,70680
07/04/1998,43.75,45.0,41.88,43.12,35.49,47780
08/04/1998,43.12,45.62,42.81,45.0,37.04,39200
09/04/1998,45.0,46.25,44.06,45.31,37.29,50840
13/04/1998,45.0,45.0,40.0,40.31,33.18,42480
14/04/1998,40.94,42.81,40.62,42.5,34.98,27720
15/04/1998,42.5,43.75,42.5,43.75,36.01,21820
16/04/1998,43.44,45.31,43.12,45.0,37.04,34840
17/04/1998,45.0,47.19,44.06,44.06,36.27,58460
20/04/1998,44.69,46.88,43.75,45.62,37.55,59200
21/04/1998,46.25,46.56,45.0,46.25,38.07,63000
22/04/1998,46.56,47.19,45.0,47.19,38.84,44540
23/04/1998,46.25,47.5,44.38,45.31,37.29,53820
24/04/1998,45.62,45.94,43.44,44.06,36.27,29180
27/04/1998,42.5,44.38,40.62,44.06,36.27,30720
28/04/1998,44.06,45.94,44.06,44.69,36.78,17940
29/04/1998,45.0,45.62,43.75,45.0,37.04,41320
30/04/1998,45.0,45.62,44.38,45.0,37.04,18580
01/05/1998,45.62,46.25,45.0,45.62,37.55,21440
04/05/1998,46.25,46.25,45.0,45.31,37.29,35160
05/05/1998,45.0,46.25,45.0,46.25,38.07,30580
06/05/1998,45.62,46.25,45.0,45.0,37.04,23860
07/05/1998,45.0,45.94,43.75,43.75,36.01,16380
08/05/1998,45.0,45.0,43.12,44.69,36.78,17880
11/05/1998,45.0,46.56,42.5,43.12,35.49,59280
12/05/1998,43.75,44.69,42.81,42.81,35.24,17920
13/05/1998,42.81,44.38,40.62,40.62,33.44,17180
14/05/1998,40.62,42.5,40.0,41.88,34.46,19520
15/05/1998,41.88,42.5,40.62,40.94,33.69,12560
18/05/1998,40.94,43.12,39.38,40.0,32.92,20580
19/05/1998,40.62,41.25,38.75,40.62,33.44,19340
20/05/1998,41.25,42.81,39.38,42.81,35.24,11300
21/05/1998,43.12,45.0,42.81,43.75,36.01,54840
22/05/1998,43.75,45.0,42.81,42.81,35.24,32400
26/05/1998,44.06,44.06,40.0,40.62,33.44,39520
27/05/1998,40.31,40.31,38.44,40.0,32.92,24740
28/05/1998,39.69,41.25,39.38,41.25,33.95,22060
29/05/1998,41.25,41.88,40.62,41.25,33.95,9420
01/06/1998,42.5,42.5,40.0,41.09,33.82,8620
02/06/1998,40.0,41.25,38.75,39.38,32.41,12800
03/06/1998,40.0,40.0,37.5,38.44,31.64,16800
04/06/1998,39.38,39.38,38.12,38.12,31.38,6340
05/06/1998,38.12,40.0,38.12,40.0,32.92,5840
08/06/1998,40.0,40.0,38.52,38.52,31.7,57560
09/06/1998,39.38,39.38,37.5,39.06,32.15,17720
10/06/1998,38.75,39.38,37.5,38.75,31.89,14620
11/06/1998,37.5,39.06,36.88,37.5,30.86,9780
12/06/1998,36.88,37.5,35.0,36.88,30.35,12860
15/06/1998,36.88,36.88,34.38,34.38,28.29,13580
16/06/1998,36.88,37.5,35.0,35.31,29.06,14300
17/06/1998,35.94,36.56,35.0,35.31,29.06,13560
18/06/1998,35.62,35.94,35.0,35.31,29.06,7440
19/06/1998,35.0,36.88,35.0,35.62,29.32,9960
22/06/1998,35.62,37.5,34.38,35.0,28.81,11220
23/06/1998,34.69,36.25,34.38,35.0,28.81,22420
24/06/1998,34.38,35.31,33.75,34.38,28.29,23160
25/06/1998,35.0,35.31,31.88,32.19,26.49,25360
26/06/1998,33.75,35.0,32.5,35.0,28.81,29400
29/06/1998,35.0,35.0,34.06,34.69,28.55,11240
30/06/1998,34.69,35.94,34.38,35.31,29.06,35440
01/07/1998,35.62,35.62,34.38,35.0,28.81,7300
02/07/1998,34.06,35.0,33.75,34.38,28.29,25120
06/07/1998,34.06,35.62,34.06,35.31,29.06,38320
07/07/1998,35.94,40.0,35.0,40.0,32.92,97000
08/07/1998,39.69,41.56,39.38,39.38,32.41,37640
09/07/1998,39.38,40.62,39.38,40.0,32.92,48140
10/07/1998,40.62,40.62,39.38,40.0,32.92,11500
13/07/1998,39.38,41.25,39.38,40.31,33.18,30860
14/07/1998,40.0,40.62,40.0,40.31,33.18,10580
15/07/1998,40.62,40.94,40.0,40.62,33.44,35780
16/07/1998,41.25,41.25,39.69,39.69,32.66,13660
17/07/1998,40.0,40.0,39.69,39.69,32.66,9380
20/07/1998,40.0,40.0,39.69,40.0,32.92,8840
21/07/1998,39.69,40.0,35.0,36.25,29.84,62860
22/07/1998,36.25,37.5,35.0,36.56,30.09,7420
23/07/1998,35.62,36.56,35.0,35.94,29.58,11000
24/07/1998,35.0,36.56,35.0,35.31,29.06,43180
27/07/1998,35.0,35.62,35.0,35.0,28.81,20800
28/07/1998,35.0,35.62,35.0,35.0,28.81,53240
29/07/1998,35.0,35.47,32.5,33.75,27.78,60080
30/07/1998,34.38,34.38,33.75,33.75,27.78,20400
31/07/1998,34.06,34.06,33.75,33.75,27.78,43380
03/08/1998,34.06,34.06,32.5,34.06,28.03,98780
04/08/1998,34.06,34.06,32.5,32.5,26.75,29840
05/08/1998,32.81,32.81,30.94,31.25,25.72,37040
06/08/1998,31.56,31.56,31.25,31.56,25.98,23700
07/08/1998,31.25,31.56,31.25,31.25,25.72,14520
10/08/1998,31.25,32.5,31.25,32.5,26.75,13000
11/08/1998,31.25,32.03,30.94,30.94,25.46,17580
12/08/1998,31.56,31.56,30.62,30.94,25.46,16320
13/08/1998,32.5,32.5,30.94,31.88,26.23,16080
14/08/1998,31.25,31.88,30.94,31.25,25.72,12760
17/08/1998,31.88,31.88,31.25,31.56,25.98,7220
18/08/1998,31.56,33.75,31.56,32.19,26.49,19840
19/08/1998,32.5,33.75,31.56,31.88,26.23,16200
20/08/1998,31.88,31.88,31.56,31.56,25.98,10160
21/08/1998,31.56,31.88,30.94,31.25,25.72,17480
24/08/1998,31.25,31.88,31.25,31.25,25.72,7640
25/08/1998,31.88,32.5,31.25,31.56,25.98,31420
26/08/1998,31.25,31.56,30.62,31.25,25.72,27800
27/08/1998,30.62,30.94,27.5,27.81,22.89,67680
28/08/1998,28.44,28.75,26.25,27.5,22.63,38080
31/08/1998,29.38,29.69,24.69,25.0,20.58,47560
01/09/1998,25.0,25.94,20.62,23.75,19.55,69520
02/09/1998,24.06,25.0,23.75,24.06,19.8,35840
03/09/1998,24.69,27.19,23.12,25.62,21.09,47540
04/09/1998,25.62,26.25,25.31,25.62,21.09,37100
08/09/1998,25.94,28.44,25.62,27.5,22.63,21820
09/09/1998,28.44,28.44,25.94,26.56,21.86,25700
10/09/1998,25.62,26.25,22.66,24.06,19.8,42840
11/09/1998,25.0,25.0,24.06,25.0,20.58,4000
14/09/1998,24.38,27.5,24.38,27.5,22.63,11520
15/09/1998,27.19,27.19,25.31,26.25,21.6,20360
16/09/1998,27.5,27.5,25.62,25.62,21.09,13860
17/09/1998,25.0,25.62,24.38,25.31,20.83,25440
18/09/1998,24.38,25.0,23.44,24.06,19.8,13980
21/09/1998,24.69,24.69,21.25,23.75,19.55,8860
22/09/1998,24.38,25.62,23.12,23.75,19.55,8680
23/09/1998,25.62,26.25,23.75,25.62,21.09,24700
24/09/1998,25.31,26.25,25.31,25.62,21.09,57500
25/09/1998,25.31,25.62,24.69,25.0,20.58,44720
28/09/1998,24.69,25.16,24.69,25.0,20.58,33380
29/09/1998,25.0,25.0,24.69,25.0,20.58,14620
30/09/1998,25.0,25.0,24.38,24.38,20.06,2800
01/10/1998,25.0,25.0,22.5,23.75,19.55,7740
02/10/1998,23.44,23.75,23.44,23.44,19.29,8000
05/10/1998,23.44,24.38,20.94,21.25,17.49,10840
06/10/1998,21.25,22.5,21.25,21.25,17.49,16320
07/10/1998,21.25,21.25,16.88,16.88,13.89,16220
08/10/1998,18.44,20.0,16.56,19.06,15.69,38000
09/10/1998,19.38,21.56,18.44,18.44,15.17,25120
12/10/1998,20.94,20.94,20.0,20.0,16.46,11180
13/10/1998,19.38,20.94,19.38,20.62,16.98,13620
14/10/1998,20.62,24.69,20.0,24.38,20.06,11700
15/10/1998,23.12,24.38,22.5,24.38,20.06,8560
16/10/1998,25.0,25.94,24.69,25.31,20.83,36220
19/10/1998,25.31,26.25,24.38,24.38,20.06,11760
20/10/1998,25.0,25.94,24.38,24.69,20.32,15520
21/10/1998,25.94,25.94,24.69,25.94,21.35,36240
22/10/1998,26.25,26.25,25.31,25.94,21.35,13440
23/10/1998,25.62,25.62,24.22,25.0,20.58,25640
26/10/1998,25.0,30.62,24.69,29.69,24.43,49160
27/10/1998,31.88,35.62,31.25,34.38,28.29,137820
28/10/1998,38.75,39.69,33.12,33.75,27.78,212180
29/10/1998,33.75,34.38,31.25,33.44,27.52,59140
30/10/1998,34.38,35.94,33.75,34.06,28.03,65700
02/11/1998,35.31,35.62,33.75,34.38,28.29,14260
03/11/1998,34.06,35.0,32.5,33.12,27.26,21600
04/11/1998,33.12,34.06,30.0,32.19,26.49,28220
05/11/1998,31.88,32.5,30.0,31.88,26.23,19920
06/11/1998,32.19,32.5,30.94,32.19,26.49,20540
09/11/1998,31.25,32.5,30.0,30.62,25.21,19040
10/11/1998,30.0,32.19,30.0,31.56,25.98,49120
11/11/1998,32.5,33.75,32.19,32.81,27.01,76460
12/11/1998,31.88,33.12,31.88,32.19,26.49,48600
13/11/1998,32.19,34.38,32.19,33.12,27.26,38820
16/11/1998,33.12,35.94,33.12,34.53,28.42,56040
17/11/1998,33.75,35.31,33.75,34.69,28.55,48420
18/11/1998,35.0,38.75,34.69,38.75,31.89,127240
19/11/1998,38.44,38.75,36.88,38.75,31.89,48260
20/11/1998,39.06,40.0,38.12,38.28,31.51,74440
23/11/1998,38.28,40.0,38.12,39.38,32.41,25660
24/11/1998,39.38,40.94,38.75,40.0,32.92,76800
25/11/1998,39.69,40.62,39.69,40.0,32.92,46740
27/11/1998,40.62,41.25,39.69,40.31,33.18,32360
30/11/1998,41.25,41.25,38.12,38.75,31.89,37040
01/12/1998,39.06,40.62,36.88,40.0,32.92,54520
02/12/1998,40.0,40.94,39.69,39.69,32.66,53600
03/12/1998,40.62,40.62,39.38,39.69,32.66,66760
04/12/1998,40.31,40.62,39.69,40.31,33.18,42900
07/12/1998,40.62,40.62,38.75,39.06,32.15,45580
08/12/1998,38.75,38.75,37.5,38.44,31.64,33080
09/12/1998,38.28,39.69,37.81,39.06,32.15,17460
10/12/1998,38.75,39.69,35.62,35.62,29.32,25920
11/12/1998,35.62,36.88,33.44,34.38,28.29,33580
14/12/1998,33.75,36.25,33.75,35.0,28.81,17600
15/12/1998,35.0,39.38,35.0,38.75,31.89,26220
16/12/1998,38.12,40.31,38.12,39.38,32.41,35100
17/12/1998,39.69,40.0,37.5,38.75,31.89,25440
18/12/1998,38.12,38.75,35.78,36.25,29.84,29340
21/12/1998,36.88,39.06,36.88,39.06,32.15,18360
22/12/1998,39.38,39.69,37.5,37.5,30.86,12800
23/12/1998,37.5,38.12,36.88,36.88,30.35,18820
24/12/1998,38.12,38.12,36.88,38.12,31.38,2560
28/12/1998,38.12,38.12,36.88,36.88,30.35,17720
29/12/1998,36.56,39.38,36.56,37.5,30.86,47280
30/12/1998,38.75,39.38,37.5,38.44,31.64,23520
31/12/1998,39.06,40.31,38.44,39.69,32.66,33100
04/01/1999,40.94,42.81,40.94,41.88,34.46,73580
05/01/1999,41.88,47.5,41.56,47.19,38.84,173520
06/01/1999,47.5,48.12,42.5,44.69,36.78,110760
07/01/1999,45.0,46.56,43.12,46.56,38.32,60200
08/01/1999,46.88,50.0,46.56,49.69,40.89,177960
11/01/1999,49.69,51.25,48.75,49.38,40.64,125380
12/01/1999,49.06,49.69,47.19,47.81,39.35,51020
13/01/1999,45.0,46.25,42.81,45.62,37.55,62000
14/01/1999,45.94,49.38,45.62,48.44,39.87,84660
15/01/1999,48.75,50.94,48.12,50.62,41.67,112120
19/01/1999,51.88,58.44,51.56,55.0,45.27,137480
20/01/1999,56.88,59.38,54.38,55.0,45.27,109480
21/01/1999,55.0,55.94,53.44,54.06,44.5,22960
22/01/1999,53.75,55.62,48.75,52.19,42.95,57400
25/01/1999,54.06,55.0,53.12,53.75,44.24,42300
26/01/1999,51.88,56.25,51.88,55.0,45.27,68420
27/01/1999,56.25,57.5,49.38,51.25,42.18,88500
28/01/1999,52.5,53.12,48.44,49.38,40.64,68020
29/01/1999,50.0,50.0,44.38,44.38,36.52,99080
01/02/1999,45.62,45.94,44.69,45.31,37.29,92960
02/02/1999,45.31,45.62,42.5,43.12,35.49,89400
03/02/1999,43.12,48.12,42.81,46.25,38.07,60340
04/02/1999,46.88,48.12,45.62,46.25,38.07,29120
05/02/1999,46.72,46.88,43.12,43.75,36.01,17920
08/02/1999,43.75,43.75,42.81,43.75,36.01,13360
09/02/1999,44.06,46.56,43.12,43.75,36.01,42120
10/02/1999,43.12,45.0,42.19,43.12,35.49,22400
11/02/1999,43.12,43.75,42.5,43.12,35.49,35820
12/02/1999,42.5,46.25,42.5,45.31,37.29,27140
16/02/1999,46.25,46.25,44.69,45.0,37.04,76920
17/02/1999,44.38,45.62,43.75,43.75,36.01,67200
18/02/1999,43.75,45.62,43.75,45.31,37.29,50860
19/02/1999,45.62,46.56,44.69,46.25,38.07,61980
22/02/1999,46.25,48.12,46.25,48.12,39.61,98760
23/02/1999,48.44,50.0,47.5,50.0,41.15,46800
24/02/1999,50.0,51.25,49.06,51.25,42.18,135080
25/02/1999,50.31,53.75,50.31,53.44,43.98,123420
26/02/1999,52.5,54.38,52.5,54.06,44.5,154720
01/03/1999,54.06,54.38,53.12,54.06,44.5,76300
02/03/1999,53.75,54.38,53.12,53.44,43.98,49400
03/03/1999,53.12,53.44,50.62,51.56,42.44,95060
04/03/1999,51.56,53.12,50.62,53.12,43.72,91160
05/03/1999,53.75,55.0,53.12,54.38,44.75,88920
08/03/1999,54.38,54.38,51.88,52.81,43.47,63100
09/03/1999,52.5,55.0,51.88,53.75,44.24,107260
10/03/1999,53.75,54.69,53.75,54.38,44.75,32700
11/03/1999,54.06,54.38,52.19,52.19,42.95,30340
12/03/1999,51.56,53.75,51.25,53.75,44.24,32560
15/03/1999,53.12,53.75,50.0,51.88,42.69,33060
16/03/1999,51.88,52.19,47.5,48.12,39.61,40940
17/03/1999,47.5,50.0,46.25,49.69,40.89,59060
18/03/1999,49.84,50.94,47.81,47.81,39.35,64840
19/03/1999,48.75,48.75,47.19,48.44,39.87,35920
22/03/1999,48.75,52.81,48.75,52.81,43.47,35460
23/03/1999,53.12,53.75,48.44,49.06,40.38,67040
24/03/1999,48.75,50.0,47.5,48.44,39.87,17460
25/03/1999,49.38,50.62,49.06,50.0,41.15,27780
26/03/1999,50.0,51.88,50.0,51.25,42.18,28900
29/03/1999,51.25,53.12,50.94,52.19,42.95,46880
30/03/1999,52.19,53.12,51.88,52.5,43.21,25480
31/03/1999,52.81,53.12,52.19,52.19,42.95,16000
01/04/1999,52.19,53.44,52.19,53.12,43.72,15880
05/04/1999,53.12,53.12,50.94,50.94,41.92,14900
06/04/1999,51.25,51.25,46.56,46.88,38.58,47160
07/04/1999,48.75,49.06,43.75,45.0,37.04,50960
08/04/1999,45.62,46.56,44.69,45.0,37.04,54320
09/04/1999,45.0,45.62,44.69,45.62,37.55,13300
12/04/1999,44.69,45.62,43.44,43.75,36.01,24020
13/04/1999,43.75,45.0,41.25,43.12,35.49,48120
14/04/1999,43.75,50.0,43.12,48.12,39.61,72540
15/04/1999,48.44,49.69,47.81,48.44,39.87,13120
16/04/1999,48.44,49.06,47.5,48.12,39.61,12360
19/04/1999,47.5,50.0,45.0,45.0,37.04,57360
20/04/1999,45.0,47.5,45.0,47.19,38.84,19500
21/04/1999,47.19,47.19,45.62,45.94,37.81,14980
22/04/1999,46.88,51.25,46.25,51.25,42.18,67880
23/04/1999,50.31,52.5,48.75,51.25,42.18,37900
26/04/1999,52.5,52.81,48.75,48.75,40.12,86280
27/04/1999,49.38,53.12,48.75,50.62,41.67,64520
28/04/1999,51.88,51.88,50.0,50.0,41.15,44000
29/04/1999,50.31,51.88,50.31,50.31,41.41,34340
30/04/1999,50.0,51.56,49.38,50.0,41.15,19860
03/05/1999,50.62,51.25,50.0,50.62,41.67,28000
04/05/1999,51.56,53.12,51.25,52.19,42.95,56400
05/05/1999,51.56,52.19,50.94,51.56,42.44,49400
06/05/1999,51.25,51.56,49.06,50.0,41.15,21860
07/05/1999,50.31,50.31,49.38,50.0,41.15,11660
10/05/1999,50.31,50.62,49.38,49.38,40.64,28220
11/05/1999,49.84,50.0,48.75,50.0,41.15,9360
12/05/1999,49.38,50.0,47.81,48.12,39.61,12680
13/05/1999,47.81,49.06,46.56,46.88,38.58,21540
14/05/1999,46.88,47.5,46.56,46.56,38.32,6640
17/05/1999,46.25,50.0,46.25,49.69,40.89,22200
18/05/1999,49.38,49.38,47.81,48.75,40.12,10320
19/05/1999,47.81,48.75,47.5,47.81,39.35,10620
20/05/1999,47.5,48.75,47.5,48.12,39.61,16720
21/05/1999,48.12,48.75,47.81,48.44,39.87,8100
24/05/1999,48.75,50.0,47.5,48.75,40.12,31400
25/05/1999,48.75,49.38,46.56,47.03,38.71,28160
26/05/1999,47.5,48.12,45.62,46.25,38.07,19160
27/05/1999,46.25,47.5,45.31,46.25,38.07,12620
28/05/1999,46.25,47.5,46.25,47.5,39.09,6220
01/06/1999,46.56,48.75,46.56,47.19,38.84,17600
02/06/1999,46.88,47.5,44.38,45.62,37.55,20560
03/06/1999,46.88,50.0,46.25,50.0,41.15,80360
04/06/1999,50.0,50.31,48.12,50.0,41.15,59440
07/06/1999,50.0,50.31,48.12,49.38,40.64,40200
08/06/1999,49.38,49.69,46.88,46.88,38.58,20260
09/06/1999,47.5,47.81,47.19,47.19,38.84,23520
10/06/1999,47.19,47.81,47.19,47.19,38.84,13000
11/06/1999,47.19,47.5,46.88,47.19,38.84,8400
14/06/1999,48.75,48.75,47.19,47.19,38.84,17280
15/06/1999,48.28,48.28,46.88,47.19,38.84,23760
16/06/1999,47.5,47.81,46.88,47.5,39.09,16440
17/06/1999,47.5,48.12,46.25,47.5,39.09,24340
18/06/1999,46.56,48.12,46.56,47.5,39.09,18900
21/06/1999,47.19,47.5,46.56,47.19,38.84,20260
22/06/1999,46.88,47.19,46.25,46.56,38.32,14160
23/06/1999,45.31,46.88,44.69,46.56,38.32,49920
24/06/1999,45.94,47.19,45.62,46.88,38.58,26080
25/06/1999,46.56,47.19,46.25,46.56,38.32,14060
28/06/1999,47.03,47.5,45.62,46.88,38.58,23100
29/06/1999,46.56,48.12,46.25,48.12,39.61,13520
30/06/1999,46.25,50.0,45.62,49.69,40.89,45100
01/07/1999,49.06,49.38,48.12,48.44,39.87,19200
02/07/1999,48.12,49.38,48.12,48.75,40.12,19480
06/07/1999,48.44,49.38,48.12,48.75,40.12,32840
07/07/1999,48.12,49.06,48.12,48.75,40.12,21780
08/07/1999,48.75,51.25,48.44,50.62,41.67,73660
09/07/1999,51.25,53.44,50.0,53.12,43.72,64200
12/07/1999,53.44,59.06,53.12,57.81,47.58,136780
13/07/1999,58.75,59.06,54.38,56.56,46.55,75100
14/07/1999,55.62,60.62,55.31,59.69,49.12,109780
15/07/1999,60.0,62.5,56.88,61.25,50.41,118600
16/07/1999,61.25,63.12,60.62,60.62,49.9,44460
19/07/1999,60.94,60.94,56.25,60.0,49.38,47080
20/07/1999,59.38,59.69,56.25,56.88,46.81,23160
21/07/1999,57.81,59.38,56.88,58.12,47.84,25920
22/07/1999,58.75,58.75,56.88,57.19,47.07,20340
23/07/1999,57.5,57.5,54.38,54.69,45.01,13520
26/07/1999,54.38,56.56,51.88,55.62,45.78,34560
27/07/1999,56.56,57.19,50.0,52.5,43.21,44680
28/07/1999,51.25,53.75,50.94,52.19,42.95,19600
29/07/1999,52.19,52.5,48.75,51.56,42.44,43860
30/07/1999,51.56,51.56,50.0,50.62,41.67,42000
02/08/1999,51.56,52.19,50.31,50.94,41.92,37640
03/08/1999,51.25,51.25,48.12,48.75,40.12,22520
04/08/1999,49.22,49.22,47.19,47.19,38.84,14900
05/08/1999,47.5,49.38,46.88,48.12,39.61,34920
06/08/1999,47.5,48.12,47.19,47.5,39.09,16040
09/08/1999,47.5,48.75,45.62,47.5,39.09,20860
10/08/1999,46.88,47.19,45.0,45.31,37.29,9840
11/08/1999,46.56,47.19,45.0,46.88,38.58,16660
12/08/1999,46.88,47.5,46.25,46.25,38.07,17640
13/08/1999,46.56,47.5,45.94,46.88,38.58,25800
16/08/1999,46.88,50.62,46.25,50.31,41.41,59020
17/08/1999,50.62,51.88,48.75,48.75,40.12,39020
18/08/1999,48.91,49.69,48.12,49.22,40.51,21260
19/08/1999,48.75,49.06,46.88,47.5,39.09,14860
20/08/1999,47.5,47.5,46.56,47.5,39.09,6700
23/08/1999,47.66,49.69,47.66,47.81,39.35,24800
24/08/1999,47.81,49.06,47.5,48.12,39.61,27440
25/08/1999,47.81,48.12,45.0,46.88,38.58,35820
26/08/1999,47.81,48.12,44.38,45.31,37.29,33380
27/08/1999,45.31,45.31,40.0,41.88,34.46,50400
30/08/1999,42.5,45.0,40.0,41.56,34.21,50040
31/08/1999,41.41,43.12,39.38,42.5,34.98,46920
01/09/1999,43.12,46.88,42.5,46.25,38.07,47820
02/09/1999,47.19,47.5,45.0,46.88,38.58,19560
03/09/1999,47.5,50.0,46.25,47.81,39.35,33840
07/09/1999,47.19,48.12,46.88,47.19,38.84,21720
08/09/1999,50.0,50.62,48.12,50.0,41.15,72500
09/09/1999,50.0,50.94,49.38,50.62,41.67,35340
10/09/1999,50.62,50.62,48.12,48.12,39.61,19820
13/09/1999,49.69,50.0,48.12,49.38,40.64,15020
14/09/1999,48.75,49.69,47.5,48.12,39.61,7820
15/09/1999,47.81,48.44,45.62,46.88,38.58,14400
16/09/1999,46.88,47.5,46.25,46.88,38.58,7240
17/09/1999,47.19,47.5,45.31,46.25,38.07,8140
20/09/1999,47.19,47.5,44.38,45.0,37.04,5040
21/09/1999,45.0,47.5,43.75,45.0,37.04,8720
22/09/1999,44.06,45.0,41.88,44.38,36.52,27960
23/09/1999,44.38,49.69,44.38,45.62,37.55,77180
24/09/1999,45.0,50.0,43.75,48.75,40.12,32360
27/09/1999,49.38,51.25,48.44,50.0,41.15,54480
28/09/1999,49.38,52.81,49.06,52.81,43.47,74600
29/09/1999,53.44,56.25,53.44,54.38,44.75,91300
30/09/1999,54.06,57.19,53.75,55.62,45.78,77820
01/10/1999,54.69,58.75,54.69,57.5,47.32,70420
04/10/1999,56.88,57.5,53.75,55.31,45.52,51760
05/10/1999,54.84,58.12,54.69,56.25,46.3,71000
06/10/1999,56.25,57.81,53.75,53.75,44.24,32800
07/10/1999,53.75,55.0,50.0,55.0,45.27,46420
08/10/1999,52.19,55.0,52.19,53.12,43.72,27700
11/10/1999,53.12,55.0,51.25,53.75,44.24,27920
12/10/1999,53.91,55.0,53.44,54.69,45.01,11360
13/10/1999,54.38,55.0,53.12,53.12,43.72,10200
14/10/1999,53.12,54.38,52.5,52.81,43.47,18140
15/10/1999,51.56,53.12,49.69,50.0,41.15,25660
18/10/1999,50.0,50.31,45.94,47.5,39.09,19720
19/10/1999,47.81,47.81,46.25,46.25,38.07,14180
20/10/1999,46.56,51.88,46.56,50.94,41.92,30260
21/10/1999,51.25,52.81,48.75,49.69,40.89,18300
22/10/1999,50.62,52.19,48.75,50.0,41.15,22900
25/10/1999,49.69,50.62,49.69,50.62,41.67,9140
26/10/1999,50.62,54.38,50.0,53.75,44.24,40420
27/10/1999,55.0,55.0,47.5,49.06,40.38,23760
28/10/1999,48.44,51.25,47.5,48.12,39.61,25240
29/10/1999,48.59,48.59,46.25,46.25,38.07,36060
01/11/1999,46.88,48.12,46.25,47.5,39.09,32240
02/11/1999,47.19,47.5,44.06,45.0,37.04,38840
03/11/1999,45.0,47.5,44.38,45.94,37.81,49220
04/11/1999,46.25,47.5,45.0,45.0,37.04,34800
05/11/1999,45.94,46.56,45.0,45.0,37.04,45380
08/11/1999,45.31,49.06,45.0,48.75,40.12,17580
09/11/1999,49.06,51.88,48.75,51.56,42.44,46920
10/11/1999,50.31,51.88,50.0,50.31,41.41,17620
11/11/1999,51.88,51.88,50.0,50.31,41.41,26000
12/11/1999,52.19,52.5,50.31,50.62,41.67,20300
15/11/1999,50.31,51.25,49.06,50.0,41.15,45000
16/11/1999,49.84,50.31,49.06,49.69,40.89,13860
17/11/1999,49.84,50.31,49.06,50.0,41.15,8660
18/11/1999,49.84,50.0,48.75,49.69,40.89,14820
19/11/1999,49.38,50.31,48.75,49.69,40.89,5860
22/11/1999,50.0,50.94,49.06,50.94,41.92,31680
23/11/1999,51.25,51.25,48.75,48.75,40.12,40660
24/11/1999,49.38,49.69,48.12,48.12,39.61,9780
26/11/1999,48.75,52.5,48.12,52.5,43.21,22820
29/11/1999,52.5,59.69,51.25,59.69,49.12,120640
30/11/1999,60.0,72.19,59.69,69.38,57.1,421080
01/12/1999,70.0,71.25,66.88,67.81,55.81,123100
02/12/1999,67.81,68.44,64.38,67.5,55.55,75240
03/12/1999,68.12,69.69,65.94,66.25,54.53,87580
06/12/1999,65.62,67.81,65.0,66.25,54.53,34040
07/12/1999,66.88,78.12,65.62,77.5,63.79,224720
08/12/1999,76.88,81.25,75.62,80.31,66.1,150900
09/12/1999,82.5,85.62,81.25,83.44,68.67,171540
10/12/1999,83.12,85.62,80.0,80.0,65.84,90420
13/12/1999,80.31,86.25,80.31,83.75,68.93,108120
14/12/1999,84.06,85.31,77.5,78.75,64.81,64020
15/12/1999,78.12,79.38,71.56,75.62,62.24,67640
16/12/1999,75.0,75.62,72.81,74.06,60.96,31880
17/12/1999,73.75,75.0,72.19,72.5,59.67,17400
20/12/1999,72.97,75.0,72.5,72.81,59.93,24200
21/12/1999,72.5,74.69,72.19,73.44,60.44,33820
22/12/1999,74.38,80.0,73.44,80.0,65.84,53300
23/12/1999,79.38,82.5,77.5,78.75,64.81,43160
27/12/1999,79.38,85.62,78.12,85.31,70.22,90440
28/12/1999,84.69,85.62,79.38,79.38,65.33,42940
29/12/1999,81.56,83.12,75.0,75.62,62.24,18040
30/12/1999,77.66,78.12,75.0,78.12,64.3,18000
31/12/1999,77.19,83.12,73.75,82.19,67.64,31980
03/01/2000,83.12,83.12,74.38,79.69,65.59,59060
04/01/2000,75.62,77.5,73.12,75.62,62.24,47180
05/01/2000,74.69,75.62,70.62,71.88,59.16,18880
06/01/2000,73.75,73.75,66.25,69.38,57.1,25160
07/01/2000,70.0,75.0,69.38,74.69,61.47,27600
10/01/2000,75.0,81.25,74.84,80.0,65.84,72360
11/01/2000,80.94,81.25,76.88,77.19,63.53,52000
12/01/2000,78.12,78.12,76.56,77.5,63.79,50980
13/01/2000,77.5,81.25,77.5,80.94,66.61,58680
14/01/2000,81.41,93.75,80.0,87.81,72.27,193580
18/01/2000,94.38,99.38,90.0,94.38,77.67,272260
19/01/2000,96.41,101.25,95.62,97.5,80.25,155740
20/01/2000,101.25,103.12,98.75,100.0,82.3,172520
21/01/2000,101.88,102.5,96.25,101.88,83.85,108640
24/01/2000,103.44,109.38,100.31,105.62,86.93,257240
25/01/2000,106.88,107.5,95.62,96.25,79.22,152340
26/01/2000,98.12,102.5,96.88,101.88,83.85,105080
27/01/2000,104.69,110.0,88.75,93.75,77.16,152780
28/01/2000,90.62,92.5,76.25,80.0,65.84,119940
31/01/2000,78.12,83.12,77.19,82.5,67.9,62180
01/02/2000,81.56,82.81,76.25,77.5,63.79,73680
02/02/2000,77.81,82.5,77.5,80.31,66.1,129720
03/02/2000,80.94,83.12,80.0,81.56,67.13,80220
04/02/2000,83.12,84.38,77.5,78.12,64.3,49760
07/02/2000,77.5,81.25,76.25,80.62,66.36,100880
08/02/2000,80.94,99.38,80.62,95.0,78.19,210560
09/02/2000,95.62,101.25,94.38,99.38,81.79,100160
10/02/2000,98.75,105.0,98.75,101.88,83.85,152880
11/02/2000,102.5,105.0,95.62,98.75,81.27,63820
14/02/2000,98.12,98.75,91.25,94.38,77.67,56820
15/02/2000,93.12,105.94,93.12,101.56,83.59,74760
16/02/2000,104.38,105.0,98.75,99.06,81.53,46920
17/02/2000,98.12,99.38,95.0,98.44,81.02,32220
18/02/2000,96.88,96.88,93.75,94.38,77.67,25360
22/02/2000,95.0,98.75,94.06,98.75,81.27,111720
23/02/2000,99.69,100.62,96.56,96.88,79.73,86440
24/02/2000,96.88,100.0,95.0,98.12,80.76,124520
25/02/2000,98.12,101.25,98.12,100.94,83.08,80860
28/02/2000,100.62,101.88,98.12,98.44,81.02,113200
29/02/2000,99.06,100.62,98.44,99.06,81.53,90980
01/03/2000,98.75,99.38,98.12,98.75,81.27,113880
02/03/2000,98.59,99.06,93.12,93.12,76.65,290580
03/03/2000,92.5,94.38,85.0,87.19,71.76,123780
06/03/2000,87.19,87.5,80.94,81.25,66.87,263320
07/03/2000,81.25,83.12,73.12,74.38,61.21,165080
08/03/2000,75.62,76.25,70.0,70.0,57.61,90220
09/03/2000,70.62,84.69,70.31,78.12,64.3,317360
10/03/2000,83.75,86.25,78.12,80.62,66.36,126160
13/03/2000,79.38,80.0,72.19,73.75,60.7,78780
14/03/2000,70.0,72.81,67.5,70.0,57.61,196040
15/03/2000,69.69,71.56,66.88,70.62,58.13,57980
16/03/2000,70.62,75.0,67.5,70.0,57.61,60700
17/03/2000,71.25,72.5,68.75,70.0,57.61,28940
20/03/2000,67.5,68.12,58.12,61.25,50.41,192800
21/03/2000,61.88,73.44,59.38,71.25,58.64,193040
22/03/2000,73.44,73.75,68.75,70.62,58.13,45540
23/03/2000,71.25,71.25,68.44,69.06,56.84,56040
24/03/2000,70.0,70.31,65.94,66.25,54.53,46040
27/03/2000,70.0,70.0,66.25,67.5,55.55,61460
28/03/2000,68.12,68.2,65.62,65.62,54.01,31040
29/03/2000,65.62,67.81,60.62,60.62,49.9,116320
30/03/2000,60.0,63.12,59.38,60.31,49.64,62020
31/03/2000,62.5,63.12,59.38,61.25,50.41,59540
03/04/2000,61.88,63.75,55.62,58.75,48.35,62920
04/04/2000,59.38,60.31,47.5,55.0,45.27,73060
05/04/2000,55.31,60.0,50.0,56.88,46.81,53960
06/04/2000,60.0,60.62,57.5,60.62,49.9,28400
07/04/2000,61.25,61.25,60.0,60.0,49.38,18780
10/04/2000,60.47,60.94,58.44,58.44,48.1,11600
11/04/2000,58.12,58.75,51.25,51.25,42.18,27620
12/04/2000,54.06,55.62,46.88,46.88,38.58,56280
13/04/2000,50.62,51.25,46.25,46.88,38.58,38520
14/04/2000,47.19,47.5,41.25,44.38,36.52,108920
17/04/2000,44.06,45.62,39.38,40.31,33.18,103320
18/04/2000,42.5,45.31,40.0,45.31,37.29,100720
19/04/2000,45.62,45.62,42.5,45.0,37.04,42100
20/04/2000,45.47,45.62,42.5,42.5,34.98,21620
24/04/2000,42.5,42.5,37.81,38.75,31.89,24780
25/04/2000,41.25,42.19,39.69,39.92,32.86,34280
26/04/2000,40.0,40.62,36.56,37.81,31.12,13680
27/04/2000,38.12,40.62,37.19,40.31,33.18,15300
28/04/2000,40.31,40.62,37.81,39.69,32.66,21380
01/05/2000,40.23,43.12,39.06,41.88,34.46,42760
02/05/2000,42.19,42.81,39.69,40.0,32.92,49200
03/05/2000,40.0,40.94,34.38,38.75,31.89,98620
04/05/2000,38.12,39.06,35.94,37.19,30.61,25800
05/05/2000,38.59,40.0,37.5,39.38,32.41,16000
08/05/2000,40.0,41.56,39.38,40.0,32.92,40120
09/05/2000,40.0,40.62,39.06,40.0,32.92,14460
10/05/2000,38.75,39.69,36.56,37.81,31.12,14140
11/05/2000,38.12,40.62,38.12,40.0,32.92,25760
12/05/2000,40.16,40.62,37.5,38.75,31.89,11400
15/05/2000,38.12,38.75,36.25,36.25,29.84,7280
16/05/2000,38.12,38.75,35.62,35.94,29.58,32040
17/05/2000,35.0,35.62,33.12,35.0,28.81,43120
18/05/2000,34.69,35.16,33.75,34.38,28.29,23580
19/05/2000,34.38,34.38,32.5,33.44,27.52,23120
22/05/2000,33.75,33.75,28.12,31.25,25.72,34240
23/05/2000,30.31,30.62,27.5,28.12,23.15,41020
24/05/2000,28.75,29.69,25.31,28.75,23.66,41860
25/05/2000,29.38,30.0,26.88,28.75,23.66,43080
26/05/2000,28.12,31.25,27.19,27.81,22.89,13740
30/05/2000,27.81,35.0,27.81,35.0,28.81,43900
31/05/2000,35.0,40.0,33.75,36.88,30.35,28280
01/06/2000,39.69,40.31,38.44,38.44,31.64,32600
02/06/2000,39.69,40.31,37.19,37.19,30.61,15660
05/06/2000,40.62,40.62,38.75,39.38,32.41,35920
06/06/2000,39.38,40.0,38.44,39.69,32.66,19100
07/06/2000,39.69,40.0,36.88,36.88,30.35,35140
08/06/2000,38.59,38.59,36.88,36.88,30.35,9720
09/06/2000,38.44,38.75,37.03,37.81,31.12,5900
12/06/2000,39.38,39.38,38.44,38.75,31.89,10240
13/06/2000,39.06,39.38,38.12,38.75,31.89,30920
14/06/2000,39.38,39.38,38.12,38.12,31.38,16720
15/06/2000,38.75,38.75,37.5,38.75,31.89,53300
16/06/2000,38.44,38.44,37.5,37.81,31.12,15660
19/06/2000,38.44,38.44,35.94,36.56,30.09,12380
20/06/2000,36.56,37.19,33.44,35.0,28.81,24200
21/06/2000,35.31,36.09,33.75,34.06,28.03,10220
22/06/2000,33.75,34.69,33.44,34.06,28.03,5800
23/06/2000,33.44,33.75,31.56,31.56,25.98,10140
26/06/2000,32.66,32.81,28.75,29.06,23.92,46860
27/06/2000,30.0,30.0,28.12,28.44,23.41,44940
28/06/2000,29.06,29.38,27.5,28.75,23.66,49060
29/06/2000,29.06,31.25,28.75,30.62,25.21,20460
30/06/2000,31.56,31.56,30.94,31.56,25.98,7580
03/07/2000,31.25,34.38,30.94,33.12,27.26,10320
05/07/2000,34.53,34.53,30.94,31.25,25.72,37980
06/07/2000,31.56,31.88,29.69,30.0,24.69,35580
07/07/2000,30.62,30.62,29.38,29.38,24.18,6960
10/07/2000,30.0,31.25,30.0,30.62,25.21,21080
11/07/2000,32.19,33.28,31.56,32.81,27.01,29200
12/07/2000,33.12,38.12,32.97,36.56,30.09,52500
13/07/2000,37.19,37.5,34.69,36.02,29.64,27060
14/07/2000,35.62,37.5,35.31,36.25,29.84,15680
17/07/2000,37.19,37.5,32.19,35.0,28.81,32600
18/07/2000,35.0,35.62,34.06,35.0,28.81,84180
19/07/2000,35.0,37.5,32.81,33.12,27.26,149700
20/07/2000,33.44,34.38,32.81,33.12,27.26,63860
21/07/2000,32.66,33.75,31.56,31.88,26.23,8660
24/07/2000,32.81,33.44,31.25,31.25,25.72,22760
25/07/2000,31.88,31.88,29.69,30.0,24.69,39920
26/07/2000,30.62,30.62,27.5,30.0,24.69,32920
27/07/2000,29.06,30.62,29.06,30.0,24.69,40980
28/07/2000,30.0,30.62,29.38,29.38,24.18,19760
31/07/2000,30.47,30.47,27.81,29.06,23.92,15780
01/08/2000,29.38,29.38,27.19,29.38,24.18,9880
02/08/2000,29.06,30.62,28.75,30.0,24.69,48760
03/08/2000,29.38,30.62,28.75,30.62,25.21,21660
04/08/2000,30.23,32.19,30.23,31.88,26.23,43680
07/08/2000,32.19,32.5,31.25,32.19,26.49,25800
08/08/2000,32.19,33.12,31.88,32.97,27.13,12760
09/08/2000,32.66,34.69,31.88,34.69,28.55,63220
10/08/2000,35.0,35.31,34.06,34.06,28.03,52200
11/08/2000,35.16,35.31,31.88,33.12,27.26,21760
14/08/2000,32.5,33.75,32.5,33.12,27.26,9900
15/08/2000,33.12,35.0,33.12,34.69,28.55,11420
16/08/2000,34.38,34.69,33.75,34.69,28.55,16020
17/08/2000,34.38,35.0,33.75,35.0,28.81,14580
18/08/2000,34.38,35.47,34.38,35.0,28.81,32960
21/08/2000,35.0,35.0,33.75,35.0,28.81,2740
22/08/2000,34.38,35.0,33.75,34.38,28.29,10580
23/08/2000,34.06,35.31,33.91,34.69,28.55,42820
24/08/2000,35.0,35.0,33.12,33.75,27.78,6020
25/08/2000,33.75,34.69,32.03,34.38,28.29,9280
28/08/2000,32.19,33.12,31.56,32.5,26.75,13300
29/08/2000,32.66,33.12,31.25,33.12,27.26,19100
30/08/2000,33.75,34.69,32.19,32.5,26.75,22100
31/08/2000,33.75,34.22,33.12,33.75,27.78,14940
01/09/2000,34.3,35.0,34.22,34.38,28.29,38900
05/09/2000,34.69,35.94,34.38,35.62,29.32,134560
06/09/2000,35.62,35.62,28.75,29.38,24.18,178620
07/09/2000,32.19,35.94,31.41,34.69,28.55,107400
08/09/2000,35.47,35.62,32.5,32.5,26.75,14880
11/09/2000,35.62,35.62,31.88,32.5,26.75,64100
12/09/2000,33.75,33.75,31.25,31.88,26.23,23280
13/09/2000,31.88,32.19,30.94,31.56,25.98,19680
14/09/2000,31.56,32.5,30.94,31.88,26.23,19060
15/09/2000,32.19,32.5,31.25,31.25,25.72,7320
18/09/2000,34.38,34.38,27.5,28.75,23.66,58020
19/09/2000,29.84,29.84,25.62,26.56,21.86,31060
20/09/2000,26.56,27.19,25.0,25.94,21.35,26300
21/09/2000,26.41,26.88,25.62,25.94,21.35,9940
22/09/2000,25.0,25.62,23.44,24.38,20.06,30500
25/09/2000,25.31,26.25,24.69,25.16,20.7,45720
26/09/2000,26.56,26.56,21.25,21.88,18.0,125980
27/09/2000,22.81,25.0,21.56,22.19,18.26,69080
28/09/2000,21.25,22.5,20.31,20.62,16.98,47360
29/09/2000,22.03,22.19,19.38,19.38,15.95,52420
02/10/2000,20.47,20.94,19.69,20.94,17.23,35380
03/10/2000,21.25,21.25,19.84,21.25,17.49,24260
04/10/2000,20.62,21.25,20.0,20.0,16.46,29860
05/10/2000,20.31,20.62,20.0,20.47,16.85,20800
06/10/2000,20.62,20.62,19.69,20.0,16.46,19960
09/10/2000,19.77,20.0,18.75,18.75,15.43,15660
10/10/2000,19.69,19.69,15.62,16.25,13.37,62120
11/10/2000,16.25,16.88,13.91,15.0,12.35,85560
12/10/2000,15.62,16.25,14.06,14.38,11.83,60880
13/10/2000,12.81,13.12,10.47,11.25,9.26,65140
16/10/2000,12.81,12.97,10.62,12.5,10.29,162000
17/10/2000,13.28,14.06,12.19,12.81,10.55,34580
18/10/2000,12.81,13.75,12.66,12.97,10.67,27340
19/10/2000,13.44,14.38,12.81,12.81,10.55,56680
20/10/2000,12.81,13.75,11.25,11.41,9.39,42460
23/10/2000,12.5,12.81,11.56,12.19,10.03,26260
24/10/2000,11.41,12.81,11.41,11.56,9.52,20960
25/10/2000,11.56,12.5,10.94,11.25,9.26,22300
26/10/2000,12.03,12.81,11.56,11.56,9.52,20820
27/10/2000,12.81,13.12,11.88,11.88,9.77,10360
30/10/2000,12.5,13.44,12.5,12.97,10.67,15440
31/10/2000,13.28,13.75,12.97,12.97,10.67,40600
01/11/2000,13.12,13.12,12.19,12.5,10.29,9100
02/11/2000,13.12,13.12,12.19,13.12,10.8,11960
03/11/2000,13.12,13.12,12.5,12.81,10.55,9700
06/11/2000,12.81,13.12,11.88,12.19,10.03,19120
07/11/2000,12.81,12.97,11.88,12.19,10.03,8920
08/11/2000,12.19,12.81,11.72,11.88,9.77,21020
09/11/2000,11.72,12.81,11.56,11.56,9.52,26780
10/11/2000,12.42,12.5,11.25,11.25,9.26,12320
13/11/2000,10.94,11.25,9.84,11.25,9.26,52620
14/11/2000,11.17,11.25,7.5,8.75,7.2,81160
15/11/2000,9.22,9.38,7.19,7.81,6.43,167480
16/11/2000,8.12,9.69,7.81,9.69,7.97,229360
17/11/2000,9.84,10.94,9.38,10.0,8.23,122840
20/11/2000,10.62,10.62,8.75,9.06,7.46,20600
21/11/2000,9.69,10.31,9.38,10.31,8.49,41500
22/11/2000,10.0,10.62,9.06,9.38,7.72,24620
24/11/2000,9.69,10.0,9.06,10.0,8.23,6900
27/11/2000,9.84,10.62,9.84,10.31,8.49,42240
28/11/2000,10.62,12.19,10.31,11.25,9.26,59540
29/11/2000,11.56,11.88,10.62,10.62,8.74,72400
30/11/2000,10.94,11.25,9.38,9.38,7.72,50780
01/12/2000,10.62,10.62,10.0,10.16,8.36,11180
04/12/2000,10.62,10.62,8.75,9.38,7.72,14600
05/12/2000,9.06,9.69,8.75,9.38,7.72,30620
06/12/2000,9.38,9.38,8.12,8.44,6.94,37480
07/12/2000,8.59,8.59,7.34,7.66,6.3,30260
08/12/2000,7.81,8.75,7.5,7.5,6.17,12920
11/12/2000,7.97,8.75,7.66,8.12,6.69,36700
12/12/2000,8.2,9.06,7.81,8.59,7.07,34500
13/12/2000,8.44,9.38,8.12,8.12,6.69,29220
14/12/2000,8.12,9.38,8.12,8.75,7.2,42520
15/12/2000,8.12,8.44,7.19,7.5,6.17,33780
18/12/2000,7.81,8.12,7.19,7.5,6.17,35080
19/12/2000,7.19,7.81,6.09,6.17,5.08,85080
20/12/2000,6.33,6.56,3.59,4.38,3.6,211800
21/12/2000,5.31,5.62,4.69,5.0,4.12,110240
22/12/2000,5.78,6.56,4.69,5.0,4.12,232000
26/12/2000,5.0,5.31,3.75,4.06,3.34,141180
27/12/2000,3.91,5.31,3.75,4.69,3.86,531400
28/12/2000,5.0,5.47,5.0,5.0,4.12,204700
29/12/2000,5.16,5.94,5.16,5.47,4.5,113860
02/01/2001,5.62,6.25,5.47,5.94,4.89,48480
03/01/2001,5.62,6.56,5.62,6.41,5.27,86940
04/01/2001,5.94,7.5,5.94,6.88,5.66,74800
05/01/2001,7.34,7.66,7.19,7.19,5.92,63920
08/01/2001,7.19,7.81,6.88,7.03,5.79,51800
09/01/2001,7.5,7.5,7.19,7.5,6.17,58860
10/01/2001,7.5,7.5,7.19,7.5,6.17,21260
11/01/2001,7.5,7.66,7.19,7.5,6.17,27720
12/01/2001,7.81,7.81,7.5,7.5,6.17,10120
16/01/2001,7.5,8.12,7.5,8.05,6.62,11860
17/01/2001,8.12,8.75,7.34,7.34,6.04,55520
18/01/2001,7.5,7.66,7.19,7.5,6.17,16960
19/01/2001,7.5,7.66,7.34,7.34,6.04,5780
22/01/2001,7.34,7.58,7.03,7.5,6.17,16200
23/01/2001,7.19,7.5,7.19,7.19,5.92,10960
24/01/2001,7.5,7.66,7.19,7.66,6.3,20000
25/01/2001,7.5,7.81,7.19,7.19,5.92,25560
26/01/2001,7.5,7.81,7.5,7.5,6.17,12700
29/01/2001,7.81,7.97,7.5,7.81,6.43,16720
30/01/2001,8.12,8.12,7.5,7.81,6.43,23320
31/01/2001,8.12,8.28,7.81,7.81,6.43,23780
01/02/2001,8.12,8.12,7.34,7.5,6.17,29180
02/02/2001,7.34,8.12,7.19,8.12,6.69,9180
05/02/2001,7.03,7.97,7.03,7.5,6.17,12540
06/02/2001,7.58,7.81,7.19,7.34,6.04,4260
07/02/2001,7.5,8.12,7.19,7.19,5.92,5380
08/02/2001,7.19,7.19,6.88,7.03,5.79,26040
09/02/2001,7.11,7.11,6.56,6.56,5.4,3760
12/02/2001,6.88,7.5,6.41,6.41,5.27,20000
13/02/2001,6.41,6.72,6.25,6.25,5.14,5960
14/02/2001,6.25,6.41,6.25,6.25,5.14,8740
15/02/2001,6.25,6.41,5.47,5.47,4.5,23660
16/02/2001,5.31,5.94,5.0,5.31,4.37,4220
20/02/2001,5.86,5.94,5.47,5.62,4.63,10960
21/02/2001,5.94,5.94,5.16,5.31,4.37,17800
22/02/2001,5.31,5.62,5.0,5.0,4.12,29220
23/02/2001,5.0,5.16,4.84,5.0,4.12,14680
26/02/2001,5.16,6.25,5.16,5.94,4.89,29700
27/02/2001,6.25,6.41,5.94,6.41,5.27,38960
28/02/2001,6.25,6.56,5.62,5.62,4.63,3980
01/03/2001,5.62,5.94,5.31,5.31,4.37,11660
02/03/2001,5.47,5.47,5.31,5.31,4.37,3500
05/03/2001,5.31,5.62,5.31,5.47,4.5,8480
06/03/2001,5.31,5.31,5.16,5.31,4.37,18800
07/03/2001,5.31,5.31,5.16,5.16,4.24,73620
08/03/2001,5.16,5.31,4.92,5.16,4.24,33940
09/03/2001,5.16,5.31,5.0,5.31,4.37,3440
12/03/2001,5.16,5.16,4.84,4.84,3.99,5940
13/03/2001,5.0,5.0,4.84,5.0,4.12,6640
14/03/2001,4.84,5.0,4.84,5.0,4.12,6160
15/03/2001,4.84,5.0,4.84,4.84,3.99,2900
16/03/2001,4.84,5.0,4.69,4.84,3.99,7140
19/03/2001,4.84,5.0,4.38,4.53,3.73,50400
20/03/2001,4.38,4.84,4.38,4.53,3.73,14780
21/03/2001,4.84,5.0,4.69,4.84,3.99,18820
22/03/2001,4.84,5.0,4.69,4.84,3.99,2880
23/03/2001,4.84,5.16,4.84,5.0,4.12,18760
26/03/2001,5.16,5.16,4.84,5.0,4.12,85400
27/03/2001,5.0,5.16,4.69,4.84,3.99,7940
28/03/2001,4.69,5.0,4.38,4.38,3.6,4180
29/03/2001,4.38,4.69,4.38,4.38,3.6,20620
30/03/2001,4.69,4.69,4.22,4.22,3.47,7640
02/04/2001,4.22,4.53,4.06,4.22,3.47,9640
03/04/2001,3.98,4.06,3.75,3.75,3.09,10480
04/04/2001,4.06,4.06,3.28,3.28,2.7,27740
05/04/2001,3.75,4.06,3.28,4.06,3.34,47280
06/04/2001,3.83,4.06,3.75,3.75,3.09,7600
09/04/2001,4.25,4.9,4.25,4.75,3.91,3980
10/04/2001,4.75,4.95,4.75,4.85,3.99,16100
11/04/2001,5.0,5.05,4.85,4.85,3.99,4160
12/04/2001,4.85,5.0,4.85,4.9,4.03,3520
16/04/2001,4.9,5.0,4.45,4.9,4.03,6980
17/04/2001,4.55,4.9,4.5,4.55,3.74,6380
18/04/2001,4.85,4.95,4.55,4.6,3.79,4980
19/04/2001,4.75,4.95,4.75,4.9,4.03,5080
20/04/2001,4.95,4.95,4.55,4.6,3.79,2640
23/04/2001,4.75,4.75,4.5,4.5,3.7,3620
24/04/2001,4.4,4.6,4.4,4.5,3.7,4060
25/04/2001,4.5,4.5,4.25,4.3,3.54,4920
26/04/2001,4.3,4.35,4.3,4.35,3.58,3560
27/04/2001,4.2,4.5,4.2,4.35,3.58,1860
30/04/2001,4.45,4.5,4.25,4.25,3.5,11520
01/05/2001,4.2,4.75,4.1,4.75,3.91,9300
02/05/2001,4.9,7.0,4.85,7.0,5.76,57220
03/05/2001,7.05,7.45,7.0,7.4,6.09,47880
04/05/2001,7.2,7.2,6.75,6.9,5.68,12620
07/05/2001,6.75,7.0,6.35,6.65,5.47,6660
08/05/2001,6.65,6.75,6.25,6.25,5.14,2320
09/05/2001,6.25,6.3,6.1,6.3,5.19,4000
10/05/2001,6.25,6.35,5.7,5.95,4.9,14140
11/05/2001,6.15,6.15,5.75,5.8,4.77,2060
14/05/2001,5.8,5.85,5.6,5.85,4.81,4440
15/05/2001,5.75,5.75,5.65,5.65,4.65,2540
16/05/2001,5.75,5.75,5.35,5.65,4.65,2300
17/05/2001,5.4,6.25,5.4,6.25,5.14,10060
18/05/2001,6.3,6.55,6.25,6.25,5.14,760
21/05/2001,6.5,6.75,6.3,6.75,5.56,4400
22/05/2001,7.0,7.2,6.75,7.0,5.76,17760
23/05/2001,7.1,7.1,6.8,7.0,5.76,17540
24/05/2001,6.85,7.0,6.8,6.85,5.64,38740
25/05/2001,6.85,6.85,6.6,6.6,5.43,3240
29/05/2001,6.5,6.8,6.5,6.8,5.6,1700
30/05/2001,6.5,6.7,6.25,6.45,5.31,5700
31/05/2001,6.55,6.55,6.5,6.5,5.35,3340
01/06/2001,6.6,6.65,6.0,6.0,4.94,5020
04/06/2001,6.45,6.55,6.0,6.25,5.14,3760
05/06/2001,6.5,6.75,6.5,6.55,5.39,31260
06/06/2001,6.6,6.85,6.5,6.5,5.35,1920
07/06/2001,6.5,7.15,6.5,7.1,5.84,3980
08/06/2001,7.2,7.2,6.8,6.8,5.6,3620
11/06/2001,6.55,6.85,6.5,6.5,5.35,4740
12/06/2001,6.7,6.7,6.55,6.55,5.39,520
13/06/2001,7.0,7.35,6.5,7.35,6.05,11480
14/06/2001,7.15,7.15,6.75,6.8,5.6,1020
15/06/2001,6.75,6.8,6.75,6.8,5.6,3320
18/06/2001,6.75,6.8,6.4,6.5,5.35,39780
19/06/2001,6.5,6.65,6.4,6.45,5.31,7980
20/06/2001,6.4,6.4,5.75,5.9,4.86,8760
21/06/2001,6.2,6.2,5.4,5.6,4.61,9500
22/06/2001,5.6,5.6,5.5,5.55,4.57,20260
25/06/2001,5.65,5.65,5.5,5.5,4.53,6240
26/06/2001,5.6,5.65,5.5,5.6,4.61,7520
27/06/2001,5.6,5.6,5.35,5.4,4.44,6720
28/06/2001,5.6,5.6,5.4,5.4,4.44,11980
29/06/2001,5.35,5.6,5.25,5.5,4.53,16700
02/07/2001,5.55,5.6,5.25,5.35,4.4,15480
03/07/2001,5.3,5.45,5.25,5.35,4.4,6040
05/07/2001,5.5,5.5,5.4,5.4,4.44,3040
06/07/2001,5.4,5.6,5.35,5.35,4.4,5320
09/07/2001,5.6,5.6,5.3,5.4,4.44,1900
10/07/2001,5.6,5.95,5.25,5.5,4.53,6800
11/07/2001,5.5,5.5,5.1,5.1,4.2,4100
12/07/2001,5.1,5.45,5.1,5.45,4.49,2600
13/07/2001,5.5,5.5,5.25,5.5,4.53,1480
16/07/2001,5.35,5.9,5.35,5.5,4.53,50240
17/07/2001,5.5,5.7,5.5,5.7,4.69,2580
18/07/2001,5.55,5.55,5.55,5.55,4.57,20
19/07/2001,5.5,5.6,5.3,5.3,4.36,2420
20/07/2001,5.35,5.5,5.35,5.35,4.4,2060
23/07/2001,5.4,5.4,5.4,5.4,4.44,180
24/07/2001,5.4,5.4,5.4,5.4,4.44,800
25/07/2001,5.4,5.4,5.3,5.3,4.36,940
26/07/2001,5.5,5.5,5.25,5.3,4.36,2820
27/07/2001,5.5,5.5,5.25,5.25,4.32,2020
30/07/2001,5.6,5.65,5.5,5.5,4.53,25140
31/07/2001,5.6,6.0,5.5,6.0,4.94,79940
01/08/2001,5.9,6.35,5.75,6.0,4.94,110420
02/08/2001,6.25,6.25,5.8,6.0,4.94,36700
03/08/2001,5.9,6.0,5.6,6.0,4.94,93240
06/08/2001,6.45,6.65,6.0,6.0,4.94,70460
07/08/2001,6.2,6.25,5.85,5.85,4.81,53340
08/08/2001,5.95,6.0,5.65,5.75,4.73,19120
09/08/2001,5.7,5.85,5.55,5.55,4.57,99020
10/08/2001,5.55,5.8,5.5,5.5,4.53,52480
13/08/2001,5.5,5.65,5.1,5.25,4.32,25540
14/08/2001,5.5,5.5,5.25,5.25,4.32,14560
15/08/2001,5.15,5.5,5.1,5.4,4.44,6480
16/08/2001,5.1,5.3,5.1,5.3,4.36,120
17/08/2001,5.1,5.25,5.05,5.05,4.16,4240
20/08/2001,5.25,5.3,5.0,5.1,4.2,5160
21/08/2001,5.3,5.3,5.0,5.1,4.2,17000
22/08/2001,5.25,5.3,5.0,5.25,4.32,21920
23/08/2001,5.25,5.4,5.1,5.2,4.28,8020
24/08/2001,5.15,5.3,5.15,5.15,4.24,840
27/08/2001,5.35,5.5,5.2,5.35,4.4,6100
28/08/2001,5.15,5.35,5.15,5.25,4.32,8200
29/08/2001,5.3,5.3,5.15,5.2,4.28,5220
30/08/2001,5.15,5.25,5.0,5.15,4.24,9460
31/08/2001,5.15,5.2,5.1,5.2,4.28,1000
04/09/2001,5.25,5.25,5.1,5.1,4.2,4800
05/09/2001,5.1,5.2,5.0,5.05,4.16,10040
06/09/2001,5.05,5.2,5.0,5.0,4.12,13260
07/09/2001,5.1,5.1,5.0,5.0,4.12,2700
10/09/2001,5.0,5.05,5.0,5.0,4.12,9000
17/09/2001,4.9,4.9,2.85,3.0,2.47,59140
18/09/2001,3.5,4.25,3.05,4.25,3.5,41440
19/09/2001,4.4,4.4,3.5,3.6,2.96,26200
20/09/2001,3.6,3.9,3.6,3.65,3.0,2200
21/09/2001,3.65,3.65,3.25,3.5,2.88,28660
24/09/2001,3.6,3.6,3.0,3.0,2.47,25600
25/09/2001,3.4,3.6,3.1,3.15,2.59,9780
26/09/2001,3.45,3.45,3.1,3.1,2.55,1620
27/09/2001,3.4,3.4,3.1,3.1,2.55,260
28/09/2001,3.4,3.6,3.1,3.3,2.72,3400
01/10/2001,3.45,3.45,2.8,3.2,2.63,52320
02/10/2001,3.05,3.1,3.05,3.1,2.55,640
03/10/2001,3.05,3.35,3.05,3.3,2.72,1700
04/10/2001,3.4,3.4,3.1,3.25,2.67,4160
05/10/2001,3.15,3.5,3.15,3.5,2.88,920
08/10/2001,3.1,3.25,3.0,3.25,2.67,4600
09/10/2001,3.25,3.25,2.85,3.25,2.67,7080
10/10/2001,3.15,3.4,3.15,3.4,2.8,7400
11/10/2001,3.45,3.5,3.4,3.5,2.88,4980
12/10/2001,3.3,3.5,3.3,3.3,2.72,880
15/10/2001,3.15,3.2,2.85,2.9,2.39,19580
16/10/2001,2.9,3.4,2.8,3.4,2.8,13020
17/10/2001,3.45,3.5,3.3,3.5,2.88,8560
18/10/2001,3.5,3.6,3.4,3.5,2.88,50360
19/10/2001,3.6,3.6,3.25,3.3,2.72,53920
22/10/2001,3.25,3.4,3.25,3.25,2.67,4160
23/10/2001,3.25,3.4,3.25,3.25,2.67,6140
24/10/2001,3.15,3.25,2.95,3.0,2.47,18140
25/10/2001,2.85,3.1,2.8,2.85,2.35,9140
26/10/2001,2.8,3.3,2.8,3.1,2.55,51020
29/10/2001,3.0,3.25,3.0,3.15,2.59,31580
30/10/2001,3.0,3.05,3.0,3.05,2.51,12160
31/10/2001,2.9,3.35,2.85,3.25,2.67,11860
01/11/2001,3.3,3.55,3.2,3.5,2.88,13700
02/11/2001,3.75,4.15,3.6,3.75,3.09,19080
05/11/2001,3.75,4.1,3.7,4.0,3.29,33220
06/11/2001,4.1,4.65,4.1,4.65,3.83,29540
07/11/2001,4.75,4.9,4.35,4.55,3.74,28080
08/11/2001,4.15,4.8,4.15,4.7,3.87,28780
09/11/2001,4.7,4.7,4.5,4.5,3.7,1700
12/11/2001,4.75,4.8,4.05,4.5,3.7,10220
13/11/2001,4.45,4.6,4.15,4.25,3.5,11380
14/11/2001,4.1,4.5,4.1,4.25,3.5,14260
15/11/2001,4.45,4.75,4.4,4.5,3.7,28060
16/11/2001,4.75,5.2,4.75,5.2,4.28,12900
19/11/2001,5.2,5.4,5.15,5.3,4.36,4580
20/11/2001,5.15,5.75,5.15,5.5,4.53,8980
21/11/2001,5.35,5.45,5.25,5.25,4.32,2240
23/11/2001,5.25,6.0,5.1,5.35,4.4,4460
26/11/2001,5.45,5.75,5.25,5.7,4.69,12820
27/11/2001,5.5,5.95,5.3,5.5,4.53,21200
28/11/2001,5.5,5.5,5.2,5.2,4.28,12200
29/11/2001,5.35,5.55,4.9,5.05,4.16,8400
30/11/2001,5.0,5.0,4.5,4.5,3.7,7480
03/12/2001,4.45,4.5,4.3,4.45,3.66,5800
04/12/2001,4.25,4.4,4.25,4.4,3.62,6540
05/12/2001,4.35,4.6,4.35,4.55,3.74,9200
06/12/2001,4.55,4.8,4.4,4.6,3.79,12880
07/12/2001,4.45,4.85,4.45,4.7,3.87,10940
10/12/2001,4.85,4.85,4.7,4.7,3.87,2840
11/12/2001,4.75,4.85,4.55,4.7,3.87,11840
12/12/2001,4.6,5.45,4.6,5.45,4.49,22340
13/12/2001,5.45,5.5,4.8,5.05,4.16,11280
14/12/2001,5.3,5.3,5.0,5.0,4.12,1400
17/12/2001,4.8,5.25,4.8,5.05,4.16,11860
18/12/2001,4.8,5.0,4.75,4.95,4.07,9940
19/12/2001,4.8,5.0,4.75,4.9,4.03,18660
20/12/2001,4.75,4.9,4.6,4.6,3.79,13660
21/12/2001,4.55,4.9,4.5,4.9,4.03,9760
24/12/2001,4.6,4.9,4.6,4.65,3.83,6200
26/12/2001,4.65,4.75,4.65,4.65,3.83,1880
27/12/2001,4.65,4.7,4.5,4.55,3.74,10520
28/12/2001,4.55,4.9,4.55,4.75,3.91,8840
31/12/2001,4.75,5.3,4.55,5.25,4.32,15400
02/01/2002,5.15,5.4,5.0,5.1,4.2,17220
03/01/2002,5.25,5.25,4.75,5.0,4.12,12520
04/01/2002,5.2,5.2,5.0,5.15,4.24,22900
07/01/2002,5.0,5.25,4.65,5.1,4.2,10560
08/01/2002,5.1,5.15,5.0,5.0,4.12,4820
09/01/2002,5.15,5.45,5.0,5.15,4.24,3800
10/01/2002,5.0,5.2,4.85,4.9,4.03,3200
11/01/2002,5.2,5.2,4.8,4.9,4.03,2680
14/01/2002,4.9,5.05,4.75,4.75,3.91,5140
15/01/2002,4.75,5.05,4.75,5.0,4.12,6640
16/01/2002,4.8,5.1,4.75,5.1,4.2,8600
17/01/2002,5.2,5.2,4.85,5.2,4.28,9360
18/01/2002,4.9,4.9,4.9,4.9,4.03,140
22/01/2002,4.9,5.05,4.75,4.95,4.07,10900
23/01/2002,4.95,5.05,4.95,4.95,4.07,4080
24/01/2002,4.9,5.45,4.85,5.4,4.44,28800
25/01/2002,5.4,5.5,5.25,5.3,4.36,2380
28/01/2002,5.0,5.5,5.0,5.25,4.32,11820
29/01/2002,5.15,5.4,4.9,5.1,4.2,7760
30/01/2002,5.0,5.15,5.0,5.15,4.24,14960
31/01/2002,5.1,5.2,5.0,5.1,4.2,17140
01/02/2002,5.05,5.2,5.05,5.2,4.28,4880
04/02/2002,5.15,5.4,5.15,5.15,4.24,7220
05/02/2002,5.15,5.25,4.8,4.9,4.03,5320
06/02/2002,5.25,5.3,4.95,5.0,4.12,13180
07/02/2002,5.25,5.3,5.1,5.1,4.2,8180
08/02/2002,5.2,5.3,5.1,5.25,4.32,4780
11/02/2002,5.15,5.35,4.9,5.3,4.36,10120
12/02/2002,5.6,5.95,5.5,5.6,4.61,55040
13/02/2002,5.7,6.35,5.7,6.05,4.98,88420
14/02/2002,6.15,6.6,6.15,6.5,5.35,34520
15/02/2002,6.6,6.85,6.15,6.25,5.14,22200
19/02/2002,6.3,6.75,6.05,6.4,5.27,43680
20/02/2002,6.3,6.7,5.9,5.9,4.86,26440
21/02/2002,6.15,6.15,5.75,5.75,4.73,14200
22/02/2002,5.75,5.95,5.4,5.5,4.53,8020
25/02/2002,5.85,5.85,5.3,5.3,4.36,10160
26/02/2002,5.3,5.65,5.3,5.55,4.57,20120
27/02/2002,5.6,6.6,5.5,5.75,4.73,36380
28/02/2002,6.1,6.25,5.8,6.25,5.14,8040
01/03/2002,6.25,6.5,6.05,6.25,5.14,11640
04/03/2002,6.3,6.3,5.75,6.0,4.94,8620
05/03/2002,6.0,6.2,5.95,6.05,4.98,9840
06/03/2002,6.0,6.5,6.0,6.3,5.19,12940
07/03/2002,6.55,6.75,6.05,6.2,5.1,12840
08/03/2002,6.15,6.3,6.15,6.25,5.14,9240
11/03/2002,6.2,6.5,6.2,6.45,5.31,28300
12/03/2002,6.4,6.6,6.2,6.4,5.27,9300
13/03/2002,6.2,6.3,6.2,6.25,5.14,5100
14/03/2002,6.3,6.3,6.1,6.1,5.02,4800
15/03/2002,6.35,6.75,6.35,6.6,5.43,36480
18/03/2002,6.55,6.65,6.45,6.5,5.35,17060
19/03/2002,6.5,6.65,6.5,6.55,5.39,8740
20/03/2002,6.6,6.65,6.3,6.4,5.27,14400
21/03/2002,6.5,6.6,6.3,6.6,5.43,7200
22/03/2002,6.45,6.75,6.45,6.55,5.39,7880
25/03/2002,6.5,6.5,6.05,6.25,5.14,18880
26/03/2002,6.3,6.35,6.2,6.35,5.23,13400
27/03/2002,6.35,6.35,6.0,6.0,4.94,4060
28/03/2002,6.2,6.25,5.95,6.25,5.14,10860
01/04/2002,6.2,6.5,5.75,6.05,4.98,11000
02/04/2002,5.95,6.05,5.95,5.95,4.9,5460
03/04/2002,5.95,5.95,5.9,5.9,4.86,3020
04/04/2002,5.5,5.9,5.5,5.9,4.86,5560
05/04/2002,5.8,6.2,5.75,5.9,4.86,9580
08/04/2002,5.8,5.9,5.15,5.6,4.61,19620
09/04/2002,5.5,5.6,5.5,5.5,4.53,9200
10/04/2002,5.5,5.8,5.5,5.8,4.77,9980
11/04/2002,5.45,5.8,5.4,5.65,4.65,2900
12/04/2002,5.65,5.65,4.55,5.65,4.65,4460
15/04/2002,5.9,6.1,5.6,5.9,4.86,4080
16/04/2002,5.8,6.25,5.8,6.15,5.06,3420
17/04/2002,5.85,6.0,5.75,5.75,4.73,2260
18/04/2002,5.7,6.0,5.7,5.8,4.77,4460
19/04/2002,5.8,5.9,5.75,5.75,4.73,620
22/04/2002,5.95,6.0,5.75,5.9,4.86,3100
23/04/2002,6.0,6.1,5.75,5.9,4.86,8300
24/04/2002,5.85,6.2,5.8,6.0,4.94,5920
25/04/2002,5.8,6.2,5.75,5.75,4.73,5760
26/04/2002,5.75,5.8,5.3,5.75,4.73,2840
29/04/2002,5.55,5.75,5.55,5.7,4.69,5060
30/04/2002,6.3,6.3,5.75,6.1,5.02,3260
01/05/2002,5.85,6.0,5.0,5.6,4.61,6180
02/05/2002,5.6,5.75,5.05,5.1,4.2,20260
03/05/2002,5.4,5.6,5.05,5.3,4.36,18720
06/05/2002,5.35,5.95,5.2,5.2,4.28,4700
07/05/2002,5.5,5.7,4.9,4.95,4.07,21780
08/05/2002,5.0,5.05,4.75,4.85,3.99,7560
09/05/2002,4.9,5.0,4.45,4.75,3.91,11360
10/05/2002,4.5,5.0,4.5,5.0,4.12,3820
13/05/2002,4.7,5.55,4.7,5.0,4.12,13420
14/05/2002,5.25,5.25,4.8,5.0,4.12,3880
15/05/2002,4.8,5.1,4.75,5.0,4.12,6880
16/05/2002,4.95,4.95,4.95,4.95,4.07,400
17/05/2002,5.05,5.05,4.95,5.0,4.12,1640
20/05/2002,5.05,5.25,5.0,5.25,4.32,2960
21/05/2002,5.0,5.25,5.0,5.25,4.32,3640
22/05/2002,5.0,5.5,5.0,5.45,4.49,5040
23/05/2002,5.5,5.5,5.1,5.1,4.2,1760
24/05/2002,5.25,5.25,5.25,5.25,4.32,1800
28/05/2002,5.45,5.5,5.0,5.25,4.32,16880
29/05/2002,5.0,5.15,5.0,5.05,4.16,5340
30/05/2002,5.05,5.05,4.95,5.05,4.16,6280
31/05/2002,5.05,5.15,5.05,5.15,4.24,2060
03/06/2002,5.1,5.1,4.95,5.0,4.12,6620
04/06/2002,4.95,4.95,4.8,4.95,4.07,7340
05/06/2002,5.0,5.0,4.85,4.95,4.07,2480
06/06/2002,4.95,5.95,4.6,4.9,4.03,11420
07/06/2002,4.9,4.9,4.45,4.5,3.7,22340
10/06/2002,4.75,5.0,4.65,4.9,4.03,3100
11/06/2002,4.45,4.7,4.45,4.65,3.83,4420
12/06/2002,4.55,4.7,4.45,4.7,3.87,7780
13/06/2002,4.75,5.05,4.7,4.75,3.91,20900
14/06/2002,4.5,4.65,4.5,4.6,3.79,5740
17/06/2002,4.7,5.05,4.7,4.85,3.99,4600
18/06/2002,5.0,5.2,4.85,5.05,4.16,12840
19/06/2002,5.05,5.3,5.0,5.2,4.28,1440
20/06/2002,5.0,5.3,4.95,5.3,4.36,13640
21/06/2002,5.05,5.3,4.75,4.9,4.03,6800
24/06/2002,4.95,4.95,4.8,4.9,4.03,4480
25/06/2002,4.9,5.0,4.9,5.0,4.12,940
26/06/2002,4.9,5.0,4.45,4.55,3.74,4140
27/06/2002,4.7,4.7,4.55,4.6,3.79,3240
28/06/2002,4.6,4.65,4.3,4.55,3.74,1280
01/07/2002,5.0,5.05,4.65,4.75,3.91,16300
02/07/2002,4.5,4.95,4.5,4.8,3.95,12160
03/07/2002,4.9,5.2,4.9,5.2,4.28,9420
05/07/2002,4.95,5.05,4.95,5.0,4.12,2340
08/07/2002,4.95,5.0,4.6,4.65,3.83,1020
09/07/2002,5.0,5.75,4.75,5.3,4.36,15140
10/07/2002,5.4,5.4,5.05,5.15,4.24,9960
11/07/2002,5.15,5.3,5.1,5.1,4.2,3780
12/07/2002,5.05,5.45,5.05,5.35,4.4,1800
15/07/2002,5.15,5.25,5.0,5.0,4.12,13740
16/07/2002,5.0,5.0,4.8,4.95,4.07,5520
17/07/2002,4.85,5.45,4.75,5.0,4.12,7900
18/07/2002,5.0,5.05,5.0,5.05,4.16,540
19/07/2002,5.0,5.1,4.8,4.9,4.03,1680
22/07/2002,4.9,5.0,4.8,4.8,3.95,2880
23/07/2002,4.8,4.9,4.3,4.4,3.62,17300
24/07/2002,4.5,4.95,4.25,4.5,3.7,8300
25/07/2002,4.25,4.8,4.25,4.8,3.95,2400
26/07/2002,4.85,4.85,4.0,4.85,3.99,2120
29/07/2002,4.5,4.8,4.45,4.8,3.95,1720
30/07/2002,4.8,5.0,4.25,4.75,3.91,15080
31/07/2002,5.0,5.1,4.95,5.0,4.12,3580
01/08/2002,5.0,5.0,5.0,5.0,4.12,4760
02/08/2002,5.0,5.1,5.0,5.0,4.12,1780
05/08/2002,5.0,5.15,4.75,5.15,4.24,19240
06/08/2002,5.0,5.15,4.75,4.95,4.07,20780
07/08/2002,4.8,5.1,4.8,5.05,4.16,31960
08/08/2002,4.9,5.3,4.9,5.0,4.12,18440
09/08/2002,5.0,5.3,4.95,5.0,4.12,5240
12/08/2002,5.0,5.25,5.0,5.25,4.32,3420
13/08/2002,5.15,5.2,4.75,4.8,3.95,6820
14/08/2002,4.8,5.2,4.8,5.15,4.24,13660
15/08/2002,5.0,5.2,5.0,5.2,4.28,3000
16/08/2002,5.1,5.25,5.1,5.2,4.28,8560
19/08/2002,5.05,5.2,5.0,5.2,4.28,26940
20/08/2002,5.1,5.2,5.05,5.05,4.16,1700
21/08/2002,5.05,5.2,5.05,5.1,4.2,22220
22/08/2002,5.3,5.35,5.1,5.25,4.32,12520
23/08/2002,5.1,5.35,5.1,5.2,4.28,10200
26/08/2002,5.05,5.2,5.0,5.0,4.12,840
27/08/2002,5.35,5.35,4.95,5.0,4.12,3040
28/08/2002,5.25,5.25,5.1,5.1,4.2,880
29/08/2002,5.1,5.2,5.05,5.1,4.2,1040
30/08/2002,5.1,5.1,5.05,5.05,4.16,260
03/09/2002,5.05,5.05,4.75,4.75,3.91,2080
04/09/2002,5.0,5.05,4.75,4.95,4.07,4140
05/09/2002,4.6,4.6,4.6,4.6,3.79,140
06/09/2002,4.6,4.6,4.6,4.6,3.79,0
09/09/2002,4.75,4.95,4.6,4.6,3.79,4840
10/09/2002,4.55,4.65,4.55,4.65,3.83,640
11/09/2002,4.7,4.9,4.7,4.75,3.91,2520
12/09/2002,4.75,4.75,4.75,4.75,3.91,720
13/09/2002,4.5,4.7,4.5,4.55,3.74,2260
16/09/2002,4.6,4.6,4.55,4.55,3.74,2660
17/09/2002,4.5,4.65,4.2,4.45,3.66,4380
18/09/2002,4.45,4.55,4.1,4.1,3.37,14260
19/09/2002,4.0,4.35,4.0,4.3,3.54,5400
20/09/2002,4.25,4.5,4.25,4.5,3.7,2400
23/09/2002,4.05,4.6,4.0,4.0,3.29,4480
24/09/2002,4.2,4.2,4.15,4.15,3.42,680
25/09/2002,4.15,4.25,4.15,4.15,3.42,2740
26/09/2002,4.15,4.2,3.95,3.95,3.25,3300
27/09/2002,4.0,4.15,3.95,3.95,3.25,800
30/09/2002,3.9,4.1,3.85,3.95,3.25,9840
01/10/2002,3.75,4.1,3.5,3.75,3.09,2060
02/10/2002,3.75,3.95,3.5,3.8,3.13,3920
03/10/2002,3.65,3.8,3.65,3.8,3.13,1920
04/10/2002,3.75,3.85,3.5,3.85,3.17,500
07/10/2002,3.8,3.85,3.75,3.8,3.13,16800
08/10/2002,3.5,4.0,3.5,4.0,3.29,2500
09/10/2002,3.75,3.75,3.75,3.75,3.09,1420
10/10/2002,3.6,3.6,3.5,3.5,2.88,1100
11/10/2002,3.9,4.1,3.55,3.55,2.92,2740
14/10/2002,3.5,3.5,3.05,3.25,2.67,4340
15/10/2002,3.5,3.95,3.45,3.85,3.17,6740
16/10/2002,3.8,3.8,3.75,3.8,3.13,4080
17/10/2002,3.75,3.95,3.75,3.85,3.17,4140
18/10/2002,3.7,4.05,3.55,4.0,3.29,1900
21/10/2002,3.75,4.0,3.45,3.75,3.09,2460
22/10/2002,3.75,3.8,3.55,3.8,3.13,1860
23/10/2002,3.65,3.9,3.55,3.9,3.21,1000
24/10/2002,3.5,3.8,3.4,3.8,3.13,1460
25/10/2002,3.25,3.75,3.25,3.75,3.09,120
28/10/2002,3.8,3.95,3.8,3.95,3.25,500
29/10/2002,3.95,3.95,3.5,3.75,3.09,2640
30/10/2002,3.5,3.5,3.5,3.5,2.88,20
31/10/2002,3.55,3.9,3.0,3.85,3.17,15260
01/11/2002,3.85,4.15,3.85,4.15,3.42,2020
04/11/2002,4.25,4.6,4.25,4.5,3.7,4840
05/11/2002,4.55,4.8,4.55,4.7,3.87,6620
06/11/2002,4.6,4.9,4.6,4.75,3.91,7620
07/11/2002,4.85,4.85,3.55,4.2,3.46,11040
08/11/2002,4.2,4.5,2.8,4.5,3.7,3620
11/11/2002,4.6,4.6,4.3,4.6,3.79,3040
12/11/2002,4.2,4.55,3.25,4.5,3.7,31200
13/11/2002,4.25,4.5,4.25,4.5,3.7,3920
14/11/2002,4.25,4.5,4.25,4.5,3.7,5360
15/11/2002,4.45,4.5,4.3,4.45,3.66,1880
18/11/2002,4.15,4.5,4.15,4.5,3.7,5680
19/11/2002,4.15,4.65,4.15,4.55,3.74,4620
20/11/2002,4.4,5.0,4.35,4.9,4.03,43180
21/11/2002,4.7,4.95,4.6,4.9,4.03,6660
22/11/2002,4.55,4.9,4.55,4.9,4.03,4820
25/11/2002,4.35,4.95,4.35,4.95,4.07,103200
26/11/2002,4.85,4.9,4.8,4.9,4.03,27300
27/11/2002,4.95,5.0,4.8,4.9,4.03,22540
29/11/2002,4.85,5.1,4.75,5.1,4.2,49220
02/12/2002,5.0,5.1,4.75,4.95,4.07,121040
03/12/2002,4.95,5.0,4.6,4.9,4.03,43120
04/12/2002,4.9,5.0,4.7,4.9,4.03,5600
05/12/2002,4.5,4.95,3.9,4.6,3.79,4000
06/12/2002,4.5,4.85,4.5,4.55,3.74,800
09/12/2002,4.55,5.0,4.5,4.5,3.7,6500
10/12/2002,4.35,4.5,4.35,4.5,3.7,4500
11/12/2002,4.35,4.5,4.35,4.5,3.7,2940
12/12/2002,4.3,4.5,4.3,4.5,3.7,7920
13/12/2002,4.4,4.5,4.4,4.5,3.7,3000
16/12/2002,4.35,4.55,4.3,4.35,3.58,25500
17/12/2002,4.55,4.55,4.0,4.0,3.29,3400
18/12/2002,4.1,4.2,3.0,4.15,3.42,196840
19/12/2002,3.85,4.0,3.7,3.95,3.25,11420
20/12/2002,3.8,3.9,3.55,3.6,2.96,32460
23/12/2002,3.55,3.75,3.5,3.5,2.88,6580
24/12/2002,3.5,3.65,3.5,3.65,3.0,2020
26/12/2002,3.75,4.0,3.5,4.0,3.29,6540
27/12/2002,3.75,4.0,3.6,3.95,3.25,18080
30/12/2002,3.6,3.9,3.3,3.9,3.21,13200
31/12/2002,3.65,4.6,3.65,4.5,3.7,14780
02/01/2003,4.2,4.5,3.8,4.45,3.66,4180
03/01/2003,3.75,4.75,3.75,4.75,3.91,7660
06/01/2003,3.9,4.7,3.9,4.7,3.87,11020
07/01/2003,4.3,4.8,4.3,4.8,3.95,8420
08/01/2003,4.5,5.1,4.5,5.1,4.2,29540
09/01/2003,4.65,5.15,4.65,5.15,4.24,47860
10/01/2003,5.0,5.1,4.85,5.1,4.2,13240
13/01/2003,5.0,5.05,4.55,5.0,4.12,14440
14/01/2003,4.85,5.0,4.75,5.0,4.12,28640
15/01/2003,5.0,5.55,4.75,5.1,4.2,14140
16/01/2003,5.0,5.05,4.95,5.05,4.16,17040
17/01/2003,4.75,5.05,4.7,5.0,4.12,40700
21/01/2003,4.6,4.95,4.6,4.9,4.03,3020
22/01/2003,3.9,4.75,3.9,4.55,3.74,16280
23/01/2003,4.5,4.7,4.5,4.7,3.87,36540
24/01/2003,3.8,4.7,3.8,4.6,3.79,8640
27/01/2003,4.5,4.7,4.2,4.5,3.7,11120
28/01/2003,4.15,4.35,4.15,4.2,3.46,1360
29/01/2003,4.15,4.3,4.1,4.3,3.54,2100
30/01/2003,4.4,4.5,4.4,4.5,3.7,1620
31/01/2003,4.3,4.75,4.3,4.7,3.87,3000
03/02/2003,4.5,5.0,4.2,4.85,3.99,6520
04/02/2003,4.3,4.8,4.3,4.8,3.95,5120
05/02/2003,4.35,4.65,4.35,4.6,3.79,9020
06/02/2003,4.3,4.65,4.3,4.5,3.7,13040
07/02/2003,4.5,4.7,4.3,4.7,3.87,5280
10/02/2003,4.3,4.6,4.3,4.6,3.79,4800
11/02/2003,4.5,4.6,4.35,4.6,3.79,1400
12/02/2003,4.35,4.6,4.3,4.6,3.79,3080
13/02/2003,4.35,4.45,4.1,4.35,3.58,9520
14/02/2003,4.2,4.2,4.2,4.2,3.46,460
18/02/2003,4.1,4.4,4.0,4.15,3.42,4600
19/02/2003,4.25,4.4,4.25,4.4,3.62,15460
20/02/2003,4.3,4.4,4.3,4.4,3.62,29320
21/02/2003,4.4,4.4,4.4,4.4,3.62,3580
24/02/2003,4.25,4.4,4.25,4.4,3.62,4320
25/02/2003,4.35,4.4,4.35,4.4,3.62,13940
26/02/2003,3.95,4.15,3.85,4.1,3.37,7320
27/02/2003,4.0,4.0,4.0,4.0,3.29,3500
28/02/2003,4.0,4.0,3.95,3.95,3.25,1700
03/03/2003,3.85,3.95,3.85,3.95,3.25,860
04/03/2003,4.0,4.0,3.8,4.0,3.29,8100
05/03/2003,4.0,4.0,3.9,4.0,3.29,5900
06/03/2003,3.85,3.95,3.8,3.95,3.25,2460
07/03/2003,3.8,4.0,3.8,3.95,3.25,1360
10/03/2003,3.75,3.9,3.75,3.75,3.09,160
11/03/2003,3.75,3.95,3.75,3.95,3.25,1680
12/03/2003,3.6,4.0,3.6,4.0,3.29,4480
13/03/2003,3.75,4.15,3.75,4.15,3.42,3980
14/03/2003,4.15,4.25,4.0,4.25,3.5,1480
17/03/2003,3.7,4.15,3.7,4.15,3.42,3000
18/03/2003,3.95,4.2,3.95,4.2,3.46,520
19/03/2003,4.3,4.5,3.95,3.95,3.25,2560
20/03/2003,3.95,3.95,3.95,3.95,3.25,0
21/03/2003,3.9,4.0,3.9,4.0,3.29,700
24/03/2003,3.8,3.95,3.75,3.75,3.09,1780
25/03/2003,3.8,4.0,3.8,4.0,3.29,2600
26/03/2003,3.85,3.95,3.55,3.95,3.25,7400
27/03/2003,4.0,4.0,3.6,3.95,3.25,940
28/03/2003,3.95,3.95,3.95,3.95,3.25,0
31/03/2003,3.6,3.75,3.6,3.75,3.09,920
01/04/2003,3.75,4.0,3.65,3.65,3.0,820
02/04/2003,3.6,3.9,3.55,3.65,3.0,6840
03/04/2003,3.6,3.6,3.5,3.6,2.96,4240
04/04/2003,3.7,3.7,3.6,3.7,3.05,4420
07/04/2003,3.7,3.9,3.6,3.9,3.21,8060
08/04/2003,4.0,4.15,3.95,3.95,3.25,4720
09/04/2003,3.9,4.0,3.9,4.0,3.29,6440
10/04/2003,4.0,4.0,4.0,4.0,3.29,0
11/04/2003,3.75,3.9,3.6,3.9,3.21,3260
14/04/2003,3.5,3.9,3.5,3.9,3.21,2060
15/04/2003,3.65,3.85,3.65,3.85,3.17,4420
16/04/2003,3.9,3.9,3.6,3.7,3.05,2340
17/04/2003,3.7,3.9,3.7,3.9,3.21,420
21/04/2003,3.9,3.9,3.9,3.9,3.21,0
22/04/2003,3.9,4.0,3.65,3.9,3.21,11440
23/04/2003,3.9,4.0,3.9,4.0,3.29,6620
24/04/2003,3.9,4.0,3.7,4.0,3.29,15220
25/04/2003,3.9,4.0,3.75,3.8,3.13,12060
28/04/2003,3.9,3.9,3.75,3.75,3.09,32700
29/04/2003,3.7,3.95,3.7,3.95,3.25,15580
30/04/2003,3.9,4.0,3.75,4.0,3.29,15220
01/05/2003,3.95,4.0,3.75,4.0,3.29,2820
02/05/2003,3.65,4.0,3.65,3.95,3.25,15920
05/05/2003,4.0,4.35,3.75,3.95,3.25,39280
06/05/2003,4.2,4.25,3.95,4.25,3.5,26900
07/05/2003,4.3,4.5,4.25,4.45,3.66,5480
08/05/2003,4.6,4.75,4.4,4.4,3.62,25320
09/05/2003,4.4,4.55,4.4,4.55,3.74,2860
12/05/2003,4.5,4.65,4.5,4.65,3.83,7820
13/05/2003,4.75,4.75,4.35,4.55,3.74,18260
14/05/2003,4.6,4.6,4.3,4.4,3.62,1920
15/05/2003,4.25,4.35,3.75,4.25,3.5,16540
16/05/2003,4.2,4.25,3.9,4.25,3.5,1800
19/05/2003,4.0,4.15,3.9,4.15,3.42,4020
20/05/2003,4.15,4.2,3.95,3.95,3.25,8140
21/05/2003,3.8,4.05,3.8,4.05,3.33,3700
22/05/2003,4.2,4.2,3.65,4.0,3.29,2440
23/05/2003,3.75,4.0,3.75,3.95,3.25,1280
27/05/2003,3.75,4.3,3.65,4.3,3.54,15220
28/05/2003,4.2,4.4,4.0,4.35,3.58,5380
29/05/2003,4.3,4.3,4.15,4.25,3.5,1260
30/05/2003,4.1,4.25,4.05,4.25,3.5,4780
02/06/2003,4.2,4.4,4.05,4.4,3.62,8820
03/06/2003,4.05,4.25,4.0,4.15,3.42,3460
04/06/2003,4.05,4.2,4.05,4.2,3.46,4660
05/06/2003,4.2,4.3,4.05,4.2,3.46,5180
06/06/2003,4.2,4.25,4.0,4.1,3.37,7980
09/06/2003,4.2,4.2,3.8,4.0,3.29,11420
10/06/2003,3.95,4.05,3.8,4.0,3.29,7000
11/06/2003,4.05,4.05,3.8,3.9,3.21,2720
12/06/2003,3.85,4.0,3.8,4.0,3.29,4940
13/06/2003,3.85,3.95,3.75,3.9,3.21,4160
16/06/2003,2.56,4.0,1.5,4.0,3.29,32100
17/06/2003,3.8,4.22,3.8,3.91,3.22,5500
18/06/2003,4.0,4.14,3.85,4.14,3.41,3700
19/06/2003,3.91,3.91,3.72,3.72,3.06,10100
20/06/2003,3.71,4.05,3.71,4.05,3.33,500
23/06/2003,3.75,3.75,3.6,3.69,3.04,16700
24/06/2003,3.61,3.95,3.55,3.95,3.25,7100
25/06/2003,3.62,3.8,3.62,3.8,3.13,7800
26/06/2003,3.63,3.86,3.62,3.86,3.18,11500
27/06/2003,3.75,3.77,3.75,3.75,3.09,4900
30/06/2003,3.75,3.75,3.74,3.74,3.08,2100
01/07/2003,3.73,3.73,3.73,3.73,3.07,400
02/07/2003,3.7,3.7,3.64,3.64,3.0,3900
03/07/2003,3.63,3.64,3.44,3.6,2.96,8500
07/07/2003,3.58,3.99,3.53,3.85,3.17,18000
08/07/2003,3.8,3.8,3.75,3.8,3.13,5900
09/07/2003,3.89,3.89,3.57,3.8,3.13,13300
10/07/2003,3.6,3.8,3.6,3.75,3.09,5100
11/07/2003,3.75,3.99,3.71,3.9,3.21,6900
14/07/2003,3.85,3.98,3.74,3.95,3.25,18100
15/07/2003,3.95,3.95,3.85,3.85,3.17,4000
16/07/2003,3.72,3.75,3.62,3.75,3.09,13500
17/07/2003,3.75,3.75,3.75,3.75,3.09,0
18/07/2003,3.6,4.06,3.6,3.64,3.0,15100
21/07/2003,3.75,3.75,3.35,3.75,3.09,25000
22/07/2003,3.57,3.99,3.57,3.85,3.17,5000
23/07/2003,3.71,3.8,3.64,3.64,3.0,2200
24/07/2003,3.63,3.64,3.43,3.43,2.82,8300
25/07/2003,3.43,3.67,3.43,3.58,2.95,6600
28/07/2003,3.47,3.73,3.47,3.65,3.0,2800
29/07/2003,3.65,3.68,3.32,3.32,2.73,9400
30/07/2003,3.45,3.55,3.45,3.55,2.92,2900
31/07/2003,3.4,3.49,3.4,3.49,2.87,7000
01/08/2003,3.58,3.75,3.4,3.75,3.09,8700
04/08/2003,3.7,3.98,3.7,3.84,3.16,5800
05/08/2003,3.76,3.76,3.56,3.7,3.05,2700
06/08/2003,3.81,3.81,3.48,3.7,3.05,10500
07/08/2003,3.62,3.8,3.62,3.8,3.13,900
08/08/2003,3.8,3.8,3.8,3.8,3.13,700
11/08/2003,3.8,3.85,3.48,3.85,3.17,4400
12/08/2003,3.72,3.77,3.69,3.69,3.04,7300
13/08/2003,3.71,3.71,3.54,3.54,2.91,2600
14/08/2003,3.71,3.71,3.56,3.56,2.93,2200
15/08/2003,3.77,3.77,3.4,3.4,2.8,1000
18/08/2003,3.55,3.71,3.4,3.4,2.8,4600
19/08/2003,3.39,3.56,3.35,3.42,2.81,5400
20/08/2003,3.3,3.63,3.3,3.63,2.99,11500
21/08/2003,3.44,3.54,3.3,3.54,2.91,4500
22/08/2003,3.75,3.75,3.45,3.45,2.84,4300
25/08/2003,3.49,3.49,3.45,3.45,2.84,900
26/08/2003,3.49,3.49,3.49,3.49,2.87,400
27/08/2003,3.48,3.48,3.46,3.46,2.85,2600
28/08/2003,3.47,3.5,3.36,3.37,2.77,5800
29/08/2003,3.54,3.57,3.45,3.57,2.94,5500
02/09/2003,3.73,3.73,3.41,3.46,2.85,4900
03/09/2003,3.37,3.74,3.37,3.5,2.88,7100
04/09/2003,3.5,3.65,3.5,3.6,2.96,11200
05/09/2003,3.59,3.81,3.59,3.68,3.03,8800
08/09/2003,3.61,3.9,3.61,3.9,3.21,8300
09/09/2003,3.79,3.89,3.74,3.79,3.12,3100
10/09/2003,3.83,3.87,3.78,3.87,3.19,11000
11/09/2003,3.72,4.0,3.72,3.89,3.2,18700
12/09/2003,3.93,3.97,3.87,3.95,3.25,8600
15/09/2003,3.89,4.07,3.89,3.95,3.25,22900
16/09/2003,3.99,4.03,3.96,4.03,3.32,7700
17/09/2003,3.99,4.1,3.99,4.1,3.37,15800
18/09/2003,4.07,4.25,4.07,4.25,3.5,3700
19/09/2003,4.2,4.2,4.15,4.2,3.46,2000
22/09/2003,4.25,4.25,4.18,4.21,3.46,16800
23/09/2003,4.25,4.47,4.25,4.4,3.62,39800
24/09/2003,4.39,4.64,4.39,4.58,3.77,20500
25/09/2003,4.44,4.6,4.44,4.5,3.7,7700
26/09/2003,4.45,4.46,4.18,4.44,3.65,3700
29/09/2003,4.39,4.39,4.35,4.35,3.58,10400
30/09/2003,4.24,4.24,4.2,4.2,3.46,1200
01/10/2003,4.0,4.11,4.0,4.11,3.38,4400
02/10/2003,4.19,4.25,4.19,4.25,3.5,1700
03/10/2003,4.04,4.11,4.04,4.11,3.38,500
06/10/2003,4.11,4.45,4.11,4.39,3.61,3000
07/10/2003,4.29,4.36,4.29,4.35,3.58,21800
08/10/2003,4.32,4.35,4.22,4.35,3.58,1700
09/10/2003,4.36,4.64,4.3,4.3,3.54,10300
10/10/2003,4.33,4.33,4.33,4.33,3.56,800
13/10/2003,4.35,4.51,4.28,4.51,3.71,4400
14/10/2003,4.33,4.53,4.33,4.45,3.66,4400
15/10/2003,4.33,4.45,4.33,4.43,3.65,3200
16/10/2003,4.43,4.43,4.42,4.43,3.65,4700
17/10/2003,4.33,4.49,4.33,4.49,3.7,2500
20/10/2003,4.6,4.64,4.45,4.46,3.67,2900
21/10/2003,4.45,4.63,4.45,4.63,3.81,4600
22/10/2003,4.46,4.6,4.36,4.6,3.79,12000
23/10/2003,4.46,4.5,4.3,4.4,3.62,3800
24/10/2003,4.37,4.54,4.37,4.54,3.74,1100
27/10/2003,4.54,4.54,4.54,4.54,3.74,0
28/10/2003,4.27,4.54,4.27,4.5,3.7,800
29/10/2003,4.31,4.53,4.31,4.5,3.7,5100
30/10/2003,4.54,4.54,4.32,4.5,3.7,3300
31/10/2003,4.39,4.47,4.21,4.21,3.46,6200
03/11/2003,4.3,4.5,4.3,4.39,3.61,19400
04/11/2003,4.5,4.5,4.31,4.33,3.56,7900
05/11/2003,4.39,4.39,4.32,4.32,3.56,4400
06/11/2003,4.25,4.49,4.25,4.47,3.68,8300
07/11/2003,4.35,4.35,4.15,4.25,3.5,15600
10/11/2003,4.49,4.65,4.4,4.4,3.62,24800
11/11/2003,4.4,4.4,4.35,4.35,3.58,4100
12/11/2003,4.3,4.44,4.27,4.29,3.53,5500
13/11/2003,4.45,4.45,4.3,4.34,3.57,8400
14/11/2003,4.01,4.4,4.01,4.2,3.46,6500
17/11/2003,4.5,4.57,4.35,4.35,3.58,26400
18/11/2003,4.4,4.49,4.32,4.45,3.66,14400
19/11/2003,4.45,4.53,4.4,4.48,3.69,30700
20/11/2003,4.46,4.8,4.46,4.71,3.88,35400
21/11/2003,4.8,4.89,4.76,4.89,4.02,12900
24/11/2003,4.9,5.38,4.9,5.19,4.27,75400
25/11/2003,5.27,5.86,5.25,5.84,4.81,37300
26/11/2003,5.8,6.0,5.43,5.7,4.69,54900
28/11/2003,5.47,6.01,5.47,5.77,4.75,5600
01/12/2003,5.89,5.9,5.33,5.35,4.4,20400
02/12/2003,5.7,5.7,5.23,5.3,4.36,21500
03/12/2003,5.3,5.4,5.18,5.32,4.38,16900
04/12/2003,5.1,5.19,5.1,5.19,4.27,2100
05/12/2003,5.1,5.1,4.85,5.05,4.16,27400
08/12/2003,4.8,4.95,4.5,4.57,3.76,18700
09/12/2003,5.15,5.15,4.43,4.55,3.74,13200
10/12/2003,4.7,4.7,4.4,4.4,3.62,7000
11/12/2003,4.99,4.99,4.2,4.2,3.46,10800
12/12/2003,4.2,4.35,4.2,4.3,3.54,15200
15/12/2003,4.5,4.5,4.21,4.21,3.46,12000
16/12/2003,4.2,4.2,4.11,4.12,3.39,16700
17/12/2003,4.1,4.41,4.1,4.35,3.58,36300
18/12/2003,4.5,4.5,4.22,4.22,3.47,12000
19/12/2003,4.21,4.21,4.2,4.21,3.46,1800
22/12/2003,4.25,4.25,4.1,4.25,3.5,29100
23/12/2003,4.24,4.25,4.13,4.18,3.44,2900
24/12/2003,4.3,4.3,4.11,4.11,3.38,4900
26/12/2003,4.12,4.12,4.08,4.08,3.36,3000
29/12/2003,4.06,4.13,4.06,4.06,3.34,11700
30/12/2003,4.06,4.06,3.85,3.87,3.19,14700
31/12/2003,4.09,4.09,3.76,3.95,3.25,23400
02/01/2004,3.75,4.16,3.75,4.16,3.42,18200
05/01/2004,4.26,4.56,4.21,4.52,3.72,13600
06/01/2004,4.61,4.61,4.32,4.44,3.65,9900
07/01/2004,4.57,4.57,4.35,4.35,3.58,4400
08/01/2004,4.3,4.41,4.28,4.41,3.63,22000
09/01/2004,4.6,4.61,4.2,4.2,3.46,4500
12/01/2004,4.26,4.45,4.26,4.41,3.63,21900
13/01/2004,4.45,4.45,4.3,4.3,3.54,5800
14/01/2004,4.48,4.49,4.37,4.49,3.7,4500
15/01/2004,4.6,4.6,4.31,4.51,3.71,17200
16/01/2004,4.18,4.56,4.18,4.51,3.71,6300
20/01/2004,4.59,4.94,4.51,4.94,4.07,30000
21/01/2004,5.0,5.21,4.95,5.15,4.24,49900
22/01/2004,5.09,5.3,4.99,5.16,4.25,9900
23/01/2004,5.25,5.3,5.25,5.25,4.32,4000
26/01/2004,5.25,5.25,5.04,5.11,4.21,15700
27/01/2004,5.11,5.25,5.08,5.15,4.24,20800
28/01/2004,4.9,5.0,4.9,4.96,4.08,5300
29/01/2004,4.9,4.91,4.7,4.81,3.96,4000
30/01/2004,4.89,4.9,4.51,4.51,3.71,8600
02/02/2004,4.52,4.65,4.52,4.65,3.83,600
03/02/2004,4.51,4.51,4.5,4.5,3.7,1000
04/02/2004,4.5,4.58,4.5,4.57,3.76,2800
05/02/2004,4.52,4.6,4.17,4.17,3.43,9000
06/02/2004,4.68,4.68,4.52,4.65,3.83,14000
09/02/2004,4.52,4.74,4.52,4.53,3.73,25200
10/02/2004,4.65,4.7,4.47,4.6,3.79,19600
11/02/2004,4.54,4.65,4.48,4.57,3.76,28000
12/02/2004,4.49,4.49,3.84,4.31,3.55,3700
13/02/2004,4.31,4.31,3.89,4.0,3.29,21100
17/02/2004,3.8,4.2,3.76,3.85,3.17,66700
18/02/2004,4.2,4.2,3.94,4.0,3.29,6900
19/02/2004,4.05,4.17,4.0,4.01,3.3,8300
20/02/2004,4.01,4.02,4.0,4.0,3.29,1000
23/02/2004,4.36,4.36,3.8,3.88,3.19,6900
24/02/2004,4.05,4.05,3.88,3.97,3.27,8800
25/02/2004,4.15,4.15,3.88,3.88,3.19,1500
26/02/2004,3.88,3.95,3.64,3.64,3.0,17900
27/02/2004,3.7,3.8,3.7,3.8,3.13,1000
01/03/2004,3.99,3.99,3.6,3.75,3.09,22000
02/03/2004,3.89,3.89,3.59,3.75,3.09,32700
03/03/2004,3.8,3.8,3.54,3.54,2.91,20000
04/03/2004,3.72,3.77,3.5,3.77,3.1,52300
05/03/2004,3.8,4.0,3.57,4.0,3.29,9300
08/03/2004,3.98,3.98,3.51,3.51,2.89,15300
09/03/2004,3.62,3.84,3.62,3.65,3.0,4600
10/03/2004,3.66,3.69,3.66,3.69,3.04,2000
11/03/2004,3.61,3.69,3.56,3.56,2.93,6200
12/03/2004,3.61,3.9,3.61,3.9,3.21,8600
15/03/2004,3.86,3.9,3.71,3.89,3.2,9900
16/03/2004,3.67,3.87,3.65,3.65,3.0,5400
17/03/2004,3.7,3.92,3.7,3.71,3.05,4100
18/03/2004,3.85,3.85,3.73,3.78,3.11,1600
19/03/2004,3.83,3.83,3.68,3.75,3.09,14700
22/03/2004,3.65,3.71,3.65,3.71,3.05,3600
23/03/2004,3.7,3.7,3.44,3.7,3.05,18600
24/03/2004,3.71,3.71,3.51,3.65,3.0,10500
25/03/2004,3.53,3.77,3.51,3.61,2.97,15800
26/03/2004,3.6,3.74,3.6,3.74,3.08,6300
29/03/2004,3.81,3.83,3.56,3.72,3.06,7400
30/03/2004,3.51,3.68,3.46,3.55,2.92,14900
31/03/2004,3.56,3.85,3.52,3.58,2.95,16600
01/04/2004,3.5,3.64,3.5,3.6,2.96,7300
02/04/2004,3.59,3.77,3.59,3.77,3.1,7900
05/04/2004,3.77,3.77,3.7,3.74,3.08,2700
06/04/2004,3.71,3.71,3.58,3.58,2.95,600
07/04/2004,3.58,3.58,3.52,3.52,2.9,1600
08/04/2004,3.64,3.64,3.54,3.55,2.92,1800
12/04/2004,3.55,3.68,3.49,3.54,2.91,2700
13/04/2004,3.5,3.6,3.49,3.51,2.89,7200
14/04/2004,3.72,3.72,3.55,3.61,2.97,4200
15/04/2004,3.55,3.57,3.55,3.55,2.92,600
16/04/2004,3.56,3.56,3.56,3.56,2.93,2600
19/04/2004,3.56,3.6,3.3,3.6,2.96,7600
20/04/2004,3.42,3.5,3.42,3.5,2.88,3500
21/04/2004,3.21,3.55,3.21,3.46,2.85,1800
22/04/2004,3.45,3.55,3.28,3.48,2.86,7000
23/04/2004,3.3,3.5,3.23,3.5,2.88,5500
26/04/2004,3.3,3.42,3.3,3.4,2.8,2100
27/04/2004,3.42,3.42,3.41,3.41,2.81,2500
28/04/2004,3.4,3.44,3.3,3.31,2.72,6100
29/04/2004,3.34,3.47,3.34,3.42,2.81,7600
30/04/2004,3.36,3.48,3.3,3.3,2.72,5300
03/05/2004,3.14,3.4,3.14,3.17,2.61,28700
04/05/2004,3.2,3.2,3.06,3.15,2.59,10200
05/05/2004,3.14,3.31,3.02,3.31,2.72,6500
06/05/2004,3.17,3.18,3.02,3.06,2.52,4500
07/05/2004,3.02,3.02,2.72,2.75,2.26,21900
10/05/2004,2.7,2.75,2.66,2.75,2.26,30200
11/05/2004,2.65,2.65,2.65,2.65,2.18,100
12/05/2004,2.66,2.79,2.57,2.63,2.16,9300
13/05/2004,2.68,3.06,2.67,2.8,2.3,26700
14/05/2004,2.81,2.99,2.7,2.93,2.41,11700
17/05/2004,2.75,2.93,2.62,2.93,2.41,16300
18/05/2004,2.93,3.02,2.77,2.96,2.44,21600
19/05/2004,2.95,3.0,2.82,3.0,2.47,23700
20/05/2004,2.94,2.94,2.65,2.89,2.38,5000
21/05/2004,2.77,2.89,2.65,2.8,2.3,8300
24/05/2004,2.8,2.9,2.67,2.88,2.37,24200
25/05/2004,2.7,2.97,2.69,2.97,2.44,15500
26/05/2004,2.85,3.0,2.85,3.0,2.47,4200
27/05/2004,2.85,2.96,2.85,2.96,2.44,4800
28/05/2004,2.97,3.0,2.85,2.86,2.35,3300
01/06/2004,2.91,3.03,2.8,3.0,2.47,15700
02/06/2004,3.0,3.0,2.89,2.89,2.38,3300
03/06/2004,2.86,2.86,2.69,2.79,2.3,2400
04/06/2004,2.87,2.87,2.69,2.82,2.32,2000
07/06/2004,2.82,2.9,2.67,2.69,2.21,23800
08/06/2004,2.71,2.71,2.61,2.63,2.16,26500
09/06/2004,2.93,2.93,2.55,2.55,2.1,15900
10/06/2004,2.55,2.66,2.51,2.54,2.09,14200
14/06/2004,2.43,2.54,2.35,2.52,2.07,7400
15/06/2004,2.35,2.35,2.26,2.32,1.91,6300
16/06/2004,2.25,2.3,2.25,2.3,1.89,4300
17/06/2004,2.6,2.6,2.2,2.22,1.83,4600
18/06/2004,2.18,2.37,2.17,2.25,1.85,4800
21/06/2004,2.39,2.39,2.17,2.36,1.94,5800
22/06/2004,2.33,2.43,2.22,2.32,1.91,4200
23/06/2004,2.21,2.4,2.17,2.4,1.98,3200
24/06/2004,2.35,2.45,2.18,2.45,2.02,10500
25/06/2004,2.45,2.45,2.31,2.34,1.93,3100
28/06/2004,2.26,2.49,2.26,2.35,1.93,4200
29/06/2004,2.47,2.47,2.26,2.27,1.87,6700
30/06/2004,2.5,2.54,2.36,2.46,2.02,13500
01/07/2004,2.44,2.57,2.38,2.45,2.02,3300
02/07/2004,2.53,2.53,2.28,2.46,2.02,4700
06/07/2004,2.27,2.6,2.27,2.37,1.95,9400
07/07/2004,2.5,2.5,2.29,2.3,1.89,7400
08/07/2004,2.27,2.47,2.27,2.28,1.88,11700
09/07/2004,2.26,2.46,2.26,2.45,2.02,2500
12/07/2004,2.46,2.46,2.27,2.27,1.87,14900
13/07/2004,2.28,2.46,2.28,2.39,1.97,4200
14/07/2004,2.37,2.37,2.22,2.22,1.83,1200
15/07/2004,2.28,2.35,2.14,2.14,1.76,10900
16/07/2004,2.11,2.32,2.05,2.09,1.72,13800
19/07/2004,2.2,2.23,2.07,2.16,1.78,11700
20/07/2004,2.03,2.11,2.03,2.09,1.72,6500
21/07/2004,2.05,2.07,1.9,1.92,1.58,17800
22/07/2004,2.07,2.21,1.94,2.04,1.68,4500
23/07/2004,1.95,2.11,1.95,2.11,1.74,2900
26/07/2004,1.88,2.09,1.76,1.76,1.45,9800
27/07/2004,1.8,1.81,1.8,1.81,1.49,300
28/07/2004,1.8,1.82,1.8,1.82,1.5,1600
29/07/2004,1.76,1.87,1.76,1.87,1.54,4000
30/07/2004,1.79,1.8,1.75,1.75,1.44,2100
02/08/2004,1.8,1.8,1.79,1.8,1.48,600
03/08/2004,1.78,1.89,1.78,1.79,1.47,4400
04/08/2004,1.73,1.86,1.7,1.86,1.53,1200
05/08/2004,1.7,1.87,1.7,1.86,1.53,2800
06/08/2004,1.87,1.9,1.49,1.9,1.56,18000
09/08/2004,1.9,2.01,1.88,2.01,1.65,29900
10/08/2004,1.99,2.13,1.89,2.13,1.75,4800
11/08/2004,1.92,2.0,1.91,2.0,1.65,1400
12/08/2004,1.89,2.0,1.89,2.0,1.65,5700
13/08/2004,1.91,2.09,1.91,2.06,1.7,3100
16/08/2004,1.92,2.22,1.82,2.15,1.77,7500
17/08/2004,2.12,2.22,2.03,2.22,1.83,9900
18/08/2004,2.11,2.31,2.11,2.31,1.9,1500
19/08/2004,2.34,2.45,2.33,2.39,1.97,2500
20/08/2004,2.39,2.45,2.12,2.4,1.98,11200
23/08/2004,2.4,2.4,2.4,2.4,1.98,0
24/08/2004,2.09,2.69,2.09,2.5,2.06,5600
25/08/2004,2.36,2.71,2.25,2.69,2.21,4400
26/08/2004,2.49,2.52,2.45,2.45,2.02,1600
27/08/2004,2.22,2.6,2.2,2.57,2.12,6600
30/08/2004,2.32,2.48,2.31,2.48,2.04,700
31/08/2004,2.62,2.62,2.19,2.48,2.04,1000
01/09/2004,2.48,2.48,2.48,2.48,2.04,0
02/09/2004,2.48,2.48,2.48,2.48,2.04,300
03/09/2004,2.46,2.46,2.19,2.43,2.0,5300
07/09/2004,2.22,2.44,2.22,2.43,2.0,1500
08/09/2004,2.25,2.45,2.06,2.17,1.79,14900
09/09/2004,2.4,2.4,2.1,2.25,1.85,3100
10/09/2004,2.42,2.42,2.01,2.28,1.88,13300
13/09/2004,2.29,2.29,2.29,2.29,1.88,300
14/09/2004,2.2,2.41,2.17,2.41,1.98,8800
15/09/2004,2.41,2.41,2.41,2.41,1.98,0
16/09/2004,2.4,2.47,2.3,2.37,1.95,2900
17/09/2004,2.4,2.4,2.4,2.4,1.98,100
20/09/2004,2.29,2.44,2.28,2.44,2.01,1400
21/09/2004,2.44,2.44,2.44,2.44,2.01,0
22/09/2004,2.39,2.43,2.39,2.43,2.0,1200
23/09/2004,2.49,2.49,2.17,2.29,1.88,1600
24/09/2004,2.39,2.48,2.17,2.44,2.01,1200
27/09/2004,2.18,2.35,2.04,2.34,1.93,12000
28/09/2004,2.03,2.48,2.03,2.48,2.04,11700
29/09/2004,2.29,2.47,2.21,2.47,2.03,13400
30/09/2004,2.25,2.61,2.25,2.61,2.15,30300
01/10/2004,2.32,2.5,2.24,2.33,1.92,4400
04/10/2004,2.17,2.53,2.13,2.36,1.94,3800
05/10/2004,2.15,2.3,2.15,2.2,1.81,4100
06/10/2004,2.18,2.27,2.08,2.21,1.82,5000
07/10/2004,2.25,2.25,2.25,2.25,1.85,200
08/10/2004,2.16,2.24,2.16,2.24,1.84,1800
11/10/2004,2.16,2.22,2.16,2.21,1.82,800
12/10/2004,2.15,2.18,2.03,2.18,1.79,2800
13/10/2004,2.09,2.09,2.09,2.09,1.72,300
14/10/2004,2.04,2.16,1.9,2.16,1.78,4600
15/10/2004,2.18,2.18,1.88,2.1,1.73,7700
18/10/2004,1.86,1.94,1.82,1.94,1.6,4400
19/10/2004,1.48,1.94,1.48,1.94,1.6,4300
20/10/2004,1.95,1.95,1.88,1.93,1.59,6500
21/10/2004,1.87,2.12,1.87,2.1,1.73,4900
22/10/2004,2.01,2.15,2.0,2.15,1.77,2600
25/10/2004,2.17,2.18,1.92,2.18,1.79,3700
26/10/2004,2.2,2.24,2.2,2.2,1.81,2300
27/10/2004,2.2,2.2,2.2,2.2,1.81,0
28/10/2004,1.94,2.12,1.94,2.12,1.74,1700
29/10/2004,2.09,2.09,1.99,2.07,1.7,1300
01/11/2004,1.99,2.09,1.98,2.09,1.72,500
02/11/2004,2.09,2.09,2.09,2.09,1.72,0
03/11/2004,2.1,2.1,2.1,2.1,1.73,200
04/11/2004,1.98,1.98,1.91,1.97,1.62,300
05/11/2004,1.88,1.94,1.88,1.94,1.6,300
08/11/2004,1.88,2.0,1.81,2.0,1.65,8600
09/11/2004,1.91,2.0,1.9,2.0,1.65,3600
10/11/2004,2.0,2.0,2.0,2.0,1.65,2000
11/11/2004,1.98,2.1,1.75,2.1,1.73,9400
12/11/2004,2.13,2.2,1.96,2.2,1.81,4800
15/11/2004,1.92,2.2,1.85,2.2,1.81,25800
16/11/2004,2.0,2.15,2.0,2.15,1.77,2100
17/11/2004,2.1,2.22,1.9,2.22,1.83,13600
18/11/2004,2.22,2.22,2.22,2.22,1.83,400
19/11/2004,2.05,2.05,2.01,2.01,1.65,3500
22/11/2004,1.9,2.05,1.87,2.05,1.69,9300
23/11/2004,1.97,2.01,1.97,2.01,1.65,300
24/11/2004,1.87,2.0,1.87,1.98,1.63,4400
26/11/2004,2.1,2.1,2.1,2.1,1.73,1200
29/11/2004,1.92,2.05,1.92,2.05,1.69,2500
30/11/2004,1.86,2.01,1.86,2.0,1.65,1600
01/12/2004,2.0,2.0,1.87,2.0,1.65,5000
02/12/2004,1.89,1.97,1.89,1.89,1.56,600
03/12/2004,1.89,2.0,1.89,2.0,1.65,6300
06/12/2004,1.89,1.99,1.89,1.99,1.64,800
07/12/2004,1.86,2.0,1.7,1.9,1.56,41200
08/12/2004,1.9,2.0,1.77,2.0,1.65,22200
09/12/2004,1.84,2.0,1.84,2.0,1.65,12100
10/12/2004,1.86,2.0,1.74,1.88,1.55,14400
13/12/2004,1.91,2.0,1.85,2.0,1.65,11500
14/12/2004,2.0,2.0,2.0,2.0,1.65,0
15/12/2004,1.72,1.98,1.72,1.95,1.6,8800
16/12/2004,1.82,2.0,1.82,1.95,1.6,12000
17/12/2004,1.99,1.99,1.88,1.98,1.63,3600
20/12/2004,1.77,2.0,1.76,1.9,1.56,36600
21/12/2004,1.81,2.0,1.75,2.0,1.65,20900
22/12/2004,1.99,2.03,1.76,2.03,1.67,46100
23/12/2004,1.94,2.12,1.94,2.12,1.74,31100
27/12/2004,1.76,2.24,1.76,2.24,1.84,35200
28/12/2004,2.08,2.4,2.07,2.37,1.95,32800
29/12/2004,2.39,2.51,2.34,2.51,2.07,29400
30/12/2004,2.48,2.74,2.39,2.74,2.26,23900
31/12/2004,2.74,2.95,2.5,2.85,2.35,27000
03/01/2005,2.89,2.89,2.62,2.69,2.21,8400
04/01/2005,2.65,2.65,2.41,2.56,2.11,7900
05/01/2005,2.4,2.56,2.4,2.55,2.1,1400
06/01/2005,2.24,2.5,2.24,2.5,2.06,18000
07/01/2005,2.53,2.53,2.53,2.53,2.08,400
10/01/2005,2.45,2.54,2.45,2.54,2.09,2200
11/01/2005,2.46,2.5,2.46,2.5,2.06,600
12/01/2005,2.46,2.49,2.45,2.46,2.02,1600
13/01/2005,2.49,2.49,2.43,2.48,2.04,4500
14/01/2005,2.43,2.46,2.16,2.38,1.96,10100
18/01/2005,2.15,2.39,2.08,2.35,1.93,49700
19/01/2005,2.33,2.39,2.15,2.35,1.93,8300
20/01/2005,2.34,2.34,2.12,2.12,1.74,4300
21/01/2005,2.01,2.22,2.01,2.22,1.83,21700
24/01/2005,2.19,2.2,2.04,2.2,1.81,5700
25/01/2005,2.19,2.32,2.19,2.19,1.8,4500
26/01/2005,2.08,2.25,2.02,2.16,1.78,2700
27/01/2005,2.04,2.27,2.03,2.03,1.67,700
28/01/2005,2.04,2.37,2.04,2.28,1.88,3100
31/01/2005,2.04,2.39,2.04,2.31,1.9,6200
01/02/2005,2.31,2.37,2.31,2.37,1.95,1600
02/02/2005,2.23,2.38,2.17,2.29,1.88,3700
03/02/2005,2.11,2.34,2.11,2.29,1.88,7800
04/02/2005,2.4,2.4,2.19,2.23,1.84,2500
07/02/2005,2.21,2.21,2.19,2.2,1.81,2000
08/02/2005,2.2,2.2,2.15,2.15,1.77,1500
09/02/2005,2.04,2.24,2.02,2.24,1.84,3900
10/02/2005,2.23,2.48,1.85,2.28,1.88,69300
11/02/2005,2.24,2.38,2.06,2.38,1.96,15400
14/02/2005,2.44,2.45,2.22,2.45,2.02,19900
15/02/2005,2.41,2.41,2.15,2.41,1.98,14100
16/02/2005,2.53,2.53,2.34,2.5,2.06,16400
17/02/2005,2.5,2.5,2.5,2.5,2.06,0
18/02/2005,2.35,2.61,2.23,2.61,2.15,12100
22/02/2005,2.45,2.62,2.45,2.62,2.16,3500
23/02/2005,2.52,2.64,2.5,2.64,2.17,13500
24/02/2005,2.43,2.64,2.4,2.64,2.17,11400
25/02/2005,2.68,2.69,2.55,2.65,2.18,4200
28/02/2005,2.55,2.55,2.55,2.55,2.1,400
01/03/2005,2.5,2.63,2.46,2.61,2.15,14300
02/03/2005,2.62,2.7,2.46,2.7,2.22,5400
03/03/2005,2.35,2.65,2.35,2.65,2.18,23500
04/03/2005,2.5,2.6,2.47,2.47,2.03,2600
07/03/2005,2.46,2.46,2.45,2.45,2.02,13400
08/03/2005,2.45,2.63,2.4,2.63,2.16,1500
09/03/2005,2.43,2.63,2.43,2.63,2.16,2300
10/03/2005,2.57,2.6,2.4,2.41,1.98,3000
11/03/2005,2.44,2.62,2.36,2.62,2.16,8700
14/03/2005,2.41,2.43,2.36,2.39,1.97,33800
15/03/2005,2.41,2.41,2.14,2.34,1.93,8400
16/03/2005,2.18,2.41,2.08,2.35,1.93,14400
17/03/2005,2.44,2.49,2.25,2.25,1.85,3700
18/03/2005,2.3,2.35,2.16,2.35,1.93,19700
21/03/2005,2.22,2.42,2.21,2.37,1.95,6400
22/03/2005,2.35,2.35,2.24,2.35,1.93,3100
23/03/2005,2.25,2.4,2.25,2.4,1.98,5300
24/03/2005,2.35,2.37,2.19,2.35,1.93,3900
28/03/2005,2.3,2.34,2.3,2.34,1.93,2000
29/03/2005,2.24,2.4,2.24,2.4,1.98,4400
30/03/2005,2.23,2.4,2.23,2.4,1.98,5700
31/03/2005,2.26,2.38,2.22,2.22,1.83,5600
01/04/2005,2.22,2.34,2.22,2.34,1.93,4000
04/04/2005,2.22,2.4,2.05,2.34,1.93,13000
05/04/2005,2.26,2.26,2.15,2.18,1.79,42800
06/04/2005,2.14,2.26,2.0,2.26,1.86,8900
07/04/2005,2.24,2.32,2.24,2.26,1.86,2700
08/04/2005,2.26,2.26,2.26,2.26,1.86,0
11/04/2005,2.26,2.26,2.26,2.26,1.86,0
12/04/2005,2.26,2.26,2.26,2.26,1.86,0
13/04/2005,2.26,2.35,2.26,2.35,1.93,3600
14/04/2005,2.06,2.41,2.06,2.36,1.94,3900
15/04/2005,2.16,2.36,2.16,2.36,1.94,300
18/04/2005,2.12,2.39,2.12,2.3,1.89,3800
19/04/2005,2.36,2.36,2.36,2.36,1.94,600
20/04/2005,2.17,2.3,2.17,2.3,1.89,3400
21/04/2005,2.18,2.3,2.18,2.3,1.89,1800
22/04/2005,2.33,2.33,2.32,2.32,1.91,300
25/04/2005,2.32,2.32,2.32,2.32,1.91,0
26/04/2005,2.18,2.3,1.89,2.06,1.7,81800
27/04/2005,2.06,2.06,1.9,1.9,1.56,2000
28/04/2005,2.06,2.08,1.99,2.08,1.71,4300
29/04/2005,1.8,2.19,1.8,2.19,1.8,7600
02/05/2005,1.93,2.21,1.93,2.21,1.82,2500
03/05/2005,2.21,2.21,2.21,2.21,1.82,0
04/05/2005,2.18,2.2,2.0,2.05,1.69,8600
05/05/2005,2.01,2.14,2.01,2.1,1.73,10900
06/05/2005,2.15,2.15,2.1,2.1,1.73,1100
09/05/2005,2.1,2.1,2.1,2.1,1.73,0
10/05/2005,2.01,2.01,1.81,2.0,1.65,2600
11/05/2005,1.82,2.1,1.81,2.1,1.73,10000
12/05/2005,1.84,2.09,1.77,1.94,1.6,19700
13/05/2005,1.95,2.0,1.7,2.0,1.65,13800
16/05/2005,1.77,2.1,1.77,1.91,1.57,8200
17/05/2005,1.91,2.08,1.77,1.8,1.48,6500
18/05/2005,2.0,2.0,1.52,1.82,1.5,21100
19/05/2005,1.76,1.95,1.72,1.72,1.42,17200
20/05/2005,1.76,1.9,1.76,1.9,1.56,4800
23/05/2005,1.76,2.0,1.76,2.0,1.65,13400
24/05/2005,1.87,2.0,1.84,1.85,1.52,4400
25/05/2005,1.54,1.9,1.54,1.9,1.56,19800
26/05/2005,1.95,1.95,1.81,1.81,1.49,1200
27/05/2005,1.76,1.86,1.65,1.86,1.53,9000
31/05/2005,1.75,1.8,1.65,1.8,1.48,7500
01/06/2005,1.56,1.9,1.56,1.8,1.48,24300
02/06/2005,1.75,1.8,1.65,1.8,1.48,5300
03/06/2005,1.62,1.8,1.62,1.8,1.48,1500
06/06/2005,1.57,1.8,1.57,1.8,1.48,1600
07/06/2005,1.6,1.8,1.6,1.8,1.48,2500
08/06/2005,1.86,2.09,1.86,2.09,1.72,7700
09/06/2005,1.87,1.87,1.87,1.87,1.54,100
10/06/2005,2.07,2.11,2.07,2.11,1.74,1600
13/06/2005,2.11,2.11,2.11,2.11,1.74,0
14/06/2005,1.92,2.1,1.92,2.1,1.73,200
15/06/2005,1.87,1.98,1.87,1.98,1.63,1300
16/06/2005,1.88,1.88,1.88,1.88,1.55,400
17/06/2005,1.87,1.87,1.87,1.87,1.54,1300
20/06/2005,1.87,1.88,1.87,1.88,1.55,800
21/06/2005,1.87,1.87,1.87,1.87,1.54,700
22/06/2005,1.87,1.87,1.87,1.87,1.54,0
23/06/2005,1.89,1.89,1.89,1.89,1.56,200
24/06/2005,1.87,1.92,1.8,1.8,1.48,4700
27/06/2005,1.77,1.84,1.7,1.84,1.51,1300
28/06/2005,1.76,1.92,1.76,1.92,1.58,4500
29/06/2005,1.99,1.99,1.99,1.99,1.64,1000
30/06/2005,1.76,2.09,1.76,2.09,1.72,7600
01/07/2005,1.82,2.01,1.82,2.01,1.65,1400
05/07/2005,1.76,1.96,1.76,1.96,1.61,2100
06/07/2005,1.85,1.95,1.85,1.95,1.6,600
07/07/2005,1.95,1.95,1.95,1.95,1.6,0
08/07/2005,1.85,1.95,1.85,1.95,1.6,5800
11/07/2005,1.95,1.95,1.92,1.92,1.58,800
12/07/2005,1.85,1.85,1.85,1.85,1.52,3700
13/07/2005,1.76,2.0,1.76,2.0,1.65,2200
14/07/2005,2.0,2.0,2.0,2.0,1.65,0
15/07/2005,1.85,1.85,1.85,1.85,1.52,1600
18/07/2005,1.88,2.0,1.86,1.86,1.53,4900
19/07/2005,1.81,1.81,1.81,1.81,1.49,400
20/07/2005,1.76,1.8,1.76,1.8,1.48,11900
21/07/2005,1.8,1.8,1.8,1.8,1.48,1500
22/07/2005,1.8,1.8,1.8,1.8,1.48,1200
25/07/2005,1.8,1.8,1.8,1.8,1.48,0
26/07/2005,1.8,1.8,1.8,1.8,1.48,1000
27/07/2005,1.85,1.85,1.82,1.85,1.52,7000
28/07/2005,1.84,1.84,1.84,1.84,1.51,1000
29/07/2005,1.84,1.84,1.84,1.84,1.51,0
01/08/2005,1.84,1.85,1.84,1.85,1.52,3400
02/08/2005,1.85,1.85,1.85,1.85,1.52,0
03/08/2005,1.85,1.85,1.85,1.85,1.52,100
04/08/2005,1.72,1.8,1.72,1.8,1.48,3700
05/08/2005,1.8,1.8,1.8,1.8,1.48,0
08/08/2005,1.68,1.8,1.62,1.8,1.48,2100
09/08/2005,1.8,1.8,1.7,1.7,1.4,5200
10/08/2005,1.3,1.7,1.3,1.61,1.33,21300
11/08/2005,1.58,1.72,1.58,1.68,1.38,2000
12/08/2005,1.63,1.63,1.63,1.63,1.34,200
15/08/2005,1.69,1.99,1.69,1.84,1.51,10300
16/08/2005,1.72,1.84,1.72,1.84,1.51,1400
17/08/2005,2.09,2.09,2.0,2.01,1.65,7400
18/08/2005,1.9,1.9,1.9,1.9,1.56,100
19/08/2005,1.8,2.01,1.8,2.01,1.65,3000
22/08/2005,1.91,1.91,1.91,1.91,1.57,200
23/08/2005,2.0,2.0,1.95,1.95,1.6,2700
24/08/2005,1.81,1.92,1.71,1.92,1.58,1800
25/08/2005,1.92,1.93,1.92,1.93,1.59,200
26/08/2005,1.83,1.83,1.83,1.83,1.51,400
29/08/2005,1.77,1.8,1.75,1.75,1.44,7300
30/08/2005,1.7,1.9,1.7,1.9,1.56,3500
31/08/2005,1.9,1.9,1.9,1.9,1.56,0
01/09/2005,1.9,1.9,1.9,1.9,1.56,0
02/09/2005,1.9,1.9,1.9,1.9,1.56,0
06/09/2005,1.72,1.73,1.72,1.73,1.42,2100
07/09/2005,1.75,1.78,1.63,1.78,1.47,4300
08/09/2005,1.63,1.77,1.63,1.77,1.46,3100
09/09/2005,1.63,1.74,1.56,1.74,1.43,1300
12/09/2005,1.5,1.74,1.5,1.74,1.43,6100
13/09/2005,1.5,1.8,1.5,1.8,1.48,4800
14/09/2005,1.8,1.8,1.8,1.8,1.48,0
15/09/2005,1.61,1.61,1.61,1.61,1.33,400
16/09/2005,1.54,1.8,1.54,1.8,1.48,2900
19/09/2005,1.56,1.79,1.56,1.79,1.47,5100
20/09/2005,1.58,1.8,1.58,1.8,1.48,7700
21/09/2005,1.8,1.8,1.8,1.8,1.48,0
22/09/2005,1.8,1.8,1.62,1.62,1.33,2500
23/09/2005,1.62,1.8,1.62,1.8,1.48,2100
26/09/2005,1.6,1.85,1.6,1.85,1.52,4700
27/09/2005,1.78,1.8,1.62,1.64,1.35,5900
28/09/2005,1.64,1.8,1.62,1.62,1.33,3600
29/09/2005,1.61,1.75,1.61,1.75,1.44,1800
30/09/2005,1.6,1.8,1.6,1.8,1.48,4700
03/10/2005,1.5,1.8,1.5,1.75,1.44,3200
04/10/2005,1.64,1.8,1.64,1.8,1.48,700
05/10/2005,1.61,1.8,1.61,1.66,1.37,1200
06/10/2005,1.61,1.8,1.61,1.61,1.33,3200
07/10/2005,1.76,1.8,1.76,1.8,1.48,2900
10/10/2005,1.61,1.8,1.61,1.8,1.48,300
11/10/2005,1.8,1.8,1.8,1.8,1.48,0
12/10/2005,1.65,1.65,1.65,1.65,1.36,200
13/10/2005,1.8,1.8,1.8,1.8,1.48,700
14/10/2005,1.8,1.8,1.8,1.8,1.48,0
17/10/2005,1.65,1.8,1.65,1.8,1.48,1100
18/10/2005,1.8,1.8,1.8,1.8,1.48,0
19/10/2005,1.65,1.8,1.63,1.8,1.48,2100
20/10/2005,1.63,1.8,1.63,1.8,1.48,1100
21/10/2005,1.68,1.8,1.68,1.8,1.48,1300
24/10/2005,1.7,1.77,1.67,1.77,1.46,2400
25/10/2005,1.77,1.77,1.77,1.77,1.46,300
26/10/2005,1.66,1.66,1.66,1.66,1.37,1000
27/10/2005,1.78,1.85,1.76,1.79,1.47,13700
28/10/2005,1.67,1.79,1.67,1.79,1.47,2400
31/10/2005,1.85,1.85,1.71,1.83,1.51,8800
01/11/2005,1.8,1.86,1.8,1.86,1.53,4800
02/11/2005,1.69,1.75,1.69,1.75,1.44,1900
03/11/2005,1.75,1.8,1.74,1.77,1.46,5800
04/11/2005,1.75,1.8,1.75,1.8,1.48,1700
07/11/2005,1.73,1.73,1.68,1.7,1.4,6800
08/11/2005,1.65,1.74,1.64,1.74,1.43,11500
09/11/2005,1.7,1.74,1.7,1.74,1.43,1500
10/11/2005,1.61,1.69,1.5,1.69,1.39,12800
11/11/2005,1.69,1.69,1.69,1.69,1.39,0
14/11/2005,1.69,1.69,1.69,1.69,1.39,0
15/11/2005,1.52,1.65,1.52,1.56,1.28,3000
16/11/2005,1.58,1.65,1.44,1.65,1.36,5400
17/11/2005,1.65,1.65,1.65,1.65,1.36,0
18/11/2005,1.4,1.69,1.4,1.69,1.39,1800
21/11/2005,1.54,1.69,1.54,1.69,1.39,1200
22/11/2005,1.6,1.7,1.55,1.7,1.4,3500
23/11/2005,1.7,1.7,1.7,1.7,1.4,0
25/11/2005,1.7,1.7,1.7,1.7,1.4,0
28/11/2005,1.69,1.69,1.64,1.69,1.39,2100
29/11/2005,1.6,1.6,1.6,1.6,1.32,800
30/11/2005,1.44,1.59,1.38,1.59,1.31,4500
01/12/2005,1.44,1.58,1.41,1.58,1.3,5000
02/12/2005,1.43,1.6,1.43,1.6,1.32,5900
05/12/2005,1.38,1.59,1.38,1.59,1.31,1300
06/12/2005,1.59,1.59,1.59,1.59,1.31,0
07/12/2005,1.59,1.59,1.59,1.59,1.31,0
08/12/2005,1.58,1.59,1.58,1.59,1.31,800
09/12/2005,1.59,1.59,1.59,1.59,1.31,0
12/12/2005,1.43,1.6,1.43,1.59,1.31,6500
13/12/2005,1.46,1.52,1.46,1.47,1.21,1400
14/12/2005,1.5,1.5,1.49,1.49,1.23,1500
15/12/2005,1.0,1.7,1.0,1.53,1.26,25800
16/12/2005,1.55,1.69,1.5,1.6,1.32,12500
19/12/2005,1.53,1.63,1.51,1.63,1.34,800
20/12/2005,1.51,1.63,1.5,1.62,1.33,7900
21/12/2005,1.52,1.7,1.52,1.7,1.4,2400
22/12/2005,1.7,1.7,1.51,1.61,1.33,8000
23/12/2005,1.5,1.6,1.5,1.52,1.25,3800
27/12/2005,1.36,1.5,1.36,1.5,1.23,11500
28/12/2005,1.43,1.5,1.36,1.5,1.23,7200
29/12/2005,1.39,1.5,1.31,1.5,1.23,13400
30/12/2005,1.32,1.54,1.32,1.54,1.27,5000
03/01/2006,1.54,1.54,1.54,1.54,1.27,0
04/01/2006,1.54,1.54,1.4,1.49,1.23,3500
05/01/2006,1.49,1.49,1.49,1.49,1.23,400
06/01/2006,1.48,1.48,1.48,1.48,1.22,500
09/01/2006,1.18,1.44,1.18,1.44,1.19,18800
10/01/2006,1.4,1.46,1.3,1.46,1.2,2900
11/01/2006,1.4,1.47,1.37,1.4,1.15,3900
12/01/2006,1.4,1.46,1.4,1.41,1.16,5300
13/01/2006,1.42,1.42,1.38,1.38,1.14,4900
17/01/2006,1.42,1.42,1.42,1.42,1.17,4600
18/01/2006,1.4,1.4,1.37,1.37,1.13,1600
19/01/2006,1.38,1.38,1.37,1.37,1.13,2000
20/01/2006,1.4,1.4,1.35,1.35,1.11,2700
23/01/2006,1.4,1.43,1.4,1.43,1.18,3300
24/01/2006,1.4,1.4,1.4,1.4,1.15,1000
25/01/2006,1.36,1.36,1.36,1.36,1.12,2000
26/01/2006,1.36,1.36,1.36,1.36,1.12,0
27/01/2006,1.36,1.36,1.36,1.36,1.12,200
30/01/2006,1.14,1.46,1.14,1.46,1.2,7000
31/01/2006,1.45,1.5,1.32,1.5,1.23,5900
01/02/2006,1.5,1.5,1.5,1.5,1.23,0
02/02/2006,1.5,1.5,1.45,1.45,1.19,2900
03/02/2006,1.45,1.45,1.45,1.45,1.19,0
06/02/2006,1.4,1.55,1.4,1.55,1.28,2400
07/02/2006,1.5,1.55,1.5,1.55,1.28,4200
08/02/2006,1.55,1.55,1.55,1.55,1.28,0
09/02/2006,1.49,1.5,1.26,1.5,1.23,3900
10/02/2006,1.5,1.5,1.5,1.5,1.23,0
13/02/2006,1.49,1.5,1.46,1.46,1.2,5100
14/02/2006,1.22,1.5,1.22,1.5,1.23,3500
15/02/2006,1.5,1.5,1.49,1.5,1.23,3400
16/02/2006,1.3,1.3,1.3,1.3,1.07,100
17/02/2006,1.54,1.54,1.54,1.54,1.27,1000
21/02/2006,1.34,1.49,1.34,1.49,1.23,2800
22/02/2006,1.45,1.5,1.45,1.49,1.23,7300
23/02/2006,1.6,1.6,1.3,1.35,1.11,5700
24/02/2006,1.34,1.34,1.26,1.26,1.04,5000
27/02/2006,1.26,1.4,1.26,1.4,1.15,5700
28/02/2006,1.26,1.4,1.26,1.4,1.15,7300
01/03/2006,1.26,1.39,1.26,1.27,1.05,5700
02/03/2006,1.3,1.3,1.3,1.3,1.07,100
03/03/2006,1.22,1.4,1.22,1.4,1.15,8700
06/03/2006,1.35,1.35,1.35,1.35,1.11,4900
07/03/2006,1.32,1.33,1.23,1.3,1.07,12200
08/03/2006,1.3,1.3,1.3,1.3,1.07,1100
09/03/2006,1.24,1.4,1.24,1.4,1.15,3200
10/03/2006,1.4,1.4,1.4,1.4,1.15,0
13/03/2006,1.3,1.3,1.3,1.3,1.07,1600
14/03/2006,1.25,1.25,1.25,1.25,1.03,300
15/03/2006,1.25,1.3,1.25,1.3,1.07,6500
16/03/2006,1.25,1.35,1.25,1.3,1.07,5600
17/03/2006,1.3,1.3,1.3,1.3,1.07,0
20/03/2006,1.27,1.3,1.16,1.3,1.07,3300
21/03/2006,1.3,1.3,1.16,1.3,1.07,1700
22/03/2006,1.17,1.3,1.17,1.3,1.07,1200
23/03/2006,1.18,1.3,1.18,1.3,1.07,4700
24/03/2006,1.17,1.39,1.17,1.39,1.14,8600
27/03/2006,1.18,1.37,1.18,1.3,1.07,5900
28/03/2006,1.22,1.37,1.22,1.26,1.04,1800
29/03/2006,1.35,1.36,1.2,1.35,1.11,4000
30/03/2006,1.35,1.35,1.35,1.35,1.11,0
31/03/2006,1.22,1.37,1.22,1.37,1.13,2200
03/04/2006,1.37,1.37,1.37,1.37,1.13,0
04/04/2006,1.3,1.36,1.3,1.36,1.12,1700
05/04/2006,1.23,1.36,1.2,1.36,1.12,4000
06/04/2006,1.39,1.39,1.23,1.3,1.07,2600
07/04/2006,1.21,1.37,1.21,1.3,1.07,3700
10/04/2006,1.22,1.33,1.16,1.33,1.09,9000
11/04/2006,1.17,1.35,1.17,1.3,1.07,2900
12/04/2006,1.3,1.3,1.3,1.3,1.07,0
13/04/2006,1.3,1.3,1.3,1.3,1.07,0
17/04/2006,1.3,1.3,1.3,1.3,1.07,0
18/04/2006,1.12,1.33,1.12,1.3,1.07,2900
19/04/2006,1.29,1.29,1.18,1.28,1.05,300
20/04/2006,1.33,1.33,1.33,1.33,1.09,100
21/04/2006,1.4,1.4,1.3,1.3,1.07,4500
24/04/2006,1.3,1.3,1.3,1.3,1.07,2800
25/04/2006,1.3,1.3,1.3,1.3,1.07,2000
26/04/2006,1.34,1.54,1.22,1.34,1.1,22800
27/04/2006,1.35,1.4,1.26,1.36,1.12,15100
28/04/2006,1.31,1.31,1.31,1.31,1.08,2900
01/05/2006,1.31,1.31,1.22,1.22,1.0,1900
02/05/2006,1.31,1.39,1.31,1.31,1.08,2400
03/05/2006,1.31,1.31,1.31,1.31,1.08,1000
04/05/2006,1.17,1.29,1.17,1.2,0.99,2900
05/05/2006,1.2,1.2,1.2,1.2,0.99,0
08/05/2006,1.2,1.39,1.18,1.29,1.06,7900
09/05/2006,1.29,1.35,1.23,1.35,1.11,1900
10/05/2006,1.18,1.3,1.18,1.3,1.07,11400
11/05/2006,1.26,1.26,1.26,1.26,1.04,200
12/05/2006,1.13,1.33,1.13,1.28,1.05,7000
15/05/2006,1.27,1.3,1.19,1.3,1.07,1300
16/05/2006,1.28,1.29,1.28,1.29,1.06,400
17/05/2006,1.18,1.29,1.18,1.29,1.06,2400
18/05/2006,1.18,1.29,1.18,1.29,1.06,1600
19/05/2006,1.2,1.2,1.2,1.2,0.99,600
22/05/2006,1.21,1.21,1.21,1.21,1.0,200
23/05/2006,1.15,1.25,1.15,1.17,0.96,3800
24/05/2006,1.2,1.27,1.2,1.27,1.05,2700
25/05/2006,1.27,1.27,1.27,1.27,1.05,0
26/05/2006,1.14,1.3,1.14,1.25,1.03,1900
30/05/2006,1.32,1.34,1.21,1.34,1.1,3700
31/05/2006,1.34,1.34,1.34,1.34,1.1,0
01/06/2006,1.14,1.33,1.14,1.33,1.09,7000
02/06/2006,1.22,1.32,1.22,1.32,1.09,1500
05/06/2006,1.29,1.32,1.22,1.32,1.09,5100
06/06/2006,1.22,1.3,1.22,1.3,1.07,1700
07/06/2006,1.34,1.34,1.34,1.34,1.1,14800
08/06/2006,1.32,1.32,1.32,1.32,1.09,6700
09/06/2006,1.26,1.26,1.26,1.26,1.04,100
12/06/2006,1.22,1.3,1.22,1.3,1.07,700
13/06/2006,1.17,1.3,1.17,1.3,1.07,1300
14/06/2006,1.3,1.3,1.3,1.3,1.07,0
15/06/2006,1.17,1.17,1.08,1.08,0.89,121200
16/06/2006,1.25,1.25,1.25,1.25,1.03,200
19/06/2006,1.29,1.29,1.29,1.29,1.06,100
20/06/2006,1.29,1.29,1.29,1.29,1.06,0
21/06/2006,1.06,1.29,1.06,1.29,1.06,10400
22/06/2006,1.18,1.3,1.18,1.3,1.07,6400
23/06/2006,1.11,1.3,1.11,1.28,1.05,1600
26/06/2006,1.09,1.3,1.09,1.3,1.07,4200
27/06/2006,1.23,1.3,1.19,1.23,1.01,4400
28/06/2006,1.1,1.3,1.1,1.29,1.06,3900
29/06/2006,1.29,1.29,1.29,1.29,1.06,0
30/06/2006,1.11,1.29,1.11,1.29,1.06,1700
03/07/2006,1.29,1.29,1.29,1.29,1.06,0
05/07/2006,1.11,1.29,1.11,1.29,1.06,1500
06/07/2006,1.26,1.26,1.26,1.26,1.04,400
07/07/2006,1.26,1.26,1.26,1.26,1.04,0
10/07/2006,1.26,1.26,1.26,1.26,1.04,0
11/07/2006,1.26,1.26,1.26,1.26,1.04,0
12/07/2006,1.12,1.29,1.12,1.26,1.04,1800
13/07/2006,1.12,1.29,1.12,1.29,1.06,2000
14/07/2006,1.29,1.29,1.29,1.29,1.06,0
17/07/2006,1.13,1.29,1.13,1.29,1.06,1700
18/07/2006,1.15,1.3,1.15,1.3,1.07,2200
19/07/2006,1.3,1.3,1.3,1.3,1.07,0
20/07/2006,1.16,1.29,1.14,1.29,1.06,600
21/07/2006,1.29,1.29,1.29,1.29,1.06,0
24/07/2006,1.15,1.31,1.15,1.31,1.08,1400
25/07/2006,1.31,1.31,1.31,1.31,1.08,0
26/07/2006,1.31,1.31,1.31,1.31,1.08,0
27/07/2006,1.15,1.29,1.15,1.29,1.06,2400
28/07/2006,1.29,1.29,1.29,1.29,1.06,0
31/07/2006,1.16,1.29,1.16,1.29,1.06,1200
01/08/2006,1.29,1.29,1.29,1.29,1.06,0
02/08/2006,1.29,1.29,1.29,1.29,1.06,0
03/08/2006,1.18,1.38,1.16,1.3,1.07,24500
04/08/2006,1.3,1.35,1.3,1.35,1.11,2200
07/08/2006,1.3,1.3,1.3,1.3,1.07,1900
08/08/2006,1.3,1.3,1.3,1.3,1.07,500
09/08/2006,1.3,1.3,1.3,1.3,1.07,1000
10/08/2006,1.3,1.3,1.3,1.3,1.07,1100
11/08/2006,1.3,1.3,1.3,1.3,1.07,1000
14/08/2006,1.15,1.34,1.15,1.3,1.07,1700
15/08/2006,1.3,1.3,1.3,1.3,1.07,0
16/08/2006,1.2,1.29,1.2,1.29,1.06,1600
17/08/2006,1.15,1.29,1.15,1.29,1.06,2200
18/08/2006,1.15,1.3,1.15,1.3,1.07,3700
21/08/2006,1.2,1.3,1.2,1.3,1.07,8000
22/08/2006,1.17,1.35,1.16,1.35,1.11,4900
23/08/2006,1.18,1.45,1.18,1.33,1.09,11200
24/08/2006,1.38,1.45,1.38,1.45,1.19,2400
25/08/2006,1.45,1.45,1.45,1.45,1.19,0
28/08/2006,1.19,2.1,1.19,1.38,1.14,44500
29/08/2006,1.35,1.35,1.35,1.35,1.11,3000
30/08/2006,1.35,1.35,1.35,1.35,1.11,0
31/08/2006,1.23,1.23,1.2,1.2,0.99,1500
01/09/2006,1.2,1.24,1.2,1.24,1.02,1300
05/09/2006,1.09,1.35,1.09,1.35,1.11,4500
06/09/2006,1.25,1.34,1.15,1.31,1.08,22600
07/09/2006,1.21,1.21,1.21,1.21,1.0,400
08/09/2006,1.21,1.31,1.21,1.31,1.08,4000
11/09/2006,1.22,1.37,1.22,1.37,1.13,2000
12/09/2006,1.27,1.36,1.24,1.36,1.12,3500
13/09/2006,1.36,1.36,1.36,1.36,1.12,0
14/09/2006,1.35,1.35,1.26,1.26,1.04,2100
15/09/2006,1.26,1.32,1.25,1.32,1.09,3100
18/09/2006,1.22,1.36,1.22,1.35,1.11,2000
19/09/2006,1.3,1.36,1.3,1.36,1.12,1100
20/09/2006,1.31,1.35,1.3,1.35,1.11,2100
21/09/2006,1.35,1.35,1.35,1.35,1.11,0
22/09/2006,1.35,1.35,1.35,1.35,1.11,0
25/09/2006,1.35,1.35,1.35,1.35,1.11,0
26/09/2006,1.22,1.34,1.22,1.34,1.1,4000
27/09/2006,1.28,1.35,1.28,1.35,1.11,2400
28/09/2006,1.3,1.3,1.27,1.27,1.05,2000
29/09/2006,1.27,1.27,1.27,1.27,1.05,0
02/10/2006,1.27,1.27,1.27,1.27,1.05,0
03/10/2006,1.3,1.3,1.3,1.3,1.07,400
04/10/2006,1.3,1.3,1.3,1.3,1.07,0
05/10/2006,1.3,1.3,1.3,1.3,1.07,0
06/10/2006,1.3,1.3,1.3,1.3,1.07,0
09/10/2006,1.26,1.3,1.26,1.3,1.07,6600
10/10/2006,1.11,1.29,1.11,1.29,1.06,5300
11/10/2006,1.35,1.39,1.35,1.39,1.14,800
12/10/2006,1.39,1.39,1.39,1.39,1.14,0
13/10/2006,1.25,1.25,1.25,1.25,1.03,400
16/10/2006,1.1,1.29,1.1,1.29,1.06,3600
17/10/2006,1.29,1.29,1.29,1.29,1.06,0
18/10/2006,1.29,1.29,1.29,1.29,1.06,0
19/10/2006,1.25,1.25,1.25,1.25,1.03,600
20/10/2006,1.25,1.25,1.25,1.25,1.03,1300
23/10/2006,1.13,1.3,1.13,1.3,1.07,4000
24/10/2006,1.3,1.3,1.3,1.3,1.07,0
25/10/2006,1.26,1.26,1.26,1.26,1.04,100
26/10/2006,1.26,1.26,1.26,1.26,1.04,0
27/10/2006,1.26,1.26,1.26,1.26,1.04,0
30/10/2006,1.3,1.3,1.24,1.24,1.02,800
31/10/2006,1.2,1.24,1.2,1.23,1.01,2300
01/11/2006,1.13,1.13,1.13,1.13,0.93,100
02/11/2006,1.27,1.3,1.26,1.26,1.04,1400
03/11/2006,1.3,1.3,1.25,1.25,1.03,300
06/11/2006,1.24,1.24,1.24,1.24,1.02,800
07/11/2006,1.25,1.25,1.25,1.25,1.03,100
08/11/2006,1.24,1.24,1.24,1.24,1.02,1000
09/11/2006,1.17,1.17,1.17,1.17,0.96,8200
10/11/2006,1.15,1.2,1.15,1.16,0.95,2700
13/11/2006,1.13,1.29,1.13,1.29,1.06,4000
14/11/2006,1.1,1.29,1.1,1.29,1.06,17600
15/11/2006,1.29,1.29,1.29,1.29,1.06,0
16/11/2006,1.12,1.14,1.12,1.14,0.94,4600
17/11/2006,1.15,1.26,1.06,1.26,1.04,5900
20/11/2006,1.3,1.3,1.17,1.3,1.07,6800
21/11/2006,1.21,1.23,1.12,1.23,1.01,4400
22/11/2006,1.12,1.23,1.11,1.21,1.0,10700
24/11/2006,1.13,1.3,1.02,1.28,1.05,17800
27/11/2006,1.15,1.26,1.15,1.26,1.04,1600
28/11/2006,1.12,1.25,1.12,1.24,1.02,3500
29/11/2006,1.14,1.37,1.14,1.35,1.11,20300
30/11/2006,1.32,1.57,1.25,1.54,1.27,88900
01/12/2006,1.5,1.52,1.35,1.35,1.11,10200
04/12/2006,1.3,1.55,1.3,1.54,1.27,11500
05/12/2006,1.55,1.55,1.31,1.44,1.19,16600
06/12/2006,1.4,1.4,1.31,1.36,1.12,5600
07/12/2006,1.33,1.38,1.31,1.31,1.08,3000
08/12/2006,1.31,1.32,1.22,1.27,1.05,13100
11/12/2006,1.25,1.42,1.25,1.42,1.17,8700
12/12/2006,1.39,1.41,1.26,1.34,1.1,11600
13/12/2006,1.31,1.44,1.26,1.44,1.19,9400
14/12/2006,1.41,1.43,1.28,1.4,1.15,3800
15/12/2006,1.32,1.43,1.32,1.43,1.18,400
18/12/2006,1.49,1.49,1.35,1.35,1.11,1400
19/12/2006,1.35,1.38,1.33,1.38,1.14,500
20/12/2006,1.3,1.38,1.3,1.3,1.07,2200
21/12/2006,1.29,1.35,1.25,1.35,1.11,23900
22/12/2006,1.35,1.43,1.31,1.43,1.18,18000
26/12/2006,1.39,1.45,1.3,1.45,1.19,9000
27/12/2006,1.4,1.5,1.32,1.5,1.23,22000
28/12/2006,1.42,1.5,1.28,1.5,1.23,28000
29/12/2006,1.38,1.5,1.38,1.5,1.23,7500
03/01/2007,1.42,1.5,1.35,1.49,1.23,4600
04/01/2007,1.41,1.45,1.41,1.45,1.19,2300
05/01/2007,1.48,1.5,1.36,1.5,1.23,6300
08/01/2007,1.44,1.5,1.42,1.5,1.23,10300
09/01/2007,1.52,1.55,1.51,1.55,1.28,16200
10/01/2007,1.59,2.0,1.59,1.74,1.43,25900
11/01/2007,1.74,1.95,1.72,1.72,1.42,22100
12/01/2007,1.64,1.66,1.62,1.66,1.37,2800
16/01/2007,1.64,1.64,1.64,1.64,1.35,2400
17/01/2007,1.65,1.65,1.65,1.65,1.36,1600
18/01/2007,1.61,1.65,1.51,1.62,1.33,5400
19/01/2007,1.63,1.64,1.55,1.64,1.35,1400
22/01/2007,1.64,1.65,1.64,1.65,1.36,1200
23/01/2007,1.65,1.65,1.65,1.65,1.36,0
24/01/2007,1.65,1.65,1.65,1.65,1.36,0
25/01/2007,1.59,1.65,1.59,1.65,1.36,300
26/01/2007,1.65,1.65,1.65,1.65,1.36,0
29/01/2007,1.62,1.62,1.53,1.54,1.27,2600
30/01/2007,1.53,1.84,1.53,1.66,1.37,9100
31/01/2007,1.61,1.61,1.53,1.53,1.26,4700
01/02/2007,1.52,1.7,1.52,1.57,1.29,10500
02/02/2007,1.56,1.95,1.56,1.71,1.41,2800
05/02/2007,1.66,1.88,1.66,1.7,1.4,4200
06/02/2007,1.7,1.74,1.7,1.72,1.42,500
07/02/2007,1.71,1.71,1.7,1.7,1.4,700
08/02/2007,1.64,1.69,1.64,1.67,1.37,700
09/02/2007,1.63,1.64,1.62,1.63,1.34,1600
12/02/2007,1.62,1.62,1.61,1.61,1.33,800
13/02/2007,1.61,1.61,1.61,1.61,1.33,0
14/02/2007,1.66,1.77,1.66,1.77,1.46,4400
15/02/2007,1.72,1.77,1.72,1.77,1.46,1800
16/02/2007,1.77,1.77,1.77,1.77,1.46,0
20/02/2007,1.66,1.8,1.66,1.8,1.48,800
21/02/2007,1.78,1.84,1.72,1.75,1.44,3800
22/02/2007,1.66,1.79,1.66,1.75,1.44,5400
23/02/2007,1.72,1.76,1.72,1.76,1.45,300
26/02/2007,1.79,1.92,1.79,1.86,1.53,13500
27/02/2007,1.81,1.81,1.81,1.81,1.49,200
28/02/2007,1.72,1.89,1.7,1.72,1.42,4600
01/03/2007,1.66,1.66,1.66,1.66,1.37,100
02/03/2007,1.52,1.74,1.52,1.73,1.42,6900
05/03/2007,1.52,1.6,1.52,1.58,1.3,8900
06/03/2007,1.6,1.85,1.6,1.76,1.45,7500
07/03/2007,1.8,1.8,1.65,1.66,1.37,11100
08/03/2007,1.65,1.68,1.65,1.68,1.38,3800
09/03/2007,1.65,1.68,1.65,1.68,1.38,500
12/03/2007,1.65,1.7,1.65,1.7,1.4,1300
13/03/2007,1.65,1.73,1.6,1.61,1.33,10400
14/03/2007,1.61,1.71,1.61,1.67,1.37,3100
15/03/2007,1.64,1.7,1.53,1.6,1.32,9100
16/03/2007,1.64,1.72,1.64,1.72,1.42,3200
19/03/2007,1.66,1.72,1.64,1.67,1.37,2800
20/03/2007,1.64,1.68,1.6,1.68,1.38,2200
21/03/2007,1.6,1.61,1.6,1.61,1.33,300
22/03/2007,1.62,1.62,1.62,1.62,1.33,100
23/03/2007,1.62,1.62,1.62,1.62,1.33,0
26/03/2007,1.63,1.7,1.63,1.7,1.4,700
27/03/2007,1.7,1.7,1.7,1.7,1.4,0
28/03/2007,1.7,1.7,1.7,1.7,1.4,0
29/03/2007,1.7,1.7,1.7,1.7,1.4,0
30/03/2007,1.61,1.68,1.61,1.68,1.38,300
02/04/2007,1.65,1.72,1.65,1.71,1.41,1700
03/04/2007,1.7,1.71,1.7,1.71,1.41,3200
04/04/2007,1.7,1.72,1.7,1.72,1.42,3400
05/04/2007,2.24,2.24,1.71,1.71,1.41,40700
09/04/2007,1.72,1.89,1.7,1.79,1.47,10600
10/04/2007,1.72,1.85,1.7,1.76,1.45,4700
11/04/2007,1.72,1.74,1.72,1.74,1.43,1100
12/04/2007,1.7,1.74,1.63,1.7,1.4,6400
13/04/2007,1.66,1.74,1.66,1.71,1.41,2000
16/04/2007,1.74,1.75,1.74,1.75,1.44,200
17/04/2007,1.75,1.75,1.75,1.75,1.44,0
18/04/2007,1.64,1.78,1.61,1.7,1.4,3500
19/04/2007,1.72,1.73,1.72,1.72,1.42,1800
20/04/2007,1.72,1.72,1.72,1.72,1.42,0
23/04/2007,1.72,1.72,1.72,1.72,1.42,0
24/04/2007,1.69,1.69,1.64,1.67,1.37,1100
25/04/2007,1.67,1.67,1.67,1.67,1.37,0
26/04/2007,1.66,1.69,1.66,1.69,1.39,2500
27/04/2007,1.69,1.72,1.65,1.65,1.36,1000
30/04/2007,1.65,1.65,1.51,1.55,1.28,4300
01/05/2007,1.56,1.8,1.56,1.8,1.48,7100
02/05/2007,1.8,1.81,1.8,1.81,1.49,500
03/05/2007,1.83,1.98,1.83,1.89,1.56,8100
04/05/2007,1.89,1.89,1.64,1.74,1.43,4400
07/05/2007,1.71,1.71,1.71,1.71,1.41,200
08/05/2007,1.76,1.96,1.75,1.81,1.49,4600
09/05/2007,1.89,1.95,1.87,1.95,1.6,3000
10/05/2007,1.92,1.98,1.92,1.98,1.63,2600
11/05/2007,1.98,2.1,1.97,2.1,1.73,4100
14/05/2007,2.07,2.5,2.07,2.25,1.85,39400
15/05/2007,2.3,2.6,2.3,2.6,2.14,27900
16/05/2007,2.82,2.95,2.62,2.66,2.19,35000
17/05/2007,2.66,2.82,2.6,2.61,2.15,25200
18/05/2007,2.56,2.71,2.45,2.71,2.23,20200
21/05/2007,2.76,2.77,2.66,2.75,2.26,14200
22/05/2007,2.71,2.89,2.66,2.66,2.19,15900
23/05/2007,2.65,2.88,2.65,2.7,2.22,3200
24/05/2007,2.69,2.69,2.01,2.33,1.92,10200
25/05/2007,2.3,2.76,2.01,2.28,1.88,13700
29/05/2007,2.24,2.47,2.24,2.43,2.0,4900
30/05/2007,2.29,2.44,2.29,2.4,1.98,2500
31/05/2007,2.62,2.62,2.35,2.35,1.93,7200
01/06/2007,2.27,2.36,2.21,2.35,1.93,5900
04/06/2007,2.3,2.5,2.3,2.45,2.02,13500
05/06/2007,2.41,2.45,2.41,2.45,2.02,2000
06/06/2007,2.44,2.45,2.36,2.45,2.02,1500
07/06/2007,2.46,2.78,2.46,2.52,2.07,28200
08/06/2007,2.53,2.75,2.53,2.69,2.21,7100
11/06/2007,2.83,2.99,2.76,2.86,2.35,33500
12/06/2007,2.92,3.55,2.82,3.34,2.75,52200
13/06/2007,3.57,3.57,3.2,3.21,2.64,26400
14/06/2007,3.35,3.36,2.92,2.92,2.4,34700
15/06/2007,3.0,3.05,2.92,2.99,2.46,3000
18/06/2007,3.66,3.66,2.96,3.08,2.53,15800
19/06/2007,3.48,3.48,3.0,3.12,2.57,33100
20/06/2007,3.2,3.2,3.06,3.07,2.53,10400
21/06/2007,3.07,3.07,3.04,3.04,2.5,1900
22/06/2007,3.05,3.05,2.82,2.97,2.44,9500
25/06/2007,3.0,3.0,2.6,2.72,2.24,7300
26/06/2007,2.7,2.95,2.7,2.81,2.31,16500
27/06/2007,2.82,2.88,2.75,2.82,2.32,2700
28/06/2007,2.82,2.95,2.82,2.85,2.35,1500
29/06/2007,2.86,2.87,2.72,2.76,2.27,3300
02/07/2007,2.86,2.9,2.74,2.9,2.39,10200
03/07/2007,2.9,2.9,2.9,2.9,2.39,0
05/07/2007,3.0,3.12,2.95,3.0,2.47,55200
06/07/2007,2.9,3.0,2.84,2.95,2.43,44800
09/07/2007,2.98,3.03,2.92,2.92,2.4,2600
10/07/2007,2.87,2.96,2.85,2.93,2.41,5900
11/07/2007,2.92,2.99,2.92,2.95,2.43,21500
12/07/2007,3.0,3.0,2.9,2.94,2.42,103800
13/07/2007,2.96,3.19,2.94,3.02,2.49,7800
16/07/2007,2.99,3.0,2.96,2.96,2.44,2000
17/07/2007,2.95,3.01,2.9,2.93,2.41,4700
18/07/2007,2.9,2.9,2.69,2.83,2.33,5400
19/07/2007,2.83,2.83,2.83,2.83,2.33,0
20/07/2007,2.75,2.82,2.72,2.72,2.24,2000
23/07/2007,2.7,2.72,2.64,2.67,2.2,2700
24/07/2007,2.65,2.7,2.11,2.64,2.17,10600
25/07/2007,2.7,2.71,2.31,2.31,1.9,20000
26/07/2007,2.49,2.5,2.21,2.24,1.84,24200
27/07/2007,2.3,2.5,2.3,2.46,2.02,9500
30/07/2007,2.21,2.43,2.16,2.31,1.9,10000
31/07/2007,2.3,2.7,2.3,2.54,2.09,13800
01/08/2007,2.31,2.58,2.3,2.54,2.09,3900
02/08/2007,2.4,2.7,2.4,2.69,2.21,4800
03/08/2007,2.7,2.7,2.47,2.63,2.16,5800
06/08/2007,2.38,2.5,2.21,2.38,1.96,3600
07/08/2007,2.34,2.52,2.21,2.36,1.94,4700
08/08/2007,2.22,2.65,2.2,2.65,2.18,8700
09/08/2007,2.64,2.65,2.34,2.63,2.16,6200
10/08/2007,2.5,2.64,2.5,2.64,2.17,2100
13/08/2007,2.29,2.6,2.16,2.37,1.95,29000
14/08/2007,2.33,2.38,2.33,2.38,1.96,200
15/08/2007,2.22,2.28,2.17,2.28,1.88,3900
16/08/2007,2.12,2.28,2.12,2.28,1.88,2700
17/08/2007,2.23,2.27,2.21,2.25,1.85,700
20/08/2007,2.19,2.25,2.16,2.19,1.8,4500
21/08/2007,2.18,2.31,2.18,2.31,1.9,7200
22/08/2007,2.6,2.6,2.31,2.53,2.08,3900
23/08/2007,2.53,2.53,2.53,2.53,2.08,0
24/08/2007,2.53,2.53,2.53,2.53,2.08,0
27/08/2007,2.42,2.42,2.42,2.42,1.99,1200
28/08/2007,2.23,2.46,2.2,2.46,2.02,300
29/08/2007,2.46,2.46,2.46,2.46,2.02,0
30/08/2007,2.46,2.46,2.46,2.46,2.02,0
31/08/2007,2.38,2.44,2.38,2.38,1.96,3300
04/09/2007,2.4,2.46,2.4,2.46,2.02,3200
05/09/2007,2.49,2.49,2.4,2.42,1.99,4000
06/09/2007,2.42,2.49,2.42,2.44,2.01,2700
07/09/2007,2.43,2.5,2.42,2.42,1.99,2500
10/09/2007,2.42,2.55,2.42,2.42,1.99,6900
11/09/2007,2.42,2.42,2.42,2.42,1.99,0
12/09/2007,2.41,2.49,2.22,2.34,1.93,7600
13/09/2007,2.28,2.6,2.27,2.52,2.07,9900
14/09/2007,2.49,2.5,2.22,2.35,1.93,12800
17/09/2007,2.3,2.37,2.3,2.37,1.95,1100
18/09/2007,2.28,2.34,2.21,2.28,1.88,15600
19/09/2007,2.31,2.34,2.27,2.34,1.93,2600
20/09/2007,2.24,2.33,2.16,2.27,1.87,4000
21/09/2007,2.24,2.27,2.02,2.12,1.74,9600
24/09/2007,2.15,2.2,1.93,1.93,1.59,12600
25/09/2007,1.96,1.99,1.74,1.85,1.52,21300
26/09/2007,1.85,1.88,1.75,1.88,1.55,6000
27/09/2007,1.89,1.89,1.88,1.88,1.55,1800
28/09/2007,1.78,1.88,1.78,1.81,1.49,1400
01/10/2007,1.78,1.86,1.78,1.81,1.49,1400
02/10/2007,1.81,1.81,1.81,1.81,1.49,0
03/10/2007,1.99,1.99,1.8,1.85,1.52,700
04/10/2007,1.85,1.85,1.85,1.85,1.52,0
05/10/2007,1.8,1.89,1.8,1.89,1.56,200
08/10/2007,1.8,1.85,1.78,1.78,1.47,11800
09/10/2007,1.7,1.74,1.62,1.69,1.39,10000
10/10/2007,1.69,1.69,1.62,1.62,1.33,6100
11/10/2007,1.62,1.62,1.62,1.62,1.33,0
12/10/2007,1.6,1.64,1.6,1.64,1.35,4800
15/10/2007,1.64,1.64,1.64,1.64,1.35,0
16/10/2007,1.68,1.68,1.66,1.67,1.37,1100
17/10/2007,1.69,1.69,1.69,1.69,1.39,2300
18/10/2007,1.64,1.65,1.64,1.65,1.36,900
19/10/2007,1.62,1.62,1.6,1.6,1.32,3000
22/10/2007,1.6,1.6,1.6,1.6,1.32,0
23/10/2007,1.59,1.63,1.59,1.63,1.34,1100
24/10/2007,1.63,1.63,1.63,1.63,1.34,0
25/10/2007,1.61,1.64,1.59,1.64,1.35,1600
26/10/2007,1.57,1.59,1.53,1.59,1.31,2700
29/10/2007,1.51,1.51,1.5,1.5,1.23,9900
30/10/2007,1.48,1.55,1.42,1.55,1.28,17800
31/10/2007,1.5,1.55,1.5,1.52,1.25,3200
01/11/2007,1.5,1.55,1.5,1.5,1.23,5000
02/11/2007,1.5,1.5,1.5,1.5,1.23,0
05/11/2007,1.5,1.5,1.38,1.44,1.19,9600
06/11/2007,1.44,1.44,1.44,1.44,1.19,0
07/11/2007,1.44,1.44,1.44,1.44,1.19,0
08/11/2007,1.33,1.38,1.3,1.38,1.14,2900
09/11/2007,1.34,1.34,1.34,1.34,1.1,1100
12/11/2007,1.34,1.34,1.34,1.34,1.1,0
13/11/2007,1.34,1.35,1.26,1.29,1.06,3900
14/11/2007,1.34,1.42,1.34,1.36,1.12,33900
15/11/2007,1.35,1.36,1.35,1.36,1.12,2700
16/11/2007,1.4,1.45,1.36,1.44,1.19,12000
19/11/2007,1.5,1.6,1.28,1.6,1.32,16100
20/11/2007,1.4,1.67,1.4,1.67,1.37,6900
21/11/2007,1.6,1.7,1.6,1.7,1.4,4300
23/11/2007,1.62,1.62,1.5,1.5,1.23,1700
26/11/2007,1.7,1.71,1.59,1.7,1.4,37200
27/11/2007,1.7,1.8,1.69,1.8,1.48,17700
28/11/2007,1.7,1.7,1.56,1.7,1.4,27300
29/11/2007,1.53,1.7,1.5,1.7,1.4,13700
30/11/2007,1.7,1.7,1.51,1.7,1.4,6200
03/12/2007,1.46,1.7,1.46,1.67,1.37,300
04/12/2007,1.67,1.67,1.67,1.67,1.37,0
05/12/2007,1.67,1.67,1.67,1.67,1.37,0
06/12/2007,1.6,1.65,1.45,1.61,1.33,28400
07/12/2007,1.46,1.7,1.42,1.7,1.4,14100
10/12/2007,1.7,1.7,1.7,1.7,1.4,0
11/12/2007,1.52,1.65,1.51,1.56,1.28,5900
12/12/2007,1.51,1.7,1.5,1.7,1.4,16800
13/12/2007,1.51,1.7,1.5,1.7,1.4,16300
14/12/2007,1.6,1.7,1.51,1.7,1.4,11000
17/12/2007,1.56,1.69,1.51,1.51,1.24,800
18/12/2007,1.5,1.59,1.2,1.51,1.24,1200
19/12/2007,1.51,1.51,1.51,1.51,1.24,0
20/12/2007,1.5,1.61,1.48,1.48,1.22,500
21/12/2007,1.43,1.61,1.29,1.36,1.12,1600
24/12/2007,1.45,1.59,1.4,1.4,1.15,400
26/12/2007,1.28,1.41,1.28,1.31,1.08,500
27/12/2007,1.62,1.69,1.25,1.69,1.39,13500
28/12/2007,1.64,1.64,1.4,1.42,1.17,3400
31/12/2007,1.5,1.5,1.3,1.33,1.09,5200
02/01/2008,1.35,1.5,1.34,1.5,1.23,1100
03/01/2008,1.33,1.5,1.33,1.5,1.23,300
04/01/2008,1.36,1.5,1.35,1.5,1.23,2000
07/01/2008,1.42,1.42,1.42,1.42,1.17,1000
08/01/2008,1.4,1.4,1.4,1.4,1.15,1400
09/01/2008,1.4,1.5,1.4,1.5,1.23,300
10/01/2008,1.4,1.41,1.4,1.41,1.16,800
11/01/2008,1.4,1.4,1.4,1.4,1.15,200
14/01/2008,1.35,1.46,1.35,1.46,1.2,3200
15/01/2008,1.32,1.32,1.32,1.32,1.09,200
16/01/2008,1.33,1.33,1.33,1.33,1.09,800
17/01/2008,1.33,1.33,1.3,1.3,1.07,5300
18/01/2008,1.3,1.41,1.3,1.41,1.16,300
22/01/2008,1.41,1.41,1.41,1.41,1.16,0
23/01/2008,1.21,1.3,1.21,1.21,1.0,3400
24/01/2008,1.3,1.41,1.25,1.41,1.16,10900
25/01/2008,1.21,1.21,1.21,1.21,1.0,100
28/01/2008,1.21,1.38,1.21,1.3,1.07,8600
29/01/2008,1.3,1.3,1.3,1.3,1.07,0
30/01/2008,1.3,1.3,1.3,1.3,1.07,0
31/01/2008,1.3,1.3,1.3,1.3,1.07,1000
01/02/2008,1.26,1.34,1.22,1.22,1.0,1700
04/02/2008,1.3,1.3,1.27,1.27,1.05,3000
05/02/2008,1.25,1.25,1.25,1.25,1.03,300
06/02/2008,1.25,1.32,1.25,1.32,1.09,4300
07/02/2008,1.25,1.33,1.25,1.3,1.07,1600
08/02/2008,1.34,1.37,1.22,1.37,1.13,900
11/02/2008,1.27,1.34,1.25,1.28,1.05,2000
12/02/2008,1.22,1.22,1.22,1.22,1.0,300
13/02/2008,1.26,1.35,1.24,1.26,1.04,4200
14/02/2008,1.26,1.26,1.26,1.26,1.04,0
15/02/2008,1.26,1.26,1.26,1.26,1.04,700
19/02/2008,1.08,1.26,1.08,1.26,1.04,2200
20/02/2008,1.26,1.26,1.26,1.26,1.04,2100
21/02/2008,1.21,1.21,1.21,1.21,1.0,400
22/02/2008,1.23,1.24,1.23,1.24,1.02,1200
25/02/2008,1.24,1.25,1.23,1.23,1.01,2600
26/02/2008,1.2,1.36,1.2,1.31,1.08,4200
27/02/2008,1.18,1.31,1.18,1.31,1.08,3100
28/02/2008,1.31,1.34,1.18,1.26,1.04,4800
29/02/2008,1.21,1.35,1.21,1.35,1.11,1800
03/03/2008,1.21,1.34,1.17,1.17,0.96,4700
04/03/2008,1.17,1.17,1.17,1.17,0.96,300
05/03/2008,1.25,1.25,1.25,1.25,1.03,1000
06/03/2008,1.3,1.31,1.3,1.3,1.07,3200
07/03/2008,1.3,1.3,1.3,1.3,1.07,0
10/03/2008,1.17,1.28,1.17,1.28,1.05,900
11/03/2008,1.28,1.28,1.28,1.28,1.05,0
12/03/2008,1.17,1.19,1.01,1.16,0.95,56600
13/03/2008,1.02,1.2,1.02,1.2,0.99,10900
14/03/2008,1.2,1.2,1.2,1.2,0.99,0
17/03/2008,1.06,1.23,1.06,1.21,1.0,3900
18/03/2008,1.03,1.23,1.03,1.21,1.0,1800
19/03/2008,1.03,1.29,1.03,1.25,1.03,9700
20/03/2008,1.12,1.28,1.12,1.28,1.05,400
24/03/2008,1.28,1.28,1.28,1.28,1.05,0
25/03/2008,1.28,1.28,1.28,1.28,1.05,0
26/03/2008,1.1,1.29,1.1,1.29,1.06,7800
27/03/2008,1.12,1.19,1.1,1.1,0.91,39100
28/03/2008,1.14,1.14,1.06,1.1,0.91,42600
31/03/2008,1.07,1.15,1.07,1.13,0.93,57800
01/04/2008,1.1,1.15,1.1,1.1,0.91,45400
02/04/2008,1.2,1.2,1.07,1.15,0.95,39600
03/04/2008,1.2,1.29,1.15,1.15,0.95,3500
04/04/2008,1.13,1.15,1.08,1.15,0.95,42600
07/04/2008,1.15,1.15,1.15,1.15,0.95,0
08/04/2008,1.1,1.1,1.04,1.1,0.91,5800
09/04/2008,1.05,1.08,1.05,1.07,0.88,60500
10/04/2008,1.07,1.07,1.05,1.05,0.86,20800
11/04/2008,1.05,1.07,1.04,1.06,0.87,2900
14/04/2008,1.08,1.1,1.04,1.04,0.86,74700
15/04/2008,1.05,1.17,1.05,1.17,0.96,40700
16/04/2008,1.08,1.16,1.08,1.16,0.95,79000
17/04/2008,1.16,1.16,1.08,1.13,0.93,156100
18/04/2008,1.17,1.2,1.15,1.15,0.95,26500
21/04/2008,1.24,1.25,1.24,1.25,1.03,700
22/04/2008,1.2,1.25,1.17,1.24,1.02,25600
23/04/2008,1.23,1.27,1.2,1.2,0.99,15900
24/04/2008,1.2,1.2,1.2,1.2,0.99,0
25/04/2008,1.2,1.2,1.2,1.2,0.99,1300
28/04/2008,1.15,1.15,1.13,1.14,0.94,4900
29/04/2008,1.14,1.18,1.14,1.15,0.95,11100
30/04/2008,1.12,1.13,1.04,1.05,0.86,1700
01/05/2008,1.06,1.1,1.06,1.1,0.91,500
02/05/2008,1.09,1.1,1.08,1.09,0.9,3600
05/05/2008,1.15,1.15,1.0,1.03,0.85,3100
06/05/2008,1.05,1.05,1.04,1.05,0.86,6100
07/05/2008,1.05,1.05,1.05,1.05,0.86,0
08/05/2008,1.01,1.02,1.0,1.02,0.84,1500
09/05/2008,0.98,1.0,0.95,0.97,0.8,4800
12/05/2008,0.99,1.0,0.99,1.0,0.82,1400
13/05/2008,0.97,0.97,0.91,0.91,0.75,5300
14/05/2008,0.95,0.95,0.94,0.95,0.78,9900
15/05/2008,0.91,0.91,0.91,0.91,0.75,800
16/05/2008,0.91,0.95,0.91,0.95,0.78,5900
19/05/2008,0.91,0.95,0.82,0.91,0.75,73300
20/05/2008,0.82,1.0,0.82,0.99,0.81,31600
21/05/2008,0.99,0.99,0.99,0.99,0.81,0
22/05/2008,0.91,1.0,0.91,1.0,0.82,2000
23/05/2008,0.92,1.06,0.92,1.06,0.87,24500
27/05/2008,1.02,1.19,1.0,1.19,0.98,58600
28/05/2008,1.12,1.25,1.12,1.25,1.03,16100
29/05/2008,1.24,1.27,1.23,1.24,1.02,18600
30/05/2008,1.16,1.26,1.15,1.22,1.0,487400
02/06/2008,1.11,1.3,1.1,1.29,1.06,33900
03/06/2008,1.24,1.3,1.16,1.3,1.07,44100
04/06/2008,1.29,1.3,1.29,1.3,1.07,700
05/06/2008,1.3,1.34,1.28,1.3,1.07,140300
06/06/2008,1.3,1.35,1.24,1.35,1.11,36100
09/06/2008,1.35,1.35,1.35,1.35,1.11,0
10/06/2008,1.35,1.35,1.35,1.35,1.11,0
11/06/2008,1.3,1.3,1.23,1.3,1.07,1800
12/06/2008,1.41,1.47,1.41,1.47,1.21,1500
13/06/2008,1.45,1.64,1.45,1.64,1.35,2300
16/06/2008,1.75,1.88,1.75,1.77,1.46,5800
17/06/2008,1.82,1.88,1.79,1.85,1.52,2800
18/06/2008,1.84,1.87,1.84,1.87,1.54,2400
19/06/2008,1.81,1.84,1.8,1.84,1.51,1500
20/06/2008,1.81,1.81,1.8,1.8,1.48,700
23/06/2008,1.76,1.8,1.62,1.8,1.48,9200
24/06/2008,1.72,1.84,1.72,1.8,1.48,7800
25/06/2008,1.8,1.8,1.8,1.8,1.48,0
26/06/2008,1.62,1.75,1.62,1.71,1.41,5100
27/06/2008,1.79,1.86,1.79,1.86,1.53,300
30/06/2008,1.86,1.86,1.86,1.86,1.53,0
01/07/2008,1.86,1.86,1.86,1.86,1.53,0
02/07/2008,1.7,1.7,1.7,1.7,1.4,1200
03/07/2008,1.7,1.7,1.7,1.7,1.4,0
07/07/2008,1.63,1.75,1.55,1.75,1.44,9800
08/07/2008,1.58,1.85,1.35,1.85,1.52,11900
09/07/2008,1.85,1.85,1.85,1.85,1.52,0
10/07/2008,1.63,1.79,1.62,1.79,1.47,4000
11/07/2008,1.63,1.82,1.6,1.82,1.5,9500
14/07/2008,1.67,1.8,1.65,1.8,1.48,4400
15/07/2008,1.62,1.83,1.46,1.83,1.51,10200
16/07/2008,1.83,1.83,1.83,1.83,1.51,0
17/07/2008,1.83,1.83,1.83,1.83,1.51,0
18/07/2008,1.83,1.83,1.83,1.83,1.51,0
21/07/2008,1.7,1.83,1.7,1.83,1.51,12700
22/07/2008,1.68,1.8,1.68,1.8,1.48,500
23/07/2008,1.66,1.85,1.66,1.85,1.52,8200
24/07/2008,1.81,1.87,1.66,1.85,1.52,11700
25/07/2008,1.8,1.8,1.62,1.8,1.48,3700
28/07/2008,1.74,1.87,1.63,1.85,1.52,6000
29/07/2008,1.65,1.85,1.65,1.85,1.52,4200
30/07/2008,1.85,1.85,1.85,1.85,1.52,0
31/07/2008,1.85,1.85,1.85,1.85,1.52,0
01/08/2008,1.75,1.75,1.66,1.75,1.44,26800
04/08/2008,1.75,1.75,1.75,1.75,1.44,14700
05/08/2008,1.75,1.75,1.75,1.75,1.44,0
06/08/2008,1.75,1.75,1.75,1.75,1.44,1200
07/08/2008,1.75,1.75,1.75,1.75,1.44,3100
08/08/2008,1.75,1.75,1.75,1.75,1.44,0
11/08/2008,1.74,1.85,1.69,1.8,1.48,112200
12/08/2008,1.75,1.88,1.74,1.88,1.55,30100
13/08/2008,1.9,2.05,1.9,2.0,1.65,88300
14/08/2008,2.0,2.05,2.0,2.05,1.69,125300
15/08/2008,2.05,2.05,2.05,2.05,1.69,0
18/08/2008,2.05,2.05,2.05,2.05,1.69,0
19/08/2008,1.97,2.05,1.79,1.79,1.47,113700
20/08/2008,2.04,2.1,2.04,2.07,1.7,71700
21/08/2008,2.04,2.05,2.04,2.05,1.69,1400
22/08/2008,2.08,2.08,2.08,2.08,1.71,500
25/08/2008,1.85,2.05,1.85,1.91,1.57,1531300
26/08/2008,2.04,2.05,2.04,2.05,1.69,35300
27/08/2008,2.05,2.1,2.05,2.1,1.73,10300
28/08/2008,2.04,2.1,1.86,2.08,1.71,25300
29/08/2008,2.07,2.24,2.06,2.16,1.78,26100
02/09/2008,2.12,2.38,1.95,2.34,1.93,3800
03/09/2008,2.39,2.4,2.31,2.31,1.9,10100
04/09/2008,2.34,2.34,2.34,2.34,1.93,600
05/09/2008,2.32,2.32,2.32,2.32,1.91,200
08/09/2008,2.31,2.32,2.29,2.32,1.91,4600
09/09/2008,2.35,2.36,2.23,2.24,1.84,5400
10/09/2008,2.24,2.24,2.24,2.24,1.84,0
11/09/2008,2.15,2.36,1.97,2.27,1.87,7600
12/09/2008,2.27,2.27,2.27,2.27,1.87,0
15/09/2008,2.27,2.27,2.27,2.27,1.87,0
16/09/2008,1.96,2.36,1.32,2.25,1.85,176600
17/09/2008,2.2,2.26,1.93,2.25,1.85,12800
18/09/2008,2.02,2.25,2.0,2.25,1.85,6200
19/09/2008,2.05,2.25,2.02,2.25,1.85,6800
22/09/2008,2.22,2.22,2.22,2.22,1.83,300
23/09/2008,2.17,2.17,2.17,2.17,1.79,300
24/09/2008,2.25,2.25,2.25,2.25,1.85,3300
25/09/2008,2.25,2.25,2.25,2.25,1.85,0
26/09/2008,2.11,2.36,2.11,2.25,1.85,1600
29/09/2008,2.35,2.35,2.05,2.35,1.93,1800
30/09/2008,2.35,2.35,2.35,2.35,1.93,0
01/10/2008,2.35,2.35,2.35,2.35,1.93,0
02/10/2008,2.35,2.35,2.35,2.35,1.93,0
03/10/2008,2.25,2.25,2.05,2.05,1.69,4600
06/10/2008,2.05,2.31,1.55,2.25,1.85,45200
07/10/2008,2.07,2.07,2.07,2.07,1.7,2000
08/10/2008,1.55,1.95,1.51,1.51,1.24,1400
09/10/2008,1.51,2.17,1.24,2.0,1.65,19900
10/10/2008,1.81,2.0,1.8,1.99,1.64,11300
13/10/2008,2.0,2.0,2.0,2.0,1.65,100
14/10/2008,2.0,2.0,2.0,2.0,1.65,2100
15/10/2008,1.85,2.0,1.85,2.0,1.65,15100
16/10/2008,1.93,1.93,1.79,1.79,1.47,3100
17/10/2008,1.99,2.0,1.89,2.0,1.65,10400
20/10/2008,1.9,2.04,1.81,2.04,1.68,17800
21/10/2008,2.04,2.04,2.04,2.04,1.68,0
22/10/2008,1.91,2.0,1.67,2.0,1.65,9100
23/10/2008,1.91,1.99,1.9,1.99,1.64,2100
24/10/2008,1.62,2.0,1.62,2.0,1.65,27800
27/10/2008,1.88,2.0,1.88,2.0,1.65,65900
28/10/2008,1.88,1.95,1.84,1.89,1.56,5100
29/10/2008,1.9,2.0,1.9,2.0,1.65,14500
30/10/2008,1.93,2.0,1.9,2.0,1.65,1000
31/10/2008,1.9,2.0,1.9,2.0,1.65,1700
03/11/2008,2.0,2.0,2.0,2.0,1.65,0
04/11/2008,2.0,2.08,2.0,2.08,1.71,12900
05/11/2008,2.1,2.1,2.01,2.01,1.65,2700
06/11/2008,2.0,2.0,2.0,2.0,1.65,5000
07/11/2008,2.01,2.1,2.01,2.03,1.67,900
10/11/2008,2.0,2.0,1.92,1.92,1.58,2900
11/11/2008,1.92,1.97,1.92,1.97,1.62,3100
12/11/2008,1.87,1.97,1.87,1.97,1.62,300
13/11/2008,1.88,2.0,1.71,1.93,1.59,10000
14/11/2008,1.93,1.93,1.93,1.93,1.59,0
17/11/2008,1.9,1.93,1.4,1.76,1.45,3500
18/11/2008,1.64,1.84,1.63,1.84,1.51,1600
19/11/2008,1.52,1.84,1.52,1.53,1.26,6200
20/11/2008,1.21,1.84,1.21,1.82,1.5,20300
21/11/2008,1.84,1.84,1.36,1.84,1.51,10000
24/11/2008,1.71,1.74,1.39,1.74,1.43,13200
25/11/2008,1.74,1.74,1.74,1.74,1.43,0
26/11/2008,1.5,1.71,1.5,1.71,1.41,200
28/11/2008,1.55,1.55,1.53,1.53,1.26,200
01/12/2008,1.53,1.53,1.53,1.53,1.26,0
02/12/2008,1.53,1.53,1.53,1.53,1.26,0
03/12/2008,1.65,1.79,1.65,1.79,1.47,1100
04/12/2008,1.73,1.73,1.73,1.73,1.42,500
05/12/2008,1.73,1.73,1.24,1.31,1.08,20400
08/12/2008,1.44,1.48,1.41,1.41,1.16,5300
09/12/2008,1.3,1.55,1.3,1.55,1.28,18100
10/12/2008,1.57,1.69,1.57,1.69,1.39,5600
11/12/2008,1.6,1.8,1.57,1.8,1.48,6400
12/12/2008,1.71,1.87,1.7,1.85,1.52,13000
15/12/2008,1.85,1.85,1.85,1.85,1.52,0
16/12/2008,1.74,1.98,1.74,1.91,1.57,15500
17/12/2008,1.78,1.93,1.48,1.93,1.59,14000
18/12/2008,1.93,1.93,1.63,1.63,1.34,2300
19/12/2008,1.65,1.88,1.65,1.88,1.55,200
22/12/2008,1.62,1.89,1.62,1.89,1.56,1400
23/12/2008,1.89,1.89,1.89,1.89,1.56,0
24/12/2008,1.56,1.85,1.56,1.85,1.52,17100
26/12/2008,1.56,1.96,1.56,1.95,1.6,8400
29/12/2008,1.8,1.94,1.73,1.94,1.6,2300
30/12/2008,1.76,2.05,1.76,2.05,1.69,9100
31/12/2008,1.92,2.16,1.92,2.16,1.78,12100
02/01/2009,2.0,2.0,1.95,1.97,1.62,1400
05/01/2009,1.91,1.91,1.75,1.87,1.54,2100
06/01/2009,1.87,1.87,1.87,1.87,1.54,0
07/01/2009,1.8,1.8,1.8,1.8,1.48,1000
08/01/2009,1.8,1.8,1.8,1.8,1.48,0
09/01/2009,1.8,1.8,1.8,1.8,1.48,0
12/01/2009,1.8,1.8,1.8,1.8,1.48,0
13/01/2009,1.72,1.72,1.71,1.72,1.42,5900
14/01/2009,1.72,1.72,1.52,1.52,1.25,4100
15/01/2009,1.53,1.53,1.53,1.53,1.26,100
16/01/2009,1.6,1.6,1.6,1.6,1.32,400
20/01/2009,1.48,1.48,1.48,1.48,1.22,2000
21/01/2009,1.48,1.48,1.48,1.48,1.22,0
22/01/2009,1.48,1.48,1.48,1.48,1.22,0
23/01/2009,1.48,1.48,1.48,1.48,1.22,0
26/01/2009,1.4,1.4,1.24,1.24,1.02,7500
27/01/2009,1.2,1.2,1.2,1.2,0.99,700
28/01/2009,1.14,1.25,1.0,1.25,1.03,2900
29/01/2009,1.06,1.06,0.99,1.02,0.84,11700
30/01/2009,1.08,1.08,1.08,1.08,0.89,1600
02/02/2009,1.08,1.08,1.08,1.08,0.89,0
03/02/2009,1.0,1.16,1.0,1.16,0.95,1300
04/02/2009,1.16,1.16,1.16,1.16,0.95,0
05/02/2009,1.16,1.16,1.16,1.16,0.95,0
06/02/2009,1.16,1.16,1.16,1.16,0.95,0
09/02/2009,1.12,1.12,1.0,1.0,0.82,4200
10/02/2009,1.0,1.0,1.0,1.0,0.82,0
11/02/2009,1.0,1.0,1.0,1.0,0.82,0
12/02/2009,1.0,1.0,1.0,1.0,0.82,0
13/02/2009,1.08,1.08,1.0,1.0,0.82,2600
17/02/2009,0.9,0.94,0.9,0.94,0.77,900
18/02/2009,0.97,0.97,0.97,0.97,0.8,300
19/02/2009,0.9,0.9,0.9,0.9,0.74,100
20/02/2009,0.9,0.91,0.76,0.78,0.64,5700
23/02/2009,0.93,0.94,0.93,0.94,0.77,200
24/02/2009,0.94,0.99,0.94,0.99,0.81,1600
25/02/2009,0.99,0.99,0.99,0.99,0.81,0
26/02/2009,0.99,0.99,0.99,0.99,0.81,0
27/02/2009,0.83,0.86,0.83,0.86,0.71,6400
02/03/2009,0.86,0.86,0.86,0.86,0.71,0
03/03/2009,0.86,0.86,0.86,0.86,0.71,0
04/03/2009,0.95,0.95,0.81,0.81,0.67,2900
05/03/2009,0.76,0.76,0.76,0.76,0.63,100
06/03/2009,0.77,0.95,0.77,0.91,0.75,1300
09/03/2009,0.8,0.8,0.8,0.8,0.66,100
10/03/2009,0.85,0.85,0.85,0.85,0.7,100
11/03/2009,0.85,0.85,0.85,0.85,0.7,0
12/03/2009,0.85,0.85,0.85,0.85,0.7,500
13/03/2009,0.85,0.85,0.85,0.85,0.7,200
16/03/2009,0.85,0.85,0.85,0.85,0.7,100
17/03/2009,0.86,0.94,0.86,0.94,0.77,900
18/03/2009,1.15,1.15,0.86,0.86,0.71,600
19/03/2009,0.88,0.88,0.88,0.88,0.72,100
20/03/2009,0.91,0.91,0.91,0.91,0.75,100
23/03/2009,0.91,0.91,0.91,0.91,0.75,0
24/03/2009,0.91,0.91,0.91,0.91,0.75,0
25/03/2009,0.9,0.91,0.88,0.91,0.75,2200
26/03/2009,0.91,0.91,0.91,0.91,0.75,0
27/03/2009,0.9,0.9,0.9,0.9,0.74,3600
30/03/2009,0.87,0.87,0.77,0.78,0.64,4300
31/03/2009,0.84,0.93,0.84,0.86,0.71,2900
01/04/2009,0.93,1.37,0.93,0.94,0.77,9700
02/04/2009,0.94,0.94,0.94,0.94,0.77,1100
03/04/2009,0.95,0.97,0.94,0.95,0.78,9000
06/04/2009,0.94,0.94,0.94,0.94,0.77,400
07/04/2009,0.93,0.93,0.84,0.84,0.69,300
08/04/2009,0.84,0.84,0.84,0.84,0.69,1000
09/04/2009,0.9,0.9,0.9,0.9,0.74,1500
13/04/2009,0.86,0.86,0.84,0.84,0.69,3400
14/04/2009,0.76,0.95,0.76,0.92,0.76,500
15/04/2009,0.92,0.92,0.92,0.92,0.76,0
16/04/2009,0.9,0.9,0.9,0.9,0.74,1700
17/04/2009,0.81,0.81,0.81,0.81,0.67,200
20/04/2009,0.81,0.84,0.81,0.84,0.69,4500
21/04/2009,0.76,0.78,0.76,0.78,0.64,600
22/04/2009,0.8,0.95,0.8,0.95,0.78,900
23/04/2009,0.95,0.95,0.95,0.95,0.78,0
24/04/2009,0.93,0.93,0.93,0.93,0.77,200
27/04/2009,0.82,0.82,0.82,0.82,0.67,1000
28/04/2009,0.82,0.82,0.82,0.82,0.67,0
29/04/2009,0.82,0.82,0.82,0.82,0.67,0
30/04/2009,0.86,0.86,0.86,0.86,0.71,2800
01/05/2009,0.86,0.86,0.86,0.86,0.71,0
04/05/2009,0.86,0.86,0.86,0.86,0.71,0
05/05/2009,0.86,0.86,0.86,0.86,0.71,0
06/05/2009,0.92,0.92,0.92,0.92,0.76,1900
07/05/2009,1.0,1.1,0.97,1.07,0.88,13800
08/05/2009,1.09,1.44,1.09,1.43,1.18,5400
11/05/2009,1.27,1.4,0.93,1.13,0.93,35700
12/05/2009,1.15,1.27,1.15,1.27,1.05,3700
13/05/2009,1.27,1.27,1.27,1.27,1.05,0
14/05/2009,1.14,1.14,1.14,1.14,0.94,1800
15/05/2009,1.14,1.14,1.14,1.14,0.94,0
18/05/2009,1.3,1.35,1.2,1.2,0.99,44500
19/05/2009,1.2,1.2,1.2,1.2,0.99,6700
20/05/2009,1.32,1.32,1.21,1.21,1.0,2500
21/05/2009,1.21,1.21,1.15,1.15,0.95,15700
22/05/2009,1.16,1.16,1.15,1.15,0.95,2300
26/05/2009,1.15,1.15,1.13,1.13,0.93,2400
27/05/2009,1.13,1.13,1.13,1.13,0.93,0
28/05/2009,1.15,1.15,1.15,1.15,0.95,100
29/05/2009,1.15,1.22,1.15,1.22,1.0,3000
01/06/2009,1.1,1.1,1.1,1.1,0.91,300
02/06/2009,1.1,1.1,1.1,1.1,0.91,0
03/06/2009,1.1,1.1,1.1,1.1,0.91,0
04/06/2009,1.06,1.06,1.06,1.06,0.87,1400
05/06/2009,1.06,1.06,1.06,1.06,0.87,100
08/06/2009,1.06,1.06,1.05,1.05,0.86,2000
09/06/2009,1.05,1.05,1.05,1.05,0.86,1600
10/06/2009,1.06,1.06,1.06,1.06,0.87,3000
11/06/2009,1.06,1.06,1.06,1.06,0.87,0
12/06/2009,1.07,1.07,1.07,1.07,0.88,1500
15/06/2009,0.97,0.97,0.97,0.97,0.8,1500
16/06/2009,0.97,0.97,0.97,0.97,0.8,0
17/06/2009,0.95,0.97,0.95,0.97,0.8,6700
18/06/2009,0.97,0.97,0.97,0.97,0.8,0
19/06/2009,1.0,1.01,1.0,1.01,0.83,7000
22/06/2009,0.95,0.95,0.95,0.95,0.78,200
23/06/2009,0.95,0.95,0.95,0.95,0.78,1700
24/06/2009,0.94,0.95,0.94,0.95,0.78,3900
25/06/2009,0.95,0.95,0.95,0.95,0.78,0
26/06/2009,0.94,0.94,0.94,0.94,0.77,1500
29/06/2009,1.08,1.08,1.08,1.08,0.89,1600
30/06/2009,1.08,1.08,1.0,1.07,0.88,10600
01/07/2009,1.08,1.08,0.96,0.96,0.79,200
02/07/2009,0.96,0.96,0.96,0.96,0.79,1700
06/07/2009,0.96,0.96,0.96,0.96,0.79,200
07/07/2009,0.96,0.96,0.96,0.96,0.79,0
08/07/2009,0.94,0.94,0.91,0.91,0.75,3900
09/07/2009,0.92,0.92,0.91,0.91,0.75,5100
10/07/2009,0.96,0.96,0.96,0.96,0.79,1400
13/07/2009,0.92,0.92,0.92,0.92,0.76,2000
14/07/2009,0.85,0.85,0.85,0.85,0.7,400
15/07/2009,0.85,0.85,0.85,0.85,0.7,0
16/07/2009,0.91,0.91,0.91,0.91,0.75,2200
17/07/2009,0.9,0.9,0.9,0.9,0.74,1200
20/07/2009,0.91,0.91,0.91,0.91,0.75,4000
21/07/2009,0.9,0.91,0.9,0.91,0.75,4900
22/07/2009,0.91,0.91,0.91,0.91,0.75,1600
23/07/2009,0.95,0.95,0.92,0.92,0.76,37100
24/07/2009,0.92,0.92,0.92,0.92,0.76,200
27/07/2009,0.9,0.9,0.9,0.9,0.74,200
28/07/2009,0.95,1.02,0.95,1.02,0.84,7100
29/07/2009,1.02,1.02,1.02,1.02,0.84,0
30/07/2009,0.96,0.96,0.96,0.96,0.79,500
31/07/2009,0.96,0.96,0.96,0.96,0.79,0
03/08/2009,0.95,0.95,0.95,0.95,0.78,1400
04/08/2009,0.96,1.04,0.96,1.04,0.86,1900
05/08/2009,0.96,0.96,0.96,0.96,0.79,200
06/08/2009,1.0,1.0,1.0,1.0,0.82,4000
07/08/2009,1.0,1.0,1.0,1.0,0.82,0
10/08/2009,0.97,0.97,0.97,0.97,0.8,200
11/08/2009,0.97,0.97,0.97,0.97,0.8,0
12/08/2009,1.0,1.0,0.97,0.97,0.8,2500
13/08/2009,0.97,0.97,0.97,0.97,0.8,0
14/08/2009,0.98,1.03,0.98,1.03,0.85,7600
17/08/2009,0.97,0.97,0.97,0.97,0.8,11200
18/08/2009,0.97,1.03,0.97,0.97,0.8,28400
19/08/2009,1.05,1.05,0.97,0.97,0.8,8400
20/08/2009,1.27,1.27,1.01,1.11,0.91,130000
21/08/2009,1.21,1.21,1.06,1.17,0.96,39900
24/08/2009,1.17,1.17,1.1,1.16,0.95,6200
25/08/2009,1.09,1.1,1.03,1.1,0.91,48500
26/08/2009,1.0,1.08,1.0,1.08,0.89,9400
27/08/2009,1.08,1.08,1.04,1.07,0.88,22900
28/08/2009,1.1,1.1,1.05,1.05,0.86,700
31/08/2009,1.05,1.05,1.05,1.05,0.86,0
01/09/2009,1.08,1.08,1.0,1.0,0.82,200
02/09/2009,1.0,1.03,1.0,1.03,0.85,12300
03/09/2009,1.03,1.03,1.03,1.03,0.85,1300
04/09/2009,1.03,1.03,0.97,1.03,0.85,9700
08/09/2009,1.0,1.03,1.0,1.03,0.85,300
09/09/2009,1.06,1.06,0.98,0.98,0.81,900
10/09/2009,1.0,1.06,1.0,1.01,0.83,21500
11/09/2009,1.0,1.1,1.0,1.06,0.87,5100
14/09/2009,1.1,1.1,1.07,1.07,0.88,2000
15/09/2009,1.1,1.1,1.1,1.1,0.91,1000
16/09/2009,1.15,1.15,1.15,1.15,0.95,2100
17/09/2009,1.15,1.15,1.15,1.15,0.95,2500
18/09/2009,1.15,1.15,1.15,1.15,0.95,0
21/09/2009,1.14,1.14,1.14,1.14,0.94,1000
22/09/2009,1.12,1.12,1.12,1.12,0.92,4600
23/09/2009,1.19,1.19,1.12,1.12,0.92,5400
24/09/2009,1.12,1.12,1.12,1.12,0.92,0
25/09/2009,1.19,1.19,1.06,1.07,0.88,1800
28/09/2009,1.07,1.07,1.07,1.07,0.88,0
29/09/2009,1.06,1.06,1.0,1.0,0.82,12700
30/09/2009,1.13,1.13,1.11,1.11,0.91,1700
01/10/2009,1.12,1.12,1.01,1.01,0.83,5300
02/10/2009,1.18,1.18,1.1,1.1,0.91,9100
05/10/2009,1.1,1.1,1.1,1.1,0.91,400
06/10/2009,1.01,1.1,1.01,1.1,0.91,500
07/10/2009,1.04,1.19,1.03,1.19,0.98,7400
08/10/2009,1.17,1.17,1.11,1.11,0.91,2300
09/10/2009,1.06,1.06,1.06,1.06,0.87,500
12/10/2009,1.19,1.19,1.1,1.1,0.91,5500
13/10/2009,1.07,1.1,1.06,1.1,0.91,15800
14/10/2009,1.18,1.18,1.17,1.17,0.96,2600
15/10/2009,1.17,1.17,1.14,1.15,0.95,1300
16/10/2009,1.17,1.21,1.17,1.21,1.0,4300
19/10/2009,1.08,1.25,1.08,1.25,1.03,35600
20/10/2009,1.2,1.24,1.16,1.24,1.02,6100
21/10/2009,1.24,1.28,1.24,1.27,1.05,12200
22/10/2009,1.25,1.34,1.25,1.34,1.1,9000
23/10/2009,1.3,1.3,1.27,1.3,1.07,18800
26/10/2009,1.35,1.35,1.35,1.35,1.11,3800
27/10/2009,1.28,1.45,1.28,1.4,1.15,8600
28/10/2009,1.42,1.42,1.25,1.42,1.17,6400
29/10/2009,1.3,1.3,1.3,1.3,1.07,1100
30/10/2009,1.28,1.28,1.28,1.28,1.05,100
02/11/2009,1.29,1.4,1.28,1.28,1.05,2000
03/11/2009,1.28,1.38,1.28,1.38,1.14,1800
04/11/2009,1.28,1.42,1.1,1.42,1.17,6000
05/11/2009,1.23,1.23,1.23,1.23,1.01,200
06/11/2009,1.26,1.26,1.26,1.26,1.04,100
09/11/2009,1.29,1.45,1.29,1.45,1.19,3900
10/11/2009,1.46,1.46,1.46,1.46,1.2,600
11/11/2009,1.46,1.55,1.46,1.55,1.28,14900
12/11/2009,1.6,1.74,1.6,1.62,1.33,40100
13/11/2009,1.66,1.67,1.66,1.66,1.37,4400
16/11/2009,1.73,1.88,1.73,1.8,1.48,19100
17/11/2009,1.8,1.8,1.7,1.7,1.4,10100
18/11/2009,1.68,1.79,1.68,1.76,1.45,16600
19/11/2009,1.79,1.8,1.71,1.8,1.48,28500
20/11/2009,1.77,1.95,1.72,1.9,1.56,2600
23/11/2009,1.89,1.89,1.75,1.82,1.5,4600
24/11/2009,1.83,1.83,1.69,1.69,1.39,10600
25/11/2009,1.7,1.72,1.7,1.7,1.4,3000
27/11/2009,1.65,1.66,1.56,1.65,1.36,10100
30/11/2009,1.65,1.83,1.58,1.58,1.3,1800
01/12/2009,1.69,1.69,1.6,1.6,1.32,14200
02/12/2009,1.6,1.6,1.6,1.6,1.32,1600
03/12/2009,1.73,1.73,1.62,1.62,1.33,6700
04/12/2009,1.6,1.72,1.6,1.6,1.32,7200
07/12/2009,1.78,1.78,1.61,1.61,1.33,45100
08/12/2009,1.63,1.63,1.62,1.63,1.34,22600
09/12/2009,1.63,1.65,1.62,1.62,1.33,4100
10/12/2009,1.63,1.69,1.63,1.69,1.39,300
11/12/2009,1.69,1.69,1.69,1.69,1.39,0
14/12/2009,1.63,1.63,1.62,1.62,1.33,1300
15/12/2009,1.62,1.62,1.62,1.62,1.33,100
16/12/2009,1.63,1.77,1.62,1.77,1.46,6700
17/12/2009,1.67,1.72,1.67,1.67,1.37,3100
18/12/2009,1.73,1.73,1.68,1.68,1.38,900
21/12/2009,1.67,1.71,1.67,1.71,1.41,4300
22/12/2009,1.66,1.7,1.66,1.7,1.4,4500
23/12/2009,1.65,1.76,1.64,1.65,1.36,8700
24/12/2009,1.64,1.65,1.61,1.61,1.33,3800
28/12/2009,1.56,1.56,1.55,1.55,1.28,3900
29/12/2009,1.48,1.48,1.23,1.37,1.13,68300
30/12/2009,1.33,1.54,1.33,1.5,1.23,13200
31/12/2009,1.5,1.58,1.47,1.57,1.29,13400
04/01/2010,1.48,1.49,1.48,1.48,1.22,5500
05/01/2010,1.46,1.48,1.46,1.48,1.22,400
06/01/2010,1.5,1.5,1.48,1.48,1.22,6100
07/01/2010,1.56,1.56,1.41,1.41,1.16,900
08/01/2010,1.41,1.41,1.33,1.36,1.12,9400
11/01/2010,1.36,1.37,1.36,1.36,1.12,3000
12/01/2010,1.37,1.52,1.37,1.48,1.22,3700
13/01/2010,1.4,1.4,1.4,1.4,1.15,600
14/01/2010,1.47,1.47,1.43,1.46,1.2,2000
15/01/2010,1.46,1.46,1.46,1.46,1.2,0
19/01/2010,1.46,1.47,1.46,1.47,1.21,10200
20/01/2010,1.45,1.45,1.45,1.45,1.19,800
21/01/2010,1.45,1.49,1.44,1.48,1.22,29300
22/01/2010,1.46,1.46,1.38,1.38,1.14,9900
25/01/2010,1.46,1.46,1.46,1.46,1.2,500
26/01/2010,1.42,1.43,1.42,1.43,1.18,4300
27/01/2010,1.44,1.44,1.44,1.44,1.19,1000
28/01/2010,1.44,1.44,1.44,1.44,1.19,0
29/01/2010,1.44,1.44,1.44,1.44,1.19,0
01/02/2010,1.44,1.44,1.44,1.44,1.19,0
02/02/2010,1.4,1.4,1.4,1.4,1.15,4000
03/02/2010,1.4,1.4,1.4,1.4,1.15,400
04/02/2010,1.38,1.38,1.38,1.38,1.14,400
05/02/2010,1.37,1.38,1.37,1.38,1.14,2200
08/02/2010,1.45,1.46,1.38,1.43,1.18,18500
09/02/2010,1.45,1.45,1.36,1.39,1.14,11900
10/02/2010,1.39,1.47,1.39,1.46,1.2,5600
11/02/2010,1.46,1.46,1.4,1.41,1.16,12700
12/02/2010,1.41,1.41,1.41,1.41,1.16,0
16/02/2010,1.42,1.5,1.41,1.5,1.23,1400
17/02/2010,1.45,1.5,1.41,1.49,1.23,22500
18/02/2010,1.42,1.53,1.4,1.5,1.23,86500
19/02/2010,1.46,1.5,1.46,1.5,1.23,12200
22/02/2010,1.57,1.57,1.57,1.57,1.29,1000
23/02/2010,1.52,1.52,1.48,1.48,1.22,1600
24/02/2010,1.42,1.52,1.42,1.52,1.25,21500
25/02/2010,1.44,1.52,1.44,1.52,1.25,900
26/02/2010,1.44,1.51,1.44,1.51,1.24,8400
01/03/2010,1.5,1.5,1.5,1.5,1.23,2000
02/03/2010,1.48,1.48,1.48,1.48,1.22,500
03/03/2010,1.57,1.57,1.53,1.53,1.26,5000
04/03/2010,1.51,1.57,1.51,1.57,1.29,2900
05/03/2010,1.52,1.64,1.52,1.64,1.35,1200
08/03/2010,1.6,1.6,1.6,1.6,1.32,100
09/03/2010,1.6,1.6,1.6,1.6,1.32,0
10/03/2010,1.61,1.84,1.61,1.82,1.5,43100
11/03/2010,1.8,1.83,1.8,1.83,1.51,5900
12/03/2010,1.88,2.1,1.88,2.1,1.73,21300
15/03/2010,2.11,2.2,2.05,2.09,1.72,21200
16/03/2010,2.0,2.0,1.92,1.97,1.62,8400
17/03/2010,2.12,2.12,2.01,2.07,1.7,10900
18/03/2010,2.07,2.19,2.07,2.15,1.77,13200
19/03/2010,2.15,2.19,2.02,2.06,1.7,7100
22/03/2010,2.0,2.18,2.0,2.15,1.77,1200
23/03/2010,2.02,2.19,2.02,2.15,1.77,17600
24/03/2010,2.07,2.15,2.05,2.15,1.77,1100
25/03/2010,2.1,2.15,2.03,2.15,1.77,2500
26/03/2010,2.15,2.15,2.15,2.15,1.77,0
29/03/2010,2.04,2.13,2.04,2.04,1.68,4900
30/03/2010,2.03,2.1,2.03,2.04,1.68,1300
31/03/2010,2.13,2.13,2.13,2.13,1.75,12000
01/04/2010,2.03,2.04,2.03,2.04,1.68,500
05/04/2010,2.1,2.1,2.1,2.1,1.73,1200
06/04/2010,2.04,2.14,2.0,2.13,1.75,3700
07/04/2010,2.03,2.11,2.03,2.1,1.73,1600
08/04/2010,2.09,2.1,2.02,2.05,1.69,1000
09/04/2010,2.1,2.1,2.1,2.1,1.73,200
12/04/2010,2.01,2.1,1.94,2.1,1.73,5100
13/04/2010,2.04,2.14,2.04,2.14,1.76,8000
14/04/2010,2.14,2.14,2.14,2.14,1.76,900
15/04/2010,2.14,2.14,2.14,2.14,1.76,1000
16/04/2010,2.14,2.14,2.14,2.14,1.76,0
19/04/2010,2.14,2.14,2.06,2.06,1.7,500
20/04/2010,2.14,2.14,2.14,2.14,1.76,300
21/04/2010,2.11,2.15,2.11,2.15,1.77,19800
22/04/2010,2.18,2.19,2.18,2.19,1.8,2100
23/04/2010,2.19,2.19,2.19,2.19,1.8,0
26/04/2010,2.15,2.15,2.15,2.15,1.77,100
27/04/2010,2.15,2.18,2.15,2.16,1.78,400
28/04/2010,2.11,2.11,2.11,2.11,1.74,2800
29/04/2010,2.2,2.2,2.19,2.19,1.8,3300
30/04/2010,2.21,2.21,2.19,2.19,1.8,1200
03/05/2010,2.21,2.21,2.18,2.18,1.79,1100
04/05/2010,2.17,2.2,2.16,2.2,1.81,3600
05/05/2010,2.16,2.16,2.1,2.13,1.75,5400
06/05/2010,2.12,2.15,1.91,1.94,1.6,7800
07/05/2010,2.07,2.08,2.05,2.05,1.69,2600
10/05/2010,2.05,2.11,2.01,2.08,1.71,1300
11/05/2010,2.08,2.08,2.08,2.08,1.71,0
12/05/2010,2.2,2.27,2.11,2.24,1.84,11900
13/05/2010,2.45,2.45,2.39,2.4,1.98,21500
14/05/2010,2.41,2.42,2.35,2.42,1.99,4100
17/05/2010,2.44,2.5,2.44,2.49,2.05,13800
18/05/2010,2.49,2.49,2.38,2.38,1.96,5700
19/05/2010,2.4,2.41,2.4,2.41,1.98,6700
20/05/2010,2.35,2.35,2.22,2.22,1.83,19200
21/05/2010,2.22,2.25,2.22,2.25,1.85,11200
24/05/2010,2.39,2.49,2.35,2.45,2.02,7600
25/05/2010,2.49,2.49,2.49,2.49,2.05,2300
26/05/2010,2.5,2.5,2.35,2.4,1.98,4800
27/05/2010,2.5,2.51,2.5,2.51,2.07,7700
28/05/2010,2.51,2.51,2.51,2.51,2.07,0
01/06/2010,2.58,2.59,2.58,2.59,2.13,1900
02/06/2010,2.55,2.59,2.5,2.59,2.13,33200
03/06/2010,2.69,2.69,2.62,2.62,2.16,6100
04/06/2010,2.65,2.65,2.5,2.65,2.18,4100
07/06/2010,2.69,2.69,2.65,2.65,2.18,19500
08/06/2010,2.65,2.8,2.56,2.75,2.26,27600
09/06/2010,2.63,2.75,2.62,2.75,2.26,3900
10/06/2010,2.69,2.72,2.69,2.72,2.24,2700
11/06/2010,2.68,2.8,2.65,2.8,2.3,500
14/06/2010,2.8,3.2,2.8,2.99,2.46,30600
15/06/2010,3.05,3.15,2.97,3.05,2.51,37100
16/06/2010,3.1,3.15,2.95,3.06,2.52,6900
17/06/2010,3.02,3.05,2.98,2.98,2.45,13300
18/06/2010,2.95,3.05,2.85,2.97,2.44,6400
21/06/2010,3.0,3.05,2.97,3.0,2.47,32400
22/06/2010,3.0,3.0,3.0,3.0,2.47,7300
23/06/2010,3.0,3.0,2.97,2.98,2.45,5900
24/06/2010,2.98,3.05,2.87,3.0,2.47,34500
25/06/2010,3.0,3.01,2.95,3.0,2.47,23200
28/06/2010,3.0,3.0,2.75,2.93,2.41,8000
29/06/2010,2.79,2.93,2.79,2.93,2.41,9200
30/06/2010,2.83,2.83,2.47,2.53,2.08,21500
01/07/2010,2.49,2.49,2.07,2.07,1.7,24000
02/07/2010,2.07,2.33,2.07,2.16,1.78,7800
06/07/2010,2.25,2.25,2.21,2.21,1.82,3500
07/07/2010,2.16,2.16,2.11,2.16,1.78,10700
08/07/2010,2.18,2.18,2.13,2.18,1.79,9300
09/07/2010,2.17,2.17,2.17,2.17,1.79,500
12/07/2010,2.2,2.2,2.18,2.18,1.79,4700
13/07/2010,2.23,2.52,2.22,2.45,2.02,18600
14/07/2010,2.6,2.9,2.6,2.75,2.26,37100
15/07/2010,2.79,3.0,2.79,2.91,2.4,14600
16/07/2010,2.95,2.98,2.92,2.94,2.42,19300
19/07/2010,2.94,3.01,2.92,2.95,2.43,22300
20/07/2010,3.01,3.14,2.97,2.97,2.44,15200
21/07/2010,3.07,3.09,2.95,2.98,2.45,22100
22/07/2010,3.05,3.05,2.39,2.97,2.44,594500
23/07/2010,2.97,3.0,2.87,3.0,2.47,3000
26/07/2010,3.0,3.02,2.98,3.02,2.49,26000
27/07/2010,3.02,3.07,3.02,3.02,2.49,13200
28/07/2010,3.12,3.12,2.93,2.95,2.43,17900
29/07/2010,3.04,3.04,2.96,2.98,2.45,9300
30/07/2010,2.95,2.99,2.95,2.99,2.46,1300
02/08/2010,2.99,2.99,2.87,2.93,2.41,7000
03/08/2010,3.0,3.0,2.94,2.95,2.43,9800
04/08/2010,2.98,2.98,2.94,2.98,2.45,5000
05/08/2010,3.0,3.0,2.86,2.89,2.38,8500
06/08/2010,2.98,2.98,2.86,2.97,2.44,9000
09/08/2010,3.0,3.0,2.82,2.94,2.42,10900
10/08/2010,2.9,2.9,2.65,2.75,2.26,6500
11/08/2010,2.65,2.8,2.6,2.6,2.14,9900
12/08/2010,2.61,2.77,2.61,2.66,2.19,1000
13/08/2010,2.72,2.77,2.6,2.65,2.18,1800
16/08/2010,2.69,2.69,2.45,2.47,2.03,30300
17/08/2010,2.46,2.76,2.45,2.45,2.02,3900
18/08/2010,2.45,2.7,2.45,2.55,2.1,14500
19/08/2010,2.5,2.54,2.45,2.54,2.09,4200
20/08/2010,2.65,2.65,2.55,2.55,2.1,2000
23/08/2010,2.51,2.6,2.45,2.45,2.02,7000
24/08/2010,2.45,2.51,2.45,2.51,2.07,2300
25/08/2010,2.55,2.55,2.35,2.42,1.99,7900
26/08/2010,2.4,2.42,2.35,2.35,1.93,2600
27/08/2010,2.35,2.35,2.16,2.22,1.83,14400
30/08/2010,2.17,2.17,2.07,2.09,1.72,7400
31/08/2010,2.1,2.15,1.68,1.95,1.6,82000
01/09/2010,1.95,2.07,1.95,2.03,1.67,7100
02/09/2010,2.05,2.09,2.02,2.09,1.72,11300
03/09/2010,2.12,2.2,2.05,2.2,1.81,1700
07/09/2010,2.22,2.4,2.2,2.22,1.83,2000
08/09/2010,2.25,2.25,2.25,2.25,1.85,500
09/09/2010,2.25,2.25,2.25,2.25,1.85,0
10/09/2010,2.1,2.1,1.93,2.05,1.69,17900
13/09/2010,2.0,2.14,2.0,2.1,1.73,20400
14/09/2010,2.14,2.2,2.14,2.2,1.81,5500
15/09/2010,2.25,2.25,2.1,2.15,1.77,4200
16/09/2010,2.22,2.25,2.2,2.25,1.85,3500
17/09/2010,2.65,2.65,2.23,2.23,1.84,12500
20/09/2010,2.27,2.39,2.27,2.34,1.93,1500
21/09/2010,2.41,2.44,2.4,2.44,2.01,2000
22/09/2010,2.45,2.72,2.44,2.72,2.24,5500
23/09/2010,2.72,2.75,2.48,2.56,2.11,8100
24/09/2010,2.56,2.75,2.55,2.55,2.1,4500
27/09/2010,2.51,2.9,2.51,2.71,2.23,12000
28/09/2010,2.77,2.85,2.75,2.85,2.35,10000
29/09/2010,2.89,2.89,2.75,2.8,2.3,5900
30/09/2010,2.8,2.81,2.8,2.8,2.3,1800
01/10/2010,2.72,2.72,2.66,2.7,2.22,1000
04/10/2010,2.71,2.8,2.71,2.8,2.3,300
05/10/2010,2.8,2.9,2.79,2.82,2.32,2700
06/10/2010,2.63,2.65,2.37,2.58,2.12,35000
07/10/2010,2.5,2.5,2.5,2.5,2.06,2000
08/10/2010,2.4,2.48,2.4,2.48,2.04,6200
11/10/2010,2.48,2.48,2.21,2.35,1.93,37700
12/10/2010,2.29,2.29,2.23,2.26,1.86,23100
13/10/2010,2.26,2.37,2.25,2.37,1.95,25000
14/10/2010,2.29,2.37,2.29,2.3,1.89,10700
15/10/2010,2.39,2.39,2.39,2.39,1.97,600
18/10/2010,2.35,2.48,2.35,2.48,2.04,7100
19/10/2010,2.45,2.46,2.45,2.45,2.02,4200
20/10/2010,2.41,2.45,2.38,2.45,2.02,2400
21/10/2010,2.47,2.5,2.47,2.5,2.06,700
22/10/2010,2.38,2.5,2.38,2.48,2.04,9500
25/10/2010,2.45,2.5,2.41,2.43,2.0,2400
26/10/2010,2.5,2.5,2.42,2.5,2.06,1600
27/10/2010,2.5,2.51,2.47,2.47,2.03,12300
28/10/2010,2.5,2.51,2.5,2.51,2.07,19200
29/10/2010,2.51,2.51,2.51,2.51,2.07,0
01/11/2010,2.51,2.51,2.51,2.51,2.07,0
02/11/2010,2.45,2.51,2.45,2.5,2.06,63800
03/11/2010,2.5,2.51,2.5,2.5,2.06,42600
04/11/2010,2.45,2.46,2.45,2.46,2.02,7000
05/11/2010,2.44,2.5,2.44,2.5,2.06,700
08/11/2010,2.5,2.5,2.48,2.48,2.04,6800
09/11/2010,2.52,2.52,2.52,2.52,2.07,100
10/11/2010,2.52,2.52,2.52,2.52,2.07,0
11/11/2010,2.5,2.65,2.5,2.65,2.18,11800
12/11/2010,2.65,2.65,2.55,2.55,2.1,2500
15/11/2010,2.55,2.55,2.55,2.55,2.1,0
16/11/2010,2.56,2.56,2.55,2.55,2.1,8800
17/11/2010,2.55,2.55,2.55,2.55,2.1,1100
18/11/2010,2.49,2.52,2.49,2.52,2.07,4600
19/11/2010,2.49,2.54,2.49,2.49,2.05,7300
22/11/2010,2.52,2.6,2.52,2.58,2.12,10600
23/11/2010,2.58,2.58,2.52,2.57,2.12,2400
24/11/2010,2.4,2.49,2.39,2.41,1.98,12500
26/11/2010,2.41,2.41,2.41,2.41,1.98,8400
29/11/2010,2.46,2.46,2.46,2.46,2.02,200
30/11/2010,2.5,2.6,2.5,2.5,2.06,4000
01/12/2010,2.6,2.6,2.49,2.49,2.05,2900
02/12/2010,2.41,2.49,2.41,2.49,2.05,1400
03/12/2010,2.42,2.56,2.42,2.47,2.03,6400
06/12/2010,2.57,2.57,2.47,2.47,2.03,2200
07/12/2010,2.5,2.51,2.5,2.51,2.07,4500
08/12/2010,2.59,2.59,2.47,2.47,2.03,5200
09/12/2010,2.43,2.43,2.4,2.4,1.98,7500
10/12/2010,2.5,2.5,2.42,2.44,2.01,6100
13/12/2010,2.41,2.47,2.41,2.45,2.02,37800
14/12/2010,2.41,2.45,2.41,2.44,2.01,6600
15/12/2010,2.4,2.4,2.38,2.38,1.96,8700
16/12/2010,2.45,2.45,2.45,2.45,2.02,5100
17/12/2010,2.5,2.5,2.27,2.43,2.0,600
20/12/2010,2.43,2.43,2.32,2.4,1.98,7000
21/12/2010,2.37,2.37,2.29,2.29,1.88,10900
22/12/2010,2.28,2.4,2.28,2.34,1.93,13100
23/12/2010,2.29,2.45,2.29,2.41,1.98,3600
27/12/2010,2.32,2.34,2.27,2.27,1.87,22500
28/12/2010,2.26,2.36,2.26,2.28,1.88,4200
29/12/2010,2.46,2.46,2.35,2.35,1.93,65900
30/12/2010,2.35,2.38,2.3,2.35,1.93,26300
31/12/2010,2.33,2.4,2.3,2.3,1.89,35700
03/01/2011,2.31,2.42,2.31,2.32,1.91,13500
04/01/2011,2.35,2.6,2.35,2.54,2.09,17100
05/01/2011,2.65,2.88,2.53,2.77,2.28,54600
06/01/2011,2.84,2.84,2.75,2.82,2.32,34500
07/01/2011,2.82,2.82,2.75,2.78,2.29,9100
10/01/2011,2.78,2.8,2.75,2.75,2.26,28300
11/01/2011,2.88,2.88,2.65,2.83,2.33,22800
12/01/2011,2.85,2.88,2.85,2.88,2.37,6600
13/01/2011,2.9,2.97,2.9,2.93,2.41,22300
14/01/2011,2.97,2.99,2.97,2.99,2.46,4300
18/01/2011,3.07,3.28,3.07,3.12,2.57,112600
19/01/2011,3.06,3.12,3.02,3.12,2.57,23300
20/01/2011,3.13,3.13,3.03,3.1,2.55,153300
21/01/2011,3.13,3.16,3.03,3.16,2.6,151500
24/01/2011,3.12,3.24,3.11,3.2,2.63,85200
25/01/2011,3.18,3.19,3.14,3.14,2.58,13300
26/01/2011,3.17,3.2,3.14,3.19,2.63,52200
27/01/2011,3.14,3.22,3.14,3.22,2.65,9300
28/01/2011,3.18,3.22,3.08,3.22,2.65,16900
31/01/2011,3.18,3.22,3.09,3.22,2.65,37900
01/02/2011,3.22,3.22,3.08,3.22,2.65,9600
02/02/2011,3.22,3.24,3.11,3.24,2.67,2300
03/02/2011,3.24,3.29,3.21,3.23,2.66,90300
04/02/2011,3.17,3.25,3.16,3.25,2.67,7400
07/02/2011,3.28,3.7,3.24,3.61,2.97,54500
08/02/2011,3.58,3.7,3.56,3.67,3.02,20400
09/02/2011,3.6,3.77,3.56,3.74,3.08,22200
10/02/2011,3.56,3.71,3.5,3.64,3.0,4300
11/02/2011,3.64,3.79,3.61,3.79,3.12,10700
14/02/2011,3.84,3.84,3.72,3.84,3.16,18200
15/02/2011,3.84,3.99,3.84,3.91,3.22,51000
16/02/2011,3.99,4.04,3.92,4.04,3.33,23900
17/02/2011,4.05,4.54,3.81,4.5,3.7,279100
18/02/2011,4.43,4.49,4.33,4.4,3.62,36700
22/02/2011,4.48,4.7,4.25,4.29,3.53,20900
23/02/2011,4.74,4.74,4.03,4.15,3.42,29000
24/02/2011,4.16,4.27,4.16,4.26,3.51,2800
25/02/2011,4.3,4.46,4.12,4.27,3.51,10100
28/02/2011,4.36,4.36,4.08,4.15,3.42,21100
01/03/2011,4.12,4.12,3.99,4.03,3.32,21200
02/03/2011,4.09,4.09,3.65,3.9,3.21,46800
03/03/2011,3.93,4.08,3.92,4.06,3.34,13200
04/03/2011,4.07,4.16,4.02,4.09,3.37,5600
07/03/2011,4.16,4.16,3.9,3.93,3.23,18200
08/03/2011,3.93,4.02,3.82,3.91,3.22,3200
09/03/2011,3.89,4.12,3.4,3.87,3.19,45000
10/03/2011,3.83,3.94,3.83,3.94,3.24,700
11/03/2011,3.78,3.93,3.78,3.92,3.23,600
14/03/2011,3.75,3.84,3.65,3.84,3.16,12100
15/03/2011,3.77,3.9,3.61,3.83,3.15,4600
16/03/2011,3.79,3.91,3.79,3.84,3.16,7200
17/03/2011,3.74,3.87,3.72,3.87,3.19,5500
18/03/2011,3.8,3.91,3.76,3.83,3.15,24300
21/03/2011,3.86,3.94,3.74,3.89,3.2,31700
22/03/2011,4.11,4.13,3.88,4.12,3.39,5600
23/03/2011,4.14,4.14,3.87,4.04,3.33,5600
24/03/2011,4.05,4.1,3.85,3.95,3.25,24800
25/03/2011,4.01,4.07,3.93,3.99,3.28,13300
28/03/2011,4.0,4.0,3.82,3.87,3.19,43000
29/03/2011,3.98,4.0,3.9,3.91,3.22,5200
30/03/2011,3.93,4.0,3.87,3.99,3.28,7000
31/03/2011,4.0,4.0,3.91,3.99,3.28,8700
01/04/2011,3.98,4.0,3.91,3.91,3.22,5000
04/04/2011,3.86,4.0,3.81,3.86,3.18,9300
05/04/2011,3.87,4.07,3.81,4.05,3.33,32800
06/04/2011,3.95,4.07,3.83,4.02,3.31,50100
07/04/2011,4.0,4.03,3.87,3.98,3.28,6100
08/04/2011,3.97,3.97,3.83,3.9,3.21,5700
11/04/2011,3.83,3.96,3.83,3.96,3.26,4800
12/04/2011,3.79,3.98,3.46,3.82,3.14,52700
13/04/2011,3.88,3.98,3.52,3.95,3.25,20900
14/04/2011,3.95,3.97,3.7,3.73,3.07,7600
15/04/2011,3.77,3.94,3.77,3.94,3.24,4600
18/04/2011,3.77,4.03,3.77,3.95,3.25,23000
19/04/2011,3.98,4.02,3.84,3.98,3.28,18000
20/04/2011,4.01,4.01,3.82,3.94,3.24,36000
21/04/2011,3.95,4.03,3.81,4.03,3.32,3000
25/04/2011,4.01,4.01,3.81,3.85,3.17,6300
26/04/2011,3.85,3.85,3.85,3.85,3.17,0
27/04/2011,3.84,3.9,3.84,3.9,3.21,4000
28/04/2011,3.9,3.9,3.74,3.88,3.19,1200
29/04/2011,3.77,3.93,3.77,3.93,3.23,1600
02/05/2011,3.77,3.9,3.77,3.8,3.13,4600
03/05/2011,3.74,3.9,3.61,3.89,3.2,30000
04/05/2011,3.66,3.71,3.55,3.67,3.02,6600
05/05/2011,3.53,3.77,3.49,3.63,2.99,19100
06/05/2011,3.61,3.86,3.61,3.76,3.09,16000
09/05/2011,3.76,3.76,3.76,3.76,3.09,0
10/05/2011,3.63,3.76,3.6,3.75,3.09,3700
11/05/2011,3.7,3.73,3.46,3.67,3.02,12200
12/05/2011,3.85,3.85,3.51,3.64,3.0,3200
13/05/2011,3.53,3.67,3.41,3.41,2.81,14000
16/05/2011,3.36,3.49,3.19,3.39,2.79,16400
17/05/2011,3.2,3.44,3.07,3.34,2.75,12100
18/05/2011,2.96,3.6,2.96,3.6,2.96,42500
19/05/2011,3.55,3.59,3.45,3.58,2.95,1700
20/05/2011,3.56,3.58,3.54,3.58,2.95,12400
23/05/2011,3.3,3.49,3.11,3.49,2.87,37700
24/05/2011,3.45,3.48,3.27,3.43,2.82,28400
25/05/2011,3.41,3.5,3.4,3.5,2.88,26200
26/05/2011,3.29,3.5,3.29,3.5,2.88,1700
27/05/2011,3.3,3.6,3.3,3.6,2.96,11900
31/05/2011,3.51,3.67,3.4,3.67,3.02,8700
01/06/2011,3.69,3.73,3.66,3.73,3.07,3200
02/06/2011,3.73,3.73,3.73,3.73,3.07,0
03/06/2011,3.7,3.72,3.56,3.7,3.05,8600
06/06/2011,3.63,3.7,3.5,3.5,2.88,4300
07/06/2011,3.44,3.68,3.44,3.68,3.03,9300
08/06/2011,3.6,3.6,3.6,3.6,2.96,700
09/06/2011,3.6,3.6,3.6,3.6,2.96,700
10/06/2011,3.5,3.59,3.44,3.53,2.91,3300
13/06/2011,3.47,3.58,3.22,3.55,2.92,15200
14/06/2011,3.54,3.65,3.32,3.65,3.0,12600
15/06/2011,3.48,3.6,3.48,3.6,2.96,500
16/06/2011,3.56,3.56,3.46,3.46,2.85,1300
17/06/2011,3.46,3.5,3.35,3.5,2.88,1000
20/06/2011,3.5,3.5,3.5,3.5,2.88,0
21/06/2011,3.34,3.5,3.34,3.47,2.86,2800
22/06/2011,3.38,3.44,3.38,3.44,2.83,1600
23/06/2011,3.48,3.48,3.38,3.39,2.79,2500
24/06/2011,3.4,3.47,3.3,3.3,2.72,2600
27/06/2011,3.35,3.5,3.35,3.5,2.88,17700
28/06/2011,3.44,3.56,3.43,3.56,2.93,12900
29/06/2011,3.51,3.56,3.5,3.56,2.93,500
30/06/2011,3.47,3.56,3.42,3.56,2.93,2900
01/07/2011,3.55,3.62,3.55,3.62,2.98,2300
05/07/2011,3.59,3.66,3.48,3.61,2.97,4300
06/07/2011,3.65,3.65,3.49,3.54,2.91,7100
07/07/2011,3.63,3.65,3.48,3.65,3.0,6000
08/07/2011,3.53,3.65,3.5,3.64,3.0,4300
11/07/2011,3.58,3.65,3.58,3.65,3.0,600
12/07/2011,3.6,3.72,3.6,3.72,3.06,5500
13/07/2011,3.67,3.67,3.63,3.63,2.99,300
14/07/2011,3.65,3.65,3.64,3.64,3.0,200
15/07/2011,3.48,3.6,3.47,3.6,2.96,600
18/07/2011,3.56,3.6,3.44,3.6,2.96,800
19/07/2011,3.6,3.6,3.6,3.6,2.96,0
20/07/2011,3.6,3.6,3.6,3.6,2.96,0
21/07/2011,3.7,3.87,3.64,3.84,3.16,19000
22/07/2011,3.84,3.84,3.8,3.8,3.13,1100
25/07/2011,3.73,3.83,3.45,3.83,3.15,12500
26/07/2011,3.87,3.87,3.74,3.8,3.13,5200
27/07/2011,3.75,3.85,3.75,3.84,3.16,6600
28/07/2011,3.8,3.85,3.76,3.85,3.17,1000
29/07/2011,3.57,3.87,3.57,3.7,3.05,5100
01/08/2011,3.7,3.8,3.7,3.77,3.1,13000
02/08/2011,3.78,3.8,3.78,3.8,3.13,12000
03/08/2011,3.68,3.8,3.64,3.75,3.09,14700
04/08/2011,3.62,3.78,3.54,3.65,3.0,14600
05/08/2011,3.72,3.8,3.53,3.63,2.99,15100
08/08/2011,3.61,3.81,3.54,3.65,3.0,19400
09/08/2011,3.8,3.86,3.69,3.81,3.14,29700
10/08/2011,3.8,3.94,3.65,3.91,3.22,30100
11/08/2011,3.79,3.94,3.52,3.8,3.13,37200
12/08/2011,3.85,3.94,3.75,3.85,3.17,12500
15/08/2011,3.78,3.89,3.75,3.89,3.2,23300
16/08/2011,3.71,3.9,3.71,3.8,3.13,6300
17/08/2011,3.85,4.37,3.8,4.29,3.53,34800
18/08/2011,4.29,4.29,3.96,4.2,3.46,9400
19/08/2011,4.04,4.11,3.41,4.1,3.37,55900
22/08/2011,4.0,4.0,3.9,3.91,3.22,8000
23/08/2011,3.91,3.91,3.87,3.89,3.2,1600
24/08/2011,3.91,3.91,3.77,3.91,3.22,1400
25/08/2011,3.88,4.1,3.88,4.1,3.37,11300
26/08/2011,4.1,4.1,4.1,4.1,3.37,0
29/08/2011,4.02,4.17,3.96,4.16,3.42,14300
30/08/2011,4.01,4.15,3.94,4.0,3.29,6600
31/08/2011,3.93,3.98,3.9,3.92,3.23,4000
01/09/2011,3.96,4.0,3.83,3.92,3.23,3300
02/09/2011,3.87,4.0,3.77,3.84,3.16,4300
06/09/2011,3.71,3.77,3.63,3.66,3.01,2300
07/09/2011,3.41,3.66,3.41,3.58,2.95,12600
08/09/2011,3.62,3.7,3.62,3.7,3.05,2300
09/09/2011,3.65,3.65,3.55,3.63,2.99,400
12/09/2011,3.3,3.3,3.01,3.3,2.72,17700
13/09/2011,3.23,3.5,3.17,3.5,2.88,11700
14/09/2011,3.32,3.38,3.17,3.18,2.62,6600
15/09/2011,3.21,3.29,3.21,3.24,2.67,1600
16/09/2011,3.17,3.33,3.13,3.13,2.58,800
19/09/2011,3.12,3.12,3.12,3.12,2.57,100
20/09/2011,3.28,3.3,3.16,3.28,2.7,9200
21/09/2011,3.29,3.3,3.21,3.3,2.72,2800
22/09/2011,3.3,3.3,2.67,2.91,2.4,19800
23/09/2011,3.12,3.24,2.94,3.23,2.66,3200
26/09/2011,3.04,3.04,2.9,2.91,2.4,1500
27/09/2011,2.91,3.13,2.91,3.0,2.47,2900
28/09/2011,3.0,3.0,3.0,3.0,2.47,0
29/09/2011,2.95,3.05,2.92,2.99,2.46,2400
30/09/2011,2.95,2.98,2.94,2.94,2.42,900
03/10/2011,2.88,2.88,2.75,2.75,2.26,15300
04/10/2011,2.75,2.75,2.75,2.75,2.26,0
05/10/2011,2.75,2.75,2.75,2.75,2.26,600
06/10/2011,2.86,2.86,2.75,2.75,2.26,1900
07/10/2011,2.91,2.91,2.91,2.91,2.4,300
10/10/2011,2.85,2.85,2.85,2.85,2.35,700
11/10/2011,2.85,3.21,2.85,3.06,2.52,5700
12/10/2011,3.01,3.1,2.96,3.06,2.52,2100
13/10/2011,3.01,3.1,3.01,3.04,2.5,400
14/10/2011,3.06,3.12,3.04,3.12,2.57,300
17/10/2011,3.47,3.53,2.99,3.06,2.52,19900
18/10/2011,3.11,3.21,3.05,3.15,2.59,9300
19/10/2011,3.2,3.22,3.07,3.19,2.63,2100
20/10/2011,3.1,3.21,3.1,3.1,2.55,4900
21/10/2011,3.1,3.1,3.1,3.1,2.55,0
24/10/2011,3.26,3.3,3.26,3.3,2.72,200
25/10/2011,3.38,3.55,3.38,3.55,2.92,1300
26/10/2011,3.5,3.56,3.5,3.56,2.93,5700
27/10/2011,3.62,3.68,3.56,3.65,3.0,10400
28/10/2011,3.64,3.65,3.56,3.65,3.0,2800
31/10/2011,3.56,3.56,3.56,3.56,2.93,400
01/11/2011,3.45,3.55,3.45,3.45,2.84,1400
02/11/2011,3.67,3.74,3.5,3.5,2.88,800
03/11/2011,3.55,3.75,3.53,3.75,3.09,1800
04/11/2011,3.7,3.87,3.69,3.87,3.19,800
07/11/2011,3.87,3.87,3.87,3.87,3.19,0
08/11/2011,3.41,4.2,3.41,4.2,3.46,4000
09/11/2011,4.0,4.0,3.82,3.9,3.21,5700
10/11/2011,3.98,3.98,3.9,3.9,3.21,1300
11/11/2011,3.9,3.9,3.9,3.9,3.21,0
14/11/2011,3.96,3.98,3.9,3.9,3.21,2300
15/11/2011,3.57,3.9,3.57,3.9,3.21,5000
16/11/2011,3.51,3.98,3.33,3.98,3.28,19200
17/11/2011,3.88,3.88,3.73,3.8,3.13,5100
18/11/2011,3.52,3.99,3.52,3.81,3.14,28900
21/11/2011,3.77,3.8,3.53,3.8,3.13,4700
22/11/2011,3.53,3.62,3.53,3.57,2.94,1400
23/11/2011,3.8,3.8,3.8,3.8,3.13,2000
25/11/2011,3.51,3.74,3.18,3.74,3.08,10000
28/11/2011,3.33,3.77,3.32,3.63,2.99,16100
29/11/2011,3.78,3.78,3.62,3.67,3.02,1200
30/11/2011,3.7,3.7,3.35,3.54,2.91,17300
01/12/2011,3.45,3.49,3.37,3.37,2.77,6900
02/12/2011,3.49,3.5,3.49,3.5,2.88,600
05/12/2011,3.35,3.35,3.29,3.35,2.76,7400
06/12/2011,3.17,3.25,3.1,3.22,2.65,10800
07/12/2011,3.15,3.16,3.1,3.15,2.59,13300
08/12/2011,3.1,3.15,3.1,3.15,2.59,3700
09/12/2011,3.1,3.21,3.1,3.11,2.56,2900
12/12/2011,3.1,3.1,2.94,3.02,2.49,15300
13/12/2011,3.01,3.01,2.9,2.95,2.43,31300
14/12/2011,2.9,2.92,2.72,2.88,2.37,8900
15/12/2011,2.79,2.89,2.72,2.8,2.3,7500
16/12/2011,2.83,2.89,2.8,2.89,2.38,8500
19/12/2011,2.85,2.99,2.8,2.99,2.46,2900
20/12/2011,3.0,3.0,2.81,3.0,2.47,11400
21/12/2011,2.98,3.14,2.9,3.14,2.58,9100
22/12/2011,2.99,3.13,2.98,3.13,2.58,14800
23/12/2011,3.11,3.16,2.96,3.16,2.6,9600
27/12/2011,3.5,3.74,3.4,3.74,3.08,22900
28/12/2011,3.85,3.85,3.65,3.79,3.12,77900
29/12/2011,3.74,3.77,3.61,3.61,2.97,24400
30/12/2011,3.82,3.82,3.6,3.76,3.09,40400
03/01/2012,3.66,3.8,3.66,3.76,3.09,800
04/01/2012,3.7,3.8,3.62,3.74,3.08,12400
05/01/2012,3.8,3.8,3.71,3.79,3.12,2700
06/01/2012,3.73,3.8,3.73,3.8,3.13,9800
09/01/2012,3.85,3.92,3.8,3.88,3.19,13100
10/01/2012,3.9,3.98,3.9,3.98,3.28,33900
11/01/2012,3.92,3.99,3.92,3.99,3.28,18400
12/01/2012,4.0,4.0,3.97,3.98,3.28,6200
13/01/2012,3.98,3.98,3.84,3.95,3.25,6700
17/01/2012,4.1,4.1,4.08,4.08,3.36,7400
18/01/2012,4.0,4.0,3.87,3.87,3.19,27700
19/01/2012,3.99,4.01,3.97,4.01,3.3,9000
20/01/2012,4.06,4.33,3.97,4.33,3.56,64200
23/01/2012,4.16,4.29,4.09,4.29,3.53,14500
24/01/2012,4.1,4.27,4.09,4.25,3.5,12800
25/01/2012,4.24,4.3,4.06,4.3,3.54,7500
26/01/2012,4.17,4.3,4.15,4.28,3.52,6000
27/01/2012,4.26,4.3,4.25,4.28,3.52,5000
30/01/2012,4.24,4.24,4.06,4.23,3.48,1900
31/01/2012,4.2,4.25,4.2,4.25,3.5,1500
01/02/2012,4.25,4.25,4.25,4.25,3.5,0
02/02/2012,4.1,4.24,3.87,4.0,3.29,20500
03/02/2012,3.91,4.17,3.91,4.01,3.3,6200
06/02/2012,3.97,3.97,3.9,3.9,3.21,4200
07/02/2012,3.9,3.9,3.9,3.9,3.21,0
08/02/2012,3.9,4.1,3.9,4.02,3.31,9900
09/02/2012,4.04,4.04,4.04,4.04,3.33,300
10/02/2012,3.81,4.1,3.81,4.0,3.29,7100
13/02/2012,3.94,4.13,3.81,3.86,3.18,2400
14/02/2012,3.88,4.05,3.86,4.05,3.33,1400
15/02/2012,3.97,4.02,3.97,3.99,3.28,500
16/02/2012,3.99,3.99,3.99,3.99,3.28,0
17/02/2012,3.87,3.87,3.87,3.87,3.19,300
21/02/2012,4.0,4.01,4.0,4.0,3.29,900
22/02/2012,4.04,4.08,4.0,4.08,3.36,4100
23/02/2012,4.0,4.04,4.0,4.01,3.3,900
24/02/2012,4.01,4.01,4.01,4.01,3.3,100
27/02/2012,4.0,4.02,4.0,4.0,3.29,4300
28/02/2012,3.91,4.05,3.91,3.99,3.28,4800
29/02/2012,4.0,4.0,4.0,4.0,3.29,200
01/03/2012,3.97,3.97,3.97,3.97,3.27,400
02/03/2012,3.95,4.0,3.93,4.0,3.29,800
05/03/2012,4.0,4.0,4.0,4.0,3.29,0
06/03/2012,4.0,4.08,3.82,3.97,3.27,8500
07/03/2012,4.03,4.05,3.95,4.0,3.29,7300
08/03/2012,4.05,4.05,4.05,4.05,3.33,500
09/03/2012,4.05,4.05,4.05,4.05,3.33,0
12/03/2012,4.0,4.0,3.8,3.85,3.17,11500
13/03/2012,3.7,3.7,3.45,3.69,3.04,16500
14/03/2012,3.5,3.8,3.49,3.75,3.09,48300
15/03/2012,3.53,3.7,3.53,3.65,3.0,9500
16/03/2012,3.6,3.6,3.49,3.5,2.88,5900
19/03/2012,3.39,3.5,3.33,3.33,2.74,18100
20/03/2012,3.35,3.41,3.33,3.36,2.77,63100
21/03/2012,3.3,3.33,3.03,3.04,2.5,32600
22/03/2012,3.1,3.2,3.1,3.13,2.58,19000
23/03/2012,3.12,3.42,3.1,3.42,2.81,24400
26/03/2012,3.37,3.5,3.32,3.4,2.8,6800
27/03/2012,3.5,3.6,3.5,3.6,2.96,13100
28/03/2012,3.51,3.58,3.5,3.5,2.88,5400
29/03/2012,3.51,3.52,3.51,3.52,2.9,300
30/03/2012,3.52,3.52,3.52,3.52,2.9,100
02/04/2012,3.55,3.57,3.5,3.57,2.94,1400
03/04/2012,3.44,3.51,3.44,3.46,2.85,300
04/04/2012,3.38,3.6,3.38,3.59,2.95,1500
05/04/2012,3.6,3.6,3.6,3.6,2.96,2100
09/04/2012,3.56,3.56,3.4,3.43,2.82,800
10/04/2012,3.5,3.5,3.41,3.41,2.81,1600
11/04/2012,3.27,3.28,3.25,3.28,2.7,600
12/04/2012,3.33,3.5,3.31,3.31,2.72,2800
13/04/2012,3.31,3.31,3.31,3.31,2.72,0
16/04/2012,3.31,3.31,3.31,3.31,2.72,0
17/04/2012,3.44,3.45,3.44,3.45,2.84,1200
18/04/2012,3.38,3.38,3.33,3.33,2.74,500
19/04/2012,3.33,3.58,3.33,3.52,2.9,4300
20/04/2012,3.49,3.49,3.49,3.49,2.87,300
23/04/2012,3.46,3.58,3.46,3.57,2.94,1100
24/04/2012,3.57,3.57,3.55,3.55,2.92,400
25/04/2012,3.56,3.56,3.55,3.55,2.92,200
26/04/2012,3.55,3.55,3.55,3.55,2.92,0
27/04/2012,3.41,3.42,3.32,3.34,2.75,1000
30/04/2012,3.35,3.35,3.34,3.34,2.75,600
01/05/2012,3.52,3.52,3.52,3.52,2.9,200
02/05/2012,3.5,3.5,3.5,3.5,2.88,100
03/05/2012,3.5,3.5,3.5,3.5,2.88,0
04/05/2012,3.5,3.5,3.5,3.5,2.88,0
07/05/2012,3.5,3.5,3.5,3.5,2.88,0
08/05/2012,3.47,4.1,3.45,3.95,3.25,79300
09/05/2012,3.78,4.02,3.75,3.9,3.21,38000
10/05/2012,3.86,3.9,3.73,3.8,3.13,3000
11/05/2012,3.79,3.8,3.79,3.8,3.13,200
14/05/2012,3.8,3.95,3.8,3.95,3.25,60800
15/05/2012,3.88,4.0,3.71,3.73,3.07,39000
16/05/2012,3.82,3.99,3.74,3.76,3.09,3300
17/05/2012,3.65,3.85,3.55,3.85,3.17,28200
18/05/2012,3.7,3.84,3.59,3.59,2.95,2100
21/05/2012,3.63,4.0,3.63,3.95,3.25,32200
22/05/2012,3.97,4.01,3.95,3.98,3.28,9700
23/05/2012,3.83,3.85,3.68,3.85,3.17,2100
24/05/2012,3.84,3.9,3.7,3.7,3.05,10700
25/05/2012,3.72,3.82,3.72,3.81,3.14,700
29/05/2012,3.79,3.99,3.79,3.98,3.28,93800
30/05/2012,3.93,3.93,3.9,3.9,3.21,1400
31/05/2012,3.88,4.0,3.86,3.99,3.28,13200
01/06/2012,3.91,4.0,3.8,3.86,3.18,1900
04/06/2012,4.09,4.1,3.65,3.65,3.0,79100
05/06/2012,3.64,3.9,3.62,3.71,3.05,145200
06/06/2012,3.8,3.85,3.71,3.72,3.06,42800
07/06/2012,3.81,3.84,3.67,3.79,3.12,5400
08/06/2012,3.76,3.85,3.76,3.76,3.09,13700
11/06/2012,3.8,4.12,3.79,4.02,3.31,215600
12/06/2012,4.05,4.05,3.92,4.0,3.29,22800
13/06/2012,3.93,4.04,3.9,3.95,3.25,23700
14/06/2012,3.95,4.07,3.95,3.95,3.25,86000
15/06/2012,3.99,4.04,3.95,3.95,3.25,63800
18/06/2012,3.97,4.48,3.83,3.96,3.26,86100
19/06/2012,3.89,4.0,3.7,3.95,3.25,47600
20/06/2012,3.99,4.0,3.92,4.0,3.29,38500
21/06/2012,4.0,4.04,3.95,4.01,3.3,59100
22/06/2012,4.02,4.02,3.71,3.85,3.17,1618000
25/06/2012,3.83,3.9,3.64,3.82,3.14,24400
26/06/2012,3.8,3.84,3.61,3.69,3.04,22100
27/06/2012,3.86,3.89,3.63,3.8,3.13,27000
28/06/2012,3.8,3.95,3.51,3.93,3.23,116200
29/06/2012,3.93,3.94,3.51,3.6,2.96,85900
02/07/2012,3.67,4.03,3.59,4.0,3.29,30700
03/07/2012,3.96,3.99,3.63,3.96,3.26,15200
05/07/2012,3.9,3.97,3.88,3.95,3.25,7700
06/07/2012,3.89,3.94,3.81,3.88,3.19,7500
09/07/2012,3.88,3.88,3.51,3.56,2.93,30200
10/07/2012,3.58,3.9,3.56,3.88,3.19,28100
11/07/2012,3.9,3.93,3.74,3.93,3.23,21400
12/07/2012,3.91,3.91,3.77,3.87,3.19,11500
13/07/2012,3.87,3.98,3.86,3.98,3.28,20300
16/07/2012,4.0,4.0,3.93,3.94,3.24,6500
17/07/2012,3.98,4.0,3.93,3.99,3.28,19200
18/07/2012,3.86,4.0,3.86,3.95,3.25,28300
19/07/2012,3.99,4.0,3.86,3.88,3.19,10600
20/07/2012,3.96,3.96,3.75,3.9,3.21,13700
23/07/2012,3.75,3.92,3.7,3.8,3.13,14800
24/07/2012,3.82,3.82,3.51,3.58,2.95,23700
25/07/2012,3.61,3.61,3.5,3.55,2.92,8200
26/07/2012,3.51,3.65,3.4,3.59,2.95,16100
27/07/2012,3.58,3.66,3.46,3.65,3.0,14800
30/07/2012,3.66,3.69,3.55,3.59,2.95,5700
31/07/2012,3.57,3.58,3.5,3.52,2.9,11600
01/08/2012,3.52,3.58,3.4,3.42,2.81,38600
02/08/2012,3.65,3.65,3.43,3.5,2.88,13000
03/08/2012,3.58,3.6,3.52,3.59,2.95,9200
06/08/2012,3.57,3.77,3.57,3.72,3.06,6800
07/08/2012,3.71,3.75,3.53,3.66,3.01,13800
08/08/2012,3.6,3.6,3.41,3.57,2.94,7400
09/08/2012,3.54,3.55,3.4,3.48,2.86,10200
10/08/2012,3.49,3.69,3.49,3.64,3.0,4500
13/08/2012,3.66,3.95,3.65,3.91,3.22,35000
14/08/2012,3.93,4.07,3.75,3.8,3.13,80800
15/08/2012,3.94,4.0,3.83,3.95,3.25,11500
16/08/2012,3.95,4.0,3.92,3.94,3.24,10300
17/08/2012,3.91,4.0,3.87,4.0,3.29,15400
20/08/2012,3.95,3.95,3.57,3.65,3.0,33400
21/08/2012,3.73,3.73,3.53,3.54,2.91,21400
22/08/2012,3.52,3.57,3.5,3.5,2.88,3100
23/08/2012,3.53,3.53,3.44,3.44,2.83,2600
24/08/2012,3.41,3.53,3.4,3.52,2.9,11500
27/08/2012,3.57,3.57,3.4,3.51,2.89,5700
28/08/2012,3.43,3.8,3.43,3.8,3.13,14000
29/08/2012,3.71,3.76,3.67,3.76,3.09,7700
30/08/2012,3.74,3.74,3.56,3.56,2.93,2100
31/08/2012,3.63,3.75,3.55,3.75,3.09,3200
04/09/2012,3.66,3.73,3.55,3.73,3.07,8300
05/09/2012,3.68,3.68,3.5,3.6,2.96,16000
06/09/2012,3.59,3.95,3.59,3.84,3.16,41200
07/09/2012,3.86,3.86,3.68,3.72,3.06,23500
10/09/2012,3.76,3.81,3.57,3.7,3.05,30800
11/09/2012,3.68,3.7,3.52,3.65,3.0,23400
12/09/2012,3.7,3.7,3.52,3.65,3.0,33200
13/09/2012,3.58,3.77,3.58,3.75,3.09,51900
14/09/2012,3.61,3.7,3.59,3.65,3.0,29100
17/09/2012,3.63,3.76,3.59,3.72,3.06,24400
18/09/2012,3.76,3.79,3.65,3.68,3.03,85400
19/09/2012,3.64,3.88,3.64,3.73,3.07,125400
20/09/2012,3.73,3.86,3.64,3.66,3.01,12800
21/09/2012,3.76,3.84,3.61,3.75,3.09,32400
24/09/2012,3.73,3.75,3.67,3.7,3.05,16500
25/09/2012,3.76,3.82,3.66,3.78,3.11,31900
26/09/2012,3.8,3.93,3.69,3.74,3.08,38400
27/09/2012,3.74,3.81,3.61,3.7,3.05,39200
28/09/2012,3.68,3.73,3.61,3.64,3.0,21500
01/10/2012,3.61,3.74,3.61,3.69,3.04,22300
02/10/2012,3.69,3.8,3.63,3.69,3.04,17000
03/10/2012,3.8,3.8,3.63,3.63,2.99,6600
04/10/2012,3.69,3.79,3.65,3.68,3.03,24900
05/10/2012,3.69,3.79,3.55,3.6,2.96,33600
08/10/2012,3.58,3.63,3.5,3.54,2.91,35700
09/10/2012,3.56,3.64,3.56,3.62,2.98,14000
10/10/2012,3.61,3.65,3.35,3.38,2.78,79700
11/10/2012,3.4,3.45,3.35,3.37,2.77,4000
12/10/2012,3.36,3.48,3.33,3.38,2.78,26300
15/10/2012,3.39,3.48,3.38,3.4,2.8,102200
16/10/2012,3.45,3.48,3.35,3.4,2.8,148400
17/10/2012,3.38,3.47,3.38,3.46,2.85,5500
18/10/2012,3.47,3.49,3.37,3.38,2.78,11100
19/10/2012,3.36,3.44,3.34,3.34,2.75,26000
22/10/2012,3.33,3.43,3.24,3.25,2.67,147700
23/10/2012,3.28,3.38,3.26,3.33,2.74,8100
24/10/2012,3.35,3.35,3.24,3.24,2.67,32200
25/10/2012,3.28,3.29,3.22,3.28,2.7,3300
26/10/2012,3.27,3.32,3.2,3.29,2.71,8200
31/10/2012,3.3,3.45,3.3,3.45,2.84,11300
01/11/2012,3.5,3.57,3.41,3.51,2.89,31900
02/11/2012,3.5,3.53,3.38,3.41,2.81,13200
05/11/2012,3.35,3.54,3.35,3.48,2.86,9200
06/11/2012,3.47,3.56,3.47,3.55,2.92,4400
07/11/2012,3.51,3.51,3.31,3.32,2.73,16800
08/11/2012,3.38,3.39,3.2,3.2,2.63,19300
09/11/2012,3.21,3.3,3.16,3.2,2.63,11500
12/11/2012,3.23,3.31,3.23,3.25,2.67,4300
13/11/2012,3.57,3.69,3.54,3.55,2.92,30700
14/11/2012,3.3,3.4,3.29,3.38,2.78,14700
15/11/2012,3.51,3.69,3.51,3.58,2.95,15000
16/11/2012,3.52,3.52,3.42,3.46,2.85,121400
19/11/2012,3.54,3.61,3.46,3.5,2.88,110600
20/11/2012,3.51,3.63,3.48,3.6,2.96,35200
21/11/2012,3.7,3.7,3.53,3.63,2.99,17100
23/11/2012,3.62,3.69,3.54,3.65,3.0,11500
26/11/2012,3.63,3.65,3.5,3.61,2.97,57200
27/11/2012,3.6,3.65,3.53,3.59,2.95,36400
28/11/2012,3.57,3.57,3.45,3.49,2.87,72800
29/11/2012,3.61,3.75,3.57,3.75,3.09,324200
30/11/2012,3.76,3.76,3.61,3.71,3.05,13300
03/12/2012,3.79,3.84,3.63,3.84,3.16,147000
04/12/2012,3.83,3.93,3.77,3.86,3.18,28800
05/12/2012,3.86,3.92,3.69,3.86,3.18,149200
06/12/2012,3.89,3.89,3.78,3.87,3.19,32500
07/12/2012,3.89,3.91,3.82,3.88,3.19,23500
10/12/2012,3.85,4.02,3.85,3.95,3.25,384800
11/12/2012,4.0,4.0,3.86,4.0,3.29,86900
12/12/2012,4.0,4.0,3.9,3.94,3.24,93900
13/12/2012,3.9,4.0,3.82,3.9,3.21,185400
14/12/2012,3.88,3.98,3.88,3.97,3.27,35000
17/12/2012,4.0,4.0,3.92,3.99,3.28,78100
18/12/2012,4.0,4.1,3.95,4.09,3.37,1190300
19/12/2012,4.0,4.09,3.96,4.0,3.29,361500
20/12/2012,4.0,4.17,3.97,4.08,3.36,349200
21/12/2012,3.99,4.07,3.95,4.01,3.3,199700
24/12/2012,3.95,4.01,3.92,3.97,3.27,81400
26/12/2012,3.96,4.0,3.95,4.0,3.29,34700
27/12/2012,3.99,4.03,3.98,3.98,3.28,95400
28/12/2012,3.99,4.0,3.96,3.99,3.28,21000
31/12/2012,3.96,4.08,3.96,4.0,3.29,105300
02/01/2013,4.0,4.15,3.99,4.04,3.33,154300
03/01/2013,4.04,4.04,3.97,3.99,3.28,67200
04/01/2013,4.0,4.02,3.97,4.0,3.29,58700
07/01/2013,3.97,4.18,3.93,4.18,3.44,297100
08/01/2013,4.18,4.43,4.18,4.42,3.64,63100
09/01/2013,4.45,4.49,4.34,4.4,3.62,86500
10/01/2013,4.42,4.42,4.32,4.37,3.6,22800
11/01/2013,4.39,4.39,4.13,4.27,3.51,60900
14/01/2013,4.25,4.29,4.13,4.15,3.42,81900
15/01/2013,4.1,4.11,3.98,4.0,3.29,161300
16/01/2013,4.02,4.15,4.01,4.05,3.33,298500
17/01/2013,4.08,4.35,4.07,4.27,3.51,123200
18/01/2013,4.27,4.69,4.25,4.62,3.8,149600
22/01/2013,4.6,4.7,4.53,4.6,3.79,125000
23/01/2013,4.6,4.63,4.51,4.61,3.79,65100
24/01/2013,4.57,5.62,4.57,4.8,3.95,215700
25/01/2013,4.8,4.95,4.6,4.79,4.07,146400
28/01/2013,4.79,5.03,4.74,5.03,4.27,149800
29/01/2013,5.0,5.01,4.86,4.88,4.15,133200
30/01/2013,4.92,5.03,4.82,4.99,4.24,81500
31/01/2013,5.0,5.09,4.93,5.0,4.25,91100
01/02/2013,5.03,5.07,4.84,4.99,4.24,163100
04/02/2013,4.91,5.0,4.82,4.85,4.12,115100
05/02/2013,4.9,4.96,4.87,4.9,4.16,34800
06/02/2013,4.88,4.9,4.8,4.87,4.14,33600
07/02/2013,4.88,4.89,4.84,4.86,4.13,30300
08/02/2013,4.87,4.95,4.84,4.9,4.16,27300
11/02/2013,4.93,4.93,4.66,4.73,4.02,84800
12/02/2013,4.62,4.86,4.62,4.74,4.03,26700
13/02/2013,4.75,4.79,4.66,4.73,4.02,15400
14/02/2013,4.7,4.74,4.65,4.69,3.98,25500
15/02/2013,4.73,4.79,4.64,4.78,4.06,45300
19/02/2013,4.82,4.95,4.78,4.9,4.16,38400
20/02/2013,4.95,4.96,4.81,4.86,4.13,78400
21/02/2013,4.87,4.91,4.82,4.88,4.15,29500
22/02/2013,4.9,4.91,4.86,4.9,4.16,61500
25/02/2013,4.94,4.94,4.73,4.76,4.04,34200
26/02/2013,4.87,4.98,4.83,4.94,4.2,51600
27/02/2013,4.98,5.0,4.85,4.9,4.16,91400
28/02/2013,4.89,4.89,4.79,4.83,4.1,47600
01/03/2013,4.78,4.84,4.72,4.83,4.1,23800
04/03/2013,4.8,4.9,4.8,4.87,4.14,10400
05/03/2013,4.98,5.22,4.67,4.91,4.17,434600
06/03/2013,4.95,5.01,4.91,5.0,4.25,14500
07/03/2013,5.0,5.06,4.97,5.05,4.29,43200
08/03/2013,5.1,5.16,5.05,5.15,4.38,59600
11/03/2013,5.2,5.35,5.06,5.21,4.43,141500
12/03/2013,5.29,5.57,5.26,5.42,4.6,359700
13/03/2013,5.25,5.5,5.25,5.39,4.58,67700
14/03/2013,5.4,5.54,5.26,5.48,4.66,254500
15/03/2013,5.45,5.48,5.35,5.41,4.6,61400
18/03/2013,5.41,5.41,5.22,5.28,4.49,61600
19/03/2013,5.29,5.34,5.02,5.2,4.42,87100
20/03/2013,5.25,5.29,5.2,5.29,4.49,18800
21/03/2013,5.27,5.27,5.17,5.18,4.4,31500
22/03/2013,5.22,5.3,5.18,5.29,4.49,22700
25/03/2013,5.27,5.4,5.19,5.24,4.45,38700
26/03/2013,5.29,5.33,5.19,5.3,4.5,13900
27/03/2013,5.38,5.49,5.32,5.46,4.64,30200
28/03/2013,5.48,5.48,5.38,5.44,4.62,31200
01/04/2013,5.44,5.5,5.22,5.24,4.45,35200
02/04/2013,5.38,5.43,5.31,5.36,4.55,22800
03/04/2013,5.42,5.44,5.25,5.26,4.47,36400
04/04/2013,5.28,5.36,5.28,5.34,4.54,12400
05/04/2013,5.27,5.42,5.25,5.34,4.54,15300
08/04/2013,5.34,5.94,5.3,5.77,4.9,306900
09/04/2013,5.8,5.9,5.53,5.66,4.81,129100
10/04/2013,5.7,5.95,5.65,5.77,4.9,129100
11/04/2013,5.75,5.92,5.62,5.65,4.8,72800
12/04/2013,5.69,5.69,5.55,5.55,4.72,22800
15/04/2013,5.53,5.53,5.18,5.21,4.43,117500
16/04/2013,5.25,5.49,5.23,5.48,4.66,77500
17/04/2013,5.41,5.41,5.24,5.34,4.54,27600
18/04/2013,5.45,5.5,5.3,5.45,4.63,39600
19/04/2013,5.44,5.7,5.44,5.59,4.75,62700
22/04/2013,5.65,5.77,5.42,5.6,4.76,40400
23/04/2013,5.63,5.68,5.59,5.62,4.77,35100
24/04/2013,5.67,5.72,5.6,5.7,4.84,42800
25/04/2013,5.71,5.72,5.56,5.59,4.75,27200
26/04/2013,5.57,5.72,5.57,5.71,4.85,21900
29/04/2013,5.8,5.84,5.72,5.78,4.91,50600
30/04/2013,5.81,5.86,5.71,5.79,4.92,40700
01/05/2013,5.78,5.79,5.6,5.64,4.79,90100
02/05/2013,5.69,5.7,5.61,5.65,4.8,25400
03/05/2013,5.73,5.75,5.63,5.68,4.83,33100
06/05/2013,5.7,5.7,5.58,5.64,4.79,108200
07/05/2013,5.7,5.71,5.54,5.57,4.73,107300
08/05/2013,5.61,5.66,5.5,5.58,4.74,36700
09/05/2013,5.56,5.76,5.46,5.49,4.66,24800
10/05/2013,5.51,5.65,5.25,5.4,4.59,70700
13/05/2013,5.5,5.5,5.26,5.26,4.47,30500
14/05/2013,5.22,5.29,5.09,5.25,4.46,43000
15/05/2013,5.18,5.18,4.88,5.08,4.32,108800
16/05/2013,5.03,5.25,4.91,5.22,4.43,273600
17/05/2013,5.23,5.42,5.13,5.23,4.44,149700
20/05/2013,5.24,5.35,5.09,5.27,4.48,297800
21/05/2013,5.31,5.36,5.24,5.34,4.54,58500
22/05/2013,5.36,5.37,5.2,5.27,4.48,48200
23/05/2013,5.19,5.34,5.19,5.27,4.48,13400
24/05/2013,5.25,5.25,5.07,5.14,4.37,35800
28/05/2013,5.17,5.43,5.17,5.38,4.57,139700
29/05/2013,5.4,5.4,5.26,5.32,4.52,34100
30/05/2013,5.32,5.41,5.25,5.32,4.52,10700
31/05/2013,5.27,5.27,5.13,5.18,4.4,119600
03/06/2013,5.23,5.39,5.03,5.32,4.52,154800
04/06/2013,5.34,5.35,5.21,5.32,4.52,21200
05/06/2013,5.24,5.33,5.15,5.3,4.5,53700
06/06/2013,5.28,5.4,5.25,5.4,4.59,24900
07/06/2013,5.4,5.4,5.27,5.36,4.55,17400
10/06/2013,5.42,5.42,5.32,5.37,4.56,14800
11/06/2013,5.29,5.4,5.29,5.34,4.54,6800
12/06/2013,5.33,5.42,5.3,5.38,4.57,35600
13/06/2013,5.41,5.5,5.41,5.5,4.67,22000
14/06/2013,5.5,5.5,5.32,5.36,4.55,6800
17/06/2013,5.47,5.7,5.44,5.7,4.84,57600
18/06/2013,5.69,5.89,5.59,5.87,4.99,71000
19/06/2013,5.83,5.97,5.73,5.84,4.96,47500
20/06/2013,5.72,5.75,5.65,5.72,4.86,47100
21/06/2013,5.73,5.73,5.36,5.68,4.83,47000
24/06/2013,5.63,5.75,5.57,5.74,4.88,81500
25/06/2013,5.75,5.75,5.61,5.74,4.88,23300
26/06/2013,5.74,5.75,5.65,5.71,4.85,22100
27/06/2013,5.73,5.74,5.65,5.7,4.84,32800
28/06/2013,5.65,5.75,5.56,5.74,4.88,453400
01/07/2013,5.75,5.8,5.63,5.7,4.84,49500
02/07/2013,5.73,5.74,5.63,5.67,4.82,19500
03/07/2013,5.71,5.74,5.7,5.72,4.86,7700
05/07/2013,5.72,5.74,5.24,5.7,4.84,26900
08/07/2013,5.75,5.95,5.71,5.93,5.04,69500
09/07/2013,5.93,5.94,5.71,5.89,5.0,39400
10/07/2013,5.93,6.02,5.87,5.89,5.0,75100
11/07/2013,5.96,5.96,5.8,5.88,5.0,24800
12/07/2013,5.85,5.89,5.77,5.85,4.97,10300
15/07/2013,5.94,6.18,5.93,6.08,5.17,77100
16/07/2013,6.1,6.12,5.93,5.97,5.07,13700
17/07/2013,6.04,6.17,5.99,6.14,5.22,63700
18/07/2013,6.18,6.18,5.95,6.06,5.15,46100
19/07/2013,6.04,6.07,5.89,5.96,5.06,28600
22/07/2013,6.0,6.0,5.92,5.96,5.06,48600
23/07/2013,5.9,5.97,5.82,5.88,5.0,36100
24/07/2013,5.89,6.01,5.88,5.97,5.07,33300
25/07/2013,5.92,6.02,5.92,6.0,5.1,31200
26/07/2013,5.95,6.03,5.88,6.0,5.1,12500
29/07/2013,5.99,5.99,5.86,5.87,4.99,8500
30/07/2013,5.91,5.99,5.84,5.86,4.98,15000
31/07/2013,5.9,6.02,5.89,5.95,5.06,27600
01/08/2013,5.97,6.02,5.93,5.99,5.09,34800
02/08/2013,5.95,6.0,5.93,5.93,5.04,9000
05/08/2013,6.04,6.04,5.9,5.91,5.02,38400
06/08/2013,6.01,6.06,5.83,5.88,5.0,44900
07/08/2013,5.92,5.97,5.79,5.81,4.94,24800
08/08/2013,5.86,5.9,5.64,5.66,4.81,43600
09/08/2013,5.67,5.71,5.59,5.65,4.8,14300
12/08/2013,5.64,5.7,5.62,5.63,4.78,11400
13/08/2013,5.59,5.68,5.33,5.64,4.79,25600
14/08/2013,5.57,5.62,5.49,5.53,4.7,24200
15/08/2013,5.49,5.49,5.26,5.35,4.55,91600
16/08/2013,5.31,5.46,5.29,5.4,4.59,24900
19/08/2013,5.38,5.49,5.38,5.4,4.59,17200
20/08/2013,5.42,5.56,5.4,5.53,4.7,6900
21/08/2013,5.47,5.71,5.47,5.56,4.72,38700
22/08/2013,5.52,5.75,5.52,5.71,4.85,10600
23/08/2013,5.71,5.75,5.56,5.7,4.84,7600
26/08/2013,5.67,5.74,5.61,5.72,4.86,18700
27/08/2013,5.6,5.65,5.44,5.51,4.68,56200
28/08/2013,5.48,5.54,5.26,5.36,4.55,25400
29/08/2013,5.46,5.66,5.43,5.47,4.65,46000
30/08/2013,5.45,5.55,5.45,5.48,4.66,87700
03/09/2013,5.6,6.05,5.49,6.03,5.12,272700
04/09/2013,6.03,6.18,5.93,5.96,5.06,24500
05/09/2013,5.95,5.96,5.76,5.88,5.0,7300
06/09/2013,5.9,5.9,5.66,5.85,4.97,14500
09/09/2013,5.89,6.15,5.85,6.11,5.19,139600
10/09/2013,6.19,6.19,6.0,6.12,5.2,273000
11/09/2013,6.04,6.24,5.97,5.97,5.07,220400
12/09/2013,6.02,6.13,5.95,6.02,5.11,239500
13/09/2013,6.02,6.11,5.91,6.06,5.15,7600
16/09/2013,6.0,6.16,5.99,6.13,5.21,563800
17/09/2013,6.18,6.2,6.07,6.19,5.26,37700
18/09/2013,6.19,6.19,6.11,6.18,5.25,18600
19/09/2013,6.18,6.24,6.05,6.17,5.24,25100
20/09/2013,6.18,6.18,6.07,6.12,5.2,48400
23/09/2013,6.16,6.16,6.09,6.11,5.19,158100
24/09/2013,6.15,6.16,6.11,6.16,5.23,31900
25/09/2013,6.15,6.16,6.07,6.09,5.17,17200
26/09/2013,6.11,6.15,6.09,6.13,5.21,6600
27/09/2013,6.08,6.13,6.03,6.1,5.18,6700
30/09/2013,6.1,6.13,5.97,6.05,5.14,55600
01/10/2013,6.09,6.25,6.06,6.23,5.29,29000
02/10/2013,6.21,6.27,6.1,6.15,5.22,33000
03/10/2013,6.12,6.15,5.85,5.94,5.05,34900
04/10/2013,5.9,6.25,5.9,6.03,5.12,56000
07/10/2013,6.1,6.28,6.04,6.16,5.23,52500
08/10/2013,6.21,6.21,6.01,6.06,5.15,23400
09/10/2013,6.1,6.3,6.06,6.22,5.28,88300
10/10/2013,6.34,6.41,6.25,6.39,5.43,45800
11/10/2013,6.39,6.88,6.34,6.68,5.68,198900
14/10/2013,6.67,6.86,6.66,6.84,5.81,45700
15/10/2013,6.88,6.92,6.52,6.66,5.66,156700
16/10/2013,6.8,6.83,6.64,6.66,5.66,74000
17/10/2013,6.7,6.7,6.52,6.59,5.6,38200
18/10/2013,6.65,6.65,6.55,6.64,5.64,34500
21/10/2013,6.67,6.69,6.51,6.53,5.55,67100
22/10/2013,6.54,6.59,6.45,6.49,5.51,60500
23/10/2013,6.48,6.74,6.47,6.58,5.59,193700
24/10/2013,6.58,6.66,6.5,6.56,5.57,70200
25/10/2013,6.55,6.56,6.48,6.54,5.56,16600
28/10/2013,6.6,6.67,6.47,6.6,5.61,56000
29/10/2013,6.67,6.77,6.57,6.6,5.61,36300
30/10/2013,6.62,6.63,6.47,6.52,5.54,34600
31/10/2013,6.57,6.6,6.42,6.45,5.48,37400
01/11/2013,6.43,6.45,6.2,6.37,5.41,86900
04/11/2013,6.43,6.6,6.36,6.42,5.45,45500
05/11/2013,6.43,6.45,6.38,6.43,5.46,13100
06/11/2013,6.48,6.61,6.44,6.53,5.55,69400
07/11/2013,6.54,6.71,6.4,6.51,5.53,37900
08/11/2013,6.5,6.75,6.5,6.73,5.72,20400
11/11/2013,6.8,6.93,6.78,6.86,5.83,32100
12/11/2013,6.92,6.97,6.75,6.87,5.84,46000
13/11/2013,6.89,6.89,6.64,6.65,5.65,85300
14/11/2013,6.82,6.82,6.25,6.28,5.34,1351500
15/11/2013,6.3,6.46,6.26,6.36,5.4,611500
18/11/2013,6.49,6.97,6.44,6.73,5.72,1107800
19/11/2013,6.72,7.11,6.64,7.09,6.02,905900
20/11/2013,7.09,7.27,6.8,6.93,5.89,414500
21/11/2013,7.0,7.05,6.47,6.51,5.53,436600
22/11/2013,6.55,6.78,6.48,6.68,5.68,360200
25/11/2013,6.95,6.96,6.78,6.78,5.76,288000
26/11/2013,6.94,6.99,6.79,6.84,5.81,263800
27/11/2013,6.9,6.99,6.86,6.94,5.9,124700
29/11/2013,6.97,7.11,6.84,7.06,6.0,159100
02/12/2013,7.12,7.21,7.01,7.03,5.97,223800
03/12/2013,7.1,7.16,6.92,6.99,5.94,254100
04/12/2013,7.01,7.16,7.01,7.14,6.07,115800
05/12/2013,7.11,7.17,7.06,7.14,6.07,60700
06/12/2013,7.15,7.19,7.07,7.1,6.03,276100
09/12/2013,7.04,7.1,7.04,7.07,6.01,72900
10/12/2013,7.04,7.07,6.86,6.98,5.93,203300
11/12/2013,6.96,7.12,6.93,7.0,5.95,272000
12/12/2013,7.14,7.38,6.97,7.25,6.16,429900
13/12/2013,7.25,7.32,7.23,7.29,6.19,252100
16/12/2013,7.34,7.47,7.34,7.46,6.34,171600
17/12/2013,7.65,7.88,7.64,7.69,6.53,291100
18/12/2013,7.68,7.73,7.64,7.69,6.53,221600
19/12/2013,7.71,7.71,7.43,7.51,6.38,137500
20/12/2013,7.54,7.72,7.53,7.65,6.5,381400
23/12/2013,7.83,7.85,7.69,7.77,6.6,479300
24/12/2013,7.75,7.75,7.66,7.68,6.52,46800
26/12/2013,7.75,7.82,7.69,7.71,6.55,78700
27/12/2013,7.78,7.87,7.69,7.7,6.54,109000
30/12/2013,7.74,7.85,7.55,7.66,6.51,108700
31/12/2013,7.71,7.82,7.64,7.71,6.55,119900
02/01/2014,7.74,7.78,7.52,7.53,6.4,82000
03/01/2014,7.55,7.72,7.55,7.69,6.53,61200
06/01/2014,7.66,7.74,7.53,7.58,6.44,136000
07/01/2014,7.64,7.7,7.55,7.6,6.46,214900
08/01/2014,7.58,7.58,7.43,7.5,6.37,56100
09/01/2014,7.52,7.54,7.3,7.4,6.29,74700
10/01/2014,7.38,7.46,7.25,7.42,6.3,160500
13/01/2014,7.51,7.57,7.41,7.47,6.35,102800
14/01/2014,7.5,7.52,7.43,7.51,6.38,85800
15/01/2014,7.5,7.51,7.42,7.46,6.34,102200
16/01/2014,7.41,7.54,7.4,7.45,6.33,104800
17/01/2014,7.43,7.5,7.4,7.45,6.33,47900
21/01/2014,7.46,7.49,7.31,7.41,6.3,272500
22/01/2014,7.37,7.39,7.31,7.38,6.27,100300
23/01/2014,7.49,7.49,7.21,7.26,6.17,57500
24/01/2014,7.23,7.24,6.92,7.06,6.0,87300
27/01/2014,7.03,7.04,6.63,6.77,5.75,116100
28/01/2014,6.74,6.9,6.71,6.82,5.79,84300
29/01/2014,6.87,6.94,6.8,6.91,5.87,189300
30/01/2014,7.0,7.29,7.0,7.11,6.04,124900
31/01/2014,7.01,7.09,6.95,7.06,6.0,54600
03/02/2014,7.01,7.02,6.6,6.73,5.72,125400
04/02/2014,6.77,7.08,6.7,6.92,5.88,127200
05/02/2014,6.91,7.31,6.69,7.16,6.08,132600
06/02/2014,7.21,7.46,7.06,7.19,6.11,116100
07/02/2014,7.22,7.36,7.17,7.3,6.2,126400
10/02/2014,7.25,7.25,7.07,7.11,6.04,69700
11/02/2014,7.25,7.3,7.12,7.27,6.18,132800
12/02/2014,7.25,7.28,7.17,7.22,6.13,51700
13/02/2014,7.17,7.32,7.15,7.19,6.11,45900
14/02/2014,7.2,7.28,7.13,7.23,6.14,56500
18/02/2014,7.35,7.35,7.27,7.35,6.24,124100
19/02/2014,7.3,7.32,7.08,7.1,6.03,63900
20/02/2014,7.08,7.19,7.07,7.19,6.11,79400
21/02/2014,7.18,7.27,7.13,7.18,6.1,54700
24/02/2014,7.16,7.27,7.14,7.16,6.08,97500
25/02/2014,7.2,7.37,7.07,7.23,6.14,76700
26/02/2014,7.21,7.28,7.06,7.16,6.08,123600
27/02/2014,7.3,7.35,7.2,7.31,6.21,142100
28/02/2014,7.34,7.6,7.28,7.59,6.45,135900
03/03/2014,7.62,7.68,7.42,7.54,6.41,211200
04/03/2014,7.64,7.99,7.61,7.83,6.65,399800
05/03/2014,7.87,8.17,7.83,8.14,6.92,125400
06/03/2014,8.2,8.24,8.07,8.09,6.87,90900
07/03/2014,8.16,8.21,8.03,8.21,6.98,97900
10/03/2014,8.25,8.47,8.16,8.25,7.01,159500
11/03/2014,8.22,8.32,8.01,8.16,6.93,117200
12/03/2014,8.08,8.3,8.05,8.25,7.01,129700
13/03/2014,8.27,8.32,8.12,8.14,6.92,133400
14/03/2014,8.1,8.15,8.04,8.09,6.87,93200
17/03/2014,8.17,8.35,8.17,8.27,7.03,106800
18/03/2014,8.25,8.33,8.18,8.26,7.02,154900
19/03/2014,8.25,8.5,8.19,8.46,7.19,194900
20/03/2014,8.4,8.47,8.35,8.39,7.13,97900
21/03/2014,8.13,8.32,8.12,8.18,6.95,189100
24/03/2014,8.29,8.33,8.12,8.3,7.05,58200
25/03/2014,8.33,8.49,8.33,8.38,7.12,92000
26/03/2014,8.5,8.56,8.26,8.31,7.06,171100
27/03/2014,8.36,8.4,8.07,8.16,6.93,115000
28/03/2014,8.16,8.45,8.1,8.16,6.93,75000
31/03/2014,8.17,8.31,8.05,8.11,6.89,126200
01/04/2014,8.13,8.3,8.1,8.26,7.02,92500
02/04/2014,8.29,8.29,8.07,8.12,6.9,126300
03/04/2014,8.17,8.17,8.01,8.02,6.81,105900
04/04/2014,8.07,8.07,7.71,7.82,6.64,156500
07/04/2014,7.79,8.02,7.73,8.0,6.8,119700
08/04/2014,7.98,8.06,7.89,8.02,6.81,385400
09/04/2014,8.01,8.04,7.95,7.99,6.79,276500
10/04/2014,7.92,7.97,7.64,7.71,6.55,170500
11/04/2014,7.61,7.76,7.52,7.7,6.54,98500
14/04/2014,7.76,7.77,7.53,7.6,6.46,156800
15/04/2014,7.59,7.66,7.25,7.55,6.41,188400
16/04/2014,7.58,7.71,7.36,7.58,6.44,126600
17/04/2014,7.54,7.73,7.46,7.64,6.49,68500
21/04/2014,7.67,7.73,7.51,7.68,6.52,36000
22/04/2014,7.77,7.96,7.7,7.87,6.69,85200
23/04/2014,7.93,7.95,7.74,7.8,6.63,104800
24/04/2014,7.81,7.82,7.63,7.66,6.51,68700
25/04/2014,7.6,7.63,7.46,7.57,6.43,82500
28/04/2014,7.7,7.78,7.56,7.64,6.49,166100
29/04/2014,7.75,7.85,7.72,7.84,6.66,121000
30/04/2014,7.8,7.94,7.67,7.87,6.69,79100
01/05/2014,7.88,7.96,7.74,7.81,6.64,115400
02/05/2014,7.8,7.84,7.72,7.83,6.65,40900
05/05/2014,7.76,7.81,7.71,7.73,6.57,54600
06/05/2014,7.73,7.78,7.65,7.7,6.54,78800
07/05/2014,7.73,7.75,7.6,7.69,6.53,133000
08/05/2014,7.71,7.72,7.54,7.58,6.44,142000
09/05/2014,7.53,7.76,7.48,7.73,6.57,130300
12/05/2014,7.88,8.05,7.83,8.02,6.81,55500
13/05/2014,8.05,8.31,8.0,8.17,6.94,129000
14/05/2014,8.19,8.2,8.02,8.12,6.9,69700
15/05/2014,8.08,8.14,7.81,7.85,6.67,49000
16/05/2014,7.82,7.93,7.75,7.92,6.73,59600
19/05/2014,7.85,8.23,7.85,8.19,6.96,43200
20/05/2014,8.11,8.11,7.82,7.88,6.69,79400
21/05/2014,7.89,7.98,7.82,7.92,6.73,39600
22/05/2014,7.91,8.02,7.9,8.0,6.8,33900
23/05/2014,8.03,8.14,7.94,8.1,6.88,30500
27/05/2014,8.08,8.27,7.97,8.15,6.92,380000
28/05/2014,8.13,8.19,7.95,8.02,6.81,152800
29/05/2014,8.1,8.1,7.92,7.97,6.77,83900
30/05/2014,8.0,8.0,7.84,7.96,6.76,52400
02/06/2014,8.04,8.04,7.87,7.87,6.69,41000
03/06/2014,7.87,7.94,7.67,7.72,6.56,71700
04/06/2014,7.7,7.83,7.69,7.75,6.58,146400
05/06/2014,7.76,7.82,7.56,7.68,6.52,170400
06/06/2014,7.64,7.73,7.59,7.67,6.52,183400
09/06/2014,7.76,7.79,7.59,7.63,6.48,174400
10/06/2014,7.62,7.73,7.6,7.67,6.52,96200
11/06/2014,7.61,7.78,7.58,7.68,6.52,130100
12/06/2014,7.7,7.73,7.55,7.59,6.45,122400
13/06/2014,7.52,7.65,7.52,7.58,6.44,188200
16/06/2014,7.58,7.72,7.52,7.71,6.55,260900
17/06/2014,7.71,7.78,7.69,7.71,6.55,220800
18/06/2014,7.8,7.96,7.78,7.95,6.75,151800
19/06/2014,7.96,8.08,7.83,7.85,6.67,136000
20/06/2014,7.9,8.07,7.75,7.82,6.64,237100
23/06/2014,7.8,7.99,7.76,7.97,6.77,93900
24/06/2014,7.98,8.13,7.94,8.0,6.8,96400
25/06/2014,7.94,8.12,7.73,8.0,6.8,215800
26/06/2014,8.02,8.07,7.88,7.99,6.79,118700
27/06/2014,7.93,8.0,7.7,7.94,6.75,613500
30/06/2014,7.93,8.07,7.91,8.0,6.8,91500
01/07/2014,8.0,8.08,7.97,7.99,6.79,156500
02/07/2014,7.91,8.03,7.91,7.94,6.75,136400
03/07/2014,8.05,8.05,7.94,8.0,6.8,80000
07/07/2014,8.02,8.02,7.86,7.91,6.72,66800
08/07/2014,7.83,7.83,7.6,7.69,6.53,101400
09/07/2014,7.79,7.81,7.62,7.7,6.54,95200
10/07/2014,7.63,7.73,7.5,7.63,6.48,142900
11/07/2014,7.59,7.7,7.5,7.63,6.48,35700
14/07/2014,7.8,7.93,7.77,7.88,6.69,61100
15/07/2014,7.92,7.93,7.68,7.72,6.56,113100
16/07/2014,7.9,7.92,7.81,7.88,6.69,137600
17/07/2014,7.82,7.92,7.59,7.63,6.48,75200
18/07/2014,7.6,7.69,7.58,7.65,6.5,207500
21/07/2014,7.62,7.64,7.44,7.59,6.45,127700
22/07/2014,7.6,7.85,7.59,7.67,6.52,57800
23/07/2014,7.67,7.67,7.52,7.61,6.47,69200
24/07/2014,7.66,7.66,7.44,7.6,6.46,86600
25/07/2014,7.52,7.6,7.44,7.54,6.41,52600
28/07/2014,7.5,7.5,7.11,7.35,6.24,93800
29/07/2014,7.43,7.53,7.4,7.43,6.31,33900
30/07/2014,7.58,7.65,7.46,7.59,6.45,43400
31/07/2014,7.49,7.54,7.04,7.22,6.13,163400
01/08/2014,7.23,7.26,7.06,7.19,6.11,135700
04/08/2014,7.28,7.34,7.19,7.32,6.22,50600
05/08/2014,7.25,7.42,7.23,7.36,6.25,56400
06/08/2014,7.35,7.45,7.34,7.4,6.29,55300
07/08/2014,7.43,7.47,7.35,7.43,6.31,156600
08/08/2014,7.42,7.59,7.31,7.56,6.42,53800
11/08/2014,7.55,7.71,7.51,7.65,6.5,28600
12/08/2014,8.0,8.11,7.82,7.97,6.77,87100
13/08/2014,8.05,8.05,7.85,7.97,6.77,75300
14/08/2014,8.0,8.06,7.83,7.86,6.68,156500
15/08/2014,7.97,7.97,7.7,7.85,6.67,61800
18/08/2014,7.87,8.03,7.87,8.0,6.8,59400
19/08/2014,8.07,8.19,7.99,8.05,6.84,167200
20/08/2014,7.98,8.05,7.95,7.99,6.79,37400
21/08/2014,8.0,8.11,7.92,8.09,6.87,38700
22/08/2014,8.04,8.11,8.0,8.06,6.85,26700
25/08/2014,7.96,7.96,7.86,7.91,6.72,26400
26/08/2014,8.01,8.24,8.01,8.23,6.99,56200
27/08/2014,8.29,8.34,8.23,8.32,7.07,69800
28/08/2014,8.29,8.29,8.02,8.05,6.84,20900
29/08/2014,8.1,8.27,8.01,8.24,7.0,29600
02/09/2014,8.25,8.34,8.16,8.31,7.06,31200
03/09/2014,8.31,8.31,8.04,8.1,6.88,40100
04/09/2014,8.09,8.21,8.0,8.0,6.8,31900
05/09/2014,8.0,8.1,7.93,8.02,6.81,37400
08/09/2014,8.11,8.2,7.99,8.19,6.96,38100
09/09/2014,8.2,8.2,7.93,7.99,6.79,43800
10/09/2014,8.0,8.04,7.91,8.01,6.81,63900
11/09/2014,7.97,8.04,7.86,8.02,6.81,238800
12/09/2014,8.05,8.05,7.85,7.86,6.68,24100
15/09/2014,7.84,8.04,7.63,7.94,6.75,91900
16/09/2014,7.84,8.01,7.82,8.01,6.81,42800
17/09/2014,7.98,8.05,7.9,7.98,6.78,97100
18/09/2014,8.02,8.08,8.0,8.04,6.83,19500
19/09/2014,8.06,8.07,7.85,7.91,6.72,54700
22/09/2014,7.91,7.91,7.75,7.8,6.63,41500
23/09/2014,7.75,7.82,7.61,7.67,6.52,37700
24/09/2014,7.63,7.65,7.5,7.53,6.4,46100
25/09/2014,7.49,7.49,7.26,7.31,6.21,92700
26/09/2014,7.31,7.45,7.27,7.29,6.19,92800
29/09/2014,7.43,7.46,7.38,7.41,6.3,107900
30/09/2014,7.43,7.53,7.4,7.4,6.29,77300
01/10/2014,7.46,7.49,7.29,7.35,6.24,141600
02/10/2014,7.4,7.46,7.36,7.4,6.29,77200
03/10/2014,7.49,7.49,7.34,7.4,6.29,41100
06/10/2014,7.47,7.53,7.42,7.47,6.35,47200
07/10/2014,7.48,7.5,7.31,7.32,6.22,60200
08/10/2014,7.28,7.46,7.21,7.42,6.3,43000
09/10/2014,7.37,7.38,7.15,7.19,6.11,60900
10/10/2014,7.12,7.21,7.07,7.17,6.09,80800
13/10/2014,7.11,7.25,6.82,7.12,6.05,55100
14/10/2014,7.08,7.17,6.94,7.13,6.06,222500
15/10/2014,7.02,7.39,7.0,7.34,6.24,45100
16/10/2014,7.35,7.43,7.16,7.24,6.15,30900
17/10/2014,7.37,7.38,7.21,7.23,6.14,56700
20/10/2014,7.17,7.42,7.17,7.38,6.27,47300
21/10/2014,7.4,7.6,7.2,7.54,6.41,333200
22/10/2014,7.47,7.56,7.35,7.37,6.26,24500
23/10/2014,7.4,7.55,7.39,7.49,6.36,25600
24/10/2014,7.53,7.53,7.4,7.5,6.37,15400
27/10/2014,7.47,7.58,7.4,7.56,6.42,14200
28/10/2014,7.59,7.68,7.53,7.63,6.48,90200
29/10/2014,7.63,7.64,7.54,7.57,6.43,30700
30/10/2014,7.47,7.75,7.46,7.65,6.5,61300
31/10/2014,7.85,7.99,7.65,7.92,6.73,65800
03/11/2014,7.76,7.76,7.54,7.64,6.49,38600
04/11/2014,7.51,7.64,7.51,7.6,6.46,14200
05/11/2014,7.54,7.64,7.54,7.64,6.49,18700
06/11/2014,7.62,7.74,7.57,7.73,6.57,36100
07/11/2014,7.7,7.7,7.57,7.62,6.47,19000
10/11/2014,7.6,7.83,7.54,7.81,6.64,28900
11/11/2014,7.59,7.8,7.59,7.78,6.61,56700
12/11/2014,7.66,7.84,7.57,7.84,6.66,44800
13/11/2014,7.78,7.95,7.75,7.89,6.7,18200
14/11/2014,7.92,7.92,7.76,7.8,6.63,24500
17/11/2014,7.67,7.76,7.59,7.59,6.45,30800
18/11/2014,7.55,7.61,7.45,7.47,6.35,52600
19/11/2014,7.54,7.54,7.36,7.45,6.33,71200
20/11/2014,7.44,7.56,7.36,7.53,6.4,37100
21/11/2014,7.67,7.67,7.54,7.56,6.42,29100
24/11/2014,7.44,7.64,7.44,7.61,6.47,25800
25/11/2014,7.58,7.64,7.56,7.62,6.47,27000
26/11/2014,7.6,7.64,7.55,7.63,6.48,28800
28/11/2014,7.59,7.62,7.41,7.42,6.3,19500
01/12/2014,7.44,7.52,7.35,7.35,6.24,30500
02/12/2014,7.28,7.4,7.22,7.31,6.21,25600
03/12/2014,7.3,7.61,7.18,7.47,6.35,330300
04/12/2014,7.64,7.64,7.36,7.6,6.46,134300
05/12/2014,7.57,7.63,7.41,7.53,6.4,77300
08/12/2014,7.37,7.46,7.33,7.36,6.25,46600
09/12/2014,7.27,7.52,7.26,7.49,6.36,31900
10/12/2014,7.4,7.49,7.36,7.41,6.3,46000
11/12/2014,7.4,7.49,7.36,7.4,6.29,22900
12/12/2014,7.33,7.44,7.25,7.37,6.26,56200
15/12/2014,7.33,7.4,7.28,7.35,6.24,28800
16/12/2014,7.25,7.42,7.18,7.26,6.17,41400
17/12/2014,7.29,7.56,7.29,7.49,6.36,53200
18/12/2014,7.52,7.59,7.42,7.57,6.43,36600
19/12/2014,7.53,7.62,7.22,7.35,6.24,192700
22/12/2014,7.36,7.46,7.31,7.38,6.27,33200
23/12/2014,7.29,7.42,7.24,7.33,6.23,41700
24/12/2014,7.38,7.41,7.35,7.41,6.3,9600
26/12/2014,7.45,7.49,7.42,7.47,6.35,15500
29/12/2014,7.35,7.43,7.17,7.39,6.28,48200
30/12/2014,7.33,7.38,7.28,7.29,6.19,8500
31/12/2014,7.34,7.5,7.31,7.37,6.26,52900
02/01/2015,7.38,7.44,7.19,7.34,6.24,18700
05/01/2015,7.24,7.33,7.22,7.24,6.15,47500
06/01/2015,7.17,7.17,6.82,6.95,5.9,67500
07/01/2015,7.02,7.08,6.91,6.99,5.94,11400
08/01/2015,7.08,7.17,7.05,7.15,6.07,27300
09/01/2015,7.12,7.2,7.01,7.1,6.03,31000
12/01/2015,7.14,7.14,6.89,7.02,5.96,234700
13/01/2015,7.08,7.13,6.92,7.0,5.95,86200
14/01/2015,6.99,7.03,6.88,7.0,5.95,69300
15/01/2015,6.92,6.96,6.66,6.71,5.7,45000
16/01/2015,6.67,6.86,6.67,6.77,5.75,47300
20/01/2015,6.78,6.84,6.63,6.8,5.78,241000
21/01/2015,6.73,6.79,6.6,6.67,5.67,58600
22/01/2015,6.75,6.9,6.63,6.81,5.79,83600
23/01/2015,6.86,6.98,6.66,6.7,5.69,38000
26/01/2015,6.66,6.7,6.62,6.68,5.68,18300
27/01/2015,6.7,6.76,6.56,6.65,5.65,64400
28/01/2015,6.68,6.68,6.46,6.55,5.56,49100
29/01/2015,6.61,6.64,6.44,6.53,5.55,89700
30/01/2015,6.46,6.59,6.3,6.42,5.45,62100
02/02/2015,6.49,6.54,6.37,6.51,5.53,113400
03/02/2015,6.67,7.05,6.66,7.02,5.96,49600
04/02/2015,7.22,7.3,7.11,7.28,6.18,135600
05/02/2015,7.41,7.41,7.18,7.28,6.18,87400
06/02/2015,7.27,7.38,7.15,7.18,6.1,37900
09/02/2015,7.21,7.28,7.05,7.17,6.09,126500
10/02/2015,7.18,7.18,6.96,7.08,6.02,64700
11/02/2015,7.03,7.03,6.89,6.89,5.85,16600
12/02/2015,7.0,7.0,6.88,6.94,5.9,22500
13/02/2015,6.92,6.95,6.88,6.91,5.87,23500
17/02/2015,7.12,7.17,7.0,7.05,5.99,87100
18/02/2015,7.13,7.2,7.05,7.09,6.02,40300
19/02/2015,7.22,7.25,7.18,7.21,6.13,32000
20/02/2015,7.24,7.34,7.16,7.31,6.21,43000
23/02/2015,7.16,7.23,6.94,7.07,6.01,34900
24/02/2015,7.16,7.25,7.11,7.19,6.11,24700
25/02/2015,7.75,8.28,7.65,7.85,6.67,169600
26/02/2015,7.82,7.93,7.68,7.83,6.65,22800
27/02/2015,7.8,7.85,7.59,7.7,6.54,31600
02/03/2015,7.91,8.01,7.83,8.01,6.81,87700
03/03/2015,8.08,8.08,7.9,8.01,6.81,29700
04/03/2015,8.05,8.09,7.88,7.96,6.76,26900
05/03/2015,8.0,8.02,7.87,7.95,6.75,20300
06/03/2015,7.86,7.98,7.74,7.85,6.67,38800
09/03/2015,8.15,8.18,7.91,8.02,6.81,70600
10/03/2015,7.86,7.88,7.75,7.82,6.64,25000
11/03/2015,7.89,8.0,7.85,7.88,6.69,171300
12/03/2015,7.96,8.09,7.96,8.09,6.87,38100
13/03/2015,8.0,8.0,7.88,7.95,6.75,35300
16/03/2015,8.02,8.02,7.9,7.9,6.71,30900
17/03/2015,7.86,7.96,7.84,7.93,6.74,16200
18/03/2015,7.93,8.1,7.93,8.07,6.86,14300
19/03/2015,8.05,8.09,8.01,8.07,6.86,26400
20/03/2015,8.1,8.45,7.96,8.33,7.08,126400
23/03/2015,8.11,8.29,8.11,8.23,6.99,76900
24/03/2015,8.3,8.35,8.21,8.3,7.05,25800
25/03/2015,8.3,8.33,8.11,8.11,6.89,32200
26/03/2015,8.17,8.23,8.08,8.17,6.94,50100
27/03/2015,8.15,8.23,8.09,8.16,6.93,31000
30/03/2015,7.97,8.27,7.97,8.14,6.92,36700
31/03/2015,8.18,8.24,8.11,8.2,6.97,26800
01/04/2015,8.36,8.5,8.3,8.5,7.22,116000
02/04/2015,8.5,8.5,8.34,8.41,7.15,62300
06/04/2015,8.5,8.85,8.47,8.82,7.49,112700
07/04/2015,8.85,8.88,8.77,8.81,7.48,44300
08/04/2015,8.85,8.87,8.75,8.87,7.54,24300
09/04/2015,8.87,9.0,8.59,8.63,7.33,16500
10/04/2015,8.7,8.7,8.46,8.59,7.3,16800
13/04/2015,8.58,8.64,8.37,8.5,7.22,21100
14/04/2015,8.65,8.73,8.45,8.47,7.2,119900
15/04/2015,8.5,8.56,8.44,8.48,7.2,106200
16/04/2015,8.52,8.56,8.48,8.53,7.25,5900
17/04/2015,8.47,8.49,8.32,8.36,7.1,37000
20/04/2015,8.39,8.44,8.29,8.33,7.08,28200
21/04/2015,8.46,8.56,8.36,8.37,7.11,19300
22/04/2015,8.39,8.42,8.33,8.37,7.11,19400
23/04/2015,8.38,8.38,8.16,8.37,7.11,19000
24/04/2015,8.4,8.47,8.35,8.46,7.19,12100
27/04/2015,8.69,8.69,8.45,8.55,7.26,51900
28/04/2015,8.64,8.72,8.61,8.68,7.37,28800
29/04/2015,8.61,8.69,8.51,8.57,7.28,20700
30/04/2015,8.64,8.73,8.52,8.73,7.42,110100
01/05/2015,8.71,8.8,8.54,8.65,7.35,44300
04/05/2015,8.66,8.7,8.53,8.57,7.28,75300
05/05/2015,8.62,8.62,8.28,8.36,7.1,96000
06/05/2015,8.78,8.78,8.41,8.68,7.37,49300
07/05/2015,8.6,8.61,8.45,8.58,7.29,24800
08/05/2015,8.67,8.67,8.43,8.56,7.27,27500
11/05/2015,8.62,8.8,8.57,8.75,7.43,38300
12/05/2015,8.68,8.78,8.55,8.65,7.35,28400
13/05/2015,8.7,8.82,8.68,8.8,7.48,19800
14/05/2015,8.82,9.39,8.76,9.39,7.98,53300
15/05/2015,9.35,9.41,9.15,9.35,7.94,45900
18/05/2015,9.3,9.66,9.27,9.57,8.13,80400
19/05/2015,9.53,9.69,9.52,9.58,8.14,267500
20/05/2015,9.57,9.6,9.36,9.4,7.99,28700
21/05/2015,9.41,9.46,9.3,9.36,8.08,25100
22/05/2015,9.39,9.52,9.08,9.28,8.01,26200
26/05/2015,9.23,9.23,8.95,9.03,7.8,39500
27/05/2015,9.2,9.34,9.15,9.34,8.06,36600
28/05/2015,9.25,9.25,9.08,9.14,7.89,27800
29/05/2015,9.12,9.15,8.94,9.05,7.81,44600
01/06/2015,9.33,9.45,9.23,9.3,8.03,39300
02/06/2015,9.35,9.5,9.3,9.36,8.08,33600
03/06/2015,9.33,9.44,9.19,9.41,8.12,26900
04/06/2015,9.36,9.38,8.99,9.07,7.83,22600
05/06/2015,9.1,9.29,9.0,9.26,7.99,30700
08/06/2015,9.21,9.28,9.13,9.19,7.93,17500
09/06/2015,9.23,9.23,9.03,9.15,7.9,47300
10/06/2015,9.05,9.34,9.01,9.2,7.94,36500
11/06/2015,9.15,9.2,9.11,9.19,7.93,23100
12/06/2015,9.2,9.2,9.0,9.05,7.81,41600
15/06/2015,9.0,9.38,9.0,9.32,8.05,68100
16/06/2015,9.35,9.78,9.34,9.73,8.4,45800
17/06/2015,9.88,9.9,9.75,9.82,8.48,50600
18/06/2015,9.64,9.98,9.64,9.96,8.6,47700
19/06/2015,9.92,10.2,9.82,10.09,8.71,103600
22/06/2015,10.01,10.37,10.0,10.24,8.84,57900
23/06/2015,10.04,10.15,10.0,10.08,8.7,38400
24/06/2015,9.85,10.05,9.85,9.97,8.61,84400
25/06/2015,9.92,10.1,9.9,10.01,8.64,82400
26/06/2015,10.08,10.44,9.88,10.0,8.63,532900
29/06/2015,9.81,10.13,9.71,9.85,8.5,95300
30/06/2015,9.92,10.5,9.85,10.38,8.96,63400
01/07/2015,10.28,10.47,10.18,10.3,8.89,85900
02/07/2015,10.43,10.43,10.11,10.22,8.82,48000
06/07/2015,10.13,10.84,10.0,10.69,9.23,165100
07/07/2015,10.8,10.8,10.45,10.74,9.27,73600
08/07/2015,10.59,10.68,10.48,10.57,9.13,37000
09/07/2015,10.72,10.75,10.49,10.5,9.07,28900
10/07/2015,10.58,10.85,10.45,10.83,9.35,23600
13/07/2015,10.83,11.45,10.83,11.22,9.69,63800
14/07/2015,10.97,11.56,10.89,10.96,9.46,218300
15/07/2015,10.87,10.89,10.72,10.75,9.28,100700
16/07/2015,10.8,10.99,10.66,10.85,9.37,90700
17/07/2015,10.89,10.97,10.76,10.87,9.38,22400
20/07/2015,11.08,11.08,10.88,11.01,9.51,34300
21/07/2015,10.99,11.03,10.9,11.0,9.5,49300
22/07/2015,10.74,11.14,10.73,10.95,9.45,65500
23/07/2015,10.96,10.96,10.45,10.48,9.05,83600
24/07/2015,10.52,10.57,10.17,10.33,8.92,99500
27/07/2015,10.63,11.05,10.6,10.73,9.26,98100
28/07/2015,10.97,11.04,10.64,10.86,9.38,97300
29/07/2015,10.86,10.9,10.64,10.71,9.25,80300
30/07/2015,10.69,10.8,10.69,10.72,9.26,54600
31/07/2015,10.76,10.83,10.5,10.73,9.26,98200
03/08/2015,10.79,10.87,10.57,10.78,9.31,113500
04/08/2015,10.73,11.02,10.68,10.85,9.37,68900
05/08/2015,11.36,11.88,11.13,11.87,10.25,178000
06/08/2015,11.96,12.38,11.93,12.26,10.58,315200
07/08/2015,12.18,12.41,12.18,12.35,10.66,106900
10/08/2015,12.32,12.35,11.92,12.07,10.42,321900
11/08/2015,12.2,12.5,12.0,12.04,10.39,156500
12/08/2015,12.1,12.1,11.82,12.03,10.39,115100
13/08/2015,12.06,12.31,11.98,12.01,10.37,102400
14/08/2015,11.96,12.21,11.95,12.19,10.52,27600
17/08/2015,12.47,12.6,12.32,12.59,10.87,169000
18/08/2015,12.72,12.72,12.47,12.64,10.91,81900
19/08/2015,12.49,12.64,12.3,12.52,10.81,79400
20/08/2015,12.14,12.22,11.99,11.99,10.35,85000
21/08/2015,11.74,12.09,11.64,11.78,10.17,109900
24/08/2015,10.44,11.11,10.36,10.87,9.38,183500
25/08/2015,11.29,11.29,10.83,10.86,9.38,138100
26/08/2015,11.0,11.1,10.85,11.1,9.58,106900
27/08/2015,11.25,11.47,11.21,11.38,9.83,177400
28/08/2015,11.31,11.63,11.31,11.61,10.02,67100
31/08/2015,11.75,11.82,11.39,11.64,10.05,141100
01/09/2015,11.44,11.7,11.39,11.45,9.89,130300
02/09/2015,11.62,11.68,11.44,11.64,10.05,91800
03/09/2015,11.63,11.68,11.33,11.34,9.79,65400
04/09/2015,11.17,11.48,10.93,11.36,9.81,76900
08/09/2015,11.72,12.52,11.68,11.96,10.33,195600
09/09/2015,12.08,12.13,11.7,11.71,10.11,87900
10/09/2015,11.8,12.32,11.75,11.89,10.27,88400
11/09/2015,11.79,12.03,11.79,11.94,10.31,65800
14/09/2015,12.02,12.02,11.85,11.9,10.27,32300
15/09/2015,11.86,12.24,11.86,12.01,10.37,99200
16/09/2015,11.84,11.99,11.69,11.81,10.2,43600
17/09/2015,11.64,12.0,11.41,11.83,10.21,221800
18/09/2015,11.62,12.03,11.62,11.74,10.14,83200
21/09/2015,11.71,11.75,11.4,11.63,10.04,111200
22/09/2015,11.55,11.74,11.04,11.74,10.14,42200
23/09/2015,11.81,12.0,11.71,11.73,10.13,51000
24/09/2015,11.64,11.72,11.47,11.5,9.93,92300
25/09/2015,11.64,11.78,11.31,11.39,9.83,88700
28/09/2015,11.45,11.76,11.05,11.12,9.6,138200
29/09/2015,11.17,11.38,10.81,11.36,9.81,110200
30/09/2015,11.42,11.6,11.27,11.52,9.95,109700
01/10/2015,11.42,11.43,10.79,11.15,9.63,189700
02/10/2015,11.08,11.18,10.9,11.08,9.57,114500
05/10/2015,11.13,11.45,11.13,11.45,9.89,104100
06/10/2015,11.41,11.65,11.4,11.55,9.97,61100
07/10/2015,11.72,11.8,11.33,11.65,10.06,41600
08/10/2015,11.7,11.7,11.54,11.6,10.02,80200
09/10/2015,11.67,11.79,11.62,11.75,10.14,24600
12/10/2015,11.64,11.84,11.53,11.81,10.2,59200
13/10/2015,11.52,11.52,11.05,11.2,9.67,68200
14/10/2015,11.23,11.39,11.12,11.28,9.74,46100
15/10/2015,11.1,11.56,11.01,11.39,9.83,99000
16/10/2015,11.44,11.53,11.22,11.45,9.89,64800
19/10/2015,11.19,11.44,11.17,11.35,9.8,74300
20/10/2015,11.33,11.67,11.33,11.6,10.02,64400
21/10/2015,11.62,11.78,11.49,11.61,10.02,54600
22/10/2015,11.45,11.79,11.45,11.67,10.08,52900
23/10/2015,11.77,11.92,11.68,11.85,10.23,38800
26/10/2015,11.79,11.8,11.59,11.66,10.07,58800
27/10/2015,11.64,11.89,11.5,11.74,10.14,111600
28/10/2015,11.72,11.98,11.7,11.81,10.2,90200
29/10/2015,11.84,11.9,11.66,11.77,10.16,46200
30/10/2015,11.85,11.92,11.6,11.81,10.2,43900
02/11/2015,11.73,12.0,11.71,11.77,10.16,118200
03/11/2015,11.63,11.9,11.56,11.86,10.24,45100
04/11/2015,11.94,11.97,11.33,11.41,9.85,158400
05/11/2015,11.41,11.8,11.28,11.4,9.84,136600
06/11/2015,11.35,11.43,10.5,10.72,9.26,155500
09/11/2015,10.62,10.96,10.61,10.87,9.38,77700
10/11/2015,10.79,11.09,10.7,11.04,9.53,173800
11/11/2015,11.21,11.21,10.86,10.93,9.44,66900
12/11/2015,10.89,11.09,10.88,10.92,9.43,97400
13/11/2015,10.82,10.98,10.31,10.44,9.01,57700
16/11/2015,10.69,10.7,10.39,10.63,9.18,86700
17/11/2015,10.76,10.93,10.62,10.7,9.24,44500
18/11/2015,10.85,10.86,10.68,10.82,9.34,122800
19/11/2015,10.74,10.74,10.54,10.65,9.19,99900
20/11/2015,10.73,10.96,9.58,10.68,9.22,55200
23/11/2015,10.76,10.87,10.62,10.79,9.32,73300
24/11/2015,10.91,11.08,10.7,10.97,9.47,47700
25/11/2015,11.15,11.34,10.87,11.09,9.57,74700
27/11/2015,11.11,11.25,11.0,11.16,9.64,8100
30/11/2015,11.2,11.34,10.83,10.88,9.39,74500
01/12/2015,10.8,10.89,10.66,10.83,9.35,43200
02/12/2015,10.78,10.78,10.27,10.28,8.88,79600
03/12/2015,10.38,10.54,9.96,9.99,8.62,102300
04/12/2015,9.99,10.43,9.99,10.33,8.92,68400
07/12/2015,10.27,10.28,10.02,10.09,8.71,110400
08/12/2015,10.19,10.27,10.05,10.08,8.7,95500
09/12/2015,10.08,10.08,9.86,10.01,8.64,71100
10/12/2015,10.16,10.2,9.97,10.03,8.66,122500
11/12/2015,9.88,10.02,9.75,9.77,8.44,50700
14/12/2015,9.86,9.87,9.53,9.75,8.42,105100
15/12/2015,9.93,10.04,9.77,10.02,8.65,21400
16/12/2015,9.91,10.08,9.76,10.05,8.68,36700
17/12/2015,10.11,10.2,9.9,9.94,8.58,26900
18/12/2015,9.88,9.93,9.67,9.78,8.44,148000
21/12/2015,9.88,9.88,9.73,9.83,8.49,50700
22/12/2015,9.83,9.83,9.56,9.71,8.38,73300
23/12/2015,9.81,9.85,9.74,9.81,8.47,30900
24/12/2015,9.83,9.84,9.74,9.8,8.46,19000
28/12/2015,10.01,10.01,9.84,9.93,8.57,41700
29/12/2015,10.02,10.15,9.93,10.14,8.75,24700
30/12/2015,10.14,10.4,9.97,10.11,8.73,75700
31/12/2015,10.22,10.51,10.17,10.2,8.81,53800
04/01/2016,10.25,10.36,10.02,10.27,8.87,124200
05/01/2016,10.43,10.45,10.13,10.26,8.86,69000
06/01/2016,10.29,10.64,10.29,10.61,9.16,89500
07/01/2016,10.38,10.46,10.32,10.35,8.94,87400
08/01/2016,10.36,10.51,10.29,10.41,8.99,91000
11/01/2016,10.48,10.52,10.3,10.33,8.92,105300
12/01/2016,10.52,10.54,10.1,10.29,8.88,58000
13/01/2016,10.33,10.33,9.78,9.8,8.46,68600
14/01/2016,9.86,9.98,9.77,9.83,8.49,43800
15/01/2016,9.52,9.74,9.52,9.69,8.37,78200
19/01/2016,9.79,9.83,9.63,9.73,8.4,68300
20/01/2016,9.52,9.72,8.93,9.66,8.34,108500
21/01/2016,9.63,9.65,9.47,9.54,8.24,89200
22/01/2016,9.65,9.79,9.55,9.66,8.34,40700
25/01/2016,9.64,9.72,9.47,9.5,8.2,31500
26/01/2016,9.53,9.65,9.45,9.47,8.18,27600
27/01/2016,9.57,9.62,9.44,9.51,8.21,48000
28/01/2016,9.85,9.85,9.53,9.72,8.39,130600
29/01/2016,9.73,10.06,9.73,10.06,8.69,46000
01/02/2016,9.96,9.96,9.7,9.78,8.44,59600
02/02/2016,9.79,9.79,9.67,9.7,8.37,51400
03/02/2016,9.76,9.76,9.53,9.64,8.32,20800
04/02/2016,9.64,9.78,9.6,9.7,8.37,41100
05/02/2016,9.66,9.7,9.53,9.58,8.27,114500
08/02/2016,9.44,9.54,9.38,9.53,8.23,101700
09/02/2016,9.4,9.7,9.36,9.61,8.3,232800
10/02/2016,9.7,9.83,9.53,9.76,8.43,80000
11/02/2016,9.52,9.7,9.44,9.65,8.33,140100
12/02/2016,9.75,9.84,9.57,9.78,8.44,54100
16/02/2016,10.1,10.12,9.9,10.08,8.7,52600
17/02/2016,10.53,11.09,10.53,11.02,9.51,109500
18/02/2016,10.98,11.13,10.82,11.11,9.59,68400
19/02/2016,11.07,11.5,11.07,11.42,9.86,75000
22/02/2016,11.4,11.53,11.33,11.41,9.85,112700
23/02/2016,11.29,11.39,11.16,11.24,9.7,60100
24/02/2016,11.0,11.27,10.99,11.25,9.71,68000
25/02/2016,11.25,11.51,11.16,11.5,9.93,52700
26/02/2016,11.53,11.77,11.44,11.7,10.1,98200
29/02/2016,11.7,12.0,11.66,11.79,10.18,91100
01/03/2016,11.97,12.14,11.88,12.12,10.46,80000
02/03/2016,11.88,12.11,11.88,11.99,10.35,74600
03/03/2016,11.87,11.88,11.72,11.82,10.2,40300
04/03/2016,11.88,11.88,11.64,11.73,10.13,29300
07/03/2016,11.44,11.5,11.32,11.46,9.89,53600
08/03/2016,11.32,11.38,11.17,11.18,9.65,29200
09/03/2016,11.23,11.25,11.1,11.25,9.71,46900
10/03/2016,11.2,11.25,10.88,11.17,9.64,57300
11/03/2016,11.24,11.34,11.06,11.31,9.76,36200
14/03/2016,11.3,11.5,11.21,11.48,9.91,59300
15/03/2016,11.47,11.55,11.27,11.35,9.8,78100
16/03/2016,11.37,11.5,11.3,11.4,9.84,19600
17/03/2016,11.47,11.66,11.36,11.59,10.01,35700
18/03/2016,11.67,11.77,11.13,11.52,9.95,102300
21/03/2016,11.49,11.55,11.35,11.39,9.83,17400
22/03/2016,11.36,11.48,11.36,11.43,9.87,23400
23/03/2016,11.52,11.52,11.34,11.38,9.83,53600
24/03/2016,11.35,11.42,11.27,11.41,9.85,14900
28/03/2016,11.42,11.47,11.35,11.4,9.84,15900
29/03/2016,11.41,11.74,11.41,11.61,10.02,45000
30/03/2016,11.64,11.67,11.48,11.62,10.03,28500
31/03/2016,11.91,12.06,11.9,11.98,10.34,82000
01/04/2016,11.9,12.04,11.9,11.96,10.33,33800
04/04/2016,12.24,12.75,12.24,12.59,10.87,117000
05/04/2016,12.46,12.47,12.27,12.32,10.64,55700
06/04/2016,12.3,12.35,12.23,12.29,10.61,40800
07/04/2016,12.28,12.43,12.25,12.33,10.65,39000
08/04/2016,12.39,12.6,12.2,12.21,10.54,29200
11/04/2016,12.21,12.27,12.04,12.06,10.41,39900
12/04/2016,12.18,12.29,12.09,12.13,10.47,31900
13/04/2016,12.19,12.47,12.16,12.4,10.71,41500
14/04/2016,12.41,12.5,12.34,12.39,10.7,23900
15/04/2016,12.34,12.66,12.29,12.61,10.89,31100
18/04/2016,12.53,12.57,12.34,12.54,10.83,69400
19/04/2016,12.56,12.56,12.4,12.46,10.76,14300
20/04/2016,12.42,12.56,12.42,12.51,10.8,15500
21/04/2016,12.45,12.45,12.23,12.25,10.58,32300
22/04/2016,12.2,12.35,12.17,12.29,10.61,32300
25/04/2016,12.29,12.37,12.08,12.12,10.46,26400
26/04/2016,12.17,12.29,12.05,12.23,10.56,28700
27/04/2016,12.19,12.34,12.13,12.27,10.59,38500
28/04/2016,12.18,12.32,12.03,12.05,10.4,16800
29/04/2016,12.06,12.06,11.6,11.78,10.17,27400
02/05/2016,11.93,12.11,11.92,12.04,10.39,25300
03/05/2016,12.0,12.07,11.9,11.9,10.27,36700
04/05/2016,11.9,12.08,11.83,12.0,10.36,38400
05/05/2016,12.01,12.01,11.73,11.74,10.14,22900
06/05/2016,11.7,11.92,11.61,11.78,10.17,52600
09/05/2016,11.89,11.93,11.78,11.78,10.17,37200
10/05/2016,12.0,12.76,11.99,12.65,10.92,61800
11/05/2016,12.41,12.41,11.84,11.9,10.27,64500
12/05/2016,12.11,12.11,11.85,11.9,10.27,33400
13/05/2016,11.86,11.9,11.75,11.85,10.23,35100
16/05/2016,11.71,11.93,11.7,11.71,10.11,57500
17/05/2016,11.54,11.54,11.03,11.1,9.75,117800
18/05/2016,11.12,11.12,10.99,11.06,9.71,87800
19/05/2016,11.09,11.1,10.86,11.03,9.69,33900
20/05/2016,11.1,11.1,10.87,10.99,9.65,87100
23/05/2016,11.36,11.43,11.24,11.31,9.93,56500
24/05/2016,11.52,11.87,11.51,11.8,10.36,71100
25/05/2016,12.02,12.06,11.8,11.87,10.43,42500
26/05/2016,11.88,11.98,11.81,11.92,10.47,58300
27/05/2016,11.89,11.91,11.68,11.86,10.42,56900
31/05/2016,11.99,12.19,11.98,12.15,10.67,61100
01/06/2016,12.1,12.13,12.01,12.07,10.6,31100
02/06/2016,12.16,12.16,11.91,11.99,10.53,24600
03/06/2016,11.91,12.04,11.9,12.04,10.58,33800
06/06/2016,12.05,12.15,12.04,12.13,10.65,43800
07/06/2016,12.24,12.45,12.23,12.33,10.83,51100
08/06/2016,12.31,12.46,12.25,12.42,10.91,47600
09/06/2016,12.32,12.32,11.95,12.0,10.54,59900
10/06/2016,11.91,12.08,11.89,12.01,10.55,28300
13/06/2016,12.0,12.07,11.89,11.94,10.49,32300
14/06/2016,11.94,12.1,11.94,12.06,10.59,27300
15/06/2016,12.07,12.09,11.89,11.94,10.49,52700
16/06/2016,11.94,12.0,11.76,11.97,10.51,76000
17/06/2016,12.01,12.38,11.82,12.31,10.81,141100
20/06/2016,12.37,12.45,12.22,12.31,10.81,61700
21/06/2016,12.38,12.57,12.27,12.49,10.97,53100
22/06/2016,12.53,12.57,12.38,12.46,10.94,30700
23/06/2016,12.67,12.67,12.53,12.6,11.07,46900
24/06/2016,12.1,12.15,11.65,12.0,10.54,336800
27/06/2016,11.51,11.56,11.35,11.43,10.04,131100
28/06/2016,11.54,11.59,11.37,11.41,10.02,51600
29/06/2016,11.56,11.6,11.43,11.55,10.15,84200
30/06/2016,11.54,11.71,11.52,11.71,10.29,61100
01/07/2016,11.71,11.8,11.59,11.74,10.31,31000
05/07/2016,11.77,11.88,11.77,11.84,10.4,36100
06/07/2016,11.69,11.9,11.66,11.84,10.4,32000
07/07/2016,11.86,11.91,11.83,11.88,10.43,14200
08/07/2016,12.01,12.14,12.0,12.12,10.65,36200
11/07/2016,12.29,12.35,12.26,12.33,10.83,24400
12/07/2016,12.45,12.65,12.33,12.6,11.07,50400
13/07/2016,12.56,12.71,12.48,12.49,10.97,28800
14/07/2016,12.67,12.7,12.49,12.53,11.01,45400
15/07/2016,12.5,12.66,12.41,12.62,11.08,32400
18/07/2016,12.58,12.75,12.52,12.66,11.12,34600
19/07/2016,12.7,12.7,12.6,12.61,11.08,14000
20/07/2016,12.75,13.1,12.72,12.9,11.33,64900
21/07/2016,12.82,12.83,12.69,12.74,11.19,21000
22/07/2016,12.7,12.96,12.62,12.87,11.3,14200
25/07/2016,13.03,13.09,12.97,12.99,11.41,25500
26/07/2016,12.85,12.97,12.77,12.85,11.29,19200
27/07/2016,12.84,12.91,12.79,12.87,11.3,17300
28/07/2016,12.86,12.9,12.81,12.84,11.28,11200
29/07/2016,12.87,12.87,12.61,12.78,11.23,32900
01/08/2016,12.9,12.9,12.77,12.78,11.23,23900
02/08/2016,12.69,12.69,12.42,12.43,10.92,27700
03/08/2016,12.56,12.6,12.41,12.49,10.97,28600
04/08/2016,12.57,12.87,12.54,12.78,11.23,83500
05/08/2016,12.83,13.2,12.65,12.99,11.41,65200
08/08/2016,13.23,13.29,12.87,13.01,11.43,49000
09/08/2016,12.98,13.09,12.98,13.02,11.44,18500
10/08/2016,13.11,13.24,12.98,13.06,11.47,21100
11/08/2016,13.16,13.18,13.06,13.09,11.5,22900
12/08/2016,13.03,13.12,12.96,13.06,11.47,12700
15/08/2016,13.1,13.13,12.95,13.02,11.44,23800
16/08/2016,13.2,13.47,13.1,13.26,11.65,49300
17/08/2016,13.21,13.28,13.08,13.2,11.59,20000
18/08/2016,13.2,13.59,13.2,13.57,11.92,32300
19/08/2016,13.55,14.11,13.47,13.84,12.16,68900
22/08/2016,13.73,13.87,13.53,13.7,12.03,35500
23/08/2016,13.71,13.98,13.71,13.87,12.18,36700
24/08/2016,13.83,13.98,13.83,13.93,12.24,45400
25/08/2016,13.88,14.13,13.85,14.12,12.4,25100
26/08/2016,13.99,14.05,13.87,13.96,12.26,36300
29/08/2016,13.95,13.95,13.75,13.81,12.13,19700
30/08/2016,13.85,13.85,13.66,13.69,12.02,18100
31/08/2016,13.65,13.67,13.41,13.45,11.81,30000
01/09/2016,13.42,13.56,13.25,13.55,11.9,29300
02/09/2016,13.6,13.82,13.6,13.72,12.05,18600
06/09/2016,13.78,13.78,13.64,13.69,12.02,12000
07/09/2016,13.74,13.84,13.63,13.71,12.04,27600
08/09/2016,13.65,13.78,13.64,13.73,12.06,22800
09/09/2016,13.6,13.62,13.26,13.29,11.67,56800
12/09/2016,13.4,13.52,13.28,13.49,11.85,54700
13/09/2016,13.37,13.54,13.26,13.36,11.73,62300
14/09/2016,13.41,13.71,13.29,13.55,11.9,57300
15/09/2016,13.48,13.63,13.48,13.56,11.91,20000
16/09/2016,13.62,13.65,13.36,13.52,11.88,96800
19/09/2016,13.53,13.55,13.37,13.41,11.78,51800
20/09/2016,13.45,13.45,13.26,13.28,11.66,21300
21/09/2016,13.32,13.33,13.0,13.32,11.7,37100
22/09/2016,13.43,13.47,13.25,13.37,11.74,36600
23/09/2016,13.35,13.45,13.3,13.35,11.73,31600
26/09/2016,13.32,13.33,13.19,13.2,11.59,24900
27/09/2016,13.28,13.28,13.12,13.17,11.57,29700
28/09/2016,13.17,13.17,12.92,13.02,11.44,48400
29/09/2016,12.98,12.98,12.72,12.81,11.25,35800
30/09/2016,12.84,13.04,12.67,12.77,11.22,60100
03/10/2016,12.68,12.72,12.5,12.58,11.05,23200
04/10/2016,12.64,12.85,12.52,12.82,11.26,31900
05/10/2016,12.76,12.94,12.76,12.88,11.31,16800
06/10/2016,12.87,12.95,12.84,12.88,11.31,17500
07/10/2016,12.84,12.99,12.72,12.86,11.3,54100
10/10/2016,13.07,13.57,12.99,13.3,11.68,141000
11/10/2016,13.2,13.24,12.94,13.09,11.5,41800
12/10/2016,13.15,13.44,13.14,13.23,11.62,13900
13/10/2016,13.19,13.26,13.01,13.07,11.48,31800
14/10/2016,13.1,13.14,13.09,13.09,11.5,10800
17/10/2016,13.13,13.25,13.1,13.22,11.61,19400
18/10/2016,13.4,13.43,13.27,13.37,11.74,16700
19/10/2016,13.4,13.7,13.38,13.63,11.97,31900
20/10/2016,13.62,13.66,13.28,13.32,11.7,18200
21/10/2016,13.26,13.55,13.26,13.37,11.74,57500
24/10/2016,13.44,13.55,13.35,13.49,11.85,16200
25/10/2016,13.55,13.67,13.38,13.47,11.83,17000
26/10/2016,13.55,13.71,13.53,13.58,11.93,35500
27/10/2016,13.68,13.75,13.49,13.53,11.88,18900
28/10/2016,13.5,13.97,13.28,13.47,11.83,15700
31/10/2016,13.51,13.76,13.5,13.61,11.95,30300
01/11/2016,13.69,13.69,13.26,13.44,11.81,30400
02/11/2016,13.38,13.38,13.21,13.26,11.65,26600
03/11/2016,13.3,13.3,13.01,13.05,11.46,23700
04/11/2016,13.09,13.09,12.79,12.93,11.36,46000
07/11/2016,13.04,13.74,13.04,13.64,11.98,52000
08/11/2016,13.69,13.74,13.21,13.62,11.96,18900
09/11/2016,13.43,13.88,13.38,13.76,12.09,68800
10/11/2016,13.91,14.61,13.69,14.46,12.7,49700
11/11/2016,14.44,14.89,14.43,14.63,12.85,129500
14/11/2016,14.57,14.59,14.12,14.36,12.61,41700
15/11/2016,14.42,14.42,14.1,14.36,12.61,25500
16/11/2016,14.33,14.6,14.32,14.52,12.75,37000
17/11/2016,14.61,14.71,14.49,14.59,12.82,34100
18/11/2016,14.66,14.83,14.59,14.79,12.99,75900
21/11/2016,14.78,15.05,14.78,14.93,13.11,66800
22/11/2016,15.01,15.01,14.86,14.9,13.09,42100
23/11/2016,14.89,14.95,14.75,14.9,13.09,59400
25/11/2016,14.94,14.95,14.82,14.92,13.11,39800
28/11/2016,14.81,14.89,14.74,14.78,12.98,23200
29/11/2016,14.8,14.85,14.69,14.74,12.95,26900
30/11/2016,14.85,14.94,14.69,14.81,13.01,43500
01/12/2016,14.9,14.9,14.29,14.47,12.71,42100
02/12/2016,14.47,14.59,14.22,14.53,12.76,26800
05/12/2016,14.67,14.98,14.67,14.87,13.06,35300
06/12/2016,14.92,15.42,14.87,15.26,13.4,55700
07/12/2016,15.16,15.16,14.82,14.98,13.16,51800
08/12/2016,15.04,15.98,14.87,15.64,13.74,59400
09/12/2016,15.56,15.72,15.3,15.42,13.54,73000
12/12/2016,15.25,15.25,14.74,14.82,13.02,83800
13/12/2016,14.73,15.22,14.71,15.01,13.18,93200
14/12/2016,14.83,14.87,14.51,14.55,12.78,50900
15/12/2016,14.47,14.76,14.26,14.37,12.62,74700
16/12/2016,14.45,14.78,14.45,14.51,12.75,106700
19/12/2016,14.46,14.79,14.35,14.6,12.82,39800
20/12/2016,14.56,14.71,14.48,14.63,12.85,32300
21/12/2016,14.52,14.61,14.38,14.38,12.63,32200
22/12/2016,14.37,14.37,14.15,14.16,12.44,25400
23/12/2016,14.16,14.38,14.16,14.32,12.58,39500
27/12/2016,14.31,14.35,14.29,14.32,12.58,18700
28/12/2016,14.33,14.35,14.13,14.15,12.43,22500
29/12/2016,14.27,14.35,14.22,14.29,12.55,22700
30/12/2016,14.34,14.35,14.13,14.34,12.6,23500
03/01/2017,14.45,14.79,14.45,14.69,12.9,79100
04/01/2017,14.7,15.0,14.62,14.94,13.12,60600
05/01/2017,14.91,14.91,14.4,14.73,12.94,62700
06/01/2017,14.81,15.01,14.45,14.87,13.06,25200
09/01/2017,14.8,14.8,14.52,14.53,12.76,40400
10/01/2017,14.52,14.58,14.42,14.45,12.69,27500
11/01/2017,14.39,14.39,13.82,14.03,12.32,56300
12/01/2017,13.88,14.12,13.83,14.03,12.32,43100
13/01/2017,14.12,14.26,13.78,14.22,12.49,23200
17/01/2017,14.09,14.09,13.54,13.68,12.02,89300
18/01/2017,13.64,13.89,13.57,13.7,12.03,29500
19/01/2017,13.46,13.53,13.23,13.27,11.66,82500
20/01/2017,13.27,13.44,13.06,13.35,11.73,49800
23/01/2017,13.27,13.27,12.98,13.1,11.51,69900
24/01/2017,13.07,13.34,12.94,13.21,11.6,57000
25/01/2017,13.34,13.39,13.22,13.35,11.73,42500
26/01/2017,13.3,13.49,13.18,13.33,11.71,25700
27/01/2017,13.38,13.47,13.22,13.41,11.78,26400
30/01/2017,13.39,13.41,13.04,13.07,11.48,41000
31/01/2017,13.16,13.41,13.16,13.36,11.73,38600
01/02/2017,13.6,13.64,13.4,13.47,11.83,36300
02/02/2017,13.56,13.83,13.56,13.62,11.96,29700
03/02/2017,13.73,13.88,13.64,13.85,12.17,28100
06/02/2017,13.92,13.93,13.73,13.84,12.16,80700
07/02/2017,13.93,13.96,13.67,13.72,12.05,27100
08/02/2017,13.75,13.9,13.66,13.68,12.02,42500
09/02/2017,13.7,13.84,13.53,13.57,11.92,27700
10/02/2017,13.66,13.66,13.43,13.55,11.9,27800
13/02/2017,13.72,13.72,13.57,13.59,11.94,39400
14/02/2017,13.61,13.93,13.61,13.88,12.19,72300
15/02/2017,14.48,14.69,14.31,14.68,12.89,108100
16/02/2017,15.0,15.07,14.73,14.89,13.08,78100
17/02/2017,14.9,15.04,14.72,15.02,13.19,48400
21/02/2017,15.18,15.46,15.18,15.45,13.57,34900
22/02/2017,15.41,15.41,15.06,15.17,13.32,34700
23/02/2017,15.24,15.24,14.83,15.08,13.25,24200
24/02/2017,14.97,15.08,14.84,15.01,13.18,29200
27/02/2017,14.99,15.28,14.98,15.13,13.29,41200
28/02/2017,13.93,14.67,13.86,14.48,12.72,117500
01/03/2017,14.35,14.48,14.16,14.44,12.68,63200
02/03/2017,14.41,14.55,14.17,14.18,12.46,41200
03/03/2017,14.21,14.22,14.0,14.16,12.44,34700
06/03/2017,14.0,14.05,13.89,13.91,12.22,27300
07/03/2017,13.97,13.97,13.72,13.72,12.05,61100
08/03/2017,13.77,13.87,13.46,13.52,11.88,37100
09/03/2017,13.56,13.59,13.33,13.36,11.73,76300
10/03/2017,13.49,13.49,13.15,13.25,11.64,68100
13/03/2017,13.28,13.31,13.1,13.23,11.62,26700
14/03/2017,13.13,13.19,13.05,13.12,11.52,24900
15/03/2017,13.18,13.31,12.99,13.28,11.66,44600
16/03/2017,13.24,13.39,13.22,13.38,11.75,34100
17/03/2017,13.31,13.54,13.27,13.41,11.78,84400
20/03/2017,13.32,13.65,13.26,13.5,11.86,33900
21/03/2017,13.69,13.71,13.3,13.33,11.71,85700
22/03/2017,13.23,13.27,13.04,13.11,11.52,44600
23/03/2017,13.05,13.24,13.03,13.08,11.49,28200
24/03/2017,13.17,13.38,13.03,13.07,11.48,21700
27/03/2017,12.96,13.08,12.79,12.99,11.41,37100
28/03/2017,13.05,13.09,12.9,13.04,11.45,15400
29/03/2017,13.14,13.26,13.1,13.14,11.54,35900
30/03/2017,13.13,13.13,12.96,13.01,11.43,25900
31/03/2017,12.85,13.0,12.85,12.88,11.31,54100
03/04/2017,12.89,13.1,12.87,12.99,11.41,26400
04/04/2017,13.02,13.1,12.95,13.04,11.45,38000
05/04/2017,13.27,13.38,13.1,13.11,11.52,60300
06/04/2017,13.9,13.94,13.63,13.73,12.06,123800
07/04/2017,13.67,13.83,13.64,13.68,12.02,36400
10/04/2017,13.68,13.77,13.4,13.46,11.82,35400
11/04/2017,13.45,13.69,12.95,13.39,11.76,102800
12/04/2017,13.35,13.35,13.1,13.23,11.62,22500
13/04/2017,13.18,13.36,13.0,13.07,11.48,60500
17/04/2017,13.05,13.3,12.95,12.98,11.4,91300
18/04/2017,12.91,12.98,12.16,12.67,11.13,105600
19/04/2017,12.98,13.03,12.83,12.92,11.35,27800
20/04/2017,13.06,13.16,12.92,13.0,11.42,42600
21/04/2017,12.93,13.0,12.81,12.98,11.4,29100
24/04/2017,13.0,13.14,12.94,13.12,11.52,35500
25/04/2017,13.21,13.55,13.18,13.45,11.81,49400
26/04/2017,13.42,13.61,13.31,13.35,11.73,41400
27/04/2017,12.36,12.4,11.5,11.67,10.25,232000
28/04/2017,11.48,11.97,11.48,11.86,10.42,128700
01/05/2017,12.04,12.25,12.04,12.14,10.66,82000
02/05/2017,12.12,12.13,12.0,12.05,10.58,113300
03/05/2017,12.52,12.52,12.01,12.18,10.7,57500
04/05/2017,12.44,12.6,12.3,12.36,10.86,89000
05/05/2017,12.4,12.47,12.2,12.38,10.87,84000
08/05/2017,12.57,12.74,12.5,12.71,11.16,56800
09/05/2017,12.94,12.96,12.62,12.72,11.17,54200
10/05/2017,13.05,13.09,12.88,13.03,11.45,71500
11/05/2017,12.9,13.02,12.75,12.83,11.27,87600
12/05/2017,12.8,12.82,12.5,12.61,11.08,82600
15/05/2017,12.7,13.44,12.7,13.36,11.73,175900
16/05/2017,13.47,13.47,12.93,13.09,11.5,91500
17/05/2017,13.0,13.14,12.67,12.86,11.3,178400
18/05/2017,13.04,13.06,12.73,12.85,11.29,141500
19/05/2017,12.8,12.86,12.61,12.77,11.22,105000
22/05/2017,12.74,12.77,12.35,12.59,11.06,131700
23/05/2017,12.65,12.68,12.33,12.36,10.86,115100
24/05/2017,12.47,12.55,12.32,12.4,10.89,167600
25/05/2017,12.47,12.79,12.47,12.54,11.01,128000
26/05/2017,12.5,12.61,12.3,12.54,11.01,108200
30/05/2017,12.69,12.71,12.41,12.46,10.94,56200
31/05/2017,12.45,12.46,12.27,12.41,10.9,116300
01/06/2017,12.48,12.81,12.26,12.8,11.24,127300
02/06/2017,12.8,12.91,12.51,12.55,11.02,92100
05/06/2017,12.41,12.63,12.38,12.47,10.95,154500
06/06/2017,12.47,12.5,12.14,12.2,10.72,124300
07/06/2017,12.2,12.29,12.16,12.2,10.72,287800
08/06/2017,12.24,12.29,11.99,12.08,10.61,96800
09/06/2017,12.05,12.16,11.83,11.96,10.51,115500
12/06/2017,11.89,12.16,11.78,12.14,10.66,193000
13/06/2017,12.17,12.17,11.78,12.01,10.55,189100
14/06/2017,12.22,12.45,12.14,12.28,10.79,160700
15/06/2017,12.15,12.15,11.67,11.7,10.28,118200
16/06/2017,11.61,11.7,11.12,11.37,9.99,352400
19/06/2017,11.38,11.49,11.3,11.47,10.07,159600
20/06/2017,11.48,11.55,11.36,11.4,10.01,118800
21/06/2017,11.41,11.73,11.4,11.68,10.26,207700
22/06/2017,11.67,12.01,11.63,11.88,10.43,324600
23/06/2017,11.88,12.01,11.63,11.71,10.29,2698500
26/06/2017,11.74,11.88,11.62,11.7,10.28,264100
27/06/2017,11.68,11.85,11.41,11.46,10.07,223500
28/06/2017,11.48,11.53,11.22,11.45,10.06,145700
29/06/2017,11.6,11.62,11.04,11.09,9.74,136000
30/06/2017,11.1,11.31,10.99,11.19,9.83,119400
03/07/2017,11.22,11.23,11.04,11.11,9.76,46600
05/07/2017,11.32,11.4,11.14,11.31,9.93,96500
06/07/2017,11.19,11.21,10.97,10.99,9.65,109600
07/07/2017,11.01,11.12,10.89,11.05,9.71,65600
10/07/2017,11.2,11.25,11.07,11.2,9.84,68600
11/07/2017,11.16,11.24,11.03,11.2,9.84,71000
12/07/2017,11.35,11.54,11.25,11.38,10.0,100600
13/07/2017,11.53,11.59,11.18,11.29,9.92,50400
14/07/2017,11.3,11.43,11.28,11.41,10.02,45300
17/07/2017,11.39,11.45,11.32,11.33,9.95,34100
18/07/2017,11.33,11.39,11.19,11.27,9.9,34100
19/07/2017,11.37,11.45,11.32,11.39,10.0,33600
20/07/2017,11.41,11.53,11.41,11.47,10.07,57600
21/07/2017,11.4,11.48,11.35,11.41,10.02,96200
24/07/2017,11.59,11.64,11.43,11.53,10.13,51900
25/07/2017,11.85,11.99,11.82,11.97,10.51,100400
26/07/2017,12.12,12.16,11.92,12.16,10.68,67300
27/07/2017,12.15,12.16,11.55,11.64,10.22,40800
28/07/2017,11.55,11.8,11.55,11.79,10.36,39800
31/07/2017,11.95,11.98,11.81,11.93,10.48,40900
01/08/2017,11.96,11.99,11.75,11.89,10.44,82100
02/08/2017,11.9,12.0,11.62,11.82,10.38,61100
03/08/2017,11.67,11.73,10.94,11.0,9.66,122800
04/08/2017,11.0,11.08,10.86,11.02,9.68,123400
07/08/2017,11.73,12.02,11.47,11.73,10.3,206400
08/08/2017,11.82,11.82,11.35,11.41,10.02,124600
09/08/2017,11.33,11.39,11.1,11.31,9.93,57200
10/08/2017,11.33,11.43,11.02,11.05,9.71,71400
11/08/2017,11.07,11.16,10.91,11.06,9.71,53600
14/08/2017,11.24,11.52,11.19,11.44,10.05,102500
15/08/2017,11.55,11.57,11.18,11.23,9.86,34000
16/08/2017,11.22,11.31,11.15,11.25,9.88,50300
17/08/2017,11.21,11.25,10.88,10.9,9.57,40500
18/08/2017,10.9,11.02,10.82,10.9,9.57,71600
21/08/2017,10.83,10.84,10.7,10.8,9.49,61900
22/08/2017,10.83,10.83,10.6,10.71,9.41,30300
23/08/2017,10.68,10.7,10.57,10.62,9.33,18600
24/08/2017,10.72,10.79,10.63,10.72,9.42,27800
25/08/2017,10.8,10.84,10.71,10.8,9.49,26500
28/08/2017,11.1,11.13,10.94,11.06,9.71,53000
29/08/2017,10.92,11.02,10.77,10.95,9.62,43000
30/08/2017,10.91,11.03,10.84,10.99,9.65,19400
31/08/2017,11.18,11.22,11.0,11.03,9.69,35900
01/09/2017,11.08,11.19,11.0,11.18,9.82,14500
05/09/2017,11.43,11.59,11.4,11.56,10.15,50100
06/09/2017,11.81,12.01,11.66,11.85,10.41,35700
07/09/2017,11.98,12.2,11.92,12.02,10.56,28600
08/09/2017,11.98,12.07,11.89,12.07,10.6,28000
11/09/2017,12.1,12.3,12.08,12.27,10.78,38800
12/09/2017,12.27,12.29,12.06,12.06,10.59,69000
13/09/2017,12.26,12.41,12.21,12.36,10.86,36400
14/09/2017,12.6,12.73,12.49,12.52,11.0,26200
15/09/2017,12.52,12.75,12.37,12.74,11.19,42600
18/09/2017,13.1,13.35,12.99,13.25,11.64,95700
19/09/2017,13.44,13.46,13.07,13.08,11.49,49700
20/09/2017,13.07,13.17,13.0,13.07,11.48,35600
21/09/2017,13.03,13.55,13.0,13.11,11.52,31000
22/09/2017,13.08,13.33,13.08,13.29,11.67,19800
25/09/2017,13.41,13.54,13.13,13.26,11.65,37200
26/09/2017,13.29,13.29,13.1,13.13,11.53,13600
27/09/2017,13.1,13.11,13.0,13.06,11.47,23000
28/09/2017,13.09,13.16,12.81,13.08,11.49,22100
29/09/2017,13.05,13.28,13.01,13.2,11.59,13300
02/10/2017,13.23,13.35,13.2,13.25,11.64,16900
03/10/2017,13.5,13.61,13.17,13.23,11.62,60000
04/10/2017,13.11,13.28,13.11,13.2,11.59,13400
05/10/2017,13.2,13.46,13.17,13.41,11.78,15700
06/10/2017,13.4,13.51,13.24,13.49,11.85,26500
09/10/2017,13.59,13.66,13.43,13.64,11.98,21000
10/10/2017,13.59,13.74,13.37,13.7,12.03,30700
11/10/2017,13.25,13.72,13.25,13.66,12.0,18900
12/10/2017,13.53,13.71,13.52,13.69,12.02,14100
13/10/2017,13.75,13.75,13.5,13.71,12.04,10200
16/10/2017,13.44,13.55,13.31,13.47,11.83,37200
17/10/2017,13.61,13.69,13.51,13.65,11.99,15400
18/10/2017,13.74,14.3,13.74,14.05,12.34,37700
19/10/2017,14.0,14.11,13.86,14.0,12.3,11900
20/10/2017,14.01,14.13,13.86,14.07,12.36,11400
23/10/2017,14.23,14.25,14.02,14.1,12.38,13400
24/10/2017,14.23,14.23,13.91,14.08,12.37,24700
25/10/2017,14.04,14.09,13.75,14.04,12.33,9200
26/10/2017,14.01,14.16,13.97,13.99,12.29,9200
27/10/2017,14.0,14.04,13.79,13.88,12.19,27700
30/10/2017,13.69,13.82,13.51,13.64,11.98,61300
31/10/2017,13.69,14.06,13.65,13.97,12.27,27400
01/11/2017,14.1,14.15,13.87,13.96,12.26,16100
02/11/2017,13.93,14.06,13.8,13.8,12.12,27200
03/11/2017,13.9,14.18,13.77,13.98,12.28,18100
06/11/2017,13.93,14.03,13.91,13.99,12.29,9200
07/11/2017,13.98,14.0,13.87,13.9,12.21,15100
08/11/2017,13.89,13.99,13.67,13.96,12.26,112900
09/11/2017,13.3,13.77,13.05,13.14,11.54,135500
10/11/2017,13.12,13.12,12.92,13.01,11.43,32400
13/11/2017,12.92,12.92,12.2,12.43,10.92,132600
14/11/2017,12.47,12.56,12.31,12.47,10.95,36900
15/11/2017,12.45,12.54,12.36,12.5,10.98,26300
16/11/2017,12.31,12.43,12.12,12.13,10.65,21900
17/11/2017,12.12,12.38,12.04,12.32,10.82,15400
20/11/2017,12.39,12.41,12.22,12.25,10.76,16100
21/11/2017,12.36,12.41,12.24,12.31,10.81,25300
22/11/2017,12.36,12.44,12.1,12.3,10.8,34800
24/11/2017,12.31,12.32,11.92,12.31,10.81,9000
27/11/2017,12.28,12.32,12.01,12.08,10.61,30500
28/11/2017,12.1,12.19,11.93,12.0,10.54,58200
29/11/2017,11.96,12.0,11.8,11.96,10.51,25700
30/11/2017,11.98,12.1,11.96,11.96,10.51,25000
01/12/2017,11.82,11.82,11.53,11.69,10.44,28600
04/12/2017,12.11,12.11,11.78,11.84,10.58,42400
05/12/2017,11.9,12.19,11.88,12.0,10.72,35400
06/12/2017,11.98,11.98,11.88,11.88,10.61,6100
07/12/2017,11.91,11.99,11.76,11.91,10.64,27500
08/12/2017,11.98,11.98,11.81,11.81,10.55,2600
11/12/2017,11.8,11.8,11.43,11.52,10.29,49100
12/12/2017,11.47,11.8,11.47,11.72,10.47,302300
13/12/2017,11.76,11.9,11.54,11.72,10.47,39600
14/12/2017,11.75,11.83,11.25,11.34,10.13,43900
15/12/2017,11.34,11.6,11.3,11.55,10.32,46600
18/12/2017,11.6,11.69,11.56,11.68,10.43,16800
19/12/2017,11.64,11.66,11.2,11.49,10.26,29300
20/12/2017,11.6,11.61,11.08,11.24,10.04,140600
21/12/2017,11.37,11.57,11.3,11.54,10.31,43600
22/12/2017,11.54,11.65,11.21,11.65,10.41,28700
26/12/2017,11.65,11.8,11.49,11.71,10.46,49600
27/12/2017,11.74,11.79,11.6,11.63,10.39,24000
28/12/2017,11.6,11.6,11.42,11.51,10.28,12800
29/12/2017,11.52,11.56,11.45,11.52,10.29,28500
02/01/2018,11.93,12.07,11.91,12.05,10.76,50100
03/01/2018,12.3,12.37,12.11,12.27,10.96,128500
04/01/2018,12.35,12.62,12.35,12.41,11.09,17000
05/01/2018,12.59,12.65,12.46,12.49,11.16,21600
08/01/2018,12.46,12.54,12.23,12.36,11.04,18500
09/01/2018,12.35,12.35,11.97,12.1,10.81,73700
10/01/2018,12.06,12.11,11.87,12.05,10.76,9800
11/01/2018,11.96,12.2,11.9,12.19,10.89,19700
12/01/2018,12.16,12.34,11.91,12.28,10.97,10400
16/01/2018,11.85,11.96,11.7,11.88,10.61,71600
17/01/2018,11.79,12.19,11.75,11.97,10.69,188600
18/01/2018,11.94,12.26,11.86,12.2,10.9,29900
19/01/2018,12.27,12.48,12.01,12.06,10.77,8100
22/01/2018,12.04,12.06,11.82,11.9,10.63,22300
23/01/2018,11.88,12.12,11.73,11.76,10.51,50900
24/01/2018,11.39,11.91,11.39,11.76,10.51,94200
25/01/2018,11.67,11.75,11.42,11.45,10.23,17600
26/01/2018,11.47,11.7,11.45,11.64,10.4,16400
29/01/2018,12.03,12.18,11.96,12.11,10.82,33800
30/01/2018,12.16,12.16,11.85,12.03,10.75,16200
31/01/2018,12.39,12.55,12.35,12.44,11.11,69500
01/02/2018,12.39,12.65,12.25,12.33,11.01,26600
02/02/2018,12.3,12.54,12.12,12.15,10.85,52000
05/02/2018,12.35,12.35,12.01,12.18,10.88,25500
06/02/2018,12.12,12.31,12.01,12.27,10.96,23100
07/02/2018,12.2,12.3,12.12,12.15,10.85,23500
08/02/2018,12.16,12.16,11.62,11.62,10.38,18800
09/02/2018,11.6,11.87,11.49,11.8,10.54,28500
12/02/2018,9.55,10.48,9.55,10.33,9.23,215300
13/02/2018,10.01,10.09,9.52,9.81,8.76,98700
14/02/2018,9.75,9.75,9.24,9.44,8.43,118100
15/02/2018,9.5,9.65,9.41,9.57,8.55,38200
16/02/2018,9.4,9.4,9.14,9.16,8.18,107800
20/02/2018,9.21,9.26,9.18,9.23,8.25,39300
21/02/2018,9.29,9.29,9.13,9.19,8.21,17000
22/02/2018,9.14,9.62,9.11,9.44,8.43,45400
23/02/2018,9.52,9.57,9.3,9.5,8.49,12200
26/02/2018,9.55,9.72,9.54,9.66,8.63,27600
27/02/2018,9.66,9.72,9.55,9.7,8.67,35100
28/02/2018,9.64,9.76,9.55,9.71,8.67,32900
01/03/2018,9.66,9.75,9.65,9.65,8.62,17600
02/03/2018,9.75,9.93,9.74,9.85,8.8,8200
05/03/2018,9.62,9.86,9.61,9.69,8.66,45700
06/03/2018,9.72,9.78,9.64,9.76,8.72,16500
07/03/2018,9.68,9.76,9.62,9.63,8.6,20400
08/03/2018,9.8,9.84,9.5,9.68,8.65,17500
09/03/2018,9.8,10.13,9.63,9.89,8.83,82300
12/03/2018,9.65,9.69,9.27,9.4,8.4,39100
13/03/2018,9.65,9.69,9.32,9.39,8.39,5700
14/03/2018,9.34,9.4,9.17,9.23,8.25,8900
15/03/2018,9.27,9.36,9.16,9.16,8.18,14000
16/03/2018,9.23,9.3,9.07,9.15,8.17,13200
19/03/2018,9.1,9.1,8.84,8.99,8.03,9400
20/03/2018,8.82,8.94,8.79,8.82,7.88,10800
21/03/2018,8.87,8.96,8.8,8.82,7.88,38000
22/03/2018,8.8,9.29,8.58,9.27,8.28,33700
23/03/2018,9.18,9.18,8.56,8.57,7.66,50600
26/03/2018,8.81,8.86,8.69,8.85,7.91,19900
27/03/2018,8.92,8.92,8.71,8.85,7.91,25000
28/03/2018,8.8,8.89,8.71,8.71,7.78,33000
29/03/2018,8.8,8.8,8.48,8.53,7.62,56000
02/04/2018,8.44,8.44,8.1,8.2,7.33,41600
03/04/2018,8.12,8.32,8.01,8.14,7.27,38400
04/04/2018,8.17,8.52,8.15,8.39,7.49,38700
05/04/2018,8.43,8.53,8.32,8.52,7.61,40500
06/04/2018,8.5,8.52,8.25,8.26,7.38,18300
09/04/2018,8.31,8.46,8.12,8.35,7.46,55600
10/04/2018,8.36,8.54,8.32,8.51,7.6,12500
11/04/2018,8.49,8.61,8.4,8.49,7.58,24700
12/04/2018,8.58,8.91,8.5,8.66,7.74,47400
13/04/2018,8.66,8.66,8.49,8.53,7.62,5300
16/04/2018,8.6,8.77,8.6,8.7,7.77,1700
17/04/2018,8.72,8.76,8.36,8.52,7.61,4800
18/04/2018,8.54,8.55,8.52,8.54,7.63,3900
19/04/2018,8.55,8.75,8.46,8.58,7.66,3100
20/04/2018,8.6,9.0,8.6,8.84,7.9,15000
23/04/2018,9.06,9.27,9.06,9.27,8.28,8700
24/04/2018,9.37,9.49,9.28,9.36,8.36,14700
25/04/2018,9.3,9.32,9.04,9.04,8.08,8100
26/04/2018,9.26,9.26,9.01,9.02,8.06,3400
27/04/2018,9.09,9.09,8.78,9.01,8.05,4000
30/04/2018,9.06,9.1,8.97,9.08,8.11,2800
01/05/2018,8.93,8.93,8.73,8.81,7.87,10500
02/05/2018,8.7,8.72,8.58,8.62,7.7,20300
03/05/2018,8.64,8.96,8.37,8.96,8.0,118500
04/05/2018,9.0,9.07,8.87,8.87,7.92,21700
07/05/2018,9.0,9.75,9.0,9.7,8.67,56700
08/05/2018,9.45,9.65,9.38,9.54,8.52,24600
09/05/2018,9.49,9.5,9.42,9.48,8.47,6300
10/05/2018,9.4,9.48,9.29,9.4,8.4,13900
11/05/2018,9.39,9.4,9.32,9.37,8.37,2100
14/05/2018,9.33,9.34,9.12,9.33,8.33,7000
15/05/2018,9.25,9.26,9.0,9.22,8.24,16200
16/05/2018,9.19,9.32,9.16,9.3,8.31,3900
17/05/2018,9.24,9.29,9.18,9.18,8.2,5700
18/05/2018,9.13,9.27,9.13,9.27,8.28,3000
21/05/2018,9.26,9.41,9.2,9.41,8.41,35400
22/05/2018,9.29,9.34,9.01,9.13,8.16,25000
23/05/2018,9.01,9.16,9.01,9.12,8.15,6400
24/05/2018,9.02,9.08,8.93,9.02,8.06,10800
25/05/2018,9.05,9.28,8.77,9.1,8.13,6900
29/05/2018,9.02,9.09,8.9,9.06,8.09,10900
30/05/2018,9.11,9.23,9.11,9.23,8.25,4000
31/05/2018,9.21,9.3,9.0,9.29,8.3,13200
01/06/2018,9.33,9.41,9.13,9.41,8.41,9600
04/06/2018,9.27,9.65,9.27,9.58,8.56,15500
05/06/2018,9.44,9.56,9.44,9.49,8.48,18000
06/06/2018,9.47,9.51,9.41,9.5,8.49,12900
07/06/2018,9.54,9.86,9.5,9.79,8.75,36100
08/06/2018,9.78,9.93,9.72,9.93,8.87,10900
11/06/2018,10.1,10.19,10.05,10.12,9.04,20500
12/06/2018,9.96,10.04,9.84,9.86,8.81,11800
13/06/2018,9.93,10.05,9.93,10.05,8.98,12000
14/06/2018,9.92,10.09,9.91,9.91,8.85,13000
15/06/2018,9.92,9.92,9.76,9.81,8.76,13400
18/06/2018,10.0,10.06,9.97,10.01,8.94,11700
19/06/2018,10.0,10.2,9.85,10.2,9.11,28900
20/06/2018,10.15,10.65,10.15,10.49,9.37,23700
21/06/2018,10.32,10.5,10.32,10.4,9.29,25800
22/06/2018,10.42,10.51,10.02,10.32,9.22,1200
25/06/2018,9.99,9.99,9.78,9.92,8.86,21300
26/06/2018,9.86,9.95,9.77,9.77,8.73,8800
27/06/2018,9.81,9.81,9.58,9.62,8.59,3500
28/06/2018,9.65,9.77,9.65,9.74,8.7,3900
29/06/2018,9.78,9.86,9.75,9.77,8.73,4500
02/07/2018,9.53,9.7,9.53,9.66,8.63,10700
03/07/2018,9.7,9.82,9.62,9.71,8.67,12700
05/07/2018,9.74,9.95,9.74,9.95,8.89,4600
06/07/2018,9.96,10.24,9.89,10.16,9.08,12600
09/07/2018,10.07,10.15,9.98,10.0,8.93,26400
10/07/2018,10.08,10.2,10.0,10.14,9.06,19200
11/07/2018,10.05,10.19,10.01,10.08,9.0,12500
12/07/2018,10.08,10.15,10.07,10.14,9.06,5000
13/07/2018,10.0,10.16,10.0,10.16,9.08,4900
16/07/2018,10.11,10.2,10.08,10.19,9.1,9000
17/07/2018,10.14,10.2,10.11,10.18,9.09,19200
18/07/2018,10.15,10.27,10.11,10.2,9.11,16100
19/07/2018,10.16,10.16,10.07,10.12,9.04,19000
20/07/2018,10.21,10.28,10.16,10.28,9.18,13500
23/07/2018,10.16,10.23,10.15,10.22,9.13,15300
24/07/2018,10.17,10.19,10.11,10.18,9.09,21800
25/07/2018,10.25,10.66,10.03,10.65,9.51,90500
26/07/2018,10.48,10.65,10.46,10.65,9.51,44400
27/07/2018,10.72,10.72,10.47,10.47,9.35,17700
30/07/2018,10.31,10.37,10.26,10.35,9.25,41300
31/07/2018,10.35,10.44,10.3,10.32,9.22,21400
01/08/2018,10.24,10.35,10.23,10.34,9.24,25900
02/08/2018,10.22,10.25,10.12,10.18,9.09,10600
03/08/2018,10.18,10.44,10.18,10.4,9.29,30600
06/08/2018,10.35,10.64,10.35,10.63,9.5,22400
07/08/2018,10.35,11.0,10.35,10.83,9.67,50000
08/08/2018,10.52,10.88,10.16,10.81,9.66,58500
09/08/2018,10.81,10.82,10.72,10.8,9.65,10200
10/08/2018,10.75,10.81,10.54,10.76,9.61,12600
13/08/2018,10.69,10.84,10.65,10.7,9.56,29000
14/08/2018,10.73,11.02,10.7,10.97,9.8,46900
15/08/2018,10.87,10.98,10.84,10.92,9.75,8800
16/08/2018,10.8,10.99,10.8,10.98,9.81,16200
17/08/2018,10.99,11.36,10.93,11.29,10.09,39900
20/08/2018,11.26,11.26,11.15,11.2,10.0,11800
21/08/2018,11.22,11.28,11.15,11.16,9.97,1400
22/08/2018,11.3,11.57,11.27,11.56,10.33,20800
23/08/2018,11.45,11.78,11.41,11.75,10.5,27000
24/08/2018,11.82,11.93,11.56,11.87,10.6,29600
27/08/2018,11.75,11.89,11.7,11.77,10.51,44600
28/08/2018,11.77,11.92,11.77,11.9,10.63,11700
29/08/2018,11.89,12.09,11.87,12.03,10.75,18300
30/08/2018,11.93,12.06,11.92,12.04,10.76,9300
31/08/2018,12.0,12.08,11.89,12.04,10.76,5800
04/09/2018,11.75,11.95,11.57,11.9,10.63,37600
05/09/2018,11.77,11.86,11.73,11.8,10.54,66400
06/09/2018,11.89,11.98,11.64,11.93,10.66,18500
07/09/2018,11.88,11.95,11.75,11.9,10.63,2800
10/09/2018,11.9,12.05,11.85,11.97,10.69,12000
11/09/2018,11.97,11.97,11.79,11.79,10.53,10300
12/09/2018,11.75,11.8,11.71,11.78,10.52,12800
13/09/2018,11.76,11.86,11.75,11.85,10.59,4900
14/09/2018,11.88,11.88,11.79,11.79,10.53,5000
17/09/2018,11.7,11.79,11.68,11.7,10.45,30900
18/09/2018,11.99,11.99,11.74,11.81,10.55,8000
19/09/2018,11.86,11.89,11.51,11.84,10.58,13400
20/09/2018,11.84,12.09,11.84,12.09,10.8,13100
21/09/2018,12.1,12.35,11.78,12.35,11.03,29400
24/09/2018,12.35,12.35,12.03,12.05,10.76,7700
25/09/2018,12.01,12.18,11.98,12.05,10.76,8400
26/09/2018,11.93,12.06,11.9,12.05,10.76,11300
27/09/2018,12.2,12.2,11.93,12.07,10.78,9100
28/09/2018,12.68,14.46,12.54,13.21,11.8,340900
01/10/2018,13.54,13.99,13.31,13.42,11.99,103200
02/10/2018,13.0,13.0,12.08,12.1,10.81,161900
03/10/2018,12.46,12.65,12.27,12.33,11.01,33700
04/10/2018,12.38,12.61,12.27,12.57,11.23,29900
05/10/2018,12.6,12.66,12.29,12.53,11.19,24600
08/10/2018,12.3,12.33,12.1,12.27,10.96,52000
09/10/2018,12.28,12.49,12.12,12.46,11.13,26400
10/10/2018,12.38,12.38,11.99,11.99,10.71,42600
11/10/2018,11.96,12.03,11.52,11.74,10.49,22600
12/10/2018,11.8,12.05,11.75,12.0,10.72,38300
15/10/2018,11.75,12.0,11.37,11.82,10.74,87600
16/10/2018,11.96,11.96,11.68,11.86,10.77,38100
17/10/2018,11.81,12.11,11.72,11.97,10.87,42900
18/10/2018,11.95,11.95,11.75,11.82,10.74,44400
19/10/2018,11.82,11.84,11.55,11.69,10.62,88600
22/10/2018,11.75,11.75,11.4,11.49,10.44,30200
23/10/2018,11.27,11.43,11.15,11.43,10.38,33400
24/10/2018,11.38,11.38,11.01,11.11,10.09,59900
25/10/2018,11.11,11.25,11.02,11.22,10.19,29600
26/10/2018,11.03,11.38,11.02,11.17,10.15,34400
29/10/2018,11.2,11.37,10.91,10.98,9.97,32600
30/10/2018,10.88,11.26,10.88,11.14,10.12,19100
31/10/2018,11.23,11.49,11.23,11.42,10.37,14400
01/11/2018,11.38,11.73,11.32,11.66,10.59,31100
02/11/2018,11.67,11.72,11.54,11.54,10.48,4800
05/11/2018,11.58,11.6,11.43,11.49,10.44,20800
06/11/2018,11.46,11.65,11.42,11.43,10.38,15800
07/11/2018,11.62,12.11,11.62,12.11,11.0,24600
08/11/2018,11.83,11.89,11.5,11.59,10.53,17200
09/11/2018,11.59,11.66,11.35,11.53,10.47,47000
12/11/2018,11.46,11.46,11.18,11.25,10.22,15900
13/11/2018,11.24,11.24,10.96,11.08,10.07,11300
14/11/2018,11.07,11.08,10.86,10.95,9.95,15000
15/11/2018,10.86,11.03,10.79,11.03,10.02,69700
16/11/2018,11.08,11.17,10.96,11.15,10.13,22800
19/11/2018,10.91,10.91,10.62,10.7,9.72,32400
20/11/2018,10.74,10.84,10.68,10.83,9.84,16300
21/11/2018,10.75,10.93,10.75,10.86,9.87,21900
23/11/2018,10.75,10.96,10.66,10.91,9.91,7300
26/11/2018,10.95,11.21,10.91,11.09,10.07,35800
27/11/2018,11.07,11.43,10.93,11.25,10.22,119500
28/11/2018,11.37,12.15,11.31,11.93,10.84,92800
29/11/2018,11.82,12.11,11.73,12.09,10.98,33300
30/11/2018,12.0,12.5,11.89,12.19,11.07,57400
03/12/2018,12.16,12.5,11.84,12.02,10.92,268200
04/12/2018,11.9,12.25,11.65,11.86,10.77,71800
06/12/2018,11.7,12.13,11.57,12.06,10.96,52900
07/12/2018,12.14,12.18,11.82,11.9,10.81,37700
10/12/2018,11.82,11.83,11.46,11.73,10.66,31400
11/12/2018,11.71,12.01,11.63,11.67,10.6,58500
12/12/2018,11.7,11.75,11.5,11.51,10.46,33200
13/12/2018,11.54,11.77,11.29,11.45,10.4,45300
14/12/2018,11.4,11.46,11.14,11.26,10.23,15400
17/12/2018,11.16,11.16,10.69,10.86,9.87,81300
18/12/2018,10.82,10.82,10.44,10.64,9.67,47800
19/12/2018,10.68,10.94,10.62,10.7,9.72,39000
20/12/2018,10.64,10.77,10.62,10.71,9.73,20800
21/12/2018,10.73,10.9,10.41,10.55,9.58,16500
24/12/2018,10.39,10.44,10.11,10.2,9.27,43700
26/12/2018,10.38,11.13,10.32,11.03,10.02,115400
27/12/2018,10.78,10.88,10.37,10.88,9.88,62500
28/12/2018,10.88,10.93,10.72,10.77,9.78,32000
31/12/2018,10.86,11.13,10.86,11.03,10.02,21300
02/01/2019,10.92,11.28,10.88,10.96,9.96,22000
03/01/2019,10.74,11.01,10.6,10.99,9.98,227900
04/01/2019,11.1,11.44,11.1,11.21,10.18,23300
07/01/2019,11.27,11.84,11.27,11.61,10.55,24900
08/01/2019,11.61,11.89,11.55,11.88,10.79,19700
09/01/2019,11.87,12.11,11.82,12.11,11.0,20900
10/01/2019,12.09,12.11,11.9,12.07,10.96,12900
11/01/2019,12.06,12.21,11.92,12.08,10.97,18500
14/01/2019,12.03,12.03,11.77,11.95,10.86,9700
15/01/2019,11.83,11.95,11.82,11.9,10.81,6900
16/01/2019,11.75,11.84,11.7,11.77,10.69,10700
17/01/2019,11.67,11.8,11.6,11.76,10.68,7800
18/01/2019,11.74,12.05,11.74,11.95,10.86,37000
22/01/2019,12.08,12.17,12.01,12.13,11.02,11700
23/01/2019,12.13,12.3,12.1,12.3,11.17,19200
24/01/2019,12.13,12.17,11.93,12.11,11.0,15800
25/01/2019,12.0,12.28,11.83,12.28,11.16,26300
28/01/2019,11.95,12.12,11.95,11.96,10.86,19000
29/01/2019,11.97,12.12,11.76,12.11,11.0,28300
30/01/2019,12.1,12.3,12.05,12.3,11.17,6700
31/01/2019,12.32,12.39,12.14,12.2,11.08,25200
01/02/2019,12.41,12.61,12.41,12.54,11.39,31500
04/02/2019,12.39,12.75,12.39,12.72,11.56,37100
05/02/2019,12.74,12.87,12.66,12.84,11.66,15900
06/02/2019,12.77,12.84,12.69,12.72,11.56,19600
07/02/2019,12.58,12.89,12.58,12.86,11.68,37000
08/02/2019,12.87,13.04,12.79,13.0,11.81,23400
11/02/2019,12.93,12.98,12.85,12.98,11.79,12000
12/02/2019,13.0,13.14,13.0,13.14,11.94,4100
13/02/2019,13.02,13.05,12.84,12.98,11.79,20200
14/02/2019,12.99,13.2,12.95,12.97,11.78,31200
15/02/2019,12.98,13.7,12.96,13.55,12.31,66300
19/02/2019,13.34,13.53,13.25,13.48,12.25,20200
20/02/2019,13.5,13.6,13.39,13.44,12.21,29100
21/02/2019,13.3,13.39,13.16,13.23,12.02,18800
22/02/2019,13.35,13.37,13.26,13.36,12.14,23800
25/02/2019,13.29,13.4,13.22,13.34,12.12,55400
26/02/2019,13.7,13.83,13.05,13.34,12.12,119600
27/02/2019,13.44,13.7,13.4,13.65,12.4,437600
28/02/2019,13.65,14.33,13.47,13.7,12.45,290500
01/03/2019,13.8,14.33,13.7,14.07,12.78,117900
04/03/2019,14.09,14.21,14.0,14.05,12.76,73000
05/03/2019,14.04,14.1,13.93,14.01,12.73,40900
06/03/2019,14.02,14.03,13.57,13.74,12.48,160000
07/03/2019,13.66,13.79,13.43,13.7,12.45,75600
08/03/2019,13.62,13.67,13.37,13.65,12.4,33800
11/03/2019,13.65,13.7,13.42,13.7,12.45,42400
12/03/2019,13.65,13.98,13.55,13.68,12.43,89200
13/03/2019,13.59,14.19,13.59,13.94,12.66,114700
14/03/2019,13.87,14.5,13.83,14.35,13.04,72900
15/03/2019,14.31,14.74,14.14,14.45,13.13,68000
18/03/2019,14.38,14.47,14.2,14.37,13.05,76600
19/03/2019,14.32,14.39,14.04,14.29,12.98,37400
20/03/2019,14.19,14.52,14.16,14.44,13.12,34700
21/03/2019,14.43,16.1,14.43,15.35,13.94,362400
22/03/2019,15.41,15.71,15.25,15.25,13.85,186800
25/03/2019,15.13,15.27,14.95,15.21,13.82,135900
26/03/2019,15.19,15.45,15.16,15.36,13.95,62300
27/03/2019,15.21,15.41,15.0,15.3,13.9,64700
28/03/2019,15.28,15.45,15.02,15.28,13.88,57000
29/03/2019,15.46,15.48,15.21,15.28,13.88,30500
01/04/2019,15.3,15.3,15.0,15.11,13.73,116700
02/04/2019,15.25,15.64,15.25,15.49,14.07,231200
03/04/2019,15.4,15.57,15.29,15.38,13.97,77100
04/04/2019,15.3,15.37,14.85,14.99,13.62,100500
05/04/2019,15.16,15.54,15.05,15.28,13.88,82200
08/04/2019,15.21,15.59,15.13,15.37,13.96,98900
09/04/2019,15.38,15.52,15.32,15.43,14.02,52300
10/04/2019,15.44,15.85,15.41,15.59,14.16,91100
11/04/2019,15.84,15.95,15.75,15.79,14.34,89400
12/04/2019,15.88,15.99,15.61,15.68,14.24,115500
15/04/2019,15.76,15.86,15.61,15.76,14.32,85100
16/04/2019,15.72,15.72,15.24,15.38,13.97,137100
17/04/2019,15.39,15.4,14.89,14.99,13.62,105400
18/04/2019,14.85,14.96,14.68,14.89,13.53,89700
22/04/2019,14.89,15.09,14.71,15.01,13.64,65900
23/04/2019,15.0,15.64,14.92,15.5,14.08,59400
24/04/2019,15.5,15.81,15.4,15.78,14.34,59200
25/04/2019,15.83,15.97,15.65,15.7,14.26,48800
26/04/2019,15.84,15.89,15.39,15.58,14.15,57700
29/04/2019,15.57,15.59,15.3,15.36,13.95,57200
30/04/2019,15.38,15.42,15.19,15.37,13.96,40100
01/05/2019,15.4,15.4,14.92,14.98,13.61,58000
02/05/2019,14.94,15.25,14.5,14.72,13.37,92600
03/05/2019,14.69,14.96,14.5,14.96,13.59,64300
06/05/2019,14.72,14.79,13.85,14.33,13.02,471300
07/05/2019,14.27,15.0,14.23,14.92,13.55,99600
08/05/2019,14.76,15.15,14.76,15.01,13.64,56900
09/05/2019,14.93,15.35,14.75,15.22,13.83,65800
10/05/2019,15.2,15.31,14.88,15.07,13.69,81100
13/05/2019,14.58,14.91,14.41,14.68,13.34,261300
14/05/2019,14.89,15.21,14.89,15.03,13.65,47700
15/05/2019,14.99,15.19,14.96,15.13,13.74,49200
16/05/2019,14.91,15.01,14.51,14.66,13.32,103200
17/05/2019,14.58,14.81,14.58,14.76,13.41,33700
20/05/2019,14.6,14.97,14.45,14.78,13.43,49600
21/05/2019,14.87,15.17,14.87,15.01,13.64,61100
22/05/2019,15.0,15.21,14.92,15.0,13.63,49200
23/05/2019,14.85,14.92,14.72,14.85,13.49,41100
24/05/2019,14.92,14.94,14.78,14.8,13.44,13300
28/05/2019,14.64,14.73,14.46,14.48,13.15,60300
29/05/2019,14.39,14.39,14.15,14.16,12.86,30200
30/05/2019,14.24,14.24,13.91,14.14,12.85,88900
31/05/2019,14.3,15.96,14.28,15.72,14.28,504500
03/06/2019,15.36,16.23,14.96,15.88,14.43,322900
04/06/2019,15.81,16.6,15.81,16.36,14.86,1551800
05/06/2019,16.38,16.56,16.17,16.38,14.88,182400
06/06/2019,16.19,16.54,16.07,16.41,14.91,148900
07/06/2019,16.27,17.2,16.27,16.88,15.33,229600
10/06/2019,16.82,17.41,16.59,16.75,15.22,193500
11/06/2019,16.55,16.62,16.11,16.13,14.65,137900
12/06/2019,16.07,16.23,15.94,16.15,14.67,100300
13/06/2019,16.19,16.66,16.07,16.56,15.04,82600
14/06/2019,16.65,16.72,16.32,16.34,14.84,57300
17/06/2019,16.14,16.32,16.06,16.16,14.68,87000
18/06/2019,16.19,16.48,16.15,16.29,14.8,77700
19/06/2019,16.21,16.73,16.2,16.69,15.16,130900
20/06/2019,16.73,16.76,16.51,16.64,15.12,83800
21/06/2019,16.53,16.75,16.44,16.6,15.08,85000
24/06/2019,16.56,16.91,16.54,16.69,15.16,113500
25/06/2019,16.7,16.7,16.26,16.29,14.8,59200
26/06/2019,16.37,16.43,16.13,16.17,14.69,45900
27/06/2019,16.16,16.34,16.15,16.3,14.81,26100
28/06/2019,16.31,16.68,16.25,16.62,15.1,64000
01/07/2019,16.79,16.87,16.6,16.65,15.13,62100
02/07/2019,16.74,16.85,16.69,16.83,15.29,26600
03/07/2019,16.54,16.64,16.22,16.24,14.75,117000
05/07/2019,16.29,16.45,16.25,16.29,14.8,77000
08/07/2019,16.25,16.54,16.09,16.43,14.93,72400
09/07/2019,16.36,16.78,16.36,16.62,15.1,89800
10/07/2019,16.68,16.7,16.41,16.56,15.04,41600
11/07/2019,16.72,16.78,16.43,16.44,14.93,61400
12/07/2019,16.47,16.5,16.19,16.48,14.97,31800
15/07/2019,16.49,16.49,16.14,16.4,14.9,52100
16/07/2019,16.37,16.37,16.06,16.06,14.59,35400
17/07/2019,16.06,16.19,16.06,16.09,14.62,31200
18/07/2019,15.89,15.91,15.53,15.59,14.16,51000
19/07/2019,15.57,15.81,15.57,15.67,14.24,30100
22/07/2019,15.7,16.01,15.7,15.92,14.46,35500
23/07/2019,15.88,16.1,15.85,16.03,14.56,40800
24/07/2019,16.1,16.32,16.02,16.29,14.8,23000
25/07/2019,16.42,16.42,16.03,16.04,14.57,26600
26/07/2019,16.13,16.55,16.13,16.55,15.03,30300
29/07/2019,16.49,16.49,16.17,16.32,14.83,35600
30/07/2019,16.35,16.56,16.33,16.53,15.02,32500
31/07/2019,16.53,16.58,15.88,16.09,14.62,31600
01/08/2019,16.23,16.34,15.84,15.86,14.41,24900
02/08/2019,15.87,15.93,15.56,15.82,14.37,54100
05/08/2019,16.03,17.45,16.03,16.77,15.23,433700
06/08/2019,17.26,17.71,17.14,17.47,15.87,151000
07/08/2019,17.35,18.22,17.31,17.66,16.04,132100
08/08/2019,17.78,18.25,17.78,18.11,16.45,119300
09/08/2019,18.0,18.06,17.42,17.87,16.23,99300
12/08/2019,17.73,18.15,17.65,17.96,16.32,79500
13/08/2019,18.05,19.29,18.05,18.58,16.88,89500
14/08/2019,18.38,18.5,18.18,18.34,16.66,61800
15/08/2019,18.33,18.36,17.88,17.92,16.28,68400
16/08/2019,18.19,18.58,18.12,18.35,16.67,78400
19/08/2019,18.53,18.66,18.32,18.54,17.05,67100
20/08/2019,18.7,19.2,18.7,18.79,17.28,177500
21/08/2019,18.81,18.85,18.52,18.58,17.08,85400
22/08/2019,18.7,18.98,18.53,18.8,17.29,51900
23/08/2019,18.82,18.93,18.44,18.49,17.0,59000
26/08/2019,18.69,18.74,18.39,18.49,17.0,53400
27/08/2019,19.1,19.59,18.35,18.59,17.09,132800
28/08/2019,18.41,18.6,18.36,18.46,16.97,41900
29/08/2019,18.85,18.92,18.64,18.74,17.23,51900
30/08/2019,18.6,18.77,18.33,18.75,17.24,90300
03/09/2019,18.29,18.38,17.68,17.76,16.33,208500
04/09/2019,17.95,18.11,17.82,17.94,16.5,684200
05/09/2019,18.18,18.5,17.98,18.2,16.73,106700
06/09/2019,18.3,18.38,18.07,18.23,16.76,56200
09/09/2019,18.27,18.29,17.86,18.12,16.66,81900
10/09/2019,18.18,18.21,17.42,17.76,16.33,194400
11/09/2019,17.76,17.76,17.27,17.58,16.16,102000
12/09/2019,17.62,17.63,17.27,17.45,16.04,71700
13/09/2019,17.41,17.5,16.8,17.44,16.04,206100
16/09/2019,17.53,18.22,17.48,18.05,16.6,74500
17/09/2019,18.2,18.2,17.77,17.95,16.5,95300
18/09/2019,18.02,18.26,17.9,18.26,16.79,98400
19/09/2019,18.32,18.32,17.92,18.09,16.63,75500
20/09/2019,18.02,18.18,17.51,17.72,16.29,144600
23/09/2019,17.74,17.95,17.6,17.9,16.46,70500
24/09/2019,18.15,19.07,18.04,18.65,17.15,216600
25/09/2019,18.6,18.65,17.91,18.46,16.97,148100
26/09/2019,18.52,19.04,18.38,18.77,17.26,102600
27/09/2019,18.69,19.22,18.67,18.89,17.37,172000
30/09/2019,19.13,19.76,19.07,19.64,18.06,133300
01/10/2019,19.83,20.33,19.39,19.4,17.84,126900
02/10/2019,19.42,19.49,18.75,19.28,17.73,160600
03/10/2019,19.26,19.4,18.9,19.18,17.64,71200
04/10/2019,19.24,19.73,19.22,19.69,18.1,67300
07/10/2019,19.73,20.52,19.73,20.4,18.76,129000
08/10/2019,20.5,20.57,19.85,19.85,18.25,95300
09/10/2019,20.01,20.34,19.79,20.3,18.67,76700
10/10/2019,19.93,20.25,19.83,20.21,18.58,99600
11/10/2019,20.45,20.62,19.6,19.8,18.21,90400
14/10/2019,19.91,20.42,19.78,20.12,18.5,91900
15/10/2019,20.39,20.5,19.81,19.94,18.33,101000
16/10/2019,19.93,19.97,19.26,19.74,18.15,105300
17/10/2019,19.83,20.09,19.79,19.83,18.23,43200
18/10/2019,19.92,20.04,19.54,19.69,18.1,46400
21/10/2019,19.69,19.96,19.62,19.9,18.3,46500
22/10/2019,19.95,19.95,19.31,19.45,17.88,72800
23/10/2019,19.54,19.68,19.43,19.5,17.93,29100
24/10/2019,19.83,20.26,19.8,20.0,18.39,79700
25/10/2019,19.96,20.22,19.69,20.2,18.57,60300
28/10/2019,20.54,20.95,20.38,20.67,19.01,126100
29/10/2019,20.77,21.22,20.76,20.89,19.21,124800
30/10/2019,21.08,21.54,20.89,21.3,19.58,71700
31/10/2019,21.38,21.41,21.05,21.13,19.43,55000
01/11/2019,21.15,21.7,21.15,21.55,19.81,84200
04/11/2019,21.98,22.95,21.38,22.61,20.79,311300
05/11/2019,22.77,23.48,22.66,22.93,21.08,300400
06/11/2019,22.97,23.7,22.75,23.46,21.57,176700
07/11/2019,23.2,23.3,21.38,22.26,20.47,223500
08/11/2019,22.32,22.85,22.15,22.69,20.86,93500
11/11/2019,21.71,22.35,21.53,22.12,20.34,139100
12/11/2019,22.19,22.45,21.94,21.98,20.21,127900
13/11/2019,22.16,22.68,22.04,22.19,20.4,68800
14/11/2019,22.27,22.72,22.27,22.7,20.87,60500
15/11/2019,22.79,22.88,22.57,22.62,20.8,54700
18/11/2019,22.7,22.81,22.36,22.6,20.78,76600
19/11/2019,22.71,22.71,21.85,21.96,20.19,158700
20/11/2019,21.95,22.59,21.94,22.37,20.57,120000
21/11/2019,22.43,22.48,21.92,21.99,20.22,75300
22/11/2019,21.97,22.37,21.72,22.1,20.32,61000
25/11/2019,22.16,22.87,22.11,22.65,20.83,148000
26/11/2019,22.67,23.38,22.67,23.28,21.41,129900
27/11/2019,23.04,23.44,22.91,23.08,21.22,130900
29/11/2019,22.8,22.95,22.37,22.51,20.7,66500
02/12/2019,22.48,22.89,22.47,22.71,20.88,145400
03/12/2019,22.24,22.77,22.21,22.57,20.75,653500
04/12/2019,22.65,22.77,22.53,22.68,20.85,111800
05/12/2019,22.66,22.96,22.49,22.57,20.75,85900
06/12/2019,22.71,22.97,22.51,22.69,20.86,87900
09/12/2019,22.28,23.12,22.28,22.83,20.99,118400
10/12/2019,22.75,22.97,22.7,22.77,20.94,50400
11/12/2019,22.76,22.86,22.22,22.56,20.74,68000
12/12/2019,22.57,22.79,22.34,22.45,20.64,73100
13/12/2019,22.3,22.94,22.24,22.35,20.55,93400
16/12/2019,22.34,22.37,21.87,21.99,20.22,128300
17/12/2019,22.2,22.54,22.03,22.37,20.57,121400
18/12/2019,22.45,22.79,22.41,22.62,20.8,71900
19/12/2019,22.62,22.79,22.48,22.63,20.81,64900
20/12/2019,22.56,22.94,22.5,22.62,20.8,85900
23/12/2019,22.58,22.64,22.35,22.53,20.72,92200
24/12/2019,22.47,22.64,22.44,22.6,20.78,23100
26/12/2019,22.49,22.73,22.4,22.47,20.66,63300
27/12/2019,22.49,22.57,21.99,22.51,20.7,66900
30/12/2019,22.3,22.44,22.15,22.4,20.6,68000
31/12/2019,22.39,23.06,22.39,23.0,21.15,98200
02/01/2020,23.26,23.39,23.03,23.34,21.46,84000
03/01/2020,23.03,23.8,23.03,23.29,21.41,70100
06/01/2020,23.27,23.42,23.17,23.25,21.38,59200
07/01/2020,24.0,24.99,23.77,24.73,22.74,117800
08/01/2020,24.95,25.19,24.53,25.01,23.0,236400
09/01/2020,25.19,25.56,25.19,25.39,23.35,65400
10/01/2020,25.57,25.66,25.26,25.41,23.36,68100
13/01/2020,25.7,26.44,25.54,26.36,24.24,104000
14/01/2020,26.48,26.54,25.65,26.18,24.07,90000
15/01/2020,26.18,26.44,25.73,25.88,23.8,82700
16/01/2020,25.9,26.23,25.65,25.84,23.76,67100
17/01/2020,25.75,25.75,25.14,25.22,23.19,114200
21/01/2020,25.33,25.8,25.33,25.56,23.5,51200
22/01/2020,25.62,26.0,25.62,25.8,23.72,50200
23/01/2020,26.09,26.72,26.02,26.46,24.33,85600
24/01/2020,26.67,26.86,26.3,26.31,24.19,52100
27/01/2020,25.72,25.91,25.23,25.7,23.63,110900
28/01/2020,25.76,26.4,25.6,26.31,24.19,56600
29/01/2020,26.4,26.61,25.86,26.2,24.09,50300
30/01/2020,25.98,26.11,25.67,26.0,23.91,40000
31/01/2020,25.96,26.37,25.3,25.43,23.38,195500
03/02/2020,24.63,24.86,24.01,24.49,22.52,215400
04/02/2020,24.69,25.24,24.54,24.56,22.58,99300
05/02/2020,24.7,24.93,24.47,24.47,22.5,114100
06/02/2020,24.46,24.84,24.25,24.62,22.64,65700
07/02/2020,24.62,25.01,24.44,24.53,22.55,61000
10/02/2020,24.51,25.42,24.51,25.29,23.25,54500
11/02/2020,25.89,26.17,25.67,25.72,23.65,63800
12/02/2020,25.72,25.75,25.25,25.3,23.26,56500
13/02/2020,25.05,25.71,25.01,25.61,23.55,43200
14/02/2020,25.77,26.29,25.77,26.01,23.92,81300
18/02/2020,25.88,26.36,25.73,26.07,23.97,52900
19/02/2020,26.2,26.2,25.75,25.97,23.88,70500
20/02/2020,25.75,25.83,24.86,25.64,23.58,85600
21/02/2020,25.39,25.62,24.92,25.54,23.48,74200
24/02/2020,24.83,25.15,23.82,24.86,22.86,309100
25/02/2020,24.91,25.14,23.21,24.1,22.16,181800
26/02/2020,24.43,24.84,23.81,24.19,22.24,82000
27/02/2020,23.53,24.05,23.1,23.67,21.76,143700
28/02/2020,22.81,23.3,21.51,23.12,21.26,233800
02/03/2020,23.05,23.45,22.7,23.37,21.49,87100
03/03/2020,23.6,24.02,22.42,22.91,21.06,168900
04/03/2020,23.06,23.46,22.83,23.31,21.43,59300
05/03/2020,22.11,22.65,21.75,22.12,20.34,112600
06/03/2020,21.4,22.18,20.71,21.86,20.1,129400
09/03/2020,20.0,20.21,18.41,18.49,17.0,212700
10/03/2020,18.7,19.54,18.17,18.7,17.19,214800
11/03/2020,18.41,19.29,18.23,18.39,16.91,134300
12/03/2020,17.05,18.2,16.14,17.09,15.71,164000
13/03/2020,17.5,17.99,16.62,17.8,16.37,125800
16/03/2020,15.94,15.94,14.35,14.92,13.72,247900
17/03/2020,15.24,15.6,14.82,15.27,14.04,136100
18/03/2020,14.33,14.63,13.55,14.33,13.18,143600
19/03/2020,14.23,17.61,14.23,16.4,15.08,264400
20/03/2020,17.14,17.32,15.37,15.63,14.37,220300
23/03/2020,15.47,15.58,14.18,15.02,13.81,223800
24/03/2020,16.38,17.42,16.28,17.05,15.68,99300
25/03/2020,16.97,18.29,16.65,17.81,16.38,103200
26/03/2020,17.99,19.14,17.83,18.88,17.36,232000
27/03/2020,18.61,18.77,17.93,18.62,17.12,59300
30/03/2020,18.52,18.7,18.01,18.48,16.99,91800
31/03/2020,18.72,19.83,18.68,19.02,17.49,125300
01/04/2020,18.19,18.58,16.96,17.68,16.26,120300
02/04/2020,17.6,18.34,17.49,17.62,16.2,51500
03/04/2020,17.5,17.88,17.27,17.73,16.3,38800
06/04/2020,18.98,19.32,18.63,18.96,17.43,221900
07/04/2020,19.98,20.6,19.58,20.37,18.73,112800
08/04/2020,20.21,20.78,19.46,20.26,18.63,121000
09/04/2020,20.48,21.23,20.14,20.88,19.2,62800
13/04/2020,21.21,21.23,20.26,20.84,19.16,57800
14/04/2020,21.28,21.57,20.9,21.04,19.35,157800
15/04/2020,20.66,21.54,20.34,21.51,19.78,101300
16/04/2020,21.47,21.47,20.19,21.05,19.35,113400
17/04/2020,21.39,21.4,20.87,21.03,19.34,43500
20/04/2020,20.9,21.9,20.9,21.74,19.99,63300
21/04/2020,21.6,21.99,21.31,21.72,19.97,130100
22/04/2020,22.06,23.14,22.06,22.88,21.04,109200
23/04/2020,22.78,24.05,22.78,23.8,21.88,113200
24/04/2020,23.77,24.13,23.47,23.94,22.01,48700
27/04/2020,24.39,25.15,24.38,25.02,23.01,84700
28/04/2020,25.6,25.6,23.89,24.02,22.09,110800
29/04/2020,24.7,25.33,24.2,24.95,22.94,167300
30/04/2020,25.14,25.62,24.51,24.74,22.75,51000
01/05/2020,24.2,24.39,23.64,23.95,22.02,65400
04/05/2020,23.58,23.86,23.32,23.65,21.75,98400
05/05/2020,23.85,24.66,23.58,24.25,22.3,134400
06/05/2020,24.59,24.67,23.65,23.96,22.03,114700
07/05/2020,24.6,25.15,24.44,24.47,22.5,85100
08/05/2020,24.57,26.31,24.57,25.57,23.51,116900
11/05/2020,25.62,29.24,25.34,26.03,23.93,787000
12/05/2020,26.61,27.5,25.62,25.8,23.72,373900
13/05/2020,26.35,26.85,23.19,24.43,22.46,365500
14/05/2020,24.43,24.46,21.01,24.07,22.13,396000
15/05/2020,24.0,24.78,23.74,24.15,22.21,236700
18/05/2020,25.06,26.14,24.93,25.49,23.44,195500
19/05/2020,26.0,26.07,24.65,24.88,22.88,190300
20/05/2020,25.0,25.69,24.55,25.07,23.05,188200
21/05/2020,25.0,25.24,24.22,24.27,22.32,66500
22/05/2020,24.37,24.85,23.9,24.83,22.83,87500
26/05/2020,25.0,25.06,23.89,24.05,22.24,99500
27/05/2020,24.05,24.23,23.31,23.92,22.12,193500
28/05/2020,23.96,24.13,22.89,23.1,21.36,135900
29/05/2020,23.31,23.59,22.91,23.52,21.75,114900
01/06/2020,23.35,23.98,23.29,23.62,21.84,344900
02/06/2020,23.89,24.0,22.96,23.46,21.69,459700
03/06/2020,23.76,23.8,23.11,23.71,21.92,239300
04/06/2020,24.0,25.88,23.84,25.49,23.57,246500
05/06/2020,25.49,26.35,25.39,25.77,23.83,117400
08/06/2020,26.0,29.36,25.71,28.02,25.91,415800
09/06/2020,27.83,29.09,27.27,28.65,26.49,353300
10/06/2020,28.76,29.73,28.28,29.24,27.04,334700
11/06/2020,28.5,28.51,27.2,27.23,25.18,238000
12/06/2020,27.74,29.23,27.47,27.81,25.72,215600
15/06/2020,27.16,28.27,27.06,27.97,25.86,218400
16/06/2020,28.43,29.45,27.95,28.71,26.55,317100
17/06/2020,28.91,29.27,28.56,28.67,26.51,169600
18/06/2020,28.71,29.48,28.62,29.02,26.83,194800
19/06/2020,28.88,29.5,28.58,28.79,26.62,214600
22/06/2020,28.65,29.32,28.49,28.73,26.57,244800
23/06/2020,29.13,29.6,28.71,28.8,26.63,380200
24/06/2020,28.54,29.12,28.2,28.64,26.48,469600
25/06/2020,28.41,28.96,28.17,28.58,26.43,354500
26/06/2020,28.44,28.52,27.17,27.49,25.42,3613300
29/06/2020,27.0,27.0,25.57,26.48,24.49,387900
30/06/2020,26.49,28.2,26.3,27.98,25.87,396400
01/07/2020,27.5,28.15,27.29,27.42,25.35,253200
02/07/2020,27.52,27.9,27.28,27.55,25.47,184400
06/07/2020,27.88,27.99,27.23,27.35,25.29,143900
07/07/2020,27.21,27.83,26.97,26.97,24.94,268300
08/07/2020,27.01,27.81,26.81,27.8,25.71,164600
09/07/2020,27.91,27.91,27.2,27.79,25.7,153400
10/07/2020,27.85,27.85,27.11,27.48,25.41,129400
13/07/2020,28.0,28.0,26.81,26.89,24.86,154900
14/07/2020,26.78,27.89,26.48,27.8,25.71,164600
15/07/2020,27.75,28.56,27.71,28.32,26.19,377100
16/07/2020,28.0,28.19,27.61,27.77,25.68,129500
17/07/2020,27.69,28.4,27.65,28.16,26.04,96200
20/07/2020,28.22,30.7,28.21,29.47,27.25,421700
21/07/2020,30.02,30.51,28.53,29.15,26.95,298500
22/07/2020,29.28,30.16,29.21,29.47,27.25,166900
23/07/2020,29.13,29.92,28.48,28.66,26.5,187700
24/07/2020,28.41,28.94,27.49,27.81,25.72,155800
27/07/2020,28.25,28.83,27.86,28.47,26.33,215600
28/07/2020,28.82,29.15,28.33,28.64,26.48,156100
29/07/2020,29.59,30.31,29.02,30.27,27.99,144800
30/07/2020,29.85,30.49,29.51,30.21,27.93,107100
31/07/2020,30.34,30.69,29.65,30.56,28.26,171200
03/08/2020,31.04,32.05,30.82,32.0,29.59,275800
04/08/2020,34.82,34.82,31.11,32.48,30.03,607900
05/08/2020,33.53,33.62,31.28,31.96,29.55,510500
06/08/2020,31.41,31.83,30.27,30.7,28.39,195000
07/08/2020,30.44,30.92,29.57,30.7,28.39,98600
10/08/2020,30.84,31.19,30.51,31.0,28.67,376800
11/08/2020,31.53,32.95,31.5,32.31,29.88,265500
12/08/2020,32.68,33.06,32.22,33.05,30.56,289300
13/08/2020,33.0,33.41,32.8,32.94,30.46,122500
14/08/2020,33.06,33.47,32.72,33.44,30.92,166000
17/08/2020,33.45,33.6,32.37,33.18,30.68,142700
18/08/2020,33.12,33.48,32.55,32.87,30.39,95800
19/08/2020,32.9,33.17,32.36,32.91,30.43,99700
20/08/2020,32.68,34.19,32.53,33.97,31.41,195100
21/08/2020,34.12,34.19,33.51,33.99,31.43,156200
24/08/2020,34.23,34.35,33.61,34.08,31.51,87800
25/08/2020,34.05,34.49,33.92,34.47,31.87,113900
26/08/2020,34.56,35.23,34.56,34.8,32.18,134500
27/08/2020,34.95,34.95,34.23,34.62,32.01,128200
28/08/2020,33.8,34.17,32.96,34.09,31.52,257200
31/08/2020,33.75,34.06,33.16,33.54,31.01,194700
01/09/2020,33.41,34.81,33.29,34.52,31.92,918100
02/09/2020,34.86,35.18,34.19,34.38,31.79,289400
03/09/2020,33.46,33.46,31.1,32.31,29.88,404400
04/09/2020,32.42,32.6,30.35,31.68,29.29,165400
08/09/2020,30.36,31.2,29.87,30.45,28.16,265800
09/09/2020,30.95,31.09,30.55,30.77,28.45,137700
10/09/2020,30.32,31.16,30.31,30.65,28.34,264900
11/09/2020,30.92,31.19,29.81,30.07,27.81,147400
14/09/2020,30.78,31.8,30.63,31.25,28.9,163200
15/09/2020,31.71,31.89,30.76,31.3,28.94,146900
16/09/2020,31.22,31.32,30.39,30.43,28.14,79700
17/09/2020,29.54,30.5,29.27,30.24,27.96,166500
18/09/2020,30.6,30.68,29.96,30.32,28.04,235500
21/09/2020,29.54,30.0,28.73,29.79,27.55,217000
22/09/2020,29.89,30.33,29.38,30.22,27.94,137400
23/09/2020,29.75,29.87,28.45,28.6,26.45,210100
24/09/2020,28.39,28.97,28.24,28.68,26.52,119600
25/09/2020,28.58,29.5,28.51,29.31,27.1,100200
28/09/2020,29.82,30.1,29.59,29.79,27.55,81800
29/09/2020,29.68,30.4,29.56,30.12,27.85,152500
30/09/2020,30.27,31.2,30.22,30.58,28.28,136200
01/10/2020,31.09,31.34,30.68,31.17,28.82,111700
02/10/2020,30.54,31.44,30.14,30.6,28.3,83600
05/10/2020,30.82,31.56,30.68,31.43,29.06,70200
06/10/2020,31.1,31.14,30.12,30.31,28.03,111800
07/10/2020,30.46,30.95,30.35,30.78,28.46,123400
08/10/2020,30.87,31.41,30.6,31.36,29.0,80600
09/10/2020,31.67,32.42,31.55,31.93,29.53,125400
12/10/2020,32.48,33.07,32.34,32.82,30.35,63400
13/10/2020,33.07,33.07,32.24,32.47,30.02,54800
14/10/2020,31.3,31.82,30.35,30.43,28.14,184900
15/10/2020,30.3,31.05,29.5,30.8,28.48,260100
16/10/2020,30.37,30.7,28.9,29.05,26.86,1856100
19/10/2020,29.55,29.55,28.49,28.54,26.39,370100
20/10/2020,29.11,29.74,28.73,29.03,26.84,507300
21/10/2020,28.82,29.49,28.47,28.56,26.41,427000
22/10/2020,28.65,28.72,27.99,28.53,26.38,223100
23/10/2020,28.69,29.03,28.29,28.99,26.81,164900
26/10/2020,29.21,29.36,28.61,28.82,26.65,215500
27/10/2020,28.82,29.05,28.2,28.43,26.29,147600
28/10/2020,27.84,27.87,26.78,27.12,25.08,338200
29/10/2020,27.11,27.7,26.9,27.32,25.26,195800
30/10/2020,26.99,27.49,26.69,27.13,25.09,230700
02/11/2020,27.41,27.77,27.02,27.61,25.53,209600
03/11/2020,27.71,28.32,27.57,28.16,26.04,224000
04/11/2020,28.67,29.29,28.31,29.25,27.05,228400
05/11/2020,29.74,30.55,28.64,28.75,26.58,366300
06/11/2020,28.88,29.45,28.06,28.85,26.68,194100
09/11/2020,29.37,29.98,28.9,29.5,27.28,383400
10/11/2020,29.3,30.79,28.94,29.83,27.58,232700
11/11/2020,30.06,30.06,29.18,29.31,27.1,150000
12/11/2020,29.3,29.59,28.93,29.24,27.04,196400
13/11/2020,29.37,29.53,28.7,29.44,27.22,133500
16/11/2020,29.72,29.83,29.05,29.71,27.47,153900
17/11/2020,29.62,30.09,29.11,29.76,27.52,216000
18/11/2020,29.84,30.5,29.72,29.74,27.5,122200
19/11/2020,29.72,29.74,29.2,29.53,27.31,113000
20/11/2020,29.36,30.17,29.31,29.84,27.59,150900
23/11/2020,29.75,29.94,29.02,29.26,27.06,180300
24/11/2020,29.26,29.48,28.89,29.29,27.08,226200
25/11/2020,29.23,30.18,29.2,29.99,27.73,132100
27/11/2020,30.09,30.2,29.89,29.89,27.64,45700
30/11/2020,29.78,30.4,29.68,29.85,27.6,259300
01/12/2020,29.68,29.75,28.9,29.01,26.82,206400
02/12/2020,28.39,28.8,27.08,27.57,25.49,495300
03/12/2020,27.99,29.05,27.86,28.42,26.28,366900
04/12/2020,28.42,28.99,28.32,28.46,26.32,139900
07/12/2020,28.16,28.28,27.53,27.82,25.72,235100
08/12/2020,27.93,28.39,27.77,27.98,25.87,205500
09/12/2020,28.0,28.0,27.25,27.45,25.38,137200
10/12/2020,27.2,27.98,27.07,27.78,25.69,128200
11/12/2020,27.64,27.84,27.21,27.59,25.51,129500
14/12/2020,27.65,28.44,27.6,28.17,26.05,139500
15/12/2020,28.34,28.49,28.0,28.11,25.99,147500
16/12/2020,28.27,28.34,28.0,28.1,25.98,125400
17/12/2020,28.3,28.43,27.97,28.08,25.97,192800
18/12/2020,28.35,28.82,27.8,28.46,26.32,354400
21/12/2020,27.96,28.38,27.81,28.28,26.15,123600
22/12/2020,29.0,29.56,28.79,29.36,27.15,330900
23/12/2020,29.72,30.57,29.72,30.17,27.9,172800
24/12/2020,30.24,30.8,30.24,30.48,28.18,76800
28/12/2020,31.0,31.17,29.89,30.54,28.24,377100
29/12/2020,30.97,30.97,29.69,29.98,27.72,113600
30/12/2020,30.03,30.7,30.03,30.62,28.31,100900
31/12/2020,30.86,31.0,30.29,30.61,28.3,99800
04/01/2021,31.09,31.17,29.51,30.18,27.91,155100
05/01/2021,29.98,30.51,29.98,30.35,28.06,103900
06/01/2021,30.35,30.51,29.79,30.4,28.11,159200
07/01/2021,30.65,31.41,30.65,31.21,28.86,120000
08/01/2021,31.42,31.82,30.64,30.94,28.61,88600
11/01/2021,30.92,31.34,30.51,31.1,28.76,218800
12/01/2021,31.16,31.81,30.55,31.58,29.2,228600
13/01/2021,31.08,31.59,30.37,31.48,29.11,163800
14/01/2021,31.25,31.55,30.63,31.08,28.74,163200
15/01/2021,31.08,31.31,30.51,31.02,28.68,161400
19/01/2021,31.3,31.77,30.97,31.54,29.16,144700
20/01/2021,32.3,35.14,32.3,34.58,31.98,403200
21/01/2021,35.85,35.85,33.02,33.04,30.55,177600
22/01/2021,33.04,34.52,33.04,34.45,31.86,284500
25/01/2021,34.4,34.56,32.74,33.1,30.61,154400
26/01/2021,33.58,34.51,33.4,34.21,31.63,207300
27/01/2021,33.49,33.76,32.39,33.15,30.65,285400
28/01/2021,33.3,33.8,33.0,33.65,31.12,268500
29/01/2021,33.53,33.53,32.55,32.66,30.2,185000
01/02/2021,32.83,33.23,32.12,32.82,30.35,104100
02/02/2021,32.81,33.86,32.66,33.81,31.26,95300
03/02/2021,34.32,34.32,32.77,33.25,30.75,117000
04/02/2021,33.35,33.66,32.34,33.59,31.06,163100
05/02/2021,33.85,34.22,33.63,33.87,31.32,109700
08/02/2021,34.32,34.85,34.1,34.5,31.9,113800
09/02/2021,34.19,34.83,33.99,34.61,32.0,121300
10/02/2021,34.61,34.8,34.23,34.41,31.82,116500
11/02/2021,34.53,34.75,33.97,34.1,31.53,57300
12/02/2021,34.11,34.11,33.51,34.01,31.45,61900
16/02/2021,34.16,34.71,33.51,33.76,31.22,80800
17/02/2021,33.28,33.65,33.05,33.46,30.94,76000
18/02/2021,33.05,33.19,32.6,32.95,30.47,106100
19/02/2021,32.97,34.0,32.97,33.26,30.75,78800
22/02/2021,32.83,33.58,32.63,33.06,30.57,131100
23/02/2021,32.72,32.98,31.39,32.65,30.19,173100
24/02/2021,32.67,32.83,31.85,32.72,30.26,119100
25/02/2021,34.23,34.69,31.15,32.38,29.94,260200
26/02/2021,32.83,32.83,31.01,31.38,29.02,141000
01/03/2021,32.15,33.2,31.87,32.87,30.39,189700
02/03/2021,33.04,33.04,32.38,32.46,30.02,133000
03/03/2021,32.91,32.93,31.95,32.1,29.68,158600
04/03/2021,32.42,32.42,30.38,30.86,28.54,205100
05/03/2021,31.02,31.46,29.58,31.38,29.02,135200
08/03/2021,31.64,31.77,30.39,30.62,28.31,96200
09/03/2021,31.3,32.0,31.3,31.81,29.41,118100
10/03/2021,32.31,32.63,31.77,32.11,29.69,105000
11/03/2021,33.0,33.44,32.8,33.39,30.88,128700
12/03/2021,33.16,33.16,32.01,32.7,30.24,99400
15/03/2021,32.7,33.09,32.67,33.05,30.56,78600
16/03/2021,33.53,33.53,32.51,32.91,30.43,96700
17/03/2021,32.74,32.96,31.89,32.77,30.3,64300
18/03/2021,32.34,32.37,31.39,31.48,29.11,117900
19/03/2021,31.13,31.72,31.05,31.43,29.06,217600
22/03/2021,31.75,32.42,31.51,31.9,29.5,105000
23/03/2021,31.77,32.17,31.16,31.39,29.03,68600
24/03/2021,31.43,33.58,31.17,31.82,29.42,641700
25/03/2021,31.72,32.33,31.51,31.69,29.3,140000
26/03/2021,31.81,32.17,31.36,32.06,29.65,77200
29/03/2021,31.83,32.02,30.92,31.24,28.89,93400
30/03/2021,31.21,31.3,30.73,31.01,28.67,85400
31/03/2021,31.23,32.08,31.23,31.79,29.4,147900
01/04/2021,32.05,32.55,31.9,32.28,29.85,89200
05/04/2021,32.47,32.59,32.05,32.52,30.07,126600
06/04/2021,32.48,32.5,32.15,32.26,29.83,74500
07/04/2021,31.62,32.19,31.56,31.61,29.23,135300
08/04/2021,32.04,32.27,31.87,32.17,29.75,61700
09/04/2021,31.98,32.42,31.35,32.36,29.92,53800
12/04/2021,32.3,32.64,32.15,32.52,30.07,49900
13/04/2021,32.62,33.15,32.5,33.01,30.52,75700
14/04/2021,33.03,33.43,32.75,32.85,30.38,48600
15/04/2021,33.2,33.55,33.04,33.45,30.93,289700
16/04/2021,33.33,33.37,32.71,33.23,30.73,69400
19/04/2021,32.92,33.03,32.17,32.39,29.95,141300
20/04/2021,32.33,32.33,31.22,31.3,28.94,96500
21/04/2021,31.45,32.27,31.32,32.21,29.78,101400
22/04/2021,32.34,32.71,32.22,32.34,29.9,63100
23/04/2021,32.14,32.78,32.14,32.74,30.27,81200
26/04/2021,32.25,32.92,32.18,32.82,30.69,88300
27/04/2021,32.49,32.66,32.33,32.59,30.48,90400
28/04/2021,32.47,33.14,32.36,33.11,30.97,65700
29/04/2021,33.27,33.45,32.56,32.78,30.66,48800
30/04/2021,32.4,33.24,32.07,32.36,30.26,92100
03/05/2021,32.97,32.97,32.01,32.27,30.18,58800
04/05/2021,32.48,32.48,30.62,30.85,28.85,180100
05/05/2021,30.9,31.1,29.4,30.14,28.19,170700
06/05/2021,30.24,30.24,29.04,29.16,27.27,207300
07/05/2021,29.53,30.01,29.22,29.29,27.39,85500
10/05/2021,29.02,29.02,27.83,27.98,26.17,162000
11/05/2021,27.41,28.1,27.4,27.68,25.89,137000
12/05/2021,27.18,27.66,27.05,27.14,25.38,123100
13/05/2021,27.51,27.97,27.1,27.22,25.46,82100
14/05/2021,27.5,27.93,27.42,27.74,25.94,56400
17/05/2021,27.5,27.66,27.03,27.43,25.65,67400
18/05/2021,27.73,28.32,27.63,28.14,26.32,153800
19/05/2021,27.87,28.08,27.71,27.92,26.11,113900
20/05/2021,28.11,28.66,28.11,28.5,26.65,132300
21/05/2021,28.88,28.88,28.01,28.09,26.27,124700
24/05/2021,28.3,28.86,28.3,28.49,26.65,102700
25/05/2021,28.67,28.75,28.25,28.28,26.45,64000
26/05/2021,28.26,28.78,28.26,28.61,26.76,77200
27/05/2021,28.77,28.77,28.3,28.59,26.74,107600
28/05/2021,28.72,29.17,28.62,28.71,26.85,68000
01/06/2021,29.4,29.9,29.06,29.46,27.55,231500
02/06/2021,29.29,29.48,28.75,28.94,27.07,113200
03/06/2021,27.87,27.88,27.06,27.38,25.61,247000
04/06/2021,27.54,28.0,27.32,27.64,25.85,91100
07/06/2021,27.59,28.01,27.54,27.71,25.92,115300
08/06/2021,27.83,27.96,27.5,27.62,25.83,113800
09/06/2021,27.68,27.72,27.03,27.32,25.55,182800
10/06/2021,27.36,27.46,27.1,27.44,25.66,151900
11/06/2021,27.4,27.75,27.33,27.58,25.79,67700
14/06/2021,27.57,27.83,27.37,27.62,25.83,92200
15/06/2021,27.7,27.8,27.36,27.42,25.64,94500
16/06/2021,27.4,27.7,27.24,27.56,25.78,137000
17/06/2021,27.37,27.78,27.03,27.68,25.89,419500
18/06/2021,27.26,27.65,26.92,27.18,25.42,228400
21/06/2021,27.41,27.65,27.16,27.51,25.73,100500
22/06/2021,27.3,27.51,27.16,27.4,25.63,79000
23/06/2021,27.55,27.7,27.25,27.37,25.6,169300
24/06/2021,27.56,27.74,26.91,27.34,25.57,206500
25/06/2021,27.42,27.6,26.66,27.07,25.32,530000
28/06/2021,26.96,27.38,26.96,27.17,25.41,115700
29/06/2021,27.17,27.37,26.99,27.02,25.27,102000
30/06/2021,26.89,26.93,26.11,26.27,24.57,259900
01/07/2021,26.37,26.71,26.12,26.6,24.88,165100
02/07/2021,26.74,26.74,26.37,26.57,24.85,54300
06/07/2021,26.66,26.68,26.33,26.55,24.83,67500
07/07/2021,26.52,26.77,26.17,26.37,24.66,73100
08/07/2021,26.13,26.55,25.96,26.07,24.38,89400
09/07/2021,26.07,26.31,26.0,26.18,24.48,56300
12/07/2021,26.2,26.3,25.66,26.15,24.46,173200
13/07/2021,25.5,25.69,25.17,25.27,23.63,143700
14/07/2021,25.56,25.74,25.07,25.32,23.68,146700
15/07/2021,25.29,25.55,25.16,25.24,23.61,102200
16/07/2021,25.41,25.51,24.94,25.03,23.41,80500
19/07/2021,24.8,25.22,24.6,24.93,23.32,193000
20/07/2021,24.94,25.38,24.7,25.14,23.51,121100
21/07/2021,25.22,25.25,24.96,25.17,23.54,115900
22/07/2021,25.24,25.4,25.12,25.21,23.58,106000
23/07/2021,25.2,25.66,25.02,25.49,23.84,97500
26/07/2021,25.4,25.4,24.85,24.9,23.29,74400
27/07/2021,24.99,24.99,24.3,24.42,22.84,130500
28/07/2021,24.57,25.23,24.46,24.99,23.37,127000
29/07/2021,25.16,25.34,24.91,24.94,23.33,79700
30/07/2021,24.82,25.27,24.82,25.21,23.58,72900
02/08/2021,25.29,25.52,25.08,25.18,23.55,71200
03/08/2021,25.22,25.38,24.83,25.08,23.46,111400
04/08/2021,27.38,27.64,26.1,27.16,25.4,305600
05/08/2021,27.65,29.0,27.43,28.35,26.51,303100
06/08/2021,28.36,28.4,27.56,28.14,26.32,118600
09/08/2021,28.09,28.12,27.67,27.76,25.96,55700
10/08/2021,27.92,28.27,27.65,27.78,25.98,68100
11/08/2021,28.24,28.4,27.54,27.92,26.11,73000
12/08/2021,28.04,28.18,27.85,28.08,26.26,54800
13/08/2021,28.02,28.2,27.83,28.16,26.34,40200
16/08/2021,27.84,27.94,27.5,27.59,25.8,69700
17/08/2021,27.44,27.81,27.22,27.77,25.97,92300
18/08/2021,27.7,28.1,27.61,27.85,26.05,87000
19/08/2021,27.82,27.92,27.37,27.67,25.88,59200
20/08/2021,27.6,28.12,27.6,28.05,26.23,53600
23/08/2021,28.15,28.57,28.06,28.52,26.67,60600
24/08/2021,28.6,29.12,28.53,28.91,27.04,65800
25/08/2021,28.86,29.0,28.43,28.68,26.82,41300
26/08/2021,28.54,28.63,28.15,28.21,26.38,58300
27/08/2021,28.23,28.77,28.2,28.73,26.87,49900
30/08/2021,28.93,29.05,28.53,28.58,26.73,35200
31/08/2021,28.64,28.83,28.48,28.54,26.69,58900
01/09/2021,28.74,28.76,28.45,28.54,26.69,46700
02/09/2021,28.49,28.51,28.0,28.43,26.59,78000
03/09/2021,28.36,28.71,28.27,28.49,26.65,73900
07/09/2021,28.55,28.55,27.95,27.95,26.14,38800
08/09/2021,27.88,27.89,27.55,27.82,26.02,45900
09/09/2021,28.0,28.4,27.87,28.15,26.33,90700
10/09/2021,28.28,28.52,28.06,28.34,26.5,54600
13/09/2021,28.44,28.91,28.36,28.75,26.89,79800
14/09/2021,28.87,29.3,28.57,28.92,27.05,186300
15/09/2021,29.01,29.04,28.0,28.24,26.41,62100
16/09/2021,28.84,28.84,27.85,28.19,26.36,61800
17/09/2021,28.44,29.05,27.77,28.88,27.01,243800
20/09/2021,28.35,28.47,27.66,28.18,26.36,95500
21/09/2021,28.29,28.48,28.0,28.42,26.58,77300
22/09/2021,28.45,29.27,28.2,29.11,27.23,121100
23/09/2021,29.41,29.9,29.24,29.87,27.94,80600
24/09/2021,29.62,29.79,29.14,29.69,27.77,71500
27/09/2021,29.68,29.91,29.36,29.65,27.73,60200
28/09/2021,29.4,29.4,28.74,28.95,27.08,79300
29/09/2021,29.02,29.24,28.71,29.02,27.14,57100
30/09/2021,29.21,29.29,28.74,28.78,26.92,51400
01/10/2021,28.87,29.44,28.53,29.34,27.44,42200
04/10/2021,29.35,29.5,28.71,29.43,27.52,99700
05/10/2021,29.47,29.97,29.12,29.34,27.44,106100
06/10/2021,30.1,30.17,29.67,29.98,28.04,110500
07/10/2021,31.23,31.4,30.25,30.44,28.47,131800
08/10/2021,30.45,30.77,30.17,30.65,28.67,88500
11/10/2021,31.95,32.38,31.33,32.02,29.95,268700
12/10/2021,32.38,32.87,31.83,32.24,30.15,187500
13/10/2021,32.3,32.52,31.99,32.19,30.11,132200
14/10/2021,32.7,33.03,32.51,32.55,30.44,92800
15/10/2021,32.86,33.3,32.5,33.07,30.93,152500
18/10/2021,33.43,33.57,32.85,33.47,31.3,201400
19/10/2021,33.48,33.8,33.05,33.76,31.57,94700
20/10/2021,33.84,34.0,33.0,33.95,31.75,97100
21/10/2021,34.26,34.26,33.19,33.45,31.28,194700
22/10/2021,33.2,34.09,33.2,34.03,31.83,102500
25/10/2021,34.44,34.99,34.17,34.66,32.42,151600
26/10/2021,34.45,34.6,34.18,34.36,32.14,111700
27/10/2021,34.24,34.48,33.86,34.01,31.81,61000
28/10/2021,34.38,34.57,34.17,34.38,32.15,76400
29/10/2021,34.16,34.97,34.16,34.93,32.67,85400
01/11/2021,35.14,36.26,35.12,36.22,33.87,144100
02/11/2021,36.52,36.67,35.95,36.35,34.0,105200
03/11/2021,33.77,34.69,32.66,34.42,32.19,201300
04/11/2021,34.56,34.56,33.52,34.27,32.05,136100
05/11/2021,34.5,35.23,33.98,34.64,32.4,89900
08/11/2021,34.9,35.0,34.41,34.6,32.36,110500
09/11/2021,34.92,35.63,34.92,35.37,33.08,114000
10/11/2021,35.39,35.69,34.17,34.64,32.4,119100
11/11/2021,34.98,35.54,34.77,35.38,33.09,63400
12/11/2021,35.32,36.1,35.03,35.97,33.64,101400
15/11/2021,36.0,37.4,36.0,37.36,34.94,184500
16/11/2021,37.14,38.28,36.97,37.81,35.36,194700
17/11/2021,37.5,38.17,37.17,37.5,35.07,131700
18/11/2021,37.45,37.93,37.32,37.88,35.43,92300
19/11/2021,38.07,38.32,37.43,37.73,35.29,76400
22/11/2021,37.01,38.1,36.71,37.22,34.81,188600
23/11/2021,36.78,37.06,35.73,36.11,33.77,91900
24/11/2021,36.01,36.76,35.83,36.69,34.31,55800
26/11/2021,35.98,36.6,34.88,35.27,32.99,76100
29/11/2021,35.84,35.9,35.1,35.68,33.37,70000
30/11/2021,35.99,36.36,35.04,35.47,33.17,122500
01/12/2021,36.17,36.32,34.69,34.69,32.44,87600
02/12/2021,34.89,35.92,34.81,35.68,33.37,91100
03/12/2021,35.91,35.91,34.12,34.63,32.39,55400
06/12/2021,35.01,35.22,34.21,35.21,32.93,76900
07/12/2021,36.04,36.61,36.04,36.55,34.18,85800
08/12/2021,36.36,36.57,35.87,36.24,33.89,64700
09/12/2021,35.72,35.97,34.99,35.2,32.92,41800
10/12/2021,35.54,36.28,35.1,35.5,33.2,49100
13/12/2021,35.35,35.36,34.73,35.1,32.83,61000
14/12/2021,34.54,34.75,33.79,34.37,32.14,90800
15/12/2021,34.64,35.41,33.79,35.2,32.92,106500
16/12/2021,35.0,35.21,34.02,34.09,31.88,112300
17/12/2021,34.05,34.44,33.26,34.13,31.92,161800
20/12/2021,33.42,33.78,32.82,33.26,31.11,77700
21/12/2021,33.64,34.24,33.6,34.05,31.85,82500
22/12/2021,34.09,34.38,33.56,34.31,32.09,114400
23/12/2021,34.44,34.62,33.89,34.24,32.02,95200
27/12/2021,34.53,34.89,33.99,34.75,32.5,121000
28/12/2021,34.81,34.81,33.84,34.25,32.03,62300
29/12/2021,34.11,34.59,33.88,34.27,32.05,40200
30/12/2021,34.4,35.16,34.4,34.58,32.34,85300
31/12/2021,34.62,35.08,33.95,34.45,32.22,76900
03/01/2022,34.66,35.33,34.21,35.06,32.79,84500
04/01/2022,35.66,35.66,34.06,34.6,32.36,78000
05/01/2022,34.85,34.85,33.56,33.61,31.43,71100
06/01/2022,33.45,34.19,33.27,33.73,31.55,50600
07/01/2022,33.61,33.74,33.0,33.07,30.93,40700
10/01/2022,32.72,33.02,32.12,33.02,30.88,60600
11/01/2022,32.85,33.45,32.84,33.2,31.05,51200
12/01/2022,33.39,33.79,32.85,33.05,30.91,76300
13/01/2022,32.99,33.49,31.86,32.04,29.97,51700
14/01/2022,31.84,32.33,31.51,32.27,30.18,82200
18/01/2022,31.78,32.0,31.12,31.28,29.25,115400
19/01/2022,31.31,31.85,31.01,31.03,29.02,54200
20/01/2022,31.17,31.83,30.88,30.96,28.96,52700
21/01/2022,30.57,31.31,30.48,30.56,28.58,90100
24/01/2022,30.1,31.44,29.52,31.29,29.26,108300
25/01/2022,30.89,30.89,29.75,30.35,28.38,57000
26/01/2022,31.12,31.52,30.02,30.29,28.33,73900
27/01/2022,30.52,30.75,29.65,29.68,27.76,41900
28/01/2022,29.92,30.85,29.11,30.77,28.78,59900
31/01/2022,30.98,31.94,30.82,31.84,29.78,68200
01/02/2022,31.82,32.03,31.31,31.85,29.79,72900
02/02/2022,32.44,32.55,31.29,31.88,29.82,91900
03/02/2022,31.11,32.41,30.96,31.1,29.09,94600
04/02/2022,30.93,31.61,30.77,31.48,29.44,71800
07/02/2022,31.4,32.07,31.39,31.54,29.5,45900
08/02/2022,31.11,31.31,30.67,30.94,28.94,58400
09/02/2022,30.94,31.21,30.54,31.14,29.12,79300
10/02/2022,30.26,31.03,30.2,30.32,28.36,74900
11/02/2022,30.43,30.93,29.9,30.18,28.23,75500
14/02/2022,30.16,30.73,29.82,30.3,28.34,66400
15/02/2022,30.86,31.63,30.83,31.25,29.23,74000
16/02/2022,31.27,31.38,30.82,31.32,29.29,39000
17/02/2022,30.84,30.9,29.78,29.82,27.89,46800
18/02/2022,29.69,29.95,29.26,29.29,27.39,58900
22/02/2022,28.99,29.12,28.28,28.68,26.82,73300
23/02/2022,26.0,26.37,24.85,25.35,23.71,190300
24/02/2022,24.7,26.98,24.41,26.98,25.23,138400
25/02/2022,26.93,27.3,26.5,27.01,25.26,76900
28/02/2022,26.8,27.65,26.72,26.99,25.24,77500
01/03/2022,27.0,27.08,26.13,26.28,24.58,66400
02/03/2022,26.56,27.48,26.38,27.26,25.49,52300
03/03/2022,27.18,27.21,26.1,26.29,24.59,55600
04/03/2022,26.21,26.36,25.77,26.14,24.45,48700
07/03/2022,25.85,26.37,25.62,25.68,24.02,116000
08/03/2022,25.5,25.84,25.04,25.37,23.73,96200
09/03/2022,26.1,26.64,26.1,26.57,24.85,43700
10/03/2022,26.0,26.57,26.0,26.3,24.6,58300
11/03/2022,26.49,26.49,25.56,25.65,23.99,53100
14/03/2022,25.3,25.48,24.62,24.71,23.11,80000
15/03/2022,24.82,24.96,24.56,24.89,23.28,118700
16/03/2022,25.2,25.78,24.92,25.6,23.94,200900
17/03/2022,25.75,26.09,25.51,25.95,24.27,81300
18/03/2022,25.64,26.64,25.62,26.51,24.79,217400
21/03/2022,26.7,26.72,26.04,26.26,24.56,77600
22/03/2022,25.99,26.67,25.99,26.39,24.68,93400
23/03/2022,26.06,26.45,25.84,25.94,24.26,54500
24/03/2022,25.86,25.9,25.55,25.89,24.21,53700
25/03/2022,25.88,25.99,25.57,25.94,24.26,54200
28/03/2022,25.62,25.89,25.21,25.48,23.83,114100
29/03/2022,25.86,26.63,25.8,26.41,24.7,113700
30/03/2022,26.05,26.32,25.53,25.63,23.97,84000
31/03/2022,25.59,25.86,25.1,25.39,23.75,155300
01/04/2022,25.46,25.95,25.27,25.91,24.23,127300
04/04/2022,26.18,26.77,26.18,26.43,24.72,69200
05/04/2022,26.44,26.44,25.78,26.0,24.32,63400
06/04/2022,25.79,25.94,25.45,25.51,23.86,85300
07/04/2022,25.54,25.76,25.28,25.62,23.96,55300
08/04/2022,25.53,25.66,25.15,25.25,23.62,55500
11/04/2022,25.29,25.77,24.96,25.54,23.89,77400
12/04/2022,25.71,26.21,25.36,25.44,23.79,74200
13/04/2022,24.9,25.62,24.85,25.53,23.88,116300
14/04/2022,25.48,25.61,25.05,25.16,23.53,143400
18/04/2022,24.94,25.22,24.43,24.59,23.0,53400
19/04/2022,24.46,25.36,24.46,25.3,23.66,61200
20/04/2022,25.6,25.6,25.05,25.13,23.5,37300
21/04/2022,25.4,25.56,24.55,24.62,23.03,55000
22/04/2022,24.71,24.88,24.31,24.37,22.79,39800
25/04/2022,24.19,24.81,24.02,24.66,23.06,70200
26/04/2022,24.46,24.46,23.73,23.8,22.26,68400
27/04/2022,23.74,23.94,23.44,23.44,21.92,89000
28/04/2022,23.75,24.01,23.32,23.85,22.31,76200
29/04/2022,23.83,24.68,23.18,23.24,21.74,58700
02/05/2022,22.7,23.34,22.31,23.24,21.74,187100
03/05/2022,23.36,23.98,22.16,22.96,21.47,221300
04/05/2022,23.22,24.93,22.67,24.9,23.29,208600
05/05/2022,24.9,25.38,24.08,24.48,22.89,185500
06/05/2022,24.43,24.49,23.83,23.89,22.34,131600
09/05/2022,24.39,24.95,23.67,24.73,23.13,162200
10/05/2022,24.76,24.91,23.02,23.91,22.36,100500
11/05/2022,23.68,23.68,22.8,22.86,21.38,66900
12/05/2022,22.63,23.51,22.43,23.47,21.95,90900
13/05/2022,23.85,24.41,23.85,24.25,22.68,68100
16/05/2022,23.99,24.5,23.5,23.68,22.58,100700
17/05/2022,24.66,24.85,24.39,24.6,23.46,84700
18/05/2022,23.91,24.13,23.13,23.33,22.25,87000
19/05/2022,23.08,24.5,23.08,24.22,23.1,106000
20/05/2022,24.6,25.25,23.51,23.93,22.82,77600
23/05/2022,24.18,24.27,23.72,24.08,22.97,67800
24/05/2022,23.75,23.75,23.1,23.57,22.48,64700
25/05/2022,23.13,23.65,23.03,23.47,22.38,89900
26/05/2022,24.02,24.93,23.89,24.57,23.43,230900
27/05/2022,24.69,25.36,24.6,25.13,23.97,138900
31/05/2022,25.17,25.98,25.01,25.33,24.16,216800
01/06/2022,25.47,25.98,24.9,25.59,24.41,466100
02/06/2022,25.32,26.56,25.32,26.4,25.18,96500
03/06/2022,26.13,26.34,25.07,26.03,24.83,155200
06/06/2022,26.01,26.03,23.64,23.83,22.73,818700
07/06/2022,23.76,24.68,23.6,24.52,23.39,325600
08/06/2022,24.17,24.34,23.89,23.94,22.83,327200
09/06/2022,23.89,23.89,22.96,22.99,21.93,349800
10/06/2022,22.66,22.86,22.0,22.08,21.06,211400
13/06/2022,21.63,21.96,20.56,20.62,19.67,344700
14/06/2022,20.89,21.54,20.0,20.33,19.39,429600
15/06/2022,20.84,22.39,20.69,22.06,21.04,485900
16/06/2022,21.41,21.69,20.83,20.94,19.97,363300
17/06/2022,23.7,24.99,22.41,23.22,22.15,1404400
21/06/2022,22.95,23.5,22.44,22.68,21.63,589000
22/06/2022,22.7,24.39,22.67,23.52,22.43,391400
23/06/2022,23.77,23.98,22.84,23.36,22.28,285100
24/06/2022,23.65,24.94,23.65,24.93,23.78,672200
27/06/2022,25.31,25.35,24.53,24.61,23.47,208500
28/06/2022,24.7,25.07,24.11,24.32,23.19,128200
29/06/2022,24.44,24.55,24.03,24.28,23.16,110900
30/06/2022,23.9,24.25,23.33,24.19,23.07,261400
01/07/2022,24.07,24.39,23.51,24.29,23.17,153200
05/07/2022,24.23,25.55,24.12,25.51,24.33,159300
06/07/2022,25.3,25.37,24.55,24.95,23.8,123200
07/07/2022,24.97,25.86,24.97,25.67,24.48,96800
08/07/2022,25.38,25.89,25.19,25.49,24.31,72600
11/07/2022,25.41,25.58,24.9,25.21,24.04,116600
12/07/2022,25.39,25.65,24.76,24.89,23.74,116100
13/07/2022,24.66,25.15,24.43,24.45,23.32,175300
14/07/2022,24.34,24.65,24.11,24.41,23.28,163800
15/07/2022,24.88,25.46,24.51,25.18,24.02,226300
18/07/2022,25.1,25.28,24.65,24.69,23.55,161900
19/07/2022,25.05,25.46,24.96,25.35,24.18,245400
20/07/2022,25.24,25.73,24.98,25.35,24.18,181200
21/07/2022,25.58,26.29,25.5,26.24,25.03,210900
22/07/2022,26.37,26.66,25.62,25.98,24.78,92200
25/07/2022,25.91,26.04,25.31,25.45,24.27,80300
26/07/2022,25.48,25.48,24.94,25.01,23.85,67700
27/07/2022,25.32,25.69,25.06,25.4,24.22,161900
28/07/2022,25.59,26.04,25.46,25.75,24.56,157900
29/07/2022,25.93,26.44,25.57,26.31,25.09,129000
01/08/2022,25.72,26.12,25.33,25.4,24.22,360500
02/08/2022,25.26,25.44,24.34,24.56,23.42,588900
03/08/2022,22.86,23.75,22.17,22.72,21.67,555000
04/08/2022,23.17,23.38,22.01,22.19,21.16,310800
05/08/2022,21.99,22.1,20.98,21.69,20.69,289900
08/08/2022,21.98,22.44,21.96,22.0,20.98,295500
09/08/2022,21.86,21.86,21.01,21.61,20.61,213600
10/08/2022,22.12,22.26,21.7,22.02,21.0,150300
11/08/2022,22.39,22.7,22.27,22.5,21.46,138400
12/08/2022,22.73,22.82,22.26,22.67,21.62,132000
15/08/2022,22.43,22.72,22.25,22.64,21.59,125200
16/08/2022,22.22,22.52,22.12,22.52,21.7,162400
17/08/2022,22.3,22.34,21.73,22.0,21.2,111100
18/08/2022,22.43,22.53,22.16,22.37,21.55,156700
19/08/2022,21.96,22.04,21.65,22.0,21.2,155100
22/08/2022,21.81,21.88,21.47,21.56,20.77,110100
23/08/2022,21.73,21.99,21.6,21.65,20.86,198000
24/08/2022,21.67,21.92,21.41,21.88,21.08,173200
25/08/2022,22.09,22.59,21.9,22.53,21.71,166200
26/08/2022,22.52,22.52,21.65,21.74,20.95,167500
29/08/2022,21.64,22.12,21.59,21.96,21.16,182600
30/08/2022,22.06,22.35,21.92,22.13,21.32,431200
31/08/2022,22.3,22.62,21.84,22.12,21.31,260200
01/09/2022,21.73,21.74,20.91,21.1,20.33,179300
02/09/2022,21.41,21.41,20.5,20.74,19.98,198100
06/09/2022,20.76,21.03,20.45,20.97,20.21,167800
07/09/2022,20.91,21.07,20.78,20.84,20.08,76500
08/09/2022,20.46,20.65,20.28,20.6,19.85,97200
09/09/2022,20.88,21.13,20.56,21.07,20.3,91600
12/09/2022,21.27,21.39,21.0,21.39,20.61,139100
13/09/2022,21.05,21.65,20.64,20.78,20.02,266200
14/09/2022,20.74,21.01,20.56,20.73,19.97,98200
15/09/2022,20.41,20.66,20.3,20.36,19.62,139600
16/09/2022,20.2,20.51,19.85,20.36,19.62,239700
19/09/2022,20.09,20.4,20.02,20.31,19.57,107100
20/09/2022,20.07,20.08,19.7,20.02,19.29,102600
21/09/2022,19.8,20.71,19.8,20.16,19.42,209000
22/09/2022,20.18,20.21,19.85,20.03,19.3,106000
23/09/2022,19.81,19.96,19.61,19.89,19.16,110700
26/09/2022,19.85,20.15,19.82,20.08,19.35,79900
27/09/2022,20.18,20.54,19.87,20.07,19.34,104000
28/09/2022,19.63,20.49,19.37,20.42,19.68,261600
29/09/2022,19.82,19.98,19.27,19.47,18.76,226700
30/09/2022,19.41,19.84,19.15,19.18,18.48,163800
03/10/2022,19.13,19.56,19.09,19.25,18.55,266700
04/10/2022,19.63,20.31,19.63,20.22,19.48,129000
05/10/2022,19.89,20.27,19.63,19.69,18.97,65400
06/10/2022,19.6,19.7,18.91,18.94,18.25,169300
07/10/2022,18.92,18.92,18.46,18.65,17.97,111000
10/10/2022,18.7,18.7,18.11,18.17,17.51,100600
11/10/2022,18.17,19.15,18.0,18.86,18.17,168800
12/10/2022,18.8,18.8,17.6,17.77,17.12,176000
13/10/2022,17.4,18.52,17.23,18.36,17.69,183200
14/10/2022,18.66,18.76,18.18,18.42,17.75,145500
17/10/2022,18.83,19.04,18.66,18.7,18.02,104900
18/10/2022,19.12,19.22,18.66,18.91,18.22,125000
19/10/2022,18.76,18.92,18.61,18.88,18.19,112100
20/10/2022,18.66,19.25,18.66,18.82,18.13,116200
21/10/2022,18.89,19.02,18.64,18.96,18.27,66600
24/10/2022,18.79,19.09,18.61,18.98,18.29,97700
25/10/2022,18.89,19.82,18.89,19.7,18.98,198500
26/10/2022,19.56,19.93,19.47,19.47,18.76,88200
27/10/2022,19.44,20.11,19.44,19.69,18.97,90000
28/10/2022,19.89,20.25,19.5,20.13,19.4,78600
31/10/2022,19.87,19.93,19.63,19.67,18.95,97900
01/11/2022,19.9,19.9,19.55,19.62,18.9,49900
02/11/2022,19.33,19.54,18.75,18.77,18.09,220500
03/11/2022,17.63,17.77,16.18,17.26,16.63,404200
04/11/2022,17.44,17.95,17.1,17.76,17.11,137600
07/11/2022,17.6,17.8,17.21,17.61,16.97,233600
08/11/2022,17.63,18.24,17.54,17.74,17.09,183500
09/11/2022,17.74,18.1,17.55,17.6,16.96,111800
10/11/2022,18.49,19.35,18.49,19.29,18.59,149600
11/11/2022,19.34,19.74,19.04,19.41,18.7,78800
14/11/2022,19.34,19.73,19.11,19.4,18.69,146100
15/11/2022,19.63,19.94,19.38,19.51,18.8,179500
16/11/2022,19.51,19.51,19.02,19.32,18.62,91900
17/11/2022,19.01,19.33,18.97,19.29,18.59,148800
18/11/2022,19.65,19.77,19.1,19.14,18.44,83300
21/11/2022,19.07,19.07,18.72,18.83,18.14,82500
22/11/2022,18.99,19.14,18.81,18.96,18.27,100900
23/11/2022,18.97,19.29,18.88,19.19,18.49,101500
25/11/2022,19.05,19.26,18.93,19.24,18.54,40900
28/11/2022,19.27,19.46,18.8,18.94,18.25,84500
29/11/2022,19.21,19.36,19.05,19.27,18.57,76100
30/11/2022,19.17,19.71,18.99,19.46,18.75,272800
01/12/2022,19.3,19.91,19.3,19.6,18.89,123300
02/12/2022,19.3,19.3,18.88,19.0,18.31,115000
05/12/2022,18.89,18.89,18.55,18.66,17.98,106500
06/12/2022,18.43,18.47,17.91,18.24,17.57,142100
07/12/2022,17.97,18.31,17.71,18.07,17.41,104400
08/12/2022,17.99,18.37,17.98,18.35,17.68,114500
09/12/2022,18.32,18.78,18.2,18.56,17.88,95000
12/12/2022,18.43,18.5,18.1,18.25,17.58,279300
13/12/2022,18.99,19.9,18.91,19.55,18.84,339600
14/12/2022,19.45,19.89,18.88,19.1,18.4,214300
15/12/2022,18.86,19.08,18.02,18.43,17.76,273100
16/12/2022,18.41,18.86,18.2,18.44,17.77,281100
19/12/2022,18.53,18.55,18.19,18.41,17.74,109100
20/12/2022,18.31,18.31,17.88,17.92,17.27,100700
21/12/2022,18.09,18.63,18.0,18.42,17.75,86700
22/12/2022,18.29,18.55,17.96,18.54,17.86,98900
23/12/2022,18.55,18.88,18.44,18.65,17.97,82600
27/12/2022,18.45,18.49,18.15,18.39,17.72,97000
28/12/2022,18.19,18.3,17.83,17.94,17.29,89500
29/12/2022,18.1,18.7,18.1,18.56,17.88,83100
30/12/2022,18.42,18.63,18.25,18.48,17.81,98300
03/01/2023,18.78,18.94,18.36,18.84,18.15,120300
04/01/2023,18.99,19.35,18.72,19.05,18.36,104700
05/01/2023,18.76,18.76,18.36,18.37,17.7,92300
06/01/2023,18.57,19.17,18.35,19.1,18.4,139900
09/01/2023,20.18,20.74,20.11,20.14,19.41,160600
10/01/2023,20.14,20.29,19.59,20.0,19.27,156800
11/01/2023,20.18,20.63,20.07,20.51,19.76,86000
12/01/2023,20.54,21.34,20.3,21.0,20.23,207100
13/01/2023,20.83,21.35,20.83,21.22,20.45,108000
17/01/2023,21.35,21.81,21.22,21.27,20.49,177200
18/01/2023,21.58,21.68,21.04,21.14,20.37,118100
19/01/2023,20.9,21.11,20.72,21.02,20.25,102400
20/01/2023,21.22,21.51,21.0,21.51,20.73,127100
23/01/2023,21.82,22.97,21.82,22.85,22.02,162800
24/01/2023,22.82,22.82,22.36,22.43,21.61,57400
25/01/2023,22.06,22.4,21.66,22.4,21.58,84000
26/01/2023,22.3,22.51,22.15,22.35,21.53,114900
27/01/2023,22.28,22.58,22.17,22.37,21.55,77200
30/01/2023,21.94,22.14,21.83,22.0,21.2,138100
31/01/2023,22.24,22.72,22.01,22.66,21.83,155000
01/02/2023,22.4,23.05,22.38,22.82,21.99,116100
02/02/2023,23.51,23.76,23.27,23.46,22.6,185200
03/02/2023,23.12,23.41,22.91,23.31,22.46,103200
06/02/2023,23.1,23.17,22.76,22.87,22.04,118700
07/02/2023,22.82,23.3,22.59,23.23,22.38,100100
08/02/2023,22.91,22.98,22.49,22.69,21.86,69600
09/02/2023,22.89,23.03,22.39,22.47,21.65,78600
10/02/2023,22.37,22.5,22.22,22.35,21.53,62300
13/02/2023,22.5,22.7,22.37,22.43,21.61,52900
14/02/2023,22.35,22.48,22.21,22.22,21.41,58000
15/02/2023,21.99,22.44,21.99,22.36,21.54,52200
16/02/2023,21.87,22.03,21.61,21.64,20.85,72100
17/02/2023,21.65,21.83,21.41,21.69,20.9,101400
21/02/2023,21.15,21.37,19.46,20.53,19.78,205900
22/02/2023,20.88,21.23,20.71,20.94,20.18,121100
23/02/2023,21.03,21.17,20.74,21.0,20.23,69100
24/02/2023,20.59,21.11,20.59,20.88,20.12,111300
27/02/2023,20.69,20.81,20.45,20.62,19.87,127700
28/02/2023,20.48,20.95,20.39,20.62,19.87,139100
01/03/2023,20.75,20.86,20.53,20.64,19.89,54200
02/03/2023,20.39,20.6,20.22,20.5,19.75,62300
03/03/2023,20.55,20.85,20.55,20.67,19.92,50700
06/03/2023,20.59,20.63,20.37,20.48,19.73,70300
07/03/2023,20.48,20.79,20.09,20.17,19.43,77100
08/03/2023,20.26,20.38,20.08,20.26,19.52,80000
09/03/2023,20.1,20.38,19.87,19.9,19.17,76800
10/03/2023,19.79,19.85,19.29,19.5,18.79,115000
13/03/2023,19.0,19.31,18.86,19.09,18.39,175400
14/03/2023,19.3,19.62,19.27,19.53,18.82,122500
15/03/2023,19.14,19.44,18.96,19.28,18.58,120600
16/03/2023,18.9,20.22,18.9,20.14,19.41,137900
17/03/2023,20.14,20.66,20.04,20.44,19.69,293100
20/03/2023,20.46,20.6,20.12,20.26,19.52,121800
21/03/2023,20.65,21.13,20.63,21.07,20.3,146300
22/03/2023,21.09,21.61,21.05,21.07,20.3,152500
23/03/2023,21.2,21.58,21.14,21.41,20.63,154400
24/03/2023,21.22,21.34,20.99,21.25,20.47,104000
27/03/2023,21.42,21.42,20.78,20.95,20.19,72700
28/03/2023,20.8,21.16,20.68,20.88,20.12,133900
29/03/2023,21.06,21.33,21.06,21.25,20.47,116900
30/03/2023,21.36,21.44,21.13,21.29,20.51,84400
31/03/2023,21.41,21.8,21.41,21.72,20.93,123800
03/04/2023,21.21,21.5,21.19,21.44,20.66,109700
04/04/2023,21.38,21.56,21.17,21.27,20.49,142900
05/04/2023,21.34,21.48,21.03,21.25,20.47,86900
06/04/2023,21.11,21.11,20.71,20.89,20.37,55800
10/04/2023,20.7,20.82,20.55,20.79,20.27,105500
11/04/2023,20.8,21.06,20.57,20.71,20.19,104100
12/04/2023,20.93,21.18,20.85,20.92,20.4,82600
13/04/2023,20.99,21.62,20.99,21.59,21.05,60600
14/04/2023,21.49,21.61,21.16,21.36,20.83,70400
17/04/2023,21.37,21.42,21.1,21.24,20.71,48900
18/04/2023,20.83,21.0,20.65,20.76,20.24,103100
19/04/2023,20.37,20.71,20.33,20.55,20.04,74900
20/04/2023,20.48,20.73,20.45,20.5,19.99,67100
21/04/2023,20.48,20.81,20.43,20.68,20.16,66400
24/04/2023,20.69,20.73,20.51,20.6,20.08,78600
25/04/2023,20.47,20.65,20.2,20.22,19.71,88300
26/04/2023,20.34,20.34,20.0,20.04,19.54,78000
27/04/2023,20.08,20.19,19.91,20.03,19.53,119400
28/04/2023,20.06,20.34,20.06,20.13,19.63,86600
01/05/2023,20.06,20.6,19.97,20.52,20.01,92300
02/05/2023,20.44,20.53,19.96,19.96,19.46,99300
03/05/2023,21.6,22.95,21.56,22.39,21.83,173700
04/05/2023,22.42,22.92,21.81,22.14,21.59,171700
05/05/2023,21.73,22.66,21.73,22.57,22.01,128600
08/05/2023,22.66,22.66,22.12,22.37,21.81,80500
09/05/2023,22.48,22.77,22.41,22.6,22.03,92800
10/05/2023,22.91,22.99,22.7,22.91,22.34,105000
11/05/2023,23.16,23.47,23.0,23.34,22.76,118200
12/05/2023,23.27,23.36,22.94,23.2,22.62,59500
15/05/2023,23.31,23.4,23.13,23.31,22.73,104500
16/05/2023,23.26,23.77,23.22,23.72,23.13,70900
17/05/2023,23.74,24.0,23.54,23.93,23.33,133200
18/05/2023,23.69,24.26,23.52,24.2,23.59,72400
19/05/2023,24.44,24.44,23.98,24.13,23.53,69500
22/05/2023,24.23,24.48,23.9,23.94,23.34,238700
23/05/2023,24.56,24.74,24.06,24.13,23.53,106300
24/05/2023,24.15,24.32,24.08,24.3,23.69,64500
25/05/2023,24.45,24.63,24.26,24.47,23.86,63700
26/05/2023,24.4,25.1,24.4,24.96,24.34,74400
30/05/2023,25.06,25.58,24.69,24.82,24.2,116200
31/05/2023,24.53,24.9,24.31,24.84,24.22,219100
01/06/2023,24.79,25.0,24.58,24.85,24.23,190200
02/06/2023,25.05,25.57,24.88,25.41,24.77,112900
05/06/2023,25.48,25.64,25.18,25.32,24.69,119800
06/06/2023,25.25,25.94,25.1,25.8,25.15,95300
07/06/2023,26.4,27.07,25.9,26.15,25.5,192500
08/06/2023,26.12,26.52,25.92,26.47,25.81,86300
09/06/2023,26.54,26.79,26.44,26.67,26.0,73900
12/06/2023,26.84,26.9,26.64,26.82,26.15,174400
13/06/2023,27.0,27.12,26.77,27.06,26.38,125900
14/06/2023,26.98,27.34,26.88,27.12,26.44,134100
15/06/2023,27.06,27.33,26.97,27.14,26.46,146900
16/06/2023,27.44,27.52,27.01,27.42,26.73,163300
20/06/2023,27.3,27.3,26.92,27.17,26.49,121700
21/06/2023,26.92,27.03,26.56,26.57,25.91,85000
22/06/2023,26.13,26.39,26.04,26.36,25.7,108700
23/06/2023,26.05,26.36,25.94,26.2,25.54,622600
26/06/2023,26.12,26.48,25.94,25.96,25.31,131100
27/06/2023,26.3,26.72,26.27,26.49,25.83,109400
28/06/2023,26.14,26.69,26.08,26.56,25.9,75100
29/06/2023,26.32,26.66,26.32,26.64,25.97,180200
30/06/2023,26.87,27.19,26.59,26.6,25.93,134500
03/07/2023,26.4,26.76,26.37,26.63,25.96,66200
05/07/2023,26.47,26.83,26.45,26.55,25.89,169700
06/07/2023,26.28,26.34,25.8,26.17,25.52,218900
07/07/2023,26.32,26.91,26.31,26.33,25.67,140500
10/07/2023,26.17,26.47,26.03,26.23,25.57,191900
11/07/2023,26.25,26.4,25.94,25.99,25.34,113300
12/07/2023,26.16,26.16,25.87,25.9,25.25,153400
13/07/2023,26.12,26.65,26.12,26.44,25.78,183200
14/07/2023,26.44,27.0,26.17,26.66,25.99,191800
17/07/2023,26.67,27.21,26.67,27.11,26.43,103900
18/07/2023,27.56,27.56,27.05,27.31,26.63,159000
19/07/2023,27.35,27.74,27.26,27.49,26.8,102400
20/07/2023,27.43,27.51,27.19,27.37,26.69,122200
21/07/2023,27.59,27.73,26.92,27.29,26.61,118900
24/07/2023,26.87,26.97,26.43,26.45,25.79,274100
25/07/2023,25.84,26.54,25.84,26.38,25.72,122400
26/07/2023,26.19,26.81,26.11,26.56,25.9,86200
27/07/2023,26.75,26.75,25.93,26.03,25.38,145200
28/07/2023,26.16,26.43,25.83,26.33,25.67,71200
31/07/2023,26.14,27.09,26.03,26.94,26.27,217300
01/08/2023,27.18,27.64,27.0,27.54,26.85,150100
02/08/2023,28.28,29.7,28.0,29.26,28.53,311500
03/08/2023,28.98,29.67,28.94,29.18,28.45,167300
04/08/2023,29.26,30.29,29.21,30.04,29.29,240700
07/08/2023,30.04,30.81,30.04,30.7,29.93,215700
08/08/2023,30.46,30.46,29.75,30.33,29.57,144300
09/08/2023,30.2,30.38,30.06,30.31,29.55,157600
10/08/2023,30.39,30.63,30.21,30.48,29.72,144400
11/08/2023,30.35,30.75,30.35,30.7,29.93,98300
14/08/2023,30.15,30.52,29.76,30.47,29.71,119200
15/08/2023,30.22,30.64,29.91,30.51,30.0,173000
16/08/2023,30.38,30.8,30.15,30.15,29.65,121200
17/08/2023,29.84,29.87,29.07,29.32,28.83,221600
18/08/2023,29.13,29.83,28.96,29.75,29.26,153800
21/08/2023,29.65,29.81,29.26,29.53,29.04,115100
22/08/2023,29.54,29.85,29.43,29.56,29.07,120400
23/08/2023,29.69,30.17,29.53,30.15,29.65,104000
24/08/2023,30.2,30.3,29.35,29.45,28.96,110900
25/08/2023,29.56,29.86,29.37,29.48,28.99,101000
28/08/2023,29.33,29.76,29.29,29.36,28.87,114200
29/08/2023,29.02,29.74,29.02,29.7,29.21,162300
30/08/2023,29.5,30.12,29.5,29.84,29.34,119700
31/08/2023,29.75,30.08,29.62,29.89,29.39,194700
01/09/2023,30.1,30.45,30.1,30.39,29.89,119300
05/09/2023,30.76,30.79,30.04,30.17,29.67,94900
06/09/2023,29.85,30.12,29.69,29.69,29.2,142600
07/09/2023,29.59,30.01,29.0,29.98,29.48,158000
08/09/2023,30.1,30.51,29.56,30.21,29.71,122700
11/09/2023,30.41,30.41,30.01,30.16,29.66,90300
12/09/2023,29.53,29.93,29.32,29.36,28.87,84200
13/09/2023,29.3,29.3,28.82,29.01,28.53,120100
14/09/2023,28.76,29.01,28.52,28.96,28.48,138700
15/09/2023,29.04,29.3,28.67,28.69,28.21,154900
18/09/2023,28.9,29.46,28.89,29.33,28.84,123100
19/09/2023,29.2,29.8,29.2,29.7,29.21,111000
20/09/2023,29.7,30.21,29.6,29.7,29.21,110000
21/09/2023,29.42,29.64,29.27,29.3,28.81,103900
22/09/2023,29.33,29.96,28.54,28.58,28.11,135400
25/09/2023,28.43,28.71,27.07,28.67,28.19,165500
26/09/2023,28.34,28.69,27.8,27.84,27.38,115600
27/09/2023,27.98,28.22,27.89,28.15,27.68,113400
28/09/2023,28.3,28.56,28.18,28.45,27.98,98500
29/09/2023,28.5,28.7,28.2,28.43,27.96,101300
02/10/2023,28.32,28.61,28.22,28.38,27.91,107000
03/10/2023,28.44,28.62,28.16,28.29,27.82,105100
04/10/2023,28.25,28.77,28.14,28.51,28.04,79300
05/10/2023,28.5,28.5,28.0,28.27,27.8,104700
06/10/2023,28.12,28.91,28.12,28.78,28.3,86200
09/10/2023,27.93,27.93,26.74,27.15,26.7,197400
10/10/2023,26.99,27.73,26.99,27.23,26.78,153000
11/10/2023,27.2,27.61,27.07,27.26,26.81,159400
12/10/2023,27.26,27.26,26.11,26.36,25.92,120200
13/10/2023,26.49,26.49,25.92,26.08,25.65,114300
16/10/2023,26.24,26.51,26.03,26.08,25.65,97300
17/10/2023,25.76,26.21,25.69,25.89,25.46,154500
18/10/2023,25.78,25.99,25.56,25.62,25.19,173500
19/10/2023,25.62,25.87,25.13,25.53,25.11,196000
20/10/2023,25.59,25.62,25.0,25.17,24.75,159300
23/10/2023,25.19,25.54,25.0,25.1,24.68,87200
24/10/2023,25.51,25.6,25.18,25.38,24.96,120800
25/10/2023,25.54,25.65,25.14,25.35,24.93,116100
26/10/2023,25.58,25.65,24.87,24.98,24.56,92800
27/10/2023,24.98,25.02,24.5,24.57,24.16,176300
30/10/2023,25.29,25.44,24.69,25.17,24.75,181700
31/10/2023,25.2,25.57,25.09,25.5,25.08,101900
01/11/2023,25.78,26.34,25.72,26.28,25.84,242100
02/11/2023,27.89,28.36,27.36,27.64,27.18,220900
03/11/2023,27.83,28.38,27.49,28.27,27.8,155300
06/11/2023,28.02,28.31,27.67,28.06,27.59,155900
07/11/2023,28.25,28.48,27.77,27.95,27.49,149200
08/11/2023,27.54,27.54,24.82,25.09,24.67,303900
09/11/2023,24.83,25.17,24.39,24.47,24.06,154000
10/11/2023,24.64,24.98,24.44,24.68,24.27,106600
13/11/2023,24.92,25.52,24.91,25.19,24.77,120700
14/11/2023,25.53,25.74,25.18,25.6,25.17,261300
15/11/2023,25.5,25.94,25.36,25.38,24.96,152900
16/11/2023,25.12,25.58,25.0,25.42,25.0,117800
17/11/2023,25.71,25.77,25.38,25.44,25.02,112500
20/11/2023,25.62,25.77,25.16,25.3,24.88,91500
21/11/2023,25.15,25.64,25.09,25.58,25.15,122900
22/11/2023,25.79,25.93,25.39,25.48,25.06,104500
24/11/2023,25.37,25.65,25.37,25.56,25.14,28900
27/11/2023,25.36,25.73,25.35,25.64,25.21,73000
28/11/2023,25.94,26.39,25.85,26.11,25.68,132800
29/11/2023,26.32,26.59,25.88,25.9,25.47,70800
30/11/2023,25.42,25.75,25.3,25.73,25.3,91100
01/12/2023,25.65,26.25,25.41,25.86,25.43,91700
04/12/2023,25.98,26.1,25.75,25.97,25.54,60000
05/12/2023,25.96,25.98,25.72,25.9,25.47,63900
06/12/2023,26.04,26.13,25.41,25.47,25.05,79900
07/12/2023,25.69,25.95,25.59,25.85,25.42,80500
08/12/2023,25.74,26.08,25.74,25.92,25.49,80500
11/12/2023,25.7,26.17,25.7,26.08,25.65,120600
12/12/2023,26.22,26.41,25.98,26.39,25.95,84400
13/12/2023,26.21,26.8,26.05,26.8,26.35,111100
14/12/2023,27.07,27.62,27.01,27.53,27.07,186400
15/12/2023,27.73,27.99,27.53,27.96,27.5,212500
18/12/2023,28.05,28.41,27.92,28.34,27.87,88200
19/12/2023,28.24,28.63,28.16,28.49,28.02,135500
20/12/2023,28.45,28.87,28.28,28.33,27.86,140200
21/12/2023,28.55,28.83,28.5,28.78,28.3,76900
22/12/2023,28.95,29.29,28.77,29.2,28.71,81800
26/12/2023,29.1,29.63,29.04,29.53,29.04,79700
27/12/2023,29.46,29.62,29.4,29.56,29.07,63800
28/12/2023,29.48,29.54,29.21,29.22,28.73,89500
29/12/2023,29.21,29.24,28.87,28.94,28.46,130700
02/01/2024,28.72,28.72,27.75,28.05,27.58,152000
03/01/2024,27.66,27.88,26.85,26.97,26.52,140700
04/01/2024,26.88,27.07,26.47,26.57,26.13,125000
05/01/2024,26.36,26.83,26.34,26.72,26.28,110700
08/01/2024,26.77,27.66,26.77,27.51,27.05,128700
09/01/2024,27.12,27.66,27.12,27.54,27.08,160900
10/01/2024,27.4,27.72,26.87,27.13,26.68,107700
11/01/2024,27.1,27.28,26.79,27.26,26.81,95000
12/01/2024,27.56,27.59,27.22,27.23,26.78,43900
16/01/2024,27.08,27.09,26.74,26.93,26.48,52100
17/01/2024,26.79,27.02,26.52,26.97,26.52,80000
18/01/2024,27.04,27.24,26.89,27.24,26.79,56600
19/01/2024,27.4,27.59,27.04,27.52,27.06,73400
22/01/2024,27.7,28.09,27.68,27.98,27.52,75900
23/01/2024,27.97,28.27,27.77,28.2,27.73,98400
24/01/2024,28.63,28.63,27.93,28.0,27.53,122800
25/01/2024,28.17,28.34,27.97,28.01,27.54,62700
26/01/2024,28.16,28.16,27.92,28.06,27.59,40100
29/01/2024,28.07,28.53,28.07,28.52,28.05,54900
30/01/2024,28.44,28.66,28.4,28.5,28.03,57700
31/01/2024,28.49,28.49,27.29,27.3,26.85,132600
01/02/2024,27.05,27.61,26.75,27.57,27.11,117700
02/02/2024,27.37,27.38,27.0,27.02,26.57,76600
05/02/2024,27.03,27.36,26.91,27.29,26.84,90400
06/02/2024,27.43,27.58,27.05,27.35,26.9,84000
07/02/2024,27.38,27.56,27.17,27.44,26.98,70600
08/02/2024,27.42,28.11,27.3,27.98,27.52,73800
09/02/2024,28.06,28.43,27.11,28.34,27.87,77800
12/02/2024,28.41,28.96,28.39,28.41,27.94,126800
13/02/2024,27.77,28.06,27.54,27.64,27.18,198100
14/02/2024,28.05,28.82,28.05,28.69,28.21,163600
15/02/2024,28.74,28.96,28.27,28.92,28.44,99800
16/02/2024,29.05,29.19,28.7,28.92,28.44,109000
20/02/2024,30.0,31.39,29.97,30.1,29.6,247100
21/02/2024,30.07,30.49,29.57,30.49,29.98,136500
22/02/2024,30.65,30.72,29.56,29.79,29.3,128500
23/02/2024,29.75,30.33,29.62,30.33,29.83,73100
26/02/2024,30.32,31.0,30.29,30.98,30.47,93300
27/02/2024,31.13,31.24,30.12,30.18,29.68,117800
28/02/2024,30.2,30.51,30.13,30.32,29.82,71200
29/02/2024,30.77,30.95,30.55,30.77,30.26,146100
01/03/2024,30.83,31.02,30.3,30.98,30.47,93300
04/03/2024,30.46,30.74,29.91,30.11,29.61,96100
05/03/2024,29.53,29.72,29.15,29.34,28.85,109800
06/03/2024,29.68,29.86,29.48,29.57,29.08,55000
07/03/2024,29.5,30.51,29.32,30.25,29.75,120400
08/03/2024,30.55,30.77,30.07,30.17,29.67,108300
11/03/2024,30.0,30.66,30.0,30.51,30.0,98600
12/03/2024,30.49,30.67,30.25,30.56,30.05,68700
13/03/2024,30.56,30.8,30.35,30.48,29.97,75000
14/03/2024,30.44,30.45,29.73,30.1,29.6,123000
15/03/2024,29.82,30.23,29.58,29.96,29.46,225000
18/03/2024,30.26,30.39,30.01,30.18,29.68,72300
19/03/2024,30.19,30.88,30.16,30.87,30.36,74700
20/03/2024,30.95,31.24,30.74,31.19,30.67,87700
21/03/2024,31.62,31.87,31.55,31.7,31.17,184600
22/03/2024,31.8,31.8,31.06,31.37,30.85,272600
25/03/2024,31.42,31.82,31.32,31.58,31.06,74200
26/03/2024,31.61,31.71,30.69,30.76,30.25,89600
27/03/2024,31.03,31.53,30.8,31.46,30.94,83400
28/03/2024,31.51,32.33,31.3,32.16,31.63,196700
01/04/2024,32.06,32.25,31.56,31.85,31.32,168700
02/04/2024,31.29,32.07,31.27,32.03,31.5,106700
03/04/2024,31.66,32.46,31.6,32.12,31.59,132500
04/04/2024,31.64,32.05,31.13,31.2,30.95,169700
05/04/2024,31.13,35.33,31.13,32.61,32.35,680400
08/04/2024,32.69,33.42,32.31,32.37,32.11,262200
09/04/2024,32.15,32.39,31.3,31.47,31.22,186300
10/04/2024,30.77,31.31,30.61,31.06,30.81,196500
11/04/2024,31.08,31.68,30.92,31.68,31.43,90500
12/04/2024,31.4,31.7,30.6,30.71,30.47,167600
15/04/2024,31.04,31.04,30.37,30.8,30.55,228600
16/04/2024,31.12,31.13,30.52,30.77,30.52,125200
17/04/2024,30.77,30.78,30.01,30.25,30.01,150300
18/04/2024,30.29,30.6,30.07,30.17,29.93,134500
19/04/2024,30.05,30.34,29.78,30.04,29.8,177300
22/04/2024,30.21,30.67,30.19,30.46,30.22,83900
23/04/2024,30.37,30.92,30.37,30.69,30.45,64100
24/04/2024,30.91,31.4,30.83,31.12,30.87,156200
25/04/2024,30.96,31.29,30.66,31.12,30.87,99200
26/04/2024,31.17,31.7,31.15,31.3,31.05,88700
29/04/2024,31.46,31.63,31.32,31.5,31.25,99100
30/04/2024,31.32,31.35,30.74,30.8,30.55,123900
01/05/2024,30.9,31.3,30.51,30.66,30.42,158800
02/05/2024,31.05,31.1,29.51,30.38,30.14,362900
03/05/2024,30.82,31.12,30.43,30.86,30.61,123600
06/05/2024,30.75,31.2,30.75,31.14,30.89,85100
07/05/2024,31.06,31.55,30.99,31.38,31.13,195100
08/05/2024,31.43,33.83,31.31,33.52,33.25,234100
09/05/2024,33.86,34.24,33.0,34.16,33.89,145900
10/05/2024,32.7,34.01,32.23,33.26,33.0,182600
13/05/2024,33.45,33.55,33.19,33.24,32.98,97700
14/05/2024,33.53,34.82,33.35,34.79,34.51,214900
15/05/2024,34.79,35.33,34.53,34.65,34.37,100700
16/05/2024,34.3,34.71,34.17,34.33,34.06,103500
17/05/2024,34.58,34.97,34.38,34.85,34.57,136800
20/05/2024,34.49,34.73,34.31,34.63,34.35,97700
21/05/2024,34.52,34.74,34.21,34.5,34.23,144000
22/05/2024,34.45,34.66,33.98,34.23,33.96,191100
23/05/2024,34.16,34.3,33.81,34.04,33.77,168200
24/05/2024,34.21,34.32,33.94,34.1,33.83,96200
28/05/2024,34.15,34.22,33.63,33.98,33.71,90500
29/05/2024,33.64,34.15,33.6,33.67,33.4,86900
30/05/2024,33.63,34.0,33.46,33.62,33.35,93300
31/05/2024,33.6,33.83,33.06,33.52,33.25,65300
03/06/2024,33.54,33.57,33.0,33.06,32.8,82200
04/06/2024,32.9,32.99,32.63,32.89,32.63,77800
05/06/2024,33.0,33.58,32.93,33.42,33.15,119500
06/06/2024,33.08,33.33,32.87,33.15,32.89,94300
07/06/2024,32.84,33.17,32.67,32.85,32.59,146400
10/06/2024,32.5,33.33,32.42,33.24,32.98,106400
11/06/2024,33.2,34.27,33.05,34.02,33.75,93400
12/06/2024,34.53,34.59,33.9,33.95,33.68,105800
13/06/2024,33.82,34.01,33.42,33.96,33.69,114700
14/06/2024,33.85,33.85,33.1,33.17,32.91,69600
17/06/2024,33.5,33.92,33.29,33.71,33.44,94500
18/06/2024,33.73,33.92,33.35,33.75,33.48,79000
20/06/2024,33.5,33.71,33.16,33.17,32.91,128900
21/06/2024,33.32,33.83,33.3,33.75,33.48,160100
24/06/2024,33.76,33.99,33.09,33.09,32.83,82300
25/06/2024,33.14,33.42,33.04,33.38,33.11,107200
26/06/2024,33.33,33.54,33.2,33.2,32.94,125400
27/06/2024,33.24,34.05,33.24,34.0,33.73,101600
28/06/2024,34.31,34.56,33.75,33.93,33.66,307700
01/07/2024,34.2,34.65,33.72,34.15,33.88,133200
02/07/2024,34.27,34.46,33.97,34.37,34.1,75200
03/07/2024,34.47,34.84,34.46,34.57,34.29,50800
05/07/2024,34.73,35.31,34.62,35.18,34.9,125700
08/07/2024,35.25,35.78,35.18,35.5,35.22,169300
09/07/2024,35.41,35.6,35.05,35.24,34.96,113800
10/07/2024,35.31,35.75,35.12,35.52,35.24,131100
11/07/2024,35.67,36.54,35.65,36.48,36.19,184800
12/07/2024,36.69,37.89,36.69,37.42,37.12,248300
15/07/2024,37.91,38.81,37.89,38.49,38.18,253500
16/07/2024,38.76,39.55,38.69,39.51,39.2,283600
17/07/2024,38.92,39.51,38.92,39.22,38.91,170500
18/07/2024,39.17,39.61,38.78,38.98,38.67,262300
19/07/2024,39.0,39.8,38.99,39.78,39.46,358600
22/07/2024,40.18,40.54,40.0,40.43,40.11,234200
23/07/2024,40.44,41.22,40.3,41.02,40.69,178200
24/07/2024,40.67,40.94,38.96,39.2,38.89,359900
25/07/2024,39.18,40.04,39.13,39.49,39.18,209600
26/07/2024,39.94,40.06,39.48,39.71,39.39,131300
29/07/2024,39.56,39.78,39.13,39.54,39.22,140700
30/07/2024,39.58,39.7,38.95,39.33,39.02,175900
31/07/2024,39.14,39.54,38.75,38.9,38.59,408300
01/08/2024,34.58,36.96,31.12,36.14,35.85,510200
02/08/2024,35.06,36.09,35.06,35.72,35.44,185100
05/08/2024,34.63,34.75,33.73,34.3,34.03,216500
06/08/2024,34.02,35.14,33.96,34.71,34.43,128900
07/08/2024,35.61,35.86,34.79,34.82,34.54,133400
08/08/2024,35.58,35.65,34.79,35.28,35.0,135600
09/08/2024,35.19,35.5,34.86,35.37,35.09,136300
12/08/2024,34.82,35.09,34.22,34.54,34.26,105900
13/08/2024,34.94,35.11,34.57,34.85,34.57,105300
14/08/2024,34.99,34.99,34.48,34.75,34.47,89700
15/08/2024,35.32,36.74,35.31,36.45,36.16,157300
16/08/2024,36.4,36.4,35.9,36.13,35.84,70000
19/08/2024,35.9,36.19,35.44,36.16,35.87,100500
20/08/2024,35.83,36.32,35.77,35.87,35.58,131700
21/08/2024,35.89,35.89,35.43,35.88,35.59,97300
22/08/2024,35.84,36.05,35.26,35.34,35.06,79100
23/08/2024,35.7,36.17,35.48,36.08,35.79,99500
26/08/2024,36.31,36.76,36.12,36.3,36.01,54300
27/08/2024,36.3,36.41,36.04,36.4,36.11,53600
28/08/2024,36.18,36.42,35.46,35.72,35.72,73700
29/08/2024,36.17,36.42,35.92,36.01,36.01,63300
30/08/2024,36.01,36.43,35.66,36.39,36.39,87300
03/09/2024,35.72,36.02,35.06,35.13,35.13,81100
04/09/2024,34.9,35.4,34.66,35.11,35.11,68900
05/09/2024,35.37,35.74,34.99,35.43,35.43,65600
06/09/2024,35.32,35.4,34.77,34.89,34.89,58600
09/09/2024,34.67,35.27,34.61,35.02,35.02,89200
10/09/2024,35.01,35.44,34.98,35.06,35.06,70400
11/09/2024,34.96,35.41,34.5,35.41,35.41,66400
12/09/2024,35.45,35.65,35.03,35.48,35.48,57200
13/09/2024,35.86,36.1,35.55,35.96,35.96,70200
16/09/2024,35.47,36.13,35.4,36.08,36.08,93700
17/09/2024,35.88,36.3,35.6,35.85,35.85,98400
