Date,Open,High,Low,Close,Adj Close,Volume
17/12/1993,5.5,5.75,5.25,5.75,5.75,552100
20/12/1993,5.5,5.75,5.5,5.5,5.5,54400
21/12/1993,5.5,5.75,5.5,5.5,5.5,81200
22/12/1993,5.5,5.75,5.5,5.5,5.5,134300
23/12/1993,5.75,5.75,5.5,5.5,5.5,6000
27/12/1993,5.75,5.75,5.5,5.5,5.5,30800
28/12/1993,5.5,5.75,5.5,5.5,5.5,49000
29/12/1993,5.5,5.5,5.5,5.5,5.5,4500
30/12/1993,5.5,5.5,5.5,5.5,5.5,4000
31/12/1993,5.5,5.5,5.5,5.5,5.5,500
03/01/1994,5.5,5.5,5.5,5.5,5.5,10500
04/01/1994,5.75,5.75,5.5,5.69,5.69,52400
05/01/1994,5.75,5.75,5.75,5.75,5.75,25700
06/01/1994,5.75,6.0,5.59,5.62,5.62,32300
07/01/1994,5.62,5.81,5.62,5.81,5.81,2300
10/01/1994,6.0,6.0,5.62,5.62,5.62,9900
11/01/1994,6.0,6.0,5.81,5.88,5.88,20800
12/01/1994,5.88,6.25,5.62,6.12,6.12,564100
13/01/1994,6.25,6.5,6.25,6.25,6.25,29500
14/01/1994,6.25,6.5,6.0,6.5,6.5,14800
17/01/1994,6.5,6.5,6.25,6.25,6.25,800
18/01/1994,6.25,6.25,6.25,6.25,6.25,0
19/01/1994,6.25,6.5,6.25,6.5,6.5,12900
20/01/1994,6.25,6.25,6.25,6.25,6.25,2600
21/01/1994,6.5,6.5,6.5,6.5,6.5,100
24/01/1994,6.5,6.5,6.0,6.0,6.0,16200
25/01/1994,6.0,6.25,6.0,6.25,6.25,5000
26/01/1994,6.0,6.19,6.0,6.19,6.19,2700
27/01/1994,6.19,6.19,6.19,6.19,6.19,0
28/01/1994,6.0,6.0,6.0,6.0,6.0,500
31/01/1994,6.5,6.5,6.25,6.5,6.5,6000
01/02/1994,6.0,6.5,6.0,6.0,6.0,33300
02/02/1994,6.0,6.0,6.0,6.0,6.0,0
03/02/1994,6.0,6.0,6.0,6.0,6.0,6700
04/02/1994,6.5,6.5,6.0,6.0,6.0,8600
07/02/1994,6.0,6.0,6.0,6.0,6.0,0
08/02/1994,6.0,6.0,6.0,6.0,6.0,0
09/02/1994,6.0,6.5,6.0,6.5,6.5,2100
10/02/1994,6.0,6.12,6.0,6.12,6.12,29100
11/02/1994,6.12,6.12,6.12,6.12,6.12,0
14/02/1994,6.5,6.5,6.25,6.5,6.5,5600
15/02/1994,6.5,6.5,6.0,6.5,6.5,57500
16/02/1994,6.0,6.5,6.0,6.0,6.0,146200
17/02/1994,6.5,6.62,6.25,6.38,6.38,259600
18/02/1994,6.62,6.62,6.25,6.31,6.31,25000
22/02/1994,6.62,6.62,6.25,6.25,6.25,4000
23/02/1994,6.25,6.25,6.25,6.25,6.25,7000
24/02/1994,6.62,6.62,6.25,6.25,6.25,5500
25/02/1994,6.25,6.5,5.94,6.0,6.0,6100
28/02/1994,5.94,5.94,5.88,5.88,5.88,11500
01/03/1994,5.75,5.75,5.75,5.75,5.75,5500
02/03/1994,6.25,6.25,5.38,5.38,5.38,13000
03/03/1994,5.25,5.25,5.25,5.25,5.25,4000
04/03/1994,5.38,5.38,5.38,5.38,5.38,400
07/03/1994,6.0,6.0,5.25,5.25,5.25,8200
08/03/1994,6.0,6.0,5.5,6.0,6.0,2500
09/03/1994,6.0,6.0,5.25,5.25,5.25,11400
10/03/1994,5.25,6.0,5.25,6.0,6.0,7100
11/03/1994,6.0,6.0,5.5,5.5,5.5,7300
14/03/1994,5.5,5.5,5.5,5.5,5.5,0
15/03/1994,6.0,6.0,5.5,5.5,5.5,2000
16/03/1994,5.5,5.5,5.5,5.5,5.5,1500
17/03/1994,5.5,5.5,5.5,5.5,5.5,5400
18/03/1994,5.5,6.0,5.5,5.75,5.75,3900
21/03/1994,5.75,5.75,5.75,5.75,5.75,0
22/03/1994,6.0,6.0,5.62,6.0,6.0,2600
23/03/1994,6.0,6.0,6.0,6.0,6.0,1400
24/03/1994,5.5,5.62,5.5,5.62,5.62,4100
25/03/1994,5.5,5.5,5.0,5.25,5.25,27200
28/03/1994,5.0,5.0,5.0,5.0,5.0,3000
29/03/1994,5.0,5.0,3.75,3.75,3.75,63300
30/03/1994,4.5,4.5,3.75,4.0,4.0,16300
31/03/1994,3.75,4.5,3.75,4.5,4.5,27700
04/04/1994,3.5,4.5,3.5,4.5,4.5,32900
05/04/1994,4.5,4.5,4.38,4.5,4.5,8000
06/04/1994,4.5,4.62,4.5,4.62,4.62,5300
07/04/1994,4.62,4.62,4.62,4.62,4.62,0
08/04/1994,4.62,4.62,4.62,4.62,4.62,0
11/04/1994,4.62,4.62,4.62,4.62,4.62,0
12/04/1994,4.62,4.62,4.62,4.62,4.62,0
13/04/1994,4.75,4.75,4.75,4.75,4.75,100
14/04/1994,4.0,4.75,4.0,4.25,4.25,2700
15/04/1994,4.25,4.25,4.25,4.25,4.25,0
18/04/1994,4.0,4.0,4.0,4.0,4.0,100
19/04/1994,4.06,4.06,4.06,4.06,4.06,1000
20/04/1994,4.0,4.25,3.75,3.88,3.88,44800
21/04/1994,3.75,3.88,3.75,3.88,3.88,2000
22/04/1994,4.25,4.25,3.88,3.88,3.88,1300
25/04/1994,3.75,3.75,3.75,3.75,3.75,200
26/04/1994,3.75,3.75,3.75,3.75,3.75,0
28/04/1994,3.75,3.75,3.75,3.75,3.75,400
29/04/1994,3.75,4.25,3.75,3.75,3.75,2200
02/05/1994,3.75,4.0,3.25,3.5,3.5,20900
03/05/1994,3.5,3.75,3.25,3.5,3.5,11500
04/05/1994,3.25,3.75,3.25,3.38,3.38,3500
05/05/1994,3.75,3.75,3.25,3.25,3.25,400
06/05/1994,3.25,3.25,3.25,3.25,3.25,0
09/05/1994,3.5,3.5,3.5,3.5,3.5,10000
10/05/1994,3.25,3.25,3.25,3.25,3.25,300
11/05/1994,3.5,4.0,3.5,4.0,4.0,120500
12/05/1994,3.5,3.5,3.5,3.5,3.5,2400
13/05/1994,3.62,4.0,3.62,3.88,3.88,26200
16/05/1994,3.88,3.88,3.88,3.88,3.88,0
17/05/1994,4.0,4.0,4.0,4.0,4.0,300
18/05/1994,4.0,4.0,4.0,4.0,4.0,0
19/05/1994,4.0,4.0,4.0,4.0,4.0,0
20/05/1994,4.0,4.0,4.0,4.0,4.0,0
23/05/1994,4.0,4.0,4.0,4.0,4.0,0
24/05/1994,3.5,3.5,3.5,3.5,3.5,500
25/05/1994,3.5,3.5,3.5,3.5,3.5,0
26/05/1994,3.5,3.5,3.5,3.5,3.5,0
27/05/1994,3.5,3.5,3.5,3.5,3.5,0
31/05/1994,3.88,4.0,3.88,4.0,4.0,60000
01/06/1994,3.5,3.5,3.5,3.5,3.5,500
02/06/1994,3.88,4.0,3.5,3.5,3.5,21000
03/06/1994,3.5,3.5,3.5,3.5,3.5,0
06/06/1994,3.5,4.0,3.5,3.75,3.75,124000
07/06/1994,3.75,3.75,3.75,3.75,3.75,0
08/06/1994,3.75,3.75,3.75,3.75,3.75,0
09/06/1994,3.25,3.25,3.25,3.25,3.25,12600
10/06/1994,3.25,3.25,3.25,3.25,3.25,0
13/06/1994,3.5,3.5,3.5,3.5,3.5,500
14/06/1994,3.5,3.5,3.5,3.5,3.5,0
15/06/1994,3.75,3.75,3.75,3.75,3.75,200
16/06/1994,3.75,3.75,3.75,3.75,3.75,0
17/06/1994,3.5,3.5,3.0,3.0,3.0,26700
20/06/1994,3.25,3.25,3.25,3.25,3.25,10000
21/06/1994,3.0,3.0,3.0,3.0,3.0,500
22/06/1994,3.5,3.5,3.5,3.5,3.5,200
23/06/1994,3.5,3.5,3.5,3.5,3.5,0
24/06/1994,3.5,3.5,3.5,3.5,3.5,0
27/06/1994,3.0,3.0,3.0,3.0,3.0,100
28/06/1994,3.06,3.12,2.75,3.12,3.12,136500
29/06/1994,3.12,3.12,3.12,3.12,3.12,1000
30/06/1994,3.25,3.25,3.25,3.25,3.25,2500
01/07/1994,3.25,3.25,3.25,3.25,3.25,0
05/07/1994,3.25,3.25,3.25,3.25,3.25,0
06/07/1994,3.25,3.25,3.25,3.25,3.25,0
07/07/1994,3.0,3.12,3.0,3.12,3.12,229000
08/07/1994,3.25,3.25,3.0,3.12,3.12,31000
11/07/1994,3.12,3.12,3.12,3.12,3.12,0
12/07/1994,3.12,3.12,3.12,3.12,3.12,0
13/07/1994,3.12,3.12,3.12,3.12,3.12,0
14/07/1994,3.25,3.25,3.25,3.25,3.25,100
15/07/1994,3.25,3.25,3.25,3.25,3.25,0
18/07/1994,3.25,3.25,3.25,3.25,3.25,0
19/07/1994,3.25,3.25,3.25,3.25,3.25,0
20/07/1994,3.0,3.0,3.0,3.0,3.0,300
21/07/1994,3.0,3.0,3.0,3.0,3.0,0
22/07/1994,3.0,3.0,3.0,3.0,3.0,300
25/07/1994,3.0,3.25,3.0,3.25,3.25,800
26/07/1994,3.0,3.0,3.0,3.0,3.0,200
27/07/1994,3.0,3.0,3.0,3.0,3.0,2700
28/07/1994,3.25,3.25,3.25,3.25,3.25,600
29/07/1994,3.25,3.25,3.25,3.25,3.25,0
01/08/1994,3.0,3.0,2.25,2.34,2.34,33200
02/08/1994,2.25,2.38,2.25,2.38,2.38,2600
03/08/1994,2.38,2.38,2.38,2.38,2.38,0
04/08/1994,2.38,2.38,2.38,2.38,2.38,0
05/08/1994,3.0,3.0,3.0,3.0,3.0,100
08/08/1994,3.0,3.0,3.0,3.0,3.0,0
09/08/1994,3.0,3.0,3.0,3.0,3.0,0
10/08/1994,2.25,2.38,1.5,1.62,1.62,110000
11/08/1994,1.62,2.0,1.62,2.0,2.0,1100
12/08/1994,2.0,2.0,2.0,2.0,2.0,0
15/08/1994,2.25,2.25,1.88,1.88,1.88,4200
16/08/1994,2.25,2.25,2.25,2.25,2.25,100
17/08/1994,2.25,2.25,2.25,2.25,2.25,1100
18/08/1994,2.25,2.25,2.25,2.25,2.25,100
19/08/1994,2.25,2.25,2.25,2.25,2.25,0
22/08/1994,2.25,2.25,2.25,2.25,2.25,0
23/08/1994,2.25,2.25,2.25,2.25,2.25,500
24/08/1994,1.75,1.75,1.75,1.75,1.75,20000
25/08/1994,2.0,2.0,2.0,2.0,2.0,1500
26/08/1994,2.0,2.0,2.0,2.0,2.0,0
29/08/1994,2.25,2.25,2.25,2.25,2.25,400
30/08/1994,2.25,2.25,2.25,2.25,2.25,0
31/08/1994,2.25,2.25,2.25,2.25,2.25,0
01/09/1994,2.25,2.25,2.25,2.25,2.25,0
02/09/1994,2.25,2.25,2.0,2.25,2.25,11600
06/09/1994,2.25,2.25,2.25,2.25,2.25,0
07/09/1994,2.0,2.0,2.0,2.0,2.0,1000
08/09/1994,2.25,2.25,2.12,2.12,2.12,1700
09/09/1994,2.12,2.12,2.12,2.12,2.12,0
12/09/1994,2.12,2.12,2.12,2.12,2.12,0
13/09/1994,2.12,2.12,2.12,2.12,2.12,0
14/09/1994,2.25,2.25,2.12,2.12,2.12,1400
15/09/1994,2.25,2.25,2.0,2.12,2.12,3500
16/09/1994,2.12,2.12,2.12,2.12,2.12,0
19/09/1994,2.0,2.0,2.0,2.0,2.0,600
20/09/1994,2.06,2.06,1.75,2.0,2.0,31800
21/09/1994,2.12,2.25,2.12,2.25,2.25,1300
22/09/1994,1.88,1.88,1.88,1.88,1.88,51500
23/09/1994,1.88,1.88,1.75,1.75,1.75,60900
26/09/1994,1.75,1.75,1.75,1.75,1.75,0
27/09/1994,2.0,2.0,2.0,2.0,2.0,2000
28/09/1994,2.25,2.25,2.25,2.25,2.25,100
29/09/1994,2.25,2.25,2.25,2.25,2.25,0
30/09/1994,2.0,2.5,2.0,2.5,2.5,9400
03/10/1994,2.0,2.0,1.88,1.88,1.88,10000
04/10/1994,2.0,2.0,2.0,2.0,2.0,100
05/10/1994,2.0,2.0,2.0,2.0,2.0,0
06/10/1994,2.06,2.19,2.0,2.19,2.19,85500
07/10/1994,2.19,2.19,2.19,2.19,2.19,0
10/10/1994,2.19,2.19,2.19,2.19,2.19,0
11/10/1994,2.19,2.19,2.19,2.19,2.19,0
12/10/1994,2.19,2.19,2.19,2.19,2.19,0
13/10/1994,2.0,2.0,2.0,2.0,2.0,100
14/10/1994,2.0,2.0,2.0,2.0,2.0,0
17/10/1994,2.0,2.0,2.0,2.0,2.0,0
18/10/1994,2.25,2.75,2.25,2.75,2.75,40500
19/10/1994,2.25,3.0,2.25,3.0,3.0,3000
20/10/1994,2.75,2.75,2.75,2.75,2.75,1500
21/10/1994,3.0,3.0,3.0,3.0,3.0,100
24/10/1994,3.0,3.0,2.62,2.62,2.62,5200
25/10/1994,2.62,2.62,2.62,2.62,2.62,0
26/10/1994,2.62,2.62,2.62,2.62,2.62,0
27/10/1994,2.62,2.62,2.62,2.62,2.62,0
28/10/1994,2.38,2.75,2.38,2.62,2.62,30200
31/10/1994,2.62,2.62,2.62,2.62,2.62,0
01/11/1994,2.38,2.38,2.38,2.38,2.38,1000
02/11/1994,3.0,3.0,3.0,3.0,3.0,200
03/11/1994,2.75,2.75,2.75,2.75,2.75,1400
04/11/1994,2.75,2.75,2.75,2.75,2.75,0
07/11/1994,2.75,2.75,2.75,2.75,2.75,0
08/11/1994,2.75,2.75,2.75,2.75,2.75,0
09/11/1994,2.75,2.75,2.75,2.75,2.75,0
10/11/1994,2.5,3.12,2.5,3.12,3.12,3500
11/11/1994,3.12,3.12,3.12,3.12,3.12,200
14/11/1994,3.12,3.12,3.12,3.12,3.12,0
15/11/1994,3.12,3.12,3.12,3.12,3.12,0
16/11/1994,3.12,3.12,3.12,3.12,3.12,0
17/11/1994,3.12,3.12,3.12,3.12,3.12,0
18/11/1994,3.12,3.12,3.12,3.12,3.12,0
21/11/1994,3.12,3.12,3.12,3.12,3.12,0
22/11/1994,2.5,2.5,2.5,2.5,2.5,12800
23/11/1994,2.62,2.62,2.0,2.5,2.5,33800
25/11/1994,2.5,2.5,1.88,2.38,2.38,27600
28/11/1994,1.88,2.0,1.88,2.0,2.0,26000
29/11/1994,2.0,2.0,1.88,1.88,1.88,23000
30/11/1994,2.62,2.62,2.62,2.62,2.62,22000
01/12/1994,2.38,2.38,2.38,2.38,2.38,1000
02/12/1994,2.25,2.62,2.25,2.62,2.62,133800
05/12/1994,2.0,2.62,2.0,2.62,2.62,2400
06/12/1994,2.62,2.62,2.0,2.62,2.62,2600
07/12/1994,2.62,2.62,2.62,2.62,2.62,0
08/12/1994,2.62,2.62,2.62,2.62,2.62,0
09/12/1994,2.62,2.62,2.62,2.62,2.62,0
12/12/1994,2.25,2.62,2.12,2.62,2.62,21000
13/12/1994,2.0,2.62,2.0,2.62,2.62,1400
14/12/1994,2.62,2.62,2.62,2.62,2.62,0
15/12/1994,2.0,2.38,2.0,2.38,2.38,13800
16/12/1994,2.0,2.38,2.0,2.38,2.38,3600
19/12/1994,2.25,2.38,2.0,2.38,2.38,1300
20/12/1994,2.06,2.12,2.06,2.12,2.12,10800
21/12/1994,2.12,2.12,2.12,2.12,2.12,0
22/12/1994,2.06,2.5,1.88,2.5,2.5,25400
23/12/1994,2.06,2.5,2.06,2.5,2.5,2900
27/12/1994,2.06,2.5,2.06,2.5,2.5,2600
28/12/1994,2.06,2.5,2.06,2.5,2.5,1300
29/12/1994,2.06,2.5,2.06,2.5,2.5,13000
30/12/1994,2.62,3.0,2.5,3.0,3.0,38000
03/01/1995,2.62,2.62,2.5,2.5,2.5,9000
04/01/1995,2.25,2.5,2.06,2.25,2.25,14500
05/01/1995,2.0,2.25,1.88,2.25,2.25,19000
06/01/1995,2.5,2.5,2.5,2.5,2.5,1000
09/01/1995,2.5,2.5,2.5,2.5,2.5,1000
10/01/1995,2.19,2.25,2.0,2.25,2.25,152000
11/01/1995,2.25,2.25,2.25,2.25,2.25,0
12/01/1995,2.25,2.25,2.25,2.25,2.25,0
13/01/1995,2.25,2.25,2.25,2.25,2.25,0
16/01/1995,2.5,2.5,2.5,2.5,2.5,800
17/01/1995,2.38,2.5,2.0,2.5,2.5,36100
18/01/1995,3.12,3.38,2.75,3.38,3.38,153800
19/01/1995,3.5,3.62,3.25,3.62,3.62,243800
20/01/1995,3.62,3.62,2.75,3.12,3.12,119100
23/01/1995,3.12,3.25,2.75,3.25,3.25,149200
24/01/1995,3.25,4.25,3.12,3.62,3.62,88000
25/01/1995,4.0,4.38,3.88,4.0,4.0,54200
26/01/1995,4.12,4.25,4.0,4.25,4.25,42200
27/01/1995,4.25,4.25,4.0,4.25,4.25,6400
30/01/1995,4.25,4.25,3.75,4.12,4.12,80900
31/01/1995,4.12,4.12,3.75,4.12,4.12,10300
01/02/1995,4.12,4.12,3.38,3.75,3.75,29800
02/02/1995,3.62,3.62,3.0,3.12,3.12,119200
03/02/1995,3.12,3.62,3.12,3.62,3.62,11700
06/02/1995,4.0,4.0,3.5,4.0,4.0,21800
07/02/1995,4.0,4.12,3.88,4.12,4.12,34100
08/02/1995,4.12,4.12,3.88,4.12,4.12,42700
09/02/1995,4.12,4.12,4.0,4.12,4.12,16500
10/02/1995,4.12,4.12,3.62,4.12,4.12,28200
13/02/1995,4.12,4.25,3.62,4.0,4.0,41400
14/02/1995,4.25,4.25,3.62,4.25,4.25,5800
15/02/1995,4.25,4.25,3.62,4.25,4.25,11100
16/02/1995,4.25,4.25,3.75,4.12,4.12,17600
17/02/1995,3.62,4.25,3.62,4.25,4.25,7100
21/02/1995,3.62,4.25,3.5,3.5,3.5,15000
22/02/1995,4.12,4.12,3.5,4.0,4.0,4300
23/02/1995,4.12,4.25,3.88,4.25,4.25,25000
24/02/1995,4.0,4.25,3.75,4.12,4.12,4600
27/02/1995,4.25,4.25,3.75,4.0,4.0,3500
28/02/1995,4.12,4.12,3.75,4.12,4.12,10600
01/03/1995,4.0,4.25,3.88,4.12,4.12,19300
02/03/1995,4.12,4.12,3.88,4.0,4.0,7100
03/03/1995,4.0,4.12,3.75,4.12,4.12,21500
06/03/1995,4.12,4.12,3.88,3.88,3.88,29800
07/03/1995,4.12,4.12,3.88,4.12,4.12,4700
08/03/1995,4.12,4.12,3.62,3.62,3.62,2100
09/03/1995,4.12,4.12,3.62,3.75,3.75,1300
10/03/1995,3.62,4.12,3.62,4.12,4.12,4200
13/03/1995,4.12,4.12,3.62,3.88,3.88,5900
14/03/1995,3.5,4.0,3.38,4.0,4.0,33100
15/03/1995,3.88,3.88,3.38,3.88,3.88,4000
16/03/1995,3.88,3.88,3.38,3.62,3.62,2600
17/03/1995,3.38,3.88,3.38,3.38,3.38,3300
20/03/1995,3.38,3.88,3.38,3.5,3.5,5100
21/03/1995,3.88,3.88,3.38,3.88,3.88,2500
22/03/1995,3.88,3.88,3.38,3.88,3.88,14500
23/03/1995,3.38,3.88,3.38,3.5,3.5,3300
24/03/1995,3.38,3.88,3.38,3.5,3.5,3900
27/03/1995,3.88,3.88,3.38,3.38,3.38,2600
28/03/1995,3.88,3.88,3.38,3.62,3.62,5400
29/03/1995,3.38,3.88,3.38,3.88,3.88,7200
30/03/1995,3.38,3.88,3.38,3.88,3.88,5200
31/03/1995,3.88,3.88,3.25,3.62,3.62,5200
03/04/1995,3.25,3.5,3.12,3.25,3.25,5500
04/04/1995,3.12,3.5,3.12,3.5,3.5,3500
05/04/1995,3.25,3.5,3.25,3.5,3.5,5500
06/04/1995,3.5,3.75,3.38,3.38,3.38,2700
07/04/1995,3.38,3.75,3.38,3.5,3.5,3900
10/04/1995,3.38,3.75,3.38,3.75,3.75,1000
11/04/1995,3.38,3.75,3.38,3.38,3.38,5700
12/04/1995,3.38,3.38,3.38,3.38,3.38,3200
13/04/1995,3.38,3.75,3.38,3.38,3.38,6100
17/04/1995,3.75,3.75,3.38,3.38,3.38,1100
18/04/1995,3.5,3.5,3.12,3.5,3.5,6200
19/04/1995,3.5,3.5,3.5,3.5,3.5,0
20/04/1995,2.88,4.0,2.88,3.5,3.5,12900
21/04/1995,4.0,4.0,3.62,3.75,3.75,7300
24/04/1995,4.0,4.0,3.62,3.75,3.75,2300
25/04/1995,4.0,4.0,3.5,3.62,3.62,17700
26/04/1995,4.0,4.0,3.5,3.5,3.5,3200
27/04/1995,3.5,4.0,3.5,3.62,3.62,2200
28/04/1995,3.5,4.0,3.5,3.75,3.75,1900
01/05/1995,3.5,4.0,3.5,3.5,3.5,2700
02/05/1995,3.5,4.0,3.25,3.25,3.25,35600
03/05/1995,3.0,3.5,3.0,3.25,3.25,9800
04/05/1995,3.0,3.12,3.0,3.12,3.12,6000
05/05/1995,2.75,3.38,2.75,3.12,3.12,1400
08/05/1995,3.38,3.38,2.75,3.38,3.38,1800
09/05/1995,2.75,3.25,2.75,3.12,3.12,4900
10/05/1995,3.38,3.38,3.38,3.38,3.38,200
11/05/1995,3.0,3.5,3.0,3.38,3.38,6700
12/05/1995,3.38,3.38,3.0,3.0,3.0,10000
15/05/1995,2.88,2.88,2.75,2.88,2.88,600
16/05/1995,2.75,2.88,2.75,2.88,2.88,1400
17/05/1995,2.75,3.38,2.75,3.38,3.38,2800
18/05/1995,3.38,3.38,2.75,3.38,3.38,5200
19/05/1995,3.38,3.38,3.0,3.0,3.0,4300
22/05/1995,3.38,3.38,3.0,3.0,3.0,5000
23/05/1995,2.88,3.12,2.75,2.88,2.88,3700
24/05/1995,2.75,3.0,2.62,3.0,3.0,24100
25/05/1995,2.88,3.25,2.88,3.25,3.25,1000
26/05/1995,2.88,2.88,2.88,2.88,2.88,100
30/05/1995,2.88,3.25,2.62,2.88,2.88,9900
31/05/1995,3.12,3.12,2.62,2.75,2.75,3500
01/06/1995,3.12,3.12,3.12,3.12,3.12,1300
02/06/1995,3.12,3.12,3.12,3.12,3.12,0
05/06/1995,2.75,3.12,2.75,3.12,3.12,900
06/06/1995,2.75,3.12,2.75,3.12,3.12,1800
07/06/1995,2.62,3.38,2.62,3.38,3.38,30900
08/06/1995,3.0,3.38,3.0,3.38,3.38,20100
09/06/1995,3.0,3.38,3.0,3.12,3.12,20200
12/06/1995,3.12,3.38,3.0,3.0,3.0,6700
13/06/1995,3.0,3.38,3.0,3.12,3.12,8200
14/06/1995,3.12,3.12,3.12,3.12,3.12,0
15/06/1995,3.38,3.38,3.0,3.0,3.0,1000
16/06/1995,3.0,3.0,3.0,3.0,3.0,500
19/06/1995,3.38,3.88,3.12,3.88,3.88,86800
20/06/1995,4.0,4.0,3.38,3.88,3.88,19200
21/06/1995,3.88,3.88,3.25,3.75,3.75,32600
22/06/1995,3.88,3.88,3.25,3.38,3.38,1500
23/06/1995,3.88,3.88,3.5,3.75,3.75,5000
26/06/1995,3.88,3.88,3.62,3.62,3.62,2400
27/06/1995,3.25,3.88,3.25,3.88,3.88,2000
28/06/1995,3.88,3.88,3.88,3.88,3.88,1400
29/06/1995,3.88,3.88,3.88,3.88,3.88,0
30/06/1995,3.25,3.88,3.25,3.88,3.88,16400
03/07/1995,3.88,3.88,3.88,3.88,3.88,1000
05/07/1995,3.38,4.0,3.38,4.0,4.0,218700
06/07/1995,3.5,3.75,3.5,3.5,3.5,3100
07/07/1995,3.75,3.75,3.25,3.62,3.62,4800
10/07/1995,3.25,3.75,3.25,3.25,3.25,5900
11/07/1995,3.75,3.75,3.62,3.75,3.75,1400
12/07/1995,3.75,3.75,3.25,3.25,3.25,700
13/07/1995,3.75,3.75,3.25,3.25,3.25,1500
14/07/1995,3.25,3.75,3.25,3.25,3.25,5600
17/07/1995,3.25,3.5,3.25,3.25,3.25,4100
18/07/1995,3.25,3.5,3.25,3.25,3.25,4400
19/07/1995,3.25,3.5,3.0,3.38,3.38,17500
20/07/1995,3.38,3.38,3.25,3.25,3.25,6100
21/07/1995,2.75,3.25,2.75,3.0,3.0,5300
24/07/1995,2.75,3.0,2.75,3.0,3.0,600
25/07/1995,3.25,3.25,3.25,3.25,3.25,17500
26/07/1995,3.0,3.0,2.75,3.0,3.0,4600
27/07/1995,3.03,3.03,3.03,3.03,3.03,300
28/07/1995,3.25,3.25,3.0,3.25,3.25,21900
31/07/1995,3.25,3.25,2.75,2.88,2.88,500
01/08/1995,3.25,3.25,2.75,2.88,2.88,1800
02/08/1995,3.12,3.38,3.12,3.38,3.38,1300
03/08/1995,2.75,2.75,2.75,2.75,2.75,500
04/08/1995,2.75,3.38,2.75,3.38,3.38,800
07/08/1995,2.88,2.88,2.88,2.88,2.88,1000
08/08/1995,2.88,2.88,2.88,2.88,2.88,0
09/08/1995,3.38,3.38,3.0,3.12,3.12,2400
10/08/1995,2.88,3.0,2.88,3.0,3.0,1000
11/08/1995,2.88,3.12,2.88,3.0,3.0,6100
14/08/1995,2.88,3.38,2.88,2.88,2.88,1000
15/08/1995,2.88,2.88,2.88,2.88,2.88,200
16/08/1995,3.38,3.38,2.88,2.88,2.88,1400
17/08/1995,2.88,2.88,2.88,2.88,2.88,5100
18/08/1995,2.88,2.88,2.88,2.88,2.88,1000
21/08/1995,3.38,3.38,3.38,3.38,3.38,800
22/08/1995,2.88,2.88,2.88,2.88,2.88,200
23/08/1995,2.88,2.88,2.88,2.88,2.88,200
24/08/1995,2.88,3.38,2.88,3.0,3.0,2400
25/08/1995,2.88,3.25,2.88,3.25,3.25,2000
28/08/1995,2.88,3.0,2.88,3.0,3.0,4800
29/08/1995,3.0,3.0,3.0,3.0,3.0,0
30/08/1995,2.88,2.88,2.88,2.88,2.88,200
31/08/1995,2.88,2.88,2.88,2.88,2.88,200
01/09/1995,2.88,2.94,2.88,2.94,2.94,1800
05/09/1995,3.38,3.38,3.12,3.38,3.38,1400
06/09/1995,2.88,3.0,2.88,2.88,2.88,12000
07/09/1995,3.38,3.38,2.88,2.88,2.88,7100
08/09/1995,3.25,3.25,3.0,3.25,3.25,7100
11/09/1995,3.25,3.25,2.88,3.0,3.0,1900
12/09/1995,3.25,3.25,2.88,3.12,3.12,600
13/09/1995,2.88,3.12,2.88,3.0,3.0,4500
14/09/1995,2.88,3.38,2.88,3.12,3.12,2500
15/09/1995,2.88,2.88,2.88,2.88,2.88,1000
18/09/1995,2.88,3.38,2.88,3.38,3.38,1200
19/09/1995,3.0,3.25,3.0,3.25,3.25,19400
20/09/1995,3.12,3.12,3.12,3.12,3.12,1700
21/09/1995,2.88,3.12,2.88,2.88,2.88,5200
22/09/1995,2.62,3.12,2.62,3.12,3.12,1200
25/09/1995,2.62,2.88,2.62,2.88,2.88,2200
26/09/1995,3.0,3.0,2.88,3.0,3.0,14300
27/09/1995,2.5,2.94,2.5,2.75,2.75,800
28/09/1995,3.0,3.0,2.62,2.75,2.75,4100
29/09/1995,2.5,2.75,2.5,2.62,2.62,31300
02/10/1995,3.0,3.0,3.0,3.0,3.0,100
03/10/1995,2.62,2.88,2.62,2.88,2.88,10700
04/10/1995,2.62,2.88,2.62,2.62,2.62,12600
05/10/1995,2.62,3.0,2.62,2.62,2.62,13400
06/10/1995,3.0,3.0,2.62,3.0,3.0,13400
09/10/1995,2.62,3.0,2.62,2.62,2.62,22200
10/10/1995,2.62,2.62,2.62,2.62,2.62,34300
11/10/1995,3.0,3.0,3.0,3.0,3.0,500
12/10/1995,2.62,2.62,2.62,2.62,2.62,1200
13/10/1995,2.62,3.0,2.62,2.62,2.62,8700
16/10/1995,2.62,2.88,2.62,2.75,2.75,4200
17/10/1995,2.88,2.88,2.62,2.62,2.62,4100
18/10/1995,2.75,2.88,2.75,2.88,2.88,13000
19/10/1995,2.62,3.0,2.62,2.88,2.88,2200
20/10/1995,2.62,3.0,2.62,2.88,2.88,2800
23/10/1995,2.88,3.38,2.88,2.88,2.88,9400
24/10/1995,2.88,3.38,2.88,2.88,2.88,4900
25/10/1995,2.88,3.0,2.75,3.0,3.0,9000
26/10/1995,3.0,3.0,3.0,3.0,3.0,0
27/10/1995,3.0,3.0,3.0,3.0,3.0,0
30/10/1995,2.75,3.06,2.75,2.75,2.75,194700
31/10/1995,2.88,2.88,2.88,2.88,2.88,1000
01/11/1995,3.12,3.25,3.12,3.12,3.12,5000
02/11/1995,2.88,3.12,2.88,3.12,3.12,7100
03/11/1995,2.88,2.88,2.88,2.88,2.88,200
06/11/1995,2.88,2.88,2.88,2.88,2.88,2000
07/11/1995,2.88,3.0,2.75,2.88,2.88,13600
08/11/1995,2.88,3.0,2.88,3.0,3.0,1100
09/11/1995,2.88,3.0,2.88,2.88,2.88,2600
10/11/1995,2.88,3.38,2.88,3.38,3.38,1100
13/11/1995,3.0,3.0,3.0,3.0,3.0,1100
14/11/1995,3.0,3.38,3.0,3.38,3.38,7800
15/11/1995,3.0,3.19,3.0,3.0,3.0,4000
16/11/1995,3.0,3.38,3.0,3.12,3.12,4600
17/11/1995,3.0,3.19,3.0,3.12,3.12,3000
20/11/1995,3.12,3.25,3.12,3.25,3.25,4100
21/11/1995,3.12,3.5,3.0,3.0,3.0,3800
22/11/1995,3.0,3.19,3.0,3.19,3.19,7000
24/11/1995,3.0,3.25,3.0,3.25,3.25,1000
27/11/1995,3.0,3.0,3.0,3.0,3.0,500
28/11/1995,3.25,3.25,3.0,3.0,3.0,5000
29/11/1995,3.0,3.12,3.0,3.12,3.12,500
30/11/1995,3.12,3.12,3.12,3.12,3.12,1100
01/12/1995,3.5,3.5,3.12,3.12,3.12,8600
04/12/1995,3.12,3.19,3.12,3.12,3.12,5100
05/12/1995,3.0,3.38,3.0,3.25,3.25,5000
06/12/1995,3.0,3.62,3.0,3.5,3.5,5200
07/12/1995,3.0,3.0,3.0,3.0,3.0,1900
08/12/1995,3.0,3.5,3.0,3.25,3.25,3000
11/12/1995,3.62,3.62,3.0,3.0,3.0,3600
12/12/1995,3.38,3.38,3.0,3.0,3.0,600
13/12/1995,3.0,3.12,3.0,3.12,3.12,1700
14/12/1995,3.12,3.12,3.12,3.12,3.12,700
15/12/1995,3.12,3.12,3.12,3.12,3.12,2600
18/12/1995,3.12,3.5,3.0,3.38,3.38,43000
19/12/1995,3.5,3.5,3.25,3.5,3.5,29500
20/12/1995,3.38,3.62,3.38,3.62,3.62,15400
21/12/1995,3.75,3.75,3.69,3.7,3.7,51000
22/12/1995,3.7,3.7,3.7,3.7,3.7,0
26/12/1995,3.5,3.75,3.5,3.62,3.62,3300
27/12/1995,3.5,3.5,3.5,3.5,3.5,1100
28/12/1995,3.5,4.0,3.5,4.0,4.0,86600
29/12/1995,4.0,4.0,4.0,4.0,4.0,59600
02/01/1996,4.0,4.12,4.0,4.12,4.12,3500
03/01/1996,4.5,4.5,4.0,4.0,4.0,2200
04/01/1996,4.12,4.38,4.0,4.0,4.0,29300
05/01/1996,4.5,4.5,4.25,4.25,4.25,400
08/01/1996,4.25,4.25,4.25,4.25,4.25,0
09/01/1996,4.0,4.25,4.0,4.25,4.25,18700
10/01/1996,4.0,4.25,3.62,3.88,3.88,10400
11/01/1996,3.88,4.0,3.75,3.75,3.75,5800
12/01/1996,3.62,3.62,3.62,3.62,3.62,200
15/01/1996,3.62,3.88,3.62,3.75,3.75,4200
16/01/1996,4.0,4.0,4.0,4.0,4.0,1000
17/01/1996,4.25,4.25,3.62,3.62,3.62,400
18/01/1996,3.62,3.75,3.38,3.44,3.44,22200
19/01/1996,3.38,3.75,3.38,3.75,3.75,4400
22/01/1996,3.38,3.5,3.38,3.5,3.5,2200
23/01/1996,3.5,3.5,3.5,3.5,3.5,800
24/01/1996,3.5,4.0,3.25,3.75,3.75,22000
25/01/1996,3.5,3.88,3.5,3.5,3.5,2400
26/01/1996,3.75,3.75,3.5,3.5,3.5,700
29/01/1996,3.38,3.38,3.38,3.38,3.38,600
30/01/1996,3.5,3.5,3.5,3.5,3.5,2500
31/01/1996,3.62,3.88,3.5,3.5,3.5,2800
01/02/1996,3.5,3.88,3.5,3.75,3.75,1300
02/02/1996,3.5,4.0,3.5,4.0,4.0,1600
05/02/1996,3.5,3.75,3.5,3.5,3.5,3500
06/02/1996,3.5,3.5,3.0,3.5,3.5,9300
07/02/1996,3.0,3.12,3.0,3.06,3.06,2900
08/02/1996,3.25,3.88,3.25,3.38,3.38,2100
09/02/1996,3.38,3.38,3.38,3.38,3.38,6000
12/02/1996,3.5,3.5,3.5,3.5,3.5,400
13/02/1996,3.5,3.5,3.25,3.25,3.25,4300
14/02/1996,3.25,3.25,2.75,2.75,2.75,3000
15/02/1996,3.0,3.0,3.0,3.0,3.0,500
16/02/1996,3.0,3.0,3.0,3.0,3.0,0
20/02/1996,3.38,3.38,3.19,3.19,3.19,2300
21/02/1996,3.0,3.0,3.0,3.0,3.0,700
22/02/1996,3.38,3.38,3.0,3.12,3.12,12000
23/02/1996,3.75,3.75,3.25,3.25,3.25,2800
26/02/1996,3.25,3.5,3.12,3.5,3.5,4100
27/02/1996,3.25,3.62,3.12,3.12,3.12,7200
28/02/1996,3.12,3.73,3.06,3.19,3.19,188700
29/02/1996,3.5,3.5,3.12,3.5,3.5,213400
01/03/1996,3.5,3.5,3.48,3.5,3.5,1400
04/03/1996,3.5,3.5,3.25,3.25,3.25,400
05/03/1996,3.5,3.88,3.5,3.5,3.5,28600
06/03/1996,3.5,3.88,3.5,3.88,3.88,10100
07/03/1996,3.5,3.62,3.5,3.62,3.62,15800
08/03/1996,3.75,3.75,3.38,3.5,3.5,7000
11/03/1996,3.75,3.75,3.38,3.38,3.38,4400
12/03/1996,3.62,3.75,3.62,3.75,3.75,1100
13/03/1996,3.62,3.62,3.5,3.5,3.5,11200
14/03/1996,3.5,3.5,3.38,3.5,3.5,4900
15/03/1996,3.5,3.5,3.5,3.5,3.5,0
18/03/1996,3.38,3.75,3.38,3.62,3.62,6400
19/03/1996,3.62,3.62,3.62,3.62,3.62,500
20/03/1996,3.5,3.5,3.38,3.38,3.38,5500
21/03/1996,3.38,3.38,3.38,3.38,3.38,0
22/03/1996,3.38,3.38,3.38,3.38,3.38,1600
25/03/1996,3.38,3.62,3.38,3.5,3.5,2700
26/03/1996,3.38,3.62,3.38,3.38,3.38,4100
27/03/1996,3.62,3.62,3.62,3.62,3.62,300
28/03/1996,3.62,3.62,3.38,3.39,3.39,4100
29/03/1996,3.75,3.75,3.75,3.75,3.75,600
01/04/1996,3.38,3.38,3.38,3.38,3.38,900
02/04/1996,3.38,3.38,3.38,3.38,3.38,0
03/04/1996,3.38,3.5,3.38,3.5,3.5,1100
04/04/1996,3.75,3.75,3.38,3.38,3.38,1000
08/04/1996,3.38,3.75,3.12,3.12,3.12,11400
09/04/1996,3.27,3.73,3.25,3.62,3.62,4900
10/04/1996,3.75,3.75,3.75,3.75,3.75,300
11/04/1996,3.75,3.75,3.5,3.62,3.62,11600
12/04/1996,3.5,3.5,3.5,3.5,3.5,200
15/04/1996,3.5,3.62,3.5,3.5,3.5,1600
16/04/1996,3.5,3.5,3.5,3.5,3.5,3000
17/04/1996,3.5,3.75,3.5,3.75,3.75,2500
18/04/1996,3.25,3.62,3.25,3.5,3.5,110700
19/04/1996,3.75,3.75,3.75,3.75,3.75,200
22/04/1996,3.5,3.75,3.5,3.73,3.73,6300
23/04/1996,3.75,3.75,3.38,3.75,3.75,8200
24/04/1996,3.88,4.0,3.62,4.0,4.0,39200
25/04/1996,3.62,4.12,3.62,4.0,4.0,42800
26/04/1996,4.12,4.62,4.0,4.56,4.56,128600
29/04/1996,4.62,5.75,4.5,5.75,5.75,118800
30/04/1996,5.38,6.25,5.38,6.0,6.0,150400
01/05/1996,6.12,6.62,5.5,6.62,6.62,160400
02/05/1996,6.0,6.75,5.5,5.5,5.5,46200
03/05/1996,5.5,6.0,5.5,5.75,5.75,11700
06/05/1996,5.75,5.75,5.25,5.75,5.75,13400
07/05/1996,5.75,5.75,5.12,5.38,5.38,17500
08/05/1996,4.88,5.25,4.88,5.25,5.25,2800
09/05/1996,4.88,5.38,4.12,5.0,5.0,279100
10/05/1996,4.88,5.62,4.88,5.12,5.12,17500
13/05/1996,5.12,6.12,4.88,5.62,5.62,75900
14/05/1996,5.0,5.62,5.0,5.5,5.5,17600
15/05/1996,5.75,5.75,5.5,5.75,5.75,5800
16/05/1996,5.75,5.75,5.38,5.62,5.62,10500
17/05/1996,5.75,5.75,5.25,5.75,5.75,3200
20/05/1996,5.75,6.0,5.5,6.0,6.0,10900
21/05/1996,6.0,6.0,5.5,5.5,5.5,12700
22/05/1996,5.5,6.0,5.5,6.0,6.0,7200
23/05/1996,6.0,6.0,5.5,5.5,5.5,4200
24/05/1996,6.0,6.0,5.25,5.38,5.38,17800
28/05/1996,5.62,5.62,5.5,5.5,5.5,7000
29/05/1996,5.62,5.62,5.25,5.25,5.25,2400
30/05/1996,6.12,6.12,5.88,6.0,6.0,8300
31/05/1996,5.5,6.12,5.5,5.75,5.75,8400
03/06/1996,5.88,6.0,5.5,5.5,5.5,2400
04/06/1996,5.5,5.88,5.38,5.38,5.38,14200
05/06/1996,5.38,5.75,5.38,5.39,5.39,3100
06/06/1996,5.25,6.0,4.88,6.0,6.0,86800
07/06/1996,6.0,6.12,5.88,6.12,6.12,25600
10/06/1996,6.12,6.12,5.5,5.62,5.62,7800
11/06/1996,5.62,5.62,5.62,5.62,5.62,0
12/06/1996,5.62,5.69,5.38,5.38,5.38,4000
13/06/1996,5.5,5.5,5.5,5.5,5.5,100
14/06/1996,5.5,5.5,5.5,5.5,5.5,500
17/06/1996,5.62,5.62,5.62,5.62,5.62,3000
18/06/1996,5.62,6.0,5.38,5.62,5.62,2900
19/06/1996,5.39,5.88,5.39,5.62,5.62,22900
20/06/1996,5.38,5.5,5.38,5.5,5.5,4400
21/06/1996,5.38,5.88,5.38,5.88,5.88,2100
24/06/1996,5.88,5.88,5.5,5.75,5.75,19700
25/06/1996,5.88,5.88,5.62,5.88,5.88,7200
26/06/1996,6.0,6.0,5.62,5.62,5.62,5800
27/06/1996,5.62,5.62,5.62,5.62,5.62,2000
28/06/1996,6.12,6.12,5.62,6.12,6.12,6100
01/07/1996,5.62,5.62,5.62,5.62,5.62,1200
02/07/1996,6.12,6.12,5.62,5.62,5.62,700
03/07/1996,5.75,6.12,5.75,6.0,6.0,48600
05/07/1996,6.12,6.12,5.88,5.88,5.88,23500
08/07/1996,6.12,6.12,5.88,6.0,6.0,2100
09/07/1996,5.88,6.0,5.88,6.0,6.0,2100
10/07/1996,6.12,6.12,5.88,5.88,5.88,2900
11/07/1996,5.88,6.0,5.88,6.0,6.0,12000
12/07/1996,5.88,6.12,5.88,6.0,6.0,7300
15/07/1996,6.12,6.12,5.88,5.88,5.88,21300
16/07/1996,5.75,6.0,5.38,5.5,5.5,10400
17/07/1996,5.38,5.5,5.38,5.5,5.5,1600
18/07/1996,5.5,5.5,5.5,5.5,5.5,0
19/07/1996,5.5,6.0,5.5,5.75,5.75,8400
22/07/1996,5.75,6.12,5.75,6.0,6.0,14800
23/07/1996,6.0,6.0,5.75,6.0,6.0,3300
24/07/1996,5.25,6.0,5.25,6.0,6.0,13300
25/07/1996,5.38,5.38,5.38,5.38,5.38,400
26/07/1996,5.62,5.62,5.62,5.62,5.62,4500
29/07/1996,6.0,6.0,5.38,5.75,5.75,16500
30/07/1996,5.38,5.38,5.38,5.38,5.38,1000
31/07/1996,5.38,5.38,5.38,5.38,5.38,0
01/08/1996,5.39,5.5,5.12,5.5,5.5,5000
02/08/1996,5.25,5.25,5.25,5.25,5.25,300
05/08/1996,5.75,5.75,5.12,5.38,5.38,1400
06/08/1996,5.38,5.38,5.38,5.38,5.38,0
07/08/1996,5.12,5.38,5.12,5.38,5.38,800
08/08/1996,5.12,5.5,5.12,5.5,5.5,2200
09/08/1996,5.5,5.5,5.5,5.5,5.5,100
12/08/1996,5.0,5.12,5.0,5.12,5.12,4000
13/08/1996,5.0,5.5,5.0,5.0,5.0,900
14/08/1996,5.0,5.0,5.0,5.0,5.0,0
15/08/1996,5.0,5.0,5.0,5.0,5.0,0
16/08/1996,5.0,5.0,5.0,5.0,5.0,1400
19/08/1996,5.0,5.0,5.0,5.0,5.0,2600
20/08/1996,5.0,5.12,5.0,5.12,5.12,2000
21/08/1996,5.12,5.38,5.12,5.38,5.38,2100
22/08/1996,5.38,5.38,5.38,5.38,5.38,0
23/08/1996,5.0,5.0,5.0,5.0,5.0,1600
26/08/1996,5.0,5.25,5.0,5.19,5.19,5000
27/08/1996,5.19,5.19,5.19,5.19,5.19,0
28/08/1996,5.19,5.19,5.19,5.19,5.19,0
29/08/1996,5.0,5.19,4.75,4.75,4.75,12200
30/08/1996,5.0,5.0,5.0,5.0,5.0,1700
03/09/1996,5.0,5.12,4.0,5.0,5.0,36600
04/09/1996,4.75,4.75,4.75,4.75,4.75,1000
05/09/1996,4.75,4.75,4.75,4.75,4.75,1800
06/09/1996,5.25,5.25,5.12,5.12,5.12,6000
09/09/1996,5.12,5.5,5.12,5.5,5.5,7900
10/09/1996,5.5,5.75,5.5,5.5,5.5,4000
11/09/1996,5.5,6.0,5.5,6.0,6.0,10900
12/09/1996,5.5,5.5,5.5,5.5,5.5,5100
13/09/1996,5.25,5.5,5.25,5.25,5.25,7500
16/09/1996,5.25,5.25,5.25,5.25,5.25,2100
17/09/1996,5.25,5.25,5.25,5.25,5.25,2400
18/09/1996,5.75,5.75,5.25,5.25,5.25,1200
19/09/1996,5.75,5.75,5.75,5.75,5.75,500
20/09/1996,5.25,5.38,5.25,5.38,5.38,5100
23/09/1996,5.25,5.25,5.25,5.25,5.25,500
24/09/1996,5.25,5.25,5.25,5.25,5.25,100
25/09/1996,5.25,5.38,5.25,5.38,5.38,8600
26/09/1996,5.75,5.75,5.25,5.25,5.25,1800
27/09/1996,5.25,5.25,5.25,5.25,5.25,0
30/09/1996,5.38,6.12,5.38,6.12,6.12,39000
01/10/1996,5.75,6.25,5.75,6.12,6.12,70600
02/10/1996,6.0,6.25,5.62,5.62,5.62,28600
03/10/1996,5.62,5.62,5.62,5.62,5.62,0
04/10/1996,5.62,6.25,5.62,6.25,6.25,10700
07/10/1996,6.0,6.38,5.88,6.0,6.0,65100
08/10/1996,6.12,6.25,6.0,6.25,6.25,75000
09/10/1996,6.0,6.12,6.0,6.12,6.12,7300
10/10/1996,6.12,6.12,6.12,6.12,6.12,0
11/10/1996,6.12,6.12,6.12,6.12,6.12,0
14/10/1996,6.0,6.0,5.5,5.75,5.75,2500
15/10/1996,6.0,6.0,5.62,5.75,5.75,5400
16/10/1996,5.75,5.75,5.75,5.75,5.75,700
17/10/1996,5.75,6.12,5.75,6.12,6.12,3200
18/10/1996,5.88,5.88,5.88,5.88,5.88,1400
21/10/1996,5.88,6.0,5.38,5.38,5.38,36200
22/10/1996,5.88,6.0,5.38,5.5,5.5,17600
23/10/1996,5.56,5.56,5.56,5.56,5.56,10000
24/10/1996,5.38,5.38,5.38,5.38,5.38,500
25/10/1996,5.38,5.38,5.25,5.25,5.25,3000
28/10/1996,5.25,5.25,5.25,5.25,5.25,1600
29/10/1996,5.38,5.38,5.25,5.38,5.38,1600
30/10/1996,5.38,5.38,5.38,5.38,5.38,0
31/10/1996,5.12,5.12,5.12,5.12,5.12,300
01/11/1996,5.12,5.12,5.12,5.12,5.12,0
04/11/1996,5.12,5.12,5.12,5.12,5.12,1400
05/11/1996,5.12,5.75,5.12,5.12,5.12,4500
06/11/1996,5.25,5.62,5.25,5.5,5.5,1300
07/11/1996,5.5,5.5,5.0,5.25,5.25,9000
08/11/1996,5.25,5.25,5.12,5.25,5.25,3600
11/11/1996,5.25,5.5,5.25,5.25,5.25,2100
12/11/1996,5.25,5.25,5.25,5.25,5.25,400
13/11/1996,5.0,5.25,4.88,5.25,5.25,12000
14/11/1996,5.25,5.25,5.25,5.25,5.25,0
15/11/1996,4.88,4.88,4.88,4.88,4.88,2000
18/11/1996,5.06,5.06,4.75,4.75,4.75,13300
19/11/1996,4.88,4.88,4.38,4.75,4.75,1100
20/11/1996,4.88,4.88,4.75,4.75,4.75,800
21/11/1996,4.88,4.88,4.38,4.38,4.38,800
22/11/1996,4.88,4.88,4.5,4.5,4.5,300
25/11/1996,4.88,5.0,4.38,5.0,5.0,7700
26/11/1996,5.12,5.12,5.12,5.12,5.12,600
27/11/1996,5.12,5.12,5.12,5.12,5.12,4800
29/11/1996,5.12,5.12,5.12,5.12,5.12,0
02/12/1996,5.25,5.25,4.75,4.75,4.75,15900
03/12/1996,4.75,4.75,4.75,4.75,4.75,0
04/12/1996,5.12,5.12,4.75,4.88,4.88,7400
05/12/1996,4.75,4.75,4.75,4.75,4.75,2100
06/12/1996,4.75,4.75,4.75,4.75,4.75,200
09/12/1996,4.75,4.75,4.75,4.75,4.75,0
10/12/1996,4.75,5.0,4.75,4.88,4.88,6100
11/12/1996,4.75,4.75,4.75,4.75,4.75,1600
12/12/1996,4.75,4.88,4.75,4.88,4.88,2100
13/12/1996,4.88,4.88,4.88,4.88,4.88,0
16/12/1996,4.75,4.75,4.75,4.75,4.75,200
17/12/1996,4.75,4.88,4.75,4.88,4.88,400
18/12/1996,4.75,5.0,4.75,4.75,4.75,37600
19/12/1996,4.75,4.75,4.75,4.75,4.75,400
20/12/1996,4.75,4.8,4.75,4.75,4.75,2000
23/12/1996,4.88,4.88,4.75,4.88,4.88,1600
24/12/1996,4.88,4.88,4.88,4.88,4.88,0
26/12/1996,4.75,4.75,4.75,4.75,4.75,4700
27/12/1996,4.75,4.88,4.75,4.75,4.75,9500
30/12/1996,4.75,5.0,4.75,5.0,5.0,1000
31/12/1996,4.75,5.12,4.75,5.12,5.12,6300
02/01/1997,5.12,5.12,5.12,5.12,5.12,0
03/01/1997,5.12,5.12,4.75,4.75,4.75,3000
06/01/1997,4.88,4.88,4.62,4.62,4.62,10700
07/01/1997,4.62,5.0,4.62,5.0,5.0,5800
08/01/1997,5.0,5.0,5.0,5.0,5.0,600
09/01/1997,4.62,4.62,4.62,4.62,4.62,1000
10/01/1997,4.62,4.81,4.62,4.81,4.81,6200
13/01/1997,4.75,4.75,4.75,4.75,4.75,400
14/01/1997,4.88,5.0,4.88,5.0,5.0,700
15/01/1997,4.88,5.0,4.88,5.0,5.0,1700
16/01/1997,5.0,5.0,5.0,5.0,5.0,1000
17/01/1997,5.19,5.19,4.75,4.75,4.75,5200
20/01/1997,4.75,4.75,4.75,4.75,4.75,300
21/01/1997,5.25,5.25,4.75,4.75,4.75,9000
22/01/1997,4.75,4.75,4.75,4.75,4.75,4400
23/01/1997,4.75,4.81,4.5,4.81,4.81,7300
24/01/1997,4.25,4.38,4.25,4.25,4.25,13200
27/01/1997,4.25,4.5,3.5,4.25,4.25,10100
28/01/1997,4.5,4.5,4.5,4.5,4.5,5100
29/01/1997,5.0,6.0,5.0,5.0,5.0,30300
30/01/1997,5.0,5.75,5.0,5.38,5.38,29600
31/01/1997,5.75,5.75,5.12,5.62,5.62,12200
03/02/1997,5.0,5.5,5.0,5.5,5.5,1400
04/02/1997,5.0,5.0,5.0,5.0,5.0,400
05/02/1997,5.5,5.5,5.48,5.5,5.5,2500
06/02/1997,5.0,5.25,4.75,5.25,5.25,4800
07/02/1997,4.88,5.12,4.88,5.12,5.12,2900
10/02/1997,5.23,5.25,4.62,4.94,4.94,7700
11/02/1997,4.62,4.62,4.62,4.62,4.62,400
12/02/1997,4.62,5.38,4.62,5.12,5.12,3200
13/02/1997,5.38,5.38,5.38,5.38,5.38,400
14/02/1997,5.38,5.38,5.38,5.38,5.38,300
18/02/1997,4.62,4.62,4.62,4.62,4.62,2500
19/02/1997,5.12,5.12,4.75,5.0,5.0,5000
20/02/1997,4.38,5.0,4.38,5.0,5.0,1500
21/02/1997,5.0,5.0,5.0,5.0,5.0,3100
24/02/1997,5.0,5.0,5.0,5.0,5.0,0
25/02/1997,4.5,5.12,4.5,5.0,5.0,3000
26/02/1997,5.38,5.38,5.0,5.0,5.0,7400
27/02/1997,4.88,5.25,4.88,5.25,5.25,7800
28/02/1997,5.25,6.0,5.25,5.25,5.25,45500
03/03/1997,5.25,5.25,5.12,5.25,5.25,7800
04/03/1997,5.25,5.25,5.25,5.25,5.25,900
05/03/1997,5.25,5.25,5.25,5.25,5.25,200
06/03/1997,5.25,5.25,5.25,5.25,5.25,100
07/03/1997,5.25,5.5,5.25,5.25,5.25,6000
10/03/1997,5.25,5.75,5.25,5.5,5.5,5200
11/03/1997,5.25,5.75,5.25,5.38,5.38,11800
12/03/1997,5.25,5.5,5.25,5.5,5.5,33600
13/03/1997,5.5,5.5,5.5,5.5,5.5,0
14/03/1997,5.25,5.27,5.25,5.27,5.27,200
17/03/1997,5.25,5.25,5.0,5.0,5.0,4600
18/03/1997,5.0,5.25,5.0,5.25,5.25,8100
19/03/1997,5.25,5.25,5.25,5.25,5.25,0
20/03/1997,4.62,5.12,4.62,5.12,5.12,800
21/03/1997,5.12,5.12,5.12,5.12,5.12,900
24/03/1997,5.12,5.12,5.12,5.12,5.12,0
25/03/1997,4.62,4.62,4.62,4.62,4.62,700
26/03/1997,4.62,4.62,4.62,4.62,4.62,0
27/03/1997,4.62,4.75,4.62,4.75,4.75,2800
31/03/1997,4.62,4.75,4.38,4.5,4.5,11600
01/04/1997,4.75,4.75,4.75,4.75,4.75,3700
02/04/1997,4.38,4.38,4.38,4.38,4.38,100
03/04/1997,4.38,4.38,4.25,4.25,4.25,300
04/04/1997,5.0,5.0,5.0,5.0,5.0,1000
07/04/1997,4.5,4.5,4.5,4.5,4.5,1000
08/04/1997,4.5,4.5,4.5,4.5,4.5,0
09/04/1997,4.5,4.5,4.5,4.5,4.5,200
10/04/1997,5.25,5.25,5.25,5.25,5.25,500
11/04/1997,5.25,5.25,5.25,5.25,5.25,0
14/04/1997,4.5,4.5,4.5,4.5,4.5,200
15/04/1997,4.38,4.75,4.25,4.25,4.25,1500
16/04/1997,4.25,4.25,4.25,4.25,4.25,0
17/04/1997,4.25,4.25,4.25,4.25,4.25,0
18/04/1997,4.25,4.25,4.25,4.25,4.25,0
21/04/1997,4.25,4.25,4.25,4.25,4.25,0
22/04/1997,4.0,4.25,3.75,3.75,3.75,3400
23/04/1997,4.48,4.48,4.48,4.48,4.48,500
24/04/1997,4.48,4.48,4.48,4.48,4.48,300
25/04/1997,4.5,4.5,4.48,4.5,4.5,1500
28/04/1997,4.5,4.5,4.5,4.5,4.5,1500
29/04/1997,4.38,4.38,4.38,4.38,4.38,100
30/04/1997,4.75,4.75,4.5,4.5,4.5,1000
01/05/1997,4.5,4.5,4.5,4.5,4.5,0
02/05/1997,4.75,4.75,4.12,4.5,4.5,5200
05/05/1997,4.12,4.5,4.12,4.38,4.38,3500
06/05/1997,4.62,4.62,4.12,4.38,4.38,2800
07/05/1997,4.12,4.12,4.12,4.12,4.12,400
08/05/1997,4.38,4.38,4.38,4.38,4.38,200
09/05/1997,4.38,4.38,4.38,4.38,4.38,0
12/05/1997,3.77,4.25,3.77,4.12,4.12,3700
13/05/1997,4.12,4.12,4.12,4.12,4.12,0
14/05/1997,4.5,4.5,3.75,4.0,4.0,1900
15/05/1997,3.75,3.75,3.75,3.75,3.75,7600
16/05/1997,3.75,3.75,3.75,3.75,3.75,0
19/05/1997,3.5,3.75,3.5,3.75,3.75,400
20/05/1997,3.5,4.5,3.5,4.5,4.5,600
21/05/1997,4.5,4.5,4.5,4.5,4.5,300
22/05/1997,4.5,4.5,4.5,4.5,4.5,0
23/05/1997,4.5,4.5,4.5,4.5,4.5,200
27/05/1997,3.88,4.25,3.88,3.88,3.88,500
28/05/1997,4.38,4.38,4.38,4.38,4.38,200
29/05/1997,4.38,4.38,4.38,4.38,4.38,400
30/05/1997,3.88,4.48,3.88,4.48,4.48,700
02/06/1997,4.12,4.12,4.12,4.12,4.12,600
03/06/1997,4.5,4.5,4.5,4.5,4.5,1000
04/06/1997,4.25,4.25,4.25,4.25,4.25,300
05/06/1997,4.25,4.25,4.25,4.25,4.25,3500
06/06/1997,4.25,4.25,4.25,4.25,4.25,0
09/06/1997,4.12,4.5,4.12,4.5,4.5,3700
10/06/1997,4.12,4.25,4.12,4.25,4.25,5800
11/06/1997,4.0,4.12,4.0,4.06,4.06,12500
12/06/1997,3.88,4.06,3.75,3.88,3.88,11900
13/06/1997,4.12,4.12,4.12,4.12,4.12,100
16/06/1997,4.12,4.12,4.12,4.12,4.12,0
17/06/1997,3.75,3.75,3.75,3.75,3.75,1200
18/06/1997,3.75,3.75,3.75,3.75,3.75,400
19/06/1997,3.88,4.12,3.88,4.12,4.12,1500
20/06/1997,4.12,4.12,4.12,4.12,4.12,0
23/06/1997,3.75,3.75,3.75,3.75,3.75,2600
24/06/1997,4.12,4.12,3.75,3.88,3.88,24200
25/06/1997,4.0,4.0,4.0,4.0,4.0,3100
26/06/1997,4.0,4.0,3.75,3.75,3.75,1100
27/06/1997,4.12,4.12,4.12,4.12,4.12,1000
30/06/1997,4.12,4.12,4.12,4.12,4.12,0
01/07/1997,4.12,4.12,4.12,4.12,4.12,0
02/07/1997,4.0,4.0,4.0,4.0,4.0,500
03/07/1997,3.88,4.0,3.75,3.88,3.88,5000
07/07/1997,3.88,3.88,3.88,3.88,3.88,0
08/07/1997,3.75,3.88,3.75,3.88,3.88,600
09/07/1997,3.88,3.88,3.88,3.88,3.88,0
10/07/1997,4.38,4.38,4.0,4.0,4.0,200
11/07/1997,4.0,4.0,4.0,4.0,4.0,1000
14/07/1997,3.75,3.75,3.75,3.75,3.75,100
15/07/1997,3.77,3.77,3.77,3.77,3.77,2000
16/07/1997,3.77,4.38,3.75,3.75,3.75,2700
17/07/1997,4.02,4.02,3.88,4.0,4.0,2400
18/07/1997,4.0,4.0,4.0,4.0,4.0,0
21/07/1997,4.38,4.38,4.25,4.25,4.25,3500
22/07/1997,3.88,3.94,3.88,3.94,3.94,200
23/07/1997,3.94,3.94,3.94,3.94,3.94,0
24/07/1997,3.94,3.94,3.94,3.94,3.94,0
25/07/1997,3.88,3.94,3.88,3.94,3.94,1300
28/07/1997,4.5,4.5,4.25,4.25,4.25,400
29/07/1997,4.25,4.25,4.25,4.25,4.25,800
30/07/1997,4.38,4.38,3.88,3.88,3.88,4500
31/07/1997,4.38,4.38,4.38,4.38,4.38,1300
01/08/1997,3.77,4.0,3.77,4.0,4.0,500
04/08/1997,4.12,4.12,3.75,4.0,4.0,1200
05/08/1997,4.23,4.23,4.23,4.23,4.23,300
06/08/1997,4.38,4.38,4.25,4.25,4.25,400
07/08/1997,4.38,4.38,3.89,3.89,3.89,3200
08/08/1997,3.88,4.0,3.88,4.0,4.0,1000
11/08/1997,4.38,4.38,4.23,4.23,4.23,700
12/08/1997,4.23,4.23,4.23,4.23,4.23,0
13/08/1997,4.23,4.23,4.23,4.23,4.23,0
14/08/1997,4.02,4.02,4.02,4.02,4.02,3000
15/08/1997,4.02,4.02,4.02,4.02,4.02,0
18/08/1997,4.02,4.02,4.02,4.02,4.02,0
19/08/1997,4.25,4.27,4.0,4.27,4.27,5400
20/08/1997,4.5,4.5,4.0,4.0,4.0,2200
21/08/1997,4.0,4.25,4.0,4.25,4.25,7200
22/08/1997,4.25,4.25,4.25,4.25,4.25,0
25/08/1997,4.25,4.25,4.25,4.25,4.25,0
26/08/1997,4.12,4.12,4.12,4.12,4.12,3000
27/08/1997,4.12,4.12,4.12,4.12,4.12,2100
28/08/1997,4.12,4.12,4.0,4.0,4.0,3000
29/08/1997,4.0,4.0,4.0,4.0,4.0,0
02/09/1997,4.0,4.0,4.0,4.0,4.0,0
03/09/1997,4.38,4.38,4.0,4.0,4.0,1000
04/09/1997,4.38,4.38,4.38,4.38,4.38,1000
05/09/1997,4.38,4.38,4.38,4.38,4.38,0
08/09/1997,4.12,4.12,4.0,4.0,4.0,6200
09/09/1997,4.0,4.0,4.0,4.0,4.0,0
10/09/1997,4.12,4.12,4.12,4.12,4.12,600
11/09/1997,3.88,3.88,3.88,3.88,3.88,400
12/09/1997,4.0,4.25,4.0,4.25,4.25,3600
15/09/1997,3.88,4.12,3.88,4.0,4.0,7700
16/09/1997,3.88,4.25,3.88,4.25,4.25,200
17/09/1997,4.25,4.25,4.25,4.25,4.25,0
18/09/1997,3.88,3.88,3.88,3.88,3.88,200
19/09/1997,4.25,4.25,4.0,4.0,4.0,4000
22/09/1997,3.88,4.12,3.88,3.88,3.88,22000
23/09/1997,3.88,4.0,3.88,4.0,4.0,12400
24/09/1997,4.0,4.0,4.0,4.0,4.0,0
25/09/1997,4.0,4.0,3.88,4.0,4.0,16500
26/09/1997,4.0,4.0,3.88,3.88,3.88,2000
29/09/1997,4.0,4.0,3.88,3.88,3.88,5000
30/09/1997,3.88,4.0,3.88,3.88,3.88,28600
01/10/1997,3.88,3.94,3.88,3.94,3.94,12700
02/10/1997,4.06,4.06,3.94,3.94,3.94,2000
03/10/1997,3.94,3.94,3.94,3.94,3.94,0
06/10/1997,4.06,4.06,4.0,4.0,4.0,2100
07/10/1997,4.0,4.06,4.0,4.06,4.06,11400
08/10/1997,4.0,4.06,4.0,4.0,4.0,1500
09/10/1997,4.0,4.06,4.0,4.06,4.06,900
10/10/1997,4.0,4.12,4.0,4.12,4.12,7200
13/10/1997,4.0,4.06,4.0,4.06,4.06,1100
14/10/1997,4.06,4.25,4.06,4.12,4.12,3000
15/10/1997,4.12,4.12,4.0,4.0,4.0,8000
16/10/1997,4.12,4.25,4.12,4.12,4.12,20200
17/10/1997,4.0,4.12,4.0,4.12,4.12,3700
20/10/1997,4.0,4.0,3.88,3.88,3.88,4200
21/10/1997,3.88,4.19,3.88,4.19,4.19,20400
22/10/1997,4.0,4.0,4.0,4.0,4.0,100
23/10/1997,4.0,4.25,4.0,4.25,4.25,2000
24/10/1997,4.12,4.12,4.12,4.12,4.12,8800
27/10/1997,4.0,4.0,4.0,4.0,4.0,1900
28/10/1997,4.0,4.0,4.0,4.0,4.0,7500
29/10/1997,4.19,4.19,4.0,4.0,4.0,22500
30/10/1997,4.12,4.12,4.12,4.12,4.12,7500
31/10/1997,4.12,4.5,4.12,4.12,4.12,3100
03/11/1997,4.0,4.0,4.0,4.0,4.0,1100
04/11/1997,4.0,4.0,4.0,4.0,4.0,2200
05/11/1997,4.0,4.12,4.0,4.12,4.12,5900
06/11/1997,4.12,4.19,4.0,4.19,4.19,15200
07/11/1997,4.19,4.19,4.0,4.0,4.0,2500
10/11/1997,4.19,4.19,4.19,4.19,4.19,1000
11/11/1997,3.94,4.19,3.94,4.06,4.06,7600
12/11/1997,4.19,4.25,4.06,4.25,4.25,11500
13/11/1997,4.0,4.5,4.0,4.0,4.0,6400
14/11/1997,4.0,4.5,4.0,4.5,4.5,4000
17/11/1997,4.56,4.56,4.06,4.06,4.06,1500
18/11/1997,4.06,4.06,3.97,3.97,3.97,2800
19/11/1997,4.0,4.0,4.0,4.0,4.0,2000
20/11/1997,4.0,4.0,4.0,4.0,4.0,0
21/11/1997,4.0,4.12,4.0,4.0,4.0,7200
24/11/1997,4.0,4.0,4.0,4.0,4.0,0
25/11/1997,4.0,4.0,4.0,4.0,4.0,0
26/11/1997,4.0,4.0,4.0,4.0,4.0,0
28/11/1997,4.0,4.0,4.0,4.0,4.0,0
01/12/1997,4.0,4.0,4.0,4.0,4.0,3500
02/12/1997,4.0,4.0,4.0,4.0,4.0,0
03/12/1997,4.0,4.0,4.0,4.0,4.0,0
04/12/1997,3.98,4.25,3.98,4.0,4.0,12000
05/12/1997,4.0,4.19,4.0,4.19,4.19,5000
08/12/1997,4.0,4.0,4.0,4.0,4.0,1600
09/12/1997,4.0,4.0,4.0,4.0,4.0,1600
10/12/1997,4.0,4.0,4.0,4.0,4.0,4500
11/12/1997,4.0,4.0,3.98,3.98,3.98,13000
12/12/1997,3.88,3.88,3.75,3.75,3.75,3400
15/12/1997,3.75,3.75,3.75,3.75,3.75,0
16/12/1997,3.38,3.38,3.38,3.38,3.38,1400
17/12/1997,3.5,3.5,3.5,3.5,3.5,1000
18/12/1997,3.5,3.5,3.5,3.5,3.5,1000
19/12/1997,3.5,4.0,3.5,4.0,4.0,5000
22/12/1997,4.0,4.0,4.0,4.0,4.0,0
23/12/1997,4.0,4.0,4.0,4.0,4.0,0
24/12/1997,3.5,3.5,3.5,3.5,3.5,1000
26/12/1997,3.5,3.5,3.5,3.5,3.5,0
29/12/1997,3.5,3.5,3.5,3.5,3.5,0
30/12/1997,3.5,3.5,3.25,3.25,3.25,1600
31/12/1997,3.5,4.19,3.5,4.19,4.19,7000
02/01/1998,4.19,4.19,4.19,4.19,4.19,0
05/01/1998,4.19,4.19,4.19,4.19,4.19,0
06/01/1998,4.19,4.19,4.19,4.19,4.19,0
07/01/1998,4.19,4.19,4.19,4.19,4.19,0
08/01/1998,4.19,4.19,4.19,4.19,4.19,0
09/01/1998,4.19,4.19,4.19,4.19,4.19,0
12/01/1998,4.12,4.12,4.0,4.0,4.0,2700
13/01/1998,3.5,3.5,3.5,3.5,3.5,600
14/01/1998,3.5,3.5,3.5,3.5,3.5,1500
15/01/1998,3.5,3.5,3.5,3.5,3.5,200
16/01/1998,3.5,3.5,3.5,3.5,3.5,1400
20/01/1998,3.5,3.5,3.5,3.5,3.5,200
21/01/1998,3.56,3.56,3.56,3.56,3.56,1500
22/01/1998,3.56,3.56,3.56,3.56,3.56,0
23/01/1998,3.56,3.56,3.56,3.56,3.56,0
26/01/1998,3.62,4.0,3.62,3.62,3.62,3300
27/01/1998,3.62,3.62,3.62,3.62,3.62,3000
28/01/1998,3.5,3.5,3.5,3.5,3.5,500
29/01/1998,3.5,3.5,3.5,3.5,3.5,500
30/01/1998,3.5,3.5,3.5,3.5,3.5,0
02/02/1998,3.5,3.5,3.5,3.5,3.5,0
03/02/1998,3.88,3.88,3.88,3.88,3.88,100
04/02/1998,3.88,3.88,3.88,3.88,3.88,1500
05/02/1998,3.88,3.88,3.88,3.88,3.88,0
06/02/1998,3.88,3.88,3.75,3.75,3.75,1100
09/02/1998,3.62,3.75,3.5,3.75,3.75,2500
10/02/1998,4.0,4.0,4.0,4.0,4.0,400
11/02/1998,3.88,3.88,3.88,3.88,3.88,500
12/02/1998,3.88,3.88,3.88,3.88,3.88,0
13/02/1998,3.88,3.88,3.88,3.88,3.88,0
17/02/1998,3.5,3.75,3.5,3.5,3.5,2300
18/02/1998,3.5,3.5,3.5,3.5,3.5,0
19/02/1998,3.56,3.56,3.56,3.56,3.56,1000
20/02/1998,3.56,3.56,3.56,3.56,3.56,0
23/02/1998,3.56,3.56,3.56,3.56,3.56,0
24/02/1998,3.5,3.5,3.5,3.5,3.5,2000
25/02/1998,3.5,4.0,3.5,4.0,4.0,2100
26/02/1998,3.75,3.75,3.75,3.75,3.75,10000
27/02/1998,4.0,4.25,3.75,4.0,4.0,12600
02/03/1998,4.0,4.0,3.75,4.0,4.0,4300
03/03/1998,3.62,3.62,3.62,3.62,3.62,400
04/03/1998,3.62,3.62,3.62,3.62,3.62,0
05/03/1998,3.62,3.62,3.62,3.62,3.62,0
06/03/1998,3.62,4.0,3.62,3.62,3.62,700
09/03/1998,3.75,4.0,3.62,4.0,4.0,2400
10/03/1998,4.0,4.0,4.0,4.0,4.0,7500
11/03/1998,3.75,3.75,3.75,3.75,3.75,1100
12/03/1998,3.75,3.75,3.75,3.75,3.75,0
13/03/1998,3.75,3.75,3.75,3.75,3.75,0
16/03/1998,3.75,3.75,3.75,3.75,3.75,600
17/03/1998,3.75,3.75,3.75,3.75,3.75,200
18/03/1998,3.75,3.75,3.75,3.75,3.75,3300
19/03/1998,3.94,3.94,3.88,3.88,3.88,14100
20/03/1998,4.31,4.31,3.88,4.0,4.0,12600
23/03/1998,4.0,4.38,4.0,4.25,4.25,9100
24/03/1998,4.0,4.0,4.0,4.0,4.0,1500
25/03/1998,4.25,4.25,4.0,4.12,4.12,11200
26/03/1998,4.0,4.0,3.88,3.88,3.88,3900
27/03/1998,4.25,4.25,4.25,4.25,4.25,400
30/03/1998,4.38,4.38,4.0,4.0,4.0,7500
31/03/1998,4.0,4.0,4.0,4.0,4.0,0
01/04/1998,3.88,4.0,3.88,4.0,4.0,5600
02/04/1998,4.0,4.0,4.0,4.0,4.0,0
03/04/1998,3.88,4.0,3.88,4.0,4.0,300
06/04/1998,4.0,5.12,4.0,4.5,4.5,65400
07/04/1998,4.44,4.44,4.12,4.44,4.44,14200
08/04/1998,4.25,4.25,4.0,4.0,4.0,10300
09/04/1998,4.0,4.5,4.0,4.19,4.19,18500
13/04/1998,4.0,4.0,4.0,4.0,4.0,600
14/04/1998,4.0,4.0,4.0,4.0,4.0,0
15/04/1998,4.0,4.0,4.0,4.0,4.0,0
16/04/1998,4.0,4.25,4.0,4.25,4.25,1900
17/04/1998,4.25,4.62,4.25,4.62,4.62,1800
20/04/1998,4.12,4.12,4.12,4.12,4.12,100
21/04/1998,4.0,4.06,4.0,4.06,4.06,2000
22/04/1998,4.12,4.12,4.12,4.12,4.12,200
23/04/1998,4.25,4.25,4.25,4.25,4.25,1600
24/04/1998,4.25,4.25,4.25,4.25,4.25,0
27/04/1998,4.5,4.5,4.19,4.19,4.19,2000
28/04/1998,4.19,4.19,4.19,4.19,4.19,0
29/04/1998,4.19,4.19,4.19,4.19,4.19,0
30/04/1998,4.19,4.19,4.19,4.19,4.19,0
01/05/1998,4.12,4.12,4.12,4.12,4.12,800
04/05/1998,4.25,4.62,4.25,4.25,4.25,3500
05/05/1998,4.25,4.38,4.25,4.38,4.38,4100
06/05/1998,4.25,4.25,4.25,4.25,4.25,400
07/05/1998,4.62,4.62,4.62,4.62,4.62,300
08/05/1998,4.0,4.38,4.0,4.38,4.38,5700
11/05/1998,4.25,4.62,4.12,4.38,4.38,30500
12/05/1998,4.5,4.5,4.38,4.38,4.38,4700
13/05/1998,4.5,4.5,4.25,4.25,4.25,300
14/05/1998,4.25,4.5,4.25,4.5,4.5,900
15/05/1998,4.5,4.5,4.5,4.5,4.5,0
18/05/1998,4.38,4.5,4.38,4.38,4.38,2000
19/05/1998,4.25,4.25,4.12,4.12,4.12,3100
20/05/1998,4.31,4.31,4.31,4.31,4.31,700
21/05/1998,4.38,4.38,4.38,4.38,4.38,100
22/05/1998,4.38,4.5,4.38,4.5,4.5,1500
26/05/1998,4.5,4.5,4.5,4.5,4.5,0
27/05/1998,4.25,4.25,4.25,4.25,4.25,100
28/05/1998,4.25,4.38,4.25,4.31,4.31,4200
29/05/1998,4.25,4.5,4.25,4.5,4.5,1700
01/06/1998,4.5,4.5,4.5,4.5,4.5,0
02/06/1998,4.38,4.38,4.38,4.38,4.38,700
03/06/1998,4.06,4.38,4.06,4.38,4.38,600
04/06/1998,4.38,4.38,4.38,4.38,4.38,200
05/06/1998,4.38,4.38,4.38,4.38,4.38,3400
08/06/1998,4.38,4.38,4.38,4.38,4.38,0
09/06/1998,4.38,4.5,4.38,4.5,4.5,4500
10/06/1998,4.5,4.5,4.5,4.5,4.5,0
11/06/1998,4.5,4.5,4.5,4.5,4.5,0
12/06/1998,4.38,4.38,4.38,4.38,4.38,1500
15/06/1998,4.38,4.38,4.38,4.38,4.38,1600
16/06/1998,4.0,4.25,4.0,4.12,4.12,18600
17/06/1998,4.12,4.12,4.12,4.12,4.12,0
18/06/1998,4.12,4.12,4.12,4.12,4.12,0
19/06/1998,4.0,4.0,4.0,4.0,4.0,1100
22/06/1998,4.25,4.25,4.25,4.25,4.25,200
23/06/1998,4.25,4.25,4.25,4.25,4.25,0
24/06/1998,4.25,4.25,4.25,4.25,4.25,0
25/06/1998,4.25,4.25,4.25,4.25,4.25,0
26/06/1998,4.25,4.25,4.25,4.25,4.25,0
29/06/1998,4.0,4.0,4.0,4.0,4.0,1200
30/06/1998,4.0,4.25,4.0,4.25,4.25,1500
01/07/1998,4.25,4.25,4.25,4.25,4.25,500
02/07/1998,4.25,4.25,4.25,4.25,4.25,0
06/07/1998,4.25,4.25,4.25,4.25,4.25,0
07/07/1998,4.25,4.25,4.25,4.25,4.25,0
08/07/1998,3.75,3.75,3.75,3.75,3.75,100
09/07/1998,3.75,3.75,3.75,3.75,3.75,0
10/07/1998,3.75,3.75,3.75,3.75,3.75,0
13/07/1998,3.75,3.75,3.75,3.75,3.75,200
14/07/1998,3.75,3.75,3.75,3.75,3.75,400
15/07/1998,3.75,3.75,3.5,3.5,3.5,5300
16/07/1998,3.62,3.62,3.62,3.62,3.62,600
17/07/1998,3.62,3.62,3.62,3.62,3.62,0
20/07/1998,3.62,3.62,3.62,3.62,3.62,0
21/07/1998,3.5,3.5,3.5,3.5,3.5,600
22/07/1998,3.5,3.5,3.5,3.5,3.5,500
23/07/1998,3.5,3.5,3.5,3.5,3.5,100
24/07/1998,3.38,3.62,3.38,3.5,3.5,1500
27/07/1998,3.5,3.5,3.5,3.5,3.5,0
28/07/1998,3.62,3.75,3.25,3.25,3.25,9700
29/07/1998,3.38,3.5,3.38,3.5,3.5,2400
30/07/1998,3.75,3.75,3.75,3.75,3.75,3000
31/07/1998,3.5,3.75,3.44,3.75,3.75,2500
03/08/1998,3.44,3.44,3.44,3.44,3.44,300
04/08/1998,3.44,3.44,3.44,3.44,3.44,0
05/08/1998,3.44,3.5,3.44,3.5,3.5,5000
06/08/1998,3.5,3.5,3.5,3.5,3.5,400
07/08/1998,3.75,3.75,3.75,3.75,3.75,1000
10/08/1998,3.5,3.5,3.38,3.38,3.38,3300
11/08/1998,3.38,3.38,3.38,3.38,3.38,0
12/08/1998,3.38,3.38,3.38,3.38,3.38,0
13/08/1998,3.38,3.38,3.38,3.38,3.38,0
14/08/1998,3.38,3.38,3.38,3.38,3.38,900
17/08/1998,3.25,3.25,3.25,3.25,3.25,800
18/08/1998,3.25,3.25,3.25,3.25,3.25,0
19/08/1998,3.25,3.25,3.12,3.12,3.12,6900
20/08/1998,3.12,3.12,3.12,3.12,3.12,0
21/08/1998,3.12,3.12,3.12,3.12,3.12,2800
24/08/1998,3.25,3.25,3.0,3.0,3.0,200
25/08/1998,3.12,3.25,3.06,3.25,3.25,6600
26/08/1998,3.12,3.12,2.88,2.88,2.88,4500
27/08/1998,2.75,3.0,2.75,2.94,2.94,7100
28/08/1998,3.25,3.25,2.75,2.75,2.75,11600
31/08/1998,3.0,3.0,3.0,3.0,3.0,1000
01/09/1998,3.0,3.0,3.0,3.0,3.0,4000
02/09/1998,2.88,2.88,2.62,2.62,2.62,3500
03/09/1998,2.62,2.62,2.5,2.5,2.5,21700
04/09/1998,2.5,2.5,2.5,2.5,2.5,200
08/09/1998,2.75,2.75,2.75,2.75,2.75,1200
09/09/1998,2.75,2.75,2.75,2.75,2.75,1000
10/09/1998,2.88,2.88,2.88,2.88,2.88,300
11/09/1998,2.75,2.75,2.62,2.62,2.62,9800
14/09/1998,2.5,2.75,2.5,2.75,2.75,900
15/09/1998,2.75,2.75,2.75,2.75,2.75,200
16/09/1998,2.75,2.75,2.75,2.75,2.75,0
17/09/1998,2.5,2.5,2.5,2.5,2.5,1000
18/09/1998,2.5,2.5,2.38,2.38,2.38,3800
21/09/1998,2.38,2.38,2.25,2.38,2.38,3800
22/09/1998,2.25,2.25,2.12,2.12,2.12,3400
23/09/1998,2.5,2.5,2.12,2.25,2.25,10600
24/09/1998,2.38,2.38,2.12,2.12,2.12,1000
25/09/1998,2.38,2.62,2.38,2.44,2.44,3700
28/09/1998,2.5,2.75,2.5,2.75,2.75,1400
29/09/1998,2.75,2.75,2.75,2.75,2.75,0
30/09/1998,2.5,2.75,2.12,2.75,2.75,3300
01/10/1998,2.62,2.62,2.62,2.62,2.62,1500
02/10/1998,2.62,3.0,2.62,3.0,3.0,2000
05/10/1998,3.0,3.0,3.0,3.0,3.0,0
06/10/1998,3.0,3.0,3.0,3.0,3.0,0
07/10/1998,2.69,2.69,2.5,2.5,2.5,5300
08/10/1998,2.5,2.5,2.5,2.5,2.5,0
09/10/1998,2.62,2.62,2.62,2.62,2.62,4300
12/10/1998,2.62,2.62,2.5,2.62,2.62,5400
13/10/1998,2.62,2.62,2.62,2.62,2.62,0
14/10/1998,2.44,2.5,2.44,2.5,2.5,13800
15/10/1998,2.5,2.5,2.5,2.5,2.5,2000
16/10/1998,2.62,2.62,2.5,2.5,2.5,2700
19/10/1998,2.38,2.5,2.38,2.38,2.38,17900
20/10/1998,2.38,2.5,2.38,2.44,2.44,12600
21/10/1998,2.62,2.62,2.62,2.62,2.62,600
22/10/1998,2.62,3.0,2.62,3.0,3.0,1700
23/10/1998,3.0,3.0,3.0,3.0,3.0,0
26/10/1998,2.75,2.75,2.75,2.75,2.75,3500
27/10/1998,3.0,3.25,3.0,3.25,3.25,2600
28/10/1998,3.25,3.25,3.25,3.25,3.25,0
29/10/1998,3.25,3.25,3.25,3.25,3.25,0
30/10/1998,3.25,3.25,3.25,3.25,3.25,0
02/11/1998,3.25,3.25,3.25,3.25,3.25,500
03/11/1998,3.06,3.06,3.06,3.06,3.06,4500
04/11/1998,3.06,3.06,3.06,3.06,3.06,0
05/11/1998,3.12,3.12,3.12,3.12,3.12,500
06/11/1998,3.12,3.12,3.12,3.12,3.12,0
09/11/1998,3.38,3.38,3.38,3.38,3.38,1400
10/11/1998,3.25,3.25,3.25,3.25,3.25,8700
11/11/1998,3.25,3.25,3.25,3.25,3.25,0
12/11/1998,3.19,3.19,3.19,3.19,3.19,600
13/11/1998,3.38,3.62,3.38,3.62,3.62,600
16/11/1998,3.62,3.62,3.62,3.62,3.62,0
17/11/1998,3.62,3.62,3.62,3.62,3.62,0
18/11/1998,3.19,3.19,3.19,3.19,3.19,300
19/11/1998,3.19,3.19,3.19,3.19,3.19,100
20/11/1998,3.38,3.5,3.19,3.5,3.5,7600
23/11/1998,3.5,3.5,3.28,3.28,3.28,7200
24/11/1998,3.38,3.38,3.38,3.38,3.38,1700
25/11/1998,3.38,3.38,3.38,3.38,3.38,0
27/11/1998,3.28,3.28,3.28,3.28,3.28,500
30/11/1998,3.28,3.28,3.28,3.28,3.28,1400
01/12/1998,3.28,3.28,3.28,3.28,3.28,1400
02/12/1998,3.38,3.38,3.38,3.38,3.38,1000
03/12/1998,3.38,3.38,3.19,3.19,3.19,5800
04/12/1998,3.19,3.19,3.19,3.19,3.19,0
07/12/1998,3.19,3.25,3.12,3.12,3.12,19300
08/12/1998,3.0,3.12,3.0,3.12,3.12,5000
09/12/1998,3.25,3.25,3.25,3.25,3.25,2000
10/12/1998,3.12,3.12,3.12,3.12,3.12,3000
11/12/1998,3.12,3.12,3.12,3.12,3.12,2500
14/12/1998,3.25,3.25,3.25,3.25,3.25,700
15/12/1998,3.12,3.25,3.12,3.12,3.12,1300
16/12/1998,3.12,3.25,3.12,3.25,3.25,3200
17/12/1998,3.25,3.38,3.0,3.25,3.25,18100
18/12/1998,3.25,3.25,3.25,3.25,3.25,0
21/12/1998,3.0,3.12,3.0,3.12,3.12,5800
22/12/1998,3.0,3.0,3.0,3.0,3.0,100
23/12/1998,3.0,3.0,3.0,3.0,3.0,1100
24/12/1998,3.0,3.0,3.0,3.0,3.0,2200
28/12/1998,3.06,3.06,3.06,3.06,3.06,400
29/12/1998,3.38,3.38,3.06,3.06,3.06,7600
30/12/1998,3.0,3.38,3.0,3.38,3.38,400
31/12/1998,3.38,3.38,3.0,3.12,3.12,15200
04/01/1999,3.31,3.38,3.25,3.34,3.34,13000
05/01/1999,3.25,3.25,3.25,3.25,3.25,1500
06/01/1999,3.25,3.25,3.0,3.0,3.0,4600
07/01/1999,3.19,3.31,3.19,3.25,3.25,20500
08/01/1999,3.25,3.31,3.25,3.31,3.31,2800
11/01/1999,3.19,3.25,3.19,3.25,3.25,500
12/01/1999,3.38,3.38,3.38,3.38,3.38,2000
13/01/1999,3.44,3.44,3.44,3.44,3.44,1000
14/01/1999,3.69,4.25,3.69,4.25,4.25,40700
15/01/1999,4.22,4.31,4.12,4.12,4.12,29200
19/01/1999,3.88,4.0,3.88,3.88,3.88,5200
20/01/1999,3.88,3.88,3.88,3.88,3.88,0
21/01/1999,3.88,4.25,3.88,4.0,4.0,6000
22/01/1999,4.12,4.25,4.0,4.0,4.0,3900
25/01/1999,4.0,4.12,4.0,4.12,4.12,3300
26/01/1999,4.12,4.12,4.12,4.12,4.12,0
27/01/1999,4.25,4.44,4.25,4.44,4.44,8900
28/01/1999,4.44,4.75,4.44,4.44,4.44,22500
29/01/1999,4.72,4.75,4.38,4.38,4.38,19200
01/02/1999,4.12,4.5,4.12,4.5,4.5,500
02/02/1999,4.5,4.5,4.5,4.5,4.5,700
03/02/1999,4.5,4.5,4.5,4.5,4.5,0
04/02/1999,4.25,4.25,4.25,4.25,4.25,500
05/02/1999,4.25,4.44,4.25,4.44,4.44,6200
08/02/1999,4.25,4.25,4.25,4.25,4.25,100
09/02/1999,4.25,4.25,4.25,4.25,4.25,0
10/02/1999,4.25,4.25,4.25,4.25,4.25,1000
11/02/1999,4.44,4.5,4.44,4.5,4.5,7800
12/02/1999,4.5,4.5,4.25,4.25,4.25,4800
16/02/1999,4.25,4.25,4.25,4.25,4.25,600
17/02/1999,4.25,4.38,4.12,4.38,4.38,3400
18/02/1999,4.38,4.38,4.38,4.38,4.38,300
19/02/1999,4.38,4.5,4.38,4.5,4.5,3400
22/02/1999,4.12,4.38,4.0,4.38,4.38,10200
23/02/1999,4.38,4.38,4.38,4.38,4.38,0
24/02/1999,3.88,3.88,3.88,3.88,3.88,500
25/02/1999,4.12,4.12,3.88,3.88,3.88,300
26/02/1999,4.12,4.12,4.12,4.12,4.12,2000
01/03/1999,4.12,4.12,4.12,4.12,4.12,0
02/03/1999,4.0,4.19,4.0,4.19,4.19,1100
03/03/1999,4.09,4.09,4.09,4.09,4.09,700
04/03/1999,4.09,4.09,4.09,4.09,4.09,0
05/03/1999,4.0,4.0,4.0,4.0,4.0,200
08/03/1999,4.19,4.19,3.88,4.12,4.12,3500
09/03/1999,4.25,4.38,4.12,4.12,4.12,3200
10/03/1999,4.25,4.25,4.25,4.25,4.25,300
11/03/1999,4.0,4.0,3.88,4.0,4.0,3500
12/03/1999,4.0,4.0,3.69,3.69,3.69,1100
15/03/1999,3.69,3.69,3.69,3.69,3.69,400
16/03/1999,4.12,4.12,4.12,4.12,4.12,200
17/03/1999,3.69,3.69,3.69,3.69,3.69,1300
18/03/1999,3.69,3.69,3.69,3.69,3.69,1000
19/03/1999,3.75,3.75,3.75,3.75,3.75,1000
22/03/1999,3.69,4.06,3.69,4.06,4.06,3900
23/03/1999,3.69,4.0,3.69,4.0,4.0,2000
24/03/1999,4.0,4.0,4.0,4.0,4.0,0
25/03/1999,3.69,3.69,3.69,3.69,3.69,500
26/03/1999,4.0,4.0,4.0,4.0,4.0,500
29/03/1999,4.0,4.0,3.62,3.62,3.62,300
30/03/1999,4.0,4.0,3.62,3.62,3.62,800
31/03/1999,3.62,3.62,3.62,3.62,3.62,0
01/04/1999,3.62,3.62,3.62,3.62,3.62,0
05/04/1999,3.62,3.62,3.62,3.62,3.62,0
06/04/1999,3.62,3.62,3.62,3.62,3.62,0
07/04/1999,3.59,3.59,3.59,3.59,3.59,600
08/04/1999,3.75,3.75,3.75,3.75,3.75,400
09/04/1999,3.75,3.75,3.75,3.75,3.75,0
12/04/1999,3.97,3.97,3.75,3.75,3.75,3000
13/04/1999,3.75,3.75,3.75,3.75,3.75,300
14/04/1999,3.75,3.88,3.75,3.75,3.75,4200
15/04/1999,3.88,4.25,3.75,4.12,4.12,45200
16/04/1999,4.12,4.19,4.12,4.12,4.12,114900
19/04/1999,4.0,4.0,4.0,4.0,4.0,3200
20/04/1999,3.94,4.19,3.88,4.12,4.12,11500
21/04/1999,3.94,4.19,3.94,4.19,4.19,4500
22/04/1999,4.25,4.25,4.25,4.25,4.25,4300
23/04/1999,4.31,4.31,4.12,4.31,4.31,3300
26/04/1999,4.31,4.5,4.0,4.5,4.5,4100
27/04/1999,4.0,4.25,4.0,4.25,4.25,3700
28/04/1999,4.0,4.0,3.97,3.97,3.97,2200
29/04/1999,4.25,4.5,4.25,4.5,4.5,5700
30/04/1999,4.47,4.47,4.0,4.47,4.47,2500
03/05/1999,4.5,4.5,4.5,4.5,4.5,1900
04/05/1999,4.0,4.5,4.0,4.0,4.0,3800
05/05/1999,4.0,4.0,4.0,4.0,4.0,0
06/05/1999,4.06,4.06,4.06,4.06,4.06,700
07/05/1999,4.06,4.06,4.06,4.06,4.06,0
10/05/1999,4.06,4.06,4.06,4.06,4.06,200
11/05/1999,4.12,4.12,4.12,4.12,4.12,800
12/05/1999,4.19,4.38,4.19,4.38,4.38,4000
13/05/1999,4.38,4.38,4.38,4.38,4.38,0
14/05/1999,4.38,4.38,4.12,4.38,4.38,2500
17/05/1999,4.38,4.38,4.38,4.38,4.38,100
18/05/1999,4.12,4.12,4.0,4.0,4.0,3600
19/05/1999,4.0,4.31,4.0,4.31,4.31,1200
20/05/1999,4.12,4.12,4.12,4.12,4.12,1000
21/05/1999,4.12,4.12,4.12,4.12,4.12,0
24/05/1999,3.81,3.81,3.81,3.81,3.81,2000
25/05/1999,4.12,4.12,3.88,3.88,3.88,1800
26/05/1999,3.88,3.88,3.88,3.88,3.88,200
27/05/1999,4.12,4.12,3.88,3.88,3.88,2200
28/05/1999,3.88,3.88,3.88,3.88,3.88,0
01/06/1999,4.12,4.12,3.88,3.88,3.88,1500
02/06/1999,4.0,4.0,4.0,4.0,4.0,500
03/06/1999,3.75,3.75,3.75,3.75,3.75,1900
04/06/1999,4.0,4.0,3.75,3.75,3.75,700
07/06/1999,3.75,3.75,3.75,3.75,3.75,600
08/06/1999,3.75,3.75,3.75,3.75,3.75,0
09/06/1999,3.94,4.0,3.94,4.0,4.0,900
10/06/1999,3.81,3.81,3.69,3.69,3.69,1800
11/06/1999,3.97,3.97,3.97,3.97,3.97,100
14/06/1999,3.62,3.97,3.62,3.97,3.97,1800
15/06/1999,3.75,3.75,3.62,3.62,3.62,1500
16/06/1999,3.62,3.62,3.62,3.62,3.62,1000
17/06/1999,3.62,3.62,3.25,3.62,3.62,8700
18/06/1999,3.5,3.5,3.5,3.5,3.5,2300
21/06/1999,3.56,3.56,3.56,3.56,3.56,5100
22/06/1999,3.56,3.56,3.31,3.38,3.38,3100
23/06/1999,3.41,3.44,3.41,3.44,3.44,3000
24/06/1999,3.44,3.44,3.44,3.44,3.44,0
25/06/1999,3.44,3.44,3.44,3.44,3.44,0
28/06/1999,3.41,3.41,3.41,3.41,3.41,100
29/06/1999,3.41,3.41,3.41,3.41,3.41,0
30/06/1999,3.41,3.5,3.41,3.5,3.5,10900
01/07/1999,3.41,3.41,3.41,3.41,3.41,1000
02/07/1999,3.41,3.56,3.41,3.56,3.56,2600
06/07/1999,3.41,3.44,3.41,3.44,3.44,9700
07/07/1999,3.44,3.75,3.44,3.75,3.75,9500
08/07/1999,3.75,3.75,3.75,3.75,3.75,0
09/07/1999,3.75,3.75,3.75,3.75,3.75,0
12/07/1999,3.83,3.83,3.75,3.75,3.75,400
13/07/1999,3.83,3.91,3.75,3.91,3.91,6700
14/07/1999,3.91,3.91,3.91,3.91,3.91,0
15/07/1999,3.91,3.91,3.91,3.91,3.91,0
16/07/1999,3.5,3.91,3.5,3.91,3.91,400
19/07/1999,3.91,3.91,3.91,3.91,3.91,0
20/07/1999,3.5,3.5,3.5,3.5,3.5,400
21/07/1999,3.5,3.5,3.44,3.5,3.5,2100
22/07/1999,3.44,3.91,3.44,3.88,3.88,7000
23/07/1999,3.88,3.88,3.88,3.88,3.88,0
26/07/1999,3.88,3.88,3.88,3.88,3.88,0
27/07/1999,3.88,3.88,3.81,3.81,3.81,10900
28/07/1999,3.62,3.94,3.62,3.94,3.94,7000
29/07/1999,3.94,3.94,3.94,3.94,3.94,0
30/07/1999,3.94,3.94,3.94,3.94,3.94,0
02/08/1999,3.94,3.94,3.56,3.56,3.56,800
03/08/1999,3.56,3.56,3.56,3.56,3.56,0
04/08/1999,3.56,3.56,3.56,3.56,3.56,0
05/08/1999,3.88,3.88,3.62,3.88,3.88,2600
06/08/1999,3.88,3.88,3.88,3.88,3.88,0
09/08/1999,3.88,3.88,3.88,3.88,3.88,0
10/08/1999,3.62,3.62,3.44,3.5,3.5,4100
11/08/1999,3.44,3.44,3.44,3.44,3.44,15200
12/08/1999,3.44,3.44,3.44,3.44,3.44,0
13/08/1999,3.44,3.44,3.44,3.44,3.44,0
16/08/1999,3.38,3.38,3.38,3.38,3.38,200
17/08/1999,3.38,3.38,3.38,3.38,3.38,1000
18/08/1999,3.38,3.38,3.38,3.38,3.38,0
19/08/1999,3.31,3.31,3.31,3.31,3.31,100
20/08/1999,3.25,3.25,3.25,3.25,3.25,300
23/08/1999,3.25,3.25,3.25,3.25,3.25,3100
24/08/1999,3.56,3.56,3.19,3.19,3.19,600
25/08/1999,3.56,3.56,3.56,3.56,3.56,600
26/08/1999,3.56,3.56,3.25,3.25,3.25,600
27/08/1999,3.25,3.25,3.25,3.25,3.25,0
30/08/1999,3.38,3.5,3.38,3.5,3.5,1400
31/08/1999,3.38,3.38,3.38,3.38,3.38,1600
01/09/1999,3.38,3.5,3.38,3.5,3.5,1500
02/09/1999,3.5,3.5,3.5,3.5,3.5,0
03/09/1999,3.38,3.38,3.38,3.38,3.38,1600
07/09/1999,3.5,3.5,3.5,3.5,3.5,200
08/09/1999,3.5,3.5,3.5,3.5,3.5,0
09/09/1999,3.25,3.25,3.25,3.25,3.25,300
10/09/1999,3.25,3.25,3.25,3.25,3.25,0
13/09/1999,3.44,3.44,3.12,3.44,3.44,3200
14/09/1999,3.5,3.5,3.5,3.5,3.5,1400
15/09/1999,3.5,3.5,3.5,3.5,3.5,0
16/09/1999,3.5,3.5,3.5,3.5,3.5,0
17/09/1999,3.5,3.5,3.5,3.5,3.5,0
20/09/1999,3.5,3.5,3.5,3.5,3.5,0
21/09/1999,3.5,3.5,3.5,3.5,3.5,0
22/09/1999,3.5,3.5,3.5,3.5,3.5,0
23/09/1999,3.5,3.5,3.5,3.5,3.5,0
24/09/1999,3.25,3.25,3.25,3.25,3.25,1000
27/09/1999,3.38,3.38,3.25,3.25,3.25,2200
28/09/1999,3.25,3.25,3.25,3.25,3.25,0
29/09/1999,3.38,3.38,3.38,3.38,3.38,300
30/09/1999,3.38,3.38,3.38,3.38,3.38,0
01/10/1999,3.25,3.25,3.25,3.25,3.25,1500
04/10/1999,3.19,3.19,3.19,3.19,3.19,1900
05/10/1999,3.19,3.19,3.12,3.12,3.12,2300
06/10/1999,3.12,3.12,3.12,3.12,3.12,0
07/10/1999,3.12,3.12,3.12,3.12,3.12,200
08/10/1999,3.12,3.12,3.12,3.12,3.12,400
11/10/1999,3.12,3.12,3.0,3.0,3.0,1200
12/10/1999,2.94,2.94,2.94,2.94,2.94,800
13/10/1999,2.94,2.94,2.94,2.94,2.94,500
14/10/1999,2.94,2.94,2.94,2.94,2.94,2000
15/10/1999,3.28,3.28,2.25,2.25,2.25,6900
18/10/1999,3.12,3.38,3.12,3.38,3.38,6000
19/10/1999,3.38,3.5,3.12,3.5,3.5,7700
20/10/1999,3.28,3.38,3.19,3.19,3.19,1700
21/10/1999,3.25,3.25,2.81,2.81,2.81,7900
22/10/1999,2.75,3.19,2.75,3.19,3.19,5500
25/10/1999,2.88,3.25,2.7,2.88,2.88,8600
26/10/1999,3.0,3.0,3.0,3.0,3.0,200
27/10/1999,3.0,3.0,3.0,3.0,3.0,0
28/10/1999,2.88,2.88,2.88,2.88,2.88,100
29/10/1999,3.25,3.25,3.12,3.12,3.12,16600
01/11/1999,3.12,3.12,3.12,3.12,3.12,1900
02/11/1999,3.25,3.25,3.12,3.12,3.12,1100
03/11/1999,3.12,3.12,3.12,3.12,3.12,3400
04/11/1999,3.12,3.12,3.12,3.12,3.12,0
05/11/1999,2.88,2.88,2.88,2.88,2.88,500
08/11/1999,2.94,2.94,2.94,2.94,2.94,6100
09/11/1999,3.0,3.0,2.94,2.94,2.94,4500
10/11/1999,2.94,3.0,2.94,3.0,3.0,1100
11/11/1999,3.0,3.0,2.94,2.94,2.94,1100
12/11/1999,2.88,3.0,2.88,3.0,3.0,1700
15/11/1999,3.25,3.25,3.25,3.25,3.25,400
16/11/1999,3.0,3.0,3.0,3.0,3.0,100
17/11/1999,2.88,2.88,2.88,2.88,2.88,5900
18/11/1999,2.88,2.88,2.88,2.88,2.88,1200
19/11/1999,3.0,3.0,2.88,2.88,2.88,3900
22/11/1999,2.88,2.88,2.75,2.88,2.88,2200
23/11/1999,2.88,2.88,2.88,2.88,2.88,0
24/11/1999,2.88,2.88,2.88,2.88,2.88,100
26/11/1999,2.88,2.88,2.88,2.88,2.88,0
29/11/1999,2.88,2.88,2.88,2.88,2.88,700
30/11/1999,2.94,2.94,2.88,2.88,2.88,1200
01/12/1999,2.88,2.88,2.88,2.88,2.88,1000
02/12/1999,2.81,2.88,2.81,2.81,2.81,3500
03/12/1999,2.81,2.88,2.81,2.88,2.88,9200
06/12/1999,2.81,2.94,2.81,2.94,2.94,2000
07/12/1999,2.81,2.94,2.81,2.94,2.94,2300
08/12/1999,2.81,2.81,2.81,2.81,2.81,600
09/12/1999,2.81,2.88,2.81,2.81,2.81,1600
10/12/1999,2.81,2.88,2.81,2.81,2.81,5700
13/12/1999,2.81,3.0,2.81,3.0,3.0,11300
14/12/1999,2.81,2.81,2.81,2.81,2.81,200
15/12/1999,2.81,2.81,2.81,2.81,2.81,0
16/12/1999,2.81,2.88,2.81,2.88,2.88,1900
17/12/1999,2.81,2.88,2.81,2.88,2.88,1500
20/12/1999,2.81,3.25,2.81,3.25,3.25,8800
21/12/1999,3.31,3.31,2.94,3.31,3.31,9500
22/12/1999,2.97,3.12,2.84,3.12,3.12,12800
23/12/1999,3.25,3.25,3.0,3.0,3.0,15400
27/12/1999,3.0,3.06,3.0,3.0,3.0,4600
28/12/1999,3.19,4.25,3.12,3.12,3.12,82100
29/12/1999,2.83,3.16,2.75,2.75,2.75,51000
30/12/1999,3.0,3.0,2.69,2.69,2.69,21500
31/12/1999,2.75,2.75,2.5,2.75,2.75,12200
03/01/2000,2.86,2.94,2.25,2.72,2.72,32500
04/01/2000,2.72,2.72,2.72,2.72,2.72,0
05/01/2000,2.62,2.62,2.62,2.62,2.62,1300
06/01/2000,2.69,2.84,2.69,2.81,2.81,3200
07/01/2000,2.69,2.69,2.69,2.69,2.69,200
10/01/2000,2.78,2.88,2.73,2.88,2.88,146100
11/01/2000,2.91,2.91,2.75,2.75,2.75,64300
12/01/2000,2.75,3.0,2.72,2.75,2.75,43200
13/01/2000,2.8,3.0,2.75,3.0,3.0,4900
14/01/2000,3.0,3.25,3.0,3.12,3.12,6500
18/01/2000,3.03,3.5,3.0,3.44,3.44,3400
19/01/2000,3.38,3.44,2.75,3.0,3.0,5400
20/01/2000,2.94,2.94,2.75,2.75,2.75,5500
21/01/2000,2.75,2.75,2.75,2.75,2.75,400
24/01/2000,3.06,3.31,3.06,3.31,3.31,1600
25/01/2000,2.97,3.0,2.94,3.0,3.0,6100
26/01/2000,3.16,3.16,3.0,3.0,3.0,2200
27/01/2000,2.97,2.97,2.97,2.97,2.97,500
28/01/2000,2.97,3.44,2.97,3.44,3.44,2200
31/01/2000,3.0,3.31,2.88,3.0,3.0,1200
01/02/2000,3.22,3.31,3.22,3.31,3.31,4000
02/02/2000,3.19,3.31,2.88,3.31,3.31,1200
03/02/2000,3.03,3.09,3.03,3.09,3.09,700
04/02/2000,3.0,3.0,3.0,3.0,3.0,900
07/02/2000,3.19,3.25,3.0,3.25,3.25,2900
08/02/2000,3.19,3.31,3.19,3.31,3.31,200
09/02/2000,3.34,3.34,3.34,3.34,3.34,1500
10/02/2000,3.34,3.34,3.34,3.34,3.34,0
11/02/2000,3.25,3.25,2.88,3.25,3.25,2200
14/02/2000,3.5,3.5,3.25,3.25,3.25,900
15/02/2000,3.25,3.25,3.09,3.09,3.09,2200
16/02/2000,3.06,3.06,3.06,3.06,3.06,1300
17/02/2000,3.06,3.22,3.06,3.06,3.06,13400
18/02/2000,3.06,3.06,2.94,3.0,3.0,1900
22/02/2000,3.0,3.0,2.75,2.75,2.75,8800
23/02/2000,3.0,3.0,3.0,3.0,3.0,1800
24/02/2000,3.0,3.0,3.0,3.0,3.0,0
25/02/2000,3.0,3.06,3.0,3.0,3.0,3100
28/02/2000,3.0,3.0,3.0,3.0,3.0,100
29/02/2000,3.19,3.44,2.81,3.0,3.0,22500
01/03/2000,3.19,3.44,2.81,3.44,3.44,5600
02/03/2000,3.62,3.62,3.38,3.38,3.38,20400
03/03/2000,3.38,3.38,2.81,3.22,3.22,12700
06/03/2000,3.2,3.47,3.12,3.12,3.12,6700
07/03/2000,3.38,3.38,3.38,3.38,3.38,300
08/03/2000,3.38,3.38,3.38,3.38,3.38,0
09/03/2000,3.38,3.38,3.38,3.38,3.38,0
10/03/2000,3.47,3.47,3.19,3.19,3.19,800
13/03/2000,3.19,3.19,3.19,3.19,3.19,2200
14/03/2000,3.47,3.5,3.19,3.5,3.5,19000
15/03/2000,3.19,3.19,3.19,3.19,3.19,1000
16/03/2000,3.12,3.12,3.12,3.12,3.12,1000
17/03/2000,3.25,3.25,3.12,3.12,3.12,3800
20/03/2000,3.12,3.12,3.12,3.12,3.12,0
21/03/2000,3.12,3.12,3.12,3.12,3.12,0
22/03/2000,3.31,3.31,3.31,3.31,3.31,600
23/03/2000,3.25,3.25,3.12,3.25,3.25,2100
24/03/2000,3.19,3.25,3.19,3.25,3.25,600
27/03/2000,3.19,3.19,3.12,3.12,3.12,200
28/03/2000,3.12,3.12,2.88,2.88,2.88,4100
29/03/2000,2.81,3.09,2.75,2.75,2.75,10500
30/03/2000,2.75,2.75,2.75,2.75,2.75,0
31/03/2000,2.75,2.75,2.75,2.75,2.75,1000
03/04/2000,2.88,3.0,2.88,3.0,3.0,4900
04/04/2000,2.75,2.75,2.75,2.75,2.75,400
05/04/2000,2.94,2.94,2.75,2.75,2.75,2300
06/04/2000,2.95,3.0,2.78,3.0,3.0,900
07/04/2000,2.78,2.78,2.78,2.78,2.78,1400
10/04/2000,2.78,2.78,2.78,2.78,2.78,0
11/04/2000,2.75,3.0,2.75,3.0,3.0,4400
12/04/2000,2.78,2.78,2.78,2.78,2.78,200
13/04/2000,2.78,2.78,2.38,2.59,2.59,4000
14/04/2000,2.5,2.5,2.38,2.38,2.38,6100
17/04/2000,2.47,2.62,2.44,2.62,2.62,9200
18/04/2000,2.44,2.62,2.44,2.62,2.62,1300
19/04/2000,2.95,2.95,2.69,2.69,2.69,8600
20/04/2000,2.69,2.69,2.69,2.69,2.69,0
24/04/2000,2.66,2.66,2.66,2.66,2.66,2300
25/04/2000,2.66,3.5,2.66,3.5,3.5,23600
26/04/2000,3.5,3.5,3.5,3.5,3.5,0
27/04/2000,3.09,3.09,2.38,2.62,2.62,47900
28/04/2000,2.97,3.03,2.59,2.84,2.84,27100
01/05/2000,2.83,2.88,2.5,2.5,2.5,18400
02/05/2000,2.66,2.81,2.56,2.56,2.56,2200
03/05/2000,2.72,2.97,2.56,2.56,2.56,9400
04/05/2000,2.62,2.62,2.56,2.56,2.56,3200
05/05/2000,2.69,2.69,2.69,2.69,2.69,300
08/05/2000,2.56,2.58,2.53,2.56,2.56,4400
09/05/2000,2.53,2.53,2.53,2.53,2.53,1100
10/05/2000,2.5,2.5,2.5,2.5,2.5,7500
11/05/2000,2.56,2.56,2.56,2.56,2.56,2000
12/05/2000,2.5,2.59,2.5,2.56,2.56,7200
15/05/2000,2.55,2.62,2.55,2.62,2.62,1700
16/05/2000,2.62,2.62,2.62,2.62,2.62,9800
17/05/2000,2.62,2.62,2.62,2.62,2.62,200
18/05/2000,2.62,2.62,2.62,2.62,2.62,800
19/05/2000,2.5,2.5,2.5,2.5,2.5,12000
22/05/2000,2.62,2.62,2.5,2.5,2.5,11200
23/05/2000,2.53,2.53,2.53,2.53,2.53,500
24/05/2000,2.53,2.53,2.5,2.5,2.5,5600
25/05/2000,2.5,2.5,2.5,2.5,2.5,7000
26/05/2000,2.5,2.5,2.5,2.5,2.5,1200
30/05/2000,2.5,2.5,2.5,2.5,2.5,0
31/05/2000,2.5,2.75,2.5,2.75,2.75,1100
01/06/2000,2.5,2.5,2.5,2.5,2.5,400
02/06/2000,2.5,2.5,2.5,2.5,2.5,0
05/06/2000,2.5,2.5,2.5,2.5,2.5,3000
06/06/2000,2.62,2.62,2.62,2.62,2.62,400
07/06/2000,2.75,2.75,2.75,2.75,2.75,300
08/06/2000,2.67,2.67,2.67,2.67,2.67,100
09/06/2000,2.61,2.88,2.61,2.69,2.69,5100
12/06/2000,2.75,3.0,2.72,2.72,2.72,5400
13/06/2000,2.72,2.72,2.72,2.72,2.72,0
14/06/2000,2.94,2.94,2.94,2.94,2.94,4000
15/06/2000,3.06,3.06,3.06,3.06,3.06,2000
16/06/2000,3.06,3.06,3.06,3.06,3.06,0
19/06/2000,2.81,2.88,2.75,2.75,2.75,9600
20/06/2000,2.75,2.75,2.75,2.75,2.75,0
21/06/2000,2.83,2.83,2.75,2.75,2.75,2400
22/06/2000,2.75,2.75,2.75,2.75,2.75,0
23/06/2000,2.88,3.0,2.88,3.0,3.0,1800
26/06/2000,2.88,2.88,2.88,2.88,2.88,400
27/06/2000,2.91,2.91,2.91,2.91,2.91,200
28/06/2000,2.91,2.91,2.91,2.91,2.91,0
29/06/2000,2.91,2.91,2.91,2.91,2.91,0
30/06/2000,2.91,2.94,2.88,2.88,2.88,1700
03/07/2000,2.94,2.94,2.94,2.94,2.94,2000
05/07/2000,2.88,2.88,2.88,2.88,2.88,300
06/07/2000,2.88,2.88,2.88,2.88,2.88,900
07/07/2000,2.91,2.91,2.91,2.91,2.91,200
10/07/2000,2.88,2.88,2.88,2.88,2.88,100
11/07/2000,2.91,2.91,2.91,2.91,2.91,100
12/07/2000,2.88,3.0,2.88,3.0,3.0,7900
13/07/2000,3.0,3.0,3.0,3.0,3.0,0
14/07/2000,3.0,3.0,3.0,3.0,3.0,0
17/07/2000,3.0,3.0,2.81,3.0,3.0,600
18/07/2000,3.0,3.0,3.0,3.0,3.0,0
19/07/2000,3.0,3.0,3.0,3.0,3.0,0
20/07/2000,3.0,3.0,3.0,3.0,3.0,0
21/07/2000,3.0,3.0,3.0,3.0,3.0,0
24/07/2000,2.91,2.91,2.91,2.91,2.91,100
25/07/2000,2.81,2.81,2.81,2.81,2.81,1000
26/07/2000,2.75,2.75,2.75,2.75,2.75,1300
27/07/2000,2.86,2.86,2.86,2.86,2.86,100
28/07/2000,2.66,2.66,2.5,2.5,2.5,8500
31/07/2000,2.56,2.56,2.56,2.56,2.56,200
01/08/2000,2.88,2.88,2.88,2.88,2.88,1400
02/08/2000,2.88,2.88,2.88,2.88,2.88,600
03/08/2000,2.88,2.88,2.88,2.88,2.88,0
04/08/2000,2.81,2.81,2.44,2.44,2.44,31100
07/08/2000,2.5,2.5,2.44,2.5,2.5,34500
08/08/2000,2.44,2.5,2.44,2.44,2.44,10500
09/08/2000,2.44,2.5,2.44,2.5,2.5,900
10/08/2000,2.5,2.88,2.44,2.44,2.44,7700
11/08/2000,2.44,2.44,2.44,2.44,2.44,0
14/08/2000,2.5,2.5,2.5,2.5,2.5,500
15/08/2000,2.5,2.5,2.5,2.5,2.5,200
16/08/2000,2.44,2.44,2.44,2.44,2.44,100
17/08/2000,2.44,2.62,2.25,2.5,2.5,8700
18/08/2000,2.5,2.5,2.19,2.19,2.19,9800
21/08/2000,2.25,2.25,2.19,2.19,2.19,8000
22/08/2000,2.25,2.25,2.0,2.12,2.12,23500
23/08/2000,2.25,2.25,2.12,2.12,2.12,18800
24/08/2000,2.12,2.19,2.12,2.12,2.12,18500
25/08/2000,2.19,2.19,2.19,2.19,2.19,900
28/08/2000,2.12,2.19,2.12,2.12,2.12,28800
29/08/2000,2.06,2.06,2.0,2.0,2.0,9700
30/08/2000,2.06,2.25,2.0,2.0,2.0,7600
31/08/2000,2.25,2.31,2.25,2.31,2.31,2700
01/09/2000,2.34,2.34,2.34,2.34,2.34,1800
05/09/2000,2.34,2.34,2.34,2.34,2.34,300
06/09/2000,2.31,2.31,2.31,2.31,2.31,400
07/09/2000,2.31,2.31,2.31,2.31,2.31,500
08/09/2000,2.31,2.31,2.31,2.31,2.31,0
11/09/2000,2.33,2.33,2.28,2.28,2.28,6300
12/09/2000,2.28,2.28,2.28,2.28,2.28,0
13/09/2000,2.28,2.28,2.28,2.28,2.28,0
14/09/2000,2.34,2.34,2.34,2.34,2.34,4300
15/09/2000,2.34,2.34,2.34,2.34,2.34,0
18/09/2000,2.34,2.34,2.34,2.34,2.34,6000
19/09/2000,2.34,2.38,2.34,2.38,2.38,12800
20/09/2000,2.38,2.38,2.38,2.38,2.38,0
21/09/2000,2.62,2.62,2.62,2.62,2.62,3000
22/09/2000,2.34,2.5,2.0,2.5,2.5,6900
25/09/2000,2.5,2.5,2.5,2.5,2.5,0
26/09/2000,2.12,2.12,2.12,2.12,2.12,2700
27/09/2000,2.0,2.12,1.75,2.12,2.12,5400
28/09/2000,2.09,2.09,2.09,2.09,2.09,1000
29/09/2000,2.06,2.06,2.06,2.06,2.06,1000
02/10/2000,2.06,2.06,2.06,2.06,2.06,0
03/10/2000,2.06,2.06,2.06,2.06,2.06,0
04/10/2000,2.12,2.12,2.12,2.12,2.12,4000
05/10/2000,2.12,2.12,2.0,2.0,2.0,5700
06/10/2000,2.0,2.0,2.0,2.0,2.0,6200
09/10/2000,1.88,1.88,1.88,1.88,1.88,5600
10/10/2000,1.78,2.03,1.78,2.03,2.03,10000
11/10/2000,1.91,2.0,1.91,2.0,2.0,7800
12/10/2000,2.0,2.0,2.0,2.0,2.0,20000
13/10/2000,1.88,2.0,1.88,2.0,2.0,11400
16/10/2000,2.0,2.0,2.0,2.0,2.0,11400
17/10/2000,1.88,1.88,1.88,1.88,1.88,2500
18/10/2000,1.75,1.75,1.69,1.75,1.75,10600
19/10/2000,1.75,1.75,1.75,1.75,1.75,3300
20/10/2000,1.75,1.75,1.75,1.75,1.75,0
23/10/2000,2.0,2.0,1.88,1.88,1.88,1900
24/10/2000,1.88,1.97,1.69,1.97,1.97,5700
25/10/2000,2.0,2.0,1.97,1.97,1.97,5000
26/10/2000,2.0,2.0,2.0,2.0,2.0,7500
27/10/2000,2.0,2.0,2.0,2.0,2.0,0
30/10/2000,2.0,2.0,2.0,2.0,2.0,0
31/10/2000,1.98,2.0,1.92,1.92,1.92,2200
01/11/2000,2.0,2.0,2.0,2.0,2.0,9000
02/11/2000,2.12,2.12,2.12,2.12,2.12,1000
03/11/2000,2.0,2.12,2.0,2.12,2.12,3100
06/11/2000,2.12,2.12,2.12,2.12,2.12,0
07/11/2000,2.12,2.12,2.12,2.12,2.12,0
08/11/2000,2.25,2.25,2.22,2.25,2.25,6700
09/11/2000,2.27,2.27,1.94,2.0,2.0,18200
10/11/2000,2.0,2.0,2.0,2.0,2.0,0
13/11/2000,1.94,1.94,1.72,1.75,1.75,10800
14/11/2000,1.94,1.94,1.94,1.94,1.94,3100
15/11/2000,2.0,2.0,1.81,1.81,1.81,21400
16/11/2000,1.81,1.81,1.69,1.69,1.69,20500
17/11/2000,1.69,2.0,1.56,1.62,1.62,8300
20/11/2000,1.62,1.62,1.62,1.62,1.62,1900
21/11/2000,1.5,1.81,1.5,1.81,1.81,13100
22/11/2000,1.81,1.81,1.81,1.81,1.81,0
24/11/2000,1.81,1.81,1.81,1.81,1.81,1000
27/11/2000,2.0,2.0,1.75,1.75,1.75,10700
28/11/2000,1.75,1.75,1.75,1.75,1.75,0
29/11/2000,1.75,1.75,1.75,1.75,1.75,600
30/11/2000,1.94,2.0,1.91,1.91,1.91,9000
01/12/2000,1.94,1.94,1.94,1.94,1.94,100
04/12/2000,1.89,2.0,1.88,2.0,2.0,600
05/12/2000,1.78,1.78,1.75,1.75,1.75,1200
06/12/2000,1.94,1.94,1.94,1.94,1.94,900
07/12/2000,1.78,1.78,1.78,1.78,1.78,100
08/12/2000,1.94,1.94,1.94,1.94,1.94,1000
11/12/2000,1.88,2.0,1.88,1.88,1.88,22900
12/12/2000,2.0,2.0,2.0,2.0,2.0,1100
13/12/2000,1.94,1.94,1.69,1.88,1.88,62700
14/12/2000,1.88,1.88,1.75,1.75,1.75,16100
15/12/2000,1.75,1.75,1.75,1.75,1.75,2200
18/12/2000,1.66,1.66,1.5,1.5,1.5,4300
19/12/2000,1.5,1.5,1.5,1.5,1.5,0
20/12/2000,1.67,1.67,1.67,1.67,1.67,300
21/12/2000,1.56,1.62,1.5,1.62,1.62,19500
22/12/2000,1.62,1.62,1.62,1.62,1.62,0
26/12/2000,1.62,1.75,1.62,1.75,1.75,8200
27/12/2000,1.88,2.0,1.88,2.0,2.0,8000
28/12/2000,1.81,1.81,1.25,1.41,1.41,73200
29/12/2000,1.3,1.69,1.3,1.69,1.69,16500
02/01/2001,1.59,1.66,1.59,1.66,1.66,1200
03/01/2001,1.66,1.66,1.66,1.66,1.66,0
04/01/2001,1.66,1.66,1.66,1.66,1.66,0
05/01/2001,1.66,1.66,1.66,1.66,1.66,0
08/01/2001,1.69,1.84,1.62,1.84,1.84,17800
09/01/2001,1.89,2.19,1.88,2.19,2.19,24500
10/01/2001,2.19,2.19,2.19,2.19,2.19,0
11/01/2001,2.03,2.03,2.0,2.0,2.0,4000
12/01/2001,2.0,2.0,2.0,2.0,2.0,0
16/01/2001,2.31,2.44,2.0,2.44,2.44,3000
17/01/2001,2.44,2.44,2.42,2.44,2.44,2900
18/01/2001,2.03,2.38,2.03,2.38,2.38,6300
19/01/2001,2.36,2.36,2.36,2.36,2.36,200
22/01/2001,2.06,2.06,2.06,2.06,2.06,1000
23/01/2001,2.06,2.25,2.03,2.19,2.19,7900
24/01/2001,2.23,2.23,2.19,2.19,2.19,900
25/01/2001,2.19,2.19,2.19,2.19,2.19,0
26/01/2001,2.03,2.03,2.03,2.03,2.03,400
29/01/2001,2.03,2.03,2.03,2.03,2.03,0
30/01/2001,2.03,2.03,2.03,2.03,2.03,0
31/01/2001,2.03,2.06,2.03,2.06,2.06,2700
01/02/2001,2.12,2.12,2.03,2.12,2.12,4500
02/02/2001,2.12,2.12,2.12,2.12,2.12,0
05/02/2001,2.12,2.12,2.12,2.12,2.12,0
06/02/2001,2.05,2.25,2.05,2.25,2.25,5100
07/02/2001,2.25,2.31,2.25,2.31,2.31,1000
08/02/2001,2.31,2.31,2.31,2.31,2.31,0
09/02/2001,2.19,2.19,2.19,2.19,2.19,1100
12/02/2001,2.14,2.31,2.14,2.16,2.16,2500
13/02/2001,2.16,2.16,2.03,2.03,2.03,500
14/02/2001,2.03,2.03,2.03,2.03,2.03,4800
15/02/2001,2.03,2.03,2.03,2.03,2.03,0
16/02/2001,2.08,2.12,1.62,1.75,1.75,46000
20/02/2001,1.75,1.75,1.75,1.75,1.75,0
21/02/2001,1.88,1.88,1.81,1.81,1.81,1300
22/02/2001,1.88,1.88,1.75,1.75,1.75,5500
23/02/2001,1.75,1.75,1.75,1.75,1.75,0
26/02/2001,1.81,1.97,1.62,1.97,1.97,14600
27/02/2001,1.97,1.97,1.97,1.97,1.97,0
28/02/2001,1.94,1.97,1.94,1.97,1.97,3300
01/03/2001,1.94,1.94,1.88,1.88,1.88,21600
02/03/2001,2.12,2.12,2.12,2.12,2.12,100
05/03/2001,2.25,2.25,2.0,2.0,2.0,2000
06/03/2001,1.92,1.92,1.88,1.88,1.88,4700
07/03/2001,1.88,1.88,1.88,1.88,1.88,0
08/03/2001,1.88,1.88,1.88,1.88,1.88,1900
09/03/2001,1.8,1.8,1.8,1.8,1.8,200
12/03/2001,1.8,1.8,1.8,1.8,1.8,0
13/03/2001,1.91,2.0,1.91,2.0,2.0,2000
14/03/2001,1.94,1.94,1.75,1.75,1.75,2000
15/03/2001,1.75,1.75,1.75,1.75,1.75,3600
16/03/2001,1.62,1.62,1.5,1.5,1.5,2000
19/03/2001,1.75,1.75,1.75,1.75,1.75,5400
20/03/2001,1.94,1.94,1.94,1.94,1.94,1000
21/03/2001,1.81,1.81,1.81,1.81,1.81,100
22/03/2001,1.56,2.25,1.38,2.25,2.25,1500
23/03/2001,2.25,2.25,2.25,2.25,2.25,0
26/03/2001,2.25,2.25,2.25,2.25,2.25,0
27/03/2001,1.53,1.62,1.53,1.62,1.62,3000
28/03/2001,1.95,1.95,1.66,1.88,1.88,700
29/03/2001,1.69,1.69,1.69,1.69,1.69,2800
30/03/2001,1.69,1.84,1.66,1.84,1.84,1300
02/04/2001,1.66,1.66,1.66,1.66,1.66,300
03/04/2001,1.62,1.62,1.62,1.62,1.62,200
04/04/2001,1.62,1.62,1.62,1.62,1.62,0
05/04/2001,1.62,1.62,1.62,1.62,1.62,0
06/04/2001,1.62,1.62,1.62,1.62,1.62,0
09/04/2001,1.62,1.62,1.62,1.62,1.62,1000
10/04/2001,1.62,1.62,1.53,1.53,1.53,1400
11/04/2001,1.58,1.61,1.58,1.61,1.61,2200
12/04/2001,1.61,1.61,1.61,1.61,1.61,0
16/04/2001,1.62,1.63,1.51,1.51,1.51,8000
17/04/2001,1.51,1.85,1.51,1.85,1.85,200
18/04/2001,1.85,1.85,1.85,1.85,1.85,0
19/04/2001,1.55,1.55,1.55,1.55,1.55,100
20/04/2001,1.54,1.54,1.54,1.54,1.54,500
23/04/2001,1.85,2.0,1.85,2.0,2.0,600
24/04/2001,2.0,2.0,2.0,2.0,2.0,0
25/04/2001,1.55,2.0,1.55,2.0,2.0,300
26/04/2001,2.0,2.0,2.0,2.0,2.0,0
27/04/2001,1.7,1.7,1.6,1.6,1.6,2800
30/04/2001,1.6,1.6,1.6,1.6,1.6,0
01/05/2001,1.6,1.6,1.6,1.6,1.6,200
02/05/2001,1.6,1.6,1.6,1.6,1.6,1000
03/05/2001,1.6,1.6,1.6,1.6,1.6,2300
04/05/2001,1.6,1.6,1.6,1.6,1.6,0
07/05/2001,1.6,1.6,1.6,1.6,1.6,0
08/05/2001,1.6,1.6,1.6,1.6,1.6,0
09/05/2001,1.76,1.89,1.65,1.65,1.65,16200
10/05/2001,1.65,1.65,1.65,1.65,1.65,10100
11/05/2001,1.75,1.8,1.75,1.8,1.8,1600
14/05/2001,1.61,1.8,1.61,1.65,1.65,4300
15/05/2001,1.63,1.75,1.62,1.75,1.75,2500
16/05/2001,1.75,1.75,1.75,1.75,1.75,0
17/05/2001,1.75,1.75,1.75,1.75,1.75,2000
18/05/2001,1.75,1.75,1.75,1.75,1.75,400
21/05/2001,1.75,1.75,1.75,1.75,1.75,0
22/05/2001,1.62,1.7,1.62,1.7,1.7,6500
23/05/2001,1.63,1.63,1.62,1.62,1.62,600
24/05/2001,1.7,1.7,1.7,1.7,1.7,3100
25/05/2001,1.75,1.75,1.7,1.7,1.7,800
29/05/2001,1.7,1.7,1.63,1.63,1.63,2800
30/05/2001,1.63,1.63,1.63,1.63,1.63,500
31/05/2001,1.63,1.63,1.63,1.63,1.63,0
01/06/2001,1.63,1.63,1.63,1.63,1.63,1500
04/06/2001,1.63,1.63,1.63,1.63,1.63,1000
05/06/2001,1.7,1.7,1.65,1.65,1.65,3600
06/06/2001,1.7,1.7,1.7,1.7,1.7,200
07/06/2001,1.7,1.7,1.7,1.7,1.7,0
08/06/2001,1.68,1.7,1.68,1.7,1.7,3000
11/06/2001,1.7,1.7,1.6,1.6,1.6,3300
12/06/2001,1.6,1.6,1.6,1.6,1.6,0
13/06/2001,1.6,1.6,1.6,1.6,1.6,0
14/06/2001,1.6,1.6,1.6,1.6,1.6,2000
15/06/2001,1.65,1.65,1.65,1.65,1.65,600
18/06/2001,1.65,1.65,1.65,1.65,1.65,0
19/06/2001,1.65,1.65,1.5,1.5,1.5,3300
20/06/2001,1.5,1.5,1.5,1.5,1.5,0
21/06/2001,1.5,1.5,1.5,1.5,1.5,500
22/06/2001,1.51,1.51,1.51,1.51,1.51,11000
25/06/2001,1.51,1.51,1.5,1.5,1.5,9700
26/06/2001,1.5,1.5,1.5,1.5,1.5,1000
27/06/2001,1.5,1.5,1.5,1.5,1.5,0
28/06/2001,1.7,1.7,1.5,1.5,1.5,600
29/06/2001,1.5,1.5,1.5,1.5,1.5,0
02/07/2001,1.5,1.5,1.5,1.5,1.5,0
03/07/2001,1.5,1.5,1.5,1.5,1.5,0
05/07/2001,1.52,1.55,1.52,1.55,1.55,2200
06/07/2001,1.59,1.65,1.59,1.65,1.65,2300
09/07/2001,1.6,1.6,1.6,1.6,1.6,1000
10/07/2001,1.6,1.6,1.6,1.6,1.6,0
11/07/2001,1.63,1.63,1.55,1.55,1.55,7000
12/07/2001,1.62,1.7,1.55,1.55,1.55,3600
13/07/2001,1.62,1.62,1.62,1.62,1.62,700
16/07/2001,1.62,1.62,1.62,1.62,1.62,0
17/07/2001,1.62,1.62,1.62,1.62,1.62,0
18/07/2001,1.55,1.61,1.52,1.61,1.61,9500
19/07/2001,1.52,1.52,1.52,1.52,1.52,500
20/07/2001,1.52,1.52,1.52,1.52,1.52,0
23/07/2001,1.53,1.53,1.53,1.53,1.53,500
24/07/2001,1.53,1.53,1.53,1.53,1.53,0
25/07/2001,1.53,1.53,1.53,1.53,1.53,0
26/07/2001,1.52,1.52,1.51,1.51,1.51,2800
27/07/2001,1.5,1.52,1.5,1.52,1.52,5200
30/07/2001,1.52,1.52,1.45,1.5,1.5,6200
31/07/2001,1.5,1.5,1.5,1.5,1.5,0
01/08/2001,1.47,1.52,1.37,1.52,1.52,6700
02/08/2001,1.52,1.52,1.52,1.52,1.52,0
03/08/2001,1.52,1.52,1.52,1.52,1.52,0
06/08/2001,1.52,1.52,1.52,1.52,1.52,0
07/08/2001,1.51,1.51,1.15,1.25,1.25,4600
08/08/2001,1.25,1.25,1.25,1.25,1.25,0
09/08/2001,1.25,1.25,1.25,1.25,1.25,0
10/08/2001,1.51,1.51,1.51,1.51,1.51,200
13/08/2001,1.51,1.51,1.51,1.51,1.51,0
14/08/2001,1.35,1.35,1.26,1.26,1.26,500
15/08/2001,1.3,1.3,1.3,1.3,1.3,600
16/08/2001,1.3,1.3,1.3,1.3,1.3,200
17/08/2001,1.3,1.3,1.3,1.3,1.3,0
20/08/2001,1.3,1.3,1.3,1.3,1.3,0
21/08/2001,1.3,1.3,1.3,1.3,1.3,0
22/08/2001,1.3,1.3,1.3,1.3,1.3,0
23/08/2001,1.3,1.3,1.3,1.3,1.3,0
24/08/2001,1.3,1.3,1.3,1.3,1.3,0
27/08/2001,1.31,1.31,1.3,1.3,1.3,300
28/08/2001,1.3,1.3,1.3,1.3,1.3,0
29/08/2001,1.29,1.29,1.17,1.17,1.17,6600
30/08/2001,1.17,1.17,1.17,1.17,1.17,0
31/08/2001,1.35,1.35,1.35,1.35,1.35,1200
04/09/2001,1.2,1.2,1.17,1.17,1.17,3000
05/09/2001,1.17,1.17,1.17,1.17,1.17,0
06/09/2001,1.17,1.17,1.17,1.17,1.17,0
07/09/2001,1.17,1.17,1.17,1.17,1.17,0
10/09/2001,1.17,1.17,1.17,1.17,1.17,0
17/09/2001,1.15,1.15,1.15,1.15,1.15,100
18/09/2001,1.15,1.15,1.15,1.15,1.15,0
19/09/2001,1.15,1.15,1.15,1.15,1.15,0
20/09/2001,1.03,1.03,1.03,1.03,1.03,100
21/09/2001,1.03,1.03,1.03,1.03,1.03,500
24/09/2001,1.15,1.15,1.15,1.15,1.15,3900
25/09/2001,1.1,1.1,1.05,1.1,1.1,1600
26/09/2001,1.1,1.1,1.1,1.1,1.1,0
27/09/2001,1.1,1.1,1.1,1.1,1.1,0
28/09/2001,1.2,1.2,0.21,1.05,1.05,14800
01/10/2001,1.15,1.15,1.15,1.15,1.15,400
02/10/2001,1.15,1.15,1.15,1.15,1.15,0
03/10/2001,1.15,1.15,1.15,1.15,1.15,0
04/10/2001,1.15,1.15,1.15,1.15,1.15,0
05/10/2001,1.15,1.15,1.15,1.15,1.15,0
08/10/2001,1.15,1.15,1.15,1.15,1.15,0
09/10/2001,1.15,1.15,1.15,1.15,1.15,0
10/10/2001,0.8,1.1,0.75,1.1,1.1,2100
11/10/2001,1.15,1.15,1.15,1.15,1.15,500
12/10/2001,1.15,1.15,1.15,1.15,1.15,0
15/10/2001,1.15,1.15,1.15,1.15,1.15,0
16/10/2001,1.06,1.06,1.06,1.06,1.06,400
17/10/2001,1.06,1.06,1.06,1.06,1.06,1700
18/10/2001,1.06,1.06,1.06,1.06,1.06,0
19/10/2001,1.06,1.06,1.06,1.06,1.06,0
22/10/2001,1.08,1.08,1.08,1.08,1.08,1700
23/10/2001,1.1,1.1,1.08,1.08,1.08,3800
24/10/2001,1.08,1.08,1.08,1.08,1.08,0
25/10/2001,1.08,1.08,1.08,1.08,1.08,0
26/10/2001,0.97,1.12,0.97,1.12,1.12,800
29/10/2001,1.1,1.1,1.1,1.1,1.1,1600
30/10/2001,1.1,1.1,1.1,1.1,1.1,0
31/10/2001,1.1,1.1,1.1,1.1,1.1,0
01/11/2001,1.07,1.07,1.05,1.05,1.05,2600
02/11/2001,1.05,1.05,1.05,1.05,1.05,0
05/11/2001,1.05,1.05,1.05,1.05,1.05,0
06/11/2001,1.05,1.05,1.05,1.05,1.05,0
07/11/2001,1.1,1.12,1.1,1.12,1.12,600
08/11/2001,1.49,1.49,1.49,1.49,1.49,0
09/11/2001,1.4,1.4,1.4,1.4,1.4,2000
12/11/2001,1.4,1.4,1.4,1.4,1.4,0
13/11/2001,1.25,1.25,1.06,1.06,1.06,200
14/11/2001,1.06,1.06,1.06,1.06,1.06,300
15/11/2001,1.06,1.06,1.06,1.06,1.06,0
16/11/2001,1.06,1.06,1.06,1.06,1.06,0
19/11/2001,1.06,1.06,1.06,1.06,1.06,0
20/11/2001,1.07,1.3,1.07,1.1,1.1,1200
21/11/2001,1.1,1.1,1.1,1.1,1.1,0
23/11/2001,1.1,1.1,1.1,1.1,1.1,0
26/11/2001,1.3,1.34,1.3,1.34,1.34,12500
27/11/2001,1.4,1.4,1.1,1.39,1.39,6100
28/11/2001,1.39,1.39,1.39,1.39,1.39,0
29/11/2001,1.15,1.15,1.15,1.15,1.15,100
30/11/2001,1.15,1.15,1.15,1.15,1.15,0
03/12/2001,1.15,1.15,1.15,1.15,1.15,0
04/12/2001,1.22,1.22,1.16,1.22,1.22,7700
05/12/2001,1.15,1.15,1.11,1.11,1.11,2800
06/12/2001,1.11,1.11,1.08,1.08,1.08,11900
07/12/2001,1.07,1.15,1.02,1.02,1.02,5900
10/12/2001,1.01,1.01,1.0,1.0,1.0,12900
11/12/2001,1.06,1.06,0.99,0.99,0.99,4200
12/12/2001,1.0,1.0,0.92,1.0,1.0,11500
13/12/2001,0.9,0.9,0.8,0.8,0.8,4900
14/12/2001,0.82,0.85,0.8,0.85,0.85,12300
17/12/2001,0.84,1.0,0.8,1.0,1.0,3700
18/12/2001,1.0,1.0,1.0,1.0,1.0,0
19/12/2001,1.0,1.0,1.0,1.0,1.0,0
20/12/2001,0.92,0.93,0.81,0.92,0.92,16300
21/12/2001,0.92,0.92,0.76,0.76,0.76,13000
24/12/2001,0.85,0.89,0.76,0.85,0.85,16900
26/12/2001,0.89,0.9,0.89,0.9,0.9,5200
27/12/2001,0.9,0.9,0.9,0.9,0.9,0
28/12/2001,0.86,0.92,0.86,0.9,0.9,6300
31/12/2001,0.97,1.07,0.97,1.07,1.07,3100
02/01/2002,1.07,1.07,1.07,1.07,1.07,800
03/01/2002,0.99,1.15,0.99,1.15,1.15,8500
04/01/2002,0.99,1.05,0.95,1.05,1.05,2200
07/01/2002,1.06,1.15,1.06,1.15,1.15,1200
08/01/2002,1.15,1.15,1.15,1.15,1.15,0
09/01/2002,1.15,1.15,1.15,1.15,1.15,1800
10/01/2002,1.0,1.0,1.0,1.0,1.0,300
11/01/2002,1.1,1.1,1.1,1.1,1.1,1000
14/01/2002,1.1,1.1,1.1,1.1,1.1,0
15/01/2002,1.15,1.15,1.0,1.0,1.0,1900
16/01/2002,1.0,1.0,1.0,1.0,1.0,0
17/01/2002,1.0,1.0,1.0,1.0,1.0,0
18/01/2002,1.0,1.0,1.0,1.0,1.0,0
22/01/2002,1.0,1.0,1.0,1.0,1.0,0
23/01/2002,1.0,1.0,1.0,1.0,1.0,900
24/01/2002,1.0,1.0,1.0,1.0,1.0,0
25/01/2002,1.0,1.0,1.0,1.0,1.0,0
28/01/2002,1.0,1.0,1.0,1.0,1.0,300
29/01/2002,1.0,1.0,1.0,1.0,1.0,100
30/01/2002,1.0,1.0,1.0,1.0,1.0,0
31/01/2002,1.0,1.0,1.0,1.0,1.0,100
01/02/2002,1.0,1.0,1.0,1.0,1.0,2000
04/02/2002,1.0,1.0,1.0,1.0,1.0,0
05/02/2002,1.0,1.0,1.0,1.0,1.0,7500
06/02/2002,0.95,1.0,0.76,0.76,0.76,3500
07/02/2002,0.81,0.81,0.81,0.81,0.81,300
08/02/2002,0.81,0.81,0.81,0.81,0.81,0
11/02/2002,0.81,0.81,0.81,0.81,0.81,2000
12/02/2002,0.89,0.89,0.88,0.88,0.88,2100
13/02/2002,0.93,0.93,0.89,0.89,0.89,6000
14/02/2002,0.89,0.89,0.89,0.89,0.89,1000
15/02/2002,0.88,0.88,0.85,0.85,0.85,2200
19/02/2002,0.94,0.94,0.75,0.8,0.8,2800
20/02/2002,0.77,0.85,0.76,0.85,0.85,5300
21/02/2002,0.85,0.85,0.85,0.85,0.85,0
22/02/2002,0.85,0.85,0.85,0.85,0.85,0
25/02/2002,0.91,0.91,0.91,0.91,0.91,400
26/02/2002,0.91,0.91,0.91,0.91,0.91,0
27/02/2002,0.91,0.91,0.91,0.91,0.91,0
28/02/2002,0.91,0.91,0.91,0.91,0.91,0
01/03/2002,0.91,0.91,0.91,0.91,0.91,0
04/03/2002,0.91,0.91,0.91,0.91,0.91,0
05/03/2002,0.96,0.99,0.96,0.99,0.99,500
06/03/2002,0.99,1.0,0.98,1.0,1.0,7700
07/03/2002,1.01,1.2,1.01,1.15,1.15,18800
08/03/2002,1.14,1.2,1.14,1.15,1.15,2000
11/03/2002,1.33,1.33,1.06,1.29,1.29,7400
12/03/2002,1.31,1.31,1.31,1.31,1.31,600
13/03/2002,1.3,1.3,1.3,1.3,1.3,200
14/03/2002,1.25,1.25,1.25,1.25,1.25,2000
15/03/2002,1.25,1.25,1.25,1.25,1.25,0
18/03/2002,1.25,1.25,1.25,1.25,1.25,0
19/03/2002,1.15,1.15,1.15,1.15,1.15,500
20/03/2002,1.17,1.18,1.17,1.18,1.18,3300
21/03/2002,1.18,1.18,1.18,1.18,1.18,0
22/03/2002,1.24,1.24,1.24,1.24,1.24,100
25/03/2002,1.25,1.35,1.25,1.35,1.35,500
26/03/2002,1.35,1.35,1.35,1.35,1.35,0
27/03/2002,1.37,1.37,1.2,1.2,1.2,700
28/03/2002,1.2,1.2,1.2,1.2,1.2,0
01/04/2002,1.2,1.6,1.2,1.6,1.6,5700
02/04/2002,1.5,1.5,1.5,1.5,1.5,5000
03/04/2002,1.59,1.59,1.59,1.59,1.59,300
04/04/2002,1.51,1.59,1.5,1.59,1.59,1200
05/04/2002,1.6,1.6,1.5,1.6,1.6,36600
08/04/2002,1.51,1.51,1.4,1.4,1.4,2200
09/04/2002,1.5,1.55,1.5,1.55,1.55,2800
10/04/2002,1.5,1.54,1.4,1.54,1.54,800
11/04/2002,1.54,1.54,1.54,1.54,1.54,0
12/04/2002,1.49,1.49,1.4,1.4,1.4,800
15/04/2002,1.45,1.45,1.45,1.45,1.45,500
16/04/2002,1.53,1.53,1.5,1.5,1.5,1000
17/04/2002,1.15,1.32,1.05,1.32,1.32,3200
18/04/2002,1.31,1.4,1.31,1.4,1.4,1200
19/04/2002,1.58,1.58,1.5,1.58,1.58,3000
22/04/2002,1.31,1.6,1.31,1.58,1.58,5300
23/04/2002,1.45,1.45,1.45,1.45,1.45,400
24/04/2002,1.55,1.65,1.5,1.6,1.6,5400
25/04/2002,1.52,1.52,1.52,1.52,1.52,100
26/04/2002,1.5,1.55,1.25,1.55,1.55,2600
29/04/2002,1.55,1.55,1.55,1.55,1.55,0
30/04/2002,1.55,1.55,1.55,1.55,1.55,0
01/05/2002,1.55,1.55,1.55,1.55,1.55,0
02/05/2002,1.4,1.4,1.4,1.4,1.4,100
03/05/2002,1.4,1.4,1.4,1.4,1.4,0
06/05/2002,1.59,1.59,1.35,1.35,1.35,700
07/05/2002,1.6,1.65,1.6,1.65,1.65,2400
08/05/2002,1.65,1.65,1.65,1.65,1.65,0
09/05/2002,1.5,1.5,1.5,1.5,1.5,900
10/05/2002,1.64,1.64,1.64,1.64,1.64,100
13/05/2002,1.51,1.51,1.5,1.5,1.5,6700
14/05/2002,1.5,1.5,1.5,1.5,1.5,1200
15/05/2002,1.5,1.5,1.1,1.1,1.1,9700
16/05/2002,1.3,1.48,1.2,1.48,1.48,3300
17/05/2002,1.49,1.5,1.49,1.5,1.5,700
20/05/2002,1.5,1.5,1.5,1.5,1.5,0
21/05/2002,1.35,1.35,1.35,1.35,1.35,500
22/05/2002,1.35,1.35,1.35,1.35,1.35,0
23/05/2002,1.5,1.5,1.35,1.35,1.35,3700
24/05/2002,1.35,1.4,1.35,1.35,1.35,8400
28/05/2002,1.35,1.35,1.24,1.25,1.25,7300
29/05/2002,1.3,1.41,1.3,1.4,1.4,18000
30/05/2002,1.4,1.4,1.4,1.4,1.4,0
31/05/2002,1.45,1.52,1.45,1.45,1.45,600
03/06/2002,1.4,1.4,1.4,1.4,1.4,2000
04/06/2002,1.48,1.48,1.25,1.39,1.39,2900
05/06/2002,1.25,1.25,1.25,1.25,1.25,700
06/06/2002,1.25,1.25,1.2,1.2,1.2,5300
07/06/2002,1.2,1.2,1.05,1.14,1.14,4600
10/06/2002,1.14,1.14,1.14,1.14,1.14,0
11/06/2002,1.1,1.1,1.1,1.1,1.1,300
12/06/2002,1.2,1.2,1.16,1.16,1.16,1200
13/06/2002,1.2,1.39,1.2,1.39,1.39,4900
14/06/2002,1.39,1.39,1.39,1.39,1.39,0
17/06/2002,1.39,1.39,1.39,1.39,1.39,0
18/06/2002,1.3,1.31,1.3,1.31,1.31,1000
19/06/2002,1.3,1.3,1.25,1.25,1.25,2400
20/06/2002,1.25,1.25,1.25,1.25,1.25,1000
21/06/2002,1.25,1.25,1.25,1.25,1.25,3000
24/06/2002,1.25,1.25,1.2,1.2,1.2,2200
25/06/2002,1.2,1.2,1.2,1.2,1.2,0
26/06/2002,1.2,1.2,1.2,1.2,1.2,6000
27/06/2002,1.2,1.2,1.1,1.2,1.2,11200
28/06/2002,1.21,1.21,1.2,1.2,1.2,3300
01/07/2002,1.2,1.2,1.2,1.2,1.2,2000
02/07/2002,1.2,1.2,1.2,1.2,1.2,3000
03/07/2002,1.25,1.25,1.17,1.17,1.17,7700
05/07/2002,1.17,1.17,1.17,1.17,1.17,0
08/07/2002,1.17,1.17,1.17,1.17,1.17,0
09/07/2002,1.17,1.17,1.17,1.17,1.17,0
10/07/2002,1.2,1.2,1.2,1.2,1.2,1000
11/07/2002,1.2,1.2,1.2,1.2,1.2,0
12/07/2002,1.2,1.2,1.2,1.2,1.2,0
15/07/2002,1.2,1.2,1.2,1.2,1.2,500
16/07/2002,1.32,1.32,1.32,1.32,1.32,100
17/07/2002,1.32,1.32,1.32,1.32,1.32,0
18/07/2002,1.32,1.32,1.32,1.32,1.32,0
19/07/2002,1.32,1.32,1.32,1.32,1.32,0
22/07/2002,1.21,1.21,1.21,1.21,1.21,200
23/07/2002,1.2,1.2,1.2,1.2,1.2,1300
24/07/2002,1.2,1.2,1.2,1.2,1.2,1000
25/07/2002,1.2,1.2,1.2,1.2,1.2,0
26/07/2002,1.27,1.27,1.2,1.2,1.2,4500
29/07/2002,1.32,1.72,1.15,1.15,1.15,5800
30/07/2002,1.15,1.15,1.15,1.15,1.15,0
31/07/2002,1.15,1.15,1.15,1.15,1.15,0
01/08/2002,1.15,1.15,1.15,1.15,1.15,0
02/08/2002,1.15,1.15,1.15,1.15,1.15,0
05/08/2002,1.15,1.15,1.15,1.15,1.15,0
06/08/2002,1.2,1.2,1.15,1.15,1.15,900
07/08/2002,1.2,1.2,1.15,1.15,1.15,4200
08/08/2002,1.15,1.15,1.15,1.15,1.15,0
09/08/2002,1.15,1.15,1.15,1.15,1.15,0
12/08/2002,1.54,1.54,1.54,1.54,1.54,300
13/08/2002,1.54,1.54,1.54,1.54,1.54,300
14/08/2002,1.54,1.54,1.54,1.54,1.54,0
15/08/2002,1.54,1.54,1.54,1.54,1.54,0
16/08/2002,1.27,1.27,1.25,1.25,1.25,200
19/08/2002,1.25,1.25,1.25,1.25,1.25,0
20/08/2002,1.25,1.25,1.25,1.25,1.25,0
21/08/2002,1.25,1.25,1.25,1.25,1.25,0
22/08/2002,1.25,1.25,1.25,1.25,1.25,0
23/08/2002,1.53,1.53,1.31,1.31,1.31,1200
26/08/2002,1.28,1.28,1.28,1.28,1.28,500
27/08/2002,1.28,1.28,1.28,1.28,1.28,0
28/08/2002,1.28,1.28,1.28,1.28,1.28,0
29/08/2002,1.28,1.28,1.28,1.28,1.28,0
30/08/2002,1.4,1.41,1.4,1.41,1.41,1200
03/09/2002,1.45,1.45,1.41,1.41,1.41,2000
04/09/2002,1.41,1.41,1.41,1.41,1.41,0
05/09/2002,1.41,1.41,1.41,1.41,1.41,0
06/09/2002,1.4,1.4,1.4,1.4,1.4,3500
09/09/2002,1.4,1.4,1.4,1.4,1.4,0
10/09/2002,1.3,1.3,1.25,1.26,1.26,3700
11/09/2002,1.26,1.26,1.15,1.15,1.15,3000
12/09/2002,1.15,1.15,1.15,1.15,1.15,0
13/09/2002,1.15,1.15,1.15,1.15,1.15,0
16/09/2002,1.15,1.15,1.15,1.15,1.15,100
17/09/2002,1.15,1.15,1.15,1.15,1.15,0
18/09/2002,1.15,1.15,1.15,1.15,1.15,0
19/09/2002,1.12,1.12,1.12,1.12,1.12,2800
20/09/2002,1.12,1.12,1.12,1.12,1.12,0
23/09/2002,1.1,1.29,1.1,1.29,1.29,2800
24/09/2002,1.39,1.39,1.39,1.39,1.39,100
25/09/2002,1.39,1.39,1.39,1.39,1.39,0
26/09/2002,1.39,1.39,1.39,1.39,1.39,100
27/09/2002,1.39,1.39,1.39,1.39,1.39,0
30/09/2002,1.23,1.23,1.13,1.13,1.13,2300
01/10/2002,1.12,1.12,1.1,1.1,1.1,900
02/10/2002,1.12,1.12,1.11,1.11,1.11,1100
03/10/2002,1.11,1.11,1.11,1.11,1.11,0
04/10/2002,1.11,1.11,1.11,1.11,1.11,0
07/10/2002,1.11,1.11,1.11,1.11,1.11,0
08/10/2002,1.1,1.1,1.05,1.06,1.06,5600
09/10/2002,1.1,1.1,1.1,1.1,1.1,200
10/10/2002,1.1,1.11,1.1,1.11,1.11,800
11/10/2002,1.1,1.1,1.05,1.05,1.05,3500
14/10/2002,1.05,1.1,1.05,1.1,1.1,8000
15/10/2002,1.1,1.1,1.1,1.1,1.1,0
16/10/2002,1.1,1.1,1.1,1.1,1.1,0
17/10/2002,1.09,1.09,1.09,1.09,1.09,1000
18/10/2002,1.1,1.1,1.1,1.1,1.1,5000
21/10/2002,1.1,1.1,1.1,1.1,1.1,5000
22/10/2002,1.1,1.1,1.1,1.1,1.1,0
23/10/2002,1.0,1.0,1.0,1.0,1.0,500
24/10/2002,1.0,1.0,1.0,1.0,1.0,0
25/10/2002,1.05,1.05,1.05,1.05,1.05,7500
28/10/2002,1.05,1.05,1.05,1.05,1.05,0
29/10/2002,1.09,1.09,1.09,1.09,1.09,500
30/10/2002,1.15,1.15,1.15,1.15,1.15,200
31/10/2002,1.15,1.4,1.15,1.2,1.2,2700
01/11/2002,1.2,1.2,1.2,1.2,1.2,0
04/11/2002,1.16,1.2,1.16,1.2,1.2,200
05/11/2002,1.2,1.2,1.2,1.2,1.2,0
06/11/2002,1.2,1.2,1.2,1.2,1.2,0
07/11/2002,1.2,1.2,1.2,1.2,1.2,0
08/11/2002,1.25,1.25,1.25,1.25,1.25,2500
11/11/2002,1.25,1.25,1.25,1.25,1.25,0
12/11/2002,1.25,1.25,1.2,1.2,1.2,3200
13/11/2002,1.21,1.21,1.2,1.2,1.2,1000
14/11/2002,1.2,1.2,1.2,1.2,1.2,0
15/11/2002,1.2,1.2,1.2,1.2,1.2,0
18/11/2002,1.2,1.2,1.2,1.2,1.2,200
19/11/2002,1.2,1.2,1.1,1.1,1.1,2600
20/11/2002,1.02,1.02,1.02,1.02,1.02,100
21/11/2002,1.15,1.16,1.15,1.16,1.16,800
22/11/2002,1.1,1.1,1.05,1.1,1.1,1500
25/11/2002,1.1,1.1,1.1,1.1,1.1,0
26/11/2002,1.11,1.11,1.05,1.05,1.05,7000
27/11/2002,1.05,1.05,0.8,1.02,1.02,5900
29/11/2002,0.81,1.03,0.81,1.03,1.03,8200
02/12/2002,1.17,1.55,1.17,1.55,1.55,2700
03/12/2002,1.4,1.4,1.3,1.4,1.4,7600
04/12/2002,1.4,1.4,1.4,1.4,1.4,0
05/12/2002,1.27,1.27,1.06,1.06,1.06,1400
06/12/2002,1.2,1.2,1.2,1.2,1.2,300
09/12/2002,1.2,1.2,1.2,1.2,1.2,0
10/12/2002,1.2,1.2,1.2,1.2,1.2,0
11/12/2002,1.2,1.2,1.2,1.2,1.2,2500
12/12/2002,1.18,1.18,1.17,1.18,1.18,5100
13/12/2002,1.18,1.18,1.11,1.15,1.15,5000
16/12/2002,1.18,1.18,1.18,1.18,1.18,2800
17/12/2002,1.17,1.17,1.17,1.17,1.17,100
18/12/2002,1.17,1.17,1.17,1.17,1.17,0
19/12/2002,1.05,1.06,1.04,1.04,1.04,24500
20/12/2002,1.12,1.18,1.03,1.12,1.12,8500
23/12/2002,1.05,1.05,1.05,1.05,1.05,1600
24/12/2002,1.05,1.12,1.05,1.05,1.05,14400
26/12/2002,1.02,1.03,1.02,1.03,1.03,400
27/12/2002,1.01,1.01,1.0,1.0,1.0,2000
30/12/2002,1.02,1.02,1.02,1.02,1.02,100
31/12/2002,1.02,1.02,1.02,1.02,1.02,0
02/01/2003,1.11,1.12,1.11,1.12,1.12,1000
03/01/2003,1.12,1.12,1.12,1.12,1.12,0
06/01/2003,1.43,1.43,1.22,1.22,1.22,3700
07/01/2003,1.43,1.43,1.43,1.43,1.43,200
08/01/2003,1.43,1.43,1.43,1.43,1.43,0
09/01/2003,1.43,1.43,1.43,1.43,1.43,0
10/01/2003,1.26,1.26,1.2,1.2,1.2,800
13/01/2003,1.2,1.2,1.2,1.2,1.2,0
14/01/2003,1.26,1.39,1.26,1.39,1.39,200
15/01/2003,1.28,1.28,1.26,1.26,1.26,300
16/01/2003,1.26,1.26,1.26,1.26,1.26,100
17/01/2003,1.33,1.34,1.33,1.34,1.34,700
21/01/2003,1.34,1.34,1.34,1.34,1.34,0
22/01/2003,1.27,1.27,1.07,1.07,1.07,2500
23/01/2003,1.07,1.07,1.07,1.07,1.07,0
24/01/2003,1.13,1.13,1.12,1.12,1.12,1100
27/01/2003,1.12,1.12,1.12,1.12,1.12,0
28/01/2003,1.12,1.12,1.12,1.12,1.12,0
29/01/2003,1.14,1.32,1.13,1.31,1.31,4000
30/01/2003,1.31,1.31,1.31,1.31,1.31,0
31/01/2003,1.31,1.31,1.31,1.31,1.31,0
03/02/2003,1.31,1.31,1.31,1.31,1.31,0
04/02/2003,1.31,1.31,1.31,1.31,1.31,0
05/02/2003,1.31,1.31,1.31,1.31,1.31,0
06/02/2003,1.16,1.16,1.15,1.15,1.15,700
07/02/2003,1.15,1.15,1.15,1.15,1.15,0
10/02/2003,1.24,1.25,1.23,1.23,1.23,2100
11/02/2003,1.23,1.23,1.23,1.23,1.23,0
12/02/2003,1.15,1.15,1.15,1.15,1.15,4300
13/02/2003,1.15,1.15,1.15,1.15,1.15,0
14/02/2003,1.15,1.15,1.15,1.15,1.15,0
18/02/2003,1.15,1.15,1.15,1.15,1.15,0
19/02/2003,1.15,1.15,1.15,1.15,1.15,3800
20/02/2003,1.15,1.15,1.15,1.15,1.15,0
21/02/2003,1.24,1.24,1.24,1.24,1.24,200
24/02/2003,1.18,1.18,1.1,1.1,1.1,2500
25/02/2003,1.06,1.06,1.06,1.06,1.06,600
26/02/2003,1.06,1.06,1.06,1.06,1.06,1600
27/02/2003,1.08,1.08,1.08,1.08,1.08,300
28/02/2003,1.08,1.08,1.08,1.08,1.08,0
03/03/2003,1.09,1.09,1.08,1.08,1.08,600
04/03/2003,1.15,1.25,1.14,1.25,1.25,2400
05/03/2003,1.25,1.25,1.25,1.25,1.25,0
06/03/2003,1.25,1.25,1.25,1.25,1.25,0
07/03/2003,1.25,1.25,1.25,1.25,1.25,0
10/03/2003,1.25,1.25,1.25,1.25,1.25,0
11/03/2003,1.11,1.15,1.11,1.15,1.15,1600
12/03/2003,1.15,1.15,1.15,1.15,1.15,0
13/03/2003,1.11,1.11,0.65,1.05,1.05,7400
14/03/2003,1.05,1.05,1.05,1.05,1.05,0
17/03/2003,1.05,1.05,1.05,1.05,1.05,0
18/03/2003,1.05,1.05,1.05,1.05,1.05,600
19/03/2003,1.05,1.05,1.05,1.05,1.05,0
20/03/2003,1.09,1.1,1.09,1.1,1.1,700
21/03/2003,1.09,1.09,1.01,1.01,1.01,3000
24/03/2003,1.0,1.0,1.0,1.0,1.0,800
25/03/2003,1.15,1.15,1.15,1.15,1.15,900
26/03/2003,1.15,1.15,1.15,1.15,1.15,0
27/03/2003,1.15,1.15,1.15,1.15,1.15,100
28/03/2003,1.15,1.15,1.15,1.15,1.15,0
31/03/2003,1.15,1.15,1.15,1.15,1.15,0
01/04/2003,1.16,1.16,1.16,1.16,1.16,1200
02/04/2003,1.06,1.06,1.06,1.06,1.06,100
03/04/2003,1.06,1.06,1.06,1.06,1.06,0
04/04/2003,1.06,1.06,1.06,1.06,1.06,0
07/04/2003,1.19,1.19,1.19,1.19,1.19,500
08/04/2003,1.19,1.19,1.19,1.19,1.19,0
09/04/2003,1.02,1.02,1.0,1.0,1.0,2000
10/04/2003,1.0,1.0,1.0,1.0,1.0,0
11/04/2003,1.1,1.1,1.1,1.1,1.1,100
14/04/2003,1.05,1.05,1.05,1.05,1.05,1500
15/04/2003,1.05,1.05,1.05,1.05,1.05,0
16/04/2003,1.05,1.05,1.05,1.05,1.05,0
17/04/2003,1.05,1.05,1.05,1.05,1.05,0
21/04/2003,1.02,1.2,1.02,1.03,1.03,12300
22/04/2003,1.03,1.03,1.03,1.03,1.03,0
23/04/2003,1.18,1.18,1.18,1.18,1.18,100
24/04/2003,1.1,1.1,1.02,1.02,1.02,2600
25/04/2003,1.02,1.02,1.02,1.02,1.02,0
28/04/2003,1.05,1.05,1.02,1.02,1.02,6100
29/04/2003,1.02,1.02,1.02,1.02,1.02,0
30/04/2003,1.07,1.07,1.05,1.05,1.05,3000
01/05/2003,1.05,1.05,1.05,1.05,1.05,0
02/05/2003,1.17,1.25,1.17,1.24,1.24,7100
05/05/2003,1.04,1.04,1.04,1.04,1.04,800
06/05/2003,1.24,1.25,1.24,1.25,1.25,300
07/05/2003,1.08,1.08,1.08,1.08,1.08,100
08/05/2003,1.08,1.08,1.08,1.08,1.08,0
09/05/2003,1.07,1.07,1.04,1.04,1.04,3000
12/05/2003,1.2,1.24,1.14,1.14,1.14,1200
13/05/2003,1.14,1.14,1.14,1.14,1.14,0
14/05/2003,1.1,1.1,1.1,1.1,1.1,3500
15/05/2003,1.1,1.1,1.1,1.1,1.1,0
16/05/2003,1.1,1.1,1.1,1.1,1.1,0
19/05/2003,1.2,1.2,1.0,1.04,1.04,7900
20/05/2003,1.04,1.04,1.04,1.04,1.04,0
21/05/2003,1.04,1.04,1.04,1.04,1.04,0
22/05/2003,1.04,1.04,1.04,1.04,1.04,0
23/05/2003,1.04,1.04,1.04,1.04,1.04,0
27/05/2003,1.05,1.05,1.01,1.01,1.01,1000
28/05/2003,1.01,1.01,1.01,1.01,1.01,0
29/05/2003,1.1,1.1,1.1,1.1,1.1,100
30/05/2003,1.1,1.1,1.1,1.1,1.1,800
02/06/2003,1.14,1.14,1.1,1.1,1.1,1300
03/06/2003,1.2,1.2,1.2,1.2,1.2,200
04/06/2003,1.2,1.2,1.2,1.2,1.2,0
05/06/2003,1.1,1.19,1.0,1.19,1.19,2400
06/06/2003,1.19,1.19,1.19,1.19,1.19,0
09/06/2003,1.19,1.19,1.19,1.19,1.19,500
10/06/2003,1.19,1.19,1.19,1.19,1.19,0
11/06/2003,1.1,1.1,1.05,1.05,1.05,200
12/06/2003,1.1,1.1,1.1,1.1,1.1,300
13/06/2003,1.1,1.1,1.1,1.1,1.1,0
16/06/2003,1.15,1.15,1.15,1.15,1.15,200
17/06/2003,1.15,1.15,1.15,1.15,1.15,0
18/06/2003,1.15,1.15,1.15,1.15,1.15,0
19/06/2003,1.16,1.19,1.16,1.19,1.19,1100
20/06/2003,1.19,1.19,1.19,1.19,1.19,0
23/06/2003,1.19,1.19,1.19,1.19,1.19,0
24/06/2003,1.19,1.19,1.19,1.19,1.19,0
25/06/2003,1.19,1.19,1.19,1.19,1.19,0
26/06/2003,1.15,1.15,1.1,1.1,1.1,4100
27/06/2003,1.1,1.1,1.1,1.1,1.1,0
30/06/2003,1.1,1.1,1.1,1.1,1.1,0
01/07/2003,1.1,1.1,1.1,1.1,1.1,0
02/07/2003,1.11,1.11,1.11,1.11,1.11,200
03/07/2003,1.11,1.11,1.11,1.11,1.11,0
07/07/2003,1.11,1.15,1.11,1.15,1.15,700
08/07/2003,1.15,1.15,1.15,1.15,1.15,0
09/07/2003,1.23,1.4,1.23,1.4,1.4,5600
10/07/2003,1.4,1.4,1.4,1.4,1.4,0
11/07/2003,1.4,1.4,1.4,1.4,1.4,0
14/07/2003,1.4,1.45,1.33,1.33,1.33,2800
15/07/2003,1.4,1.4,1.4,1.4,1.4,1000
16/07/2003,1.4,1.4,1.4,1.4,1.4,0
17/07/2003,1.4,1.4,1.4,1.4,1.4,0
18/07/2003,1.3,1.3,1.24,1.24,1.24,2300
21/07/2003,1.24,1.24,1.24,1.24,1.24,0
22/07/2003,1.24,1.24,1.24,1.24,1.24,0
23/07/2003,1.24,1.24,1.24,1.24,1.24,0
24/07/2003,1.26,1.4,1.26,1.4,1.4,3800
25/07/2003,1.4,1.4,1.4,1.4,1.4,0
28/07/2003,1.4,1.4,1.4,1.4,1.4,0
29/07/2003,1.35,1.35,1.35,1.35,1.35,1000
30/07/2003,1.35,1.35,1.35,1.35,1.35,0
31/07/2003,1.35,1.35,1.3,1.3,1.3,2000
01/08/2003,1.3,1.3,1.27,1.27,1.27,1000
04/08/2003,1.27,1.27,1.27,1.27,1.27,0
05/08/2003,1.27,1.27,1.26,1.26,1.26,1200
06/08/2003,1.25,1.27,1.11,1.14,1.14,8400
07/08/2003,1.2,1.2,1.2,1.2,1.2,300
08/08/2003,1.2,1.2,1.2,1.2,1.2,0
11/08/2003,1.2,1.2,1.2,1.2,1.2,0
12/08/2003,1.25,1.39,1.25,1.39,1.39,2400
13/08/2003,1.39,1.39,1.39,1.39,1.39,0
14/08/2003,1.39,1.39,1.39,1.39,1.39,0
15/08/2003,1.39,1.39,1.39,1.39,1.39,0
18/08/2003,1.35,1.4,1.35,1.35,1.35,10300
19/08/2003,1.35,1.35,1.35,1.35,1.35,0
20/08/2003,1.35,1.35,1.3,1.31,1.31,1500
21/08/2003,1.31,1.31,1.31,1.31,1.31,0
22/08/2003,1.35,1.37,1.35,1.37,1.37,3800
25/08/2003,1.37,1.37,1.37,1.37,1.37,0
26/08/2003,1.35,1.35,1.35,1.35,1.35,3000
27/08/2003,1.31,1.31,1.1,1.1,1.1,900
28/08/2003,1.1,1.34,1.1,1.34,1.34,1600
29/08/2003,1.38,1.38,1.34,1.34,1.34,2600
02/09/2003,1.36,1.4,1.36,1.37,1.37,3200
03/09/2003,1.37,1.37,1.25,1.25,1.25,2800
04/09/2003,1.25,1.25,1.25,1.25,1.25,1100
05/09/2003,1.25,1.25,1.25,1.25,1.25,0
08/09/2003,1.25,1.34,1.2,1.25,1.25,1600
09/09/2003,1.25,1.25,1.25,1.25,1.25,0
10/09/2003,1.25,1.25,1.25,1.25,1.25,0
11/09/2003,1.25,1.25,1.25,1.25,1.25,0
12/09/2003,1.26,1.26,1.26,1.26,1.26,1100
15/09/2003,1.26,1.26,1.26,1.26,1.26,0
16/09/2003,1.27,1.28,1.27,1.28,1.28,3000
17/09/2003,1.28,1.28,1.28,1.28,1.28,0
18/09/2003,1.36,1.36,1.32,1.32,1.32,7500
19/09/2003,1.32,1.32,1.32,1.32,1.32,0
22/09/2003,1.31,1.31,1.29,1.29,1.29,500
23/09/2003,1.26,1.26,1.26,1.26,1.26,100
24/09/2003,1.26,1.26,1.26,1.26,1.26,0
25/09/2003,1.26,1.26,1.26,1.26,1.26,0
26/09/2003,1.26,1.26,1.26,1.26,1.26,0
29/09/2003,1.32,1.32,1.21,1.26,1.26,15300
30/09/2003,1.27,1.27,1.27,1.27,1.27,100
01/10/2003,1.3,1.3,1.3,1.3,1.3,100
02/10/2003,1.3,1.3,1.3,1.3,1.3,400
03/10/2003,1.3,1.3,1.3,1.3,1.3,0
06/10/2003,1.34,1.35,1.3,1.3,1.3,1100
07/10/2003,1.3,1.3,1.3,1.3,1.3,100
08/10/2003,1.3,1.3,1.3,1.3,1.3,0
09/10/2003,1.33,1.33,1.33,1.33,1.33,100
10/10/2003,1.31,1.31,1.31,1.31,1.31,100
13/10/2003,1.67,1.67,1.3,1.3,1.3,13700
14/10/2003,1.42,1.42,1.42,1.42,1.42,100
15/10/2003,1.42,1.42,1.33,1.33,1.33,800
16/10/2003,1.65,1.9,1.35,1.55,1.55,12400
17/10/2003,1.9,1.9,1.5,1.57,1.57,2900
20/10/2003,1.85,1.85,1.7,1.7,1.7,6900
21/10/2003,1.92,2.4,1.82,2.2,2.2,25100
22/10/2003,2.33,2.37,2.23,2.32,2.32,27100
23/10/2003,2.33,2.33,2.19,2.3,2.3,7900
24/10/2003,2.2,2.25,1.85,2.15,2.15,8700
27/10/2003,1.75,2.25,1.75,2.15,2.15,8200
28/10/2003,2.15,2.25,2.1,2.14,2.14,3900
29/10/2003,2.14,2.14,1.85,1.86,1.86,9200
30/10/2003,1.85,2.24,1.85,2.24,2.24,10600
31/10/2003,1.87,2.29,1.85,2.23,2.23,4300
03/11/2003,1.9,2.24,1.9,2.07,2.07,5800
04/11/2003,2.05,2.05,2.0,2.0,2.0,6000
05/11/2003,2.15,2.15,1.95,2.09,2.09,2700
06/11/2003,1.96,1.96,1.96,1.96,1.96,500
07/11/2003,2.22,2.22,2.0,2.01,2.01,3800
10/11/2003,2.01,2.01,1.96,1.96,1.96,1000
11/11/2003,1.93,1.94,1.92,1.94,1.94,4100
12/11/2003,1.94,1.94,1.94,1.94,1.94,0
13/11/2003,1.94,2.15,1.94,2.14,2.14,4400
14/11/2003,2.19,2.2,1.98,1.98,1.98,3200
17/11/2003,2.15,2.15,2.15,2.15,2.15,500
18/11/2003,1.93,2.17,1.93,2.16,2.16,3500
19/11/2003,2.0,2.2,2.0,2.16,2.16,10500
20/11/2003,1.92,2.16,1.92,1.93,1.93,3800
21/11/2003,2.21,2.21,2.05,2.05,2.05,1900
24/11/2003,1.95,2.0,1.95,2.0,2.0,1600
25/11/2003,2.0,2.05,1.94,1.94,1.94,1500
26/11/2003,2.12,2.12,1.91,2.0,2.0,6700
28/11/2003,2.0,2.0,2.0,2.0,2.0,0
01/12/2003,2.15,2.15,2.0,2.04,2.04,5700
02/12/2003,2.04,2.04,2.04,2.04,2.04,0
03/12/2003,1.82,2.14,1.7,2.14,2.14,1300
04/12/2003,1.98,1.98,1.98,1.98,1.98,100
05/12/2003,1.99,1.99,1.99,1.99,1.99,500
08/12/2003,2.15,2.15,2.06,2.06,2.06,2700
09/12/2003,2.07,2.07,2.03,2.03,2.03,400
10/12/2003,2.0,2.09,2.0,2.0,2.0,3100
11/12/2003,2.0,2.0,1.79,1.99,1.99,6600
12/12/2003,1.75,1.83,1.75,1.83,1.83,200
15/12/2003,1.97,1.97,1.97,1.97,1.97,1000
16/12/2003,1.97,1.97,1.93,1.93,1.93,1200
17/12/2003,1.93,1.93,1.93,1.93,1.93,0
18/12/2003,1.84,1.95,1.84,1.95,1.95,400
19/12/2003,1.83,1.92,1.83,1.92,1.92,400
22/12/2003,1.9,1.99,1.9,1.9,1.9,5300
23/12/2003,1.8,1.97,1.8,1.97,1.97,1500
24/12/2003,1.83,1.83,1.83,1.83,1.83,400
26/12/2003,1.83,1.83,1.83,1.83,1.83,0
29/12/2003,1.83,1.98,1.7,1.98,1.98,1300
30/12/2003,1.75,1.95,1.75,1.95,1.95,1100
31/12/2003,1.95,1.95,1.95,1.95,1.95,0
02/01/2004,1.9,1.96,1.9,1.95,1.95,2100
05/01/2004,1.85,2.0,1.85,2.0,2.0,1800
06/01/2004,2.0,2.0,2.0,2.0,2.0,0
07/01/2004,2.09,2.09,1.83,1.91,1.91,1800
08/01/2004,1.77,2.1,1.76,2.1,2.1,4200
09/01/2004,2.11,2.11,2.06,2.1,2.1,3900
12/01/2004,2.1,2.1,2.1,2.1,2.1,0
13/01/2004,1.83,1.96,1.8,1.96,1.96,6200
14/01/2004,2.06,2.08,1.98,1.98,1.98,1300
15/01/2004,1.98,1.98,1.98,1.98,1.98,0
16/01/2004,1.95,1.95,1.95,1.95,1.95,500
20/01/2004,1.87,2.06,1.87,2.06,2.06,6500
21/01/2004,1.84,1.98,1.84,1.98,1.98,600
22/01/2004,1.87,2.05,1.85,2.05,2.05,4300
23/01/2004,2.04,2.09,2.04,2.06,2.06,2000
26/01/2004,2.06,2.06,2.06,2.06,2.06,0
27/01/2004,2.0,2.05,2.0,2.02,2.02,2800
28/01/2004,2.09,2.15,2.09,2.13,2.13,9900
29/01/2004,2.16,2.16,2.15,2.15,2.15,2000
30/01/2004,2.0,2.2,2.0,2.11,2.11,5500
02/02/2004,2.11,2.18,2.11,2.18,2.18,3500
03/02/2004,2.19,2.19,2.19,2.19,2.19,300
04/02/2004,2.19,2.19,2.19,2.19,2.19,0
05/02/2004,2.19,2.19,2.19,2.19,2.19,0
06/02/2004,2.13,2.13,2.13,2.13,2.13,400
09/02/2004,2.13,2.13,2.13,2.13,2.13,0
10/02/2004,2.13,2.13,2.13,2.13,2.13,0
11/02/2004,2.15,2.15,2.12,2.13,2.13,1600
12/02/2004,2.12,2.12,2.12,2.12,2.12,600
13/02/2004,2.12,2.12,2.12,2.12,2.12,0
17/02/2004,2.14,2.15,2.14,2.15,2.15,2000
18/02/2004,2.15,2.15,2.15,2.15,2.15,0
19/02/2004,2.15,2.15,1.82,2.1,2.1,3800
20/02/2004,2.1,2.1,2.1,2.1,2.1,0
23/02/2004,2.1,2.2,2.1,2.12,2.12,3500
24/02/2004,2.12,2.12,2.12,2.12,2.12,0
25/02/2004,2.12,2.12,2.12,2.12,2.12,0
26/02/2004,1.91,1.91,1.91,1.91,1.91,300
27/02/2004,2.23,2.23,2.08,2.08,2.08,3200
01/03/2004,2.08,2.1,2.08,2.1,2.1,2000
02/03/2004,2.12,2.13,2.12,2.13,2.13,1000
03/03/2004,2.15,2.22,2.15,2.22,2.22,4600
04/03/2004,2.08,2.08,2.08,2.08,2.08,100
05/03/2004,2.1,2.1,2.1,2.1,2.1,1300
08/03/2004,2.34,2.34,2.2,2.2,2.2,6700
09/03/2004,2.25,2.34,2.25,2.33,2.33,7100
10/03/2004,2.26,2.26,2.25,2.25,2.25,3500
11/03/2004,1.9,2.35,1.9,2.29,2.29,14700
12/03/2004,2.04,2.25,2.04,2.2,2.2,5100
15/03/2004,2.11,2.17,1.99,2.12,2.12,3800
16/03/2004,2.07,2.19,2.07,2.19,2.19,700
17/03/2004,2.1,2.15,2.03,2.12,2.12,10200
18/03/2004,2.15,2.15,2.05,2.07,2.07,13400
19/03/2004,2.01,2.01,1.64,1.83,1.83,12400
22/03/2004,1.88,1.99,1.44,1.57,1.57,13400
23/03/2004,1.57,1.91,1.57,1.8,1.8,14300
24/03/2004,1.7,1.81,1.7,1.8,1.8,3300
25/03/2004,1.8,1.8,1.8,1.8,1.8,0
26/03/2004,1.76,1.79,1.76,1.79,1.79,700
29/03/2004,1.8,1.92,1.62,1.73,1.73,9900
30/03/2004,1.7,1.92,1.63,1.63,1.63,4600
31/03/2004,1.86,2.3,1.63,2.0,2.0,50500
01/04/2004,2.01,2.39,2.01,2.25,2.25,39200
02/04/2004,2.33,2.55,2.26,2.53,2.53,45900
05/04/2004,2.8,3.75,2.8,3.12,3.12,112100
06/04/2004,3.25,3.65,2.81,2.97,2.97,64900
07/04/2004,3.01,3.02,2.78,2.78,2.78,16600
08/04/2004,2.85,2.89,2.43,2.6,2.6,13200
12/04/2004,2.51,2.87,2.51,2.55,2.55,8100
13/04/2004,2.66,2.66,2.36,2.43,2.43,11400
14/04/2004,2.42,2.84,2.37,2.76,2.76,29300
15/04/2004,2.7,2.85,2.66,2.66,2.66,8500
16/04/2004,2.78,2.87,2.67,2.67,2.67,1700
19/04/2004,2.8,2.8,2.6,2.72,2.72,4900
20/04/2004,2.67,2.87,2.5,2.79,2.79,4400
21/04/2004,2.86,2.88,2.86,2.88,2.88,5600
22/04/2004,2.66,2.79,2.65,2.67,2.67,5500
23/04/2004,2.78,2.87,2.7,2.77,2.77,5200
26/04/2004,2.82,3.02,2.82,2.9,2.9,5700
27/04/2004,2.85,2.9,2.76,2.76,2.76,6000
28/04/2004,2.85,2.85,2.65,2.74,2.74,3800
29/04/2004,2.76,2.91,2.23,2.5,2.5,16400
30/04/2004,2.79,2.79,2.49,2.56,2.56,6900
03/05/2004,2.56,2.62,2.49,2.5,2.5,12300
04/05/2004,2.5,2.5,2.34,2.34,2.34,3500
05/05/2004,2.38,2.38,2.38,2.38,2.38,300
06/05/2004,2.45,3.49,2.45,3.04,3.04,89100
07/05/2004,3.15,3.55,3.1,3.16,3.16,75900
10/05/2004,3.19,3.2,2.75,2.99,2.99,36000
11/05/2004,2.61,3.01,2.61,2.75,2.75,17600
12/05/2004,2.62,2.76,2.62,2.75,2.75,1300
13/05/2004,3.0,3.05,2.9,3.05,3.05,11300
14/05/2004,3.14,4.0,2.95,3.95,3.95,147200
17/05/2004,4.05,4.05,3.3,3.5,3.5,84500
18/05/2004,3.32,3.58,3.27,3.44,3.44,25500
19/05/2004,3.49,3.49,3.36,3.37,3.37,17300
20/05/2004,3.36,3.51,3.35,3.41,3.41,27800
21/05/2004,3.27,3.41,3.2,3.25,3.25,17500
24/05/2004,3.17,3.17,2.85,3.13,3.13,26900
25/05/2004,3.07,3.39,2.86,3.2,3.2,43300
26/05/2004,2.88,3.28,2.88,3.23,3.23,11000
27/05/2004,3.29,3.29,3.04,3.14,3.14,5000
28/05/2004,3.16,3.5,3.07,3.25,3.25,32800
01/06/2004,3.26,3.28,3.0,3.11,3.11,11300
02/06/2004,3.3,3.3,3.11,3.25,3.25,15300
03/06/2004,3.35,3.35,3.14,3.15,3.15,1500
04/06/2004,3.11,3.15,3.0,3.11,3.11,12300
07/06/2004,3.39,3.4,3.19,3.25,3.25,4100
08/06/2004,3.47,3.47,3.33,3.33,3.33,400
09/06/2004,3.3,3.38,3.28,3.38,3.38,1900
10/06/2004,3.49,3.6,3.25,3.29,3.29,11300
14/06/2004,3.4,3.4,3.22,3.26,3.26,3600
15/06/2004,3.29,3.31,3.03,3.15,3.15,20400
16/06/2004,3.23,3.29,3.21,3.25,3.25,4900
17/06/2004,3.3,3.55,3.25,3.25,3.25,17200
18/06/2004,3.44,3.49,3.27,3.41,3.41,6800
21/06/2004,3.44,3.46,3.28,3.29,3.29,12400
22/06/2004,3.19,3.34,3.05,3.1,3.1,8000
23/06/2004,3.06,3.12,2.86,3.12,3.12,17300
24/06/2004,3.18,3.31,3.18,3.3,3.3,1000
25/06/2004,3.35,3.35,3.01,3.22,3.22,1800
28/06/2004,3.29,3.29,3.14,3.26,3.26,3800
29/06/2004,3.02,3.27,3.02,3.22,3.22,1700
30/06/2004,3.13,3.13,3.1,3.11,3.11,4100
01/07/2004,3.04,3.3,3.04,3.18,3.18,9600
02/07/2004,3.21,3.28,3.09,3.28,3.28,5500
06/07/2004,3.25,3.26,3.24,3.26,3.26,3000
07/07/2004,3.3,3.3,3.25,3.29,3.29,3000
08/07/2004,3.05,3.29,3.05,3.26,3.26,6900
09/07/2004,3.33,3.33,3.1,3.21,3.21,2800
12/07/2004,3.29,3.3,3.06,3.25,3.25,6800
13/07/2004,3.11,3.28,3.07,3.07,3.07,4600
14/07/2004,3.16,3.27,3.16,3.25,3.25,3100
15/07/2004,3.25,3.25,3.21,3.25,3.25,900
16/07/2004,3.2,3.2,3.14,3.2,3.2,2100
19/07/2004,3.12,3.15,3.12,3.14,3.14,1400
20/07/2004,3.07,3.07,3.05,3.05,3.05,4100
21/07/2004,3.02,3.04,2.98,2.98,2.98,12400
22/07/2004,2.95,3.0,2.76,2.94,2.94,20600
23/07/2004,2.76,2.89,2.5,2.6,2.6,12000
26/07/2004,2.53,2.9,2.52,2.68,2.68,23700
27/07/2004,2.63,2.86,2.56,2.84,2.84,4200
28/07/2004,2.73,2.9,2.61,2.75,2.75,11500
29/07/2004,2.67,2.8,2.67,2.78,2.78,6200
30/07/2004,2.65,2.75,2.62,2.68,2.68,4900
02/08/2004,2.62,2.86,2.61,2.85,2.85,2400
03/08/2004,2.93,3.23,2.72,3.2,3.2,37600
04/08/2004,3.25,3.25,3.05,3.16,3.16,34200
05/08/2004,3.13,3.13,2.76,2.76,2.76,19200
06/08/2004,2.86,2.9,2.82,2.84,2.84,3300
09/08/2004,2.8,2.82,2.66,2.8,2.8,13800
10/08/2004,2.95,3.01,2.95,3.0,3.0,16100
11/08/2004,2.96,3.0,2.88,3.0,3.0,2000
12/08/2004,3.0,3.06,3.0,3.05,3.05,1800
13/08/2004,3.01,3.01,3.0,3.0,3.0,4300
16/08/2004,2.95,3.15,2.95,3.15,3.15,12500
17/08/2004,3.15,3.15,3.15,3.15,3.15,3000
18/08/2004,3.19,3.19,3.12,3.12,3.12,1800
19/08/2004,3.11,3.28,3.01,3.15,3.15,8200
20/08/2004,3.15,3.2,3.13,3.2,3.2,19500
23/08/2004,3.2,3.25,3.2,3.21,3.21,10500
24/08/2004,3.15,3.2,3.06,3.12,3.12,28800
25/08/2004,3.08,3.17,3.08,3.15,3.15,3100
26/08/2004,3.09,3.09,3.05,3.05,3.05,1000
27/08/2004,3.05,3.11,3.05,3.1,3.1,3600
30/08/2004,3.1,3.13,3.1,3.11,3.11,1200
31/08/2004,3.07,3.17,3.07,3.14,3.14,3200
01/09/2004,2.86,3.2,2.86,3.2,3.2,1100
02/09/2004,2.92,3.29,2.65,3.24,3.24,17300
03/09/2004,2.99,3.29,2.99,3.29,3.29,5600
07/09/2004,3.3,3.4,3.17,3.28,3.28,14500
08/09/2004,3.3,3.36,3.3,3.34,3.34,19100
09/09/2004,3.34,3.4,3.3,3.32,3.32,14200
10/09/2004,3.37,3.37,3.05,3.14,3.14,21500
13/09/2004,3.18,3.27,3.17,3.27,3.27,7100
14/09/2004,3.31,3.35,3.22,3.31,3.31,16700
15/09/2004,3.37,3.42,3.3,3.35,3.35,7100
16/09/2004,3.4,3.44,3.4,3.44,3.44,9400
17/09/2004,3.4,3.4,3.3,3.31,3.31,5600
20/09/2004,3.44,3.45,3.32,3.32,3.32,1900
21/09/2004,3.4,3.43,3.35,3.35,3.35,7000
22/09/2004,3.43,3.43,3.3,3.3,3.3,6100
23/09/2004,3.03,3.39,3.03,3.39,3.39,6900
24/09/2004,3.37,3.43,3.37,3.43,3.43,3200
27/09/2004,3.6,3.6,3.4,3.43,3.43,2500
28/09/2004,3.41,3.44,3.11,3.4,3.4,9400
29/09/2004,3.36,3.5,3.18,3.5,3.5,900
30/09/2004,3.47,3.94,3.31,3.83,3.83,25800
01/10/2004,3.95,3.99,3.74,3.86,3.86,12700
04/10/2004,3.93,4.0,3.81,4.0,4.0,14100
05/10/2004,3.8,3.91,3.56,3.9,3.9,17600
06/10/2004,3.7,3.89,3.7,3.78,3.78,700
07/10/2004,3.78,3.89,3.68,3.79,3.79,11900
08/10/2004,3.7,3.82,3.65,3.79,3.79,2600
11/10/2004,4.15,4.2,3.62,3.91,3.91,13500
12/10/2004,3.77,3.92,3.76,3.92,3.92,3600
13/10/2004,3.79,3.82,3.61,3.8,3.8,5600
14/10/2004,3.76,3.76,3.61,3.76,3.76,1400
15/10/2004,3.76,3.76,3.76,3.76,3.76,0
18/10/2004,3.68,3.68,3.68,3.68,3.68,1300
19/10/2004,3.7,3.7,3.57,3.57,3.57,10900
20/10/2004,3.57,3.6,3.38,3.57,3.57,5700
21/10/2004,3.5,3.5,3.5,3.5,3.5,100
22/10/2004,3.5,3.6,3.5,3.6,3.6,1100
25/10/2004,3.5,3.5,3.21,3.49,3.49,3700
26/10/2004,3.33,3.49,3.33,3.49,3.49,1900
27/10/2004,3.3,3.48,3.08,3.48,3.48,2400
28/10/2004,3.4,3.49,3.4,3.47,3.47,1200
29/10/2004,3.48,3.5,3.48,3.5,3.5,800
01/11/2004,3.45,3.64,3.17,3.64,3.64,3300
02/11/2004,3.35,3.49,3.35,3.49,3.49,2300
03/11/2004,3.49,3.49,3.49,3.49,3.49,0
04/11/2004,3.21,3.75,3.21,3.48,3.48,8400
05/11/2004,3.38,3.48,3.38,3.42,3.42,400
08/11/2004,3.32,3.43,3.32,3.43,3.43,27700
09/11/2004,3.26,3.89,3.26,3.49,3.49,3600
10/11/2004,3.47,3.5,3.47,3.5,3.5,2700
11/11/2004,3.5,3.5,3.5,3.5,3.5,0
12/11/2004,3.5,3.5,3.5,3.5,3.5,0
15/11/2004,3.3,3.8,3.3,3.6,3.6,9200
16/11/2004,3.4,3.45,3.4,3.45,3.45,600
17/11/2004,3.42,3.7,3.42,3.6,3.6,30100
18/11/2004,3.4,3.6,3.4,3.6,3.6,2800
19/11/2004,3.75,3.75,3.51,3.62,3.62,7900
22/11/2004,3.56,3.6,3.5,3.5,3.5,29700
23/11/2004,3.5,3.55,3.48,3.5,3.5,10300
24/11/2004,3.5,3.5,3.25,3.46,3.46,3200
26/11/2004,3.5,3.5,3.5,3.5,3.5,500
29/11/2004,3.27,3.59,3.25,3.49,3.49,7200
30/11/2004,3.45,3.48,3.29,3.41,3.41,3200
01/12/2004,3.49,3.5,3.41,3.42,3.42,21500
02/12/2004,3.36,3.53,3.36,3.45,3.45,5900
03/12/2004,3.33,3.46,3.29,3.41,3.41,5600
06/12/2004,3.41,3.41,3.41,3.41,3.41,0
07/12/2004,3.36,3.36,3.31,3.31,3.31,1800
08/12/2004,3.32,3.32,3.15,3.15,3.15,5100
09/12/2004,3.29,3.29,3.18,3.25,3.25,4800
10/12/2004,3.3,3.3,3.25,3.28,3.28,1900
13/12/2004,3.35,3.36,3.34,3.36,3.36,2700
14/12/2004,3.48,3.48,3.48,3.48,3.48,500
15/12/2004,3.5,3.5,3.45,3.5,3.5,10600
16/12/2004,3.51,3.8,3.51,3.8,3.8,10400
17/12/2004,3.8,3.8,3.8,3.8,3.8,0
20/12/2004,3.8,3.8,3.48,3.65,3.65,12100
21/12/2004,3.6,3.8,3.5,3.76,3.76,5400
22/12/2004,3.71,3.74,3.55,3.63,3.63,6300
23/12/2004,3.6,3.6,3.56,3.56,3.56,1800
27/12/2004,3.53,3.6,3.4,3.5,3.5,5800
28/12/2004,3.58,3.58,3.58,3.58,3.58,100
29/12/2004,3.58,3.58,3.58,3.58,3.58,0
30/12/2004,3.31,3.67,3.31,3.52,3.52,8200
31/12/2004,3.65,3.8,3.56,3.79,3.79,2100
03/01/2005,3.8,3.8,3.35,3.7,3.7,5600
04/01/2005,3.74,3.74,3.25,3.7,3.7,6600
05/01/2005,3.7,3.7,3.7,3.7,3.7,0
06/01/2005,3.31,3.61,3.31,3.61,3.61,1500
07/01/2005,3.54,3.54,3.5,3.5,3.5,2100
10/01/2005,3.7,3.7,3.7,3.7,3.7,500
11/01/2005,3.6,3.6,3.6,3.6,3.6,100
12/01/2005,3.5,3.5,3.5,3.5,3.5,5000
13/01/2005,3.5,3.5,3.5,3.5,3.5,0
14/01/2005,3.5,3.5,3.5,3.5,3.5,0
18/01/2005,3.5,3.5,3.5,3.5,3.5,0
19/01/2005,3.46,3.5,3.4,3.5,3.5,900
20/01/2005,3.59,3.6,3.31,3.51,3.51,2700
21/01/2005,3.51,3.51,3.51,3.51,3.51,400
24/01/2005,3.65,3.65,3.55,3.55,3.55,2000
25/01/2005,3.5,3.58,3.41,3.58,3.58,4200
26/01/2005,3.59,3.59,3.55,3.59,3.59,2400
27/01/2005,3.59,3.59,3.59,3.59,3.59,0
28/01/2005,3.32,3.42,3.32,3.4,3.4,1300
31/01/2005,3.5,3.5,3.5,3.5,3.5,1000
01/02/2005,3.33,3.5,3.11,3.49,3.49,9600
02/02/2005,3.49,3.54,3.49,3.54,3.54,1400
03/02/2005,3.46,3.46,3.43,3.43,3.43,1600
04/02/2005,3.31,3.43,3.31,3.43,3.43,1300
07/02/2005,3.65,3.65,3.47,3.47,3.47,2800
08/02/2005,3.47,3.47,3.47,3.47,3.47,0
09/02/2005,3.47,3.47,3.47,3.47,3.47,0
10/02/2005,3.41,3.51,3.41,3.41,3.41,1300
11/02/2005,3.41,3.41,3.41,3.41,3.41,600
14/02/2005,3.54,3.7,3.54,3.6,3.6,6800
15/02/2005,3.68,3.7,3.65,3.65,3.65,3500
16/02/2005,3.69,3.69,3.47,3.63,3.63,3900
17/02/2005,3.64,3.64,3.47,3.58,3.58,1800
18/02/2005,3.5,3.51,3.5,3.51,3.51,2300
22/02/2005,3.41,3.56,3.33,3.53,3.53,15900
23/02/2005,3.7,3.7,3.53,3.55,3.55,700
24/02/2005,3.55,3.55,3.55,3.55,3.55,0
25/02/2005,3.55,3.59,3.55,3.59,3.59,800
28/02/2005,3.52,3.52,3.52,3.52,3.52,400
01/03/2005,3.66,3.69,3.66,3.68,3.68,2000
02/03/2005,3.64,3.64,3.61,3.61,3.61,2000
03/03/2005,3.61,3.61,3.61,3.61,3.61,0
04/03/2005,3.61,3.61,3.61,3.61,3.61,0
07/03/2005,3.69,3.69,3.6,3.6,3.6,1800
08/03/2005,3.6,3.95,3.6,3.67,3.67,22200
09/03/2005,3.61,3.61,3.6,3.6,3.6,2100
10/03/2005,3.62,3.9,3.62,3.63,3.63,5300
11/03/2005,3.74,3.74,3.74,3.74,3.74,100
14/03/2005,3.74,3.74,3.74,3.74,3.74,100
15/03/2005,3.74,3.74,3.74,3.74,3.74,0
16/03/2005,3.65,3.65,3.6,3.6,3.6,7100
17/03/2005,3.73,3.8,3.73,3.8,3.8,2000
18/03/2005,4.0,5.73,3.92,5.3,5.3,607300
21/03/2005,5.44,5.44,4.37,4.57,4.57,247500
22/03/2005,4.5,6.1,4.25,5.95,5.95,920900
23/03/2005,5.71,6.25,5.0,5.01,5.01,517200
24/03/2005,5.42,5.71,4.84,5.3,5.3,245200
28/03/2005,5.49,6.39,5.31,5.98,5.98,716800
29/03/2005,5.94,6.38,5.3,5.49,5.49,398300
30/03/2005,5.55,5.77,5.04,5.45,5.45,150300
31/03/2005,5.45,5.49,4.9,4.97,4.97,112400
01/04/2005,4.97,5.2,4.67,4.82,4.82,254600
04/04/2005,4.92,5.2,4.74,4.86,4.86,89700
05/04/2005,4.65,4.92,4.53,4.63,4.63,62700
06/04/2005,4.53,5.5,4.33,5.32,5.32,392700
07/04/2005,5.4,5.88,4.84,4.91,4.91,549000
08/04/2005,4.93,5.09,4.59,4.66,4.66,114700
11/04/2005,5.27,5.27,4.33,4.45,4.45,122000
12/04/2005,4.43,4.48,4.15,4.25,4.25,99700
13/04/2005,4.24,4.62,4.2,4.52,4.52,84400
14/04/2005,4.54,4.61,4.2,4.2,4.2,51000
15/04/2005,4.14,4.19,3.86,3.9,3.9,45800
18/04/2005,3.86,4.45,3.85,4.29,4.29,125200
19/04/2005,4.51,4.51,4.05,4.13,4.13,61800
20/04/2005,4.13,4.28,3.91,3.99,3.99,43500
21/04/2005,4.09,4.29,3.95,4.2,4.2,52400
22/04/2005,4.32,4.32,3.95,3.95,3.95,38900
25/04/2005,3.89,4.19,3.7,4.13,4.13,86200
26/04/2005,4.2,4.2,4.02,4.11,4.11,8500
27/04/2005,4.05,4.17,4.0,4.17,4.17,18600
28/04/2005,4.14,4.2,4.03,4.2,4.2,18300
29/04/2005,4.12,4.24,3.9,4.02,4.02,37100
02/05/2005,3.87,4.1,3.82,4.1,4.1,26800
03/05/2005,4.18,4.25,3.96,4.23,4.23,68500
04/05/2005,4.21,4.45,4.21,4.37,4.37,31400
05/05/2005,4.37,4.44,4.04,4.23,4.23,40800
06/05/2005,3.94,4.21,3.94,4.2,4.2,11600
09/05/2005,4.35,4.35,4.0,4.05,4.05,11000
10/05/2005,4.14,4.14,3.85,3.89,3.89,41400
11/05/2005,3.84,3.89,3.3,3.5,3.5,149300
12/05/2005,3.5,3.58,3.36,3.37,3.37,37800
13/05/2005,3.4,3.43,3.3,3.32,3.32,17600
16/05/2005,3.31,3.32,3.05,3.31,3.31,77100
17/05/2005,3.25,3.32,3.2,3.32,3.32,20100
18/05/2005,3.31,3.32,3.19,3.3,3.3,20700
19/05/2005,3.3,3.47,3.3,3.4,3.4,15900
20/05/2005,3.24,3.41,3.15,3.41,3.41,16900
23/05/2005,3.26,3.4,3.15,3.17,3.17,25500
24/05/2005,3.38,3.38,3.21,3.26,3.26,10700
25/05/2005,3.21,3.34,3.17,3.25,3.25,34700
26/05/2005,3.21,3.4,3.21,3.3,3.3,15100
27/05/2005,3.28,3.31,3.17,3.28,3.28,12900
31/05/2005,3.21,3.26,3.1,3.16,3.16,8700
01/06/2005,2.94,3.12,2.94,3.12,3.12,43800
02/06/2005,3.1,3.23,3.08,3.14,3.14,13500
03/06/2005,3.27,3.37,3.17,3.32,3.32,5800
06/06/2005,3.4,3.4,3.16,3.16,3.16,12000
07/06/2005,3.07,3.25,3.07,3.11,3.11,15200
08/06/2005,3.3,3.31,3.15,3.31,3.31,29200
09/06/2005,3.35,3.35,3.15,3.2,3.2,7500
10/06/2005,3.22,3.27,3.07,3.27,3.27,9300
13/06/2005,3.27,3.27,3.1,3.19,3.19,12000
14/06/2005,3.2,3.2,3.1,3.2,3.2,41700
15/06/2005,3.21,3.3,3.2,3.3,3.3,3900
16/06/2005,3.37,3.37,3.1,3.28,3.28,17200
17/06/2005,3.28,3.63,3.18,3.4,3.4,42800
20/06/2005,3.52,3.52,3.4,3.49,3.49,6800
21/06/2005,3.47,3.8,3.47,3.7,3.7,21700
22/06/2005,3.68,3.95,3.66,3.81,3.81,34200
23/06/2005,3.87,4.0,3.71,3.77,3.77,35000
24/06/2005,3.69,3.69,3.5,3.6,3.6,10600
27/06/2005,3.38,3.59,3.36,3.59,3.59,13800
28/06/2005,3.55,3.72,3.53,3.69,3.69,14100
29/06/2005,3.57,3.57,3.38,3.42,3.42,19800
30/06/2005,3.52,3.68,3.4,3.68,3.68,24900
01/07/2005,3.7,3.7,3.53,3.55,3.55,4100
05/07/2005,3.49,3.49,3.36,3.41,3.41,7800
06/07/2005,3.4,3.5,3.36,3.48,3.48,13500
07/07/2005,3.4,3.48,3.36,3.48,3.48,4500
08/07/2005,3.59,3.59,3.32,3.45,3.45,10700
11/07/2005,3.58,3.58,3.4,3.4,3.4,14200
12/07/2005,3.43,3.59,3.43,3.55,3.55,5700
13/07/2005,3.58,3.58,3.51,3.57,3.57,1800
14/07/2005,3.48,3.66,3.48,3.66,3.66,6500
15/07/2005,3.71,3.78,3.65,3.7,3.7,15900
18/07/2005,3.76,3.87,3.7,3.87,3.87,5400
19/07/2005,3.86,3.98,3.72,3.92,3.92,15100
20/07/2005,3.94,4.0,3.91,3.91,3.91,2800
21/07/2005,3.98,3.98,3.73,3.73,3.73,6600
22/07/2005,3.9,3.9,3.89,3.89,3.89,3000
25/07/2005,3.9,3.91,3.79,3.86,3.86,7700
26/07/2005,3.75,3.85,3.75,3.85,3.85,3800
27/07/2005,3.89,4.15,3.89,4.15,4.15,16000
28/07/2005,4.19,4.25,4.03,4.15,4.15,6200
29/07/2005,4.17,4.17,4.15,4.17,4.17,4100
01/08/2005,3.7,3.94,3.12,3.85,3.85,99200
02/08/2005,3.79,3.9,3.79,3.9,3.9,9200
03/08/2005,3.75,3.9,3.75,3.8,3.8,2600
04/08/2005,3.79,3.79,3.52,3.54,3.54,15100
05/08/2005,3.51,3.7,3.41,3.65,3.65,14700
08/08/2005,3.73,3.73,3.43,3.6,3.6,15100
09/08/2005,3.6,3.61,3.6,3.6,3.6,7000
10/08/2005,3.82,3.87,3.65,3.65,3.65,17500
11/08/2005,3.8,3.9,3.69,3.81,3.81,9600
12/08/2005,3.75,3.76,3.7,3.75,3.75,17500
15/08/2005,3.9,3.9,3.7,3.81,3.81,42300
16/08/2005,3.82,3.83,3.66,3.83,3.83,1800
17/08/2005,3.71,3.71,3.63,3.65,3.65,15600
18/08/2005,3.73,3.75,3.6,3.6,3.6,8500
19/08/2005,3.61,3.75,3.6,3.67,3.67,5600
22/08/2005,3.75,3.85,3.7,3.75,3.75,38800
23/08/2005,3.75,3.8,3.69,3.69,3.69,8400
24/08/2005,3.76,3.76,3.68,3.68,3.68,7700
25/08/2005,3.71,3.89,3.71,3.85,3.85,11100
26/08/2005,3.8,3.85,3.75,3.85,3.85,4000
29/08/2005,3.89,3.89,3.69,3.7,3.7,9800
30/08/2005,3.83,3.89,3.68,3.68,3.68,6200
31/08/2005,3.69,3.84,3.68,3.84,3.84,1400
01/09/2005,3.8,3.8,3.8,3.8,3.8,300
02/09/2005,3.68,3.7,3.65,3.66,3.66,12200
06/09/2005,3.69,3.69,3.65,3.65,3.65,8700
07/09/2005,3.8,3.8,3.67,3.77,3.77,6800
08/09/2005,3.65,3.68,3.65,3.65,3.65,4900
09/09/2005,3.68,3.7,3.65,3.65,3.65,1800
12/09/2005,3.8,3.8,3.62,3.64,3.64,4800
13/09/2005,3.8,3.8,3.6,3.62,3.62,15000
14/09/2005,3.52,3.62,3.52,3.57,3.57,6700
15/09/2005,3.53,3.6,3.53,3.56,3.56,4500
16/09/2005,3.57,3.57,3.52,3.52,3.52,7000
19/09/2005,3.51,3.52,3.25,3.45,3.45,12500
20/09/2005,3.47,3.48,3.38,3.45,3.45,9100
21/09/2005,3.48,3.48,3.44,3.45,3.45,2900
22/09/2005,3.44,3.46,3.21,3.45,3.45,2100
23/09/2005,3.45,3.5,3.45,3.46,3.46,1700
26/09/2005,3.46,3.53,3.44,3.5,3.5,9000
27/09/2005,3.44,3.44,3.25,3.35,3.35,14500
28/09/2005,3.53,3.58,3.27,3.5,3.5,5900
29/09/2005,3.5,3.52,3.5,3.5,3.5,4800
30/09/2005,3.36,3.52,3.36,3.51,3.51,6600
03/10/2005,3.55,3.55,3.11,3.34,3.34,25500
04/10/2005,3.34,3.65,3.31,3.65,3.65,3000
05/10/2005,3.5,3.54,3.36,3.52,3.52,4000
06/10/2005,3.46,3.46,3.19,3.38,3.38,1500
07/10/2005,3.35,3.49,3.34,3.44,3.44,4100
10/10/2005,3.36,3.45,3.36,3.45,3.45,800
11/10/2005,3.45,3.48,3.45,3.45,3.45,4300
12/10/2005,3.34,3.34,3.24,3.24,3.24,600
13/10/2005,3.1,3.25,2.93,3.24,3.24,12100
14/10/2005,3.23,3.35,3.23,3.35,3.35,3500
17/10/2005,3.16,3.43,3.1,3.43,3.43,8200
18/10/2005,3.4,3.4,3.4,3.4,3.4,1300
19/10/2005,3.3,3.5,3.13,3.5,3.5,10700
20/10/2005,3.49,3.5,3.21,3.5,3.5,7000
21/10/2005,3.41,3.43,3.27,3.34,3.34,2100
24/10/2005,3.49,3.5,3.28,3.39,3.39,6700
25/10/2005,3.35,3.36,3.35,3.36,3.36,1000
26/10/2005,3.36,3.36,3.36,3.36,3.36,0
27/10/2005,3.27,3.46,3.27,3.46,3.46,4200
28/10/2005,3.46,3.46,3.27,3.33,3.33,1900
31/10/2005,3.25,3.33,3.25,3.3,3.3,4400
01/11/2005,3.29,3.29,3.1,3.29,3.29,10800
02/11/2005,3.3,3.3,3.1,3.2,3.2,6400
03/11/2005,3.2,3.45,3.15,3.45,3.45,21000
04/11/2005,3.26,3.35,3.16,3.35,3.35,3600
07/11/2005,3.19,3.32,3.19,3.32,3.32,5900
08/11/2005,3.06,3.06,2.73,2.73,2.73,60400
09/11/2005,2.7,2.76,2.59,2.71,2.71,24500
10/11/2005,2.63,2.76,2.59,2.75,2.75,8200
11/11/2005,2.81,2.88,2.45,2.45,2.45,44900
14/11/2005,2.39,3.2,2.38,2.61,2.61,39500
15/11/2005,2.57,2.7,2.57,2.63,2.63,37600
16/11/2005,2.63,2.65,2.63,2.64,2.64,18200
17/11/2005,2.66,2.66,2.65,2.65,2.65,1200
18/11/2005,2.7,2.7,2.62,2.68,2.68,23100
21/11/2005,2.62,2.7,2.61,2.67,2.67,18600
22/11/2005,2.66,2.66,2.62,2.63,2.63,14400
23/11/2005,2.65,2.7,2.43,2.55,2.55,25500
25/11/2005,2.6,2.6,2.6,2.6,2.6,100
28/11/2005,2.6,2.6,2.46,2.5,2.5,6100
29/11/2005,2.46,2.5,2.45,2.5,2.5,7600
30/11/2005,2.5,2.5,2.43,2.45,2.45,12600
01/12/2005,2.41,2.45,2.32,2.39,2.39,33200
02/12/2005,2.38,2.54,2.38,2.54,2.54,5900
05/12/2005,2.59,2.59,2.51,2.54,2.54,2500
06/12/2005,2.41,2.48,2.33,2.35,2.35,28800
07/12/2005,2.39,2.39,2.31,2.31,2.31,7000
08/12/2005,2.33,2.39,2.32,2.38,2.38,7200
09/12/2005,2.31,2.39,2.31,2.39,2.39,3400
12/12/2005,2.39,2.39,2.34,2.38,2.38,2100
13/12/2005,2.37,2.39,2.35,2.39,2.39,6500
14/12/2005,2.39,2.57,2.39,2.53,2.53,4900
15/12/2005,2.46,2.52,2.4,2.49,2.49,7100
16/12/2005,2.51,2.52,2.51,2.52,2.52,2000
19/12/2005,2.51,2.51,2.47,2.48,2.48,3400
20/12/2005,2.5,2.5,2.38,2.41,2.41,6100
21/12/2005,2.4,2.55,2.38,2.55,2.55,10900
22/12/2005,2.51,2.59,2.44,2.57,2.57,18600
23/12/2005,2.46,2.61,2.45,2.6,2.6,30300
27/12/2005,2.51,2.52,2.46,2.52,2.52,6200
28/12/2005,2.52,2.56,2.4,2.45,2.45,21900
29/12/2005,2.38,2.49,2.31,2.4,2.4,14500
30/12/2005,2.4,2.4,2.17,2.37,2.37,45800
03/01/2006,2.35,2.38,2.35,2.38,2.38,400
04/01/2006,2.24,2.51,2.22,2.48,2.48,12500
05/01/2006,2.46,2.6,2.45,2.59,2.59,13100
06/01/2006,2.6,2.6,2.41,2.41,2.41,10100
09/01/2006,2.45,2.45,2.29,2.4,2.4,29000
10/01/2006,2.32,2.36,2.31,2.35,2.35,3200
11/01/2006,2.32,2.59,2.32,2.54,2.54,2800
12/01/2006,2.6,2.6,2.37,2.6,2.6,14200
13/01/2006,2.6,2.69,2.54,2.69,2.69,16900
17/01/2006,2.73,2.75,2.48,2.59,2.59,11100
18/01/2006,2.6,2.7,2.6,2.6,2.6,2600
19/01/2006,2.48,2.48,2.32,2.4,2.4,13800
20/01/2006,2.4,2.74,2.4,2.58,2.58,43900
23/01/2006,2.74,2.74,2.57,2.57,2.57,6700
24/01/2006,2.74,2.74,2.56,2.65,2.65,10500
25/01/2006,2.63,2.7,2.55,2.63,2.63,21400
26/01/2006,2.56,2.6,2.41,2.6,2.6,24700
27/01/2006,2.54,2.6,2.54,2.6,2.6,12200
30/01/2006,2.6,2.6,2.5,2.5,2.5,6600
31/01/2006,2.53,2.59,2.42,2.55,2.55,7300
01/02/2006,2.54,2.6,2.49,2.6,2.6,4000
02/02/2006,2.63,2.73,2.62,2.7,2.7,17700
03/02/2006,2.66,2.69,2.65,2.69,2.69,13200
06/02/2006,2.69,2.76,2.68,2.75,2.75,20300
07/02/2006,2.67,2.77,2.4,2.73,2.73,6800
08/02/2006,2.67,2.76,2.63,2.63,2.63,1700
09/02/2006,2.6,2.69,2.54,2.54,2.54,9000
10/02/2006,2.55,2.66,2.54,2.62,2.62,12000
13/02/2006,2.56,2.66,2.54,2.62,2.62,8100
14/02/2006,2.75,2.75,2.64,2.7,2.7,9800
15/02/2006,2.62,2.74,2.61,2.74,2.74,6900
16/02/2006,2.68,2.75,2.68,2.75,2.75,1100
17/02/2006,2.59,2.73,2.56,2.71,2.71,8100
21/02/2006,2.71,2.75,2.71,2.74,2.74,4900
22/02/2006,2.75,2.8,2.75,2.8,2.8,4800
23/02/2006,2.76,2.82,2.76,2.82,2.82,18100
24/02/2006,2.84,2.91,2.84,2.86,2.86,2400
27/02/2006,2.95,2.96,2.76,2.9,2.9,12700
28/02/2006,2.81,2.92,2.8,2.92,2.92,7400
01/03/2006,2.83,2.83,2.83,2.83,2.83,900
02/03/2006,2.98,2.98,2.71,2.84,2.84,29800
03/03/2006,2.81,2.89,2.75,2.89,2.89,44500
06/03/2006,2.72,2.95,2.71,2.9,2.9,13600
07/03/2006,2.9,2.92,2.9,2.92,2.92,1200
08/03/2006,2.92,2.95,2.92,2.95,2.95,1200
09/03/2006,2.97,3.0,2.94,2.97,2.97,3300
10/03/2006,3.0,3.0,2.98,2.98,2.98,2100
13/03/2006,3.0,3.0,2.7,2.89,2.89,11900
14/03/2006,3.14,3.14,2.93,3.05,3.05,2700
15/03/2006,3.2,3.2,2.91,3.06,3.06,10600
16/03/2006,3.29,3.29,2.91,3.07,3.07,12800
17/03/2006,3.52,3.7,3.28,3.45,3.45,51400
20/03/2006,3.5,3.65,3.45,3.65,3.65,39600
21/03/2006,3.29,3.62,3.22,3.29,3.29,18900
22/03/2006,3.38,3.46,3.21,3.46,3.46,22900
23/03/2006,3.46,3.59,3.33,3.4,3.4,16500
24/03/2006,3.56,3.56,3.45,3.5,3.5,5700
27/03/2006,3.5,3.5,3.34,3.41,3.41,6500
28/03/2006,3.34,3.48,3.34,3.34,3.34,4600
29/03/2006,3.53,3.53,3.33,3.5,3.5,4900
30/03/2006,3.5,3.5,3.43,3.44,3.44,7100
31/03/2006,3.5,3.56,3.47,3.47,3.47,1200
03/04/2006,3.54,3.54,3.44,3.53,3.53,8300
04/04/2006,3.55,3.55,3.48,3.48,3.48,5300
05/04/2006,3.49,3.62,3.43,3.58,3.58,10500
06/04/2006,3.55,3.62,3.51,3.55,3.55,6900
07/04/2006,3.08,3.68,3.08,3.5,3.5,17300
10/04/2006,3.41,3.46,3.27,3.46,3.46,6900
11/04/2006,3.45,3.45,3.25,3.3,3.3,38700
12/04/2006,3.35,3.35,3.3,3.34,3.34,8500
13/04/2006,3.32,3.41,3.26,3.3,3.3,7900
17/04/2006,3.39,3.4,3.34,3.34,3.34,4700
18/04/2006,3.36,3.39,3.3,3.3,3.3,700
19/04/2006,3.3,3.42,3.3,3.4,3.4,9900
20/04/2006,3.4,3.41,3.4,3.41,3.41,1000
21/04/2006,3.32,3.4,3.31,3.4,3.4,2800
24/04/2006,3.41,3.41,3.39,3.39,3.39,3100
25/04/2006,3.3,3.37,3.25,3.34,3.34,2500
26/04/2006,3.25,3.38,3.25,3.37,3.37,6900
27/04/2006,3.38,3.43,3.35,3.43,3.43,9900
28/04/2006,3.45,3.45,3.41,3.41,3.41,2300
01/05/2006,3.44,3.49,3.44,3.44,3.44,5900
02/05/2006,3.5,3.5,3.5,3.5,3.5,1200
03/05/2006,3.54,3.6,3.5,3.55,3.55,6600
04/05/2006,3.55,3.61,3.55,3.55,3.55,7800
05/05/2006,3.41,3.62,3.4,3.62,3.62,5300
08/05/2006,3.65,3.65,3.55,3.58,3.58,1700
09/05/2006,5.23,7.69,5.23,6.77,6.77,2402500
10/05/2006,6.77,6.78,5.83,6.23,6.23,698500
11/05/2006,6.3,6.3,5.74,5.74,5.74,338700
12/05/2006,5.88,6.28,5.37,6.22,6.22,284400
15/05/2006,6.48,7.25,5.6,5.97,5.97,742800
16/05/2006,6.15,6.2,5.57,5.81,5.81,239300
17/05/2006,5.82,5.87,5.25,5.36,5.36,146400
18/05/2006,5.35,5.41,4.93,5.03,5.03,195800
19/05/2006,4.99,5.25,4.53,5.15,5.15,200400
22/05/2006,5.09,5.22,4.7,5.14,5.14,163700
23/05/2006,5.15,5.61,5.06,5.1,5.1,194900
24/05/2006,5.1,5.3,4.68,4.94,4.94,121900
25/05/2006,5.12,5.25,4.94,5.25,5.25,55400
26/05/2006,5.01,5.47,4.99,5.25,5.25,105300
30/05/2006,5.15,5.5,5.01,5.29,5.29,124000
31/05/2006,5.32,5.99,5.25,5.68,5.68,255300
01/06/2006,5.7,5.97,5.52,5.66,5.66,76100
02/06/2006,5.7,5.88,5.5,5.87,5.87,97800
05/06/2006,5.56,6.39,5.56,5.8,5.8,155800
06/06/2006,6.09,6.26,5.87,6.18,6.18,80800
07/06/2006,6.31,6.31,5.91,6.15,6.15,87300
08/06/2006,6.2,6.2,5.79,5.99,5.99,54700
09/06/2006,6.19,6.2,5.56,5.62,5.62,69700
12/06/2006,5.44,5.5,4.75,4.92,4.92,254400
13/06/2006,4.87,5.2,4.85,5.05,5.05,113000
14/06/2006,4.81,5.22,4.81,4.92,4.92,42200
15/06/2006,4.88,4.91,4.31,4.66,4.66,178300
16/06/2006,4.73,4.95,4.67,4.85,4.85,35500
19/06/2006,4.77,4.95,4.56,4.81,4.81,86000
20/06/2006,4.83,5.06,4.66,4.81,4.81,30000
21/06/2006,4.76,5.39,4.76,5.17,5.17,98300
22/06/2006,5.29,5.38,5.2,5.38,5.38,19000
23/06/2006,5.33,5.4,5.15,5.34,5.34,16500
26/06/2006,5.47,5.99,5.42,5.69,5.69,91600
27/06/2006,5.99,5.99,5.55,5.7,5.7,50200
28/06/2006,5.74,5.97,5.69,5.97,5.97,50300
29/06/2006,5.9,6.01,5.71,5.98,5.98,80300
30/06/2006,6.01,6.15,5.57,6.01,6.01,135300
03/07/2006,6.19,6.33,6.06,6.26,6.26,78200
05/07/2006,6.24,6.75,6.01,6.75,6.75,145700
06/07/2006,6.89,7.4,6.8,6.9,6.9,217700
07/07/2006,6.97,7.46,6.95,7.12,7.12,144500
10/07/2006,7.3,7.99,6.96,7.01,7.01,317900
11/07/2006,7.19,7.4,7.13,7.4,7.4,96200
12/07/2006,7.49,7.49,7.23,7.34,7.34,89900
13/07/2006,7.25,7.4,6.03,6.37,6.37,191300
14/07/2006,6.07,6.07,5.35,5.92,5.92,178200
17/07/2006,5.81,6.31,5.68,6.17,6.17,70700
18/07/2006,6.14,6.42,5.97,5.97,5.97,52800
19/07/2006,6.03,7.08,5.99,6.9,6.9,117600
20/07/2006,7.22,7.33,6.95,7.0,7.0,87000
21/07/2006,7.11,7.24,6.63,7.09,7.09,87300
24/07/2006,7.45,7.45,7.0,7.18,7.18,82800
25/07/2006,7.25,7.39,7.22,7.31,7.31,52700
26/07/2006,7.3,7.54,7.01,7.15,7.15,127300
27/07/2006,7.37,7.37,6.72,6.93,6.93,82800
28/07/2006,7.03,7.15,6.64,6.95,6.95,58300
31/07/2006,6.97,7.04,6.37,6.84,6.84,109800
01/08/2006,6.9,7.15,6.56,6.97,6.97,75200
02/08/2006,7.0,7.19,6.91,6.92,6.92,38900
03/08/2006,6.57,7.05,6.5,6.96,6.96,39500
04/08/2006,7.14,7.16,6.75,6.94,6.94,45000
07/08/2006,7.08,7.75,6.78,7.29,7.29,208000
08/08/2006,7.36,7.63,7.12,7.18,7.18,80600
09/08/2006,7.55,7.55,7.2,7.2,7.2,32100
10/08/2006,6.69,7.15,5.65,6.0,6.0,199600
11/08/2006,6.05,6.3,5.58,5.62,5.62,82800
14/08/2006,5.61,5.61,5.1,5.33,5.33,206400
15/08/2006,5.37,5.37,4.94,4.95,4.95,101600
16/08/2006,4.94,5.6,4.88,5.34,5.34,142100
17/08/2006,5.29,5.75,5.25,5.7,5.7,88000
18/08/2006,5.7,5.8,5.5,5.55,5.55,53200
21/08/2006,5.4,5.63,5.4,5.56,5.56,103900
22/08/2006,5.6,5.78,5.41,5.5,5.5,66700
23/08/2006,5.42,5.52,5.32,5.52,5.52,69200
24/08/2006,5.5,5.5,5.37,5.4,5.4,33800
25/08/2006,5.16,5.38,5.16,5.27,5.27,66100
28/08/2006,5.29,5.68,5.05,5.52,5.52,54300
29/08/2006,5.54,5.59,5.39,5.5,5.5,17800
30/08/2006,5.45,5.47,5.35,5.35,5.35,20900
31/08/2006,5.32,5.68,5.25,5.66,5.66,45400
01/09/2006,5.65,5.68,5.31,5.67,5.67,41300
05/09/2006,5.58,5.61,5.44,5.54,5.54,42600
06/09/2006,5.5,5.64,5.36,5.48,5.48,34900
07/09/2006,5.42,5.55,5.31,5.47,5.47,21200
08/09/2006,5.45,5.45,5.27,5.27,5.27,13500
11/09/2006,5.01,5.3,5.01,5.15,5.15,29100
12/09/2006,5.16,5.76,5.16,5.58,5.58,35300
13/09/2006,5.53,5.75,5.29,5.68,5.68,21900
14/09/2006,5.7,5.72,5.29,5.49,5.49,39100
15/09/2006,5.51,5.51,5.36,5.39,5.39,7000
18/09/2006,5.33,5.64,5.15,5.21,5.21,48500
19/09/2006,5.21,5.34,5.15,5.31,5.31,38000
20/09/2006,5.35,5.35,5.09,5.1,5.1,16600
21/09/2006,5.16,5.39,5.11,5.11,5.11,9900
22/09/2006,5.16,5.47,5.08,5.4,5.4,41500
25/09/2006,5.55,5.55,5.18,5.18,5.18,10100
26/09/2006,5.19,5.26,5.15,5.17,5.17,6000
27/09/2006,5.21,5.46,5.17,5.31,5.31,14400
28/09/2006,5.32,5.33,5.16,5.19,5.19,10400
29/09/2006,5.15,5.4,5.13,5.29,5.29,25400
02/10/2006,5.18,5.33,5.06,5.15,5.15,28800
03/10/2006,5.1,5.31,4.92,5.22,5.22,45400
04/10/2006,5.14,5.28,5.01,5.08,5.08,30600
05/10/2006,5.1,5.46,4.97,5.43,5.43,26000
06/10/2006,5.45,5.45,4.76,5.05,5.05,34300
09/10/2006,5.09,5.14,5.03,5.09,5.09,26300
10/10/2006,5.03,5.1,5.03,5.1,5.1,8100
11/10/2006,5.1,5.13,4.98,5.1,5.1,21400
12/10/2006,5.06,5.2,4.98,5.18,5.18,33200
13/10/2006,5.15,5.32,5.06,5.14,5.14,27800
16/10/2006,5.11,5.43,5.11,5.37,5.37,20900
17/10/2006,5.26,5.35,5.22,5.22,5.22,6800
18/10/2006,5.2,5.39,5.15,5.39,5.39,8000
19/10/2006,5.27,5.35,5.25,5.33,5.33,8600
20/10/2006,5.29,5.34,5.24,5.32,5.32,6500
23/10/2006,5.36,5.44,5.2,5.39,5.39,21900
24/10/2006,5.4,5.42,5.29,5.36,5.36,24200
25/10/2006,5.35,5.41,5.28,5.38,5.38,34800
26/10/2006,5.34,5.45,5.28,5.45,5.45,38400
27/10/2006,5.4,5.44,5.32,5.44,5.44,23600
30/10/2006,5.33,5.39,5.28,5.29,5.29,29200
31/10/2006,5.28,5.44,5.23,5.44,5.44,11900
01/11/2006,5.16,5.38,5.12,5.32,5.32,26100
02/11/2006,5.32,5.55,5.19,5.47,5.47,60200
03/11/2006,5.45,5.54,5.34,5.49,5.49,27200
06/11/2006,5.5,5.72,5.48,5.67,5.67,43400
07/11/2006,4.64,4.75,4.15,4.54,4.54,444100
08/11/2006,4.58,4.7,4.54,4.57,4.57,107000
09/11/2006,4.57,4.6,4.45,4.57,4.57,68000
10/11/2006,4.55,4.55,4.41,4.42,4.42,17400
13/11/2006,4.43,4.43,4.27,4.33,4.33,72600
14/11/2006,4.31,4.41,4.23,4.41,4.41,73900
15/11/2006,4.36,4.4,4.23,4.23,4.23,44700
16/11/2006,4.27,4.59,4.21,4.46,4.46,62300
17/11/2006,4.46,4.48,4.29,4.3,4.3,15600
20/11/2006,4.29,4.38,4.29,4.35,4.35,24800
21/11/2006,4.36,4.48,4.35,4.43,4.43,19000
22/11/2006,4.47,4.55,4.36,4.54,4.54,22100
24/11/2006,4.57,4.58,4.47,4.48,4.48,21100
27/11/2006,4.42,4.55,4.42,4.52,4.52,40200
28/11/2006,4.51,4.63,4.5,4.63,4.63,18600
29/11/2006,4.62,4.82,4.59,4.8,4.8,67800
30/11/2006,4.75,4.8,4.56,4.69,4.69,26800
01/12/2006,4.68,4.73,4.67,4.72,4.72,9500
04/12/2006,4.74,4.8,4.6,4.7,4.7,39000
05/12/2006,4.67,4.8,4.67,4.79,4.79,22300
06/12/2006,4.78,4.83,4.75,4.78,4.78,11700
07/12/2006,4.76,4.81,4.59,4.8,4.8,22200
08/12/2006,4.83,4.87,4.8,4.87,4.87,25200
11/12/2006,4.95,5.18,4.9,5.08,5.08,95900
12/12/2006,5.06,5.06,4.92,4.94,4.94,102800
13/12/2006,4.94,4.95,4.87,4.89,4.89,36800
14/12/2006,4.9,4.91,4.7,4.7,4.7,39800
15/12/2006,4.8,4.8,4.7,4.7,4.7,15500
18/12/2006,4.82,4.85,4.72,4.75,4.75,13800
19/12/2006,4.8,4.84,4.55,4.66,4.66,25000
20/12/2006,4.6,4.89,4.6,4.77,4.77,43100
21/12/2006,4.73,4.99,4.73,4.91,4.91,16200
22/12/2006,4.95,4.98,4.85,4.92,4.92,12700
26/12/2006,4.97,5.19,4.94,4.99,4.99,21600
27/12/2006,5.0,5.0,4.81,4.87,4.87,23200
28/12/2006,4.82,4.89,4.82,4.89,4.89,4600
29/12/2006,4.91,5.76,4.91,5.62,5.62,249700
03/01/2007,5.76,5.78,5.5,5.64,5.64,64500
04/01/2007,5.7,5.7,5.4,5.41,5.41,22900
05/01/2007,5.38,5.41,5.02,5.05,5.05,32400
08/01/2007,5.0,5.05,4.75,4.82,4.82,49400
09/01/2007,4.8,4.98,4.74,4.97,4.97,26100
10/01/2007,4.9,5.05,4.67,4.8,4.8,58900
11/01/2007,4.83,4.95,4.71,4.8,4.8,28400
12/01/2007,4.81,4.82,4.69,4.71,4.71,26600
16/01/2007,4.63,4.9,4.59,4.66,4.66,128400
17/01/2007,4.68,4.88,4.66,4.79,4.79,16100
18/01/2007,4.83,4.86,4.81,4.85,4.85,10100
19/01/2007,4.85,4.88,4.6,4.6,4.6,39100
22/01/2007,4.65,4.87,4.65,4.76,4.76,27400
23/01/2007,4.79,4.86,4.75,4.81,4.81,16700
24/01/2007,4.81,4.87,4.81,4.86,4.86,6600
25/01/2007,4.8,4.84,4.6,4.67,4.67,34200
26/01/2007,4.79,4.79,4.55,4.6,4.6,42900
29/01/2007,4.64,4.7,4.57,4.6,4.6,68300
30/01/2007,4.61,4.65,4.57,4.57,4.57,36400
31/01/2007,4.61,4.69,4.55,4.6,4.6,32300
01/02/2007,4.55,4.6,4.55,4.58,4.58,14100
02/02/2007,4.55,4.69,4.55,4.65,4.65,59900
05/02/2007,4.62,4.7,4.61,4.7,4.7,20700
06/02/2007,4.8,4.8,4.71,4.71,4.71,13300
07/02/2007,4.71,4.71,4.63,4.64,4.64,26000
08/02/2007,4.66,4.66,4.63,4.63,4.63,6700
09/02/2007,4.65,4.71,4.57,4.68,4.68,49000
12/02/2007,4.64,4.66,4.59,4.64,4.64,33600
13/02/2007,4.61,4.64,4.52,4.58,4.58,33600
14/02/2007,4.56,4.63,4.55,4.63,4.63,4200
15/02/2007,4.63,4.64,4.6,4.62,4.62,1800
16/02/2007,4.63,4.69,4.56,4.65,4.65,30600
20/02/2007,4.61,4.69,4.61,4.62,4.62,20600
21/02/2007,4.68,4.7,4.62,4.64,4.64,12300
22/02/2007,4.61,4.64,4.59,4.61,4.61,5900
23/02/2007,4.68,4.74,4.62,4.63,4.63,11200
26/02/2007,4.67,4.78,4.64,4.64,4.64,13200
27/02/2007,4.67,4.67,4.41,4.55,4.55,72700
28/02/2007,4.6,4.64,4.52,4.64,4.64,7900
01/03/2007,4.64,4.64,4.53,4.64,4.64,6300
02/03/2007,4.68,4.71,4.59,4.59,4.59,5200
05/03/2007,4.74,4.74,4.55,4.55,4.55,5300
06/03/2007,4.54,4.66,4.5,4.55,4.55,43600
07/03/2007,5.35,5.5,4.77,4.89,4.89,229300
08/03/2007,4.9,4.95,4.8,4.82,4.82,81100
09/03/2007,4.85,4.87,4.79,4.84,4.84,32300
12/03/2007,4.89,4.89,4.78,4.89,4.89,15800
13/03/2007,4.87,4.9,4.78,4.85,4.85,16300
14/03/2007,4.85,4.85,4.67,4.71,4.71,28900
15/03/2007,4.75,4.8,4.75,4.8,4.8,7100
16/03/2007,4.8,4.8,4.77,4.77,4.77,5800
19/03/2007,4.77,4.8,4.77,4.77,4.77,5100
20/03/2007,4.79,4.88,4.7,4.76,4.76,11800
21/03/2007,4.88,4.88,4.68,4.79,4.79,4900
22/03/2007,4.78,4.81,4.69,4.79,4.79,15500
23/03/2007,4.82,4.85,4.75,4.83,4.83,10500
26/03/2007,4.85,4.85,4.65,4.79,4.79,9200
27/03/2007,4.8,4.8,4.63,4.63,4.63,86300
28/03/2007,4.65,4.67,4.6,4.6,4.6,21500
29/03/2007,4.63,4.63,4.52,4.52,4.52,29100
30/03/2007,4.56,4.68,4.56,4.68,4.68,12400
02/04/2007,4.75,4.75,4.56,4.57,4.57,8800
03/04/2007,4.56,4.71,4.56,4.71,4.71,5900
04/04/2007,4.74,4.83,4.72,4.74,4.74,2400
05/04/2007,4.78,4.79,4.65,4.74,4.74,9300
09/04/2007,4.72,4.85,4.64,4.79,4.79,12300
10/04/2007,4.8,5.04,4.79,4.88,4.88,51900
11/04/2007,4.9,4.9,4.85,4.85,4.85,52800
12/04/2007,4.85,4.85,4.77,4.85,4.85,44200
13/04/2007,4.85,4.86,4.81,4.85,4.85,24300
16/04/2007,4.9,5.0,4.89,4.95,4.95,36900
17/04/2007,4.99,5.1,4.96,4.99,4.99,20200
18/04/2007,5.01,5.01,4.97,5.0,5.0,34900
19/04/2007,4.96,5.01,4.96,5.0,5.0,10200
20/04/2007,5.0,5.02,4.98,5.02,5.02,3600
23/04/2007,4.97,5.04,4.96,5.02,5.02,29000
24/04/2007,5.02,5.02,5.01,5.02,5.02,13600
25/04/2007,5.02,5.05,5.02,5.05,5.05,29700
26/04/2007,5.05,5.11,5.05,5.08,5.08,8300
27/04/2007,5.09,5.65,5.07,5.2,5.2,457700
30/04/2007,5.38,5.42,5.22,5.22,5.22,189700
01/05/2007,5.22,5.3,5.12,5.28,5.28,62800
02/05/2007,5.26,5.73,5.17,5.66,5.66,244400
03/05/2007,5.68,6.13,5.51,5.74,5.74,298100
04/05/2007,5.85,5.85,5.61,5.71,5.71,104700
07/05/2007,5.84,6.43,5.79,6.4,6.4,427900
08/05/2007,5.4,5.8,5.1,5.6,5.6,428900
09/05/2007,5.64,5.87,5.45,5.75,5.75,132200
10/05/2007,5.75,6.02,5.72,5.9,5.9,170400
11/05/2007,5.95,6.19,5.91,5.99,5.99,152400
14/05/2007,6.19,6.4,6.02,6.4,6.4,186100
15/05/2007,6.3,6.35,5.84,5.87,5.87,138200
16/05/2007,5.85,6.1,5.85,6.08,6.08,80900
17/05/2007,6.2,6.2,5.75,5.84,5.84,48600
18/05/2007,5.9,5.98,5.63,5.75,5.75,101900
21/05/2007,5.55,5.75,5.52,5.66,5.66,87100
22/05/2007,5.66,5.81,5.59,5.73,5.73,45600
23/05/2007,5.75,5.88,5.63,5.82,5.82,41700
24/05/2007,5.58,5.82,5.58,5.72,5.72,58900
25/05/2007,5.68,5.76,5.68,5.75,5.75,15400
29/05/2007,5.7,5.72,5.48,5.7,5.7,66300
30/05/2007,5.59,5.61,5.43,5.45,5.45,47900
31/05/2007,5.45,5.58,5.45,5.57,5.57,38000
01/06/2007,5.57,5.68,5.5,5.57,5.57,41400
04/06/2007,5.46,5.73,5.45,5.7,5.7,109100
05/06/2007,5.42,5.54,5.3,5.31,5.31,218200
06/06/2007,5.11,5.17,5.03,5.06,5.06,87200
07/06/2007,4.9,5.16,4.83,5.1,5.1,39900
08/06/2007,5.05,5.4,5.03,5.35,5.35,61800
11/06/2007,5.35,5.35,5.03,5.12,5.12,76900
12/06/2007,5.12,5.41,5.07,5.36,5.36,31800
13/06/2007,5.41,5.51,5.37,5.44,5.44,12600
14/06/2007,5.27,5.35,5.19,5.19,5.19,21200
15/06/2007,5.19,5.48,5.1,5.3,5.3,27400
18/06/2007,5.23,5.27,5.1,5.17,5.17,63700
19/06/2007,5.08,5.32,5.08,5.25,5.25,13000
20/06/2007,5.27,5.3,5.24,5.29,5.29,19300
21/06/2007,5.25,5.32,5.23,5.3,5.3,17400
22/06/2007,5.24,5.32,5.19,5.25,5.25,11800
25/06/2007,5.25,5.29,5.04,5.08,5.08,31600
26/06/2007,5.07,5.23,5.01,5.12,5.12,28900
27/06/2007,5.05,5.16,5.05,5.15,5.15,18100
28/06/2007,5.09,5.2,5.07,5.13,5.13,20200
29/06/2007,5.2,5.2,5.1,5.11,5.11,8000
02/07/2007,5.2,5.2,5.01,5.19,5.19,53700
03/07/2007,5.14,5.29,5.08,5.29,5.29,20900
05/07/2007,5.32,5.32,5.22,5.3,5.3,7200
06/07/2007,5.3,5.3,5.25,5.29,5.29,13500
09/07/2007,5.27,5.32,5.15,5.28,5.28,29000
10/07/2007,5.29,5.4,5.2,5.3,5.3,23700
11/07/2007,5.34,5.4,5.3,5.32,5.32,24000
12/07/2007,5.29,5.36,5.25,5.3,5.3,12000
13/07/2007,5.26,5.34,5.13,5.25,5.25,10000
16/07/2007,5.3,5.43,5.18,5.3,5.3,25400
17/07/2007,5.35,5.58,5.3,5.5,5.5,46300
18/07/2007,5.48,5.54,5.45,5.51,5.51,23800
19/07/2007,5.59,5.64,5.55,5.64,5.64,16500
20/07/2007,5.64,5.74,5.48,5.49,5.49,13200
23/07/2007,5.53,5.64,5.5,5.63,5.63,10500
24/07/2007,5.63,5.63,5.46,5.46,5.46,22900
25/07/2007,5.52,5.57,5.4,5.42,5.42,10900
26/07/2007,5.33,5.77,5.09,5.15,5.15,21700
27/07/2007,5.1,5.22,5.04,5.05,5.05,20800
30/07/2007,5.02,5.13,4.98,4.98,4.98,24300
31/07/2007,5.0,5.02,4.83,4.89,4.89,23900
01/08/2007,4.9,4.9,4.67,4.75,4.75,22300
02/08/2007,4.71,4.72,4.58,4.67,4.67,15500
03/08/2007,4.65,4.75,4.55,4.61,4.61,16900
06/08/2007,4.6,4.8,4.55,4.55,4.55,13400
07/08/2007,4.55,4.6,4.45,4.51,4.51,25600
08/08/2007,5.58,5.88,5.24,5.35,5.35,192400
09/08/2007,5.35,5.35,5.11,5.24,5.24,27400
10/08/2007,5.2,5.34,5.16,5.2,5.2,19200
13/08/2007,5.3,5.34,5.13,5.16,5.16,113900
14/08/2007,5.25,5.3,5.17,5.23,5.23,22300
15/08/2007,5.17,5.25,5.12,5.15,5.15,7500
16/08/2007,5.11,5.11,4.81,4.9,4.9,38100
17/08/2007,5.0,5.0,4.91,4.92,4.92,23600
20/08/2007,4.9,4.95,4.87,4.87,4.87,19400
21/08/2007,4.91,5.0,4.91,5.0,5.0,2500
22/08/2007,5.0,5.0,4.9,4.97,4.97,8000
23/08/2007,5.0,5.0,4.96,4.97,4.97,8300
24/08/2007,4.98,4.99,4.9,4.98,4.98,11100
27/08/2007,5.0,5.22,5.0,5.08,5.08,5300
28/08/2007,5.1,5.2,5.04,5.08,5.08,1600
29/08/2007,5.01,5.14,5.01,5.14,5.14,4400
30/08/2007,5.05,5.1,5.04,5.06,5.06,3600
31/08/2007,5.05,5.07,5.05,5.06,5.06,3900
04/09/2007,5.03,5.07,4.98,4.98,4.98,7500
05/09/2007,4.97,5.05,4.95,4.99,4.99,8000
06/09/2007,5.02,5.2,4.91,5.18,5.18,21300
07/09/2007,5.11,5.14,4.91,5.05,5.05,10000
10/09/2007,5.01,5.17,4.93,5.14,5.14,27000
11/09/2007,5.13,5.17,4.98,5.15,5.15,6000
12/09/2007,5.11,5.15,4.98,5.09,5.09,11600
13/09/2007,5.09,5.09,5.01,5.01,5.01,27700
14/09/2007,5.12,5.13,5.0,5.0,5.0,19300
17/09/2007,5.0,5.1,5.0,5.09,5.09,30500
18/09/2007,5.1,5.11,4.97,5.09,5.09,22700
19/09/2007,5.12,5.13,4.98,5.03,5.03,14300
20/09/2007,5.07,5.07,4.99,4.99,4.99,4900
21/09/2007,5.0,5.09,4.94,4.97,4.97,6500
24/09/2007,5.02,5.13,5.02,5.13,5.13,50400
25/09/2007,5.12,5.12,4.97,5.1,5.1,7700
26/09/2007,5.11,5.11,4.96,5.08,5.08,9200
27/09/2007,5.07,5.12,5.02,5.12,5.12,26700
28/09/2007,5.12,5.15,5.11,5.14,5.14,7000
01/10/2007,5.15,5.17,5.14,5.17,5.17,6300
02/10/2007,5.18,5.21,5.17,5.18,5.18,21600
03/10/2007,5.12,5.17,5.03,5.12,5.12,20400
04/10/2007,5.06,5.2,5.06,5.16,5.16,11000
05/10/2007,5.2,5.35,5.2,5.35,5.35,9400
08/10/2007,5.35,5.35,5.2,5.35,5.35,7200
09/10/2007,5.35,5.41,5.25,5.25,5.25,25700
10/10/2007,5.26,5.4,5.24,5.37,5.37,6500
11/10/2007,5.21,5.5,5.21,5.4,5.4,26600
12/10/2007,5.49,5.53,5.27,5.27,5.27,35400
15/10/2007,5.49,5.56,5.41,5.48,5.48,12000
16/10/2007,5.48,5.64,5.45,5.52,5.52,14000
17/10/2007,5.64,5.65,5.45,5.46,5.46,21000
18/10/2007,5.47,5.57,5.44,5.46,5.46,5400
19/10/2007,5.47,5.55,5.47,5.53,5.53,1200
22/10/2007,5.4,5.54,5.34,5.54,5.54,19600
23/10/2007,5.45,5.54,5.45,5.48,5.48,7000
24/10/2007,5.52,5.6,5.45,5.54,5.54,6800
25/10/2007,5.6,5.61,5.45,5.47,5.47,21300
26/10/2007,5.46,5.63,5.46,5.58,5.58,2600
29/10/2007,5.63,5.63,5.6,5.6,5.6,7100
30/10/2007,5.62,5.62,5.6,5.62,5.62,6500
31/10/2007,5.61,5.75,5.6,5.7,5.7,12900
01/11/2007,5.74,5.75,5.66,5.71,5.71,6200
02/11/2007,5.71,5.75,5.66,5.74,5.74,19800
05/11/2007,5.74,5.84,5.74,5.82,5.82,12500
06/11/2007,5.78,5.88,5.74,5.8,5.8,7200
07/11/2007,6.16,6.46,6.1,6.2,6.2,92400
08/11/2007,6.2,6.24,6.06,6.22,6.22,20500
09/11/2007,6.08,6.2,5.93,6.19,6.19,31500
12/11/2007,6.18,6.22,6.11,6.2,6.2,28800
13/11/2007,6.22,6.35,6.07,6.13,6.13,25600
14/11/2007,6.02,6.46,5.93,6.24,6.24,46100
15/11/2007,6.28,6.46,6.22,6.23,6.23,27100
16/11/2007,6.26,6.45,6.25,6.25,6.25,36400
19/11/2007,6.4,6.45,6.15,6.18,6.18,37600
20/11/2007,6.26,6.3,6.17,6.18,6.18,11000
21/11/2007,6.25,6.6,6.11,6.14,6.14,37900
23/11/2007,6.46,6.9,6.42,6.86,6.86,71600
26/11/2007,6.92,6.94,6.21,6.23,6.23,67800
27/11/2007,6.18,6.29,6.14,6.22,6.22,28500
28/11/2007,6.22,6.3,5.97,6.25,6.25,108400
29/11/2007,5.98,6.38,5.98,6.14,6.14,49400
30/11/2007,6.22,6.35,5.9,6.2,6.2,36400
03/12/2007,6.15,6.29,5.98,6.25,6.25,52300
04/12/2007,6.22,6.42,6.05,6.42,6.42,13300
05/12/2007,6.56,6.56,6.19,6.24,6.24,27000
06/12/2007,6.25,6.79,6.25,6.56,6.56,36300
07/12/2007,6.6,6.84,6.55,6.68,6.68,16000
10/12/2007,6.82,6.89,6.68,6.68,6.68,47000
11/12/2007,6.81,6.83,6.55,6.57,6.57,24300
12/12/2007,6.45,6.75,6.45,6.59,6.59,51400
13/12/2007,6.46,6.74,6.46,6.64,6.64,67300
14/12/2007,6.72,6.72,6.49,6.63,6.63,27600
17/12/2007,6.6,6.85,6.5,6.6,6.6,34700
18/12/2007,6.71,6.75,6.55,6.67,6.67,13800
19/12/2007,6.74,6.84,6.6,6.61,6.61,6100
20/12/2007,6.61,7.39,6.5,7.01,7.01,105900
21/12/2007,7.19,7.75,7.05,7.7,7.7,143900
24/12/2007,7.84,8.47,7.84,8.18,8.18,325600
26/12/2007,8.3,8.75,8.3,8.55,8.55,173400
27/12/2007,8.64,8.69,8.1,8.31,8.31,75700
28/12/2007,8.01,8.34,7.2,7.3,7.3,209100
31/12/2007,7.11,7.35,6.8,7.35,7.35,139300
02/01/2008,7.49,7.78,7.31,7.76,7.76,86900
03/01/2008,7.83,7.83,7.34,7.54,7.54,30900
04/01/2008,7.25,7.39,6.77,7.08,7.08,49000
07/01/2008,6.93,7.17,6.2,6.99,6.99,145900
08/01/2008,7.01,7.59,6.74,7.07,7.07,55200
09/01/2008,6.91,7.3,6.32,6.32,6.32,64200
10/01/2008,6.18,6.6,6.07,6.55,6.55,22900
11/01/2008,6.52,6.89,6.39,6.87,6.87,27800
14/01/2008,6.91,7.05,6.69,6.75,6.75,82200
15/01/2008,6.87,7.14,6.76,7.14,7.14,55100
16/01/2008,7.1,7.1,6.26,6.3,6.3,53600
17/01/2008,6.4,6.4,5.72,5.73,5.73,98900
18/01/2008,5.88,6.09,5.75,5.79,5.79,30100
22/01/2008,5.41,5.58,5.2,5.4,5.4,96200
23/01/2008,5.39,5.75,5.36,5.71,5.71,35400
24/01/2008,5.78,5.87,5.42,5.56,5.56,43700
25/01/2008,5.45,5.86,5.41,5.74,5.74,37400
28/01/2008,5.83,6.0,5.65,5.84,5.84,33000
29/01/2008,5.96,6.09,5.84,5.88,5.88,31900
30/01/2008,5.88,5.91,5.45,5.65,5.65,31000
31/01/2008,5.5,5.75,5.5,5.7,5.7,27300
01/02/2008,5.99,6.3,5.82,6.19,6.19,74200
04/02/2008,6.3,6.56,6.25,6.48,6.48,58900
05/02/2008,6.4,6.6,6.09,6.09,6.09,36700
06/02/2008,6.21,6.44,6.1,6.19,6.19,30700
07/02/2008,6.26,6.26,5.8,6.01,6.01,39600
08/02/2008,6.18,6.24,6.09,6.18,6.18,35000
11/02/2008,6.24,6.28,5.99,6.02,6.02,27000
12/02/2008,6.25,6.39,6.17,6.22,6.22,21100
13/02/2008,6.3,6.35,6.12,6.3,6.3,11900
14/02/2008,6.3,6.34,6.03,6.13,6.13,16300
15/02/2008,6.16,6.31,6.15,6.27,6.27,9600
19/02/2008,6.27,6.48,6.05,6.48,6.48,25900
20/02/2008,6.5,6.5,6.15,6.24,6.24,58000
21/02/2008,6.36,6.47,6.33,6.35,6.35,35900
22/02/2008,6.45,6.45,6.25,6.34,6.34,23000
25/02/2008,6.25,6.39,6.01,6.15,6.15,36500
26/02/2008,6.05,6.4,6.05,6.18,6.18,56700
27/02/2008,6.26,6.38,6.15,6.28,6.28,12600
28/02/2008,6.11,6.28,6.05,6.05,6.05,25400
29/02/2008,6.18,6.18,6.01,6.01,6.01,25100
03/03/2008,5.91,6.01,5.86,5.98,5.98,34200
04/03/2008,5.86,5.97,5.85,5.92,5.92,31200
05/03/2008,5.89,6.26,5.87,6.08,6.08,17900
06/03/2008,8.01,8.2,7.06,7.44,7.44,229400
07/03/2008,7.23,7.56,7.16,7.16,7.16,53400
10/03/2008,7.16,7.39,6.99,7.0,7.0,52400
11/03/2008,6.83,7.14,6.68,6.74,6.74,69800
12/03/2008,6.89,6.95,6.55,6.78,6.78,28700
13/03/2008,6.7,6.72,6.6,6.72,6.72,28300
14/03/2008,6.7,6.85,6.68,6.82,6.82,27300
17/03/2008,6.55,6.81,6.51,6.69,6.69,13700
18/03/2008,6.66,6.68,6.51,6.55,6.55,17000
19/03/2008,6.53,6.69,6.35,6.56,6.56,17000
20/03/2008,6.56,6.56,6.3,6.44,6.44,23500
24/03/2008,6.46,7.18,6.46,7.05,7.05,86300
25/03/2008,7.17,7.48,7.14,7.46,7.46,74800
26/03/2008,7.46,7.78,7.43,7.72,7.72,71600
27/03/2008,7.78,7.79,7.32,7.58,7.58,25700
28/03/2008,7.57,7.58,7.31,7.35,7.35,23100
31/03/2008,7.48,7.81,7.42,7.79,7.79,99700
01/04/2008,7.81,7.89,7.36,7.7,7.7,38600
02/04/2008,7.7,7.95,7.6,7.8,7.8,32200
03/04/2008,7.85,7.9,7.57,7.72,7.72,32900
04/04/2008,7.84,7.95,7.7,7.72,7.72,52200
07/04/2008,7.87,8.79,7.85,8.24,8.24,235300
08/04/2008,8.3,8.79,8.3,8.63,8.63,116200
09/04/2008,8.88,9.37,8.81,9.24,9.24,213600
10/04/2008,9.37,9.61,9.11,9.5,9.5,126200
11/04/2008,9.49,9.63,9.0,9.54,9.54,80200
14/04/2008,9.7,9.9,9.52,9.69,9.69,132100
15/04/2008,9.7,10.04,9.69,9.95,9.95,120000
16/04/2008,10.01,10.24,10.01,10.13,10.13,152500
17/04/2008,10.24,10.43,10.24,10.32,10.32,94500
18/04/2008,10.43,10.89,10.43,10.75,10.75,211400
21/04/2008,11.14,11.69,10.9,11.4,11.4,404100
22/04/2008,11.36,11.5,10.5,10.56,10.56,244700
23/04/2008,10.4,10.59,9.95,9.95,9.95,178100
24/04/2008,10.03,10.7,9.6,10.65,10.65,256400
25/04/2008,10.65,11.4,10.61,11.33,11.33,212400
28/04/2008,11.55,11.86,10.5,10.87,10.87,275600
29/04/2008,11.05,11.13,10.07,10.53,10.53,103500
30/04/2008,10.49,10.9,9.76,9.93,9.93,108700
01/05/2008,10.25,11.1,10.25,10.68,10.68,283100
02/05/2008,10.95,11.78,10.92,11.7,11.7,307600
05/05/2008,11.75,12.74,11.73,12.66,12.66,661700
06/05/2008,12.74,13.15,12.45,12.57,12.57,543600
07/05/2008,12.92,13.59,11.7,11.92,11.92,590900
08/05/2008,11.85,11.88,10.76,11.74,11.74,443400
09/05/2008,11.69,12.42,11.5,12.34,12.34,296200
12/05/2008,12.18,12.39,11.5,12.12,12.12,300200
13/05/2008,11.78,13.58,11.78,13.1,13.1,548500
14/05/2008,13.17,13.83,12.33,12.6,12.6,437400
15/05/2008,12.55,14.24,12.5,14.1,14.1,579700
16/05/2008,14.31,14.63,13.61,13.98,13.98,541800
19/05/2008,13.91,14.0,13.13,13.54,13.54,442300
20/05/2008,13.72,14.42,13.25,14.42,14.42,429100
21/05/2008,14.47,14.5,13.15,13.32,13.32,313000
22/05/2008,13.17,13.38,12.51,12.75,12.75,263900
23/05/2008,12.75,12.75,12.01,12.13,12.13,241500
27/05/2008,12.09,13.15,12.01,13.0,13.0,216500
28/05/2008,13.11,13.49,13.1,13.46,13.46,131000
29/05/2008,13.4,13.64,12.9,12.99,12.99,117600
30/05/2008,13.07,13.44,13.01,13.44,13.44,120600
02/06/2008,13.5,13.85,12.65,13.05,13.05,179800
03/06/2008,13.02,13.4,12.1,12.54,12.54,195600
04/06/2008,12.36,12.6,12.0,12.37,12.37,129900
05/06/2008,12.31,12.95,12.31,12.82,12.82,134500
06/06/2008,12.79,12.82,12.11,12.23,12.23,137700
09/06/2008,12.11,12.2,10.51,10.75,10.75,440800
10/06/2008,10.53,10.75,10.0,10.43,10.43,291200
11/06/2008,10.37,10.91,10.34,10.72,10.72,137500
12/06/2008,10.65,10.74,10.35,10.4,10.4,81500
13/06/2008,10.41,10.68,10.31,10.41,10.41,89300
16/06/2008,10.24,10.33,10.01,10.18,10.18,100100
17/06/2008,10.17,10.5,10.05,10.42,10.42,202800
18/06/2008,10.29,10.4,10.2,10.37,10.37,81800
19/06/2008,10.31,10.49,10.11,10.16,10.16,84800
20/06/2008,10.04,10.3,10.04,10.16,10.16,65200
23/06/2008,10.2,10.37,10.07,10.13,10.13,191000
24/06/2008,10.04,10.18,9.79,9.97,9.97,153100
25/06/2008,9.96,10.6,9.89,10.21,10.21,111400
26/06/2008,10.14,10.21,9.92,9.97,9.97,57600
27/06/2008,9.95,10.34,9.9,10.29,10.29,54700
30/06/2008,10.19,10.19,9.8,10.01,10.01,106400
01/07/2008,10.0,10.53,9.95,10.14,10.14,134500
02/07/2008,10.23,10.42,9.8,9.98,9.98,89400
03/07/2008,9.98,9.98,8.5,8.67,8.67,93000
07/07/2008,8.65,8.75,7.82,8.02,8.02,184000
08/07/2008,7.97,8.8,7.81,8.6,8.6,63600
09/07/2008,8.4,8.51,7.72,7.85,7.85,41200
10/07/2008,7.91,8.34,7.84,8.01,8.01,67900
11/07/2008,7.96,8.28,7.95,8.09,8.09,24900
14/07/2008,8.22,8.27,8.05,8.27,8.27,50800
15/07/2008,8.19,8.25,7.96,8.0,8.0,52300
16/07/2008,7.99,8.49,7.5,8.49,8.49,116800
17/07/2008,8.5,8.78,7.81,8.04,8.04,89600
18/07/2008,8.09,8.85,7.9,8.39,8.39,91200
21/07/2008,8.71,8.84,8.42,8.8,8.8,43000
22/07/2008,8.75,8.8,8.42,8.61,8.61,25300
23/07/2008,8.62,8.79,8.38,8.38,8.38,32100
24/07/2008,8.38,8.77,8.38,8.44,8.44,24400
25/07/2008,8.48,8.7,8.47,8.54,8.54,12400
28/07/2008,8.71,8.97,8.45,8.63,8.63,50600
29/07/2008,8.87,8.97,8.61,8.89,8.89,27800
30/07/2008,8.98,9.1,8.81,9.1,9.1,31400
31/07/2008,9.03,9.08,8.54,8.54,8.54,43000
01/08/2008,8.57,8.9,8.51,8.9,8.9,34300
04/08/2008,8.9,8.92,8.35,8.35,8.35,118400
05/08/2008,9.79,9.98,9.19,9.38,9.38,153800
06/08/2008,9.32,10.92,9.3,10.9,10.9,222700
07/08/2008,10.74,10.74,10.08,10.25,10.25,169700
08/08/2008,10.2,10.85,10.01,10.54,10.54,93200
11/08/2008,10.63,10.88,10.44,10.58,10.58,56400
12/08/2008,10.5,11.72,10.25,11.72,11.72,144200
13/08/2008,11.77,12.18,11.44,12.0,12.0,142200
14/08/2008,11.96,11.99,10.25,11.87,11.87,73400
15/08/2008,11.75,11.75,10.81,11.05,11.05,50500
18/08/2008,11.2,11.41,11.1,11.24,11.24,50300
19/08/2008,11.11,11.28,10.27,10.3,10.3,35600
20/08/2008,10.4,10.5,10.04,10.32,10.32,72400
21/08/2008,9.65,10.6,9.53,10.5,10.5,64000
22/08/2008,10.55,10.96,9.88,10.13,10.13,43800
25/08/2008,10.42,10.42,9.8,9.85,9.85,23800
26/08/2008,10.0,10.35,9.9,10.01,10.01,25400
27/08/2008,10.0,10.09,9.78,9.86,9.86,23600
28/08/2008,10.09,10.81,10.09,10.66,10.66,56500
29/08/2008,10.7,10.88,10.31,10.62,10.62,32600
02/09/2008,10.78,11.23,10.7,10.91,10.91,48600
03/09/2008,11.02,11.02,10.61,10.64,10.64,22600
04/09/2008,10.55,11.07,10.1,10.2,10.2,30800
05/09/2008,10.09,10.59,9.44,9.8,9.8,47800
08/09/2008,10.48,10.48,9.64,9.78,9.78,24000
09/09/2008,9.72,9.74,9.0,9.0,9.0,39900
10/09/2008,9.3,9.3,8.6,8.85,8.85,33000
11/09/2008,8.71,8.85,8.61,8.79,8.79,28500
12/09/2008,8.78,8.78,8.56,8.65,8.65,24100
15/09/2008,8.48,9.48,8.07,8.73,8.73,59700
16/09/2008,8.44,8.5,8.15,8.32,8.32,15300
17/09/2008,8.16,8.68,7.12,7.46,7.46,83700
18/09/2008,7.45,7.68,7.06,7.31,7.31,143100
19/09/2008,7.94,7.94,7.31,7.79,7.79,93500
22/09/2008,7.6,7.88,7.18,7.18,7.18,105700
23/09/2008,7.23,7.31,7.1,7.31,7.31,35000
24/09/2008,7.4,7.49,7.28,7.3,7.3,45900
25/09/2008,7.27,7.49,7.25,7.47,7.47,46200
26/09/2008,7.23,7.32,7.23,7.28,7.28,23400
29/09/2008,7.4,7.41,6.71,6.71,6.71,94900
30/09/2008,6.79,6.89,6.75,6.8,6.8,37600
01/10/2008,6.81,7.09,6.71,6.98,6.98,21200
02/10/2008,6.93,6.93,6.75,6.75,6.75,28900
03/10/2008,6.81,6.88,6.6,6.62,6.62,38000
06/10/2008,6.52,6.52,5.01,5.14,5.14,179800
07/10/2008,5.01,5.2,4.97,4.97,4.97,126300
08/10/2008,4.84,5.14,4.41,4.83,4.83,128400
09/10/2008,4.95,5.38,4.74,4.8,4.8,77500
10/10/2008,4.42,4.63,4.4,4.56,4.56,131800
13/10/2008,4.7,5.6,4.65,5.18,5.18,94300
14/10/2008,5.46,5.63,5.25,5.25,5.25,54900
15/10/2008,5.25,5.37,4.9,4.9,4.9,45400
16/10/2008,5.01,5.02,4.61,4.77,4.77,71300
17/10/2008,4.71,5.6,4.71,5.32,5.32,61300
20/10/2008,5.49,5.75,5.45,5.65,5.65,29000
21/10/2008,5.89,5.98,5.71,5.87,5.87,31800
22/10/2008,5.73,5.73,5.22,5.24,5.24,23200
23/10/2008,5.35,5.43,5.1,5.11,5.11,24300
24/10/2008,4.75,5.0,4.5,4.74,4.74,25800
27/10/2008,4.71,4.75,4.51,4.71,4.71,49100
28/10/2008,4.94,4.94,4.71,4.72,4.72,23900
29/10/2008,4.71,5.05,4.71,4.99,4.99,21600
30/10/2008,5.2,5.2,5.05,5.19,5.19,9500
31/10/2008,5.14,5.28,5.12,5.24,5.24,4600
03/11/2008,5.98,6.66,5.85,6.41,6.41,47800
04/11/2008,6.5,6.7,6.5,6.58,6.58,18300
05/11/2008,6.5,6.51,6.23,6.23,6.23,11200
06/11/2008,6.33,6.33,5.51,5.98,5.98,66600
07/11/2008,6.15,6.76,6.15,6.25,6.25,38200
10/11/2008,6.46,6.52,6.03,6.2,6.2,27400
11/11/2008,6.06,6.2,5.71,5.71,5.71,10600
12/11/2008,5.52,5.8,5.36,5.48,5.48,4100
13/11/2008,5.42,5.68,5.24,5.68,5.68,20700
14/11/2008,5.87,5.87,5.5,5.5,5.5,4300
17/11/2008,5.44,5.54,5.41,5.51,5.51,1900
18/11/2008,5.6,5.78,5.47,5.6,5.6,5300
19/11/2008,5.46,5.56,5.21,5.21,5.21,8300
20/11/2008,5.21,5.21,4.77,4.77,4.77,15900
21/11/2008,4.75,4.77,4.32,4.36,4.36,33100
24/11/2008,4.59,4.59,3.92,3.92,3.92,74700
25/11/2008,4.07,4.15,3.95,4.08,4.08,112500
26/11/2008,4.0,4.3,4.0,4.07,4.07,22900
28/11/2008,4.13,4.38,4.05,4.07,4.07,13400
01/12/2008,4.05,4.19,4.05,4.05,4.05,17500
02/12/2008,4.03,4.09,4.03,4.05,4.05,31900
03/12/2008,4.07,4.35,4.03,4.35,4.35,14500
04/12/2008,4.41,4.44,4.02,4.35,4.35,8600
05/12/2008,4.15,4.25,4.05,4.08,4.08,19200
08/12/2008,4.05,4.27,4.05,4.19,4.19,55700
09/12/2008,4.19,4.33,4.19,4.19,4.19,30400
10/12/2008,4.2,4.55,4.2,4.42,4.42,46300
11/12/2008,4.53,4.59,4.45,4.5,4.5,10600
12/12/2008,4.5,5.2,4.28,5.2,5.2,37300
15/12/2008,5.04,5.09,4.76,5.08,5.08,39900
16/12/2008,5.17,5.18,5.05,5.16,5.16,4100
17/12/2008,5.13,5.14,5.05,5.06,5.06,26200
18/12/2008,5.16,5.18,5.05,5.06,5.06,11100
19/12/2008,5.12,5.16,5.05,5.06,5.06,23600
22/12/2008,5.06,5.12,5.05,5.05,5.05,12000
23/12/2008,5.09,5.1,5.05,5.07,5.07,3500
24/12/2008,5.06,5.06,5.05,5.05,5.05,1100
26/12/2008,5.05,5.09,4.84,4.98,4.98,49300
29/12/2008,5.05,5.07,4.91,4.93,4.93,69900
30/12/2008,5.02,5.17,5.02,5.15,5.15,7500
31/12/2008,5.15,5.34,5.15,5.29,5.29,10900
02/01/2009,5.21,5.24,5.15,5.15,5.15,4600
05/01/2009,5.25,5.81,5.25,5.5,5.5,42500
06/01/2009,5.67,5.82,5.6,5.82,5.82,10100
07/01/2009,5.87,5.87,5.29,5.33,5.33,8000
08/01/2009,5.6,5.85,5.52,5.84,5.84,40800
09/01/2009,6.1,6.1,5.4,5.4,5.4,18300
12/01/2009,5.33,5.38,5.2,5.21,5.21,18200
13/01/2009,5.19,5.47,5.17,5.17,5.17,14600
14/01/2009,5.18,5.4,5.17,5.19,5.19,9400
15/01/2009,5.19,5.49,5.19,5.45,5.45,10500
16/01/2009,5.45,5.51,5.3,5.3,5.3,6700
20/01/2009,5.66,5.66,5.2,5.21,5.21,11700
21/01/2009,5.22,5.68,5.22,5.68,5.68,6400
22/01/2009,5.48,5.67,5.22,5.58,5.58,17200
23/01/2009,5.21,5.38,5.21,5.38,5.38,5700
26/01/2009,5.56,5.56,5.33,5.55,5.55,2500
27/01/2009,5.32,5.52,5.3,5.31,5.31,8500
28/01/2009,5.33,5.59,5.3,5.39,5.39,5600
29/01/2009,5.48,5.49,5.31,5.31,5.31,2100
30/01/2009,5.49,5.49,5.25,5.3,5.3,8200
02/02/2009,5.2,5.32,4.9,4.93,4.93,41700
03/02/2009,4.99,4.99,4.8,4.94,4.94,16700
04/02/2009,4.9,5.03,4.81,4.81,4.81,9900
05/02/2009,4.81,4.89,4.81,4.85,4.85,6300
06/02/2009,4.9,4.94,4.82,4.84,4.84,8600
09/02/2009,4.83,5.02,4.83,4.95,4.95,13200
10/02/2009,4.97,5.06,4.83,4.97,4.97,10800
11/02/2009,4.87,5.24,4.86,5.17,5.17,21800
12/02/2009,5.02,5.22,4.85,4.89,4.89,22300
13/02/2009,4.9,5.2,4.89,5.19,5.19,6900
17/02/2009,5.0,5.0,4.25,4.54,4.54,25400
18/02/2009,4.5,4.69,4.3,4.36,4.36,6500
19/02/2009,4.77,4.84,4.21,4.28,4.28,32500
20/02/2009,4.23,4.74,4.21,4.21,4.21,5900
23/02/2009,4.22,4.57,4.05,4.05,4.05,14800
24/02/2009,4.01,4.33,4.0,4.24,4.24,31800
25/02/2009,4.36,4.37,4.03,4.03,4.03,6400
26/02/2009,4.16,4.42,4.11,4.21,4.21,21700
27/02/2009,4.12,4.12,4.01,4.1,4.1,2500
02/03/2009,4.02,4.03,3.9,3.91,3.91,17400
03/03/2009,3.9,4.08,3.72,3.8,3.8,11800
04/03/2009,4.06,4.19,3.93,3.98,3.98,101200
05/03/2009,3.93,3.99,3.86,3.91,3.91,25000
06/03/2009,3.99,3.99,3.85,3.88,3.88,18100
09/03/2009,3.8,3.87,3.47,3.54,3.54,21000
10/03/2009,3.69,3.7,3.51,3.6,3.6,17700
11/03/2009,3.68,3.8,3.6,3.66,3.66,10200
12/03/2009,3.76,3.76,3.6,3.65,3.65,25300
13/03/2009,3.71,3.86,3.68,3.86,3.86,57700
16/03/2009,3.92,4.14,3.9,4.1,4.1,41400
17/03/2009,4.01,4.2,4.01,4.19,4.19,6200
18/03/2009,4.12,4.3,4.12,4.3,4.3,17300
19/03/2009,4.4,4.63,4.2,4.23,4.23,13300
20/03/2009,4.32,4.32,4.2,4.3,4.3,23300
23/03/2009,4.37,4.45,4.32,4.45,4.45,33300
24/03/2009,4.4,4.43,4.4,4.43,4.43,13000
25/03/2009,4.4,4.7,4.4,4.68,4.68,15800
26/03/2009,4.7,4.8,4.61,4.8,4.8,6000
27/03/2009,4.57,4.7,4.56,4.61,4.61,4500
30/03/2009,4.54,4.54,4.4,4.4,4.4,10900
31/03/2009,4.46,4.49,4.45,4.49,4.49,7800
01/04/2009,4.59,4.73,4.46,4.46,4.46,7600
02/04/2009,4.5,4.76,4.45,4.61,4.61,7700
03/04/2009,4.77,4.78,4.73,4.74,4.74,2800
06/04/2009,4.78,4.84,4.77,4.84,4.84,12500
07/04/2009,4.75,4.82,4.71,4.82,4.82,15000
08/04/2009,4.75,4.83,4.75,4.8,4.8,4600
09/04/2009,4.85,5.12,4.8,5.12,5.12,11300
13/04/2009,4.99,5.0,4.93,4.97,4.97,2200
14/04/2009,4.93,4.93,4.8,4.8,4.8,7300
15/04/2009,4.8,4.88,4.7,4.84,4.84,42600
16/04/2009,4.94,4.94,4.64,4.64,4.64,48700
17/04/2009,4.61,4.7,4.6,4.65,4.65,21900
20/04/2009,4.51,4.57,4.51,4.51,4.51,11600
21/04/2009,4.52,4.7,4.51,4.7,4.7,7900
22/04/2009,4.79,4.8,4.72,4.72,4.72,6500
23/04/2009,4.7,4.94,4.7,4.75,4.75,1400
24/04/2009,4.74,4.76,4.7,4.7,4.7,17200
27/04/2009,4.7,4.85,4.7,4.77,4.77,12500
28/04/2009,4.73,4.73,4.72,4.73,4.73,20600
29/04/2009,4.73,4.73,4.7,4.73,4.73,20200
30/04/2009,4.73,5.0,4.7,4.99,4.99,11500
01/05/2009,5.1,5.1,5.0,5.05,5.05,6100
04/05/2009,5.02,5.2,4.86,5.12,5.12,38100
05/05/2009,5.07,5.07,4.37,4.49,4.49,94300
06/05/2009,4.69,4.69,4.39,4.55,4.55,116100
07/05/2009,4.68,4.72,4.46,4.46,4.46,8700
08/05/2009,4.55,4.55,4.46,4.49,4.49,15000
11/05/2009,4.5,4.5,4.45,4.46,4.46,53300
12/05/2009,4.54,4.54,4.45,4.45,4.45,1900
13/05/2009,4.5,4.62,4.17,4.23,4.23,47600
14/05/2009,4.25,4.27,4.19,4.2,4.2,23200
15/05/2009,4.2,4.2,4.13,4.17,4.17,6400
18/05/2009,4.25,4.28,4.15,4.19,4.19,9800
19/05/2009,4.3,4.35,4.16,4.19,4.19,12000
20/05/2009,4.15,4.28,4.14,4.14,4.14,19200
21/05/2009,4.15,4.28,4.12,4.28,4.28,17500
22/05/2009,4.14,4.2,4.05,4.08,4.08,13000
26/05/2009,4.16,4.21,4.07,4.09,4.09,18600
27/05/2009,4.09,4.14,4.03,4.06,4.06,46200
28/05/2009,4.07,4.09,4.04,4.09,4.09,32400
29/05/2009,4.12,4.19,4.1,4.16,4.16,21100
01/06/2009,4.17,4.35,4.17,4.25,4.25,35700
02/06/2009,4.31,4.31,4.12,4.16,4.16,15000
03/06/2009,4.2,4.2,4.09,4.13,4.13,9000
04/06/2009,4.18,4.21,4.09,4.09,4.09,12800
05/06/2009,4.22,4.22,4.09,4.12,4.12,34500
08/06/2009,4.09,4.15,4.09,4.11,4.11,5700
09/06/2009,4.13,4.13,4.1,4.13,4.13,25900
10/06/2009,4.11,4.16,4.09,4.16,4.16,24500
11/06/2009,4.16,4.25,4.1,4.24,4.24,28600
12/06/2009,4.15,4.16,4.1,4.1,4.1,22700
15/06/2009,4.12,4.13,4.04,4.06,4.06,53500
16/06/2009,4.07,4.08,4.05,4.06,4.06,26900
17/06/2009,4.09,4.1,4.04,4.05,4.05,34700
18/06/2009,4.05,4.08,4.05,4.07,4.07,3200
19/06/2009,4.1,4.1,4.05,4.09,4.09,16600
22/06/2009,4.07,4.09,4.05,4.06,4.06,20800
23/06/2009,4.05,4.09,4.05,4.07,4.07,23500
24/06/2009,4.07,4.18,4.06,4.08,4.08,14600
25/06/2009,4.07,4.12,4.06,4.1,4.1,3800
26/06/2009,4.13,4.15,4.1,4.12,4.12,5900
29/06/2009,4.15,4.15,4.1,4.14,4.14,6800
30/06/2009,4.18,4.21,4.15,4.17,4.17,8000
01/07/2009,4.17,4.28,4.17,4.23,4.23,29100
02/07/2009,4.19,4.24,4.15,4.24,4.24,5200
06/07/2009,4.15,4.23,4.15,4.21,4.21,8600
07/07/2009,4.18,4.2,4.15,4.2,4.2,4600
08/07/2009,4.17,4.25,4.16,4.25,4.25,2200
09/07/2009,4.25,4.25,4.22,4.24,4.24,1100
10/07/2009,4.25,4.27,4.25,4.25,4.25,38900
13/07/2009,4.26,4.28,4.25,4.25,4.25,3400
14/07/2009,4.25,4.27,4.09,4.19,4.19,45900
15/07/2009,4.26,4.27,4.11,4.23,4.23,46400
16/07/2009,4.22,4.25,4.13,4.22,4.22,7800
17/07/2009,4.24,4.26,4.19,4.22,4.22,4000
20/07/2009,4.18,4.23,4.18,4.19,4.19,11400
21/07/2009,4.18,4.23,4.18,4.19,4.19,4800
22/07/2009,4.22,4.23,4.2,4.23,4.23,7900
23/07/2009,4.19,4.4,4.19,4.38,4.38,12900
24/07/2009,4.42,4.5,4.37,4.42,4.42,15000
27/07/2009,4.39,4.54,4.35,4.54,4.54,8300
28/07/2009,4.55,4.6,4.55,4.6,4.6,7600
29/07/2009,4.46,4.49,4.46,4.49,4.49,400
30/07/2009,4.59,4.75,4.59,4.69,4.69,13900
31/07/2009,4.75,5.03,4.66,5.02,5.02,36900
03/08/2009,4.99,5.14,4.89,5.1,5.1,36900
04/08/2009,5.08,5.24,5.08,5.18,5.18,6500
05/08/2009,5.1,5.15,5.1,5.1,5.1,4200
06/08/2009,5.15,5.15,4.98,5.02,5.02,18600
07/08/2009,5.0,5.01,4.99,4.99,4.99,5100
10/08/2009,4.99,5.18,4.99,5.1,5.1,16200
11/08/2009,5.1,5.16,5.0,5.0,5.0,10400
12/08/2009,5.17,5.18,4.99,4.99,4.99,6500
13/08/2009,5.0,5.16,5.0,5.12,5.12,4500
14/08/2009,5.05,5.08,5.0,5.07,5.07,3200
17/08/2009,5.0,5.0,4.9,4.9,4.9,4900
18/08/2009,5.01,5.02,4.88,4.89,4.89,4800
19/08/2009,4.8,4.98,4.6,4.96,4.96,11300
20/08/2009,4.97,4.99,4.89,4.9,4.9,38300
21/08/2009,4.98,4.98,4.88,4.88,4.88,57000
24/08/2009,4.9,4.99,4.75,4.92,4.92,10700
25/08/2009,4.99,4.99,4.9,4.95,4.95,7200
26/08/2009,5.0,5.14,4.9,5.14,5.14,16700
27/08/2009,5.06,5.09,5.0,5.09,5.09,2200
28/08/2009,5.09,5.25,5.09,5.25,5.25,10800
31/08/2009,5.22,5.35,5.22,5.3,5.3,6400
01/09/2009,5.3,5.3,5.25,5.26,5.26,8000
02/09/2009,5.24,5.4,5.19,5.26,5.26,27900
03/09/2009,5.28,5.43,5.25,5.3,5.3,12400
04/09/2009,5.31,5.44,5.31,5.4,5.4,24800
08/09/2009,5.43,5.6,5.42,5.53,5.53,14600
09/09/2009,5.59,6.32,5.5,5.93,5.93,95900
10/09/2009,6.08,6.35,6.08,6.3,6.3,47900
11/09/2009,6.35,6.35,6.02,6.08,6.08,21200
14/09/2009,5.84,6.0,5.4,5.9,5.9,19000
15/09/2009,5.93,6.35,5.93,6.35,6.35,17300
16/09/2009,6.35,6.42,6.3,6.35,6.35,29700
17/09/2009,6.4,6.4,6.0,6.0,6.0,16300
18/09/2009,6.11,6.43,5.99,5.99,5.99,17500
21/09/2009,6.05,6.33,6.05,6.22,6.22,23100
22/09/2009,6.15,6.24,6.15,6.24,6.24,600
23/09/2009,6.15,6.23,6.04,6.04,6.04,6900
24/09/2009,6.06,6.06,5.97,5.97,5.97,15200
25/09/2009,5.94,5.94,5.91,5.94,5.94,15800
28/09/2009,6.04,6.46,6.04,6.27,6.27,88600
29/09/2009,6.16,6.34,6.15,6.17,6.17,6300
30/09/2009,6.14,6.32,6.0,6.32,6.32,2400
01/10/2009,5.99,6.3,5.91,5.94,5.94,4400
02/10/2009,6.11,6.32,5.91,6.15,6.15,19800
05/10/2009,6.32,6.32,5.99,5.99,5.99,5700
06/10/2009,6.25,6.25,6.03,6.07,6.07,7100
07/10/2009,6.07,6.07,6.0,6.07,6.07,2900
08/10/2009,5.92,6.3,5.92,6.27,6.27,14300
09/10/2009,6.33,6.36,6.05,6.36,6.36,11800
12/10/2009,6.2,6.35,6.19,6.3,6.3,23300
13/10/2009,6.3,6.3,6.23,6.23,6.23,4500
14/10/2009,6.22,6.39,6.22,6.35,6.35,54200
15/10/2009,6.23,6.32,6.22,6.22,6.22,2600
16/10/2009,6.21,6.21,6.05,6.14,6.14,5000
19/10/2009,6.1,6.1,6.02,6.05,6.05,5700
20/10/2009,6.05,6.1,5.96,6.09,6.09,5900
21/10/2009,6.15,6.32,6.15,6.32,6.32,4200
22/10/2009,6.26,6.3,6.19,6.27,6.27,2400
23/10/2009,6.2,6.2,6.15,6.16,6.16,2900
26/10/2009,6.24,6.29,6.19,6.19,6.19,8100
27/10/2009,6.19,6.29,6.18,6.25,6.25,3600
28/10/2009,6.25,6.3,6.15,6.19,6.19,16200
29/10/2009,6.19,6.22,5.96,5.96,5.96,14500
30/10/2009,6.06,6.2,6.0,6.13,6.13,11000
02/11/2009,6.18,6.19,6.06,6.1,6.1,4600
03/11/2009,6.14,6.14,6.02,6.1,6.1,6000
04/11/2009,6.09,6.27,6.09,6.15,6.15,5300
05/11/2009,6.51,7.1,6.51,6.79,6.79,203000
06/11/2009,6.75,6.85,6.72,6.76,6.76,43700
09/11/2009,6.77,6.88,6.67,6.87,6.87,140600
10/11/2009,6.85,6.94,6.62,6.94,6.94,69400
11/11/2009,6.95,6.95,6.68,6.74,6.74,24100
12/11/2009,6.82,6.82,6.6,6.67,6.67,46200
13/11/2009,6.6,6.68,6.56,6.67,6.67,30500
16/11/2009,6.62,6.79,6.6,6.78,6.78,58500
17/11/2009,6.76,6.77,6.71,6.74,6.74,22100
18/11/2009,6.8,6.8,6.68,6.69,6.69,7500
19/11/2009,6.68,6.68,6.42,6.53,6.53,28400
20/11/2009,6.51,6.66,6.48,6.58,6.58,20400
23/11/2009,6.58,6.75,6.44,6.56,6.56,36600
24/11/2009,6.58,6.73,6.33,6.51,6.51,21600
25/11/2009,6.56,6.72,6.56,6.72,6.72,31500
27/11/2009,6.59,6.62,6.58,6.58,6.58,2500
30/11/2009,6.59,6.75,6.59,6.67,6.67,13700
01/12/2009,6.67,6.75,6.65,6.65,6.65,19000
02/12/2009,6.73,6.83,6.73,6.81,6.81,35900
03/12/2009,6.88,6.88,6.71,6.72,6.72,47400
04/12/2009,6.85,6.85,6.7,6.72,6.72,17500
07/12/2009,6.8,6.85,6.55,6.59,6.59,18600
08/12/2009,6.55,6.55,6.35,6.35,6.35,22600
09/12/2009,6.34,6.39,6.28,6.28,6.28,15200
10/12/2009,6.32,6.32,6.25,6.3,6.3,26900
11/12/2009,6.37,6.38,6.13,6.32,6.32,12100
14/12/2009,6.3,6.53,6.3,6.5,6.5,23400
15/12/2009,6.5,6.55,6.2,6.32,6.32,5400
16/12/2009,6.45,6.55,6.35,6.5,6.5,25000
17/12/2009,6.55,6.55,6.32,6.45,6.45,3900
18/12/2009,6.41,6.51,6.38,6.4,6.4,7500
21/12/2009,6.49,6.54,6.49,6.52,6.52,9800
22/12/2009,6.46,6.55,6.46,6.51,6.51,4300
23/12/2009,6.47,6.54,6.44,6.54,6.54,5500
24/12/2009,6.49,6.51,6.45,6.5,6.5,21800
28/12/2009,6.56,6.61,6.5,6.54,6.54,8100
29/12/2009,6.51,6.51,6.5,6.5,6.5,12800
30/12/2009,6.51,6.55,6.51,6.51,6.51,5500
31/12/2009,6.51,6.51,6.5,6.5,6.5,4600
04/01/2010,6.5,6.58,6.5,6.5,6.5,10200
05/01/2010,6.52,6.57,6.5,6.54,6.54,8700
06/01/2010,6.51,6.6,6.5,6.6,6.6,15800
07/01/2010,6.6,6.95,6.56,6.95,6.95,21200
08/01/2010,6.95,6.97,6.84,6.96,6.96,12600
11/01/2010,6.97,7.47,6.96,7.35,7.35,48000
12/01/2010,7.3,7.3,6.93,6.93,6.93,12300
13/01/2010,7.07,7.09,6.98,7.05,7.05,14800
14/01/2010,7.05,7.05,7.01,7.02,7.02,6800
15/01/2010,7.02,7.05,6.99,7.0,7.0,11900
19/01/2010,7.04,7.48,7.04,7.44,7.44,153400
20/01/2010,7.22,7.46,7.22,7.34,7.34,47200
21/01/2010,7.35,7.47,7.01,7.07,7.07,31100
22/01/2010,7.06,7.06,6.56,6.8,6.8,34900
25/01/2010,6.9,7.17,6.9,7.02,7.02,12000
26/01/2010,7.02,7.16,7.0,7.11,7.11,12000
27/01/2010,7.04,7.13,7.0,7.0,7.0,6700
28/01/2010,7.0,7.18,6.72,7.16,7.16,13800
29/01/2010,7.0,7.03,6.95,7.0,7.0,10500
01/02/2010,6.93,7.15,6.93,7.02,7.02,6500
02/02/2010,7.14,7.2,6.98,7.2,7.2,18200
03/02/2010,7.2,7.22,7.05,7.15,7.15,7400
04/02/2010,7.19,7.19,6.9,6.9,6.9,31800
05/02/2010,6.9,7.06,6.9,6.94,6.94,20000
08/02/2010,7.21,7.21,7.04,7.11,7.11,8500
09/02/2010,7.19,7.32,7.1,7.28,7.28,16200
10/02/2010,7.29,7.29,7.1,7.2,7.2,5900
11/02/2010,7.34,7.66,7.27,7.38,7.38,25800
12/02/2010,7.26,7.68,7.26,7.65,7.65,28400
16/02/2010,7.57,7.89,7.44,7.75,7.75,70000
17/02/2010,7.71,7.78,7.6,7.76,7.76,21100
18/02/2010,7.7,7.77,7.7,7.72,7.72,13600
19/02/2010,7.7,7.77,7.7,7.7,7.7,11000
22/02/2010,7.73,7.75,7.59,7.73,7.73,10000
23/02/2010,7.77,7.77,7.6,7.63,7.63,17600
24/02/2010,7.7,7.79,7.67,7.78,7.78,18600
25/02/2010,7.73,7.79,7.72,7.75,7.75,5400
26/02/2010,7.78,7.8,7.7,7.78,7.78,12500
01/03/2010,7.81,7.81,7.6,7.68,7.68,19600
02/03/2010,7.7,7.88,7.62,7.88,7.88,31500
03/03/2010,9.58,10.54,9.5,10.42,10.42,1070000
04/03/2010,10.4,10.69,10.07,10.2,10.2,355000
05/03/2010,10.25,10.4,9.84,10.34,10.34,131000
08/03/2010,10.35,11.06,10.03,11.0,11.0,350900
09/03/2010,11.0,11.02,10.54,10.65,10.65,61000
10/03/2010,10.51,10.93,10.51,10.86,10.86,80300
11/03/2010,10.81,10.82,10.21,10.51,10.51,78200
12/03/2010,10.5,10.79,10.3,10.49,10.49,82900
15/03/2010,10.83,11.29,10.63,11.24,11.24,163200
16/03/2010,11.22,11.22,10.74,10.74,10.74,69800
17/03/2010,10.6,10.99,10.44,10.46,10.46,98900
18/03/2010,10.5,10.95,10.32,10.92,10.92,140900
19/03/2010,10.88,10.93,10.5,10.74,10.74,91100
22/03/2010,10.7,10.7,10.33,10.5,10.5,63200
23/03/2010,10.44,10.53,10.3,10.3,10.3,47500
24/03/2010,10.42,10.42,9.9,10.06,10.06,72300
25/03/2010,10.01,10.05,9.62,9.68,9.68,130900
26/03/2010,9.66,10.35,9.59,10.17,10.17,271500
29/03/2010,10.25,10.4,10.08,10.3,10.3,222000
30/03/2010,10.25,10.4,10.0,10.22,10.22,33300
31/03/2010,10.11,10.4,10.11,10.34,10.34,50400
01/04/2010,10.34,10.35,10.18,10.24,10.24,42300
05/04/2010,10.22,10.4,10.0,10.17,10.17,86200
06/04/2010,10.21,10.65,10.09,10.55,10.55,212200
07/04/2010,10.62,10.82,10.18,10.21,10.21,67500
08/04/2010,10.09,10.36,10.0,10.29,10.29,61200
09/04/2010,10.23,10.37,10.19,10.27,10.27,24200
12/04/2010,10.21,10.44,10.15,10.2,10.2,73300
13/04/2010,10.25,10.32,10.15,10.27,10.27,40500
14/04/2010,10.26,10.38,10.16,10.37,10.37,41600
15/04/2010,10.3,10.57,10.2,10.2,10.2,92300
16/04/2010,10.15,10.3,9.88,10.14,10.14,115900
19/04/2010,10.0,10.21,9.9,10.08,10.08,44800
20/04/2010,10.04,10.31,10.03,10.28,10.28,39100
21/04/2010,10.28,10.42,10.15,10.38,10.38,25700
22/04/2010,10.46,10.75,10.21,10.66,10.66,58500
23/04/2010,10.67,10.97,10.48,10.82,10.82,66300
26/04/2010,10.96,11.59,10.94,11.15,11.15,215500
27/04/2010,11.25,11.25,10.3,10.5,10.5,141500
28/04/2010,10.57,10.57,10.32,10.4,10.4,33200
29/04/2010,10.41,10.7,10.41,10.68,10.68,19300
30/04/2010,10.61,10.65,10.36,10.5,10.5,86900
03/05/2010,10.55,11.18,10.45,11.09,11.09,91400
04/05/2010,10.82,10.9,10.47,10.53,10.53,56200
05/05/2010,10.0,10.0,8.26,8.86,8.86,345100
06/05/2010,8.86,9.12,8.5,8.81,8.81,119300
07/05/2010,8.85,9.16,8.71,8.8,8.8,126900
10/05/2010,9.04,9.16,8.91,9.07,9.07,78300
11/05/2010,8.91,9.11,8.91,9.05,9.05,22900
12/05/2010,9.23,9.3,9.1,9.2,9.2,37300
13/05/2010,9.25,9.4,9.13,9.31,9.31,62800
14/05/2010,9.24,9.6,9.05,9.43,9.43,56500
17/05/2010,9.43,9.53,9.16,9.36,9.36,34100
18/05/2010,9.41,9.56,9.36,9.48,9.48,32900
19/05/2010,9.4,9.4,9.12,9.32,9.32,39500
20/05/2010,9.0,9.07,8.71,8.83,8.83,64300
21/05/2010,8.81,9.13,8.63,8.89,8.89,45200
24/05/2010,8.88,9.06,8.76,8.82,8.82,32100
25/05/2010,8.61,8.74,8.55,8.61,8.61,30700
26/05/2010,8.66,8.81,8.54,8.57,8.57,16600
27/05/2010,8.77,8.99,8.65,8.85,8.85,22100
28/05/2010,8.95,8.95,8.81,8.83,8.83,34500
01/06/2010,8.88,9.18,8.83,9.01,9.01,38900
02/06/2010,8.93,9.08,8.89,9.05,9.05,6000
03/06/2010,9.02,9.05,8.85,9.05,9.05,38900
04/06/2010,8.86,9.26,8.86,9.02,9.02,31600
07/06/2010,9.13,9.2,8.85,8.99,8.99,30300
08/06/2010,9.08,9.08,8.83,8.87,8.87,10400
09/06/2010,9.0,9.12,8.85,9.09,9.09,13700
10/06/2010,9.27,9.27,9.05,9.05,9.05,12400
11/06/2010,8.97,9.25,8.97,9.25,9.25,21500
14/06/2010,9.75,9.85,9.65,9.73,9.73,111700
15/06/2010,9.76,9.95,9.71,9.84,9.84,33500
16/06/2010,9.88,9.88,9.79,9.81,9.81,22700
17/06/2010,9.87,9.97,9.78,9.97,9.97,23000
18/06/2010,9.99,10.18,9.97,10.0,10.0,17500
21/06/2010,10.15,10.46,9.94,10.02,10.02,45900
22/06/2010,10.08,10.09,9.58,9.8,9.8,25300
23/06/2010,9.54,9.75,9.26,9.75,9.75,24800
24/06/2010,9.67,9.73,9.33,9.36,9.36,16200
25/06/2010,9.36,9.74,9.36,9.63,9.63,33400
28/06/2010,9.63,9.79,9.5,9.5,9.5,17600
29/06/2010,9.4,9.5,9.08,9.2,9.2,64500
30/06/2010,9.2,9.4,9.06,9.18,9.18,40500
01/07/2010,9.18,9.32,8.91,9.25,9.25,18600
02/07/2010,9.36,9.52,8.97,9.38,9.38,40400
06/07/2010,9.46,9.54,9.05,9.05,9.05,46100
07/07/2010,9.13,9.29,8.91,9.11,9.11,21200
08/07/2010,9.09,9.28,9.09,9.16,9.16,8100
09/07/2010,9.25,9.48,9.25,9.41,9.41,13600
12/07/2010,9.41,9.54,9.27,9.38,9.38,16800
13/07/2010,9.4,9.65,9.4,9.59,9.59,10800
14/07/2010,9.62,9.7,9.45,9.57,9.57,40500
15/07/2010,9.54,9.55,9.49,9.54,9.54,5000
16/07/2010,9.38,9.46,9.09,9.09,9.09,6800
19/07/2010,9.25,9.25,8.93,8.98,8.98,11100
20/07/2010,8.9,9.1,8.9,9.1,9.1,12100
21/07/2010,9.13,9.36,9.13,9.21,9.21,9700
22/07/2010,9.27,9.56,9.11,9.5,9.5,16900
23/07/2010,8.99,9.52,8.99,9.41,9.41,29800
26/07/2010,8.55,9.15,8.51,9.08,9.08,122900
27/07/2010,9.1,9.2,9.09,9.14,9.14,14500
28/07/2010,9.17,9.25,9.12,9.25,9.25,10000
29/07/2010,9.2,9.25,9.03,9.25,9.25,25800
30/07/2010,9.04,9.48,9.04,9.28,9.28,29400
02/08/2010,9.43,9.75,9.18,9.65,9.65,49200
03/08/2010,10.3,10.47,10.12,10.24,10.24,155800
04/08/2010,10.24,10.3,10.15,10.16,10.16,34800
05/08/2010,10.05,10.15,10.02,10.06,10.06,33100
06/08/2010,10.0,10.09,9.85,9.9,9.9,45200
09/08/2010,9.95,9.99,9.85,9.88,9.88,69700
10/08/2010,9.83,9.9,9.79,9.88,9.88,37000
11/08/2010,9.9,9.9,9.39,9.41,9.41,85900
12/08/2010,9.41,9.46,9.3,9.39,9.39,21500
13/08/2010,9.4,9.75,9.4,9.63,9.63,17400
16/08/2010,9.63,9.9,9.6,9.81,9.81,27500
17/08/2010,9.85,9.86,9.76,9.77,9.77,27600
18/08/2010,9.76,9.76,9.43,9.5,9.5,101100
19/08/2010,9.51,9.57,9.48,9.48,9.48,30100
20/08/2010,9.48,9.56,9.48,9.56,9.56,14900
23/08/2010,9.69,9.75,9.55,9.61,9.61,69400
24/08/2010,9.59,9.78,9.51,9.75,9.75,56100
25/08/2010,9.73,9.8,9.55,9.77,9.77,52400
26/08/2010,9.74,9.9,9.73,9.89,9.89,26900
27/08/2010,9.96,10.02,9.75,9.91,9.91,41200
30/08/2010,9.85,9.93,9.56,9.64,9.64,57000
31/08/2010,9.53,9.62,9.48,9.55,9.55,13600
01/09/2010,9.61,9.81,9.61,9.76,9.76,58300
02/09/2010,9.79,9.94,9.69,9.91,9.91,29100
03/09/2010,9.94,10.45,9.94,10.25,10.25,89100
07/09/2010,10.21,10.42,10.21,10.33,10.33,36100
08/09/2010,10.32,10.44,10.32,10.34,10.34,22400
09/09/2010,10.32,10.45,10.31,10.44,10.44,22300
10/09/2010,10.4,10.49,10.36,10.39,10.39,23600
13/09/2010,10.5,10.53,10.4,10.43,10.43,19100
14/09/2010,10.5,10.59,10.41,10.49,10.49,41500
15/09/2010,10.49,10.99,10.46,10.93,10.93,64800
16/09/2010,11.0,11.33,10.89,11.1,11.1,51200
17/09/2010,11.14,11.23,10.97,11.23,11.23,26700
20/09/2010,11.33,11.4,11.15,11.24,11.24,45600
21/09/2010,11.3,11.8,11.02,11.72,11.72,100800
22/09/2010,11.68,11.85,11.46,11.53,11.53,25200
23/09/2010,11.36,11.5,11.1,11.3,11.3,94400
24/09/2010,11.31,11.74,11.14,11.21,11.21,115300
27/09/2010,11.32,11.35,11.0,11.0,11.0,54500
28/09/2010,11.0,11.56,11.0,11.39,11.39,53200
29/09/2010,11.45,11.79,11.28,11.53,11.53,69100
30/09/2010,11.7,12.03,11.52,11.69,11.69,76000
01/10/2010,11.78,12.5,11.64,12.49,12.49,131400
04/10/2010,12.56,12.88,12.51,12.58,12.58,115600
05/10/2010,12.6,13.2,12.54,12.63,12.63,250400
06/10/2010,12.72,12.72,11.83,12.12,12.12,114800
07/10/2010,12.29,12.29,11.83,11.95,11.95,49100
08/10/2010,12.06,12.32,11.83,12.23,12.23,44700
11/10/2010,12.09,12.82,12.09,12.78,12.78,104500
12/10/2010,12.6,12.97,12.51,12.74,12.74,57800
13/10/2010,12.87,13.28,12.77,12.85,12.85,89200
14/10/2010,12.81,12.81,12.46,12.81,12.81,59900
15/10/2010,12.73,13.03,12.69,12.96,12.96,58100
18/10/2010,12.95,13.32,12.91,12.99,12.99,106900
19/10/2010,12.99,13.0,12.56,12.67,12.67,69000
20/10/2010,12.77,12.92,12.64,12.67,12.67,33100
21/10/2010,12.69,12.69,12.32,12.54,12.54,45500
22/10/2010,12.68,12.68,12.4,12.4,12.4,19500
25/10/2010,12.4,12.68,12.13,12.13,12.13,60300
26/10/2010,12.12,12.21,11.83,12.01,12.01,61300
27/10/2010,11.84,12.1,11.52,12.0,12.0,56500
28/10/2010,12.33,12.33,11.87,12.02,12.02,34100
29/10/2010,11.91,12.02,11.87,11.95,11.95,48700
01/11/2010,12.0,12.41,12.0,12.08,12.08,53100
02/11/2010,12.13,12.28,12.0,12.15,12.15,58900
03/11/2010,12.53,12.84,11.79,12.23,12.23,175800
04/11/2010,12.39,12.39,11.37,11.73,11.73,91800
05/11/2010,11.81,11.85,11.18,11.44,11.44,103700
08/11/2010,11.48,11.5,10.89,10.96,10.96,160100
09/11/2010,10.95,10.95,10.5,10.74,10.74,117100
10/11/2010,10.81,11.4,10.69,11.34,11.34,65300
11/11/2010,11.12,11.58,11.12,11.57,11.57,40700
12/11/2010,11.5,11.54,11.05,11.15,11.15,39000
15/11/2010,11.11,11.24,10.92,11.07,11.07,56300
16/11/2010,11.04,11.04,10.6,10.89,10.89,26600
17/11/2010,10.87,10.89,10.65,10.84,10.84,32800
18/11/2010,10.89,11.31,10.85,11.17,11.17,38500
19/11/2010,11.28,11.49,10.9,11.25,11.25,30000
22/11/2010,11.18,11.25,10.75,11.0,11.0,96700
23/11/2010,10.85,11.07,10.79,10.88,10.88,53000
24/11/2010,11.04,11.07,10.88,11.03,11.03,15100
26/11/2010,11.01,11.06,10.93,11.0,11.0,6900
29/11/2010,11.02,11.33,10.88,11.22,11.22,57500
30/11/2010,11.15,12.72,11.15,11.6,11.6,272100
01/12/2010,11.6,11.6,10.73,11.28,11.28,241600
02/12/2010,11.25,11.71,11.25,11.62,11.62,61300
03/12/2010,11.58,11.95,11.5,11.92,11.92,120000
06/12/2010,11.92,12.43,11.91,12.07,12.07,136700
07/12/2010,12.09,12.09,11.75,11.8,11.8,56500
08/12/2010,11.88,11.88,11.73,11.75,11.75,23400
09/12/2010,11.88,12.02,11.68,11.95,11.95,24100
10/12/2010,12.02,12.12,11.89,12.0,12.0,69200
13/12/2010,12.27,12.31,12.01,12.1,12.1,47000
14/12/2010,12.15,12.15,11.78,11.9,11.9,37600
15/12/2010,11.95,12.04,11.77,11.97,11.97,26900
16/12/2010,11.96,12.01,11.79,12.01,12.01,18300
17/12/2010,12.04,12.24,11.86,12.06,12.06,50900
20/12/2010,12.06,12.21,11.9,11.97,11.97,49400
21/12/2010,12.06,12.55,11.97,12.25,12.25,65400
22/12/2010,12.23,12.28,12.01,12.19,12.19,25100
23/12/2010,12.24,12.25,12.04,12.07,12.07,13500
27/12/2010,12.08,12.17,11.98,12.0,12.0,28500
28/12/2010,12.06,12.13,11.92,11.94,11.94,30100
29/12/2010,12.03,12.03,11.94,11.97,11.97,14500
30/12/2010,12.0,12.0,11.94,11.94,11.94,10600
31/12/2010,12.0,12.34,11.99,12.19,12.19,27700
03/01/2011,12.19,13.25,12.19,13.01,13.01,315800
04/01/2011,13.0,13.28,12.79,13.27,13.27,132500
05/01/2011,13.25,14.07,13.08,13.93,13.93,196800
06/01/2011,14.0,14.38,13.5,14.38,14.38,107100
07/01/2011,14.48,14.59,14.01,14.3,14.3,102500
10/01/2011,14.5,14.95,14.05,14.55,14.55,114900
11/01/2011,14.96,15.0,14.43,14.71,14.71,126100
12/01/2011,14.89,15.42,14.71,15.21,15.21,105100
13/01/2011,15.21,15.48,15.06,15.43,15.43,44200
14/01/2011,15.67,15.67,15.25,15.3,15.3,47700
18/01/2011,15.43,15.5,14.92,15.2,15.2,88300
19/01/2011,15.46,15.53,15.03,15.4,15.4,103800
20/01/2011,15.34,15.4,15.07,15.35,15.35,71500
21/01/2011,15.43,15.43,15.2,15.4,15.4,37100
24/01/2011,15.56,15.59,15.4,15.59,15.59,49900
25/01/2011,15.63,15.83,15.2,15.35,15.35,100500
26/01/2011,15.44,15.88,15.18,15.87,15.87,57400
27/01/2011,16.0,16.75,15.97,16.69,16.69,143600
28/01/2011,16.89,17.36,15.95,16.35,16.35,189200
31/01/2011,16.34,17.18,15.99,17.16,17.16,146300
01/02/2011,17.48,18.38,17.47,18.05,18.05,314000
02/02/2011,18.4,19.37,18.24,19.29,19.29,328200
03/02/2011,19.45,19.5,17.13,17.98,17.98,531000
04/02/2011,18.01,18.57,17.86,18.54,18.54,150300
07/02/2011,18.99,19.4,18.33,19.07,19.07,252200
08/02/2011,19.08,19.37,19.07,19.18,19.18,118600
09/02/2011,19.27,19.4,18.98,19.4,19.4,91700
10/02/2011,19.35,19.6,19.03,19.59,19.59,88600
11/02/2011,19.67,20.58,19.67,20.51,20.51,326100
14/02/2011,21.0,21.59,18.1,18.93,18.93,839700
15/02/2011,18.97,19.92,18.97,19.51,19.51,166900
16/02/2011,19.61,21.38,19.61,20.62,20.62,277200
17/02/2011,20.9,21.14,20.62,20.97,20.97,203500
18/02/2011,21.15,21.35,20.0,20.11,20.11,228400
22/02/2011,19.87,19.89,18.1,18.3,18.3,421900
23/02/2011,18.23,18.23,16.52,17.64,17.64,498800
24/02/2011,17.09,17.49,16.8,17.31,17.31,163700
25/02/2011,17.49,17.93,17.25,17.8,17.8,212100
28/02/2011,17.8,18.77,17.8,18.05,18.05,126700
01/03/2011,18.19,18.47,16.71,17.11,17.11,147000
02/03/2011,17.08,17.38,16.7,16.93,16.93,131200
03/03/2011,17.0,17.73,16.95,17.29,17.29,90300
04/03/2011,17.34,17.34,16.8,16.99,16.99,114300
07/03/2011,16.8,16.98,15.83,16.05,16.05,268700
08/03/2011,15.93,16.63,15.41,16.3,16.3,161200
09/03/2011,16.24,16.34,15.83,16.23,16.23,83300
10/03/2011,15.96,16.1,15.3,15.49,15.49,129800
11/03/2011,15.45,15.55,15.33,15.38,15.38,58500
14/03/2011,15.2,15.35,14.82,15.15,15.15,132800
15/03/2011,14.4,14.98,14.39,14.88,14.88,122800
16/03/2011,14.77,15.84,14.62,15.39,15.39,129500
17/03/2011,15.84,16.36,15.79,15.92,15.92,98200
18/03/2011,16.33,16.87,16.06,16.8,16.8,105300
21/03/2011,17.0,17.22,16.25,16.52,16.52,111000
22/03/2011,16.51,16.73,16.13,16.17,16.17,62000
23/03/2011,16.12,16.47,15.8,16.28,16.28,71100
24/03/2011,16.44,16.46,15.97,16.0,16.0,46900
25/03/2011,16.18,16.37,15.83,16.03,16.03,49100
28/03/2011,16.1,16.45,15.89,15.96,15.96,51500
29/03/2011,15.95,17.24,15.95,17.03,17.03,88900
30/03/2011,17.12,17.35,16.78,16.87,16.87,40700
31/03/2011,16.87,17.47,16.72,17.21,17.21,47400
01/04/2011,17.41,17.9,17.24,17.56,17.56,83600
04/04/2011,17.67,18.14,17.56,17.82,17.82,103400
05/04/2011,17.9,18.34,17.86,17.9,17.9,75300
06/04/2011,18.07,18.15,17.64,18.07,18.07,59400
07/04/2011,18.07,18.15,17.73,17.73,17.73,39100
08/04/2011,17.87,18.43,17.78,18.3,18.3,51600
11/04/2011,18.26,18.4,18.08,18.13,18.13,66500
12/04/2011,17.98,18.13,16.79,17.31,17.31,103100
13/04/2011,17.41,17.82,16.96,17.25,17.25,54100
14/04/2011,17.16,17.29,16.84,17.23,17.23,30200
15/04/2011,17.29,17.8,17.07,17.78,17.78,26700
18/04/2011,17.56,17.92,17.55,17.74,17.74,64900
19/04/2011,17.74,17.9,17.51,17.55,17.55,29800
20/04/2011,17.92,18.0,17.52,17.53,17.53,39300
21/04/2011,17.64,17.89,17.54,17.79,17.79,96100
25/04/2011,17.85,18.51,17.85,18.48,18.48,72300
26/04/2011,18.52,19.64,18.27,19.35,19.35,158000
27/04/2011,19.38,19.59,19.25,19.36,19.36,106000
28/04/2011,19.25,19.28,18.93,19.25,19.25,100000
29/04/2011,19.23,19.49,19.23,19.4,19.4,40000
02/05/2011,19.48,19.54,18.92,19.01,19.01,67000
03/05/2011,18.95,19.31,18.95,19.11,19.11,68000
04/05/2011,18.75,18.78,16.51,17.26,17.26,301000
05/05/2011,17.03,17.12,16.45,16.48,16.48,77200
06/05/2011,16.69,16.98,16.49,16.53,16.53,94000
09/05/2011,16.59,16.59,15.66,15.86,15.86,124000
10/05/2011,15.9,16.19,15.7,15.86,15.86,100000
11/05/2011,16.2,16.2,15.51,15.55,15.55,59200
12/05/2011,15.39,15.48,14.86,15.09,15.09,120600
13/05/2011,15.09,15.61,15.09,15.47,15.47,48000
16/05/2011,15.48,16.05,15.48,15.63,15.63,104600
17/05/2011,15.51,15.63,15.35,15.45,15.45,81200
18/05/2011,15.5,15.64,15.34,15.6,15.6,27000
19/05/2011,15.7,15.83,15.51,15.66,15.66,28400
20/05/2011,15.6,15.82,15.5,15.7,15.7,18400
23/05/2011,15.52,15.73,15.47,15.64,15.64,30500
24/05/2011,15.65,15.76,15.64,15.65,15.65,36600
25/05/2011,15.69,15.88,15.5,15.87,15.87,28800
26/05/2011,15.88,16.0,15.75,15.83,15.83,25500
27/05/2011,15.78,15.93,15.72,15.88,15.88,23200
31/05/2011,16.04,16.16,15.68,16.02,16.02,33100
01/06/2011,16.02,16.42,16.02,16.07,16.07,29000
02/06/2011,16.1,16.55,16.1,16.42,16.42,17000
03/06/2011,16.35,16.5,16.03,16.43,16.43,45000
06/06/2011,16.41,16.49,16.1,16.12,16.12,24500
07/06/2011,16.2,16.34,16.03,16.13,16.13,24300
08/06/2011,16.15,16.26,15.54,16.17,16.17,35000
09/06/2011,16.2,16.54,15.92,16.34,16.34,11200
10/06/2011,16.22,16.52,16.14,16.15,16.15,11300
13/06/2011,16.15,16.3,16.05,16.2,16.2,30300
14/06/2011,16.4,16.64,16.21,16.3,16.3,14900
15/06/2011,16.2,16.43,16.15,16.38,16.38,12100
16/06/2011,16.31,16.55,16.05,16.18,16.18,41800
17/06/2011,16.3,16.36,16.04,16.25,16.25,31900
20/06/2011,16.25,16.44,16.16,16.32,16.32,38500
21/06/2011,16.45,16.94,16.39,16.94,16.94,9400
22/06/2011,16.84,17.43,16.8,17.17,17.17,29900
23/06/2011,16.94,17.3,16.64,17.24,17.24,41900
24/06/2011,17.29,17.55,17.0,17.46,17.46,33900
27/06/2011,17.46,17.46,17.05,17.34,17.34,29500
28/06/2011,17.38,17.89,17.13,17.53,17.53,52200
29/06/2011,17.61,18.48,17.61,18.45,18.45,81000
30/06/2011,18.36,19.29,18.36,18.92,18.92,122000
01/07/2011,19.0,19.19,18.72,18.81,18.81,47400
05/07/2011,18.76,18.76,17.83,18.55,18.55,86400
06/07/2011,18.42,18.57,18.01,18.26,18.26,43800
07/07/2011,18.47,18.85,18.24,18.54,18.54,52500
08/07/2011,18.42,18.82,18.38,18.79,18.79,31100
11/07/2011,18.76,18.86,18.46,18.57,18.57,30500
12/07/2011,18.63,18.76,18.37,18.53,18.53,19500
13/07/2011,18.68,18.88,18.62,18.62,18.62,11800
14/07/2011,18.84,18.84,18.42,18.5,18.5,46500
15/07/2011,18.54,18.62,18.35,18.59,18.59,24700
18/07/2011,18.54,19.09,18.35,18.99,18.99,34900
19/07/2011,19.09,19.68,18.94,19.31,19.31,30400
20/07/2011,19.37,19.63,18.9,18.96,18.96,26400
21/07/2011,18.96,19.39,18.75,18.9,18.9,53200
22/07/2011,18.9,19.29,18.54,18.69,18.69,61300
25/07/2011,18.57,19.2,18.39,19.15,19.15,60800
26/07/2011,19.25,19.25,18.9,18.96,18.96,13800
27/07/2011,18.92,18.92,18.48,18.56,18.56,37200
28/07/2011,18.5,19.06,18.5,18.55,18.55,19600
29/07/2011,18.5,19.04,18.5,18.85,18.85,43300
01/08/2011,19.04,19.41,18.91,19.31,19.31,43700
02/08/2011,19.15,19.4,18.55,18.76,18.76,75700
03/08/2011,18.56,18.59,17.6,18.59,18.59,114200
04/08/2011,18.38,19.01,18.38,18.73,18.73,63400
05/08/2011,18.64,18.82,17.53,17.53,17.53,134900
08/08/2011,16.61,17.38,15.61,15.99,15.99,47700
09/08/2011,16.19,16.96,15.8,16.57,16.57,31600
10/08/2011,16.27,17.02,16.27,16.5,16.5,26800
11/08/2011,16.51,16.94,16.51,16.79,16.79,30700
12/08/2011,16.81,17.67,16.56,17.55,17.55,16400
15/08/2011,17.67,17.85,16.91,17.34,17.34,36500
16/08/2011,17.09,17.38,16.71,17.18,17.18,39700
17/08/2011,17.13,17.13,16.79,16.88,16.88,6100
18/08/2011,16.52,16.66,16.38,16.43,16.43,29100
19/08/2011,16.26,16.51,15.58,15.92,15.92,26300
22/08/2011,16.26,16.26,15.7,15.74,15.74,15400
23/08/2011,15.69,16.29,15.67,15.87,15.87,35800
24/08/2011,15.84,16.16,15.54,15.81,15.81,11900
25/08/2011,15.79,15.9,14.91,14.96,14.96,23300
26/08/2011,14.51,14.99,14.5,14.92,14.92,13600
29/08/2011,15.13,15.55,14.81,15.1,15.1,70900
30/08/2011,15.19,16.32,15.19,16.19,16.19,9200
31/08/2011,16.02,16.3,16.02,16.21,16.21,33400
01/09/2011,16.21,16.66,15.97,16.52,16.52,23000
02/09/2011,16.29,16.38,16.02,16.11,16.11,6700
06/09/2011,15.75,15.98,15.07,15.85,15.85,10800
07/09/2011,16.04,16.25,15.66,16.12,16.12,9400
08/09/2011,15.91,16.18,15.53,15.8,15.8,10900
09/09/2011,15.72,15.72,15.25,15.6,15.6,15900
12/09/2011,15.46,16.02,15.31,15.97,15.97,32300
13/09/2011,15.97,16.1,15.97,16.0,16.0,7900
14/09/2011,16.0,16.25,15.86,16.21,16.21,11600
15/09/2011,16.34,16.51,15.86,16.27,16.27,5800
16/09/2011,16.27,16.79,16.27,16.69,16.69,15700
19/09/2011,16.43,16.7,16.27,16.62,16.62,4500
20/09/2011,16.38,16.59,16.09,16.18,16.18,2600
21/09/2011,16.09,16.13,15.9,15.99,15.99,4500
22/09/2011,15.89,16.39,15.03,15.71,15.71,29200
23/09/2011,15.73,15.87,15.33,15.33,15.33,26900
26/09/2011,15.33,15.33,14.52,14.77,14.77,8700
27/09/2011,14.98,15.52,14.72,15.0,15.0,12500
28/09/2011,15.01,15.12,14.99,14.99,14.99,4200
29/09/2011,15.06,15.06,14.83,14.9,14.9,9900
30/09/2011,14.75,14.91,14.2,14.41,14.41,13400
03/10/2011,14.12,14.84,12.65,13.25,13.25,45100
04/10/2011,13.16,13.9,13.16,13.73,13.73,19000
05/10/2011,13.84,14.44,13.78,14.22,14.22,37300
06/10/2011,14.09,14.55,14.09,14.52,14.52,6000
07/10/2011,14.59,14.59,14.25,14.28,14.28,7700
10/10/2011,14.44,14.99,14.44,14.79,14.79,11200
11/10/2011,14.76,14.85,14.66,14.66,14.66,5100
12/10/2011,14.53,14.95,14.53,14.89,14.89,31300
13/10/2011,14.84,14.9,14.65,14.66,14.66,5100
14/10/2011,14.84,14.95,14.7,14.85,14.85,6900
17/10/2011,14.81,14.81,14.53,14.65,14.65,14800
18/10/2011,14.79,14.85,14.46,14.8,14.8,13400
19/10/2011,14.62,14.78,14.62,14.66,14.66,5600
20/10/2011,14.64,14.66,14.56,14.58,14.58,3600
21/10/2011,14.69,14.69,14.15,14.52,14.52,11700
24/10/2011,14.6,14.85,14.6,14.8,14.8,17000
25/10/2011,14.82,14.82,14.51,14.52,14.52,2000
26/10/2011,14.62,14.85,14.46,14.64,14.64,11000
27/10/2011,14.75,15.09,14.75,15.0,15.0,13000
28/10/2011,14.89,15.1,14.89,15.0,15.0,9700
31/10/2011,14.77,15.11,14.77,15.05,15.05,7600
01/11/2011,14.64,14.95,14.61,14.71,14.71,6300
02/11/2011,14.77,14.94,14.61,14.69,14.69,14800
03/11/2011,14.78,15.13,14.64,15.0,15.0,20000
04/11/2011,14.98,15.7,14.98,15.11,15.11,12200
07/11/2011,15.05,15.1,15.0,15.02,15.02,900
08/11/2011,15.07,15.19,15.06,15.09,15.09,2400
09/11/2011,14.9,15.18,14.82,15.01,15.01,1900
10/11/2011,14.51,15.6,14.51,15.48,15.48,9700
11/11/2011,15.66,15.66,15.15,15.47,15.47,16600
14/11/2011,15.53,15.9,15.46,15.6,15.6,11200
15/11/2011,15.55,15.6,15.46,15.46,15.46,4700
16/11/2011,15.53,15.6,15.46,15.46,15.46,4800
17/11/2011,15.52,15.52,15.28,15.28,15.28,9500
18/11/2011,15.29,15.48,15.14,15.15,15.15,5800
21/11/2011,14.96,15.23,14.86,15.15,15.15,5800
22/11/2011,15.1,15.2,14.85,15.18,15.18,3000
23/11/2011,15.03,15.29,15.03,15.22,15.22,2900
25/11/2011,15.23,15.23,14.72,15.07,15.07,4800
28/11/2011,15.19,15.19,15.05,15.1,15.1,600
29/11/2011,15.07,15.23,15.07,15.19,15.19,2800
30/11/2011,15.59,15.6,15.18,15.28,15.28,45000
01/12/2011,15.51,15.59,15.25,15.43,15.43,3700
02/12/2011,15.46,15.46,14.88,15.35,15.35,14800
05/12/2011,15.48,15.5,15.25,15.5,15.5,4100
06/12/2011,15.55,15.55,15.15,15.35,15.35,3500
07/12/2011,15.17,15.39,15.14,15.15,15.15,5300
08/12/2011,15.14,15.28,14.91,15.01,15.01,5800
09/12/2011,15.05,15.34,15.0,15.1,15.1,110500
12/12/2011,15.0,15.03,14.71,14.97,14.97,6100
13/12/2011,15.04,15.18,15.0,15.11,15.11,8300
14/12/2011,15.11,15.11,14.82,14.92,14.92,8800
15/12/2011,15.06,15.06,15.0,15.0,15.0,2600
16/12/2011,15.06,15.85,15.06,15.28,15.28,14200
19/12/2011,15.28,15.28,15.03,15.03,15.03,7700
20/12/2011,15.23,15.27,14.67,15.01,15.01,11600
21/12/2011,15.01,15.19,15.01,15.06,15.06,3300
22/12/2011,15.09,15.11,15.0,15.1,15.1,5000
23/12/2011,15.16,15.34,15.1,15.1,15.1,4000
27/12/2011,15.0,15.12,14.8,15.0,15.0,12700
28/12/2011,15.1,15.2,14.93,15.0,15.0,18000
29/12/2011,15.0,15.13,14.9,15.04,15.04,6000
30/12/2011,14.94,15.25,14.71,14.77,14.77,49700
03/01/2012,15.01,15.1,14.12,14.84,14.84,12400
04/01/2012,14.88,15.09,14.49,14.87,14.87,17800
05/01/2012,14.82,15.69,14.7,14.9,14.9,41300
06/01/2012,15.4,15.48,14.91,15.11,15.11,9000
09/01/2012,15.07,15.16,14.61,14.9,14.9,16600
10/01/2012,14.96,14.96,14.71,14.75,14.75,11400
11/01/2012,14.76,14.84,14.58,14.8,14.8,33100
12/01/2012,14.81,14.89,14.65,14.65,14.65,21100
13/01/2012,14.53,14.65,14.21,14.24,14.24,46500
17/01/2012,14.52,14.52,14.09,14.09,14.09,14200
18/01/2012,14.01,14.25,14.0,14.04,14.04,19600
19/01/2012,14.18,14.18,13.97,14.01,14.01,11200
20/01/2012,13.95,14.95,13.94,14.74,14.74,19800
23/01/2012,14.7,15.15,14.61,14.79,14.79,14500
24/01/2012,14.69,14.8,14.45,14.72,14.72,8600
25/01/2012,14.61,15.25,14.61,15.14,15.14,9400
26/01/2012,15.19,15.64,15.19,15.52,15.52,27300
27/01/2012,15.33,15.33,15.23,15.3,15.3,6600
30/01/2012,15.25,15.46,15.0,15.04,15.04,7800
31/01/2012,15.02,15.49,15.0,15.49,15.49,7800
01/02/2012,15.47,15.49,14.53,14.96,14.96,29600
02/02/2012,15.0,15.17,14.8,15.07,15.07,20000
03/02/2012,15.22,15.4,14.97,15.3,15.3,23600
06/02/2012,15.07,15.42,15.07,15.39,15.39,52500
07/02/2012,15.38,15.39,15.12,15.34,15.34,18800
08/02/2012,15.28,15.43,14.92,15.34,15.34,18900
09/02/2012,15.41,15.48,15.19,15.19,15.19,10800
10/02/2012,15.21,15.49,15.2,15.35,15.35,10200
13/02/2012,15.5,15.5,15.27,15.36,15.36,7100
14/02/2012,15.34,15.5,15.26,15.42,15.42,4000
15/02/2012,15.44,15.68,15.18,15.4,15.4,10000
16/02/2012,15.4,15.56,15.3,15.43,15.43,16100
17/02/2012,15.54,15.66,15.48,15.62,15.62,7500
21/02/2012,15.61,15.61,15.35,15.4,15.4,11700
22/02/2012,15.35,15.62,15.35,15.62,15.62,7000
23/02/2012,15.57,16.15,15.57,16.05,16.05,14400
24/02/2012,16.05,18.21,16.05,17.87,17.87,41000
27/02/2012,17.72,17.87,17.08,17.27,17.27,37900
28/02/2012,17.35,17.4,17.0,17.33,17.33,45600
29/02/2012,17.33,17.57,17.33,17.57,17.57,12500
01/03/2012,17.53,17.99,17.51,17.99,17.99,12200
02/03/2012,18.03,18.49,18.01,18.45,18.45,28100
05/03/2012,18.17,18.35,17.61,17.64,17.64,47400
06/03/2012,17.57,17.75,17.47,17.74,17.74,19900
07/03/2012,17.73,17.75,17.6,17.67,17.67,16200
08/03/2012,17.68,17.84,17.62,17.83,17.83,19700
09/03/2012,17.85,17.85,17.68,17.75,17.75,13900
12/03/2012,17.75,17.84,17.7,17.84,17.84,23200
13/03/2012,17.7,18.08,17.62,18.07,18.07,17300
14/03/2012,17.91,18.2,17.91,18.2,18.2,10600
15/03/2012,18.25,18.35,17.9,18.24,18.24,92400
16/03/2012,18.34,18.34,17.32,17.66,17.66,11100
19/03/2012,17.66,18.45,17.66,18.19,18.19,13100
20/03/2012,18.15,18.73,17.91,18.59,18.59,18300
21/03/2012,18.54,18.88,18.54,18.86,18.86,10100
22/03/2012,18.89,18.9,18.55,18.8,18.8,3900
23/03/2012,18.66,18.9,18.66,18.76,18.76,6800
26/03/2012,18.84,19.45,18.84,19.25,19.25,29500
27/03/2012,19.3,19.42,19.06,19.3,19.3,29000
28/03/2012,19.22,19.38,19.0,19.38,19.38,20800
29/03/2012,19.26,19.96,19.26,19.4,19.4,89400
30/03/2012,19.49,19.5,19.24,19.45,19.45,5900
02/04/2012,19.35,19.62,19.2,19.56,19.56,12700
03/04/2012,19.56,19.56,19.02,19.24,19.24,7100
04/04/2012,19.17,19.17,18.93,19.06,19.06,7200
05/04/2012,19.03,19.09,18.91,19.05,19.05,2100
09/04/2012,19.02,19.02,18.9,18.93,18.93,4400
10/04/2012,18.9,18.97,18.28,18.4,18.4,5600
11/04/2012,18.4,18.45,17.56,18.02,18.02,4300
12/04/2012,17.93,18.1,17.8,18.09,18.09,7000
13/04/2012,18.01,18.5,17.92,18.49,18.49,3600
16/04/2012,18.56,18.73,18.21,18.71,18.71,6900
17/04/2012,18.55,19.0,18.51,18.81,18.81,21300
18/04/2012,18.84,18.84,18.47,18.59,18.59,7900
19/04/2012,18.58,18.58,18.1,18.24,18.24,5400
20/04/2012,18.21,18.54,18.15,18.44,18.44,2400
23/04/2012,18.42,18.42,17.99,18.17,18.17,5500
24/04/2012,18.25,18.33,17.99,18.16,18.16,4100
25/04/2012,18.25,18.3,17.88,18.11,18.11,8100
26/04/2012,17.93,18.35,17.93,18.23,18.23,7900
27/04/2012,18.4,18.4,18.02,18.35,18.35,5200
30/04/2012,18.48,18.48,18.03,18.19,18.19,1900
01/05/2012,18.18,18.25,18.07,18.19,18.19,11000
02/05/2012,18.1,18.32,18.0,18.2,18.2,6200
03/05/2012,18.15,18.19,17.68,17.74,17.74,12000
04/05/2012,17.77,17.77,17.07,17.37,17.37,10400
07/05/2012,17.45,17.45,16.58,16.82,16.82,3300
08/05/2012,16.81,17.0,16.71,16.85,16.85,4800
09/05/2012,16.83,16.83,16.38,16.42,16.42,5600
10/05/2012,16.59,16.75,16.41,16.59,16.59,9200
11/05/2012,16.53,17.0,16.37,16.83,16.83,18600
14/05/2012,16.67,16.67,16.21,16.36,16.36,4100
15/05/2012,16.61,16.99,16.29,16.71,16.71,6500
16/05/2012,16.9,16.93,16.25,16.75,16.75,11000
17/05/2012,16.86,17.04,16.53,16.87,16.87,18600
18/05/2012,16.37,16.57,16.04,16.04,16.04,2500
21/05/2012,16.01,16.4,16.01,16.08,16.08,6500
22/05/2012,16.24,16.32,16.14,16.32,16.32,4700
23/05/2012,16.28,16.72,16.16,16.39,16.39,6100
24/05/2012,16.31,16.46,16.16,16.19,16.19,5100
25/05/2012,16.15,16.4,16.12,16.24,16.24,1600
29/05/2012,16.24,16.24,16.0,16.09,16.09,8400
30/05/2012,16.03,16.1,15.99,16.09,16.09,7300
31/05/2012,16.0,16.26,15.97,16.26,16.26,11600
01/06/2012,16.12,16.25,15.9,16.2,16.2,50900
04/06/2012,16.09,16.19,15.89,16.11,16.11,21600
05/06/2012,16.07,16.23,15.96,16.16,16.16,5400
06/06/2012,16.3,16.71,16.06,16.71,16.71,17800
07/06/2012,16.8,16.95,16.5,16.95,16.95,9300
08/06/2012,16.9,17.23,16.22,16.81,16.81,35800
11/06/2012,16.87,17.32,16.64,16.89,16.89,28500
12/06/2012,16.16,16.66,16.16,16.41,16.41,29500
13/06/2012,16.41,16.53,15.3,15.5,15.5,27100
14/06/2012,15.47,16.39,15.47,16.32,16.32,13800
15/06/2012,16.15,16.15,15.52,16.14,16.14,15200
18/06/2012,16.12,17.03,15.91,16.49,16.49,41000
19/06/2012,16.65,17.04,16.32,16.78,16.78,51300
20/06/2012,16.8,17.78,16.75,17.51,17.51,86800
21/06/2012,17.44,18.08,17.03,17.45,17.45,62300
22/06/2012,17.58,18.16,17.25,17.49,17.49,712500
25/06/2012,17.29,17.49,16.87,17.03,17.03,14700
26/06/2012,17.12,17.14,16.34,16.74,16.74,8900
27/06/2012,16.52,16.68,16.24,16.39,16.39,18600
28/06/2012,16.22,16.3,15.97,16.19,16.19,16200
29/06/2012,16.38,16.9,16.24,16.9,16.9,18800
02/07/2012,16.98,17.31,16.94,17.1,17.1,18400
03/07/2012,17.19,17.5,17.03,17.43,17.43,4600
05/07/2012,17.3,17.32,15.95,16.49,16.49,10700
06/07/2012,16.44,16.78,15.87,16.59,16.59,46500
09/07/2012,16.5,17.39,16.5,17.04,17.04,11700
10/07/2012,17.05,17.64,17.02,17.63,17.63,24400
11/07/2012,17.49,17.81,17.11,17.58,17.58,17400
12/07/2012,17.49,17.55,17.23,17.52,17.52,24900
13/07/2012,17.51,17.94,17.08,17.8,17.8,18400
16/07/2012,17.79,17.8,17.17,17.65,17.65,11200
17/07/2012,17.7,18.0,17.45,17.89,17.89,20800
18/07/2012,17.85,18.5,17.8,18.4,18.4,56600
19/07/2012,18.4,18.4,18.03,18.03,18.03,9600
20/07/2012,17.99,18.21,17.86,17.86,17.86,7100
23/07/2012,17.64,17.64,16.89,16.92,16.92,14900
24/07/2012,16.86,17.32,16.15,16.34,16.34,17900
25/07/2012,16.45,16.94,16.26,16.81,16.81,26200
26/07/2012,17.05,17.05,16.88,16.97,16.97,4200
27/07/2012,17.01,17.01,16.04,16.21,16.21,25300
30/07/2012,16.1,16.71,16.1,16.59,16.59,6500
31/07/2012,16.47,16.82,16.2,16.37,16.37,18000
01/08/2012,16.46,16.67,16.41,16.41,16.41,18000
02/08/2012,16.37,16.57,16.37,16.48,16.48,13000
03/08/2012,16.86,17.38,16.41,16.99,16.99,21000
06/08/2012,16.9,17.25,16.76,17.17,17.17,12900
07/08/2012,17.25,17.49,16.88,17.23,17.23,38000
08/08/2012,16.8,17.15,16.8,16.87,16.87,9300
09/08/2012,16.8,17.23,16.8,17.14,17.14,29700
10/08/2012,17.18,17.2,16.78,17.09,17.09,12100
13/08/2012,17.14,17.18,17.1,17.17,17.17,5300
14/08/2012,17.2,17.2,16.67,16.78,16.78,21200
15/08/2012,16.89,17.0,16.71,16.99,16.99,4100
16/08/2012,16.96,17.05,16.86,17.0,17.0,62500
17/08/2012,16.93,17.21,16.93,17.21,17.21,24800
20/08/2012,17.23,17.28,17.09,17.2,17.2,6800
21/08/2012,17.18,17.19,16.99,17.02,17.02,16400
22/08/2012,17.0,17.22,16.73,17.08,17.08,21900
23/08/2012,17.13,17.13,16.77,16.88,16.88,7500
24/08/2012,16.83,17.0,16.8,16.92,16.92,16200
27/08/2012,17.0,17.01,16.97,16.97,16.97,2700
28/08/2012,16.89,17.05,16.88,16.97,16.97,9500
29/08/2012,16.85,17.01,16.83,16.91,16.91,11100
30/08/2012,16.75,16.89,16.75,16.75,16.75,10500
31/08/2012,16.92,17.0,16.36,16.9,16.9,13100
04/09/2012,16.95,17.09,16.75,17.06,17.06,3200
05/09/2012,17.08,17.08,16.66,16.72,16.72,18800
06/09/2012,16.75,16.75,16.64,16.73,16.73,25300
07/09/2012,16.73,16.83,16.54,16.75,16.75,33300
10/09/2012,16.84,16.9,16.6,16.8,16.8,55400
11/09/2012,16.73,16.89,16.73,16.89,16.89,4400
12/09/2012,16.89,16.9,16.8,16.9,16.9,3300
13/09/2012,16.86,17.24,16.71,17.24,17.24,22100
14/09/2012,17.16,17.42,16.83,16.98,16.98,17700
17/09/2012,16.98,17.07,16.84,16.9,16.9,6800
18/09/2012,16.76,16.85,16.44,16.71,16.71,64400
19/09/2012,16.66,17.19,16.66,17.18,17.18,19700
20/09/2012,17.13,17.48,17.13,17.42,17.42,1700
21/09/2012,17.5,17.73,17.42,17.72,17.72,22500
24/09/2012,17.68,18.08,17.36,17.93,17.93,9300
25/09/2012,18.08,18.2,17.86,17.86,17.86,11900
26/09/2012,17.86,18.03,17.53,17.94,17.94,16700
27/09/2012,17.97,18.08,17.77,17.98,17.98,6800
28/09/2012,17.83,17.98,17.49,17.59,17.59,32200
01/10/2012,17.75,18.0,17.6,17.97,17.97,14200
02/10/2012,18.04,18.18,17.8,18.08,18.08,17500
03/10/2012,18.03,18.19,17.99,18.04,18.04,7600
04/10/2012,18.04,18.11,18.0,18.09,18.09,11400
05/10/2012,18.1,18.15,17.99,18.09,18.09,7200
08/10/2012,18.07,18.1,17.84,17.84,17.84,2700
09/10/2012,17.86,17.97,17.65,17.65,17.65,6100
10/10/2012,17.67,17.67,16.81,17.27,17.27,12000
11/10/2012,17.3,17.57,17.0,17.13,17.13,4800
12/10/2012,17.0,17.31,16.78,17.19,17.19,18200
15/10/2012,17.21,17.22,16.75,16.86,16.86,7500
16/10/2012,16.8,16.84,16.51,16.82,16.82,15800
17/10/2012,16.86,17.98,16.86,17.75,17.75,16500
18/10/2012,17.65,17.85,17.56,17.66,17.66,2700
19/10/2012,17.49,17.84,17.22,17.32,17.32,9000
22/10/2012,17.27,17.27,16.7,16.93,16.93,4200
23/10/2012,16.93,17.49,16.7,17.18,17.18,39500
24/10/2012,17.1,17.1,16.71,16.88,16.88,3000
25/10/2012,16.93,16.93,16.75,16.83,16.83,4100
26/10/2012,16.78,16.8,16.3,16.43,16.43,31300
31/10/2012,16.35,16.8,16.35,16.6,16.6,10400
01/11/2012,16.64,17.22,16.26,17.21,17.21,10000
02/11/2012,17.11,17.24,16.75,16.75,16.75,10300
05/11/2012,16.76,16.99,16.63,16.63,16.63,6500
06/11/2012,16.54,17.1,15.7,16.05,16.05,38600
07/11/2012,16.09,16.12,15.8,16.0,16.0,15800
08/11/2012,15.95,16.02,15.9,15.9,15.9,7800
09/11/2012,15.66,15.9,15.66,15.75,15.75,6800
12/11/2012,15.71,15.84,15.46,15.5,15.5,7700
13/11/2012,15.66,15.89,15.62,15.75,15.75,7500
14/11/2012,15.73,15.77,15.45,15.68,15.68,6900
15/11/2012,15.5,15.63,15.49,15.56,15.56,3900
16/11/2012,15.5,15.89,15.5,15.81,15.81,21900
19/11/2012,15.65,15.97,15.6,15.97,15.97,7400
20/11/2012,15.9,16.0,15.75,15.94,15.94,3500
21/11/2012,16.0,16.0,15.89,15.89,15.89,2300
23/11/2012,16.07,16.07,15.5,15.97,15.97,4800
26/11/2012,15.97,16.09,15.79,16.08,16.08,6400
27/11/2012,16.09,16.1,15.94,16.0,16.0,5100
28/11/2012,15.76,16.08,15.57,16.07,16.07,7200
29/11/2012,16.1,16.19,16.02,16.19,16.19,4900
30/11/2012,16.2,17.35,16.16,16.63,16.63,16900
03/12/2012,16.41,16.61,16.25,16.47,16.47,14300
04/12/2012,16.47,16.65,16.17,16.21,16.21,37400
05/12/2012,16.32,16.87,16.32,16.68,16.68,5900
06/12/2012,16.57,16.7,16.53,16.62,16.62,17400
07/12/2012,16.6,16.9,16.4,16.71,16.71,17700
10/12/2012,16.74,17.06,16.4,17.06,17.06,26300
11/12/2012,16.94,17.98,16.94,17.94,17.94,11700
12/12/2012,18.01,18.01,17.4,17.46,17.46,11200
13/12/2012,17.84,17.98,17.69,17.87,17.87,9200
14/12/2012,17.82,17.82,17.54,17.61,17.61,17400
17/12/2012,17.65,17.71,17.42,17.53,17.53,3300
18/12/2012,17.65,17.88,17.53,17.82,17.82,10500
19/12/2012,17.9,17.9,17.51,17.64,17.64,8000
20/12/2012,17.63,18.25,17.61,18.25,18.25,9900
21/12/2012,18.14,18.14,17.33,17.59,17.59,35000
24/12/2012,17.43,17.59,17.4,17.59,17.59,1600
26/12/2012,17.0,17.69,15.27,17.58,17.58,9600
27/12/2012,17.37,17.44,17.26,17.35,17.35,4500
28/12/2012,17.28,17.42,17.27,17.34,17.34,6200
31/12/2012,17.3,17.95,17.3,17.92,17.92,18600
02/01/2013,18.39,19.1,18.0,18.95,18.95,36600
03/01/2013,18.88,19.01,18.49,18.61,18.61,6900
04/01/2013,18.76,18.9,18.34,18.78,18.78,9900
07/01/2013,18.6,18.6,18.42,18.47,18.47,5500
08/01/2013,18.43,18.74,18.22,18.58,18.58,9400
09/01/2013,18.29,18.93,18.23,18.56,18.56,6500
10/01/2013,18.49,19.1,18.2,19.09,19.09,16500
11/01/2013,19.19,19.85,19.08,19.73,19.73,12700
14/01/2013,19.85,19.85,19.6,19.7,19.7,5000
15/01/2013,19.72,19.93,19.4,19.71,19.71,4900
16/01/2013,19.62,20.0,19.57,19.59,19.59,10100
17/01/2013,19.57,19.8,19.52,19.64,19.64,7000
18/01/2013,19.5,19.5,19.37,19.4,19.4,6000
22/01/2013,19.4,19.4,18.96,19.03,19.03,8000
23/01/2013,18.98,19.47,18.98,19.02,19.02,6200
24/01/2013,19.18,19.36,18.64,19.0,19.0,7600
25/01/2013,19.14,19.14,18.5,18.7,18.7,9300
28/01/2013,18.76,18.79,18.6,18.76,18.76,10100
29/01/2013,18.55,18.82,18.51,18.82,18.82,11000
30/01/2013,18.71,18.79,18.62,18.72,18.72,5300
31/01/2013,18.7,18.92,18.7,18.92,18.92,4100
01/02/2013,19.11,19.33,19.11,19.3,19.3,8800
04/02/2013,19.19,19.21,18.93,18.93,18.93,5400
05/02/2013,19.0,19.17,18.65,18.83,18.83,50000
06/02/2013,18.61,18.79,18.6,18.71,18.71,2300
07/02/2013,18.66,18.69,18.59,18.59,18.59,1800
08/02/2013,18.51,18.67,18.41,18.6,18.6,7700
11/02/2013,18.52,18.75,18.48,18.63,18.63,2800
12/02/2013,18.67,19.06,18.67,19.02,19.02,9500
13/02/2013,19.0,19.04,18.5,18.99,18.99,4400
14/02/2013,19.12,19.31,19.12,19.3,19.3,5500
15/02/2013,19.5,19.7,19.43,19.7,19.7,22200
19/02/2013,19.7,19.97,19.45,19.97,19.97,14300
20/02/2013,19.92,19.92,19.4,19.59,19.59,8700
21/02/2013,19.86,19.95,19.39,19.79,19.79,12700
22/02/2013,19.8,19.8,19.36,19.68,19.68,4900
25/02/2013,19.73,19.73,18.76,18.87,18.87,24200
26/02/2013,18.91,19.09,18.75,19.09,19.09,4800
27/02/2013,19.06,19.11,18.57,18.94,18.94,14500
28/02/2013,18.93,19.25,18.6,18.92,18.92,23900
01/03/2013,18.84,18.93,18.58,18.81,18.81,10600
04/03/2013,18.75,19.09,18.6,18.72,18.72,12600
05/03/2013,18.7,19.04,18.64,18.69,18.69,15800
06/03/2013,18.71,18.9,18.71,18.74,18.74,5300
07/03/2013,18.74,18.9,18.48,18.85,18.85,7000
08/03/2013,18.9,19.05,18.71,18.92,18.92,14500
11/03/2013,18.92,19.78,18.9,19.42,19.42,16500
12/03/2013,19.45,19.51,18.92,19.08,19.08,33800
13/03/2013,19.12,19.58,19.12,19.45,19.45,12700
14/03/2013,19.82,19.82,18.94,19.63,19.63,22700
15/03/2013,19.61,19.88,19.53,19.65,19.65,21600
18/03/2013,19.5,19.6,19.47,19.51,19.51,5700
19/03/2013,19.75,19.75,19.6,19.62,19.62,7900
20/03/2013,18.49,19.52,18.49,19.35,19.35,22700
21/03/2013,19.55,19.76,19.31,19.43,19.43,6400
22/03/2013,19.46,19.87,19.38,19.73,19.73,16500
25/03/2013,19.5,19.95,19.37,19.52,19.52,18000
26/03/2013,18.44,19.71,18.44,19.65,19.65,15700
27/03/2013,19.44,19.65,19.05,19.5,19.5,16000
28/03/2013,19.58,19.8,19.26,19.69,19.69,22500
01/04/2013,19.57,19.89,19.51,19.51,19.51,17800
02/04/2013,19.58,19.7,19.36,19.46,19.46,15900
03/04/2013,19.5,19.79,19.03,19.5,19.5,33200
04/04/2013,19.5,19.5,19.27,19.46,19.46,11200
05/04/2013,19.12,19.27,18.97,18.97,18.97,13800
08/04/2013,18.97,19.08,18.75,18.89,18.89,15400
09/04/2013,18.87,19.48,18.71,19.09,19.09,41000
10/04/2013,19.08,19.34,19.08,19.21,19.21,8000
11/04/2013,19.25,19.25,19.0,19.03,19.03,2500
12/04/2013,19.01,19.11,18.95,19.0,19.0,3600
15/04/2013,18.81,19.03,18.06,18.28,18.28,17600
16/04/2013,18.47,19.07,18.47,19.02,19.02,16000
17/04/2013,18.82,18.82,18.3,18.4,18.4,13500
18/04/2013,18.45,18.7,18.33,18.59,18.59,31000
19/04/2013,18.24,18.59,18.24,18.48,18.48,12900
22/04/2013,18.47,18.47,18.15,18.29,18.29,8600
23/04/2013,18.44,18.67,18.4,18.63,18.63,5800
24/04/2013,18.68,19.11,18.68,19.07,19.07,4300
25/04/2013,19.13,19.41,19.0,19.12,19.12,2600
26/04/2013,19.13,19.33,18.87,19.11,19.11,9400
29/04/2013,19.27,19.46,19.16,19.44,19.44,6200
30/04/2013,19.5,20.34,19.42,20.29,20.29,24100
01/05/2013,20.29,20.49,19.63,19.65,19.65,20600
02/05/2013,19.65,19.65,19.51,19.6,19.6,8500
03/05/2013,19.6,19.6,18.1,18.91,18.91,34600
06/05/2013,19.0,19.48,18.78,18.93,18.93,28500
07/05/2013,18.99,19.2,18.92,19.0,19.0,12000
08/05/2013,19.06,19.47,19.06,19.38,19.38,10600
09/05/2013,19.32,19.39,19.2,19.2,19.2,8700
10/05/2013,19.16,19.73,18.91,19.6,19.6,10800
13/05/2013,19.5,19.57,18.9,19.04,19.04,24800
14/05/2013,19.0,19.43,18.9,19.41,19.41,73000
15/05/2013,19.16,19.98,18.93,19.88,19.88,12100
16/05/2013,19.7,19.88,19.43,19.53,19.53,29500
17/05/2013,19.52,19.75,19.28,19.67,19.67,8400
20/05/2013,19.75,19.98,19.32,19.98,19.98,12400
21/05/2013,19.64,20.25,19.64,19.91,19.91,8100
22/05/2013,19.92,19.92,19.5,19.52,19.52,27000
23/05/2013,19.4,19.6,18.78,19.23,19.23,6000
24/05/2013,19.23,19.65,18.8,19.35,19.35,5600
28/05/2013,19.31,20.0,19.31,19.82,19.82,70800
29/05/2013,19.72,19.72,19.07,19.14,19.14,4700
30/05/2013,19.32,19.56,19.3,19.36,19.36,12100
31/05/2013,19.27,19.72,19.17,19.19,19.19,14600
03/06/2013,19.3,19.57,19.09,19.51,19.51,33400
04/06/2013,19.49,19.49,19.17,19.22,19.22,16000
05/06/2013,19.29,19.3,19.09,19.15,19.15,2400
06/06/2013,19.23,19.43,18.85,19.28,19.28,23200
07/06/2013,19.33,19.49,19.02,19.39,19.39,7600
10/06/2013,19.29,19.42,19.1,19.32,19.32,6100
11/06/2013,19.04,19.32,19.03,19.13,19.13,14100
12/06/2013,19.19,19.33,19.05,19.08,19.08,10500
13/06/2013,18.97,19.35,18.97,19.35,19.35,14000
14/06/2013,19.23,19.34,19.03,19.21,19.21,11700
17/06/2013,19.42,19.92,19.42,19.89,19.89,8500
18/06/2013,19.83,19.97,19.64,19.78,19.78,17500
19/06/2013,19.84,19.93,19.44,19.61,19.61,24300
20/06/2013,19.33,19.68,19.21,19.44,19.44,39000
21/06/2013,19.57,19.57,19.1,19.45,19.45,50100
24/06/2013,19.17,19.35,19.0,19.01,19.01,15500
25/06/2013,19.12,19.58,18.67,19.54,19.54,42600
26/06/2013,19.06,19.6,19.06,19.43,19.43,37200
27/06/2013,19.89,19.89,19.3,19.54,19.54,23400
28/06/2013,19.61,19.96,19.0,19.58,19.58,95300
01/07/2013,19.56,20.03,19.54,19.93,19.93,32900
02/07/2013,19.38,20.09,19.38,19.9,19.9,37700
03/07/2013,19.92,20.25,19.4,19.91,19.91,27300
05/07/2013,20.2,20.35,20.1,20.27,20.27,9100
08/07/2013,20.34,20.6,20.28,20.53,20.53,19300
09/07/2013,20.56,20.57,20.28,20.47,20.47,17000
10/07/2013,20.33,20.5,20.24,20.39,20.39,16100
11/07/2013,20.44,20.6,20.38,20.55,20.55,18900
12/07/2013,20.5,20.97,20.2,20.43,20.43,35600
15/07/2013,20.47,20.95,20.45,20.87,20.87,10200
16/07/2013,20.8,21.0,20.42,20.85,20.85,35300
17/07/2013,20.99,21.57,20.75,21.22,21.22,45900
18/07/2013,21.15,21.33,20.84,21.15,21.15,23000
19/07/2013,21.07,21.15,20.71,21.02,21.02,32300
22/07/2013,20.93,21.45,20.93,21.24,21.24,35600
23/07/2013,21.0,21.34,21.0,21.17,21.17,18100
24/07/2013,21.25,21.4,21.24,21.4,21.4,12000
25/07/2013,21.29,21.6,20.98,21.59,21.59,15000
26/07/2013,21.39,21.55,21.16,21.38,21.38,10900
29/07/2013,21.31,21.51,21.15,21.47,21.47,8500
30/07/2013,21.27,21.27,20.92,21.18,21.18,13600
31/07/2013,21.27,21.31,21.01,21.27,21.27,3000
01/08/2013,21.42,21.8,21.34,21.6,21.6,21700
02/08/2013,21.51,21.58,21.02,21.56,21.56,16000
05/08/2013,21.58,21.75,20.89,21.21,21.21,63200
06/08/2013,21.16,21.19,21.0,21.1,21.1,13200
07/08/2013,21.15,21.15,20.94,21.15,21.15,18700
08/08/2013,21.16,22.25,21.08,21.62,21.62,161000
09/08/2013,21.62,21.67,20.95,20.95,20.95,89300
12/08/2013,21.05,21.2,21.04,21.12,21.12,11300
13/08/2013,21.08,21.08,20.62,20.75,20.75,3100
14/08/2013,20.78,20.78,20.06,20.4,20.4,22600
15/08/2013,20.19,20.28,20.0,20.09,20.09,13400
16/08/2013,19.95,20.51,19.95,20.42,20.42,30800
19/08/2013,20.69,20.89,20.43,20.58,20.58,24400
20/08/2013,20.76,20.76,19.86,20.54,20.54,10100
21/08/2013,20.39,20.67,20.1,20.5,20.5,24500
22/08/2013,20.67,21.16,20.67,20.89,20.89,14500
23/08/2013,21.0,21.25,20.88,21.17,21.17,14500
26/08/2013,21.17,21.43,21.17,21.25,21.25,13100
27/08/2013,21.19,21.39,20.82,20.9,20.9,16900
28/08/2013,20.84,21.19,20.8,21.01,21.01,7500
29/08/2013,21.04,21.23,21.0,21.23,21.23,7700
30/08/2013,21.17,21.25,20.58,20.63,20.63,8200
03/09/2013,20.72,21.01,20.48,20.62,20.62,28500
04/09/2013,20.25,21.25,20.21,20.95,20.95,37900
05/09/2013,20.94,21.09,20.67,20.99,20.99,14100
06/09/2013,21.12,21.45,20.86,21.0,21.0,8100
09/09/2013,21.72,21.72,20.85,21.6,21.6,36900
10/09/2013,21.71,21.84,21.5,21.71,21.71,11400
11/09/2013,21.72,21.89,21.62,21.67,21.67,30200
12/09/2013,21.67,21.79,21.67,21.7,21.7,8100
13/09/2013,21.73,21.94,21.7,21.86,21.86,11700
16/09/2013,22.0,22.0,21.78,21.91,21.91,14100
17/09/2013,21.86,21.95,21.86,21.92,21.92,8900
18/09/2013,21.93,22.14,21.85,22.12,22.12,9300
19/09/2013,22.17,22.45,21.94,22.13,22.13,12500
20/09/2013,22.08,22.25,21.87,21.94,21.94,13600
23/09/2013,22.0,22.24,21.87,22.12,22.12,38200
24/09/2013,22.1,22.34,21.95,22.18,22.18,7100
25/09/2013,22.25,22.37,22.01,22.18,22.18,5600
26/09/2013,22.14,22.5,22.08,22.42,22.42,6600
27/09/2013,22.2,22.43,21.89,22.4,22.4,4000
30/09/2013,22.35,22.97,22.35,22.77,22.77,38500
01/10/2013,22.75,23.24,22.51,23.21,23.21,31200
02/10/2013,23.15,23.3,22.95,23.05,23.05,24800
03/10/2013,22.97,22.97,22.09,22.19,22.19,51300
04/10/2013,22.14,22.22,21.86,22.22,22.22,16400
07/10/2013,22.06,22.21,22.05,22.09,22.09,12300
08/10/2013,22.13,22.13,21.92,21.99,21.99,17800
09/10/2013,22.0,22.08,21.86,21.9,21.9,14800
10/10/2013,22.13,22.13,21.9,22.05,22.05,16600
11/10/2013,22.06,22.47,21.97,22.26,22.26,18600
14/10/2013,22.08,22.36,22.07,22.26,22.26,10000
15/10/2013,22.17,22.54,22.1,22.37,22.37,22100
16/10/2013,22.44,22.68,22.29,22.49,22.49,12200
17/10/2013,22.02,22.8,22.02,22.66,22.66,35600
18/10/2013,22.87,23.43,22.74,22.99,22.99,33400
21/10/2013,22.93,23.19,22.79,22.98,22.98,18700
22/10/2013,22.95,23.14,22.94,23.05,23.05,14000
23/10/2013,23.07,23.16,22.73,22.88,22.88,22900
24/10/2013,22.85,23.1,22.8,23.03,23.03,17300
25/10/2013,23.14,23.25,23.0,23.07,23.07,10900
28/10/2013,23.07,23.12,22.91,23.03,23.03,10700
29/10/2013,22.82,23.1,22.82,23.02,23.02,8400
30/10/2013,22.95,22.95,22.78,22.85,22.85,11100
31/10/2013,22.94,23.3,22.91,23.05,23.05,13800
01/11/2013,22.99,23.21,22.78,22.83,22.83,28400
04/11/2013,22.91,23.3,22.62,22.85,22.85,29100
05/11/2013,22.62,26.02,22.62,25.15,25.15,38300
06/11/2013,25.49,26.18,25.23,26.05,26.05,78300
07/11/2013,26.0,26.0,25.1,25.45,25.45,29400
08/11/2013,25.36,25.79,24.88,25.78,25.78,20000
11/11/2013,25.81,25.81,23.46,25.32,25.32,31900
12/11/2013,25.32,25.34,25.06,25.25,25.25,34500
13/11/2013,25.03,25.46,25.0,25.24,25.24,19700
14/11/2013,25.25,25.45,24.4,24.75,24.75,13100
15/11/2013,24.69,25.36,24.63,25.23,25.23,27900
18/11/2013,24.95,25.49,24.42,24.76,24.76,17300
19/11/2013,24.85,25.14,24.81,24.81,24.81,10400
20/11/2013,24.98,25.38,24.4,24.65,24.65,22400
21/11/2013,24.47,24.9,24.47,24.89,24.89,10100
22/11/2013,25.01,25.09,24.84,24.9,24.9,18500
25/11/2013,24.9,25.57,24.9,24.95,24.95,20600
26/11/2013,24.89,25.17,24.86,25.07,25.07,32800
27/11/2013,25.0,25.56,25.0,25.34,25.34,11700
29/11/2013,25.54,25.6,25.54,25.6,25.6,5900
02/12/2013,25.6,25.62,25.34,25.35,25.35,9100
03/12/2013,25.4,25.54,25.01,25.36,25.36,12600
04/12/2013,25.37,25.6,25.09,25.45,25.45,12500
05/12/2013,25.45,25.45,24.93,24.93,24.93,16100
06/12/2013,25.0,25.51,24.8,25.35,25.35,12700
09/12/2013,25.46,25.78,25.38,25.38,25.38,6400
10/12/2013,25.54,25.7,24.56,24.82,24.82,16800
11/12/2013,24.74,25.0,24.56,24.86,24.86,15900
12/12/2013,24.99,25.54,24.52,25.06,25.06,14700
13/12/2013,24.96,25.31,24.28,24.58,24.58,29500
16/12/2013,24.55,24.61,23.0,24.38,24.38,25600
17/12/2013,24.52,25.5,23.96,24.51,24.51,25100
18/12/2013,24.66,24.99,24.21,24.64,24.64,31300
19/12/2013,24.5,25.35,24.3,24.85,24.85,16500
20/12/2013,24.85,25.67,24.85,25.49,25.49,38700
23/12/2013,25.49,25.69,25.49,25.61,25.61,19700
24/12/2013,25.79,26.0,25.66,25.95,25.95,17400
26/12/2013,26.0,26.03,25.9,25.91,25.91,9700
27/12/2013,25.93,25.95,25.71,25.71,25.71,6000
30/12/2013,25.44,25.99,25.44,25.94,25.94,6300
31/12/2013,25.59,25.98,24.98,25.22,25.22,79400
02/01/2014,25.37,25.61,25.13,25.41,25.41,10900
03/01/2014,25.42,25.95,25.42,25.88,25.88,7900
06/01/2014,25.91,25.93,25.61,25.81,25.81,13900
07/01/2014,25.88,25.93,25.4,25.73,25.73,5900
08/01/2014,25.63,25.93,25.63,25.84,25.84,10000
09/01/2014,25.88,26.0,25.44,25.69,25.69,8400
10/01/2014,25.61,25.95,25.44,25.58,25.58,5500
13/01/2014,25.5,25.84,25.5,25.77,25.77,10300
14/01/2014,25.84,26.0,25.75,26.0,26.0,9800
15/01/2014,25.94,26.13,25.33,25.72,25.72,35300
16/01/2014,25.75,25.75,25.58,25.72,25.72,11400
17/01/2014,25.75,26.04,25.6,26.02,26.02,14400
21/01/2014,25.97,26.02,25.64,26.02,26.02,13700
22/01/2014,25.92,26.2,25.82,25.82,25.82,8100
23/01/2014,25.75,26.16,25.04,25.66,25.66,9800
24/01/2014,25.67,26.2,25.14,25.23,25.23,14500
27/01/2014,25.23,25.76,25.01,25.14,25.14,14700
28/01/2014,25.28,25.68,25.19,25.57,25.57,36100
29/01/2014,25.38,26.06,25.16,25.54,25.54,12600
30/01/2014,25.71,26.6,25.71,26.45,26.45,22400
31/01/2014,26.08,26.4,25.51,25.62,25.62,19500
03/02/2014,25.71,25.8,24.08,24.53,24.53,28100
04/02/2014,25.93,25.93,24.2,24.41,24.41,10900
05/02/2014,24.34,24.97,23.27,23.32,23.32,24000
06/02/2014,23.68,25.0,23.6,23.77,23.77,22600
07/02/2014,23.87,25.18,23.82,24.5,24.5,11700
10/02/2014,22.89,25.48,22.89,25.29,25.29,15600
11/02/2014,25.11,25.57,24.0,25.54,25.54,20400
12/02/2014,25.43,25.84,24.48,25.36,25.36,18200
13/02/2014,25.31,25.93,24.85,25.74,25.74,11200
14/02/2014,25.82,25.82,25.28,25.65,25.65,11200
18/02/2014,25.65,25.97,25.62,25.97,25.97,7100
19/02/2014,25.86,25.87,25.52,25.53,25.53,4500
20/02/2014,25.42,25.86,25.42,25.73,25.73,5000
21/02/2014,25.9,25.93,25.59,25.73,25.73,10500
24/02/2014,25.22,25.93,25.2,25.6,25.6,10300
25/02/2014,25.7,25.93,25.43,25.91,25.91,4300
26/02/2014,25.91,25.93,25.32,25.57,25.57,7700
27/02/2014,25.42,25.84,25.17,25.54,25.54,4200
28/02/2014,25.66,25.85,25.32,25.59,25.59,15200
03/03/2014,25.53,25.8,25.16,25.23,25.23,13900
04/03/2014,26.0,26.0,25.03,25.27,25.27,44800
05/03/2014,25.31,25.5,25.09,25.09,25.09,23600
06/03/2014,25.04,25.66,25.0,25.05,25.05,19300
07/03/2014,25.25,25.58,25.01,25.28,25.28,19500
10/03/2014,25.2,25.79,25.2,25.78,25.78,7000
11/03/2014,25.84,25.84,25.02,25.09,25.09,17000
12/03/2014,25.11,25.49,25.0,25.48,25.48,9800
13/03/2014,25.49,25.85,25.29,25.57,25.57,20600
14/03/2014,25.52,25.9,25.32,25.51,25.51,16500
17/03/2014,25.58,25.72,25.45,25.46,25.46,13300
18/03/2014,25.49,25.78,25.32,25.77,25.77,14400
19/03/2014,25.78,25.83,25.3,25.62,25.62,19600
20/03/2014,25.64,25.88,25.3,25.75,25.75,23700
21/03/2014,25.82,25.97,25.41,25.91,25.91,23200
24/03/2014,25.81,26.12,25.72,25.99,25.99,11100
25/03/2014,25.9,25.99,25.67,25.73,25.73,43300
26/03/2014,25.94,25.94,25.02,25.18,25.18,37200
27/03/2014,25.4,25.4,24.76,24.93,24.93,24000
28/03/2014,25.08,25.24,24.13,24.7,24.7,19000
31/03/2014,24.81,24.99,24.0,24.36,24.36,48000
01/04/2014,24.4,25.5,24.15,25.39,25.39,32500
02/04/2014,25.5,25.99,24.85,25.99,25.99,16600
03/04/2014,25.86,26.8,25.8,26.58,26.58,15200
04/04/2014,26.7,26.78,25.04,25.58,25.58,46500
07/04/2014,25.35,25.65,24.86,24.9,24.9,34800
08/04/2014,25.03,25.58,24.81,25.11,25.11,14100
09/04/2014,25.33,25.33,24.39,24.87,24.87,24500
10/04/2014,24.72,24.98,24.28,24.66,24.66,24300
11/04/2014,24.43,24.99,24.3,24.67,24.67,20100
14/04/2014,24.98,25.29,24.13,24.39,24.39,15000
15/04/2014,24.4,24.85,23.8,24.41,24.41,16900
16/04/2014,24.68,25.55,24.62,25.35,25.35,11400
17/04/2014,25.36,25.63,25.28,25.52,25.52,9000
21/04/2014,25.41,25.96,25.15,25.62,25.62,5100
22/04/2014,25.77,26.44,25.23,26.41,26.41,24100
23/04/2014,26.19,26.76,25.73,26.13,26.13,11600
24/04/2014,26.38,26.38,25.63,25.86,25.86,9100
25/04/2014,25.87,25.87,25.23,25.51,25.51,11500
28/04/2014,25.1,26.65,25.1,25.5,25.5,12100
29/04/2014,25.6,25.97,25.39,25.68,25.68,15300
30/04/2014,25.66,25.96,25.3,25.36,25.36,12200
01/05/2014,25.59,26.27,25.02,25.94,25.94,38600
02/05/2014,26.08,26.15,25.41,25.6,25.6,18500
05/05/2014,25.59,25.64,24.02,24.31,24.31,16800
06/05/2014,24.3,24.3,23.45,23.51,23.51,21100
07/05/2014,23.5,24.65,23.26,24.01,24.01,22400
08/05/2014,23.97,24.69,23.42,23.65,23.65,48500
09/05/2014,23.51,24.04,23.45,23.58,23.58,12100
12/05/2014,23.61,23.99,23.45,23.67,23.67,15500
13/05/2014,23.92,24.04,23.36,23.5,23.5,30000
14/05/2014,23.5,23.82,23.28,23.5,23.5,21700
15/05/2014,23.31,23.36,23.12,23.19,23.19,24300
16/05/2014,23.3,23.99,23.15,23.56,23.56,17600
19/05/2014,23.99,24.28,23.16,24.22,24.22,15400
20/05/2014,23.47,24.54,23.47,23.91,23.91,35900
21/05/2014,23.89,24.16,23.51,23.82,23.82,14900
22/05/2014,23.75,24.35,23.67,24.2,24.2,34100
23/05/2014,24.26,25.08,23.96,24.79,24.79,31500
27/05/2014,25.04,25.42,24.68,25.18,25.18,27200
28/05/2014,25.23,25.98,24.76,25.51,25.51,22100
29/05/2014,25.78,25.78,24.9,25.11,25.11,7200
30/05/2014,25.19,25.25,24.16,24.3,24.3,10200
02/06/2014,24.25,24.29,23.52,23.87,23.87,10600
03/06/2014,23.9,23.9,23.25,23.52,23.52,20600
04/06/2014,23.4,23.53,23.3,23.53,23.53,14800
05/06/2014,23.49,24.47,23.4,24.39,24.39,9100
06/06/2014,24.66,25.57,24.04,24.99,24.99,21600
09/06/2014,25.09,25.41,24.49,24.97,24.97,20900
10/06/2014,24.58,25.0,24.58,24.95,24.95,11300
11/06/2014,24.78,25.17,24.53,25.04,25.04,16700
12/06/2014,24.97,25.18,24.68,24.99,24.99,18400
13/06/2014,25.06,25.4,24.74,25.4,25.4,15300
16/06/2014,25.4,26.28,25.0,26.28,26.28,20900
17/06/2014,26.2,27.15,25.75,26.78,26.78,20700
18/06/2014,26.54,26.54,25.76,26.49,26.49,18800
19/06/2014,26.29,26.42,25.33,26.15,26.15,20100
20/06/2014,26.35,27.17,26.35,27.02,27.02,24700
23/06/2014,27.12,27.35,26.99,27.25,27.25,14500
24/06/2014,27.35,27.43,25.47,25.48,25.48,38100
25/06/2014,25.53,25.58,24.15,24.43,24.43,37400
26/06/2014,24.6,24.6,23.75,24.35,24.35,13000
27/06/2014,24.47,24.9,24.25,24.4,24.4,42500
30/06/2014,24.1,24.71,23.8,24.09,24.09,120100
01/07/2014,24.34,25.43,24.31,25.26,25.26,24100
02/07/2014,25.36,25.8,25.3,25.46,25.46,12900
03/07/2014,25.65,25.76,24.9,25.71,25.71,8500
07/07/2014,25.54,25.62,24.75,24.92,24.92,14300
08/07/2014,25.07,25.07,24.3,24.44,24.44,13800
09/07/2014,24.55,25.24,24.47,24.87,24.87,7900
10/07/2014,24.47,25.22,24.4,24.44,24.44,10400
11/07/2014,24.43,24.64,24.21,24.48,24.48,13500
14/07/2014,24.73,24.73,23.86,24.02,24.02,9500
15/07/2014,24.13,24.25,23.58,24.02,24.02,25100
16/07/2014,24.13,24.7,23.84,24.24,24.24,7500
17/07/2014,23.98,24.19,23.54,23.71,23.71,15000
18/07/2014,23.64,24.51,23.42,24.48,24.48,11100
21/07/2014,23.63,24.28,23.46,23.76,23.76,9100
22/07/2014,23.83,24.8,23.55,24.26,24.26,19000
23/07/2014,24.3,25.24,24.3,24.59,24.59,10400
24/07/2014,24.65,24.83,24.42,24.51,24.51,10700
25/07/2014,24.41,25.09,24.41,24.52,24.52,12100
28/07/2014,24.7,25.75,24.14,25.22,25.22,25400
29/07/2014,25.16,25.92,24.1,24.52,24.52,9400
30/07/2014,24.75,25.78,24.35,25.23,25.23,12700
31/07/2014,24.63,25.9,24.14,25.25,25.25,24100
01/08/2014,25.53,25.73,24.24,25.5,25.5,35900
04/08/2014,25.46,25.84,25.39,25.77,25.77,14100
05/08/2014,25.5,25.5,24.51,24.97,24.97,33100
06/08/2014,25.0,25.24,24.6,25.13,25.13,15800
07/08/2014,25.27,25.32,24.75,24.97,24.97,45500
08/08/2014,25.0,25.1,24.69,24.92,24.92,35100
11/08/2014,24.9,25.0,24.81,24.88,24.88,13000
12/08/2014,24.85,24.85,24.51,24.52,24.52,5100
13/08/2014,24.51,24.7,24.05,24.05,24.05,15100
14/08/2014,24.08,24.16,24.02,24.1,24.1,3000
15/08/2014,24.23,24.23,22.82,23.11,23.11,67800
18/08/2014,23.26,23.79,23.26,23.79,23.79,10000
19/08/2014,23.73,24.13,23.73,23.98,23.98,8400
20/08/2014,24.0,24.53,23.93,24.36,24.36,10000
21/08/2014,24.31,24.51,23.82,23.97,23.97,48100
22/08/2014,23.99,24.03,23.16,23.69,23.69,16000
25/08/2014,23.73,24.06,23.31,23.74,23.74,13200
26/08/2014,23.78,23.91,23.39,23.73,23.73,17700
27/08/2014,23.5,23.6,23.12,23.34,23.34,32700
28/08/2014,23.23,23.49,23.06,23.46,23.46,23200
29/08/2014,23.46,23.5,23.02,23.33,23.33,30500
02/09/2014,23.37,23.5,22.76,23.09,23.09,25600
03/09/2014,23.21,23.43,22.26,23.0,23.0,24800
04/09/2014,22.65,23.39,22.65,23.12,23.12,19800
05/09/2014,22.99,23.09,22.57,22.94,22.94,9900
08/09/2014,22.82,22.88,22.48,22.82,22.82,10800
09/09/2014,22.72,23.0,22.67,22.78,22.78,10800
10/09/2014,22.75,22.79,22.43,22.55,22.55,12100
11/09/2014,22.7,22.88,22.43,22.7,22.7,14700
12/09/2014,22.98,22.98,22.5,22.65,22.65,15600
15/09/2014,22.75,22.96,22.14,22.14,22.14,15400
16/09/2014,22.19,22.48,22.02,22.18,22.18,11700
17/09/2014,22.25,22.75,22.25,22.47,22.47,21700
18/09/2014,22.53,22.68,22.25,22.31,22.31,27600
19/09/2014,22.35,22.35,21.75,21.76,21.76,29800
22/09/2014,21.74,21.74,21.3,21.32,21.32,12800
23/09/2014,21.18,22.2,21.05,21.8,21.8,41300
24/09/2014,21.79,22.14,21.26,22.11,22.11,9200
25/09/2014,21.75,22.08,21.75,21.85,21.85,13700
26/09/2014,21.85,22.15,21.79,21.92,21.92,10700
29/09/2014,21.73,22.18,21.45,22.07,22.07,10000
30/09/2014,21.98,22.05,21.81,21.98,21.98,26100
01/10/2014,21.9,22.05,21.57,21.9,21.9,39300
02/10/2014,21.92,22.19,21.52,21.83,21.83,14100
03/10/2014,22.06,22.06,21.68,21.88,21.88,16300
06/10/2014,21.99,21.99,21.2,21.47,21.47,29500
07/10/2014,21.21,21.78,21.21,21.24,21.24,19800
08/10/2014,21.14,21.93,21.1,21.9,21.9,61600
09/10/2014,21.76,21.76,21.02,21.2,21.2,28100
10/10/2014,21.08,21.39,20.76,20.93,20.93,21300
13/10/2014,21.07,21.16,20.82,21.02,21.02,19500
14/10/2014,21.07,21.4,20.76,21.07,21.07,27100
15/10/2014,20.74,21.93,20.55,21.19,21.19,46300
16/10/2014,20.88,21.53,20.82,21.08,21.08,24600
17/10/2014,21.43,22.01,20.77,21.86,21.86,31900
20/10/2014,21.73,21.73,21.11,21.29,21.29,17900
21/10/2014,21.33,21.46,21.1,21.36,21.36,18600
22/10/2014,21.35,21.57,21.19,21.28,21.28,11200
23/10/2014,21.44,21.51,21.18,21.29,21.29,44000
24/10/2014,21.35,21.35,21.05,21.29,21.29,26200
27/10/2014,21.29,21.58,20.91,21.39,21.39,22500
28/10/2014,21.37,22.2,21.34,22.2,22.2,12800
29/10/2014,22.15,22.15,21.81,21.94,21.94,11100
30/10/2014,21.79,22.38,21.39,22.36,22.36,14200
31/10/2014,22.69,22.72,21.63,22.02,22.02,23300
03/11/2014,22.0,22.38,21.7,21.91,21.91,12400
04/11/2014,22.11,22.14,21.57,21.9,21.9,12000
05/11/2014,22.12,22.33,21.73,22.1,22.1,9600
06/11/2014,22.28,22.55,21.78,22.55,22.55,30600
07/11/2014,22.55,22.9,22.48,22.9,22.9,9600
10/11/2014,22.9,23.15,22.69,22.9,22.9,53000
11/11/2014,22.9,23.47,22.85,23.26,23.26,19100
12/11/2014,23.27,23.53,23.07,23.21,23.21,18100
13/11/2014,23.3,23.3,22.17,22.34,22.34,22900
14/11/2014,22.29,22.29,21.21,21.64,21.64,25900
17/11/2014,21.71,22.23,21.55,21.67,21.67,26700
18/11/2014,21.6,21.66,21.35,21.53,21.53,10500
19/11/2014,21.24,21.49,21.05,21.35,21.35,11400
20/11/2014,21.17,21.65,21.17,21.53,21.53,3900
21/11/2014,21.93,22.08,21.71,21.72,21.72,9100
24/11/2014,21.7,22.3,21.58,22.3,22.3,8100
25/11/2014,22.15,22.15,21.62,21.73,21.73,7000
26/11/2014,21.8,22.09,21.61,21.95,21.95,22700
28/11/2014,22.0,22.3,21.73,21.84,21.84,5700
01/12/2014,21.67,21.67,21.25,21.26,21.26,12200
02/12/2014,21.25,21.76,21.25,21.76,21.76,13000
03/12/2014,21.64,22.28,21.52,22.12,22.12,9000
04/12/2014,22.03,22.2,21.93,21.93,21.93,9300
05/12/2014,22.05,22.28,21.92,22.15,22.15,5900
08/12/2014,22.33,22.33,21.87,22.0,22.0,11800
09/12/2014,22.0,22.41,21.61,22.18,22.18,24700
10/12/2014,22.0,22.32,21.7,21.92,21.92,41100
11/12/2014,22.1,22.29,21.98,22.08,22.08,12200
12/12/2014,21.83,22.03,21.76,21.8,21.8,11600
15/12/2014,21.96,22.13,21.7,22.0,22.0,30700
16/12/2014,22.0,22.49,22.0,22.19,22.19,14900
17/12/2014,22.27,23.08,22.2,22.99,22.99,18800
18/12/2014,23.15,23.34,22.88,23.0,23.0,13800
19/12/2014,22.93,23.2,22.93,23.04,23.04,23500
22/12/2014,22.97,23.63,22.65,23.43,23.43,14300
23/12/2014,22.3,23.95,22.3,23.67,23.67,11600
24/12/2014,23.86,24.23,23.5,24.11,24.11,8400
26/12/2014,24.03,24.41,24.0,24.41,24.41,5300
29/12/2014,24.35,25.45,24.35,25.32,25.32,18100
30/12/2014,25.09,25.31,24.92,24.98,24.98,5900
31/12/2014,25.14,25.14,24.26,24.59,24.59,4200
02/01/2015,24.66,24.74,23.52,23.85,23.85,11700
05/01/2015,23.69,24.17,22.76,23.42,23.42,48000
06/01/2015,23.74,23.74,22.32,22.43,22.43,24200
07/01/2015,22.52,23.27,22.35,22.83,22.83,45600
08/01/2015,23.28,23.46,23.08,23.15,23.15,7500
09/01/2015,23.22,23.29,22.99,22.99,22.99,4100
12/01/2015,23.05,23.07,22.75,23.07,23.07,6800
13/01/2015,23.1,24.46,23.1,24.12,24.12,11000
14/01/2015,23.94,24.83,23.94,24.61,24.61,15700
15/01/2015,24.57,24.61,23.16,23.34,23.34,14700
16/01/2015,23.22,23.6,23.22,23.59,23.59,9700
20/01/2015,23.75,23.75,22.78,23.0,23.0,7400
21/01/2015,23.09,23.23,22.58,22.59,22.59,3700
22/01/2015,22.14,23.12,22.14,23.12,23.12,5800
23/01/2015,22.59,23.12,22.59,22.94,22.94,3100
26/01/2015,23.05,23.94,23.05,23.12,23.12,2900
27/01/2015,23.3,23.3,22.65,22.7,22.7,7000
28/01/2015,22.83,22.83,22.24,22.24,22.24,6200
29/01/2015,22.45,22.88,22.17,22.88,22.88,4400
30/01/2015,22.67,23.49,22.28,22.28,22.28,9700
02/02/2015,22.5,22.5,22.21,22.5,22.5,8500
03/02/2015,22.47,22.81,22.21,22.8,22.8,6200
04/02/2015,22.8,23.09,22.6,22.67,22.67,6200
05/02/2015,22.67,23.01,22.67,22.86,22.86,3500
06/02/2015,22.96,23.29,22.88,22.9,22.9,12900
09/02/2015,23.19,23.19,22.63,22.65,22.65,9600
10/02/2015,22.69,23.18,22.64,22.9,22.9,5600
11/02/2015,22.95,23.34,22.67,23.04,23.04,40300
12/02/2015,23.23,23.44,22.85,23.41,23.41,3800
13/02/2015,23.06,23.55,23.06,23.42,23.42,8500
17/02/2015,23.23,23.93,23.23,23.49,23.49,8000
18/02/2015,23.52,23.68,23.5,23.64,23.64,3700
19/02/2015,23.99,24.14,23.24,24.04,24.04,14000
20/02/2015,24.1,24.1,23.26,23.36,23.36,56900
23/02/2015,23.24,23.81,23.21,23.41,23.41,9200
24/02/2015,23.44,23.75,23.25,23.46,23.46,10900
25/02/2015,23.64,23.98,23.5,23.52,23.52,10300
26/02/2015,23.72,23.98,23.54,23.86,23.86,6800
27/02/2015,23.76,23.76,23.06,23.16,23.16,7700
02/03/2015,23.94,23.94,23.2,23.86,23.86,10900
03/03/2015,23.74,23.74,22.11,22.22,22.22,11400
04/03/2015,22.28,22.74,21.85,22.06,22.06,19000
05/03/2015,22.0,22.62,21.99,22.38,22.38,14300
06/03/2015,22.3,22.54,21.73,21.78,21.78,9100
09/03/2015,21.95,23.08,21.76,22.03,22.03,12600
10/03/2015,21.88,21.88,20.76,20.87,20.87,23200
11/03/2015,22.04,22.04,20.07,20.29,20.29,20900
12/03/2015,20.48,20.95,19.89,20.92,20.92,14400
13/03/2015,20.68,20.68,20.27,20.32,20.32,7700
16/03/2015,20.27,20.57,20.25,20.53,20.53,13900
17/03/2015,20.53,21.66,20.53,21.63,21.63,12900
18/03/2015,21.62,22.06,21.39,21.85,21.85,16200
19/03/2015,21.8,21.95,21.64,21.78,21.78,8600
20/03/2015,21.78,22.05,21.7,21.98,21.98,33200
23/03/2015,21.7,22.07,21.7,22.04,22.04,13400
24/03/2015,21.93,22.07,21.75,21.75,21.75,4500
25/03/2015,21.75,22.17,21.59,21.64,21.64,7200
26/03/2015,21.44,21.79,21.4,21.64,21.64,9100
27/03/2015,21.62,22.02,21.24,22.02,22.02,17100
30/03/2015,22.21,22.7,22.21,22.7,22.7,13800
31/03/2015,22.52,22.81,22.28,22.78,22.78,15500
01/04/2015,22.55,23.13,22.53,23.07,23.07,12000
02/04/2015,22.96,22.98,22.28,22.83,22.83,18900
06/04/2015,22.58,23.03,22.48,22.6,22.6,6900
07/04/2015,22.55,22.55,21.23,21.7,21.7,16200
08/04/2015,21.71,22.11,21.71,21.97,21.97,8000
09/04/2015,21.79,21.85,20.77,21.0,21.0,12300
10/04/2015,20.98,21.03,20.5,20.72,20.72,18900
13/04/2015,20.64,20.64,20.0,20.3,20.3,52200
14/04/2015,20.29,21.31,20.29,21.16,21.16,19200
15/04/2015,21.37,21.97,21.23,21.67,21.67,30700
16/04/2015,21.69,21.69,21.25,21.44,21.44,19500
17/04/2015,21.24,21.24,21.0,21.16,21.16,13000
20/04/2015,21.23,21.65,21.15,21.19,21.19,33000
21/04/2015,21.37,21.6,20.7,20.74,20.74,23600
22/04/2015,20.9,20.9,20.52,20.72,20.72,30400
23/04/2015,20.74,21.19,20.74,21.03,21.03,26000
24/04/2015,21.16,21.47,21.1,21.21,21.21,17200
27/04/2015,21.44,21.45,20.99,21.03,21.03,15300
28/04/2015,21.04,21.33,21.01,21.12,21.12,69700
29/04/2015,21.05,21.1,21.0,21.0,21.0,43900
30/04/2015,20.78,20.85,20.15,20.29,20.29,35300
01/05/2015,20.32,20.56,19.99,20.11,20.11,28300
04/05/2015,20.14,20.51,19.98,20.51,20.51,20300
05/05/2015,20.28,20.4,20.0,20.07,20.07,20000
06/05/2015,20.06,20.13,19.95,19.95,19.95,21700
07/05/2015,19.82,20.15,19.82,19.9,19.9,22400
08/05/2015,20.2,20.2,19.99,20.05,20.05,9500
11/05/2015,20.12,20.21,19.92,20.0,20.0,11400
12/05/2015,19.77,19.95,19.45,19.56,19.56,18500
13/05/2015,19.75,19.95,19.6,19.73,19.73,24200
14/05/2015,19.75,20.04,19.6,19.7,19.7,11100
15/05/2015,19.64,19.7,19.57,19.65,19.65,18200
18/05/2015,19.66,20.0,19.62,19.91,19.91,26700
19/05/2015,20.01,20.08,19.7,19.96,19.96,33000
20/05/2015,20.06,20.11,19.85,19.96,19.96,17900
21/05/2015,19.75,20.14,19.75,20.03,20.03,25200
22/05/2015,20.11,20.14,20.0,20.04,20.04,28100
26/05/2015,19.97,20.3,19.59,20.07,20.07,26500
27/05/2015,20.0,20.19,19.94,20.08,20.08,18000
28/05/2015,20.05,20.09,19.91,20.0,20.0,15000
29/05/2015,19.95,20.12,19.83,19.83,19.83,18300
01/06/2015,20.02,20.26,19.55,19.66,19.66,20300
02/06/2015,19.67,19.67,19.45,19.55,19.55,16300
03/06/2015,19.52,20.34,19.5,20.15,20.15,65600
04/06/2015,20.11,20.76,19.94,20.26,20.26,53900
05/06/2015,20.19,20.26,19.93,20.0,20.0,63000
08/06/2015,20.0,20.21,19.8,19.98,19.98,54500
09/06/2015,19.8,20.09,19.78,20.0,20.0,18400
10/06/2015,20.0,20.05,19.85,19.97,19.97,22600
11/06/2015,19.89,20.08,19.85,20.03,20.03,23800
12/06/2015,19.93,20.1,19.83,20.1,20.1,23100
15/06/2015,19.87,20.2,19.87,20.03,20.03,27100
16/06/2015,20.0,20.58,19.99,20.38,20.38,63100
17/06/2015,20.45,21.91,20.43,21.03,21.03,83700
18/06/2015,21.09,21.37,21.06,21.28,21.28,31000
19/06/2015,21.37,21.47,20.99,21.0,21.0,41700
22/06/2015,21.25,22.2,20.95,21.99,21.99,79700
23/06/2015,22.0,22.19,21.64,21.83,21.83,44300
24/06/2015,21.39,21.63,20.0,21.43,21.43,50700
25/06/2015,21.34,21.58,20.82,21.09,21.09,47400
26/06/2015,21.04,21.62,20.71,21.11,21.11,975000
29/06/2015,21.0,21.24,20.62,20.99,20.99,40800
30/06/2015,21.3,21.32,20.77,20.92,20.92,44700
01/07/2015,21.17,21.17,20.69,20.82,20.82,47900
02/07/2015,20.77,20.77,20.44,20.59,20.59,48200
06/07/2015,20.45,20.48,19.99,20.09,20.09,120700
07/07/2015,20.12,20.34,19.84,20.34,20.34,47700
08/07/2015,20.14,20.21,19.82,19.99,19.99,38500
09/07/2015,20.12,20.16,19.95,20.08,20.08,45100
10/07/2015,20.06,20.95,20.06,20.62,20.62,14500
13/07/2015,20.51,21.18,20.51,20.76,20.76,36500
14/07/2015,20.88,20.88,20.16,20.21,20.21,22800
15/07/2015,20.26,20.26,19.86,20.0,20.0,34000
16/07/2015,20.04,20.2,19.99,20.03,20.03,46800
17/07/2015,20.05,20.05,19.83,20.0,20.0,26100
20/07/2015,20.06,20.06,19.94,19.98,19.98,18400
21/07/2015,19.89,20.0,19.77,19.91,19.91,28100
22/07/2015,19.82,20.06,19.75,19.97,19.97,14100
23/07/2015,20.0,20.0,19.68,19.7,19.7,17500
24/07/2015,19.8,19.8,19.65,19.69,19.69,15500
27/07/2015,19.57,19.6,19.36,19.42,19.42,12500
28/07/2015,19.5,19.6,19.39,19.51,19.51,13900
29/07/2015,19.5,19.68,17.51,19.57,19.57,14800
30/07/2015,19.66,19.96,19.66,19.79,19.79,21400
31/07/2015,19.67,20.04,19.65,19.89,19.89,6800
03/08/2015,19.73,19.98,19.15,19.82,19.82,7500
04/08/2015,20.15,21.99,20.15,21.45,21.45,55700
05/08/2015,21.57,22.4,21.06,22.33,22.33,25900
06/08/2015,22.39,22.39,21.13,21.4,21.4,12000
07/08/2015,20.96,21.47,20.78,21.31,21.31,8800
10/08/2015,21.41,21.49,21.08,21.45,21.45,6600
11/08/2015,21.2,21.72,21.18,21.53,21.53,17700
12/08/2015,21.33,21.68,21.25,21.68,21.68,5600
13/08/2015,22.24,22.24,21.25,21.81,21.81,13600
14/08/2015,21.75,21.97,21.62,21.69,21.69,4900
17/08/2015,21.59,21.99,21.51,21.73,21.73,6000
18/08/2015,22.03,22.09,21.71,21.97,21.97,3000
19/08/2015,21.72,22.53,21.5,22.46,22.46,9400
20/08/2015,22.13,22.19,21.67,21.81,21.81,6800
21/08/2015,21.45,21.74,21.31,21.74,21.74,20000
24/08/2015,21.02,21.08,20.9,20.9,20.9,14600
25/08/2015,21.5,21.5,20.48,20.6,20.6,8000
26/08/2015,20.96,20.98,20.5,20.61,20.61,6900
27/08/2015,20.94,21.23,20.71,20.86,20.86,7300
28/08/2015,20.86,21.5,20.86,21.24,21.24,4200
31/08/2015,21.22,21.8,20.61,21.52,21.52,3800
01/09/2015,21.34,21.73,21.34,21.61,21.61,8100
02/09/2015,21.8,21.8,21.61,21.71,21.71,3500
03/09/2015,21.72,21.86,21.68,21.79,21.79,3000
04/09/2015,21.6,21.8,21.6,21.75,21.75,6600
08/09/2015,21.94,21.94,21.61,21.68,21.68,5200
09/09/2015,21.9,21.9,21.59,21.67,21.67,1400
10/09/2015,21.6,21.79,21.6,21.68,21.68,10700
11/09/2015,21.63,21.77,21.61,21.7,21.7,4300
14/09/2015,21.62,21.86,21.54,21.8,21.8,36600
15/09/2015,21.66,22.09,21.66,22.07,22.07,15800
16/09/2015,22.0,22.54,21.56,22.52,22.52,28800
17/09/2015,22.3,22.79,22.27,22.73,22.73,15800
18/09/2015,22.65,22.89,22.34,22.89,22.89,27700
21/09/2015,23.0,23.25,22.91,23.0,23.0,65800
22/09/2015,22.85,23.15,22.85,23.09,23.09,21700
23/09/2015,23.06,23.22,22.98,23.03,23.03,21000
24/09/2015,22.97,23.0,22.49,22.92,22.92,6700
25/09/2015,23.02,23.2,22.94,23.2,23.2,17700
28/09/2015,23.1,23.16,21.85,22.26,22.26,12500
29/09/2015,22.25,22.58,20.99,22.44,22.44,8600
30/09/2015,22.6,22.85,21.17,22.85,22.85,10400
01/10/2015,22.83,23.73,22.54,23.73,23.73,18800
02/10/2015,23.45,25.0,23.43,24.68,24.68,26700
05/10/2015,25.0,25.4,23.72,24.2,24.2,44600
06/10/2015,24.17,24.75,23.52,24.5,24.5,24300
07/10/2015,24.4,25.03,24.38,24.93,24.93,14700
08/10/2015,24.93,25.47,24.93,25.38,25.38,8600
09/10/2015,23.67,25.5,23.67,25.34,25.34,8800
12/10/2015,25.21,25.5,24.22,24.26,24.26,15500
13/10/2015,24.29,25.5,23.61,24.72,24.72,11800
14/10/2015,24.72,24.91,23.95,24.56,24.56,12400
15/10/2015,24.6,24.96,24.43,24.77,24.77,7400
16/10/2015,24.37,24.79,24.05,24.75,24.75,17600
19/10/2015,24.77,24.84,24.23,24.84,24.84,6400
20/10/2015,24.75,25.0,24.6,24.6,24.6,14400
21/10/2015,24.81,24.92,24.41,24.51,24.51,3800
22/10/2015,24.5,25.1,23.42,24.52,24.52,11200
23/10/2015,24.48,25.06,24.05,24.14,24.14,8000
26/10/2015,24.43,24.88,23.64,24.16,24.16,12200
27/10/2015,24.06,24.71,23.09,24.15,24.15,7500
28/10/2015,24.36,25.33,24.36,24.73,24.73,2100
29/10/2015,24.64,25.14,24.61,24.8,24.8,2300
30/10/2015,24.83,24.99,24.51,24.51,24.51,1900
02/11/2015,24.83,25.19,24.52,25.18,25.18,10800
03/11/2015,25.22,25.5,24.32,25.1,25.1,7300
04/11/2015,25.11,25.15,24.01,24.95,24.95,8900
05/11/2015,24.94,25.0,23.78,24.96,24.96,6400
06/11/2015,24.69,25.0,24.65,24.98,24.98,11500
09/11/2015,24.74,25.2,24.64,24.66,24.66,6200
10/11/2015,24.55,25.12,24.18,24.5,24.5,12600
11/11/2015,24.54,24.97,24.48,24.48,24.48,4400
12/11/2015,24.19,24.85,24.08,24.18,24.18,4700
13/11/2015,24.68,24.7,24.17,24.38,24.38,1700
16/11/2015,24.33,24.75,23.74,24.44,24.44,11100
17/11/2015,24.4,24.4,24.18,24.18,24.18,2600
18/11/2015,24.33,24.33,23.5,23.59,23.59,22900
19/11/2015,23.72,24.38,23.67,23.7,23.7,8100
20/11/2015,23.73,23.84,22.91,23.2,23.2,9600
23/11/2015,23.19,23.97,23.06,23.66,23.66,7000
24/11/2015,23.43,24.05,23.37,23.64,23.64,3900
25/11/2015,23.65,25.2,23.65,23.71,23.71,2100
27/11/2015,23.81,24.05,23.81,23.91,23.91,1400
30/11/2015,23.94,24.45,23.65,24.41,24.41,6000
01/12/2015,24.24,24.46,23.56,23.95,23.95,11100
02/12/2015,23.85,23.98,23.69,23.98,23.98,600
03/12/2015,23.99,23.99,23.11,23.25,23.25,11400
04/12/2015,23.11,23.24,22.71,22.99,22.99,16100
07/12/2015,22.9,23.58,22.87,23.47,23.47,9400
08/12/2015,23.01,23.01,22.87,22.87,22.87,2000
09/12/2015,23.5,23.88,22.47,22.49,22.49,13400
10/12/2015,23.29,23.29,22.02,22.02,22.02,11000
11/12/2015,22.0,23.6,22.0,22.51,22.51,13100
14/12/2015,22.91,23.5,22.47,22.47,22.47,14900
15/12/2015,22.65,22.65,21.4,22.54,22.54,51100
16/12/2015,22.3,22.49,22.21,22.36,22.36,3400
17/12/2015,22.73,22.73,22.38,22.38,22.38,1800
18/12/2015,22.29,22.78,22.15,22.54,22.54,4500
21/12/2015,22.63,22.98,22.37,22.58,22.58,24500
22/12/2015,22.68,22.94,22.5,22.87,22.87,29700
23/12/2015,22.75,23.39,22.55,23.27,23.27,6000
24/12/2015,23.62,23.62,20.63,20.63,20.63,7300
28/12/2015,21.23,22.75,21.23,22.25,22.25,9400
29/12/2015,22.5,23.31,22.34,23.01,23.01,22100
30/12/2015,23.06,23.73,22.45,23.33,23.33,7800
31/12/2015,23.64,24.4,23.29,23.82,23.82,11800
04/01/2016,23.79,24.4,22.63,23.94,23.94,9200
05/01/2016,24.06,24.25,23.53,23.53,23.53,4000
06/01/2016,23.53,23.89,23.47,23.83,23.83,9100
07/01/2016,23.16,23.91,23.16,23.67,23.67,4800
08/01/2016,24.1,24.1,23.14,23.49,23.49,3700
11/01/2016,23.7,23.73,23.05,23.05,23.05,2400
12/01/2016,23.43,23.54,22.32,23.34,23.34,6100
13/01/2016,22.11,23.26,22.11,23.02,23.02,5500
14/01/2016,22.89,23.0,21.75,22.39,22.39,11800
15/01/2016,21.85,21.85,21.5,21.8,21.8,21500
19/01/2016,21.71,23.15,21.71,22.36,22.36,6800
20/01/2016,22.06,22.19,21.63,21.93,21.93,22300
21/01/2016,22.17,22.17,21.65,21.87,21.87,8000
22/01/2016,22.02,22.19,21.8,21.8,21.8,3200
25/01/2016,22.07,22.1,21.72,22.0,22.0,9600
26/01/2016,22.08,22.08,21.81,21.81,21.81,4700
27/01/2016,21.88,22.06,21.72,21.99,21.99,3000
28/01/2016,21.95,22.0,21.7,21.95,21.95,13400
29/01/2016,21.66,22.1,21.66,21.67,21.67,5300
01/02/2016,22.07,22.78,21.1,21.45,21.45,31000
02/02/2016,21.15,21.9,21.15,21.76,21.76,8600
03/02/2016,21.26,22.28,21.26,21.54,21.54,27900
04/02/2016,21.61,21.99,21.61,21.64,21.64,5200
05/02/2016,21.68,21.91,21.64,21.64,21.64,4900
08/02/2016,21.74,21.74,21.01,21.11,21.11,15300
09/02/2016,21.02,21.72,20.88,21.1,21.1,22100
10/02/2016,21.63,21.77,21.26,21.29,21.29,4900
11/02/2016,21.09,21.18,20.5,20.52,20.52,13100
12/02/2016,21.2,21.2,20.59,20.76,20.76,3500
16/02/2016,20.89,21.2,20.89,21.18,21.18,7200
17/02/2016,21.2,21.2,20.92,21.15,21.15,26500
18/02/2016,21.21,21.21,20.99,20.99,20.99,7800
19/02/2016,21.1,21.2,20.85,20.85,20.85,7400
22/02/2016,22.7,23.84,21.28,21.64,21.64,19800
23/02/2016,21.34,23.24,21.34,22.27,22.27,12800
24/02/2016,22.46,22.84,21.18,22.31,22.31,70600
25/02/2016,22.19,22.95,22.12,22.18,22.18,5700
26/02/2016,22.3,22.74,21.28,22.43,22.43,9600
29/02/2016,22.64,22.9,21.72,22.37,22.37,10600
01/03/2016,22.5,23.32,21.7,22.82,22.82,13700
02/03/2016,23.1,23.82,22.86,23.62,23.62,14700
03/03/2016,23.58,24.15,23.35,23.44,23.44,6600
04/03/2016,23.75,23.75,21.9,22.8,22.8,20700
07/03/2016,22.64,23.15,22.42,23.1,23.1,13500
08/03/2016,22.85,23.17,22.74,22.86,22.86,5000
09/03/2016,22.75,23.16,22.75,23.13,23.13,6800
10/03/2016,23.04,23.39,22.42,22.42,22.42,5600
11/03/2016,22.88,23.48,22.78,22.78,22.78,16800
14/03/2016,23.03,23.68,22.79,22.98,22.98,8900
15/03/2016,22.98,23.09,22.37,22.75,22.75,8700
16/03/2016,22.49,23.0,22.21,22.29,22.29,6200
17/03/2016,22.55,22.68,22.04,22.34,22.34,13800
18/03/2016,22.38,22.64,21.55,21.84,21.84,19000
21/03/2016,21.68,22.34,21.68,21.98,21.98,4600
22/03/2016,22.41,22.45,21.96,22.17,22.17,7400
23/03/2016,21.73,22.55,21.73,21.92,21.92,8000
24/03/2016,22.01,22.23,21.07,21.74,21.74,39200
28/03/2016,21.46,21.64,21.01,21.39,21.39,16100
29/03/2016,21.19,21.87,21.19,21.68,21.68,25400
30/03/2016,21.57,21.94,21.32,21.71,21.71,26200
31/03/2016,21.5,22.58,21.5,22.27,22.27,15200
01/04/2016,22.31,23.0,22.28,22.86,22.86,22400
04/04/2016,22.94,23.0,22.07,22.84,22.84,19900
05/04/2016,22.68,22.99,22.59,22.89,22.89,12600
06/04/2016,22.97,23.0,22.61,22.83,22.83,13200
07/04/2016,22.9,22.98,22.57,22.77,22.77,10500
08/04/2016,22.9,22.98,22.43,22.96,22.96,15800
11/04/2016,22.99,23.0,22.57,22.66,22.66,45100
12/04/2016,22.74,22.98,22.56,22.98,22.98,13700
13/04/2016,22.96,23.0,22.56,22.97,22.97,16600
14/04/2016,22.88,22.96,22.33,22.8,22.8,9400
15/04/2016,22.82,22.95,22.54,22.63,22.63,11900
18/04/2016,22.64,22.85,22.64,22.83,22.83,20800
19/04/2016,22.86,22.99,22.78,22.81,22.81,5600
20/04/2016,22.82,22.99,22.69,22.97,22.97,15100
21/04/2016,22.99,24.22,22.94,24.18,24.18,45700
22/04/2016,23.82,24.73,23.82,24.45,24.45,13600
25/04/2016,24.57,24.57,23.06,24.46,24.46,18900
26/04/2016,24.72,24.73,23.86,24.27,24.27,15600
27/04/2016,24.24,24.72,23.18,24.57,24.57,11800
28/04/2016,24.69,24.96,24.6,24.61,24.61,5700
29/04/2016,24.99,24.99,24.61,24.85,24.85,8600
02/05/2016,24.9,25.49,24.6,25.02,25.02,25300
03/05/2016,24.93,24.93,24.3,24.58,24.58,20800
04/05/2016,23.99,24.63,23.63,24.29,24.29,16700
05/05/2016,24.66,24.97,23.94,24.91,24.91,10500
06/05/2016,24.67,25.22,24.54,25.19,25.19,16500
09/05/2016,25.13,25.13,24.11,25.0,25.0,28500
10/05/2016,25.29,25.36,24.61,24.93,24.93,25100
11/05/2016,24.73,24.97,24.16,24.38,24.38,19400
12/05/2016,24.46,24.48,22.84,22.88,22.88,27700
13/05/2016,23.0,23.19,22.4,22.51,22.51,17300
16/05/2016,22.77,22.87,22.19,22.64,22.64,19800
17/05/2016,22.62,22.68,21.15,21.56,21.56,22600
18/05/2016,21.36,22.14,21.22,21.93,21.93,28100
19/05/2016,21.55,22.06,21.16,21.41,21.41,26700
20/05/2016,21.41,21.81,21.13,21.14,21.14,15200
23/05/2016,21.17,21.25,20.86,21.0,21.0,69500
24/05/2016,21.09,21.49,20.98,21.05,21.05,26400
25/05/2016,21.15,21.29,20.91,21.11,21.11,41600
26/05/2016,21.26,21.35,20.91,21.11,21.11,26900
27/05/2016,21.05,21.57,21.05,21.26,21.26,32900
31/05/2016,21.2,21.96,21.19,21.55,21.55,40700
01/06/2016,21.42,21.78,21.38,21.45,21.45,23200
02/06/2016,21.3,21.31,20.9,20.9,20.9,85200
03/06/2016,20.94,21.44,20.52,21.09,21.09,22400
06/06/2016,21.35,21.68,20.91,21.48,21.48,14100
07/06/2016,21.31,21.9,21.3,21.44,21.44,13600
08/06/2016,21.52,22.09,21.43,21.75,21.75,12000
09/06/2016,21.18,22.3,21.18,22.02,22.02,27100
10/06/2016,21.62,22.73,21.37,22.41,22.41,21800
13/06/2016,23.14,23.14,20.71,21.01,21.01,29700
14/06/2016,20.91,21.11,20.42,20.92,20.92,25900
15/06/2016,20.86,21.39,20.81,21.24,21.24,15300
16/06/2016,21.27,21.36,20.62,20.98,20.98,18600
17/06/2016,20.75,20.96,20.5,20.62,20.62,20900
20/06/2016,20.81,21.18,20.45,20.46,20.46,30000
21/06/2016,20.63,21.26,20.46,20.85,20.85,57600
22/06/2016,21.0,21.45,20.5,20.65,20.65,190000
23/06/2016,20.66,21.73,20.62,21.68,21.68,38200
24/06/2016,20.99,22.74,20.98,21.03,21.03,607100
27/06/2016,21.07,22.27,20.4,20.72,20.72,36900
28/06/2016,20.81,21.19,20.52,20.7,20.7,15800
29/06/2016,20.91,21.68,20.83,21.35,21.35,498900
30/06/2016,21.5,22.71,21.5,22.54,22.54,25200
01/07/2016,22.73,23.14,22.36,22.63,22.63,26200
05/07/2016,22.24,22.84,21.7,22.43,22.43,24700
06/07/2016,22.24,22.67,22.18,22.66,22.66,36700
07/07/2016,22.4,22.9,22.35,22.66,22.66,51200
08/07/2016,22.77,23.29,22.76,23.2,23.2,29600
11/07/2016,23.14,23.95,22.71,23.8,23.8,53500
12/07/2016,23.95,24.52,23.73,23.99,23.99,83400
13/07/2016,24.06,24.19,22.78,22.94,22.94,38700
14/07/2016,23.31,23.63,22.49,22.75,22.75,30400
15/07/2016,22.97,23.19,22.28,23.09,23.09,34600
18/07/2016,23.09,23.45,22.38,22.87,22.87,29600
19/07/2016,22.65,23.26,22.53,22.94,22.94,28800
20/07/2016,22.94,23.31,22.41,23.2,23.2,17000
21/07/2016,23.31,23.61,22.61,23.21,23.21,27200
22/07/2016,23.05,23.2,22.31,23.06,23.06,26900
25/07/2016,23.19,23.68,22.85,23.29,23.29,16600
26/07/2016,24.0,24.0,22.73,23.31,23.31,38800
27/07/2016,23.35,23.97,23.24,23.95,23.95,34900
28/07/2016,23.87,23.87,23.12,23.22,23.22,23300
29/07/2016,23.37,23.37,22.57,22.89,22.89,33100
01/08/2016,22.46,23.44,22.46,23.33,23.33,46300
02/08/2016,23.47,24.53,23.47,24.08,24.08,37400
03/08/2016,24.22,24.55,23.17,24.11,24.11,56300
04/08/2016,24.09,24.43,23.58,23.94,23.94,22100
05/08/2016,23.68,24.41,23.6,24.01,24.01,24300
08/08/2016,23.96,24.2,23.6,23.65,23.65,9900
09/08/2016,23.98,24.08,23.4,23.52,23.52,7700
10/08/2016,23.61,23.87,23.27,23.54,23.54,16200
11/08/2016,23.42,23.64,23.31,23.45,23.45,22100
12/08/2016,23.6,23.77,23.23,23.4,23.4,9600
15/08/2016,23.45,23.89,23.45,23.7,23.7,24300
16/08/2016,23.4,23.95,23.4,23.76,23.76,11200
17/08/2016,23.67,24.32,23.45,23.87,23.87,17400
18/08/2016,23.79,24.07,23.75,24.04,24.04,5800
19/08/2016,23.91,24.23,23.91,24.14,24.14,15900
22/08/2016,24.0,24.07,22.8,23.9,23.9,17000
23/08/2016,23.74,24.49,23.71,24.16,24.16,10500
24/08/2016,24.12,24.49,23.94,24.28,24.28,12600
25/08/2016,24.15,24.62,23.89,24.58,24.58,21400
26/08/2016,24.22,24.53,22.79,24.47,24.47,19700
29/08/2016,24.24,25.14,24.21,25.14,25.14,21600
30/08/2016,25.19,25.53,24.96,25.1,25.1,17900
31/08/2016,25.0,25.2,24.45,24.84,24.84,54200
01/09/2016,24.8,25.38,24.21,25.07,25.07,25500
02/09/2016,25.24,25.46,24.91,25.25,25.25,12500
06/09/2016,25.18,25.54,25.17,25.46,25.46,17200
07/09/2016,25.42,26.68,25.29,26.53,26.53,21300
08/09/2016,26.49,27.12,26.49,26.98,26.98,23200
09/09/2016,26.68,26.68,24.95,25.21,25.21,11900
12/09/2016,25.34,26.65,25.34,25.92,25.92,39400
13/09/2016,25.57,26.22,24.78,24.98,24.98,21300
14/09/2016,25.12,25.55,24.3,24.7,24.7,29500
15/09/2016,24.49,26.23,24.49,25.46,25.46,56500
16/09/2016,25.55,26.41,25.51,26.1,26.1,51200
19/09/2016,26.09,27.03,25.59,26.84,26.84,33700
20/09/2016,26.64,27.12,26.64,26.9,26.9,17500
21/09/2016,27.34,27.35,26.57,27.02,27.02,24400
22/09/2016,26.98,27.3,26.75,26.82,26.82,14400
23/09/2016,26.96,27.07,26.28,26.84,26.84,18100
26/09/2016,26.91,27.23,26.75,26.88,26.88,15500
27/09/2016,26.8,26.83,26.4,26.79,26.79,12000
28/09/2016,26.69,26.84,26.09,26.73,26.73,14200
29/09/2016,26.81,26.81,26.42,26.42,26.42,5300
30/09/2016,26.57,26.77,26.37,26.5,26.5,15400
03/10/2016,26.09,26.66,25.82,26.51,26.51,68600
04/10/2016,26.06,26.65,25.29,26.31,26.31,4600
05/10/2016,26.44,26.68,26.19,26.53,26.53,75900
06/10/2016,26.25,26.29,26.0,26.13,26.13,7600
07/10/2016,26.0,26.0,25.46,25.56,25.56,5500
10/10/2016,25.65,25.97,25.25,25.55,25.55,14000
11/10/2016,25.4,25.95,25.36,25.79,25.79,8000
12/10/2016,26.27,26.58,26.27,26.37,26.37,3500
13/10/2016,26.16,26.2,25.6,25.69,25.69,6000
14/10/2016,25.8,26.38,25.69,26.08,26.08,7500
17/10/2016,26.3,26.45,25.8,26.3,26.3,14300
18/10/2016,26.4,26.5,25.95,26.1,26.1,32100
19/10/2016,26.25,26.5,26.25,26.5,26.5,11500
20/10/2016,26.35,27.4,26.2,26.35,26.35,22000
21/10/2016,26.3,26.8,25.85,26.55,26.55,15400
24/10/2016,26.8,27.1,25.29,26.8,26.8,9300
25/10/2016,26.85,27.1,26.85,26.95,26.95,5700
26/10/2016,26.85,27.05,26.7,26.75,26.75,11700
27/10/2016,26.9,26.9,26.7,26.75,26.75,8300
28/10/2016,27.5,27.5,26.75,26.85,26.85,4600
31/10/2016,26.95,27.25,26.7,26.7,26.7,15200
01/11/2016,26.85,26.95,26.05,26.05,26.05,14800
02/11/2016,25.7,26.58,25.24,26.05,26.05,20700
03/11/2016,26.0,26.0,25.4,25.55,25.55,26100
04/11/2016,25.0,25.8,24.5,24.85,24.85,15100
07/11/2016,26.13,26.53,25.0,25.25,25.25,19600
08/11/2016,25.4,25.7,25.1,25.15,25.15,68300
09/11/2016,24.85,25.7,24.75,25.5,25.5,51700
10/11/2016,25.53,25.9,25.1,25.4,25.4,26700
11/11/2016,25.45,26.55,24.69,25.8,25.8,51800
14/11/2016,25.75,25.9,25.45,25.85,25.85,34900
15/11/2016,26.6,26.75,25.4,25.7,25.7,20700
16/11/2016,25.3,26.08,25.3,25.75,25.75,38100
17/11/2016,25.9,25.9,25.45,25.7,25.7,19200
18/11/2016,25.8,26.6,25.75,26.1,26.1,31100
21/11/2016,26.3,26.3,25.91,26.15,26.15,23800
22/11/2016,26.0,26.35,25.5,25.55,25.55,33400
23/11/2016,25.45,25.6,25.4,25.5,25.5,14200
25/11/2016,25.45,25.55,25.4,25.5,25.5,3800
28/11/2016,25.4,25.7,24.9,25.1,25.1,31000
29/11/2016,25.25,25.5,24.5,25.15,25.15,19200
30/11/2016,25.55,25.65,24.9,25.1,25.1,57900
01/12/2016,25.1,25.45,24.85,24.95,24.95,29500
02/12/2016,24.8,25.15,24.75,24.85,24.85,12200
05/12/2016,24.85,25.45,24.85,25.0,25.0,42400
06/12/2016,25.0,25.2,24.6,24.95,24.95,21600
07/12/2016,25.1,26.18,25.1,25.45,25.45,27200
08/12/2016,25.2,26.1,25.03,26.0,26.0,44000
09/12/2016,26.1,26.5,25.95,26.05,26.05,40400
12/12/2016,25.65,26.25,25.55,25.6,25.6,28300
13/12/2016,25.3,26.25,24.53,25.9,25.9,53000
14/12/2016,25.95,26.0,25.1,25.2,25.2,17200
15/12/2016,25.3,26.8,25.3,25.9,25.9,38800
16/12/2016,26.0,26.35,25.85,25.95,25.95,45300
19/12/2016,25.75,26.15,25.41,25.95,25.95,23900
20/12/2016,25.8,26.25,25.8,26.1,26.1,28500
21/12/2016,26.2,26.28,25.85,25.95,25.95,25500
22/12/2016,26.15,26.15,25.7,25.75,25.75,11800
23/12/2016,25.95,26.05,25.85,25.95,25.95,6400
27/12/2016,26.15,26.25,25.95,25.95,25.95,5500
28/12/2016,26.0,26.1,25.45,25.5,25.5,49700
29/12/2016,25.6,25.9,25.2,25.45,25.45,15000
30/12/2016,25.5,25.5,25.35,25.45,25.45,10700
03/01/2017,25.8,26.0,25.5,25.75,25.75,35200
04/01/2017,26.0,26.0,25.6,25.75,25.75,22700
05/01/2017,25.55,25.75,25.4,25.45,25.45,17700
06/01/2017,25.1,25.5,25.1,25.3,25.3,16100
09/01/2017,25.0,25.95,24.94,25.15,25.15,10100
10/01/2017,25.1,25.45,24.68,25.2,25.2,19200
11/01/2017,25.1,25.45,24.7,25.0,25.0,13100
12/01/2017,24.7,25.0,23.8,24.05,24.05,19700
13/01/2017,24.1,25.35,24.1,24.65,24.65,91700
17/01/2017,24.75,24.85,24.2,24.45,24.45,98500
18/01/2017,24.5,24.75,24.35,24.65,24.65,22700
19/01/2017,24.25,24.5,24.25,24.35,24.35,8900
20/01/2017,24.4,24.6,24.4,24.55,24.55,6100
23/01/2017,24.4,24.5,24.15,24.25,24.25,7500
24/01/2017,24.2,24.6,24.1,24.5,24.5,9500
25/01/2017,24.55,24.9,24.3,24.7,24.7,24400
26/01/2017,24.45,24.8,24.45,24.8,24.8,8700
27/01/2017,24.8,25.55,24.8,25.15,25.15,18200
30/01/2017,25.0,25.47,24.55,25.05,25.05,4800
31/01/2017,24.9,25.05,24.6,24.95,24.95,14000
01/02/2017,25.4,25.4,24.5,24.5,24.5,18500
02/02/2017,24.4,24.4,23.7,23.8,23.8,11300
03/02/2017,24.0,25.03,23.75,23.8,23.8,12500
06/02/2017,23.65,23.75,23.15,23.2,23.2,11400
07/02/2017,23.25,23.4,23.05,23.15,23.15,17300
08/02/2017,23.1,23.35,22.95,23.1,23.1,6600
09/02/2017,23.45,23.8,23.45,23.65,23.65,10200
10/02/2017,23.8,24.85,23.6,24.35,24.35,13700
13/02/2017,24.05,24.7,24.0,24.7,24.7,8500
14/02/2017,24.45,24.7,24.3,24.4,24.4,8200
15/02/2017,24.3,24.6,24.3,24.5,24.5,8200
16/02/2017,24.16,24.6,24.15,24.45,24.45,12100
17/02/2017,24.6,24.6,24.4,24.45,24.45,11700
21/02/2017,24.45,24.7,24.2,24.7,24.7,27400
22/02/2017,25.1,25.1,24.25,24.35,24.35,34700
23/02/2017,24.45,24.5,24.05,24.25,24.25,6800
24/02/2017,23.67,24.15,23.6,23.85,23.85,9800
27/02/2017,23.55,24.2,23.55,24.1,24.1,8400
28/02/2017,24.45,24.5,23.9,24.0,24.0,10200
01/03/2017,23.8,24.65,23.8,24.5,24.5,23900
02/03/2017,24.35,24.35,23.8,24.15,24.15,10200
03/03/2017,24.0,24.75,24.0,24.6,24.6,30800
06/03/2017,25.0,25.05,24.15,24.9,24.9,42600
07/03/2017,24.7,25.15,24.6,24.8,24.8,228900
08/03/2017,25.15,25.15,24.15,24.7,24.7,96100
09/03/2017,24.85,25.1,24.65,24.85,24.85,49400
10/03/2017,25.25,26.0,24.7,25.8,25.8,36700
13/03/2017,25.9,26.25,25.3,25.7,25.7,23000
14/03/2017,25.8,26.0,25.35,25.65,25.65,38400
15/03/2017,25.95,26.14,25.4,25.65,25.65,28800
16/03/2017,25.9,26.3,25.15,25.6,25.6,15600
17/03/2017,25.5,25.9,24.9,25.55,25.55,54700
20/03/2017,25.5,25.85,25.4,25.55,25.55,34500
21/03/2017,25.7,25.74,25.15,25.3,25.3,19800
22/03/2017,25.15,25.3,24.0,24.75,24.75,20500
23/03/2017,25.0,25.45,24.95,25.1,25.1,9800
24/03/2017,25.25,25.25,24.9,25.0,25.0,13500
27/03/2017,24.7,25.2,24.35,24.75,24.75,18600
28/03/2017,24.45,25.5,24.45,25.25,25.25,55000
29/03/2017,25.65,25.65,24.9,25.0,25.0,47100
30/03/2017,24.9,25.25,24.8,25.0,25.0,11600
31/03/2017,24.7,26.1,24.7,25.9,25.9,77900
03/04/2017,25.85,26.4,25.35,25.35,25.35,56300
04/04/2017,25.45,25.45,24.7,25.0,25.0,34100
05/04/2017,25.1,25.75,24.65,25.0,25.0,66500
06/04/2017,25.1,25.25,24.75,25.05,25.05,65800
07/04/2017,25.3,25.3,24.8,24.9,24.9,6000
10/04/2017,24.6,25.2,24.55,24.8,24.8,11500
11/04/2017,24.65,25.15,24.65,24.95,24.95,10700
12/04/2017,24.65,24.9,24.35,24.5,24.5,10800
13/04/2017,24.4,25.05,24.05,24.95,24.95,16300
17/04/2017,25.05,25.9,25.05,25.8,25.8,20800
18/04/2017,25.7,25.85,25.3,25.7,25.7,7800
19/04/2017,25.4,25.85,25.3,25.5,25.5,10500
20/04/2017,25.7,26.0,25.35,26.0,26.0,10300
21/04/2017,26.0,26.35,25.8,26.2,26.2,11000
24/04/2017,26.5,26.6,26.1,26.3,26.3,11200
25/04/2017,26.3,26.45,25.85,26.0,26.0,9000
26/04/2017,25.85,26.9,25.85,26.85,26.85,14500
27/04/2017,26.75,26.85,26.4,26.75,26.75,27500
28/04/2017,26.75,26.8,26.54,26.7,26.7,11400
01/05/2017,26.7,27.0,26.55,26.85,26.85,22400
02/05/2017,26.8,26.85,26.35,26.45,26.45,6000
03/05/2017,26.55,28.45,26.4,26.5,26.5,52600
04/05/2017,27.5,27.5,26.6,26.9,26.9,4800
05/05/2017,27.15,27.15,26.4,26.45,26.45,20200
08/05/2017,26.55,27.05,26.25,26.75,26.75,31600
09/05/2017,26.6,26.75,26.25,26.5,26.5,38900
10/05/2017,26.5,26.75,26.5,26.65,26.65,45900
11/05/2017,26.55,26.85,26.4,26.8,26.8,15400
12/05/2017,26.65,26.75,26.5,26.65,26.65,9400
15/05/2017,26.7,26.9,26.57,26.85,26.85,17500
16/05/2017,26.7,26.95,26.65,26.9,26.9,16100
17/05/2017,26.4,26.9,26.4,26.7,26.7,15500
18/05/2017,26.7,26.83,26.6,26.75,26.75,11200
19/05/2017,26.6,27.08,26.6,26.95,26.95,40400
22/05/2017,26.95,27.4,26.9,27.3,27.3,29100
23/05/2017,27.3,27.55,27.25,27.45,27.45,14400
24/05/2017,27.3,27.55,27.3,27.4,27.4,22200
25/05/2017,27.35,27.45,27.3,27.4,27.4,7200
26/05/2017,27.3,27.6,27.3,27.45,27.45,15300
30/05/2017,27.4,27.55,27.4,27.5,27.5,18800
31/05/2017,27.6,27.6,27.3,27.35,27.35,61500
01/06/2017,27.35,27.75,27.3,27.6,27.6,60700
02/06/2017,27.65,28.0,27.6,27.75,27.75,31200
05/06/2017,27.85,27.95,27.6,27.65,27.65,34300
06/06/2017,27.35,27.45,26.75,27.05,27.05,52800
07/06/2017,27.05,27.4,27.05,27.3,27.3,33700
08/06/2017,26.97,27.5,26.97,27.5,27.5,30000
09/06/2017,27.4,27.8,27.25,27.5,27.5,28600
12/06/2017,27.55,28.0,27.5,27.75,27.75,47900
13/06/2017,27.75,27.9,27.4,27.75,27.75,13600
14/06/2017,27.5,27.85,27.5,27.65,27.65,12900
15/06/2017,27.65,27.7,27.35,27.65,27.65,12200
16/06/2017,27.5,27.7,27.2,27.7,27.7,34400
19/06/2017,27.6,27.8,27.33,27.7,27.7,17900
20/06/2017,27.7,27.88,27.25,27.75,27.75,26300
21/06/2017,27.9,28.0,27.75,27.8,27.8,13300
22/06/2017,27.9,28.0,27.7,27.75,27.75,9800
23/06/2017,27.65,27.95,27.65,27.9,27.9,46900
26/06/2017,28.0,28.0,27.5,27.9,27.9,18600
27/06/2017,27.85,28.0,27.5,27.8,27.8,23600
28/06/2017,27.8,28.0,27.8,27.95,27.95,15300
29/06/2017,28.0,28.4,27.75,28.3,28.3,46100
30/06/2017,28.4,28.48,28.05,28.3,28.3,29300
03/07/2017,28.25,28.5,28.2,28.35,28.35,9900
05/07/2017,28.4,28.55,27.75,27.9,27.9,14900
06/07/2017,27.75,27.79,27.5,27.55,27.55,16500
07/07/2017,27.64,28.05,27.6,27.9,27.9,27000
10/07/2017,27.95,28.4,27.65,27.65,27.65,23000
11/07/2017,27.7,28.1,27.45,27.9,27.9,29600
12/07/2017,28.0,28.25,27.75,27.9,27.9,22000
13/07/2017,28.05,28.45,27.4,28.05,28.05,9600
14/07/2017,28.0,28.1,27.75,27.9,27.9,11100
17/07/2017,27.75,28.18,27.7,27.9,27.9,11400
18/07/2017,27.85,28.0,27.55,27.75,27.75,34800
19/07/2017,28.05,28.1,27.65,27.8,27.8,18500
20/07/2017,27.7,27.9,27.6,27.65,27.65,3500
21/07/2017,27.75,27.95,27.25,27.35,27.35,29200
24/07/2017,27.4,27.45,27.0,27.35,27.35,12800
25/07/2017,27.3,27.65,27.25,27.5,27.5,50300
26/07/2017,27.55,28.15,27.55,28.0,28.0,28100
27/07/2017,28.05,28.2,27.95,28.1,28.1,14600
28/07/2017,28.1,28.55,28.1,28.4,28.4,20900
31/07/2017,28.45,29.0,28.4,28.85,28.85,27100
01/08/2017,28.8,29.0,28.75,28.9,28.9,12500
02/08/2017,28.8,28.85,28.5,28.7,28.7,27100
03/08/2017,28.5,28.5,27.9,27.95,27.95,15600
04/08/2017,28.15,28.35,27.65,28.05,28.05,11500
07/08/2017,28.0,28.0,27.45,27.8,27.8,17900
08/08/2017,27.65,28.4,27.65,28.0,28.0,18400
09/08/2017,27.8,28.2,27.5,27.95,27.95,11100
10/08/2017,28.0,28.15,27.8,27.9,27.9,29800
11/08/2017,28.0,28.05,27.65,27.95,27.95,15400
14/08/2017,27.9,28.35,27.75,28.35,28.35,16000
15/08/2017,28.2,28.35,28.1,28.2,28.2,4900
16/08/2017,28.3,28.35,28.1,28.2,28.2,7500
17/08/2017,28.05,28.15,27.55,27.55,27.55,15000
18/08/2017,27.35,28.0,27.35,27.7,27.7,20200
21/08/2017,27.75,27.85,27.65,27.75,27.75,13600
22/08/2017,27.85,27.95,27.7,27.8,27.8,5100
23/08/2017,27.8,27.85,27.45,27.5,27.5,9100
24/08/2017,27.6,27.65,27.3,27.4,27.4,11000
25/08/2017,27.85,27.85,27.2,27.3,27.3,8700
28/08/2017,27.35,27.35,26.75,26.75,26.75,28500
29/08/2017,26.7,27.05,26.7,26.95,26.95,6900
30/08/2017,27.1,27.1,26.85,27.0,27.0,12300
31/08/2017,27.2,27.3,26.55,26.6,26.6,17600
01/09/2017,26.75,26.95,26.25,26.6,26.6,11600
05/09/2017,26.65,26.85,26.05,26.75,26.75,9200
06/09/2017,26.8,27.15,26.65,26.75,26.75,9700
07/09/2017,26.55,26.6,26.0,26.15,26.15,17600
08/09/2017,26.0,26.58,25.88,26.05,26.05,7700
11/09/2017,26.0,26.6,26.0,26.45,26.45,25800
12/09/2017,26.35,26.8,26.35,26.5,26.5,12100
13/09/2017,26.25,27.1,26.25,26.9,26.9,19400
14/09/2017,27.1,27.9,27.0,27.0,27.0,9800
15/09/2017,27.1,27.15,26.5,26.55,26.55,21100
18/09/2017,26.55,26.88,26.55,26.65,26.65,11400
19/09/2017,26.85,27.55,26.85,27.5,27.5,16800
20/09/2017,27.3,28.3,27.3,28.0,28.0,12800
21/09/2017,28.15,28.15,27.88,28.05,28.05,11800
22/09/2017,27.95,28.55,27.9,28.5,28.5,8600
25/09/2017,28.3,28.45,27.9,27.9,27.9,10400
26/09/2017,27.9,28.38,27.9,28.25,28.25,10600
27/09/2017,28.15,29.0,28.05,28.85,28.85,13300
28/09/2017,28.7,28.95,28.35,28.55,28.55,8100
29/09/2017,28.65,28.65,28.0,28.1,28.1,12100
02/10/2017,28.05,28.75,28.05,28.75,28.75,17000
03/10/2017,28.65,29.05,28.5,28.95,28.95,13300
04/10/2017,28.3,28.9,28.0,28.35,28.35,9200
05/10/2017,28.55,28.55,27.91,28.2,28.2,11600
06/10/2017,28.2,28.4,28.15,28.35,28.35,9200
09/10/2017,28.5,28.6,28.15,28.25,28.25,7700
10/10/2017,28.3,28.8,27.8,28.35,28.35,32300
11/10/2017,28.35,28.7,28.0,28.15,28.15,23400
12/10/2017,28.2,28.95,28.1,28.7,28.7,20400
13/10/2017,28.9,30.3,28.9,30.25,30.25,22300
16/10/2017,30.45,30.45,29.98,30.1,30.1,8900
17/10/2017,30.0,30.3,29.55,29.75,29.75,22000
18/10/2017,29.7,30.4,29.55,30.25,30.25,6200
19/10/2017,30.0,30.1,28.5,30.05,30.05,7400
20/10/2017,30.1,30.15,29.9,30.15,30.15,27000
23/10/2017,30.3,30.8,29.9,29.9,29.9,12400
24/10/2017,30.0,30.7,30.0,30.55,30.55,11500
25/10/2017,30.15,31.2,30.05,31.15,31.15,8100
26/10/2017,31.05,31.5,30.95,31.45,31.45,22300
27/10/2017,31.2,31.3,30.7,31.1,31.1,10700
30/10/2017,30.7,30.7,29.68,30.05,30.05,9300
31/10/2017,30.05,31.15,30.05,30.85,30.85,13400
01/11/2017,31.15,31.15,29.5,30.1,30.1,15100
02/11/2017,29.8,29.8,27.3,27.3,27.3,30800
03/11/2017,26.95,27.5,26.75,27.05,27.05,41800
06/11/2017,27.0,27.15,26.25,26.7,26.7,53800
07/11/2017,26.95,27.5,26.75,26.75,26.75,40600
08/11/2017,26.8,27.3,26.65,26.85,26.85,15600
09/11/2017,26.85,27.0,26.05,26.7,26.7,18600
10/11/2017,26.65,26.65,26.15,26.25,26.25,6100
13/11/2017,26.25,26.4,26.05,26.25,26.25,9700
14/11/2017,26.2,26.6,26.05,26.4,26.4,5800
15/11/2017,26.2,26.4,26.0,26.15,26.15,6800
16/11/2017,26.6,26.7,26.15,26.35,26.35,8800
17/11/2017,26.15,26.8,26.05,26.8,26.8,10500
20/11/2017,26.65,27.35,26.25,27.2,27.2,8200
21/11/2017,26.43,27.6,26.43,27.05,27.05,21700
22/11/2017,26.6,27.43,26.45,26.45,26.45,11800
24/11/2017,26.7,26.7,26.3,26.35,26.35,2700
27/11/2017,26.25,26.7,26.25,26.7,26.7,6700
28/11/2017,26.5,27.65,26.5,27.55,27.55,12700
29/11/2017,27.25,28.26,27.25,28.25,28.25,7100
30/11/2017,27.5,28.15,27.3,27.55,27.55,11400
01/12/2017,26.9,27.6,26.65,27.4,27.4,5200
04/12/2017,27.45,29.15,27.35,28.5,28.5,11300
05/12/2017,26.25,28.45,26.25,28.25,28.25,7200
06/12/2017,28.0,28.05,27.2,27.85,27.85,25800
07/12/2017,27.85,28.5,27.85,27.95,27.95,9500
08/12/2017,27.95,27.95,27.26,27.4,27.4,9200
11/12/2017,27.35,27.35,27.0,27.0,27.0,13900
12/12/2017,26.95,28.5,26.93,28.3,28.3,32600
13/12/2017,27.95,28.95,27.95,28.7,28.7,10800
14/12/2017,27.95,28.75,27.23,27.4,27.4,9800
15/12/2017,27.4,27.95,27.2,27.35,27.35,47800
18/12/2017,27.7,28.5,27.7,28.05,28.05,14300
19/12/2017,27.95,28.43,27.5,27.55,27.55,20000
20/12/2017,27.45,27.45,27.15,27.3,27.3,11100
21/12/2017,27.95,27.95,27.1,27.75,27.75,15600
22/12/2017,27.5,27.5,26.7,26.7,26.7,7700
26/12/2017,26.7,27.3,26.02,27.0,27.0,21900
27/12/2017,26.85,27.55,26.85,27.15,27.15,25000
28/12/2017,27.3,27.75,27.3,27.55,27.55,13300
29/12/2017,27.75,28.0,27.75,27.8,27.8,12900
02/01/2018,27.85,28.05,27.0,27.55,27.55,27700
03/01/2018,27.4,28.05,27.4,27.95,27.95,82300
04/01/2018,28.0,29.0,28.0,28.8,28.8,11900
05/01/2018,28.8,29.38,28.6,28.95,28.95,25600
08/01/2018,28.4,28.7,27.55,28.7,28.7,10700
09/01/2018,28.6,29.0,28.05,28.4,28.4,24200
10/01/2018,28.3,28.55,28.0,28.4,28.4,6000
11/01/2018,28.4,28.63,28.18,28.55,28.55,18400
12/01/2018,28.3,29.1,28.3,28.6,28.6,15400
16/01/2018,28.7,29.15,27.4,27.8,27.8,24500
17/01/2018,28.5,28.75,28.2,28.4,28.4,7200
18/01/2018,28.3,28.55,28.0,28.45,28.45,12400
19/01/2018,28.4,28.9,28.4,28.9,28.9,19200
22/01/2018,28.9,29.45,28.5,29.0,29.0,47200
23/01/2018,29.1,29.2,28.8,29.0,29.0,9200
24/01/2018,29.25,29.51,28.85,28.85,28.85,52600
25/01/2018,29.2,29.3,28.55,29.1,29.1,63100
26/01/2018,29.2,29.3,28.83,28.9,28.9,12900
29/01/2018,28.85,29.2,28.5,28.7,28.7,17700
30/01/2018,28.55,29.0,28.55,28.8,28.8,11400
31/01/2018,29.3,29.5,28.85,29.15,29.15,14400
01/02/2018,29.28,29.45,28.7,29.15,29.15,12900
02/02/2018,29.1,29.4,28.55,29.15,29.15,15200
05/02/2018,28.7,29.04,28.35,28.5,28.5,22400
06/02/2018,28.05,28.9,27.25,28.8,28.8,25300
07/02/2018,28.78,29.0,28.55,28.6,28.6,26700
08/02/2018,28.7,29.75,28.15,28.7,28.7,15900
09/02/2018,28.9,28.9,27.75,28.55,28.55,12200
12/02/2018,28.75,28.9,28.05,28.45,28.45,13400
13/02/2018,28.2,28.85,28.05,28.6,28.6,22200
14/02/2018,28.3,28.75,28.05,28.4,28.4,16300
15/02/2018,28.6,29.1,28.2,28.9,28.9,11000
16/02/2018,28.9,29.8,28.9,29.65,29.65,9400
20/02/2018,29.45,29.78,28.95,29.25,29.25,8000
21/02/2018,29.39,29.65,28.9,29.3,29.3,7700
22/02/2018,30.0,30.0,29.0,29.05,29.05,4800
23/02/2018,29.15,29.5,28.65,29.5,29.5,5600
26/02/2018,29.45,29.95,29.05,29.95,29.95,5900
27/02/2018,29.9,29.9,28.1,29.7,29.7,7800
28/02/2018,29.7,29.7,28.45,28.45,28.45,6600
01/03/2018,28.8,29.9,27.6,27.6,27.6,35300
02/03/2018,26.8,28.8,26.05,27.5,27.5,40100
05/03/2018,27.65,28.5,27.55,27.65,27.65,15800
06/03/2018,27.9,28.25,27.0,28.05,28.05,25600
07/03/2018,27.6,29.1,27.6,28.7,28.7,8400
08/03/2018,28.45,28.65,27.55,28.5,28.5,17000
09/03/2018,28.61,29.25,28.61,29.25,29.25,11200
12/03/2018,29.25,30.05,28.9,29.7,29.7,14900
13/03/2018,29.25,30.55,29.15,30.05,30.05,14300
14/03/2018,30.25,30.25,29.0,30.05,30.05,23400
15/03/2018,30.5,31.3,30.5,30.7,30.7,14300
16/03/2018,30.6,30.78,29.85,30.1,30.1,33900
19/03/2018,29.8,30.05,29.2,29.75,29.75,24600
20/03/2018,29.9,30.35,29.8,29.95,29.95,5700
21/03/2018,30.4,30.6,29.65,30.0,30.0,7300
22/03/2018,30.0,30.25,29.65,29.75,29.75,29000
23/03/2018,30.0,30.4,28.95,28.95,28.95,76300
26/03/2018,29.55,30.33,29.35,29.6,29.6,17600
27/03/2018,28.7,29.5,28.7,29.25,29.25,21700
28/03/2018,29.4,29.4,28.7,29.05,29.05,39300
29/03/2018,29.15,30.2,29.06,29.5,29.5,15900
02/04/2018,29.75,30.11,29.0,29.85,29.85,24200
03/04/2018,29.85,31.35,29.55,30.85,30.85,27800
04/04/2018,30.5,31.95,30.3,31.6,31.6,12100
05/04/2018,31.0,32.45,30.9,31.7,31.7,16300
06/04/2018,31.75,31.85,30.65,30.9,30.9,13900
09/04/2018,30.85,31.3,30.55,30.85,30.85,15500
10/04/2018,31.0,32.07,31.0,31.8,31.8,9800
11/04/2018,31.65,31.85,31.4,31.8,31.8,5900
12/04/2018,31.75,32.25,31.7,31.7,31.7,6000
13/04/2018,31.85,32.55,30.9,31.9,31.9,6000
16/04/2018,32.0,32.3,31.65,31.65,31.65,10800
17/04/2018,33.0,33.5,31.75,31.95,31.95,20000
18/04/2018,32.2,32.2,31.7,32.0,32.0,7800
19/04/2018,32.94,32.94,31.35,31.85,31.85,5600
20/04/2018,31.75,32.38,31.75,31.75,31.75,10400
23/04/2018,31.9,32.1,30.6,31.9,31.9,12300
24/04/2018,32.0,32.0,31.25,31.55,31.55,7900
25/04/2018,31.5,32.3,31.3,32.1,32.1,15700
26/04/2018,31.9,32.6,31.4,32.2,32.2,30100
27/04/2018,32.95,32.95,31.65,32.5,32.5,15700
30/04/2018,32.8,33.4,32.6,33.25,33.25,17300
01/05/2018,33.3,34.0,32.42,33.9,33.9,20200
02/05/2018,34.0,34.0,33.2,33.45,33.45,8500
03/05/2018,31.26,33.35,31.26,33.15,33.15,6100
04/05/2018,31.53,33.45,31.53,33.25,33.25,10100
07/05/2018,33.65,33.65,30.2,32.95,32.95,5800
08/05/2018,32.8,33.1,32.35,32.7,32.7,26100
09/05/2018,32.5,32.78,32.1,32.1,32.1,13100
10/05/2018,32.2,32.9,32.0,32.2,32.2,4900
11/05/2018,32.15,32.25,31.85,32.0,32.0,8400
14/05/2018,32.2,32.2,30.85,30.95,30.95,13500
15/05/2018,30.55,30.99,30.55,30.75,30.75,10200
16/05/2018,30.9,31.65,30.9,31.45,31.45,15000
17/05/2018,31.75,32.3,31.2,32.1,32.1,8800
18/05/2018,32.35,32.35,30.93,31.4,31.4,13300
21/05/2018,31.4,31.6,29.99,31.5,31.5,8500
22/05/2018,31.05,31.35,31.0,31.0,31.0,14200
23/05/2018,30.85,31.7,30.85,31.55,31.55,6400
24/05/2018,31.05,31.9,31.05,31.53,31.53,6000
25/05/2018,30.57,31.75,30.55,31.0,31.0,8000
29/05/2018,30.75,31.6,30.1,30.8,30.8,9300
30/05/2018,31.0,31.05,30.4,30.75,30.75,11100
31/05/2018,31.0,31.03,30.45,30.6,30.6,8200
01/06/2018,30.25,31.19,30.25,31.1,31.1,9400
04/06/2018,31.3,31.9,30.75,31.25,31.25,6400
05/06/2018,31.95,31.95,30.4,30.85,30.85,7300
06/06/2018,31.15,31.8,31.15,31.2,31.2,10800
07/06/2018,31.4,32.5,31.1,31.4,31.4,5000
08/06/2018,31.35,31.6,30.65,30.7,30.7,6100
11/06/2018,30.7,31.4,30.7,31.05,31.05,6400
12/06/2018,31.5,31.7,30.85,30.9,30.9,8100
13/06/2018,30.9,31.47,30.35,30.35,30.35,6700
14/06/2018,30.45,30.65,30.09,30.45,30.45,6500
15/06/2018,30.25,31.25,30.25,30.75,30.75,10300
18/06/2018,30.5,31.15,30.4,31.1,31.1,17000
19/06/2018,30.9,31.65,30.8,30.8,30.8,4500
20/06/2018,30.75,31.7,30.6,31.3,31.3,60400
21/06/2018,30.74,32.0,30.6,31.0,31.0,11100
22/06/2018,31.25,31.55,30.05,31.25,31.25,75100
25/06/2018,31.45,31.85,31.13,31.45,31.45,15800
26/06/2018,31.7,32.3,30.2,31.5,31.5,42500
27/06/2018,31.1,31.75,30.8,30.95,30.95,13100
28/06/2018,30.8,31.98,30.72,31.55,31.55,9900
29/06/2018,31.25,31.4,30.65,30.85,30.85,9500
02/07/2018,30.7,31.9,30.58,31.8,31.8,63500
03/07/2018,32.25,32.65,32.2,32.35,32.35,5000
05/07/2018,31.06,32.74,31.06,32.25,32.25,5600
06/07/2018,31.78,32.4,31.78,32.1,32.1,7500
09/07/2018,32.45,32.45,31.85,32.0,32.0,7500
10/07/2018,31.85,33.04,31.85,32.05,32.05,5600
11/07/2018,31.4,32.49,31.4,31.9,31.9,12500
12/07/2018,32.25,32.3,30.73,32.2,32.2,9200
13/07/2018,32.35,32.4,32.15,32.3,32.3,5400
16/07/2018,32.03,32.75,32.03,32.6,32.6,2600
17/07/2018,32.75,32.95,32.4,32.75,32.75,5900
18/07/2018,32.7,32.9,32.15,32.45,32.45,21100
19/07/2018,32.45,33.9,32.45,33.5,33.5,11000
20/07/2018,33.4,33.89,32.85,33.2,33.2,8300
23/07/2018,33.2,33.7,32.87,33.7,33.7,6300
24/07/2018,33.75,33.85,32.9,33.3,33.3,6900
25/07/2018,33.1,34.68,33.1,33.6,33.6,5800
26/07/2018,33.7,33.95,33.45,33.75,33.75,5700
27/07/2018,33.5,33.85,32.75,32.85,32.85,6300
30/07/2018,32.35,32.88,32.1,32.2,32.2,3100
31/07/2018,32.55,32.88,32.45,32.7,32.7,14800
01/08/2018,32.8,33.45,31.9,32.75,32.75,6300
02/08/2018,33.45,35.1,33.05,34.4,34.4,25200
03/08/2018,34.25,35.4,33.65,33.65,33.65,12200
06/08/2018,33.85,33.98,33.6,33.85,33.85,2600
07/08/2018,33.2,37.05,32.92,36.1,36.1,30100
08/08/2018,35.75,35.75,34.57,35.15,35.15,3900
09/08/2018,35.35,36.95,35.05,35.35,35.35,2000
10/08/2018,34.9,34.9,34.9,34.9,34.9,1000
13/08/2018,34.85,36.25,34.85,35.0,35.0,4300
14/08/2018,35.0,36.0,34.85,35.0,35.0,4600
15/08/2018,35.0,35.15,34.55,34.8,34.8,7700
16/08/2018,35.62,35.62,34.05,35.05,35.05,20400
17/08/2018,34.8,35.6,34.65,35.0,35.0,12900
20/08/2018,34.8,35.72,34.8,35.35,35.35,6900
21/08/2018,35.3,36.5,35.25,36.15,36.15,8000
22/08/2018,36.0,36.8,35.25,36.65,36.65,9500
23/08/2018,36.45,36.55,35.7,36.25,36.25,2000
24/08/2018,36.25,36.85,35.9,36.35,36.35,4700
27/08/2018,36.45,36.58,35.6,36.0,36.0,8300
28/08/2018,35.65,36.63,34.55,35.7,35.7,24100
29/08/2018,35.55,36.0,35.55,35.95,35.95,5200
30/08/2018,35.95,37.25,35.2,35.3,35.3,14800
31/08/2018,35.45,36.13,34.5,35.25,35.25,53600
04/09/2018,35.45,36.55,35.4,35.75,35.75,18800
05/09/2018,35.6,35.85,34.9,35.6,35.6,6400
06/09/2018,35.65,35.65,35.3,35.3,35.3,32300
07/09/2018,34.9,35.85,34.9,35.5,35.5,8500
10/09/2018,35.4,36.2,35.08,36.05,36.05,10900
11/09/2018,35.7,36.05,35.25,35.55,35.55,3900
12/09/2018,35.15,35.55,35.15,35.3,35.3,9300
13/09/2018,35.05,36.0,35.05,35.6,35.6,10700
14/09/2018,35.8,36.95,35.4,35.85,35.85,8900
17/09/2018,35.65,36.7,35.35,36.05,36.05,8800
18/09/2018,36.4,36.55,36.1,36.5,36.5,10000
19/09/2018,36.5,36.9,36.5,36.8,36.8,10400
20/09/2018,36.8,36.81,36.0,36.75,36.75,7200
21/09/2018,36.65,36.95,36.0,36.95,36.95,28100
24/09/2018,36.8,36.8,36.0,36.3,36.3,5800
25/09/2018,36.4,36.65,36.0,36.2,36.2,7700
26/09/2018,36.0,36.15,35.25,35.3,35.3,4200
27/09/2018,35.35,36.15,35.25,35.7,35.7,10300
28/09/2018,35.8,36.99,35.4,36.75,36.75,22600
01/10/2018,37.0,37.0,36.11,36.57,36.57,10800
02/10/2018,36.5,38.5,36.5,38.36,38.36,24300
03/10/2018,38.42,39.5,37.62,39.49,39.49,22900
04/10/2018,39.42,39.98,35.65,35.93,35.93,46300
05/10/2018,35.59,36.55,35.55,35.77,35.77,6600
08/10/2018,35.77,35.77,34.66,35.26,35.26,11900
09/10/2018,35.48,35.95,35.24,35.53,35.53,10200
10/10/2018,35.54,35.74,34.6,34.6,34.6,6200
11/10/2018,34.23,35.13,32.5,34.25,34.25,6800
12/10/2018,34.79,34.79,33.25,33.52,33.52,18800
15/10/2018,33.7,34.42,33.04,33.54,33.54,16300
16/10/2018,33.89,34.75,33.62,34.69,34.69,8700
17/10/2018,34.75,35.3,34.12,34.8,34.8,9900
18/10/2018,34.62,35.24,34.62,35.24,35.24,11000
19/10/2018,34.98,34.98,33.7,33.71,33.71,12200
22/10/2018,33.9,33.9,33.11,33.27,33.27,6500
23/10/2018,32.95,33.49,32.5,33.13,33.13,7400
24/10/2018,32.65,33.02,31.0,31.01,31.01,13600
25/10/2018,31.42,34.07,31.01,33.75,33.75,17300
26/10/2018,33.52,33.85,32.7,33.5,33.5,10200
29/10/2018,34.19,34.5,33.1,34.19,34.19,16300
30/10/2018,34.4,35.24,33.85,35.05,35.05,6300
31/10/2018,35.74,36.08,34.29,34.52,34.52,15300
01/11/2018,36.82,36.82,34.94,35.4,35.4,3600
02/11/2018,36.5,36.5,34.11,34.23,34.23,5800
05/11/2018,34.47,34.9,32.82,34.31,34.31,19300
06/11/2018,33.95,34.28,33.36,33.9,33.9,4600
07/11/2018,33.8,34.2,33.42,33.92,33.92,7200
08/11/2018,33.4,34.18,33.4,33.76,33.76,5800
09/11/2018,33.46,34.06,32.73,33.01,33.01,14000
12/11/2018,35.49,36.98,34.82,34.89,34.89,64200
13/11/2018,35.89,36.75,34.75,35.0,35.0,36900
14/11/2018,35.54,36.09,34.61,34.8,34.8,20800
15/11/2018,34.8,37.18,34.8,37.14,37.14,15000
16/11/2018,36.96,38.28,35.44,35.96,35.96,29000
19/11/2018,35.96,36.93,35.65,36.5,36.5,15900
20/11/2018,36.2,37.51,36.0,36.99,36.99,5700
21/11/2018,37.2,37.25,35.79,36.23,36.23,14400
23/11/2018,35.93,36.93,35.93,36.83,36.83,6100
26/11/2018,36.86,36.98,36.15,36.25,36.25,9300
27/11/2018,36.5,36.5,36.1,36.22,36.22,6000
28/11/2018,36.28,36.75,36.23,36.41,36.41,10800
29/11/2018,36.31,38.52,36.03,36.27,36.27,17100
30/11/2018,36.6,37.03,36.0,36.29,36.29,18800
03/12/2018,37.01,38.0,36.25,36.5,36.5,17000
04/12/2018,37.5,37.5,36.06,36.55,36.55,14800
06/12/2018,36.13,37.61,35.6,35.61,35.61,19300
07/12/2018,35.5,35.66,31.98,32.96,32.96,81900
10/12/2018,32.85,33.96,32.22,32.99,32.99,16500
11/12/2018,33.4,33.69,32.0,32.52,32.52,15500
12/12/2018,32.57,33.24,32.25,32.69,32.69,12300
13/12/2018,33.2,33.9,32.27,32.32,32.32,11200
14/12/2018,32.21,35.82,32.2,33.16,33.16,18000
17/12/2018,33.37,33.37,31.11,31.12,31.12,28300
18/12/2018,31.5,32.92,31.26,32.81,32.81,21500
19/12/2018,32.6,32.68,31.1,31.21,31.21,17400
20/12/2018,31.23,31.79,29.56,30.01,30.01,26200
21/12/2018,30.01,30.2,28.51,29.66,29.66,54200
24/12/2018,29.01,29.53,28.25,29.01,29.01,18700
26/12/2018,29.3,30.74,28.86,30.01,30.01,26500
27/12/2018,28.95,31.19,28.5,30.61,30.61,23500
28/12/2018,30.62,31.4,30.06,31.32,31.32,15800
31/12/2018,31.25,33.48,29.73,30.04,30.04,13300
02/01/2019,29.86,31.6,29.86,31.4,31.4,10800
03/01/2019,31.24,31.39,29.75,29.8,29.8,12300
04/01/2019,30.61,31.53,30.15,31.52,31.52,11100
07/01/2019,31.73,31.79,30.18,30.73,30.73,12600
08/01/2019,30.66,31.45,30.45,31.26,31.26,6400
09/01/2019,31.09,33.61,30.2,30.48,30.48,9500
10/01/2019,30.12,31.84,29.77,29.77,29.77,12600
11/01/2019,29.55,30.73,29.1,29.54,29.54,28400
14/01/2019,29.47,30.15,29.04,29.53,29.53,31500
15/01/2019,28.32,30.92,27.8,30.88,30.88,36100
16/01/2019,30.7,31.87,30.7,31.22,31.22,12400
17/01/2019,31.21,31.24,30.31,30.36,30.36,10700
18/01/2019,30.56,31.39,30.34,30.4,30.4,12900
22/01/2019,31.11,32.2,30.41,30.85,30.85,49300
23/01/2019,30.85,33.36,30.85,31.54,31.54,13600
24/01/2019,31.27,32.09,30.57,32.06,32.06,12500
25/01/2019,32.0,33.79,31.45,32.73,32.73,22400
28/01/2019,32.65,32.65,31.01,31.32,31.32,24500
29/01/2019,31.18,32.13,30.85,31.96,31.96,17700
30/01/2019,32.36,32.72,31.57,32.72,32.72,12200
31/01/2019,32.51,33.1,32.05,33.0,33.0,14700
01/02/2019,33.1,33.87,32.6,33.1,33.1,17600
04/02/2019,33.02,33.02,31.1,32.25,32.25,25300
05/02/2019,32.29,33.0,31.36,31.96,31.96,15300
06/02/2019,31.73,32.85,31.65,32.64,32.64,26400
07/02/2019,32.67,33.34,32.0,32.05,32.05,4500
08/02/2019,32.05,34.1,32.04,32.15,32.15,7100
11/02/2019,32.11,32.54,31.9,31.91,31.91,41400
12/02/2019,32.18,32.6,32.04,32.37,32.37,14000
13/02/2019,32.36,33.54,32.25,32.44,32.44,13100
14/02/2019,32.79,32.79,32.25,32.36,32.36,9800
15/02/2019,32.59,33.22,32.44,32.98,32.98,10100
19/02/2019,32.57,33.11,32.48,32.95,32.95,18000
20/02/2019,32.89,33.11,32.75,32.85,32.85,48400
21/02/2019,33.0,34.36,33.0,33.89,33.89,17400
22/02/2019,33.48,33.94,33.48,33.94,33.94,5200
25/02/2019,33.86,34.26,33.24,33.97,33.97,14700
26/02/2019,34.09,34.19,33.85,33.85,33.85,3600
27/02/2019,33.13,33.79,32.36,33.26,33.26,7700
28/02/2019,33.5,33.97,32.07,33.5,33.5,15300
01/03/2019,33.5,34.0,32.89,33.34,33.34,13700
04/03/2019,32.96,33.34,32.26,32.35,32.35,8800
05/03/2019,31.8,33.63,31.8,33.47,33.47,14000
06/03/2019,33.13,33.59,32.82,32.94,32.94,13500
07/03/2019,33.01,33.27,32.89,33.0,33.0,20600
08/03/2019,33.0,33.12,32.57,32.89,32.89,31000
11/03/2019,33.05,33.4,32.5,33.4,33.4,11600
12/03/2019,33.61,34.2,33.2,33.5,33.5,13500
13/03/2019,33.69,34.15,33.25,33.31,33.31,7900
14/03/2019,33.4,34.01,33.38,34.0,34.0,18900
15/03/2019,34.06,34.28,33.7,34.0,34.0,63000
18/03/2019,34.12,34.44,33.98,34.21,34.21,8100
19/03/2019,34.45,35.0,34.4,34.99,34.99,15400
20/03/2019,35.0,35.64,34.56,35.0,35.0,26000
21/03/2019,35.15,35.78,34.92,35.43,35.43,9800
22/03/2019,35.08,35.83,35.0,35.17,35.17,26700
25/03/2019,35.0,36.3,34.25,35.27,35.27,46300
26/03/2019,35.5,36.55,34.91,35.49,35.49,17600
27/03/2019,35.55,36.96,35.26,35.74,35.74,18500
28/03/2019,35.55,36.91,34.75,36.1,36.1,7300
29/03/2019,36.52,37.58,35.04,37.4,37.4,38300
01/04/2019,37.4,38.99,36.1,37.4,37.4,10800
02/04/2019,37.48,37.63,35.6,36.15,36.15,189400
03/04/2019,36.15,37.15,35.13,36.94,36.94,17400
04/04/2019,36.93,37.2,36.0,36.81,36.81,7800
05/04/2019,36.87,36.9,36.12,36.35,36.35,16200
08/04/2019,36.1,36.67,36.1,36.24,36.24,9800
09/04/2019,36.1,36.14,35.71,36.0,36.0,8900
10/04/2019,36.01,36.55,36.0,36.55,36.55,10300
11/04/2019,36.34,36.46,36.0,36.14,36.14,4400
12/04/2019,36.06,36.18,36.0,36.18,36.18,22100
15/04/2019,36.5,36.82,35.9,36.19,36.19,24800
16/04/2019,36.2,37.2,35.58,37.16,37.16,17200
17/04/2019,37.25,37.49,37.0,37.16,37.16,15400
18/04/2019,37.09,37.13,36.14,36.81,36.81,14000
22/04/2019,36.59,36.98,35.94,36.5,36.5,11200
23/04/2019,36.67,36.67,35.75,36.5,36.5,17400
24/04/2019,36.59,36.75,36.15,36.48,36.48,19900
25/04/2019,36.47,36.47,35.78,35.86,35.86,12100
26/04/2019,35.77,36.17,35.0,36.16,36.16,5000
29/04/2019,36.17,36.99,35.85,36.4,36.4,11300
30/04/2019,36.38,36.8,35.48,36.4,36.4,14800
01/05/2019,36.57,36.8,35.78,36.38,36.38,13700
02/05/2019,36.37,36.38,35.07,35.25,35.25,8200
03/05/2019,35.44,36.87,34.14,36.76,36.76,12500
06/05/2019,36.35,36.75,35.91,36.09,36.09,14900
07/05/2019,35.83,37.18,35.18,37.0,37.0,21300
08/05/2019,36.88,37.44,36.51,37.1,37.1,5800
09/05/2019,36.92,37.42,36.47,37.24,37.24,11600
10/05/2019,37.07,37.5,36.95,37.38,37.38,10500
13/05/2019,37.12,38.01,36.6,37.8,37.8,22600
14/05/2019,37.88,38.35,37.47,38.33,38.33,19900
15/05/2019,38.19,38.65,38.0,38.52,38.52,8200
16/05/2019,38.6,38.75,38.26,38.59,38.59,8000
17/05/2019,38.37,38.75,38.25,38.51,38.51,28100
20/05/2019,38.27,38.53,38.0,38.18,38.18,24600
21/05/2019,38.14,38.83,38.08,38.48,38.48,22100
22/05/2019,38.5,38.83,37.82,38.3,38.3,13900
23/05/2019,38.2,38.21,37.62,38.0,38.0,9700
24/05/2019,37.93,37.93,36.27,37.29,37.29,28300
28/05/2019,37.38,37.78,36.55,36.93,36.93,37000
29/05/2019,36.72,36.83,36.22,36.41,36.41,15600
30/05/2019,37.04,37.04,35.77,36.09,36.09,14600
31/05/2019,35.88,37.59,34.05,36.92,36.92,32900
03/06/2019,36.93,37.77,36.55,37.77,37.77,22900
04/06/2019,37.88,38.86,37.12,38.1,38.1,43500
05/06/2019,38.04,38.96,37.81,38.61,38.61,25600
06/06/2019,38.69,39.03,37.41,37.9,37.9,37200
07/06/2019,38.33,39.54,38.33,39.31,39.31,30300
10/06/2019,39.34,40.0,39.34,39.79,39.79,55200
11/06/2019,39.76,40.18,39.23,40.15,40.15,54500
12/06/2019,40.0,41.18,39.69,39.9,39.9,31400
13/06/2019,40.15,40.78,40.1,40.19,40.19,56400
14/06/2019,40.47,40.49,39.53,40.1,40.1,27800
17/06/2019,40.01,40.86,39.31,39.39,39.39,25600
18/06/2019,39.77,40.59,39.31,39.45,39.45,42900
19/06/2019,39.39,40.25,39.22,39.98,39.98,43800
20/06/2019,40.44,41.15,40.13,41.15,41.15,24800
21/06/2019,40.99,42.87,40.45,41.99,41.99,239000
24/06/2019,41.78,41.89,40.95,41.29,41.29,38000
25/06/2019,41.55,42.23,41.17,41.42,41.42,16400
26/06/2019,41.53,41.8,39.34,40.04,40.04,25100
27/06/2019,40.08,41.31,39.26,40.63,40.63,38100
28/06/2019,40.76,42.05,40.38,41.61,41.61,97000
01/07/2019,41.5,41.94,40.91,41.27,41.27,23000
02/07/2019,41.34,41.34,40.56,40.7,40.7,16500
03/07/2019,40.81,41.37,40.7,41.25,41.25,11200
05/07/2019,41.11,41.83,40.82,41.83,41.83,10700
08/07/2019,41.42,41.61,40.54,40.69,40.69,20900
09/07/2019,40.64,41.16,40.12,40.15,40.15,16300
10/07/2019,40.13,40.63,39.88,40.25,40.25,14600
11/07/2019,40.41,40.5,40.12,40.12,40.12,12500
12/07/2019,40.24,40.74,40.11,40.49,40.49,13300
15/07/2019,40.38,40.7,40.2,40.51,40.51,20700
16/07/2019,40.63,41.27,40.53,40.8,40.8,32300
17/07/2019,40.87,42.76,40.5,42.26,42.26,68300
18/07/2019,42.36,42.94,41.49,41.91,41.91,52900
19/07/2019,41.68,42.8,41.68,41.89,41.89,26000
22/07/2019,41.96,42.32,41.49,41.95,41.95,15300
23/07/2019,42.13,42.53,41.37,42.13,42.13,12700
24/07/2019,42.11,42.93,41.72,41.99,41.99,23100
25/07/2019,42.39,42.88,41.75,42.23,42.23,13700
26/07/2019,42.32,43.42,42.04,42.29,42.29,39600
29/07/2019,43.98,43.98,41.51,41.51,41.51,23100
30/07/2019,41.53,43.15,40.74,41.3,41.3,44500
31/07/2019,42.16,43.98,41.71,43.56,43.56,47000
01/08/2019,43.92,46.42,43.76,44.06,44.06,34200
02/08/2019,44.12,44.13,43.26,44.08,44.08,15300
05/08/2019,43.5,43.5,41.31,42.25,42.25,24200
06/08/2019,42.37,45.0,42.37,43.68,43.68,31800
07/08/2019,43.14,44.13,43.0,43.34,43.34,32500
08/08/2019,43.77,43.81,42.32,42.65,42.65,23200
09/08/2019,42.6,43.11,41.64,41.64,41.64,25500
12/08/2019,41.52,43.28,41.15,42.43,42.43,27100
13/08/2019,42.4,42.91,41.33,42.29,42.29,26400
14/08/2019,41.81,41.81,39.95,41.24,41.24,40200
15/08/2019,41.65,41.87,41.04,41.04,41.04,19700
16/08/2019,41.29,41.38,40.48,41.12,41.12,26100
19/08/2019,41.42,42.17,41.33,41.67,41.67,14000
20/08/2019,41.57,41.57,40.64,40.99,40.99,13500
21/08/2019,41.14,41.14,40.48,40.68,40.68,22300
22/08/2019,40.59,41.15,40.59,40.77,40.77,20400
23/08/2019,40.8,41.52,40.0,40.44,40.44,24400
26/08/2019,40.7,41.97,40.21,41.7,41.7,22000
27/08/2019,42.1,42.1,40.95,41.09,41.09,14200
28/08/2019,41.24,41.57,40.0,40.4,40.4,28400
29/08/2019,40.88,40.88,39.08,40.45,40.45,34000
30/08/2019,40.59,42.08,40.25,41.78,41.78,19600
03/09/2019,41.78,42.04,40.53,40.71,40.71,17200
04/09/2019,41.07,42.1,40.25,40.51,40.51,10500
05/09/2019,41.13,41.6,40.59,41.31,41.31,14200
06/09/2019,41.15,41.25,39.67,40.01,40.01,8400
09/09/2019,40.14,40.81,39.2,39.8,39.8,19800
10/09/2019,40.37,40.72,39.4,39.6,39.6,13100
11/09/2019,39.71,40.86,39.42,40.44,40.44,16000
12/09/2019,40.61,41.54,40.13,41.3,41.3,14300
13/09/2019,41.32,41.32,39.94,40.65,40.65,23500
16/09/2019,40.58,41.02,40.22,40.55,40.55,14000
17/09/2019,40.45,42.19,40.31,41.9,41.9,21400
18/09/2019,41.85,41.85,40.21,40.24,40.24,19700
19/09/2019,40.53,40.76,39.22,39.39,39.39,12500
20/09/2019,39.46,40.0,39.34,39.5,39.5,30100
23/09/2019,39.14,39.77,38.85,39.12,39.12,43300
24/09/2019,39.18,39.25,38.5,38.52,38.52,45600
25/09/2019,38.5,39.52,38.5,39.2,39.2,20900
26/09/2019,39.16,39.88,38.0,39.41,39.41,17000
27/09/2019,39.53,40.2,39.02,39.07,39.07,10700
30/09/2019,39.64,39.64,38.34,38.6,38.6,23300
01/10/2019,38.41,39.09,38.23,38.76,38.76,19600
02/10/2019,38.43,40.05,38.22,39.44,39.44,21100
03/10/2019,39.34,40.15,38.78,39.44,39.44,32400
04/10/2019,39.13,41.54,39.13,41.29,41.29,23600
07/10/2019,41.0,41.41,39.72,39.94,39.94,21000
08/10/2019,39.89,40.15,39.1,39.53,39.53,13500
09/10/2019,39.75,40.2,39.46,39.54,39.54,13800
10/10/2019,39.64,39.7,39.0,39.16,39.16,8500
11/10/2019,39.0,40.48,38.95,40.08,40.08,15100
14/10/2019,39.91,40.41,39.43,40.05,40.05,12000
15/10/2019,39.95,40.64,39.95,40.64,40.64,6200
16/10/2019,40.4,40.52,38.76,39.09,39.09,12600
17/10/2019,39.38,40.75,39.38,40.7,40.7,14300
18/10/2019,40.52,40.96,40.15,40.29,40.29,9700
21/10/2019,40.24,40.88,40.18,40.79,40.79,12200
22/10/2019,40.64,40.73,40.04,40.36,40.36,7800
23/10/2019,40.29,40.5,39.76,40.33,40.33,14800
24/10/2019,39.71,40.5,39.71,39.99,39.99,13900
25/10/2019,39.81,40.24,38.81,39.5,39.5,31700
28/10/2019,39.72,40.99,39.51,40.94,40.94,8700
29/10/2019,40.7,40.93,39.93,40.55,40.55,7400
30/10/2019,40.65,42.24,40.49,42.24,42.24,10400
31/10/2019,41.98,41.98,40.72,41.61,41.61,13700
01/11/2019,41.56,41.76,41.17,41.76,41.76,15200
04/11/2019,42.03,42.03,41.0,41.87,41.87,20800
05/11/2019,41.95,46.39,41.18,42.78,42.78,81100
06/11/2019,42.58,43.0,41.14,41.78,41.78,38200
07/11/2019,41.73,43.88,41.73,43.4,43.4,19700
08/11/2019,43.5,45.43,42.23,42.4,42.4,16800
11/11/2019,42.4,44.73,40.49,43.48,43.48,12400
12/11/2019,43.47,44.09,43.0,43.86,43.86,16200
13/11/2019,43.71,43.86,43.17,43.29,43.29,22400
14/11/2019,43.17,43.17,42.32,42.53,42.53,24100
15/11/2019,42.81,42.99,42.28,42.55,42.55,20200
18/11/2019,42.48,43.2,42.42,42.6,42.6,20500
19/11/2019,42.7,43.27,42.6,43.15,43.15,13300
20/11/2019,43.06,45.73,43.06,44.85,44.85,77700
21/11/2019,45.02,45.57,43.57,45.0,45.0,31000
22/11/2019,45.14,45.47,44.32,44.76,44.76,59700
25/11/2019,45.33,46.38,45.06,46.13,46.13,49800
26/11/2019,46.43,47.15,46.19,46.65,46.65,96500
27/11/2019,46.89,47.46,46.65,47.34,47.34,19300
29/11/2019,47.36,47.36,46.31,46.35,46.35,8700
02/12/2019,46.4,46.4,44.82,45.93,45.93,77900
03/12/2019,45.78,46.2,45.12,45.65,45.65,24500
04/12/2019,45.75,45.98,45.2,45.24,45.24,27400
05/12/2019,45.36,45.36,44.16,45.08,45.08,41100
06/12/2019,44.9,46.84,44.73,45.07,45.07,43600
09/12/2019,45.2,46.65,45.2,46.49,46.49,24300
10/12/2019,46.49,46.84,45.48,45.64,45.64,24900
11/12/2019,45.95,46.73,45.73,46.18,46.18,30200
12/12/2019,46.21,47.05,46.05,46.68,46.68,21300
13/12/2019,46.69,46.98,46.04,46.86,46.86,12500
16/12/2019,47.15,47.15,46.29,46.81,46.81,32800
17/12/2019,46.86,47.0,46.32,46.82,46.82,19700
18/12/2019,46.86,47.22,46.48,46.88,46.88,38900
19/12/2019,46.9,49.51,46.72,48.86,48.86,121200
20/12/2019,49.13,49.91,48.01,49.3,49.3,103600
23/12/2019,49.36,50.0,48.74,49.79,49.79,35000
24/12/2019,49.99,49.99,49.02,49.27,49.27,7200
26/12/2019,49.38,49.9,49.26,49.26,49.26,25900
27/12/2019,49.49,49.73,48.58,48.73,48.73,16600
30/12/2019,48.96,49.33,48.26,48.86,48.86,50800
31/12/2019,48.61,49.61,48.4,49.61,49.61,24800
02/01/2020,49.45,49.89,48.12,48.14,48.14,35400
03/01/2020,48.15,48.79,47.25,47.75,47.75,20600
06/01/2020,47.4,47.81,46.89,47.33,47.33,26200
07/01/2020,47.2,47.74,47.0,47.33,47.33,18500
08/01/2020,47.36,49.67,46.09,48.35,48.35,43000
09/01/2020,48.62,48.9,47.57,47.9,47.9,30400
10/01/2020,47.75,48.3,46.93,47.4,47.4,35600
13/01/2020,47.54,49.14,47.01,47.63,47.63,42700
14/01/2020,47.81,48.61,47.5,47.7,47.7,72000
15/01/2020,47.8,48.66,47.47,48.0,48.0,43200
16/01/2020,48.28,48.42,47.6,47.79,47.79,53300
17/01/2020,47.99,48.43,47.0,47.11,47.11,45100
21/01/2020,46.88,47.12,46.25,46.51,46.51,41300
22/01/2020,46.25,47.25,46.25,47.07,47.07,102000
23/01/2020,47.05,47.8,46.74,47.2,47.2,32800
24/01/2020,47.0,47.35,46.58,46.8,46.8,24200
27/01/2020,46.15,47.26,46.14,46.6,46.6,36000
28/01/2020,46.93,47.12,46.0,47.01,47.01,25400
29/01/2020,47.01,47.45,46.8,47.15,47.15,32600
30/01/2020,47.0,47.15,46.35,46.95,46.95,23600
31/01/2020,46.99,46.99,46.1,46.63,46.63,32900
03/02/2020,46.64,47.65,46.23,47.49,47.49,37100
04/02/2020,47.8,48.45,47.01,47.67,47.67,85400
05/02/2020,48.06,49.81,48.06,49.63,49.63,41600
06/02/2020,49.63,49.92,48.78,49.92,49.92,33400
07/02/2020,49.64,49.98,48.42,48.66,48.66,50400
10/02/2020,48.66,50.49,48.37,50.33,50.33,39800
11/02/2020,50.5,51.14,49.25,49.69,49.69,20800
12/02/2020,49.83,50.78,48.94,50.16,50.16,18400
13/02/2020,50.09,50.72,49.17,50.17,50.17,13300
14/02/2020,50.38,50.69,49.42,49.87,49.87,25200
18/02/2020,49.84,50.52,49.58,50.44,50.44,16100
19/02/2020,50.45,51.5,50.45,51.45,51.45,29900
20/02/2020,51.45,51.99,51.45,51.72,51.72,25400
21/02/2020,51.58,52.19,49.79,51.18,51.18,22300
24/02/2020,50.41,50.83,49.52,49.81,49.81,34800
25/02/2020,50.0,50.49,47.59,48.97,48.97,50300
26/02/2020,49.0,49.99,47.87,48.16,48.16,32600
27/02/2020,47.31,50.66,47.11,49.5,49.5,57100
28/02/2020,48.34,51.89,47.28,49.33,49.33,86900
02/03/2020,48.89,50.23,48.08,49.99,49.99,73300
03/03/2020,49.99,52.29,48.05,49.51,49.51,30300
04/03/2020,50.45,52.05,49.67,51.7,51.7,49800
05/03/2020,52.0,52.59,51.0,51.01,51.01,28800
06/03/2020,50.01,51.05,49.29,50.9,50.9,30900
09/03/2020,49.63,50.13,47.02,47.41,47.41,46900
10/03/2020,48.78,48.78,44.4,46.48,46.48,87500
11/03/2020,45.67,46.22,43.0,43.86,43.86,45000
12/03/2020,41.88,45.0,40.0,40.23,40.23,58600
13/03/2020,40.55,42.27,38.84,39.9,39.9,75300
16/03/2020,37.23,39.0,34.56,35.55,35.55,75300
17/03/2020,35.15,37.86,35.15,37.47,37.47,53900
18/03/2020,36.88,36.95,30.96,31.23,31.23,48900
19/03/2020,30.8,36.59,30.8,35.8,35.8,106100
20/03/2020,35.53,36.68,33.6,35.02,35.02,47500
23/03/2020,34.84,36.44,33.03,34.53,34.53,31100
24/03/2020,35.92,38.44,35.0,38.44,38.44,39000
25/03/2020,38.98,39.25,37.32,38.16,38.16,53800
26/03/2020,38.0,39.36,36.77,39.33,39.33,60600
27/03/2020,38.2,39.85,36.95,37.61,37.61,34900
30/03/2020,37.45,37.78,35.83,36.88,36.88,47000
31/03/2020,36.8,38.5,35.84,38.09,38.09,73400
01/04/2020,37.0,37.9,35.04,35.06,35.06,71600
02/04/2020,35.01,38.33,34.06,35.98,35.98,44700
03/04/2020,36.0,36.0,34.06,35.36,35.36,31000
06/04/2020,36.56,38.31,35.9,38.22,38.22,37000
07/04/2020,39.4,39.84,37.28,39.0,39.0,58400
08/04/2020,39.61,41.2,39.26,40.32,40.32,34200
09/04/2020,41.24,41.75,39.4,40.69,40.69,32400
13/04/2020,40.23,42.11,39.4,40.72,40.72,43000
14/04/2020,41.48,42.49,39.25,41.96,41.96,48100
15/04/2020,40.38,41.7,39.86,41.67,41.67,40600
16/04/2020,41.95,42.21,39.28,40.65,40.65,39400
17/04/2020,41.66,43.03,40.54,41.1,41.1,43500
20/04/2020,40.99,42.68,40.22,42.0,42.0,40500
21/04/2020,41.05,42.1,40.76,41.2,41.2,25100
22/04/2020,41.78,41.78,40.47,41.0,41.0,23500
23/04/2020,40.82,41.83,40.19,40.59,40.59,27500
24/04/2020,40.76,44.0,40.4,43.52,43.52,31500
27/04/2020,43.92,44.3,40.48,41.53,41.53,67400
28/04/2020,42.43,43.74,40.59,42.51,42.51,31500
29/04/2020,43.56,45.0,41.96,44.56,44.56,45000
30/04/2020,43.71,43.78,42.75,43.0,43.0,20800
01/05/2020,42.75,43.0,40.48,42.38,42.38,30600
04/05/2020,42.3,42.89,40.51,41.88,41.88,31300
05/05/2020,42.28,44.04,41.4,42.9,42.9,26400
06/05/2020,42.83,43.59,41.15,42.41,42.41,51800
07/05/2020,43.3,43.84,41.95,43.61,43.61,31400
08/05/2020,44.14,45.42,42.24,44.87,44.87,44300
11/05/2020,44.7,45.84,43.62,45.04,45.04,28300
12/05/2020,45.31,45.45,43.18,43.42,43.42,38300
13/05/2020,43.07,44.33,41.66,43.26,43.26,68100
14/05/2020,42.37,43.36,41.58,42.55,42.55,32100
15/05/2020,42.43,43.4,40.13,41.21,41.21,31100
18/05/2020,42.17,43.84,41.17,43.84,43.84,35900
19/05/2020,43.79,43.95,41.56,41.56,41.56,42000
20/05/2020,42.47,43.05,41.58,42.29,42.29,26300
21/05/2020,42.1,43.38,42.0,42.78,42.78,18400
22/05/2020,43.1,43.7,42.69,43.67,43.67,12000
26/05/2020,44.44,44.44,43.02,43.94,43.94,23500
27/05/2020,44.54,44.95,42.73,44.65,44.65,34400
28/05/2020,44.99,45.85,44.59,44.59,44.59,56500
29/05/2020,44.6,45.64,42.48,45.21,45.21,55600
01/06/2020,45.04,46.08,45.04,45.13,45.13,26600
02/06/2020,45.55,46.15,44.24,44.24,44.24,15500
03/06/2020,44.65,46.13,44.02,45.6,45.6,30200
04/06/2020,45.0,46.77,45.0,46.07,46.07,28300
05/06/2020,47.05,47.76,45.95,46.95,46.95,24000
08/06/2020,47.77,47.77,46.33,46.75,46.75,21300
09/06/2020,46.29,46.37,44.13,45.78,45.78,28900
10/06/2020,45.54,46.07,43.78,43.95,43.95,19800
11/06/2020,43.18,43.95,41.97,42.54,42.54,42600
12/06/2020,43.84,43.84,42.15,43.53,43.53,33300
15/06/2020,42.32,44.33,41.84,44.08,44.08,27200
16/06/2020,45.33,45.33,42.52,43.63,43.63,38600
17/06/2020,43.9,43.9,43.41,43.77,43.77,14300
18/06/2020,43.74,43.86,43.33,43.75,43.75,21100
19/06/2020,43.88,43.91,43.35,43.91,43.91,32700
22/06/2020,43.52,44.02,42.42,43.5,43.5,46400
23/06/2020,43.69,43.91,43.2,43.2,43.2,18100
24/06/2020,42.84,44.0,42.61,44.0,44.0,36900
25/06/2020,43.51,44.79,43.01,44.54,44.54,33300
26/06/2020,44.17,44.74,43.75,44.0,44.0,89700
29/06/2020,44.41,45.2,43.95,44.28,44.28,41400
30/06/2020,43.99,44.66,43.78,44.06,44.06,51800
01/07/2020,44.33,44.33,43.79,44.2,44.2,22500
02/07/2020,44.73,44.73,43.85,44.05,44.05,19200
06/07/2020,44.45,45.29,43.47,44.36,44.36,54900
07/07/2020,44.23,44.69,43.7,43.89,43.89,24800
08/07/2020,43.66,44.06,43.28,43.88,43.88,32100
09/07/2020,43.88,44.17,42.19,43.53,43.53,47700
10/07/2020,43.44,44.36,43.32,44.36,44.36,20700
13/07/2020,44.6,46.35,44.33,45.15,45.15,37400
14/07/2020,45.33,46.9,45.33,46.43,46.43,27200
15/07/2020,47.45,48.74,47.06,48.03,48.03,84700
16/07/2020,48.09,48.77,47.5,47.66,47.66,30800
17/07/2020,47.58,48.4,47.41,47.7,47.7,35300
20/07/2020,47.41,48.0,46.92,47.29,47.29,15100
21/07/2020,47.67,48.47,46.15,47.65,47.65,24800
22/07/2020,47.29,47.69,46.7,47.34,47.34,27700
23/07/2020,47.36,48.15,47.36,47.8,47.8,24700
24/07/2020,46.96,47.79,46.92,47.49,47.49,19900
27/07/2020,47.47,48.24,47.34,48.02,48.02,29500
28/07/2020,47.78,47.78,46.19,46.51,46.51,14600
29/07/2020,46.44,46.55,46.02,46.28,46.28,19100
30/07/2020,45.67,45.67,44.79,45.04,45.04,16900
31/07/2020,44.69,44.81,42.6,43.14,43.14,42800
03/08/2020,43.32,43.75,42.84,43.63,43.63,42200
04/08/2020,43.15,43.75,42.72,43.52,43.52,41700
05/08/2020,43.1,45.98,42.87,45.22,45.22,67200
06/08/2020,45.22,45.22,43.5,43.89,43.89,11900
07/08/2020,43.51,44.93,43.51,44.73,44.73,15600
10/08/2020,44.43,44.59,43.53,43.87,43.87,18000
11/08/2020,44.0,44.24,43.24,43.36,43.36,32300
12/08/2020,43.91,44.02,43.36,43.71,43.71,17400
13/08/2020,43.48,44.05,43.28,43.84,43.84,43200
14/08/2020,43.57,43.89,42.83,43.68,43.68,15700
17/08/2020,43.5,43.69,42.91,43.29,43.29,22900
18/08/2020,43.4,43.4,42.62,43.3,43.3,25600
19/08/2020,43.28,43.64,42.86,43.14,43.14,20100
20/08/2020,42.74,43.15,42.7,43.01,43.01,22400
21/08/2020,42.79,43.11,42.22,42.93,42.93,50600
24/08/2020,43.01,43.32,42.65,42.9,42.9,14100
25/08/2020,43.04,43.31,42.22,43.19,43.19,10700
26/08/2020,43.01,43.31,42.65,42.87,42.87,20900
27/08/2020,43.13,43.13,42.4,42.45,42.45,15400
28/08/2020,42.52,42.53,41.14,42.11,42.11,27900
31/08/2020,42.5,42.5,40.91,41.21,41.21,27800
01/09/2020,41.02,41.36,40.58,40.89,40.89,7200
02/09/2020,41.01,41.45,40.73,41.25,41.25,15500
03/09/2020,41.22,41.9,40.53,40.82,40.82,20700
04/09/2020,41.27,41.29,40.4,41.02,41.02,20800
08/09/2020,39.55,41.62,39.01,41.24,41.24,64500
09/09/2020,41.29,41.43,40.28,40.62,40.62,24200
10/09/2020,40.9,41.19,40.63,40.8,40.8,28200
11/09/2020,41.02,41.02,39.01,39.85,39.85,22800
14/09/2020,39.82,40.2,39.82,40.04,40.04,15400
15/09/2020,40.16,40.77,40.06,40.46,40.46,14800
16/09/2020,40.71,41.2,40.56,40.84,40.84,23800
17/09/2020,40.4,41.27,39.89,41.27,41.27,14000
18/09/2020,41.61,41.94,40.95,41.82,41.82,49300
21/09/2020,41.23,41.23,38.28,38.94,38.94,25800
22/09/2020,39.51,39.51,37.62,37.83,37.83,19100
23/09/2020,38.77,38.77,37.39,37.39,37.39,25600
24/09/2020,37.68,38.81,37.6,38.52,38.52,52100
25/09/2020,38.4,39.91,37.4,39.72,39.72,14800
28/09/2020,39.88,40.83,38.8,40.27,40.27,17200
29/09/2020,40.72,41.98,40.32,41.3,41.3,24200
30/09/2020,41.8,42.52,41.41,41.42,41.42,27400
01/10/2020,41.04,41.52,39.02,40.56,40.56,19200
02/10/2020,39.73,40.5,39.0,40.16,40.16,14300
05/10/2020,40.41,40.96,39.95,40.09,40.09,7400
06/10/2020,40.49,41.67,39.56,40.24,40.24,15100
07/10/2020,40.33,41.16,39.81,41.08,41.08,12700
08/10/2020,41.0,41.49,40.54,41.03,41.03,7000
09/10/2020,41.47,42.73,41.07,42.73,42.73,44700
12/10/2020,42.57,43.0,41.06,41.24,41.24,13700
13/10/2020,40.79,41.73,40.39,41.51,41.51,8200
14/10/2020,40.76,41.19,39.48,39.48,39.48,18600
15/10/2020,39.0,39.83,39.0,39.69,39.69,7700
16/10/2020,39.31,40.64,39.04,40.14,40.14,15300
19/10/2020,40.13,40.43,39.25,39.51,39.51,30700
20/10/2020,39.99,39.99,39.03,39.4,39.4,42900
21/10/2020,39.81,40.17,39.81,40.0,40.0,7700
22/10/2020,39.46,40.66,39.12,39.12,39.12,10900
23/10/2020,39.6,39.67,39.17,39.52,39.52,13100
26/10/2020,39.75,39.75,38.71,38.74,38.74,6200
27/10/2020,39.27,39.69,38.67,39.04,39.04,32300
28/10/2020,38.57,38.82,37.15,37.4,37.4,14300
29/10/2020,37.18,38.28,37.11,37.76,37.76,17800
30/10/2020,38.38,38.38,37.05,37.06,37.06,13500
02/11/2020,37.47,37.72,36.69,37.0,37.0,10000
03/11/2020,37.05,41.15,37.05,40.98,40.98,28800
04/11/2020,39.69,41.87,39.44,41.87,41.87,19100
05/11/2020,41.61,43.56,41.38,43.12,43.12,30900
06/11/2020,43.32,44.36,42.77,44.0,44.0,42800
09/11/2020,45.03,48.12,44.33,47.58,47.58,64600
10/11/2020,48.19,48.96,47.51,48.25,48.25,36400
11/11/2020,47.7,47.93,47.32,47.63,47.63,12600
12/11/2020,47.26,47.38,42.94,44.61,44.61,21100
13/11/2020,45.99,45.99,44.49,44.7,44.7,17900
16/11/2020,44.92,45.74,44.74,45.05,45.05,20600
17/11/2020,45.12,45.4,44.33,44.96,44.96,19500
18/11/2020,44.9,45.6,43.87,45.25,45.25,30300
19/11/2020,44.95,45.04,43.11,43.8,43.8,26600
20/11/2020,43.8,44.38,43.43,44.01,44.01,22500
23/11/2020,44.01,44.73,43.72,44.53,44.53,28300
24/11/2020,44.4,46.69,44.27,46.01,46.01,37600
25/11/2020,45.54,46.34,43.51,46.05,46.05,12900
27/11/2020,45.73,46.24,45.38,46.0,46.0,5200
30/11/2020,45.4,46.1,44.04,44.07,44.07,24800
01/12/2020,44.88,45.97,44.48,45.5,45.5,18400
02/12/2020,45.16,46.42,44.3,46.32,46.32,18000
03/12/2020,46.08,46.51,45.6,46.25,46.25,11300
04/12/2020,46.88,47.95,46.77,47.95,47.95,16900
07/12/2020,47.54,47.93,46.68,47.51,47.51,12700
08/12/2020,47.5,48.96,47.27,48.49,48.49,30000
09/12/2020,48.49,48.49,47.74,48.05,48.05,24800
10/12/2020,48.4,48.45,47.25,48.13,48.13,10800
11/12/2020,48.15,48.15,46.75,46.86,46.86,14400
14/12/2020,46.77,47.48,46.6,46.64,46.64,21900
15/12/2020,47.15,48.47,46.21,48.08,48.08,22100
16/12/2020,48.3,48.3,46.3,46.32,46.32,19200
17/12/2020,46.5,46.86,46.08,46.27,46.27,29200
18/12/2020,46.71,47.0,44.97,44.97,44.97,49800
21/12/2020,43.9,45.8,43.14,45.6,45.6,86400
22/12/2020,45.0,46.11,44.45,44.46,44.46,23100
23/12/2020,45.08,46.55,44.78,46.03,46.03,52000
24/12/2020,45.73,46.8,45.71,46.2,46.2,3400
28/12/2020,46.21,46.87,45.45,46.61,46.61,20300
29/12/2020,46.82,46.82,45.5,45.76,45.76,13400
30/12/2020,45.9,47.0,45.4,45.8,45.8,15400
31/12/2020,45.8,46.92,45.8,46.6,46.6,12900
04/01/2021,46.94,46.94,45.5,45.58,45.58,17200
05/01/2021,45.96,46.88,45.92,46.12,46.12,20800
06/01/2021,46.91,53.31,46.91,50.91,50.91,37700
07/01/2021,51.04,53.68,49.67,53.23,53.23,20700
08/01/2021,53.0,53.01,48.77,48.81,48.81,11600
11/01/2021,48.19,50.7,48.0,50.25,50.25,16200
12/01/2021,50.47,51.41,50.4,50.5,50.5,64700
13/01/2021,51.0,51.0,48.3,48.77,48.77,17900
14/01/2021,48.83,49.14,46.05,47.16,47.16,28300
15/01/2021,46.61,48.77,46.1,47.7,47.7,14200
19/01/2021,48.31,48.55,46.58,47.38,47.38,32800
20/01/2021,47.45,47.45,46.51,46.9,46.9,32100
21/01/2021,47.15,47.15,46.23,46.23,46.23,22400
22/01/2021,46.23,46.3,45.53,46.24,46.24,27100
25/01/2021,45.91,47.37,45.6,47.12,47.12,28300
26/01/2021,47.28,47.28,45.7,45.78,45.78,15800
27/01/2021,45.0,45.59,44.02,45.05,45.05,32500
28/01/2021,45.63,47.27,44.56,46.22,46.22,34100
29/01/2021,45.94,46.41,45.01,46.01,46.01,29400
01/02/2021,46.86,47.2,45.66,46.77,46.77,14100
02/02/2021,46.9,47.01,46.63,46.74,46.74,8400
03/02/2021,46.51,46.95,45.6,46.65,46.65,16200
04/02/2021,46.65,47.35,46.21,47.33,47.33,8200
05/02/2021,47.1,47.41,46.66,46.91,46.91,11600
08/02/2021,46.76,48.05,46.73,47.97,47.97,16900
09/02/2021,47.04,47.64,46.47,46.48,46.48,50100
10/02/2021,46.99,47.55,45.95,46.87,46.87,13000
11/02/2021,47.11,48.21,46.89,47.8,47.8,17100
12/02/2021,47.9,47.9,46.5,47.34,47.34,16800
16/02/2021,47.47,48.44,47.41,48.0,48.0,14900
17/02/2021,47.68,48.61,47.66,48.5,48.5,10500
18/02/2021,48.21,49.3,48.21,48.7,48.7,11200
19/02/2021,48.74,49.56,47.62,48.61,48.61,15600
22/02/2021,49.06,49.99,48.95,49.14,49.14,9900
23/02/2021,49.04,49.88,48.1,49.38,49.38,22400
24/02/2021,48.82,51.8,48.82,50.87,50.87,36900
25/02/2021,50.87,53.48,50.39,50.39,50.39,45100
26/02/2021,50.74,51.07,49.15,49.52,49.52,31100
01/03/2021,49.75,52.97,49.75,52.47,52.47,21900
02/03/2021,52.4,53.43,52.29,52.75,52.75,63400
03/03/2021,52.55,53.35,51.85,52.94,52.94,21900
04/03/2021,53.44,54.95,52.82,53.69,53.69,21300
05/03/2021,54.23,55.52,53.0,53.7,53.7,50000
08/03/2021,54.31,55.1,49.96,50.21,50.21,51600
09/03/2021,50.51,52.38,47.53,48.82,48.82,62100
10/03/2021,49.68,50.02,47.7,48.61,48.61,50300
11/03/2021,49.01,50.14,48.54,50.14,50.14,31600
12/03/2021,49.99,50.65,49.41,50.54,50.54,16300
15/03/2021,50.04,53.45,49.4,50.71,50.71,15600
16/03/2021,50.17,50.56,49.12,49.89,49.89,13000
17/03/2021,49.89,51.13,49.01,50.06,50.06,19300
18/03/2021,50.0,50.42,49.21,49.75,49.75,21900
19/03/2021,49.98,50.7,48.28,48.33,48.33,58600
22/03/2021,48.31,48.31,46.94,47.74,47.74,10600
23/03/2021,47.28,48.13,47.28,47.64,47.64,19300
24/03/2021,48.95,51.14,47.06,49.65,49.65,72400
25/03/2021,47.77,51.86,47.77,50.14,50.14,57000
26/03/2021,50.02,51.5,49.25,51.1,51.1,118400
29/03/2021,50.72,51.48,49.63,50.05,50.05,34600
30/03/2021,49.61,50.97,49.52,49.8,49.8,19600
31/03/2021,49.75,51.04,49.3,49.82,49.82,52800
01/04/2021,50.23,53.0,50.08,52.58,52.58,42800
05/04/2021,52.5,52.5,50.68,51.26,51.26,93000
06/04/2021,51.23,52.19,50.1,50.83,50.83,69300
07/04/2021,50.9,51.45,49.02,49.72,49.72,23400
08/04/2021,49.75,50.88,49.17,50.06,50.06,26200
09/04/2021,50.11,50.63,49.65,49.73,49.73,37000
12/04/2021,49.98,50.0,49.49,49.94,49.94,15300
13/04/2021,50.0,50.49,49.17,49.28,49.28,25800
14/04/2021,49.22,50.0,49.22,50.0,50.0,14000
15/04/2021,49.5,50.4,49.5,49.99,49.99,50300
16/04/2021,50.52,51.32,49.66,50.89,50.89,29300
19/04/2021,50.82,51.09,49.85,49.91,49.91,16200
20/04/2021,50.51,50.51,49.21,49.87,49.87,23400
21/04/2021,50.31,50.5,49.86,50.08,50.08,17700
22/04/2021,50.07,51.63,49.79,51.06,51.06,37100
23/04/2021,50.92,51.94,50.13,50.36,50.36,38400
26/04/2021,50.36,50.86,49.61,49.93,49.93,12200
27/04/2021,50.05,50.35,49.61,50.17,50.17,15700
28/04/2021,49.41,50.29,49.41,50.23,50.23,50200
29/04/2021,50.14,50.72,49.76,50.35,50.35,34400
30/04/2021,49.9,50.38,49.79,50.06,50.06,24400
03/05/2021,50.38,50.88,49.79,50.1,50.1,20200
04/05/2021,50.09,50.44,49.35,50.06,50.06,25700
05/05/2021,49.35,54.36,49.35,54.18,54.18,28400
06/05/2021,53.93,54.22,52.97,53.98,53.98,13800
07/05/2021,53.15,54.68,50.03,54.51,54.51,13600
10/05/2021,54.6,55.95,54.6,55.32,55.32,25400
11/05/2021,55.41,56.79,55.25,56.0,56.0,17800
12/05/2021,55.69,56.28,54.58,55.01,55.01,16300
13/05/2021,55.5,56.78,55.2,55.52,55.52,22700
14/05/2021,55.89,57.15,54.04,57.15,57.15,13800
17/05/2021,56.64,59.06,56.64,58.27,58.27,16900
18/05/2021,58.27,58.79,57.73,57.73,57.73,13400
19/05/2021,57.68,57.7,55.72,56.23,56.23,16700
20/05/2021,55.3,56.61,54.51,56.3,56.3,34300
21/05/2021,56.95,57.29,55.04,55.25,55.25,17200
24/05/2021,55.25,56.03,55.25,55.7,55.7,36500
25/05/2021,55.27,55.27,53.71,54.5,54.5,49300
26/05/2021,54.5,55.18,54.01,55.17,55.17,10600
27/05/2021,55.17,55.26,53.49,53.85,53.85,35600
28/05/2021,54.25,55.53,53.81,54.44,54.44,15800
01/06/2021,55.18,56.8,54.44,56.11,56.11,40300
02/06/2021,56.03,56.23,55.35,56.23,56.23,10900
03/06/2021,56.53,58.04,56.43,57.8,57.8,25300
04/06/2021,57.67,58.27,57.63,57.79,57.79,11800
07/06/2021,57.64,57.89,57.2,57.66,57.66,33600
08/06/2021,57.25,57.63,57.25,57.25,57.25,33300
09/06/2021,57.26,57.79,57.25,57.34,57.34,8200
10/06/2021,57.25,57.37,56.6,57.37,57.37,9000
11/06/2021,57.25,57.6,57.0,57.39,57.39,11600
14/06/2021,57.25,59.0,57.25,57.69,57.69,25800
15/06/2021,58.11,58.74,57.31,58.39,58.39,7400
16/06/2021,58.05,58.68,58.0,58.0,58.0,22900
17/06/2021,58.01,58.12,56.58,56.87,56.87,13400
18/06/2021,56.4,56.4,55.37,56.0,56.0,29500
21/06/2021,56.9,57.4,56.68,57.27,57.27,9000
22/06/2021,57.3,58.63,56.68,58.31,58.31,16400
23/06/2021,57.84,58.58,57.55,58.45,58.45,35700
24/06/2021,58.22,59.68,58.22,59.01,59.01,20200
25/06/2021,58.72,59.25,57.56,58.32,58.32,58900
28/06/2021,58.63,58.71,58.15,58.41,58.41,10700
29/06/2021,58.85,59.37,56.0,57.45,57.45,18000
30/06/2021,57.08,57.89,57.08,57.42,57.42,16800
01/07/2021,58.2,58.29,57.79,57.84,57.84,8300
02/07/2021,57.82,58.32,57.65,57.73,57.73,8200
06/07/2021,58.2,58.49,57.21,58.24,58.24,10300
07/07/2021,58.3,58.36,57.53,58.36,58.36,9700
08/07/2021,57.94,58.82,56.87,58.78,58.78,18800
09/07/2021,59.01,61.39,59.01,61.03,61.03,15000
12/07/2021,60.63,61.11,59.32,59.94,59.94,15100
13/07/2021,60.0,60.57,58.9,59.3,59.3,10300
14/07/2021,59.17,59.37,58.36,59.06,59.06,8000
15/07/2021,59.1,59.79,59.1,59.3,59.3,5400
16/07/2021,59.67,59.67,57.59,57.9,57.9,9900
19/07/2021,57.32,58.1,56.11,57.8,57.8,8000
20/07/2021,57.55,61.06,57.55,60.54,60.54,27100
21/07/2021,60.91,62.2,60.91,61.95,61.95,13300
22/07/2021,61.63,61.84,59.5,59.7,59.7,5900
23/07/2021,58.31,59.88,58.31,59.88,59.88,2100
26/07/2021,60.06,60.65,59.89,60.49,60.49,7100
27/07/2021,59.6,60.43,58.71,60.05,60.05,7300
28/07/2021,59.81,60.36,59.19,60.36,60.36,10300
29/07/2021,60.5,60.98,59.78,60.9,60.9,17000
30/07/2021,60.76,60.77,59.78,59.78,59.78,4800
02/08/2021,60.45,61.64,60.45,60.72,60.72,9500
03/08/2021,62.5,65.42,62.32,65.07,65.07,30400
04/08/2021,65.08,66.86,64.39,66.55,66.55,8100
05/08/2021,67.74,69.46,67.14,68.75,68.75,16600
06/08/2021,69.3,69.3,66.82,68.32,68.32,13800
09/08/2021,68.3,68.3,64.45,64.95,64.95,11200
10/08/2021,64.95,64.95,63.15,63.7,63.7,25700
11/08/2021,63.63,64.14,63.08,63.6,63.6,18000
12/08/2021,63.9,64.44,63.01,63.74,63.74,15900
13/08/2021,63.93,63.93,61.92,62.32,62.32,8100
16/08/2021,62.5,63.6,62.03,62.5,62.5,7600
17/08/2021,62.08,63.04,61.31,62.1,62.1,11200
18/08/2021,62.24,63.96,61.48,63.0,63.0,14600
19/08/2021,62.46,63.32,62.45,63.28,63.28,8300
20/08/2021,62.89,65.1,62.44,65.0,65.0,47100
23/08/2021,65.31,66.0,65.11,65.5,65.5,11800
24/08/2021,65.34,66.68,64.85,65.36,65.36,32500
25/08/2021,65.29,65.81,65.05,65.36,65.36,7600
26/08/2021,66.31,68.88,66.01,68.84,68.84,13000
27/08/2021,69.0,69.94,68.54,68.84,68.84,21100
30/08/2021,69.25,69.25,67.9,68.13,68.13,7000
31/08/2021,69.12,70.0,68.8,69.99,69.99,41600
01/09/2021,70.57,71.17,67.91,69.04,69.04,17500
02/09/2021,68.99,69.9,68.84,69.72,69.72,18700
03/09/2021,69.1,69.5,68.22,69.13,69.13,50400
07/09/2021,69.12,69.12,66.1,66.82,66.82,76700
08/09/2021,66.65,67.83,64.07,65.0,65.0,46400
09/09/2021,65.34,65.92,64.52,64.88,64.88,17500
10/09/2021,66.17,69.11,64.48,66.5,66.5,46300
13/09/2021,67.1,67.1,64.56,65.55,65.55,24400
14/09/2021,65.2,66.13,64.27,64.47,64.47,26200
15/09/2021,65.24,65.24,63.52,64.7,64.7,14300
16/09/2021,64.59,65.32,63.59,63.74,63.74,15200
17/09/2021,63.2,64.46,62.37,63.44,63.44,76600
20/09/2021,62.91,63.64,61.73,62.32,62.32,15700
21/09/2021,62.19,63.61,62.04,62.7,62.7,18100
22/09/2021,64.13,64.23,63.07,63.29,63.29,20100
23/09/2021,63.7,64.29,62.75,62.81,62.81,17300
24/09/2021,62.06,63.33,61.81,62.21,62.21,14100
27/09/2021,62.0,62.77,61.98,62.25,62.25,11400
28/09/2021,62.53,62.53,60.98,60.98,60.98,16200
29/09/2021,61.09,63.14,61.09,62.7,62.7,11400
30/09/2021,62.72,62.72,61.34,61.59,61.59,10200
01/10/2021,62.16,62.24,61.22,61.86,61.86,9200
04/10/2021,62.78,62.78,61.89,61.89,61.89,8000
05/10/2021,62.5,63.9,62.27,63.43,63.43,30900
06/10/2021,63.0,64.76,62.05,62.34,62.34,21500
07/10/2021,63.58,64.52,62.5,64.39,64.39,22300
08/10/2021,64.52,64.52,63.5,64.26,64.26,7400
11/10/2021,63.85,63.95,62.56,62.91,62.91,4800
12/10/2021,62.92,64.04,62.75,64.04,64.04,6800
13/10/2021,64.25,64.52,63.05,63.34,63.34,6700
14/10/2021,63.45,64.33,62.78,63.64,63.64,8600
15/10/2021,64.64,65.3,63.7,63.82,63.82,17400
18/10/2021,63.45,64.53,63.45,64.4,64.4,7100
19/10/2021,64.23,64.23,63.06,63.4,63.4,10600
20/10/2021,63.56,63.56,62.76,63.0,63.0,5000
21/10/2021,63.2,63.2,62.02,62.48,62.48,7800
22/10/2021,62.55,62.84,62.09,62.7,62.7,8500
25/10/2021,62.77,63.75,62.51,62.69,62.69,11000
26/10/2021,63.09,63.49,62.11,62.11,62.11,9900
27/10/2021,62.45,62.45,60.01,60.52,60.52,13900
28/10/2021,61.02,62.44,61.02,62.4,62.4,6600
29/10/2021,62.38,62.5,61.15,61.89,61.89,9400
01/11/2021,61.81,63.11,61.81,62.37,62.37,6600
02/11/2021,61.86,62.56,61.6,62.4,62.4,6800
03/11/2021,60.5,61.84,59.0,61.39,61.39,24800
04/11/2021,62.0,65.93,60.12,64.96,64.96,40700
05/11/2021,65.0,66.89,63.48,65.89,65.89,54000
08/11/2021,65.52,66.94,65.52,66.62,66.62,10400
09/11/2021,66.36,66.7,65.08,66.01,66.01,11800
10/11/2021,65.61,68.36,62.74,67.25,67.25,32900
11/11/2021,67.2,68.33,67.2,67.88,67.88,26700
12/11/2021,67.7,67.99,67.36,67.99,67.99,10900
15/11/2021,67.94,68.44,67.25,68.35,68.35,10900
16/11/2021,66.41,68.15,66.41,67.75,67.75,19500
17/11/2021,66.28,67.5,64.83,64.83,64.83,20100
18/11/2021,65.2,67.09,64.32,66.74,66.74,26000
19/11/2021,66.82,69.46,66.82,69.45,69.45,16900
22/11/2021,69.6,75.27,69.47,73.5,73.5,116800
23/11/2021,73.61,75.34,71.89,72.15,72.15,41600
24/11/2021,72.48,74.94,69.01,74.01,74.01,30700
26/11/2021,72.52,72.52,66.69,69.32,69.32,12100
29/11/2021,70.34,71.3,69.05,70.7,70.7,28400
30/11/2021,70.28,70.5,66.76,66.87,66.87,37800
01/12/2021,68.06,69.8,64.16,64.63,64.63,42200
02/12/2021,66.66,70.49,66.15,69.98,69.98,33900
03/12/2021,70.1,72.0,66.47,67.14,67.14,38000
06/12/2021,68.01,69.5,67.24,67.73,67.73,18700
07/12/2021,68.78,72.0,65.72,68.85,68.85,40500
08/12/2021,68.77,70.77,67.15,70.75,70.75,19700
09/12/2021,69.81,70.53,68.3,68.52,68.52,14000
10/12/2021,68.86,70.19,67.69,69.6,69.6,31100
13/12/2021,69.85,70.11,66.56,68.42,68.42,54200
14/12/2021,67.66,67.86,66.99,67.6,67.6,12400
15/12/2021,67.65,68.99,67.04,67.76,67.76,34400
16/12/2021,68.7,68.7,64.82,65.21,65.21,63600
17/12/2021,65.31,68.73,63.19,66.87,66.87,97300
20/12/2021,66.25,67.0,63.55,64.75,64.75,29000
21/12/2021,64.9,65.67,64.29,65.3,65.3,18100
22/12/2021,66.22,66.71,65.5,66.37,66.37,21100
23/12/2021,66.14,69.7,66.14,68.72,68.72,22900
27/12/2021,69.27,70.67,68.84,70.35,70.35,17900
28/12/2021,70.81,72.3,70.14,71.76,71.76,11600
29/12/2021,71.56,72.62,70.89,71.34,71.34,23900
30/12/2021,71.36,72.53,71.16,71.29,71.29,17300
31/12/2021,70.14,71.01,69.87,70.26,70.26,11600
03/01/2022,70.26,71.46,69.65,70.82,70.82,14000
04/01/2022,71.0,73.59,70.95,72.9,72.9,14700
05/01/2022,73.29,73.52,72.36,72.61,72.61,13200
06/01/2022,72.87,73.5,72.69,73.07,73.07,15300
07/01/2022,73.06,74.01,72.3,73.3,73.3,16100
10/01/2022,73.52,73.52,72.45,73.1,73.1,18300
11/01/2022,73.38,73.38,71.83,72.32,72.32,14900
12/01/2022,72.91,73.86,72.39,72.42,72.42,23700
13/01/2022,73.15,76.01,73.15,75.9,75.9,28900
14/01/2022,75.17,75.96,74.12,74.49,74.49,32600
18/01/2022,74.26,74.4,70.04,70.4,70.4,28100
19/01/2022,71.66,71.71,68.91,70.94,70.94,34800
20/01/2022,71.23,72.17,70.0,70.01,70.01,12400
21/01/2022,69.13,70.44,68.64,69.35,69.35,25200
24/01/2022,68.5,69.2,67.32,68.58,68.58,67200
25/01/2022,66.0,69.45,65.03,69.24,69.24,48500
26/01/2022,69.55,70.87,68.21,69.08,69.08,22400
27/01/2022,68.75,68.75,66.9,67.7,67.7,17900
28/01/2022,68.12,70.48,65.9,67.23,67.23,14000
31/01/2022,67.34,71.71,66.49,70.96,70.96,34600
01/02/2022,71.18,73.29,70.97,71.28,71.28,24200
02/02/2022,70.87,71.82,69.34,70.07,70.07,47900
03/02/2022,69.68,70.71,67.22,67.72,67.72,23500
04/02/2022,67.96,70.16,67.08,70.01,70.01,36100
07/02/2022,70.26,71.33,69.75,70.8,70.8,26800
08/02/2022,70.76,72.63,70.76,72.63,72.63,9600
09/02/2022,73.39,74.23,72.62,73.23,73.23,22800
10/02/2022,72.69,73.23,71.25,72.01,72.01,28600
11/02/2022,72.86,73.09,71.53,72.32,72.32,20000
14/02/2022,71.95,72.51,70.72,72.18,72.18,10300
15/02/2022,72.92,74.68,72.92,74.45,74.45,12600
16/02/2022,74.24,74.95,72.5,73.22,73.22,16400
17/02/2022,73.3,73.85,72.0,72.84,72.84,12400
18/02/2022,72.27,74.39,72.25,73.8,73.8,18200
22/02/2022,72.94,73.24,71.27,72.95,72.95,18500
23/02/2022,72.8,73.16,71.79,72.03,72.03,15400
24/02/2022,70.0,70.39,68.07,69.89,69.89,60600
25/02/2022,70.84,71.05,70.0,70.39,70.39,13900
28/02/2022,69.23,70.0,69.02,69.14,69.14,14500
01/03/2022,68.59,69.2,65.97,67.0,67.0,32200
02/03/2022,67.91,70.15,67.91,69.66,69.66,26700
03/03/2022,70.0,70.0,67.93,68.5,68.5,7900
04/03/2022,67.39,67.63,66.59,66.59,66.59,8700
07/03/2022,67.05,67.83,65.72,66.17,66.17,17600
08/03/2022,65.44,67.19,64.5,64.79,64.79,24500
09/03/2022,66.78,67.11,64.41,65.5,65.5,33000
10/03/2022,64.2,64.2,61.92,62.31,62.31,21700
11/03/2022,62.31,62.31,58.82,58.83,58.83,23700
14/03/2022,58.9,59.64,57.23,57.65,57.65,42000
15/03/2022,57.57,57.61,56.1,57.35,57.35,22100
16/03/2022,57.34,58.96,57.16,58.67,58.67,22300
17/03/2022,58.67,61.61,58.03,61.42,61.42,19000
18/03/2022,60.39,62.95,60.38,62.54,62.54,49400
21/03/2022,62.2,63.32,61.54,63.26,63.26,32800
22/03/2022,63.17,65.39,63.11,64.45,64.45,33700
23/03/2022,64.18,66.84,64.18,66.0,66.0,37700
24/03/2022,65.83,66.59,64.74,65.8,65.8,21500
25/03/2022,65.97,65.97,64.98,65.06,65.06,11800
28/03/2022,64.48,65.28,64.06,65.09,65.09,15000
29/03/2022,65.98,66.98,64.61,65.52,65.52,15800
30/03/2022,64.99,66.3,64.99,65.9,65.9,26900
31/03/2022,66.37,67.24,65.41,66.17,66.17,56100
01/04/2022,66.59,67.96,65.74,67.51,67.51,49300
04/04/2022,67.3,68.49,66.31,67.12,67.12,30900
05/04/2022,66.63,66.89,65.0,65.28,65.28,24800
06/04/2022,65.0,66.75,65.0,66.4,66.4,19500
07/04/2022,66.02,67.55,66.0,67.03,67.03,15800
08/04/2022,67.0,68.27,66.1,68.0,68.0,22300
11/04/2022,68.1,68.42,66.29,66.77,66.77,14600
12/04/2022,66.68,68.23,66.68,68.1,68.1,16200
13/04/2022,69.0,72.47,68.24,72.09,72.09,34900
14/04/2022,72.2,73.62,71.83,72.9,72.9,18900
18/04/2022,72.61,72.61,70.5,70.66,70.66,16000
19/04/2022,71.17,72.4,70.76,72.11,72.11,26100
20/04/2022,72.66,72.66,71.17,71.39,71.39,15500
21/04/2022,71.81,71.99,70.6,71.24,71.24,19100
22/04/2022,71.09,71.4,70.32,70.98,70.98,14200
25/04/2022,70.35,72.0,70.35,71.48,71.48,15100
26/04/2022,70.7,71.44,69.68,69.76,69.76,40100
27/04/2022,70.63,70.63,67.87,68.69,68.69,34900
28/04/2022,67.78,70.33,67.38,69.88,69.88,13700
29/04/2022,70.79,70.79,68.41,68.67,68.67,25500
02/05/2022,69.03,70.25,67.67,69.25,69.25,25000
03/05/2022,68.28,69.77,68.26,68.93,68.93,18500
04/05/2022,71.48,72.83,69.98,72.02,72.02,22600
05/05/2022,72.02,73.0,71.51,73.0,73.0,35100
06/05/2022,72.42,74.3,71.58,73.86,73.86,19100
09/05/2022,73.15,73.15,70.2,71.07,71.07,36900
10/05/2022,71.55,72.25,70.48,72.23,72.23,14800
11/05/2022,73.99,74.0,70.89,71.8,71.8,17600
12/05/2022,71.8,72.85,71.16,72.4,72.4,17600
13/05/2022,73.55,74.64,73.38,74.09,74.09,21100
16/05/2022,74.37,76.21,74.37,75.97,75.97,18400
17/05/2022,76.65,79.75,76.65,79.6,79.6,29700
18/05/2022,79.48,79.48,74.39,74.7,74.7,31200
19/05/2022,74.7,75.0,71.47,71.67,71.67,23000
20/05/2022,72.32,73.37,71.03,73.13,73.13,34600
23/05/2022,72.82,72.82,71.06,71.75,71.75,17900
24/05/2022,71.51,71.71,70.27,71.47,71.47,18500
25/05/2022,71.34,74.95,71.34,74.5,74.5,19600
26/05/2022,74.59,77.17,74.59,76.4,76.4,12800
27/05/2022,76.93,79.26,75.9,76.72,76.72,29300
31/05/2022,75.99,77.15,75.03,76.45,76.45,27300
01/06/2022,75.36,76.95,74.79,76.92,76.92,12200
02/06/2022,76.81,77.65,76.81,77.55,77.55,26600
03/06/2022,77.53,79.09,77.41,78.69,78.69,14800
06/06/2022,79.02,80.35,78.22,80.07,80.07,18600
07/06/2022,79.36,79.93,77.4,77.59,77.59,16600
08/06/2022,76.53,77.45,76.31,77.28,77.28,20800
09/06/2022,76.86,78.38,75.84,76.05,76.05,20400
10/06/2022,75.07,81.77,75.0,81.34,81.34,41200
13/06/2022,79.53,79.53,74.95,75.38,75.38,26900
14/06/2022,75.38,76.71,72.2,72.42,72.42,37200
15/06/2022,73.41,76.39,73.41,76.05,76.05,29000
16/06/2022,74.47,74.63,71.83,71.93,71.93,25700
17/06/2022,72.11,73.47,72.0,73.19,73.19,51700
21/06/2022,73.8,74.78,73.0,73.59,73.59,33400
22/06/2022,73.68,78.89,71.97,78.6,78.6,53300
23/06/2022,80.93,87.83,79.55,79.97,79.97,188400
24/06/2022,81.05,82.26,77.16,80.62,80.62,212300
27/06/2022,81.7,82.77,77.89,80.83,80.83,64200
28/06/2022,81.0,81.99,78.0,80.04,80.04,53400
29/06/2022,79.58,81.98,78.0,81.66,81.66,55800
30/06/2022,81.14,83.19,79.52,79.57,79.57,119500
01/07/2022,79.42,80.2,77.72,79.25,79.25,38400
05/07/2022,78.42,79.77,76.04,79.63,79.63,29800
06/07/2022,79.26,79.35,78.02,79.22,79.22,29600
07/07/2022,79.26,80.75,79.09,79.81,79.81,24400
08/07/2022,80.09,80.34,79.49,80.04,80.04,25200
11/07/2022,82.51,82.51,78.56,78.91,78.91,18600
12/07/2022,78.91,79.7,77.46,78.68,78.68,18300
13/07/2022,77.68,79.4,75.79,76.3,76.3,42900
14/07/2022,75.79,76.1,74.0,75.15,75.15,42200
15/07/2022,76.4,76.45,74.75,76.4,76.4,35800
18/07/2022,76.56,77.25,76.16,76.49,76.49,43700
19/07/2022,77.43,78.51,76.28,78.0,78.0,37800
20/07/2022,78.16,78.58,76.35,77.14,77.14,51900
21/07/2022,76.69,78.12,76.69,78.11,78.11,15600
22/07/2022,77.22,78.25,77.01,77.62,77.62,21700
25/07/2022,77.51,78.98,77.51,78.61,78.61,31700
26/07/2022,78.68,78.94,77.78,78.41,78.41,29000
27/07/2022,78.93,81.07,78.93,80.08,80.08,40900
28/07/2022,80.42,80.42,77.93,78.18,78.18,27300
29/07/2022,77.78,80.58,77.05,80.52,80.52,34000
01/08/2022,80.18,80.69,79.5,80.27,80.27,94600
02/08/2022,80.46,89.29,80.46,88.93,88.93,86600
03/08/2022,89.74,91.04,88.96,89.3,89.3,34100
04/08/2022,89.83,89.83,87.44,88.93,88.93,22800
05/08/2022,88.0,89.26,87.42,89.15,89.15,33500
08/08/2022,90.06,90.64,88.59,89.25,89.25,43800
09/08/2022,89.37,90.16,88.14,88.34,88.34,22800
10/08/2022,89.1,90.34,80.19,90.08,90.08,62700
11/08/2022,90.92,92.8,90.92,91.26,91.26,26900
12/08/2022,91.5,95.07,91.5,95.0,95.0,29300
15/08/2022,94.12,96.96,94.12,95.68,95.68,52000
16/08/2022,95.71,98.42,94.9,97.77,97.77,37800
17/08/2022,96.78,97.16,94.81,96.05,96.05,29600
18/08/2022,96.28,97.68,95.48,97.27,97.27,25100
19/08/2022,96.27,98.72,95.81,98.06,98.06,28900
22/08/2022,96.9,98.28,95.35,96.01,96.01,33300
23/08/2022,95.88,97.59,95.41,97.01,97.01,46600
24/08/2022,97.08,98.67,95.62,98.58,98.58,23200
25/08/2022,99.32,100.45,97.72,100.04,100.04,31500
26/08/2022,100.64,100.64,94.58,96.0,96.0,58200
29/08/2022,95.61,97.53,95.07,95.91,95.91,30600
30/08/2022,96.8,96.8,93.18,94.82,94.82,28100
31/08/2022,95.41,95.41,92.78,92.99,92.99,23700
01/09/2022,92.82,92.89,87.32,91.61,91.61,65300
02/09/2022,91.52,93.74,91.07,92.26,92.26,24800
06/09/2022,92.3,92.3,91.0,91.38,91.38,21100
07/09/2022,89.96,94.91,89.96,93.85,93.85,49900
08/09/2022,94.0,94.32,92.26,93.49,93.49,44200
09/09/2022,95.0,95.67,94.01,94.91,94.91,33600
12/09/2022,95.54,99.59,94.32,95.82,95.82,55400
13/09/2022,94.76,94.76,92.51,93.19,93.19,61900
14/09/2022,94.05,95.4,90.43,92.2,92.2,47900
15/09/2022,92.38,94.1,90.41,91.35,91.35,32100
16/09/2022,90.21,90.58,88.32,90.48,90.48,96700
19/09/2022,89.44,92.95,88.55,92.57,92.57,64700
20/09/2022,92.11,92.77,89.26,90.74,90.74,37300
21/09/2022,91.36,92.05,89.4,89.65,89.65,45700
22/09/2022,89.49,91.15,87.9,88.93,88.93,53600
23/09/2022,87.81,87.81,83.56,84.66,84.66,32500
26/09/2022,83.74,85.66,81.87,84.56,84.56,39200
27/09/2022,85.51,85.51,82.78,83.76,83.76,18100
28/09/2022,83.49,86.1,82.65,85.12,85.12,24900
29/09/2022,84.84,86.03,80.0,85.71,85.71,26900
30/09/2022,86.2,88.49,85.26,85.84,85.84,30800
03/10/2022,86.5,87.98,86.3,87.66,87.66,21700
04/10/2022,89.02,90.47,89.02,89.49,89.49,40100
05/10/2022,88.3,90.5,88.03,89.03,89.03,32300
06/10/2022,90.3,90.73,88.28,88.89,88.89,23400
07/10/2022,87.36,87.5,85.04,85.04,85.04,35700
10/10/2022,86.5,91.37,86.5,88.97,88.97,38100
11/10/2022,88.51,89.94,87.3,88.2,88.2,46500
12/10/2022,88.52,88.55,86.82,87.11,87.11,27100
13/10/2022,86.5,89.65,86.01,88.65,88.65,75100
14/10/2022,89.23,89.23,86.04,86.1,86.1,35200
17/10/2022,87.72,88.54,86.75,88.14,88.14,46200
18/10/2022,89.56,90.04,87.02,88.35,88.35,80100
19/10/2022,88.35,89.63,88.34,88.64,88.64,91200
20/10/2022,88.95,89.76,87.0,88.37,88.37,57900
21/10/2022,88.81,90.81,87.14,90.04,90.04,126800
24/10/2022,90.51,90.51,88.72,89.41,89.41,58100
25/10/2022,89.51,89.91,88.99,89.0,89.0,54900
26/10/2022,89.57,93.65,89.02,91.73,91.73,114800
27/10/2022,92.62,93.99,86.97,91.78,91.78,69400
28/10/2022,92.65,93.77,92.2,92.5,92.5,103800
31/10/2022,93.13,94.75,93.0,93.85,93.85,106500
01/11/2022,94.64,94.72,92.5,92.87,92.87,49500
02/11/2022,94.06,106.46,92.86,104.63,104.63,283000
03/11/2022,104.98,109.63,104.17,108.12,108.12,137600
04/11/2022,108.22,111.65,107.73,110.52,110.52,75200
07/11/2022,110.74,113.76,110.34,112.88,112.88,60300
08/11/2022,112.94,117.59,112.42,115.81,115.81,88200
09/11/2022,114.71,117.48,111.18,111.18,111.18,64600
10/11/2022,113.79,116.46,112.15,114.96,114.96,89000
11/11/2022,115.51,117.07,110.94,111.82,111.82,94200
14/11/2022,110.71,115.62,110.71,115.1,115.1,57700
15/11/2022,115.74,118.61,114.89,116.11,116.11,78500
16/11/2022,116.28,116.6,113.28,114.64,114.64,54800
17/11/2022,119.8,119.8,114.5,115.33,115.33,133300
18/11/2022,117.0,117.07,114.0,115.48,115.48,129400
21/11/2022,115.98,119.85,115.25,117.3,117.3,82800
22/11/2022,118.56,118.93,115.65,117.69,117.69,87300
23/11/2022,118.41,118.49,115.5,118.02,118.02,44500
25/11/2022,117.96,118.5,115.74,117.83,117.83,23100
28/11/2022,117.34,118.26,116.16,116.65,116.65,31800
29/11/2022,116.16,118.06,116.02,116.17,116.17,39600
30/11/2022,116.93,120.49,116.06,120.05,120.05,211500
01/12/2022,121.4,124.06,119.86,122.3,122.3,71200
02/12/2022,122.64,126.78,122.01,122.26,122.26,93500
05/12/2022,122.34,122.5,118.66,120.39,120.39,47600
06/12/2022,120.7,122.49,119.5,120.44,120.44,48700
07/12/2022,120.0,121.55,119.47,121.01,121.01,42300
08/12/2022,121.76,122.55,120.31,120.75,120.75,35100
09/12/2022,120.48,120.72,116.8,117.25,117.25,46300
12/12/2022,118.04,120.98,117.05,120.82,120.82,48900
13/12/2022,122.91,122.99,117.22,118.94,118.94,53500
14/12/2022,118.92,119.8,117.67,118.82,118.82,54900
15/12/2022,118.45,118.8,113.0,114.47,114.47,67300
16/12/2022,114.04,115.0,113.19,113.86,113.86,68600
19/12/2022,113.77,114.01,111.43,112.4,112.4,56300
20/12/2022,112.3,113.88,111.82,112.07,112.07,49900
21/12/2022,113.33,117.12,112.08,115.7,115.7,79300
22/12/2022,114.93,115.11,112.66,114.26,114.26,48500
23/12/2022,114.82,116.01,113.48,115.54,115.54,45800
27/12/2022,115.0,116.38,114.0,114.49,114.49,75200
28/12/2022,114.54,116.11,112.0,112.21,112.21,38300
29/12/2022,112.87,117.24,111.96,116.13,116.13,54600
30/12/2022,115.82,118.49,115.7,117.89,117.89,77800
03/01/2023,118.1,118.87,114.55,115.58,115.58,85700
04/01/2023,115.01,118.0,113.2,113.54,113.54,68400
05/01/2023,112.28,114.75,111.41,111.57,111.57,47100
06/01/2023,111.97,116.45,111.5,116.03,116.03,65700
09/01/2023,117.21,119.99,116.06,116.79,116.79,63900
10/01/2023,116.21,119.05,116.21,118.06,118.06,64100
11/01/2023,118.01,119.0,111.53,114.14,114.14,105500
12/01/2023,114.37,117.66,112.47,116.86,116.86,88400
13/01/2023,116.8,119.18,115.76,117.88,117.88,67800
17/01/2023,118.36,121.69,117.41,118.48,118.48,66500
18/01/2023,119.07,120.3,114.07,114.9,114.9,98200
19/01/2023,114.79,116.16,113.13,116.14,116.14,73700
20/01/2023,117.29,118.36,116.12,118.36,118.36,72100
23/01/2023,118.88,121.78,118.36,119.9,119.9,88100
24/01/2023,119.34,119.75,113.99,113.99,113.99,67500
25/01/2023,113.17,113.17,107.5,111.6,111.6,85700
26/01/2023,112.24,113.32,106.3,107.25,107.25,67400
27/01/2023,106.12,108.17,105.4,105.73,105.73,46900
30/01/2023,105.73,108.73,105.5,107.52,107.52,92700
31/01/2023,107.52,113.88,107.52,113.73,113.73,92900
01/02/2023,113.58,115.7,108.28,110.05,110.05,124800
02/02/2023,109.89,113.75,109.39,112.16,112.16,77700
03/02/2023,110.71,115.09,110.31,114.23,114.23,48400
06/02/2023,113.03,115.25,112.64,113.12,113.12,87700
07/02/2023,112.41,113.05,110.57,112.97,112.97,84700
08/02/2023,113.06,114.03,110.19,111.71,111.71,82800
09/02/2023,111.17,113.51,108.39,109.35,109.35,80300
10/02/2023,109.81,111.88,109.09,111.21,111.21,61200
13/02/2023,111.72,114.37,110.52,113.95,113.95,74500
14/02/2023,113.31,114.35,111.4,111.54,111.54,84000
15/02/2023,110.3,112.98,110.01,112.4,112.4,35900
16/02/2023,111.56,113.47,110.74,112.0,112.0,42100
17/02/2023,112.66,119.7,111.6,117.93,117.93,133700
21/02/2023,117.85,119.32,116.3,117.21,117.21,92300
22/02/2023,117.17,118.51,112.57,114.88,114.88,102600
23/02/2023,115.21,119.84,115.02,116.31,116.31,102200
24/02/2023,115.83,117.51,113.31,116.99,116.99,67900
27/02/2023,119.99,120.84,116.8,117.76,117.76,93200
28/02/2023,117.45,119.4,116.77,117.72,117.72,136800
01/03/2023,116.6,118.58,116.6,117.96,117.96,64300
02/03/2023,118.01,119.77,116.36,119.3,119.3,82200
03/03/2023,118.81,123.39,117.96,122.95,122.95,93900
06/03/2023,122.62,122.85,103.64,108.03,108.03,209900
07/03/2023,108.0,115.82,106.53,114.8,114.8,161800
08/03/2023,116.08,122.54,114.75,119.73,119.73,99100
09/03/2023,119.74,120.48,112.7,114.31,114.31,112600
10/03/2023,113.41,114.51,109.66,111.17,111.17,108800
13/03/2023,109.11,113.84,108.39,110.71,110.71,63600
14/03/2023,113.0,116.66,111.25,115.38,115.38,66400
15/03/2023,112.49,115.62,111.2,114.36,114.36,98300
16/03/2023,112.35,114.26,110.34,113.53,113.53,76000
17/03/2023,112.6,113.23,110.68,111.22,111.22,128900
20/03/2023,111.6,116.26,111.26,115.67,115.67,67000
21/03/2023,119.39,122.0,118.48,121.22,121.22,96300
22/03/2023,121.22,124.7,119.33,121.85,121.85,78200
23/03/2023,121.88,124.77,120.82,124.25,124.25,85300
24/03/2023,123.81,127.73,122.62,127.05,127.05,41100
27/03/2023,128.21,131.8,128.21,129.48,129.48,86300
28/03/2023,129.59,130.98,122.8,129.31,129.31,95400
29/03/2023,130.03,131.36,127.1,129.48,129.48,78600
30/03/2023,130.3,131.5,127.65,130.02,130.02,64000
31/03/2023,130.82,131.8,128.43,129.84,129.84,68600
03/04/2023,130.22,131.66,125.74,127.66,127.66,81900
04/04/2023,128.66,128.77,126.47,127.46,127.46,65100
05/04/2023,127.02,128.82,124.6,125.68,125.68,89300
06/04/2023,125.55,126.87,123.68,125.83,125.83,48500
10/04/2023,126.0,128.48,125.53,128.24,128.24,34500
11/04/2023,128.33,130.18,127.83,128.19,128.19,62200
12/04/2023,128.59,130.55,128.11,128.99,128.99,41700
13/04/2023,129.63,133.64,128.73,133.33,133.33,57900
14/04/2023,133.69,133.69,130.72,133.2,133.2,34900
17/04/2023,137.07,141.26,136.53,136.98,136.98,70600
18/04/2023,138.31,138.8,134.96,136.87,136.87,93700
19/04/2023,137.0,140.69,136.62,139.47,139.47,88500
20/04/2023,139.25,139.25,136.01,136.7,136.7,95400
21/04/2023,136.7,141.65,136.16,141.1,141.1,55800
24/04/2023,141.43,143.89,139.25,141.65,141.65,86300
25/04/2023,140.97,141.09,137.49,137.49,137.49,37800
26/04/2023,136.4,139.92,135.32,136.5,136.5,69900
27/04/2023,137.44,139.17,135.4,136.71,136.71,35500
28/04/2023,135.65,140.89,135.65,137.84,137.84,54900
01/05/2023,137.63,142.14,137.11,139.13,139.13,45400
02/05/2023,147.3,149.99,136.24,143.7,143.7,134400
03/05/2023,145.44,151.5,145.44,147.24,147.24,91100
04/05/2023,147.17,148.02,140.1,141.51,141.51,98400
05/05/2023,141.1,143.05,140.46,141.9,141.9,68400
08/05/2023,141.9,143.09,139.17,142.49,142.49,81100
09/05/2023,142.48,144.06,141.35,143.92,143.92,57600
10/05/2023,145.81,151.42,145.51,149.02,149.02,120100
11/05/2023,148.33,148.57,144.36,146.69,146.69,43500
12/05/2023,148.02,149.99,147.32,148.33,148.33,43200
15/05/2023,148.45,151.11,148.45,149.95,149.95,32100
16/05/2023,148.82,152.52,148.82,149.73,149.73,52000
17/05/2023,150.26,150.26,144.8,147.64,147.64,125200
18/05/2023,148.2,152.73,148.2,152.26,152.26,58200
19/05/2023,154.0,154.19,151.19,152.75,152.75,34000
22/05/2023,153.44,155.52,153.01,155.0,155.0,38000
23/05/2023,155.27,157.96,152.3,153.76,153.76,65200
24/05/2023,153.13,156.1,149.26,153.41,153.41,57100
25/05/2023,152.89,154.98,150.11,151.63,151.63,54000
26/05/2023,151.38,155.65,151.38,155.25,155.25,50900
30/05/2023,157.7,158.15,153.27,155.48,155.48,45400
31/05/2023,155.25,156.0,152.52,154.63,154.63,93000
01/06/2023,155.41,158.62,154.6,158.46,158.46,63700
02/06/2023,159.37,160.46,156.92,159.86,159.86,92500
05/06/2023,166.72,167.85,159.69,161.47,161.47,187600
06/06/2023,161.75,165.9,160.97,162.9,162.9,144600
07/06/2023,162.99,168.97,162.99,167.98,167.98,126800
08/06/2023,167.98,171.44,165.43,168.33,168.33,105400
09/06/2023,167.86,171.35,166.2,167.31,167.31,111800
12/06/2023,168.27,173.52,168.27,172.73,172.73,160100
13/06/2023,173.24,177.9,171.79,177.61,177.61,151700
14/06/2023,177.13,183.56,177.13,183.24,183.24,202200
15/06/2023,183.09,187.7,180.64,182.03,182.03,220100
16/06/2023,183.89,187.83,178.6,186.02,186.02,1588000
20/06/2023,185.52,194.99,185.38,194.08,194.08,265400
21/06/2023,194.08,196.03,190.78,192.91,192.91,160100
22/06/2023,192.2,196.31,190.15,194.71,194.71,163800
23/06/2023,193.0,193.82,189.13,191.15,191.15,209000
26/06/2023,191.15,193.73,187.76,188.73,188.73,111700
27/06/2023,189.76,193.81,189.76,191.58,191.58,97300
28/06/2023,191.92,197.23,191.92,194.45,194.45,73900
29/06/2023,193.82,195.9,192.21,192.87,192.87,103400
30/06/2023,195.03,195.25,192.75,193.85,193.85,88200
03/07/2023,194.48,197.52,193.25,196.39,196.39,49700
05/07/2023,194.77,195.23,189.59,191.0,191.0,129200
06/07/2023,189.97,189.97,185.1,188.51,188.51,66400
07/07/2023,188.98,190.16,183.59,184.07,184.07,91600
10/07/2023,184.59,185.92,180.34,182.61,182.61,131200
11/07/2023,181.98,184.12,177.55,178.89,178.89,115500
12/07/2023,179.24,181.58,178.33,178.94,178.94,70600
13/07/2023,179.37,184.04,177.52,183.48,183.48,101600
14/07/2023,183.83,188.14,183.36,186.85,186.85,110100
17/07/2023,187.1,195.74,187.1,195.15,195.15,94800
18/07/2023,196.43,203.27,196.08,203.21,203.21,75900
19/07/2023,203.56,205.08,197.66,202.25,202.25,94400
20/07/2023,202.13,202.25,187.63,193.38,193.38,109100
21/07/2023,193.57,195.85,191.02,193.58,193.58,77000
24/07/2023,193.58,197.3,191.45,195.93,195.93,50100
25/07/2023,195.93,198.88,194.74,195.8,195.8,61400
26/07/2023,191.86,192.14,185.83,187.83,187.83,99000
27/07/2023,190.33,191.11,187.39,191.09,191.09,56800
28/07/2023,192.74,194.18,190.59,191.27,191.27,41600
31/07/2023,191.59,195.35,191.59,194.67,194.67,51800
01/08/2023,195.54,196.41,189.26,191.4,191.4,91600
02/08/2023,189.0,191.1,181.11,183.97,183.97,103200
03/08/2023,183.34,188.17,181.1,186.52,186.52,62300
04/08/2023,187.17,187.21,181.59,182.4,182.4,76700
07/08/2023,182.5,183.85,179.49,180.93,180.93,54200
08/08/2023,180.17,184.1,179.67,182.28,182.28,45000
09/08/2023,182.93,182.93,175.93,177.12,177.12,79100
10/08/2023,177.04,180.22,174.44,175.0,175.0,38700
11/08/2023,173.98,176.0,170.51,174.73,174.73,38500
14/08/2023,174.7,175.8,167.59,169.17,169.17,75700
15/08/2023,167.57,170.0,164.28,167.59,167.59,81600
16/08/2023,167.58,167.58,162.56,162.65,162.65,55100
17/08/2023,161.98,161.99,155.95,156.77,156.77,80700
18/08/2023,155.3,162.52,154.03,162.25,162.25,57300
21/08/2023,162.89,166.25,162.89,165.0,165.0,55600
22/08/2023,165.31,170.08,164.77,167.53,167.53,40600
23/08/2023,168.27,173.41,167.5,171.17,171.17,54700
24/08/2023,171.99,174.7,166.12,167.07,167.07,52900
25/08/2023,167.67,171.54,164.43,169.93,169.93,50300
28/08/2023,170.2,173.48,170.2,172.53,172.53,94800
29/08/2023,172.53,177.79,172.25,176.93,176.93,69800
30/08/2023,176.69,178.73,172.62,173.53,173.53,80200
31/08/2023,173.78,176.6,173.78,175.71,175.71,76100
01/09/2023,176.53,176.53,170.01,175.4,175.4,64900
05/09/2023,173.41,173.41,168.21,171.06,171.06,83000
06/09/2023,171.14,172.51,169.94,171.15,171.15,63600
07/09/2023,169.72,170.3,164.65,166.77,166.77,69300
08/09/2023,166.97,166.97,160.49,161.02,161.02,44100
11/09/2023,162.33,163.04,160.8,162.5,162.5,49200
12/09/2023,161.12,163.16,158.7,159.33,159.33,45400
13/09/2023,158.43,159.66,152.34,155.45,155.45,132300
14/09/2023,156.03,163.02,155.76,162.61,162.61,52900
15/09/2023,162.82,163.79,160.37,163.45,163.45,168900
18/09/2023,162.32,163.02,159.73,160.11,160.11,35500
19/09/2023,158.65,159.87,156.7,159.5,159.5,27500
20/09/2023,160.03,162.26,158.31,160.72,160.72,117100
21/09/2023,158.64,159.57,154.3,156.33,156.33,63900
22/09/2023,154.71,158.24,154.24,156.91,156.91,35300
25/09/2023,156.34,157.51,151.34,152.76,152.76,65800
26/09/2023,151.3,155.27,151.09,154.67,154.67,38600
27/09/2023,155.31,159.49,152.01,157.75,157.75,40900
28/09/2023,156.57,163.14,156.57,158.22,158.22,59500
29/09/2023,159.0,161.65,157.28,161.45,161.45,127100
02/10/2023,160.37,161.53,157.35,159.98,159.98,67200
03/10/2023,159.74,159.95,155.2,158.66,158.66,57200
04/10/2023,158.99,166.14,158.83,166.11,166.11,68400
05/10/2023,165.3,171.49,165.3,166.04,166.04,81600
06/10/2023,164.5,168.93,164.32,167.9,167.9,60900
09/10/2023,165.99,168.53,164.09,165.84,165.84,24700
10/10/2023,166.29,169.7,166.2,166.2,166.2,34300
11/10/2023,166.2,166.2,159.54,161.0,161.0,44500
12/10/2023,160.48,160.48,153.06,153.56,153.56,59300
13/10/2023,154.22,154.6,150.0,152.99,152.99,51400
16/10/2023,153.12,158.01,152.3,155.83,155.83,33700
17/10/2023,154.51,162.0,154.51,157.55,157.55,38300
18/10/2023,155.92,157.42,151.02,152.1,152.1,47000
19/10/2023,152.14,157.42,149.54,149.76,149.76,41200
20/10/2023,145.0,155.34,142.69,152.99,152.99,139900
23/10/2023,152.0,156.29,152.0,154.06,154.06,75200
24/10/2023,154.86,156.54,153.88,155.94,155.94,29200
25/10/2023,153.95,155.02,149.09,150.73,150.73,40600
26/10/2023,151.72,155.82,149.85,150.88,150.88,40600
27/10/2023,151.71,152.82,149.21,152.57,152.57,52200
30/10/2023,153.45,153.5,149.64,152.33,152.33,19000
31/10/2023,150.94,157.0,150.94,155.92,155.92,42100
01/11/2023,153.76,156.17,127.29,136.67,136.67,186900
02/11/2023,138.1,139.44,131.88,137.9,137.9,69800
03/11/2023,140.38,145.25,140.0,143.17,143.17,44900
06/11/2023,141.68,143.64,140.58,143.51,143.51,38400
07/11/2023,142.34,143.57,140.46,141.48,141.48,27100
08/11/2023,140.71,141.19,136.22,139.75,139.75,44900
09/11/2023,138.96,139.47,133.99,136.64,136.64,59300
10/11/2023,139.01,144.0,137.28,142.7,142.7,34500
13/11/2023,141.1,144.49,140.52,142.53,142.53,32900
14/11/2023,147.13,155.08,147.13,152.82,152.82,50100
15/11/2023,151.78,156.0,151.38,153.02,153.02,34100
16/11/2023,153.47,158.24,153.47,157.14,157.14,52100
17/11/2023,158.44,163.42,158.03,161.48,161.48,57100
20/11/2023,160.58,168.71,159.76,168.22,168.22,77500
21/11/2023,165.82,175.6,165.82,172.84,172.84,104000
22/11/2023,173.57,174.78,170.93,171.87,171.87,82800
24/11/2023,170.22,173.5,169.71,172.81,172.81,45300
27/11/2023,171.45,172.12,165.0,169.37,169.37,61400
28/11/2023,167.81,169.04,164.74,165.46,165.46,52600
29/11/2023,167.5,173.16,167.4,171.87,171.87,68600
30/11/2023,171.87,173.0,165.53,166.46,166.46,158400
01/12/2023,167.49,170.82,165.11,166.67,166.67,84700
04/12/2023,165.32,170.49,165.12,170.49,170.49,64500
05/12/2023,169.18,170.59,166.36,168.95,168.95,51000
06/12/2023,170.2,179.63,169.02,174.4,174.4,83700
07/12/2023,174.0,175.8,170.2,172.78,172.78,64800
08/12/2023,174.4,177.91,171.75,177.08,177.08,40900
11/12/2023,177.0,178.66,171.12,172.98,172.98,61000
12/12/2023,173.9,175.61,169.89,175.45,175.45,41600
13/12/2023,175.45,181.63,173.6,180.79,180.79,55100
14/12/2023,182.89,185.4,177.87,178.26,178.26,97100
15/12/2023,179.88,181.99,175.56,178.3,178.3,135500
18/12/2023,177.92,181.28,176.01,176.81,176.81,73600
19/12/2023,176.34,183.07,176.34,179.55,179.55,67000
20/12/2023,179.55,182.36,171.05,171.25,171.25,100500
21/12/2023,173.51,176.12,171.8,172.65,172.65,80300
22/12/2023,171.07,177.48,170.25,176.6,176.6,44500
26/12/2023,177.68,180.25,176.42,178.05,178.05,39500
27/12/2023,178.22,178.86,174.71,177.1,177.1,51400
28/12/2023,176.84,177.9,174.5,175.86,175.86,37800
29/12/2023,175.86,175.86,171.68,172.04,172.04,41100
02/01/2024,170.22,171.0,163.39,165.85,165.85,68100
03/01/2024,164.93,164.93,158.01,160.48,160.48,64300
04/01/2024,161.55,164.33,159.7,162.68,162.68,53300
05/01/2024,161.18,163.08,159.19,159.37,159.37,57600
08/01/2024,159.97,163.78,159.3,162.55,162.55,55900
09/01/2024,160.19,164.47,158.03,163.46,163.46,39400
10/01/2024,163.06,175.12,163.06,175.04,175.04,82800
11/01/2024,175.51,178.77,171.88,174.68,174.68,77100
12/01/2024,174.44,176.1,166.83,167.21,167.21,42100
16/01/2024,165.27,170.95,162.58,167.63,167.63,50500
17/01/2024,164.8,167.33,161.57,162.14,162.14,92900
18/01/2024,164.35,164.91,159.89,160.7,160.7,72700
19/01/2024,161.85,161.85,153.58,159.25,159.25,88200
22/01/2024,161.16,165.03,159.81,162.93,162.93,59600
23/01/2024,164.72,164.72,152.43,155.66,155.66,59200
24/01/2024,157.08,161.92,157.08,161.01,161.01,53400
25/01/2024,161.26,164.34,158.74,164.04,164.04,50200
26/01/2024,165.74,167.01,164.44,166.73,166.73,40800
29/01/2024,167.2,174.27,165.17,172.26,172.26,61100
30/01/2024,171.79,173.78,168.59,171.99,171.99,38900
31/01/2024,171.82,174.01,168.51,168.51,168.51,60000
01/02/2024,168.93,177.99,167.51,177.59,177.59,45300
02/02/2024,175.04,176.65,171.85,175.88,175.88,33900
05/02/2024,177.14,182.67,174.62,178.69,178.69,54600
06/02/2024,176.7,176.7,171.13,171.4,171.4,37300
07/02/2024,170.22,176.82,168.8,170.66,170.66,49700
08/02/2024,170.66,173.57,168.88,172.79,172.79,44400
09/02/2024,173.0,175.34,171.11,174.72,174.72,25900
12/02/2024,174.65,177.9,173.12,176.78,176.78,47900
13/02/2024,170.5,175.51,167.71,172.63,172.63,66600
14/02/2024,175.83,185.93,173.9,185.18,185.18,61800
15/02/2024,185.58,198.94,185.58,198.0,198.0,81800
16/02/2024,197.48,200.0,190.83,193.28,193.28,51100
20/02/2024,190.67,194.59,186.21,193.81,193.81,53300
21/02/2024,192.26,210.95,189.43,210.19,210.19,98900
22/02/2024,213.38,220.82,212.61,214.09,214.09,89300
23/02/2024,213.0,213.43,205.3,210.58,210.58,116600
26/02/2024,208.0,217.1,204.89,215.62,215.62,46300
27/02/2024,215.7,216.81,201.15,205.93,205.93,63000
28/02/2024,202.79,208.32,202.2,208.26,208.26,43900
29/02/2024,212.79,213.93,206.06,208.31,208.31,73700
01/03/2024,208.93,217.86,206.57,216.8,216.8,48000
04/03/2024,217.94,221.02,212.47,215.82,215.82,41700
05/03/2024,216.0,217.24,203.05,204.29,204.29,50200
06/03/2024,209.78,209.78,204.7,207.26,207.26,54600
07/03/2024,210.36,211.32,205.5,206.48,206.48,56400
08/03/2024,208.07,210.69,199.95,199.95,199.95,80900
11/03/2024,196.94,200.88,192.01,193.37,193.37,115800
12/03/2024,193.11,196.06,193.11,195.26,195.26,43000
13/03/2024,193.84,198.11,193.26,195.57,195.57,41600
14/03/2024,193.91,195.83,189.9,192.04,192.04,39000
15/03/2024,189.59,193.44,189.59,193.4,193.4,70900
18/03/2024,192.44,195.42,188.5,193.87,193.87,89200
19/03/2024,193.7,214.57,193.7,214.39,214.39,69600
20/03/2024,215.86,228.89,214.39,225.96,225.96,89800
21/03/2024,230.43,239.54,224.27,237.41,237.41,98200
22/03/2024,241.3,244.63,233.72,244.6,244.6,97500
25/03/2024,245.0,246.52,233.89,236.09,236.09,93200
26/03/2024,238.9,241.62,235.46,240.62,240.62,114000
27/03/2024,243.51,257.29,243.11,252.15,252.15,72300
28/03/2024,252.45,255.99,249.74,252.2,252.2,144500
01/04/2024,254.78,255.5,248.25,250.83,250.83,61700
02/04/2024,246.32,250.66,244.2,247.59,247.59,73300
03/04/2024,247.13,252.93,244.08,248.24,248.24,56400
04/04/2024,250.05,255.14,245.24,250.2,250.2,82000
05/04/2024,248.9,254.67,248.9,251.35,251.35,55700
08/04/2024,254.66,255.28,250.88,253.27,253.27,40600
09/04/2024,254.19,255.57,239.81,248.85,248.85,74500
10/04/2024,241.05,245.45,235.13,236.93,236.93,47200
11/04/2024,236.92,240.56,226.84,227.86,227.86,72300
12/04/2024,225.29,230.07,220.56,228.99,228.99,35500
15/04/2024,230.16,234.19,224.4,228.74,228.74,61800
16/04/2024,229.38,230.25,226.18,227.0,227.0,70100
17/04/2024,226.14,228.78,225.25,225.63,225.63,69800
18/04/2024,222.0,228.5,216.96,217.74,217.74,39400
19/04/2024,215.24,222.59,204.59,207.92,207.92,79100
22/04/2024,211.38,215.6,207.81,213.08,213.08,64400
23/04/2024,215.14,220.09,212.83,213.33,213.33,61900
24/04/2024,214.62,216.51,210.03,214.38,214.38,46000
25/04/2024,210.01,211.71,206.59,209.65,209.65,39800
26/04/2024,208.16,214.57,208.16,213.25,213.25,40200
29/04/2024,215.16,223.8,213.91,222.59,222.59,58900
30/04/2024,219.54,222.69,205.8,205.94,205.94,77300
01/05/2024,212.67,245.26,212.67,235.84,235.84,145000
02/05/2024,245.33,256.33,239.02,255.28,255.28,100200
03/05/2024,258.68,265.94,249.48,262.14,262.14,73400
06/05/2024,264.7,268.34,251.24,256.49,256.49,69800
07/05/2024,256.35,259.56,251.71,253.04,253.04,69600
08/05/2024,251.56,253.44,247.13,251.94,251.94,59500
09/05/2024,252.34,264.83,251.5,261.42,261.42,57000
10/05/2024,261.42,266.36,260.25,260.43,260.43,39000
13/05/2024,264.3,264.89,258.9,259.21,259.21,30400
14/05/2024,262.7,265.82,258.71,262.68,262.68,49300
15/05/2024,266.99,268.15,260.9,261.69,261.69,38600
16/05/2024,261.7,264.48,260.18,261.42,261.42,31100
17/05/2024,262.41,262.41,256.94,259.75,259.75,29000
20/05/2024,258.91,262.63,256.28,258.08,258.08,30900
21/05/2024,255.5,264.24,251.18,262.58,262.58,50400
22/05/2024,257.7,262.0,250.99,252.39,252.39,49200
23/05/2024,252.39,252.39,242.24,247.03,247.03,39000
24/05/2024,248.91,257.55,248.58,256.64,256.64,44200
28/05/2024,259.79,260.06,251.26,258.56,258.56,26500
29/05/2024,253.39,263.35,253.39,263.01,263.01,37100
30/05/2024,264.99,266.95,259.51,261.2,261.2,27500
31/05/2024,263.86,265.17,251.32,260.36,260.36,43200
03/06/2024,262.97,265.0,257.91,261.03,261.03,34000
04/06/2024,260.16,260.16,250.69,251.49,251.49,35300
05/06/2024,253.7,263.98,253.7,260.92,260.92,31800
06/06/2024,259.85,260.45,250.42,251.65,251.65,30100
07/06/2024,249.19,254.6,245.56,246.98,246.98,31000
10/06/2024,242.38,251.16,242.01,250.63,250.63,43100
11/06/2024,247.28,253.18,244.81,253.1,253.1,33000
12/06/2024,255.83,262.26,253.5,256.68,256.68,53200
13/06/2024,254.92,257.52,246.48,256.0,256.0,31500
14/06/2024,252.01,255.96,250.4,251.76,251.76,30500
17/06/2024,250.24,256.55,250.0,250.92,250.92,37600
18/06/2024,249.15,256.66,247.42,253.79,253.79,45000
20/06/2024,253.78,260.23,253.78,257.21,257.21,42500
21/06/2024,256.24,264.68,254.4,262.55,262.55,160800
24/06/2024,262.82,270.72,259.99,260.62,260.62,51600
25/06/2024,260.11,262.0,257.21,259.0,259.0,29500
26/06/2024,257.17,259.81,251.62,253.34,253.34,44100
27/06/2024,255.68,257.67,249.85,257.67,257.67,37700
28/06/2024,261.33,267.62,259.74,263.87,263.87,104500
01/07/2024,267.06,290.13,267.06,289.09,289.09,123300
02/07/2024,294.43,294.43,279.4,283.66,283.66,79700
03/07/2024,285.72,290.24,283.37,290.24,290.24,19600
05/07/2024,289.76,296.76,287.67,293.48,293.48,53400
08/07/2024,294.86,302.34,294.86,298.89,298.89,67600
09/07/2024,299.07,304.95,296.87,299.93,299.93,42800
10/07/2024,303.01,303.01,297.61,301.3,301.3,51700
11/07/2024,307.96,313.61,300.28,300.67,300.67,92800
12/07/2024,304.24,308.12,297.69,305.55,305.55,95000
15/07/2024,305.55,312.33,305.55,311.7,311.7,52000
16/07/2024,313.73,321.0,303.65,319.33,319.33,56500
17/07/2024,321.98,326.71,312.51,316.82,316.82,83600
18/07/2024,316.78,330.56,316.78,324.08,324.08,114200
19/07/2024,325.94,326.81,308.17,312.8,312.8,191400
22/07/2024,314.24,321.88,314.24,321.57,321.57,99700
23/07/2024,321.82,335.61,321.82,332.5,332.5,65000
24/07/2024,329.35,333.15,315.6,315.6,315.6,60600
25/07/2024,317.05,319.22,310.57,313.69,313.69,69800
26/07/2024,316.12,322.77,315.06,322.32,322.32,43200
29/07/2024,324.22,327.26,318.08,321.93,321.93,29600
30/07/2024,324.02,324.02,311.98,316.9,316.9,52500
31/07/2024,320.74,326.95,316.92,321.59,321.59,70900
01/08/2024,325.85,330.0,317.72,325.66,325.66,57500
02/08/2024,313.22,321.21,309.67,316.28,316.28,53100
05/08/2024,296.0,302.45,289.69,299.73,299.73,50900
06/08/2024,299.32,309.56,299.32,309.13,309.13,65600
07/08/2024,314.73,315.87,298.5,299.62,299.62,38100
08/08/2024,305.03,312.81,304.19,310.14,310.14,75700
09/08/2024,308.57,312.6,307.96,309.45,309.45,32700
12/08/2024,311.14,311.43,306.21,310.08,310.08,25100
13/08/2024,310.0,311.59,304.44,309.93,309.93,43000
14/08/2024,310.0,317.87,309.66,314.22,314.22,92300
15/08/2024,321.39,326.18,313.98,321.92,321.92,75300
16/08/2024,322.0,327.8,321.87,326.12,326.12,64400
19/08/2024,325.5,328.8,324.79,327.3,327.3,50800
20/08/2024,327.11,329.36,322.88,329.0,329.0,35500
21/08/2024,330.0,331.49,324.87,325.71,325.71,70600
22/08/2024,325.71,326.64,321.03,321.96,321.96,27700
23/08/2024,324.82,337.87,324.27,336.7,336.7,50400
26/08/2024,338.24,339.83,333.96,334.61,334.61,48700
27/08/2024,333.8,339.61,332.68,337.87,337.87,27600
28/08/2024,338.3,338.3,328.88,329.02,329.02,39500
29/08/2024,330.73,338.84,330.73,334.29,334.29,29100
30/08/2024,334.91,341.23,332.72,341.23,341.23,32300
03/09/2024,336.63,340.84,327.16,327.31,327.31,48200
04/09/2024,326.56,331.82,323.58,330.23,330.23,26800
05/09/2024,330.71,330.71,325.3,326.71,326.71,39200
06/09/2024,328.46,330.0,319.35,321.24,321.24,51700
09/09/2024,323.22,326.79,317.27,324.98,324.98,41200
10/09/2024,324.48,324.48,289.49,292.22,292.22,92400
11/09/2024,290.01,300.07,289.51,297.08,297.08,50000
12/09/2024,298.48,310.2,295.73,302.8,302.8,68600
13/09/2024,304.26,319.13,304.26,317.79,317.79,39700
16/09/2024,320.05,325.32,318.12,324.26,324.26,36400
17/09/2024,326.98,334.71,326.98,330.34,330.34,53900
